03-28 22:08:28 com_github_MitjaNemec_ReplicateLayout.action_replicate_layout 409:Plugin executed on: 'linux'
03-28 22:08:28 com_github_MitjaNemec_ReplicateLayout.action_replicate_layout 410:Plugin executed with python version: '3.13.11 (main, Nov 10 2011, 15:00:00) [GCC 15.2.0]'
03-28 22:08:28 com_github_MitjaNemec_ReplicateLayout.action_replicate_layout 411:KiCad build version: 9.0.7
03-28 22:08:28 com_github_MitjaNemec_ReplicateLayout.action_replicate_layout 412:Plugin version: 4.0.3
03-28 22:08:28 com_github_MitjaNemec_ReplicateLayout.action_replicate_layout 413:Frame repr: <wx._core.Frame object at 0x7506725fd5b0>
03-28 22:08:28 com_github_MitjaNemec_ReplicateLayout.action_replicate_layout 437:Preparing replicator with U9 as a reference
03-28 22:08:28 com_github_MitjaNemec_ReplicateLayout.replicate_layout 117:getting a list of all footprints on board
03-28 22:08:28 com_github_MitjaNemec_ReplicateLayout.action_replicate_layout 485:source anchor footprint is 'U9'
Located on: ['/LT8705A/']
With filenames: ['LT8705A.kicad_sch']
With sheet_id:['/LT8705A/']
03-28 22:08:28 com_github_MitjaNemec_ReplicateLayout.action_replicate_layout 492:Corresponding footprints are 
[('U3', ['/LT8705A2/']), ('U4', ['/LT8705A3/']), ('U2', ['/LT8705A1/']), ('U9', ['/LT8705A/'])]
03-28 22:08:28 com_github_MitjaNemec_ReplicateLayout.action_replicate_layout 504:Showing dialog
03-28 22:08:28 com_github_MitjaNemec_ReplicateLayout.replicate_layout 472:constructing a list of sheets suitable for replication on level:'/LT8705A/', file:'LT8705A.kicad_sch'
03-28 22:08:28 com_github_MitjaNemec_ReplicateLayout.replicate_layout 509:suitable sheets are:[['/LT8705A1/'], ['/LT8705A2/'], ['/LT8705A3/']]
03-28 22:08:28 com_github_MitjaNemec_ReplicateLayout.replicate_layout 1512:Level selected: ['/LT8705A/']
03-28 22:08:28 com_github_MitjaNemec_ReplicateLayout.replicate_layout 1336:Filtering list of tracks
03-28 22:08:29 com_github_MitjaNemec_ReplicateLayout.action_replicate_layout 510:Toolbar position: wx.Point(1886, 128)
03-28 22:08:29 com_github_MitjaNemec_ReplicateLayout.action_replicate_layout 515:Dialog position: wx.Point(1447, 128)
03-28 22:08:30 com_github_MitjaNemec_ReplicateLayout.replicate_layout 472:constructing a list of sheets suitable for replication on level:'/LT8705A/', file:'LT8705A.kicad_sch'
03-28 22:08:30 com_github_MitjaNemec_ReplicateLayout.replicate_layout 509:suitable sheets are:[['/LT8705A1/'], ['/LT8705A2/'], ['/LT8705A3/']]
03-28 22:08:30 com_github_MitjaNemec_ReplicateLayout.replicate_layout 1512:Level selected: ['/LT8705A/']
03-28 22:08:31 com_github_MitjaNemec_ReplicateLayout.replicate_layout 472:constructing a list of sheets suitable for replication on level:'/LT8705A/', file:'LT8705A.kicad_sch'
03-28 22:08:31 com_github_MitjaNemec_ReplicateLayout.replicate_layout 509:suitable sheets are:[['/LT8705A1/'], ['/LT8705A2/'], ['/LT8705A3/']]
03-28 22:08:31 com_github_MitjaNemec_ReplicateLayout.replicate_layout 1512:Level selected: ['/LT8705A/']
03-28 22:08:31 com_github_MitjaNemec_ReplicateLayout.replicate_layout 472:constructing a list of sheets suitable for replication on level:'/LT8705A/', file:'LT8705A.kicad_sch'
03-28 22:08:31 com_github_MitjaNemec_ReplicateLayout.replicate_layout 509:suitable sheets are:[['/LT8705A1/'], ['/LT8705A2/'], ['/LT8705A3/']]
03-28 22:08:32 com_github_MitjaNemec_ReplicateLayout.replicate_layout 1512:Level selected: ['/LT8705A/']
03-28 22:08:35 com_github_MitjaNemec_ReplicateLayout.replicate_layout 472:constructing a list of sheets suitable for replication on level:'/LT8705A/', file:'LT8705A.kicad_sch'
03-28 22:08:35 com_github_MitjaNemec_ReplicateLayout.replicate_layout 509:suitable sheets are:[['/LT8705A1/'], ['/LT8705A2/'], ['/LT8705A3/']]
03-28 22:08:35 com_github_MitjaNemec_ReplicateLayout.replicate_layout 1512:Level selected: ['/LT8705A/']
03-28 22:08:36 com_github_MitjaNemec_ReplicateLayout.replicate_layout 472:constructing a list of sheets suitable for replication on level:'/LT8705A/', file:'LT8705A.kicad_sch'
03-28 22:08:36 com_github_MitjaNemec_ReplicateLayout.replicate_layout 509:suitable sheets are:[['/LT8705A1/'], ['/LT8705A2/'], ['/LT8705A3/']]
03-28 22:08:37 com_github_MitjaNemec_ReplicateLayout.replicate_layout 1512:Level selected: ['/LT8705A/']
03-28 22:08:37 com_github_MitjaNemec_ReplicateLayout.replicate_layout 472:constructing a list of sheets suitable for replication on level:'/LT8705A/', file:'LT8705A.kicad_sch'
03-28 22:08:37 com_github_MitjaNemec_ReplicateLayout.replicate_layout 509:suitable sheets are:[['/LT8705A1/'], ['/LT8705A2/'], ['/LT8705A3/']]
03-28 22:08:37 com_github_MitjaNemec_ReplicateLayout.action_replicate_layout 248:Replicating layout
03-28 22:08:37 com_github_MitjaNemec_ReplicateLayout.replicate_layout 288:Starting replication of sheets: [['/LT8705A1/'], ['/LT8705A2/'], ['/LT8705A3/']]
on level: ['/LT8705A/']
with tracks=False, zone=True, text=False, text=False, intersecting=False, remove=False, locked footprints=False, group_only=False
03-28 22:08:37 root 340:updating GUI message: 'Preparing for replication'
03-28 22:08:38 com_github_MitjaNemec_ReplicateLayout.replicate_layout 358:Getting the list of source footprints
03-28 22:08:38 root 345:updating GUI with: 0
03-28 22:08:38 com_github_MitjaNemec_ReplicateLayout.replicate_layout 368:Getting the list of all the remaining footprints
03-28 22:08:38 com_github_MitjaNemec_ReplicateLayout.replicate_layout 375:Getting source tracks
03-28 22:08:38 com_github_MitjaNemec_ReplicateLayout.replicate_layout 1336:Filtering list of tracks
03-28 22:08:38 com_github_MitjaNemec_ReplicateLayout.replicate_layout 379:Getting source zones
03-28 22:08:38 com_github_MitjaNemec_ReplicateLayout.replicate_layout 383:Getting source text items
03-28 22:08:38 com_github_MitjaNemec_ReplicateLayout.replicate_layout 387:Getting source drawing items
03-28 22:08:38 root 340:updating GUI message: 'Replicating footprints'
03-28 22:08:38 com_github_MitjaNemec_ReplicateLayout.replicate_layout 863:Replicating footprints
03-28 22:08:38 root 345:updating GUI with: 0
03-28 22:08:38 com_github_MitjaNemec_ReplicateLayout.replicate_layout 870:Replicating footprints on sheet ['/LT8705A1/']
03-28 22:08:38 com_github_MitjaNemec_ReplicateLayout.replicate_layout 835:Src fp.id: '5291D630-94D4-4766-B07F-1CB92DB99E1A'
03-28 22:08:38 com_github_MitjaNemec_ReplicateLayout.replicate_layout 839:Dst fp.id: '5291D630-94D4-4766-B07F-1CB92DB99E1A'
03-28 22:08:38 com_github_MitjaNemec_ReplicateLayout.replicate_layout 888:Replicating footprint: 'Q3'
03-28 22:08:38 root 345:updating GUI with: 0
03-28 22:08:38 com_github_MitjaNemec_ReplicateLayout.replicate_layout 835:Src fp.id: 'E079E65F-CAA3-4E79-B916-81AC5729F0BB'
03-28 22:08:38 com_github_MitjaNemec_ReplicateLayout.replicate_layout 839:Dst fp.id: 'E079E65F-CAA3-4E79-B916-81AC5729F0BB'
03-28 22:08:38 com_github_MitjaNemec_ReplicateLayout.replicate_layout 895:found match in dst footprint: 'Q7'
03-28 22:08:38 com_github_MitjaNemec_ReplicateLayout.replicate_layout 990:Src text UUid:3eafd7bf-f9d6-4152-bdfe-93a97829f351
03-28 22:08:38 com_github_MitjaNemec_ReplicateLayout.replicate_layout 991:Dst text UUid:6e198195-4bef-4685-99b5-cee450af9130
03-28 22:08:38 com_github_MitjaNemec_ReplicateLayout.replicate_layout 990:Src text UUid:453a459c-5e6b-4449-99c4-c987e127aec7
03-28 22:08:38 com_github_MitjaNemec_ReplicateLayout.replicate_layout 991:Dst text UUid:ef449bc6-a195-428e-9000-b863870d2ada
03-28 22:08:38 com_github_MitjaNemec_ReplicateLayout.replicate_layout 888:Replicating footprint: 'C7'
03-28 22:08:38 com_github_MitjaNemec_ReplicateLayout.replicate_layout 835:Src fp.id: '4DE2A7C0-9369-4E27-9736-6FC2745CF849'
03-28 22:08:38 com_github_MitjaNemec_ReplicateLayout.replicate_layout 839:Dst fp.id: '4DE2A7C0-9369-4E27-9736-6FC2745CF849'
03-28 22:08:38 com_github_MitjaNemec_ReplicateLayout.replicate_layout 895:found match in dst footprint: 'C18'
03-28 22:08:38 com_github_MitjaNemec_ReplicateLayout.replicate_layout 990:Src text UUid:6713c5ac-f6b4-4c13-8b90-269246ceb2b3
03-28 22:08:38 com_github_MitjaNemec_ReplicateLayout.replicate_layout 991:Dst text UUid:b6148a08-f5cb-49c4-9ce7-5d243afb0371
03-28 22:08:38 com_github_MitjaNemec_ReplicateLayout.replicate_layout 990:Src text UUid:dd36c53e-6b27-4f99-99e3-3b2ba314fb0d
03-28 22:08:38 com_github_MitjaNemec_ReplicateLayout.replicate_layout 991:Dst text UUid:940ad8ed-9d54-4ef0-b0a9-343ef6b937eb
03-28 22:08:38 com_github_MitjaNemec_ReplicateLayout.replicate_layout 888:Replicating footprint: 'Q6'
03-28 22:08:38 com_github_MitjaNemec_ReplicateLayout.replicate_layout 835:Src fp.id: '6A15804F-B935-4B14-8179-2BD494B5909F'
03-28 22:08:38 com_github_MitjaNemec_ReplicateLayout.replicate_layout 839:Dst fp.id: '6A15804F-B935-4B14-8179-2BD494B5909F'
03-28 22:08:38 com_github_MitjaNemec_ReplicateLayout.replicate_layout 895:found match in dst footprint: 'Q10'
03-28 22:08:38 com_github_MitjaNemec_ReplicateLayout.replicate_layout 990:Src text UUid:20f3c36e-ede7-456b-b5a0-3959efd676e9
03-28 22:08:38 com_github_MitjaNemec_ReplicateLayout.replicate_layout 991:Dst text UUid:eea8cb87-176a-4f80-a37c-6241f77a2df0
03-28 22:08:38 com_github_MitjaNemec_ReplicateLayout.replicate_layout 990:Src text UUid:ffec2acc-347e-49b7-99a5-a76262550d9f
03-28 22:08:38 com_github_MitjaNemec_ReplicateLayout.replicate_layout 991:Dst text UUid:6fe1c15f-aac4-4251-9a6d-534eba8a8d11
03-28 22:08:38 com_github_MitjaNemec_ReplicateLayout.replicate_layout 888:Replicating footprint: 'C40'
03-28 22:08:38 com_github_MitjaNemec_ReplicateLayout.replicate_layout 835:Src fp.id: 'F35DA7CF-3275-4948-BF95-413ABBEC2E2A'
03-28 22:08:38 com_github_MitjaNemec_ReplicateLayout.replicate_layout 839:Dst fp.id: 'F35DA7CF-3275-4948-BF95-413ABBEC2E2A'
03-28 22:08:38 com_github_MitjaNemec_ReplicateLayout.replicate_layout 895:found match in dst footprint: 'C20'
03-28 22:08:38 com_github_MitjaNemec_ReplicateLayout.replicate_layout 990:Src text UUid:b76c3352-b399-4c3e-91c0-bf018e455831
03-28 22:08:38 com_github_MitjaNemec_ReplicateLayout.replicate_layout 991:Dst text UUid:58a9f824-b6f2-4a4b-976b-dbc79859f8f9
03-28 22:08:38 com_github_MitjaNemec_ReplicateLayout.replicate_layout 990:Src text UUid:bbdbaa53-b3b7-4c13-bf97-5a55bee8a4c4
03-28 22:08:38 com_github_MitjaNemec_ReplicateLayout.replicate_layout 991:Dst text UUid:b840f74c-4028-43bf-a2ff-36dc51073fff
03-28 22:08:38 com_github_MitjaNemec_ReplicateLayout.replicate_layout 888:Replicating footprint: 'C42'
03-28 22:08:38 com_github_MitjaNemec_ReplicateLayout.replicate_layout 835:Src fp.id: '8A84A0D6-1819-4D17-9A19-7BFBAD5379FB'
03-28 22:08:38 com_github_MitjaNemec_ReplicateLayout.replicate_layout 839:Dst fp.id: '8A84A0D6-1819-4D17-9A19-7BFBAD5379FB'
03-28 22:08:38 com_github_MitjaNemec_ReplicateLayout.replicate_layout 895:found match in dst footprint: 'C22'
03-28 22:08:38 com_github_MitjaNemec_ReplicateLayout.replicate_layout 990:Src text UUid:a53d5d72-dd97-4650-9fa3-70604ed047df
03-28 22:08:38 com_github_MitjaNemec_ReplicateLayout.replicate_layout 991:Dst text UUid:3ef72657-afd8-4b86-890d-953a9676ead5
03-28 22:08:38 com_github_MitjaNemec_ReplicateLayout.replicate_layout 990:Src text UUid:d23cfc56-92f4-4b16-812e-df18aee1e2f8
03-28 22:08:38 com_github_MitjaNemec_ReplicateLayout.replicate_layout 991:Dst text UUid:6bb22146-b386-4d76-a878-c6fa9c7385a1
03-28 22:08:38 com_github_MitjaNemec_ReplicateLayout.replicate_layout 888:Replicating footprint: 'Q4'
03-28 22:08:38 com_github_MitjaNemec_ReplicateLayout.replicate_layout 835:Src fp.id: 'B838BC60-A2B2-4C59-80E0-9956D960B453'
03-28 22:08:38 com_github_MitjaNemec_ReplicateLayout.replicate_layout 839:Dst fp.id: 'B838BC60-A2B2-4C59-80E0-9956D960B453'
03-28 22:08:38 com_github_MitjaNemec_ReplicateLayout.replicate_layout 895:found match in dst footprint: 'Q9'
03-28 22:08:38 com_github_MitjaNemec_ReplicateLayout.replicate_layout 990:Src text UUid:d772ebea-47a3-4cf1-986b-d84c90430bb6
03-28 22:08:38 com_github_MitjaNemec_ReplicateLayout.replicate_layout 991:Dst text UUid:60b569a8-031f-4d5e-b56e-e50dc6bc6ce5
03-28 22:08:38 com_github_MitjaNemec_ReplicateLayout.replicate_layout 990:Src text UUid:36dd2181-d4c5-4246-b8ff-3bb9b738e042
03-28 22:08:38 com_github_MitjaNemec_ReplicateLayout.replicate_layout 991:Dst text UUid:de8cdad3-8f58-4649-af36-996d6cf6d064
03-28 22:08:38 com_github_MitjaNemec_ReplicateLayout.replicate_layout 888:Replicating footprint: 'C41'
03-28 22:08:38 com_github_MitjaNemec_ReplicateLayout.replicate_layout 835:Src fp.id: '4C0C7D78-A80E-44E3-ABE8-F22D88919E71'
03-28 22:08:38 com_github_MitjaNemec_ReplicateLayout.replicate_layout 839:Dst fp.id: '4C0C7D78-A80E-44E3-ABE8-F22D88919E71'
03-28 22:08:38 com_github_MitjaNemec_ReplicateLayout.replicate_layout 895:found match in dst footprint: 'C21'
03-28 22:08:38 com_github_MitjaNemec_ReplicateLayout.replicate_layout 990:Src text UUid:e86dfbff-8591-44ec-86e9-5e148ab33218
03-28 22:08:38 com_github_MitjaNemec_ReplicateLayout.replicate_layout 991:Dst text UUid:0314ce7c-60df-4f2c-9dbd-9e479bcf3cac
03-28 22:08:38 com_github_MitjaNemec_ReplicateLayout.replicate_layout 990:Src text UUid:567837d5-d2ff-4f33-885f-10c9e4ff52c4
03-28 22:08:38 com_github_MitjaNemec_ReplicateLayout.replicate_layout 991:Dst text UUid:ce39bc07-838e-49f1-a563-0274cee20908
03-28 22:08:38 com_github_MitjaNemec_ReplicateLayout.replicate_layout 888:Replicating footprint: 'Q5'
03-28 22:08:38 com_github_MitjaNemec_ReplicateLayout.replicate_layout 835:Src fp.id: '60DBFC31-0B19-41B1-8500-0FBD10A9AE1A'
03-28 22:08:38 com_github_MitjaNemec_ReplicateLayout.replicate_layout 839:Dst fp.id: '60DBFC31-0B19-41B1-8500-0FBD10A9AE1A'
03-28 22:08:38 com_github_MitjaNemec_ReplicateLayout.replicate_layout 895:found match in dst footprint: 'Q8'
03-28 22:08:38 com_github_MitjaNemec_ReplicateLayout.replicate_layout 990:Src text UUid:08b480b6-5930-4dbe-862d-601dd6c18c6c
03-28 22:08:38 com_github_MitjaNemec_ReplicateLayout.replicate_layout 991:Dst text UUid:9e66affa-a9a2-465e-a11c-2cd4a72cf948
03-28 22:08:38 com_github_MitjaNemec_ReplicateLayout.replicate_layout 990:Src text UUid:debaf8ce-3346-4d05-8314-f8749154131c
03-28 22:08:38 com_github_MitjaNemec_ReplicateLayout.replicate_layout 991:Dst text UUid:51f1828b-b215-4617-996e-a6a0a06e2382
03-28 22:08:38 com_github_MitjaNemec_ReplicateLayout.replicate_layout 888:Replicating footprint: 'Rsense2'
03-28 22:08:38 com_github_MitjaNemec_ReplicateLayout.replicate_layout 835:Src fp.id: 'BB223C3A-F72C-4CE9-B96E-9907F1042C0F'
03-28 22:08:38 com_github_MitjaNemec_ReplicateLayout.replicate_layout 839:Dst fp.id: 'BB223C3A-F72C-4CE9-B96E-9907F1042C0F'
03-28 22:08:38 com_github_MitjaNemec_ReplicateLayout.replicate_layout 895:found match in dst footprint: 'Rsense3'
03-28 22:08:38 com_github_MitjaNemec_ReplicateLayout.replicate_layout 990:Src text UUid:e2ce7829-cd0d-4f64-ba55-df33499640f7
03-28 22:08:38 com_github_MitjaNemec_ReplicateLayout.replicate_layout 991:Dst text UUid:08671e77-7422-4474-a03d-5fea0a2f02b0
03-28 22:08:38 com_github_MitjaNemec_ReplicateLayout.replicate_layout 990:Src text UUid:2366f11b-0834-46ac-9705-ab0ee84dcff3
03-28 22:08:38 com_github_MitjaNemec_ReplicateLayout.replicate_layout 991:Dst text UUid:921d39a3-3933-453a-9667-525e0853ada7
03-28 22:08:38 com_github_MitjaNemec_ReplicateLayout.replicate_layout 888:Replicating footprint: 'Rfreq1'
03-28 22:08:38 com_github_MitjaNemec_ReplicateLayout.replicate_layout 835:Src fp.id: '8687F9EB-6AB2-4190-84BD-0322BCD42285'
03-28 22:08:38 com_github_MitjaNemec_ReplicateLayout.replicate_layout 839:Dst fp.id: '8687F9EB-6AB2-4190-84BD-0322BCD42285'
03-28 22:08:38 com_github_MitjaNemec_ReplicateLayout.replicate_layout 895:found match in dst footprint: 'Rfreq3'
03-28 22:08:38 com_github_MitjaNemec_ReplicateLayout.replicate_layout 990:Src text UUid:890f4397-ac3a-492a-81ed-769a416415a1
03-28 22:08:38 com_github_MitjaNemec_ReplicateLayout.replicate_layout 991:Dst text UUid:b867a99d-6bbc-48ea-a454-1ba4121d3380
03-28 22:08:38 com_github_MitjaNemec_ReplicateLayout.replicate_layout 990:Src text UUid:8f624337-8dc7-426d-9fc2-f1d5a516b702
03-28 22:08:38 com_github_MitjaNemec_ReplicateLayout.replicate_layout 991:Dst text UUid:7c4f0cf0-d369-4dfa-8967-fc38511189ba
03-28 22:08:38 com_github_MitjaNemec_ReplicateLayout.replicate_layout 888:Replicating footprint: 'C46'
03-28 22:08:38 com_github_MitjaNemec_ReplicateLayout.replicate_layout 835:Src fp.id: '8CEB302C-B966-4B5B-AA54-CB2255832745'
03-28 22:08:38 com_github_MitjaNemec_ReplicateLayout.replicate_layout 839:Dst fp.id: '8CEB302C-B966-4B5B-AA54-CB2255832745'
03-28 22:08:38 com_github_MitjaNemec_ReplicateLayout.replicate_layout 895:found match in dst footprint: 'C10'
03-28 22:08:38 com_github_MitjaNemec_ReplicateLayout.replicate_layout 990:Src text UUid:8a0e111b-7c11-49a4-9181-2bc373987e65
03-28 22:08:38 com_github_MitjaNemec_ReplicateLayout.replicate_layout 991:Dst text UUid:fd54b035-7f78-4246-aae9-57a56a911b4f
03-28 22:08:38 com_github_MitjaNemec_ReplicateLayout.replicate_layout 990:Src text UUid:a419f1b0-abc9-4b22-b249-288f2899c7db
03-28 22:08:38 com_github_MitjaNemec_ReplicateLayout.replicate_layout 991:Dst text UUid:c6d4cedf-64f8-415c-a89a-bd0822720b3f
03-28 22:08:38 com_github_MitjaNemec_ReplicateLayout.replicate_layout 888:Replicating footprint: 'CfbBot1'
03-28 22:08:38 com_github_MitjaNemec_ReplicateLayout.replicate_layout 835:Src fp.id: '5D592C8B-9851-403D-897A-92B2C4CA6D56'
03-28 22:08:38 com_github_MitjaNemec_ReplicateLayout.replicate_layout 839:Dst fp.id: '5D592C8B-9851-403D-897A-92B2C4CA6D56'
03-28 22:08:38 com_github_MitjaNemec_ReplicateLayout.replicate_layout 895:found match in dst footprint: 'CfbBot2'
03-28 22:08:38 com_github_MitjaNemec_ReplicateLayout.replicate_layout 990:Src text UUid:16bb5a36-2ee8-4440-99c8-d7ad22b2eb35
03-28 22:08:38 com_github_MitjaNemec_ReplicateLayout.replicate_layout 991:Dst text UUid:f2f42553-d4c7-480a-b8d2-20137bd0d6dd
03-28 22:08:38 com_github_MitjaNemec_ReplicateLayout.replicate_layout 990:Src text UUid:e4e6c730-5c10-4a4b-be47-bb0fd23b2f04
03-28 22:08:38 com_github_MitjaNemec_ReplicateLayout.replicate_layout 991:Dst text UUid:30e02476-c0e4-4904-9823-e58f97652144
03-28 22:08:38 com_github_MitjaNemec_ReplicateLayout.replicate_layout 888:Replicating footprint: 'Cth1'
03-28 22:08:38 com_github_MitjaNemec_ReplicateLayout.replicate_layout 835:Src fp.id: 'D5D6A283-BC01-424C-BA62-3944320CE965'
03-28 22:08:38 com_github_MitjaNemec_ReplicateLayout.replicate_layout 839:Dst fp.id: 'D5D6A283-BC01-424C-BA62-3944320CE965'
03-28 22:08:38 com_github_MitjaNemec_ReplicateLayout.replicate_layout 895:found match in dst footprint: 'Cth2'
03-28 22:08:38 com_github_MitjaNemec_ReplicateLayout.replicate_layout 990:Src text UUid:86065d26-19b5-4621-a70a-ad1e1baf4927
03-28 22:08:38 com_github_MitjaNemec_ReplicateLayout.replicate_layout 991:Dst text UUid:66399ed5-c7e9-43f4-a644-7a979db1dbdb
03-28 22:08:38 com_github_MitjaNemec_ReplicateLayout.replicate_layout 990:Src text UUid:640e5775-7cc7-4211-956a-6e87a4062ae1
03-28 22:08:38 com_github_MitjaNemec_ReplicateLayout.replicate_layout 991:Dst text UUid:e878559d-2c7f-4ee0-9d72-d590eb08ae8b
03-28 22:08:38 com_github_MitjaNemec_ReplicateLayout.replicate_layout 888:Replicating footprint: 'Rfreq2'
03-28 22:08:38 com_github_MitjaNemec_ReplicateLayout.replicate_layout 835:Src fp.id: 'EDD7234F-4D44-4637-9C08-BA42B213F894'
03-28 22:08:38 com_github_MitjaNemec_ReplicateLayout.replicate_layout 839:Dst fp.id: 'EDD7234F-4D44-4637-9C08-BA42B213F894'
03-28 22:08:38 com_github_MitjaNemec_ReplicateLayout.replicate_layout 895:found match in dst footprint: 'Rfreq4'
03-28 22:08:38 com_github_MitjaNemec_ReplicateLayout.replicate_layout 990:Src text UUid:f10c8aec-62da-49b2-a2b7-8e696f7ee627
03-28 22:08:38 com_github_MitjaNemec_ReplicateLayout.replicate_layout 991:Dst text UUid:55590217-6c2b-437f-ad04-8d27d92a9232
03-28 22:08:38 com_github_MitjaNemec_ReplicateLayout.replicate_layout 990:Src text UUid:dc851e3a-7c00-4b8c-8811-2ebbf3f16c35
03-28 22:08:38 com_github_MitjaNemec_ReplicateLayout.replicate_layout 991:Dst text UUid:5a2d64ba-f430-4815-adb1-7ba7e59b5a70
03-28 22:08:38 com_github_MitjaNemec_ReplicateLayout.replicate_layout 888:Replicating footprint: 'R42'
03-28 22:08:38 com_github_MitjaNemec_ReplicateLayout.replicate_layout 835:Src fp.id: '06B2E185-EAC9-415E-89C9-CF27627C5584'
03-28 22:08:38 com_github_MitjaNemec_ReplicateLayout.replicate_layout 839:Dst fp.id: '06B2E185-EAC9-415E-89C9-CF27627C5584'
03-28 22:08:38 com_github_MitjaNemec_ReplicateLayout.replicate_layout 895:found match in dst footprint: 'R3'
03-28 22:08:38 com_github_MitjaNemec_ReplicateLayout.replicate_layout 990:Src text UUid:990e27b4-d032-49c9-aa8c-5472d8b83c74
03-28 22:08:38 com_github_MitjaNemec_ReplicateLayout.replicate_layout 991:Dst text UUid:79d3bc88-8556-4f97-9119-67b24d0a4072
03-28 22:08:38 com_github_MitjaNemec_ReplicateLayout.replicate_layout 990:Src text UUid:bcc6a110-7639-4239-a2dd-651ce6de0dd4
03-28 22:08:38 com_github_MitjaNemec_ReplicateLayout.replicate_layout 991:Dst text UUid:88aad17c-5e07-493e-828c-0189265220ad
03-28 22:08:38 com_github_MitjaNemec_ReplicateLayout.replicate_layout 888:Replicating footprint: 'R46'
03-28 22:08:38 com_github_MitjaNemec_ReplicateLayout.replicate_layout 835:Src fp.id: '87B87B27-7E64-4C80-BFD2-77964EEDD10D'
03-28 22:08:38 com_github_MitjaNemec_ReplicateLayout.replicate_layout 839:Dst fp.id: '87B87B27-7E64-4C80-BFD2-77964EEDD10D'
03-28 22:08:38 com_github_MitjaNemec_ReplicateLayout.replicate_layout 895:found match in dst footprint: 'R6'
03-28 22:08:38 com_github_MitjaNemec_ReplicateLayout.replicate_layout 990:Src text UUid:206fb398-f47b-4ca5-b30f-621d5c2f1dbc
03-28 22:08:38 com_github_MitjaNemec_ReplicateLayout.replicate_layout 991:Dst text UUid:36db3304-68b6-4457-8eab-744f7e189933
03-28 22:08:38 com_github_MitjaNemec_ReplicateLayout.replicate_layout 990:Src text UUid:cdff20ef-03a9-470f-a3c6-f44c41d313d2
03-28 22:08:38 com_github_MitjaNemec_ReplicateLayout.replicate_layout 991:Dst text UUid:d6e9fef8-7e81-4257-ab16-4839705d3d3c
03-28 22:08:38 com_github_MitjaNemec_ReplicateLayout.replicate_layout 888:Replicating footprint: 'C51'
03-28 22:08:38 com_github_MitjaNemec_ReplicateLayout.replicate_layout 835:Src fp.id: '70F0EF61-5A68-46D6-BE07-027664BF264D'
03-28 22:08:38 com_github_MitjaNemec_ReplicateLayout.replicate_layout 839:Dst fp.id: '70F0EF61-5A68-46D6-BE07-027664BF264D'
03-28 22:08:38 com_github_MitjaNemec_ReplicateLayout.replicate_layout 895:found match in dst footprint: 'C17'
03-28 22:08:38 com_github_MitjaNemec_ReplicateLayout.replicate_layout 990:Src text UUid:c5e673ea-4bcc-4372-b642-832dd42c6483
03-28 22:08:38 com_github_MitjaNemec_ReplicateLayout.replicate_layout 991:Dst text UUid:d1b49fc2-c501-413d-8041-dece1fce4461
03-28 22:08:38 com_github_MitjaNemec_ReplicateLayout.replicate_layout 990:Src text UUid:27deb0cf-9b2d-45b8-a577-30f47fac9b5b
03-28 22:08:38 com_github_MitjaNemec_ReplicateLayout.replicate_layout 991:Dst text UUid:96f7c6f4-0cdb-4ef0-b350-3ff7ed53819a
03-28 22:08:38 com_github_MitjaNemec_ReplicateLayout.replicate_layout 888:Replicating footprint: 'CfbTop1'
03-28 22:08:38 com_github_MitjaNemec_ReplicateLayout.replicate_layout 835:Src fp.id: 'DA68D759-AD98-4125-87AC-AC784686989C'
03-28 22:08:38 com_github_MitjaNemec_ReplicateLayout.replicate_layout 839:Dst fp.id: 'DA68D759-AD98-4125-87AC-AC784686989C'
03-28 22:08:38 com_github_MitjaNemec_ReplicateLayout.replicate_layout 895:found match in dst footprint: 'CfbTop2'
03-28 22:08:38 com_github_MitjaNemec_ReplicateLayout.replicate_layout 990:Src text UUid:a4a623c9-2c98-4953-84f9-939bf1205244
03-28 22:08:38 com_github_MitjaNemec_ReplicateLayout.replicate_layout 991:Dst text UUid:e1aed985-768a-4498-8ae8-e72d276e8f6c
03-28 22:08:38 com_github_MitjaNemec_ReplicateLayout.replicate_layout 990:Src text UUid:0f63a67c-cb27-49ec-a8e0-091bac3a8769
03-28 22:08:38 com_github_MitjaNemec_ReplicateLayout.replicate_layout 991:Dst text UUid:62f5f109-1203-421a-ac0d-394e8e6774e6
03-28 22:08:38 com_github_MitjaNemec_ReplicateLayout.replicate_layout 888:Replicating footprint: 'RfbBot1'
03-28 22:08:38 com_github_MitjaNemec_ReplicateLayout.replicate_layout 835:Src fp.id: '6ECE8C2D-08D7-44AB-9325-8BD30E97617A'
03-28 22:08:38 com_github_MitjaNemec_ReplicateLayout.replicate_layout 839:Dst fp.id: '6ECE8C2D-08D7-44AB-9325-8BD30E97617A'
03-28 22:08:38 com_github_MitjaNemec_ReplicateLayout.replicate_layout 895:found match in dst footprint: 'RfbBot2'
03-28 22:08:38 com_github_MitjaNemec_ReplicateLayout.replicate_layout 990:Src text UUid:c02578b8-179e-4a2a-bc34-524b65a5c398
03-28 22:08:38 com_github_MitjaNemec_ReplicateLayout.replicate_layout 991:Dst text UUid:2795b9b1-bb5d-4470-828e-b06a31ed2075
03-28 22:08:38 com_github_MitjaNemec_ReplicateLayout.replicate_layout 990:Src text UUid:c46d38c9-4b36-47f2-9b71-b19346873a14
03-28 22:08:38 com_github_MitjaNemec_ReplicateLayout.replicate_layout 991:Dst text UUid:85bc1b87-8cac-471f-b654-315391c6a772
03-28 22:08:38 com_github_MitjaNemec_ReplicateLayout.replicate_layout 888:Replicating footprint: 'C53'
03-28 22:08:38 com_github_MitjaNemec_ReplicateLayout.replicate_layout 835:Src fp.id: '7C19FFC2-4DF5-44C3-94F3-81E02BEE2CA6'
03-28 22:08:38 com_github_MitjaNemec_ReplicateLayout.replicate_layout 839:Dst fp.id: '7C19FFC2-4DF5-44C3-94F3-81E02BEE2CA6'
03-28 22:08:38 com_github_MitjaNemec_ReplicateLayout.replicate_layout 895:found match in dst footprint: 'C6'
03-28 22:08:38 com_github_MitjaNemec_ReplicateLayout.replicate_layout 990:Src text UUid:f48c6812-e2a5-47e8-a342-d06ebab75b86
03-28 22:08:38 com_github_MitjaNemec_ReplicateLayout.replicate_layout 991:Dst text UUid:68cbd1a4-0581-4ac7-988b-f9afd3ac07d6
03-28 22:08:38 com_github_MitjaNemec_ReplicateLayout.replicate_layout 990:Src text UUid:e2afe161-e5a8-40cb-8201-b255ce299955
03-28 22:08:38 com_github_MitjaNemec_ReplicateLayout.replicate_layout 991:Dst text UUid:28fd8ecf-9550-45ee-9449-ff434c484325
03-28 22:08:38 com_github_MitjaNemec_ReplicateLayout.replicate_layout 888:Replicating footprint: 'L5'
03-28 22:08:38 com_github_MitjaNemec_ReplicateLayout.replicate_layout 835:Src fp.id: 'DF00CB71-CFC6-4C1E-AC53-2964C0DB2851'
03-28 22:08:38 com_github_MitjaNemec_ReplicateLayout.replicate_layout 839:Dst fp.id: 'DF00CB71-CFC6-4C1E-AC53-2964C0DB2851'
03-28 22:08:38 com_github_MitjaNemec_ReplicateLayout.replicate_layout 895:found match in dst footprint: 'L1'
03-28 22:08:38 com_github_MitjaNemec_ReplicateLayout.replicate_layout 990:Src text UUid:7adde784-2433-4c58-bbd9-fc1ce19e10d2
03-28 22:08:38 com_github_MitjaNemec_ReplicateLayout.replicate_layout 991:Dst text UUid:00b19086-3a50-44c1-ba93-fd5783dfdc6c
03-28 22:08:38 com_github_MitjaNemec_ReplicateLayout.replicate_layout 990:Src text UUid:1cbb4991-5a75-42f7-8cd7-f45be546595b
03-28 22:08:38 com_github_MitjaNemec_ReplicateLayout.replicate_layout 991:Dst text UUid:4857d25e-2258-49f3-a500-c3639ded6128
03-28 22:08:38 com_github_MitjaNemec_ReplicateLayout.replicate_layout 888:Replicating footprint: 'RfbTop1'
03-28 22:08:38 com_github_MitjaNemec_ReplicateLayout.replicate_layout 835:Src fp.id: 'EBD8B375-BDE6-4F72-8BAB-625EC3F87849'
03-28 22:08:38 com_github_MitjaNemec_ReplicateLayout.replicate_layout 839:Dst fp.id: 'EBD8B375-BDE6-4F72-8BAB-625EC3F87849'
03-28 22:08:38 com_github_MitjaNemec_ReplicateLayout.replicate_layout 895:found match in dst footprint: 'RfbTop2'
03-28 22:08:38 com_github_MitjaNemec_ReplicateLayout.replicate_layout 990:Src text UUid:ba761268-0a43-4758-a19e-9967eedf4410
03-28 22:08:38 com_github_MitjaNemec_ReplicateLayout.replicate_layout 991:Dst text UUid:1a9da79e-d022-47cb-b298-8f1dbd0f9518
03-28 22:08:38 com_github_MitjaNemec_ReplicateLayout.replicate_layout 990:Src text UUid:d21aa9be-50e0-48e5-af53-4442881ce2fe
03-28 22:08:38 com_github_MitjaNemec_ReplicateLayout.replicate_layout 991:Dst text UUid:1466d512-b1e7-43d1-a4a7-0c5e7848f89e
03-28 22:08:38 com_github_MitjaNemec_ReplicateLayout.replicate_layout 888:Replicating footprint: 'C45'
03-28 22:08:38 com_github_MitjaNemec_ReplicateLayout.replicate_layout 835:Src fp.id: '729CAF2D-909A-4877-8D76-025AAC8E9CC6'
03-28 22:08:38 com_github_MitjaNemec_ReplicateLayout.replicate_layout 839:Dst fp.id: '729CAF2D-909A-4877-8D76-025AAC8E9CC6'
03-28 22:08:38 com_github_MitjaNemec_ReplicateLayout.replicate_layout 895:found match in dst footprint: 'C9'
03-28 22:08:38 com_github_MitjaNemec_ReplicateLayout.replicate_layout 990:Src text UUid:ebbb204b-0cf8-40a6-a8f5-5804c6763149
03-28 22:08:38 com_github_MitjaNemec_ReplicateLayout.replicate_layout 991:Dst text UUid:5fa37116-58fc-4e86-8d1c-e4cdc1fd600b
03-28 22:08:38 com_github_MitjaNemec_ReplicateLayout.replicate_layout 990:Src text UUid:9d80efe4-fc96-4399-9ba6-cf35f853c5cc
03-28 22:08:38 com_github_MitjaNemec_ReplicateLayout.replicate_layout 991:Dst text UUid:dc2c5521-8867-4ca6-afbb-7095fd101be5
03-28 22:08:38 com_github_MitjaNemec_ReplicateLayout.replicate_layout 888:Replicating footprint: 'R44'
03-28 22:08:38 com_github_MitjaNemec_ReplicateLayout.replicate_layout 835:Src fp.id: 'FFEC7E6B-5589-4ED1-ACF0-79C9AE45C64D'
03-28 22:08:38 com_github_MitjaNemec_ReplicateLayout.replicate_layout 839:Dst fp.id: 'FFEC7E6B-5589-4ED1-ACF0-79C9AE45C64D'
03-28 22:08:38 com_github_MitjaNemec_ReplicateLayout.replicate_layout 895:found match in dst footprint: 'R1'
03-28 22:08:38 com_github_MitjaNemec_ReplicateLayout.replicate_layout 990:Src text UUid:6aa4a8d8-ce27-48fa-8366-9e2ef76ed1ed
03-28 22:08:38 com_github_MitjaNemec_ReplicateLayout.replicate_layout 991:Dst text UUid:aa5a8127-9be9-4879-9689-ebd2ccc83a04
03-28 22:08:38 com_github_MitjaNemec_ReplicateLayout.replicate_layout 990:Src text UUid:236839e5-016e-473a-b91a-f92295bf12b7
03-28 22:08:38 com_github_MitjaNemec_ReplicateLayout.replicate_layout 991:Dst text UUid:2bd02b18-be85-48b2-a4ba-3ab80081effb
03-28 22:08:38 com_github_MitjaNemec_ReplicateLayout.replicate_layout 888:Replicating footprint: 'C47'
03-28 22:08:38 com_github_MitjaNemec_ReplicateLayout.replicate_layout 835:Src fp.id: '7E2D1D91-A471-40A0-958E-CD375832EE3E'
03-28 22:08:38 com_github_MitjaNemec_ReplicateLayout.replicate_layout 839:Dst fp.id: '7E2D1D91-A471-40A0-958E-CD375832EE3E'
03-28 22:08:38 com_github_MitjaNemec_ReplicateLayout.replicate_layout 895:found match in dst footprint: 'C8'
03-28 22:08:38 com_github_MitjaNemec_ReplicateLayout.replicate_layout 990:Src text UUid:74ec3781-4447-476e-a132-6f0dca999887
03-28 22:08:38 com_github_MitjaNemec_ReplicateLayout.replicate_layout 991:Dst text UUid:60778b09-dd04-4b73-9c47-6883a339e179
03-28 22:08:38 com_github_MitjaNemec_ReplicateLayout.replicate_layout 990:Src text UUid:1a42ea39-49a1-4085-be3d-83941c286cd1
03-28 22:08:38 com_github_MitjaNemec_ReplicateLayout.replicate_layout 991:Dst text UUid:ee0b6b9c-13e3-49e0-b1c0-922da86417ed
03-28 22:08:38 com_github_MitjaNemec_ReplicateLayout.replicate_layout 888:Replicating footprint: 'C38'
03-28 22:08:38 com_github_MitjaNemec_ReplicateLayout.replicate_layout 835:Src fp.id: '58C2D0FA-0683-4B74-876E-D1840FBD0C3A'
03-28 22:08:38 com_github_MitjaNemec_ReplicateLayout.replicate_layout 839:Dst fp.id: '58C2D0FA-0683-4B74-876E-D1840FBD0C3A'
03-28 22:08:38 com_github_MitjaNemec_ReplicateLayout.replicate_layout 895:found match in dst footprint: 'C3'
03-28 22:08:38 com_github_MitjaNemec_ReplicateLayout.replicate_layout 990:Src text UUid:338df9dd-fff5-4bf0-8072-192e2e90fe8a
03-28 22:08:38 com_github_MitjaNemec_ReplicateLayout.replicate_layout 991:Dst text UUid:a02d04a0-a6e8-4223-af36-9392aa526f15
03-28 22:08:38 com_github_MitjaNemec_ReplicateLayout.replicate_layout 990:Src text UUid:dafe4f78-35f5-4b61-b92a-a0fd3686c044
03-28 22:08:38 com_github_MitjaNemec_ReplicateLayout.replicate_layout 991:Dst text UUid:eeabf1d6-fa1f-48d2-b3cd-bb02fb954b3e
03-28 22:08:38 com_github_MitjaNemec_ReplicateLayout.replicate_layout 888:Replicating footprint: 'D7'
03-28 22:08:38 com_github_MitjaNemec_ReplicateLayout.replicate_layout 835:Src fp.id: '8F4DDC10-4DFE-4ABC-82A6-36DEBF244A69'
03-28 22:08:38 com_github_MitjaNemec_ReplicateLayout.replicate_layout 839:Dst fp.id: '8F4DDC10-4DFE-4ABC-82A6-36DEBF244A69'
03-28 22:08:38 com_github_MitjaNemec_ReplicateLayout.replicate_layout 895:found match in dst footprint: 'D2'
03-28 22:08:38 com_github_MitjaNemec_ReplicateLayout.replicate_layout 990:Src text UUid:bb5b6110-6202-4c0b-8023-ff71180ac786
03-28 22:08:38 com_github_MitjaNemec_ReplicateLayout.replicate_layout 991:Dst text UUid:5db2e6d7-1359-49f8-a1a3-35c82bf50d68
03-28 22:08:38 com_github_MitjaNemec_ReplicateLayout.replicate_layout 990:Src text UUid:c4c01598-e988-4e61-af3a-32e03fbb9b54
03-28 22:08:38 com_github_MitjaNemec_ReplicateLayout.replicate_layout 991:Dst text UUid:0c68bffd-1a9e-4c89-8dea-bcbe01a9c772
03-28 22:08:38 com_github_MitjaNemec_ReplicateLayout.replicate_layout 888:Replicating footprint: 'Rth1'
03-28 22:08:38 com_github_MitjaNemec_ReplicateLayout.replicate_layout 835:Src fp.id: '2DC2357B-3C97-40EC-88A0-27785FD153E9'
03-28 22:08:38 com_github_MitjaNemec_ReplicateLayout.replicate_layout 839:Dst fp.id: '2DC2357B-3C97-40EC-88A0-27785FD153E9'
03-28 22:08:38 com_github_MitjaNemec_ReplicateLayout.replicate_layout 895:found match in dst footprint: 'Rth2'
03-28 22:08:38 com_github_MitjaNemec_ReplicateLayout.replicate_layout 990:Src text UUid:9ec72dcc-8b93-46b5-9936-ce628ea29ab2
03-28 22:08:38 com_github_MitjaNemec_ReplicateLayout.replicate_layout 991:Dst text UUid:9e3c2455-67d8-4aa7-906f-e2650eda4c15
03-28 22:08:38 com_github_MitjaNemec_ReplicateLayout.replicate_layout 990:Src text UUid:56333651-1302-47a0-be9d-3909ea19607b
03-28 22:08:38 com_github_MitjaNemec_ReplicateLayout.replicate_layout 991:Dst text UUid:88dcd6e4-1bac-4a4f-b5a9-c2877c8023ee
03-28 22:08:38 com_github_MitjaNemec_ReplicateLayout.replicate_layout 888:Replicating footprint: 'R43'
03-28 22:08:38 com_github_MitjaNemec_ReplicateLayout.replicate_layout 835:Src fp.id: '708FD99D-09CF-4165-AF11-CF0EB2542B29'
03-28 22:08:38 com_github_MitjaNemec_ReplicateLayout.replicate_layout 839:Dst fp.id: '708FD99D-09CF-4165-AF11-CF0EB2542B29'
03-28 22:08:38 com_github_MitjaNemec_ReplicateLayout.replicate_layout 895:found match in dst footprint: 'R5'
03-28 22:08:38 com_github_MitjaNemec_ReplicateLayout.replicate_layout 990:Src text UUid:7ce797ec-29b2-4666-961b-8323d2fb6cc6
03-28 22:08:38 com_github_MitjaNemec_ReplicateLayout.replicate_layout 991:Dst text UUid:89ffe860-f1ad-41fb-b68a-a71cb56c4cc3
03-28 22:08:38 com_github_MitjaNemec_ReplicateLayout.replicate_layout 990:Src text UUid:94218c6c-2aa9-4a3a-9fba-def3b5ac5d8d
03-28 22:08:38 com_github_MitjaNemec_ReplicateLayout.replicate_layout 991:Dst text UUid:833330bf-622b-4d63-b974-2a329f2538c1
03-28 22:08:38 com_github_MitjaNemec_ReplicateLayout.replicate_layout 888:Replicating footprint: 'C49'
03-28 22:08:38 com_github_MitjaNemec_ReplicateLayout.replicate_layout 835:Src fp.id: '5347C5D2-4C06-4160-BBFA-5C7BB0D5CF9D'
03-28 22:08:38 com_github_MitjaNemec_ReplicateLayout.replicate_layout 839:Dst fp.id: '5347C5D2-4C06-4160-BBFA-5C7BB0D5CF9D'
03-28 22:08:38 com_github_MitjaNemec_ReplicateLayout.replicate_layout 895:found match in dst footprint: 'C5'
03-28 22:08:38 com_github_MitjaNemec_ReplicateLayout.replicate_layout 990:Src text UUid:0b9b886d-2428-4313-97fc-db39ca17c284
03-28 22:08:38 com_github_MitjaNemec_ReplicateLayout.replicate_layout 991:Dst text UUid:aecb661e-2911-4f18-9ca3-41a63a7c15cb
03-28 22:08:38 com_github_MitjaNemec_ReplicateLayout.replicate_layout 990:Src text UUid:95bfe412-1d77-4388-913f-404f6b87db2a
03-28 22:08:38 com_github_MitjaNemec_ReplicateLayout.replicate_layout 991:Dst text UUid:118e418a-25ff-4d15-b802-c8a91fae19ba
03-28 22:08:38 com_github_MitjaNemec_ReplicateLayout.replicate_layout 888:Replicating footprint: 'R41'
03-28 22:08:38 com_github_MitjaNemec_ReplicateLayout.replicate_layout 835:Src fp.id: 'C39A2AE3-BEC3-44A7-8FFB-6D0F2D9C9E87'
03-28 22:08:38 com_github_MitjaNemec_ReplicateLayout.replicate_layout 839:Dst fp.id: 'C39A2AE3-BEC3-44A7-8FFB-6D0F2D9C9E87'
03-28 22:08:38 com_github_MitjaNemec_ReplicateLayout.replicate_layout 895:found match in dst footprint: 'R2'
03-28 22:08:38 com_github_MitjaNemec_ReplicateLayout.replicate_layout 990:Src text UUid:ee7ece01-4ba0-4a55-a58e-1a2362bb70e1
03-28 22:08:38 com_github_MitjaNemec_ReplicateLayout.replicate_layout 991:Dst text UUid:b599d386-b478-4b64-ac47-4bb6d0346797
03-28 22:08:38 com_github_MitjaNemec_ReplicateLayout.replicate_layout 990:Src text UUid:6d7fe0c1-7f82-46a1-8270-f42940aa2d0b
03-28 22:08:38 com_github_MitjaNemec_ReplicateLayout.replicate_layout 991:Dst text UUid:6315de97-f8cf-4485-bbf2-aba3706ad45f
03-28 22:08:38 com_github_MitjaNemec_ReplicateLayout.replicate_layout 888:Replicating footprint: 'C52'
03-28 22:08:38 com_github_MitjaNemec_ReplicateLayout.replicate_layout 835:Src fp.id: 'DDDB92D7-D84D-40C6-BD76-341C96BDF9CB'
03-28 22:08:38 com_github_MitjaNemec_ReplicateLayout.replicate_layout 839:Dst fp.id: 'DDDB92D7-D84D-40C6-BD76-341C96BDF9CB'
03-28 22:08:38 com_github_MitjaNemec_ReplicateLayout.replicate_layout 895:found match in dst footprint: 'C19'
03-28 22:08:38 com_github_MitjaNemec_ReplicateLayout.replicate_layout 990:Src text UUid:5a8ba203-aac0-45ad-9044-2e77d6ca61da
03-28 22:08:38 com_github_MitjaNemec_ReplicateLayout.replicate_layout 991:Dst text UUid:8895ba1e-9ee1-40e3-bcce-c61cae4a4045
03-28 22:08:38 com_github_MitjaNemec_ReplicateLayout.replicate_layout 990:Src text UUid:df5994bc-ef3b-4493-82cf-bb3f6ccbad2a
03-28 22:08:38 com_github_MitjaNemec_ReplicateLayout.replicate_layout 991:Dst text UUid:5ce5cc87-00f1-435a-a3e6-6e9b9c215319
03-28 22:08:38 com_github_MitjaNemec_ReplicateLayout.replicate_layout 888:Replicating footprint: 'Cthp1'
03-28 22:08:38 com_github_MitjaNemec_ReplicateLayout.replicate_layout 835:Src fp.id: '0212BC0A-DB64-43BC-BFD4-1B5609818C43'
03-28 22:08:38 com_github_MitjaNemec_ReplicateLayout.replicate_layout 839:Dst fp.id: '0212BC0A-DB64-43BC-BFD4-1B5609818C43'
03-28 22:08:38 com_github_MitjaNemec_ReplicateLayout.replicate_layout 895:found match in dst footprint: 'Cthp2'
03-28 22:08:38 com_github_MitjaNemec_ReplicateLayout.replicate_layout 990:Src text UUid:e2ac0696-6f9c-4b02-9aa2-2d1ff939b95f
03-28 22:08:38 com_github_MitjaNemec_ReplicateLayout.replicate_layout 991:Dst text UUid:e5bb9bb9-7533-4cee-82c7-5c708eab2a61
03-28 22:08:38 com_github_MitjaNemec_ReplicateLayout.replicate_layout 990:Src text UUid:ea5a1c96-738a-4e22-997a-d04acc9946d8
03-28 22:08:38 com_github_MitjaNemec_ReplicateLayout.replicate_layout 991:Dst text UUid:261444cf-a71c-4146-ae26-260a8a65cd22
03-28 22:08:38 com_github_MitjaNemec_ReplicateLayout.replicate_layout 888:Replicating footprint: 'D6'
03-28 22:08:38 com_github_MitjaNemec_ReplicateLayout.replicate_layout 835:Src fp.id: '4C55DA5A-F83F-42CC-900F-7C251B4214EB'
03-28 22:08:38 com_github_MitjaNemec_ReplicateLayout.replicate_layout 839:Dst fp.id: '4C55DA5A-F83F-42CC-900F-7C251B4214EB'
03-28 22:08:38 com_github_MitjaNemec_ReplicateLayout.replicate_layout 895:found match in dst footprint: 'D1'
03-28 22:08:38 com_github_MitjaNemec_ReplicateLayout.replicate_layout 990:Src text UUid:b33ba60f-7ef0-4713-8024-038862b5dd49
03-28 22:08:38 com_github_MitjaNemec_ReplicateLayout.replicate_layout 991:Dst text UUid:0655d9db-b801-439f-8a14-d0122662b927
03-28 22:08:38 com_github_MitjaNemec_ReplicateLayout.replicate_layout 990:Src text UUid:695eba28-15f1-48a4-b431-ba04e9ca0f39
03-28 22:08:38 com_github_MitjaNemec_ReplicateLayout.replicate_layout 991:Dst text UUid:786d7d9e-3936-4ef6-b420-fa02fe027dab
03-28 22:08:38 com_github_MitjaNemec_ReplicateLayout.replicate_layout 888:Replicating footprint: 'C50'
03-28 22:08:38 com_github_MitjaNemec_ReplicateLayout.replicate_layout 835:Src fp.id: '0F9400ED-26D2-4AA0-9DF9-05F74E3408FC'
03-28 22:08:38 com_github_MitjaNemec_ReplicateLayout.replicate_layout 839:Dst fp.id: '0F9400ED-26D2-4AA0-9DF9-05F74E3408FC'
03-28 22:08:38 com_github_MitjaNemec_ReplicateLayout.replicate_layout 895:found match in dst footprint: 'C16'
03-28 22:08:38 com_github_MitjaNemec_ReplicateLayout.replicate_layout 990:Src text UUid:fce138c7-f102-489d-a792-691dfbcb38b5
03-28 22:08:38 com_github_MitjaNemec_ReplicateLayout.replicate_layout 991:Dst text UUid:23d0b29c-2af3-4837-b79b-221712afafbe
03-28 22:08:38 com_github_MitjaNemec_ReplicateLayout.replicate_layout 990:Src text UUid:39664095-5a02-489e-82ef-4dc6a1710e27
03-28 22:08:38 com_github_MitjaNemec_ReplicateLayout.replicate_layout 991:Dst text UUid:16cf27dc-6df8-4ac3-9680-e7415f7353cb
03-28 22:08:38 com_github_MitjaNemec_ReplicateLayout.replicate_layout 888:Replicating footprint: 'C39'
03-28 22:08:38 com_github_MitjaNemec_ReplicateLayout.replicate_layout 835:Src fp.id: '6A17F9E6-DC17-404A-BB68-5CC0CB96106D'
03-28 22:08:38 com_github_MitjaNemec_ReplicateLayout.replicate_layout 839:Dst fp.id: '6A17F9E6-DC17-404A-BB68-5CC0CB96106D'
03-28 22:08:38 com_github_MitjaNemec_ReplicateLayout.replicate_layout 895:found match in dst footprint: 'C4'
03-28 22:08:38 com_github_MitjaNemec_ReplicateLayout.replicate_layout 990:Src text UUid:1fc73dee-5b72-4efc-8336-28d570323a72
03-28 22:08:38 com_github_MitjaNemec_ReplicateLayout.replicate_layout 991:Dst text UUid:92d788cc-5ebb-4ed7-85b4-6f96e3e6096f
03-28 22:08:38 com_github_MitjaNemec_ReplicateLayout.replicate_layout 990:Src text UUid:6f42fa62-fd3b-4962-89ca-2cfda2f1ce02
03-28 22:08:38 com_github_MitjaNemec_ReplicateLayout.replicate_layout 991:Dst text UUid:223938c1-84ee-49f0-91fb-222974678c64
03-28 22:08:38 com_github_MitjaNemec_ReplicateLayout.replicate_layout 888:Replicating footprint: 'C48'
03-28 22:08:38 com_github_MitjaNemec_ReplicateLayout.replicate_layout 835:Src fp.id: '494E2448-288F-48E4-8A1F-AA0CBD0005C7'
03-28 22:08:38 com_github_MitjaNemec_ReplicateLayout.replicate_layout 839:Dst fp.id: '494E2448-288F-48E4-8A1F-AA0CBD0005C7'
03-28 22:08:38 com_github_MitjaNemec_ReplicateLayout.replicate_layout 895:found match in dst footprint: 'C11'
03-28 22:08:38 com_github_MitjaNemec_ReplicateLayout.replicate_layout 990:Src text UUid:17b1e5b2-6932-43f8-8a2e-7035daabc4b7
03-28 22:08:38 com_github_MitjaNemec_ReplicateLayout.replicate_layout 991:Dst text UUid:b83c9d64-6277-4e8d-9587-113617ab2126
03-28 22:08:38 com_github_MitjaNemec_ReplicateLayout.replicate_layout 990:Src text UUid:96b203fb-9b11-4361-bc5e-1d6e84301356
03-28 22:08:38 com_github_MitjaNemec_ReplicateLayout.replicate_layout 991:Dst text UUid:b8cf42fa-a0a2-4b47-82fd-6b1fe219bd09
03-28 22:08:38 com_github_MitjaNemec_ReplicateLayout.replicate_layout 888:Replicating footprint: 'U9'
03-28 22:08:38 com_github_MitjaNemec_ReplicateLayout.replicate_layout 835:Src fp.id: '5291D630-94D4-4766-B07F-1CB92DB99E1A'
03-28 22:08:38 com_github_MitjaNemec_ReplicateLayout.replicate_layout 839:Dst fp.id: '5291D630-94D4-4766-B07F-1CB92DB99E1A'
03-28 22:08:38 com_github_MitjaNemec_ReplicateLayout.replicate_layout 895:found match in dst footprint: 'U2'
03-28 22:08:38 com_github_MitjaNemec_ReplicateLayout.replicate_layout 990:Src text UUid:613e8c0d-32d2-414a-abc7-88caa504ef61
03-28 22:08:38 com_github_MitjaNemec_ReplicateLayout.replicate_layout 991:Dst text UUid:96820cff-7709-4b92-9ced-ee298515232c
03-28 22:08:38 com_github_MitjaNemec_ReplicateLayout.replicate_layout 990:Src text UUid:15aeba96-e5ad-43fd-9bbe-018634834a61
03-28 22:08:38 com_github_MitjaNemec_ReplicateLayout.replicate_layout 991:Dst text UUid:ab55091b-c7bc-4192-b3f5-257fd384d8be
03-28 22:08:38 com_github_MitjaNemec_ReplicateLayout.replicate_layout 888:Replicating footprint: 'R45'
03-28 22:08:38 com_github_MitjaNemec_ReplicateLayout.replicate_layout 835:Src fp.id: 'F0C1E3ED-25D6-4538-B367-9704F9E2DDDC'
03-28 22:08:38 com_github_MitjaNemec_ReplicateLayout.replicate_layout 839:Dst fp.id: 'F0C1E3ED-25D6-4538-B367-9704F9E2DDDC'
03-28 22:08:38 com_github_MitjaNemec_ReplicateLayout.replicate_layout 895:found match in dst footprint: 'R4'
03-28 22:08:38 com_github_MitjaNemec_ReplicateLayout.replicate_layout 990:Src text UUid:f4e2166c-9399-41ea-b0b8-8cd2c2679f1b
03-28 22:08:38 com_github_MitjaNemec_ReplicateLayout.replicate_layout 991:Dst text UUid:a0648a2e-a5c0-4931-9439-708111261d97
03-28 22:08:38 com_github_MitjaNemec_ReplicateLayout.replicate_layout 990:Src text UUid:aa08800d-569e-4b48-9cac-35840d208c21
03-28 22:08:38 com_github_MitjaNemec_ReplicateLayout.replicate_layout 991:Dst text UUid:d1fe7206-c1ad-4ed6-9239-f5215f9aad08
03-28 22:08:38 com_github_MitjaNemec_ReplicateLayout.replicate_layout 888:Replicating footprint: 'C37'
03-28 22:08:38 root 345:updating GUI with: 33
03-28 22:08:38 com_github_MitjaNemec_ReplicateLayout.replicate_layout 835:Src fp.id: '40D132C0-1E21-4391-8D7A-1E18C1DD582A'
03-28 22:08:38 com_github_MitjaNemec_ReplicateLayout.replicate_layout 839:Dst fp.id: '40D132C0-1E21-4391-8D7A-1E18C1DD582A'
03-28 22:08:38 com_github_MitjaNemec_ReplicateLayout.replicate_layout 895:found match in dst footprint: 'C2'
03-28 22:08:38 com_github_MitjaNemec_ReplicateLayout.replicate_layout 990:Src text UUid:5948a2c0-9f35-47b8-bafe-9aaa0a76f706
03-28 22:08:38 com_github_MitjaNemec_ReplicateLayout.replicate_layout 991:Dst text UUid:9915faf2-7434-41bd-abe9-d23e54df9701
03-28 22:08:38 com_github_MitjaNemec_ReplicateLayout.replicate_layout 990:Src text UUid:a47cd3cc-6800-4df6-9d79-a9e7ce81dd0b
03-28 22:08:38 com_github_MitjaNemec_ReplicateLayout.replicate_layout 991:Dst text UUid:cd04d5b2-6b70-453d-a9fa-506cace8e96d
03-28 22:08:38 root 345:updating GUI with: 33
03-28 22:08:38 com_github_MitjaNemec_ReplicateLayout.replicate_layout 870:Replicating footprints on sheet ['/LT8705A2/']
03-28 22:08:38 com_github_MitjaNemec_ReplicateLayout.replicate_layout 835:Src fp.id: '5291D630-94D4-4766-B07F-1CB92DB99E1A'
03-28 22:08:38 com_github_MitjaNemec_ReplicateLayout.replicate_layout 839:Dst fp.id: '5291D630-94D4-4766-B07F-1CB92DB99E1A'
03-28 22:08:38 com_github_MitjaNemec_ReplicateLayout.replicate_layout 888:Replicating footprint: 'Q3'
03-28 22:08:38 root 345:updating GUI with: 34
03-28 22:08:38 com_github_MitjaNemec_ReplicateLayout.replicate_layout 835:Src fp.id: 'E079E65F-CAA3-4E79-B916-81AC5729F0BB'
03-28 22:08:38 com_github_MitjaNemec_ReplicateLayout.replicate_layout 839:Dst fp.id: 'E079E65F-CAA3-4E79-B916-81AC5729F0BB'
03-28 22:08:38 com_github_MitjaNemec_ReplicateLayout.replicate_layout 895:found match in dst footprint: 'Q11'
03-28 22:08:38 com_github_MitjaNemec_ReplicateLayout.replicate_layout 990:Src text UUid:3eafd7bf-f9d6-4152-bdfe-93a97829f351
03-28 22:08:38 com_github_MitjaNemec_ReplicateLayout.replicate_layout 991:Dst text UUid:ff1f23d9-5118-415d-9334-8ae90e6cc8a5
03-28 22:08:38 com_github_MitjaNemec_ReplicateLayout.replicate_layout 990:Src text UUid:453a459c-5e6b-4449-99c4-c987e127aec7
03-28 22:08:38 com_github_MitjaNemec_ReplicateLayout.replicate_layout 991:Dst text UUid:c53dd9c8-7dd7-4ec9-babc-313c8786c3ae
03-28 22:08:38 com_github_MitjaNemec_ReplicateLayout.replicate_layout 888:Replicating footprint: 'C7'
03-28 22:08:38 root 345:updating GUI with: 35
03-28 22:08:38 com_github_MitjaNemec_ReplicateLayout.replicate_layout 835:Src fp.id: '4DE2A7C0-9369-4E27-9736-6FC2745CF849'
03-28 22:08:38 com_github_MitjaNemec_ReplicateLayout.replicate_layout 839:Dst fp.id: '4DE2A7C0-9369-4E27-9736-6FC2745CF849'
03-28 22:08:38 com_github_MitjaNemec_ReplicateLayout.replicate_layout 895:found match in dst footprint: 'C35'
03-28 22:08:38 com_github_MitjaNemec_ReplicateLayout.replicate_layout 990:Src text UUid:6713c5ac-f6b4-4c13-8b90-269246ceb2b3
03-28 22:08:38 com_github_MitjaNemec_ReplicateLayout.replicate_layout 991:Dst text UUid:f42c6758-1e18-4229-8d3a-652414d12458
03-28 22:08:38 com_github_MitjaNemec_ReplicateLayout.replicate_layout 990:Src text UUid:dd36c53e-6b27-4f99-99e3-3b2ba314fb0d
03-28 22:08:38 com_github_MitjaNemec_ReplicateLayout.replicate_layout 991:Dst text UUid:aedaf388-341c-44a6-b5a7-5895bb20f02e
03-28 22:08:38 com_github_MitjaNemec_ReplicateLayout.replicate_layout 888:Replicating footprint: 'Q6'
03-28 22:08:38 com_github_MitjaNemec_ReplicateLayout.replicate_layout 835:Src fp.id: '6A15804F-B935-4B14-8179-2BD494B5909F'
03-28 22:08:38 com_github_MitjaNemec_ReplicateLayout.replicate_layout 839:Dst fp.id: '6A15804F-B935-4B14-8179-2BD494B5909F'
03-28 22:08:38 com_github_MitjaNemec_ReplicateLayout.replicate_layout 895:found match in dst footprint: 'Q14'
03-28 22:08:38 com_github_MitjaNemec_ReplicateLayout.replicate_layout 990:Src text UUid:20f3c36e-ede7-456b-b5a0-3959efd676e9
03-28 22:08:38 com_github_MitjaNemec_ReplicateLayout.replicate_layout 991:Dst text UUid:06f47220-7759-4261-9a2b-205d1dc77bb8
03-28 22:08:38 com_github_MitjaNemec_ReplicateLayout.replicate_layout 990:Src text UUid:ffec2acc-347e-49b7-99a5-a76262550d9f
03-28 22:08:38 com_github_MitjaNemec_ReplicateLayout.replicate_layout 991:Dst text UUid:be0c2376-4905-4796-af6f-388184b105c4
03-28 22:08:38 com_github_MitjaNemec_ReplicateLayout.replicate_layout 888:Replicating footprint: 'C40'
03-28 22:08:38 com_github_MitjaNemec_ReplicateLayout.replicate_layout 835:Src fp.id: 'F35DA7CF-3275-4948-BF95-413ABBEC2E2A'
03-28 22:08:38 com_github_MitjaNemec_ReplicateLayout.replicate_layout 839:Dst fp.id: 'F35DA7CF-3275-4948-BF95-413ABBEC2E2A'
03-28 22:08:38 com_github_MitjaNemec_ReplicateLayout.replicate_layout 895:found match in dst footprint: 'C44'
03-28 22:08:38 com_github_MitjaNemec_ReplicateLayout.replicate_layout 990:Src text UUid:b76c3352-b399-4c3e-91c0-bf018e455831
03-28 22:08:38 com_github_MitjaNemec_ReplicateLayout.replicate_layout 991:Dst text UUid:7b7625e6-8540-41bd-b65a-837132ad4340
03-28 22:08:38 com_github_MitjaNemec_ReplicateLayout.replicate_layout 990:Src text UUid:bbdbaa53-b3b7-4c13-bf97-5a55bee8a4c4
03-28 22:08:38 com_github_MitjaNemec_ReplicateLayout.replicate_layout 991:Dst text UUid:a591e68d-5a3a-4c35-b191-9e46110a6a3b
03-28 22:08:38 com_github_MitjaNemec_ReplicateLayout.replicate_layout 888:Replicating footprint: 'C42'
03-28 22:08:38 com_github_MitjaNemec_ReplicateLayout.replicate_layout 835:Src fp.id: '8A84A0D6-1819-4D17-9A19-7BFBAD5379FB'
03-28 22:08:38 com_github_MitjaNemec_ReplicateLayout.replicate_layout 839:Dst fp.id: '8A84A0D6-1819-4D17-9A19-7BFBAD5379FB'
03-28 22:08:38 com_github_MitjaNemec_ReplicateLayout.replicate_layout 895:found match in dst footprint: 'C55'
03-28 22:08:38 com_github_MitjaNemec_ReplicateLayout.replicate_layout 990:Src text UUid:a53d5d72-dd97-4650-9fa3-70604ed047df
03-28 22:08:38 com_github_MitjaNemec_ReplicateLayout.replicate_layout 991:Dst text UUid:927d96f7-e2c8-4bd7-b205-fabc2a6e093d
03-28 22:08:38 com_github_MitjaNemec_ReplicateLayout.replicate_layout 990:Src text UUid:d23cfc56-92f4-4b16-812e-df18aee1e2f8
03-28 22:08:38 com_github_MitjaNemec_ReplicateLayout.replicate_layout 991:Dst text UUid:e632ac54-4f1e-4d88-bc16-aa9b9b252eaa
03-28 22:08:38 com_github_MitjaNemec_ReplicateLayout.replicate_layout 888:Replicating footprint: 'Q4'
03-28 22:08:38 com_github_MitjaNemec_ReplicateLayout.replicate_layout 835:Src fp.id: 'B838BC60-A2B2-4C59-80E0-9956D960B453'
03-28 22:08:38 com_github_MitjaNemec_ReplicateLayout.replicate_layout 839:Dst fp.id: 'B838BC60-A2B2-4C59-80E0-9956D960B453'
03-28 22:08:38 com_github_MitjaNemec_ReplicateLayout.replicate_layout 895:found match in dst footprint: 'Q13'
03-28 22:08:38 com_github_MitjaNemec_ReplicateLayout.replicate_layout 990:Src text UUid:d772ebea-47a3-4cf1-986b-d84c90430bb6
03-28 22:08:38 com_github_MitjaNemec_ReplicateLayout.replicate_layout 991:Dst text UUid:69b2b132-85f8-420c-bdbc-3a8b821cebee
03-28 22:08:38 com_github_MitjaNemec_ReplicateLayout.replicate_layout 990:Src text UUid:36dd2181-d4c5-4246-b8ff-3bb9b738e042
03-28 22:08:38 com_github_MitjaNemec_ReplicateLayout.replicate_layout 991:Dst text UUid:4e3560ae-b010-41f5-bd30-4b1dd23e98ed
03-28 22:08:38 com_github_MitjaNemec_ReplicateLayout.replicate_layout 888:Replicating footprint: 'C41'
03-28 22:08:38 com_github_MitjaNemec_ReplicateLayout.replicate_layout 835:Src fp.id: '4C0C7D78-A80E-44E3-ABE8-F22D88919E71'
03-28 22:08:38 com_github_MitjaNemec_ReplicateLayout.replicate_layout 839:Dst fp.id: '4C0C7D78-A80E-44E3-ABE8-F22D88919E71'
03-28 22:08:38 com_github_MitjaNemec_ReplicateLayout.replicate_layout 895:found match in dst footprint: 'C54'
03-28 22:08:38 com_github_MitjaNemec_ReplicateLayout.replicate_layout 990:Src text UUid:e86dfbff-8591-44ec-86e9-5e148ab33218
03-28 22:08:38 com_github_MitjaNemec_ReplicateLayout.replicate_layout 991:Dst text UUid:9a28ea51-56f5-4a8f-98a2-7d6f3888bfbc
03-28 22:08:38 com_github_MitjaNemec_ReplicateLayout.replicate_layout 990:Src text UUid:567837d5-d2ff-4f33-885f-10c9e4ff52c4
03-28 22:08:38 com_github_MitjaNemec_ReplicateLayout.replicate_layout 991:Dst text UUid:03129c34-f955-4904-a9db-ee2624e7e0e6
03-28 22:08:38 com_github_MitjaNemec_ReplicateLayout.replicate_layout 888:Replicating footprint: 'Q5'
03-28 22:08:38 com_github_MitjaNemec_ReplicateLayout.replicate_layout 835:Src fp.id: '60DBFC31-0B19-41B1-8500-0FBD10A9AE1A'
03-28 22:08:38 com_github_MitjaNemec_ReplicateLayout.replicate_layout 839:Dst fp.id: '60DBFC31-0B19-41B1-8500-0FBD10A9AE1A'
03-28 22:08:38 com_github_MitjaNemec_ReplicateLayout.replicate_layout 895:found match in dst footprint: 'Q12'
03-28 22:08:38 com_github_MitjaNemec_ReplicateLayout.replicate_layout 990:Src text UUid:08b480b6-5930-4dbe-862d-601dd6c18c6c
03-28 22:08:38 com_github_MitjaNemec_ReplicateLayout.replicate_layout 991:Dst text UUid:ae967b24-bf37-454c-93f7-ddfc508fcb29
03-28 22:08:38 com_github_MitjaNemec_ReplicateLayout.replicate_layout 990:Src text UUid:debaf8ce-3346-4d05-8314-f8749154131c
03-28 22:08:38 com_github_MitjaNemec_ReplicateLayout.replicate_layout 991:Dst text UUid:d1987065-5b4c-49ae-aa7c-10229fa0944c
03-28 22:08:38 com_github_MitjaNemec_ReplicateLayout.replicate_layout 888:Replicating footprint: 'Rsense2'
03-28 22:08:38 com_github_MitjaNemec_ReplicateLayout.replicate_layout 835:Src fp.id: 'BB223C3A-F72C-4CE9-B96E-9907F1042C0F'
03-28 22:08:38 com_github_MitjaNemec_ReplicateLayout.replicate_layout 839:Dst fp.id: 'BB223C3A-F72C-4CE9-B96E-9907F1042C0F'
03-28 22:08:38 com_github_MitjaNemec_ReplicateLayout.replicate_layout 895:found match in dst footprint: 'Rsense5'
03-28 22:08:38 com_github_MitjaNemec_ReplicateLayout.replicate_layout 990:Src text UUid:e2ce7829-cd0d-4f64-ba55-df33499640f7
03-28 22:08:38 com_github_MitjaNemec_ReplicateLayout.replicate_layout 991:Dst text UUid:63f0825f-d08b-4387-b19f-685b1d4a0ec9
03-28 22:08:38 com_github_MitjaNemec_ReplicateLayout.replicate_layout 990:Src text UUid:2366f11b-0834-46ac-9705-ab0ee84dcff3
03-28 22:08:38 com_github_MitjaNemec_ReplicateLayout.replicate_layout 991:Dst text UUid:b2b5c4a9-159f-4b27-845d-3cf6330138b9
03-28 22:08:38 com_github_MitjaNemec_ReplicateLayout.replicate_layout 888:Replicating footprint: 'Rfreq1'
03-28 22:08:38 com_github_MitjaNemec_ReplicateLayout.replicate_layout 835:Src fp.id: '8687F9EB-6AB2-4190-84BD-0322BCD42285'
03-28 22:08:38 com_github_MitjaNemec_ReplicateLayout.replicate_layout 839:Dst fp.id: '8687F9EB-6AB2-4190-84BD-0322BCD42285'
03-28 22:08:38 com_github_MitjaNemec_ReplicateLayout.replicate_layout 895:found match in dst footprint: 'Rfreq5'
03-28 22:08:38 com_github_MitjaNemec_ReplicateLayout.replicate_layout 990:Src text UUid:890f4397-ac3a-492a-81ed-769a416415a1
03-28 22:08:38 com_github_MitjaNemec_ReplicateLayout.replicate_layout 991:Dst text UUid:f7b0e252-e938-44ac-a059-65886db7c0fd
03-28 22:08:38 com_github_MitjaNemec_ReplicateLayout.replicate_layout 990:Src text UUid:8f624337-8dc7-426d-9fc2-f1d5a516b702
03-28 22:08:38 com_github_MitjaNemec_ReplicateLayout.replicate_layout 991:Dst text UUid:828b69fe-2cfd-4a5f-8b25-d32de4526a16
03-28 22:08:38 com_github_MitjaNemec_ReplicateLayout.replicate_layout 888:Replicating footprint: 'C46'
03-28 22:08:38 com_github_MitjaNemec_ReplicateLayout.replicate_layout 835:Src fp.id: '8CEB302C-B966-4B5B-AA54-CB2255832745'
03-28 22:08:38 com_github_MitjaNemec_ReplicateLayout.replicate_layout 839:Dst fp.id: '8CEB302C-B966-4B5B-AA54-CB2255832745'
03-28 22:08:38 com_github_MitjaNemec_ReplicateLayout.replicate_layout 895:found match in dst footprint: 'C31'
03-28 22:08:38 com_github_MitjaNemec_ReplicateLayout.replicate_layout 990:Src text UUid:8a0e111b-7c11-49a4-9181-2bc373987e65
03-28 22:08:38 com_github_MitjaNemec_ReplicateLayout.replicate_layout 991:Dst text UUid:3a465847-838c-4614-8a2a-7b8c77b62395
03-28 22:08:38 com_github_MitjaNemec_ReplicateLayout.replicate_layout 990:Src text UUid:a419f1b0-abc9-4b22-b249-288f2899c7db
03-28 22:08:38 com_github_MitjaNemec_ReplicateLayout.replicate_layout 991:Dst text UUid:435e2bc4-9c91-4a5b-b76b-608a25f88522
03-28 22:08:38 com_github_MitjaNemec_ReplicateLayout.replicate_layout 888:Replicating footprint: 'CfbBot1'
03-28 22:08:38 com_github_MitjaNemec_ReplicateLayout.replicate_layout 835:Src fp.id: '5D592C8B-9851-403D-897A-92B2C4CA6D56'
03-28 22:08:38 com_github_MitjaNemec_ReplicateLayout.replicate_layout 839:Dst fp.id: '5D592C8B-9851-403D-897A-92B2C4CA6D56'
03-28 22:08:38 com_github_MitjaNemec_ReplicateLayout.replicate_layout 895:found match in dst footprint: 'CfbBot3'
03-28 22:08:38 com_github_MitjaNemec_ReplicateLayout.replicate_layout 990:Src text UUid:16bb5a36-2ee8-4440-99c8-d7ad22b2eb35
03-28 22:08:38 com_github_MitjaNemec_ReplicateLayout.replicate_layout 991:Dst text UUid:117a44cf-6dc3-403e-8785-0aee513ad75e
03-28 22:08:38 com_github_MitjaNemec_ReplicateLayout.replicate_layout 990:Src text UUid:e4e6c730-5c10-4a4b-be47-bb0fd23b2f04
03-28 22:08:38 com_github_MitjaNemec_ReplicateLayout.replicate_layout 991:Dst text UUid:6b28e7a5-52a8-4467-9e1f-6592122d3e14
03-28 22:08:38 com_github_MitjaNemec_ReplicateLayout.replicate_layout 888:Replicating footprint: 'Cth1'
03-28 22:08:38 com_github_MitjaNemec_ReplicateLayout.replicate_layout 835:Src fp.id: 'D5D6A283-BC01-424C-BA62-3944320CE965'
03-28 22:08:38 com_github_MitjaNemec_ReplicateLayout.replicate_layout 839:Dst fp.id: 'D5D6A283-BC01-424C-BA62-3944320CE965'
03-28 22:08:38 com_github_MitjaNemec_ReplicateLayout.replicate_layout 895:found match in dst footprint: 'Cth3'
03-28 22:08:38 com_github_MitjaNemec_ReplicateLayout.replicate_layout 990:Src text UUid:86065d26-19b5-4621-a70a-ad1e1baf4927
03-28 22:08:38 com_github_MitjaNemec_ReplicateLayout.replicate_layout 991:Dst text UUid:382c4ffc-96f8-4aad-848d-7e5d36f68af8
03-28 22:08:38 com_github_MitjaNemec_ReplicateLayout.replicate_layout 990:Src text UUid:640e5775-7cc7-4211-956a-6e87a4062ae1
03-28 22:08:38 com_github_MitjaNemec_ReplicateLayout.replicate_layout 991:Dst text UUid:d41f3ce4-6360-41c9-ba7a-7705b1bfa9db
03-28 22:08:38 com_github_MitjaNemec_ReplicateLayout.replicate_layout 888:Replicating footprint: 'Rfreq2'
03-28 22:08:38 com_github_MitjaNemec_ReplicateLayout.replicate_layout 835:Src fp.id: 'EDD7234F-4D44-4637-9C08-BA42B213F894'
03-28 22:08:38 com_github_MitjaNemec_ReplicateLayout.replicate_layout 839:Dst fp.id: 'EDD7234F-4D44-4637-9C08-BA42B213F894'
03-28 22:08:38 com_github_MitjaNemec_ReplicateLayout.replicate_layout 895:found match in dst footprint: 'Rfreq6'
03-28 22:08:38 com_github_MitjaNemec_ReplicateLayout.replicate_layout 990:Src text UUid:f10c8aec-62da-49b2-a2b7-8e696f7ee627
03-28 22:08:38 com_github_MitjaNemec_ReplicateLayout.replicate_layout 991:Dst text UUid:188de98b-3aac-49d0-afd8-3ba220fcbb61
03-28 22:08:38 com_github_MitjaNemec_ReplicateLayout.replicate_layout 990:Src text UUid:dc851e3a-7c00-4b8c-8811-2ebbf3f16c35
03-28 22:08:38 com_github_MitjaNemec_ReplicateLayout.replicate_layout 991:Dst text UUid:052d214d-23cb-4fd9-89ab-49687b87393f
03-28 22:08:38 com_github_MitjaNemec_ReplicateLayout.replicate_layout 888:Replicating footprint: 'R42'
03-28 22:08:38 com_github_MitjaNemec_ReplicateLayout.replicate_layout 835:Src fp.id: '06B2E185-EAC9-415E-89C9-CF27627C5584'
03-28 22:08:38 com_github_MitjaNemec_ReplicateLayout.replicate_layout 839:Dst fp.id: '06B2E185-EAC9-415E-89C9-CF27627C5584'
03-28 22:08:38 com_github_MitjaNemec_ReplicateLayout.replicate_layout 895:found match in dst footprint: 'R9'
03-28 22:08:38 com_github_MitjaNemec_ReplicateLayout.replicate_layout 990:Src text UUid:990e27b4-d032-49c9-aa8c-5472d8b83c74
03-28 22:08:38 com_github_MitjaNemec_ReplicateLayout.replicate_layout 991:Dst text UUid:27417be3-351c-4831-ba3f-27ca0c74b5a6
03-28 22:08:38 com_github_MitjaNemec_ReplicateLayout.replicate_layout 990:Src text UUid:bcc6a110-7639-4239-a2dd-651ce6de0dd4
03-28 22:08:38 com_github_MitjaNemec_ReplicateLayout.replicate_layout 991:Dst text UUid:a5d44dc8-a649-44f7-abb9-5cac0bf81c6d
03-28 22:08:38 com_github_MitjaNemec_ReplicateLayout.replicate_layout 888:Replicating footprint: 'R46'
03-28 22:08:38 com_github_MitjaNemec_ReplicateLayout.replicate_layout 835:Src fp.id: '87B87B27-7E64-4C80-BFD2-77964EEDD10D'
03-28 22:08:38 com_github_MitjaNemec_ReplicateLayout.replicate_layout 839:Dst fp.id: '87B87B27-7E64-4C80-BFD2-77964EEDD10D'
03-28 22:08:38 com_github_MitjaNemec_ReplicateLayout.replicate_layout 895:found match in dst footprint: 'R12'
03-28 22:08:38 com_github_MitjaNemec_ReplicateLayout.replicate_layout 990:Src text UUid:206fb398-f47b-4ca5-b30f-621d5c2f1dbc
03-28 22:08:38 com_github_MitjaNemec_ReplicateLayout.replicate_layout 991:Dst text UUid:92fe6137-a138-4429-b63d-4e9454c954c2
03-28 22:08:38 com_github_MitjaNemec_ReplicateLayout.replicate_layout 990:Src text UUid:cdff20ef-03a9-470f-a3c6-f44c41d313d2
03-28 22:08:38 com_github_MitjaNemec_ReplicateLayout.replicate_layout 991:Dst text UUid:9d891aed-ac28-4e04-8b8e-3ba98a1eee85
03-28 22:08:38 com_github_MitjaNemec_ReplicateLayout.replicate_layout 888:Replicating footprint: 'C51'
03-28 22:08:38 com_github_MitjaNemec_ReplicateLayout.replicate_layout 835:Src fp.id: '70F0EF61-5A68-46D6-BE07-027664BF264D'
03-28 22:08:38 com_github_MitjaNemec_ReplicateLayout.replicate_layout 839:Dst fp.id: '70F0EF61-5A68-46D6-BE07-027664BF264D'
03-28 22:08:38 com_github_MitjaNemec_ReplicateLayout.replicate_layout 895:found match in dst footprint: 'C34'
03-28 22:08:38 com_github_MitjaNemec_ReplicateLayout.replicate_layout 990:Src text UUid:c5e673ea-4bcc-4372-b642-832dd42c6483
03-28 22:08:38 com_github_MitjaNemec_ReplicateLayout.replicate_layout 991:Dst text UUid:4f7a40fe-d757-4bd5-ace7-faf2e4a82d63
03-28 22:08:38 com_github_MitjaNemec_ReplicateLayout.replicate_layout 990:Src text UUid:27deb0cf-9b2d-45b8-a577-30f47fac9b5b
03-28 22:08:38 com_github_MitjaNemec_ReplicateLayout.replicate_layout 991:Dst text UUid:656c44ef-a61c-41cf-8fc4-2dcf28789145
03-28 22:08:38 com_github_MitjaNemec_ReplicateLayout.replicate_layout 888:Replicating footprint: 'CfbTop1'
03-28 22:08:38 com_github_MitjaNemec_ReplicateLayout.replicate_layout 835:Src fp.id: 'DA68D759-AD98-4125-87AC-AC784686989C'
03-28 22:08:38 com_github_MitjaNemec_ReplicateLayout.replicate_layout 839:Dst fp.id: 'DA68D759-AD98-4125-87AC-AC784686989C'
03-28 22:08:38 com_github_MitjaNemec_ReplicateLayout.replicate_layout 895:found match in dst footprint: 'CfbTop3'
03-28 22:08:38 com_github_MitjaNemec_ReplicateLayout.replicate_layout 990:Src text UUid:a4a623c9-2c98-4953-84f9-939bf1205244
03-28 22:08:38 com_github_MitjaNemec_ReplicateLayout.replicate_layout 991:Dst text UUid:c7c66188-0683-4db3-9c62-01ad4e1eff0a
03-28 22:08:38 com_github_MitjaNemec_ReplicateLayout.replicate_layout 990:Src text UUid:0f63a67c-cb27-49ec-a8e0-091bac3a8769
03-28 22:08:38 com_github_MitjaNemec_ReplicateLayout.replicate_layout 991:Dst text UUid:ca3097d1-dea1-4a07-abe5-9edecd6ef506
03-28 22:08:38 com_github_MitjaNemec_ReplicateLayout.replicate_layout 888:Replicating footprint: 'RfbBot1'
03-28 22:08:38 com_github_MitjaNemec_ReplicateLayout.replicate_layout 835:Src fp.id: '6ECE8C2D-08D7-44AB-9325-8BD30E97617A'
03-28 22:08:38 com_github_MitjaNemec_ReplicateLayout.replicate_layout 839:Dst fp.id: '6ECE8C2D-08D7-44AB-9325-8BD30E97617A'
03-28 22:08:38 com_github_MitjaNemec_ReplicateLayout.replicate_layout 895:found match in dst footprint: 'RfbBot3'
03-28 22:08:38 com_github_MitjaNemec_ReplicateLayout.replicate_layout 990:Src text UUid:c02578b8-179e-4a2a-bc34-524b65a5c398
03-28 22:08:38 com_github_MitjaNemec_ReplicateLayout.replicate_layout 991:Dst text UUid:4101b584-9f79-4de7-8969-de66778b5873
03-28 22:08:38 com_github_MitjaNemec_ReplicateLayout.replicate_layout 990:Src text UUid:c46d38c9-4b36-47f2-9b71-b19346873a14
03-28 22:08:38 com_github_MitjaNemec_ReplicateLayout.replicate_layout 991:Dst text UUid:ad02963d-cee5-46bc-b760-1cc44e4b54f3
03-28 22:08:38 com_github_MitjaNemec_ReplicateLayout.replicate_layout 888:Replicating footprint: 'C53'
03-28 22:08:38 com_github_MitjaNemec_ReplicateLayout.replicate_layout 835:Src fp.id: '7C19FFC2-4DF5-44C3-94F3-81E02BEE2CA6'
03-28 22:08:38 com_github_MitjaNemec_ReplicateLayout.replicate_layout 839:Dst fp.id: '7C19FFC2-4DF5-44C3-94F3-81E02BEE2CA6'
03-28 22:08:38 com_github_MitjaNemec_ReplicateLayout.replicate_layout 895:found match in dst footprint: 'C28'
03-28 22:08:38 com_github_MitjaNemec_ReplicateLayout.replicate_layout 990:Src text UUid:f48c6812-e2a5-47e8-a342-d06ebab75b86
03-28 22:08:38 com_github_MitjaNemec_ReplicateLayout.replicate_layout 991:Dst text UUid:6e2c851a-0084-4164-a659-e49bc21d90f1
03-28 22:08:38 com_github_MitjaNemec_ReplicateLayout.replicate_layout 990:Src text UUid:e2afe161-e5a8-40cb-8201-b255ce299955
03-28 22:08:38 com_github_MitjaNemec_ReplicateLayout.replicate_layout 991:Dst text UUid:1ce09260-4dd9-4d90-b66d-2813e0f4a993
03-28 22:08:38 com_github_MitjaNemec_ReplicateLayout.replicate_layout 888:Replicating footprint: 'L5'
03-28 22:08:38 com_github_MitjaNemec_ReplicateLayout.replicate_layout 835:Src fp.id: 'DF00CB71-CFC6-4C1E-AC53-2964C0DB2851'
03-28 22:08:38 com_github_MitjaNemec_ReplicateLayout.replicate_layout 839:Dst fp.id: 'DF00CB71-CFC6-4C1E-AC53-2964C0DB2851'
03-28 22:08:38 com_github_MitjaNemec_ReplicateLayout.replicate_layout 895:found match in dst footprint: 'L2'
03-28 22:08:38 com_github_MitjaNemec_ReplicateLayout.replicate_layout 990:Src text UUid:7adde784-2433-4c58-bbd9-fc1ce19e10d2
03-28 22:08:38 com_github_MitjaNemec_ReplicateLayout.replicate_layout 991:Dst text UUid:976a9fd6-9a7e-46d7-8bb4-d844b1c2fe3c
03-28 22:08:38 com_github_MitjaNemec_ReplicateLayout.replicate_layout 990:Src text UUid:1cbb4991-5a75-42f7-8cd7-f45be546595b
03-28 22:08:38 com_github_MitjaNemec_ReplicateLayout.replicate_layout 991:Dst text UUid:bc33137c-5af1-42bb-9492-c78908a8156b
03-28 22:08:38 com_github_MitjaNemec_ReplicateLayout.replicate_layout 888:Replicating footprint: 'RfbTop1'
03-28 22:08:38 com_github_MitjaNemec_ReplicateLayout.replicate_layout 835:Src fp.id: 'EBD8B375-BDE6-4F72-8BAB-625EC3F87849'
03-28 22:08:38 com_github_MitjaNemec_ReplicateLayout.replicate_layout 839:Dst fp.id: 'EBD8B375-BDE6-4F72-8BAB-625EC3F87849'
03-28 22:08:38 com_github_MitjaNemec_ReplicateLayout.replicate_layout 895:found match in dst footprint: 'RfbTop3'
03-28 22:08:38 com_github_MitjaNemec_ReplicateLayout.replicate_layout 990:Src text UUid:ba761268-0a43-4758-a19e-9967eedf4410
03-28 22:08:38 com_github_MitjaNemec_ReplicateLayout.replicate_layout 991:Dst text UUid:d0eff462-e1b5-4400-9237-0c263011223d
03-28 22:08:38 com_github_MitjaNemec_ReplicateLayout.replicate_layout 990:Src text UUid:d21aa9be-50e0-48e5-af53-4442881ce2fe
03-28 22:08:38 com_github_MitjaNemec_ReplicateLayout.replicate_layout 991:Dst text UUid:4524a01c-a063-4aa5-943b-d5007d5168fc
03-28 22:08:38 com_github_MitjaNemec_ReplicateLayout.replicate_layout 888:Replicating footprint: 'C45'
03-28 22:08:38 com_github_MitjaNemec_ReplicateLayout.replicate_layout 835:Src fp.id: '729CAF2D-909A-4877-8D76-025AAC8E9CC6'
03-28 22:08:38 com_github_MitjaNemec_ReplicateLayout.replicate_layout 839:Dst fp.id: '729CAF2D-909A-4877-8D76-025AAC8E9CC6'
03-28 22:08:38 com_github_MitjaNemec_ReplicateLayout.replicate_layout 895:found match in dst footprint: 'C30'
03-28 22:08:38 com_github_MitjaNemec_ReplicateLayout.replicate_layout 990:Src text UUid:ebbb204b-0cf8-40a6-a8f5-5804c6763149
03-28 22:08:38 com_github_MitjaNemec_ReplicateLayout.replicate_layout 991:Dst text UUid:6c84be86-574d-43d2-b447-85a1a857c14b
03-28 22:08:38 com_github_MitjaNemec_ReplicateLayout.replicate_layout 990:Src text UUid:9d80efe4-fc96-4399-9ba6-cf35f853c5cc
03-28 22:08:38 com_github_MitjaNemec_ReplicateLayout.replicate_layout 991:Dst text UUid:5446877f-f69c-46bd-928d-2dfc16c91eb8
03-28 22:08:38 com_github_MitjaNemec_ReplicateLayout.replicate_layout 888:Replicating footprint: 'R44'
03-28 22:08:38 com_github_MitjaNemec_ReplicateLayout.replicate_layout 835:Src fp.id: 'FFEC7E6B-5589-4ED1-ACF0-79C9AE45C64D'
03-28 22:08:38 com_github_MitjaNemec_ReplicateLayout.replicate_layout 839:Dst fp.id: 'FFEC7E6B-5589-4ED1-ACF0-79C9AE45C64D'
03-28 22:08:38 com_github_MitjaNemec_ReplicateLayout.replicate_layout 895:found match in dst footprint: 'R7'
03-28 22:08:38 com_github_MitjaNemec_ReplicateLayout.replicate_layout 990:Src text UUid:6aa4a8d8-ce27-48fa-8366-9e2ef76ed1ed
03-28 22:08:38 com_github_MitjaNemec_ReplicateLayout.replicate_layout 991:Dst text UUid:82530ddc-41be-4ad6-be92-5c68f192d9d0
03-28 22:08:38 com_github_MitjaNemec_ReplicateLayout.replicate_layout 990:Src text UUid:236839e5-016e-473a-b91a-f92295bf12b7
03-28 22:08:38 com_github_MitjaNemec_ReplicateLayout.replicate_layout 991:Dst text UUid:9a1a198d-a629-451a-9c16-40c041e143ca
03-28 22:08:38 com_github_MitjaNemec_ReplicateLayout.replicate_layout 888:Replicating footprint: 'C47'
03-28 22:08:38 com_github_MitjaNemec_ReplicateLayout.replicate_layout 835:Src fp.id: '7E2D1D91-A471-40A0-958E-CD375832EE3E'
03-28 22:08:38 com_github_MitjaNemec_ReplicateLayout.replicate_layout 839:Dst fp.id: '7E2D1D91-A471-40A0-958E-CD375832EE3E'
03-28 22:08:38 com_github_MitjaNemec_ReplicateLayout.replicate_layout 895:found match in dst footprint: 'C29'
03-28 22:08:38 com_github_MitjaNemec_ReplicateLayout.replicate_layout 990:Src text UUid:74ec3781-4447-476e-a132-6f0dca999887
03-28 22:08:38 com_github_MitjaNemec_ReplicateLayout.replicate_layout 991:Dst text UUid:4300942d-23a6-41fa-b646-ca42ad16a9e9
03-28 22:08:38 com_github_MitjaNemec_ReplicateLayout.replicate_layout 990:Src text UUid:1a42ea39-49a1-4085-be3d-83941c286cd1
03-28 22:08:38 com_github_MitjaNemec_ReplicateLayout.replicate_layout 991:Dst text UUid:e6bbbf46-f0b0-4b10-89cf-b5f820171fbd
03-28 22:08:38 com_github_MitjaNemec_ReplicateLayout.replicate_layout 888:Replicating footprint: 'C38'
03-28 22:08:38 com_github_MitjaNemec_ReplicateLayout.replicate_layout 835:Src fp.id: '58C2D0FA-0683-4B74-876E-D1840FBD0C3A'
03-28 22:08:38 com_github_MitjaNemec_ReplicateLayout.replicate_layout 839:Dst fp.id: '58C2D0FA-0683-4B74-876E-D1840FBD0C3A'
03-28 22:08:38 com_github_MitjaNemec_ReplicateLayout.replicate_layout 895:found match in dst footprint: 'C25'
03-28 22:08:38 com_github_MitjaNemec_ReplicateLayout.replicate_layout 990:Src text UUid:338df9dd-fff5-4bf0-8072-192e2e90fe8a
03-28 22:08:38 com_github_MitjaNemec_ReplicateLayout.replicate_layout 991:Dst text UUid:bcc0cfc5-14c6-43a5-b0cc-15dec7a01433
03-28 22:08:38 com_github_MitjaNemec_ReplicateLayout.replicate_layout 990:Src text UUid:dafe4f78-35f5-4b61-b92a-a0fd3686c044
03-28 22:08:38 com_github_MitjaNemec_ReplicateLayout.replicate_layout 991:Dst text UUid:ece18d04-884a-415f-8f43-940435f16e87
03-28 22:08:38 com_github_MitjaNemec_ReplicateLayout.replicate_layout 888:Replicating footprint: 'D7'
03-28 22:08:38 com_github_MitjaNemec_ReplicateLayout.replicate_layout 835:Src fp.id: '8F4DDC10-4DFE-4ABC-82A6-36DEBF244A69'
03-28 22:08:38 com_github_MitjaNemec_ReplicateLayout.replicate_layout 839:Dst fp.id: '8F4DDC10-4DFE-4ABC-82A6-36DEBF244A69'
03-28 22:08:38 com_github_MitjaNemec_ReplicateLayout.replicate_layout 895:found match in dst footprint: 'D5'
03-28 22:08:38 com_github_MitjaNemec_ReplicateLayout.replicate_layout 990:Src text UUid:bb5b6110-6202-4c0b-8023-ff71180ac786
03-28 22:08:38 com_github_MitjaNemec_ReplicateLayout.replicate_layout 991:Dst text UUid:543197b1-dbc0-4190-af96-615d747b8067
03-28 22:08:38 com_github_MitjaNemec_ReplicateLayout.replicate_layout 990:Src text UUid:c4c01598-e988-4e61-af3a-32e03fbb9b54
03-28 22:08:38 com_github_MitjaNemec_ReplicateLayout.replicate_layout 991:Dst text UUid:dec2a3f3-4026-42a0-8c33-6d5ee6959e72
03-28 22:08:38 com_github_MitjaNemec_ReplicateLayout.replicate_layout 888:Replicating footprint: 'Rth1'
03-28 22:08:38 com_github_MitjaNemec_ReplicateLayout.replicate_layout 835:Src fp.id: '2DC2357B-3C97-40EC-88A0-27785FD153E9'
03-28 22:08:38 com_github_MitjaNemec_ReplicateLayout.replicate_layout 839:Dst fp.id: '2DC2357B-3C97-40EC-88A0-27785FD153E9'
03-28 22:08:38 com_github_MitjaNemec_ReplicateLayout.replicate_layout 895:found match in dst footprint: 'Rth3'
03-28 22:08:38 com_github_MitjaNemec_ReplicateLayout.replicate_layout 990:Src text UUid:9ec72dcc-8b93-46b5-9936-ce628ea29ab2
03-28 22:08:38 com_github_MitjaNemec_ReplicateLayout.replicate_layout 991:Dst text UUid:130d696d-3dad-42b6-b047-9703e1f914b7
03-28 22:08:38 com_github_MitjaNemec_ReplicateLayout.replicate_layout 990:Src text UUid:56333651-1302-47a0-be9d-3909ea19607b
03-28 22:08:38 com_github_MitjaNemec_ReplicateLayout.replicate_layout 991:Dst text UUid:8c513a3d-6e7a-48ad-ba66-1bb30ced41ba
03-28 22:08:38 com_github_MitjaNemec_ReplicateLayout.replicate_layout 888:Replicating footprint: 'R43'
03-28 22:08:38 com_github_MitjaNemec_ReplicateLayout.replicate_layout 835:Src fp.id: '708FD99D-09CF-4165-AF11-CF0EB2542B29'
03-28 22:08:38 com_github_MitjaNemec_ReplicateLayout.replicate_layout 839:Dst fp.id: '708FD99D-09CF-4165-AF11-CF0EB2542B29'
03-28 22:08:38 com_github_MitjaNemec_ReplicateLayout.replicate_layout 895:found match in dst footprint: 'R11'
03-28 22:08:38 com_github_MitjaNemec_ReplicateLayout.replicate_layout 990:Src text UUid:7ce797ec-29b2-4666-961b-8323d2fb6cc6
03-28 22:08:38 com_github_MitjaNemec_ReplicateLayout.replicate_layout 991:Dst text UUid:a37c857a-2cc8-4199-8a99-4905d52eb7a8
03-28 22:08:38 com_github_MitjaNemec_ReplicateLayout.replicate_layout 990:Src text UUid:94218c6c-2aa9-4a3a-9fba-def3b5ac5d8d
03-28 22:08:38 com_github_MitjaNemec_ReplicateLayout.replicate_layout 991:Dst text UUid:578403ee-6724-48a1-9dd0-3ffa72d8d6b9
03-28 22:08:38 com_github_MitjaNemec_ReplicateLayout.replicate_layout 888:Replicating footprint: 'C49'
03-28 22:08:38 com_github_MitjaNemec_ReplicateLayout.replicate_layout 835:Src fp.id: '5347C5D2-4C06-4160-BBFA-5C7BB0D5CF9D'
03-28 22:08:38 com_github_MitjaNemec_ReplicateLayout.replicate_layout 839:Dst fp.id: '5347C5D2-4C06-4160-BBFA-5C7BB0D5CF9D'
03-28 22:08:38 com_github_MitjaNemec_ReplicateLayout.replicate_layout 895:found match in dst footprint: 'C27'
03-28 22:08:38 com_github_MitjaNemec_ReplicateLayout.replicate_layout 990:Src text UUid:0b9b886d-2428-4313-97fc-db39ca17c284
03-28 22:08:38 com_github_MitjaNemec_ReplicateLayout.replicate_layout 991:Dst text UUid:4fed09a4-f09b-4f4f-a44b-2bbc0c82bea0
03-28 22:08:38 com_github_MitjaNemec_ReplicateLayout.replicate_layout 990:Src text UUid:95bfe412-1d77-4388-913f-404f6b87db2a
03-28 22:08:38 com_github_MitjaNemec_ReplicateLayout.replicate_layout 991:Dst text UUid:45573a4f-b24c-4860-9b5b-ee98574c4b60
03-28 22:08:38 com_github_MitjaNemec_ReplicateLayout.replicate_layout 888:Replicating footprint: 'R41'
03-28 22:08:38 com_github_MitjaNemec_ReplicateLayout.replicate_layout 835:Src fp.id: 'C39A2AE3-BEC3-44A7-8FFB-6D0F2D9C9E87'
03-28 22:08:38 com_github_MitjaNemec_ReplicateLayout.replicate_layout 839:Dst fp.id: 'C39A2AE3-BEC3-44A7-8FFB-6D0F2D9C9E87'
03-28 22:08:38 com_github_MitjaNemec_ReplicateLayout.replicate_layout 895:found match in dst footprint: 'R8'
03-28 22:08:38 com_github_MitjaNemec_ReplicateLayout.replicate_layout 990:Src text UUid:ee7ece01-4ba0-4a55-a58e-1a2362bb70e1
03-28 22:08:38 com_github_MitjaNemec_ReplicateLayout.replicate_layout 991:Dst text UUid:90381203-9fe0-4ed7-9c7a-c55b0f18ee87
03-28 22:08:38 com_github_MitjaNemec_ReplicateLayout.replicate_layout 990:Src text UUid:6d7fe0c1-7f82-46a1-8270-f42940aa2d0b
03-28 22:08:38 com_github_MitjaNemec_ReplicateLayout.replicate_layout 991:Dst text UUid:33e48077-0649-494e-b05d-d42f65dd31dd
03-28 22:08:38 com_github_MitjaNemec_ReplicateLayout.replicate_layout 888:Replicating footprint: 'C52'
03-28 22:08:38 com_github_MitjaNemec_ReplicateLayout.replicate_layout 835:Src fp.id: 'DDDB92D7-D84D-40C6-BD76-341C96BDF9CB'
03-28 22:08:38 com_github_MitjaNemec_ReplicateLayout.replicate_layout 839:Dst fp.id: 'DDDB92D7-D84D-40C6-BD76-341C96BDF9CB'
03-28 22:08:38 com_github_MitjaNemec_ReplicateLayout.replicate_layout 895:found match in dst footprint: 'C43'
03-28 22:08:38 com_github_MitjaNemec_ReplicateLayout.replicate_layout 990:Src text UUid:5a8ba203-aac0-45ad-9044-2e77d6ca61da
03-28 22:08:38 com_github_MitjaNemec_ReplicateLayout.replicate_layout 991:Dst text UUid:06d12c97-4fcb-4f7e-8796-db18c1c6b771
03-28 22:08:38 com_github_MitjaNemec_ReplicateLayout.replicate_layout 990:Src text UUid:df5994bc-ef3b-4493-82cf-bb3f6ccbad2a
03-28 22:08:38 com_github_MitjaNemec_ReplicateLayout.replicate_layout 991:Dst text UUid:5f8058a6-0605-48eb-bde4-a460e364b4a2
03-28 22:08:38 com_github_MitjaNemec_ReplicateLayout.replicate_layout 888:Replicating footprint: 'Cthp1'
03-28 22:08:38 com_github_MitjaNemec_ReplicateLayout.replicate_layout 835:Src fp.id: '0212BC0A-DB64-43BC-BFD4-1B5609818C43'
03-28 22:08:38 com_github_MitjaNemec_ReplicateLayout.replicate_layout 839:Dst fp.id: '0212BC0A-DB64-43BC-BFD4-1B5609818C43'
03-28 22:08:38 com_github_MitjaNemec_ReplicateLayout.replicate_layout 895:found match in dst footprint: 'Cthp3'
03-28 22:08:38 com_github_MitjaNemec_ReplicateLayout.replicate_layout 990:Src text UUid:e2ac0696-6f9c-4b02-9aa2-2d1ff939b95f
03-28 22:08:38 com_github_MitjaNemec_ReplicateLayout.replicate_layout 991:Dst text UUid:14bb1120-1589-42e7-aafa-64915f8336ba
03-28 22:08:38 com_github_MitjaNemec_ReplicateLayout.replicate_layout 990:Src text UUid:ea5a1c96-738a-4e22-997a-d04acc9946d8
03-28 22:08:38 com_github_MitjaNemec_ReplicateLayout.replicate_layout 991:Dst text UUid:cdaf2c80-e252-4288-b673-20860398fd5d
03-28 22:08:38 com_github_MitjaNemec_ReplicateLayout.replicate_layout 888:Replicating footprint: 'D6'
03-28 22:08:38 com_github_MitjaNemec_ReplicateLayout.replicate_layout 835:Src fp.id: '4C55DA5A-F83F-42CC-900F-7C251B4214EB'
03-28 22:08:38 com_github_MitjaNemec_ReplicateLayout.replicate_layout 839:Dst fp.id: '4C55DA5A-F83F-42CC-900F-7C251B4214EB'
03-28 22:08:38 com_github_MitjaNemec_ReplicateLayout.replicate_layout 895:found match in dst footprint: 'D4'
03-28 22:08:38 com_github_MitjaNemec_ReplicateLayout.replicate_layout 990:Src text UUid:b33ba60f-7ef0-4713-8024-038862b5dd49
03-28 22:08:38 com_github_MitjaNemec_ReplicateLayout.replicate_layout 991:Dst text UUid:9769dfae-b9fa-49bb-8f0c-378ab22fea79
03-28 22:08:38 com_github_MitjaNemec_ReplicateLayout.replicate_layout 990:Src text UUid:695eba28-15f1-48a4-b431-ba04e9ca0f39
03-28 22:08:38 com_github_MitjaNemec_ReplicateLayout.replicate_layout 991:Dst text UUid:f3a142e0-1014-4118-b8ee-1f326271831b
03-28 22:08:38 com_github_MitjaNemec_ReplicateLayout.replicate_layout 888:Replicating footprint: 'C50'
03-28 22:08:38 com_github_MitjaNemec_ReplicateLayout.replicate_layout 835:Src fp.id: '0F9400ED-26D2-4AA0-9DF9-05F74E3408FC'
03-28 22:08:38 com_github_MitjaNemec_ReplicateLayout.replicate_layout 839:Dst fp.id: '0F9400ED-26D2-4AA0-9DF9-05F74E3408FC'
03-28 22:08:38 com_github_MitjaNemec_ReplicateLayout.replicate_layout 895:found match in dst footprint: 'C33'
03-28 22:08:38 com_github_MitjaNemec_ReplicateLayout.replicate_layout 990:Src text UUid:fce138c7-f102-489d-a792-691dfbcb38b5
03-28 22:08:38 com_github_MitjaNemec_ReplicateLayout.replicate_layout 991:Dst text UUid:45ac8fc4-3c6e-4e29-b736-003ed90a4c9f
03-28 22:08:38 com_github_MitjaNemec_ReplicateLayout.replicate_layout 990:Src text UUid:39664095-5a02-489e-82ef-4dc6a1710e27
03-28 22:08:38 com_github_MitjaNemec_ReplicateLayout.replicate_layout 991:Dst text UUid:e56eeb67-ee59-4092-ae78-2d505e336cdd
03-28 22:08:38 com_github_MitjaNemec_ReplicateLayout.replicate_layout 888:Replicating footprint: 'C39'
03-28 22:08:38 com_github_MitjaNemec_ReplicateLayout.replicate_layout 835:Src fp.id: '6A17F9E6-DC17-404A-BB68-5CC0CB96106D'
03-28 22:08:38 com_github_MitjaNemec_ReplicateLayout.replicate_layout 839:Dst fp.id: '6A17F9E6-DC17-404A-BB68-5CC0CB96106D'
03-28 22:08:38 com_github_MitjaNemec_ReplicateLayout.replicate_layout 895:found match in dst footprint: 'C26'
03-28 22:08:38 com_github_MitjaNemec_ReplicateLayout.replicate_layout 990:Src text UUid:1fc73dee-5b72-4efc-8336-28d570323a72
03-28 22:08:38 com_github_MitjaNemec_ReplicateLayout.replicate_layout 991:Dst text UUid:15fb410e-9a39-42ce-9703-2dab0fa38b9e
03-28 22:08:38 com_github_MitjaNemec_ReplicateLayout.replicate_layout 990:Src text UUid:6f42fa62-fd3b-4962-89ca-2cfda2f1ce02
03-28 22:08:38 com_github_MitjaNemec_ReplicateLayout.replicate_layout 991:Dst text UUid:71c38166-be20-4ac3-af69-e6201e8a7f71
03-28 22:08:38 com_github_MitjaNemec_ReplicateLayout.replicate_layout 888:Replicating footprint: 'C48'
03-28 22:08:38 com_github_MitjaNemec_ReplicateLayout.replicate_layout 835:Src fp.id: '494E2448-288F-48E4-8A1F-AA0CBD0005C7'
03-28 22:08:38 com_github_MitjaNemec_ReplicateLayout.replicate_layout 839:Dst fp.id: '494E2448-288F-48E4-8A1F-AA0CBD0005C7'
03-28 22:08:38 com_github_MitjaNemec_ReplicateLayout.replicate_layout 895:found match in dst footprint: 'C32'
03-28 22:08:38 com_github_MitjaNemec_ReplicateLayout.replicate_layout 990:Src text UUid:17b1e5b2-6932-43f8-8a2e-7035daabc4b7
03-28 22:08:38 com_github_MitjaNemec_ReplicateLayout.replicate_layout 991:Dst text UUid:2e99b85c-5bab-454e-98f0-32c935ac2d45
03-28 22:08:38 com_github_MitjaNemec_ReplicateLayout.replicate_layout 990:Src text UUid:96b203fb-9b11-4361-bc5e-1d6e84301356
03-28 22:08:38 com_github_MitjaNemec_ReplicateLayout.replicate_layout 991:Dst text UUid:22295419-408a-4c1b-9215-cc33980e1a2e
03-28 22:08:38 com_github_MitjaNemec_ReplicateLayout.replicate_layout 888:Replicating footprint: 'U9'
03-28 22:08:38 com_github_MitjaNemec_ReplicateLayout.replicate_layout 835:Src fp.id: '5291D630-94D4-4766-B07F-1CB92DB99E1A'
03-28 22:08:38 com_github_MitjaNemec_ReplicateLayout.replicate_layout 839:Dst fp.id: '5291D630-94D4-4766-B07F-1CB92DB99E1A'
03-28 22:08:38 com_github_MitjaNemec_ReplicateLayout.replicate_layout 895:found match in dst footprint: 'U3'
03-28 22:08:38 com_github_MitjaNemec_ReplicateLayout.replicate_layout 990:Src text UUid:613e8c0d-32d2-414a-abc7-88caa504ef61
03-28 22:08:38 com_github_MitjaNemec_ReplicateLayout.replicate_layout 991:Dst text UUid:5eff06db-5864-4d36-adf4-6853c53278a5
03-28 22:08:38 com_github_MitjaNemec_ReplicateLayout.replicate_layout 990:Src text UUid:15aeba96-e5ad-43fd-9bbe-018634834a61
03-28 22:08:38 com_github_MitjaNemec_ReplicateLayout.replicate_layout 991:Dst text UUid:bf671e1e-1a4f-4897-87f8-95918abb1301
03-28 22:08:38 com_github_MitjaNemec_ReplicateLayout.replicate_layout 888:Replicating footprint: 'R45'
03-28 22:08:38 com_github_MitjaNemec_ReplicateLayout.replicate_layout 835:Src fp.id: 'F0C1E3ED-25D6-4538-B367-9704F9E2DDDC'
03-28 22:08:38 com_github_MitjaNemec_ReplicateLayout.replicate_layout 839:Dst fp.id: 'F0C1E3ED-25D6-4538-B367-9704F9E2DDDC'
03-28 22:08:38 com_github_MitjaNemec_ReplicateLayout.replicate_layout 895:found match in dst footprint: 'R10'
03-28 22:08:38 com_github_MitjaNemec_ReplicateLayout.replicate_layout 990:Src text UUid:f4e2166c-9399-41ea-b0b8-8cd2c2679f1b
03-28 22:08:38 com_github_MitjaNemec_ReplicateLayout.replicate_layout 991:Dst text UUid:6b6eb5cc-92ea-4878-b291-447a3c677da5
03-28 22:08:38 com_github_MitjaNemec_ReplicateLayout.replicate_layout 990:Src text UUid:aa08800d-569e-4b48-9cac-35840d208c21
03-28 22:08:38 com_github_MitjaNemec_ReplicateLayout.replicate_layout 991:Dst text UUid:451104b0-9ff0-4a6f-986c-48d25871a900
03-28 22:08:38 com_github_MitjaNemec_ReplicateLayout.replicate_layout 888:Replicating footprint: 'C37'
03-28 22:08:38 com_github_MitjaNemec_ReplicateLayout.replicate_layout 835:Src fp.id: '40D132C0-1E21-4391-8D7A-1E18C1DD582A'
03-28 22:08:38 com_github_MitjaNemec_ReplicateLayout.replicate_layout 839:Dst fp.id: '40D132C0-1E21-4391-8D7A-1E18C1DD582A'
03-28 22:08:38 com_github_MitjaNemec_ReplicateLayout.replicate_layout 895:found match in dst footprint: 'C24'
03-28 22:08:38 com_github_MitjaNemec_ReplicateLayout.replicate_layout 990:Src text UUid:5948a2c0-9f35-47b8-bafe-9aaa0a76f706
03-28 22:08:38 com_github_MitjaNemec_ReplicateLayout.replicate_layout 991:Dst text UUid:2ccdae96-3e0d-4f2f-b7e8-442d9efce926
03-28 22:08:38 com_github_MitjaNemec_ReplicateLayout.replicate_layout 990:Src text UUid:a47cd3cc-6800-4df6-9d79-a9e7ce81dd0b
03-28 22:08:38 com_github_MitjaNemec_ReplicateLayout.replicate_layout 991:Dst text UUid:ea52a0f6-53b8-4fe1-8f7b-1e92adc5b3de
03-28 22:08:38 com_github_MitjaNemec_ReplicateLayout.replicate_layout 870:Replicating footprints on sheet ['/LT8705A3/']
03-28 22:08:38 com_github_MitjaNemec_ReplicateLayout.replicate_layout 835:Src fp.id: '5291D630-94D4-4766-B07F-1CB92DB99E1A'
03-28 22:08:38 com_github_MitjaNemec_ReplicateLayout.replicate_layout 839:Dst fp.id: '5291D630-94D4-4766-B07F-1CB92DB99E1A'
03-28 22:08:38 com_github_MitjaNemec_ReplicateLayout.replicate_layout 888:Replicating footprint: 'Q3'
03-28 22:08:38 root 345:updating GUI with: 67
03-28 22:08:38 com_github_MitjaNemec_ReplicateLayout.replicate_layout 835:Src fp.id: 'E079E65F-CAA3-4E79-B916-81AC5729F0BB'
03-28 22:08:38 com_github_MitjaNemec_ReplicateLayout.replicate_layout 839:Dst fp.id: 'E079E65F-CAA3-4E79-B916-81AC5729F0BB'
03-28 22:08:38 com_github_MitjaNemec_ReplicateLayout.replicate_layout 895:found match in dst footprint: 'Q15'
03-28 22:08:38 com_github_MitjaNemec_ReplicateLayout.replicate_layout 990:Src text UUid:3eafd7bf-f9d6-4152-bdfe-93a97829f351
03-28 22:08:38 com_github_MitjaNemec_ReplicateLayout.replicate_layout 991:Dst text UUid:e1f4c456-9512-47c8-9fea-a5396b406e47
03-28 22:08:38 com_github_MitjaNemec_ReplicateLayout.replicate_layout 990:Src text UUid:453a459c-5e6b-4449-99c4-c987e127aec7
03-28 22:08:38 com_github_MitjaNemec_ReplicateLayout.replicate_layout 991:Dst text UUid:203b1316-62cf-4623-8def-8b3b2f865658
03-28 22:08:38 com_github_MitjaNemec_ReplicateLayout.replicate_layout 888:Replicating footprint: 'C7'
03-28 22:08:38 root 345:updating GUI with: 68
03-28 22:08:38 com_github_MitjaNemec_ReplicateLayout.replicate_layout 835:Src fp.id: '4DE2A7C0-9369-4E27-9736-6FC2745CF849'
03-28 22:08:38 com_github_MitjaNemec_ReplicateLayout.replicate_layout 839:Dst fp.id: '4DE2A7C0-9369-4E27-9736-6FC2745CF849'
03-28 22:08:38 com_github_MitjaNemec_ReplicateLayout.replicate_layout 895:found match in dst footprint: 'C68'
03-28 22:08:38 com_github_MitjaNemec_ReplicateLayout.replicate_layout 990:Src text UUid:6713c5ac-f6b4-4c13-8b90-269246ceb2b3
03-28 22:08:38 com_github_MitjaNemec_ReplicateLayout.replicate_layout 991:Dst text UUid:48463e76-1b03-46c0-a30d-91b05b171419
03-28 22:08:38 com_github_MitjaNemec_ReplicateLayout.replicate_layout 990:Src text UUid:dd36c53e-6b27-4f99-99e3-3b2ba314fb0d
03-28 22:08:38 com_github_MitjaNemec_ReplicateLayout.replicate_layout 991:Dst text UUid:881b2e1a-586c-486b-b3a7-ae7c3acaab40
03-28 22:08:38 com_github_MitjaNemec_ReplicateLayout.replicate_layout 888:Replicating footprint: 'Q6'
03-28 22:08:38 com_github_MitjaNemec_ReplicateLayout.replicate_layout 835:Src fp.id: '6A15804F-B935-4B14-8179-2BD494B5909F'
03-28 22:08:38 com_github_MitjaNemec_ReplicateLayout.replicate_layout 839:Dst fp.id: '6A15804F-B935-4B14-8179-2BD494B5909F'
03-28 22:08:38 com_github_MitjaNemec_ReplicateLayout.replicate_layout 895:found match in dst footprint: 'Q18'
03-28 22:08:38 com_github_MitjaNemec_ReplicateLayout.replicate_layout 990:Src text UUid:20f3c36e-ede7-456b-b5a0-3959efd676e9
03-28 22:08:38 com_github_MitjaNemec_ReplicateLayout.replicate_layout 991:Dst text UUid:b0cd6fe4-9041-47a9-8a38-040fc2b9a11b
03-28 22:08:38 com_github_MitjaNemec_ReplicateLayout.replicate_layout 990:Src text UUid:ffec2acc-347e-49b7-99a5-a76262550d9f
03-28 22:08:38 com_github_MitjaNemec_ReplicateLayout.replicate_layout 991:Dst text UUid:51c292ab-c33b-4df1-baf7-14655626b760
03-28 22:08:38 com_github_MitjaNemec_ReplicateLayout.replicate_layout 888:Replicating footprint: 'C40'
03-28 22:08:38 com_github_MitjaNemec_ReplicateLayout.replicate_layout 835:Src fp.id: 'F35DA7CF-3275-4948-BF95-413ABBEC2E2A'
03-28 22:08:38 com_github_MitjaNemec_ReplicateLayout.replicate_layout 839:Dst fp.id: 'F35DA7CF-3275-4948-BF95-413ABBEC2E2A'
03-28 22:08:38 com_github_MitjaNemec_ReplicateLayout.replicate_layout 895:found match in dst footprint: 'C70'
03-28 22:08:38 com_github_MitjaNemec_ReplicateLayout.replicate_layout 990:Src text UUid:b76c3352-b399-4c3e-91c0-bf018e455831
03-28 22:08:38 com_github_MitjaNemec_ReplicateLayout.replicate_layout 991:Dst text UUid:d4e7b512-6570-4575-bccb-aa397f16e4cd
03-28 22:08:38 com_github_MitjaNemec_ReplicateLayout.replicate_layout 990:Src text UUid:bbdbaa53-b3b7-4c13-bf97-5a55bee8a4c4
03-28 22:08:38 com_github_MitjaNemec_ReplicateLayout.replicate_layout 991:Dst text UUid:52db8d7e-5e42-41de-81dc-3fcd7c58b437
03-28 22:08:38 com_github_MitjaNemec_ReplicateLayout.replicate_layout 888:Replicating footprint: 'C42'
03-28 22:08:38 com_github_MitjaNemec_ReplicateLayout.replicate_layout 835:Src fp.id: '8A84A0D6-1819-4D17-9A19-7BFBAD5379FB'
03-28 22:08:38 com_github_MitjaNemec_ReplicateLayout.replicate_layout 839:Dst fp.id: '8A84A0D6-1819-4D17-9A19-7BFBAD5379FB'
03-28 22:08:38 com_github_MitjaNemec_ReplicateLayout.replicate_layout 895:found match in dst footprint: 'C72'
03-28 22:08:38 com_github_MitjaNemec_ReplicateLayout.replicate_layout 990:Src text UUid:a53d5d72-dd97-4650-9fa3-70604ed047df
03-28 22:08:38 com_github_MitjaNemec_ReplicateLayout.replicate_layout 991:Dst text UUid:ea249fff-1d47-4fb9-a7e7-2a6a8a71757b
03-28 22:08:38 com_github_MitjaNemec_ReplicateLayout.replicate_layout 990:Src text UUid:d23cfc56-92f4-4b16-812e-df18aee1e2f8
03-28 22:08:38 com_github_MitjaNemec_ReplicateLayout.replicate_layout 991:Dst text UUid:d02d83fd-b490-46ed-a972-b9f84506b181
03-28 22:08:38 com_github_MitjaNemec_ReplicateLayout.replicate_layout 888:Replicating footprint: 'Q4'
03-28 22:08:38 com_github_MitjaNemec_ReplicateLayout.replicate_layout 835:Src fp.id: 'B838BC60-A2B2-4C59-80E0-9956D960B453'
03-28 22:08:38 com_github_MitjaNemec_ReplicateLayout.replicate_layout 839:Dst fp.id: 'B838BC60-A2B2-4C59-80E0-9956D960B453'
03-28 22:08:38 com_github_MitjaNemec_ReplicateLayout.replicate_layout 895:found match in dst footprint: 'Q17'
03-28 22:08:38 com_github_MitjaNemec_ReplicateLayout.replicate_layout 990:Src text UUid:d772ebea-47a3-4cf1-986b-d84c90430bb6
03-28 22:08:38 com_github_MitjaNemec_ReplicateLayout.replicate_layout 991:Dst text UUid:e850f299-0b18-40f0-9805-6ee7d1c4309b
03-28 22:08:38 com_github_MitjaNemec_ReplicateLayout.replicate_layout 990:Src text UUid:36dd2181-d4c5-4246-b8ff-3bb9b738e042
03-28 22:08:38 com_github_MitjaNemec_ReplicateLayout.replicate_layout 991:Dst text UUid:17b79589-3d16-471b-9918-0a7a5426a841
03-28 22:08:38 com_github_MitjaNemec_ReplicateLayout.replicate_layout 888:Replicating footprint: 'C41'
03-28 22:08:38 com_github_MitjaNemec_ReplicateLayout.replicate_layout 835:Src fp.id: '4C0C7D78-A80E-44E3-ABE8-F22D88919E71'
03-28 22:08:38 com_github_MitjaNemec_ReplicateLayout.replicate_layout 839:Dst fp.id: '4C0C7D78-A80E-44E3-ABE8-F22D88919E71'
03-28 22:08:38 com_github_MitjaNemec_ReplicateLayout.replicate_layout 895:found match in dst footprint: 'C71'
03-28 22:08:38 com_github_MitjaNemec_ReplicateLayout.replicate_layout 990:Src text UUid:e86dfbff-8591-44ec-86e9-5e148ab33218
03-28 22:08:38 com_github_MitjaNemec_ReplicateLayout.replicate_layout 991:Dst text UUid:44cfe0ee-fb0e-409f-bd29-dabce53d7878
03-28 22:08:38 com_github_MitjaNemec_ReplicateLayout.replicate_layout 990:Src text UUid:567837d5-d2ff-4f33-885f-10c9e4ff52c4
03-28 22:08:38 com_github_MitjaNemec_ReplicateLayout.replicate_layout 991:Dst text UUid:4ca888f7-c0f3-43a6-a18f-21c7462a8411
03-28 22:08:38 com_github_MitjaNemec_ReplicateLayout.replicate_layout 888:Replicating footprint: 'Q5'
03-28 22:08:38 com_github_MitjaNemec_ReplicateLayout.replicate_layout 835:Src fp.id: '60DBFC31-0B19-41B1-8500-0FBD10A9AE1A'
03-28 22:08:38 com_github_MitjaNemec_ReplicateLayout.replicate_layout 839:Dst fp.id: '60DBFC31-0B19-41B1-8500-0FBD10A9AE1A'
03-28 22:08:38 com_github_MitjaNemec_ReplicateLayout.replicate_layout 895:found match in dst footprint: 'Q16'
03-28 22:08:38 com_github_MitjaNemec_ReplicateLayout.replicate_layout 990:Src text UUid:08b480b6-5930-4dbe-862d-601dd6c18c6c
03-28 22:08:38 com_github_MitjaNemec_ReplicateLayout.replicate_layout 991:Dst text UUid:b1907051-e549-4d1a-8f9b-452f68c42eef
03-28 22:08:38 com_github_MitjaNemec_ReplicateLayout.replicate_layout 990:Src text UUid:debaf8ce-3346-4d05-8314-f8749154131c
03-28 22:08:38 com_github_MitjaNemec_ReplicateLayout.replicate_layout 991:Dst text UUid:ed1dcebc-7617-42fd-96c0-ec1247df8a0a
03-28 22:08:38 com_github_MitjaNemec_ReplicateLayout.replicate_layout 888:Replicating footprint: 'Rsense2'
03-28 22:08:38 com_github_MitjaNemec_ReplicateLayout.replicate_layout 835:Src fp.id: 'BB223C3A-F72C-4CE9-B96E-9907F1042C0F'
03-28 22:08:38 com_github_MitjaNemec_ReplicateLayout.replicate_layout 839:Dst fp.id: 'BB223C3A-F72C-4CE9-B96E-9907F1042C0F'
03-28 22:08:38 com_github_MitjaNemec_ReplicateLayout.replicate_layout 895:found match in dst footprint: 'Rsense7'
03-28 22:08:38 com_github_MitjaNemec_ReplicateLayout.replicate_layout 990:Src text UUid:e2ce7829-cd0d-4f64-ba55-df33499640f7
03-28 22:08:38 com_github_MitjaNemec_ReplicateLayout.replicate_layout 991:Dst text UUid:e9e26603-98f9-4776-8ecb-4c0db93987db
03-28 22:08:38 com_github_MitjaNemec_ReplicateLayout.replicate_layout 990:Src text UUid:2366f11b-0834-46ac-9705-ab0ee84dcff3
03-28 22:08:38 com_github_MitjaNemec_ReplicateLayout.replicate_layout 991:Dst text UUid:bb2002b6-7d30-432e-a43c-6b6183517021
03-28 22:08:38 com_github_MitjaNemec_ReplicateLayout.replicate_layout 888:Replicating footprint: 'Rfreq1'
03-28 22:08:38 com_github_MitjaNemec_ReplicateLayout.replicate_layout 835:Src fp.id: '8687F9EB-6AB2-4190-84BD-0322BCD42285'
03-28 22:08:38 com_github_MitjaNemec_ReplicateLayout.replicate_layout 839:Dst fp.id: '8687F9EB-6AB2-4190-84BD-0322BCD42285'
03-28 22:08:38 com_github_MitjaNemec_ReplicateLayout.replicate_layout 895:found match in dst footprint: 'Rfreq7'
03-28 22:08:38 com_github_MitjaNemec_ReplicateLayout.replicate_layout 990:Src text UUid:890f4397-ac3a-492a-81ed-769a416415a1
03-28 22:08:38 com_github_MitjaNemec_ReplicateLayout.replicate_layout 991:Dst text UUid:3edfcf96-17bc-457c-ae42-df03f7c121e5
03-28 22:08:38 com_github_MitjaNemec_ReplicateLayout.replicate_layout 990:Src text UUid:8f624337-8dc7-426d-9fc2-f1d5a516b702
03-28 22:08:38 com_github_MitjaNemec_ReplicateLayout.replicate_layout 991:Dst text UUid:4a36047c-a7d7-4dc1-b31a-32e9ad49a40a
03-28 22:08:38 com_github_MitjaNemec_ReplicateLayout.replicate_layout 888:Replicating footprint: 'C46'
03-28 22:08:38 com_github_MitjaNemec_ReplicateLayout.replicate_layout 835:Src fp.id: '8CEB302C-B966-4B5B-AA54-CB2255832745'
03-28 22:08:38 com_github_MitjaNemec_ReplicateLayout.replicate_layout 839:Dst fp.id: '8CEB302C-B966-4B5B-AA54-CB2255832745'
03-28 22:08:38 com_github_MitjaNemec_ReplicateLayout.replicate_layout 895:found match in dst footprint: 'C64'
03-28 22:08:38 com_github_MitjaNemec_ReplicateLayout.replicate_layout 990:Src text UUid:8a0e111b-7c11-49a4-9181-2bc373987e65
03-28 22:08:38 com_github_MitjaNemec_ReplicateLayout.replicate_layout 991:Dst text UUid:5ec05a0b-dae1-47b3-8d34-602d72367ca4
03-28 22:08:38 com_github_MitjaNemec_ReplicateLayout.replicate_layout 990:Src text UUid:a419f1b0-abc9-4b22-b249-288f2899c7db
03-28 22:08:38 com_github_MitjaNemec_ReplicateLayout.replicate_layout 991:Dst text UUid:e3d3cd91-f2a2-4d5c-92f4-08b1ceb352e2
03-28 22:08:38 com_github_MitjaNemec_ReplicateLayout.replicate_layout 888:Replicating footprint: 'CfbBot1'
03-28 22:08:38 com_github_MitjaNemec_ReplicateLayout.replicate_layout 835:Src fp.id: '5D592C8B-9851-403D-897A-92B2C4CA6D56'
03-28 22:08:38 com_github_MitjaNemec_ReplicateLayout.replicate_layout 839:Dst fp.id: '5D592C8B-9851-403D-897A-92B2C4CA6D56'
03-28 22:08:38 com_github_MitjaNemec_ReplicateLayout.replicate_layout 895:found match in dst footprint: 'CfbBot4'
03-28 22:08:38 com_github_MitjaNemec_ReplicateLayout.replicate_layout 990:Src text UUid:16bb5a36-2ee8-4440-99c8-d7ad22b2eb35
03-28 22:08:38 com_github_MitjaNemec_ReplicateLayout.replicate_layout 991:Dst text UUid:4c3e6a6d-c0ed-4b4f-bfa2-2fb6cc6f2acc
03-28 22:08:38 com_github_MitjaNemec_ReplicateLayout.replicate_layout 990:Src text UUid:e4e6c730-5c10-4a4b-be47-bb0fd23b2f04
03-28 22:08:38 com_github_MitjaNemec_ReplicateLayout.replicate_layout 991:Dst text UUid:6f4da9d2-0122-4580-b38c-c955a9cdb088
03-28 22:08:38 com_github_MitjaNemec_ReplicateLayout.replicate_layout 888:Replicating footprint: 'Cth1'
03-28 22:08:38 com_github_MitjaNemec_ReplicateLayout.replicate_layout 835:Src fp.id: 'D5D6A283-BC01-424C-BA62-3944320CE965'
03-28 22:08:38 com_github_MitjaNemec_ReplicateLayout.replicate_layout 839:Dst fp.id: 'D5D6A283-BC01-424C-BA62-3944320CE965'
03-28 22:08:38 com_github_MitjaNemec_ReplicateLayout.replicate_layout 895:found match in dst footprint: 'Cth4'
03-28 22:08:38 com_github_MitjaNemec_ReplicateLayout.replicate_layout 990:Src text UUid:86065d26-19b5-4621-a70a-ad1e1baf4927
03-28 22:08:38 com_github_MitjaNemec_ReplicateLayout.replicate_layout 991:Dst text UUid:a07c9f9c-7f64-44d0-8aa9-f47058b74c61
03-28 22:08:38 com_github_MitjaNemec_ReplicateLayout.replicate_layout 990:Src text UUid:640e5775-7cc7-4211-956a-6e87a4062ae1
03-28 22:08:38 com_github_MitjaNemec_ReplicateLayout.replicate_layout 991:Dst text UUid:4fdf9bde-5947-4831-b36c-97983d371896
03-28 22:08:38 com_github_MitjaNemec_ReplicateLayout.replicate_layout 888:Replicating footprint: 'Rfreq2'
03-28 22:08:38 com_github_MitjaNemec_ReplicateLayout.replicate_layout 835:Src fp.id: 'EDD7234F-4D44-4637-9C08-BA42B213F894'
03-28 22:08:38 com_github_MitjaNemec_ReplicateLayout.replicate_layout 839:Dst fp.id: 'EDD7234F-4D44-4637-9C08-BA42B213F894'
03-28 22:08:38 com_github_MitjaNemec_ReplicateLayout.replicate_layout 895:found match in dst footprint: 'Rfreq8'
03-28 22:08:38 com_github_MitjaNemec_ReplicateLayout.replicate_layout 990:Src text UUid:f10c8aec-62da-49b2-a2b7-8e696f7ee627
03-28 22:08:38 com_github_MitjaNemec_ReplicateLayout.replicate_layout 991:Dst text UUid:9db1be8f-de2d-48b6-96ef-86f7b4cab6b1
03-28 22:08:38 com_github_MitjaNemec_ReplicateLayout.replicate_layout 990:Src text UUid:dc851e3a-7c00-4b8c-8811-2ebbf3f16c35
03-28 22:08:38 com_github_MitjaNemec_ReplicateLayout.replicate_layout 991:Dst text UUid:213c90d0-d508-4aaa-a7bb-7793dfa7a58d
03-28 22:08:38 com_github_MitjaNemec_ReplicateLayout.replicate_layout 888:Replicating footprint: 'R42'
03-28 22:08:38 com_github_MitjaNemec_ReplicateLayout.replicate_layout 835:Src fp.id: '06B2E185-EAC9-415E-89C9-CF27627C5584'
03-28 22:08:38 com_github_MitjaNemec_ReplicateLayout.replicate_layout 839:Dst fp.id: '06B2E185-EAC9-415E-89C9-CF27627C5584'
03-28 22:08:38 com_github_MitjaNemec_ReplicateLayout.replicate_layout 895:found match in dst footprint: 'R25'
03-28 22:08:38 com_github_MitjaNemec_ReplicateLayout.replicate_layout 990:Src text UUid:990e27b4-d032-49c9-aa8c-5472d8b83c74
03-28 22:08:38 com_github_MitjaNemec_ReplicateLayout.replicate_layout 991:Dst text UUid:7b02dd43-d9cb-4616-8b88-512637359e6e
03-28 22:08:38 com_github_MitjaNemec_ReplicateLayout.replicate_layout 990:Src text UUid:bcc6a110-7639-4239-a2dd-651ce6de0dd4
03-28 22:08:38 com_github_MitjaNemec_ReplicateLayout.replicate_layout 991:Dst text UUid:b4ed8221-d4cb-4ad9-aebd-9cece93502e0
03-28 22:08:38 com_github_MitjaNemec_ReplicateLayout.replicate_layout 888:Replicating footprint: 'R46'
03-28 22:08:38 com_github_MitjaNemec_ReplicateLayout.replicate_layout 835:Src fp.id: '87B87B27-7E64-4C80-BFD2-77964EEDD10D'
03-28 22:08:38 com_github_MitjaNemec_ReplicateLayout.replicate_layout 839:Dst fp.id: '87B87B27-7E64-4C80-BFD2-77964EEDD10D'
03-28 22:08:38 com_github_MitjaNemec_ReplicateLayout.replicate_layout 895:found match in dst footprint: 'R28'
03-28 22:08:38 com_github_MitjaNemec_ReplicateLayout.replicate_layout 990:Src text UUid:206fb398-f47b-4ca5-b30f-621d5c2f1dbc
03-28 22:08:38 com_github_MitjaNemec_ReplicateLayout.replicate_layout 991:Dst text UUid:18700c4c-a437-4fd5-90e2-e47f8daf01b8
03-28 22:08:38 com_github_MitjaNemec_ReplicateLayout.replicate_layout 990:Src text UUid:cdff20ef-03a9-470f-a3c6-f44c41d313d2
03-28 22:08:38 com_github_MitjaNemec_ReplicateLayout.replicate_layout 991:Dst text UUid:e7057d46-70a7-43a5-a3b6-3f2fddf8a1da
03-28 22:08:38 com_github_MitjaNemec_ReplicateLayout.replicate_layout 888:Replicating footprint: 'C51'
03-28 22:08:38 com_github_MitjaNemec_ReplicateLayout.replicate_layout 835:Src fp.id: '70F0EF61-5A68-46D6-BE07-027664BF264D'
03-28 22:08:38 com_github_MitjaNemec_ReplicateLayout.replicate_layout 839:Dst fp.id: '70F0EF61-5A68-46D6-BE07-027664BF264D'
03-28 22:08:38 com_github_MitjaNemec_ReplicateLayout.replicate_layout 895:found match in dst footprint: 'C67'
03-28 22:08:38 com_github_MitjaNemec_ReplicateLayout.replicate_layout 990:Src text UUid:c5e673ea-4bcc-4372-b642-832dd42c6483
03-28 22:08:38 com_github_MitjaNemec_ReplicateLayout.replicate_layout 991:Dst text UUid:078b2b87-6dca-444c-992e-8e5d1a19d137
03-28 22:08:38 com_github_MitjaNemec_ReplicateLayout.replicate_layout 990:Src text UUid:27deb0cf-9b2d-45b8-a577-30f47fac9b5b
03-28 22:08:38 com_github_MitjaNemec_ReplicateLayout.replicate_layout 991:Dst text UUid:428b118b-fed3-4963-9614-4d387abf17d3
03-28 22:08:38 com_github_MitjaNemec_ReplicateLayout.replicate_layout 888:Replicating footprint: 'CfbTop1'
03-28 22:08:38 com_github_MitjaNemec_ReplicateLayout.replicate_layout 835:Src fp.id: 'DA68D759-AD98-4125-87AC-AC784686989C'
03-28 22:08:38 com_github_MitjaNemec_ReplicateLayout.replicate_layout 839:Dst fp.id: 'DA68D759-AD98-4125-87AC-AC784686989C'
03-28 22:08:38 com_github_MitjaNemec_ReplicateLayout.replicate_layout 895:found match in dst footprint: 'CfbTop4'
03-28 22:08:38 com_github_MitjaNemec_ReplicateLayout.replicate_layout 990:Src text UUid:a4a623c9-2c98-4953-84f9-939bf1205244
03-28 22:08:38 com_github_MitjaNemec_ReplicateLayout.replicate_layout 991:Dst text UUid:0badf343-2410-4269-a77c-784c5044f0cf
03-28 22:08:38 com_github_MitjaNemec_ReplicateLayout.replicate_layout 990:Src text UUid:0f63a67c-cb27-49ec-a8e0-091bac3a8769
03-28 22:08:38 com_github_MitjaNemec_ReplicateLayout.replicate_layout 991:Dst text UUid:e12b1250-8ef7-4e39-b5ac-c860f020c748
03-28 22:08:38 com_github_MitjaNemec_ReplicateLayout.replicate_layout 888:Replicating footprint: 'RfbBot1'
03-28 22:08:38 com_github_MitjaNemec_ReplicateLayout.replicate_layout 835:Src fp.id: '6ECE8C2D-08D7-44AB-9325-8BD30E97617A'
03-28 22:08:38 com_github_MitjaNemec_ReplicateLayout.replicate_layout 839:Dst fp.id: '6ECE8C2D-08D7-44AB-9325-8BD30E97617A'
03-28 22:08:38 com_github_MitjaNemec_ReplicateLayout.replicate_layout 895:found match in dst footprint: 'RfbBot4'
03-28 22:08:38 com_github_MitjaNemec_ReplicateLayout.replicate_layout 990:Src text UUid:c02578b8-179e-4a2a-bc34-524b65a5c398
03-28 22:08:38 com_github_MitjaNemec_ReplicateLayout.replicate_layout 991:Dst text UUid:841cc838-7456-4d0c-a866-38a8f8f78a8e
03-28 22:08:38 com_github_MitjaNemec_ReplicateLayout.replicate_layout 990:Src text UUid:c46d38c9-4b36-47f2-9b71-b19346873a14
03-28 22:08:38 com_github_MitjaNemec_ReplicateLayout.replicate_layout 991:Dst text UUid:1fcbae78-b9ab-4a66-80a4-79fe46086040
03-28 22:08:38 com_github_MitjaNemec_ReplicateLayout.replicate_layout 888:Replicating footprint: 'C53'
03-28 22:08:38 com_github_MitjaNemec_ReplicateLayout.replicate_layout 835:Src fp.id: '7C19FFC2-4DF5-44C3-94F3-81E02BEE2CA6'
03-28 22:08:38 com_github_MitjaNemec_ReplicateLayout.replicate_layout 839:Dst fp.id: '7C19FFC2-4DF5-44C3-94F3-81E02BEE2CA6'
03-28 22:08:38 com_github_MitjaNemec_ReplicateLayout.replicate_layout 895:found match in dst footprint: 'C61'
03-28 22:08:38 com_github_MitjaNemec_ReplicateLayout.replicate_layout 990:Src text UUid:f48c6812-e2a5-47e8-a342-d06ebab75b86
03-28 22:08:38 com_github_MitjaNemec_ReplicateLayout.replicate_layout 991:Dst text UUid:824374ff-143e-40e1-8b2a-68a0fdf7d335
03-28 22:08:38 com_github_MitjaNemec_ReplicateLayout.replicate_layout 990:Src text UUid:e2afe161-e5a8-40cb-8201-b255ce299955
03-28 22:08:38 com_github_MitjaNemec_ReplicateLayout.replicate_layout 991:Dst text UUid:61f54450-1857-42ca-9c27-a2e58a0ac075
03-28 22:08:38 com_github_MitjaNemec_ReplicateLayout.replicate_layout 888:Replicating footprint: 'L5'
03-28 22:08:38 com_github_MitjaNemec_ReplicateLayout.replicate_layout 835:Src fp.id: 'DF00CB71-CFC6-4C1E-AC53-2964C0DB2851'
03-28 22:08:38 com_github_MitjaNemec_ReplicateLayout.replicate_layout 839:Dst fp.id: 'DF00CB71-CFC6-4C1E-AC53-2964C0DB2851'
03-28 22:08:38 com_github_MitjaNemec_ReplicateLayout.replicate_layout 895:found match in dst footprint: 'L3'
03-28 22:08:38 com_github_MitjaNemec_ReplicateLayout.replicate_layout 990:Src text UUid:7adde784-2433-4c58-bbd9-fc1ce19e10d2
03-28 22:08:38 com_github_MitjaNemec_ReplicateLayout.replicate_layout 991:Dst text UUid:d87c13ca-a65c-4e0d-8503-c6ac5e888745
03-28 22:08:38 com_github_MitjaNemec_ReplicateLayout.replicate_layout 990:Src text UUid:1cbb4991-5a75-42f7-8cd7-f45be546595b
03-28 22:08:38 com_github_MitjaNemec_ReplicateLayout.replicate_layout 991:Dst text UUid:798d4bb5-f7e1-40cf-9e8d-0b82dfefaf11
03-28 22:08:38 com_github_MitjaNemec_ReplicateLayout.replicate_layout 888:Replicating footprint: 'RfbTop1'
03-28 22:08:38 com_github_MitjaNemec_ReplicateLayout.replicate_layout 835:Src fp.id: 'EBD8B375-BDE6-4F72-8BAB-625EC3F87849'
03-28 22:08:38 com_github_MitjaNemec_ReplicateLayout.replicate_layout 839:Dst fp.id: 'EBD8B375-BDE6-4F72-8BAB-625EC3F87849'
03-28 22:08:38 com_github_MitjaNemec_ReplicateLayout.replicate_layout 895:found match in dst footprint: 'RfbTop4'
03-28 22:08:38 com_github_MitjaNemec_ReplicateLayout.replicate_layout 990:Src text UUid:ba761268-0a43-4758-a19e-9967eedf4410
03-28 22:08:38 com_github_MitjaNemec_ReplicateLayout.replicate_layout 991:Dst text UUid:b4200c43-7919-427c-8d90-f12f05a4620a
03-28 22:08:38 com_github_MitjaNemec_ReplicateLayout.replicate_layout 990:Src text UUid:d21aa9be-50e0-48e5-af53-4442881ce2fe
03-28 22:08:38 com_github_MitjaNemec_ReplicateLayout.replicate_layout 991:Dst text UUid:df6bac25-6823-44da-ab6a-2065c6fd2b68
03-28 22:08:38 com_github_MitjaNemec_ReplicateLayout.replicate_layout 888:Replicating footprint: 'C45'
03-28 22:08:38 com_github_MitjaNemec_ReplicateLayout.replicate_layout 835:Src fp.id: '729CAF2D-909A-4877-8D76-025AAC8E9CC6'
03-28 22:08:38 com_github_MitjaNemec_ReplicateLayout.replicate_layout 839:Dst fp.id: '729CAF2D-909A-4877-8D76-025AAC8E9CC6'
03-28 22:08:38 com_github_MitjaNemec_ReplicateLayout.replicate_layout 895:found match in dst footprint: 'C63'
03-28 22:08:38 com_github_MitjaNemec_ReplicateLayout.replicate_layout 990:Src text UUid:ebbb204b-0cf8-40a6-a8f5-5804c6763149
03-28 22:08:38 com_github_MitjaNemec_ReplicateLayout.replicate_layout 991:Dst text UUid:1fe90ec5-0ea7-4718-aa3f-547a39dc91f5
03-28 22:08:38 com_github_MitjaNemec_ReplicateLayout.replicate_layout 990:Src text UUid:9d80efe4-fc96-4399-9ba6-cf35f853c5cc
03-28 22:08:38 com_github_MitjaNemec_ReplicateLayout.replicate_layout 991:Dst text UUid:4f6ddbc1-6ba3-4b72-b131-16a3b2885415
03-28 22:08:38 com_github_MitjaNemec_ReplicateLayout.replicate_layout 888:Replicating footprint: 'R44'
03-28 22:08:38 com_github_MitjaNemec_ReplicateLayout.replicate_layout 835:Src fp.id: 'FFEC7E6B-5589-4ED1-ACF0-79C9AE45C64D'
03-28 22:08:38 com_github_MitjaNemec_ReplicateLayout.replicate_layout 839:Dst fp.id: 'FFEC7E6B-5589-4ED1-ACF0-79C9AE45C64D'
03-28 22:08:38 com_github_MitjaNemec_ReplicateLayout.replicate_layout 895:found match in dst footprint: 'R13'
03-28 22:08:38 com_github_MitjaNemec_ReplicateLayout.replicate_layout 990:Src text UUid:6aa4a8d8-ce27-48fa-8366-9e2ef76ed1ed
03-28 22:08:38 com_github_MitjaNemec_ReplicateLayout.replicate_layout 991:Dst text UUid:13ab629d-e5f0-4191-b941-fe92a3ec050f
03-28 22:08:38 com_github_MitjaNemec_ReplicateLayout.replicate_layout 990:Src text UUid:236839e5-016e-473a-b91a-f92295bf12b7
03-28 22:08:38 com_github_MitjaNemec_ReplicateLayout.replicate_layout 991:Dst text UUid:22298b6d-5b9e-4617-92ec-5f00530d690f
03-28 22:08:38 com_github_MitjaNemec_ReplicateLayout.replicate_layout 888:Replicating footprint: 'C47'
03-28 22:08:38 com_github_MitjaNemec_ReplicateLayout.replicate_layout 835:Src fp.id: '7E2D1D91-A471-40A0-958E-CD375832EE3E'
03-28 22:08:38 com_github_MitjaNemec_ReplicateLayout.replicate_layout 839:Dst fp.id: '7E2D1D91-A471-40A0-958E-CD375832EE3E'
03-28 22:08:38 com_github_MitjaNemec_ReplicateLayout.replicate_layout 895:found match in dst footprint: 'C62'
03-28 22:08:38 com_github_MitjaNemec_ReplicateLayout.replicate_layout 990:Src text UUid:74ec3781-4447-476e-a132-6f0dca999887
03-28 22:08:38 com_github_MitjaNemec_ReplicateLayout.replicate_layout 991:Dst text UUid:1b5b20ff-0626-4a6e-84e9-26435e5a9d6e
03-28 22:08:38 com_github_MitjaNemec_ReplicateLayout.replicate_layout 990:Src text UUid:1a42ea39-49a1-4085-be3d-83941c286cd1
03-28 22:08:38 com_github_MitjaNemec_ReplicateLayout.replicate_layout 991:Dst text UUid:f283646f-5258-479b-98fe-245c275d7c02
03-28 22:08:38 com_github_MitjaNemec_ReplicateLayout.replicate_layout 888:Replicating footprint: 'C38'
03-28 22:08:38 com_github_MitjaNemec_ReplicateLayout.replicate_layout 835:Src fp.id: '58C2D0FA-0683-4B74-876E-D1840FBD0C3A'
03-28 22:08:38 com_github_MitjaNemec_ReplicateLayout.replicate_layout 839:Dst fp.id: '58C2D0FA-0683-4B74-876E-D1840FBD0C3A'
03-28 22:08:38 com_github_MitjaNemec_ReplicateLayout.replicate_layout 895:found match in dst footprint: 'C58'
03-28 22:08:38 com_github_MitjaNemec_ReplicateLayout.replicate_layout 990:Src text UUid:338df9dd-fff5-4bf0-8072-192e2e90fe8a
03-28 22:08:38 com_github_MitjaNemec_ReplicateLayout.replicate_layout 991:Dst text UUid:5a7b2c14-6187-471f-9357-8a75f1323764
03-28 22:08:38 com_github_MitjaNemec_ReplicateLayout.replicate_layout 990:Src text UUid:dafe4f78-35f5-4b61-b92a-a0fd3686c044
03-28 22:08:38 com_github_MitjaNemec_ReplicateLayout.replicate_layout 991:Dst text UUid:5910fd74-d59c-4a8b-88e3-91226e704369
03-28 22:08:38 com_github_MitjaNemec_ReplicateLayout.replicate_layout 888:Replicating footprint: 'D7'
03-28 22:08:38 com_github_MitjaNemec_ReplicateLayout.replicate_layout 835:Src fp.id: '8F4DDC10-4DFE-4ABC-82A6-36DEBF244A69'
03-28 22:08:38 com_github_MitjaNemec_ReplicateLayout.replicate_layout 839:Dst fp.id: '8F4DDC10-4DFE-4ABC-82A6-36DEBF244A69'
03-28 22:08:38 com_github_MitjaNemec_ReplicateLayout.replicate_layout 895:found match in dst footprint: 'D9'
03-28 22:08:38 com_github_MitjaNemec_ReplicateLayout.replicate_layout 990:Src text UUid:bb5b6110-6202-4c0b-8023-ff71180ac786
03-28 22:08:38 com_github_MitjaNemec_ReplicateLayout.replicate_layout 991:Dst text UUid:f86f595d-b072-4e04-84bf-fbcdcc3c03fb
03-28 22:08:38 com_github_MitjaNemec_ReplicateLayout.replicate_layout 990:Src text UUid:c4c01598-e988-4e61-af3a-32e03fbb9b54
03-28 22:08:38 com_github_MitjaNemec_ReplicateLayout.replicate_layout 991:Dst text UUid:78703173-c6cf-4747-ab8e-e968e8c6d23c
03-28 22:08:38 com_github_MitjaNemec_ReplicateLayout.replicate_layout 888:Replicating footprint: 'Rth1'
03-28 22:08:38 com_github_MitjaNemec_ReplicateLayout.replicate_layout 835:Src fp.id: '2DC2357B-3C97-40EC-88A0-27785FD153E9'
03-28 22:08:38 com_github_MitjaNemec_ReplicateLayout.replicate_layout 839:Dst fp.id: '2DC2357B-3C97-40EC-88A0-27785FD153E9'
03-28 22:08:38 com_github_MitjaNemec_ReplicateLayout.replicate_layout 895:found match in dst footprint: 'Rth4'
03-28 22:08:38 com_github_MitjaNemec_ReplicateLayout.replicate_layout 990:Src text UUid:9ec72dcc-8b93-46b5-9936-ce628ea29ab2
03-28 22:08:38 com_github_MitjaNemec_ReplicateLayout.replicate_layout 991:Dst text UUid:fd286445-9840-40fc-8222-fd73eb576e37
03-28 22:08:38 com_github_MitjaNemec_ReplicateLayout.replicate_layout 990:Src text UUid:56333651-1302-47a0-be9d-3909ea19607b
03-28 22:08:38 com_github_MitjaNemec_ReplicateLayout.replicate_layout 991:Dst text UUid:cd971900-8789-4863-8251-2e52eecc1144
03-28 22:08:38 com_github_MitjaNemec_ReplicateLayout.replicate_layout 888:Replicating footprint: 'R43'
03-28 22:08:38 com_github_MitjaNemec_ReplicateLayout.replicate_layout 835:Src fp.id: '708FD99D-09CF-4165-AF11-CF0EB2542B29'
03-28 22:08:38 com_github_MitjaNemec_ReplicateLayout.replicate_layout 839:Dst fp.id: '708FD99D-09CF-4165-AF11-CF0EB2542B29'
03-28 22:08:38 com_github_MitjaNemec_ReplicateLayout.replicate_layout 895:found match in dst footprint: 'R27'
03-28 22:08:38 com_github_MitjaNemec_ReplicateLayout.replicate_layout 990:Src text UUid:7ce797ec-29b2-4666-961b-8323d2fb6cc6
03-28 22:08:38 com_github_MitjaNemec_ReplicateLayout.replicate_layout 991:Dst text UUid:d942d38a-1461-405a-b597-ddf3a77f0cd1
03-28 22:08:38 com_github_MitjaNemec_ReplicateLayout.replicate_layout 990:Src text UUid:94218c6c-2aa9-4a3a-9fba-def3b5ac5d8d
03-28 22:08:38 com_github_MitjaNemec_ReplicateLayout.replicate_layout 991:Dst text UUid:0b8838c6-daa7-4790-84c5-689521cce82c
03-28 22:08:38 com_github_MitjaNemec_ReplicateLayout.replicate_layout 888:Replicating footprint: 'C49'
03-28 22:08:38 com_github_MitjaNemec_ReplicateLayout.replicate_layout 835:Src fp.id: '5347C5D2-4C06-4160-BBFA-5C7BB0D5CF9D'
03-28 22:08:38 com_github_MitjaNemec_ReplicateLayout.replicate_layout 839:Dst fp.id: '5347C5D2-4C06-4160-BBFA-5C7BB0D5CF9D'
03-28 22:08:38 com_github_MitjaNemec_ReplicateLayout.replicate_layout 895:found match in dst footprint: 'C60'
03-28 22:08:38 com_github_MitjaNemec_ReplicateLayout.replicate_layout 990:Src text UUid:0b9b886d-2428-4313-97fc-db39ca17c284
03-28 22:08:38 com_github_MitjaNemec_ReplicateLayout.replicate_layout 991:Dst text UUid:ddb8c5fe-c660-4f7d-b963-b6befbc9bf9e
03-28 22:08:38 com_github_MitjaNemec_ReplicateLayout.replicate_layout 990:Src text UUid:95bfe412-1d77-4388-913f-404f6b87db2a
03-28 22:08:38 com_github_MitjaNemec_ReplicateLayout.replicate_layout 991:Dst text UUid:5803ef1e-ec9d-4759-9d4f-dcc1afdd98f4
03-28 22:08:38 com_github_MitjaNemec_ReplicateLayout.replicate_layout 888:Replicating footprint: 'R41'
03-28 22:08:38 com_github_MitjaNemec_ReplicateLayout.replicate_layout 835:Src fp.id: 'C39A2AE3-BEC3-44A7-8FFB-6D0F2D9C9E87'
03-28 22:08:38 com_github_MitjaNemec_ReplicateLayout.replicate_layout 839:Dst fp.id: 'C39A2AE3-BEC3-44A7-8FFB-6D0F2D9C9E87'
03-28 22:08:38 com_github_MitjaNemec_ReplicateLayout.replicate_layout 895:found match in dst footprint: 'R24'
03-28 22:08:38 com_github_MitjaNemec_ReplicateLayout.replicate_layout 990:Src text UUid:ee7ece01-4ba0-4a55-a58e-1a2362bb70e1
03-28 22:08:38 com_github_MitjaNemec_ReplicateLayout.replicate_layout 991:Dst text UUid:7378b555-9612-4709-b6ce-92821130fb90
03-28 22:08:38 com_github_MitjaNemec_ReplicateLayout.replicate_layout 990:Src text UUid:6d7fe0c1-7f82-46a1-8270-f42940aa2d0b
03-28 22:08:38 com_github_MitjaNemec_ReplicateLayout.replicate_layout 991:Dst text UUid:fee4470b-3a3e-4cf3-9619-fe7ffecbae28
03-28 22:08:38 com_github_MitjaNemec_ReplicateLayout.replicate_layout 888:Replicating footprint: 'C52'
03-28 22:08:38 com_github_MitjaNemec_ReplicateLayout.replicate_layout 835:Src fp.id: 'DDDB92D7-D84D-40C6-BD76-341C96BDF9CB'
03-28 22:08:38 com_github_MitjaNemec_ReplicateLayout.replicate_layout 839:Dst fp.id: 'DDDB92D7-D84D-40C6-BD76-341C96BDF9CB'
03-28 22:08:38 com_github_MitjaNemec_ReplicateLayout.replicate_layout 895:found match in dst footprint: 'C69'
03-28 22:08:38 com_github_MitjaNemec_ReplicateLayout.replicate_layout 990:Src text UUid:5a8ba203-aac0-45ad-9044-2e77d6ca61da
03-28 22:08:38 com_github_MitjaNemec_ReplicateLayout.replicate_layout 991:Dst text UUid:31be57b9-1311-484e-b6e9-cca41f8546f5
03-28 22:08:38 com_github_MitjaNemec_ReplicateLayout.replicate_layout 990:Src text UUid:df5994bc-ef3b-4493-82cf-bb3f6ccbad2a
03-28 22:08:38 com_github_MitjaNemec_ReplicateLayout.replicate_layout 991:Dst text UUid:7806b66c-9ea4-4db8-80ae-e281e74a9b00
03-28 22:08:38 com_github_MitjaNemec_ReplicateLayout.replicate_layout 888:Replicating footprint: 'Cthp1'
03-28 22:08:38 com_github_MitjaNemec_ReplicateLayout.replicate_layout 835:Src fp.id: '0212BC0A-DB64-43BC-BFD4-1B5609818C43'
03-28 22:08:38 com_github_MitjaNemec_ReplicateLayout.replicate_layout 839:Dst fp.id: '0212BC0A-DB64-43BC-BFD4-1B5609818C43'
03-28 22:08:38 com_github_MitjaNemec_ReplicateLayout.replicate_layout 895:found match in dst footprint: 'Cthp4'
03-28 22:08:38 com_github_MitjaNemec_ReplicateLayout.replicate_layout 990:Src text UUid:e2ac0696-6f9c-4b02-9aa2-2d1ff939b95f
03-28 22:08:38 com_github_MitjaNemec_ReplicateLayout.replicate_layout 991:Dst text UUid:87052b2b-ebd0-4bf2-a737-55b5afc58250
03-28 22:08:38 com_github_MitjaNemec_ReplicateLayout.replicate_layout 990:Src text UUid:ea5a1c96-738a-4e22-997a-d04acc9946d8
03-28 22:08:38 com_github_MitjaNemec_ReplicateLayout.replicate_layout 991:Dst text UUid:dd5a9aca-cdb4-46de-9bb9-5681b5de04e1
03-28 22:08:38 com_github_MitjaNemec_ReplicateLayout.replicate_layout 888:Replicating footprint: 'D6'
03-28 22:08:38 com_github_MitjaNemec_ReplicateLayout.replicate_layout 835:Src fp.id: '4C55DA5A-F83F-42CC-900F-7C251B4214EB'
03-28 22:08:38 com_github_MitjaNemec_ReplicateLayout.replicate_layout 839:Dst fp.id: '4C55DA5A-F83F-42CC-900F-7C251B4214EB'
03-28 22:08:38 com_github_MitjaNemec_ReplicateLayout.replicate_layout 895:found match in dst footprint: 'D8'
03-28 22:08:38 com_github_MitjaNemec_ReplicateLayout.replicate_layout 990:Src text UUid:b33ba60f-7ef0-4713-8024-038862b5dd49
03-28 22:08:38 com_github_MitjaNemec_ReplicateLayout.replicate_layout 991:Dst text UUid:17b32f11-70ed-4563-8c59-c65e1d7e3cbf
03-28 22:08:38 com_github_MitjaNemec_ReplicateLayout.replicate_layout 990:Src text UUid:695eba28-15f1-48a4-b431-ba04e9ca0f39
03-28 22:08:38 com_github_MitjaNemec_ReplicateLayout.replicate_layout 991:Dst text UUid:d1454a9f-0607-4a81-9cc3-3b094da9b89a
03-28 22:08:38 com_github_MitjaNemec_ReplicateLayout.replicate_layout 888:Replicating footprint: 'C50'
03-28 22:08:38 com_github_MitjaNemec_ReplicateLayout.replicate_layout 835:Src fp.id: '0F9400ED-26D2-4AA0-9DF9-05F74E3408FC'
03-28 22:08:38 com_github_MitjaNemec_ReplicateLayout.replicate_layout 839:Dst fp.id: '0F9400ED-26D2-4AA0-9DF9-05F74E3408FC'
03-28 22:08:38 com_github_MitjaNemec_ReplicateLayout.replicate_layout 895:found match in dst footprint: 'C66'
03-28 22:08:38 com_github_MitjaNemec_ReplicateLayout.replicate_layout 990:Src text UUid:fce138c7-f102-489d-a792-691dfbcb38b5
03-28 22:08:38 com_github_MitjaNemec_ReplicateLayout.replicate_layout 991:Dst text UUid:532c87b3-6c35-43ed-a5ef-df683da1278d
03-28 22:08:38 com_github_MitjaNemec_ReplicateLayout.replicate_layout 990:Src text UUid:39664095-5a02-489e-82ef-4dc6a1710e27
03-28 22:08:38 com_github_MitjaNemec_ReplicateLayout.replicate_layout 991:Dst text UUid:c302d54a-1e16-4163-9368-a74a0b35fd23
03-28 22:08:38 com_github_MitjaNemec_ReplicateLayout.replicate_layout 888:Replicating footprint: 'C39'
03-28 22:08:38 com_github_MitjaNemec_ReplicateLayout.replicate_layout 835:Src fp.id: '6A17F9E6-DC17-404A-BB68-5CC0CB96106D'
03-28 22:08:38 com_github_MitjaNemec_ReplicateLayout.replicate_layout 839:Dst fp.id: '6A17F9E6-DC17-404A-BB68-5CC0CB96106D'
03-28 22:08:38 com_github_MitjaNemec_ReplicateLayout.replicate_layout 895:found match in dst footprint: 'C59'
03-28 22:08:38 com_github_MitjaNemec_ReplicateLayout.replicate_layout 990:Src text UUid:1fc73dee-5b72-4efc-8336-28d570323a72
03-28 22:08:38 com_github_MitjaNemec_ReplicateLayout.replicate_layout 991:Dst text UUid:6b21865c-6d96-4bd5-ac9b-6d6108dbec4e
03-28 22:08:38 com_github_MitjaNemec_ReplicateLayout.replicate_layout 990:Src text UUid:6f42fa62-fd3b-4962-89ca-2cfda2f1ce02
03-28 22:08:38 com_github_MitjaNemec_ReplicateLayout.replicate_layout 991:Dst text UUid:6d8b4edb-7def-4776-8097-e80cab0e0825
03-28 22:08:38 com_github_MitjaNemec_ReplicateLayout.replicate_layout 888:Replicating footprint: 'C48'
03-28 22:08:38 com_github_MitjaNemec_ReplicateLayout.replicate_layout 835:Src fp.id: '494E2448-288F-48E4-8A1F-AA0CBD0005C7'
03-28 22:08:38 com_github_MitjaNemec_ReplicateLayout.replicate_layout 839:Dst fp.id: '494E2448-288F-48E4-8A1F-AA0CBD0005C7'
03-28 22:08:38 com_github_MitjaNemec_ReplicateLayout.replicate_layout 895:found match in dst footprint: 'C65'
03-28 22:08:38 com_github_MitjaNemec_ReplicateLayout.replicate_layout 990:Src text UUid:17b1e5b2-6932-43f8-8a2e-7035daabc4b7
03-28 22:08:38 com_github_MitjaNemec_ReplicateLayout.replicate_layout 991:Dst text UUid:08cf64cf-83a5-49b2-820c-ca9b8d4f0dc5
03-28 22:08:38 com_github_MitjaNemec_ReplicateLayout.replicate_layout 990:Src text UUid:96b203fb-9b11-4361-bc5e-1d6e84301356
03-28 22:08:38 com_github_MitjaNemec_ReplicateLayout.replicate_layout 991:Dst text UUid:f854df66-6988-42cd-b085-6e1049a9bc9a
03-28 22:08:38 com_github_MitjaNemec_ReplicateLayout.replicate_layout 888:Replicating footprint: 'U9'
03-28 22:08:38 com_github_MitjaNemec_ReplicateLayout.replicate_layout 835:Src fp.id: '5291D630-94D4-4766-B07F-1CB92DB99E1A'
03-28 22:08:38 com_github_MitjaNemec_ReplicateLayout.replicate_layout 839:Dst fp.id: '5291D630-94D4-4766-B07F-1CB92DB99E1A'
03-28 22:08:38 com_github_MitjaNemec_ReplicateLayout.replicate_layout 895:found match in dst footprint: 'U4'
03-28 22:08:38 com_github_MitjaNemec_ReplicateLayout.replicate_layout 990:Src text UUid:613e8c0d-32d2-414a-abc7-88caa504ef61
03-28 22:08:38 com_github_MitjaNemec_ReplicateLayout.replicate_layout 991:Dst text UUid:9506e38a-851f-4768-a0c1-816db3bda7b5
03-28 22:08:38 com_github_MitjaNemec_ReplicateLayout.replicate_layout 990:Src text UUid:15aeba96-e5ad-43fd-9bbe-018634834a61
03-28 22:08:38 com_github_MitjaNemec_ReplicateLayout.replicate_layout 991:Dst text UUid:ee6211b9-2b4b-4bc7-96c4-cac49dd37478
03-28 22:08:38 com_github_MitjaNemec_ReplicateLayout.replicate_layout 888:Replicating footprint: 'R45'
03-28 22:08:38 root 345:updating GUI with: 99
03-28 22:08:38 com_github_MitjaNemec_ReplicateLayout.replicate_layout 835:Src fp.id: 'F0C1E3ED-25D6-4538-B367-9704F9E2DDDC'
03-28 22:08:38 com_github_MitjaNemec_ReplicateLayout.replicate_layout 839:Dst fp.id: 'F0C1E3ED-25D6-4538-B367-9704F9E2DDDC'
03-28 22:08:38 com_github_MitjaNemec_ReplicateLayout.replicate_layout 895:found match in dst footprint: 'R26'
03-28 22:08:38 com_github_MitjaNemec_ReplicateLayout.replicate_layout 990:Src text UUid:f4e2166c-9399-41ea-b0b8-8cd2c2679f1b
03-28 22:08:38 com_github_MitjaNemec_ReplicateLayout.replicate_layout 991:Dst text UUid:5ba688b6-ab2a-4d33-a549-4decca20b5e4
03-28 22:08:38 com_github_MitjaNemec_ReplicateLayout.replicate_layout 990:Src text UUid:aa08800d-569e-4b48-9cac-35840d208c21
03-28 22:08:38 com_github_MitjaNemec_ReplicateLayout.replicate_layout 991:Dst text UUid:776102c1-9fd7-452f-a0bf-b375b4f0000e
03-28 22:08:38 com_github_MitjaNemec_ReplicateLayout.replicate_layout 888:Replicating footprint: 'C37'
03-28 22:08:38 root 345:updating GUI with: 99
03-28 22:08:38 com_github_MitjaNemec_ReplicateLayout.replicate_layout 835:Src fp.id: '40D132C0-1E21-4391-8D7A-1E18C1DD582A'
03-28 22:08:38 com_github_MitjaNemec_ReplicateLayout.replicate_layout 839:Dst fp.id: '40D132C0-1E21-4391-8D7A-1E18C1DD582A'
03-28 22:08:38 com_github_MitjaNemec_ReplicateLayout.replicate_layout 895:found match in dst footprint: 'C57'
03-28 22:08:38 com_github_MitjaNemec_ReplicateLayout.replicate_layout 990:Src text UUid:5948a2c0-9f35-47b8-bafe-9aaa0a76f706
03-28 22:08:38 com_github_MitjaNemec_ReplicateLayout.replicate_layout 991:Dst text UUid:9fa816c5-7e28-4022-887d-9ff579f50085
03-28 22:08:38 com_github_MitjaNemec_ReplicateLayout.replicate_layout 990:Src text UUid:a47cd3cc-6800-4df6-9d79-a9e7ce81dd0b
03-28 22:08:38 com_github_MitjaNemec_ReplicateLayout.replicate_layout 991:Dst text UUid:c7ecd0c0-f673-4f4e-8294-bf48814c1826
03-28 22:08:38 root 340:updating GUI message: 'Replicating zones'
03-28 22:08:38 com_github_MitjaNemec_ReplicateLayout.replicate_layout 1084:Replicating zones
03-28 22:08:38 com_github_MitjaNemec_ReplicateLayout.replicate_layout 1091:Replicating zones on sheet ['/LT8705A1/']
03-28 22:08:38 com_github_MitjaNemec_ReplicateLayout.replicate_layout 835:Src fp.id: '5291D630-94D4-4766-B07F-1CB92DB99E1A'
03-28 22:08:38 com_github_MitjaNemec_ReplicateLayout.replicate_layout 839:Dst fp.id: '5291D630-94D4-4766-B07F-1CB92DB99E1A'
03-28 22:08:38 com_github_MitjaNemec_ReplicateLayout.replicate_layout 792:Net pairs for sheet ['/LT8705A1/'] :[('/LT8705A/CLKOUT', '/LT8705A1/CLKOUT'), ('unconnected-(U9-MODE-Pad2)', 'unconnected-(U2-MODE-Pad2)'), ('/LT8705A/Vc', '/LT8705A1/Vc'), ('/LT8705A/SS', '/LT8705A1/SS'), ('/LT8705A/boost1', '/LT8705A1/boost1'), ('/LT8705A/EN', '/LT8705A1/EN'), ('/LT8705A/TG2-', '/LT8705A1/TG2-'), ('GND', 'GND'), ('/LT8705A/Vin', '/LT8705A1/Vin'), ('/LT8705A/CSN', '/LT8705A1/CSN'), ('/LT8705A/RT', '/LT8705A1/RT'), ('/LT8705A/INTVCC', '/LT8705A1/INTVCC'), ('/LT8705A/SYNC', '/LT8705A1/SYNC'), ('/LT8705A/FBOUT', '/LT8705A1/FBOUT'), ('/LT8705A/Rsense+', '/LT8705A1/Rsense+'), ('/LT8705A/CSP', '/LT8705A1/CSP'), ('/LT8705A/BG2P', '/LT8705A1/BG2P'), ('/LT8705A/VL_n', '/LT8705A1/VL_n'), ('Net-(D6-A)', 'Net-(D1-A)'), ('/LT8705A/BG1', '/LT8705A1/BG1'), ('/LT8705A/TG2', '/LT8705A1/TG2'), ('', ''), ('/LT8705A/LDO', '/LT8705A1/LDO'), ('/LT8705A/BG2', '/LT8705A1/BG2'), ('/LT8705A/CSNOUT', '/LT8705A1/CSNOUT'), ('/LT8705A/TG1-', '/LT8705A1/TG1-'), ('/LT8705A/VL_p', '/LT8705A1/VL_p'), ('Net-(Cth1-Pad2)', 'Net-(Cth2-Pad2)'), ('/LT8705A/boost2', '/LT8705A1/boost2'), ('/LT8705A/TG1', '/LT8705A1/TG1')]
03-28 22:08:38 com_github_MitjaNemec_ReplicateLayout.replicate_layout 1091:Replicating zones on sheet ['/LT8705A2/']
03-28 22:08:38 com_github_MitjaNemec_ReplicateLayout.replicate_layout 835:Src fp.id: '5291D630-94D4-4766-B07F-1CB92DB99E1A'
03-28 22:08:38 com_github_MitjaNemec_ReplicateLayout.replicate_layout 839:Dst fp.id: '5291D630-94D4-4766-B07F-1CB92DB99E1A'
03-28 22:08:38 com_github_MitjaNemec_ReplicateLayout.replicate_layout 792:Net pairs for sheet ['/LT8705A2/'] :[('/LT8705A/BG2', '/LT8705A2/BG2'), ('/LT8705A/TG2-', '/LT8705A2/TG2-'), ('/LT8705A/CSNOUT', '/LT8705A2/CSNOUT'), ('/LT8705A/RT', '/LT8705A2/RT'), ('/LT8705A/CSP', '/LT8705A2/CSP'), ('/LT8705A/INTVCC', '/LT8705A2/INTVCC'), ('/LT8705A/EN', '/LT8705A2/EN'), ('/LT8705A/boost2', '/LT8705A2/boost2'), ('/LT8705A/TG1', '/LT8705A2/TG1'), ('Net-(Cth1-Pad2)', 'Net-(Cth3-Pad2)'), ('/LT8705A/Vc', '/LT8705A2/Vc'), ('/LT8705A/VL_p', '/LT8705A2/VL_p'), ('GND', 'GND'), ('/LT8705A/BG2P', '/LT8705A2/BG2P'), ('/LT8705A/SS', '/LT8705A2/SS'), ('/LT8705A/LDO', '/LT8705A2/LDO'), ('unconnected-(U9-MODE-Pad2)', 'unconnected-(U3-MODE-Pad2)'), ('/LT8705A/CSN', '/LT8705A2/CSN'), ('Net-(D6-A)', 'Net-(D4-A)'), ('/LT8705A/Vin', '/LT8705A2/Vin'), ('/LT8705A/Rsense+', '/LT8705A2/Rsense+'), ('/LT8705A/TG2', '/LT8705A2/TG2'), ('/LT8705A/BG1', '/LT8705A2/BG1'), ('', ''), ('/LT8705A/FBOUT', '/LT8705A2/FBOUT'), ('/LT8705A/CLKOUT', '/LT8705A2/CLKOUT'), ('/LT8705A/boost1', '/LT8705A2/boost1'), ('/LT8705A/VL_n', '/LT8705A2/VL_n'), ('/LT8705A/SYNC', '/LT8705A2/SYNC'), ('/LT8705A/TG1-', '/LT8705A2/TG1-')]
03-28 22:08:38 root 345:updating GUI with: 36
03-28 22:08:38 root 345:updating GUI with: 40
03-28 22:08:38 com_github_MitjaNemec_ReplicateLayout.replicate_layout 1091:Replicating zones on sheet ['/LT8705A3/']
03-28 22:08:38 com_github_MitjaNemec_ReplicateLayout.replicate_layout 835:Src fp.id: '5291D630-94D4-4766-B07F-1CB92DB99E1A'
03-28 22:08:38 com_github_MitjaNemec_ReplicateLayout.replicate_layout 839:Dst fp.id: '5291D630-94D4-4766-B07F-1CB92DB99E1A'
03-28 22:08:38 com_github_MitjaNemec_ReplicateLayout.replicate_layout 792:Net pairs for sheet ['/LT8705A3/'] :[('/LT8705A/SS', '/LT8705A3/SS'), ('/LT8705A/BG2P', '/LT8705A3/BG2P'), ('/LT8705A/BG1', '/LT8705A3/BG1'), ('Net-(D6-A)', 'Net-(D8-A)'), ('/LT8705A/Vin', '/LT8705A3/Vin'), ('/LT8705A/RT', '/LT8705A3/RT'), ('unconnected-(U9-MODE-Pad2)', 'unconnected-(U4-MODE-Pad2)'), ('/LT8705A/boost1', '/LT8705A3/boost1'), ('Net-(Cth1-Pad2)', 'Net-(Cth4-Pad2)'), ('/LT8705A/FBOUT', '/LT8705A3/FBOUT'), ('/LT8705A/CSP', '/LT8705A3/CSP'), ('/LT8705A/TG1', '/LT8705A3/TG1'), ('/LT8705A/CSNOUT', '/LT8705A3/CSNOUT'), ('/LT8705A/boost2', '/LT8705A3/boost2'), ('GND', 'GND'), ('/LT8705A/TG2', '/LT8705A3/TG2'), ('/LT8705A/CLKOUT', '/LT8705A3/CLKOUT'), ('/LT8705A/Rsense+', '/LT8705A3/Rsense+'), ('/LT8705A/EN', '/LT8705A3/EN'), ('/LT8705A/CSN', '/LT8705A3/CSN'), ('/LT8705A/TG1-', '/LT8705A3/TG1-'), ('/LT8705A/INTVCC', '/LT8705A3/INTVCC'), ('/LT8705A/Vc', '/LT8705A3/Vc'), ('/LT8705A/TG2-', '/LT8705A3/TG2-'), ('/LT8705A/VL_p', '/LT8705A3/VL_p'), ('/LT8705A/SYNC', '/LT8705A3/SYNC'), ('', ''), ('/LT8705A/LDO', '/LT8705A3/LDO'), ('/LT8705A/VL_n', '/LT8705A3/VL_n'), ('/LT8705A/BG2', '/LT8705A3/BG2')]
03-28 22:08:39 com_github_MitjaNemec_ReplicateLayout.action_replicate_layout 264:Replication complete
