ISO-10303-21;
HEADER;
/* Generated by software containing ST-Developer
 * from STEP Tools, Inc. (www.steptools.com) 
 */
/* OPTION: strings as raw bytes, not using required /X/ escapes */

FILE_DESCRIPTION(
/* description */ ('Unknown'),
/* implementation_level */ '2;1');

FILE_NAME(
/* name */ 'SMBJ26D-M3_H',
/* time_stamp */ '2023-05-15T15:35:02+02:00',
/* author */ ('Unknown'),
/* organization */ ('Unknown'),
/* preprocessor_version */ 'ST-DEVELOPER v18.102',
/* originating_system */ 'Solid Edge',
/* authorisation */ 'Unknown');

FILE_SCHEMA (('AUTOMOTIVE_DESIGN {1 0 10303 214 3 1 1}'));
ENDSEC;

DATA;
#10=PROPERTY_DEFINITION_REPRESENTATION(#14,#12);
#11=PROPERTY_DEFINITION_REPRESENTATION(#15,#13);
#12=REPRESENTATION('',(#16),#2248);
#13=REPRESENTATION('',(#17),#2248);
#14=PROPERTY_DEFINITION('pmi validation property','',#2253);
#15=PROPERTY_DEFINITION('pmi validation property','',#2253);
#16=VALUE_REPRESENTATION_ITEM('number of annotations',COUNT_MEASURE(0.));
#17=VALUE_REPRESENTATION_ITEM('number of views',COUNT_MEASURE(0.));
#18=SHAPE_REPRESENTATION_RELATIONSHIP('','',#1520,#19);
#19=ADVANCED_BREP_SHAPE_REPRESENTATION('',(#1518),#2248);
#20=SPHERICAL_SURFACE('',#1595,0.0500000000000002);
#21=SPHERICAL_SURFACE('',#1601,0.0500000000000002);
#22=B_SPLINE_CURVE_WITH_KNOTS('',3,(#2210,#2211,#2212,#2213),
 .UNSPECIFIED.,.F.,.F.,(4,4),(6.24785450163975E-11,7.7473067658005E-5),
 .UNSPECIFIED.);
#23=B_SPLINE_CURVE_WITH_KNOTS('',3,(#2227,#2228,#2229,#2230),
 .UNSPECIFIED.,.F.,.F.,(4,4),(3.44379977087283E-11,7.74728978463682E-5),
 .UNSPECIFIED.);
#24=B_SPLINE_CURVE_WITH_KNOTS('',3,(#2233,#2234,#2235,#2236),
 .UNSPECIFIED.,.F.,.F.,(4,4),(3.44379985637232E-11,7.74728978463684E-5),
 .UNSPECIFIED.);
#25=B_SPLINE_CURVE_WITH_KNOTS('',3,(#2242,#2243,#2244,#2245),
 .UNSPECIFIED.,.F.,.F.,(4,4),(3.44379972447717E-11,7.74728978463678E-5),
 .UNSPECIFIED.);
#26=DRAUGHTING_PRE_DEFINED_COLOUR('white');
#27=CYLINDRICAL_SURFACE('',#1555,0.0679931472169389);
#28=CYLINDRICAL_SURFACE('',#1557,0.0651521340211137);
#29=CYLINDRICAL_SURFACE('',#1561,0.2);
#30=CYLINDRICAL_SURFACE('',#1563,0.2);
#31=CYLINDRICAL_SURFACE('',#1576,0.0651521340211137);
#32=CYLINDRICAL_SURFACE('',#1578,0.0679931472169389);
#33=CYLINDRICAL_SURFACE('',#1579,0.2);
#34=CYLINDRICAL_SURFACE('',#1581,0.2);
#35=CYLINDRICAL_SURFACE('',#1590,0.0500000000000002);
#36=CYLINDRICAL_SURFACE('',#1591,0.0500000000000002);
#37=CYLINDRICAL_SURFACE('',#1593,0.0500000000000002);
#38=CYLINDRICAL_SURFACE('',#1597,0.0500000000000002);
#39=CYLINDRICAL_SURFACE('',#1599,0.0500000000000002);
#40=CYLINDRICAL_SURFACE('',#1603,0.0500000000000002);
#41=CYLINDRICAL_SURFACE('',#1604,0.0500000000000002);
#42=CYLINDRICAL_SURFACE('',#1605,0.0500000000000002);
#43=CYLINDRICAL_SURFACE('',#1606,0.0500000000000002);
#44=CYLINDRICAL_SURFACE('',#1608,0.0500000000000002);
#45=CYLINDRICAL_SURFACE('',#1610,0.0500000000000002);
#46=CYLINDRICAL_SURFACE('',#1611,0.0500000000000002);
#47=CIRCLE('',#1544,0.2);
#48=CIRCLE('',#1545,0.2);
#49=CIRCLE('',#1546,0.0651521340211137);
#50=CIRCLE('',#1547,0.0679931472169389);
#51=CIRCLE('',#1549,0.0679931472169389);
#52=CIRCLE('',#1550,0.0651521340211137);
#53=CIRCLE('',#1551,0.2);
#54=CIRCLE('',#1552,0.2);
#55=CIRCLE('',#1565,0.0679931472169389);
#56=CIRCLE('',#1566,0.0651521340211137);
#57=CIRCLE('',#1567,0.2);
#58=CIRCLE('',#1568,0.2);
#59=CIRCLE('',#1571,0.2);
#60=CIRCLE('',#1572,0.2);
#61=CIRCLE('',#1573,0.0651521340211137);
#62=CIRCLE('',#1574,0.0679931472169389);
#63=CIRCLE('',#1587,0.0500000000000002);
#64=CIRCLE('',#1588,0.0500000000000002);
#65=CIRCLE('',#1592,0.0500000000000002);
#66=CIRCLE('',#1594,0.0500000000000002);
#67=CIRCLE('',#1596,0.0500000000000002);
#68=CIRCLE('',#1598,0.0500000000000002);
#69=CIRCLE('',#1600,0.0500000000000002);
#70=CIRCLE('',#1602,0.0500000000000002);
#71=ELLIPSE('',#1525,0.0510291564530983,0.0500000000000002);
#72=ELLIPSE('',#1526,0.0510291564530983,0.0500000000000002);
#73=ELLIPSE('',#1530,0.0510291564530983,0.0500000000000002);
#74=ELLIPSE('',#1531,0.0510291564530983,0.0500000000000002);
#75=ELLIPSE('',#1535,0.0508996651822508,0.0500000000000002);
#76=ELLIPSE('',#1536,0.0508996651822508,0.0500000000000002);
#77=ELLIPSE('',#1607,0.0660531959296866,0.0500000000000002);
#78=ELLIPSE('',#1609,0.0660531959296866,0.0500000000000002);
#79=ORIENTED_EDGE('',*,*,#395,.T.);
#80=ORIENTED_EDGE('',*,*,#396,.T.);
#81=ORIENTED_EDGE('',*,*,#397,.T.);
#82=ORIENTED_EDGE('',*,*,#398,.T.);
#83=ORIENTED_EDGE('',*,*,#399,.F.);
#84=ORIENTED_EDGE('',*,*,#400,.T.);
#85=ORIENTED_EDGE('',*,*,#401,.T.);
#86=ORIENTED_EDGE('',*,*,#402,.F.);
#87=ORIENTED_EDGE('',*,*,#403,.F.);
#88=ORIENTED_EDGE('',*,*,#404,.T.);
#89=ORIENTED_EDGE('',*,*,#405,.T.);
#90=ORIENTED_EDGE('',*,*,#406,.T.);
#91=ORIENTED_EDGE('',*,*,#407,.F.);
#92=ORIENTED_EDGE('',*,*,#408,.T.);
#93=ORIENTED_EDGE('',*,*,#409,.F.);
#94=ORIENTED_EDGE('',*,*,#410,.T.);
#95=ORIENTED_EDGE('',*,*,#403,.T.);
#96=ORIENTED_EDGE('',*,*,#411,.T.);
#97=ORIENTED_EDGE('',*,*,#412,.F.);
#98=ORIENTED_EDGE('',*,*,#413,.F.);
#99=ORIENTED_EDGE('',*,*,#414,.T.);
#100=ORIENTED_EDGE('',*,*,#415,.T.);
#101=ORIENTED_EDGE('',*,*,#416,.T.);
#102=ORIENTED_EDGE('',*,*,#417,.T.);
#103=ORIENTED_EDGE('',*,*,#418,.F.);
#104=ORIENTED_EDGE('',*,*,#419,.T.);
#105=ORIENTED_EDGE('',*,*,#420,.T.);
#106=ORIENTED_EDGE('',*,*,#421,.T.);
#107=ORIENTED_EDGE('',*,*,#422,.T.);
#108=ORIENTED_EDGE('',*,*,#423,.F.);
#109=ORIENTED_EDGE('',*,*,#418,.T.);
#110=ORIENTED_EDGE('',*,*,#424,.T.);
#111=ORIENTED_EDGE('',*,*,#425,.F.);
#112=ORIENTED_EDGE('',*,*,#426,.F.);
#113=ORIENTED_EDGE('',*,*,#427,.T.);
#114=ORIENTED_EDGE('',*,*,#428,.T.);
#115=ORIENTED_EDGE('',*,*,#401,.F.);
#116=ORIENTED_EDGE('',*,*,#429,.T.);
#117=ORIENTED_EDGE('',*,*,#426,.T.);
#118=ORIENTED_EDGE('',*,*,#430,.F.);
#119=ORIENTED_EDGE('',*,*,#406,.F.);
#120=ORIENTED_EDGE('',*,*,#431,.T.);
#121=ORIENTED_EDGE('',*,*,#399,.T.);
#122=ORIENTED_EDGE('',*,*,#432,.F.);
#123=ORIENTED_EDGE('',*,*,#433,.T.);
#124=ORIENTED_EDGE('',*,*,#434,.T.);
#125=ORIENTED_EDGE('',*,*,#435,.T.);
#126=ORIENTED_EDGE('',*,*,#436,.T.);
#127=ORIENTED_EDGE('',*,*,#437,.F.);
#128=ORIENTED_EDGE('',*,*,#438,.T.);
#129=ORIENTED_EDGE('',*,*,#439,.T.);
#130=ORIENTED_EDGE('',*,*,#440,.T.);
#131=ORIENTED_EDGE('',*,*,#441,.T.);
#132=ORIENTED_EDGE('',*,*,#409,.T.);
#133=ORIENTED_EDGE('',*,*,#442,.T.);
#134=ORIENTED_EDGE('',*,*,#412,.T.);
#135=ORIENTED_EDGE('',*,*,#443,.T.);
#136=ORIENTED_EDGE('',*,*,#444,.T.);
#137=ORIENTED_EDGE('',*,*,#445,.T.);
#138=ORIENTED_EDGE('',*,*,#446,.T.);
#139=ORIENTED_EDGE('',*,*,#447,.F.);
#140=ORIENTED_EDGE('',*,*,#416,.F.);
#141=ORIENTED_EDGE('',*,*,#448,.F.);
#142=ORIENTED_EDGE('',*,*,#420,.F.);
#143=ORIENTED_EDGE('',*,*,#449,.F.);
#144=ORIENTED_EDGE('',*,*,#450,.T.);
#145=ORIENTED_EDGE('',*,*,#451,.T.);
#146=ORIENTED_EDGE('',*,*,#452,.T.);
#147=ORIENTED_EDGE('',*,*,#433,.F.);
#148=ORIENTED_EDGE('',*,*,#453,.F.);
#149=ORIENTED_EDGE('',*,*,#454,.F.);
#150=ORIENTED_EDGE('',*,*,#455,.F.);
#151=ORIENTED_EDGE('',*,*,#456,.T.);
#152=ORIENTED_EDGE('',*,*,#457,.T.);
#153=ORIENTED_EDGE('',*,*,#458,.T.);
#154=ORIENTED_EDGE('',*,*,#459,.T.);
#155=ORIENTED_EDGE('',*,*,#437,.T.);
#156=ORIENTED_EDGE('',*,*,#460,.T.);
#157=ORIENTED_EDGE('',*,*,#461,.F.);
#158=ORIENTED_EDGE('',*,*,#462,.F.);
#159=ORIENTED_EDGE('',*,*,#463,.F.);
#160=ORIENTED_EDGE('',*,*,#464,.T.);
#161=ORIENTED_EDGE('',*,*,#465,.T.);
#162=ORIENTED_EDGE('',*,*,#466,.T.);
#163=ORIENTED_EDGE('',*,*,#467,.T.);
#164=ORIENTED_EDGE('',*,*,#468,.T.);
#165=ORIENTED_EDGE('',*,*,#425,.T.);
#166=ORIENTED_EDGE('',*,*,#469,.T.);
#167=ORIENTED_EDGE('',*,*,#459,.F.);
#168=ORIENTED_EDGE('',*,*,#470,.T.);
#169=ORIENTED_EDGE('',*,*,#407,.T.);
#170=ORIENTED_EDGE('',*,*,#432,.T.);
#171=ORIENTED_EDGE('',*,*,#402,.T.);
#172=ORIENTED_EDGE('',*,*,#430,.T.);
#173=ORIENTED_EDGE('',*,*,#462,.T.);
#174=ORIENTED_EDGE('',*,*,#471,.T.);
#175=ORIENTED_EDGE('',*,*,#427,.F.);
#176=ORIENTED_EDGE('',*,*,#429,.F.);
#177=ORIENTED_EDGE('',*,*,#400,.F.);
#178=ORIENTED_EDGE('',*,*,#431,.F.);
#179=ORIENTED_EDGE('',*,*,#405,.F.);
#180=ORIENTED_EDGE('',*,*,#472,.T.);
#181=ORIENTED_EDGE('',*,*,#421,.F.);
#182=ORIENTED_EDGE('',*,*,#473,.F.);
#183=ORIENTED_EDGE('',*,*,#474,.F.);
#184=ORIENTED_EDGE('',*,*,#475,.F.);
#185=ORIENTED_EDGE('',*,*,#476,.F.);
#186=ORIENTED_EDGE('',*,*,#477,.F.);
#187=ORIENTED_EDGE('',*,*,#478,.F.);
#188=ORIENTED_EDGE('',*,*,#479,.F.);
#189=ORIENTED_EDGE('',*,*,#480,.F.);
#190=ORIENTED_EDGE('',*,*,#481,.F.);
#191=ORIENTED_EDGE('',*,*,#482,.F.);
#192=ORIENTED_EDGE('',*,*,#483,.F.);
#193=ORIENTED_EDGE('',*,*,#484,.T.);
#194=ORIENTED_EDGE('',*,*,#423,.T.);
#195=ORIENTED_EDGE('',*,*,#485,.T.);
#196=ORIENTED_EDGE('',*,*,#486,.T.);
#197=ORIENTED_EDGE('',*,*,#487,.T.);
#198=ORIENTED_EDGE('',*,*,#488,.T.);
#199=ORIENTED_EDGE('',*,*,#489,.T.);
#200=ORIENTED_EDGE('',*,*,#490,.T.);
#201=ORIENTED_EDGE('',*,*,#491,.T.);
#202=ORIENTED_EDGE('',*,*,#492,.T.);
#203=ORIENTED_EDGE('',*,*,#493,.T.);
#204=ORIENTED_EDGE('',*,*,#494,.T.);
#205=ORIENTED_EDGE('',*,*,#422,.F.);
#206=ORIENTED_EDGE('',*,*,#483,.T.);
#207=ORIENTED_EDGE('',*,*,#495,.T.);
#208=ORIENTED_EDGE('',*,*,#485,.F.);
#209=ORIENTED_EDGE('',*,*,#448,.T.);
#210=ORIENTED_EDGE('',*,*,#484,.F.);
#211=ORIENTED_EDGE('',*,*,#496,.F.);
#212=ORIENTED_EDGE('',*,*,#473,.T.);
#213=ORIENTED_EDGE('',*,*,#486,.F.);
#214=ORIENTED_EDGE('',*,*,#495,.F.);
#215=ORIENTED_EDGE('',*,*,#482,.T.);
#216=ORIENTED_EDGE('',*,*,#497,.T.);
#217=ORIENTED_EDGE('',*,*,#487,.F.);
#218=ORIENTED_EDGE('',*,*,#497,.F.);
#219=ORIENTED_EDGE('',*,*,#481,.T.);
#220=ORIENTED_EDGE('',*,*,#498,.T.);
#221=ORIENTED_EDGE('',*,*,#488,.F.);
#222=ORIENTED_EDGE('',*,*,#498,.F.);
#223=ORIENTED_EDGE('',*,*,#480,.T.);
#224=ORIENTED_EDGE('',*,*,#499,.T.);
#225=ORIENTED_EDGE('',*,*,#489,.F.);
#226=ORIENTED_EDGE('',*,*,#499,.F.);
#227=ORIENTED_EDGE('',*,*,#479,.T.);
#228=ORIENTED_EDGE('',*,*,#500,.T.);
#229=ORIENTED_EDGE('',*,*,#490,.F.);
#230=ORIENTED_EDGE('',*,*,#500,.F.);
#231=ORIENTED_EDGE('',*,*,#478,.T.);
#232=ORIENTED_EDGE('',*,*,#501,.T.);
#233=ORIENTED_EDGE('',*,*,#491,.F.);
#234=ORIENTED_EDGE('',*,*,#501,.F.);
#235=ORIENTED_EDGE('',*,*,#477,.T.);
#236=ORIENTED_EDGE('',*,*,#502,.T.);
#237=ORIENTED_EDGE('',*,*,#492,.F.);
#238=ORIENTED_EDGE('',*,*,#502,.F.);
#239=ORIENTED_EDGE('',*,*,#476,.T.);
#240=ORIENTED_EDGE('',*,*,#503,.T.);
#241=ORIENTED_EDGE('',*,*,#493,.F.);
#242=ORIENTED_EDGE('',*,*,#503,.F.);
#243=ORIENTED_EDGE('',*,*,#475,.T.);
#244=ORIENTED_EDGE('',*,*,#504,.T.);
#245=ORIENTED_EDGE('',*,*,#494,.F.);
#246=ORIENTED_EDGE('',*,*,#504,.F.);
#247=ORIENTED_EDGE('',*,*,#474,.T.);
#248=ORIENTED_EDGE('',*,*,#496,.T.);
#249=ORIENTED_EDGE('',*,*,#415,.F.);
#250=ORIENTED_EDGE('',*,*,#505,.F.);
#251=ORIENTED_EDGE('',*,*,#506,.F.);
#252=ORIENTED_EDGE('',*,*,#507,.F.);
#253=ORIENTED_EDGE('',*,*,#508,.F.);
#254=ORIENTED_EDGE('',*,*,#509,.F.);
#255=ORIENTED_EDGE('',*,*,#510,.F.);
#256=ORIENTED_EDGE('',*,*,#511,.F.);
#257=ORIENTED_EDGE('',*,*,#512,.F.);
#258=ORIENTED_EDGE('',*,*,#513,.F.);
#259=ORIENTED_EDGE('',*,*,#514,.F.);
#260=ORIENTED_EDGE('',*,*,#515,.F.);
#261=ORIENTED_EDGE('',*,*,#414,.F.);
#262=ORIENTED_EDGE('',*,*,#516,.F.);
#263=ORIENTED_EDGE('',*,*,#517,.F.);
#264=ORIENTED_EDGE('',*,*,#505,.T.);
#265=ORIENTED_EDGE('',*,*,#516,.T.);
#266=ORIENTED_EDGE('',*,*,#413,.T.);
#267=ORIENTED_EDGE('',*,*,#518,.T.);
#268=ORIENTED_EDGE('',*,*,#519,.T.);
#269=ORIENTED_EDGE('',*,*,#520,.T.);
#270=ORIENTED_EDGE('',*,*,#521,.T.);
#271=ORIENTED_EDGE('',*,*,#522,.T.);
#272=ORIENTED_EDGE('',*,*,#523,.T.);
#273=ORIENTED_EDGE('',*,*,#524,.T.);
#274=ORIENTED_EDGE('',*,*,#525,.T.);
#275=ORIENTED_EDGE('',*,*,#526,.T.);
#276=ORIENTED_EDGE('',*,*,#527,.T.);
#277=ORIENTED_EDGE('',*,*,#442,.F.);
#278=ORIENTED_EDGE('',*,*,#515,.T.);
#279=ORIENTED_EDGE('',*,*,#528,.T.);
#280=ORIENTED_EDGE('',*,*,#518,.F.);
#281=ORIENTED_EDGE('',*,*,#525,.F.);
#282=ORIENTED_EDGE('',*,*,#529,.F.);
#283=ORIENTED_EDGE('',*,*,#508,.T.);
#284=ORIENTED_EDGE('',*,*,#530,.T.);
#285=ORIENTED_EDGE('',*,*,#526,.F.);
#286=ORIENTED_EDGE('',*,*,#530,.F.);
#287=ORIENTED_EDGE('',*,*,#507,.T.);
#288=ORIENTED_EDGE('',*,*,#531,.T.);
#289=ORIENTED_EDGE('',*,*,#527,.F.);
#290=ORIENTED_EDGE('',*,*,#531,.F.);
#291=ORIENTED_EDGE('',*,*,#506,.T.);
#292=ORIENTED_EDGE('',*,*,#517,.T.);
#293=ORIENTED_EDGE('',*,*,#519,.F.);
#294=ORIENTED_EDGE('',*,*,#528,.F.);
#295=ORIENTED_EDGE('',*,*,#514,.T.);
#296=ORIENTED_EDGE('',*,*,#532,.T.);
#297=ORIENTED_EDGE('',*,*,#520,.F.);
#298=ORIENTED_EDGE('',*,*,#532,.F.);
#299=ORIENTED_EDGE('',*,*,#513,.T.);
#300=ORIENTED_EDGE('',*,*,#533,.T.);
#301=ORIENTED_EDGE('',*,*,#521,.F.);
#302=ORIENTED_EDGE('',*,*,#533,.F.);
#303=ORIENTED_EDGE('',*,*,#512,.T.);
#304=ORIENTED_EDGE('',*,*,#534,.T.);
#305=ORIENTED_EDGE('',*,*,#522,.F.);
#306=ORIENTED_EDGE('',*,*,#534,.F.);
#307=ORIENTED_EDGE('',*,*,#511,.T.);
#308=ORIENTED_EDGE('',*,*,#535,.T.);
#309=ORIENTED_EDGE('',*,*,#523,.F.);
#310=ORIENTED_EDGE('',*,*,#535,.F.);
#311=ORIENTED_EDGE('',*,*,#510,.T.);
#312=ORIENTED_EDGE('',*,*,#536,.T.);
#313=ORIENTED_EDGE('',*,*,#524,.F.);
#314=ORIENTED_EDGE('',*,*,#536,.F.);
#315=ORIENTED_EDGE('',*,*,#509,.T.);
#316=ORIENTED_EDGE('',*,*,#529,.T.);
#317=ORIENTED_EDGE('',*,*,#454,.T.);
#318=ORIENTED_EDGE('',*,*,#537,.F.);
#319=ORIENTED_EDGE('',*,*,#467,.F.);
#320=ORIENTED_EDGE('',*,*,#538,.F.);
#321=ORIENTED_EDGE('',*,*,#466,.F.);
#322=ORIENTED_EDGE('',*,*,#539,.T.);
#323=ORIENTED_EDGE('',*,*,#395,.F.);
#324=ORIENTED_EDGE('',*,*,#540,.T.);
#325=ORIENTED_EDGE('',*,*,#455,.T.);
#326=ORIENTED_EDGE('',*,*,#538,.T.);
#327=ORIENTED_EDGE('',*,*,#453,.T.);
#328=ORIENTED_EDGE('',*,*,#438,.F.);
#329=ORIENTED_EDGE('',*,*,#468,.F.);
#330=ORIENTED_EDGE('',*,*,#537,.T.);
#331=ORIENTED_EDGE('',*,*,#470,.F.);
#332=ORIENTED_EDGE('',*,*,#458,.F.);
#333=ORIENTED_EDGE('',*,*,#541,.F.);
#334=ORIENTED_EDGE('',*,*,#443,.F.);
#335=ORIENTED_EDGE('',*,*,#411,.F.);
#336=ORIENTED_EDGE('',*,*,#408,.F.);
#337=ORIENTED_EDGE('',*,*,#540,.F.);
#338=ORIENTED_EDGE('',*,*,#398,.F.);
#339=ORIENTED_EDGE('',*,*,#542,.F.);
#340=ORIENTED_EDGE('',*,*,#456,.F.);
#341=ORIENTED_EDGE('',*,*,#541,.T.);
#342=ORIENTED_EDGE('',*,*,#457,.F.);
#343=ORIENTED_EDGE('',*,*,#543,.F.);
#344=ORIENTED_EDGE('',*,*,#444,.F.);
#345=ORIENTED_EDGE('',*,*,#543,.T.);
#346=ORIENTED_EDGE('',*,*,#542,.T.);
#347=ORIENTED_EDGE('',*,*,#544,.F.);
#348=ORIENTED_EDGE('',*,*,#539,.F.);
#349=ORIENTED_EDGE('',*,*,#465,.F.);
#350=ORIENTED_EDGE('',*,*,#545,.F.);
#351=ORIENTED_EDGE('',*,*,#396,.F.);
#352=ORIENTED_EDGE('',*,*,#544,.T.);
#353=ORIENTED_EDGE('',*,*,#397,.F.);
#354=ORIENTED_EDGE('',*,*,#546,.F.);
#355=ORIENTED_EDGE('',*,*,#439,.F.);
#356=ORIENTED_EDGE('',*,*,#546,.T.);
#357=ORIENTED_EDGE('',*,*,#545,.T.);
#358=ORIENTED_EDGE('',*,*,#547,.F.);
#359=ORIENTED_EDGE('',*,*,#547,.T.);
#360=ORIENTED_EDGE('',*,*,#464,.F.);
#361=ORIENTED_EDGE('',*,*,#548,.F.);
#362=ORIENTED_EDGE('',*,*,#440,.F.);
#363=ORIENTED_EDGE('',*,*,#463,.T.);
#364=ORIENTED_EDGE('',*,*,#472,.F.);
#365=ORIENTED_EDGE('',*,*,#404,.F.);
#366=ORIENTED_EDGE('',*,*,#410,.F.);
#367=ORIENTED_EDGE('',*,*,#441,.F.);
#368=ORIENTED_EDGE('',*,*,#548,.T.);
#369=ORIENTED_EDGE('',*,*,#471,.F.);
#370=ORIENTED_EDGE('',*,*,#461,.T.);
#371=ORIENTED_EDGE('',*,*,#549,.F.);
#372=ORIENTED_EDGE('',*,*,#449,.T.);
#373=ORIENTED_EDGE('',*,*,#419,.F.);
#374=ORIENTED_EDGE('',*,*,#428,.F.);
#375=ORIENTED_EDGE('',*,*,#460,.F.);
#376=ORIENTED_EDGE('',*,*,#436,.F.);
#377=ORIENTED_EDGE('',*,*,#550,.F.);
#378=ORIENTED_EDGE('',*,*,#450,.F.);
#379=ORIENTED_EDGE('',*,*,#549,.T.);
#380=ORIENTED_EDGE('',*,*,#550,.T.);
#381=ORIENTED_EDGE('',*,*,#435,.F.);
#382=ORIENTED_EDGE('',*,*,#551,.F.);
#383=ORIENTED_EDGE('',*,*,#445,.F.);
#384=ORIENTED_EDGE('',*,*,#434,.F.);
#385=ORIENTED_EDGE('',*,*,#452,.F.);
#386=ORIENTED_EDGE('',*,*,#552,.F.);
#387=ORIENTED_EDGE('',*,*,#446,.F.);
#388=ORIENTED_EDGE('',*,*,#551,.T.);
#389=ORIENTED_EDGE('',*,*,#424,.F.);
#390=ORIENTED_EDGE('',*,*,#417,.F.);
#391=ORIENTED_EDGE('',*,*,#447,.T.);
#392=ORIENTED_EDGE('',*,*,#552,.T.);
#393=ORIENTED_EDGE('',*,*,#451,.F.);
#394=ORIENTED_EDGE('',*,*,#469,.F.);
#395=EDGE_CURVE('',#553,#554,#655,.T.);
#396=EDGE_CURVE('',#554,#555,#656,.F.);
#397=EDGE_CURVE('',#555,#556,#657,.T.);
#398=EDGE_CURVE('',#556,#553,#658,.T.);
#399=EDGE_CURVE('',#557,#558,#659,.T.);
#400=EDGE_CURVE('',#557,#559,#660,.T.);
#401=EDGE_CURVE('',#559,#560,#661,.T.);
#402=EDGE_CURVE('',#558,#560,#662,.T.);
#403=EDGE_CURVE('',#561,#562,#663,.T.);
#404=EDGE_CURVE('',#561,#563,#71,.F.);
#405=EDGE_CURVE('',#563,#564,#664,.T.);
#406=EDGE_CURVE('',#564,#565,#665,.T.);
#407=EDGE_CURVE('',#566,#565,#666,.T.);
#408=EDGE_CURVE('',#566,#562,#72,.F.);
#409=EDGE_CURVE('',#567,#568,#667,.T.);
#410=EDGE_CURVE('',#567,#561,#668,.T.);
#411=EDGE_CURVE('',#562,#569,#669,.F.);
#412=EDGE_CURVE('',#570,#569,#670,.T.);
#413=EDGE_CURVE('',#571,#570,#671,.T.);
#414=EDGE_CURVE('',#571,#572,#672,.T.);
#415=EDGE_CURVE('',#572,#568,#673,.T.);
#416=EDGE_CURVE('',#573,#574,#674,.T.);
#417=EDGE_CURVE('',#574,#575,#675,.F.);
#418=EDGE_CURVE('',#576,#575,#676,.T.);
#419=EDGE_CURVE('',#576,#577,#677,.T.);
#420=EDGE_CURVE('',#577,#578,#678,.T.);
#421=EDGE_CURVE('',#578,#579,#679,.T.);
#422=EDGE_CURVE('',#579,#580,#680,.T.);
#423=EDGE_CURVE('',#573,#580,#681,.T.);
#424=EDGE_CURVE('',#575,#581,#73,.F.);
#425=EDGE_CURVE('',#582,#581,#682,.T.);
#426=EDGE_CURVE('',#583,#582,#683,.T.);
#427=EDGE_CURVE('',#583,#584,#684,.T.);
#428=EDGE_CURVE('',#584,#576,#74,.F.);
#429=EDGE_CURVE('',#559,#583,#685,.T.);
#430=EDGE_CURVE('',#560,#582,#686,.T.);
#431=EDGE_CURVE('',#564,#557,#687,.T.);
#432=EDGE_CURVE('',#565,#558,#688,.T.);
#433=EDGE_CURVE('',#585,#586,#689,.T.);
#434=EDGE_CURVE('',#586,#587,#75,.F.);
#435=EDGE_CURVE('',#587,#588,#690,.F.);
#436=EDGE_CURVE('',#588,#589,#76,.F.);
#437=EDGE_CURVE('',#590,#589,#691,.T.);
#438=EDGE_CURVE('',#590,#585,#692,.T.);
#439=EDGE_CURVE('',#591,#592,#693,.F.);
#440=EDGE_CURVE('',#592,#593,#694,.T.);
#441=EDGE_CURVE('',#593,#567,#695,.T.);
#442=EDGE_CURVE('',#568,#570,#696,.T.);
#443=EDGE_CURVE('',#569,#594,#697,.T.);
#444=EDGE_CURVE('',#594,#591,#698,.F.);
#445=EDGE_CURVE('',#595,#596,#699,.T.);
#446=EDGE_CURVE('',#596,#597,#700,.F.);
#447=EDGE_CURVE('',#574,#597,#701,.T.);
#448=EDGE_CURVE('',#578,#573,#702,.T.);
#449=EDGE_CURVE('',#598,#577,#703,.T.);
#450=EDGE_CURVE('',#598,#595,#704,.T.);
#451=EDGE_CURVE('',#599,#600,#705,.T.);
#452=EDGE_CURVE('',#600,#586,#706,.T.);
#453=EDGE_CURVE('',#601,#585,#707,.T.);
#454=EDGE_CURVE('',#602,#601,#708,.T.);
#455=EDGE_CURVE('',#603,#602,#709,.T.);
#456=EDGE_CURVE('',#603,#604,#710,.F.);
#457=EDGE_CURVE('',#604,#605,#711,.T.);
#458=EDGE_CURVE('',#605,#606,#712,.T.);
#459=EDGE_CURVE('',#606,#599,#713,.T.);
#460=EDGE_CURVE('',#589,#607,#714,.F.);
#461=EDGE_CURVE('',#608,#607,#715,.T.);
#462=EDGE_CURVE('',#609,#608,#716,.T.);
#463=EDGE_CURVE('',#610,#609,#717,.T.);
#464=EDGE_CURVE('',#610,#611,#718,.F.);
#465=EDGE_CURVE('',#611,#612,#719,.T.);
#466=EDGE_CURVE('',#612,#613,#720,.T.);
#467=EDGE_CURVE('',#613,#614,#721,.T.);
#468=EDGE_CURVE('',#614,#590,#722,.T.);
#469=EDGE_CURVE('',#581,#599,#723,.T.);
#470=EDGE_CURVE('',#606,#566,#724,.T.);
#471=EDGE_CURVE('',#608,#584,#725,.F.);
#472=EDGE_CURVE('',#563,#609,#726,.F.);
#473=EDGE_CURVE('',#615,#578,#727,.T.);
#474=EDGE_CURVE('',#616,#615,#47,.T.);
#475=EDGE_CURVE('',#617,#616,#728,.T.);
#476=EDGE_CURVE('',#618,#617,#48,.T.);
#477=EDGE_CURVE('',#619,#618,#729,.T.);
#478=EDGE_CURVE('',#620,#619,#730,.T.);
#479=EDGE_CURVE('',#621,#620,#731,.T.);
#480=EDGE_CURVE('',#622,#621,#49,.T.);
#481=EDGE_CURVE('',#623,#622,#732,.T.);
#482=EDGE_CURVE('',#624,#623,#50,.T.);
#483=EDGE_CURVE('',#579,#624,#733,.T.);
#484=EDGE_CURVE('',#625,#573,#734,.T.);
#485=EDGE_CURVE('',#580,#626,#735,.T.);
#486=EDGE_CURVE('',#626,#627,#51,.T.);
#487=EDGE_CURVE('',#627,#628,#736,.T.);
#488=EDGE_CURVE('',#628,#629,#52,.T.);
#489=EDGE_CURVE('',#629,#630,#737,.T.);
#490=EDGE_CURVE('',#630,#631,#738,.T.);
#491=EDGE_CURVE('',#631,#632,#739,.T.);
#492=EDGE_CURVE('',#632,#633,#53,.T.);
#493=EDGE_CURVE('',#633,#634,#740,.T.);
#494=EDGE_CURVE('',#634,#625,#54,.T.);
#495=EDGE_CURVE('',#624,#626,#741,.T.);
#496=EDGE_CURVE('',#615,#625,#742,.T.);
#497=EDGE_CURVE('',#623,#627,#743,.T.);
#498=EDGE_CURVE('',#622,#628,#744,.T.);
#499=EDGE_CURVE('',#621,#629,#745,.T.);
#500=EDGE_CURVE('',#620,#630,#746,.T.);
#501=EDGE_CURVE('',#619,#631,#747,.T.);
#502=EDGE_CURVE('',#618,#632,#748,.T.);
#503=EDGE_CURVE('',#617,#633,#749,.T.);
#504=EDGE_CURVE('',#616,#634,#750,.T.);
#505=EDGE_CURVE('',#635,#572,#751,.T.);
#506=EDGE_CURVE('',#636,#635,#55,.T.);
#507=EDGE_CURVE('',#637,#636,#752,.T.);
#508=EDGE_CURVE('',#638,#637,#56,.T.);
#509=EDGE_CURVE('',#639,#638,#753,.T.);
#510=EDGE_CURVE('',#640,#639,#754,.T.);
#511=EDGE_CURVE('',#641,#640,#755,.T.);
#512=EDGE_CURVE('',#642,#641,#57,.T.);
#513=EDGE_CURVE('',#643,#642,#756,.T.);
#514=EDGE_CURVE('',#644,#643,#58,.T.);
#515=EDGE_CURVE('',#568,#644,#757,.T.);
#516=EDGE_CURVE('',#645,#571,#758,.T.);
#517=EDGE_CURVE('',#635,#645,#759,.T.);
#518=EDGE_CURVE('',#570,#646,#760,.T.);
#519=EDGE_CURVE('',#646,#647,#59,.T.);
#520=EDGE_CURVE('',#647,#648,#761,.T.);
#521=EDGE_CURVE('',#648,#649,#60,.T.);
#522=EDGE_CURVE('',#649,#650,#762,.T.);
#523=EDGE_CURVE('',#650,#651,#763,.T.);
#524=EDGE_CURVE('',#651,#652,#764,.T.);
#525=EDGE_CURVE('',#652,#653,#61,.T.);
#526=EDGE_CURVE('',#653,#654,#765,.T.);
#527=EDGE_CURVE('',#654,#645,#62,.T.);
#528=EDGE_CURVE('',#644,#646,#766,.T.);
#529=EDGE_CURVE('',#638,#652,#767,.T.);
#530=EDGE_CURVE('',#637,#653,#768,.T.);
#531=EDGE_CURVE('',#636,#654,#769,.T.);
#532=EDGE_CURVE('',#643,#647,#770,.T.);
#533=EDGE_CURVE('',#642,#648,#771,.T.);
#534=EDGE_CURVE('',#641,#649,#772,.T.);
#535=EDGE_CURVE('',#640,#650,#773,.T.);
#536=EDGE_CURVE('',#639,#651,#774,.T.);
#537=EDGE_CURVE('',#614,#601,#775,.T.);
#538=EDGE_CURVE('',#602,#613,#776,.T.);
#539=EDGE_CURVE('',#612,#554,#63,.F.);
#540=EDGE_CURVE('',#553,#603,#64,.F.);
#541=EDGE_CURVE('',#594,#605,#22,.T.);
#542=EDGE_CURVE('',#604,#556,#65,.T.);
#543=EDGE_CURVE('',#591,#604,#66,.T.);
#544=EDGE_CURVE('',#591,#556,#67,.F.);
#545=EDGE_CURVE('',#555,#611,#68,.T.);
#546=EDGE_CURVE('',#592,#555,#69,.T.);
#547=EDGE_CURVE('',#592,#611,#70,.F.);
#548=EDGE_CURVE('',#593,#610,#23,.F.);
#549=EDGE_CURVE('',#598,#607,#24,.F.);
#550=EDGE_CURVE('',#595,#588,#77,.T.);
#551=EDGE_CURVE('',#596,#587,#78,.T.);
#552=EDGE_CURVE('',#597,#600,#25,.F.);
#553=VERTEX_POINT('',#1919);
#554=VERTEX_POINT('',#1920);
#555=VERTEX_POINT('',#1922);
#556=VERTEX_POINT('',#1924);
#557=VERTEX_POINT('',#1928);
#558=VERTEX_POINT('',#1929);
#559=VERTEX_POINT('',#1931);
#560=VERTEX_POINT('',#1933);
#561=VERTEX_POINT('',#1937);
#562=VERTEX_POINT('',#1938);
#563=VERTEX_POINT('',#1940);
#564=VERTEX_POINT('',#1942);
#565=VERTEX_POINT('',#1944);
#566=VERTEX_POINT('',#1946);
#567=VERTEX_POINT('',#1950);
#568=VERTEX_POINT('',#1951);
#569=VERTEX_POINT('',#1954);
#570=VERTEX_POINT('',#1956);
#571=VERTEX_POINT('',#1958);
#572=VERTEX_POINT('',#1960);
#573=VERTEX_POINT('',#1964);
#574=VERTEX_POINT('',#1965);
#575=VERTEX_POINT('',#1967);
#576=VERTEX_POINT('',#1969);
#577=VERTEX_POINT('',#1971);
#578=VERTEX_POINT('',#1973);
#579=VERTEX_POINT('',#1975);
#580=VERTEX_POINT('',#1977);
#581=VERTEX_POINT('',#1981);
#582=VERTEX_POINT('',#1983);
#583=VERTEX_POINT('',#1985);
#584=VERTEX_POINT('',#1987);
#585=VERTEX_POINT('',#1997);
#586=VERTEX_POINT('',#1998);
#587=VERTEX_POINT('',#2000);
#588=VERTEX_POINT('',#2002);
#589=VERTEX_POINT('',#2004);
#590=VERTEX_POINT('',#2006);
#591=VERTEX_POINT('',#2010);
#592=VERTEX_POINT('',#2011);
#593=VERTEX_POINT('',#2013);
#594=VERTEX_POINT('',#2017);
#595=VERTEX_POINT('',#2021);
#596=VERTEX_POINT('',#2022);
#597=VERTEX_POINT('',#2024);
#598=VERTEX_POINT('',#2028);
#599=VERTEX_POINT('',#2032);
#600=VERTEX_POINT('',#2033);
#601=VERTEX_POINT('',#2036);
#602=VERTEX_POINT('',#2038);
#603=VERTEX_POINT('',#2040);
#604=VERTEX_POINT('',#2042);
#605=VERTEX_POINT('',#2044);
#606=VERTEX_POINT('',#2046);
#607=VERTEX_POINT('',#2050);
#608=VERTEX_POINT('',#2052);
#609=VERTEX_POINT('',#2054);
#610=VERTEX_POINT('',#2056);
#611=VERTEX_POINT('',#2058);
#612=VERTEX_POINT('',#2060);
#613=VERTEX_POINT('',#2062);
#614=VERTEX_POINT('',#2064);
#615=VERTEX_POINT('',#2074);
#616=VERTEX_POINT('',#2076);
#617=VERTEX_POINT('',#2078);
#618=VERTEX_POINT('',#2080);
#619=VERTEX_POINT('',#2082);
#620=VERTEX_POINT('',#2084);
#621=VERTEX_POINT('',#2086);
#622=VERTEX_POINT('',#2088);
#623=VERTEX_POINT('',#2090);
#624=VERTEX_POINT('',#2092);
#625=VERTEX_POINT('',#2096);
#626=VERTEX_POINT('',#2098);
#627=VERTEX_POINT('',#2100);
#628=VERTEX_POINT('',#2102);
#629=VERTEX_POINT('',#2104);
#630=VERTEX_POINT('',#2106);
#631=VERTEX_POINT('',#2108);
#632=VERTEX_POINT('',#2110);
#633=VERTEX_POINT('',#2112);
#634=VERTEX_POINT('',#2114);
#635=VERTEX_POINT('',#2139);
#636=VERTEX_POINT('',#2141);
#637=VERTEX_POINT('',#2143);
#638=VERTEX_POINT('',#2145);
#639=VERTEX_POINT('',#2147);
#640=VERTEX_POINT('',#2149);
#641=VERTEX_POINT('',#2151);
#642=VERTEX_POINT('',#2153);
#643=VERTEX_POINT('',#2155);
#644=VERTEX_POINT('',#2157);
#645=VERTEX_POINT('',#2161);
#646=VERTEX_POINT('',#2165);
#647=VERTEX_POINT('',#2167);
#648=VERTEX_POINT('',#2169);
#649=VERTEX_POINT('',#2171);
#650=VERTEX_POINT('',#2173);
#651=VERTEX_POINT('',#2175);
#652=VERTEX_POINT('',#2177);
#653=VERTEX_POINT('',#2179);
#654=VERTEX_POINT('',#2181);
#655=LINE('',#1918,#777);
#656=LINE('',#1921,#778);
#657=LINE('',#1923,#779);
#658=LINE('',#1925,#780);
#659=LINE('',#1927,#781);
#660=LINE('',#1930,#782);
#661=LINE('',#1932,#783);
#662=LINE('',#1934,#784);
#663=LINE('',#1936,#785);
#664=LINE('',#1941,#786);
#665=LINE('',#1943,#787);
#666=LINE('',#1945,#788);
#667=LINE('',#1949,#789);
#668=LINE('',#1952,#790);
#669=LINE('',#1953,#791);
#670=LINE('',#1955,#792);
#671=LINE('',#1957,#793);
#672=LINE('',#1959,#794);
#673=LINE('',#1961,#795);
#674=LINE('',#1963,#796);
#675=LINE('',#1966,#797);
#676=LINE('',#1968,#798);
#677=LINE('',#1970,#799);
#678=LINE('',#1972,#800);
#679=LINE('',#1974,#801);
#680=LINE('',#1976,#802);
#681=LINE('',#1978,#803);
#682=LINE('',#1982,#804);
#683=LINE('',#1984,#805);
#684=LINE('',#1986,#806);
#685=LINE('',#1990,#807);
#686=LINE('',#1991,#808);
#687=LINE('',#1993,#809);
#688=LINE('',#1994,#810);
#689=LINE('',#1996,#811);
#690=LINE('',#2001,#812);
#691=LINE('',#2005,#813);
#692=LINE('',#2007,#814);
#693=LINE('',#2009,#815);
#694=LINE('',#2012,#816);
#695=LINE('',#2014,#817);
#696=LINE('',#2015,#818);
#697=LINE('',#2016,#819);
#698=LINE('',#2018,#820);
#699=LINE('',#2020,#821);
#700=LINE('',#2023,#822);
#701=LINE('',#2025,#823);
#702=LINE('',#2026,#824);
#703=LINE('',#2027,#825);
#704=LINE('',#2029,#826);
#705=LINE('',#2031,#827);
#706=LINE('',#2034,#828);
#707=LINE('',#2035,#829);
#708=LINE('',#2037,#830);
#709=LINE('',#2039,#831);
#710=LINE('',#2041,#832);
#711=LINE('',#2043,#833);
#712=LINE('',#2045,#834);
#713=LINE('',#2047,#835);
#714=LINE('',#2049,#836);
#715=LINE('',#2051,#837);
#716=LINE('',#2053,#838);
#717=LINE('',#2055,#839);
#718=LINE('',#2057,#840);
#719=LINE('',#2059,#841);
#720=LINE('',#2061,#842);
#721=LINE('',#2063,#843);
#722=LINE('',#2065,#844);
#723=LINE('',#2067,#845);
#724=LINE('',#2068,#846);
#725=LINE('',#2070,#847);
#726=LINE('',#2071,#848);
#727=LINE('',#2073,#849);
#728=LINE('',#2077,#850);
#729=LINE('',#2081,#851);
#730=LINE('',#2083,#852);
#731=LINE('',#2085,#853);
#732=LINE('',#2089,#854);
#733=LINE('',#2093,#855);
#734=LINE('',#2095,#856);
#735=LINE('',#2097,#857);
#736=LINE('',#2101,#858);
#737=LINE('',#2105,#859);
#738=LINE('',#2107,#860);
#739=LINE('',#2109,#861);
#740=LINE('',#2113,#862);
#741=LINE('',#2117,#863);
#742=LINE('',#2119,#864);
#743=LINE('',#2121,#865);
#744=LINE('',#2123,#866);
#745=LINE('',#2125,#867);
#746=LINE('',#2127,#868);
#747=LINE('',#2129,#869);
#748=LINE('',#2131,#870);
#749=LINE('',#2133,#871);
#750=LINE('',#2135,#872);
#751=LINE('',#2138,#873);
#752=LINE('',#2142,#874);
#753=LINE('',#2146,#875);
#754=LINE('',#2148,#876);
#755=LINE('',#2150,#877);
#756=LINE('',#2154,#878);
#757=LINE('',#2158,#879);
#758=LINE('',#2160,#880);
#759=LINE('',#2162,#881);
#760=LINE('',#2164,#882);
#761=LINE('',#2168,#883);
#762=LINE('',#2172,#884);
#763=LINE('',#2174,#885);
#764=LINE('',#2176,#886);
#765=LINE('',#2180,#887);
#766=LINE('',#2184,#888);
#767=LINE('',#2186,#889);
#768=LINE('',#2187,#890);
#769=LINE('',#2189,#891);
#770=LINE('',#2192,#892);
#771=LINE('',#2194,#893);
#772=LINE('',#2196,#894);
#773=LINE('',#2198,#895);
#774=LINE('',#2200,#896);
#775=LINE('',#2203,#897);
#776=LINE('',#2204,#898);
#777=VECTOR('',#1616,1000.);
#778=VECTOR('',#1617,1000.);
#779=VECTOR('',#1618,1000.);
#780=VECTOR('',#1619,1000.);
#781=VECTOR('',#1622,1000.);
#782=VECTOR('',#1623,1000.);
#783=VECTOR('',#1624,1000.);
#784=VECTOR('',#1625,1000.);
#785=VECTOR('',#1628,1000.);
#786=VECTOR('',#1631,1000.);
#787=VECTOR('',#1632,1000.);
#788=VECTOR('',#1633,1000.);
#789=VECTOR('',#1638,1000.);
#790=VECTOR('',#1639,1000.);
#791=VECTOR('',#1640,1000.);
#792=VECTOR('',#1641,1000.);
#793=VECTOR('',#1642,1000.);
#794=VECTOR('',#1643,1000.);
#795=VECTOR('',#1644,1000.);
#796=VECTOR('',#1647,1000.);
#797=VECTOR('',#1648,1000.);
#798=VECTOR('',#1649,1000.);
#799=VECTOR('',#1650,1000.);
#800=VECTOR('',#1651,1000.);
#801=VECTOR('',#1652,1000.);
#802=VECTOR('',#1653,1000.);
#803=VECTOR('',#1654,1000.);
#804=VECTOR('',#1659,1000.);
#805=VECTOR('',#1660,1000.);
#806=VECTOR('',#1661,1000.);
#807=VECTOR('',#1666,1000.);
#808=VECTOR('',#1667,1000.);
#809=VECTOR('',#1670,1000.);
#810=VECTOR('',#1671,1000.);
#811=VECTOR('',#1674,1000.);
#812=VECTOR('',#1677,1000.);
#813=VECTOR('',#1680,1000.);
#814=VECTOR('',#1681,1000.);
#815=VECTOR('',#1684,1000.);
#816=VECTOR('',#1685,1000.);
#817=VECTOR('',#1686,1000.);
#818=VECTOR('',#1687,1000.);
#819=VECTOR('',#1688,1000.);
#820=VECTOR('',#1689,1000.);
#821=VECTOR('',#1692,1000.);
#822=VECTOR('',#1693,1000.);
#823=VECTOR('',#1694,1000.);
#824=VECTOR('',#1695,1000.);
#825=VECTOR('',#1696,1000.);
#826=VECTOR('',#1697,1000.);
#827=VECTOR('',#1700,1000.);
#828=VECTOR('',#1701,1000.);
#829=VECTOR('',#1702,1000.);
#830=VECTOR('',#1703,1000.);
#831=VECTOR('',#1704,1000.);
#832=VECTOR('',#1705,1000.);
#833=VECTOR('',#1706,1000.);
#834=VECTOR('',#1707,1000.);
#835=VECTOR('',#1708,1000.);
#836=VECTOR('',#1711,1000.);
#837=VECTOR('',#1712,1000.);
#838=VECTOR('',#1713,1000.);
#839=VECTOR('',#1714,1000.);
#840=VECTOR('',#1715,1000.);
#841=VECTOR('',#1716,1000.);
#842=VECTOR('',#1717,1000.);
#843=VECTOR('',#1718,1000.);
#844=VECTOR('',#1719,1000.);
#845=VECTOR('',#1722,1000.);
#846=VECTOR('',#1723,1000.);
#847=VECTOR('',#1726,1000.);
#848=VECTOR('',#1727,1000.);
#849=VECTOR('',#1730,1000.);
#850=VECTOR('',#1733,1000.);
#851=VECTOR('',#1736,1000.);
#852=VECTOR('',#1737,1000.);
#853=VECTOR('',#1738,1000.);
#854=VECTOR('',#1741,1000.);
#855=VECTOR('',#1744,1000.);
#856=VECTOR('',#1747,1000.);
#857=VECTOR('',#1748,1000.);
#858=VECTOR('',#1751,1000.);
#859=VECTOR('',#1754,1000.);
#860=VECTOR('',#1755,1000.);
#861=VECTOR('',#1756,1000.);
#862=VECTOR('',#1759,1000.);
#863=VECTOR('',#1764,1000.);
#864=VECTOR('',#1767,1000.);
#865=VECTOR('',#1770,1000.);
#866=VECTOR('',#1773,1000.);
#867=VECTOR('',#1776,1000.);
#868=VECTOR('',#1779,1000.);
#869=VECTOR('',#1782,1000.);
#870=VECTOR('',#1785,1000.);
#871=VECTOR('',#1788,1000.);
#872=VECTOR('',#1791,1000.);
#873=VECTOR('',#1796,1000.);
#874=VECTOR('',#1799,1000.);
#875=VECTOR('',#1802,1000.);
#876=VECTOR('',#1803,1000.);
#877=VECTOR('',#1804,1000.);
#878=VECTOR('',#1807,1000.);
#879=VECTOR('',#1810,1000.);
#880=VECTOR('',#1813,1000.);
#881=VECTOR('',#1814,1000.);
#882=VECTOR('',#1817,1000.);
#883=VECTOR('',#1820,1000.);
#884=VECTOR('',#1823,1000.);
#885=VECTOR('',#1824,1000.);
#886=VECTOR('',#1825,1000.);
#887=VECTOR('',#1828,1000.);
#888=VECTOR('',#1833,1000.);
#889=VECTOR('',#1836,1000.);
#890=VECTOR('',#1837,1000.);
#891=VECTOR('',#1840,1000.);
#892=VECTOR('',#1845,1000.);
#893=VECTOR('',#1848,1000.);
#894=VECTOR('',#1851,1000.);
#895=VECTOR('',#1854,1000.);
#896=VECTOR('',#1857,1000.);
#897=VECTOR('',#1862,1000.);
#898=VECTOR('',#1863,1000.);
#899=EDGE_LOOP('',(#79,#80,#81,#82));
#900=EDGE_LOOP('',(#83,#84,#85,#86));
#901=EDGE_LOOP('',(#87,#88,#89,#90,#91,#92));
#902=EDGE_LOOP('',(#93,#94,#95,#96,#97,#98,#99,#100));
#903=EDGE_LOOP('',(#101,#102,#103,#104,#105,#106,#107,#108));
#904=EDGE_LOOP('',(#109,#110,#111,#112,#113,#114));
#905=EDGE_LOOP('',(#115,#116,#117,#118));
#906=EDGE_LOOP('',(#119,#120,#121,#122));
#907=EDGE_LOOP('',(#123,#124,#125,#126,#127,#128));
#908=EDGE_LOOP('',(#129,#130,#131,#132,#133,#134,#135,#136));
#909=EDGE_LOOP('',(#137,#138,#139,#140,#141,#142,#143,#144));
#910=EDGE_LOOP('',(#145,#146,#147,#148,#149,#150,#151,#152,#153,#154));
#911=EDGE_LOOP('',(#155,#156,#157,#158,#159,#160,#161,#162,#163,#164));
#912=EDGE_LOOP('',(#165,#166,#167,#168,#169,#170,#171,#172));
#913=EDGE_LOOP('',(#173,#174,#175,#176,#177,#178,#179,#180));
#914=EDGE_LOOP('',(#181,#182,#183,#184,#185,#186,#187,#188,#189,#190,#191,
#192));
#915=EDGE_LOOP('',(#193,#194,#195,#196,#197,#198,#199,#200,#201,#202,#203,
#204));
#916=EDGE_LOOP('',(#205,#206,#207,#208));
#917=EDGE_LOOP('',(#209,#210,#211,#212));
#918=EDGE_LOOP('',(#213,#214,#215,#216));
#919=EDGE_LOOP('',(#217,#218,#219,#220));
#920=EDGE_LOOP('',(#221,#222,#223,#224));
#921=EDGE_LOOP('',(#225,#226,#227,#228));
#922=EDGE_LOOP('',(#229,#230,#231,#232));
#923=EDGE_LOOP('',(#233,#234,#235,#236));
#924=EDGE_LOOP('',(#237,#238,#239,#240));
#925=EDGE_LOOP('',(#241,#242,#243,#244));
#926=EDGE_LOOP('',(#245,#246,#247,#248));
#927=EDGE_LOOP('',(#249,#250,#251,#252,#253,#254,#255,#256,#257,#258,#259,
#260));
#928=EDGE_LOOP('',(#261,#262,#263,#264));
#929=EDGE_LOOP('',(#265,#266,#267,#268,#269,#270,#271,#272,#273,#274,#275,
#276));
#930=EDGE_LOOP('',(#277,#278,#279,#280));
#931=EDGE_LOOP('',(#281,#282,#283,#284));
#932=EDGE_LOOP('',(#285,#286,#287,#288));
#933=EDGE_LOOP('',(#289,#290,#291,#292));
#934=EDGE_LOOP('',(#293,#294,#295,#296));
#935=EDGE_LOOP('',(#297,#298,#299,#300));
#936=EDGE_LOOP('',(#301,#302,#303,#304));
#937=EDGE_LOOP('',(#305,#306,#307,#308));
#938=EDGE_LOOP('',(#309,#310,#311,#312));
#939=EDGE_LOOP('',(#313,#314,#315,#316));
#940=EDGE_LOOP('',(#317,#318,#319,#320));
#941=EDGE_LOOP('',(#321,#322,#323,#324,#325,#326));
#942=EDGE_LOOP('',(#327,#328,#329,#330));
#943=EDGE_LOOP('',(#331,#332,#333,#334,#335,#336));
#944=EDGE_LOOP('',(#337,#338,#339,#340));
#945=EDGE_LOOP('',(#341,#342,#343,#344));
#946=EDGE_LOOP('',(#345,#346,#347));
#947=EDGE_LOOP('',(#348,#349,#350,#351));
#948=EDGE_LOOP('',(#352,#353,#354,#355));
#949=EDGE_LOOP('',(#356,#357,#358));
#950=EDGE_LOOP('',(#359,#360,#361,#362));
#951=EDGE_LOOP('',(#363,#364,#365,#366,#367,#368));
#952=EDGE_LOOP('',(#369,#370,#371,#372,#373,#374));
#953=EDGE_LOOP('',(#375,#376,#377,#378,#379));
#954=EDGE_LOOP('',(#380,#381,#382,#383));
#955=EDGE_LOOP('',(#384,#385,#386,#387,#388));
#956=EDGE_LOOP('',(#389,#390,#391,#392,#393,#394));
#957=FACE_BOUND('',#899,.T.);
#958=FACE_BOUND('',#900,.T.);
#959=FACE_BOUND('',#901,.T.);
#960=FACE_BOUND('',#902,.T.);
#961=FACE_BOUND('',#903,.T.);
#962=FACE_BOUND('',#904,.T.);
#963=FACE_BOUND('',#905,.T.);
#964=FACE_BOUND('',#906,.T.);
#965=FACE_BOUND('',#907,.T.);
#966=FACE_BOUND('',#908,.T.);
#967=FACE_BOUND('',#909,.T.);
#968=FACE_BOUND('',#910,.T.);
#969=FACE_BOUND('',#911,.T.);
#970=FACE_BOUND('',#912,.T.);
#971=FACE_BOUND('',#913,.T.);
#972=FACE_BOUND('',#914,.T.);
#973=FACE_BOUND('',#915,.T.);
#974=FACE_BOUND('',#916,.T.);
#975=FACE_BOUND('',#917,.T.);
#976=FACE_BOUND('',#918,.T.);
#977=FACE_BOUND('',#919,.T.);
#978=FACE_BOUND('',#920,.T.);
#979=FACE_BOUND('',#921,.T.);
#980=FACE_BOUND('',#922,.T.);
#981=FACE_BOUND('',#923,.T.);
#982=FACE_BOUND('',#924,.T.);
#983=FACE_BOUND('',#925,.T.);
#984=FACE_BOUND('',#926,.T.);
#985=FACE_BOUND('',#927,.T.);
#986=FACE_BOUND('',#928,.T.);
#987=FACE_BOUND('',#929,.T.);
#988=FACE_BOUND('',#930,.T.);
#989=FACE_BOUND('',#931,.T.);
#990=FACE_BOUND('',#932,.T.);
#991=FACE_BOUND('',#933,.T.);
#992=FACE_BOUND('',#934,.T.);
#993=FACE_BOUND('',#935,.T.);
#994=FACE_BOUND('',#936,.T.);
#995=FACE_BOUND('',#937,.T.);
#996=FACE_BOUND('',#938,.T.);
#997=FACE_BOUND('',#939,.T.);
#998=FACE_BOUND('',#940,.T.);
#999=FACE_BOUND('',#941,.T.);
#1000=FACE_BOUND('',#942,.T.);
#1001=FACE_BOUND('',#943,.T.);
#1002=FACE_BOUND('',#944,.T.);
#1003=FACE_BOUND('',#945,.T.);
#1004=FACE_BOUND('',#946,.T.);
#1005=FACE_BOUND('',#947,.T.);
#1006=FACE_BOUND('',#948,.T.);
#1007=FACE_BOUND('',#949,.T.);
#1008=FACE_BOUND('',#950,.T.);
#1009=FACE_BOUND('',#951,.T.);
#1010=FACE_BOUND('',#952,.T.);
#1011=FACE_BOUND('',#953,.T.);
#1012=FACE_BOUND('',#954,.T.);
#1013=FACE_BOUND('',#955,.T.);
#1014=FACE_BOUND('',#956,.T.);
#1015=PLANE('',#1522);
#1016=PLANE('',#1523);
#1017=PLANE('',#1524);
#1018=PLANE('',#1527);
#1019=PLANE('',#1528);
#1020=PLANE('',#1529);
#1021=PLANE('',#1532);
#1022=PLANE('',#1533);
#1023=PLANE('',#1534);
#1024=PLANE('',#1537);
#1025=PLANE('',#1538);
#1026=PLANE('',#1539);
#1027=PLANE('',#1540);
#1028=PLANE('',#1541);
#1029=PLANE('',#1542);
#1030=PLANE('',#1543);
#1031=PLANE('',#1548);
#1032=PLANE('',#1553);
#1033=PLANE('',#1554);
#1034=PLANE('',#1556);
#1035=PLANE('',#1558);
#1036=PLANE('',#1559);
#1037=PLANE('',#1560);
#1038=PLANE('',#1562);
#1039=PLANE('',#1564);
#1040=PLANE('',#1569);
#1041=PLANE('',#1570);
#1042=PLANE('',#1575);
#1043=PLANE('',#1577);
#1044=PLANE('',#1580);
#1045=PLANE('',#1582);
#1046=PLANE('',#1583);
#1047=PLANE('',#1584);
#1048=PLANE('',#1585);
#1049=PLANE('',#1586);
#1050=PLANE('',#1589);
#1051=STYLED_ITEM('',(#1109),#1459);
#1052=STYLED_ITEM('',(#1110),#1460);
#1053=STYLED_ITEM('',(#1111),#1461);
#1054=STYLED_ITEM('',(#1112),#1462);
#1055=STYLED_ITEM('',(#1113),#1463);
#1056=STYLED_ITEM('',(#1114),#1464);
#1057=STYLED_ITEM('',(#1115),#1465);
#1058=STYLED_ITEM('',(#1116),#1466);
#1059=STYLED_ITEM('',(#1117),#1467);
#1060=STYLED_ITEM('',(#1118),#1468);
#1061=STYLED_ITEM('',(#1119),#1469);
#1062=STYLED_ITEM('',(#1120),#1470);
#1063=STYLED_ITEM('',(#1121),#1471);
#1064=STYLED_ITEM('',(#1122),#1472);
#1065=STYLED_ITEM('',(#1123),#1473);
#1066=STYLED_ITEM('',(#1124),#1474);
#1067=STYLED_ITEM('',(#1125),#1475);
#1068=STYLED_ITEM('',(#1126),#1476);
#1069=STYLED_ITEM('',(#1127),#1477);
#1070=STYLED_ITEM('',(#1128),#1478);
#1071=STYLED_ITEM('',(#1129),#1479);
#1072=STYLED_ITEM('',(#1130),#1480);
#1073=STYLED_ITEM('',(#1131),#1481);
#1074=STYLED_ITEM('',(#1132),#1482);
#1075=STYLED_ITEM('',(#1133),#1483);
#1076=STYLED_ITEM('',(#1134),#1484);
#1077=STYLED_ITEM('',(#1135),#1485);
#1078=STYLED_ITEM('',(#1136),#1486);
#1079=STYLED_ITEM('',(#1137),#1487);
#1080=STYLED_ITEM('',(#1138),#1488);
#1081=STYLED_ITEM('',(#1139),#1489);
#1082=STYLED_ITEM('',(#1140),#1490);
#1083=STYLED_ITEM('',(#1141),#1491);
#1084=STYLED_ITEM('',(#1142),#1492);
#1085=STYLED_ITEM('',(#1143),#1493);
#1086=STYLED_ITEM('',(#1144),#1494);
#1087=STYLED_ITEM('',(#1145),#1495);
#1088=STYLED_ITEM('',(#1146),#1496);
#1089=STYLED_ITEM('',(#1147),#1497);
#1090=STYLED_ITEM('',(#1148),#1498);
#1091=STYLED_ITEM('',(#1149),#1499);
#1092=STYLED_ITEM('',(#1150),#1500);
#1093=STYLED_ITEM('',(#1151),#1501);
#1094=STYLED_ITEM('',(#1152),#1502);
#1095=STYLED_ITEM('',(#1153),#1503);
#1096=STYLED_ITEM('',(#1154),#1504);
#1097=STYLED_ITEM('',(#1155),#1505);
#1098=STYLED_ITEM('',(#1156),#1506);
#1099=STYLED_ITEM('',(#1157),#1507);
#1100=STYLED_ITEM('',(#1158),#1508);
#1101=STYLED_ITEM('',(#1159),#1509);
#1102=STYLED_ITEM('',(#1160),#1510);
#1103=STYLED_ITEM('',(#1161),#1511);
#1104=STYLED_ITEM('',(#1162),#1512);
#1105=STYLED_ITEM('',(#1163),#1513);
#1106=STYLED_ITEM('',(#1164),#1514);
#1107=STYLED_ITEM('',(#1165),#1515);
#1108=STYLED_ITEM('',(#1166),#1516);
#1109=PRESENTATION_STYLE_ASSIGNMENT((#1167));
#1110=PRESENTATION_STYLE_ASSIGNMENT((#1168));
#1111=PRESENTATION_STYLE_ASSIGNMENT((#1169));
#1112=PRESENTATION_STYLE_ASSIGNMENT((#1170));
#1113=PRESENTATION_STYLE_ASSIGNMENT((#1171));
#1114=PRESENTATION_STYLE_ASSIGNMENT((#1172));
#1115=PRESENTATION_STYLE_ASSIGNMENT((#1173));
#1116=PRESENTATION_STYLE_ASSIGNMENT((#1174));
#1117=PRESENTATION_STYLE_ASSIGNMENT((#1175));
#1118=PRESENTATION_STYLE_ASSIGNMENT((#1176));
#1119=PRESENTATION_STYLE_ASSIGNMENT((#1177));
#1120=PRESENTATION_STYLE_ASSIGNMENT((#1178));
#1121=PRESENTATION_STYLE_ASSIGNMENT((#1179));
#1122=PRESENTATION_STYLE_ASSIGNMENT((#1180));
#1123=PRESENTATION_STYLE_ASSIGNMENT((#1181));
#1124=PRESENTATION_STYLE_ASSIGNMENT((#1182));
#1125=PRESENTATION_STYLE_ASSIGNMENT((#1183));
#1126=PRESENTATION_STYLE_ASSIGNMENT((#1184));
#1127=PRESENTATION_STYLE_ASSIGNMENT((#1185));
#1128=PRESENTATION_STYLE_ASSIGNMENT((#1186));
#1129=PRESENTATION_STYLE_ASSIGNMENT((#1187));
#1130=PRESENTATION_STYLE_ASSIGNMENT((#1188));
#1131=PRESENTATION_STYLE_ASSIGNMENT((#1189));
#1132=PRESENTATION_STYLE_ASSIGNMENT((#1190));
#1133=PRESENTATION_STYLE_ASSIGNMENT((#1191));
#1134=PRESENTATION_STYLE_ASSIGNMENT((#1192));
#1135=PRESENTATION_STYLE_ASSIGNMENT((#1193));
#1136=PRESENTATION_STYLE_ASSIGNMENT((#1194));
#1137=PRESENTATION_STYLE_ASSIGNMENT((#1195));
#1138=PRESENTATION_STYLE_ASSIGNMENT((#1196));
#1139=PRESENTATION_STYLE_ASSIGNMENT((#1197));
#1140=PRESENTATION_STYLE_ASSIGNMENT((#1198));
#1141=PRESENTATION_STYLE_ASSIGNMENT((#1199));
#1142=PRESENTATION_STYLE_ASSIGNMENT((#1200));
#1143=PRESENTATION_STYLE_ASSIGNMENT((#1201));
#1144=PRESENTATION_STYLE_ASSIGNMENT((#1202));
#1145=PRESENTATION_STYLE_ASSIGNMENT((#1203));
#1146=PRESENTATION_STYLE_ASSIGNMENT((#1204));
#1147=PRESENTATION_STYLE_ASSIGNMENT((#1205));
#1148=PRESENTATION_STYLE_ASSIGNMENT((#1206));
#1149=PRESENTATION_STYLE_ASSIGNMENT((#1207));
#1150=PRESENTATION_STYLE_ASSIGNMENT((#1208));
#1151=PRESENTATION_STYLE_ASSIGNMENT((#1209));
#1152=PRESENTATION_STYLE_ASSIGNMENT((#1210));
#1153=PRESENTATION_STYLE_ASSIGNMENT((#1211));
#1154=PRESENTATION_STYLE_ASSIGNMENT((#1212));
#1155=PRESENTATION_STYLE_ASSIGNMENT((#1213));
#1156=PRESENTATION_STYLE_ASSIGNMENT((#1214));
#1157=PRESENTATION_STYLE_ASSIGNMENT((#1215));
#1158=PRESENTATION_STYLE_ASSIGNMENT((#1216));
#1159=PRESENTATION_STYLE_ASSIGNMENT((#1217));
#1160=PRESENTATION_STYLE_ASSIGNMENT((#1218));
#1161=PRESENTATION_STYLE_ASSIGNMENT((#1219));
#1162=PRESENTATION_STYLE_ASSIGNMENT((#1220));
#1163=PRESENTATION_STYLE_ASSIGNMENT((#1221));
#1164=PRESENTATION_STYLE_ASSIGNMENT((#1222));
#1165=PRESENTATION_STYLE_ASSIGNMENT((#1223));
#1166=PRESENTATION_STYLE_ASSIGNMENT((#1224));
#1167=SURFACE_STYLE_USAGE(.BOTH.,#1225);
#1168=SURFACE_STYLE_USAGE(.BOTH.,#1226);
#1169=SURFACE_STYLE_USAGE(.BOTH.,#1227);
#1170=SURFACE_STYLE_USAGE(.BOTH.,#1228);
#1171=SURFACE_STYLE_USAGE(.BOTH.,#1229);
#1172=SURFACE_STYLE_USAGE(.BOTH.,#1230);
#1173=SURFACE_STYLE_USAGE(.BOTH.,#1231);
#1174=SURFACE_STYLE_USAGE(.BOTH.,#1232);
#1175=SURFACE_STYLE_USAGE(.BOTH.,#1233);
#1176=SURFACE_STYLE_USAGE(.BOTH.,#1234);
#1177=SURFACE_STYLE_USAGE(.BOTH.,#1235);
#1178=SURFACE_STYLE_USAGE(.BOTH.,#1236);
#1179=SURFACE_STYLE_USAGE(.BOTH.,#1237);
#1180=SURFACE_STYLE_USAGE(.BOTH.,#1238);
#1181=SURFACE_STYLE_USAGE(.BOTH.,#1239);
#1182=SURFACE_STYLE_USAGE(.BOTH.,#1240);
#1183=SURFACE_STYLE_USAGE(.BOTH.,#1241);
#1184=SURFACE_STYLE_USAGE(.BOTH.,#1242);
#1185=SURFACE_STYLE_USAGE(.BOTH.,#1243);
#1186=SURFACE_STYLE_USAGE(.BOTH.,#1244);
#1187=SURFACE_STYLE_USAGE(.BOTH.,#1245);
#1188=SURFACE_STYLE_USAGE(.BOTH.,#1246);
#1189=SURFACE_STYLE_USAGE(.BOTH.,#1247);
#1190=SURFACE_STYLE_USAGE(.BOTH.,#1248);
#1191=SURFACE_STYLE_USAGE(.BOTH.,#1249);
#1192=SURFACE_STYLE_USAGE(.BOTH.,#1250);
#1193=SURFACE_STYLE_USAGE(.BOTH.,#1251);
#1194=SURFACE_STYLE_USAGE(.BOTH.,#1252);
#1195=SURFACE_STYLE_USAGE(.BOTH.,#1253);
#1196=SURFACE_STYLE_USAGE(.BOTH.,#1254);
#1197=SURFACE_STYLE_USAGE(.BOTH.,#1255);
#1198=SURFACE_STYLE_USAGE(.BOTH.,#1256);
#1199=SURFACE_STYLE_USAGE(.BOTH.,#1257);
#1200=SURFACE_STYLE_USAGE(.BOTH.,#1258);
#1201=SURFACE_STYLE_USAGE(.BOTH.,#1259);
#1202=SURFACE_STYLE_USAGE(.BOTH.,#1260);
#1203=SURFACE_STYLE_USAGE(.BOTH.,#1261);
#1204=SURFACE_STYLE_USAGE(.BOTH.,#1262);
#1205=SURFACE_STYLE_USAGE(.BOTH.,#1263);
#1206=SURFACE_STYLE_USAGE(.BOTH.,#1264);
#1207=SURFACE_STYLE_USAGE(.BOTH.,#1265);
#1208=SURFACE_STYLE_USAGE(.BOTH.,#1266);
#1209=SURFACE_STYLE_USAGE(.BOTH.,#1267);
#1210=SURFACE_STYLE_USAGE(.BOTH.,#1268);
#1211=SURFACE_STYLE_USAGE(.BOTH.,#1269);
#1212=SURFACE_STYLE_USAGE(.BOTH.,#1270);
#1213=SURFACE_STYLE_USAGE(.BOTH.,#1271);
#1214=SURFACE_STYLE_USAGE(.BOTH.,#1272);
#1215=SURFACE_STYLE_USAGE(.BOTH.,#1273);
#1216=SURFACE_STYLE_USAGE(.BOTH.,#1274);
#1217=SURFACE_STYLE_USAGE(.BOTH.,#1275);
#1218=SURFACE_STYLE_USAGE(.BOTH.,#1276);
#1219=SURFACE_STYLE_USAGE(.BOTH.,#1277);
#1220=SURFACE_STYLE_USAGE(.BOTH.,#1278);
#1221=SURFACE_STYLE_USAGE(.BOTH.,#1279);
#1222=SURFACE_STYLE_USAGE(.BOTH.,#1280);
#1223=SURFACE_STYLE_USAGE(.BOTH.,#1281);
#1224=SURFACE_STYLE_USAGE(.BOTH.,#1282);
#1225=SURFACE_SIDE_STYLE('',(#1283));
#1226=SURFACE_SIDE_STYLE('',(#1284));
#1227=SURFACE_SIDE_STYLE('',(#1285));
#1228=SURFACE_SIDE_STYLE('',(#1286));
#1229=SURFACE_SIDE_STYLE('',(#1287));
#1230=SURFACE_SIDE_STYLE('',(#1288));
#1231=SURFACE_SIDE_STYLE('',(#1289));
#1232=SURFACE_SIDE_STYLE('',(#1290));
#1233=SURFACE_SIDE_STYLE('',(#1291));
#1234=SURFACE_SIDE_STYLE('',(#1292));
#1235=SURFACE_SIDE_STYLE('',(#1293));
#1236=SURFACE_SIDE_STYLE('',(#1294));
#1237=SURFACE_SIDE_STYLE('',(#1295));
#1238=SURFACE_SIDE_STYLE('',(#1296));
#1239=SURFACE_SIDE_STYLE('',(#1297));
#1240=SURFACE_SIDE_STYLE('',(#1298));
#1241=SURFACE_SIDE_STYLE('',(#1299));
#1242=SURFACE_SIDE_STYLE('',(#1300));
#1243=SURFACE_SIDE_STYLE('',(#1301));
#1244=SURFACE_SIDE_STYLE('',(#1302));
#1245=SURFACE_SIDE_STYLE('',(#1303));
#1246=SURFACE_SIDE_STYLE('',(#1304));
#1247=SURFACE_SIDE_STYLE('',(#1305));
#1248=SURFACE_SIDE_STYLE('',(#1306));
#1249=SURFACE_SIDE_STYLE('',(#1307));
#1250=SURFACE_SIDE_STYLE('',(#1308));
#1251=SURFACE_SIDE_STYLE('',(#1309));
#1252=SURFACE_SIDE_STYLE('',(#1310));
#1253=SURFACE_SIDE_STYLE('',(#1311));
#1254=SURFACE_SIDE_STYLE('',(#1312));
#1255=SURFACE_SIDE_STYLE('',(#1313));
#1256=SURFACE_SIDE_STYLE('',(#1314));
#1257=SURFACE_SIDE_STYLE('',(#1315));
#1258=SURFACE_SIDE_STYLE('',(#1316));
#1259=SURFACE_SIDE_STYLE('',(#1317));
#1260=SURFACE_SIDE_STYLE('',(#1318));
#1261=SURFACE_SIDE_STYLE('',(#1319));
#1262=SURFACE_SIDE_STYLE('',(#1320));
#1263=SURFACE_SIDE_STYLE('',(#1321));
#1264=SURFACE_SIDE_STYLE('',(#1322));
#1265=SURFACE_SIDE_STYLE('',(#1323));
#1266=SURFACE_SIDE_STYLE('',(#1324));
#1267=SURFACE_SIDE_STYLE('',(#1325));
#1268=SURFACE_SIDE_STYLE('',(#1326));
#1269=SURFACE_SIDE_STYLE('',(#1327));
#1270=SURFACE_SIDE_STYLE('',(#1328));
#1271=SURFACE_SIDE_STYLE('',(#1329));
#1272=SURFACE_SIDE_STYLE('',(#1330));
#1273=SURFACE_SIDE_STYLE('',(#1331));
#1274=SURFACE_SIDE_STYLE('',(#1332));
#1275=SURFACE_SIDE_STYLE('',(#1333));
#1276=SURFACE_SIDE_STYLE('',(#1334));
#1277=SURFACE_SIDE_STYLE('',(#1335));
#1278=SURFACE_SIDE_STYLE('',(#1336));
#1279=SURFACE_SIDE_STYLE('',(#1337));
#1280=SURFACE_SIDE_STYLE('',(#1338));
#1281=SURFACE_SIDE_STYLE('',(#1339));
#1282=SURFACE_SIDE_STYLE('',(#1340));
#1283=SURFACE_STYLE_FILL_AREA(#1341);
#1284=SURFACE_STYLE_FILL_AREA(#1342);
#1285=SURFACE_STYLE_FILL_AREA(#1343);
#1286=SURFACE_STYLE_FILL_AREA(#1344);
#1287=SURFACE_STYLE_FILL_AREA(#1345);
#1288=SURFACE_STYLE_FILL_AREA(#1346);
#1289=SURFACE_STYLE_FILL_AREA(#1347);
#1290=SURFACE_STYLE_FILL_AREA(#1348);
#1291=SURFACE_STYLE_FILL_AREA(#1349);
#1292=SURFACE_STYLE_FILL_AREA(#1350);
#1293=SURFACE_STYLE_FILL_AREA(#1351);
#1294=SURFACE_STYLE_FILL_AREA(#1352);
#1295=SURFACE_STYLE_FILL_AREA(#1353);
#1296=SURFACE_STYLE_FILL_AREA(#1354);
#1297=SURFACE_STYLE_FILL_AREA(#1355);
#1298=SURFACE_STYLE_FILL_AREA(#1356);
#1299=SURFACE_STYLE_FILL_AREA(#1357);
#1300=SURFACE_STYLE_FILL_AREA(#1358);
#1301=SURFACE_STYLE_FILL_AREA(#1359);
#1302=SURFACE_STYLE_FILL_AREA(#1360);
#1303=SURFACE_STYLE_FILL_AREA(#1361);
#1304=SURFACE_STYLE_FILL_AREA(#1362);
#1305=SURFACE_STYLE_FILL_AREA(#1363);
#1306=SURFACE_STYLE_FILL_AREA(#1364);
#1307=SURFACE_STYLE_FILL_AREA(#1365);
#1308=SURFACE_STYLE_FILL_AREA(#1366);
#1309=SURFACE_STYLE_FILL_AREA(#1367);
#1310=SURFACE_STYLE_FILL_AREA(#1368);
#1311=SURFACE_STYLE_FILL_AREA(#1369);
#1312=SURFACE_STYLE_FILL_AREA(#1370);
#1313=SURFACE_STYLE_FILL_AREA(#1371);
#1314=SURFACE_STYLE_FILL_AREA(#1372);
#1315=SURFACE_STYLE_FILL_AREA(#1373);
#1316=SURFACE_STYLE_FILL_AREA(#1374);
#1317=SURFACE_STYLE_FILL_AREA(#1375);
#1318=SURFACE_STYLE_FILL_AREA(#1376);
#1319=SURFACE_STYLE_FILL_AREA(#1377);
#1320=SURFACE_STYLE_FILL_AREA(#1378);
#1321=SURFACE_STYLE_FILL_AREA(#1379);
#1322=SURFACE_STYLE_FILL_AREA(#1380);
#1323=SURFACE_STYLE_FILL_AREA(#1381);
#1324=SURFACE_STYLE_FILL_AREA(#1382);
#1325=SURFACE_STYLE_FILL_AREA(#1383);
#1326=SURFACE_STYLE_FILL_AREA(#1384);
#1327=SURFACE_STYLE_FILL_AREA(#1385);
#1328=SURFACE_STYLE_FILL_AREA(#1386);
#1329=SURFACE_STYLE_FILL_AREA(#1387);
#1330=SURFACE_STYLE_FILL_AREA(#1388);
#1331=SURFACE_STYLE_FILL_AREA(#1389);
#1332=SURFACE_STYLE_FILL_AREA(#1390);
#1333=SURFACE_STYLE_FILL_AREA(#1391);
#1334=SURFACE_STYLE_FILL_AREA(#1392);
#1335=SURFACE_STYLE_FILL_AREA(#1393);
#1336=SURFACE_STYLE_FILL_AREA(#1394);
#1337=SURFACE_STYLE_FILL_AREA(#1395);
#1338=SURFACE_STYLE_FILL_AREA(#1396);
#1339=SURFACE_STYLE_FILL_AREA(#1397);
#1340=SURFACE_STYLE_FILL_AREA(#1398);
#1341=FILL_AREA_STYLE('',(#1399));
#1342=FILL_AREA_STYLE('',(#1400));
#1343=FILL_AREA_STYLE('',(#1401));
#1344=FILL_AREA_STYLE('',(#1402));
#1345=FILL_AREA_STYLE('',(#1403));
#1346=FILL_AREA_STYLE('',(#1404));
#1347=FILL_AREA_STYLE('',(#1405));
#1348=FILL_AREA_STYLE('',(#1406));
#1349=FILL_AREA_STYLE('',(#1407));
#1350=FILL_AREA_STYLE('',(#1408));
#1351=FILL_AREA_STYLE('',(#1409));
#1352=FILL_AREA_STYLE('',(#1410));
#1353=FILL_AREA_STYLE('',(#1411));
#1354=FILL_AREA_STYLE('',(#1412));
#1355=FILL_AREA_STYLE('',(#1413));
#1356=FILL_AREA_STYLE('',(#1414));
#1357=FILL_AREA_STYLE('',(#1415));
#1358=FILL_AREA_STYLE('',(#1416));
#1359=FILL_AREA_STYLE('',(#1417));
#1360=FILL_AREA_STYLE('',(#1418));
#1361=FILL_AREA_STYLE('',(#1419));
#1362=FILL_AREA_STYLE('',(#1420));
#1363=FILL_AREA_STYLE('',(#1421));
#1364=FILL_AREA_STYLE('',(#1422));
#1365=FILL_AREA_STYLE('',(#1423));
#1366=FILL_AREA_STYLE('',(#1424));
#1367=FILL_AREA_STYLE('',(#1425));
#1368=FILL_AREA_STYLE('',(#1426));
#1369=FILL_AREA_STYLE('',(#1427));
#1370=FILL_AREA_STYLE('',(#1428));
#1371=FILL_AREA_STYLE('',(#1429));
#1372=FILL_AREA_STYLE('',(#1430));
#1373=FILL_AREA_STYLE('',(#1431));
#1374=FILL_AREA_STYLE('',(#1432));
#1375=FILL_AREA_STYLE('',(#1433));
#1376=FILL_AREA_STYLE('',(#1434));
#1377=FILL_AREA_STYLE('',(#1435));
#1378=FILL_AREA_STYLE('',(#1436));
#1379=FILL_AREA_STYLE('',(#1437));
#1380=FILL_AREA_STYLE('',(#1438));
#1381=FILL_AREA_STYLE('',(#1439));
#1382=FILL_AREA_STYLE('',(#1440));
#1383=FILL_AREA_STYLE('',(#1441));
#1384=FILL_AREA_STYLE('',(#1442));
#1385=FILL_AREA_STYLE('',(#1443));
#1386=FILL_AREA_STYLE('',(#1444));
#1387=FILL_AREA_STYLE('',(#1445));
#1388=FILL_AREA_STYLE('',(#1446));
#1389=FILL_AREA_STYLE('',(#1447));
#1390=FILL_AREA_STYLE('',(#1448));
#1391=FILL_AREA_STYLE('',(#1449));
#1392=FILL_AREA_STYLE('',(#1450));
#1393=FILL_AREA_STYLE('',(#1451));
#1394=FILL_AREA_STYLE('',(#1452));
#1395=FILL_AREA_STYLE('',(#1453));
#1396=FILL_AREA_STYLE('',(#1454));
#1397=FILL_AREA_STYLE('',(#1455));
#1398=FILL_AREA_STYLE('',(#1456));
#1399=FILL_AREA_STYLE_COLOUR('',#1457);
#1400=FILL_AREA_STYLE_COLOUR('',#1457);
#1401=FILL_AREA_STYLE_COLOUR('',#1457);
#1402=FILL_AREA_STYLE_COLOUR('',#1457);
#1403=FILL_AREA_STYLE_COLOUR('',#1457);
#1404=FILL_AREA_STYLE_COLOUR('',#1457);
#1405=FILL_AREA_STYLE_COLOUR('',#1457);
#1406=FILL_AREA_STYLE_COLOUR('',#1457);
#1407=FILL_AREA_STYLE_COLOUR('',#1457);
#1408=FILL_AREA_STYLE_COLOUR('',#1457);
#1409=FILL_AREA_STYLE_COLOUR('',#1457);
#1410=FILL_AREA_STYLE_COLOUR('',#1457);
#1411=FILL_AREA_STYLE_COLOUR('',#1457);
#1412=FILL_AREA_STYLE_COLOUR('',#1457);
#1413=FILL_AREA_STYLE_COLOUR('',#1457);
#1414=FILL_AREA_STYLE_COLOUR('',#1458);
#1415=FILL_AREA_STYLE_COLOUR('',#1458);
#1416=FILL_AREA_STYLE_COLOUR('',#1458);
#1417=FILL_AREA_STYLE_COLOUR('',#1458);
#1418=FILL_AREA_STYLE_COLOUR('',#1458);
#1419=FILL_AREA_STYLE_COLOUR('',#1458);
#1420=FILL_AREA_STYLE_COLOUR('',#1458);
#1421=FILL_AREA_STYLE_COLOUR('',#1458);
#1422=FILL_AREA_STYLE_COLOUR('',#1458);
#1423=FILL_AREA_STYLE_COLOUR('',#1458);
#1424=FILL_AREA_STYLE_COLOUR('',#1458);
#1425=FILL_AREA_STYLE_COLOUR('',#1458);
#1426=FILL_AREA_STYLE_COLOUR('',#1458);
#1427=FILL_AREA_STYLE_COLOUR('',#1458);
#1428=FILL_AREA_STYLE_COLOUR('',#1457);
#1429=FILL_AREA_STYLE_COLOUR('',#1458);
#1430=FILL_AREA_STYLE_COLOUR('',#1458);
#1431=FILL_AREA_STYLE_COLOUR('',#1458);
#1432=FILL_AREA_STYLE_COLOUR('',#1458);
#1433=FILL_AREA_STYLE_COLOUR('',#1458);
#1434=FILL_AREA_STYLE_COLOUR('',#1458);
#1435=FILL_AREA_STYLE_COLOUR('',#1458);
#1436=FILL_AREA_STYLE_COLOUR('',#1458);
#1437=FILL_AREA_STYLE_COLOUR('',#1458);
#1438=FILL_AREA_STYLE_COLOUR('',#1458);
#1439=FILL_AREA_STYLE_COLOUR('',#1458);
#1440=FILL_AREA_STYLE_COLOUR('',#26);
#1441=FILL_AREA_STYLE_COLOUR('',#1457);
#1442=FILL_AREA_STYLE_COLOUR('',#1457);
#1443=FILL_AREA_STYLE_COLOUR('',#1457);
#1444=FILL_AREA_STYLE_COLOUR('',#1457);
#1445=FILL_AREA_STYLE_COLOUR('',#1457);
#1446=FILL_AREA_STYLE_COLOUR('',#1457);
#1447=FILL_AREA_STYLE_COLOUR('',#1457);
#1448=FILL_AREA_STYLE_COLOUR('',#1457);
#1449=FILL_AREA_STYLE_COLOUR('',#1457);
#1450=FILL_AREA_STYLE_COLOUR('',#1457);
#1451=FILL_AREA_STYLE_COLOUR('',#1457);
#1452=FILL_AREA_STYLE_COLOUR('',#1457);
#1453=FILL_AREA_STYLE_COLOUR('',#1457);
#1454=FILL_AREA_STYLE_COLOUR('',#1457);
#1455=FILL_AREA_STYLE_COLOUR('',#1457);
#1456=FILL_AREA_STYLE_COLOUR('',#1457);
#1457=COLOUR_RGB('',0.200000002980232,0.200000002980232,0.200000002980232);
#1458=COLOUR_RGB('',0.699999988079071,0.699999988079071,0.699999988079071);
#1459=ADVANCED_FACE('',(#957),#1015,.F.);
#1460=ADVANCED_FACE('',(#958),#1016,.F.);
#1461=ADVANCED_FACE('',(#959),#1017,.F.);
#1462=ADVANCED_FACE('',(#960),#1018,.F.);
#1463=ADVANCED_FACE('',(#961),#1019,.F.);
#1464=ADVANCED_FACE('',(#962),#1020,.F.);
#1465=ADVANCED_FACE('',(#963),#1021,.F.);
#1466=ADVANCED_FACE('',(#964),#1022,.F.);
#1467=ADVANCED_FACE('',(#965),#1023,.F.);
#1468=ADVANCED_FACE('',(#966),#1024,.F.);
#1469=ADVANCED_FACE('',(#967),#1025,.F.);
#1470=ADVANCED_FACE('',(#968),#1026,.T.);
#1471=ADVANCED_FACE('',(#969),#1027,.F.);
#1472=ADVANCED_FACE('',(#970),#1028,.T.);
#1473=ADVANCED_FACE('',(#971),#1029,.F.);
#1474=ADVANCED_FACE('',(#972),#1030,.T.);
#1475=ADVANCED_FACE('',(#973),#1031,.F.);
#1476=ADVANCED_FACE('',(#974),#1032,.T.);
#1477=ADVANCED_FACE('',(#975),#1033,.T.);
#1478=ADVANCED_FACE('',(#976),#27,.F.);
#1479=ADVANCED_FACE('',(#977),#1034,.T.);
#1480=ADVANCED_FACE('',(#978),#28,.F.);
#1481=ADVANCED_FACE('',(#979),#1035,.T.);
#1482=ADVANCED_FACE('',(#980),#1036,.T.);
#1483=ADVANCED_FACE('',(#981),#1037,.T.);
#1484=ADVANCED_FACE('',(#982),#29,.T.);
#1485=ADVANCED_FACE('',(#983),#1038,.T.);
#1486=ADVANCED_FACE('',(#984),#30,.T.);
#1487=ADVANCED_FACE('',(#985),#1039,.T.);
#1488=ADVANCED_FACE('',(#986),#1040,.T.);
#1489=ADVANCED_FACE('',(#987),#1041,.F.);
#1490=ADVANCED_FACE('',(#988),#1042,.T.);
#1491=ADVANCED_FACE('',(#989),#31,.F.);
#1492=ADVANCED_FACE('',(#990),#1043,.T.);
#1493=ADVANCED_FACE('',(#991),#32,.F.);
#1494=ADVANCED_FACE('',(#992),#33,.T.);
#1495=ADVANCED_FACE('',(#993),#1044,.T.);
#1496=ADVANCED_FACE('',(#994),#34,.T.);
#1497=ADVANCED_FACE('',(#995),#1045,.T.);
#1498=ADVANCED_FACE('',(#996),#1046,.T.);
#1499=ADVANCED_FACE('',(#997),#1047,.T.);
#1500=ADVANCED_FACE('',(#998),#1048,.F.);
#1501=ADVANCED_FACE('',(#999),#1049,.F.);
#1502=ADVANCED_FACE('',(#1000),#1050,.F.);
#1503=ADVANCED_FACE('',(#1001),#35,.T.);
#1504=ADVANCED_FACE('',(#1002),#36,.T.);
#1505=ADVANCED_FACE('',(#1003),#37,.T.);
#1506=ADVANCED_FACE('',(#1004),#20,.T.);
#1507=ADVANCED_FACE('',(#1005),#38,.T.);
#1508=ADVANCED_FACE('',(#1006),#39,.T.);
#1509=ADVANCED_FACE('',(#1007),#21,.T.);
#1510=ADVANCED_FACE('',(#1008),#40,.T.);
#1511=ADVANCED_FACE('',(#1009),#41,.T.);
#1512=ADVANCED_FACE('',(#1010),#42,.T.);
#1513=ADVANCED_FACE('',(#1011),#43,.T.);
#1514=ADVANCED_FACE('',(#1012),#44,.T.);
#1515=ADVANCED_FACE('',(#1013),#45,.T.);
#1516=ADVANCED_FACE('',(#1014),#46,.T.);
#1517=CLOSED_SHELL('',(#1459,#1460,#1461,#1462,#1463,#1464,#1465,#1466,
#1467,#1468,#1469,#1470,#1471,#1472,#1473,#1474,#1475,#1476,#1477,#1478,
#1479,#1480,#1481,#1482,#1483,#1484,#1485,#1486,#1487,#1488,#1489,#1490,
#1491,#1492,#1493,#1494,#1495,#1496,#1497,#1498,#1499,#1500,#1501,#1502,
#1503,#1504,#1505,#1506,#1507,#1508,#1509,#1510,#1511,#1512,#1513,#1514,
#1515,#1516));
#1518=MANIFOLD_SOLID_BREP('',#1517);
#1519=SHAPE_DEFINITION_REPRESENTATION(#2253,#1520);
#1520=SHAPE_REPRESENTATION('SMBJ26D-M3_H',(#1521),#2248);
#1521=AXIS2_PLACEMENT_3D('',#1916,#1612,#1613);
#1522=AXIS2_PLACEMENT_3D('',#1917,#1614,#1615);
#1523=AXIS2_PLACEMENT_3D('',#1926,#1620,#1621);
#1524=AXIS2_PLACEMENT_3D('',#1935,#1626,#1627);
#1525=AXIS2_PLACEMENT_3D('',#1939,#1629,#1630);
#1526=AXIS2_PLACEMENT_3D('',#1947,#1634,#1635);
#1527=AXIS2_PLACEMENT_3D('',#1948,#1636,#1637);
#1528=AXIS2_PLACEMENT_3D('',#1962,#1645,#1646);
#1529=AXIS2_PLACEMENT_3D('',#1979,#1655,#1656);
#1530=AXIS2_PLACEMENT_3D('',#1980,#1657,#1658);
#1531=AXIS2_PLACEMENT_3D('',#1988,#1662,#1663);
#1532=AXIS2_PLACEMENT_3D('',#1989,#1664,#1665);
#1533=AXIS2_PLACEMENT_3D('',#1992,#1668,#1669);
#1534=AXIS2_PLACEMENT_3D('',#1995,#1672,#1673);
#1535=AXIS2_PLACEMENT_3D('',#1999,#1675,#1676);
#1536=AXIS2_PLACEMENT_3D('',#2003,#1678,#1679);
#1537=AXIS2_PLACEMENT_3D('',#2008,#1682,#1683);
#1538=AXIS2_PLACEMENT_3D('',#2019,#1690,#1691);
#1539=AXIS2_PLACEMENT_3D('',#2030,#1698,#1699);
#1540=AXIS2_PLACEMENT_3D('',#2048,#1709,#1710);
#1541=AXIS2_PLACEMENT_3D('',#2066,#1720,#1721);
#1542=AXIS2_PLACEMENT_3D('',#2069,#1724,#1725);
#1543=AXIS2_PLACEMENT_3D('',#2072,#1728,#1729);
#1544=AXIS2_PLACEMENT_3D('',#2075,#1731,#1732);
#1545=AXIS2_PLACEMENT_3D('',#2079,#1734,#1735);
#1546=AXIS2_PLACEMENT_3D('',#2087,#1739,#1740);
#1547=AXIS2_PLACEMENT_3D('',#2091,#1742,#1743);
#1548=AXIS2_PLACEMENT_3D('',#2094,#1745,#1746);
#1549=AXIS2_PLACEMENT_3D('',#2099,#1749,#1750);
#1550=AXIS2_PLACEMENT_3D('',#2103,#1752,#1753);
#1551=AXIS2_PLACEMENT_3D('',#2111,#1757,#1758);
#1552=AXIS2_PLACEMENT_3D('',#2115,#1760,#1761);
#1553=AXIS2_PLACEMENT_3D('',#2116,#1762,#1763);
#1554=AXIS2_PLACEMENT_3D('',#2118,#1765,#1766);
#1555=AXIS2_PLACEMENT_3D('',#2120,#1768,#1769);
#1556=AXIS2_PLACEMENT_3D('',#2122,#1771,#1772);
#1557=AXIS2_PLACEMENT_3D('',#2124,#1774,#1775);
#1558=AXIS2_PLACEMENT_3D('',#2126,#1777,#1778);
#1559=AXIS2_PLACEMENT_3D('',#2128,#1780,#1781);
#1560=AXIS2_PLACEMENT_3D('',#2130,#1783,#1784);
#1561=AXIS2_PLACEMENT_3D('',#2132,#1786,#1787);
#1562=AXIS2_PLACEMENT_3D('',#2134,#1789,#1790);
#1563=AXIS2_PLACEMENT_3D('',#2136,#1792,#1793);
#1564=AXIS2_PLACEMENT_3D('',#2137,#1794,#1795);
#1565=AXIS2_PLACEMENT_3D('',#2140,#1797,#1798);
#1566=AXIS2_PLACEMENT_3D('',#2144,#1800,#1801);
#1567=AXIS2_PLACEMENT_3D('',#2152,#1805,#1806);
#1568=AXIS2_PLACEMENT_3D('',#2156,#1808,#1809);
#1569=AXIS2_PLACEMENT_3D('',#2159,#1811,#1812);
#1570=AXIS2_PLACEMENT_3D('',#2163,#1815,#1816);
#1571=AXIS2_PLACEMENT_3D('',#2166,#1818,#1819);
#1572=AXIS2_PLACEMENT_3D('',#2170,#1821,#1822);
#1573=AXIS2_PLACEMENT_3D('',#2178,#1826,#1827);
#1574=AXIS2_PLACEMENT_3D('',#2182,#1829,#1830);
#1575=AXIS2_PLACEMENT_3D('',#2183,#1831,#1832);
#1576=AXIS2_PLACEMENT_3D('',#2185,#1834,#1835);
#1577=AXIS2_PLACEMENT_3D('',#2188,#1838,#1839);
#1578=AXIS2_PLACEMENT_3D('',#2190,#1841,#1842);
#1579=AXIS2_PLACEMENT_3D('',#2191,#1843,#1844);
#1580=AXIS2_PLACEMENT_3D('',#2193,#1846,#1847);
#1581=AXIS2_PLACEMENT_3D('',#2195,#1849,#1850);
#1582=AXIS2_PLACEMENT_3D('',#2197,#1852,#1853);
#1583=AXIS2_PLACEMENT_3D('',#2199,#1855,#1856);
#1584=AXIS2_PLACEMENT_3D('',#2201,#1858,#1859);
#1585=AXIS2_PLACEMENT_3D('',#2202,#1860,#1861);
#1586=AXIS2_PLACEMENT_3D('',#2205,#1864,#1865);
#1587=AXIS2_PLACEMENT_3D('',#2206,#1866,#1867);
#1588=AXIS2_PLACEMENT_3D('',#2207,#1868,#1869);
#1589=AXIS2_PLACEMENT_3D('',#2208,#1870,#1871);
#1590=AXIS2_PLACEMENT_3D('',#2209,#1872,#1873);
#1591=AXIS2_PLACEMENT_3D('',#2214,#1874,#1875);
#1592=AXIS2_PLACEMENT_3D('',#2215,#1876,#1877);
#1593=AXIS2_PLACEMENT_3D('',#2216,#1878,#1879);
#1594=AXIS2_PLACEMENT_3D('',#2217,#1880,#1881);
#1595=AXIS2_PLACEMENT_3D('',#2218,#1882,#1883);
#1596=AXIS2_PLACEMENT_3D('',#2219,#1884,#1885);
#1597=AXIS2_PLACEMENT_3D('',#2220,#1886,#1887);
#1598=AXIS2_PLACEMENT_3D('',#2221,#1888,#1889);
#1599=AXIS2_PLACEMENT_3D('',#2222,#1890,#1891);
#1600=AXIS2_PLACEMENT_3D('',#2223,#1892,#1893);
#1601=AXIS2_PLACEMENT_3D('',#2224,#1894,#1895);
#1602=AXIS2_PLACEMENT_3D('',#2225,#1896,#1897);
#1603=AXIS2_PLACEMENT_3D('',#2226,#1898,#1899);
#1604=AXIS2_PLACEMENT_3D('',#2231,#1900,#1901);
#1605=AXIS2_PLACEMENT_3D('',#2232,#1902,#1903);
#1606=AXIS2_PLACEMENT_3D('',#2237,#1904,#1905);
#1607=AXIS2_PLACEMENT_3D('',#2238,#1906,#1907);
#1608=AXIS2_PLACEMENT_3D('',#2239,#1908,#1909);
#1609=AXIS2_PLACEMENT_3D('',#2240,#1910,#1911);
#1610=AXIS2_PLACEMENT_3D('',#2241,#1912,#1913);
#1611=AXIS2_PLACEMENT_3D('',#2246,#1914,#1915);
#1612=DIRECTION('',(0.,0.,1.));
#1613=DIRECTION('',(1.,0.,0.));
#1614=DIRECTION('',(0.,0.,-1.));
#1615=DIRECTION('',(-1.,0.,0.));
#1616=DIRECTION('',(0.,-1.,0.));
#1617=DIRECTION('',(-1.,0.,0.));
#1618=DIRECTION('',(0.,1.,0.));
#1619=DIRECTION('',(-1.,0.,0.));
#1620=DIRECTION('',(0.,0.,1.));
#1621=DIRECTION('',(1.,0.,0.));
#1622=DIRECTION('',(0.,1.,0.));
#1623=DIRECTION('',(-1.,0.,0.));
#1624=DIRECTION('',(0.,1.,0.));
#1625=DIRECTION('',(-1.,0.,0.));
#1626=DIRECTION('',(-0.0515875005577906,0.,0.998668478418239));
#1627=DIRECTION('',(0.998668478418239,0.,0.0515875005577906));
#1628=DIRECTION('',(0.,1.,0.));
#1629=DIRECTION('',(-0.0515875005577906,0.,0.998668478418239));
#1630=DIRECTION('',(-0.748743409015818,0.661730590094369,-0.0386773006908397));
#1631=DIRECTION('',(-0.998644592648256,0.0069162606631073,-0.0515862667077203));
#1632=DIRECTION('',(0.,1.,0.));
#1633=DIRECTION('',(-0.998644592648256,-0.0069162606631073,-0.0515862667077203));
#1634=DIRECTION('',(-0.0515875005577906,0.,0.998668478418239));
#1635=DIRECTION('',(0.748743409015818,0.661730590094369,0.0386773006908397));
#1636=DIRECTION('',(-0.994992787147427,0.,0.0999467534469962));
#1637=DIRECTION('',(0.0999467534469962,0.,0.994992787147427));
#1638=DIRECTION('',(0.,1.,0.));
#1639=DIRECTION('',(-0.0990691397435672,0.132229052632724,-0.986255942030425));
#1640=DIRECTION('',(-0.0990691397435672,-0.132229052632724,-0.986255942030425));
#1641=DIRECTION('',(0.,1.,0.));
#1642=DIRECTION('',(0.0999467534469962,0.,0.994992787147427));
#1643=DIRECTION('',(0.,-1.,0.));
#1644=DIRECTION('',(0.0999467534469962,0.,0.994992787147427));
#1645=DIRECTION('',(0.994992787147427,0.,0.0999467534469962));
#1646=DIRECTION('',(0.0999467534469962,0.,-0.994992787147427));
#1647=DIRECTION('',(0.,1.,0.));
#1648=DIRECTION('',(-0.0990691397435672,0.132229052632724,0.986255942030425));
#1649=DIRECTION('',(0.,1.,0.));
#1650=DIRECTION('',(-0.0990691397435672,-0.132229052632724,0.986255942030425));
#1651=DIRECTION('',(0.,1.,0.));
#1652=DIRECTION('',(0.0999467534469962,0.,-0.994992787147427));
#1653=DIRECTION('',(0.,1.,0.));
#1654=DIRECTION('',(0.0999467534469962,0.,-0.994992787147427));
#1655=DIRECTION('',(0.0515875005577906,0.,0.998668478418239));
#1656=DIRECTION('',(0.998668478418239,0.,-0.0515875005577906));
#1657=DIRECTION('',(0.0515875005577906,0.,0.998668478418239));
#1658=DIRECTION('',(0.748743409015818,-0.661730590094369,-0.0386773006908397));
#1659=DIRECTION('',(-0.998644592648256,0.0069162606631073,0.0515862667077203));
#1660=DIRECTION('',(0.,1.,0.));
#1661=DIRECTION('',(-0.998644592648256,-0.0069162606631073,0.0515862667077203));
#1662=DIRECTION('',(0.0515875005577906,0.,0.998668478418239));
#1663=DIRECTION('',(-0.748743409015818,-0.661730590094369,0.0386773006908397));
#1664=DIRECTION('',(1.,0.,0.));
#1665=DIRECTION('',(0.,0.,-1.));
#1666=DIRECTION('',(0.,-0.132882762433763,0.991131762909439));
#1667=DIRECTION('',(0.,0.132882762433763,0.991131762909439));
#1668=DIRECTION('',(-1.,0.,0.));
#1669=DIRECTION('',(0.,0.,1.));
#1670=DIRECTION('',(0.,0.132882762433763,-0.991131762909439));
#1671=DIRECTION('',(0.,-0.132882762433763,-0.991131762909439));
#1672=DIRECTION('',(0.,0.,-1.));
#1673=DIRECTION('',(-1.,0.,0.));
#1674=DIRECTION('',(-1.,0.,0.));
#1675=DIRECTION('',(0.,0.,-1.));
#1676=DIRECTION('',(-0.625846821595499,0.779945995501491,0.));
#1677=DIRECTION('',(0.,1.,0.));
#1678=DIRECTION('',(0.,0.,-1.));
#1679=DIRECTION('',(0.625846821595499,0.779945995501491,0.));
#1680=DIRECTION('',(-1.,0.,0.));
#1681=DIRECTION('',(4.54671461311708E-16,1.,0.));
#1682=DIRECTION('',(-0.992963864480931,0.,-0.118417751351289));
#1683=DIRECTION('',(-0.118417751351289,0.,0.992963864480931));
#1684=DIRECTION('',(0.,1.,0.));
#1685=DIRECTION('',(0.117148961927521,-0.145993972613928,-0.98232473280464));
#1686=DIRECTION('',(0.,1.,0.));
#1687=DIRECTION('',(0.,1.,0.));
#1688=DIRECTION('',(0.,1.,0.));
#1689=DIRECTION('',(0.117148961927521,0.145993972613928,-0.98232473280464));
#1690=DIRECTION('',(0.992963864480931,0.,-0.118417751351289));
#1691=DIRECTION('',(-0.118417751351289,0.,-0.992963864480931));
#1692=DIRECTION('',(0.,1.,0.));
#1693=DIRECTION('',(0.117148961927521,-0.145993972613928,0.98232473280464));
#1694=DIRECTION('',(0.,1.,0.));
#1695=DIRECTION('',(0.,1.,0.));
#1696=DIRECTION('',(0.,1.,0.));
#1697=DIRECTION('',(0.117148961927521,0.145993972613928,0.98232473280464));
#1698=DIRECTION('',(0.,0.989135569886855,0.147006205258849));
#1699=DIRECTION('',(0.,-0.147006205258849,0.989135569886855));
#1700=DIRECTION('',(-1.,0.,0.));
#1701=DIRECTION('',(0.117148961927521,-0.145993972613928,0.98232473280464));
#1702=DIRECTION('',(-6.68395261669298E-17,-0.147006205258849,0.989135569886855));
#1703=DIRECTION('',(-1.,0.,0.));
#1704=DIRECTION('',(0.,0.147006205258849,-0.989135569886855));
#1705=DIRECTION('',(-1.,0.,0.));
#1706=DIRECTION('',(0.117148961927521,0.145993972613928,-0.98232473280464));
#1707=DIRECTION('',(-1.,0.,0.));
#1708=DIRECTION('',(-1.,0.,0.));
#1709=DIRECTION('',(0.,0.989135569886855,-0.147006205258849));
#1710=DIRECTION('',(0.,0.147006205258849,0.989135569886855));
#1711=DIRECTION('',(0.117148961927521,0.145993972613928,0.98232473280464));
#1712=DIRECTION('',(-1.,0.,0.));
#1713=DIRECTION('',(-1.,0.,0.));
#1714=DIRECTION('',(-1.,0.,0.));
#1715=DIRECTION('',(0.117148961927521,-0.145993972613928,-0.98232473280464));
#1716=DIRECTION('',(-1.,0.,0.));
#1717=DIRECTION('',(0.,-0.147006205258849,-0.989135569886855));
#1718=DIRECTION('',(-1.,0.,0.));
#1719=DIRECTION('',(6.68395261669298E-17,0.147006205258849,0.989135569886855));
#1720=DIRECTION('',(0.,0.991131762909439,-0.132882762433763));
#1721=DIRECTION('',(0.,0.132882762433763,0.991131762909439));
#1722=DIRECTION('',(-0.0990691397435672,0.132229052632724,0.986255942030425));
#1723=DIRECTION('',(-0.0990691397435672,-0.132229052632724,-0.986255942030425));
#1724=DIRECTION('',(0.,0.991131762909439,0.132882762433763));
#1725=DIRECTION('',(0.,-0.132882762433763,0.991131762909439));
#1726=DIRECTION('',(-0.0990691397435672,-0.132229052632724,0.986255942030425));
#1727=DIRECTION('',(-0.0990691397435672,0.132229052632724,-0.986255942030425));
#1728=DIRECTION('',(0.,-1.,0.));
#1729=DIRECTION('',(0.,0.,-1.));
#1730=DIRECTION('',(1.,0.,0.));
#1731=DIRECTION('',(0.,1.,0.));
#1732=DIRECTION('',(1.,0.,0.));
#1733=DIRECTION('',(5.10978091356471E-16,0.,1.));
#1734=DIRECTION('',(0.,1.,0.));
#1735=DIRECTION('',(1.,0.,0.));
#1736=DIRECTION('',(-1.,0.,1.08376667996565E-16));
#1737=DIRECTION('',(0.,0.,-1.));
#1738=DIRECTION('',(1.,0.,1.95996612968781E-16));
#1739=DIRECTION('',(0.,-1.,0.));
#1740=DIRECTION('',(1.,0.,0.));
#1741=DIRECTION('',(0.,0.,-1.));
#1742=DIRECTION('',(0.,-1.,0.));
#1743=DIRECTION('',(1.,0.,0.));
#1744=DIRECTION('',(-1.,0.,3.97830791195613E-16));
#1745=DIRECTION('',(0.,-1.,0.));
#1746=DIRECTION('',(0.,0.,-1.));
#1747=DIRECTION('',(1.,0.,0.));
#1748=DIRECTION('',(-1.,0.,3.97830791195613E-16));
#1749=DIRECTION('',(0.,-1.,0.));
#1750=DIRECTION('',(1.,0.,0.));
#1751=DIRECTION('',(0.,0.,-1.));
#1752=DIRECTION('',(0.,-1.,0.));
#1753=DIRECTION('',(1.,0.,0.));
#1754=DIRECTION('',(1.,0.,1.95996612968781E-16));
#1755=DIRECTION('',(0.,0.,-1.));
#1756=DIRECTION('',(-1.,0.,1.08376667996565E-16));
#1757=DIRECTION('',(0.,1.,0.));
#1758=DIRECTION('',(1.,0.,0.));
#1759=DIRECTION('',(5.10978091356471E-16,0.,1.));
#1760=DIRECTION('',(0.,1.,0.));
#1761=DIRECTION('',(1.,0.,0.));
#1762=DIRECTION('',(-3.97830791195613E-16,0.,-1.));
#1763=DIRECTION('',(-1.,0.,3.97830791195613E-16));
#1764=DIRECTION('',(0.,1.,0.));
#1765=DIRECTION('',(0.,0.,1.));
#1766=DIRECTION('',(1.,0.,0.));
#1767=DIRECTION('',(0.,1.,0.));
#1768=DIRECTION('',(0.,1.,0.));
#1769=DIRECTION('',(0.,0.,1.));
#1770=DIRECTION('',(0.,1.,0.));
#1771=DIRECTION('',(1.,0.,0.));
#1772=DIRECTION('',(0.,0.,-1.));
#1773=DIRECTION('',(0.,1.,0.));
#1774=DIRECTION('',(0.,1.,0.));
#1775=DIRECTION('',(0.,0.,1.));
#1776=DIRECTION('',(0.,1.,0.));
#1777=DIRECTION('',(-1.95996612968781E-16,0.,1.));
#1778=DIRECTION('',(1.,0.,1.95996612968781E-16));
#1779=DIRECTION('',(0.,1.,0.));
#1780=DIRECTION('',(1.,0.,0.));
#1781=DIRECTION('',(0.,0.,-1.));
#1782=DIRECTION('',(0.,1.,0.));
#1783=DIRECTION('',(-1.08376667996565E-16,0.,-1.));
#1784=DIRECTION('',(-1.,0.,1.08376667996565E-16));
#1785=DIRECTION('',(0.,1.,0.));
#1786=DIRECTION('',(0.,1.,0.));
#1787=DIRECTION('',(0.,0.,1.));
#1788=DIRECTION('',(0.,1.,0.));
#1789=DIRECTION('',(-1.,0.,5.10978091356471E-16));
#1790=DIRECTION('',(5.10978091356471E-16,0.,1.));
#1791=DIRECTION('',(0.,1.,0.));
#1792=DIRECTION('',(0.,1.,0.));
#1793=DIRECTION('',(0.,0.,1.));
#1794=DIRECTION('',(0.,-1.,0.));
#1795=DIRECTION('',(0.,0.,-1.));
#1796=DIRECTION('',(-1.,0.,0.));
#1797=DIRECTION('',(0.,-1.,0.));
#1798=DIRECTION('',(1.,0.,0.));
#1799=DIRECTION('',(0.,0.,1.));
#1800=DIRECTION('',(0.,-1.,0.));
#1801=DIRECTION('',(-1.,0.,0.));
#1802=DIRECTION('',(1.,0.,-1.95996612968781E-16));
#1803=DIRECTION('',(0.,0.,1.));
#1804=DIRECTION('',(-1.,0.,3.80699264024811E-17));
#1805=DIRECTION('',(0.,1.,0.));
#1806=DIRECTION('',(-1.,0.,0.));
#1807=DIRECTION('',(-5.10978091356471E-16,0.,-1.));
#1808=DIRECTION('',(0.,1.,0.));
#1809=DIRECTION('',(-1.,0.,0.));
#1810=DIRECTION('',(1.,0.,0.));
#1811=DIRECTION('',(0.,0.,-1.));
#1812=DIRECTION('',(-1.,0.,0.));
#1813=DIRECTION('',(-1.,0.,0.));
#1814=DIRECTION('',(0.,1.,0.));
#1815=DIRECTION('',(0.,-1.,0.));
#1816=DIRECTION('',(0.,0.,-1.));
#1817=DIRECTION('',(1.,0.,0.));
#1818=DIRECTION('',(0.,1.,0.));
#1819=DIRECTION('',(-1.,0.,0.));
#1820=DIRECTION('',(-5.10978091356471E-16,0.,-1.));
#1821=DIRECTION('',(0.,1.,0.));
#1822=DIRECTION('',(-1.,0.,0.));
#1823=DIRECTION('',(-1.,0.,3.80699264024811E-17));
#1824=DIRECTION('',(0.,0.,1.));
#1825=DIRECTION('',(1.,0.,-1.95996612968781E-16));
#1826=DIRECTION('',(0.,-1.,0.));
#1827=DIRECTION('',(-1.,0.,0.));
#1828=DIRECTION('',(0.,0.,1.));
#1829=DIRECTION('',(0.,-1.,0.));
#1830=DIRECTION('',(1.,0.,0.));
#1831=DIRECTION('',(0.,0.,1.));
#1832=DIRECTION('',(1.,0.,0.));
#1833=DIRECTION('',(0.,1.,0.));
#1834=DIRECTION('',(0.,1.,0.));
#1835=DIRECTION('',(0.,0.,1.));
#1836=DIRECTION('',(0.,1.,0.));
#1837=DIRECTION('',(0.,1.,0.));
#1838=DIRECTION('',(-1.,0.,0.));
#1839=DIRECTION('',(0.,0.,1.));
#1840=DIRECTION('',(0.,1.,0.));
#1841=DIRECTION('',(0.,1.,0.));
#1842=DIRECTION('',(0.,0.,1.));
#1843=DIRECTION('',(0.,1.,0.));
#1844=DIRECTION('',(0.,0.,1.));
#1845=DIRECTION('',(0.,1.,0.));
#1846=DIRECTION('',(1.,0.,-5.10978091356471E-16));
#1847=DIRECTION('',(-5.10978091356471E-16,0.,-1.));
#1848=DIRECTION('',(0.,1.,0.));
#1849=DIRECTION('',(0.,1.,0.));
#1850=DIRECTION('',(0.,0.,1.));
#1851=DIRECTION('',(0.,1.,0.));
#1852=DIRECTION('',(-3.80699264024811E-17,0.,-1.));
#1853=DIRECTION('',(-1.,0.,3.80699264024811E-17));
#1854=DIRECTION('',(0.,1.,0.));
#1855=DIRECTION('',(-1.,0.,0.));
#1856=DIRECTION('',(0.,0.,1.));
#1857=DIRECTION('',(0.,1.,0.));
#1858=DIRECTION('',(1.95996612968781E-16,0.,1.));
#1859=DIRECTION('',(1.,0.,-1.95996612968781E-16));
#1860=DIRECTION('',(0.,0.,-1.));
#1861=DIRECTION('',(-1.,0.,0.));
#1862=DIRECTION('',(4.54671461311708E-16,1.,0.));
#1863=DIRECTION('',(0.,-1.,0.));
#1864=DIRECTION('',(1.,0.,0.));
#1865=DIRECTION('',(0.,0.,-1.));
#1866=DIRECTION('',(1.,0.,0.));
#1867=DIRECTION('',(0.,0.,-1.));
#1868=DIRECTION('',(1.,0.,0.));
#1869=DIRECTION('',(0.,0.,-1.));
#1870=DIRECTION('',(-1.,4.54671461311708E-16,0.));
#1871=DIRECTION('',(-4.54671461311708E-16,-1.,0.));
#1872=DIRECTION('',(0.0990691397435672,0.132229052632724,0.986255942030425));
#1873=DIRECTION('',(0.,-0.991131762909439,0.132882762433763));
#1874=DIRECTION('',(1.,0.,0.));
#1875=DIRECTION('',(0.,0.,-1.));
#1876=DIRECTION('',(1.,-3.86724211231176E-15,2.60208521396521E-14));
#1877=DIRECTION('',(2.60208521396521E-14,0.,-1.));
#1878=DIRECTION('',(-0.117148961927521,-0.145993972613928,0.98232473280464));
#1879=DIRECTION('',(0.,-0.989135569886855,-0.147006205258849));
#1880=DIRECTION('',(-0.117148961927523,-0.145993972613929,0.98232473280464));
#1881=DIRECTION('',(0.,-0.989135569886855,-0.147006205258851));
#1882=DIRECTION('',(-8.67361737988401E-15,4.33680868994201E-15,1.));
#1883=DIRECTION('',(1.,0.,8.67361737988401E-15));
#1884=DIRECTION('',(0.,1.,0.));
#1885=DIRECTION('',(0.,0.,1.));
#1886=DIRECTION('',(-1.,0.,0.));
#1887=DIRECTION('',(0.,0.,1.));
#1888=DIRECTION('',(1.,1.75377726652296E-14,0.));
#1889=DIRECTION('',(-1.75377726652296E-14,1.,0.));
#1890=DIRECTION('',(0.,1.,0.));
#1891=DIRECTION('',(0.,0.,1.));
#1892=DIRECTION('',(0.,-1.,0.));
#1893=DIRECTION('',(0.,0.,-1.));
#1894=DIRECTION('',(-8.67361737988401E-15,0.,1.));
#1895=DIRECTION('',(1.,0.,8.67361737988401E-15));
#1896=DIRECTION('',(-0.117148961927524,0.145993972613931,0.982324732804639));
#1897=DIRECTION('',(0.,-0.989135569886854,0.147006205258852));
#1898=DIRECTION('',(0.117148961927521,-0.145993972613928,-0.98232473280464));
#1899=DIRECTION('',(0.,0.989135569886855,-0.147006205258849));
#1900=DIRECTION('',(-0.0990691397435672,0.132229052632724,-0.986255942030425));
#1901=DIRECTION('',(0.,0.991131762909439,0.132882762433763));
#1902=DIRECTION('',(-0.0990691397435672,-0.132229052632724,0.986255942030425));
#1903=DIRECTION('',(0.,-0.991131762909439,-0.132882762433763));
#1904=DIRECTION('',(0.117148961927521,0.145993972613928,0.98232473280464));
#1905=DIRECTION('',(0.,-0.989135569886855,0.147006205258849));
#1906=DIRECTION('',(0.0773806333515793,0.756965644073074,0.648856880425217));
#1907=DIRECTION('',(0.0896381694213133,-0.653454676081697,0.751639531218096));
#1908=DIRECTION('',(0.,1.,0.));
#1909=DIRECTION('',(0.,0.,1.));
#1910=DIRECTION('',(-0.0773806333515793,0.756965644073074,-0.648856880425217));
#1911=DIRECTION('',(0.0896381694213133,0.653454676081697,0.751639531218096));
#1912=DIRECTION('',(-0.117148961927521,0.145993972613928,-0.98232473280464));
#1913=DIRECTION('',(0.,0.989135569886855,0.147006205258849));
#1914=DIRECTION('',(0.0990691397435672,-0.132229052632724,-0.986255942030425));
#1915=DIRECTION('',(0.,0.991131762909439,-0.132882762433763));
#1916=CARTESIAN_POINT('',(0.,0.,0.));
#1917=CARTESIAN_POINT('',(-2.03391732936075,-1.81,2.285));
#1918=CARTESIAN_POINT('',(-1.24891488861221,-1.81,2.285));
#1919=CARTESIAN_POINT('',(-1.24891488861221,1.61287003453599,2.285));
#1920=CARTESIAN_POINT('',(-1.24891488861221,-1.61287003453599,2.285));
#1921=CARTESIAN_POINT('',(-2.03391732936075,-1.61287003453599,2.285));
#1922=CARTESIAN_POINT('',(1.98952587262281,-1.61287003453599,2.285));
#1923=CARTESIAN_POINT('',(1.98952587262281,-1.81,2.285));
#1924=CARTESIAN_POINT('',(1.98952587262281,1.61287003453599,2.285));
#1925=CARTESIAN_POINT('',(-1.24891488861221,1.61287003453599,2.285));
#1926=CARTESIAN_POINT('',(0.,-1.81,0.1));
#1927=CARTESIAN_POINT('',(1.08472090472169,-1.81,0.1));
#1928=CARTESIAN_POINT('',(1.08472090472169,-1.65598817833294,0.1));
#1929=CARTESIAN_POINT('',(1.08472090472169,1.65598817833294,0.1));
#1930=CARTESIAN_POINT('',(5.22124807615041,-1.65598817833294,0.1));
#1931=CARTESIAN_POINT('',(-1.08472090472169,-1.65598817833294,0.1));
#1932=CARTESIAN_POINT('',(-1.08472090472169,-1.81,0.1));
#1933=CARTESIAN_POINT('',(-1.08472090472169,1.65598817833294,0.1));
#1934=CARTESIAN_POINT('',(5.22124807615041,1.65598817833294,0.1));
#1935=CARTESIAN_POINT('',(1.08472090472169,-1.81,0.266904223559248));
#1936=CARTESIAN_POINT('',(2.06395729708799,-1.81,0.317487934799856));
#1937=CARTESIAN_POINT('',(2.06395729708799,-1.63536978715851,0.317487934799856));
#1938=CARTESIAN_POINT('',(2.06395729708799,1.63536978715851,0.317487934799856));
#1939=CARTESIAN_POINT('',(2.01344356788879,-1.63434994509494,0.314878583358857));
#1940=CARTESIAN_POINT('',(2.0141144508641,-1.68480197071451,0.314913238679027));
#1941=CARTESIAN_POINT('',(1.08563009050225,-1.67837161510536,0.26695118871633));
#1942=CARTESIAN_POINT('',(1.08472090472169,-1.67836531840492,0.266904223559248));
#1943=CARTESIAN_POINT('',(1.08472090472169,-1.81,0.266904223559248));
#1944=CARTESIAN_POINT('',(1.08472090472169,1.67836531840492,0.266904223559248));
#1945=CARTESIAN_POINT('',(1.06062716205079,1.67819845363052,0.265659630393112));
#1946=CARTESIAN_POINT('',(2.0141144508641,1.68480197071451,0.314913238679027));
#1947=CARTESIAN_POINT('',(2.01344356788879,1.63434994509494,0.314878583358857));
#1948=CARTESIAN_POINT('',(2.06395729708799,-1.81,0.317487934799856));
#1949=CARTESIAN_POINT('',(2.1575,-1.81,1.24872693434454));
#1950=CARTESIAN_POINT('',(2.1575,-1.76022262244885,1.24872693434454));
#1951=CARTESIAN_POINT('',(2.1575,-1.,1.24872693434454));
#1952=CARTESIAN_POINT('',(2.06624492117969,-1.6384231130197,0.340261755783906));
#1953=CARTESIAN_POINT('',(2.158152074611,1.76109295611967,1.25521848621841));
#1954=CARTESIAN_POINT('',(2.1575,1.76022262244885,1.24872693434454));
#1955=CARTESIAN_POINT('',(2.1575,-1.81,1.24872693434454));
#1956=CARTESIAN_POINT('',(2.1575,1.,1.24872693434454));
#1957=CARTESIAN_POINT('',(2.06395729708799,1.,0.317487934799856));
#1958=CARTESIAN_POINT('',(2.13454723746982,1.,1.02022693434454));
#1959=CARTESIAN_POINT('',(2.13454723746982,-1.81,1.02022693434454));
#1960=CARTESIAN_POINT('',(2.13454723746982,-1.,1.02022693434454));
#1961=CARTESIAN_POINT('',(2.06395729708799,-1.,0.317487934799856));
#1962=CARTESIAN_POINT('',(-2.06395729708799,-1.81,0.317487934799856));
#1963=CARTESIAN_POINT('',(-2.1575,-1.81,1.24872693434454));
#1964=CARTESIAN_POINT('',(-2.1575,1.,1.24872693434454));
#1965=CARTESIAN_POINT('',(-2.1575,1.76022262244885,1.24872693434454));
#1966=CARTESIAN_POINT('',(-2.06460937169899,1.63624012082933,0.323979486673726));
#1967=CARTESIAN_POINT('',(-2.06395729708799,1.63536978715851,0.317487934799856));
#1968=CARTESIAN_POINT('',(-2.06395729708799,-1.81,0.317487934799856));
#1969=CARTESIAN_POINT('',(-2.06395729708799,-1.63536978715851,0.317487934799856));
#1970=CARTESIAN_POINT('',(-2.06624492117969,-1.6384231130197,0.340261755783906));
#1971=CARTESIAN_POINT('',(-2.1575,-1.76022262244885,1.24872693434454));
#1972=CARTESIAN_POINT('',(-2.1575,-1.81,1.24872693434454));
#1973=CARTESIAN_POINT('',(-2.1575,-1.,1.24872693434454));
#1974=CARTESIAN_POINT('',(-2.06395729708799,-1.,0.317487934799856));
#1975=CARTESIAN_POINT('',(-2.13454723746982,-1.,1.02022693434454));
#1976=CARTESIAN_POINT('',(-2.13454723746982,-1.81,1.02022693434454));
#1977=CARTESIAN_POINT('',(-2.13454723746982,1.,1.02022693434454));
#1978=CARTESIAN_POINT('',(-2.06395729708799,1.,0.317487934799856));
#1979=CARTESIAN_POINT('',(-1.08472090472169,-1.81,0.266904223559248));
#1980=CARTESIAN_POINT('',(-2.01344356788879,1.63434994509494,0.314878583358858));
#1981=CARTESIAN_POINT('',(-2.0141144508641,1.68480197071451,0.314913238679027));
#1982=CARTESIAN_POINT('',(-1.06062716205079,1.67819845363052,0.265659630393112));
#1983=CARTESIAN_POINT('',(-1.08472090472169,1.67836531840492,0.266904223559248));
#1984=CARTESIAN_POINT('',(-1.08472090472169,-1.81,0.266904223559248));
#1985=CARTESIAN_POINT('',(-1.08472090472169,-1.67836531840492,0.266904223559248));
#1986=CARTESIAN_POINT('',(-1.08563009050225,-1.67837161510536,0.26695118871633));
#1987=CARTESIAN_POINT('',(-2.0141144508641,-1.68480197071451,0.314913238679027));
#1988=CARTESIAN_POINT('',(-2.01344356788879,-1.63434994509494,0.314878583358857));
#1989=CARTESIAN_POINT('',(-1.08472090472169,-1.81,0.1));
#1990=CARTESIAN_POINT('',(-1.08472090472169,-1.65870769267492,0.120284023259753));
#1991=CARTESIAN_POINT('',(-1.08472090472169,1.59478635331658,-0.356485639000579));
#1992=CARTESIAN_POINT('',(1.08472090472169,-1.81,0.1));
#1993=CARTESIAN_POINT('',(1.08472090472169,-1.65870769267492,0.120284023259753));
#1994=CARTESIAN_POINT('',(1.08472090472169,1.59478635331658,-0.356485639000579));
#1995=CARTESIAN_POINT('',(-2.03391732936075,-1.81,2.285));
#1996=CARTESIAN_POINT('',(6.15536853136795,1.65598817833294,2.285));
#1997=CARTESIAN_POINT('',(-1.58192391878706,1.65598817833294,2.285));
#1998=CARTESIAN_POINT('',(-1.98443960459721,1.65598817833294,2.285));
#1999=CARTESIAN_POINT('',(-1.98356302968426,1.60543899021131,2.285));
#2000=CARTESIAN_POINT('',(-1.98952587262281,1.65572910518904,2.285));
#2001=CARTESIAN_POINT('',(-1.98952587262281,-1.81,2.285));
#2002=CARTESIAN_POINT('',(-1.98952587262281,-1.65572910518904,2.285));
#2003=CARTESIAN_POINT('',(-1.98356302968426,-1.60543899021131,2.285));
#2004=CARTESIAN_POINT('',(-1.98443960459721,-1.65598817833294,2.285));
#2005=CARTESIAN_POINT('',(6.15536853136795,-1.65598817833294,2.285));
#2006=CARTESIAN_POINT('',(-1.58192391878706,-1.65598817833294,2.285));
#2007=CARTESIAN_POINT('',(-1.58192391878706,-1.81,2.285));
#2008=CARTESIAN_POINT('',(2.1575,-1.81,1.24872693434454));
#2009=CARTESIAN_POINT('',(2.03917406584686,-1.81,2.24092088756756));
#2010=CARTESIAN_POINT('',(2.03917406584686,1.61287003453599,2.24092088756756));
#2011=CARTESIAN_POINT('',(2.03917406584686,-1.61287003453599,2.24092088756756));
#2012=CARTESIAN_POINT('',(2.15834949478224,-1.76138944112714,1.24160369807118));
#2013=CARTESIAN_POINT('',(2.1575,-1.7603307794375,1.24872693434454));
#2014=CARTESIAN_POINT('',(2.1575,-1.81,1.24872693434454));
#2015=CARTESIAN_POINT('',(2.1575,-1.81,1.24872693434454));
#2016=CARTESIAN_POINT('',(2.1575,-1.81,1.24872693434454));
#2017=CARTESIAN_POINT('',(2.1575,1.7603307794375,1.24872693434454));
#2018=CARTESIAN_POINT('',(2.03476682414299,1.60737761946008,2.27787676372665));
#2019=CARTESIAN_POINT('',(-2.1575,-1.81,1.24872693434454));
#2020=CARTESIAN_POINT('',(-2.03917406584686,-1.81,2.24092088756756));
#2021=CARTESIAN_POINT('',(-2.03917406584686,-1.61287003453599,2.24092088756756));
#2022=CARTESIAN_POINT('',(-2.03917406584686,1.61287003453599,2.24092088756756));
#2023=CARTESIAN_POINT('',(-2.15834949478224,1.76138944112714,1.24160369807118));
#2024=CARTESIAN_POINT('',(-2.1575,1.7603307794375,1.24872693434454));
#2025=CARTESIAN_POINT('',(-2.1575,-1.81,1.24872693434454));
#2026=CARTESIAN_POINT('',(-2.1575,-1.81,1.24872693434454));
#2027=CARTESIAN_POINT('',(-2.1575,-1.81,1.24872693434454));
#2028=CARTESIAN_POINT('',(-2.1575,-1.7603307794375,1.24872693434454));
#2029=CARTESIAN_POINT('',(-2.15834949478224,-1.76138944112714,1.24160369807118));
#2030=CARTESIAN_POINT('',(6.15536853136795,1.65598817833294,2.285));
#2031=CARTESIAN_POINT('',(6.15536853136795,1.81,1.24872693434454));
#2032=CARTESIAN_POINT('',(-2.10791578129754,1.81,1.24872693434454));
#2033=CARTESIAN_POINT('',(-2.10802227523646,1.81,1.24872693434454));
#2034=CARTESIAN_POINT('',(-1.98511863091895,1.65683439795442,2.27930618642202));
#2035=CARTESIAN_POINT('',(-1.58192391878706,1.65598817833294,2.285));
#2036=CARTESIAN_POINT('',(-1.58192391878706,1.66298811388613,2.23790072803128));
#2037=CARTESIAN_POINT('',(6.15536853136795,1.66298811388613,2.23790072803128));
#2038=CARTESIAN_POINT('',(-1.24891488861221,1.66298811388613,2.23790072803128));
#2039=CARTESIAN_POINT('',(-1.24891488861221,1.65598817833294,2.285));
#2040=CARTESIAN_POINT('',(-1.24891488861221,1.66232681303033,2.24235031026294));
#2041=CARTESIAN_POINT('',(2.03391732936074,1.66232681303033,2.24235031026294));
#2042=CARTESIAN_POINT('',(1.98952587262281,1.66232681303033,2.24235031026294));
#2043=CARTESIAN_POINT('',(2.1087013015582,1.81084621962149,1.24303312076656));
#2044=CARTESIAN_POINT('',(2.10802227523646,1.81,1.24872693434454));
#2045=CARTESIAN_POINT('',(6.15536853136795,1.81,1.24872693434454));
#2046=CARTESIAN_POINT('',(2.10791578129754,1.81,1.24872693434454));
#2047=CARTESIAN_POINT('',(6.15536853136795,1.81,1.24872693434454));
#2048=CARTESIAN_POINT('',(6.15536853136795,-1.65598817833294,2.285));
#2049=CARTESIAN_POINT('',(-1.8727298603712,-1.51677269514896,3.22171546758036));
#2050=CARTESIAN_POINT('',(-2.10802227523646,-1.81,1.24872693434454));
#2051=CARTESIAN_POINT('',(6.15536853136795,-1.81,1.24872693434454));
#2052=CARTESIAN_POINT('',(-2.10791578129754,-1.81,1.24872693434454));
#2053=CARTESIAN_POINT('',(6.15536853136795,-1.81,1.24872693434454));
#2054=CARTESIAN_POINT('',(2.10791578129754,-1.81,1.24872693434454));
#2055=CARTESIAN_POINT('',(6.15536853136795,-1.81,1.24872693434454));
#2056=CARTESIAN_POINT('',(2.10802227523646,-1.81,1.24872693434454));
#2057=CARTESIAN_POINT('',(2.04168092967657,-1.72732375236211,1.80501649490707));
#2058=CARTESIAN_POINT('',(1.98952587262281,-1.66232681303033,2.24235031026294));
#2059=CARTESIAN_POINT('',(6.15536853136795,-1.66232681303033,2.24235031026294));
#2060=CARTESIAN_POINT('',(-1.24891488861221,-1.66232681303033,2.24235031026294));
#2061=CARTESIAN_POINT('',(-1.24891488861221,-1.65598817833294,2.285));
#2062=CARTESIAN_POINT('',(-1.24891488861221,-1.66298811388613,2.23790072803128));
#2063=CARTESIAN_POINT('',(6.15536853136795,-1.66298811388613,2.23790072803128));
#2064=CARTESIAN_POINT('',(-1.58192391878706,-1.66298811388613,2.23790072803128));
#2065=CARTESIAN_POINT('',(-1.58192391878706,-1.65598817833294,2.285));
#2066=CARTESIAN_POINT('',(5.22124807615041,1.81,1.24872693434454));
#2067=CARTESIAN_POINT('',(-2.10840243525363,1.81064954426514,1.25357168576907));
#2068=CARTESIAN_POINT('',(2.01485973234162,1.68579670897481,0.322332686224388));
#2069=CARTESIAN_POINT('',(5.22124807615041,-1.81,1.24872693434454));
#2070=CARTESIAN_POINT('',(-2.03598227746615,-1.71398928375882,0.532612453403094));
#2071=CARTESIAN_POINT('',(2.13847218649138,-1.85078408797231,1.55292293591997));
#2072=CARTESIAN_POINT('',(-2.40350685278306,-1.,0.952233787127602));
#2073=CARTESIAN_POINT('',(-1.85844991074641,-1.,1.24872693434454));
#2074=CARTESIAN_POINT('',(-2.5,-1.,1.24872693434454));
#2075=CARTESIAN_POINT('',(-2.5,-1.,1.04872693434454));
#2076=CARTESIAN_POINT('',(-2.7,-1.,1.04872693434454));
#2077=CARTESIAN_POINT('',(-2.7,-1.,1.04872693434454));
#2078=CARTESIAN_POINT('',(-2.7,-1.,0.2));
#2079=CARTESIAN_POINT('',(-2.5,-1.,0.2));
#2080=CARTESIAN_POINT('',(-2.5,-1.,-2.71050543121376E-17));
#2081=CARTESIAN_POINT('',(-2.5,-1.,-2.71050543121376E-17));
#2082=CARTESIAN_POINT('',(-1.3,-1.,-1.62630325872826E-16));
#2083=CARTESIAN_POINT('',(-1.3,-1.,0.2285));
#2084=CARTESIAN_POINT('',(-1.3,-1.,0.2285));
#2085=CARTESIAN_POINT('',(-2.40634786597889,-1.,0.2285));
#2086=CARTESIAN_POINT('',(-2.40634786597889,-1.,0.2285));
#2087=CARTESIAN_POINT('',(-2.40634786597889,-1.,0.293652134021113));
#2088=CARTESIAN_POINT('',(-2.4715,-1.,0.293652134021113));
#2089=CARTESIAN_POINT('',(-2.4715,-1.,0.952233787127602));
#2090=CARTESIAN_POINT('',(-2.4715,-1.,0.952233787127602));
#2091=CARTESIAN_POINT('',(-2.40350685278306,-1.,0.952233787127602));
#2092=CARTESIAN_POINT('',(-2.40350685278306,-1.,1.02022693434454));
#2093=CARTESIAN_POINT('',(-1.85844991074641,-1.,1.02022693434454));
#2094=CARTESIAN_POINT('',(-2.40350685278306,1.,0.952233787127602));
#2095=CARTESIAN_POINT('',(-1.85844991074641,1.,1.24872693434454));
#2096=CARTESIAN_POINT('',(-2.5,1.,1.24872693434454));
#2097=CARTESIAN_POINT('',(-1.85844991074641,1.,1.02022693434454));
#2098=CARTESIAN_POINT('',(-2.40350685278306,1.,1.02022693434454));
#2099=CARTESIAN_POINT('',(-2.40350685278306,1.,0.952233787127602));
#2100=CARTESIAN_POINT('',(-2.4715,1.,0.952233787127602));
#2101=CARTESIAN_POINT('',(-2.4715,1.,0.952233787127602));
#2102=CARTESIAN_POINT('',(-2.4715,1.,0.293652134021113));
#2103=CARTESIAN_POINT('',(-2.40634786597889,1.,0.293652134021113));
#2104=CARTESIAN_POINT('',(-2.40634786597889,1.,0.2285));
#2105=CARTESIAN_POINT('',(-2.40634786597889,1.,0.2285));
#2106=CARTESIAN_POINT('',(-1.3,1.,0.2285));
#2107=CARTESIAN_POINT('',(-1.3,1.,0.2285));
#2108=CARTESIAN_POINT('',(-1.3,1.,-1.62630325872826E-16));
#2109=CARTESIAN_POINT('',(-2.5,1.,-2.71050543121376E-17));
#2110=CARTESIAN_POINT('',(-2.5,1.,-2.71050543121376E-17));
#2111=CARTESIAN_POINT('',(-2.5,1.,0.2));
#2112=CARTESIAN_POINT('',(-2.7,1.,0.2));
#2113=CARTESIAN_POINT('',(-2.7,1.,1.04872693434454));
#2114=CARTESIAN_POINT('',(-2.7,1.,1.04872693434454));
#2115=CARTESIAN_POINT('',(-2.5,1.,1.04872693434454));
#2116=CARTESIAN_POINT('',(-1.85844991074641,-1.,1.02022693434454));
#2117=CARTESIAN_POINT('',(-2.40350685278306,-1.,1.02022693434454));
#2118=CARTESIAN_POINT('',(-1.85844991074641,-1.,1.24872693434454));
#2119=CARTESIAN_POINT('',(-2.5,-1.,1.24872693434454));
#2120=CARTESIAN_POINT('',(-2.40350685278306,-1.,0.952233787127602));
#2121=CARTESIAN_POINT('',(-2.4715,-1.,0.952233787127602));
#2122=CARTESIAN_POINT('',(-2.4715,-1.,0.952233787127602));
#2123=CARTESIAN_POINT('',(-2.4715,-1.,0.293652134021113));
#2124=CARTESIAN_POINT('',(-2.40634786597889,-1.,0.293652134021113));
#2125=CARTESIAN_POINT('',(-2.40634786597889,-1.,0.2285));
#2126=CARTESIAN_POINT('',(-2.40634786597889,-1.,0.2285));
#2127=CARTESIAN_POINT('',(-1.3,-1.,0.2285));
#2128=CARTESIAN_POINT('',(-1.3,-1.,0.2285));
#2129=CARTESIAN_POINT('',(-1.3,-1.,-1.62630325872826E-16));
#2130=CARTESIAN_POINT('',(-2.5,-1.,-2.71050543121376E-17));
#2131=CARTESIAN_POINT('',(-2.5,-1.,-2.71050543121376E-17));
#2132=CARTESIAN_POINT('',(-2.5,-1.,0.2));
#2133=CARTESIAN_POINT('',(-2.7,-1.,0.2));
#2134=CARTESIAN_POINT('',(-2.7,-1.,1.04872693434454));
#2135=CARTESIAN_POINT('',(-2.7,-1.,1.04872693434454));
#2136=CARTESIAN_POINT('',(-2.5,-1.,1.04872693434454));
#2137=CARTESIAN_POINT('',(2.40634786597889,-1.,0.293652134021113));
#2138=CARTESIAN_POINT('',(1.85844991074641,-1.,1.02022693434454));
#2139=CARTESIAN_POINT('',(2.40350685278306,-1.,1.02022693434454));
#2140=CARTESIAN_POINT('',(2.40350685278306,-1.,0.952233787127602));
#2141=CARTESIAN_POINT('',(2.4715,-1.,0.952233787127602));
#2142=CARTESIAN_POINT('',(2.4715,-1.,0.952233787127602));
#2143=CARTESIAN_POINT('',(2.4715,-1.,0.293652134021113));
#2144=CARTESIAN_POINT('',(2.40634786597889,-1.,0.293652134021113));
#2145=CARTESIAN_POINT('',(2.40634786597889,-1.,0.2285));
#2146=CARTESIAN_POINT('',(2.40634786597889,-1.,0.2285));
#2147=CARTESIAN_POINT('',(1.3,-1.,0.2285));
#2148=CARTESIAN_POINT('',(1.3,-1.,0.2285));
#2149=CARTESIAN_POINT('',(1.3,-1.,-1.62630325872826E-16));
#2150=CARTESIAN_POINT('',(2.5,-1.,-2.08314237555803E-16));
#2151=CARTESIAN_POINT('',(2.5,-1.,-2.71050543121376E-17));
#2152=CARTESIAN_POINT('',(2.5,-1.,0.2));
#2153=CARTESIAN_POINT('',(2.7,-1.,0.2));
#2154=CARTESIAN_POINT('',(2.7,-1.,1.04872693434454));
#2155=CARTESIAN_POINT('',(2.7,-1.,1.04872693434454));
#2156=CARTESIAN_POINT('',(2.5,-1.,1.04872693434454));
#2157=CARTESIAN_POINT('',(2.5,-1.,1.24872693434454));
#2158=CARTESIAN_POINT('',(1.85844991074641,-1.,1.24872693434454));
#2159=CARTESIAN_POINT('',(1.85844991074641,-1.,1.02022693434454));
#2160=CARTESIAN_POINT('',(1.85844991074641,1.,1.02022693434454));
#2161=CARTESIAN_POINT('',(2.40350685278306,1.,1.02022693434454));
#2162=CARTESIAN_POINT('',(2.40350685278306,-1.,1.02022693434454));
#2163=CARTESIAN_POINT('',(2.40634786597889,1.,0.293652134021113));
#2164=CARTESIAN_POINT('',(1.85844991074641,1.,1.24872693434454));
#2165=CARTESIAN_POINT('',(2.5,1.,1.24872693434454));
#2166=CARTESIAN_POINT('',(2.5,1.,1.04872693434454));
#2167=CARTESIAN_POINT('',(2.7,1.,1.04872693434454));
#2168=CARTESIAN_POINT('',(2.7,1.,1.04872693434454));
#2169=CARTESIAN_POINT('',(2.7,1.,0.2));
#2170=CARTESIAN_POINT('',(2.5,1.,0.2));
#2171=CARTESIAN_POINT('',(2.5,1.,-2.71050543121376E-17));
#2172=CARTESIAN_POINT('',(2.5,1.,-2.08314237555803E-16));
#2173=CARTESIAN_POINT('',(1.3,1.,-1.62630325872826E-16));
#2174=CARTESIAN_POINT('',(1.3,1.,0.2285));
#2175=CARTESIAN_POINT('',(1.3,1.,0.2285));
#2176=CARTESIAN_POINT('',(2.40634786597889,1.,0.2285));
#2177=CARTESIAN_POINT('',(2.40634786597889,1.,0.2285));
#2178=CARTESIAN_POINT('',(2.40634786597889,1.,0.293652134021113));
#2179=CARTESIAN_POINT('',(2.4715,1.,0.293652134021113));
#2180=CARTESIAN_POINT('',(2.4715,1.,0.952233787127602));
#2181=CARTESIAN_POINT('',(2.4715,1.,0.952233787127602));
#2182=CARTESIAN_POINT('',(2.40350685278306,1.,0.952233787127602));
#2183=CARTESIAN_POINT('',(1.85844991074641,-1.,1.24872693434454));
#2184=CARTESIAN_POINT('',(2.5,-1.,1.24872693434454));
#2185=CARTESIAN_POINT('',(2.40634786597889,-1.,0.293652134021113));
#2186=CARTESIAN_POINT('',(2.40634786597889,-1.,0.2285));
#2187=CARTESIAN_POINT('',(2.4715,-1.,0.293652134021113));
#2188=CARTESIAN_POINT('',(2.4715,-1.,0.952233787127602));
#2189=CARTESIAN_POINT('',(2.4715,-1.,0.952233787127602));
#2190=CARTESIAN_POINT('',(2.40350685278306,-1.,0.952233787127602));
#2191=CARTESIAN_POINT('',(2.5,-1.,1.04872693434454));
#2192=CARTESIAN_POINT('',(2.7,-1.,1.04872693434454));
#2193=CARTESIAN_POINT('',(2.7,-1.,1.04872693434454));
#2194=CARTESIAN_POINT('',(2.7,-1.,0.2));
#2195=CARTESIAN_POINT('',(2.5,-1.,0.2));
#2196=CARTESIAN_POINT('',(2.5,-1.,-2.71050543121376E-17));
#2197=CARTESIAN_POINT('',(2.5,-1.,-2.08314237555803E-16));
#2198=CARTESIAN_POINT('',(1.3,-1.,-1.62630325872826E-16));
#2199=CARTESIAN_POINT('',(1.3,-1.,0.2285));
#2200=CARTESIAN_POINT('',(1.3,-1.,0.2285));
#2201=CARTESIAN_POINT('',(2.40634786597889,-1.,0.2285));
#2202=CARTESIAN_POINT('',(0.,0.,2.23790072803128));
#2203=CARTESIAN_POINT('',(-1.58192391878706,1.65598817833294,2.23790072803128));
#2204=CARTESIAN_POINT('',(-1.24891488861221,-1.65598817833294,2.23790072803128));
#2205=CARTESIAN_POINT('',(-1.24891488861221,-1.65598817833294,2.33209927196872));
#2206=CARTESIAN_POINT('',(-1.24891488861221,-1.61287003453599,2.235));
#2207=CARTESIAN_POINT('',(-1.24891488861221,1.61287003453599,2.235));
#2208=CARTESIAN_POINT('',(-1.58192391878706,1.65598817833294,2.33209927196872));
#2209=CARTESIAN_POINT('',(2.13847218649138,1.80122749982684,1.55956707404166));
#2210=CARTESIAN_POINT('',(2.1574999374698,1.7603307015108,1.24872745867663));
#2211=CARTESIAN_POINT('',(2.15746965174095,1.78652065480595,1.24898141244638));
#2212=CARTESIAN_POINT('',(2.13421703266607,1.80997068195719,1.24892420165723));
#2213=CARTESIAN_POINT('',(2.10802222751665,1.80999994053043,1.24872733448799));
#2214=CARTESIAN_POINT('',(-2.03391732936075,1.61287003453599,2.235));
#2215=CARTESIAN_POINT('',(1.98952587262281,1.61287003453599,2.235));
#2216=CARTESIAN_POINT('',(2.04168092967657,1.67786697386777,1.79766618464413));
#2217=CARTESIAN_POINT('',(1.98952587262281,1.61287003453599,2.235));
#2218=CARTESIAN_POINT('',(1.98952587262281,1.61287003453599,2.235));
#2219=CARTESIAN_POINT('',(1.98952587262281,1.61287003453599,2.235));
#2220=CARTESIAN_POINT('',(6.15536853136795,-1.61287003453599,2.235));
#2221=CARTESIAN_POINT('',(1.98952587262281,-1.61287003453599,2.235));
#2222=CARTESIAN_POINT('',(1.98952587262281,-1.81,2.235));
#2223=CARTESIAN_POINT('',(1.98952587262281,-1.61287003453599,2.235));
#2224=CARTESIAN_POINT('',(1.98952587262281,-1.61287003453599,2.235));
#2225=CARTESIAN_POINT('',(1.98952587262281,-1.61287003453599,2.235));
#2226=CARTESIAN_POINT('',(2.1087013015582,-1.76138944112714,1.23568281050362));
#2227=CARTESIAN_POINT('',(2.10802222751664,-1.80999994053036,1.24872733448775));
#2228=CARTESIAN_POINT('',(2.13421375548738,-1.80997068561761,1.24892417702744));
#2229=CARTESIAN_POINT('',(2.15746965208423,-1.78652035798901,1.24898140956865));
#2230=CARTESIAN_POINT('',(2.15749993746984,-1.7603307015108,1.24872745867774));
#2231=CARTESIAN_POINT('',(2.01649528182231,-1.6384231130197,0.345259093456256));
#2232=CARTESIAN_POINT('',(-2.01649528182231,-1.6384231130197,0.345259093456256));
#2233=CARTESIAN_POINT('',(-2.10802222751664,-1.80999994053036,1.24872733448775));
#2234=CARTESIAN_POINT('',(-2.13421375548738,-1.80997068561761,1.24892417702744));
#2235=CARTESIAN_POINT('',(-2.15746965208422,-1.78652035798901,1.24898140956865));
#2236=CARTESIAN_POINT('',(-2.15749993746984,-1.7603307015108,1.24872745867774));
#2237=CARTESIAN_POINT('',(-2.1087013015582,-1.76138944112714,1.23568281050362));
#2238=CARTESIAN_POINT('',(-1.98952587262281,-1.61287003453599,2.235));
#2239=CARTESIAN_POINT('',(-1.98952587262281,-1.81,2.235));
#2240=CARTESIAN_POINT('',(-1.98952587262281,1.61287003453599,2.235));
#2241=CARTESIAN_POINT('',(-1.8727298603712,1.46731591665462,3.21436515731742));
#2242=CARTESIAN_POINT('',(-2.10802222751664,1.80999994053036,1.24872733448775));
#2243=CARTESIAN_POINT('',(-2.13421375548738,1.80997068561761,1.24892417702744));
#2244=CARTESIAN_POINT('',(-2.15746965208423,1.78652035798901,1.24898140956865));
#2245=CARTESIAN_POINT('',(-2.15749993746984,1.7603307015108,1.24872745867774));
#2246=CARTESIAN_POINT('',(-2.03598227746615,1.66443269561335,0.539256591524782));
#2247=MECHANICAL_DESIGN_GEOMETRIC_PRESENTATION_REPRESENTATION('',(#1051,
#1052,#1053,#1054,#1055,#1056,#1057,#1058,#1059,#1060,#1061,#1062,#1063,
#1064,#1065,#1066,#1067,#1068,#1069,#1070,#1071,#1072,#1073,#1074,#1075,
#1076,#1077,#1078,#1079,#1080,#1081,#1082,#1083,#1084,#1085,#1086,#1087,
#1088,#1089,#1090,#1091,#1092,#1093,#1094,#1095,#1096,#1097,#1098,#1099,
#1100,#1101,#1102,#1103,#1104,#1105,#1106,#1107,#1108),#2248);
#2248=(
GEOMETRIC_REPRESENTATION_CONTEXT(3)
GLOBAL_UNCERTAINTY_ASSIGNED_CONTEXT((#2249))
GLOBAL_UNIT_ASSIGNED_CONTEXT((#2252,#2251,#2250))
REPRESENTATION_CONTEXT('SMBJ26D-M3_H','TOP_LEVEL_ASSEMBLY_PART')
);
#2249=UNCERTAINTY_MEASURE_WITH_UNIT(LENGTH_MEASURE(0.005),#2252,
'DISTANCE_ACCURACY_VALUE','Maximum Tolerance applied to model');
#2250=(
NAMED_UNIT(*)
SI_UNIT($,.STERADIAN.)
SOLID_ANGLE_UNIT()
);
#2251=(
NAMED_UNIT(*)
PLANE_ANGLE_UNIT()
SI_UNIT($,.RADIAN.)
);
#2252=(
LENGTH_UNIT()
NAMED_UNIT(*)
SI_UNIT(.MILLI.,.METRE.)
);
#2253=PRODUCT_DEFINITION_SHAPE('','',#2254);
#2254=PRODUCT_DEFINITION('','',#2256,#2255);
#2255=PRODUCT_DEFINITION_CONTEXT('',#2262,'design');
#2256=PRODUCT_DEFINITION_FORMATION_WITH_SPECIFIED_SOURCE('','',#2258,
 .NOT_KNOWN.);
#2257=PRODUCT_RELATED_PRODUCT_CATEGORY('','',(#2258));
#2258=PRODUCT('SMBJ26D-M3_H','SMBJ26D-M3_H','SMBJ26D-M3_H',(#2260));
#2259=PRODUCT_CATEGORY('','');
#2260=PRODUCT_CONTEXT('',#2262,'mechanical');
#2261=APPLICATION_PROTOCOL_DEFINITION('international standard',
'automotive_design',2010,#2262);
#2262=APPLICATION_CONTEXT(
'core data for automotive mechanical design processes');
ENDSEC;
END-ISO-10303-21;
