ISO-10303-21;
HEADER;
/* Generated by software containing ST-Developer
 * from STEP Tools, Inc. (www.steptools.com) 
 */
/* OPTION: using custom schema-name function */

FILE_DESCRIPTION(
/* description */ (''),
/* implementation_level */ '2;1');

FILE_NAME(
/* name */ '524352471wbm000_01_214.stp',
/* time_stamp */ '2023-01-04T21:19:45+08:00',
/* author */ (''),
/* organization */ (''),
/* preprocessor_version */ 'ST-DEVELOPER v16.7',
/* originating_system */ 'SIEMENS PLM Software NX 1919',
/* authorisation */ '');

FILE_SCHEMA (('AUTOMOTIVE_DESIGN { 1 0 10303 214 3 1 1 1 }'));
ENDSEC;

DATA;
#10=SHAPE_REPRESENTATION_RELATIONSHIP('None',
'relationship between 524352471wbm000_01-None and 524352471wbm000_01-N
one',#22,#11);
#11=ADVANCED_BREP_SHAPE_REPRESENTATION('524352471wbm000_01-None',(#32),
#19625);
#12=SHAPE_DEFINITION_REPRESENTATION(#13,#22);
#13=PRODUCT_DEFINITION_SHAPE('','',#14);
#14=PRODUCT_DEFINITION(' ','',#16,#15);
#15=PRODUCT_DEFINITION_CONTEXT('part definition',#21,'design');
#16=PRODUCT_DEFINITION_FORMATION_WITH_SPECIFIED_SOURCE(' ',' ',#18,
 .NOT_KNOWN.);
#17=PRODUCT_RELATED_PRODUCT_CATEGORY('part','',(#18));
#18=PRODUCT('524352471wbm000_01','524352471wbm000_01',' ',(#19));
#19=PRODUCT_CONTEXT(' ',#21,'mechanical');
#20=APPLICATION_PROTOCOL_DEFINITION('international standard',
'automotive_design',2010,#21);
#21=APPLICATION_CONTEXT(
'core data for automotive mechanical design processes');
#22=SHAPE_REPRESENTATION('524352471wbm000_01-None',(#12248),#19625);
#23=PRESENTATION_LAYER_ASSIGNMENT('1','Layer 1',(#32));
#24=STYLED_ITEM('',(#25),#32);
#25=PRESENTATION_STYLE_ASSIGNMENT((#26));
#26=SURFACE_STYLE_USAGE(.BOTH.,#27);
#27=SURFACE_SIDE_STYLE('',(#28));
#28=SURFACE_STYLE_FILL_AREA(#29);
#29=FILL_AREA_STYLE('',(#30));
#30=FILL_AREA_STYLE_COLOUR('',#31);
#31=COLOUR_RGB('Medium Steel',0.596063172350652,0.666666666666667,0.686259250782025);
#32=MANIFOLD_SOLID_BREP('',#33);
#33=CLOSED_SHELL('',(#298,#299,#300,#301,#302,#303,#304,#305,#306,#307,
#308,#309,#310,#311,#312,#313,#314,#315,#316,#317,#318,#319,#320,#321,#322,
#323,#324,#325,#326,#327,#328,#329,#330,#331,#332,#333,#334,#335,#336,#337,
#338,#339,#340,#341,#342,#343,#344,#345,#346,#347,#348,#349,#350,#351,#352,
#353,#354,#355,#356,#357,#358,#359,#360,#361,#362,#363,#364,#365,#366,#367,
#368,#369,#370,#371,#372,#373,#374,#375,#376,#377,#378,#379,#380,#381,#382,
#383,#384,#385,#386,#387,#388,#389,#390,#391,#392,#393,#394,#395,#396,#397,
#398,#399,#400,#401,#402,#403,#404,#405,#406,#407,#408,#409,#410,#411,#412,
#413,#414,#415,#416,#417,#418,#419,#420,#421,#422,#423,#424,#425,#426,#427,
#428,#429,#430,#431,#432,#433,#434,#435,#436,#437,#438,#439,#440,#441,#442,
#443,#444,#445,#446,#447,#448,#449,#450,#451,#452,#453,#454,#455,#456,#457,
#458,#459,#460,#461,#462,#463,#464,#465,#466,#467,#468,#469,#470,#471,#472,
#473,#474,#475,#476,#477,#478,#479,#480,#481,#482,#483,#484,#485,#486,#487,
#488,#489,#490,#491,#492,#493,#494,#495,#496,#497,#498,#499,#500,#501,#502,
#503,#504,#505,#506,#507,#508,#509,#510,#511,#512,#513,#514,#515,#516,#517,
#518,#519,#520,#521,#522,#523,#524,#525,#526,#527,#528,#529,#530,#531,#532,
#533,#534,#535,#536,#537,#538,#539,#540,#541,#542,#543,#544,#545,#546,#547,
#548,#549,#550,#551,#552,#553,#554,#555,#556,#557,#558,#559,#560,#561,#562,
#563,#564,#565,#566,#567,#568,#569,#570,#571,#572,#573,#574,#575,#576,#577,
#578,#579,#580,#581,#582,#583,#584,#585,#586,#587,#588,#589,#590,#591,#592,
#593,#594,#595,#596,#597,#598,#599,#600,#601,#602,#603,#604,#605,#606,#607,
#608,#609,#610,#611,#612,#613,#614,#615,#616,#617,#618,#619,#620,#621,#622,
#623,#624,#625,#626,#627,#628,#629,#630,#631,#632,#633,#634,#635,#636,#637,
#638,#639,#640,#641,#642,#643,#644,#645,#646,#647,#648,#649,#650,#651,#652,
#653,#654,#655,#656,#657,#658,#659,#660,#661,#662,#663,#664,#665,#666,#667,
#668,#669,#670,#671,#672,#673,#674,#675,#676,#677,#678,#679,#680,#681,#682,
#683,#684,#685,#686,#687,#688,#689,#690,#691,#692,#693,#694,#695,#696,#697,
#698,#699,#700,#701,#702,#703,#704,#705,#706,#707,#708,#709,#710,#711,#712,
#713,#714,#715,#716,#717,#718,#719,#720,#721,#722,#723,#724,#725,#726,#727,
#728,#729,#730,#731,#732,#733,#734,#735,#736,#737,#738,#739,#740,#741,#742,
#743,#744,#745,#746,#747,#748,#749,#750,#751,#752,#753,#754,#755,#756,#757,
#758,#759,#760,#761,#762,#763,#764,#765,#766,#767,#768,#769,#770,#771,#772,
#773,#774,#775,#776,#777,#778,#779,#780,#781,#782,#783,#784,#785,#786,#787,
#788,#789,#790,#791,#792,#793,#794,#795,#796,#797,#798,#799,#800,#801,#802,
#803,#804,#805,#806,#807,#808,#809,#810,#811,#812,#813,#814,#815,#816,#817,
#818,#819,#820,#821,#822,#823,#824,#825,#826,#827,#828,#829,#830,#831,#832,
#833,#834,#835,#836,#837,#838,#839,#840,#841,#842,#843,#844,#845,#846,#847,
#848,#849,#850,#851,#852,#853,#854,#855,#856,#857,#858,#859,#860,#861,#862,
#863,#864,#865,#866,#867,#868,#869,#870,#871,#872,#873,#874,#875,#876,#877,
#878,#879,#880,#881,#882,#883,#884,#885,#886,#887,#888,#889,#890,#891,#892,
#893,#894,#895,#896,#897,#898,#899,#900,#901));
#34=CYLINDRICAL_SURFACE('',#12278,0.15);
#35=CYLINDRICAL_SURFACE('',#12280,0.15);
#36=CYLINDRICAL_SURFACE('',#12297,0.15);
#37=CYLINDRICAL_SURFACE('',#12301,0.15);
#38=CYLINDRICAL_SURFACE('',#12316,0.0499999999999998);
#39=CYLINDRICAL_SURFACE('',#12322,0.0999999999999995);
#40=CYLINDRICAL_SURFACE('',#12329,0.125);
#41=CYLINDRICAL_SURFACE('',#12341,0.0499999999999998);
#42=CYLINDRICAL_SURFACE('',#12347,0.0999999999999995);
#43=CYLINDRICAL_SURFACE('',#12352,0.0499999999999998);
#44=CYLINDRICAL_SURFACE('',#12358,0.0999999999999995);
#45=CYLINDRICAL_SURFACE('',#12363,0.0499999999999998);
#46=CYLINDRICAL_SURFACE('',#12369,0.0999999999999995);
#47=CYLINDRICAL_SURFACE('',#12374,0.0499999999999998);
#48=CYLINDRICAL_SURFACE('',#12380,0.0999999999999995);
#49=CYLINDRICAL_SURFACE('',#12385,0.0499999999999998);
#50=CYLINDRICAL_SURFACE('',#12391,0.0999999999999995);
#51=CYLINDRICAL_SURFACE('',#12396,0.0499999999999998);
#52=CYLINDRICAL_SURFACE('',#12402,0.0999999999999995);
#53=CYLINDRICAL_SURFACE('',#12407,0.0499999999999998);
#54=CYLINDRICAL_SURFACE('',#12413,0.0999999999999995);
#55=CYLINDRICAL_SURFACE('',#12418,0.0499999999999998);
#56=CYLINDRICAL_SURFACE('',#12424,0.0999999999999995);
#57=CYLINDRICAL_SURFACE('',#12429,0.0499999999999998);
#58=CYLINDRICAL_SURFACE('',#12435,0.0999999999999995);
#59=CYLINDRICAL_SURFACE('',#12440,0.0499999999999998);
#60=CYLINDRICAL_SURFACE('',#12446,0.0999999999999995);
#61=CYLINDRICAL_SURFACE('',#12451,0.0499999999999998);
#62=CYLINDRICAL_SURFACE('',#12457,0.0999999999999995);
#63=CYLINDRICAL_SURFACE('',#12462,0.0499999999999998);
#64=CYLINDRICAL_SURFACE('',#12468,0.0999999999999995);
#65=CYLINDRICAL_SURFACE('',#12473,0.0499999999999998);
#66=CYLINDRICAL_SURFACE('',#12479,0.0999999999999995);
#67=CYLINDRICAL_SURFACE('',#12484,0.0499999999999998);
#68=CYLINDRICAL_SURFACE('',#12490,0.0999999999999995);
#69=CYLINDRICAL_SURFACE('',#12495,0.0499999999999998);
#70=CYLINDRICAL_SURFACE('',#12501,0.0999999999999995);
#71=CYLINDRICAL_SURFACE('',#12506,0.0499999999999998);
#72=CYLINDRICAL_SURFACE('',#12512,0.0999999999999995);
#73=CYLINDRICAL_SURFACE('',#12517,0.0499999999999998);
#74=CYLINDRICAL_SURFACE('',#12523,0.0999999999999995);
#75=CYLINDRICAL_SURFACE('',#12528,0.0499999999999998);
#76=CYLINDRICAL_SURFACE('',#12534,0.0999999999999995);
#77=CYLINDRICAL_SURFACE('',#12539,0.0499999999999998);
#78=CYLINDRICAL_SURFACE('',#12545,0.0999999999999995);
#79=CYLINDRICAL_SURFACE('',#12550,0.0499999999999998);
#80=CYLINDRICAL_SURFACE('',#12556,0.0999999999999995);
#81=CYLINDRICAL_SURFACE('',#12561,0.0499999999999998);
#82=CYLINDRICAL_SURFACE('',#12567,0.0999999999999995);
#83=CYLINDRICAL_SURFACE('',#12572,0.0499999999999998);
#84=CYLINDRICAL_SURFACE('',#12578,0.0999999999999995);
#85=CYLINDRICAL_SURFACE('',#12583,0.0499999999999998);
#86=CYLINDRICAL_SURFACE('',#12589,0.0999999999999995);
#87=CYLINDRICAL_SURFACE('',#12596,0.125);
#88=CYLINDRICAL_SURFACE('',#12602,0.125);
#89=CYLINDRICAL_SURFACE('',#12608,0.125);
#90=CYLINDRICAL_SURFACE('',#12614,0.125);
#91=CYLINDRICAL_SURFACE('',#12620,0.125);
#92=CYLINDRICAL_SURFACE('',#12626,0.125);
#93=CYLINDRICAL_SURFACE('',#12632,0.125);
#94=CYLINDRICAL_SURFACE('',#12638,0.125);
#95=CYLINDRICAL_SURFACE('',#12644,0.125);
#96=CYLINDRICAL_SURFACE('',#12650,0.125);
#97=CYLINDRICAL_SURFACE('',#12656,0.125);
#98=CYLINDRICAL_SURFACE('',#12662,0.125);
#99=CYLINDRICAL_SURFACE('',#12668,0.125);
#100=CYLINDRICAL_SURFACE('',#12674,0.125);
#101=CYLINDRICAL_SURFACE('',#12680,0.125);
#102=CYLINDRICAL_SURFACE('',#12686,0.125);
#103=CYLINDRICAL_SURFACE('',#12692,0.125);
#104=CYLINDRICAL_SURFACE('',#12698,0.125);
#105=CYLINDRICAL_SURFACE('',#12704,0.125);
#106=CYLINDRICAL_SURFACE('',#12710,0.125);
#107=CYLINDRICAL_SURFACE('',#12716,0.125);
#108=CYLINDRICAL_SURFACE('',#12722,0.125);
#109=CYLINDRICAL_SURFACE('',#12728,0.125);
#110=CIRCLE('',#12273,0.15);
#111=CIRCLE('',#12275,0.15);
#112=CIRCLE('',#12277,0.15);
#113=CIRCLE('',#12279,0.15);
#114=CIRCLE('',#12282,0.15);
#115=CIRCLE('',#12283,0.15);
#116=CIRCLE('',#12296,0.15);
#117=CIRCLE('',#12300,0.15);
#118=CIRCLE('',#12314,0.0499999999999998);
#119=CIRCLE('',#12315,0.0499999999999998);
#120=CIRCLE('',#12318,0.0999999999999995);
#121=CIRCLE('',#12320,0.0999999999999995);
#122=CIRCLE('',#12324,0.125);
#123=CIRCLE('',#12326,0.125);
#124=CIRCLE('',#12339,0.0499999999999998);
#125=CIRCLE('',#12340,0.0499999999999998);
#126=CIRCLE('',#12343,0.0999999999999995);
#127=CIRCLE('',#12345,0.0999999999999995);
#128=CIRCLE('',#12350,0.0499999999999998);
#129=CIRCLE('',#12351,0.0499999999999998);
#130=CIRCLE('',#12354,0.0999999999999995);
#131=CIRCLE('',#12356,0.0999999999999995);
#132=CIRCLE('',#12361,0.0499999999999998);
#133=CIRCLE('',#12362,0.0499999999999998);
#134=CIRCLE('',#12365,0.0999999999999995);
#135=CIRCLE('',#12367,0.0999999999999995);
#136=CIRCLE('',#12372,0.0499999999999998);
#137=CIRCLE('',#12373,0.0499999999999998);
#138=CIRCLE('',#12376,0.0999999999999995);
#139=CIRCLE('',#12378,0.0999999999999995);
#140=CIRCLE('',#12383,0.0499999999999998);
#141=CIRCLE('',#12384,0.0499999999999998);
#142=CIRCLE('',#12387,0.0999999999999995);
#143=CIRCLE('',#12389,0.0999999999999995);
#144=CIRCLE('',#12394,0.0499999999999998);
#145=CIRCLE('',#12395,0.0499999999999998);
#146=CIRCLE('',#12398,0.0999999999999995);
#147=CIRCLE('',#12400,0.0999999999999995);
#148=CIRCLE('',#12405,0.0499999999999998);
#149=CIRCLE('',#12406,0.0499999999999998);
#150=CIRCLE('',#12409,0.0999999999999995);
#151=CIRCLE('',#12411,0.0999999999999995);
#152=CIRCLE('',#12416,0.0499999999999998);
#153=CIRCLE('',#12417,0.0499999999999998);
#154=CIRCLE('',#12420,0.0999999999999995);
#155=CIRCLE('',#12422,0.0999999999999995);
#156=CIRCLE('',#12427,0.0499999999999998);
#157=CIRCLE('',#12428,0.0499999999999998);
#158=CIRCLE('',#12431,0.0999999999999995);
#159=CIRCLE('',#12433,0.0999999999999995);
#160=CIRCLE('',#12438,0.0499999999999998);
#161=CIRCLE('',#12439,0.0499999999999998);
#162=CIRCLE('',#12442,0.0999999999999995);
#163=CIRCLE('',#12444,0.0999999999999995);
#164=CIRCLE('',#12449,0.0499999999999998);
#165=CIRCLE('',#12450,0.0499999999999998);
#166=CIRCLE('',#12453,0.0999999999999995);
#167=CIRCLE('',#12455,0.0999999999999995);
#168=CIRCLE('',#12460,0.0499999999999998);
#169=CIRCLE('',#12461,0.0499999999999998);
#170=CIRCLE('',#12464,0.0999999999999995);
#171=CIRCLE('',#12466,0.0999999999999995);
#172=CIRCLE('',#12471,0.0499999999999998);
#173=CIRCLE('',#12472,0.0499999999999998);
#174=CIRCLE('',#12475,0.0999999999999995);
#175=CIRCLE('',#12477,0.0999999999999995);
#176=CIRCLE('',#12482,0.0499999999999998);
#177=CIRCLE('',#12483,0.0499999999999998);
#178=CIRCLE('',#12486,0.0999999999999995);
#179=CIRCLE('',#12488,0.0999999999999995);
#180=CIRCLE('',#12493,0.0499999999999998);
#181=CIRCLE('',#12494,0.0499999999999998);
#182=CIRCLE('',#12497,0.0999999999999995);
#183=CIRCLE('',#12499,0.0999999999999995);
#184=CIRCLE('',#12504,0.0499999999999998);
#185=CIRCLE('',#12505,0.0499999999999998);
#186=CIRCLE('',#12508,0.0999999999999995);
#187=CIRCLE('',#12510,0.0999999999999995);
#188=CIRCLE('',#12515,0.0499999999999998);
#189=CIRCLE('',#12516,0.0499999999999998);
#190=CIRCLE('',#12519,0.0999999999999995);
#191=CIRCLE('',#12521,0.0999999999999995);
#192=CIRCLE('',#12526,0.0499999999999998);
#193=CIRCLE('',#12527,0.0499999999999998);
#194=CIRCLE('',#12530,0.0999999999999995);
#195=CIRCLE('',#12532,0.0999999999999995);
#196=CIRCLE('',#12537,0.0499999999999998);
#197=CIRCLE('',#12538,0.0499999999999998);
#198=CIRCLE('',#12541,0.0999999999999995);
#199=CIRCLE('',#12543,0.0999999999999995);
#200=CIRCLE('',#12548,0.0499999999999998);
#201=CIRCLE('',#12549,0.0499999999999998);
#202=CIRCLE('',#12552,0.0999999999999995);
#203=CIRCLE('',#12554,0.0999999999999995);
#204=CIRCLE('',#12559,0.0499999999999998);
#205=CIRCLE('',#12560,0.0499999999999998);
#206=CIRCLE('',#12563,0.0999999999999995);
#207=CIRCLE('',#12565,0.0999999999999995);
#208=CIRCLE('',#12570,0.0499999999999998);
#209=CIRCLE('',#12571,0.0499999999999998);
#210=CIRCLE('',#12574,0.0999999999999995);
#211=CIRCLE('',#12576,0.0999999999999995);
#212=CIRCLE('',#12581,0.0499999999999998);
#213=CIRCLE('',#12582,0.0499999999999998);
#214=CIRCLE('',#12585,0.0999999999999995);
#215=CIRCLE('',#12587,0.0999999999999995);
#216=CIRCLE('',#12591,0.125);
#217=CIRCLE('',#12593,0.125);
#218=CIRCLE('',#12597,0.125);
#219=CIRCLE('',#12599,0.125);
#220=CIRCLE('',#12603,0.125);
#221=CIRCLE('',#12605,0.125);
#222=CIRCLE('',#12609,0.125);
#223=CIRCLE('',#12611,0.125);
#224=CIRCLE('',#12615,0.125);
#225=CIRCLE('',#12617,0.125);
#226=CIRCLE('',#12621,0.125);
#227=CIRCLE('',#12623,0.125);
#228=CIRCLE('',#12627,0.125);
#229=CIRCLE('',#12629,0.125);
#230=CIRCLE('',#12633,0.125);
#231=CIRCLE('',#12635,0.125);
#232=CIRCLE('',#12639,0.125);
#233=CIRCLE('',#12641,0.125);
#234=CIRCLE('',#12645,0.125);
#235=CIRCLE('',#12647,0.125);
#236=CIRCLE('',#12651,0.125);
#237=CIRCLE('',#12653,0.125);
#238=CIRCLE('',#12657,0.125);
#239=CIRCLE('',#12659,0.125);
#240=CIRCLE('',#12663,0.125);
#241=CIRCLE('',#12665,0.125);
#242=CIRCLE('',#12669,0.125);
#243=CIRCLE('',#12671,0.125);
#244=CIRCLE('',#12675,0.125);
#245=CIRCLE('',#12677,0.125);
#246=CIRCLE('',#12681,0.125);
#247=CIRCLE('',#12683,0.125);
#248=CIRCLE('',#12687,0.125);
#249=CIRCLE('',#12689,0.125);
#250=CIRCLE('',#12693,0.125);
#251=CIRCLE('',#12695,0.125);
#252=CIRCLE('',#12699,0.125);
#253=CIRCLE('',#12701,0.125);
#254=CIRCLE('',#12705,0.125);
#255=CIRCLE('',#12707,0.125);
#256=CIRCLE('',#12711,0.125);
#257=CIRCLE('',#12713,0.125);
#258=CIRCLE('',#12717,0.125);
#259=CIRCLE('',#12719,0.125);
#260=CIRCLE('',#12723,0.125);
#261=CIRCLE('',#12725,0.125);
#262=FACE_BOUND('',#2031,.T.);
#263=FACE_BOUND('',#2032,.T.);
#264=FACE_BOUND('',#2058,.T.);
#265=FACE_BOUND('',#2059,.T.);
#266=FACE_BOUND('',#2060,.T.);
#267=FACE_BOUND('',#2067,.T.);
#268=FACE_BOUND('',#2068,.T.);
#269=FACE_BOUND('',#2069,.T.);
#270=FACE_BOUND('',#2070,.T.);
#271=FACE_BOUND('',#2071,.T.);
#272=FACE_BOUND('',#2072,.T.);
#273=FACE_BOUND('',#2073,.T.);
#274=FACE_BOUND('',#2074,.T.);
#275=FACE_BOUND('',#2075,.T.);
#276=FACE_BOUND('',#2076,.T.);
#277=FACE_BOUND('',#2077,.T.);
#278=FACE_BOUND('',#2078,.T.);
#279=FACE_BOUND('',#2079,.T.);
#280=FACE_BOUND('',#2080,.T.);
#281=FACE_BOUND('',#2081,.T.);
#282=FACE_BOUND('',#2082,.T.);
#283=FACE_BOUND('',#2083,.T.);
#284=FACE_BOUND('',#2084,.T.);
#285=FACE_BOUND('',#2085,.T.);
#286=FACE_BOUND('',#2086,.T.);
#287=FACE_BOUND('',#2087,.T.);
#288=FACE_BOUND('',#2088,.T.);
#289=FACE_BOUND('',#2089,.T.);
#290=FACE_BOUND('',#2090,.T.);
#291=FACE_BOUND('',#2091,.T.);
#292=FACE_BOUND('',#2602,.T.);
#293=FACE_BOUND('',#2603,.T.);
#294=FACE_BOUND('',#2606,.T.);
#295=FACE_BOUND('',#2607,.T.);
#296=FACE_BOUND('',#2612,.T.);
#297=FACE_BOUND('',#2613,.T.);
#298=ADVANCED_FACE('',(#1430),#902,.T.);
#299=ADVANCED_FACE('',(#1431),#903,.T.);
#300=ADVANCED_FACE('',(#1432),#904,.T.);
#301=ADVANCED_FACE('',(#262,#263),#905,.T.);
#302=ADVANCED_FACE('',(#1433),#906,.T.);
#303=ADVANCED_FACE('',(#1434),#907,.T.);
#304=ADVANCED_FACE('',(#1435),#908,.T.);
#305=ADVANCED_FACE('',(#1436),#909,.F.);
#306=ADVANCED_FACE('',(#1437),#910,.F.);
#307=ADVANCED_FACE('',(#1438),#911,.F.);
#308=ADVANCED_FACE('',(#1439),#912,.F.);
#309=ADVANCED_FACE('',(#1440),#913,.F.);
#310=ADVANCED_FACE('',(#1441),#914,.T.);
#311=ADVANCED_FACE('',(#1442),#915,.T.);
#312=ADVANCED_FACE('',(#1443),#916,.T.);
#313=ADVANCED_FACE('',(#1444),#917,.F.);
#314=ADVANCED_FACE('',(#1445),#918,.F.);
#315=ADVANCED_FACE('',(#1446),#919,.F.);
#316=ADVANCED_FACE('',(#1447),#920,.F.);
#317=ADVANCED_FACE('',(#1448),#921,.F.);
#318=ADVANCED_FACE('',(#1449),#922,.F.);
#319=ADVANCED_FACE('',(#1450),#923,.T.);
#320=ADVANCED_FACE('',(#1451),#924,.F.);
#321=ADVANCED_FACE('',(#1452),#925,.T.);
#322=ADVANCED_FACE('',(#1453),#926,.F.);
#323=ADVANCED_FACE('',(#1454),#927,.F.);
#324=ADVANCED_FACE('',(#1455),#34,.F.);
#325=ADVANCED_FACE('',(#1456),#35,.F.);
#326=ADVANCED_FACE('',(#1457),#928,.T.);
#327=ADVANCED_FACE('',(#264,#265,#266),#929,.T.);
#328=ADVANCED_FACE('',(#1458),#930,.F.);
#329=ADVANCED_FACE('',(#1459),#931,.T.);
#330=ADVANCED_FACE('',(#1460),#932,.F.);
#331=ADVANCED_FACE('',(#1461),#933,.T.);
#332=ADVANCED_FACE('',(#1462),#934,.T.);
#333=ADVANCED_FACE('',(#1463),#935,.T.);
#334=ADVANCED_FACE('',(#267,#268,#269,#270,#271,#272,#273,#274,#275,#276,
#277,#278,#279,#280,#281,#282,#283,#284,#285,#286,#287,#288,#289,#290,#291),
#936,.T.);
#335=ADVANCED_FACE('',(#1464),#937,.F.);
#336=ADVANCED_FACE('',(#1465),#938,.T.);
#337=ADVANCED_FACE('',(#1466),#939,.T.);
#338=ADVANCED_FACE('',(#1467),#940,.T.);
#339=ADVANCED_FACE('',(#1468),#36,.F.);
#340=ADVANCED_FACE('',(#1469),#941,.T.);
#341=ADVANCED_FACE('',(#1470),#942,.T.);
#342=ADVANCED_FACE('',(#1471),#37,.F.);
#343=ADVANCED_FACE('',(#1472),#943,.F.);
#344=ADVANCED_FACE('',(#1473),#944,.F.);
#345=ADVANCED_FACE('',(#1474),#945,.F.);
#346=ADVANCED_FACE('',(#1475),#946,.F.);
#347=ADVANCED_FACE('',(#1476),#947,.F.);
#348=ADVANCED_FACE('',(#1477),#948,.F.);
#349=ADVANCED_FACE('',(#1478),#949,.T.);
#350=ADVANCED_FACE('',(#1479),#950,.F.);
#351=ADVANCED_FACE('',(#1480),#951,.T.);
#352=ADVANCED_FACE('',(#1481),#952,.F.);
#353=ADVANCED_FACE('',(#1482),#953,.T.);
#354=ADVANCED_FACE('',(#1483),#954,.F.);
#355=ADVANCED_FACE('',(#1484),#38,.T.);
#356=ADVANCED_FACE('',(#1485),#955,.F.);
#357=ADVANCED_FACE('',(#1486),#956,.T.);
#358=ADVANCED_FACE('',(#1487),#957,.F.);
#359=ADVANCED_FACE('',(#1488),#39,.T.);
#360=ADVANCED_FACE('',(#1489),#958,.F.);
#361=ADVANCED_FACE('',(#1490),#959,.T.);
#362=ADVANCED_FACE('',(#1491),#960,.F.);
#363=ADVANCED_FACE('',(#1492),#961,.F.);
#364=ADVANCED_FACE('',(#1493),#40,.T.);
#365=ADVANCED_FACE('',(#1494),#962,.F.);
#366=ADVANCED_FACE('',(#1495),#963,.T.);
#367=ADVANCED_FACE('',(#1496),#964,.F.);
#368=ADVANCED_FACE('',(#1497),#965,.F.);
#369=ADVANCED_FACE('',(#1498),#966,.F.);
#370=ADVANCED_FACE('',(#1499),#967,.F.);
#371=ADVANCED_FACE('',(#1500),#968,.F.);
#372=ADVANCED_FACE('',(#1501),#969,.F.);
#373=ADVANCED_FACE('',(#1502),#970,.F.);
#374=ADVANCED_FACE('',(#1503),#41,.T.);
#375=ADVANCED_FACE('',(#1504),#971,.F.);
#376=ADVANCED_FACE('',(#1505),#972,.T.);
#377=ADVANCED_FACE('',(#1506),#973,.F.);
#378=ADVANCED_FACE('',(#1507),#42,.T.);
#379=ADVANCED_FACE('',(#1508),#974,.F.);
#380=ADVANCED_FACE('',(#1509),#975,.F.);
#381=ADVANCED_FACE('',(#1510),#43,.T.);
#382=ADVANCED_FACE('',(#1511),#976,.F.);
#383=ADVANCED_FACE('',(#1512),#977,.T.);
#384=ADVANCED_FACE('',(#1513),#978,.F.);
#385=ADVANCED_FACE('',(#1514),#44,.T.);
#386=ADVANCED_FACE('',(#1515),#979,.F.);
#387=ADVANCED_FACE('',(#1516),#980,.F.);
#388=ADVANCED_FACE('',(#1517),#45,.T.);
#389=ADVANCED_FACE('',(#1518),#981,.F.);
#390=ADVANCED_FACE('',(#1519),#982,.T.);
#391=ADVANCED_FACE('',(#1520),#983,.F.);
#392=ADVANCED_FACE('',(#1521),#46,.T.);
#393=ADVANCED_FACE('',(#1522),#984,.F.);
#394=ADVANCED_FACE('',(#1523),#985,.F.);
#395=ADVANCED_FACE('',(#1524),#47,.T.);
#396=ADVANCED_FACE('',(#1525),#986,.F.);
#397=ADVANCED_FACE('',(#1526),#987,.T.);
#398=ADVANCED_FACE('',(#1527),#988,.F.);
#399=ADVANCED_FACE('',(#1528),#48,.T.);
#400=ADVANCED_FACE('',(#1529),#989,.F.);
#401=ADVANCED_FACE('',(#1530),#990,.F.);
#402=ADVANCED_FACE('',(#1531),#49,.T.);
#403=ADVANCED_FACE('',(#1532),#991,.F.);
#404=ADVANCED_FACE('',(#1533),#992,.T.);
#405=ADVANCED_FACE('',(#1534),#993,.F.);
#406=ADVANCED_FACE('',(#1535),#50,.T.);
#407=ADVANCED_FACE('',(#1536),#994,.F.);
#408=ADVANCED_FACE('',(#1537),#995,.F.);
#409=ADVANCED_FACE('',(#1538),#51,.T.);
#410=ADVANCED_FACE('',(#1539),#996,.F.);
#411=ADVANCED_FACE('',(#1540),#997,.T.);
#412=ADVANCED_FACE('',(#1541),#998,.F.);
#413=ADVANCED_FACE('',(#1542),#52,.T.);
#414=ADVANCED_FACE('',(#1543),#999,.F.);
#415=ADVANCED_FACE('',(#1544),#1000,.F.);
#416=ADVANCED_FACE('',(#1545),#53,.T.);
#417=ADVANCED_FACE('',(#1546),#1001,.F.);
#418=ADVANCED_FACE('',(#1547),#1002,.T.);
#419=ADVANCED_FACE('',(#1548),#1003,.F.);
#420=ADVANCED_FACE('',(#1549),#54,.T.);
#421=ADVANCED_FACE('',(#1550),#1004,.F.);
#422=ADVANCED_FACE('',(#1551),#1005,.F.);
#423=ADVANCED_FACE('',(#1552),#55,.T.);
#424=ADVANCED_FACE('',(#1553),#1006,.F.);
#425=ADVANCED_FACE('',(#1554),#1007,.T.);
#426=ADVANCED_FACE('',(#1555),#1008,.F.);
#427=ADVANCED_FACE('',(#1556),#56,.T.);
#428=ADVANCED_FACE('',(#1557),#1009,.F.);
#429=ADVANCED_FACE('',(#1558),#1010,.F.);
#430=ADVANCED_FACE('',(#1559),#57,.T.);
#431=ADVANCED_FACE('',(#1560),#1011,.F.);
#432=ADVANCED_FACE('',(#1561),#1012,.T.);
#433=ADVANCED_FACE('',(#1562),#1013,.F.);
#434=ADVANCED_FACE('',(#1563),#58,.T.);
#435=ADVANCED_FACE('',(#1564),#1014,.F.);
#436=ADVANCED_FACE('',(#1565),#1015,.F.);
#437=ADVANCED_FACE('',(#1566),#59,.T.);
#438=ADVANCED_FACE('',(#1567),#1016,.F.);
#439=ADVANCED_FACE('',(#1568),#1017,.T.);
#440=ADVANCED_FACE('',(#1569),#1018,.F.);
#441=ADVANCED_FACE('',(#1570),#60,.T.);
#442=ADVANCED_FACE('',(#1571),#1019,.F.);
#443=ADVANCED_FACE('',(#1572),#1020,.F.);
#444=ADVANCED_FACE('',(#1573),#61,.T.);
#445=ADVANCED_FACE('',(#1574),#1021,.F.);
#446=ADVANCED_FACE('',(#1575),#1022,.T.);
#447=ADVANCED_FACE('',(#1576),#1023,.F.);
#448=ADVANCED_FACE('',(#1577),#62,.T.);
#449=ADVANCED_FACE('',(#1578),#1024,.F.);
#450=ADVANCED_FACE('',(#1579),#1025,.F.);
#451=ADVANCED_FACE('',(#1580),#63,.T.);
#452=ADVANCED_FACE('',(#1581),#1026,.F.);
#453=ADVANCED_FACE('',(#1582),#1027,.T.);
#454=ADVANCED_FACE('',(#1583),#1028,.F.);
#455=ADVANCED_FACE('',(#1584),#64,.T.);
#456=ADVANCED_FACE('',(#1585),#1029,.F.);
#457=ADVANCED_FACE('',(#1586),#1030,.F.);
#458=ADVANCED_FACE('',(#1587),#65,.T.);
#459=ADVANCED_FACE('',(#1588),#1031,.F.);
#460=ADVANCED_FACE('',(#1589),#1032,.T.);
#461=ADVANCED_FACE('',(#1590),#1033,.F.);
#462=ADVANCED_FACE('',(#1591),#66,.T.);
#463=ADVANCED_FACE('',(#1592),#1034,.F.);
#464=ADVANCED_FACE('',(#1593),#1035,.F.);
#465=ADVANCED_FACE('',(#1594),#67,.T.);
#466=ADVANCED_FACE('',(#1595),#1036,.F.);
#467=ADVANCED_FACE('',(#1596),#1037,.T.);
#468=ADVANCED_FACE('',(#1597),#1038,.F.);
#469=ADVANCED_FACE('',(#1598),#68,.T.);
#470=ADVANCED_FACE('',(#1599),#1039,.F.);
#471=ADVANCED_FACE('',(#1600),#1040,.F.);
#472=ADVANCED_FACE('',(#1601),#69,.T.);
#473=ADVANCED_FACE('',(#1602),#1041,.F.);
#474=ADVANCED_FACE('',(#1603),#1042,.T.);
#475=ADVANCED_FACE('',(#1604),#1043,.F.);
#476=ADVANCED_FACE('',(#1605),#70,.T.);
#477=ADVANCED_FACE('',(#1606),#1044,.F.);
#478=ADVANCED_FACE('',(#1607),#1045,.F.);
#479=ADVANCED_FACE('',(#1608),#71,.T.);
#480=ADVANCED_FACE('',(#1609),#1046,.F.);
#481=ADVANCED_FACE('',(#1610),#1047,.T.);
#482=ADVANCED_FACE('',(#1611),#1048,.F.);
#483=ADVANCED_FACE('',(#1612),#72,.T.);
#484=ADVANCED_FACE('',(#1613),#1049,.F.);
#485=ADVANCED_FACE('',(#1614),#1050,.F.);
#486=ADVANCED_FACE('',(#1615),#73,.T.);
#487=ADVANCED_FACE('',(#1616),#1051,.F.);
#488=ADVANCED_FACE('',(#1617),#1052,.T.);
#489=ADVANCED_FACE('',(#1618),#1053,.F.);
#490=ADVANCED_FACE('',(#1619),#74,.T.);
#491=ADVANCED_FACE('',(#1620),#1054,.F.);
#492=ADVANCED_FACE('',(#1621),#1055,.F.);
#493=ADVANCED_FACE('',(#1622),#75,.T.);
#494=ADVANCED_FACE('',(#1623),#1056,.F.);
#495=ADVANCED_FACE('',(#1624),#1057,.T.);
#496=ADVANCED_FACE('',(#1625),#1058,.F.);
#497=ADVANCED_FACE('',(#1626),#76,.T.);
#498=ADVANCED_FACE('',(#1627),#1059,.F.);
#499=ADVANCED_FACE('',(#1628),#1060,.F.);
#500=ADVANCED_FACE('',(#1629),#77,.T.);
#501=ADVANCED_FACE('',(#1630),#1061,.F.);
#502=ADVANCED_FACE('',(#1631),#1062,.T.);
#503=ADVANCED_FACE('',(#1632),#1063,.F.);
#504=ADVANCED_FACE('',(#1633),#78,.T.);
#505=ADVANCED_FACE('',(#1634),#1064,.F.);
#506=ADVANCED_FACE('',(#1635),#1065,.F.);
#507=ADVANCED_FACE('',(#1636),#79,.T.);
#508=ADVANCED_FACE('',(#1637),#1066,.F.);
#509=ADVANCED_FACE('',(#1638),#1067,.T.);
#510=ADVANCED_FACE('',(#1639),#1068,.F.);
#511=ADVANCED_FACE('',(#1640),#80,.T.);
#512=ADVANCED_FACE('',(#1641),#1069,.F.);
#513=ADVANCED_FACE('',(#1642),#1070,.F.);
#514=ADVANCED_FACE('',(#1643),#81,.T.);
#515=ADVANCED_FACE('',(#1644),#1071,.F.);
#516=ADVANCED_FACE('',(#1645),#1072,.T.);
#517=ADVANCED_FACE('',(#1646),#1073,.F.);
#518=ADVANCED_FACE('',(#1647),#82,.T.);
#519=ADVANCED_FACE('',(#1648),#1074,.F.);
#520=ADVANCED_FACE('',(#1649),#1075,.F.);
#521=ADVANCED_FACE('',(#1650),#83,.T.);
#522=ADVANCED_FACE('',(#1651),#1076,.F.);
#523=ADVANCED_FACE('',(#1652),#1077,.T.);
#524=ADVANCED_FACE('',(#1653),#1078,.F.);
#525=ADVANCED_FACE('',(#1654),#84,.T.);
#526=ADVANCED_FACE('',(#1655),#1079,.F.);
#527=ADVANCED_FACE('',(#1656),#1080,.F.);
#528=ADVANCED_FACE('',(#1657),#85,.T.);
#529=ADVANCED_FACE('',(#1658),#1081,.F.);
#530=ADVANCED_FACE('',(#1659),#1082,.T.);
#531=ADVANCED_FACE('',(#1660),#1083,.F.);
#532=ADVANCED_FACE('',(#1661),#86,.T.);
#533=ADVANCED_FACE('',(#1662),#1084,.F.);
#534=ADVANCED_FACE('',(#1663),#1085,.T.);
#535=ADVANCED_FACE('',(#1664),#1086,.F.);
#536=ADVANCED_FACE('',(#1665),#1087,.F.);
#537=ADVANCED_FACE('',(#1666),#87,.T.);
#538=ADVANCED_FACE('',(#1667),#1088,.T.);
#539=ADVANCED_FACE('',(#1668),#1089,.F.);
#540=ADVANCED_FACE('',(#1669),#1090,.F.);
#541=ADVANCED_FACE('',(#1670),#88,.T.);
#542=ADVANCED_FACE('',(#1671),#1091,.T.);
#543=ADVANCED_FACE('',(#1672),#1092,.F.);
#544=ADVANCED_FACE('',(#1673),#1093,.F.);
#545=ADVANCED_FACE('',(#1674),#89,.T.);
#546=ADVANCED_FACE('',(#1675),#1094,.T.);
#547=ADVANCED_FACE('',(#1676),#1095,.F.);
#548=ADVANCED_FACE('',(#1677),#1096,.F.);
#549=ADVANCED_FACE('',(#1678),#90,.T.);
#550=ADVANCED_FACE('',(#1679),#1097,.T.);
#551=ADVANCED_FACE('',(#1680),#1098,.F.);
#552=ADVANCED_FACE('',(#1681),#1099,.F.);
#553=ADVANCED_FACE('',(#1682),#91,.T.);
#554=ADVANCED_FACE('',(#1683),#1100,.T.);
#555=ADVANCED_FACE('',(#1684),#1101,.F.);
#556=ADVANCED_FACE('',(#1685),#1102,.F.);
#557=ADVANCED_FACE('',(#1686),#92,.T.);
#558=ADVANCED_FACE('',(#1687),#1103,.T.);
#559=ADVANCED_FACE('',(#1688),#1104,.F.);
#560=ADVANCED_FACE('',(#1689),#1105,.F.);
#561=ADVANCED_FACE('',(#1690),#93,.T.);
#562=ADVANCED_FACE('',(#1691),#1106,.T.);
#563=ADVANCED_FACE('',(#1692),#1107,.F.);
#564=ADVANCED_FACE('',(#1693),#1108,.F.);
#565=ADVANCED_FACE('',(#1694),#94,.T.);
#566=ADVANCED_FACE('',(#1695),#1109,.T.);
#567=ADVANCED_FACE('',(#1696),#1110,.F.);
#568=ADVANCED_FACE('',(#1697),#1111,.F.);
#569=ADVANCED_FACE('',(#1698),#95,.T.);
#570=ADVANCED_FACE('',(#1699),#1112,.T.);
#571=ADVANCED_FACE('',(#1700),#1113,.F.);
#572=ADVANCED_FACE('',(#1701),#1114,.F.);
#573=ADVANCED_FACE('',(#1702),#96,.T.);
#574=ADVANCED_FACE('',(#1703),#1115,.T.);
#575=ADVANCED_FACE('',(#1704),#1116,.F.);
#576=ADVANCED_FACE('',(#1705),#1117,.F.);
#577=ADVANCED_FACE('',(#1706),#97,.T.);
#578=ADVANCED_FACE('',(#1707),#1118,.T.);
#579=ADVANCED_FACE('',(#1708),#1119,.F.);
#580=ADVANCED_FACE('',(#1709),#1120,.F.);
#581=ADVANCED_FACE('',(#1710),#98,.T.);
#582=ADVANCED_FACE('',(#1711),#1121,.T.);
#583=ADVANCED_FACE('',(#1712),#1122,.F.);
#584=ADVANCED_FACE('',(#1713),#1123,.F.);
#585=ADVANCED_FACE('',(#1714),#99,.T.);
#586=ADVANCED_FACE('',(#1715),#1124,.T.);
#587=ADVANCED_FACE('',(#1716),#1125,.F.);
#588=ADVANCED_FACE('',(#1717),#1126,.F.);
#589=ADVANCED_FACE('',(#1718),#100,.T.);
#590=ADVANCED_FACE('',(#1719),#1127,.T.);
#591=ADVANCED_FACE('',(#1720),#1128,.F.);
#592=ADVANCED_FACE('',(#1721),#1129,.F.);
#593=ADVANCED_FACE('',(#1722),#101,.T.);
#594=ADVANCED_FACE('',(#1723),#1130,.T.);
#595=ADVANCED_FACE('',(#1724),#1131,.F.);
#596=ADVANCED_FACE('',(#1725),#1132,.F.);
#597=ADVANCED_FACE('',(#1726),#102,.T.);
#598=ADVANCED_FACE('',(#1727),#1133,.T.);
#599=ADVANCED_FACE('',(#1728),#1134,.F.);
#600=ADVANCED_FACE('',(#1729),#1135,.F.);
#601=ADVANCED_FACE('',(#1730),#103,.T.);
#602=ADVANCED_FACE('',(#1731),#1136,.T.);
#603=ADVANCED_FACE('',(#1732),#1137,.F.);
#604=ADVANCED_FACE('',(#1733),#1138,.F.);
#605=ADVANCED_FACE('',(#1734),#104,.T.);
#606=ADVANCED_FACE('',(#1735),#1139,.T.);
#607=ADVANCED_FACE('',(#1736),#1140,.F.);
#608=ADVANCED_FACE('',(#1737),#1141,.F.);
#609=ADVANCED_FACE('',(#1738),#105,.T.);
#610=ADVANCED_FACE('',(#1739),#1142,.T.);
#611=ADVANCED_FACE('',(#1740),#1143,.F.);
#612=ADVANCED_FACE('',(#1741),#1144,.F.);
#613=ADVANCED_FACE('',(#1742),#106,.T.);
#614=ADVANCED_FACE('',(#1743),#1145,.T.);
#615=ADVANCED_FACE('',(#1744),#1146,.F.);
#616=ADVANCED_FACE('',(#1745),#1147,.F.);
#617=ADVANCED_FACE('',(#1746),#107,.T.);
#618=ADVANCED_FACE('',(#1747),#1148,.T.);
#619=ADVANCED_FACE('',(#1748),#1149,.F.);
#620=ADVANCED_FACE('',(#1749),#1150,.F.);
#621=ADVANCED_FACE('',(#1750),#108,.T.);
#622=ADVANCED_FACE('',(#1751),#1151,.T.);
#623=ADVANCED_FACE('',(#1752),#1152,.F.);
#624=ADVANCED_FACE('',(#1753),#1153,.F.);
#625=ADVANCED_FACE('',(#1754),#109,.T.);
#626=ADVANCED_FACE('',(#1755),#1154,.F.);
#627=ADVANCED_FACE('',(#1756),#1155,.T.);
#628=ADVANCED_FACE('',(#1757),#1156,.F.);
#629=ADVANCED_FACE('',(#1758),#1157,.F.);
#630=ADVANCED_FACE('',(#1759),#1158,.F.);
#631=ADVANCED_FACE('',(#1760),#1159,.F.);
#632=ADVANCED_FACE('',(#1761),#1160,.F.);
#633=ADVANCED_FACE('',(#1762),#1161,.F.);
#634=ADVANCED_FACE('',(#1763),#1162,.F.);
#635=ADVANCED_FACE('',(#1764),#1163,.T.);
#636=ADVANCED_FACE('',(#1765),#1164,.F.);
#637=ADVANCED_FACE('',(#1766),#1165,.F.);
#638=ADVANCED_FACE('',(#1767),#1166,.F.);
#639=ADVANCED_FACE('',(#1768),#1167,.F.);
#640=ADVANCED_FACE('',(#1769),#1168,.F.);
#641=ADVANCED_FACE('',(#1770),#1169,.F.);
#642=ADVANCED_FACE('',(#1771),#1170,.F.);
#643=ADVANCED_FACE('',(#1772),#1171,.T.);
#644=ADVANCED_FACE('',(#1773),#1172,.F.);
#645=ADVANCED_FACE('',(#1774),#1173,.F.);
#646=ADVANCED_FACE('',(#1775),#1174,.F.);
#647=ADVANCED_FACE('',(#1776),#1175,.F.);
#648=ADVANCED_FACE('',(#1777),#1176,.F.);
#649=ADVANCED_FACE('',(#1778),#1177,.F.);
#650=ADVANCED_FACE('',(#1779),#1178,.F.);
#651=ADVANCED_FACE('',(#1780),#1179,.T.);
#652=ADVANCED_FACE('',(#1781),#1180,.F.);
#653=ADVANCED_FACE('',(#1782),#1181,.F.);
#654=ADVANCED_FACE('',(#1783),#1182,.F.);
#655=ADVANCED_FACE('',(#1784),#1183,.F.);
#656=ADVANCED_FACE('',(#1785),#1184,.F.);
#657=ADVANCED_FACE('',(#1786),#1185,.F.);
#658=ADVANCED_FACE('',(#1787),#1186,.F.);
#659=ADVANCED_FACE('',(#1788),#1187,.T.);
#660=ADVANCED_FACE('',(#1789),#1188,.F.);
#661=ADVANCED_FACE('',(#1790),#1189,.F.);
#662=ADVANCED_FACE('',(#1791),#1190,.F.);
#663=ADVANCED_FACE('',(#1792),#1191,.F.);
#664=ADVANCED_FACE('',(#1793),#1192,.F.);
#665=ADVANCED_FACE('',(#1794),#1193,.F.);
#666=ADVANCED_FACE('',(#1795),#1194,.F.);
#667=ADVANCED_FACE('',(#1796),#1195,.T.);
#668=ADVANCED_FACE('',(#1797),#1196,.F.);
#669=ADVANCED_FACE('',(#1798),#1197,.F.);
#670=ADVANCED_FACE('',(#1799),#1198,.F.);
#671=ADVANCED_FACE('',(#1800),#1199,.F.);
#672=ADVANCED_FACE('',(#1801),#1200,.F.);
#673=ADVANCED_FACE('',(#1802),#1201,.F.);
#674=ADVANCED_FACE('',(#1803),#1202,.F.);
#675=ADVANCED_FACE('',(#1804),#1203,.T.);
#676=ADVANCED_FACE('',(#1805),#1204,.F.);
#677=ADVANCED_FACE('',(#1806),#1205,.F.);
#678=ADVANCED_FACE('',(#1807),#1206,.F.);
#679=ADVANCED_FACE('',(#1808),#1207,.F.);
#680=ADVANCED_FACE('',(#1809),#1208,.F.);
#681=ADVANCED_FACE('',(#1810),#1209,.F.);
#682=ADVANCED_FACE('',(#1811),#1210,.F.);
#683=ADVANCED_FACE('',(#1812),#1211,.T.);
#684=ADVANCED_FACE('',(#1813),#1212,.F.);
#685=ADVANCED_FACE('',(#1814),#1213,.F.);
#686=ADVANCED_FACE('',(#1815),#1214,.F.);
#687=ADVANCED_FACE('',(#1816),#1215,.F.);
#688=ADVANCED_FACE('',(#1817),#1216,.F.);
#689=ADVANCED_FACE('',(#1818),#1217,.F.);
#690=ADVANCED_FACE('',(#1819),#1218,.F.);
#691=ADVANCED_FACE('',(#1820),#1219,.T.);
#692=ADVANCED_FACE('',(#1821),#1220,.F.);
#693=ADVANCED_FACE('',(#1822),#1221,.F.);
#694=ADVANCED_FACE('',(#1823),#1222,.F.);
#695=ADVANCED_FACE('',(#1824),#1223,.F.);
#696=ADVANCED_FACE('',(#1825),#1224,.F.);
#697=ADVANCED_FACE('',(#1826),#1225,.F.);
#698=ADVANCED_FACE('',(#1827),#1226,.F.);
#699=ADVANCED_FACE('',(#1828),#1227,.T.);
#700=ADVANCED_FACE('',(#1829),#1228,.F.);
#701=ADVANCED_FACE('',(#1830),#1229,.F.);
#702=ADVANCED_FACE('',(#1831),#1230,.F.);
#703=ADVANCED_FACE('',(#1832),#1231,.F.);
#704=ADVANCED_FACE('',(#1833),#1232,.F.);
#705=ADVANCED_FACE('',(#1834),#1233,.F.);
#706=ADVANCED_FACE('',(#1835),#1234,.F.);
#707=ADVANCED_FACE('',(#1836),#1235,.T.);
#708=ADVANCED_FACE('',(#1837),#1236,.F.);
#709=ADVANCED_FACE('',(#1838),#1237,.F.);
#710=ADVANCED_FACE('',(#1839),#1238,.F.);
#711=ADVANCED_FACE('',(#1840),#1239,.F.);
#712=ADVANCED_FACE('',(#1841),#1240,.F.);
#713=ADVANCED_FACE('',(#1842),#1241,.F.);
#714=ADVANCED_FACE('',(#1843),#1242,.F.);
#715=ADVANCED_FACE('',(#1844),#1243,.T.);
#716=ADVANCED_FACE('',(#1845),#1244,.F.);
#717=ADVANCED_FACE('',(#1846),#1245,.F.);
#718=ADVANCED_FACE('',(#1847),#1246,.F.);
#719=ADVANCED_FACE('',(#1848),#1247,.F.);
#720=ADVANCED_FACE('',(#1849),#1248,.F.);
#721=ADVANCED_FACE('',(#1850),#1249,.F.);
#722=ADVANCED_FACE('',(#1851),#1250,.F.);
#723=ADVANCED_FACE('',(#1852),#1251,.T.);
#724=ADVANCED_FACE('',(#1853),#1252,.F.);
#725=ADVANCED_FACE('',(#1854),#1253,.F.);
#726=ADVANCED_FACE('',(#1855),#1254,.F.);
#727=ADVANCED_FACE('',(#1856),#1255,.F.);
#728=ADVANCED_FACE('',(#1857),#1256,.F.);
#729=ADVANCED_FACE('',(#1858),#1257,.F.);
#730=ADVANCED_FACE('',(#1859),#1258,.F.);
#731=ADVANCED_FACE('',(#1860),#1259,.T.);
#732=ADVANCED_FACE('',(#1861),#1260,.F.);
#733=ADVANCED_FACE('',(#1862),#1261,.F.);
#734=ADVANCED_FACE('',(#1863),#1262,.F.);
#735=ADVANCED_FACE('',(#1864),#1263,.F.);
#736=ADVANCED_FACE('',(#1865),#1264,.F.);
#737=ADVANCED_FACE('',(#1866),#1265,.F.);
#738=ADVANCED_FACE('',(#1867),#1266,.F.);
#739=ADVANCED_FACE('',(#1868),#1267,.T.);
#740=ADVANCED_FACE('',(#1869),#1268,.F.);
#741=ADVANCED_FACE('',(#1870),#1269,.F.);
#742=ADVANCED_FACE('',(#1871),#1270,.F.);
#743=ADVANCED_FACE('',(#1872),#1271,.F.);
#744=ADVANCED_FACE('',(#1873),#1272,.F.);
#745=ADVANCED_FACE('',(#1874),#1273,.F.);
#746=ADVANCED_FACE('',(#1875),#1274,.F.);
#747=ADVANCED_FACE('',(#1876),#1275,.T.);
#748=ADVANCED_FACE('',(#1877),#1276,.F.);
#749=ADVANCED_FACE('',(#1878),#1277,.F.);
#750=ADVANCED_FACE('',(#1879),#1278,.F.);
#751=ADVANCED_FACE('',(#1880),#1279,.F.);
#752=ADVANCED_FACE('',(#1881),#1280,.F.);
#753=ADVANCED_FACE('',(#1882),#1281,.F.);
#754=ADVANCED_FACE('',(#1883),#1282,.F.);
#755=ADVANCED_FACE('',(#1884),#1283,.T.);
#756=ADVANCED_FACE('',(#1885),#1284,.F.);
#757=ADVANCED_FACE('',(#1886),#1285,.F.);
#758=ADVANCED_FACE('',(#1887),#1286,.F.);
#759=ADVANCED_FACE('',(#1888),#1287,.F.);
#760=ADVANCED_FACE('',(#1889),#1288,.F.);
#761=ADVANCED_FACE('',(#1890),#1289,.F.);
#762=ADVANCED_FACE('',(#1891),#1290,.F.);
#763=ADVANCED_FACE('',(#1892),#1291,.T.);
#764=ADVANCED_FACE('',(#1893),#1292,.F.);
#765=ADVANCED_FACE('',(#1894),#1293,.F.);
#766=ADVANCED_FACE('',(#1895),#1294,.F.);
#767=ADVANCED_FACE('',(#1896),#1295,.F.);
#768=ADVANCED_FACE('',(#1897),#1296,.F.);
#769=ADVANCED_FACE('',(#1898),#1297,.F.);
#770=ADVANCED_FACE('',(#1899),#1298,.F.);
#771=ADVANCED_FACE('',(#1900),#1299,.T.);
#772=ADVANCED_FACE('',(#1901),#1300,.F.);
#773=ADVANCED_FACE('',(#1902),#1301,.F.);
#774=ADVANCED_FACE('',(#1903),#1302,.F.);
#775=ADVANCED_FACE('',(#1904),#1303,.F.);
#776=ADVANCED_FACE('',(#1905),#1304,.F.);
#777=ADVANCED_FACE('',(#1906),#1305,.F.);
#778=ADVANCED_FACE('',(#1907),#1306,.F.);
#779=ADVANCED_FACE('',(#1908),#1307,.T.);
#780=ADVANCED_FACE('',(#1909),#1308,.F.);
#781=ADVANCED_FACE('',(#1910),#1309,.F.);
#782=ADVANCED_FACE('',(#1911),#1310,.F.);
#783=ADVANCED_FACE('',(#1912),#1311,.F.);
#784=ADVANCED_FACE('',(#1913),#1312,.F.);
#785=ADVANCED_FACE('',(#1914),#1313,.F.);
#786=ADVANCED_FACE('',(#1915),#1314,.F.);
#787=ADVANCED_FACE('',(#1916),#1315,.T.);
#788=ADVANCED_FACE('',(#1917),#1316,.F.);
#789=ADVANCED_FACE('',(#1918),#1317,.F.);
#790=ADVANCED_FACE('',(#1919),#1318,.F.);
#791=ADVANCED_FACE('',(#1920),#1319,.F.);
#792=ADVANCED_FACE('',(#1921),#1320,.F.);
#793=ADVANCED_FACE('',(#1922),#1321,.F.);
#794=ADVANCED_FACE('',(#1923),#1322,.F.);
#795=ADVANCED_FACE('',(#1924),#1323,.T.);
#796=ADVANCED_FACE('',(#1925),#1324,.F.);
#797=ADVANCED_FACE('',(#1926),#1325,.F.);
#798=ADVANCED_FACE('',(#1927),#1326,.F.);
#799=ADVANCED_FACE('',(#1928),#1327,.F.);
#800=ADVANCED_FACE('',(#1929),#1328,.F.);
#801=ADVANCED_FACE('',(#1930),#1329,.F.);
#802=ADVANCED_FACE('',(#1931),#1330,.F.);
#803=ADVANCED_FACE('',(#1932),#1331,.T.);
#804=ADVANCED_FACE('',(#1933),#1332,.F.);
#805=ADVANCED_FACE('',(#1934),#1333,.F.);
#806=ADVANCED_FACE('',(#1935),#1334,.F.);
#807=ADVANCED_FACE('',(#1936),#1335,.F.);
#808=ADVANCED_FACE('',(#1937),#1336,.F.);
#809=ADVANCED_FACE('',(#1938),#1337,.F.);
#810=ADVANCED_FACE('',(#1939),#1338,.T.);
#811=ADVANCED_FACE('',(#1940),#1339,.F.);
#812=ADVANCED_FACE('',(#1941),#1340,.F.);
#813=ADVANCED_FACE('',(#1942),#1341,.F.);
#814=ADVANCED_FACE('',(#1943),#1342,.F.);
#815=ADVANCED_FACE('',(#1944),#1343,.F.);
#816=ADVANCED_FACE('',(#1945),#1344,.F.);
#817=ADVANCED_FACE('',(#1946),#1345,.F.);
#818=ADVANCED_FACE('',(#1947),#1346,.F.);
#819=ADVANCED_FACE('',(#1948),#1347,.F.);
#820=ADVANCED_FACE('',(#1949),#1348,.F.);
#821=ADVANCED_FACE('',(#1950),#1349,.F.);
#822=ADVANCED_FACE('',(#1951),#1350,.F.);
#823=ADVANCED_FACE('',(#1952),#1351,.F.);
#824=ADVANCED_FACE('',(#1953),#1352,.F.);
#825=ADVANCED_FACE('',(#1954),#1353,.F.);
#826=ADVANCED_FACE('',(#1955),#1354,.T.);
#827=ADVANCED_FACE('',(#1956),#1355,.T.);
#828=ADVANCED_FACE('',(#1957),#1356,.T.);
#829=ADVANCED_FACE('',(#1958),#1357,.F.);
#830=ADVANCED_FACE('',(#1959),#1358,.F.);
#831=ADVANCED_FACE('',(#1960),#1359,.F.);
#832=ADVANCED_FACE('',(#1961),#1360,.F.);
#833=ADVANCED_FACE('',(#1962),#1361,.F.);
#834=ADVANCED_FACE('',(#1963),#1362,.F.);
#835=ADVANCED_FACE('',(#1964),#1363,.F.);
#836=ADVANCED_FACE('',(#1965),#1364,.F.);
#837=ADVANCED_FACE('',(#1966),#1365,.F.);
#838=ADVANCED_FACE('',(#1967),#1366,.F.);
#839=ADVANCED_FACE('',(#1968),#1367,.F.);
#840=ADVANCED_FACE('',(#1969),#1368,.F.);
#841=ADVANCED_FACE('',(#1970),#1369,.F.);
#842=ADVANCED_FACE('',(#1971),#1370,.F.);
#843=ADVANCED_FACE('',(#1972),#1371,.F.);
#844=ADVANCED_FACE('',(#1973),#1372,.F.);
#845=ADVANCED_FACE('',(#292,#293),#1373,.F.);
#846=ADVANCED_FACE('',(#1974),#1374,.F.);
#847=ADVANCED_FACE('',(#1975),#1375,.F.);
#848=ADVANCED_FACE('',(#294,#295),#1376,.T.);
#849=ADVANCED_FACE('',(#1976),#1377,.F.);
#850=ADVANCED_FACE('',(#1977),#1378,.F.);
#851=ADVANCED_FACE('',(#1978),#1379,.F.);
#852=ADVANCED_FACE('',(#1979),#1380,.T.);
#853=ADVANCED_FACE('',(#296,#297),#1381,.F.);
#854=ADVANCED_FACE('',(#1980),#1382,.T.);
#855=ADVANCED_FACE('',(#1981),#1383,.T.);
#856=ADVANCED_FACE('',(#1982),#1384,.F.);
#857=ADVANCED_FACE('',(#1983),#1385,.F.);
#858=ADVANCED_FACE('',(#1984),#1386,.T.);
#859=ADVANCED_FACE('',(#1985),#1387,.F.);
#860=ADVANCED_FACE('',(#1986),#1388,.F.);
#861=ADVANCED_FACE('',(#1987),#1389,.F.);
#862=ADVANCED_FACE('',(#1988),#1390,.F.);
#863=ADVANCED_FACE('',(#1989),#1391,.F.);
#864=ADVANCED_FACE('',(#1990),#1392,.F.);
#865=ADVANCED_FACE('',(#1991),#1393,.F.);
#866=ADVANCED_FACE('',(#1992),#1394,.F.);
#867=ADVANCED_FACE('',(#1993),#1395,.F.);
#868=ADVANCED_FACE('',(#1994),#1396,.F.);
#869=ADVANCED_FACE('',(#1995),#1397,.T.);
#870=ADVANCED_FACE('',(#1996),#1398,.T.);
#871=ADVANCED_FACE('',(#1997),#1399,.T.);
#872=ADVANCED_FACE('',(#1998),#1400,.T.);
#873=ADVANCED_FACE('',(#1999),#1401,.T.);
#874=ADVANCED_FACE('',(#2000),#1402,.T.);
#875=ADVANCED_FACE('',(#2001),#1403,.T.);
#876=ADVANCED_FACE('',(#2002),#1404,.T.);
#877=ADVANCED_FACE('',(#2003),#1405,.F.);
#878=ADVANCED_FACE('',(#2004),#1406,.T.);
#879=ADVANCED_FACE('',(#2005),#1407,.F.);
#880=ADVANCED_FACE('',(#2006),#1408,.T.);
#881=ADVANCED_FACE('',(#2007),#1409,.T.);
#882=ADVANCED_FACE('',(#2008),#1410,.T.);
#883=ADVANCED_FACE('',(#2009),#1411,.T.);
#884=ADVANCED_FACE('',(#2010),#1412,.F.);
#885=ADVANCED_FACE('',(#2011),#1413,.F.);
#886=ADVANCED_FACE('',(#2012),#1414,.F.);
#887=ADVANCED_FACE('',(#2013),#1415,.F.);
#888=ADVANCED_FACE('',(#2014),#1416,.F.);
#889=ADVANCED_FACE('',(#2015),#1417,.F.);
#890=ADVANCED_FACE('',(#2016),#1418,.F.);
#891=ADVANCED_FACE('',(#2017),#1419,.F.);
#892=ADVANCED_FACE('',(#2018),#1420,.T.);
#893=ADVANCED_FACE('',(#2019),#1421,.F.);
#894=ADVANCED_FACE('',(#2020),#1422,.T.);
#895=ADVANCED_FACE('',(#2021),#1423,.F.);
#896=ADVANCED_FACE('',(#2022),#1424,.F.);
#897=ADVANCED_FACE('',(#2023),#1425,.F.);
#898=ADVANCED_FACE('',(#2024),#1426,.F.);
#899=ADVANCED_FACE('',(#2025),#1427,.F.);
#900=ADVANCED_FACE('',(#2026),#1428,.F.);
#901=ADVANCED_FACE('',(#2027),#1429,.T.);
#902=PLANE('',#12249);
#903=PLANE('',#12250);
#904=PLANE('',#12251);
#905=PLANE('',#12252);
#906=PLANE('',#12253);
#907=PLANE('',#12254);
#908=PLANE('',#12255);
#909=PLANE('',#12256);
#910=PLANE('',#12257);
#911=PLANE('',#12258);
#912=PLANE('',#12259);
#913=PLANE('',#12260);
#914=PLANE('',#12261);
#915=PLANE('',#12262);
#916=PLANE('',#12263);
#917=PLANE('',#12264);
#918=PLANE('',#12265);
#919=PLANE('',#12266);
#920=PLANE('',#12267);
#921=PLANE('',#12268);
#922=PLANE('',#12269);
#923=PLANE('',#12270);
#924=PLANE('',#12271);
#925=PLANE('',#12272);
#926=PLANE('',#12274);
#927=PLANE('',#12276);
#928=PLANE('',#12281);
#929=PLANE('',#12284);
#930=PLANE('',#12285);
#931=PLANE('',#12286);
#932=PLANE('',#12287);
#933=PLANE('',#12288);
#934=PLANE('',#12289);
#935=PLANE('',#12290);
#936=PLANE('',#12291);
#937=PLANE('',#12292);
#938=PLANE('',#12293);
#939=PLANE('',#12294);
#940=PLANE('',#12295);
#941=PLANE('',#12298);
#942=PLANE('',#12299);
#943=PLANE('',#12302);
#944=PLANE('',#12303);
#945=PLANE('',#12304);
#946=PLANE('',#12305);
#947=PLANE('',#12306);
#948=PLANE('',#12307);
#949=PLANE('',#12308);
#950=PLANE('',#12309);
#951=PLANE('',#12310);
#952=PLANE('',#12311);
#953=PLANE('',#12312);
#954=PLANE('',#12313);
#955=PLANE('',#12317);
#956=PLANE('',#12319);
#957=PLANE('',#12321);
#958=PLANE('',#12323);
#959=PLANE('',#12325);
#960=PLANE('',#12327);
#961=PLANE('',#12328);
#962=PLANE('',#12330);
#963=PLANE('',#12331);
#964=PLANE('',#12332);
#965=PLANE('',#12333);
#966=PLANE('',#12334);
#967=PLANE('',#12335);
#968=PLANE('',#12336);
#969=PLANE('',#12337);
#970=PLANE('',#12338);
#971=PLANE('',#12342);
#972=PLANE('',#12344);
#973=PLANE('',#12346);
#974=PLANE('',#12348);
#975=PLANE('',#12349);
#976=PLANE('',#12353);
#977=PLANE('',#12355);
#978=PLANE('',#12357);
#979=PLANE('',#12359);
#980=PLANE('',#12360);
#981=PLANE('',#12364);
#982=PLANE('',#12366);
#983=PLANE('',#12368);
#984=PLANE('',#12370);
#985=PLANE('',#12371);
#986=PLANE('',#12375);
#987=PLANE('',#12377);
#988=PLANE('',#12379);
#989=PLANE('',#12381);
#990=PLANE('',#12382);
#991=PLANE('',#12386);
#992=PLANE('',#12388);
#993=PLANE('',#12390);
#994=PLANE('',#12392);
#995=PLANE('',#12393);
#996=PLANE('',#12397);
#997=PLANE('',#12399);
#998=PLANE('',#12401);
#999=PLANE('',#12403);
#1000=PLANE('',#12404);
#1001=PLANE('',#12408);
#1002=PLANE('',#12410);
#1003=PLANE('',#12412);
#1004=PLANE('',#12414);
#1005=PLANE('',#12415);
#1006=PLANE('',#12419);
#1007=PLANE('',#12421);
#1008=PLANE('',#12423);
#1009=PLANE('',#12425);
#1010=PLANE('',#12426);
#1011=PLANE('',#12430);
#1012=PLANE('',#12432);
#1013=PLANE('',#12434);
#1014=PLANE('',#12436);
#1015=PLANE('',#12437);
#1016=PLANE('',#12441);
#1017=PLANE('',#12443);
#1018=PLANE('',#12445);
#1019=PLANE('',#12447);
#1020=PLANE('',#12448);
#1021=PLANE('',#12452);
#1022=PLANE('',#12454);
#1023=PLANE('',#12456);
#1024=PLANE('',#12458);
#1025=PLANE('',#12459);
#1026=PLANE('',#12463);
#1027=PLANE('',#12465);
#1028=PLANE('',#12467);
#1029=PLANE('',#12469);
#1030=PLANE('',#12470);
#1031=PLANE('',#12474);
#1032=PLANE('',#12476);
#1033=PLANE('',#12478);
#1034=PLANE('',#12480);
#1035=PLANE('',#12481);
#1036=PLANE('',#12485);
#1037=PLANE('',#12487);
#1038=PLANE('',#12489);
#1039=PLANE('',#12491);
#1040=PLANE('',#12492);
#1041=PLANE('',#12496);
#1042=PLANE('',#12498);
#1043=PLANE('',#12500);
#1044=PLANE('',#12502);
#1045=PLANE('',#12503);
#1046=PLANE('',#12507);
#1047=PLANE('',#12509);
#1048=PLANE('',#12511);
#1049=PLANE('',#12513);
#1050=PLANE('',#12514);
#1051=PLANE('',#12518);
#1052=PLANE('',#12520);
#1053=PLANE('',#12522);
#1054=PLANE('',#12524);
#1055=PLANE('',#12525);
#1056=PLANE('',#12529);
#1057=PLANE('',#12531);
#1058=PLANE('',#12533);
#1059=PLANE('',#12535);
#1060=PLANE('',#12536);
#1061=PLANE('',#12540);
#1062=PLANE('',#12542);
#1063=PLANE('',#12544);
#1064=PLANE('',#12546);
#1065=PLANE('',#12547);
#1066=PLANE('',#12551);
#1067=PLANE('',#12553);
#1068=PLANE('',#12555);
#1069=PLANE('',#12557);
#1070=PLANE('',#12558);
#1071=PLANE('',#12562);
#1072=PLANE('',#12564);
#1073=PLANE('',#12566);
#1074=PLANE('',#12568);
#1075=PLANE('',#12569);
#1076=PLANE('',#12573);
#1077=PLANE('',#12575);
#1078=PLANE('',#12577);
#1079=PLANE('',#12579);
#1080=PLANE('',#12580);
#1081=PLANE('',#12584);
#1082=PLANE('',#12586);
#1083=PLANE('',#12588);
#1084=PLANE('',#12590);
#1085=PLANE('',#12592);
#1086=PLANE('',#12594);
#1087=PLANE('',#12595);
#1088=PLANE('',#12598);
#1089=PLANE('',#12600);
#1090=PLANE('',#12601);
#1091=PLANE('',#12604);
#1092=PLANE('',#12606);
#1093=PLANE('',#12607);
#1094=PLANE('',#12610);
#1095=PLANE('',#12612);
#1096=PLANE('',#12613);
#1097=PLANE('',#12616);
#1098=PLANE('',#12618);
#1099=PLANE('',#12619);
#1100=PLANE('',#12622);
#1101=PLANE('',#12624);
#1102=PLANE('',#12625);
#1103=PLANE('',#12628);
#1104=PLANE('',#12630);
#1105=PLANE('',#12631);
#1106=PLANE('',#12634);
#1107=PLANE('',#12636);
#1108=PLANE('',#12637);
#1109=PLANE('',#12640);
#1110=PLANE('',#12642);
#1111=PLANE('',#12643);
#1112=PLANE('',#12646);
#1113=PLANE('',#12648);
#1114=PLANE('',#12649);
#1115=PLANE('',#12652);
#1116=PLANE('',#12654);
#1117=PLANE('',#12655);
#1118=PLANE('',#12658);
#1119=PLANE('',#12660);
#1120=PLANE('',#12661);
#1121=PLANE('',#12664);
#1122=PLANE('',#12666);
#1123=PLANE('',#12667);
#1124=PLANE('',#12670);
#1125=PLANE('',#12672);
#1126=PLANE('',#12673);
#1127=PLANE('',#12676);
#1128=PLANE('',#12678);
#1129=PLANE('',#12679);
#1130=PLANE('',#12682);
#1131=PLANE('',#12684);
#1132=PLANE('',#12685);
#1133=PLANE('',#12688);
#1134=PLANE('',#12690);
#1135=PLANE('',#12691);
#1136=PLANE('',#12694);
#1137=PLANE('',#12696);
#1138=PLANE('',#12697);
#1139=PLANE('',#12700);
#1140=PLANE('',#12702);
#1141=PLANE('',#12703);
#1142=PLANE('',#12706);
#1143=PLANE('',#12708);
#1144=PLANE('',#12709);
#1145=PLANE('',#12712);
#1146=PLANE('',#12714);
#1147=PLANE('',#12715);
#1148=PLANE('',#12718);
#1149=PLANE('',#12720);
#1150=PLANE('',#12721);
#1151=PLANE('',#12724);
#1152=PLANE('',#12726);
#1153=PLANE('',#12727);
#1154=PLANE('',#12729);
#1155=PLANE('',#12730);
#1156=PLANE('',#12731);
#1157=PLANE('',#12732);
#1158=PLANE('',#12733);
#1159=PLANE('',#12734);
#1160=PLANE('',#12735);
#1161=PLANE('',#12736);
#1162=PLANE('',#12737);
#1163=PLANE('',#12738);
#1164=PLANE('',#12739);
#1165=PLANE('',#12740);
#1166=PLANE('',#12741);
#1167=PLANE('',#12742);
#1168=PLANE('',#12743);
#1169=PLANE('',#12744);
#1170=PLANE('',#12745);
#1171=PLANE('',#12746);
#1172=PLANE('',#12747);
#1173=PLANE('',#12748);
#1174=PLANE('',#12749);
#1175=PLANE('',#12750);
#1176=PLANE('',#12751);
#1177=PLANE('',#12752);
#1178=PLANE('',#12753);
#1179=PLANE('',#12754);
#1180=PLANE('',#12755);
#1181=PLANE('',#12756);
#1182=PLANE('',#12757);
#1183=PLANE('',#12758);
#1184=PLANE('',#12759);
#1185=PLANE('',#12760);
#1186=PLANE('',#12761);
#1187=PLANE('',#12762);
#1188=PLANE('',#12763);
#1189=PLANE('',#12764);
#1190=PLANE('',#12765);
#1191=PLANE('',#12766);
#1192=PLANE('',#12767);
#1193=PLANE('',#12768);
#1194=PLANE('',#12769);
#1195=PLANE('',#12770);
#1196=PLANE('',#12771);
#1197=PLANE('',#12772);
#1198=PLANE('',#12773);
#1199=PLANE('',#12774);
#1200=PLANE('',#12775);
#1201=PLANE('',#12776);
#1202=PLANE('',#12777);
#1203=PLANE('',#12778);
#1204=PLANE('',#12779);
#1205=PLANE('',#12780);
#1206=PLANE('',#12781);
#1207=PLANE('',#12782);
#1208=PLANE('',#12783);
#1209=PLANE('',#12784);
#1210=PLANE('',#12785);
#1211=PLANE('',#12786);
#1212=PLANE('',#12787);
#1213=PLANE('',#12788);
#1214=PLANE('',#12789);
#1215=PLANE('',#12790);
#1216=PLANE('',#12791);
#1217=PLANE('',#12792);
#1218=PLANE('',#12793);
#1219=PLANE('',#12794);
#1220=PLANE('',#12795);
#1221=PLANE('',#12796);
#1222=PLANE('',#12797);
#1223=PLANE('',#12798);
#1224=PLANE('',#12799);
#1225=PLANE('',#12800);
#1226=PLANE('',#12801);
#1227=PLANE('',#12802);
#1228=PLANE('',#12803);
#1229=PLANE('',#12804);
#1230=PLANE('',#12805);
#1231=PLANE('',#12806);
#1232=PLANE('',#12807);
#1233=PLANE('',#12808);
#1234=PLANE('',#12809);
#1235=PLANE('',#12810);
#1236=PLANE('',#12811);
#1237=PLANE('',#12812);
#1238=PLANE('',#12813);
#1239=PLANE('',#12814);
#1240=PLANE('',#12815);
#1241=PLANE('',#12816);
#1242=PLANE('',#12817);
#1243=PLANE('',#12818);
#1244=PLANE('',#12819);
#1245=PLANE('',#12820);
#1246=PLANE('',#12821);
#1247=PLANE('',#12822);
#1248=PLANE('',#12823);
#1249=PLANE('',#12824);
#1250=PLANE('',#12825);
#1251=PLANE('',#12826);
#1252=PLANE('',#12827);
#1253=PLANE('',#12828);
#1254=PLANE('',#12829);
#1255=PLANE('',#12830);
#1256=PLANE('',#12831);
#1257=PLANE('',#12832);
#1258=PLANE('',#12833);
#1259=PLANE('',#12834);
#1260=PLANE('',#12835);
#1261=PLANE('',#12836);
#1262=PLANE('',#12837);
#1263=PLANE('',#12838);
#1264=PLANE('',#12839);
#1265=PLANE('',#12840);
#1266=PLANE('',#12841);
#1267=PLANE('',#12842);
#1268=PLANE('',#12843);
#1269=PLANE('',#12844);
#1270=PLANE('',#12845);
#1271=PLANE('',#12846);
#1272=PLANE('',#12847);
#1273=PLANE('',#12848);
#1274=PLANE('',#12849);
#1275=PLANE('',#12850);
#1276=PLANE('',#12851);
#1277=PLANE('',#12852);
#1278=PLANE('',#12853);
#1279=PLANE('',#12854);
#1280=PLANE('',#12855);
#1281=PLANE('',#12856);
#1282=PLANE('',#12857);
#1283=PLANE('',#12858);
#1284=PLANE('',#12859);
#1285=PLANE('',#12860);
#1286=PLANE('',#12861);
#1287=PLANE('',#12862);
#1288=PLANE('',#12863);
#1289=PLANE('',#12864);
#1290=PLANE('',#12865);
#1291=PLANE('',#12866);
#1292=PLANE('',#12867);
#1293=PLANE('',#12868);
#1294=PLANE('',#12869);
#1295=PLANE('',#12870);
#1296=PLANE('',#12871);
#1297=PLANE('',#12872);
#1298=PLANE('',#12873);
#1299=PLANE('',#12874);
#1300=PLANE('',#12875);
#1301=PLANE('',#12876);
#1302=PLANE('',#12877);
#1303=PLANE('',#12878);
#1304=PLANE('',#12879);
#1305=PLANE('',#12880);
#1306=PLANE('',#12881);
#1307=PLANE('',#12882);
#1308=PLANE('',#12883);
#1309=PLANE('',#12884);
#1310=PLANE('',#12885);
#1311=PLANE('',#12886);
#1312=PLANE('',#12887);
#1313=PLANE('',#12888);
#1314=PLANE('',#12889);
#1315=PLANE('',#12890);
#1316=PLANE('',#12891);
#1317=PLANE('',#12892);
#1318=PLANE('',#12893);
#1319=PLANE('',#12894);
#1320=PLANE('',#12895);
#1321=PLANE('',#12896);
#1322=PLANE('',#12897);
#1323=PLANE('',#12898);
#1324=PLANE('',#12899);
#1325=PLANE('',#12900);
#1326=PLANE('',#12901);
#1327=PLANE('',#12902);
#1328=PLANE('',#12903);
#1329=PLANE('',#12904);
#1330=PLANE('',#12905);
#1331=PLANE('',#12906);
#1332=PLANE('',#12907);
#1333=PLANE('',#12908);
#1334=PLANE('',#12909);
#1335=PLANE('',#12910);
#1336=PLANE('',#12911);
#1337=PLANE('',#12912);
#1338=PLANE('',#12913);
#1339=PLANE('',#12914);
#1340=PLANE('',#12915);
#1341=PLANE('',#12916);
#1342=PLANE('',#12917);
#1343=PLANE('',#12918);
#1344=PLANE('',#12919);
#1345=PLANE('',#12920);
#1346=PLANE('',#12921);
#1347=PLANE('',#12922);
#1348=PLANE('',#12923);
#1349=PLANE('',#12924);
#1350=PLANE('',#12925);
#1351=PLANE('',#12926);
#1352=PLANE('',#12927);
#1353=PLANE('',#12928);
#1354=PLANE('',#12929);
#1355=PLANE('',#12930);
#1356=PLANE('',#12931);
#1357=PLANE('',#12932);
#1358=PLANE('',#12933);
#1359=PLANE('',#12934);
#1360=PLANE('',#12935);
#1361=PLANE('',#12936);
#1362=PLANE('',#12937);
#1363=PLANE('',#12938);
#1364=PLANE('',#12939);
#1365=PLANE('',#12940);
#1366=PLANE('',#12941);
#1367=PLANE('',#12942);
#1368=PLANE('',#12943);
#1369=PLANE('',#12944);
#1370=PLANE('',#12945);
#1371=PLANE('',#12946);
#1372=PLANE('',#12947);
#1373=PLANE('',#12948);
#1374=PLANE('',#12949);
#1375=PLANE('',#12950);
#1376=PLANE('',#12951);
#1377=PLANE('',#12952);
#1378=PLANE('',#12953);
#1379=PLANE('',#12954);
#1380=PLANE('',#12955);
#1381=PLANE('',#12956);
#1382=PLANE('',#12957);
#1383=PLANE('',#12958);
#1384=PLANE('',#12959);
#1385=PLANE('',#12960);
#1386=PLANE('',#12961);
#1387=PLANE('',#12962);
#1388=PLANE('',#12963);
#1389=PLANE('',#12964);
#1390=PLANE('',#12965);
#1391=PLANE('',#12966);
#1392=PLANE('',#12967);
#1393=PLANE('',#12968);
#1394=PLANE('',#12969);
#1395=PLANE('',#12970);
#1396=PLANE('',#12971);
#1397=PLANE('',#12972);
#1398=PLANE('',#12973);
#1399=PLANE('',#12974);
#1400=PLANE('',#12975);
#1401=PLANE('',#12976);
#1402=PLANE('',#12977);
#1403=PLANE('',#12978);
#1404=PLANE('',#12979);
#1405=PLANE('',#12980);
#1406=PLANE('',#12981);
#1407=PLANE('',#12982);
#1408=PLANE('',#12983);
#1409=PLANE('',#12984);
#1410=PLANE('',#12985);
#1411=PLANE('',#12986);
#1412=PLANE('',#12987);
#1413=PLANE('',#12988);
#1414=PLANE('',#12989);
#1415=PLANE('',#12990);
#1416=PLANE('',#12991);
#1417=PLANE('',#12992);
#1418=PLANE('',#12993);
#1419=PLANE('',#12994);
#1420=PLANE('',#12995);
#1421=PLANE('',#12996);
#1422=PLANE('',#12997);
#1423=PLANE('',#12998);
#1424=PLANE('',#12999);
#1425=PLANE('',#13000);
#1426=PLANE('',#13001);
#1427=PLANE('',#13002);
#1428=PLANE('',#13003);
#1429=PLANE('',#13004);
#1430=FACE_OUTER_BOUND('',#2028,.T.);
#1431=FACE_OUTER_BOUND('',#2029,.T.);
#1432=FACE_OUTER_BOUND('',#2030,.T.);
#1433=FACE_OUTER_BOUND('',#2033,.T.);
#1434=FACE_OUTER_BOUND('',#2034,.T.);
#1435=FACE_OUTER_BOUND('',#2035,.T.);
#1436=FACE_OUTER_BOUND('',#2036,.T.);
#1437=FACE_OUTER_BOUND('',#2037,.T.);
#1438=FACE_OUTER_BOUND('',#2038,.T.);
#1439=FACE_OUTER_BOUND('',#2039,.T.);
#1440=FACE_OUTER_BOUND('',#2040,.T.);
#1441=FACE_OUTER_BOUND('',#2041,.T.);
#1442=FACE_OUTER_BOUND('',#2042,.T.);
#1443=FACE_OUTER_BOUND('',#2043,.T.);
#1444=FACE_OUTER_BOUND('',#2044,.T.);
#1445=FACE_OUTER_BOUND('',#2045,.T.);
#1446=FACE_OUTER_BOUND('',#2046,.T.);
#1447=FACE_OUTER_BOUND('',#2047,.T.);
#1448=FACE_OUTER_BOUND('',#2048,.T.);
#1449=FACE_OUTER_BOUND('',#2049,.T.);
#1450=FACE_OUTER_BOUND('',#2050,.T.);
#1451=FACE_OUTER_BOUND('',#2051,.T.);
#1452=FACE_OUTER_BOUND('',#2052,.T.);
#1453=FACE_OUTER_BOUND('',#2053,.T.);
#1454=FACE_OUTER_BOUND('',#2054,.T.);
#1455=FACE_OUTER_BOUND('',#2055,.T.);
#1456=FACE_OUTER_BOUND('',#2056,.T.);
#1457=FACE_OUTER_BOUND('',#2057,.T.);
#1458=FACE_OUTER_BOUND('',#2061,.T.);
#1459=FACE_OUTER_BOUND('',#2062,.T.);
#1460=FACE_OUTER_BOUND('',#2063,.T.);
#1461=FACE_OUTER_BOUND('',#2064,.T.);
#1462=FACE_OUTER_BOUND('',#2065,.T.);
#1463=FACE_OUTER_BOUND('',#2066,.T.);
#1464=FACE_OUTER_BOUND('',#2092,.T.);
#1465=FACE_OUTER_BOUND('',#2093,.T.);
#1466=FACE_OUTER_BOUND('',#2094,.T.);
#1467=FACE_OUTER_BOUND('',#2095,.T.);
#1468=FACE_OUTER_BOUND('',#2096,.T.);
#1469=FACE_OUTER_BOUND('',#2097,.T.);
#1470=FACE_OUTER_BOUND('',#2098,.T.);
#1471=FACE_OUTER_BOUND('',#2099,.T.);
#1472=FACE_OUTER_BOUND('',#2100,.T.);
#1473=FACE_OUTER_BOUND('',#2101,.T.);
#1474=FACE_OUTER_BOUND('',#2102,.T.);
#1475=FACE_OUTER_BOUND('',#2103,.T.);
#1476=FACE_OUTER_BOUND('',#2104,.T.);
#1477=FACE_OUTER_BOUND('',#2105,.T.);
#1478=FACE_OUTER_BOUND('',#2106,.T.);
#1479=FACE_OUTER_BOUND('',#2107,.T.);
#1480=FACE_OUTER_BOUND('',#2108,.T.);
#1481=FACE_OUTER_BOUND('',#2109,.T.);
#1482=FACE_OUTER_BOUND('',#2110,.T.);
#1483=FACE_OUTER_BOUND('',#2111,.T.);
#1484=FACE_OUTER_BOUND('',#2112,.T.);
#1485=FACE_OUTER_BOUND('',#2113,.T.);
#1486=FACE_OUTER_BOUND('',#2114,.T.);
#1487=FACE_OUTER_BOUND('',#2115,.T.);
#1488=FACE_OUTER_BOUND('',#2116,.T.);
#1489=FACE_OUTER_BOUND('',#2117,.T.);
#1490=FACE_OUTER_BOUND('',#2118,.T.);
#1491=FACE_OUTER_BOUND('',#2119,.T.);
#1492=FACE_OUTER_BOUND('',#2120,.T.);
#1493=FACE_OUTER_BOUND('',#2121,.T.);
#1494=FACE_OUTER_BOUND('',#2122,.T.);
#1495=FACE_OUTER_BOUND('',#2123,.T.);
#1496=FACE_OUTER_BOUND('',#2124,.T.);
#1497=FACE_OUTER_BOUND('',#2125,.T.);
#1498=FACE_OUTER_BOUND('',#2126,.T.);
#1499=FACE_OUTER_BOUND('',#2127,.T.);
#1500=FACE_OUTER_BOUND('',#2128,.T.);
#1501=FACE_OUTER_BOUND('',#2129,.T.);
#1502=FACE_OUTER_BOUND('',#2130,.T.);
#1503=FACE_OUTER_BOUND('',#2131,.T.);
#1504=FACE_OUTER_BOUND('',#2132,.T.);
#1505=FACE_OUTER_BOUND('',#2133,.T.);
#1506=FACE_OUTER_BOUND('',#2134,.T.);
#1507=FACE_OUTER_BOUND('',#2135,.T.);
#1508=FACE_OUTER_BOUND('',#2136,.T.);
#1509=FACE_OUTER_BOUND('',#2137,.T.);
#1510=FACE_OUTER_BOUND('',#2138,.T.);
#1511=FACE_OUTER_BOUND('',#2139,.T.);
#1512=FACE_OUTER_BOUND('',#2140,.T.);
#1513=FACE_OUTER_BOUND('',#2141,.T.);
#1514=FACE_OUTER_BOUND('',#2142,.T.);
#1515=FACE_OUTER_BOUND('',#2143,.T.);
#1516=FACE_OUTER_BOUND('',#2144,.T.);
#1517=FACE_OUTER_BOUND('',#2145,.T.);
#1518=FACE_OUTER_BOUND('',#2146,.T.);
#1519=FACE_OUTER_BOUND('',#2147,.T.);
#1520=FACE_OUTER_BOUND('',#2148,.T.);
#1521=FACE_OUTER_BOUND('',#2149,.T.);
#1522=FACE_OUTER_BOUND('',#2150,.T.);
#1523=FACE_OUTER_BOUND('',#2151,.T.);
#1524=FACE_OUTER_BOUND('',#2152,.T.);
#1525=FACE_OUTER_BOUND('',#2153,.T.);
#1526=FACE_OUTER_BOUND('',#2154,.T.);
#1527=FACE_OUTER_BOUND('',#2155,.T.);
#1528=FACE_OUTER_BOUND('',#2156,.T.);
#1529=FACE_OUTER_BOUND('',#2157,.T.);
#1530=FACE_OUTER_BOUND('',#2158,.T.);
#1531=FACE_OUTER_BOUND('',#2159,.T.);
#1532=FACE_OUTER_BOUND('',#2160,.T.);
#1533=FACE_OUTER_BOUND('',#2161,.T.);
#1534=FACE_OUTER_BOUND('',#2162,.T.);
#1535=FACE_OUTER_BOUND('',#2163,.T.);
#1536=FACE_OUTER_BOUND('',#2164,.T.);
#1537=FACE_OUTER_BOUND('',#2165,.T.);
#1538=FACE_OUTER_BOUND('',#2166,.T.);
#1539=FACE_OUTER_BOUND('',#2167,.T.);
#1540=FACE_OUTER_BOUND('',#2168,.T.);
#1541=FACE_OUTER_BOUND('',#2169,.T.);
#1542=FACE_OUTER_BOUND('',#2170,.T.);
#1543=FACE_OUTER_BOUND('',#2171,.T.);
#1544=FACE_OUTER_BOUND('',#2172,.T.);
#1545=FACE_OUTER_BOUND('',#2173,.T.);
#1546=FACE_OUTER_BOUND('',#2174,.T.);
#1547=FACE_OUTER_BOUND('',#2175,.T.);
#1548=FACE_OUTER_BOUND('',#2176,.T.);
#1549=FACE_OUTER_BOUND('',#2177,.T.);
#1550=FACE_OUTER_BOUND('',#2178,.T.);
#1551=FACE_OUTER_BOUND('',#2179,.T.);
#1552=FACE_OUTER_BOUND('',#2180,.T.);
#1553=FACE_OUTER_BOUND('',#2181,.T.);
#1554=FACE_OUTER_BOUND('',#2182,.T.);
#1555=FACE_OUTER_BOUND('',#2183,.T.);
#1556=FACE_OUTER_BOUND('',#2184,.T.);
#1557=FACE_OUTER_BOUND('',#2185,.T.);
#1558=FACE_OUTER_BOUND('',#2186,.T.);
#1559=FACE_OUTER_BOUND('',#2187,.T.);
#1560=FACE_OUTER_BOUND('',#2188,.T.);
#1561=FACE_OUTER_BOUND('',#2189,.T.);
#1562=FACE_OUTER_BOUND('',#2190,.T.);
#1563=FACE_OUTER_BOUND('',#2191,.T.);
#1564=FACE_OUTER_BOUND('',#2192,.T.);
#1565=FACE_OUTER_BOUND('',#2193,.T.);
#1566=FACE_OUTER_BOUND('',#2194,.T.);
#1567=FACE_OUTER_BOUND('',#2195,.T.);
#1568=FACE_OUTER_BOUND('',#2196,.T.);
#1569=FACE_OUTER_BOUND('',#2197,.T.);
#1570=FACE_OUTER_BOUND('',#2198,.T.);
#1571=FACE_OUTER_BOUND('',#2199,.T.);
#1572=FACE_OUTER_BOUND('',#2200,.T.);
#1573=FACE_OUTER_BOUND('',#2201,.T.);
#1574=FACE_OUTER_BOUND('',#2202,.T.);
#1575=FACE_OUTER_BOUND('',#2203,.T.);
#1576=FACE_OUTER_BOUND('',#2204,.T.);
#1577=FACE_OUTER_BOUND('',#2205,.T.);
#1578=FACE_OUTER_BOUND('',#2206,.T.);
#1579=FACE_OUTER_BOUND('',#2207,.T.);
#1580=FACE_OUTER_BOUND('',#2208,.T.);
#1581=FACE_OUTER_BOUND('',#2209,.T.);
#1582=FACE_OUTER_BOUND('',#2210,.T.);
#1583=FACE_OUTER_BOUND('',#2211,.T.);
#1584=FACE_OUTER_BOUND('',#2212,.T.);
#1585=FACE_OUTER_BOUND('',#2213,.T.);
#1586=FACE_OUTER_BOUND('',#2214,.T.);
#1587=FACE_OUTER_BOUND('',#2215,.T.);
#1588=FACE_OUTER_BOUND('',#2216,.T.);
#1589=FACE_OUTER_BOUND('',#2217,.T.);
#1590=FACE_OUTER_BOUND('',#2218,.T.);
#1591=FACE_OUTER_BOUND('',#2219,.T.);
#1592=FACE_OUTER_BOUND('',#2220,.T.);
#1593=FACE_OUTER_BOUND('',#2221,.T.);
#1594=FACE_OUTER_BOUND('',#2222,.T.);
#1595=FACE_OUTER_BOUND('',#2223,.T.);
#1596=FACE_OUTER_BOUND('',#2224,.T.);
#1597=FACE_OUTER_BOUND('',#2225,.T.);
#1598=FACE_OUTER_BOUND('',#2226,.T.);
#1599=FACE_OUTER_BOUND('',#2227,.T.);
#1600=FACE_OUTER_BOUND('',#2228,.T.);
#1601=FACE_OUTER_BOUND('',#2229,.T.);
#1602=FACE_OUTER_BOUND('',#2230,.T.);
#1603=FACE_OUTER_BOUND('',#2231,.T.);
#1604=FACE_OUTER_BOUND('',#2232,.T.);
#1605=FACE_OUTER_BOUND('',#2233,.T.);
#1606=FACE_OUTER_BOUND('',#2234,.T.);
#1607=FACE_OUTER_BOUND('',#2235,.T.);
#1608=FACE_OUTER_BOUND('',#2236,.T.);
#1609=FACE_OUTER_BOUND('',#2237,.T.);
#1610=FACE_OUTER_BOUND('',#2238,.T.);
#1611=FACE_OUTER_BOUND('',#2239,.T.);
#1612=FACE_OUTER_BOUND('',#2240,.T.);
#1613=FACE_OUTER_BOUND('',#2241,.T.);
#1614=FACE_OUTER_BOUND('',#2242,.T.);
#1615=FACE_OUTER_BOUND('',#2243,.T.);
#1616=FACE_OUTER_BOUND('',#2244,.T.);
#1617=FACE_OUTER_BOUND('',#2245,.T.);
#1618=FACE_OUTER_BOUND('',#2246,.T.);
#1619=FACE_OUTER_BOUND('',#2247,.T.);
#1620=FACE_OUTER_BOUND('',#2248,.T.);
#1621=FACE_OUTER_BOUND('',#2249,.T.);
#1622=FACE_OUTER_BOUND('',#2250,.T.);
#1623=FACE_OUTER_BOUND('',#2251,.T.);
#1624=FACE_OUTER_BOUND('',#2252,.T.);
#1625=FACE_OUTER_BOUND('',#2253,.T.);
#1626=FACE_OUTER_BOUND('',#2254,.T.);
#1627=FACE_OUTER_BOUND('',#2255,.T.);
#1628=FACE_OUTER_BOUND('',#2256,.T.);
#1629=FACE_OUTER_BOUND('',#2257,.T.);
#1630=FACE_OUTER_BOUND('',#2258,.T.);
#1631=FACE_OUTER_BOUND('',#2259,.T.);
#1632=FACE_OUTER_BOUND('',#2260,.T.);
#1633=FACE_OUTER_BOUND('',#2261,.T.);
#1634=FACE_OUTER_BOUND('',#2262,.T.);
#1635=FACE_OUTER_BOUND('',#2263,.T.);
#1636=FACE_OUTER_BOUND('',#2264,.T.);
#1637=FACE_OUTER_BOUND('',#2265,.T.);
#1638=FACE_OUTER_BOUND('',#2266,.T.);
#1639=FACE_OUTER_BOUND('',#2267,.T.);
#1640=FACE_OUTER_BOUND('',#2268,.T.);
#1641=FACE_OUTER_BOUND('',#2269,.T.);
#1642=FACE_OUTER_BOUND('',#2270,.T.);
#1643=FACE_OUTER_BOUND('',#2271,.T.);
#1644=FACE_OUTER_BOUND('',#2272,.T.);
#1645=FACE_OUTER_BOUND('',#2273,.T.);
#1646=FACE_OUTER_BOUND('',#2274,.T.);
#1647=FACE_OUTER_BOUND('',#2275,.T.);
#1648=FACE_OUTER_BOUND('',#2276,.T.);
#1649=FACE_OUTER_BOUND('',#2277,.T.);
#1650=FACE_OUTER_BOUND('',#2278,.T.);
#1651=FACE_OUTER_BOUND('',#2279,.T.);
#1652=FACE_OUTER_BOUND('',#2280,.T.);
#1653=FACE_OUTER_BOUND('',#2281,.T.);
#1654=FACE_OUTER_BOUND('',#2282,.T.);
#1655=FACE_OUTER_BOUND('',#2283,.T.);
#1656=FACE_OUTER_BOUND('',#2284,.T.);
#1657=FACE_OUTER_BOUND('',#2285,.T.);
#1658=FACE_OUTER_BOUND('',#2286,.T.);
#1659=FACE_OUTER_BOUND('',#2287,.T.);
#1660=FACE_OUTER_BOUND('',#2288,.T.);
#1661=FACE_OUTER_BOUND('',#2289,.T.);
#1662=FACE_OUTER_BOUND('',#2290,.T.);
#1663=FACE_OUTER_BOUND('',#2291,.T.);
#1664=FACE_OUTER_BOUND('',#2292,.T.);
#1665=FACE_OUTER_BOUND('',#2293,.T.);
#1666=FACE_OUTER_BOUND('',#2294,.T.);
#1667=FACE_OUTER_BOUND('',#2295,.T.);
#1668=FACE_OUTER_BOUND('',#2296,.T.);
#1669=FACE_OUTER_BOUND('',#2297,.T.);
#1670=FACE_OUTER_BOUND('',#2298,.T.);
#1671=FACE_OUTER_BOUND('',#2299,.T.);
#1672=FACE_OUTER_BOUND('',#2300,.T.);
#1673=FACE_OUTER_BOUND('',#2301,.T.);
#1674=FACE_OUTER_BOUND('',#2302,.T.);
#1675=FACE_OUTER_BOUND('',#2303,.T.);
#1676=FACE_OUTER_BOUND('',#2304,.T.);
#1677=FACE_OUTER_BOUND('',#2305,.T.);
#1678=FACE_OUTER_BOUND('',#2306,.T.);
#1679=FACE_OUTER_BOUND('',#2307,.T.);
#1680=FACE_OUTER_BOUND('',#2308,.T.);
#1681=FACE_OUTER_BOUND('',#2309,.T.);
#1682=FACE_OUTER_BOUND('',#2310,.T.);
#1683=FACE_OUTER_BOUND('',#2311,.T.);
#1684=FACE_OUTER_BOUND('',#2312,.T.);
#1685=FACE_OUTER_BOUND('',#2313,.T.);
#1686=FACE_OUTER_BOUND('',#2314,.T.);
#1687=FACE_OUTER_BOUND('',#2315,.T.);
#1688=FACE_OUTER_BOUND('',#2316,.T.);
#1689=FACE_OUTER_BOUND('',#2317,.T.);
#1690=FACE_OUTER_BOUND('',#2318,.T.);
#1691=FACE_OUTER_BOUND('',#2319,.T.);
#1692=FACE_OUTER_BOUND('',#2320,.T.);
#1693=FACE_OUTER_BOUND('',#2321,.T.);
#1694=FACE_OUTER_BOUND('',#2322,.T.);
#1695=FACE_OUTER_BOUND('',#2323,.T.);
#1696=FACE_OUTER_BOUND('',#2324,.T.);
#1697=FACE_OUTER_BOUND('',#2325,.T.);
#1698=FACE_OUTER_BOUND('',#2326,.T.);
#1699=FACE_OUTER_BOUND('',#2327,.T.);
#1700=FACE_OUTER_BOUND('',#2328,.T.);
#1701=FACE_OUTER_BOUND('',#2329,.T.);
#1702=FACE_OUTER_BOUND('',#2330,.T.);
#1703=FACE_OUTER_BOUND('',#2331,.T.);
#1704=FACE_OUTER_BOUND('',#2332,.T.);
#1705=FACE_OUTER_BOUND('',#2333,.T.);
#1706=FACE_OUTER_BOUND('',#2334,.T.);
#1707=FACE_OUTER_BOUND('',#2335,.T.);
#1708=FACE_OUTER_BOUND('',#2336,.T.);
#1709=FACE_OUTER_BOUND('',#2337,.T.);
#1710=FACE_OUTER_BOUND('',#2338,.T.);
#1711=FACE_OUTER_BOUND('',#2339,.T.);
#1712=FACE_OUTER_BOUND('',#2340,.T.);
#1713=FACE_OUTER_BOUND('',#2341,.T.);
#1714=FACE_OUTER_BOUND('',#2342,.T.);
#1715=FACE_OUTER_BOUND('',#2343,.T.);
#1716=FACE_OUTER_BOUND('',#2344,.T.);
#1717=FACE_OUTER_BOUND('',#2345,.T.);
#1718=FACE_OUTER_BOUND('',#2346,.T.);
#1719=FACE_OUTER_BOUND('',#2347,.T.);
#1720=FACE_OUTER_BOUND('',#2348,.T.);
#1721=FACE_OUTER_BOUND('',#2349,.T.);
#1722=FACE_OUTER_BOUND('',#2350,.T.);
#1723=FACE_OUTER_BOUND('',#2351,.T.);
#1724=FACE_OUTER_BOUND('',#2352,.T.);
#1725=FACE_OUTER_BOUND('',#2353,.T.);
#1726=FACE_OUTER_BOUND('',#2354,.T.);
#1727=FACE_OUTER_BOUND('',#2355,.T.);
#1728=FACE_OUTER_BOUND('',#2356,.T.);
#1729=FACE_OUTER_BOUND('',#2357,.T.);
#1730=FACE_OUTER_BOUND('',#2358,.T.);
#1731=FACE_OUTER_BOUND('',#2359,.T.);
#1732=FACE_OUTER_BOUND('',#2360,.T.);
#1733=FACE_OUTER_BOUND('',#2361,.T.);
#1734=FACE_OUTER_BOUND('',#2362,.T.);
#1735=FACE_OUTER_BOUND('',#2363,.T.);
#1736=FACE_OUTER_BOUND('',#2364,.T.);
#1737=FACE_OUTER_BOUND('',#2365,.T.);
#1738=FACE_OUTER_BOUND('',#2366,.T.);
#1739=FACE_OUTER_BOUND('',#2367,.T.);
#1740=FACE_OUTER_BOUND('',#2368,.T.);
#1741=FACE_OUTER_BOUND('',#2369,.T.);
#1742=FACE_OUTER_BOUND('',#2370,.T.);
#1743=FACE_OUTER_BOUND('',#2371,.T.);
#1744=FACE_OUTER_BOUND('',#2372,.T.);
#1745=FACE_OUTER_BOUND('',#2373,.T.);
#1746=FACE_OUTER_BOUND('',#2374,.T.);
#1747=FACE_OUTER_BOUND('',#2375,.T.);
#1748=FACE_OUTER_BOUND('',#2376,.T.);
#1749=FACE_OUTER_BOUND('',#2377,.T.);
#1750=FACE_OUTER_BOUND('',#2378,.T.);
#1751=FACE_OUTER_BOUND('',#2379,.T.);
#1752=FACE_OUTER_BOUND('',#2380,.T.);
#1753=FACE_OUTER_BOUND('',#2381,.T.);
#1754=FACE_OUTER_BOUND('',#2382,.T.);
#1755=FACE_OUTER_BOUND('',#2383,.T.);
#1756=FACE_OUTER_BOUND('',#2384,.T.);
#1757=FACE_OUTER_BOUND('',#2385,.T.);
#1758=FACE_OUTER_BOUND('',#2386,.T.);
#1759=FACE_OUTER_BOUND('',#2387,.T.);
#1760=FACE_OUTER_BOUND('',#2388,.T.);
#1761=FACE_OUTER_BOUND('',#2389,.T.);
#1762=FACE_OUTER_BOUND('',#2390,.T.);
#1763=FACE_OUTER_BOUND('',#2391,.T.);
#1764=FACE_OUTER_BOUND('',#2392,.T.);
#1765=FACE_OUTER_BOUND('',#2393,.T.);
#1766=FACE_OUTER_BOUND('',#2394,.T.);
#1767=FACE_OUTER_BOUND('',#2395,.T.);
#1768=FACE_OUTER_BOUND('',#2396,.T.);
#1769=FACE_OUTER_BOUND('',#2397,.T.);
#1770=FACE_OUTER_BOUND('',#2398,.T.);
#1771=FACE_OUTER_BOUND('',#2399,.T.);
#1772=FACE_OUTER_BOUND('',#2400,.T.);
#1773=FACE_OUTER_BOUND('',#2401,.T.);
#1774=FACE_OUTER_BOUND('',#2402,.T.);
#1775=FACE_OUTER_BOUND('',#2403,.T.);
#1776=FACE_OUTER_BOUND('',#2404,.T.);
#1777=FACE_OUTER_BOUND('',#2405,.T.);
#1778=FACE_OUTER_BOUND('',#2406,.T.);
#1779=FACE_OUTER_BOUND('',#2407,.T.);
#1780=FACE_OUTER_BOUND('',#2408,.T.);
#1781=FACE_OUTER_BOUND('',#2409,.T.);
#1782=FACE_OUTER_BOUND('',#2410,.T.);
#1783=FACE_OUTER_BOUND('',#2411,.T.);
#1784=FACE_OUTER_BOUND('',#2412,.T.);
#1785=FACE_OUTER_BOUND('',#2413,.T.);
#1786=FACE_OUTER_BOUND('',#2414,.T.);
#1787=FACE_OUTER_BOUND('',#2415,.T.);
#1788=FACE_OUTER_BOUND('',#2416,.T.);
#1789=FACE_OUTER_BOUND('',#2417,.T.);
#1790=FACE_OUTER_BOUND('',#2418,.T.);
#1791=FACE_OUTER_BOUND('',#2419,.T.);
#1792=FACE_OUTER_BOUND('',#2420,.T.);
#1793=FACE_OUTER_BOUND('',#2421,.T.);
#1794=FACE_OUTER_BOUND('',#2422,.T.);
#1795=FACE_OUTER_BOUND('',#2423,.T.);
#1796=FACE_OUTER_BOUND('',#2424,.T.);
#1797=FACE_OUTER_BOUND('',#2425,.T.);
#1798=FACE_OUTER_BOUND('',#2426,.T.);
#1799=FACE_OUTER_BOUND('',#2427,.T.);
#1800=FACE_OUTER_BOUND('',#2428,.T.);
#1801=FACE_OUTER_BOUND('',#2429,.T.);
#1802=FACE_OUTER_BOUND('',#2430,.T.);
#1803=FACE_OUTER_BOUND('',#2431,.T.);
#1804=FACE_OUTER_BOUND('',#2432,.T.);
#1805=FACE_OUTER_BOUND('',#2433,.T.);
#1806=FACE_OUTER_BOUND('',#2434,.T.);
#1807=FACE_OUTER_BOUND('',#2435,.T.);
#1808=FACE_OUTER_BOUND('',#2436,.T.);
#1809=FACE_OUTER_BOUND('',#2437,.T.);
#1810=FACE_OUTER_BOUND('',#2438,.T.);
#1811=FACE_OUTER_BOUND('',#2439,.T.);
#1812=FACE_OUTER_BOUND('',#2440,.T.);
#1813=FACE_OUTER_BOUND('',#2441,.T.);
#1814=FACE_OUTER_BOUND('',#2442,.T.);
#1815=FACE_OUTER_BOUND('',#2443,.T.);
#1816=FACE_OUTER_BOUND('',#2444,.T.);
#1817=FACE_OUTER_BOUND('',#2445,.T.);
#1818=FACE_OUTER_BOUND('',#2446,.T.);
#1819=FACE_OUTER_BOUND('',#2447,.T.);
#1820=FACE_OUTER_BOUND('',#2448,.T.);
#1821=FACE_OUTER_BOUND('',#2449,.T.);
#1822=FACE_OUTER_BOUND('',#2450,.T.);
#1823=FACE_OUTER_BOUND('',#2451,.T.);
#1824=FACE_OUTER_BOUND('',#2452,.T.);
#1825=FACE_OUTER_BOUND('',#2453,.T.);
#1826=FACE_OUTER_BOUND('',#2454,.T.);
#1827=FACE_OUTER_BOUND('',#2455,.T.);
#1828=FACE_OUTER_BOUND('',#2456,.T.);
#1829=FACE_OUTER_BOUND('',#2457,.T.);
#1830=FACE_OUTER_BOUND('',#2458,.T.);
#1831=FACE_OUTER_BOUND('',#2459,.T.);
#1832=FACE_OUTER_BOUND('',#2460,.T.);
#1833=FACE_OUTER_BOUND('',#2461,.T.);
#1834=FACE_OUTER_BOUND('',#2462,.T.);
#1835=FACE_OUTER_BOUND('',#2463,.T.);
#1836=FACE_OUTER_BOUND('',#2464,.T.);
#1837=FACE_OUTER_BOUND('',#2465,.T.);
#1838=FACE_OUTER_BOUND('',#2466,.T.);
#1839=FACE_OUTER_BOUND('',#2467,.T.);
#1840=FACE_OUTER_BOUND('',#2468,.T.);
#1841=FACE_OUTER_BOUND('',#2469,.T.);
#1842=FACE_OUTER_BOUND('',#2470,.T.);
#1843=FACE_OUTER_BOUND('',#2471,.T.);
#1844=FACE_OUTER_BOUND('',#2472,.T.);
#1845=FACE_OUTER_BOUND('',#2473,.T.);
#1846=FACE_OUTER_BOUND('',#2474,.T.);
#1847=FACE_OUTER_BOUND('',#2475,.T.);
#1848=FACE_OUTER_BOUND('',#2476,.T.);
#1849=FACE_OUTER_BOUND('',#2477,.T.);
#1850=FACE_OUTER_BOUND('',#2478,.T.);
#1851=FACE_OUTER_BOUND('',#2479,.T.);
#1852=FACE_OUTER_BOUND('',#2480,.T.);
#1853=FACE_OUTER_BOUND('',#2481,.T.);
#1854=FACE_OUTER_BOUND('',#2482,.T.);
#1855=FACE_OUTER_BOUND('',#2483,.T.);
#1856=FACE_OUTER_BOUND('',#2484,.T.);
#1857=FACE_OUTER_BOUND('',#2485,.T.);
#1858=FACE_OUTER_BOUND('',#2486,.T.);
#1859=FACE_OUTER_BOUND('',#2487,.T.);
#1860=FACE_OUTER_BOUND('',#2488,.T.);
#1861=FACE_OUTER_BOUND('',#2489,.T.);
#1862=FACE_OUTER_BOUND('',#2490,.T.);
#1863=FACE_OUTER_BOUND('',#2491,.T.);
#1864=FACE_OUTER_BOUND('',#2492,.T.);
#1865=FACE_OUTER_BOUND('',#2493,.T.);
#1866=FACE_OUTER_BOUND('',#2494,.T.);
#1867=FACE_OUTER_BOUND('',#2495,.T.);
#1868=FACE_OUTER_BOUND('',#2496,.T.);
#1869=FACE_OUTER_BOUND('',#2497,.T.);
#1870=FACE_OUTER_BOUND('',#2498,.T.);
#1871=FACE_OUTER_BOUND('',#2499,.T.);
#1872=FACE_OUTER_BOUND('',#2500,.T.);
#1873=FACE_OUTER_BOUND('',#2501,.T.);
#1874=FACE_OUTER_BOUND('',#2502,.T.);
#1875=FACE_OUTER_BOUND('',#2503,.T.);
#1876=FACE_OUTER_BOUND('',#2504,.T.);
#1877=FACE_OUTER_BOUND('',#2505,.T.);
#1878=FACE_OUTER_BOUND('',#2506,.T.);
#1879=FACE_OUTER_BOUND('',#2507,.T.);
#1880=FACE_OUTER_BOUND('',#2508,.T.);
#1881=FACE_OUTER_BOUND('',#2509,.T.);
#1882=FACE_OUTER_BOUND('',#2510,.T.);
#1883=FACE_OUTER_BOUND('',#2511,.T.);
#1884=FACE_OUTER_BOUND('',#2512,.T.);
#1885=FACE_OUTER_BOUND('',#2513,.T.);
#1886=FACE_OUTER_BOUND('',#2514,.T.);
#1887=FACE_OUTER_BOUND('',#2515,.T.);
#1888=FACE_OUTER_BOUND('',#2516,.T.);
#1889=FACE_OUTER_BOUND('',#2517,.T.);
#1890=FACE_OUTER_BOUND('',#2518,.T.);
#1891=FACE_OUTER_BOUND('',#2519,.T.);
#1892=FACE_OUTER_BOUND('',#2520,.T.);
#1893=FACE_OUTER_BOUND('',#2521,.T.);
#1894=FACE_OUTER_BOUND('',#2522,.T.);
#1895=FACE_OUTER_BOUND('',#2523,.T.);
#1896=FACE_OUTER_BOUND('',#2524,.T.);
#1897=FACE_OUTER_BOUND('',#2525,.T.);
#1898=FACE_OUTER_BOUND('',#2526,.T.);
#1899=FACE_OUTER_BOUND('',#2527,.T.);
#1900=FACE_OUTER_BOUND('',#2528,.T.);
#1901=FACE_OUTER_BOUND('',#2529,.T.);
#1902=FACE_OUTER_BOUND('',#2530,.T.);
#1903=FACE_OUTER_BOUND('',#2531,.T.);
#1904=FACE_OUTER_BOUND('',#2532,.T.);
#1905=FACE_OUTER_BOUND('',#2533,.T.);
#1906=FACE_OUTER_BOUND('',#2534,.T.);
#1907=FACE_OUTER_BOUND('',#2535,.T.);
#1908=FACE_OUTER_BOUND('',#2536,.T.);
#1909=FACE_OUTER_BOUND('',#2537,.T.);
#1910=FACE_OUTER_BOUND('',#2538,.T.);
#1911=FACE_OUTER_BOUND('',#2539,.T.);
#1912=FACE_OUTER_BOUND('',#2540,.T.);
#1913=FACE_OUTER_BOUND('',#2541,.T.);
#1914=FACE_OUTER_BOUND('',#2542,.T.);
#1915=FACE_OUTER_BOUND('',#2543,.T.);
#1916=FACE_OUTER_BOUND('',#2544,.T.);
#1917=FACE_OUTER_BOUND('',#2545,.T.);
#1918=FACE_OUTER_BOUND('',#2546,.T.);
#1919=FACE_OUTER_BOUND('',#2547,.T.);
#1920=FACE_OUTER_BOUND('',#2548,.T.);
#1921=FACE_OUTER_BOUND('',#2549,.T.);
#1922=FACE_OUTER_BOUND('',#2550,.T.);
#1923=FACE_OUTER_BOUND('',#2551,.T.);
#1924=FACE_OUTER_BOUND('',#2552,.T.);
#1925=FACE_OUTER_BOUND('',#2553,.T.);
#1926=FACE_OUTER_BOUND('',#2554,.T.);
#1927=FACE_OUTER_BOUND('',#2555,.T.);
#1928=FACE_OUTER_BOUND('',#2556,.T.);
#1929=FACE_OUTER_BOUND('',#2557,.T.);
#1930=FACE_OUTER_BOUND('',#2558,.T.);
#1931=FACE_OUTER_BOUND('',#2559,.T.);
#1932=FACE_OUTER_BOUND('',#2560,.T.);
#1933=FACE_OUTER_BOUND('',#2561,.T.);
#1934=FACE_OUTER_BOUND('',#2562,.T.);
#1935=FACE_OUTER_BOUND('',#2563,.T.);
#1936=FACE_OUTER_BOUND('',#2564,.T.);
#1937=FACE_OUTER_BOUND('',#2565,.T.);
#1938=FACE_OUTER_BOUND('',#2566,.T.);
#1939=FACE_OUTER_BOUND('',#2567,.T.);
#1940=FACE_OUTER_BOUND('',#2568,.T.);
#1941=FACE_OUTER_BOUND('',#2569,.T.);
#1942=FACE_OUTER_BOUND('',#2570,.T.);
#1943=FACE_OUTER_BOUND('',#2571,.T.);
#1944=FACE_OUTER_BOUND('',#2572,.T.);
#1945=FACE_OUTER_BOUND('',#2573,.T.);
#1946=FACE_OUTER_BOUND('',#2574,.T.);
#1947=FACE_OUTER_BOUND('',#2575,.T.);
#1948=FACE_OUTER_BOUND('',#2576,.T.);
#1949=FACE_OUTER_BOUND('',#2577,.T.);
#1950=FACE_OUTER_BOUND('',#2578,.T.);
#1951=FACE_OUTER_BOUND('',#2579,.T.);
#1952=FACE_OUTER_BOUND('',#2580,.T.);
#1953=FACE_OUTER_BOUND('',#2581,.T.);
#1954=FACE_OUTER_BOUND('',#2582,.T.);
#1955=FACE_OUTER_BOUND('',#2583,.T.);
#1956=FACE_OUTER_BOUND('',#2584,.T.);
#1957=FACE_OUTER_BOUND('',#2585,.T.);
#1958=FACE_OUTER_BOUND('',#2586,.T.);
#1959=FACE_OUTER_BOUND('',#2587,.T.);
#1960=FACE_OUTER_BOUND('',#2588,.T.);
#1961=FACE_OUTER_BOUND('',#2589,.T.);
#1962=FACE_OUTER_BOUND('',#2590,.T.);
#1963=FACE_OUTER_BOUND('',#2591,.T.);
#1964=FACE_OUTER_BOUND('',#2592,.T.);
#1965=FACE_OUTER_BOUND('',#2593,.T.);
#1966=FACE_OUTER_BOUND('',#2594,.T.);
#1967=FACE_OUTER_BOUND('',#2595,.T.);
#1968=FACE_OUTER_BOUND('',#2596,.T.);
#1969=FACE_OUTER_BOUND('',#2597,.T.);
#1970=FACE_OUTER_BOUND('',#2598,.T.);
#1971=FACE_OUTER_BOUND('',#2599,.T.);
#1972=FACE_OUTER_BOUND('',#2600,.T.);
#1973=FACE_OUTER_BOUND('',#2601,.T.);
#1974=FACE_OUTER_BOUND('',#2604,.T.);
#1975=FACE_OUTER_BOUND('',#2605,.T.);
#1976=FACE_OUTER_BOUND('',#2608,.T.);
#1977=FACE_OUTER_BOUND('',#2609,.T.);
#1978=FACE_OUTER_BOUND('',#2610,.T.);
#1979=FACE_OUTER_BOUND('',#2611,.T.);
#1980=FACE_OUTER_BOUND('',#2614,.T.);
#1981=FACE_OUTER_BOUND('',#2615,.T.);
#1982=FACE_OUTER_BOUND('',#2616,.T.);
#1983=FACE_OUTER_BOUND('',#2617,.T.);
#1984=FACE_OUTER_BOUND('',#2618,.T.);
#1985=FACE_OUTER_BOUND('',#2619,.T.);
#1986=FACE_OUTER_BOUND('',#2620,.T.);
#1987=FACE_OUTER_BOUND('',#2621,.T.);
#1988=FACE_OUTER_BOUND('',#2622,.T.);
#1989=FACE_OUTER_BOUND('',#2623,.T.);
#1990=FACE_OUTER_BOUND('',#2624,.T.);
#1991=FACE_OUTER_BOUND('',#2625,.T.);
#1992=FACE_OUTER_BOUND('',#2626,.T.);
#1993=FACE_OUTER_BOUND('',#2627,.T.);
#1994=FACE_OUTER_BOUND('',#2628,.T.);
#1995=FACE_OUTER_BOUND('',#2629,.T.);
#1996=FACE_OUTER_BOUND('',#2630,.T.);
#1997=FACE_OUTER_BOUND('',#2631,.T.);
#1998=FACE_OUTER_BOUND('',#2632,.T.);
#1999=FACE_OUTER_BOUND('',#2633,.T.);
#2000=FACE_OUTER_BOUND('',#2634,.T.);
#2001=FACE_OUTER_BOUND('',#2635,.T.);
#2002=FACE_OUTER_BOUND('',#2636,.T.);
#2003=FACE_OUTER_BOUND('',#2637,.T.);
#2004=FACE_OUTER_BOUND('',#2638,.T.);
#2005=FACE_OUTER_BOUND('',#2639,.T.);
#2006=FACE_OUTER_BOUND('',#2640,.T.);
#2007=FACE_OUTER_BOUND('',#2641,.T.);
#2008=FACE_OUTER_BOUND('',#2642,.T.);
#2009=FACE_OUTER_BOUND('',#2643,.T.);
#2010=FACE_OUTER_BOUND('',#2644,.T.);
#2011=FACE_OUTER_BOUND('',#2645,.T.);
#2012=FACE_OUTER_BOUND('',#2646,.T.);
#2013=FACE_OUTER_BOUND('',#2647,.T.);
#2014=FACE_OUTER_BOUND('',#2648,.T.);
#2015=FACE_OUTER_BOUND('',#2649,.T.);
#2016=FACE_OUTER_BOUND('',#2650,.T.);
#2017=FACE_OUTER_BOUND('',#2651,.T.);
#2018=FACE_OUTER_BOUND('',#2652,.T.);
#2019=FACE_OUTER_BOUND('',#2653,.T.);
#2020=FACE_OUTER_BOUND('',#2654,.T.);
#2021=FACE_OUTER_BOUND('',#2655,.T.);
#2022=FACE_OUTER_BOUND('',#2656,.T.);
#2023=FACE_OUTER_BOUND('',#2657,.T.);
#2024=FACE_OUTER_BOUND('',#2658,.T.);
#2025=FACE_OUTER_BOUND('',#2659,.T.);
#2026=FACE_OUTER_BOUND('',#2660,.T.);
#2027=FACE_OUTER_BOUND('',#2661,.T.);
#2028=EDGE_LOOP('',(#2662,#2663,#2664,#2665,#2666,#2667,#2668,#2669));
#2029=EDGE_LOOP('',(#2670,#2671,#2672,#2673));
#2030=EDGE_LOOP('',(#2674,#2675,#2676,#2677));
#2031=EDGE_LOOP('',(#2678,#2679,#2680,#2681,#2682,#2683,#2684,#2685,#2686,
#2687,#2688,#2689,#2690,#2691,#2692,#2693,#2694,#2695,#2696,#2697,#2698,
#2699,#2700,#2701,#2702,#2703,#2704,#2705,#2706,#2707,#2708,#2709,#2710,
#2711,#2712,#2713,#2714,#2715,#2716,#2717,#2718,#2719,#2720,#2721,#2722,
#2723,#2724,#2725,#2726,#2727,#2728,#2729,#2730,#2731,#2732,#2733,#2734,
#2735,#2736,#2737,#2738,#2739,#2740,#2741,#2742,#2743,#2744,#2745,#2746,
#2747,#2748,#2749,#2750,#2751,#2752,#2753,#2754,#2755,#2756,#2757,#2758,
#2759,#2760,#2761,#2762,#2763,#2764,#2765,#2766,#2767,#2768,#2769,#2770,
#2771,#2772,#2773,#2774,#2775,#2776,#2777));
#2032=EDGE_LOOP('',(#2778,#2779,#2780,#2781));
#2033=EDGE_LOOP('',(#2782,#2783,#2784,#2785,#2786,#2787,#2788,#2789,#2790,
#2791,#2792,#2793,#2794));
#2034=EDGE_LOOP('',(#2795,#2796,#2797,#2798,#2799,#2800,#2801));
#2035=EDGE_LOOP('',(#2802,#2803,#2804,#2805,#2806,#2807,#2808,#2809,#2810));
#2036=EDGE_LOOP('',(#2811,#2812,#2813,#2814));
#2037=EDGE_LOOP('',(#2815,#2816,#2817,#2818));
#2038=EDGE_LOOP('',(#2819,#2820,#2821,#2822,#2823,#2824));
#2039=EDGE_LOOP('',(#2825,#2826,#2827,#2828,#2829,#2830));
#2040=EDGE_LOOP('',(#2831,#2832,#2833,#2834,#2835,#2836,#2837,#2838));
#2041=EDGE_LOOP('',(#2839,#2840,#2841,#2842,#2843,#2844,#2845,#2846,#2847));
#2042=EDGE_LOOP('',(#2848,#2849,#2850,#2851,#2852,#2853,#2854));
#2043=EDGE_LOOP('',(#2855,#2856,#2857,#2858,#2859,#2860,#2861,#2862,#2863,
#2864,#2865,#2866,#2867));
#2044=EDGE_LOOP('',(#2868,#2869,#2870,#2871));
#2045=EDGE_LOOP('',(#2872,#2873,#2874,#2875));
#2046=EDGE_LOOP('',(#2876,#2877,#2878,#2879,#2880,#2881));
#2047=EDGE_LOOP('',(#2882,#2883,#2884,#2885,#2886,#2887));
#2048=EDGE_LOOP('',(#2888,#2889,#2890,#2891,#2892,#2893,#2894,#2895));
#2049=EDGE_LOOP('',(#2896,#2897,#2898,#2899,#2900,#2901,#2902,#2903,#2904,
#2905,#2906,#2907,#2908,#2909,#2910,#2911,#2912,#2913,#2914,#2915,#2916,
#2917,#2918,#2919,#2920,#2921,#2922,#2923,#2924,#2925,#2926,#2927,#2928,
#2929,#2930,#2931,#2932,#2933,#2934,#2935,#2936,#2937,#2938,#2939,#2940,
#2941,#2942,#2943,#2944,#2945,#2946,#2947,#2948,#2949,#2950,#2951,#2952,
#2953,#2954,#2955,#2956,#2957,#2958,#2959,#2960,#2961,#2962,#2963,#2964,
#2965,#2966,#2967,#2968,#2969,#2970,#2971,#2972,#2973,#2974,#2975,#2976,
#2977,#2978,#2979,#2980,#2981,#2982,#2983,#2984,#2985,#2986,#2987,#2988,
#2989,#2990,#2991,#2992,#2993,#2994,#2995,#2996,#2997,#2998,#2999,#3000,
#3001,#3002,#3003,#3004,#3005,#3006,#3007));
#2050=EDGE_LOOP('',(#3008,#3009,#3010,#3011,#3012,#3013,#3014,#3015,#3016,
#3017,#3018,#3019,#3020,#3021,#3022,#3023,#3024,#3025,#3026,#3027,#3028,
#3029,#3030,#3031,#3032,#3033,#3034,#3035,#3036,#3037,#3038,#3039,#3040,
#3041,#3042,#3043,#3044,#3045,#3046,#3047,#3048,#3049,#3050,#3051,#3052,
#3053,#3054,#3055,#3056,#3057,#3058,#3059,#3060,#3061,#3062,#3063,#3064,
#3065,#3066,#3067,#3068,#3069,#3070,#3071,#3072,#3073,#3074,#3075,#3076,
#3077,#3078,#3079,#3080,#3081,#3082,#3083,#3084,#3085,#3086,#3087,#3088,
#3089,#3090,#3091,#3092,#3093,#3094,#3095,#3096,#3097,#3098,#3099,#3100,
#3101,#3102,#3103,#3104,#3105,#3106,#3107,#3108,#3109,#3110,#3111,#3112,
#3113,#3114,#3115,#3116,#3117,#3118,#3119,#3120,#3121,#3122,#3123,#3124,
#3125,#3126,#3127,#3128,#3129,#3130,#3131,#3132,#3133,#3134,#3135,#3136,
#3137,#3138,#3139));
#2051=EDGE_LOOP('',(#3140,#3141,#3142,#3143));
#2052=EDGE_LOOP('',(#3144,#3145,#3146,#3147,#3148,#3149));
#2053=EDGE_LOOP('',(#3150,#3151,#3152,#3153,#3154,#3155,#3156,#3157,#3158,
#3159));
#2054=EDGE_LOOP('',(#3160,#3161,#3162,#3163,#3164,#3165,#3166,#3167,#3168,
#3169));
#2055=EDGE_LOOP('',(#3170,#3171,#3172,#3173));
#2056=EDGE_LOOP('',(#3174,#3175,#3176,#3177));
#2057=EDGE_LOOP('',(#3178,#3179,#3180,#3181,#3182,#3183));
#2058=EDGE_LOOP('',(#3184,#3185,#3186,#3187));
#2059=EDGE_LOOP('',(#3188,#3189,#3190,#3191));
#2060=EDGE_LOOP('',(#3192,#3193,#3194,#3195,#3196,#3197,#3198,#3199,#3200,
#3201,#3202,#3203,#3204,#3205,#3206,#3207,#3208,#3209,#3210,#3211));
#2061=EDGE_LOOP('',(#3212,#3213,#3214,#3215));
#2062=EDGE_LOOP('',(#3216,#3217,#3218,#3219,#3220));
#2063=EDGE_LOOP('',(#3221,#3222,#3223,#3224,#3225));
#2064=EDGE_LOOP('',(#3226,#3227,#3228,#3229));
#2065=EDGE_LOOP('',(#3230,#3231,#3232,#3233,#3234,#3235,#3236,#3237,#3238,
#3239,#3240,#3241,#3242,#3243,#3244,#3245,#3246,#3247,#3248,#3249,#3250,
#3251,#3252,#3253,#3254,#3255,#3256,#3257,#3258,#3259,#3260,#3261,#3262,
#3263,#3264,#3265,#3266,#3267,#3268,#3269,#3270,#3271,#3272,#3273,#3274,
#3275,#3276,#3277,#3278,#3279,#3280,#3281,#3282,#3283,#3284,#3285,#3286,
#3287,#3288,#3289,#3290,#3291,#3292,#3293,#3294,#3295,#3296,#3297,#3298,
#3299,#3300,#3301,#3302,#3303,#3304,#3305,#3306,#3307,#3308,#3309,#3310,
#3311,#3312,#3313,#3314,#3315,#3316,#3317,#3318,#3319,#3320,#3321,#3322,
#3323,#3324,#3325,#3326,#3327,#3328,#3329,#3330,#3331,#3332,#3333));
#2066=EDGE_LOOP('',(#3334,#3335,#3336,#3337));
#2067=EDGE_LOOP('',(#3338,#3339,#3340,#3341));
#2068=EDGE_LOOP('',(#3342,#3343,#3344,#3345));
#2069=EDGE_LOOP('',(#3346,#3347,#3348,#3349));
#2070=EDGE_LOOP('',(#3350,#3351,#3352,#3353));
#2071=EDGE_LOOP('',(#3354,#3355,#3356,#3357));
#2072=EDGE_LOOP('',(#3358,#3359,#3360,#3361));
#2073=EDGE_LOOP('',(#3362,#3363,#3364,#3365));
#2074=EDGE_LOOP('',(#3366,#3367,#3368,#3369));
#2075=EDGE_LOOP('',(#3370,#3371,#3372,#3373));
#2076=EDGE_LOOP('',(#3374,#3375,#3376,#3377));
#2077=EDGE_LOOP('',(#3378,#3379,#3380,#3381));
#2078=EDGE_LOOP('',(#3382,#3383,#3384,#3385));
#2079=EDGE_LOOP('',(#3386,#3387,#3388,#3389));
#2080=EDGE_LOOP('',(#3390,#3391,#3392,#3393));
#2081=EDGE_LOOP('',(#3394,#3395,#3396,#3397));
#2082=EDGE_LOOP('',(#3398,#3399,#3400,#3401));
#2083=EDGE_LOOP('',(#3402,#3403,#3404,#3405));
#2084=EDGE_LOOP('',(#3406,#3407,#3408,#3409));
#2085=EDGE_LOOP('',(#3410,#3411,#3412,#3413));
#2086=EDGE_LOOP('',(#3414,#3415,#3416,#3417));
#2087=EDGE_LOOP('',(#3418,#3419,#3420,#3421));
#2088=EDGE_LOOP('',(#3422,#3423,#3424,#3425));
#2089=EDGE_LOOP('',(#3426,#3427,#3428,#3429));
#2090=EDGE_LOOP('',(#3430,#3431,#3432,#3433));
#2091=EDGE_LOOP('',(#3434,#3435,#3436,#3437,#3438,#3439,#3440,#3441));
#2092=EDGE_LOOP('',(#3442,#3443,#3444,#3445,#3446,#3447,#3448,#3449));
#2093=EDGE_LOOP('',(#3450,#3451,#3452,#3453,#3454,#3455,#3456,#3457));
#2094=EDGE_LOOP('',(#3458,#3459,#3460,#3461));
#2095=EDGE_LOOP('',(#3462,#3463,#3464,#3465));
#2096=EDGE_LOOP('',(#3466,#3467,#3468,#3469));
#2097=EDGE_LOOP('',(#3470,#3471,#3472,#3473));
#2098=EDGE_LOOP('',(#3474,#3475,#3476,#3477));
#2099=EDGE_LOOP('',(#3478,#3479,#3480,#3481));
#2100=EDGE_LOOP('',(#3482,#3483,#3484,#3485,#3486,#3487));
#2101=EDGE_LOOP('',(#3488,#3489,#3490,#3491));
#2102=EDGE_LOOP('',(#3492,#3493,#3494,#3495,#3496,#3497,#3498,#3499,#3500,
#3501));
#2103=EDGE_LOOP('',(#3502,#3503,#3504,#3505,#3506,#3507));
#2104=EDGE_LOOP('',(#3508,#3509,#3510,#3511,#3512,#3513,#3514,#3515,#3516,
#3517));
#2105=EDGE_LOOP('',(#3518,#3519,#3520,#3521));
#2106=EDGE_LOOP('',(#3522,#3523,#3524,#3525,#3526,#3527));
#2107=EDGE_LOOP('',(#3528,#3529,#3530,#3531));
#2108=EDGE_LOOP('',(#3532,#3533,#3534,#3535,#3536,#3537));
#2109=EDGE_LOOP('',(#3538,#3539,#3540,#3541));
#2110=EDGE_LOOP('',(#3542,#3543,#3544,#3545));
#2111=EDGE_LOOP('',(#3546,#3547,#3548,#3549));
#2112=EDGE_LOOP('',(#3550,#3551,#3552,#3553));
#2113=EDGE_LOOP('',(#3554,#3555,#3556,#3557));
#2114=EDGE_LOOP('',(#3558,#3559,#3560,#3561,#3562,#3563));
#2115=EDGE_LOOP('',(#3564,#3565,#3566,#3567,#3568,#3569));
#2116=EDGE_LOOP('',(#3570,#3571,#3572,#3573));
#2117=EDGE_LOOP('',(#3574,#3575,#3576,#3577));
#2118=EDGE_LOOP('',(#3578,#3579,#3580,#3581));
#2119=EDGE_LOOP('',(#3582,#3583,#3584,#3585));
#2120=EDGE_LOOP('',(#3586,#3587,#3588,#3589));
#2121=EDGE_LOOP('',(#3590,#3591,#3592,#3593));
#2122=EDGE_LOOP('',(#3594,#3595,#3596,#3597));
#2123=EDGE_LOOP('',(#3598,#3599,#3600,#3601,#3602,#3603,#3604,#3605));
#2124=EDGE_LOOP('',(#3606,#3607,#3608,#3609,#3610,#3611,#3612,#3613));
#2125=EDGE_LOOP('',(#3614,#3615,#3616,#3617));
#2126=EDGE_LOOP('',(#3618,#3619,#3620,#3621));
#2127=EDGE_LOOP('',(#3622,#3623,#3624,#3625));
#2128=EDGE_LOOP('',(#3626,#3627,#3628,#3629));
#2129=EDGE_LOOP('',(#3630,#3631,#3632,#3633));
#2130=EDGE_LOOP('',(#3634,#3635,#3636,#3637));
#2131=EDGE_LOOP('',(#3638,#3639,#3640,#3641));
#2132=EDGE_LOOP('',(#3642,#3643,#3644,#3645));
#2133=EDGE_LOOP('',(#3646,#3647,#3648,#3649,#3650,#3651));
#2134=EDGE_LOOP('',(#3652,#3653,#3654,#3655,#3656,#3657));
#2135=EDGE_LOOP('',(#3658,#3659,#3660,#3661));
#2136=EDGE_LOOP('',(#3662,#3663,#3664,#3665));
#2137=EDGE_LOOP('',(#3666,#3667,#3668,#3669));
#2138=EDGE_LOOP('',(#3670,#3671,#3672,#3673));
#2139=EDGE_LOOP('',(#3674,#3675,#3676,#3677));
#2140=EDGE_LOOP('',(#3678,#3679,#3680,#3681,#3682,#3683));
#2141=EDGE_LOOP('',(#3684,#3685,#3686,#3687,#3688,#3689));
#2142=EDGE_LOOP('',(#3690,#3691,#3692,#3693));
#2143=EDGE_LOOP('',(#3694,#3695,#3696,#3697));
#2144=EDGE_LOOP('',(#3698,#3699,#3700,#3701));
#2145=EDGE_LOOP('',(#3702,#3703,#3704,#3705));
#2146=EDGE_LOOP('',(#3706,#3707,#3708,#3709));
#2147=EDGE_LOOP('',(#3710,#3711,#3712,#3713,#3714,#3715));
#2148=EDGE_LOOP('',(#3716,#3717,#3718,#3719,#3720,#3721));
#2149=EDGE_LOOP('',(#3722,#3723,#3724,#3725));
#2150=EDGE_LOOP('',(#3726,#3727,#3728,#3729));
#2151=EDGE_LOOP('',(#3730,#3731,#3732,#3733));
#2152=EDGE_LOOP('',(#3734,#3735,#3736,#3737));
#2153=EDGE_LOOP('',(#3738,#3739,#3740,#3741));
#2154=EDGE_LOOP('',(#3742,#3743,#3744,#3745,#3746,#3747));
#2155=EDGE_LOOP('',(#3748,#3749,#3750,#3751,#3752,#3753));
#2156=EDGE_LOOP('',(#3754,#3755,#3756,#3757));
#2157=EDGE_LOOP('',(#3758,#3759,#3760,#3761));
#2158=EDGE_LOOP('',(#3762,#3763,#3764,#3765));
#2159=EDGE_LOOP('',(#3766,#3767,#3768,#3769));
#2160=EDGE_LOOP('',(#3770,#3771,#3772,#3773));
#2161=EDGE_LOOP('',(#3774,#3775,#3776,#3777,#3778,#3779));
#2162=EDGE_LOOP('',(#3780,#3781,#3782,#3783,#3784,#3785));
#2163=EDGE_LOOP('',(#3786,#3787,#3788,#3789));
#2164=EDGE_LOOP('',(#3790,#3791,#3792,#3793));
#2165=EDGE_LOOP('',(#3794,#3795,#3796,#3797));
#2166=EDGE_LOOP('',(#3798,#3799,#3800,#3801));
#2167=EDGE_LOOP('',(#3802,#3803,#3804,#3805));
#2168=EDGE_LOOP('',(#3806,#3807,#3808,#3809,#3810,#3811));
#2169=EDGE_LOOP('',(#3812,#3813,#3814,#3815,#3816,#3817));
#2170=EDGE_LOOP('',(#3818,#3819,#3820,#3821));
#2171=EDGE_LOOP('',(#3822,#3823,#3824,#3825));
#2172=EDGE_LOOP('',(#3826,#3827,#3828,#3829));
#2173=EDGE_LOOP('',(#3830,#3831,#3832,#3833));
#2174=EDGE_LOOP('',(#3834,#3835,#3836,#3837));
#2175=EDGE_LOOP('',(#3838,#3839,#3840,#3841,#3842,#3843));
#2176=EDGE_LOOP('',(#3844,#3845,#3846,#3847,#3848,#3849));
#2177=EDGE_LOOP('',(#3850,#3851,#3852,#3853));
#2178=EDGE_LOOP('',(#3854,#3855,#3856,#3857));
#2179=EDGE_LOOP('',(#3858,#3859,#3860,#3861));
#2180=EDGE_LOOP('',(#3862,#3863,#3864,#3865));
#2181=EDGE_LOOP('',(#3866,#3867,#3868,#3869));
#2182=EDGE_LOOP('',(#3870,#3871,#3872,#3873,#3874,#3875));
#2183=EDGE_LOOP('',(#3876,#3877,#3878,#3879,#3880,#3881));
#2184=EDGE_LOOP('',(#3882,#3883,#3884,#3885));
#2185=EDGE_LOOP('',(#3886,#3887,#3888,#3889));
#2186=EDGE_LOOP('',(#3890,#3891,#3892,#3893));
#2187=EDGE_LOOP('',(#3894,#3895,#3896,#3897));
#2188=EDGE_LOOP('',(#3898,#3899,#3900,#3901));
#2189=EDGE_LOOP('',(#3902,#3903,#3904,#3905,#3906,#3907));
#2190=EDGE_LOOP('',(#3908,#3909,#3910,#3911,#3912,#3913));
#2191=EDGE_LOOP('',(#3914,#3915,#3916,#3917));
#2192=EDGE_LOOP('',(#3918,#3919,#3920,#3921));
#2193=EDGE_LOOP('',(#3922,#3923,#3924,#3925));
#2194=EDGE_LOOP('',(#3926,#3927,#3928,#3929));
#2195=EDGE_LOOP('',(#3930,#3931,#3932,#3933));
#2196=EDGE_LOOP('',(#3934,#3935,#3936,#3937,#3938,#3939));
#2197=EDGE_LOOP('',(#3940,#3941,#3942,#3943,#3944,#3945));
#2198=EDGE_LOOP('',(#3946,#3947,#3948,#3949));
#2199=EDGE_LOOP('',(#3950,#3951,#3952,#3953));
#2200=EDGE_LOOP('',(#3954,#3955,#3956,#3957));
#2201=EDGE_LOOP('',(#3958,#3959,#3960,#3961));
#2202=EDGE_LOOP('',(#3962,#3963,#3964,#3965));
#2203=EDGE_LOOP('',(#3966,#3967,#3968,#3969,#3970,#3971));
#2204=EDGE_LOOP('',(#3972,#3973,#3974,#3975,#3976,#3977));
#2205=EDGE_LOOP('',(#3978,#3979,#3980,#3981));
#2206=EDGE_LOOP('',(#3982,#3983,#3984,#3985));
#2207=EDGE_LOOP('',(#3986,#3987,#3988,#3989));
#2208=EDGE_LOOP('',(#3990,#3991,#3992,#3993));
#2209=EDGE_LOOP('',(#3994,#3995,#3996,#3997));
#2210=EDGE_LOOP('',(#3998,#3999,#4000,#4001,#4002,#4003));
#2211=EDGE_LOOP('',(#4004,#4005,#4006,#4007,#4008,#4009));
#2212=EDGE_LOOP('',(#4010,#4011,#4012,#4013));
#2213=EDGE_LOOP('',(#4014,#4015,#4016,#4017));
#2214=EDGE_LOOP('',(#4018,#4019,#4020,#4021));
#2215=EDGE_LOOP('',(#4022,#4023,#4024,#4025));
#2216=EDGE_LOOP('',(#4026,#4027,#4028,#4029));
#2217=EDGE_LOOP('',(#4030,#4031,#4032,#4033,#4034,#4035));
#2218=EDGE_LOOP('',(#4036,#4037,#4038,#4039,#4040,#4041));
#2219=EDGE_LOOP('',(#4042,#4043,#4044,#4045));
#2220=EDGE_LOOP('',(#4046,#4047,#4048,#4049));
#2221=EDGE_LOOP('',(#4050,#4051,#4052,#4053));
#2222=EDGE_LOOP('',(#4054,#4055,#4056,#4057));
#2223=EDGE_LOOP('',(#4058,#4059,#4060,#4061));
#2224=EDGE_LOOP('',(#4062,#4063,#4064,#4065,#4066,#4067));
#2225=EDGE_LOOP('',(#4068,#4069,#4070,#4071,#4072,#4073));
#2226=EDGE_LOOP('',(#4074,#4075,#4076,#4077));
#2227=EDGE_LOOP('',(#4078,#4079,#4080,#4081));
#2228=EDGE_LOOP('',(#4082,#4083,#4084,#4085));
#2229=EDGE_LOOP('',(#4086,#4087,#4088,#4089));
#2230=EDGE_LOOP('',(#4090,#4091,#4092,#4093));
#2231=EDGE_LOOP('',(#4094,#4095,#4096,#4097,#4098,#4099));
#2232=EDGE_LOOP('',(#4100,#4101,#4102,#4103,#4104,#4105));
#2233=EDGE_LOOP('',(#4106,#4107,#4108,#4109));
#2234=EDGE_LOOP('',(#4110,#4111,#4112,#4113));
#2235=EDGE_LOOP('',(#4114,#4115,#4116,#4117));
#2236=EDGE_LOOP('',(#4118,#4119,#4120,#4121));
#2237=EDGE_LOOP('',(#4122,#4123,#4124,#4125));
#2238=EDGE_LOOP('',(#4126,#4127,#4128,#4129,#4130,#4131));
#2239=EDGE_LOOP('',(#4132,#4133,#4134,#4135,#4136,#4137));
#2240=EDGE_LOOP('',(#4138,#4139,#4140,#4141));
#2241=EDGE_LOOP('',(#4142,#4143,#4144,#4145));
#2242=EDGE_LOOP('',(#4146,#4147,#4148,#4149));
#2243=EDGE_LOOP('',(#4150,#4151,#4152,#4153));
#2244=EDGE_LOOP('',(#4154,#4155,#4156,#4157));
#2245=EDGE_LOOP('',(#4158,#4159,#4160,#4161,#4162,#4163));
#2246=EDGE_LOOP('',(#4164,#4165,#4166,#4167,#4168,#4169));
#2247=EDGE_LOOP('',(#4170,#4171,#4172,#4173));
#2248=EDGE_LOOP('',(#4174,#4175,#4176,#4177));
#2249=EDGE_LOOP('',(#4178,#4179,#4180,#4181));
#2250=EDGE_LOOP('',(#4182,#4183,#4184,#4185));
#2251=EDGE_LOOP('',(#4186,#4187,#4188,#4189));
#2252=EDGE_LOOP('',(#4190,#4191,#4192,#4193,#4194,#4195));
#2253=EDGE_LOOP('',(#4196,#4197,#4198,#4199,#4200,#4201));
#2254=EDGE_LOOP('',(#4202,#4203,#4204,#4205));
#2255=EDGE_LOOP('',(#4206,#4207,#4208,#4209));
#2256=EDGE_LOOP('',(#4210,#4211,#4212,#4213));
#2257=EDGE_LOOP('',(#4214,#4215,#4216,#4217));
#2258=EDGE_LOOP('',(#4218,#4219,#4220,#4221));
#2259=EDGE_LOOP('',(#4222,#4223,#4224,#4225,#4226,#4227));
#2260=EDGE_LOOP('',(#4228,#4229,#4230,#4231,#4232,#4233));
#2261=EDGE_LOOP('',(#4234,#4235,#4236,#4237));
#2262=EDGE_LOOP('',(#4238,#4239,#4240,#4241));
#2263=EDGE_LOOP('',(#4242,#4243,#4244,#4245));
#2264=EDGE_LOOP('',(#4246,#4247,#4248,#4249));
#2265=EDGE_LOOP('',(#4250,#4251,#4252,#4253));
#2266=EDGE_LOOP('',(#4254,#4255,#4256,#4257,#4258,#4259));
#2267=EDGE_LOOP('',(#4260,#4261,#4262,#4263,#4264,#4265));
#2268=EDGE_LOOP('',(#4266,#4267,#4268,#4269));
#2269=EDGE_LOOP('',(#4270,#4271,#4272,#4273));
#2270=EDGE_LOOP('',(#4274,#4275,#4276,#4277));
#2271=EDGE_LOOP('',(#4278,#4279,#4280,#4281));
#2272=EDGE_LOOP('',(#4282,#4283,#4284,#4285));
#2273=EDGE_LOOP('',(#4286,#4287,#4288,#4289,#4290,#4291));
#2274=EDGE_LOOP('',(#4292,#4293,#4294,#4295,#4296,#4297));
#2275=EDGE_LOOP('',(#4298,#4299,#4300,#4301));
#2276=EDGE_LOOP('',(#4302,#4303,#4304,#4305));
#2277=EDGE_LOOP('',(#4306,#4307,#4308,#4309));
#2278=EDGE_LOOP('',(#4310,#4311,#4312,#4313));
#2279=EDGE_LOOP('',(#4314,#4315,#4316,#4317));
#2280=EDGE_LOOP('',(#4318,#4319,#4320,#4321,#4322,#4323));
#2281=EDGE_LOOP('',(#4324,#4325,#4326,#4327,#4328,#4329));
#2282=EDGE_LOOP('',(#4330,#4331,#4332,#4333));
#2283=EDGE_LOOP('',(#4334,#4335,#4336,#4337));
#2284=EDGE_LOOP('',(#4338,#4339,#4340,#4341));
#2285=EDGE_LOOP('',(#4342,#4343,#4344,#4345));
#2286=EDGE_LOOP('',(#4346,#4347,#4348,#4349));
#2287=EDGE_LOOP('',(#4350,#4351,#4352,#4353,#4354,#4355));
#2288=EDGE_LOOP('',(#4356,#4357,#4358,#4359,#4360,#4361));
#2289=EDGE_LOOP('',(#4362,#4363,#4364,#4365));
#2290=EDGE_LOOP('',(#4366,#4367,#4368,#4369));
#2291=EDGE_LOOP('',(#4370,#4371,#4372,#4373));
#2292=EDGE_LOOP('',(#4374,#4375,#4376,#4377));
#2293=EDGE_LOOP('',(#4378,#4379,#4380,#4381));
#2294=EDGE_LOOP('',(#4382,#4383,#4384,#4385));
#2295=EDGE_LOOP('',(#4386,#4387,#4388,#4389));
#2296=EDGE_LOOP('',(#4390,#4391,#4392,#4393));
#2297=EDGE_LOOP('',(#4394,#4395,#4396,#4397));
#2298=EDGE_LOOP('',(#4398,#4399,#4400,#4401));
#2299=EDGE_LOOP('',(#4402,#4403,#4404,#4405));
#2300=EDGE_LOOP('',(#4406,#4407,#4408,#4409));
#2301=EDGE_LOOP('',(#4410,#4411,#4412,#4413));
#2302=EDGE_LOOP('',(#4414,#4415,#4416,#4417));
#2303=EDGE_LOOP('',(#4418,#4419,#4420,#4421));
#2304=EDGE_LOOP('',(#4422,#4423,#4424,#4425));
#2305=EDGE_LOOP('',(#4426,#4427,#4428,#4429));
#2306=EDGE_LOOP('',(#4430,#4431,#4432,#4433));
#2307=EDGE_LOOP('',(#4434,#4435,#4436,#4437));
#2308=EDGE_LOOP('',(#4438,#4439,#4440,#4441));
#2309=EDGE_LOOP('',(#4442,#4443,#4444,#4445));
#2310=EDGE_LOOP('',(#4446,#4447,#4448,#4449));
#2311=EDGE_LOOP('',(#4450,#4451,#4452,#4453));
#2312=EDGE_LOOP('',(#4454,#4455,#4456,#4457));
#2313=EDGE_LOOP('',(#4458,#4459,#4460,#4461));
#2314=EDGE_LOOP('',(#4462,#4463,#4464,#4465));
#2315=EDGE_LOOP('',(#4466,#4467,#4468,#4469));
#2316=EDGE_LOOP('',(#4470,#4471,#4472,#4473));
#2317=EDGE_LOOP('',(#4474,#4475,#4476,#4477));
#2318=EDGE_LOOP('',(#4478,#4479,#4480,#4481));
#2319=EDGE_LOOP('',(#4482,#4483,#4484,#4485));
#2320=EDGE_LOOP('',(#4486,#4487,#4488,#4489));
#2321=EDGE_LOOP('',(#4490,#4491,#4492,#4493));
#2322=EDGE_LOOP('',(#4494,#4495,#4496,#4497));
#2323=EDGE_LOOP('',(#4498,#4499,#4500,#4501));
#2324=EDGE_LOOP('',(#4502,#4503,#4504,#4505));
#2325=EDGE_LOOP('',(#4506,#4507,#4508,#4509));
#2326=EDGE_LOOP('',(#4510,#4511,#4512,#4513));
#2327=EDGE_LOOP('',(#4514,#4515,#4516,#4517));
#2328=EDGE_LOOP('',(#4518,#4519,#4520,#4521));
#2329=EDGE_LOOP('',(#4522,#4523,#4524,#4525));
#2330=EDGE_LOOP('',(#4526,#4527,#4528,#4529));
#2331=EDGE_LOOP('',(#4530,#4531,#4532,#4533));
#2332=EDGE_LOOP('',(#4534,#4535,#4536,#4537));
#2333=EDGE_LOOP('',(#4538,#4539,#4540,#4541));
#2334=EDGE_LOOP('',(#4542,#4543,#4544,#4545));
#2335=EDGE_LOOP('',(#4546,#4547,#4548,#4549));
#2336=EDGE_LOOP('',(#4550,#4551,#4552,#4553));
#2337=EDGE_LOOP('',(#4554,#4555,#4556,#4557));
#2338=EDGE_LOOP('',(#4558,#4559,#4560,#4561));
#2339=EDGE_LOOP('',(#4562,#4563,#4564,#4565));
#2340=EDGE_LOOP('',(#4566,#4567,#4568,#4569));
#2341=EDGE_LOOP('',(#4570,#4571,#4572,#4573));
#2342=EDGE_LOOP('',(#4574,#4575,#4576,#4577));
#2343=EDGE_LOOP('',(#4578,#4579,#4580,#4581));
#2344=EDGE_LOOP('',(#4582,#4583,#4584,#4585));
#2345=EDGE_LOOP('',(#4586,#4587,#4588,#4589));
#2346=EDGE_LOOP('',(#4590,#4591,#4592,#4593));
#2347=EDGE_LOOP('',(#4594,#4595,#4596,#4597));
#2348=EDGE_LOOP('',(#4598,#4599,#4600,#4601));
#2349=EDGE_LOOP('',(#4602,#4603,#4604,#4605));
#2350=EDGE_LOOP('',(#4606,#4607,#4608,#4609));
#2351=EDGE_LOOP('',(#4610,#4611,#4612,#4613));
#2352=EDGE_LOOP('',(#4614,#4615,#4616,#4617));
#2353=EDGE_LOOP('',(#4618,#4619,#4620,#4621));
#2354=EDGE_LOOP('',(#4622,#4623,#4624,#4625));
#2355=EDGE_LOOP('',(#4626,#4627,#4628,#4629));
#2356=EDGE_LOOP('',(#4630,#4631,#4632,#4633));
#2357=EDGE_LOOP('',(#4634,#4635,#4636,#4637));
#2358=EDGE_LOOP('',(#4638,#4639,#4640,#4641));
#2359=EDGE_LOOP('',(#4642,#4643,#4644,#4645));
#2360=EDGE_LOOP('',(#4646,#4647,#4648,#4649));
#2361=EDGE_LOOP('',(#4650,#4651,#4652,#4653));
#2362=EDGE_LOOP('',(#4654,#4655,#4656,#4657));
#2363=EDGE_LOOP('',(#4658,#4659,#4660,#4661));
#2364=EDGE_LOOP('',(#4662,#4663,#4664,#4665));
#2365=EDGE_LOOP('',(#4666,#4667,#4668,#4669));
#2366=EDGE_LOOP('',(#4670,#4671,#4672,#4673));
#2367=EDGE_LOOP('',(#4674,#4675,#4676,#4677));
#2368=EDGE_LOOP('',(#4678,#4679,#4680,#4681));
#2369=EDGE_LOOP('',(#4682,#4683,#4684,#4685));
#2370=EDGE_LOOP('',(#4686,#4687,#4688,#4689));
#2371=EDGE_LOOP('',(#4690,#4691,#4692,#4693));
#2372=EDGE_LOOP('',(#4694,#4695,#4696,#4697));
#2373=EDGE_LOOP('',(#4698,#4699,#4700,#4701));
#2374=EDGE_LOOP('',(#4702,#4703,#4704,#4705));
#2375=EDGE_LOOP('',(#4706,#4707,#4708,#4709));
#2376=EDGE_LOOP('',(#4710,#4711,#4712,#4713));
#2377=EDGE_LOOP('',(#4714,#4715,#4716,#4717));
#2378=EDGE_LOOP('',(#4718,#4719,#4720,#4721));
#2379=EDGE_LOOP('',(#4722,#4723,#4724,#4725));
#2380=EDGE_LOOP('',(#4726,#4727,#4728,#4729));
#2381=EDGE_LOOP('',(#4730,#4731,#4732,#4733));
#2382=EDGE_LOOP('',(#4734,#4735,#4736,#4737));
#2383=EDGE_LOOP('',(#4738,#4739,#4740,#4741));
#2384=EDGE_LOOP('',(#4742,#4743,#4744,#4745,#4746,#4747,#4748,#4749));
#2385=EDGE_LOOP('',(#4750,#4751,#4752,#4753,#4754,#4755,#4756,#4757));
#2386=EDGE_LOOP('',(#4758,#4759,#4760,#4761));
#2387=EDGE_LOOP('',(#4762,#4763,#4764,#4765));
#2388=EDGE_LOOP('',(#4766,#4767,#4768,#4769));
#2389=EDGE_LOOP('',(#4770,#4771,#4772,#4773));
#2390=EDGE_LOOP('',(#4774,#4775,#4776,#4777));
#2391=EDGE_LOOP('',(#4778,#4779,#4780,#4781));
#2392=EDGE_LOOP('',(#4782,#4783,#4784,#4785,#4786,#4787,#4788,#4789));
#2393=EDGE_LOOP('',(#4790,#4791,#4792,#4793,#4794,#4795,#4796,#4797));
#2394=EDGE_LOOP('',(#4798,#4799,#4800,#4801));
#2395=EDGE_LOOP('',(#4802,#4803,#4804,#4805));
#2396=EDGE_LOOP('',(#4806,#4807,#4808,#4809));
#2397=EDGE_LOOP('',(#4810,#4811,#4812,#4813));
#2398=EDGE_LOOP('',(#4814,#4815,#4816,#4817));
#2399=EDGE_LOOP('',(#4818,#4819,#4820,#4821));
#2400=EDGE_LOOP('',(#4822,#4823,#4824,#4825,#4826,#4827,#4828,#4829));
#2401=EDGE_LOOP('',(#4830,#4831,#4832,#4833,#4834,#4835,#4836,#4837));
#2402=EDGE_LOOP('',(#4838,#4839,#4840,#4841));
#2403=EDGE_LOOP('',(#4842,#4843,#4844,#4845));
#2404=EDGE_LOOP('',(#4846,#4847,#4848,#4849));
#2405=EDGE_LOOP('',(#4850,#4851,#4852,#4853));
#2406=EDGE_LOOP('',(#4854,#4855,#4856,#4857));
#2407=EDGE_LOOP('',(#4858,#4859,#4860,#4861));
#2408=EDGE_LOOP('',(#4862,#4863,#4864,#4865,#4866,#4867,#4868,#4869));
#2409=EDGE_LOOP('',(#4870,#4871,#4872,#4873,#4874,#4875,#4876,#4877));
#2410=EDGE_LOOP('',(#4878,#4879,#4880,#4881));
#2411=EDGE_LOOP('',(#4882,#4883,#4884,#4885));
#2412=EDGE_LOOP('',(#4886,#4887,#4888,#4889));
#2413=EDGE_LOOP('',(#4890,#4891,#4892,#4893));
#2414=EDGE_LOOP('',(#4894,#4895,#4896,#4897));
#2415=EDGE_LOOP('',(#4898,#4899,#4900,#4901));
#2416=EDGE_LOOP('',(#4902,#4903,#4904,#4905,#4906,#4907,#4908,#4909));
#2417=EDGE_LOOP('',(#4910,#4911,#4912,#4913,#4914,#4915,#4916,#4917));
#2418=EDGE_LOOP('',(#4918,#4919,#4920,#4921));
#2419=EDGE_LOOP('',(#4922,#4923,#4924,#4925));
#2420=EDGE_LOOP('',(#4926,#4927,#4928,#4929));
#2421=EDGE_LOOP('',(#4930,#4931,#4932,#4933));
#2422=EDGE_LOOP('',(#4934,#4935,#4936,#4937));
#2423=EDGE_LOOP('',(#4938,#4939,#4940,#4941));
#2424=EDGE_LOOP('',(#4942,#4943,#4944,#4945,#4946,#4947,#4948,#4949));
#2425=EDGE_LOOP('',(#4950,#4951,#4952,#4953,#4954,#4955,#4956,#4957));
#2426=EDGE_LOOP('',(#4958,#4959,#4960,#4961));
#2427=EDGE_LOOP('',(#4962,#4963,#4964,#4965));
#2428=EDGE_LOOP('',(#4966,#4967,#4968,#4969));
#2429=EDGE_LOOP('',(#4970,#4971,#4972,#4973));
#2430=EDGE_LOOP('',(#4974,#4975,#4976,#4977));
#2431=EDGE_LOOP('',(#4978,#4979,#4980,#4981));
#2432=EDGE_LOOP('',(#4982,#4983,#4984,#4985,#4986,#4987,#4988,#4989));
#2433=EDGE_LOOP('',(#4990,#4991,#4992,#4993,#4994,#4995,#4996,#4997));
#2434=EDGE_LOOP('',(#4998,#4999,#5000,#5001));
#2435=EDGE_LOOP('',(#5002,#5003,#5004,#5005));
#2436=EDGE_LOOP('',(#5006,#5007,#5008,#5009));
#2437=EDGE_LOOP('',(#5010,#5011,#5012,#5013));
#2438=EDGE_LOOP('',(#5014,#5015,#5016,#5017));
#2439=EDGE_LOOP('',(#5018,#5019,#5020,#5021));
#2440=EDGE_LOOP('',(#5022,#5023,#5024,#5025,#5026,#5027,#5028,#5029));
#2441=EDGE_LOOP('',(#5030,#5031,#5032,#5033,#5034,#5035,#5036,#5037));
#2442=EDGE_LOOP('',(#5038,#5039,#5040,#5041));
#2443=EDGE_LOOP('',(#5042,#5043,#5044,#5045));
#2444=EDGE_LOOP('',(#5046,#5047,#5048,#5049));
#2445=EDGE_LOOP('',(#5050,#5051,#5052,#5053));
#2446=EDGE_LOOP('',(#5054,#5055,#5056,#5057));
#2447=EDGE_LOOP('',(#5058,#5059,#5060,#5061));
#2448=EDGE_LOOP('',(#5062,#5063,#5064,#5065,#5066,#5067,#5068,#5069));
#2449=EDGE_LOOP('',(#5070,#5071,#5072,#5073,#5074,#5075,#5076,#5077));
#2450=EDGE_LOOP('',(#5078,#5079,#5080,#5081));
#2451=EDGE_LOOP('',(#5082,#5083,#5084,#5085));
#2452=EDGE_LOOP('',(#5086,#5087,#5088,#5089));
#2453=EDGE_LOOP('',(#5090,#5091,#5092,#5093));
#2454=EDGE_LOOP('',(#5094,#5095,#5096,#5097));
#2455=EDGE_LOOP('',(#5098,#5099,#5100,#5101));
#2456=EDGE_LOOP('',(#5102,#5103,#5104,#5105,#5106,#5107,#5108,#5109));
#2457=EDGE_LOOP('',(#5110,#5111,#5112,#5113,#5114,#5115,#5116,#5117));
#2458=EDGE_LOOP('',(#5118,#5119,#5120,#5121));
#2459=EDGE_LOOP('',(#5122,#5123,#5124,#5125));
#2460=EDGE_LOOP('',(#5126,#5127,#5128,#5129));
#2461=EDGE_LOOP('',(#5130,#5131,#5132,#5133));
#2462=EDGE_LOOP('',(#5134,#5135,#5136,#5137));
#2463=EDGE_LOOP('',(#5138,#5139,#5140,#5141));
#2464=EDGE_LOOP('',(#5142,#5143,#5144,#5145,#5146,#5147,#5148,#5149));
#2465=EDGE_LOOP('',(#5150,#5151,#5152,#5153,#5154,#5155,#5156,#5157));
#2466=EDGE_LOOP('',(#5158,#5159,#5160,#5161));
#2467=EDGE_LOOP('',(#5162,#5163,#5164,#5165));
#2468=EDGE_LOOP('',(#5166,#5167,#5168,#5169));
#2469=EDGE_LOOP('',(#5170,#5171,#5172,#5173));
#2470=EDGE_LOOP('',(#5174,#5175,#5176,#5177));
#2471=EDGE_LOOP('',(#5178,#5179,#5180,#5181));
#2472=EDGE_LOOP('',(#5182,#5183,#5184,#5185,#5186,#5187,#5188,#5189));
#2473=EDGE_LOOP('',(#5190,#5191,#5192,#5193,#5194,#5195,#5196,#5197));
#2474=EDGE_LOOP('',(#5198,#5199,#5200,#5201));
#2475=EDGE_LOOP('',(#5202,#5203,#5204,#5205));
#2476=EDGE_LOOP('',(#5206,#5207,#5208,#5209));
#2477=EDGE_LOOP('',(#5210,#5211,#5212,#5213));
#2478=EDGE_LOOP('',(#5214,#5215,#5216,#5217));
#2479=EDGE_LOOP('',(#5218,#5219,#5220,#5221));
#2480=EDGE_LOOP('',(#5222,#5223,#5224,#5225,#5226,#5227,#5228,#5229));
#2481=EDGE_LOOP('',(#5230,#5231,#5232,#5233,#5234,#5235,#5236,#5237));
#2482=EDGE_LOOP('',(#5238,#5239,#5240,#5241));
#2483=EDGE_LOOP('',(#5242,#5243,#5244,#5245));
#2484=EDGE_LOOP('',(#5246,#5247,#5248,#5249));
#2485=EDGE_LOOP('',(#5250,#5251,#5252,#5253));
#2486=EDGE_LOOP('',(#5254,#5255,#5256,#5257));
#2487=EDGE_LOOP('',(#5258,#5259,#5260,#5261));
#2488=EDGE_LOOP('',(#5262,#5263,#5264,#5265,#5266,#5267,#5268,#5269));
#2489=EDGE_LOOP('',(#5270,#5271,#5272,#5273,#5274,#5275,#5276,#5277));
#2490=EDGE_LOOP('',(#5278,#5279,#5280,#5281));
#2491=EDGE_LOOP('',(#5282,#5283,#5284,#5285));
#2492=EDGE_LOOP('',(#5286,#5287,#5288,#5289));
#2493=EDGE_LOOP('',(#5290,#5291,#5292,#5293));
#2494=EDGE_LOOP('',(#5294,#5295,#5296,#5297));
#2495=EDGE_LOOP('',(#5298,#5299,#5300,#5301));
#2496=EDGE_LOOP('',(#5302,#5303,#5304,#5305,#5306,#5307,#5308,#5309));
#2497=EDGE_LOOP('',(#5310,#5311,#5312,#5313,#5314,#5315,#5316,#5317));
#2498=EDGE_LOOP('',(#5318,#5319,#5320,#5321));
#2499=EDGE_LOOP('',(#5322,#5323,#5324,#5325));
#2500=EDGE_LOOP('',(#5326,#5327,#5328,#5329));
#2501=EDGE_LOOP('',(#5330,#5331,#5332,#5333));
#2502=EDGE_LOOP('',(#5334,#5335,#5336,#5337));
#2503=EDGE_LOOP('',(#5338,#5339,#5340,#5341));
#2504=EDGE_LOOP('',(#5342,#5343,#5344,#5345,#5346,#5347,#5348,#5349));
#2505=EDGE_LOOP('',(#5350,#5351,#5352,#5353,#5354,#5355,#5356,#5357));
#2506=EDGE_LOOP('',(#5358,#5359,#5360,#5361));
#2507=EDGE_LOOP('',(#5362,#5363,#5364,#5365));
#2508=EDGE_LOOP('',(#5366,#5367,#5368,#5369));
#2509=EDGE_LOOP('',(#5370,#5371,#5372,#5373));
#2510=EDGE_LOOP('',(#5374,#5375,#5376,#5377));
#2511=EDGE_LOOP('',(#5378,#5379,#5380,#5381));
#2512=EDGE_LOOP('',(#5382,#5383,#5384,#5385,#5386,#5387,#5388,#5389));
#2513=EDGE_LOOP('',(#5390,#5391,#5392,#5393,#5394,#5395,#5396,#5397));
#2514=EDGE_LOOP('',(#5398,#5399,#5400,#5401));
#2515=EDGE_LOOP('',(#5402,#5403,#5404,#5405));
#2516=EDGE_LOOP('',(#5406,#5407,#5408,#5409));
#2517=EDGE_LOOP('',(#5410,#5411,#5412,#5413));
#2518=EDGE_LOOP('',(#5414,#5415,#5416,#5417));
#2519=EDGE_LOOP('',(#5418,#5419,#5420,#5421));
#2520=EDGE_LOOP('',(#5422,#5423,#5424,#5425,#5426,#5427,#5428,#5429));
#2521=EDGE_LOOP('',(#5430,#5431,#5432,#5433,#5434,#5435,#5436,#5437));
#2522=EDGE_LOOP('',(#5438,#5439,#5440,#5441));
#2523=EDGE_LOOP('',(#5442,#5443,#5444,#5445));
#2524=EDGE_LOOP('',(#5446,#5447,#5448,#5449));
#2525=EDGE_LOOP('',(#5450,#5451,#5452,#5453));
#2526=EDGE_LOOP('',(#5454,#5455,#5456,#5457));
#2527=EDGE_LOOP('',(#5458,#5459,#5460,#5461));
#2528=EDGE_LOOP('',(#5462,#5463,#5464,#5465,#5466,#5467,#5468,#5469));
#2529=EDGE_LOOP('',(#5470,#5471,#5472,#5473,#5474,#5475,#5476,#5477));
#2530=EDGE_LOOP('',(#5478,#5479,#5480,#5481));
#2531=EDGE_LOOP('',(#5482,#5483,#5484,#5485));
#2532=EDGE_LOOP('',(#5486,#5487,#5488,#5489));
#2533=EDGE_LOOP('',(#5490,#5491,#5492,#5493));
#2534=EDGE_LOOP('',(#5494,#5495,#5496,#5497));
#2535=EDGE_LOOP('',(#5498,#5499,#5500,#5501));
#2536=EDGE_LOOP('',(#5502,#5503,#5504,#5505,#5506,#5507,#5508,#5509));
#2537=EDGE_LOOP('',(#5510,#5511,#5512,#5513,#5514,#5515,#5516,#5517));
#2538=EDGE_LOOP('',(#5518,#5519,#5520,#5521));
#2539=EDGE_LOOP('',(#5522,#5523,#5524,#5525));
#2540=EDGE_LOOP('',(#5526,#5527,#5528,#5529));
#2541=EDGE_LOOP('',(#5530,#5531,#5532,#5533));
#2542=EDGE_LOOP('',(#5534,#5535,#5536,#5537));
#2543=EDGE_LOOP('',(#5538,#5539,#5540,#5541));
#2544=EDGE_LOOP('',(#5542,#5543,#5544,#5545,#5546,#5547,#5548,#5549));
#2545=EDGE_LOOP('',(#5550,#5551,#5552,#5553,#5554,#5555,#5556,#5557));
#2546=EDGE_LOOP('',(#5558,#5559,#5560,#5561));
#2547=EDGE_LOOP('',(#5562,#5563,#5564,#5565));
#2548=EDGE_LOOP('',(#5566,#5567,#5568,#5569));
#2549=EDGE_LOOP('',(#5570,#5571,#5572,#5573));
#2550=EDGE_LOOP('',(#5574,#5575,#5576,#5577));
#2551=EDGE_LOOP('',(#5578,#5579,#5580,#5581));
#2552=EDGE_LOOP('',(#5582,#5583,#5584,#5585,#5586,#5587,#5588,#5589));
#2553=EDGE_LOOP('',(#5590,#5591,#5592,#5593,#5594,#5595,#5596,#5597));
#2554=EDGE_LOOP('',(#5598,#5599,#5600,#5601));
#2555=EDGE_LOOP('',(#5602,#5603,#5604,#5605));
#2556=EDGE_LOOP('',(#5606,#5607,#5608,#5609));
#2557=EDGE_LOOP('',(#5610,#5611,#5612,#5613));
#2558=EDGE_LOOP('',(#5614,#5615,#5616,#5617));
#2559=EDGE_LOOP('',(#5618,#5619,#5620,#5621));
#2560=EDGE_LOOP('',(#5622,#5623,#5624,#5625,#5626,#5627,#5628,#5629));
#2561=EDGE_LOOP('',(#5630,#5631,#5632,#5633,#5634,#5635,#5636,#5637));
#2562=EDGE_LOOP('',(#5638,#5639,#5640,#5641));
#2563=EDGE_LOOP('',(#5642,#5643,#5644,#5645));
#2564=EDGE_LOOP('',(#5646,#5647,#5648,#5649));
#2565=EDGE_LOOP('',(#5650,#5651,#5652,#5653));
#2566=EDGE_LOOP('',(#5654,#5655,#5656,#5657));
#2567=EDGE_LOOP('',(#5658,#5659,#5660,#5661));
#2568=EDGE_LOOP('',(#5662,#5663,#5664,#5665));
#2569=EDGE_LOOP('',(#5666,#5667,#5668,#5669));
#2570=EDGE_LOOP('',(#5670,#5671,#5672,#5673));
#2571=EDGE_LOOP('',(#5674,#5675,#5676,#5677));
#2572=EDGE_LOOP('',(#5678,#5679,#5680,#5681));
#2573=EDGE_LOOP('',(#5682,#5683,#5684,#5685));
#2574=EDGE_LOOP('',(#5686,#5687,#5688,#5689));
#2575=EDGE_LOOP('',(#5690,#5691,#5692,#5693,#5694,#5695,#5696,#5697));
#2576=EDGE_LOOP('',(#5698,#5699,#5700,#5701,#5702,#5703));
#2577=EDGE_LOOP('',(#5704,#5705,#5706,#5707));
#2578=EDGE_LOOP('',(#5708,#5709,#5710,#5711));
#2579=EDGE_LOOP('',(#5712,#5713,#5714,#5715));
#2580=EDGE_LOOP('',(#5716,#5717,#5718,#5719));
#2581=EDGE_LOOP('',(#5720,#5721,#5722,#5723));
#2582=EDGE_LOOP('',(#5724,#5725,#5726,#5727,#5728,#5729));
#2583=EDGE_LOOP('',(#5730,#5731,#5732,#5733,#5734,#5735,#5736,#5737));
#2584=EDGE_LOOP('',(#5738,#5739,#5740,#5741,#5742,#5743,#5744,#5745));
#2585=EDGE_LOOP('',(#5746,#5747,#5748,#5749));
#2586=EDGE_LOOP('',(#5750,#5751,#5752,#5753));
#2587=EDGE_LOOP('',(#5754,#5755,#5756,#5757));
#2588=EDGE_LOOP('',(#5758,#5759,#5760,#5761));
#2589=EDGE_LOOP('',(#5762,#5763,#5764,#5765));
#2590=EDGE_LOOP('',(#5766,#5767,#5768,#5769));
#2591=EDGE_LOOP('',(#5770,#5771,#5772,#5773));
#2592=EDGE_LOOP('',(#5774,#5775,#5776,#5777));
#2593=EDGE_LOOP('',(#5778,#5779,#5780,#5781));
#2594=EDGE_LOOP('',(#5782,#5783,#5784,#5785,#5786,#5787));
#2595=EDGE_LOOP('',(#5788,#5789,#5790,#5791,#5792,#5793,#5794,#5795));
#2596=EDGE_LOOP('',(#5796,#5797,#5798,#5799,#5800,#5801));
#2597=EDGE_LOOP('',(#5802,#5803,#5804,#5805));
#2598=EDGE_LOOP('',(#5806,#5807,#5808,#5809));
#2599=EDGE_LOOP('',(#5810,#5811,#5812,#5813));
#2600=EDGE_LOOP('',(#5814,#5815,#5816,#5817));
#2601=EDGE_LOOP('',(#5818,#5819,#5820,#5821));
#2602=EDGE_LOOP('',(#5822,#5823,#5824,#5825,#5826,#5827,#5828,#5829,#5830,
#5831,#5832,#5833,#5834,#5835,#5836,#5837,#5838,#5839,#5840,#5841,#5842,
#5843,#5844,#5845,#5846,#5847,#5848,#5849));
#2603=EDGE_LOOP('',(#5850,#5851,#5852,#5853,#5854,#5855,#5856,#5857,#5858,
#5859,#5860,#5861,#5862,#5863,#5864,#5865));
#2604=EDGE_LOOP('',(#5866,#5867,#5868,#5869));
#2605=EDGE_LOOP('',(#5870,#5871,#5872,#5873,#5874,#5875,#5876,#5877,#5878,
#5879,#5880));
#2606=EDGE_LOOP('',(#5881,#5882,#5883,#5884,#5885,#5886,#5887,#5888));
#2607=EDGE_LOOP('',(#5889,#5890,#5891,#5892));
#2608=EDGE_LOOP('',(#5893,#5894,#5895,#5896));
#2609=EDGE_LOOP('',(#5897,#5898,#5899,#5900,#5901,#5902));
#2610=EDGE_LOOP('',(#5903,#5904,#5905,#5906));
#2611=EDGE_LOOP('',(#5907,#5908,#5909,#5910));
#2612=EDGE_LOOP('',(#5911,#5912,#5913,#5914,#5915,#5916,#5917,#5918));
#2613=EDGE_LOOP('',(#5919,#5920,#5921,#5922));
#2614=EDGE_LOOP('',(#5923,#5924,#5925,#5926));
#2615=EDGE_LOOP('',(#5927,#5928,#5929,#5930,#5931,#5932,#5933));
#2616=EDGE_LOOP('',(#5934,#5935,#5936,#5937,#5938,#5939,#5940));
#2617=EDGE_LOOP('',(#5941,#5942,#5943,#5944,#5945,#5946,#5947,#5948,#5949,
#5950));
#2618=EDGE_LOOP('',(#5951,#5952,#5953,#5954));
#2619=EDGE_LOOP('',(#5955,#5956,#5957,#5958));
#2620=EDGE_LOOP('',(#5959,#5960,#5961,#5962));
#2621=EDGE_LOOP('',(#5963,#5964,#5965,#5966,#5967,#5968));
#2622=EDGE_LOOP('',(#5969,#5970,#5971,#5972));
#2623=EDGE_LOOP('',(#5973,#5974,#5975,#5976,#5977,#5978,#5979,#5980));
#2624=EDGE_LOOP('',(#5981,#5982,#5983,#5984));
#2625=EDGE_LOOP('',(#5985,#5986,#5987,#5988));
#2626=EDGE_LOOP('',(#5989,#5990,#5991,#5992));
#2627=EDGE_LOOP('',(#5993,#5994,#5995,#5996,#5997,#5998));
#2628=EDGE_LOOP('',(#5999,#6000,#6001,#6002));
#2629=EDGE_LOOP('',(#6003,#6004,#6005,#6006,#6007,#6008));
#2630=EDGE_LOOP('',(#6009,#6010,#6011,#6012,#6013,#6014,#6015,#6016));
#2631=EDGE_LOOP('',(#6017,#6018,#6019,#6020));
#2632=EDGE_LOOP('',(#6021,#6022,#6023,#6024,#6025,#6026));
#2633=EDGE_LOOP('',(#6027,#6028,#6029,#6030));
#2634=EDGE_LOOP('',(#6031,#6032,#6033,#6034,#6035,#6036));
#2635=EDGE_LOOP('',(#6037,#6038,#6039,#6040));
#2636=EDGE_LOOP('',(#6041,#6042,#6043,#6044));
#2637=EDGE_LOOP('',(#6045,#6046,#6047,#6048));
#2638=EDGE_LOOP('',(#6049,#6050,#6051,#6052));
#2639=EDGE_LOOP('',(#6053,#6054,#6055,#6056));
#2640=EDGE_LOOP('',(#6057,#6058,#6059,#6060));
#2641=EDGE_LOOP('',(#6061,#6062,#6063,#6064));
#2642=EDGE_LOOP('',(#6065,#6066,#6067,#6068));
#2643=EDGE_LOOP('',(#6069,#6070,#6071,#6072));
#2644=EDGE_LOOP('',(#6073,#6074,#6075,#6076,#6077,#6078));
#2645=EDGE_LOOP('',(#6079,#6080,#6081,#6082,#6083,#6084,#6085,#6086));
#2646=EDGE_LOOP('',(#6087,#6088,#6089,#6090));
#2647=EDGE_LOOP('',(#6091,#6092,#6093,#6094,#6095,#6096));
#2648=EDGE_LOOP('',(#6097,#6098,#6099,#6100));
#2649=EDGE_LOOP('',(#6101,#6102,#6103,#6104,#6105,#6106));
#2650=EDGE_LOOP('',(#6107,#6108,#6109,#6110));
#2651=EDGE_LOOP('',(#6111,#6112,#6113,#6114));
#2652=EDGE_LOOP('',(#6115,#6116,#6117,#6118));
#2653=EDGE_LOOP('',(#6119,#6120,#6121,#6122));
#2654=EDGE_LOOP('',(#6123,#6124,#6125,#6126));
#2655=EDGE_LOOP('',(#6127,#6128,#6129,#6130));
#2656=EDGE_LOOP('',(#6131,#6132,#6133,#6134));
#2657=EDGE_LOOP('',(#6135,#6136,#6137,#6138));
#2658=EDGE_LOOP('',(#6139,#6140,#6141,#6142));
#2659=EDGE_LOOP('',(#6143,#6144,#6145,#6146));
#2660=EDGE_LOOP('',(#6147,#6148,#6149,#6150));
#2661=EDGE_LOOP('',(#6151,#6152,#6153));
#2662=ORIENTED_EDGE('',*,*,#7314,.F.);
#2663=ORIENTED_EDGE('',*,*,#7315,.T.);
#2664=ORIENTED_EDGE('',*,*,#7316,.T.);
#2665=ORIENTED_EDGE('',*,*,#7317,.F.);
#2666=ORIENTED_EDGE('',*,*,#7318,.F.);
#2667=ORIENTED_EDGE('',*,*,#7319,.T.);
#2668=ORIENTED_EDGE('',*,*,#7320,.F.);
#2669=ORIENTED_EDGE('',*,*,#7321,.F.);
#2670=ORIENTED_EDGE('',*,*,#7322,.T.);
#2671=ORIENTED_EDGE('',*,*,#7323,.T.);
#2672=ORIENTED_EDGE('',*,*,#7324,.T.);
#2673=ORIENTED_EDGE('',*,*,#7325,.F.);
#2674=ORIENTED_EDGE('',*,*,#7326,.F.);
#2675=ORIENTED_EDGE('',*,*,#7327,.T.);
#2676=ORIENTED_EDGE('',*,*,#7328,.T.);
#2677=ORIENTED_EDGE('',*,*,#7329,.F.);
#2678=ORIENTED_EDGE('',*,*,#7330,.F.);
#2679=ORIENTED_EDGE('',*,*,#7331,.T.);
#2680=ORIENTED_EDGE('',*,*,#7332,.T.);
#2681=ORIENTED_EDGE('',*,*,#7333,.T.);
#2682=ORIENTED_EDGE('',*,*,#7334,.F.);
#2683=ORIENTED_EDGE('',*,*,#7335,.T.);
#2684=ORIENTED_EDGE('',*,*,#7336,.F.);
#2685=ORIENTED_EDGE('',*,*,#7337,.F.);
#2686=ORIENTED_EDGE('',*,*,#7338,.T.);
#2687=ORIENTED_EDGE('',*,*,#7339,.T.);
#2688=ORIENTED_EDGE('',*,*,#7340,.T.);
#2689=ORIENTED_EDGE('',*,*,#7341,.T.);
#2690=ORIENTED_EDGE('',*,*,#7342,.F.);
#2691=ORIENTED_EDGE('',*,*,#7343,.T.);
#2692=ORIENTED_EDGE('',*,*,#7344,.T.);
#2693=ORIENTED_EDGE('',*,*,#7345,.T.);
#2694=ORIENTED_EDGE('',*,*,#7346,.F.);
#2695=ORIENTED_EDGE('',*,*,#7347,.T.);
#2696=ORIENTED_EDGE('',*,*,#7348,.T.);
#2697=ORIENTED_EDGE('',*,*,#7349,.T.);
#2698=ORIENTED_EDGE('',*,*,#7350,.F.);
#2699=ORIENTED_EDGE('',*,*,#7351,.T.);
#2700=ORIENTED_EDGE('',*,*,#7352,.T.);
#2701=ORIENTED_EDGE('',*,*,#7353,.T.);
#2702=ORIENTED_EDGE('',*,*,#7354,.F.);
#2703=ORIENTED_EDGE('',*,*,#7355,.T.);
#2704=ORIENTED_EDGE('',*,*,#7356,.T.);
#2705=ORIENTED_EDGE('',*,*,#7357,.T.);
#2706=ORIENTED_EDGE('',*,*,#7358,.F.);
#2707=ORIENTED_EDGE('',*,*,#7359,.T.);
#2708=ORIENTED_EDGE('',*,*,#7360,.T.);
#2709=ORIENTED_EDGE('',*,*,#7361,.T.);
#2710=ORIENTED_EDGE('',*,*,#7362,.F.);
#2711=ORIENTED_EDGE('',*,*,#7363,.T.);
#2712=ORIENTED_EDGE('',*,*,#7364,.T.);
#2713=ORIENTED_EDGE('',*,*,#7365,.T.);
#2714=ORIENTED_EDGE('',*,*,#7366,.F.);
#2715=ORIENTED_EDGE('',*,*,#7367,.T.);
#2716=ORIENTED_EDGE('',*,*,#7368,.T.);
#2717=ORIENTED_EDGE('',*,*,#7369,.T.);
#2718=ORIENTED_EDGE('',*,*,#7370,.F.);
#2719=ORIENTED_EDGE('',*,*,#7371,.T.);
#2720=ORIENTED_EDGE('',*,*,#7372,.T.);
#2721=ORIENTED_EDGE('',*,*,#7373,.T.);
#2722=ORIENTED_EDGE('',*,*,#7374,.F.);
#2723=ORIENTED_EDGE('',*,*,#7375,.T.);
#2724=ORIENTED_EDGE('',*,*,#7376,.T.);
#2725=ORIENTED_EDGE('',*,*,#7377,.T.);
#2726=ORIENTED_EDGE('',*,*,#7378,.F.);
#2727=ORIENTED_EDGE('',*,*,#7379,.T.);
#2728=ORIENTED_EDGE('',*,*,#7380,.T.);
#2729=ORIENTED_EDGE('',*,*,#7381,.T.);
#2730=ORIENTED_EDGE('',*,*,#7382,.F.);
#2731=ORIENTED_EDGE('',*,*,#7383,.T.);
#2732=ORIENTED_EDGE('',*,*,#7384,.T.);
#2733=ORIENTED_EDGE('',*,*,#7385,.T.);
#2734=ORIENTED_EDGE('',*,*,#7386,.F.);
#2735=ORIENTED_EDGE('',*,*,#7387,.T.);
#2736=ORIENTED_EDGE('',*,*,#7388,.T.);
#2737=ORIENTED_EDGE('',*,*,#7389,.T.);
#2738=ORIENTED_EDGE('',*,*,#7390,.F.);
#2739=ORIENTED_EDGE('',*,*,#7391,.T.);
#2740=ORIENTED_EDGE('',*,*,#7392,.T.);
#2741=ORIENTED_EDGE('',*,*,#7393,.T.);
#2742=ORIENTED_EDGE('',*,*,#7394,.F.);
#2743=ORIENTED_EDGE('',*,*,#7395,.T.);
#2744=ORIENTED_EDGE('',*,*,#7396,.T.);
#2745=ORIENTED_EDGE('',*,*,#7397,.T.);
#2746=ORIENTED_EDGE('',*,*,#7398,.F.);
#2747=ORIENTED_EDGE('',*,*,#7399,.T.);
#2748=ORIENTED_EDGE('',*,*,#7400,.T.);
#2749=ORIENTED_EDGE('',*,*,#7401,.T.);
#2750=ORIENTED_EDGE('',*,*,#7402,.F.);
#2751=ORIENTED_EDGE('',*,*,#7403,.T.);
#2752=ORIENTED_EDGE('',*,*,#7404,.T.);
#2753=ORIENTED_EDGE('',*,*,#7405,.T.);
#2754=ORIENTED_EDGE('',*,*,#7406,.F.);
#2755=ORIENTED_EDGE('',*,*,#7407,.T.);
#2756=ORIENTED_EDGE('',*,*,#7408,.T.);
#2757=ORIENTED_EDGE('',*,*,#7409,.T.);
#2758=ORIENTED_EDGE('',*,*,#7410,.F.);
#2759=ORIENTED_EDGE('',*,*,#7411,.T.);
#2760=ORIENTED_EDGE('',*,*,#7412,.T.);
#2761=ORIENTED_EDGE('',*,*,#7413,.T.);
#2762=ORIENTED_EDGE('',*,*,#7414,.F.);
#2763=ORIENTED_EDGE('',*,*,#7415,.T.);
#2764=ORIENTED_EDGE('',*,*,#7416,.T.);
#2765=ORIENTED_EDGE('',*,*,#7417,.T.);
#2766=ORIENTED_EDGE('',*,*,#7418,.F.);
#2767=ORIENTED_EDGE('',*,*,#7419,.T.);
#2768=ORIENTED_EDGE('',*,*,#7420,.T.);
#2769=ORIENTED_EDGE('',*,*,#7421,.T.);
#2770=ORIENTED_EDGE('',*,*,#7422,.F.);
#2771=ORIENTED_EDGE('',*,*,#7423,.T.);
#2772=ORIENTED_EDGE('',*,*,#7424,.T.);
#2773=ORIENTED_EDGE('',*,*,#7425,.T.);
#2774=ORIENTED_EDGE('',*,*,#7426,.F.);
#2775=ORIENTED_EDGE('',*,*,#7427,.T.);
#2776=ORIENTED_EDGE('',*,*,#7428,.T.);
#2777=ORIENTED_EDGE('',*,*,#7429,.T.);
#2778=ORIENTED_EDGE('',*,*,#7430,.F.);
#2779=ORIENTED_EDGE('',*,*,#7431,.T.);
#2780=ORIENTED_EDGE('',*,*,#7432,.T.);
#2781=ORIENTED_EDGE('',*,*,#7433,.T.);
#2782=ORIENTED_EDGE('',*,*,#7434,.F.);
#2783=ORIENTED_EDGE('',*,*,#7435,.T.);
#2784=ORIENTED_EDGE('',*,*,#7436,.T.);
#2785=ORIENTED_EDGE('',*,*,#7328,.F.);
#2786=ORIENTED_EDGE('',*,*,#7437,.F.);
#2787=ORIENTED_EDGE('',*,*,#7438,.F.);
#2788=ORIENTED_EDGE('',*,*,#7439,.T.);
#2789=ORIENTED_EDGE('',*,*,#7440,.T.);
#2790=ORIENTED_EDGE('',*,*,#7441,.T.);
#2791=ORIENTED_EDGE('',*,*,#7442,.T.);
#2792=ORIENTED_EDGE('',*,*,#7443,.T.);
#2793=ORIENTED_EDGE('',*,*,#7444,.T.);
#2794=ORIENTED_EDGE('',*,*,#7445,.T.);
#2795=ORIENTED_EDGE('',*,*,#7446,.F.);
#2796=ORIENTED_EDGE('',*,*,#7447,.T.);
#2797=ORIENTED_EDGE('',*,*,#7448,.F.);
#2798=ORIENTED_EDGE('',*,*,#7449,.T.);
#2799=ORIENTED_EDGE('',*,*,#7450,.F.);
#2800=ORIENTED_EDGE('',*,*,#7451,.T.);
#2801=ORIENTED_EDGE('',*,*,#7326,.T.);
#2802=ORIENTED_EDGE('',*,*,#7452,.F.);
#2803=ORIENTED_EDGE('',*,*,#7453,.T.);
#2804=ORIENTED_EDGE('',*,*,#7454,.F.);
#2805=ORIENTED_EDGE('',*,*,#7316,.F.);
#2806=ORIENTED_EDGE('',*,*,#7455,.F.);
#2807=ORIENTED_EDGE('',*,*,#7456,.F.);
#2808=ORIENTED_EDGE('',*,*,#7457,.F.);
#2809=ORIENTED_EDGE('',*,*,#7458,.F.);
#2810=ORIENTED_EDGE('',*,*,#7459,.F.);
#2811=ORIENTED_EDGE('',*,*,#7460,.F.);
#2812=ORIENTED_EDGE('',*,*,#7461,.T.);
#2813=ORIENTED_EDGE('',*,*,#7318,.T.);
#2814=ORIENTED_EDGE('',*,*,#7462,.T.);
#2815=ORIENTED_EDGE('',*,*,#7463,.F.);
#2816=ORIENTED_EDGE('',*,*,#7464,.T.);
#2817=ORIENTED_EDGE('',*,*,#7465,.T.);
#2818=ORIENTED_EDGE('',*,*,#7466,.T.);
#2819=ORIENTED_EDGE('',*,*,#7467,.F.);
#2820=ORIENTED_EDGE('',*,*,#7468,.F.);
#2821=ORIENTED_EDGE('',*,*,#7469,.F.);
#2822=ORIENTED_EDGE('',*,*,#7446,.T.);
#2823=ORIENTED_EDGE('',*,*,#7329,.T.);
#2824=ORIENTED_EDGE('',*,*,#7436,.F.);
#2825=ORIENTED_EDGE('',*,*,#7470,.F.);
#2826=ORIENTED_EDGE('',*,*,#7471,.F.);
#2827=ORIENTED_EDGE('',*,*,#7472,.F.);
#2828=ORIENTED_EDGE('',*,*,#7462,.F.);
#2829=ORIENTED_EDGE('',*,*,#7317,.T.);
#2830=ORIENTED_EDGE('',*,*,#7454,.T.);
#2831=ORIENTED_EDGE('',*,*,#7473,.F.);
#2832=ORIENTED_EDGE('',*,*,#7474,.F.);
#2833=ORIENTED_EDGE('',*,*,#7475,.F.);
#2834=ORIENTED_EDGE('',*,*,#7476,.F.);
#2835=ORIENTED_EDGE('',*,*,#7477,.F.);
#2836=ORIENTED_EDGE('',*,*,#7444,.F.);
#2837=ORIENTED_EDGE('',*,*,#7478,.T.);
#2838=ORIENTED_EDGE('',*,*,#7464,.F.);
#2839=ORIENTED_EDGE('',*,*,#7479,.F.);
#2840=ORIENTED_EDGE('',*,*,#7480,.T.);
#2841=ORIENTED_EDGE('',*,*,#7481,.F.);
#2842=ORIENTED_EDGE('',*,*,#7482,.T.);
#2843=ORIENTED_EDGE('',*,*,#7483,.F.);
#2844=ORIENTED_EDGE('',*,*,#7484,.F.);
#2845=ORIENTED_EDGE('',*,*,#7485,.T.);
#2846=ORIENTED_EDGE('',*,*,#7486,.T.);
#2847=ORIENTED_EDGE('',*,*,#7314,.T.);
#2848=ORIENTED_EDGE('',*,*,#7487,.F.);
#2849=ORIENTED_EDGE('',*,*,#7488,.T.);
#2850=ORIENTED_EDGE('',*,*,#7489,.F.);
#2851=ORIENTED_EDGE('',*,*,#7324,.F.);
#2852=ORIENTED_EDGE('',*,*,#7490,.F.);
#2853=ORIENTED_EDGE('',*,*,#7491,.F.);
#2854=ORIENTED_EDGE('',*,*,#7492,.F.);
#2855=ORIENTED_EDGE('',*,*,#7493,.F.);
#2856=ORIENTED_EDGE('',*,*,#7494,.T.);
#2857=ORIENTED_EDGE('',*,*,#7495,.F.);
#2858=ORIENTED_EDGE('',*,*,#7496,.T.);
#2859=ORIENTED_EDGE('',*,*,#7497,.F.);
#2860=ORIENTED_EDGE('',*,*,#7498,.T.);
#2861=ORIENTED_EDGE('',*,*,#7499,.F.);
#2862=ORIENTED_EDGE('',*,*,#7500,.F.);
#2863=ORIENTED_EDGE('',*,*,#7501,.F.);
#2864=ORIENTED_EDGE('',*,*,#7502,.T.);
#2865=ORIENTED_EDGE('',*,*,#7503,.T.);
#2866=ORIENTED_EDGE('',*,*,#7504,.F.);
#2867=ORIENTED_EDGE('',*,*,#7322,.F.);
#2868=ORIENTED_EDGE('',*,*,#7505,.F.);
#2869=ORIENTED_EDGE('',*,*,#7506,.F.);
#2870=ORIENTED_EDGE('',*,*,#7320,.T.);
#2871=ORIENTED_EDGE('',*,*,#7507,.F.);
#2872=ORIENTED_EDGE('',*,*,#7508,.F.);
#2873=ORIENTED_EDGE('',*,*,#7509,.F.);
#2874=ORIENTED_EDGE('',*,*,#7510,.T.);
#2875=ORIENTED_EDGE('',*,*,#7511,.F.);
#2876=ORIENTED_EDGE('',*,*,#7512,.F.);
#2877=ORIENTED_EDGE('',*,*,#7513,.F.);
#2878=ORIENTED_EDGE('',*,*,#7514,.F.);
#2879=ORIENTED_EDGE('',*,*,#7479,.T.);
#2880=ORIENTED_EDGE('',*,*,#7321,.T.);
#2881=ORIENTED_EDGE('',*,*,#7506,.T.);
#2882=ORIENTED_EDGE('',*,*,#7515,.F.);
#2883=ORIENTED_EDGE('',*,*,#7516,.F.);
#2884=ORIENTED_EDGE('',*,*,#7517,.F.);
#2885=ORIENTED_EDGE('',*,*,#7493,.T.);
#2886=ORIENTED_EDGE('',*,*,#7325,.T.);
#2887=ORIENTED_EDGE('',*,*,#7489,.T.);
#2888=ORIENTED_EDGE('',*,*,#7518,.F.);
#2889=ORIENTED_EDGE('',*,*,#7519,.F.);
#2890=ORIENTED_EDGE('',*,*,#7520,.F.);
#2891=ORIENTED_EDGE('',*,*,#7521,.F.);
#2892=ORIENTED_EDGE('',*,*,#7522,.F.);
#2893=ORIENTED_EDGE('',*,*,#7511,.T.);
#2894=ORIENTED_EDGE('',*,*,#7523,.T.);
#2895=ORIENTED_EDGE('',*,*,#7497,.T.);
#2896=ORIENTED_EDGE('',*,*,#7524,.F.);
#2897=ORIENTED_EDGE('',*,*,#7525,.T.);
#2898=ORIENTED_EDGE('',*,*,#7526,.F.);
#2899=ORIENTED_EDGE('',*,*,#7527,.F.);
#2900=ORIENTED_EDGE('',*,*,#7528,.F.);
#2901=ORIENTED_EDGE('',*,*,#7529,.T.);
#2902=ORIENTED_EDGE('',*,*,#7530,.F.);
#2903=ORIENTED_EDGE('',*,*,#7531,.F.);
#2904=ORIENTED_EDGE('',*,*,#7532,.F.);
#2905=ORIENTED_EDGE('',*,*,#7533,.T.);
#2906=ORIENTED_EDGE('',*,*,#7534,.F.);
#2907=ORIENTED_EDGE('',*,*,#7535,.F.);
#2908=ORIENTED_EDGE('',*,*,#7536,.F.);
#2909=ORIENTED_EDGE('',*,*,#7537,.T.);
#2910=ORIENTED_EDGE('',*,*,#7538,.F.);
#2911=ORIENTED_EDGE('',*,*,#7539,.F.);
#2912=ORIENTED_EDGE('',*,*,#7540,.F.);
#2913=ORIENTED_EDGE('',*,*,#7541,.T.);
#2914=ORIENTED_EDGE('',*,*,#7542,.F.);
#2915=ORIENTED_EDGE('',*,*,#7543,.F.);
#2916=ORIENTED_EDGE('',*,*,#7544,.F.);
#2917=ORIENTED_EDGE('',*,*,#7545,.T.);
#2918=ORIENTED_EDGE('',*,*,#7546,.F.);
#2919=ORIENTED_EDGE('',*,*,#7547,.F.);
#2920=ORIENTED_EDGE('',*,*,#7548,.F.);
#2921=ORIENTED_EDGE('',*,*,#7549,.T.);
#2922=ORIENTED_EDGE('',*,*,#7550,.F.);
#2923=ORIENTED_EDGE('',*,*,#7551,.F.);
#2924=ORIENTED_EDGE('',*,*,#7552,.F.);
#2925=ORIENTED_EDGE('',*,*,#7553,.T.);
#2926=ORIENTED_EDGE('',*,*,#7554,.F.);
#2927=ORIENTED_EDGE('',*,*,#7555,.F.);
#2928=ORIENTED_EDGE('',*,*,#7556,.F.);
#2929=ORIENTED_EDGE('',*,*,#7557,.T.);
#2930=ORIENTED_EDGE('',*,*,#7558,.F.);
#2931=ORIENTED_EDGE('',*,*,#7559,.F.);
#2932=ORIENTED_EDGE('',*,*,#7560,.F.);
#2933=ORIENTED_EDGE('',*,*,#7561,.T.);
#2934=ORIENTED_EDGE('',*,*,#7562,.F.);
#2935=ORIENTED_EDGE('',*,*,#7563,.F.);
#2936=ORIENTED_EDGE('',*,*,#7564,.F.);
#2937=ORIENTED_EDGE('',*,*,#7565,.T.);
#2938=ORIENTED_EDGE('',*,*,#7566,.F.);
#2939=ORIENTED_EDGE('',*,*,#7567,.F.);
#2940=ORIENTED_EDGE('',*,*,#7568,.F.);
#2941=ORIENTED_EDGE('',*,*,#7569,.T.);
#2942=ORIENTED_EDGE('',*,*,#7570,.F.);
#2943=ORIENTED_EDGE('',*,*,#7571,.F.);
#2944=ORIENTED_EDGE('',*,*,#7572,.F.);
#2945=ORIENTED_EDGE('',*,*,#7573,.T.);
#2946=ORIENTED_EDGE('',*,*,#7574,.F.);
#2947=ORIENTED_EDGE('',*,*,#7575,.F.);
#2948=ORIENTED_EDGE('',*,*,#7576,.F.);
#2949=ORIENTED_EDGE('',*,*,#7577,.T.);
#2950=ORIENTED_EDGE('',*,*,#7578,.F.);
#2951=ORIENTED_EDGE('',*,*,#7579,.F.);
#2952=ORIENTED_EDGE('',*,*,#7580,.F.);
#2953=ORIENTED_EDGE('',*,*,#7581,.T.);
#2954=ORIENTED_EDGE('',*,*,#7582,.F.);
#2955=ORIENTED_EDGE('',*,*,#7583,.F.);
#2956=ORIENTED_EDGE('',*,*,#7584,.F.);
#2957=ORIENTED_EDGE('',*,*,#7585,.T.);
#2958=ORIENTED_EDGE('',*,*,#7586,.F.);
#2959=ORIENTED_EDGE('',*,*,#7587,.F.);
#2960=ORIENTED_EDGE('',*,*,#7588,.F.);
#2961=ORIENTED_EDGE('',*,*,#7589,.T.);
#2962=ORIENTED_EDGE('',*,*,#7590,.F.);
#2963=ORIENTED_EDGE('',*,*,#7591,.F.);
#2964=ORIENTED_EDGE('',*,*,#7592,.F.);
#2965=ORIENTED_EDGE('',*,*,#7593,.T.);
#2966=ORIENTED_EDGE('',*,*,#7594,.F.);
#2967=ORIENTED_EDGE('',*,*,#7595,.F.);
#2968=ORIENTED_EDGE('',*,*,#7596,.F.);
#2969=ORIENTED_EDGE('',*,*,#7597,.T.);
#2970=ORIENTED_EDGE('',*,*,#7598,.F.);
#2971=ORIENTED_EDGE('',*,*,#7599,.F.);
#2972=ORIENTED_EDGE('',*,*,#7600,.F.);
#2973=ORIENTED_EDGE('',*,*,#7601,.T.);
#2974=ORIENTED_EDGE('',*,*,#7602,.F.);
#2975=ORIENTED_EDGE('',*,*,#7603,.F.);
#2976=ORIENTED_EDGE('',*,*,#7604,.F.);
#2977=ORIENTED_EDGE('',*,*,#7605,.T.);
#2978=ORIENTED_EDGE('',*,*,#7606,.F.);
#2979=ORIENTED_EDGE('',*,*,#7607,.F.);
#2980=ORIENTED_EDGE('',*,*,#7608,.F.);
#2981=ORIENTED_EDGE('',*,*,#7609,.T.);
#2982=ORIENTED_EDGE('',*,*,#7610,.F.);
#2983=ORIENTED_EDGE('',*,*,#7611,.F.);
#2984=ORIENTED_EDGE('',*,*,#7612,.F.);
#2985=ORIENTED_EDGE('',*,*,#7613,.T.);
#2986=ORIENTED_EDGE('',*,*,#7614,.F.);
#2987=ORIENTED_EDGE('',*,*,#7615,.F.);
#2988=ORIENTED_EDGE('',*,*,#7616,.F.);
#2989=ORIENTED_EDGE('',*,*,#7465,.F.);
#2990=ORIENTED_EDGE('',*,*,#7478,.F.);
#2991=ORIENTED_EDGE('',*,*,#7443,.F.);
#2992=ORIENTED_EDGE('',*,*,#7617,.F.);
#2993=ORIENTED_EDGE('',*,*,#7618,.F.);
#2994=ORIENTED_EDGE('',*,*,#7619,.F.);
#2995=ORIENTED_EDGE('',*,*,#7439,.F.);
#2996=ORIENTED_EDGE('',*,*,#7620,.F.);
#2997=ORIENTED_EDGE('',*,*,#7502,.F.);
#2998=ORIENTED_EDGE('',*,*,#7621,.F.);
#2999=ORIENTED_EDGE('',*,*,#7622,.F.);
#3000=ORIENTED_EDGE('',*,*,#7623,.F.);
#3001=ORIENTED_EDGE('',*,*,#7498,.F.);
#3002=ORIENTED_EDGE('',*,*,#7523,.F.);
#3003=ORIENTED_EDGE('',*,*,#7510,.F.);
#3004=ORIENTED_EDGE('',*,*,#7624,.F.);
#3005=ORIENTED_EDGE('',*,*,#7625,.T.);
#3006=ORIENTED_EDGE('',*,*,#7626,.F.);
#3007=ORIENTED_EDGE('',*,*,#7627,.F.);
#3008=ORIENTED_EDGE('',*,*,#7461,.F.);
#3009=ORIENTED_EDGE('',*,*,#7628,.F.);
#3010=ORIENTED_EDGE('',*,*,#7629,.F.);
#3011=ORIENTED_EDGE('',*,*,#7630,.F.);
#3012=ORIENTED_EDGE('',*,*,#7631,.F.);
#3013=ORIENTED_EDGE('',*,*,#7632,.F.);
#3014=ORIENTED_EDGE('',*,*,#7633,.F.);
#3015=ORIENTED_EDGE('',*,*,#7634,.F.);
#3016=ORIENTED_EDGE('',*,*,#7635,.F.);
#3017=ORIENTED_EDGE('',*,*,#7636,.F.);
#3018=ORIENTED_EDGE('',*,*,#7637,.F.);
#3019=ORIENTED_EDGE('',*,*,#7638,.F.);
#3020=ORIENTED_EDGE('',*,*,#7639,.F.);
#3021=ORIENTED_EDGE('',*,*,#7640,.F.);
#3022=ORIENTED_EDGE('',*,*,#7641,.F.);
#3023=ORIENTED_EDGE('',*,*,#7642,.F.);
#3024=ORIENTED_EDGE('',*,*,#7466,.F.);
#3025=ORIENTED_EDGE('',*,*,#7616,.T.);
#3026=ORIENTED_EDGE('',*,*,#7643,.T.);
#3027=ORIENTED_EDGE('',*,*,#7644,.T.);
#3028=ORIENTED_EDGE('',*,*,#7645,.F.);
#3029=ORIENTED_EDGE('',*,*,#7612,.T.);
#3030=ORIENTED_EDGE('',*,*,#7646,.T.);
#3031=ORIENTED_EDGE('',*,*,#7647,.T.);
#3032=ORIENTED_EDGE('',*,*,#7648,.F.);
#3033=ORIENTED_EDGE('',*,*,#7608,.T.);
#3034=ORIENTED_EDGE('',*,*,#7649,.T.);
#3035=ORIENTED_EDGE('',*,*,#7650,.T.);
#3036=ORIENTED_EDGE('',*,*,#7651,.F.);
#3037=ORIENTED_EDGE('',*,*,#7604,.T.);
#3038=ORIENTED_EDGE('',*,*,#7652,.T.);
#3039=ORIENTED_EDGE('',*,*,#7653,.T.);
#3040=ORIENTED_EDGE('',*,*,#7654,.F.);
#3041=ORIENTED_EDGE('',*,*,#7600,.T.);
#3042=ORIENTED_EDGE('',*,*,#7655,.T.);
#3043=ORIENTED_EDGE('',*,*,#7656,.T.);
#3044=ORIENTED_EDGE('',*,*,#7657,.F.);
#3045=ORIENTED_EDGE('',*,*,#7596,.T.);
#3046=ORIENTED_EDGE('',*,*,#7658,.T.);
#3047=ORIENTED_EDGE('',*,*,#7659,.T.);
#3048=ORIENTED_EDGE('',*,*,#7660,.F.);
#3049=ORIENTED_EDGE('',*,*,#7592,.T.);
#3050=ORIENTED_EDGE('',*,*,#7661,.T.);
#3051=ORIENTED_EDGE('',*,*,#7662,.T.);
#3052=ORIENTED_EDGE('',*,*,#7663,.F.);
#3053=ORIENTED_EDGE('',*,*,#7588,.T.);
#3054=ORIENTED_EDGE('',*,*,#7664,.T.);
#3055=ORIENTED_EDGE('',*,*,#7665,.T.);
#3056=ORIENTED_EDGE('',*,*,#7666,.F.);
#3057=ORIENTED_EDGE('',*,*,#7584,.T.);
#3058=ORIENTED_EDGE('',*,*,#7667,.T.);
#3059=ORIENTED_EDGE('',*,*,#7668,.T.);
#3060=ORIENTED_EDGE('',*,*,#7669,.F.);
#3061=ORIENTED_EDGE('',*,*,#7580,.T.);
#3062=ORIENTED_EDGE('',*,*,#7670,.T.);
#3063=ORIENTED_EDGE('',*,*,#7671,.T.);
#3064=ORIENTED_EDGE('',*,*,#7672,.F.);
#3065=ORIENTED_EDGE('',*,*,#7576,.T.);
#3066=ORIENTED_EDGE('',*,*,#7673,.T.);
#3067=ORIENTED_EDGE('',*,*,#7674,.T.);
#3068=ORIENTED_EDGE('',*,*,#7675,.F.);
#3069=ORIENTED_EDGE('',*,*,#7572,.T.);
#3070=ORIENTED_EDGE('',*,*,#7676,.T.);
#3071=ORIENTED_EDGE('',*,*,#7677,.T.);
#3072=ORIENTED_EDGE('',*,*,#7678,.F.);
#3073=ORIENTED_EDGE('',*,*,#7568,.T.);
#3074=ORIENTED_EDGE('',*,*,#7679,.T.);
#3075=ORIENTED_EDGE('',*,*,#7680,.T.);
#3076=ORIENTED_EDGE('',*,*,#7681,.F.);
#3077=ORIENTED_EDGE('',*,*,#7564,.T.);
#3078=ORIENTED_EDGE('',*,*,#7682,.T.);
#3079=ORIENTED_EDGE('',*,*,#7683,.T.);
#3080=ORIENTED_EDGE('',*,*,#7684,.F.);
#3081=ORIENTED_EDGE('',*,*,#7560,.T.);
#3082=ORIENTED_EDGE('',*,*,#7685,.T.);
#3083=ORIENTED_EDGE('',*,*,#7686,.T.);
#3084=ORIENTED_EDGE('',*,*,#7687,.F.);
#3085=ORIENTED_EDGE('',*,*,#7556,.T.);
#3086=ORIENTED_EDGE('',*,*,#7688,.T.);
#3087=ORIENTED_EDGE('',*,*,#7689,.T.);
#3088=ORIENTED_EDGE('',*,*,#7690,.F.);
#3089=ORIENTED_EDGE('',*,*,#7552,.T.);
#3090=ORIENTED_EDGE('',*,*,#7691,.T.);
#3091=ORIENTED_EDGE('',*,*,#7692,.T.);
#3092=ORIENTED_EDGE('',*,*,#7693,.F.);
#3093=ORIENTED_EDGE('',*,*,#7548,.T.);
#3094=ORIENTED_EDGE('',*,*,#7694,.T.);
#3095=ORIENTED_EDGE('',*,*,#7695,.T.);
#3096=ORIENTED_EDGE('',*,*,#7696,.F.);
#3097=ORIENTED_EDGE('',*,*,#7544,.T.);
#3098=ORIENTED_EDGE('',*,*,#7697,.T.);
#3099=ORIENTED_EDGE('',*,*,#7698,.T.);
#3100=ORIENTED_EDGE('',*,*,#7699,.F.);
#3101=ORIENTED_EDGE('',*,*,#7540,.T.);
#3102=ORIENTED_EDGE('',*,*,#7700,.T.);
#3103=ORIENTED_EDGE('',*,*,#7701,.T.);
#3104=ORIENTED_EDGE('',*,*,#7702,.F.);
#3105=ORIENTED_EDGE('',*,*,#7536,.T.);
#3106=ORIENTED_EDGE('',*,*,#7703,.T.);
#3107=ORIENTED_EDGE('',*,*,#7704,.T.);
#3108=ORIENTED_EDGE('',*,*,#7705,.F.);
#3109=ORIENTED_EDGE('',*,*,#7532,.T.);
#3110=ORIENTED_EDGE('',*,*,#7706,.T.);
#3111=ORIENTED_EDGE('',*,*,#7707,.T.);
#3112=ORIENTED_EDGE('',*,*,#7708,.F.);
#3113=ORIENTED_EDGE('',*,*,#7528,.T.);
#3114=ORIENTED_EDGE('',*,*,#7709,.T.);
#3115=ORIENTED_EDGE('',*,*,#7710,.T.);
#3116=ORIENTED_EDGE('',*,*,#7711,.F.);
#3117=ORIENTED_EDGE('',*,*,#7524,.T.);
#3118=ORIENTED_EDGE('',*,*,#7712,.T.);
#3119=ORIENTED_EDGE('',*,*,#7713,.T.);
#3120=ORIENTED_EDGE('',*,*,#7714,.F.);
#3121=ORIENTED_EDGE('',*,*,#7624,.T.);
#3122=ORIENTED_EDGE('',*,*,#7509,.T.);
#3123=ORIENTED_EDGE('',*,*,#7715,.F.);
#3124=ORIENTED_EDGE('',*,*,#7716,.F.);
#3125=ORIENTED_EDGE('',*,*,#7717,.F.);
#3126=ORIENTED_EDGE('',*,*,#7718,.F.);
#3127=ORIENTED_EDGE('',*,*,#7719,.F.);
#3128=ORIENTED_EDGE('',*,*,#7720,.F.);
#3129=ORIENTED_EDGE('',*,*,#7721,.F.);
#3130=ORIENTED_EDGE('',*,*,#7722,.F.);
#3131=ORIENTED_EDGE('',*,*,#7723,.F.);
#3132=ORIENTED_EDGE('',*,*,#7724,.F.);
#3133=ORIENTED_EDGE('',*,*,#7725,.F.);
#3134=ORIENTED_EDGE('',*,*,#7726,.F.);
#3135=ORIENTED_EDGE('',*,*,#7727,.F.);
#3136=ORIENTED_EDGE('',*,*,#7728,.F.);
#3137=ORIENTED_EDGE('',*,*,#7729,.F.);
#3138=ORIENTED_EDGE('',*,*,#7507,.T.);
#3139=ORIENTED_EDGE('',*,*,#7319,.F.);
#3140=ORIENTED_EDGE('',*,*,#7730,.F.);
#3141=ORIENTED_EDGE('',*,*,#7731,.F.);
#3142=ORIENTED_EDGE('',*,*,#7732,.T.);
#3143=ORIENTED_EDGE('',*,*,#7733,.T.);
#3144=ORIENTED_EDGE('',*,*,#7734,.F.);
#3145=ORIENTED_EDGE('',*,*,#7735,.F.);
#3146=ORIENTED_EDGE('',*,*,#7736,.T.);
#3147=ORIENTED_EDGE('',*,*,#7737,.T.);
#3148=ORIENTED_EDGE('',*,*,#7738,.T.);
#3149=ORIENTED_EDGE('',*,*,#7739,.T.);
#3150=ORIENTED_EDGE('',*,*,#7491,.T.);
#3151=ORIENTED_EDGE('',*,*,#7740,.T.);
#3152=ORIENTED_EDGE('',*,*,#7741,.T.);
#3153=ORIENTED_EDGE('',*,*,#7742,.T.);
#3154=ORIENTED_EDGE('',*,*,#7499,.T.);
#3155=ORIENTED_EDGE('',*,*,#7623,.T.);
#3156=ORIENTED_EDGE('',*,*,#7743,.F.);
#3157=ORIENTED_EDGE('',*,*,#7744,.F.);
#3158=ORIENTED_EDGE('',*,*,#7483,.T.);
#3159=ORIENTED_EDGE('',*,*,#7745,.T.);
#3160=ORIENTED_EDGE('',*,*,#7450,.T.);
#3161=ORIENTED_EDGE('',*,*,#7746,.T.);
#3162=ORIENTED_EDGE('',*,*,#7458,.T.);
#3163=ORIENTED_EDGE('',*,*,#7747,.F.);
#3164=ORIENTED_EDGE('',*,*,#7748,.T.);
#3165=ORIENTED_EDGE('',*,*,#7617,.T.);
#3166=ORIENTED_EDGE('',*,*,#7442,.F.);
#3167=ORIENTED_EDGE('',*,*,#7749,.F.);
#3168=ORIENTED_EDGE('',*,*,#7733,.F.);
#3169=ORIENTED_EDGE('',*,*,#7750,.T.);
#3170=ORIENTED_EDGE('',*,*,#7751,.F.);
#3171=ORIENTED_EDGE('',*,*,#7459,.T.);
#3172=ORIENTED_EDGE('',*,*,#7746,.F.);
#3173=ORIENTED_EDGE('',*,*,#7449,.F.);
#3174=ORIENTED_EDGE('',*,*,#7752,.F.);
#3175=ORIENTED_EDGE('',*,*,#7492,.T.);
#3176=ORIENTED_EDGE('',*,*,#7745,.F.);
#3177=ORIENTED_EDGE('',*,*,#7482,.F.);
#3178=ORIENTED_EDGE('',*,*,#7753,.F.);
#3179=ORIENTED_EDGE('',*,*,#7754,.F.);
#3180=ORIENTED_EDGE('',*,*,#7755,.T.);
#3181=ORIENTED_EDGE('',*,*,#7756,.F.);
#3182=ORIENTED_EDGE('',*,*,#7757,.T.);
#3183=ORIENTED_EDGE('',*,*,#7758,.F.);
#3184=ORIENTED_EDGE('',*,*,#7759,.F.);
#3185=ORIENTED_EDGE('',*,*,#7760,.T.);
#3186=ORIENTED_EDGE('',*,*,#7761,.F.);
#3187=ORIENTED_EDGE('',*,*,#7762,.F.);
#3188=ORIENTED_EDGE('',*,*,#7763,.F.);
#3189=ORIENTED_EDGE('',*,*,#7764,.T.);
#3190=ORIENTED_EDGE('',*,*,#7765,.F.);
#3191=ORIENTED_EDGE('',*,*,#7766,.F.);
#3192=ORIENTED_EDGE('',*,*,#7767,.T.);
#3193=ORIENTED_EDGE('',*,*,#7503,.F.);
#3194=ORIENTED_EDGE('',*,*,#7620,.T.);
#3195=ORIENTED_EDGE('',*,*,#7438,.T.);
#3196=ORIENTED_EDGE('',*,*,#7768,.T.);
#3197=ORIENTED_EDGE('',*,*,#7769,.T.);
#3198=ORIENTED_EDGE('',*,*,#7770,.F.);
#3199=ORIENTED_EDGE('',*,*,#7771,.F.);
#3200=ORIENTED_EDGE('',*,*,#7772,.F.);
#3201=ORIENTED_EDGE('',*,*,#7773,.T.);
#3202=ORIENTED_EDGE('',*,*,#7774,.F.);
#3203=ORIENTED_EDGE('',*,*,#7775,.F.);
#3204=ORIENTED_EDGE('',*,*,#7739,.F.);
#3205=ORIENTED_EDGE('',*,*,#7776,.T.);
#3206=ORIENTED_EDGE('',*,*,#7777,.F.);
#3207=ORIENTED_EDGE('',*,*,#7778,.F.);
#3208=ORIENTED_EDGE('',*,*,#7755,.F.);
#3209=ORIENTED_EDGE('',*,*,#7779,.T.);
#3210=ORIENTED_EDGE('',*,*,#7780,.F.);
#3211=ORIENTED_EDGE('',*,*,#7781,.F.);
#3212=ORIENTED_EDGE('',*,*,#7782,.F.);
#3213=ORIENTED_EDGE('',*,*,#7783,.F.);
#3214=ORIENTED_EDGE('',*,*,#7777,.T.);
#3215=ORIENTED_EDGE('',*,*,#7784,.T.);
#3216=ORIENTED_EDGE('',*,*,#7783,.T.);
#3217=ORIENTED_EDGE('',*,*,#7785,.T.);
#3218=ORIENTED_EDGE('',*,*,#7786,.T.);
#3219=ORIENTED_EDGE('',*,*,#7756,.T.);
#3220=ORIENTED_EDGE('',*,*,#7778,.T.);
#3221=ORIENTED_EDGE('',*,*,#7787,.F.);
#3222=ORIENTED_EDGE('',*,*,#7784,.F.);
#3223=ORIENTED_EDGE('',*,*,#7776,.F.);
#3224=ORIENTED_EDGE('',*,*,#7738,.F.);
#3225=ORIENTED_EDGE('',*,*,#7788,.F.);
#3226=ORIENTED_EDGE('',*,*,#7782,.T.);
#3227=ORIENTED_EDGE('',*,*,#7787,.T.);
#3228=ORIENTED_EDGE('',*,*,#7789,.T.);
#3229=ORIENTED_EDGE('',*,*,#7785,.F.);
#3230=ORIENTED_EDGE('',*,*,#7790,.F.);
#3231=ORIENTED_EDGE('',*,*,#7791,.T.);
#3232=ORIENTED_EDGE('',*,*,#7792,.T.);
#3233=ORIENTED_EDGE('',*,*,#7427,.F.);
#3234=ORIENTED_EDGE('',*,*,#7793,.F.);
#3235=ORIENTED_EDGE('',*,*,#7794,.T.);
#3236=ORIENTED_EDGE('',*,*,#7795,.T.);
#3237=ORIENTED_EDGE('',*,*,#7423,.F.);
#3238=ORIENTED_EDGE('',*,*,#7796,.F.);
#3239=ORIENTED_EDGE('',*,*,#7797,.T.);
#3240=ORIENTED_EDGE('',*,*,#7798,.T.);
#3241=ORIENTED_EDGE('',*,*,#7419,.F.);
#3242=ORIENTED_EDGE('',*,*,#7799,.F.);
#3243=ORIENTED_EDGE('',*,*,#7800,.T.);
#3244=ORIENTED_EDGE('',*,*,#7801,.T.);
#3245=ORIENTED_EDGE('',*,*,#7415,.F.);
#3246=ORIENTED_EDGE('',*,*,#7802,.F.);
#3247=ORIENTED_EDGE('',*,*,#7803,.T.);
#3248=ORIENTED_EDGE('',*,*,#7804,.T.);
#3249=ORIENTED_EDGE('',*,*,#7411,.F.);
#3250=ORIENTED_EDGE('',*,*,#7805,.F.);
#3251=ORIENTED_EDGE('',*,*,#7806,.T.);
#3252=ORIENTED_EDGE('',*,*,#7807,.T.);
#3253=ORIENTED_EDGE('',*,*,#7407,.F.);
#3254=ORIENTED_EDGE('',*,*,#7808,.F.);
#3255=ORIENTED_EDGE('',*,*,#7809,.T.);
#3256=ORIENTED_EDGE('',*,*,#7810,.T.);
#3257=ORIENTED_EDGE('',*,*,#7403,.F.);
#3258=ORIENTED_EDGE('',*,*,#7811,.F.);
#3259=ORIENTED_EDGE('',*,*,#7812,.T.);
#3260=ORIENTED_EDGE('',*,*,#7813,.T.);
#3261=ORIENTED_EDGE('',*,*,#7399,.F.);
#3262=ORIENTED_EDGE('',*,*,#7814,.F.);
#3263=ORIENTED_EDGE('',*,*,#7815,.T.);
#3264=ORIENTED_EDGE('',*,*,#7816,.T.);
#3265=ORIENTED_EDGE('',*,*,#7395,.F.);
#3266=ORIENTED_EDGE('',*,*,#7817,.F.);
#3267=ORIENTED_EDGE('',*,*,#7818,.T.);
#3268=ORIENTED_EDGE('',*,*,#7819,.T.);
#3269=ORIENTED_EDGE('',*,*,#7391,.F.);
#3270=ORIENTED_EDGE('',*,*,#7820,.F.);
#3271=ORIENTED_EDGE('',*,*,#7821,.T.);
#3272=ORIENTED_EDGE('',*,*,#7822,.T.);
#3273=ORIENTED_EDGE('',*,*,#7387,.F.);
#3274=ORIENTED_EDGE('',*,*,#7823,.F.);
#3275=ORIENTED_EDGE('',*,*,#7824,.T.);
#3276=ORIENTED_EDGE('',*,*,#7825,.T.);
#3277=ORIENTED_EDGE('',*,*,#7383,.F.);
#3278=ORIENTED_EDGE('',*,*,#7826,.F.);
#3279=ORIENTED_EDGE('',*,*,#7827,.T.);
#3280=ORIENTED_EDGE('',*,*,#7828,.T.);
#3281=ORIENTED_EDGE('',*,*,#7379,.F.);
#3282=ORIENTED_EDGE('',*,*,#7829,.F.);
#3283=ORIENTED_EDGE('',*,*,#7830,.T.);
#3284=ORIENTED_EDGE('',*,*,#7831,.T.);
#3285=ORIENTED_EDGE('',*,*,#7375,.F.);
#3286=ORIENTED_EDGE('',*,*,#7832,.F.);
#3287=ORIENTED_EDGE('',*,*,#7833,.T.);
#3288=ORIENTED_EDGE('',*,*,#7834,.T.);
#3289=ORIENTED_EDGE('',*,*,#7371,.F.);
#3290=ORIENTED_EDGE('',*,*,#7835,.F.);
#3291=ORIENTED_EDGE('',*,*,#7836,.T.);
#3292=ORIENTED_EDGE('',*,*,#7837,.T.);
#3293=ORIENTED_EDGE('',*,*,#7367,.F.);
#3294=ORIENTED_EDGE('',*,*,#7838,.F.);
#3295=ORIENTED_EDGE('',*,*,#7839,.T.);
#3296=ORIENTED_EDGE('',*,*,#7840,.T.);
#3297=ORIENTED_EDGE('',*,*,#7363,.F.);
#3298=ORIENTED_EDGE('',*,*,#7841,.F.);
#3299=ORIENTED_EDGE('',*,*,#7842,.T.);
#3300=ORIENTED_EDGE('',*,*,#7843,.T.);
#3301=ORIENTED_EDGE('',*,*,#7359,.F.);
#3302=ORIENTED_EDGE('',*,*,#7844,.F.);
#3303=ORIENTED_EDGE('',*,*,#7845,.T.);
#3304=ORIENTED_EDGE('',*,*,#7846,.T.);
#3305=ORIENTED_EDGE('',*,*,#7355,.F.);
#3306=ORIENTED_EDGE('',*,*,#7847,.F.);
#3307=ORIENTED_EDGE('',*,*,#7848,.T.);
#3308=ORIENTED_EDGE('',*,*,#7849,.T.);
#3309=ORIENTED_EDGE('',*,*,#7351,.F.);
#3310=ORIENTED_EDGE('',*,*,#7850,.F.);
#3311=ORIENTED_EDGE('',*,*,#7851,.T.);
#3312=ORIENTED_EDGE('',*,*,#7852,.T.);
#3313=ORIENTED_EDGE('',*,*,#7347,.F.);
#3314=ORIENTED_EDGE('',*,*,#7853,.F.);
#3315=ORIENTED_EDGE('',*,*,#7854,.T.);
#3316=ORIENTED_EDGE('',*,*,#7855,.T.);
#3317=ORIENTED_EDGE('',*,*,#7343,.F.);
#3318=ORIENTED_EDGE('',*,*,#7856,.F.);
#3319=ORIENTED_EDGE('',*,*,#7857,.T.);
#3320=ORIENTED_EDGE('',*,*,#7858,.T.);
#3321=ORIENTED_EDGE('',*,*,#7339,.F.);
#3322=ORIENTED_EDGE('',*,*,#7859,.T.);
#3323=ORIENTED_EDGE('',*,*,#7860,.F.);
#3324=ORIENTED_EDGE('',*,*,#7456,.T.);
#3325=ORIENTED_EDGE('',*,*,#7861,.F.);
#3326=ORIENTED_EDGE('',*,*,#7485,.F.);
#3327=ORIENTED_EDGE('',*,*,#7862,.F.);
#3328=ORIENTED_EDGE('',*,*,#7863,.F.);
#3329=ORIENTED_EDGE('',*,*,#7335,.F.);
#3330=ORIENTED_EDGE('',*,*,#7864,.F.);
#3331=ORIENTED_EDGE('',*,*,#7865,.T.);
#3332=ORIENTED_EDGE('',*,*,#7866,.T.);
#3333=ORIENTED_EDGE('',*,*,#7331,.F.);
#3334=ORIENTED_EDGE('',*,*,#7867,.T.);
#3335=ORIENTED_EDGE('',*,*,#7337,.T.);
#3336=ORIENTED_EDGE('',*,*,#7868,.F.);
#3337=ORIENTED_EDGE('',*,*,#7869,.F.);
#3338=ORIENTED_EDGE('',*,*,#7870,.F.);
#3339=ORIENTED_EDGE('',*,*,#7871,.T.);
#3340=ORIENTED_EDGE('',*,*,#7872,.T.);
#3341=ORIENTED_EDGE('',*,*,#7873,.T.);
#3342=ORIENTED_EDGE('',*,*,#7874,.F.);
#3343=ORIENTED_EDGE('',*,*,#7875,.T.);
#3344=ORIENTED_EDGE('',*,*,#7876,.T.);
#3345=ORIENTED_EDGE('',*,*,#7877,.T.);
#3346=ORIENTED_EDGE('',*,*,#7878,.F.);
#3347=ORIENTED_EDGE('',*,*,#7879,.T.);
#3348=ORIENTED_EDGE('',*,*,#7880,.T.);
#3349=ORIENTED_EDGE('',*,*,#7881,.T.);
#3350=ORIENTED_EDGE('',*,*,#7882,.F.);
#3351=ORIENTED_EDGE('',*,*,#7883,.T.);
#3352=ORIENTED_EDGE('',*,*,#7884,.T.);
#3353=ORIENTED_EDGE('',*,*,#7885,.T.);
#3354=ORIENTED_EDGE('',*,*,#7886,.F.);
#3355=ORIENTED_EDGE('',*,*,#7887,.T.);
#3356=ORIENTED_EDGE('',*,*,#7888,.T.);
#3357=ORIENTED_EDGE('',*,*,#7889,.T.);
#3358=ORIENTED_EDGE('',*,*,#7890,.F.);
#3359=ORIENTED_EDGE('',*,*,#7891,.T.);
#3360=ORIENTED_EDGE('',*,*,#7892,.T.);
#3361=ORIENTED_EDGE('',*,*,#7893,.T.);
#3362=ORIENTED_EDGE('',*,*,#7894,.F.);
#3363=ORIENTED_EDGE('',*,*,#7895,.T.);
#3364=ORIENTED_EDGE('',*,*,#7896,.T.);
#3365=ORIENTED_EDGE('',*,*,#7897,.T.);
#3366=ORIENTED_EDGE('',*,*,#7898,.F.);
#3367=ORIENTED_EDGE('',*,*,#7899,.T.);
#3368=ORIENTED_EDGE('',*,*,#7900,.T.);
#3369=ORIENTED_EDGE('',*,*,#7901,.T.);
#3370=ORIENTED_EDGE('',*,*,#7902,.F.);
#3371=ORIENTED_EDGE('',*,*,#7903,.T.);
#3372=ORIENTED_EDGE('',*,*,#7904,.T.);
#3373=ORIENTED_EDGE('',*,*,#7905,.T.);
#3374=ORIENTED_EDGE('',*,*,#7906,.F.);
#3375=ORIENTED_EDGE('',*,*,#7907,.T.);
#3376=ORIENTED_EDGE('',*,*,#7908,.T.);
#3377=ORIENTED_EDGE('',*,*,#7909,.T.);
#3378=ORIENTED_EDGE('',*,*,#7910,.F.);
#3379=ORIENTED_EDGE('',*,*,#7911,.T.);
#3380=ORIENTED_EDGE('',*,*,#7912,.T.);
#3381=ORIENTED_EDGE('',*,*,#7913,.T.);
#3382=ORIENTED_EDGE('',*,*,#7914,.F.);
#3383=ORIENTED_EDGE('',*,*,#7915,.T.);
#3384=ORIENTED_EDGE('',*,*,#7916,.T.);
#3385=ORIENTED_EDGE('',*,*,#7917,.T.);
#3386=ORIENTED_EDGE('',*,*,#7918,.F.);
#3387=ORIENTED_EDGE('',*,*,#7919,.T.);
#3388=ORIENTED_EDGE('',*,*,#7920,.T.);
#3389=ORIENTED_EDGE('',*,*,#7921,.T.);
#3390=ORIENTED_EDGE('',*,*,#7922,.F.);
#3391=ORIENTED_EDGE('',*,*,#7923,.T.);
#3392=ORIENTED_EDGE('',*,*,#7924,.T.);
#3393=ORIENTED_EDGE('',*,*,#7925,.T.);
#3394=ORIENTED_EDGE('',*,*,#7926,.F.);
#3395=ORIENTED_EDGE('',*,*,#7927,.T.);
#3396=ORIENTED_EDGE('',*,*,#7928,.T.);
#3397=ORIENTED_EDGE('',*,*,#7929,.T.);
#3398=ORIENTED_EDGE('',*,*,#7930,.F.);
#3399=ORIENTED_EDGE('',*,*,#7931,.T.);
#3400=ORIENTED_EDGE('',*,*,#7932,.T.);
#3401=ORIENTED_EDGE('',*,*,#7933,.T.);
#3402=ORIENTED_EDGE('',*,*,#7934,.F.);
#3403=ORIENTED_EDGE('',*,*,#7935,.T.);
#3404=ORIENTED_EDGE('',*,*,#7936,.T.);
#3405=ORIENTED_EDGE('',*,*,#7937,.T.);
#3406=ORIENTED_EDGE('',*,*,#7938,.F.);
#3407=ORIENTED_EDGE('',*,*,#7939,.T.);
#3408=ORIENTED_EDGE('',*,*,#7940,.T.);
#3409=ORIENTED_EDGE('',*,*,#7941,.T.);
#3410=ORIENTED_EDGE('',*,*,#7942,.F.);
#3411=ORIENTED_EDGE('',*,*,#7943,.T.);
#3412=ORIENTED_EDGE('',*,*,#7944,.T.);
#3413=ORIENTED_EDGE('',*,*,#7945,.T.);
#3414=ORIENTED_EDGE('',*,*,#7946,.F.);
#3415=ORIENTED_EDGE('',*,*,#7947,.T.);
#3416=ORIENTED_EDGE('',*,*,#7948,.T.);
#3417=ORIENTED_EDGE('',*,*,#7949,.T.);
#3418=ORIENTED_EDGE('',*,*,#7950,.F.);
#3419=ORIENTED_EDGE('',*,*,#7951,.T.);
#3420=ORIENTED_EDGE('',*,*,#7952,.T.);
#3421=ORIENTED_EDGE('',*,*,#7953,.T.);
#3422=ORIENTED_EDGE('',*,*,#7954,.F.);
#3423=ORIENTED_EDGE('',*,*,#7955,.T.);
#3424=ORIENTED_EDGE('',*,*,#7956,.T.);
#3425=ORIENTED_EDGE('',*,*,#7957,.T.);
#3426=ORIENTED_EDGE('',*,*,#7958,.F.);
#3427=ORIENTED_EDGE('',*,*,#7959,.T.);
#3428=ORIENTED_EDGE('',*,*,#7960,.T.);
#3429=ORIENTED_EDGE('',*,*,#7961,.T.);
#3430=ORIENTED_EDGE('',*,*,#7962,.F.);
#3431=ORIENTED_EDGE('',*,*,#7963,.T.);
#3432=ORIENTED_EDGE('',*,*,#7964,.T.);
#3433=ORIENTED_EDGE('',*,*,#7965,.T.);
#3434=ORIENTED_EDGE('',*,*,#7786,.F.);
#3435=ORIENTED_EDGE('',*,*,#7789,.F.);
#3436=ORIENTED_EDGE('',*,*,#7788,.T.);
#3437=ORIENTED_EDGE('',*,*,#7737,.F.);
#3438=ORIENTED_EDGE('',*,*,#7966,.T.);
#3439=ORIENTED_EDGE('',*,*,#7869,.T.);
#3440=ORIENTED_EDGE('',*,*,#7967,.F.);
#3441=ORIENTED_EDGE('',*,*,#7757,.F.);
#3442=ORIENTED_EDGE('',*,*,#7968,.F.);
#3443=ORIENTED_EDGE('',*,*,#7969,.T.);
#3444=ORIENTED_EDGE('',*,*,#7970,.T.);
#3445=ORIENTED_EDGE('',*,*,#7758,.T.);
#3446=ORIENTED_EDGE('',*,*,#7967,.T.);
#3447=ORIENTED_EDGE('',*,*,#7868,.T.);
#3448=ORIENTED_EDGE('',*,*,#7336,.T.);
#3449=ORIENTED_EDGE('',*,*,#7863,.T.);
#3450=ORIENTED_EDGE('',*,*,#7971,.F.);
#3451=ORIENTED_EDGE('',*,*,#7859,.F.);
#3452=ORIENTED_EDGE('',*,*,#7338,.F.);
#3453=ORIENTED_EDGE('',*,*,#7867,.F.);
#3454=ORIENTED_EDGE('',*,*,#7966,.F.);
#3455=ORIENTED_EDGE('',*,*,#7736,.F.);
#3456=ORIENTED_EDGE('',*,*,#7972,.F.);
#3457=ORIENTED_EDGE('',*,*,#7973,.F.);
#3458=ORIENTED_EDGE('',*,*,#7974,.F.);
#3459=ORIENTED_EDGE('',*,*,#7975,.T.);
#3460=ORIENTED_EDGE('',*,*,#7761,.T.);
#3461=ORIENTED_EDGE('',*,*,#7976,.T.);
#3462=ORIENTED_EDGE('',*,*,#7977,.F.);
#3463=ORIENTED_EDGE('',*,*,#7978,.F.);
#3464=ORIENTED_EDGE('',*,*,#7759,.T.);
#3465=ORIENTED_EDGE('',*,*,#7979,.F.);
#3466=ORIENTED_EDGE('',*,*,#7980,.F.);
#3467=ORIENTED_EDGE('',*,*,#7979,.T.);
#3468=ORIENTED_EDGE('',*,*,#7762,.T.);
#3469=ORIENTED_EDGE('',*,*,#7975,.F.);
#3470=ORIENTED_EDGE('',*,*,#7981,.F.);
#3471=ORIENTED_EDGE('',*,*,#7982,.T.);
#3472=ORIENTED_EDGE('',*,*,#7765,.T.);
#3473=ORIENTED_EDGE('',*,*,#7983,.T.);
#3474=ORIENTED_EDGE('',*,*,#7984,.F.);
#3475=ORIENTED_EDGE('',*,*,#7985,.F.);
#3476=ORIENTED_EDGE('',*,*,#7763,.T.);
#3477=ORIENTED_EDGE('',*,*,#7986,.F.);
#3478=ORIENTED_EDGE('',*,*,#7987,.F.);
#3479=ORIENTED_EDGE('',*,*,#7986,.T.);
#3480=ORIENTED_EDGE('',*,*,#7766,.T.);
#3481=ORIENTED_EDGE('',*,*,#7982,.F.);
#3482=ORIENTED_EDGE('',*,*,#7622,.T.);
#3483=ORIENTED_EDGE('',*,*,#7988,.F.);
#3484=ORIENTED_EDGE('',*,*,#7989,.T.);
#3485=ORIENTED_EDGE('',*,*,#7990,.F.);
#3486=ORIENTED_EDGE('',*,*,#7991,.F.);
#3487=ORIENTED_EDGE('',*,*,#7743,.T.);
#3488=ORIENTED_EDGE('',*,*,#7992,.T.);
#3489=ORIENTED_EDGE('',*,*,#7993,.T.);
#3490=ORIENTED_EDGE('',*,*,#7741,.F.);
#3491=ORIENTED_EDGE('',*,*,#7994,.T.);
#3492=ORIENTED_EDGE('',*,*,#7984,.T.);
#3493=ORIENTED_EDGE('',*,*,#7987,.T.);
#3494=ORIENTED_EDGE('',*,*,#7981,.T.);
#3495=ORIENTED_EDGE('',*,*,#7995,.T.);
#3496=ORIENTED_EDGE('',*,*,#7988,.T.);
#3497=ORIENTED_EDGE('',*,*,#7621,.T.);
#3498=ORIENTED_EDGE('',*,*,#7501,.T.);
#3499=ORIENTED_EDGE('',*,*,#7996,.F.);
#3500=ORIENTED_EDGE('',*,*,#7992,.F.);
#3501=ORIENTED_EDGE('',*,*,#7997,.T.);
#3502=ORIENTED_EDGE('',*,*,#7998,.T.);
#3503=ORIENTED_EDGE('',*,*,#7618,.T.);
#3504=ORIENTED_EDGE('',*,*,#7748,.F.);
#3505=ORIENTED_EDGE('',*,*,#7999,.F.);
#3506=ORIENTED_EDGE('',*,*,#8000,.T.);
#3507=ORIENTED_EDGE('',*,*,#8001,.T.);
#3508=ORIENTED_EDGE('',*,*,#7619,.T.);
#3509=ORIENTED_EDGE('',*,*,#7998,.F.);
#3510=ORIENTED_EDGE('',*,*,#8002,.T.);
#3511=ORIENTED_EDGE('',*,*,#7977,.T.);
#3512=ORIENTED_EDGE('',*,*,#7980,.T.);
#3513=ORIENTED_EDGE('',*,*,#7974,.T.);
#3514=ORIENTED_EDGE('',*,*,#8003,.T.);
#3515=ORIENTED_EDGE('',*,*,#7731,.T.);
#3516=ORIENTED_EDGE('',*,*,#8004,.T.);
#3517=ORIENTED_EDGE('',*,*,#7440,.F.);
#3518=ORIENTED_EDGE('',*,*,#8005,.T.);
#3519=ORIENTED_EDGE('',*,*,#7973,.T.);
#3520=ORIENTED_EDGE('',*,*,#8006,.T.);
#3521=ORIENTED_EDGE('',*,*,#8000,.F.);
#3522=ORIENTED_EDGE('',*,*,#7747,.T.);
#3523=ORIENTED_EDGE('',*,*,#7457,.T.);
#3524=ORIENTED_EDGE('',*,*,#7860,.T.);
#3525=ORIENTED_EDGE('',*,*,#7971,.T.);
#3526=ORIENTED_EDGE('',*,*,#8005,.F.);
#3527=ORIENTED_EDGE('',*,*,#7999,.T.);
#3528=ORIENTED_EDGE('',*,*,#8007,.T.);
#3529=ORIENTED_EDGE('',*,*,#7969,.F.);
#3530=ORIENTED_EDGE('',*,*,#8008,.T.);
#3531=ORIENTED_EDGE('',*,*,#7990,.T.);
#3532=ORIENTED_EDGE('',*,*,#7991,.T.);
#3533=ORIENTED_EDGE('',*,*,#8008,.F.);
#3534=ORIENTED_EDGE('',*,*,#7968,.T.);
#3535=ORIENTED_EDGE('',*,*,#7862,.T.);
#3536=ORIENTED_EDGE('',*,*,#7484,.T.);
#3537=ORIENTED_EDGE('',*,*,#7744,.T.);
#3538=ORIENTED_EDGE('',*,*,#7996,.T.);
#3539=ORIENTED_EDGE('',*,*,#7500,.T.);
#3540=ORIENTED_EDGE('',*,*,#7742,.F.);
#3541=ORIENTED_EDGE('',*,*,#7993,.F.);
#3542=ORIENTED_EDGE('',*,*,#7730,.T.);
#3543=ORIENTED_EDGE('',*,*,#7749,.T.);
#3544=ORIENTED_EDGE('',*,*,#7441,.F.);
#3545=ORIENTED_EDGE('',*,*,#8004,.F.);
#3546=ORIENTED_EDGE('',*,*,#8009,.T.);
#3547=ORIENTED_EDGE('',*,*,#8010,.F.);
#3548=ORIENTED_EDGE('',*,*,#8011,.F.);
#3549=ORIENTED_EDGE('',*,*,#8012,.T.);
#3550=ORIENTED_EDGE('',*,*,#8013,.T.);
#3551=ORIENTED_EDGE('',*,*,#8014,.F.);
#3552=ORIENTED_EDGE('',*,*,#8015,.F.);
#3553=ORIENTED_EDGE('',*,*,#8010,.T.);
#3554=ORIENTED_EDGE('',*,*,#8016,.T.);
#3555=ORIENTED_EDGE('',*,*,#8017,.F.);
#3556=ORIENTED_EDGE('',*,*,#8018,.F.);
#3557=ORIENTED_EDGE('',*,*,#8014,.T.);
#3558=ORIENTED_EDGE('',*,*,#8019,.T.);
#3559=ORIENTED_EDGE('',*,*,#7962,.T.);
#3560=ORIENTED_EDGE('',*,*,#8020,.T.);
#3561=ORIENTED_EDGE('',*,*,#8011,.T.);
#3562=ORIENTED_EDGE('',*,*,#8015,.T.);
#3563=ORIENTED_EDGE('',*,*,#8018,.T.);
#3564=ORIENTED_EDGE('',*,*,#7964,.F.);
#3565=ORIENTED_EDGE('',*,*,#8021,.F.);
#3566=ORIENTED_EDGE('',*,*,#8016,.F.);
#3567=ORIENTED_EDGE('',*,*,#8013,.F.);
#3568=ORIENTED_EDGE('',*,*,#8009,.F.);
#3569=ORIENTED_EDGE('',*,*,#8022,.F.);
#3570=ORIENTED_EDGE('',*,*,#7965,.F.);
#3571=ORIENTED_EDGE('',*,*,#8022,.T.);
#3572=ORIENTED_EDGE('',*,*,#8012,.F.);
#3573=ORIENTED_EDGE('',*,*,#8020,.F.);
#3574=ORIENTED_EDGE('',*,*,#7963,.F.);
#3575=ORIENTED_EDGE('',*,*,#8019,.F.);
#3576=ORIENTED_EDGE('',*,*,#8017,.T.);
#3577=ORIENTED_EDGE('',*,*,#8021,.T.);
#3578=ORIENTED_EDGE('',*,*,#8023,.T.);
#3579=ORIENTED_EDGE('',*,*,#7864,.T.);
#3580=ORIENTED_EDGE('',*,*,#7334,.T.);
#3581=ORIENTED_EDGE('',*,*,#8024,.T.);
#3582=ORIENTED_EDGE('',*,*,#7866,.F.);
#3583=ORIENTED_EDGE('',*,*,#8025,.F.);
#3584=ORIENTED_EDGE('',*,*,#8026,.F.);
#3585=ORIENTED_EDGE('',*,*,#7332,.F.);
#3586=ORIENTED_EDGE('',*,*,#7333,.F.);
#3587=ORIENTED_EDGE('',*,*,#8026,.T.);
#3588=ORIENTED_EDGE('',*,*,#8027,.F.);
#3589=ORIENTED_EDGE('',*,*,#8024,.F.);
#3590=ORIENTED_EDGE('',*,*,#7865,.F.);
#3591=ORIENTED_EDGE('',*,*,#8023,.F.);
#3592=ORIENTED_EDGE('',*,*,#8027,.T.);
#3593=ORIENTED_EDGE('',*,*,#8025,.T.);
#3594=ORIENTED_EDGE('',*,*,#8028,.T.);
#3595=ORIENTED_EDGE('',*,*,#7626,.T.);
#3596=ORIENTED_EDGE('',*,*,#8029,.F.);
#3597=ORIENTED_EDGE('',*,*,#8030,.T.);
#3598=ORIENTED_EDGE('',*,*,#7625,.F.);
#3599=ORIENTED_EDGE('',*,*,#7714,.T.);
#3600=ORIENTED_EDGE('',*,*,#8031,.T.);
#3601=ORIENTED_EDGE('',*,*,#8032,.T.);
#3602=ORIENTED_EDGE('',*,*,#8033,.T.);
#3603=ORIENTED_EDGE('',*,*,#8034,.T.);
#3604=ORIENTED_EDGE('',*,*,#8035,.T.);
#3605=ORIENTED_EDGE('',*,*,#8029,.T.);
#3606=ORIENTED_EDGE('',*,*,#7712,.F.);
#3607=ORIENTED_EDGE('',*,*,#7627,.T.);
#3608=ORIENTED_EDGE('',*,*,#8028,.F.);
#3609=ORIENTED_EDGE('',*,*,#8036,.F.);
#3610=ORIENTED_EDGE('',*,*,#8037,.F.);
#3611=ORIENTED_EDGE('',*,*,#8038,.F.);
#3612=ORIENTED_EDGE('',*,*,#8039,.F.);
#3613=ORIENTED_EDGE('',*,*,#8040,.F.);
#3614=ORIENTED_EDGE('',*,*,#7713,.F.);
#3615=ORIENTED_EDGE('',*,*,#8040,.T.);
#3616=ORIENTED_EDGE('',*,*,#8041,.F.);
#3617=ORIENTED_EDGE('',*,*,#8031,.F.);
#3618=ORIENTED_EDGE('',*,*,#8039,.T.);
#3619=ORIENTED_EDGE('',*,*,#8042,.F.);
#3620=ORIENTED_EDGE('',*,*,#8032,.F.);
#3621=ORIENTED_EDGE('',*,*,#8041,.T.);
#3622=ORIENTED_EDGE('',*,*,#8038,.T.);
#3623=ORIENTED_EDGE('',*,*,#8043,.F.);
#3624=ORIENTED_EDGE('',*,*,#8033,.F.);
#3625=ORIENTED_EDGE('',*,*,#8042,.T.);
#3626=ORIENTED_EDGE('',*,*,#8037,.T.);
#3627=ORIENTED_EDGE('',*,*,#8044,.F.);
#3628=ORIENTED_EDGE('',*,*,#8034,.F.);
#3629=ORIENTED_EDGE('',*,*,#8043,.T.);
#3630=ORIENTED_EDGE('',*,*,#8036,.T.);
#3631=ORIENTED_EDGE('',*,*,#8030,.F.);
#3632=ORIENTED_EDGE('',*,*,#8035,.F.);
#3633=ORIENTED_EDGE('',*,*,#8044,.T.);
#3634=ORIENTED_EDGE('',*,*,#8045,.T.);
#3635=ORIENTED_EDGE('',*,*,#8046,.F.);
#3636=ORIENTED_EDGE('',*,*,#8047,.F.);
#3637=ORIENTED_EDGE('',*,*,#8048,.T.);
#3638=ORIENTED_EDGE('',*,*,#8049,.T.);
#3639=ORIENTED_EDGE('',*,*,#8050,.F.);
#3640=ORIENTED_EDGE('',*,*,#8051,.F.);
#3641=ORIENTED_EDGE('',*,*,#8046,.T.);
#3642=ORIENTED_EDGE('',*,*,#8052,.T.);
#3643=ORIENTED_EDGE('',*,*,#8053,.F.);
#3644=ORIENTED_EDGE('',*,*,#8054,.F.);
#3645=ORIENTED_EDGE('',*,*,#8050,.T.);
#3646=ORIENTED_EDGE('',*,*,#8055,.T.);
#3647=ORIENTED_EDGE('',*,*,#7958,.T.);
#3648=ORIENTED_EDGE('',*,*,#8056,.T.);
#3649=ORIENTED_EDGE('',*,*,#8047,.T.);
#3650=ORIENTED_EDGE('',*,*,#8051,.T.);
#3651=ORIENTED_EDGE('',*,*,#8054,.T.);
#3652=ORIENTED_EDGE('',*,*,#7960,.F.);
#3653=ORIENTED_EDGE('',*,*,#8057,.F.);
#3654=ORIENTED_EDGE('',*,*,#8052,.F.);
#3655=ORIENTED_EDGE('',*,*,#8049,.F.);
#3656=ORIENTED_EDGE('',*,*,#8045,.F.);
#3657=ORIENTED_EDGE('',*,*,#8058,.F.);
#3658=ORIENTED_EDGE('',*,*,#7961,.F.);
#3659=ORIENTED_EDGE('',*,*,#8058,.T.);
#3660=ORIENTED_EDGE('',*,*,#8048,.F.);
#3661=ORIENTED_EDGE('',*,*,#8056,.F.);
#3662=ORIENTED_EDGE('',*,*,#7959,.F.);
#3663=ORIENTED_EDGE('',*,*,#8055,.F.);
#3664=ORIENTED_EDGE('',*,*,#8053,.T.);
#3665=ORIENTED_EDGE('',*,*,#8057,.T.);
#3666=ORIENTED_EDGE('',*,*,#8059,.T.);
#3667=ORIENTED_EDGE('',*,*,#8060,.F.);
#3668=ORIENTED_EDGE('',*,*,#8061,.F.);
#3669=ORIENTED_EDGE('',*,*,#8062,.T.);
#3670=ORIENTED_EDGE('',*,*,#8063,.T.);
#3671=ORIENTED_EDGE('',*,*,#8064,.F.);
#3672=ORIENTED_EDGE('',*,*,#8065,.F.);
#3673=ORIENTED_EDGE('',*,*,#8060,.T.);
#3674=ORIENTED_EDGE('',*,*,#8066,.T.);
#3675=ORIENTED_EDGE('',*,*,#8067,.F.);
#3676=ORIENTED_EDGE('',*,*,#8068,.F.);
#3677=ORIENTED_EDGE('',*,*,#8064,.T.);
#3678=ORIENTED_EDGE('',*,*,#8069,.T.);
#3679=ORIENTED_EDGE('',*,*,#7954,.T.);
#3680=ORIENTED_EDGE('',*,*,#8070,.T.);
#3681=ORIENTED_EDGE('',*,*,#8061,.T.);
#3682=ORIENTED_EDGE('',*,*,#8065,.T.);
#3683=ORIENTED_EDGE('',*,*,#8068,.T.);
#3684=ORIENTED_EDGE('',*,*,#7956,.F.);
#3685=ORIENTED_EDGE('',*,*,#8071,.F.);
#3686=ORIENTED_EDGE('',*,*,#8066,.F.);
#3687=ORIENTED_EDGE('',*,*,#8063,.F.);
#3688=ORIENTED_EDGE('',*,*,#8059,.F.);
#3689=ORIENTED_EDGE('',*,*,#8072,.F.);
#3690=ORIENTED_EDGE('',*,*,#7957,.F.);
#3691=ORIENTED_EDGE('',*,*,#8072,.T.);
#3692=ORIENTED_EDGE('',*,*,#8062,.F.);
#3693=ORIENTED_EDGE('',*,*,#8070,.F.);
#3694=ORIENTED_EDGE('',*,*,#7955,.F.);
#3695=ORIENTED_EDGE('',*,*,#8069,.F.);
#3696=ORIENTED_EDGE('',*,*,#8067,.T.);
#3697=ORIENTED_EDGE('',*,*,#8071,.T.);
#3698=ORIENTED_EDGE('',*,*,#8073,.T.);
#3699=ORIENTED_EDGE('',*,*,#8074,.F.);
#3700=ORIENTED_EDGE('',*,*,#8075,.F.);
#3701=ORIENTED_EDGE('',*,*,#8076,.T.);
#3702=ORIENTED_EDGE('',*,*,#8077,.T.);
#3703=ORIENTED_EDGE('',*,*,#8078,.F.);
#3704=ORIENTED_EDGE('',*,*,#8079,.F.);
#3705=ORIENTED_EDGE('',*,*,#8074,.T.);
#3706=ORIENTED_EDGE('',*,*,#8080,.T.);
#3707=ORIENTED_EDGE('',*,*,#8081,.F.);
#3708=ORIENTED_EDGE('',*,*,#8082,.F.);
#3709=ORIENTED_EDGE('',*,*,#8078,.T.);
#3710=ORIENTED_EDGE('',*,*,#8083,.T.);
#3711=ORIENTED_EDGE('',*,*,#7950,.T.);
#3712=ORIENTED_EDGE('',*,*,#8084,.T.);
#3713=ORIENTED_EDGE('',*,*,#8075,.T.);
#3714=ORIENTED_EDGE('',*,*,#8079,.T.);
#3715=ORIENTED_EDGE('',*,*,#8082,.T.);
#3716=ORIENTED_EDGE('',*,*,#7952,.F.);
#3717=ORIENTED_EDGE('',*,*,#8085,.F.);
#3718=ORIENTED_EDGE('',*,*,#8080,.F.);
#3719=ORIENTED_EDGE('',*,*,#8077,.F.);
#3720=ORIENTED_EDGE('',*,*,#8073,.F.);
#3721=ORIENTED_EDGE('',*,*,#8086,.F.);
#3722=ORIENTED_EDGE('',*,*,#7953,.F.);
#3723=ORIENTED_EDGE('',*,*,#8086,.T.);
#3724=ORIENTED_EDGE('',*,*,#8076,.F.);
#3725=ORIENTED_EDGE('',*,*,#8084,.F.);
#3726=ORIENTED_EDGE('',*,*,#7951,.F.);
#3727=ORIENTED_EDGE('',*,*,#8083,.F.);
#3728=ORIENTED_EDGE('',*,*,#8081,.T.);
#3729=ORIENTED_EDGE('',*,*,#8085,.T.);
#3730=ORIENTED_EDGE('',*,*,#8087,.T.);
#3731=ORIENTED_EDGE('',*,*,#8088,.F.);
#3732=ORIENTED_EDGE('',*,*,#8089,.F.);
#3733=ORIENTED_EDGE('',*,*,#8090,.T.);
#3734=ORIENTED_EDGE('',*,*,#8091,.T.);
#3735=ORIENTED_EDGE('',*,*,#8092,.F.);
#3736=ORIENTED_EDGE('',*,*,#8093,.F.);
#3737=ORIENTED_EDGE('',*,*,#8088,.T.);
#3738=ORIENTED_EDGE('',*,*,#8094,.T.);
#3739=ORIENTED_EDGE('',*,*,#8095,.F.);
#3740=ORIENTED_EDGE('',*,*,#8096,.F.);
#3741=ORIENTED_EDGE('',*,*,#8092,.T.);
#3742=ORIENTED_EDGE('',*,*,#8097,.T.);
#3743=ORIENTED_EDGE('',*,*,#7946,.T.);
#3744=ORIENTED_EDGE('',*,*,#8098,.T.);
#3745=ORIENTED_EDGE('',*,*,#8089,.T.);
#3746=ORIENTED_EDGE('',*,*,#8093,.T.);
#3747=ORIENTED_EDGE('',*,*,#8096,.T.);
#3748=ORIENTED_EDGE('',*,*,#7948,.F.);
#3749=ORIENTED_EDGE('',*,*,#8099,.F.);
#3750=ORIENTED_EDGE('',*,*,#8094,.F.);
#3751=ORIENTED_EDGE('',*,*,#8091,.F.);
#3752=ORIENTED_EDGE('',*,*,#8087,.F.);
#3753=ORIENTED_EDGE('',*,*,#8100,.F.);
#3754=ORIENTED_EDGE('',*,*,#7949,.F.);
#3755=ORIENTED_EDGE('',*,*,#8100,.T.);
#3756=ORIENTED_EDGE('',*,*,#8090,.F.);
#3757=ORIENTED_EDGE('',*,*,#8098,.F.);
#3758=ORIENTED_EDGE('',*,*,#7947,.F.);
#3759=ORIENTED_EDGE('',*,*,#8097,.F.);
#3760=ORIENTED_EDGE('',*,*,#8095,.T.);
#3761=ORIENTED_EDGE('',*,*,#8099,.T.);
#3762=ORIENTED_EDGE('',*,*,#8101,.T.);
#3763=ORIENTED_EDGE('',*,*,#8102,.F.);
#3764=ORIENTED_EDGE('',*,*,#8103,.F.);
#3765=ORIENTED_EDGE('',*,*,#8104,.T.);
#3766=ORIENTED_EDGE('',*,*,#8105,.T.);
#3767=ORIENTED_EDGE('',*,*,#8106,.F.);
#3768=ORIENTED_EDGE('',*,*,#8107,.F.);
#3769=ORIENTED_EDGE('',*,*,#8102,.T.);
#3770=ORIENTED_EDGE('',*,*,#8108,.T.);
#3771=ORIENTED_EDGE('',*,*,#8109,.F.);
#3772=ORIENTED_EDGE('',*,*,#8110,.F.);
#3773=ORIENTED_EDGE('',*,*,#8106,.T.);
#3774=ORIENTED_EDGE('',*,*,#8111,.T.);
#3775=ORIENTED_EDGE('',*,*,#7942,.T.);
#3776=ORIENTED_EDGE('',*,*,#8112,.T.);
#3777=ORIENTED_EDGE('',*,*,#8103,.T.);
#3778=ORIENTED_EDGE('',*,*,#8107,.T.);
#3779=ORIENTED_EDGE('',*,*,#8110,.T.);
#3780=ORIENTED_EDGE('',*,*,#7944,.F.);
#3781=ORIENTED_EDGE('',*,*,#8113,.F.);
#3782=ORIENTED_EDGE('',*,*,#8108,.F.);
#3783=ORIENTED_EDGE('',*,*,#8105,.F.);
#3784=ORIENTED_EDGE('',*,*,#8101,.F.);
#3785=ORIENTED_EDGE('',*,*,#8114,.F.);
#3786=ORIENTED_EDGE('',*,*,#7945,.F.);
#3787=ORIENTED_EDGE('',*,*,#8114,.T.);
#3788=ORIENTED_EDGE('',*,*,#8104,.F.);
#3789=ORIENTED_EDGE('',*,*,#8112,.F.);
#3790=ORIENTED_EDGE('',*,*,#7943,.F.);
#3791=ORIENTED_EDGE('',*,*,#8111,.F.);
#3792=ORIENTED_EDGE('',*,*,#8109,.T.);
#3793=ORIENTED_EDGE('',*,*,#8113,.T.);
#3794=ORIENTED_EDGE('',*,*,#8115,.T.);
#3795=ORIENTED_EDGE('',*,*,#8116,.F.);
#3796=ORIENTED_EDGE('',*,*,#8117,.F.);
#3797=ORIENTED_EDGE('',*,*,#8118,.T.);
#3798=ORIENTED_EDGE('',*,*,#8119,.T.);
#3799=ORIENTED_EDGE('',*,*,#8120,.F.);
#3800=ORIENTED_EDGE('',*,*,#8121,.F.);
#3801=ORIENTED_EDGE('',*,*,#8116,.T.);
#3802=ORIENTED_EDGE('',*,*,#8122,.T.);
#3803=ORIENTED_EDGE('',*,*,#8123,.F.);
#3804=ORIENTED_EDGE('',*,*,#8124,.F.);
#3805=ORIENTED_EDGE('',*,*,#8120,.T.);
#3806=ORIENTED_EDGE('',*,*,#8125,.T.);
#3807=ORIENTED_EDGE('',*,*,#7938,.T.);
#3808=ORIENTED_EDGE('',*,*,#8126,.T.);
#3809=ORIENTED_EDGE('',*,*,#8117,.T.);
#3810=ORIENTED_EDGE('',*,*,#8121,.T.);
#3811=ORIENTED_EDGE('',*,*,#8124,.T.);
#3812=ORIENTED_EDGE('',*,*,#7940,.F.);
#3813=ORIENTED_EDGE('',*,*,#8127,.F.);
#3814=ORIENTED_EDGE('',*,*,#8122,.F.);
#3815=ORIENTED_EDGE('',*,*,#8119,.F.);
#3816=ORIENTED_EDGE('',*,*,#8115,.F.);
#3817=ORIENTED_EDGE('',*,*,#8128,.F.);
#3818=ORIENTED_EDGE('',*,*,#7941,.F.);
#3819=ORIENTED_EDGE('',*,*,#8128,.T.);
#3820=ORIENTED_EDGE('',*,*,#8118,.F.);
#3821=ORIENTED_EDGE('',*,*,#8126,.F.);
#3822=ORIENTED_EDGE('',*,*,#7939,.F.);
#3823=ORIENTED_EDGE('',*,*,#8125,.F.);
#3824=ORIENTED_EDGE('',*,*,#8123,.T.);
#3825=ORIENTED_EDGE('',*,*,#8127,.T.);
#3826=ORIENTED_EDGE('',*,*,#8129,.T.);
#3827=ORIENTED_EDGE('',*,*,#8130,.F.);
#3828=ORIENTED_EDGE('',*,*,#8131,.F.);
#3829=ORIENTED_EDGE('',*,*,#8132,.T.);
#3830=ORIENTED_EDGE('',*,*,#8133,.T.);
#3831=ORIENTED_EDGE('',*,*,#8134,.F.);
#3832=ORIENTED_EDGE('',*,*,#8135,.F.);
#3833=ORIENTED_EDGE('',*,*,#8130,.T.);
#3834=ORIENTED_EDGE('',*,*,#8136,.T.);
#3835=ORIENTED_EDGE('',*,*,#8137,.F.);
#3836=ORIENTED_EDGE('',*,*,#8138,.F.);
#3837=ORIENTED_EDGE('',*,*,#8134,.T.);
#3838=ORIENTED_EDGE('',*,*,#8139,.T.);
#3839=ORIENTED_EDGE('',*,*,#7934,.T.);
#3840=ORIENTED_EDGE('',*,*,#8140,.T.);
#3841=ORIENTED_EDGE('',*,*,#8131,.T.);
#3842=ORIENTED_EDGE('',*,*,#8135,.T.);
#3843=ORIENTED_EDGE('',*,*,#8138,.T.);
#3844=ORIENTED_EDGE('',*,*,#7936,.F.);
#3845=ORIENTED_EDGE('',*,*,#8141,.F.);
#3846=ORIENTED_EDGE('',*,*,#8136,.F.);
#3847=ORIENTED_EDGE('',*,*,#8133,.F.);
#3848=ORIENTED_EDGE('',*,*,#8129,.F.);
#3849=ORIENTED_EDGE('',*,*,#8142,.F.);
#3850=ORIENTED_EDGE('',*,*,#7937,.F.);
#3851=ORIENTED_EDGE('',*,*,#8142,.T.);
#3852=ORIENTED_EDGE('',*,*,#8132,.F.);
#3853=ORIENTED_EDGE('',*,*,#8140,.F.);
#3854=ORIENTED_EDGE('',*,*,#7935,.F.);
#3855=ORIENTED_EDGE('',*,*,#8139,.F.);
#3856=ORIENTED_EDGE('',*,*,#8137,.T.);
#3857=ORIENTED_EDGE('',*,*,#8141,.T.);
#3858=ORIENTED_EDGE('',*,*,#8143,.T.);
#3859=ORIENTED_EDGE('',*,*,#8144,.F.);
#3860=ORIENTED_EDGE('',*,*,#8145,.F.);
#3861=ORIENTED_EDGE('',*,*,#8146,.T.);
#3862=ORIENTED_EDGE('',*,*,#8147,.T.);
#3863=ORIENTED_EDGE('',*,*,#8148,.F.);
#3864=ORIENTED_EDGE('',*,*,#8149,.F.);
#3865=ORIENTED_EDGE('',*,*,#8144,.T.);
#3866=ORIENTED_EDGE('',*,*,#8150,.T.);
#3867=ORIENTED_EDGE('',*,*,#8151,.F.);
#3868=ORIENTED_EDGE('',*,*,#8152,.F.);
#3869=ORIENTED_EDGE('',*,*,#8148,.T.);
#3870=ORIENTED_EDGE('',*,*,#8153,.T.);
#3871=ORIENTED_EDGE('',*,*,#7930,.T.);
#3872=ORIENTED_EDGE('',*,*,#8154,.T.);
#3873=ORIENTED_EDGE('',*,*,#8145,.T.);
#3874=ORIENTED_EDGE('',*,*,#8149,.T.);
#3875=ORIENTED_EDGE('',*,*,#8152,.T.);
#3876=ORIENTED_EDGE('',*,*,#7932,.F.);
#3877=ORIENTED_EDGE('',*,*,#8155,.F.);
#3878=ORIENTED_EDGE('',*,*,#8150,.F.);
#3879=ORIENTED_EDGE('',*,*,#8147,.F.);
#3880=ORIENTED_EDGE('',*,*,#8143,.F.);
#3881=ORIENTED_EDGE('',*,*,#8156,.F.);
#3882=ORIENTED_EDGE('',*,*,#7933,.F.);
#3883=ORIENTED_EDGE('',*,*,#8156,.T.);
#3884=ORIENTED_EDGE('',*,*,#8146,.F.);
#3885=ORIENTED_EDGE('',*,*,#8154,.F.);
#3886=ORIENTED_EDGE('',*,*,#7931,.F.);
#3887=ORIENTED_EDGE('',*,*,#8153,.F.);
#3888=ORIENTED_EDGE('',*,*,#8151,.T.);
#3889=ORIENTED_EDGE('',*,*,#8155,.T.);
#3890=ORIENTED_EDGE('',*,*,#8157,.T.);
#3891=ORIENTED_EDGE('',*,*,#8158,.F.);
#3892=ORIENTED_EDGE('',*,*,#8159,.F.);
#3893=ORIENTED_EDGE('',*,*,#8160,.T.);
#3894=ORIENTED_EDGE('',*,*,#8161,.T.);
#3895=ORIENTED_EDGE('',*,*,#8162,.F.);
#3896=ORIENTED_EDGE('',*,*,#8163,.F.);
#3897=ORIENTED_EDGE('',*,*,#8158,.T.);
#3898=ORIENTED_EDGE('',*,*,#8164,.T.);
#3899=ORIENTED_EDGE('',*,*,#8165,.F.);
#3900=ORIENTED_EDGE('',*,*,#8166,.F.);
#3901=ORIENTED_EDGE('',*,*,#8162,.T.);
#3902=ORIENTED_EDGE('',*,*,#8167,.T.);
#3903=ORIENTED_EDGE('',*,*,#7926,.T.);
#3904=ORIENTED_EDGE('',*,*,#8168,.T.);
#3905=ORIENTED_EDGE('',*,*,#8159,.T.);
#3906=ORIENTED_EDGE('',*,*,#8163,.T.);
#3907=ORIENTED_EDGE('',*,*,#8166,.T.);
#3908=ORIENTED_EDGE('',*,*,#7928,.F.);
#3909=ORIENTED_EDGE('',*,*,#8169,.F.);
#3910=ORIENTED_EDGE('',*,*,#8164,.F.);
#3911=ORIENTED_EDGE('',*,*,#8161,.F.);
#3912=ORIENTED_EDGE('',*,*,#8157,.F.);
#3913=ORIENTED_EDGE('',*,*,#8170,.F.);
#3914=ORIENTED_EDGE('',*,*,#7929,.F.);
#3915=ORIENTED_EDGE('',*,*,#8170,.T.);
#3916=ORIENTED_EDGE('',*,*,#8160,.F.);
#3917=ORIENTED_EDGE('',*,*,#8168,.F.);
#3918=ORIENTED_EDGE('',*,*,#7927,.F.);
#3919=ORIENTED_EDGE('',*,*,#8167,.F.);
#3920=ORIENTED_EDGE('',*,*,#8165,.T.);
#3921=ORIENTED_EDGE('',*,*,#8169,.T.);
#3922=ORIENTED_EDGE('',*,*,#8171,.T.);
#3923=ORIENTED_EDGE('',*,*,#8172,.F.);
#3924=ORIENTED_EDGE('',*,*,#8173,.F.);
#3925=ORIENTED_EDGE('',*,*,#8174,.T.);
#3926=ORIENTED_EDGE('',*,*,#8175,.T.);
#3927=ORIENTED_EDGE('',*,*,#8176,.F.);
#3928=ORIENTED_EDGE('',*,*,#8177,.F.);
#3929=ORIENTED_EDGE('',*,*,#8172,.T.);
#3930=ORIENTED_EDGE('',*,*,#8178,.T.);
#3931=ORIENTED_EDGE('',*,*,#8179,.F.);
#3932=ORIENTED_EDGE('',*,*,#8180,.F.);
#3933=ORIENTED_EDGE('',*,*,#8176,.T.);
#3934=ORIENTED_EDGE('',*,*,#8181,.T.);
#3935=ORIENTED_EDGE('',*,*,#7922,.T.);
#3936=ORIENTED_EDGE('',*,*,#8182,.T.);
#3937=ORIENTED_EDGE('',*,*,#8173,.T.);
#3938=ORIENTED_EDGE('',*,*,#8177,.T.);
#3939=ORIENTED_EDGE('',*,*,#8180,.T.);
#3940=ORIENTED_EDGE('',*,*,#7924,.F.);
#3941=ORIENTED_EDGE('',*,*,#8183,.F.);
#3942=ORIENTED_EDGE('',*,*,#8178,.F.);
#3943=ORIENTED_EDGE('',*,*,#8175,.F.);
#3944=ORIENTED_EDGE('',*,*,#8171,.F.);
#3945=ORIENTED_EDGE('',*,*,#8184,.F.);
#3946=ORIENTED_EDGE('',*,*,#7925,.F.);
#3947=ORIENTED_EDGE('',*,*,#8184,.T.);
#3948=ORIENTED_EDGE('',*,*,#8174,.F.);
#3949=ORIENTED_EDGE('',*,*,#8182,.F.);
#3950=ORIENTED_EDGE('',*,*,#7923,.F.);
#3951=ORIENTED_EDGE('',*,*,#8181,.F.);
#3952=ORIENTED_EDGE('',*,*,#8179,.T.);
#3953=ORIENTED_EDGE('',*,*,#8183,.T.);
#3954=ORIENTED_EDGE('',*,*,#8185,.T.);
#3955=ORIENTED_EDGE('',*,*,#8186,.F.);
#3956=ORIENTED_EDGE('',*,*,#8187,.F.);
#3957=ORIENTED_EDGE('',*,*,#8188,.T.);
#3958=ORIENTED_EDGE('',*,*,#8189,.T.);
#3959=ORIENTED_EDGE('',*,*,#8190,.F.);
#3960=ORIENTED_EDGE('',*,*,#8191,.F.);
#3961=ORIENTED_EDGE('',*,*,#8186,.T.);
#3962=ORIENTED_EDGE('',*,*,#8192,.T.);
#3963=ORIENTED_EDGE('',*,*,#8193,.F.);
#3964=ORIENTED_EDGE('',*,*,#8194,.F.);
#3965=ORIENTED_EDGE('',*,*,#8190,.T.);
#3966=ORIENTED_EDGE('',*,*,#8195,.T.);
#3967=ORIENTED_EDGE('',*,*,#7918,.T.);
#3968=ORIENTED_EDGE('',*,*,#8196,.T.);
#3969=ORIENTED_EDGE('',*,*,#8187,.T.);
#3970=ORIENTED_EDGE('',*,*,#8191,.T.);
#3971=ORIENTED_EDGE('',*,*,#8194,.T.);
#3972=ORIENTED_EDGE('',*,*,#7920,.F.);
#3973=ORIENTED_EDGE('',*,*,#8197,.F.);
#3974=ORIENTED_EDGE('',*,*,#8192,.F.);
#3975=ORIENTED_EDGE('',*,*,#8189,.F.);
#3976=ORIENTED_EDGE('',*,*,#8185,.F.);
#3977=ORIENTED_EDGE('',*,*,#8198,.F.);
#3978=ORIENTED_EDGE('',*,*,#7921,.F.);
#3979=ORIENTED_EDGE('',*,*,#8198,.T.);
#3980=ORIENTED_EDGE('',*,*,#8188,.F.);
#3981=ORIENTED_EDGE('',*,*,#8196,.F.);
#3982=ORIENTED_EDGE('',*,*,#7919,.F.);
#3983=ORIENTED_EDGE('',*,*,#8195,.F.);
#3984=ORIENTED_EDGE('',*,*,#8193,.T.);
#3985=ORIENTED_EDGE('',*,*,#8197,.T.);
#3986=ORIENTED_EDGE('',*,*,#8199,.T.);
#3987=ORIENTED_EDGE('',*,*,#8200,.F.);
#3988=ORIENTED_EDGE('',*,*,#8201,.F.);
#3989=ORIENTED_EDGE('',*,*,#8202,.T.);
#3990=ORIENTED_EDGE('',*,*,#8203,.T.);
#3991=ORIENTED_EDGE('',*,*,#8204,.F.);
#3992=ORIENTED_EDGE('',*,*,#8205,.F.);
#3993=ORIENTED_EDGE('',*,*,#8200,.T.);
#3994=ORIENTED_EDGE('',*,*,#8206,.T.);
#3995=ORIENTED_EDGE('',*,*,#8207,.F.);
#3996=ORIENTED_EDGE('',*,*,#8208,.F.);
#3997=ORIENTED_EDGE('',*,*,#8204,.T.);
#3998=ORIENTED_EDGE('',*,*,#8209,.T.);
#3999=ORIENTED_EDGE('',*,*,#7914,.T.);
#4000=ORIENTED_EDGE('',*,*,#8210,.T.);
#4001=ORIENTED_EDGE('',*,*,#8201,.T.);
#4002=ORIENTED_EDGE('',*,*,#8205,.T.);
#4003=ORIENTED_EDGE('',*,*,#8208,.T.);
#4004=ORIENTED_EDGE('',*,*,#7916,.F.);
#4005=ORIENTED_EDGE('',*,*,#8211,.F.);
#4006=ORIENTED_EDGE('',*,*,#8206,.F.);
#4007=ORIENTED_EDGE('',*,*,#8203,.F.);
#4008=ORIENTED_EDGE('',*,*,#8199,.F.);
#4009=ORIENTED_EDGE('',*,*,#8212,.F.);
#4010=ORIENTED_EDGE('',*,*,#7917,.F.);
#4011=ORIENTED_EDGE('',*,*,#8212,.T.);
#4012=ORIENTED_EDGE('',*,*,#8202,.F.);
#4013=ORIENTED_EDGE('',*,*,#8210,.F.);
#4014=ORIENTED_EDGE('',*,*,#7915,.F.);
#4015=ORIENTED_EDGE('',*,*,#8209,.F.);
#4016=ORIENTED_EDGE('',*,*,#8207,.T.);
#4017=ORIENTED_EDGE('',*,*,#8211,.T.);
#4018=ORIENTED_EDGE('',*,*,#8213,.T.);
#4019=ORIENTED_EDGE('',*,*,#8214,.F.);
#4020=ORIENTED_EDGE('',*,*,#8215,.F.);
#4021=ORIENTED_EDGE('',*,*,#8216,.T.);
#4022=ORIENTED_EDGE('',*,*,#8217,.T.);
#4023=ORIENTED_EDGE('',*,*,#8218,.F.);
#4024=ORIENTED_EDGE('',*,*,#8219,.F.);
#4025=ORIENTED_EDGE('',*,*,#8214,.T.);
#4026=ORIENTED_EDGE('',*,*,#8220,.T.);
#4027=ORIENTED_EDGE('',*,*,#8221,.F.);
#4028=ORIENTED_EDGE('',*,*,#8222,.F.);
#4029=ORIENTED_EDGE('',*,*,#8218,.T.);
#4030=ORIENTED_EDGE('',*,*,#8223,.T.);
#4031=ORIENTED_EDGE('',*,*,#7910,.T.);
#4032=ORIENTED_EDGE('',*,*,#8224,.T.);
#4033=ORIENTED_EDGE('',*,*,#8215,.T.);
#4034=ORIENTED_EDGE('',*,*,#8219,.T.);
#4035=ORIENTED_EDGE('',*,*,#8222,.T.);
#4036=ORIENTED_EDGE('',*,*,#7912,.F.);
#4037=ORIENTED_EDGE('',*,*,#8225,.F.);
#4038=ORIENTED_EDGE('',*,*,#8220,.F.);
#4039=ORIENTED_EDGE('',*,*,#8217,.F.);
#4040=ORIENTED_EDGE('',*,*,#8213,.F.);
#4041=ORIENTED_EDGE('',*,*,#8226,.F.);
#4042=ORIENTED_EDGE('',*,*,#7913,.F.);
#4043=ORIENTED_EDGE('',*,*,#8226,.T.);
#4044=ORIENTED_EDGE('',*,*,#8216,.F.);
#4045=ORIENTED_EDGE('',*,*,#8224,.F.);
#4046=ORIENTED_EDGE('',*,*,#7911,.F.);
#4047=ORIENTED_EDGE('',*,*,#8223,.F.);
#4048=ORIENTED_EDGE('',*,*,#8221,.T.);
#4049=ORIENTED_EDGE('',*,*,#8225,.T.);
#4050=ORIENTED_EDGE('',*,*,#8227,.T.);
#4051=ORIENTED_EDGE('',*,*,#8228,.F.);
#4052=ORIENTED_EDGE('',*,*,#8229,.F.);
#4053=ORIENTED_EDGE('',*,*,#8230,.T.);
#4054=ORIENTED_EDGE('',*,*,#8231,.T.);
#4055=ORIENTED_EDGE('',*,*,#8232,.F.);
#4056=ORIENTED_EDGE('',*,*,#8233,.F.);
#4057=ORIENTED_EDGE('',*,*,#8228,.T.);
#4058=ORIENTED_EDGE('',*,*,#8234,.T.);
#4059=ORIENTED_EDGE('',*,*,#8235,.F.);
#4060=ORIENTED_EDGE('',*,*,#8236,.F.);
#4061=ORIENTED_EDGE('',*,*,#8232,.T.);
#4062=ORIENTED_EDGE('',*,*,#8237,.T.);
#4063=ORIENTED_EDGE('',*,*,#7906,.T.);
#4064=ORIENTED_EDGE('',*,*,#8238,.T.);
#4065=ORIENTED_EDGE('',*,*,#8229,.T.);
#4066=ORIENTED_EDGE('',*,*,#8233,.T.);
#4067=ORIENTED_EDGE('',*,*,#8236,.T.);
#4068=ORIENTED_EDGE('',*,*,#7908,.F.);
#4069=ORIENTED_EDGE('',*,*,#8239,.F.);
#4070=ORIENTED_EDGE('',*,*,#8234,.F.);
#4071=ORIENTED_EDGE('',*,*,#8231,.F.);
#4072=ORIENTED_EDGE('',*,*,#8227,.F.);
#4073=ORIENTED_EDGE('',*,*,#8240,.F.);
#4074=ORIENTED_EDGE('',*,*,#7909,.F.);
#4075=ORIENTED_EDGE('',*,*,#8240,.T.);
#4076=ORIENTED_EDGE('',*,*,#8230,.F.);
#4077=ORIENTED_EDGE('',*,*,#8238,.F.);
#4078=ORIENTED_EDGE('',*,*,#7907,.F.);
#4079=ORIENTED_EDGE('',*,*,#8237,.F.);
#4080=ORIENTED_EDGE('',*,*,#8235,.T.);
#4081=ORIENTED_EDGE('',*,*,#8239,.T.);
#4082=ORIENTED_EDGE('',*,*,#8241,.T.);
#4083=ORIENTED_EDGE('',*,*,#8242,.F.);
#4084=ORIENTED_EDGE('',*,*,#8243,.F.);
#4085=ORIENTED_EDGE('',*,*,#8244,.T.);
#4086=ORIENTED_EDGE('',*,*,#8245,.T.);
#4087=ORIENTED_EDGE('',*,*,#8246,.F.);
#4088=ORIENTED_EDGE('',*,*,#8247,.F.);
#4089=ORIENTED_EDGE('',*,*,#8242,.T.);
#4090=ORIENTED_EDGE('',*,*,#8248,.T.);
#4091=ORIENTED_EDGE('',*,*,#8249,.F.);
#4092=ORIENTED_EDGE('',*,*,#8250,.F.);
#4093=ORIENTED_EDGE('',*,*,#8246,.T.);
#4094=ORIENTED_EDGE('',*,*,#8251,.T.);
#4095=ORIENTED_EDGE('',*,*,#7902,.T.);
#4096=ORIENTED_EDGE('',*,*,#8252,.T.);
#4097=ORIENTED_EDGE('',*,*,#8243,.T.);
#4098=ORIENTED_EDGE('',*,*,#8247,.T.);
#4099=ORIENTED_EDGE('',*,*,#8250,.T.);
#4100=ORIENTED_EDGE('',*,*,#7904,.F.);
#4101=ORIENTED_EDGE('',*,*,#8253,.F.);
#4102=ORIENTED_EDGE('',*,*,#8248,.F.);
#4103=ORIENTED_EDGE('',*,*,#8245,.F.);
#4104=ORIENTED_EDGE('',*,*,#8241,.F.);
#4105=ORIENTED_EDGE('',*,*,#8254,.F.);
#4106=ORIENTED_EDGE('',*,*,#7905,.F.);
#4107=ORIENTED_EDGE('',*,*,#8254,.T.);
#4108=ORIENTED_EDGE('',*,*,#8244,.F.);
#4109=ORIENTED_EDGE('',*,*,#8252,.F.);
#4110=ORIENTED_EDGE('',*,*,#7903,.F.);
#4111=ORIENTED_EDGE('',*,*,#8251,.F.);
#4112=ORIENTED_EDGE('',*,*,#8249,.T.);
#4113=ORIENTED_EDGE('',*,*,#8253,.T.);
#4114=ORIENTED_EDGE('',*,*,#8255,.T.);
#4115=ORIENTED_EDGE('',*,*,#8256,.F.);
#4116=ORIENTED_EDGE('',*,*,#8257,.F.);
#4117=ORIENTED_EDGE('',*,*,#8258,.T.);
#4118=ORIENTED_EDGE('',*,*,#8259,.T.);
#4119=ORIENTED_EDGE('',*,*,#8260,.F.);
#4120=ORIENTED_EDGE('',*,*,#8261,.F.);
#4121=ORIENTED_EDGE('',*,*,#8256,.T.);
#4122=ORIENTED_EDGE('',*,*,#8262,.T.);
#4123=ORIENTED_EDGE('',*,*,#8263,.F.);
#4124=ORIENTED_EDGE('',*,*,#8264,.F.);
#4125=ORIENTED_EDGE('',*,*,#8260,.T.);
#4126=ORIENTED_EDGE('',*,*,#8265,.T.);
#4127=ORIENTED_EDGE('',*,*,#7898,.T.);
#4128=ORIENTED_EDGE('',*,*,#8266,.T.);
#4129=ORIENTED_EDGE('',*,*,#8257,.T.);
#4130=ORIENTED_EDGE('',*,*,#8261,.T.);
#4131=ORIENTED_EDGE('',*,*,#8264,.T.);
#4132=ORIENTED_EDGE('',*,*,#7900,.F.);
#4133=ORIENTED_EDGE('',*,*,#8267,.F.);
#4134=ORIENTED_EDGE('',*,*,#8262,.F.);
#4135=ORIENTED_EDGE('',*,*,#8259,.F.);
#4136=ORIENTED_EDGE('',*,*,#8255,.F.);
#4137=ORIENTED_EDGE('',*,*,#8268,.F.);
#4138=ORIENTED_EDGE('',*,*,#7901,.F.);
#4139=ORIENTED_EDGE('',*,*,#8268,.T.);
#4140=ORIENTED_EDGE('',*,*,#8258,.F.);
#4141=ORIENTED_EDGE('',*,*,#8266,.F.);
#4142=ORIENTED_EDGE('',*,*,#7899,.F.);
#4143=ORIENTED_EDGE('',*,*,#8265,.F.);
#4144=ORIENTED_EDGE('',*,*,#8263,.T.);
#4145=ORIENTED_EDGE('',*,*,#8267,.T.);
#4146=ORIENTED_EDGE('',*,*,#8269,.T.);
#4147=ORIENTED_EDGE('',*,*,#8270,.F.);
#4148=ORIENTED_EDGE('',*,*,#8271,.F.);
#4149=ORIENTED_EDGE('',*,*,#8272,.T.);
#4150=ORIENTED_EDGE('',*,*,#8273,.T.);
#4151=ORIENTED_EDGE('',*,*,#8274,.F.);
#4152=ORIENTED_EDGE('',*,*,#8275,.F.);
#4153=ORIENTED_EDGE('',*,*,#8270,.T.);
#4154=ORIENTED_EDGE('',*,*,#8276,.T.);
#4155=ORIENTED_EDGE('',*,*,#8277,.F.);
#4156=ORIENTED_EDGE('',*,*,#8278,.F.);
#4157=ORIENTED_EDGE('',*,*,#8274,.T.);
#4158=ORIENTED_EDGE('',*,*,#8279,.T.);
#4159=ORIENTED_EDGE('',*,*,#7894,.T.);
#4160=ORIENTED_EDGE('',*,*,#8280,.T.);
#4161=ORIENTED_EDGE('',*,*,#8271,.T.);
#4162=ORIENTED_EDGE('',*,*,#8275,.T.);
#4163=ORIENTED_EDGE('',*,*,#8278,.T.);
#4164=ORIENTED_EDGE('',*,*,#7896,.F.);
#4165=ORIENTED_EDGE('',*,*,#8281,.F.);
#4166=ORIENTED_EDGE('',*,*,#8276,.F.);
#4167=ORIENTED_EDGE('',*,*,#8273,.F.);
#4168=ORIENTED_EDGE('',*,*,#8269,.F.);
#4169=ORIENTED_EDGE('',*,*,#8282,.F.);
#4170=ORIENTED_EDGE('',*,*,#7897,.F.);
#4171=ORIENTED_EDGE('',*,*,#8282,.T.);
#4172=ORIENTED_EDGE('',*,*,#8272,.F.);
#4173=ORIENTED_EDGE('',*,*,#8280,.F.);
#4174=ORIENTED_EDGE('',*,*,#7895,.F.);
#4175=ORIENTED_EDGE('',*,*,#8279,.F.);
#4176=ORIENTED_EDGE('',*,*,#8277,.T.);
#4177=ORIENTED_EDGE('',*,*,#8281,.T.);
#4178=ORIENTED_EDGE('',*,*,#8283,.T.);
#4179=ORIENTED_EDGE('',*,*,#8284,.F.);
#4180=ORIENTED_EDGE('',*,*,#8285,.F.);
#4181=ORIENTED_EDGE('',*,*,#8286,.T.);
#4182=ORIENTED_EDGE('',*,*,#8287,.T.);
#4183=ORIENTED_EDGE('',*,*,#8288,.F.);
#4184=ORIENTED_EDGE('',*,*,#8289,.F.);
#4185=ORIENTED_EDGE('',*,*,#8284,.T.);
#4186=ORIENTED_EDGE('',*,*,#8290,.T.);
#4187=ORIENTED_EDGE('',*,*,#8291,.F.);
#4188=ORIENTED_EDGE('',*,*,#8292,.F.);
#4189=ORIENTED_EDGE('',*,*,#8288,.T.);
#4190=ORIENTED_EDGE('',*,*,#8293,.T.);
#4191=ORIENTED_EDGE('',*,*,#7890,.T.);
#4192=ORIENTED_EDGE('',*,*,#8294,.T.);
#4193=ORIENTED_EDGE('',*,*,#8285,.T.);
#4194=ORIENTED_EDGE('',*,*,#8289,.T.);
#4195=ORIENTED_EDGE('',*,*,#8292,.T.);
#4196=ORIENTED_EDGE('',*,*,#7892,.F.);
#4197=ORIENTED_EDGE('',*,*,#8295,.F.);
#4198=ORIENTED_EDGE('',*,*,#8290,.F.);
#4199=ORIENTED_EDGE('',*,*,#8287,.F.);
#4200=ORIENTED_EDGE('',*,*,#8283,.F.);
#4201=ORIENTED_EDGE('',*,*,#8296,.F.);
#4202=ORIENTED_EDGE('',*,*,#7893,.F.);
#4203=ORIENTED_EDGE('',*,*,#8296,.T.);
#4204=ORIENTED_EDGE('',*,*,#8286,.F.);
#4205=ORIENTED_EDGE('',*,*,#8294,.F.);
#4206=ORIENTED_EDGE('',*,*,#7891,.F.);
#4207=ORIENTED_EDGE('',*,*,#8293,.F.);
#4208=ORIENTED_EDGE('',*,*,#8291,.T.);
#4209=ORIENTED_EDGE('',*,*,#8295,.T.);
#4210=ORIENTED_EDGE('',*,*,#8297,.T.);
#4211=ORIENTED_EDGE('',*,*,#8298,.F.);
#4212=ORIENTED_EDGE('',*,*,#8299,.F.);
#4213=ORIENTED_EDGE('',*,*,#8300,.T.);
#4214=ORIENTED_EDGE('',*,*,#8301,.T.);
#4215=ORIENTED_EDGE('',*,*,#8302,.F.);
#4216=ORIENTED_EDGE('',*,*,#8303,.F.);
#4217=ORIENTED_EDGE('',*,*,#8298,.T.);
#4218=ORIENTED_EDGE('',*,*,#8304,.T.);
#4219=ORIENTED_EDGE('',*,*,#8305,.F.);
#4220=ORIENTED_EDGE('',*,*,#8306,.F.);
#4221=ORIENTED_EDGE('',*,*,#8302,.T.);
#4222=ORIENTED_EDGE('',*,*,#8307,.T.);
#4223=ORIENTED_EDGE('',*,*,#7886,.T.);
#4224=ORIENTED_EDGE('',*,*,#8308,.T.);
#4225=ORIENTED_EDGE('',*,*,#8299,.T.);
#4226=ORIENTED_EDGE('',*,*,#8303,.T.);
#4227=ORIENTED_EDGE('',*,*,#8306,.T.);
#4228=ORIENTED_EDGE('',*,*,#7888,.F.);
#4229=ORIENTED_EDGE('',*,*,#8309,.F.);
#4230=ORIENTED_EDGE('',*,*,#8304,.F.);
#4231=ORIENTED_EDGE('',*,*,#8301,.F.);
#4232=ORIENTED_EDGE('',*,*,#8297,.F.);
#4233=ORIENTED_EDGE('',*,*,#8310,.F.);
#4234=ORIENTED_EDGE('',*,*,#7889,.F.);
#4235=ORIENTED_EDGE('',*,*,#8310,.T.);
#4236=ORIENTED_EDGE('',*,*,#8300,.F.);
#4237=ORIENTED_EDGE('',*,*,#8308,.F.);
#4238=ORIENTED_EDGE('',*,*,#7887,.F.);
#4239=ORIENTED_EDGE('',*,*,#8307,.F.);
#4240=ORIENTED_EDGE('',*,*,#8305,.T.);
#4241=ORIENTED_EDGE('',*,*,#8309,.T.);
#4242=ORIENTED_EDGE('',*,*,#8311,.T.);
#4243=ORIENTED_EDGE('',*,*,#8312,.F.);
#4244=ORIENTED_EDGE('',*,*,#8313,.F.);
#4245=ORIENTED_EDGE('',*,*,#8314,.T.);
#4246=ORIENTED_EDGE('',*,*,#8315,.T.);
#4247=ORIENTED_EDGE('',*,*,#8316,.F.);
#4248=ORIENTED_EDGE('',*,*,#8317,.F.);
#4249=ORIENTED_EDGE('',*,*,#8312,.T.);
#4250=ORIENTED_EDGE('',*,*,#8318,.T.);
#4251=ORIENTED_EDGE('',*,*,#8319,.F.);
#4252=ORIENTED_EDGE('',*,*,#8320,.F.);
#4253=ORIENTED_EDGE('',*,*,#8316,.T.);
#4254=ORIENTED_EDGE('',*,*,#8321,.T.);
#4255=ORIENTED_EDGE('',*,*,#7882,.T.);
#4256=ORIENTED_EDGE('',*,*,#8322,.T.);
#4257=ORIENTED_EDGE('',*,*,#8313,.T.);
#4258=ORIENTED_EDGE('',*,*,#8317,.T.);
#4259=ORIENTED_EDGE('',*,*,#8320,.T.);
#4260=ORIENTED_EDGE('',*,*,#7884,.F.);
#4261=ORIENTED_EDGE('',*,*,#8323,.F.);
#4262=ORIENTED_EDGE('',*,*,#8318,.F.);
#4263=ORIENTED_EDGE('',*,*,#8315,.F.);
#4264=ORIENTED_EDGE('',*,*,#8311,.F.);
#4265=ORIENTED_EDGE('',*,*,#8324,.F.);
#4266=ORIENTED_EDGE('',*,*,#7885,.F.);
#4267=ORIENTED_EDGE('',*,*,#8324,.T.);
#4268=ORIENTED_EDGE('',*,*,#8314,.F.);
#4269=ORIENTED_EDGE('',*,*,#8322,.F.);
#4270=ORIENTED_EDGE('',*,*,#7883,.F.);
#4271=ORIENTED_EDGE('',*,*,#8321,.F.);
#4272=ORIENTED_EDGE('',*,*,#8319,.T.);
#4273=ORIENTED_EDGE('',*,*,#8323,.T.);
#4274=ORIENTED_EDGE('',*,*,#8325,.T.);
#4275=ORIENTED_EDGE('',*,*,#8326,.F.);
#4276=ORIENTED_EDGE('',*,*,#8327,.F.);
#4277=ORIENTED_EDGE('',*,*,#8328,.T.);
#4278=ORIENTED_EDGE('',*,*,#8329,.T.);
#4279=ORIENTED_EDGE('',*,*,#8330,.F.);
#4280=ORIENTED_EDGE('',*,*,#8331,.F.);
#4281=ORIENTED_EDGE('',*,*,#8326,.T.);
#4282=ORIENTED_EDGE('',*,*,#8332,.T.);
#4283=ORIENTED_EDGE('',*,*,#8333,.F.);
#4284=ORIENTED_EDGE('',*,*,#8334,.F.);
#4285=ORIENTED_EDGE('',*,*,#8330,.T.);
#4286=ORIENTED_EDGE('',*,*,#8335,.T.);
#4287=ORIENTED_EDGE('',*,*,#7878,.T.);
#4288=ORIENTED_EDGE('',*,*,#8336,.T.);
#4289=ORIENTED_EDGE('',*,*,#8327,.T.);
#4290=ORIENTED_EDGE('',*,*,#8331,.T.);
#4291=ORIENTED_EDGE('',*,*,#8334,.T.);
#4292=ORIENTED_EDGE('',*,*,#7880,.F.);
#4293=ORIENTED_EDGE('',*,*,#8337,.F.);
#4294=ORIENTED_EDGE('',*,*,#8332,.F.);
#4295=ORIENTED_EDGE('',*,*,#8329,.F.);
#4296=ORIENTED_EDGE('',*,*,#8325,.F.);
#4297=ORIENTED_EDGE('',*,*,#8338,.F.);
#4298=ORIENTED_EDGE('',*,*,#7881,.F.);
#4299=ORIENTED_EDGE('',*,*,#8338,.T.);
#4300=ORIENTED_EDGE('',*,*,#8328,.F.);
#4301=ORIENTED_EDGE('',*,*,#8336,.F.);
#4302=ORIENTED_EDGE('',*,*,#7879,.F.);
#4303=ORIENTED_EDGE('',*,*,#8335,.F.);
#4304=ORIENTED_EDGE('',*,*,#8333,.T.);
#4305=ORIENTED_EDGE('',*,*,#8337,.T.);
#4306=ORIENTED_EDGE('',*,*,#8339,.T.);
#4307=ORIENTED_EDGE('',*,*,#8340,.F.);
#4308=ORIENTED_EDGE('',*,*,#8341,.F.);
#4309=ORIENTED_EDGE('',*,*,#8342,.T.);
#4310=ORIENTED_EDGE('',*,*,#8343,.T.);
#4311=ORIENTED_EDGE('',*,*,#8344,.F.);
#4312=ORIENTED_EDGE('',*,*,#8345,.F.);
#4313=ORIENTED_EDGE('',*,*,#8340,.T.);
#4314=ORIENTED_EDGE('',*,*,#8346,.T.);
#4315=ORIENTED_EDGE('',*,*,#8347,.F.);
#4316=ORIENTED_EDGE('',*,*,#8348,.F.);
#4317=ORIENTED_EDGE('',*,*,#8344,.T.);
#4318=ORIENTED_EDGE('',*,*,#8349,.T.);
#4319=ORIENTED_EDGE('',*,*,#7874,.T.);
#4320=ORIENTED_EDGE('',*,*,#8350,.T.);
#4321=ORIENTED_EDGE('',*,*,#8341,.T.);
#4322=ORIENTED_EDGE('',*,*,#8345,.T.);
#4323=ORIENTED_EDGE('',*,*,#8348,.T.);
#4324=ORIENTED_EDGE('',*,*,#7876,.F.);
#4325=ORIENTED_EDGE('',*,*,#8351,.F.);
#4326=ORIENTED_EDGE('',*,*,#8346,.F.);
#4327=ORIENTED_EDGE('',*,*,#8343,.F.);
#4328=ORIENTED_EDGE('',*,*,#8339,.F.);
#4329=ORIENTED_EDGE('',*,*,#8352,.F.);
#4330=ORIENTED_EDGE('',*,*,#7877,.F.);
#4331=ORIENTED_EDGE('',*,*,#8352,.T.);
#4332=ORIENTED_EDGE('',*,*,#8342,.F.);
#4333=ORIENTED_EDGE('',*,*,#8350,.F.);
#4334=ORIENTED_EDGE('',*,*,#7875,.F.);
#4335=ORIENTED_EDGE('',*,*,#8349,.F.);
#4336=ORIENTED_EDGE('',*,*,#8347,.T.);
#4337=ORIENTED_EDGE('',*,*,#8351,.T.);
#4338=ORIENTED_EDGE('',*,*,#8353,.T.);
#4339=ORIENTED_EDGE('',*,*,#8354,.F.);
#4340=ORIENTED_EDGE('',*,*,#8355,.F.);
#4341=ORIENTED_EDGE('',*,*,#8356,.T.);
#4342=ORIENTED_EDGE('',*,*,#8357,.T.);
#4343=ORIENTED_EDGE('',*,*,#8358,.F.);
#4344=ORIENTED_EDGE('',*,*,#8359,.F.);
#4345=ORIENTED_EDGE('',*,*,#8354,.T.);
#4346=ORIENTED_EDGE('',*,*,#8360,.T.);
#4347=ORIENTED_EDGE('',*,*,#8361,.F.);
#4348=ORIENTED_EDGE('',*,*,#8362,.F.);
#4349=ORIENTED_EDGE('',*,*,#8358,.T.);
#4350=ORIENTED_EDGE('',*,*,#8363,.T.);
#4351=ORIENTED_EDGE('',*,*,#7870,.T.);
#4352=ORIENTED_EDGE('',*,*,#8364,.T.);
#4353=ORIENTED_EDGE('',*,*,#8355,.T.);
#4354=ORIENTED_EDGE('',*,*,#8359,.T.);
#4355=ORIENTED_EDGE('',*,*,#8362,.T.);
#4356=ORIENTED_EDGE('',*,*,#7872,.F.);
#4357=ORIENTED_EDGE('',*,*,#8365,.F.);
#4358=ORIENTED_EDGE('',*,*,#8360,.F.);
#4359=ORIENTED_EDGE('',*,*,#8357,.F.);
#4360=ORIENTED_EDGE('',*,*,#8353,.F.);
#4361=ORIENTED_EDGE('',*,*,#8366,.F.);
#4362=ORIENTED_EDGE('',*,*,#7873,.F.);
#4363=ORIENTED_EDGE('',*,*,#8366,.T.);
#4364=ORIENTED_EDGE('',*,*,#8356,.F.);
#4365=ORIENTED_EDGE('',*,*,#8364,.F.);
#4366=ORIENTED_EDGE('',*,*,#7871,.F.);
#4367=ORIENTED_EDGE('',*,*,#8363,.F.);
#4368=ORIENTED_EDGE('',*,*,#8361,.T.);
#4369=ORIENTED_EDGE('',*,*,#8365,.T.);
#4370=ORIENTED_EDGE('',*,*,#8367,.T.);
#4371=ORIENTED_EDGE('',*,*,#7856,.T.);
#4372=ORIENTED_EDGE('',*,*,#7342,.T.);
#4373=ORIENTED_EDGE('',*,*,#8368,.T.);
#4374=ORIENTED_EDGE('',*,*,#7858,.F.);
#4375=ORIENTED_EDGE('',*,*,#8369,.F.);
#4376=ORIENTED_EDGE('',*,*,#8370,.F.);
#4377=ORIENTED_EDGE('',*,*,#7340,.F.);
#4378=ORIENTED_EDGE('',*,*,#7341,.F.);
#4379=ORIENTED_EDGE('',*,*,#8370,.T.);
#4380=ORIENTED_EDGE('',*,*,#8371,.F.);
#4381=ORIENTED_EDGE('',*,*,#8368,.F.);
#4382=ORIENTED_EDGE('',*,*,#7857,.F.);
#4383=ORIENTED_EDGE('',*,*,#8367,.F.);
#4384=ORIENTED_EDGE('',*,*,#8371,.T.);
#4385=ORIENTED_EDGE('',*,*,#8369,.T.);
#4386=ORIENTED_EDGE('',*,*,#8372,.T.);
#4387=ORIENTED_EDGE('',*,*,#7853,.T.);
#4388=ORIENTED_EDGE('',*,*,#7346,.T.);
#4389=ORIENTED_EDGE('',*,*,#8373,.T.);
#4390=ORIENTED_EDGE('',*,*,#7855,.F.);
#4391=ORIENTED_EDGE('',*,*,#8374,.F.);
#4392=ORIENTED_EDGE('',*,*,#8375,.F.);
#4393=ORIENTED_EDGE('',*,*,#7344,.F.);
#4394=ORIENTED_EDGE('',*,*,#7345,.F.);
#4395=ORIENTED_EDGE('',*,*,#8375,.T.);
#4396=ORIENTED_EDGE('',*,*,#8376,.F.);
#4397=ORIENTED_EDGE('',*,*,#8373,.F.);
#4398=ORIENTED_EDGE('',*,*,#7854,.F.);
#4399=ORIENTED_EDGE('',*,*,#8372,.F.);
#4400=ORIENTED_EDGE('',*,*,#8376,.T.);
#4401=ORIENTED_EDGE('',*,*,#8374,.T.);
#4402=ORIENTED_EDGE('',*,*,#8377,.T.);
#4403=ORIENTED_EDGE('',*,*,#7850,.T.);
#4404=ORIENTED_EDGE('',*,*,#7350,.T.);
#4405=ORIENTED_EDGE('',*,*,#8378,.T.);
#4406=ORIENTED_EDGE('',*,*,#7852,.F.);
#4407=ORIENTED_EDGE('',*,*,#8379,.F.);
#4408=ORIENTED_EDGE('',*,*,#8380,.F.);
#4409=ORIENTED_EDGE('',*,*,#7348,.F.);
#4410=ORIENTED_EDGE('',*,*,#7349,.F.);
#4411=ORIENTED_EDGE('',*,*,#8380,.T.);
#4412=ORIENTED_EDGE('',*,*,#8381,.F.);
#4413=ORIENTED_EDGE('',*,*,#8378,.F.);
#4414=ORIENTED_EDGE('',*,*,#7851,.F.);
#4415=ORIENTED_EDGE('',*,*,#8377,.F.);
#4416=ORIENTED_EDGE('',*,*,#8381,.T.);
#4417=ORIENTED_EDGE('',*,*,#8379,.T.);
#4418=ORIENTED_EDGE('',*,*,#8382,.T.);
#4419=ORIENTED_EDGE('',*,*,#7847,.T.);
#4420=ORIENTED_EDGE('',*,*,#7354,.T.);
#4421=ORIENTED_EDGE('',*,*,#8383,.T.);
#4422=ORIENTED_EDGE('',*,*,#7849,.F.);
#4423=ORIENTED_EDGE('',*,*,#8384,.F.);
#4424=ORIENTED_EDGE('',*,*,#8385,.F.);
#4425=ORIENTED_EDGE('',*,*,#7352,.F.);
#4426=ORIENTED_EDGE('',*,*,#7353,.F.);
#4427=ORIENTED_EDGE('',*,*,#8385,.T.);
#4428=ORIENTED_EDGE('',*,*,#8386,.F.);
#4429=ORIENTED_EDGE('',*,*,#8383,.F.);
#4430=ORIENTED_EDGE('',*,*,#7848,.F.);
#4431=ORIENTED_EDGE('',*,*,#8382,.F.);
#4432=ORIENTED_EDGE('',*,*,#8386,.T.);
#4433=ORIENTED_EDGE('',*,*,#8384,.T.);
#4434=ORIENTED_EDGE('',*,*,#8387,.T.);
#4435=ORIENTED_EDGE('',*,*,#7844,.T.);
#4436=ORIENTED_EDGE('',*,*,#7358,.T.);
#4437=ORIENTED_EDGE('',*,*,#8388,.T.);
#4438=ORIENTED_EDGE('',*,*,#7846,.F.);
#4439=ORIENTED_EDGE('',*,*,#8389,.F.);
#4440=ORIENTED_EDGE('',*,*,#8390,.F.);
#4441=ORIENTED_EDGE('',*,*,#7356,.F.);
#4442=ORIENTED_EDGE('',*,*,#7357,.F.);
#4443=ORIENTED_EDGE('',*,*,#8390,.T.);
#4444=ORIENTED_EDGE('',*,*,#8391,.F.);
#4445=ORIENTED_EDGE('',*,*,#8388,.F.);
#4446=ORIENTED_EDGE('',*,*,#7845,.F.);
#4447=ORIENTED_EDGE('',*,*,#8387,.F.);
#4448=ORIENTED_EDGE('',*,*,#8391,.T.);
#4449=ORIENTED_EDGE('',*,*,#8389,.T.);
#4450=ORIENTED_EDGE('',*,*,#8392,.T.);
#4451=ORIENTED_EDGE('',*,*,#7841,.T.);
#4452=ORIENTED_EDGE('',*,*,#7362,.T.);
#4453=ORIENTED_EDGE('',*,*,#8393,.T.);
#4454=ORIENTED_EDGE('',*,*,#7843,.F.);
#4455=ORIENTED_EDGE('',*,*,#8394,.F.);
#4456=ORIENTED_EDGE('',*,*,#8395,.F.);
#4457=ORIENTED_EDGE('',*,*,#7360,.F.);
#4458=ORIENTED_EDGE('',*,*,#7361,.F.);
#4459=ORIENTED_EDGE('',*,*,#8395,.T.);
#4460=ORIENTED_EDGE('',*,*,#8396,.F.);
#4461=ORIENTED_EDGE('',*,*,#8393,.F.);
#4462=ORIENTED_EDGE('',*,*,#7842,.F.);
#4463=ORIENTED_EDGE('',*,*,#8392,.F.);
#4464=ORIENTED_EDGE('',*,*,#8396,.T.);
#4465=ORIENTED_EDGE('',*,*,#8394,.T.);
#4466=ORIENTED_EDGE('',*,*,#8397,.T.);
#4467=ORIENTED_EDGE('',*,*,#7838,.T.);
#4468=ORIENTED_EDGE('',*,*,#7366,.T.);
#4469=ORIENTED_EDGE('',*,*,#8398,.T.);
#4470=ORIENTED_EDGE('',*,*,#7840,.F.);
#4471=ORIENTED_EDGE('',*,*,#8399,.F.);
#4472=ORIENTED_EDGE('',*,*,#8400,.F.);
#4473=ORIENTED_EDGE('',*,*,#7364,.F.);
#4474=ORIENTED_EDGE('',*,*,#7365,.F.);
#4475=ORIENTED_EDGE('',*,*,#8400,.T.);
#4476=ORIENTED_EDGE('',*,*,#8401,.F.);
#4477=ORIENTED_EDGE('',*,*,#8398,.F.);
#4478=ORIENTED_EDGE('',*,*,#7839,.F.);
#4479=ORIENTED_EDGE('',*,*,#8397,.F.);
#4480=ORIENTED_EDGE('',*,*,#8401,.T.);
#4481=ORIENTED_EDGE('',*,*,#8399,.T.);
#4482=ORIENTED_EDGE('',*,*,#8402,.T.);
#4483=ORIENTED_EDGE('',*,*,#7835,.T.);
#4484=ORIENTED_EDGE('',*,*,#7370,.T.);
#4485=ORIENTED_EDGE('',*,*,#8403,.T.);
#4486=ORIENTED_EDGE('',*,*,#7837,.F.);
#4487=ORIENTED_EDGE('',*,*,#8404,.F.);
#4488=ORIENTED_EDGE('',*,*,#8405,.F.);
#4489=ORIENTED_EDGE('',*,*,#7368,.F.);
#4490=ORIENTED_EDGE('',*,*,#7369,.F.);
#4491=ORIENTED_EDGE('',*,*,#8405,.T.);
#4492=ORIENTED_EDGE('',*,*,#8406,.F.);
#4493=ORIENTED_EDGE('',*,*,#8403,.F.);
#4494=ORIENTED_EDGE('',*,*,#7836,.F.);
#4495=ORIENTED_EDGE('',*,*,#8402,.F.);
#4496=ORIENTED_EDGE('',*,*,#8406,.T.);
#4497=ORIENTED_EDGE('',*,*,#8404,.T.);
#4498=ORIENTED_EDGE('',*,*,#8407,.T.);
#4499=ORIENTED_EDGE('',*,*,#7832,.T.);
#4500=ORIENTED_EDGE('',*,*,#7374,.T.);
#4501=ORIENTED_EDGE('',*,*,#8408,.T.);
#4502=ORIENTED_EDGE('',*,*,#7834,.F.);
#4503=ORIENTED_EDGE('',*,*,#8409,.F.);
#4504=ORIENTED_EDGE('',*,*,#8410,.F.);
#4505=ORIENTED_EDGE('',*,*,#7372,.F.);
#4506=ORIENTED_EDGE('',*,*,#7373,.F.);
#4507=ORIENTED_EDGE('',*,*,#8410,.T.);
#4508=ORIENTED_EDGE('',*,*,#8411,.F.);
#4509=ORIENTED_EDGE('',*,*,#8408,.F.);
#4510=ORIENTED_EDGE('',*,*,#7833,.F.);
#4511=ORIENTED_EDGE('',*,*,#8407,.F.);
#4512=ORIENTED_EDGE('',*,*,#8411,.T.);
#4513=ORIENTED_EDGE('',*,*,#8409,.T.);
#4514=ORIENTED_EDGE('',*,*,#8412,.T.);
#4515=ORIENTED_EDGE('',*,*,#7829,.T.);
#4516=ORIENTED_EDGE('',*,*,#7378,.T.);
#4517=ORIENTED_EDGE('',*,*,#8413,.T.);
#4518=ORIENTED_EDGE('',*,*,#7831,.F.);
#4519=ORIENTED_EDGE('',*,*,#8414,.F.);
#4520=ORIENTED_EDGE('',*,*,#8415,.F.);
#4521=ORIENTED_EDGE('',*,*,#7376,.F.);
#4522=ORIENTED_EDGE('',*,*,#7377,.F.);
#4523=ORIENTED_EDGE('',*,*,#8415,.T.);
#4524=ORIENTED_EDGE('',*,*,#8416,.F.);
#4525=ORIENTED_EDGE('',*,*,#8413,.F.);
#4526=ORIENTED_EDGE('',*,*,#7830,.F.);
#4527=ORIENTED_EDGE('',*,*,#8412,.F.);
#4528=ORIENTED_EDGE('',*,*,#8416,.T.);
#4529=ORIENTED_EDGE('',*,*,#8414,.T.);
#4530=ORIENTED_EDGE('',*,*,#8417,.T.);
#4531=ORIENTED_EDGE('',*,*,#7826,.T.);
#4532=ORIENTED_EDGE('',*,*,#7382,.T.);
#4533=ORIENTED_EDGE('',*,*,#8418,.T.);
#4534=ORIENTED_EDGE('',*,*,#7828,.F.);
#4535=ORIENTED_EDGE('',*,*,#8419,.F.);
#4536=ORIENTED_EDGE('',*,*,#8420,.F.);
#4537=ORIENTED_EDGE('',*,*,#7380,.F.);
#4538=ORIENTED_EDGE('',*,*,#7381,.F.);
#4539=ORIENTED_EDGE('',*,*,#8420,.T.);
#4540=ORIENTED_EDGE('',*,*,#8421,.F.);
#4541=ORIENTED_EDGE('',*,*,#8418,.F.);
#4542=ORIENTED_EDGE('',*,*,#7827,.F.);
#4543=ORIENTED_EDGE('',*,*,#8417,.F.);
#4544=ORIENTED_EDGE('',*,*,#8421,.T.);
#4545=ORIENTED_EDGE('',*,*,#8419,.T.);
#4546=ORIENTED_EDGE('',*,*,#8422,.T.);
#4547=ORIENTED_EDGE('',*,*,#7823,.T.);
#4548=ORIENTED_EDGE('',*,*,#7386,.T.);
#4549=ORIENTED_EDGE('',*,*,#8423,.T.);
#4550=ORIENTED_EDGE('',*,*,#7825,.F.);
#4551=ORIENTED_EDGE('',*,*,#8424,.F.);
#4552=ORIENTED_EDGE('',*,*,#8425,.F.);
#4553=ORIENTED_EDGE('',*,*,#7384,.F.);
#4554=ORIENTED_EDGE('',*,*,#7385,.F.);
#4555=ORIENTED_EDGE('',*,*,#8425,.T.);
#4556=ORIENTED_EDGE('',*,*,#8426,.F.);
#4557=ORIENTED_EDGE('',*,*,#8423,.F.);
#4558=ORIENTED_EDGE('',*,*,#7824,.F.);
#4559=ORIENTED_EDGE('',*,*,#8422,.F.);
#4560=ORIENTED_EDGE('',*,*,#8426,.T.);
#4561=ORIENTED_EDGE('',*,*,#8424,.T.);
#4562=ORIENTED_EDGE('',*,*,#8427,.T.);
#4563=ORIENTED_EDGE('',*,*,#7820,.T.);
#4564=ORIENTED_EDGE('',*,*,#7390,.T.);
#4565=ORIENTED_EDGE('',*,*,#8428,.T.);
#4566=ORIENTED_EDGE('',*,*,#7822,.F.);
#4567=ORIENTED_EDGE('',*,*,#8429,.F.);
#4568=ORIENTED_EDGE('',*,*,#8430,.F.);
#4569=ORIENTED_EDGE('',*,*,#7388,.F.);
#4570=ORIENTED_EDGE('',*,*,#7389,.F.);
#4571=ORIENTED_EDGE('',*,*,#8430,.T.);
#4572=ORIENTED_EDGE('',*,*,#8431,.F.);
#4573=ORIENTED_EDGE('',*,*,#8428,.F.);
#4574=ORIENTED_EDGE('',*,*,#7821,.F.);
#4575=ORIENTED_EDGE('',*,*,#8427,.F.);
#4576=ORIENTED_EDGE('',*,*,#8431,.T.);
#4577=ORIENTED_EDGE('',*,*,#8429,.T.);
#4578=ORIENTED_EDGE('',*,*,#8432,.T.);
#4579=ORIENTED_EDGE('',*,*,#7817,.T.);
#4580=ORIENTED_EDGE('',*,*,#7394,.T.);
#4581=ORIENTED_EDGE('',*,*,#8433,.T.);
#4582=ORIENTED_EDGE('',*,*,#7819,.F.);
#4583=ORIENTED_EDGE('',*,*,#8434,.F.);
#4584=ORIENTED_EDGE('',*,*,#8435,.F.);
#4585=ORIENTED_EDGE('',*,*,#7392,.F.);
#4586=ORIENTED_EDGE('',*,*,#7393,.F.);
#4587=ORIENTED_EDGE('',*,*,#8435,.T.);
#4588=ORIENTED_EDGE('',*,*,#8436,.F.);
#4589=ORIENTED_EDGE('',*,*,#8433,.F.);
#4590=ORIENTED_EDGE('',*,*,#7818,.F.);
#4591=ORIENTED_EDGE('',*,*,#8432,.F.);
#4592=ORIENTED_EDGE('',*,*,#8436,.T.);
#4593=ORIENTED_EDGE('',*,*,#8434,.T.);
#4594=ORIENTED_EDGE('',*,*,#8437,.T.);
#4595=ORIENTED_EDGE('',*,*,#7814,.T.);
#4596=ORIENTED_EDGE('',*,*,#7398,.T.);
#4597=ORIENTED_EDGE('',*,*,#8438,.T.);
#4598=ORIENTED_EDGE('',*,*,#7816,.F.);
#4599=ORIENTED_EDGE('',*,*,#8439,.F.);
#4600=ORIENTED_EDGE('',*,*,#8440,.F.);
#4601=ORIENTED_EDGE('',*,*,#7396,.F.);
#4602=ORIENTED_EDGE('',*,*,#7397,.F.);
#4603=ORIENTED_EDGE('',*,*,#8440,.T.);
#4604=ORIENTED_EDGE('',*,*,#8441,.F.);
#4605=ORIENTED_EDGE('',*,*,#8438,.F.);
#4606=ORIENTED_EDGE('',*,*,#7815,.F.);
#4607=ORIENTED_EDGE('',*,*,#8437,.F.);
#4608=ORIENTED_EDGE('',*,*,#8441,.T.);
#4609=ORIENTED_EDGE('',*,*,#8439,.T.);
#4610=ORIENTED_EDGE('',*,*,#8442,.T.);
#4611=ORIENTED_EDGE('',*,*,#7811,.T.);
#4612=ORIENTED_EDGE('',*,*,#7402,.T.);
#4613=ORIENTED_EDGE('',*,*,#8443,.T.);
#4614=ORIENTED_EDGE('',*,*,#7813,.F.);
#4615=ORIENTED_EDGE('',*,*,#8444,.F.);
#4616=ORIENTED_EDGE('',*,*,#8445,.F.);
#4617=ORIENTED_EDGE('',*,*,#7400,.F.);
#4618=ORIENTED_EDGE('',*,*,#7401,.F.);
#4619=ORIENTED_EDGE('',*,*,#8445,.T.);
#4620=ORIENTED_EDGE('',*,*,#8446,.F.);
#4621=ORIENTED_EDGE('',*,*,#8443,.F.);
#4622=ORIENTED_EDGE('',*,*,#7812,.F.);
#4623=ORIENTED_EDGE('',*,*,#8442,.F.);
#4624=ORIENTED_EDGE('',*,*,#8446,.T.);
#4625=ORIENTED_EDGE('',*,*,#8444,.T.);
#4626=ORIENTED_EDGE('',*,*,#8447,.T.);
#4627=ORIENTED_EDGE('',*,*,#7808,.T.);
#4628=ORIENTED_EDGE('',*,*,#7406,.T.);
#4629=ORIENTED_EDGE('',*,*,#8448,.T.);
#4630=ORIENTED_EDGE('',*,*,#7810,.F.);
#4631=ORIENTED_EDGE('',*,*,#8449,.F.);
#4632=ORIENTED_EDGE('',*,*,#8450,.F.);
#4633=ORIENTED_EDGE('',*,*,#7404,.F.);
#4634=ORIENTED_EDGE('',*,*,#7405,.F.);
#4635=ORIENTED_EDGE('',*,*,#8450,.T.);
#4636=ORIENTED_EDGE('',*,*,#8451,.F.);
#4637=ORIENTED_EDGE('',*,*,#8448,.F.);
#4638=ORIENTED_EDGE('',*,*,#7809,.F.);
#4639=ORIENTED_EDGE('',*,*,#8447,.F.);
#4640=ORIENTED_EDGE('',*,*,#8451,.T.);
#4641=ORIENTED_EDGE('',*,*,#8449,.T.);
#4642=ORIENTED_EDGE('',*,*,#8452,.T.);
#4643=ORIENTED_EDGE('',*,*,#7805,.T.);
#4644=ORIENTED_EDGE('',*,*,#7410,.T.);
#4645=ORIENTED_EDGE('',*,*,#8453,.T.);
#4646=ORIENTED_EDGE('',*,*,#7807,.F.);
#4647=ORIENTED_EDGE('',*,*,#8454,.F.);
#4648=ORIENTED_EDGE('',*,*,#8455,.F.);
#4649=ORIENTED_EDGE('',*,*,#7408,.F.);
#4650=ORIENTED_EDGE('',*,*,#7409,.F.);
#4651=ORIENTED_EDGE('',*,*,#8455,.T.);
#4652=ORIENTED_EDGE('',*,*,#8456,.F.);
#4653=ORIENTED_EDGE('',*,*,#8453,.F.);
#4654=ORIENTED_EDGE('',*,*,#7806,.F.);
#4655=ORIENTED_EDGE('',*,*,#8452,.F.);
#4656=ORIENTED_EDGE('',*,*,#8456,.T.);
#4657=ORIENTED_EDGE('',*,*,#8454,.T.);
#4658=ORIENTED_EDGE('',*,*,#8457,.T.);
#4659=ORIENTED_EDGE('',*,*,#7802,.T.);
#4660=ORIENTED_EDGE('',*,*,#7414,.T.);
#4661=ORIENTED_EDGE('',*,*,#8458,.T.);
#4662=ORIENTED_EDGE('',*,*,#7804,.F.);
#4663=ORIENTED_EDGE('',*,*,#8459,.F.);
#4664=ORIENTED_EDGE('',*,*,#8460,.F.);
#4665=ORIENTED_EDGE('',*,*,#7412,.F.);
#4666=ORIENTED_EDGE('',*,*,#7413,.F.);
#4667=ORIENTED_EDGE('',*,*,#8460,.T.);
#4668=ORIENTED_EDGE('',*,*,#8461,.F.);
#4669=ORIENTED_EDGE('',*,*,#8458,.F.);
#4670=ORIENTED_EDGE('',*,*,#7803,.F.);
#4671=ORIENTED_EDGE('',*,*,#8457,.F.);
#4672=ORIENTED_EDGE('',*,*,#8461,.T.);
#4673=ORIENTED_EDGE('',*,*,#8459,.T.);
#4674=ORIENTED_EDGE('',*,*,#8462,.T.);
#4675=ORIENTED_EDGE('',*,*,#7799,.T.);
#4676=ORIENTED_EDGE('',*,*,#7418,.T.);
#4677=ORIENTED_EDGE('',*,*,#8463,.T.);
#4678=ORIENTED_EDGE('',*,*,#7801,.F.);
#4679=ORIENTED_EDGE('',*,*,#8464,.F.);
#4680=ORIENTED_EDGE('',*,*,#8465,.F.);
#4681=ORIENTED_EDGE('',*,*,#7416,.F.);
#4682=ORIENTED_EDGE('',*,*,#7417,.F.);
#4683=ORIENTED_EDGE('',*,*,#8465,.T.);
#4684=ORIENTED_EDGE('',*,*,#8466,.F.);
#4685=ORIENTED_EDGE('',*,*,#8463,.F.);
#4686=ORIENTED_EDGE('',*,*,#7800,.F.);
#4687=ORIENTED_EDGE('',*,*,#8462,.F.);
#4688=ORIENTED_EDGE('',*,*,#8466,.T.);
#4689=ORIENTED_EDGE('',*,*,#8464,.T.);
#4690=ORIENTED_EDGE('',*,*,#8467,.T.);
#4691=ORIENTED_EDGE('',*,*,#7796,.T.);
#4692=ORIENTED_EDGE('',*,*,#7422,.T.);
#4693=ORIENTED_EDGE('',*,*,#8468,.T.);
#4694=ORIENTED_EDGE('',*,*,#7798,.F.);
#4695=ORIENTED_EDGE('',*,*,#8469,.F.);
#4696=ORIENTED_EDGE('',*,*,#8470,.F.);
#4697=ORIENTED_EDGE('',*,*,#7420,.F.);
#4698=ORIENTED_EDGE('',*,*,#7421,.F.);
#4699=ORIENTED_EDGE('',*,*,#8470,.T.);
#4700=ORIENTED_EDGE('',*,*,#8471,.F.);
#4701=ORIENTED_EDGE('',*,*,#8468,.F.);
#4702=ORIENTED_EDGE('',*,*,#7797,.F.);
#4703=ORIENTED_EDGE('',*,*,#8467,.F.);
#4704=ORIENTED_EDGE('',*,*,#8471,.T.);
#4705=ORIENTED_EDGE('',*,*,#8469,.T.);
#4706=ORIENTED_EDGE('',*,*,#8472,.T.);
#4707=ORIENTED_EDGE('',*,*,#7793,.T.);
#4708=ORIENTED_EDGE('',*,*,#7426,.T.);
#4709=ORIENTED_EDGE('',*,*,#8473,.T.);
#4710=ORIENTED_EDGE('',*,*,#7795,.F.);
#4711=ORIENTED_EDGE('',*,*,#8474,.F.);
#4712=ORIENTED_EDGE('',*,*,#8475,.F.);
#4713=ORIENTED_EDGE('',*,*,#7424,.F.);
#4714=ORIENTED_EDGE('',*,*,#7425,.F.);
#4715=ORIENTED_EDGE('',*,*,#8475,.T.);
#4716=ORIENTED_EDGE('',*,*,#8476,.F.);
#4717=ORIENTED_EDGE('',*,*,#8473,.F.);
#4718=ORIENTED_EDGE('',*,*,#7794,.F.);
#4719=ORIENTED_EDGE('',*,*,#8472,.F.);
#4720=ORIENTED_EDGE('',*,*,#8476,.T.);
#4721=ORIENTED_EDGE('',*,*,#8474,.T.);
#4722=ORIENTED_EDGE('',*,*,#8477,.T.);
#4723=ORIENTED_EDGE('',*,*,#7790,.T.);
#4724=ORIENTED_EDGE('',*,*,#7330,.T.);
#4725=ORIENTED_EDGE('',*,*,#8478,.T.);
#4726=ORIENTED_EDGE('',*,*,#7792,.F.);
#4727=ORIENTED_EDGE('',*,*,#8479,.F.);
#4728=ORIENTED_EDGE('',*,*,#8480,.F.);
#4729=ORIENTED_EDGE('',*,*,#7428,.F.);
#4730=ORIENTED_EDGE('',*,*,#7429,.F.);
#4731=ORIENTED_EDGE('',*,*,#8480,.T.);
#4732=ORIENTED_EDGE('',*,*,#8481,.F.);
#4733=ORIENTED_EDGE('',*,*,#8478,.F.);
#4734=ORIENTED_EDGE('',*,*,#7791,.F.);
#4735=ORIENTED_EDGE('',*,*,#8477,.F.);
#4736=ORIENTED_EDGE('',*,*,#8481,.T.);
#4737=ORIENTED_EDGE('',*,*,#8479,.T.);
#4738=ORIENTED_EDGE('',*,*,#8482,.T.);
#4739=ORIENTED_EDGE('',*,*,#7614,.T.);
#4740=ORIENTED_EDGE('',*,*,#8483,.F.);
#4741=ORIENTED_EDGE('',*,*,#8484,.T.);
#4742=ORIENTED_EDGE('',*,*,#7613,.F.);
#4743=ORIENTED_EDGE('',*,*,#7645,.T.);
#4744=ORIENTED_EDGE('',*,*,#8485,.T.);
#4745=ORIENTED_EDGE('',*,*,#8486,.T.);
#4746=ORIENTED_EDGE('',*,*,#8487,.T.);
#4747=ORIENTED_EDGE('',*,*,#8488,.T.);
#4748=ORIENTED_EDGE('',*,*,#8489,.T.);
#4749=ORIENTED_EDGE('',*,*,#8483,.T.);
#4750=ORIENTED_EDGE('',*,*,#7643,.F.);
#4751=ORIENTED_EDGE('',*,*,#7615,.T.);
#4752=ORIENTED_EDGE('',*,*,#8482,.F.);
#4753=ORIENTED_EDGE('',*,*,#8490,.F.);
#4754=ORIENTED_EDGE('',*,*,#8491,.F.);
#4755=ORIENTED_EDGE('',*,*,#8492,.F.);
#4756=ORIENTED_EDGE('',*,*,#8493,.F.);
#4757=ORIENTED_EDGE('',*,*,#8494,.F.);
#4758=ORIENTED_EDGE('',*,*,#7644,.F.);
#4759=ORIENTED_EDGE('',*,*,#8494,.T.);
#4760=ORIENTED_EDGE('',*,*,#8495,.F.);
#4761=ORIENTED_EDGE('',*,*,#8485,.F.);
#4762=ORIENTED_EDGE('',*,*,#8493,.T.);
#4763=ORIENTED_EDGE('',*,*,#8496,.F.);
#4764=ORIENTED_EDGE('',*,*,#8486,.F.);
#4765=ORIENTED_EDGE('',*,*,#8495,.T.);
#4766=ORIENTED_EDGE('',*,*,#8492,.T.);
#4767=ORIENTED_EDGE('',*,*,#8497,.F.);
#4768=ORIENTED_EDGE('',*,*,#8487,.F.);
#4769=ORIENTED_EDGE('',*,*,#8496,.T.);
#4770=ORIENTED_EDGE('',*,*,#8491,.T.);
#4771=ORIENTED_EDGE('',*,*,#8498,.F.);
#4772=ORIENTED_EDGE('',*,*,#8488,.F.);
#4773=ORIENTED_EDGE('',*,*,#8497,.T.);
#4774=ORIENTED_EDGE('',*,*,#8490,.T.);
#4775=ORIENTED_EDGE('',*,*,#8484,.F.);
#4776=ORIENTED_EDGE('',*,*,#8489,.F.);
#4777=ORIENTED_EDGE('',*,*,#8498,.T.);
#4778=ORIENTED_EDGE('',*,*,#8499,.T.);
#4779=ORIENTED_EDGE('',*,*,#7610,.T.);
#4780=ORIENTED_EDGE('',*,*,#8500,.F.);
#4781=ORIENTED_EDGE('',*,*,#8501,.T.);
#4782=ORIENTED_EDGE('',*,*,#7609,.F.);
#4783=ORIENTED_EDGE('',*,*,#7648,.T.);
#4784=ORIENTED_EDGE('',*,*,#8502,.T.);
#4785=ORIENTED_EDGE('',*,*,#8503,.T.);
#4786=ORIENTED_EDGE('',*,*,#8504,.T.);
#4787=ORIENTED_EDGE('',*,*,#8505,.T.);
#4788=ORIENTED_EDGE('',*,*,#8506,.T.);
#4789=ORIENTED_EDGE('',*,*,#8500,.T.);
#4790=ORIENTED_EDGE('',*,*,#7646,.F.);
#4791=ORIENTED_EDGE('',*,*,#7611,.T.);
#4792=ORIENTED_EDGE('',*,*,#8499,.F.);
#4793=ORIENTED_EDGE('',*,*,#8507,.F.);
#4794=ORIENTED_EDGE('',*,*,#8508,.F.);
#4795=ORIENTED_EDGE('',*,*,#8509,.F.);
#4796=ORIENTED_EDGE('',*,*,#8510,.F.);
#4797=ORIENTED_EDGE('',*,*,#8511,.F.);
#4798=ORIENTED_EDGE('',*,*,#7647,.F.);
#4799=ORIENTED_EDGE('',*,*,#8511,.T.);
#4800=ORIENTED_EDGE('',*,*,#8512,.F.);
#4801=ORIENTED_EDGE('',*,*,#8502,.F.);
#4802=ORIENTED_EDGE('',*,*,#8510,.T.);
#4803=ORIENTED_EDGE('',*,*,#8513,.F.);
#4804=ORIENTED_EDGE('',*,*,#8503,.F.);
#4805=ORIENTED_EDGE('',*,*,#8512,.T.);
#4806=ORIENTED_EDGE('',*,*,#8509,.T.);
#4807=ORIENTED_EDGE('',*,*,#8514,.F.);
#4808=ORIENTED_EDGE('',*,*,#8504,.F.);
#4809=ORIENTED_EDGE('',*,*,#8513,.T.);
#4810=ORIENTED_EDGE('',*,*,#8508,.T.);
#4811=ORIENTED_EDGE('',*,*,#8515,.F.);
#4812=ORIENTED_EDGE('',*,*,#8505,.F.);
#4813=ORIENTED_EDGE('',*,*,#8514,.T.);
#4814=ORIENTED_EDGE('',*,*,#8507,.T.);
#4815=ORIENTED_EDGE('',*,*,#8501,.F.);
#4816=ORIENTED_EDGE('',*,*,#8506,.F.);
#4817=ORIENTED_EDGE('',*,*,#8515,.T.);
#4818=ORIENTED_EDGE('',*,*,#8516,.T.);
#4819=ORIENTED_EDGE('',*,*,#7606,.T.);
#4820=ORIENTED_EDGE('',*,*,#8517,.F.);
#4821=ORIENTED_EDGE('',*,*,#8518,.T.);
#4822=ORIENTED_EDGE('',*,*,#7605,.F.);
#4823=ORIENTED_EDGE('',*,*,#7651,.T.);
#4824=ORIENTED_EDGE('',*,*,#8519,.T.);
#4825=ORIENTED_EDGE('',*,*,#8520,.T.);
#4826=ORIENTED_EDGE('',*,*,#8521,.T.);
#4827=ORIENTED_EDGE('',*,*,#8522,.T.);
#4828=ORIENTED_EDGE('',*,*,#8523,.T.);
#4829=ORIENTED_EDGE('',*,*,#8517,.T.);
#4830=ORIENTED_EDGE('',*,*,#7649,.F.);
#4831=ORIENTED_EDGE('',*,*,#7607,.T.);
#4832=ORIENTED_EDGE('',*,*,#8516,.F.);
#4833=ORIENTED_EDGE('',*,*,#8524,.F.);
#4834=ORIENTED_EDGE('',*,*,#8525,.F.);
#4835=ORIENTED_EDGE('',*,*,#8526,.F.);
#4836=ORIENTED_EDGE('',*,*,#8527,.F.);
#4837=ORIENTED_EDGE('',*,*,#8528,.F.);
#4838=ORIENTED_EDGE('',*,*,#7650,.F.);
#4839=ORIENTED_EDGE('',*,*,#8528,.T.);
#4840=ORIENTED_EDGE('',*,*,#8529,.F.);
#4841=ORIENTED_EDGE('',*,*,#8519,.F.);
#4842=ORIENTED_EDGE('',*,*,#8527,.T.);
#4843=ORIENTED_EDGE('',*,*,#8530,.F.);
#4844=ORIENTED_EDGE('',*,*,#8520,.F.);
#4845=ORIENTED_EDGE('',*,*,#8529,.T.);
#4846=ORIENTED_EDGE('',*,*,#8526,.T.);
#4847=ORIENTED_EDGE('',*,*,#8531,.F.);
#4848=ORIENTED_EDGE('',*,*,#8521,.F.);
#4849=ORIENTED_EDGE('',*,*,#8530,.T.);
#4850=ORIENTED_EDGE('',*,*,#8525,.T.);
#4851=ORIENTED_EDGE('',*,*,#8532,.F.);
#4852=ORIENTED_EDGE('',*,*,#8522,.F.);
#4853=ORIENTED_EDGE('',*,*,#8531,.T.);
#4854=ORIENTED_EDGE('',*,*,#8524,.T.);
#4855=ORIENTED_EDGE('',*,*,#8518,.F.);
#4856=ORIENTED_EDGE('',*,*,#8523,.F.);
#4857=ORIENTED_EDGE('',*,*,#8532,.T.);
#4858=ORIENTED_EDGE('',*,*,#8533,.T.);
#4859=ORIENTED_EDGE('',*,*,#7602,.T.);
#4860=ORIENTED_EDGE('',*,*,#8534,.F.);
#4861=ORIENTED_EDGE('',*,*,#8535,.T.);
#4862=ORIENTED_EDGE('',*,*,#7601,.F.);
#4863=ORIENTED_EDGE('',*,*,#7654,.T.);
#4864=ORIENTED_EDGE('',*,*,#8536,.T.);
#4865=ORIENTED_EDGE('',*,*,#8537,.T.);
#4866=ORIENTED_EDGE('',*,*,#8538,.T.);
#4867=ORIENTED_EDGE('',*,*,#8539,.T.);
#4868=ORIENTED_EDGE('',*,*,#8540,.T.);
#4869=ORIENTED_EDGE('',*,*,#8534,.T.);
#4870=ORIENTED_EDGE('',*,*,#7652,.F.);
#4871=ORIENTED_EDGE('',*,*,#7603,.T.);
#4872=ORIENTED_EDGE('',*,*,#8533,.F.);
#4873=ORIENTED_EDGE('',*,*,#8541,.F.);
#4874=ORIENTED_EDGE('',*,*,#8542,.F.);
#4875=ORIENTED_EDGE('',*,*,#8543,.F.);
#4876=ORIENTED_EDGE('',*,*,#8544,.F.);
#4877=ORIENTED_EDGE('',*,*,#8545,.F.);
#4878=ORIENTED_EDGE('',*,*,#7653,.F.);
#4879=ORIENTED_EDGE('',*,*,#8545,.T.);
#4880=ORIENTED_EDGE('',*,*,#8546,.F.);
#4881=ORIENTED_EDGE('',*,*,#8536,.F.);
#4882=ORIENTED_EDGE('',*,*,#8544,.T.);
#4883=ORIENTED_EDGE('',*,*,#8547,.F.);
#4884=ORIENTED_EDGE('',*,*,#8537,.F.);
#4885=ORIENTED_EDGE('',*,*,#8546,.T.);
#4886=ORIENTED_EDGE('',*,*,#8543,.T.);
#4887=ORIENTED_EDGE('',*,*,#8548,.F.);
#4888=ORIENTED_EDGE('',*,*,#8538,.F.);
#4889=ORIENTED_EDGE('',*,*,#8547,.T.);
#4890=ORIENTED_EDGE('',*,*,#8542,.T.);
#4891=ORIENTED_EDGE('',*,*,#8549,.F.);
#4892=ORIENTED_EDGE('',*,*,#8539,.F.);
#4893=ORIENTED_EDGE('',*,*,#8548,.T.);
#4894=ORIENTED_EDGE('',*,*,#8541,.T.);
#4895=ORIENTED_EDGE('',*,*,#8535,.F.);
#4896=ORIENTED_EDGE('',*,*,#8540,.F.);
#4897=ORIENTED_EDGE('',*,*,#8549,.T.);
#4898=ORIENTED_EDGE('',*,*,#8550,.T.);
#4899=ORIENTED_EDGE('',*,*,#7598,.T.);
#4900=ORIENTED_EDGE('',*,*,#8551,.F.);
#4901=ORIENTED_EDGE('',*,*,#8552,.T.);
#4902=ORIENTED_EDGE('',*,*,#7597,.F.);
#4903=ORIENTED_EDGE('',*,*,#7657,.T.);
#4904=ORIENTED_EDGE('',*,*,#8553,.T.);
#4905=ORIENTED_EDGE('',*,*,#8554,.T.);
#4906=ORIENTED_EDGE('',*,*,#8555,.T.);
#4907=ORIENTED_EDGE('',*,*,#8556,.T.);
#4908=ORIENTED_EDGE('',*,*,#8557,.T.);
#4909=ORIENTED_EDGE('',*,*,#8551,.T.);
#4910=ORIENTED_EDGE('',*,*,#7655,.F.);
#4911=ORIENTED_EDGE('',*,*,#7599,.T.);
#4912=ORIENTED_EDGE('',*,*,#8550,.F.);
#4913=ORIENTED_EDGE('',*,*,#8558,.F.);
#4914=ORIENTED_EDGE('',*,*,#8559,.F.);
#4915=ORIENTED_EDGE('',*,*,#8560,.F.);
#4916=ORIENTED_EDGE('',*,*,#8561,.F.);
#4917=ORIENTED_EDGE('',*,*,#8562,.F.);
#4918=ORIENTED_EDGE('',*,*,#7656,.F.);
#4919=ORIENTED_EDGE('',*,*,#8562,.T.);
#4920=ORIENTED_EDGE('',*,*,#8563,.F.);
#4921=ORIENTED_EDGE('',*,*,#8553,.F.);
#4922=ORIENTED_EDGE('',*,*,#8561,.T.);
#4923=ORIENTED_EDGE('',*,*,#8564,.F.);
#4924=ORIENTED_EDGE('',*,*,#8554,.F.);
#4925=ORIENTED_EDGE('',*,*,#8563,.T.);
#4926=ORIENTED_EDGE('',*,*,#8560,.T.);
#4927=ORIENTED_EDGE('',*,*,#8565,.F.);
#4928=ORIENTED_EDGE('',*,*,#8555,.F.);
#4929=ORIENTED_EDGE('',*,*,#8564,.T.);
#4930=ORIENTED_EDGE('',*,*,#8559,.T.);
#4931=ORIENTED_EDGE('',*,*,#8566,.F.);
#4932=ORIENTED_EDGE('',*,*,#8556,.F.);
#4933=ORIENTED_EDGE('',*,*,#8565,.T.);
#4934=ORIENTED_EDGE('',*,*,#8558,.T.);
#4935=ORIENTED_EDGE('',*,*,#8552,.F.);
#4936=ORIENTED_EDGE('',*,*,#8557,.F.);
#4937=ORIENTED_EDGE('',*,*,#8566,.T.);
#4938=ORIENTED_EDGE('',*,*,#8567,.T.);
#4939=ORIENTED_EDGE('',*,*,#7594,.T.);
#4940=ORIENTED_EDGE('',*,*,#8568,.F.);
#4941=ORIENTED_EDGE('',*,*,#8569,.T.);
#4942=ORIENTED_EDGE('',*,*,#7593,.F.);
#4943=ORIENTED_EDGE('',*,*,#7660,.T.);
#4944=ORIENTED_EDGE('',*,*,#8570,.T.);
#4945=ORIENTED_EDGE('',*,*,#8571,.T.);
#4946=ORIENTED_EDGE('',*,*,#8572,.T.);
#4947=ORIENTED_EDGE('',*,*,#8573,.T.);
#4948=ORIENTED_EDGE('',*,*,#8574,.T.);
#4949=ORIENTED_EDGE('',*,*,#8568,.T.);
#4950=ORIENTED_EDGE('',*,*,#7658,.F.);
#4951=ORIENTED_EDGE('',*,*,#7595,.T.);
#4952=ORIENTED_EDGE('',*,*,#8567,.F.);
#4953=ORIENTED_EDGE('',*,*,#8575,.F.);
#4954=ORIENTED_EDGE('',*,*,#8576,.F.);
#4955=ORIENTED_EDGE('',*,*,#8577,.F.);
#4956=ORIENTED_EDGE('',*,*,#8578,.F.);
#4957=ORIENTED_EDGE('',*,*,#8579,.F.);
#4958=ORIENTED_EDGE('',*,*,#7659,.F.);
#4959=ORIENTED_EDGE('',*,*,#8579,.T.);
#4960=ORIENTED_EDGE('',*,*,#8580,.F.);
#4961=ORIENTED_EDGE('',*,*,#8570,.F.);
#4962=ORIENTED_EDGE('',*,*,#8578,.T.);
#4963=ORIENTED_EDGE('',*,*,#8581,.F.);
#4964=ORIENTED_EDGE('',*,*,#8571,.F.);
#4965=ORIENTED_EDGE('',*,*,#8580,.T.);
#4966=ORIENTED_EDGE('',*,*,#8577,.T.);
#4967=ORIENTED_EDGE('',*,*,#8582,.F.);
#4968=ORIENTED_EDGE('',*,*,#8572,.F.);
#4969=ORIENTED_EDGE('',*,*,#8581,.T.);
#4970=ORIENTED_EDGE('',*,*,#8576,.T.);
#4971=ORIENTED_EDGE('',*,*,#8583,.F.);
#4972=ORIENTED_EDGE('',*,*,#8573,.F.);
#4973=ORIENTED_EDGE('',*,*,#8582,.T.);
#4974=ORIENTED_EDGE('',*,*,#8575,.T.);
#4975=ORIENTED_EDGE('',*,*,#8569,.F.);
#4976=ORIENTED_EDGE('',*,*,#8574,.F.);
#4977=ORIENTED_EDGE('',*,*,#8583,.T.);
#4978=ORIENTED_EDGE('',*,*,#8584,.T.);
#4979=ORIENTED_EDGE('',*,*,#7590,.T.);
#4980=ORIENTED_EDGE('',*,*,#8585,.F.);
#4981=ORIENTED_EDGE('',*,*,#8586,.T.);
#4982=ORIENTED_EDGE('',*,*,#7589,.F.);
#4983=ORIENTED_EDGE('',*,*,#7663,.T.);
#4984=ORIENTED_EDGE('',*,*,#8587,.T.);
#4985=ORIENTED_EDGE('',*,*,#8588,.T.);
#4986=ORIENTED_EDGE('',*,*,#8589,.T.);
#4987=ORIENTED_EDGE('',*,*,#8590,.T.);
#4988=ORIENTED_EDGE('',*,*,#8591,.T.);
#4989=ORIENTED_EDGE('',*,*,#8585,.T.);
#4990=ORIENTED_EDGE('',*,*,#7661,.F.);
#4991=ORIENTED_EDGE('',*,*,#7591,.T.);
#4992=ORIENTED_EDGE('',*,*,#8584,.F.);
#4993=ORIENTED_EDGE('',*,*,#8592,.F.);
#4994=ORIENTED_EDGE('',*,*,#8593,.F.);
#4995=ORIENTED_EDGE('',*,*,#8594,.F.);
#4996=ORIENTED_EDGE('',*,*,#8595,.F.);
#4997=ORIENTED_EDGE('',*,*,#8596,.F.);
#4998=ORIENTED_EDGE('',*,*,#7662,.F.);
#4999=ORIENTED_EDGE('',*,*,#8596,.T.);
#5000=ORIENTED_EDGE('',*,*,#8597,.F.);
#5001=ORIENTED_EDGE('',*,*,#8587,.F.);
#5002=ORIENTED_EDGE('',*,*,#8595,.T.);
#5003=ORIENTED_EDGE('',*,*,#8598,.F.);
#5004=ORIENTED_EDGE('',*,*,#8588,.F.);
#5005=ORIENTED_EDGE('',*,*,#8597,.T.);
#5006=ORIENTED_EDGE('',*,*,#8594,.T.);
#5007=ORIENTED_EDGE('',*,*,#8599,.F.);
#5008=ORIENTED_EDGE('',*,*,#8589,.F.);
#5009=ORIENTED_EDGE('',*,*,#8598,.T.);
#5010=ORIENTED_EDGE('',*,*,#8593,.T.);
#5011=ORIENTED_EDGE('',*,*,#8600,.F.);
#5012=ORIENTED_EDGE('',*,*,#8590,.F.);
#5013=ORIENTED_EDGE('',*,*,#8599,.T.);
#5014=ORIENTED_EDGE('',*,*,#8592,.T.);
#5015=ORIENTED_EDGE('',*,*,#8586,.F.);
#5016=ORIENTED_EDGE('',*,*,#8591,.F.);
#5017=ORIENTED_EDGE('',*,*,#8600,.T.);
#5018=ORIENTED_EDGE('',*,*,#8601,.T.);
#5019=ORIENTED_EDGE('',*,*,#7586,.T.);
#5020=ORIENTED_EDGE('',*,*,#8602,.F.);
#5021=ORIENTED_EDGE('',*,*,#8603,.T.);
#5022=ORIENTED_EDGE('',*,*,#7585,.F.);
#5023=ORIENTED_EDGE('',*,*,#7666,.T.);
#5024=ORIENTED_EDGE('',*,*,#8604,.T.);
#5025=ORIENTED_EDGE('',*,*,#8605,.T.);
#5026=ORIENTED_EDGE('',*,*,#8606,.T.);
#5027=ORIENTED_EDGE('',*,*,#8607,.T.);
#5028=ORIENTED_EDGE('',*,*,#8608,.T.);
#5029=ORIENTED_EDGE('',*,*,#8602,.T.);
#5030=ORIENTED_EDGE('',*,*,#7664,.F.);
#5031=ORIENTED_EDGE('',*,*,#7587,.T.);
#5032=ORIENTED_EDGE('',*,*,#8601,.F.);
#5033=ORIENTED_EDGE('',*,*,#8609,.F.);
#5034=ORIENTED_EDGE('',*,*,#8610,.F.);
#5035=ORIENTED_EDGE('',*,*,#8611,.F.);
#5036=ORIENTED_EDGE('',*,*,#8612,.F.);
#5037=ORIENTED_EDGE('',*,*,#8613,.F.);
#5038=ORIENTED_EDGE('',*,*,#7665,.F.);
#5039=ORIENTED_EDGE('',*,*,#8613,.T.);
#5040=ORIENTED_EDGE('',*,*,#8614,.F.);
#5041=ORIENTED_EDGE('',*,*,#8604,.F.);
#5042=ORIENTED_EDGE('',*,*,#8612,.T.);
#5043=ORIENTED_EDGE('',*,*,#8615,.F.);
#5044=ORIENTED_EDGE('',*,*,#8605,.F.);
#5045=ORIENTED_EDGE('',*,*,#8614,.T.);
#5046=ORIENTED_EDGE('',*,*,#8611,.T.);
#5047=ORIENTED_EDGE('',*,*,#8616,.F.);
#5048=ORIENTED_EDGE('',*,*,#8606,.F.);
#5049=ORIENTED_EDGE('',*,*,#8615,.T.);
#5050=ORIENTED_EDGE('',*,*,#8610,.T.);
#5051=ORIENTED_EDGE('',*,*,#8617,.F.);
#5052=ORIENTED_EDGE('',*,*,#8607,.F.);
#5053=ORIENTED_EDGE('',*,*,#8616,.T.);
#5054=ORIENTED_EDGE('',*,*,#8609,.T.);
#5055=ORIENTED_EDGE('',*,*,#8603,.F.);
#5056=ORIENTED_EDGE('',*,*,#8608,.F.);
#5057=ORIENTED_EDGE('',*,*,#8617,.T.);
#5058=ORIENTED_EDGE('',*,*,#8618,.T.);
#5059=ORIENTED_EDGE('',*,*,#7582,.T.);
#5060=ORIENTED_EDGE('',*,*,#8619,.F.);
#5061=ORIENTED_EDGE('',*,*,#8620,.T.);
#5062=ORIENTED_EDGE('',*,*,#7581,.F.);
#5063=ORIENTED_EDGE('',*,*,#7669,.T.);
#5064=ORIENTED_EDGE('',*,*,#8621,.T.);
#5065=ORIENTED_EDGE('',*,*,#8622,.T.);
#5066=ORIENTED_EDGE('',*,*,#8623,.T.);
#5067=ORIENTED_EDGE('',*,*,#8624,.T.);
#5068=ORIENTED_EDGE('',*,*,#8625,.T.);
#5069=ORIENTED_EDGE('',*,*,#8619,.T.);
#5070=ORIENTED_EDGE('',*,*,#7667,.F.);
#5071=ORIENTED_EDGE('',*,*,#7583,.T.);
#5072=ORIENTED_EDGE('',*,*,#8618,.F.);
#5073=ORIENTED_EDGE('',*,*,#8626,.F.);
#5074=ORIENTED_EDGE('',*,*,#8627,.F.);
#5075=ORIENTED_EDGE('',*,*,#8628,.F.);
#5076=ORIENTED_EDGE('',*,*,#8629,.F.);
#5077=ORIENTED_EDGE('',*,*,#8630,.F.);
#5078=ORIENTED_EDGE('',*,*,#7668,.F.);
#5079=ORIENTED_EDGE('',*,*,#8630,.T.);
#5080=ORIENTED_EDGE('',*,*,#8631,.F.);
#5081=ORIENTED_EDGE('',*,*,#8621,.F.);
#5082=ORIENTED_EDGE('',*,*,#8629,.T.);
#5083=ORIENTED_EDGE('',*,*,#8632,.F.);
#5084=ORIENTED_EDGE('',*,*,#8622,.F.);
#5085=ORIENTED_EDGE('',*,*,#8631,.T.);
#5086=ORIENTED_EDGE('',*,*,#8628,.T.);
#5087=ORIENTED_EDGE('',*,*,#8633,.F.);
#5088=ORIENTED_EDGE('',*,*,#8623,.F.);
#5089=ORIENTED_EDGE('',*,*,#8632,.T.);
#5090=ORIENTED_EDGE('',*,*,#8627,.T.);
#5091=ORIENTED_EDGE('',*,*,#8634,.F.);
#5092=ORIENTED_EDGE('',*,*,#8624,.F.);
#5093=ORIENTED_EDGE('',*,*,#8633,.T.);
#5094=ORIENTED_EDGE('',*,*,#8626,.T.);
#5095=ORIENTED_EDGE('',*,*,#8620,.F.);
#5096=ORIENTED_EDGE('',*,*,#8625,.F.);
#5097=ORIENTED_EDGE('',*,*,#8634,.T.);
#5098=ORIENTED_EDGE('',*,*,#8635,.T.);
#5099=ORIENTED_EDGE('',*,*,#7578,.T.);
#5100=ORIENTED_EDGE('',*,*,#8636,.F.);
#5101=ORIENTED_EDGE('',*,*,#8637,.T.);
#5102=ORIENTED_EDGE('',*,*,#7577,.F.);
#5103=ORIENTED_EDGE('',*,*,#7672,.T.);
#5104=ORIENTED_EDGE('',*,*,#8638,.T.);
#5105=ORIENTED_EDGE('',*,*,#8639,.T.);
#5106=ORIENTED_EDGE('',*,*,#8640,.T.);
#5107=ORIENTED_EDGE('',*,*,#8641,.T.);
#5108=ORIENTED_EDGE('',*,*,#8642,.T.);
#5109=ORIENTED_EDGE('',*,*,#8636,.T.);
#5110=ORIENTED_EDGE('',*,*,#7670,.F.);
#5111=ORIENTED_EDGE('',*,*,#7579,.T.);
#5112=ORIENTED_EDGE('',*,*,#8635,.F.);
#5113=ORIENTED_EDGE('',*,*,#8643,.F.);
#5114=ORIENTED_EDGE('',*,*,#8644,.F.);
#5115=ORIENTED_EDGE('',*,*,#8645,.F.);
#5116=ORIENTED_EDGE('',*,*,#8646,.F.);
#5117=ORIENTED_EDGE('',*,*,#8647,.F.);
#5118=ORIENTED_EDGE('',*,*,#7671,.F.);
#5119=ORIENTED_EDGE('',*,*,#8647,.T.);
#5120=ORIENTED_EDGE('',*,*,#8648,.F.);
#5121=ORIENTED_EDGE('',*,*,#8638,.F.);
#5122=ORIENTED_EDGE('',*,*,#8646,.T.);
#5123=ORIENTED_EDGE('',*,*,#8649,.F.);
#5124=ORIENTED_EDGE('',*,*,#8639,.F.);
#5125=ORIENTED_EDGE('',*,*,#8648,.T.);
#5126=ORIENTED_EDGE('',*,*,#8645,.T.);
#5127=ORIENTED_EDGE('',*,*,#8650,.F.);
#5128=ORIENTED_EDGE('',*,*,#8640,.F.);
#5129=ORIENTED_EDGE('',*,*,#8649,.T.);
#5130=ORIENTED_EDGE('',*,*,#8644,.T.);
#5131=ORIENTED_EDGE('',*,*,#8651,.F.);
#5132=ORIENTED_EDGE('',*,*,#8641,.F.);
#5133=ORIENTED_EDGE('',*,*,#8650,.T.);
#5134=ORIENTED_EDGE('',*,*,#8643,.T.);
#5135=ORIENTED_EDGE('',*,*,#8637,.F.);
#5136=ORIENTED_EDGE('',*,*,#8642,.F.);
#5137=ORIENTED_EDGE('',*,*,#8651,.T.);
#5138=ORIENTED_EDGE('',*,*,#8652,.T.);
#5139=ORIENTED_EDGE('',*,*,#7574,.T.);
#5140=ORIENTED_EDGE('',*,*,#8653,.F.);
#5141=ORIENTED_EDGE('',*,*,#8654,.T.);
#5142=ORIENTED_EDGE('',*,*,#7573,.F.);
#5143=ORIENTED_EDGE('',*,*,#7675,.T.);
#5144=ORIENTED_EDGE('',*,*,#8655,.T.);
#5145=ORIENTED_EDGE('',*,*,#8656,.T.);
#5146=ORIENTED_EDGE('',*,*,#8657,.T.);
#5147=ORIENTED_EDGE('',*,*,#8658,.T.);
#5148=ORIENTED_EDGE('',*,*,#8659,.T.);
#5149=ORIENTED_EDGE('',*,*,#8653,.T.);
#5150=ORIENTED_EDGE('',*,*,#7673,.F.);
#5151=ORIENTED_EDGE('',*,*,#7575,.T.);
#5152=ORIENTED_EDGE('',*,*,#8652,.F.);
#5153=ORIENTED_EDGE('',*,*,#8660,.F.);
#5154=ORIENTED_EDGE('',*,*,#8661,.F.);
#5155=ORIENTED_EDGE('',*,*,#8662,.F.);
#5156=ORIENTED_EDGE('',*,*,#8663,.F.);
#5157=ORIENTED_EDGE('',*,*,#8664,.F.);
#5158=ORIENTED_EDGE('',*,*,#7674,.F.);
#5159=ORIENTED_EDGE('',*,*,#8664,.T.);
#5160=ORIENTED_EDGE('',*,*,#8665,.F.);
#5161=ORIENTED_EDGE('',*,*,#8655,.F.);
#5162=ORIENTED_EDGE('',*,*,#8663,.T.);
#5163=ORIENTED_EDGE('',*,*,#8666,.F.);
#5164=ORIENTED_EDGE('',*,*,#8656,.F.);
#5165=ORIENTED_EDGE('',*,*,#8665,.T.);
#5166=ORIENTED_EDGE('',*,*,#8662,.T.);
#5167=ORIENTED_EDGE('',*,*,#8667,.F.);
#5168=ORIENTED_EDGE('',*,*,#8657,.F.);
#5169=ORIENTED_EDGE('',*,*,#8666,.T.);
#5170=ORIENTED_EDGE('',*,*,#8661,.T.);
#5171=ORIENTED_EDGE('',*,*,#8668,.F.);
#5172=ORIENTED_EDGE('',*,*,#8658,.F.);
#5173=ORIENTED_EDGE('',*,*,#8667,.T.);
#5174=ORIENTED_EDGE('',*,*,#8660,.T.);
#5175=ORIENTED_EDGE('',*,*,#8654,.F.);
#5176=ORIENTED_EDGE('',*,*,#8659,.F.);
#5177=ORIENTED_EDGE('',*,*,#8668,.T.);
#5178=ORIENTED_EDGE('',*,*,#8669,.T.);
#5179=ORIENTED_EDGE('',*,*,#7570,.T.);
#5180=ORIENTED_EDGE('',*,*,#8670,.F.);
#5181=ORIENTED_EDGE('',*,*,#8671,.T.);
#5182=ORIENTED_EDGE('',*,*,#7569,.F.);
#5183=ORIENTED_EDGE('',*,*,#7678,.T.);
#5184=ORIENTED_EDGE('',*,*,#8672,.T.);
#5185=ORIENTED_EDGE('',*,*,#8673,.T.);
#5186=ORIENTED_EDGE('',*,*,#8674,.T.);
#5187=ORIENTED_EDGE('',*,*,#8675,.T.);
#5188=ORIENTED_EDGE('',*,*,#8676,.T.);
#5189=ORIENTED_EDGE('',*,*,#8670,.T.);
#5190=ORIENTED_EDGE('',*,*,#7676,.F.);
#5191=ORIENTED_EDGE('',*,*,#7571,.T.);
#5192=ORIENTED_EDGE('',*,*,#8669,.F.);
#5193=ORIENTED_EDGE('',*,*,#8677,.F.);
#5194=ORIENTED_EDGE('',*,*,#8678,.F.);
#5195=ORIENTED_EDGE('',*,*,#8679,.F.);
#5196=ORIENTED_EDGE('',*,*,#8680,.F.);
#5197=ORIENTED_EDGE('',*,*,#8681,.F.);
#5198=ORIENTED_EDGE('',*,*,#7677,.F.);
#5199=ORIENTED_EDGE('',*,*,#8681,.T.);
#5200=ORIENTED_EDGE('',*,*,#8682,.F.);
#5201=ORIENTED_EDGE('',*,*,#8672,.F.);
#5202=ORIENTED_EDGE('',*,*,#8680,.T.);
#5203=ORIENTED_EDGE('',*,*,#8683,.F.);
#5204=ORIENTED_EDGE('',*,*,#8673,.F.);
#5205=ORIENTED_EDGE('',*,*,#8682,.T.);
#5206=ORIENTED_EDGE('',*,*,#8679,.T.);
#5207=ORIENTED_EDGE('',*,*,#8684,.F.);
#5208=ORIENTED_EDGE('',*,*,#8674,.F.);
#5209=ORIENTED_EDGE('',*,*,#8683,.T.);
#5210=ORIENTED_EDGE('',*,*,#8678,.T.);
#5211=ORIENTED_EDGE('',*,*,#8685,.F.);
#5212=ORIENTED_EDGE('',*,*,#8675,.F.);
#5213=ORIENTED_EDGE('',*,*,#8684,.T.);
#5214=ORIENTED_EDGE('',*,*,#8677,.T.);
#5215=ORIENTED_EDGE('',*,*,#8671,.F.);
#5216=ORIENTED_EDGE('',*,*,#8676,.F.);
#5217=ORIENTED_EDGE('',*,*,#8685,.T.);
#5218=ORIENTED_EDGE('',*,*,#8686,.T.);
#5219=ORIENTED_EDGE('',*,*,#7566,.T.);
#5220=ORIENTED_EDGE('',*,*,#8687,.F.);
#5221=ORIENTED_EDGE('',*,*,#8688,.T.);
#5222=ORIENTED_EDGE('',*,*,#7565,.F.);
#5223=ORIENTED_EDGE('',*,*,#7681,.T.);
#5224=ORIENTED_EDGE('',*,*,#8689,.T.);
#5225=ORIENTED_EDGE('',*,*,#8690,.T.);
#5226=ORIENTED_EDGE('',*,*,#8691,.T.);
#5227=ORIENTED_EDGE('',*,*,#8692,.T.);
#5228=ORIENTED_EDGE('',*,*,#8693,.T.);
#5229=ORIENTED_EDGE('',*,*,#8687,.T.);
#5230=ORIENTED_EDGE('',*,*,#7679,.F.);
#5231=ORIENTED_EDGE('',*,*,#7567,.T.);
#5232=ORIENTED_EDGE('',*,*,#8686,.F.);
#5233=ORIENTED_EDGE('',*,*,#8694,.F.);
#5234=ORIENTED_EDGE('',*,*,#8695,.F.);
#5235=ORIENTED_EDGE('',*,*,#8696,.F.);
#5236=ORIENTED_EDGE('',*,*,#8697,.F.);
#5237=ORIENTED_EDGE('',*,*,#8698,.F.);
#5238=ORIENTED_EDGE('',*,*,#7680,.F.);
#5239=ORIENTED_EDGE('',*,*,#8698,.T.);
#5240=ORIENTED_EDGE('',*,*,#8699,.F.);
#5241=ORIENTED_EDGE('',*,*,#8689,.F.);
#5242=ORIENTED_EDGE('',*,*,#8697,.T.);
#5243=ORIENTED_EDGE('',*,*,#8700,.F.);
#5244=ORIENTED_EDGE('',*,*,#8690,.F.);
#5245=ORIENTED_EDGE('',*,*,#8699,.T.);
#5246=ORIENTED_EDGE('',*,*,#8696,.T.);
#5247=ORIENTED_EDGE('',*,*,#8701,.F.);
#5248=ORIENTED_EDGE('',*,*,#8691,.F.);
#5249=ORIENTED_EDGE('',*,*,#8700,.T.);
#5250=ORIENTED_EDGE('',*,*,#8695,.T.);
#5251=ORIENTED_EDGE('',*,*,#8702,.F.);
#5252=ORIENTED_EDGE('',*,*,#8692,.F.);
#5253=ORIENTED_EDGE('',*,*,#8701,.T.);
#5254=ORIENTED_EDGE('',*,*,#8694,.T.);
#5255=ORIENTED_EDGE('',*,*,#8688,.F.);
#5256=ORIENTED_EDGE('',*,*,#8693,.F.);
#5257=ORIENTED_EDGE('',*,*,#8702,.T.);
#5258=ORIENTED_EDGE('',*,*,#8703,.T.);
#5259=ORIENTED_EDGE('',*,*,#7562,.T.);
#5260=ORIENTED_EDGE('',*,*,#8704,.F.);
#5261=ORIENTED_EDGE('',*,*,#8705,.T.);
#5262=ORIENTED_EDGE('',*,*,#7561,.F.);
#5263=ORIENTED_EDGE('',*,*,#7684,.T.);
#5264=ORIENTED_EDGE('',*,*,#8706,.T.);
#5265=ORIENTED_EDGE('',*,*,#8707,.T.);
#5266=ORIENTED_EDGE('',*,*,#8708,.T.);
#5267=ORIENTED_EDGE('',*,*,#8709,.T.);
#5268=ORIENTED_EDGE('',*,*,#8710,.T.);
#5269=ORIENTED_EDGE('',*,*,#8704,.T.);
#5270=ORIENTED_EDGE('',*,*,#7682,.F.);
#5271=ORIENTED_EDGE('',*,*,#7563,.T.);
#5272=ORIENTED_EDGE('',*,*,#8703,.F.);
#5273=ORIENTED_EDGE('',*,*,#8711,.F.);
#5274=ORIENTED_EDGE('',*,*,#8712,.F.);
#5275=ORIENTED_EDGE('',*,*,#8713,.F.);
#5276=ORIENTED_EDGE('',*,*,#8714,.F.);
#5277=ORIENTED_EDGE('',*,*,#8715,.F.);
#5278=ORIENTED_EDGE('',*,*,#7683,.F.);
#5279=ORIENTED_EDGE('',*,*,#8715,.T.);
#5280=ORIENTED_EDGE('',*,*,#8716,.F.);
#5281=ORIENTED_EDGE('',*,*,#8706,.F.);
#5282=ORIENTED_EDGE('',*,*,#8714,.T.);
#5283=ORIENTED_EDGE('',*,*,#8717,.F.);
#5284=ORIENTED_EDGE('',*,*,#8707,.F.);
#5285=ORIENTED_EDGE('',*,*,#8716,.T.);
#5286=ORIENTED_EDGE('',*,*,#8713,.T.);
#5287=ORIENTED_EDGE('',*,*,#8718,.F.);
#5288=ORIENTED_EDGE('',*,*,#8708,.F.);
#5289=ORIENTED_EDGE('',*,*,#8717,.T.);
#5290=ORIENTED_EDGE('',*,*,#8712,.T.);
#5291=ORIENTED_EDGE('',*,*,#8719,.F.);
#5292=ORIENTED_EDGE('',*,*,#8709,.F.);
#5293=ORIENTED_EDGE('',*,*,#8718,.T.);
#5294=ORIENTED_EDGE('',*,*,#8711,.T.);
#5295=ORIENTED_EDGE('',*,*,#8705,.F.);
#5296=ORIENTED_EDGE('',*,*,#8710,.F.);
#5297=ORIENTED_EDGE('',*,*,#8719,.T.);
#5298=ORIENTED_EDGE('',*,*,#8720,.T.);
#5299=ORIENTED_EDGE('',*,*,#7558,.T.);
#5300=ORIENTED_EDGE('',*,*,#8721,.F.);
#5301=ORIENTED_EDGE('',*,*,#8722,.T.);
#5302=ORIENTED_EDGE('',*,*,#7557,.F.);
#5303=ORIENTED_EDGE('',*,*,#7687,.T.);
#5304=ORIENTED_EDGE('',*,*,#8723,.T.);
#5305=ORIENTED_EDGE('',*,*,#8724,.T.);
#5306=ORIENTED_EDGE('',*,*,#8725,.T.);
#5307=ORIENTED_EDGE('',*,*,#8726,.T.);
#5308=ORIENTED_EDGE('',*,*,#8727,.T.);
#5309=ORIENTED_EDGE('',*,*,#8721,.T.);
#5310=ORIENTED_EDGE('',*,*,#7685,.F.);
#5311=ORIENTED_EDGE('',*,*,#7559,.T.);
#5312=ORIENTED_EDGE('',*,*,#8720,.F.);
#5313=ORIENTED_EDGE('',*,*,#8728,.F.);
#5314=ORIENTED_EDGE('',*,*,#8729,.F.);
#5315=ORIENTED_EDGE('',*,*,#8730,.F.);
#5316=ORIENTED_EDGE('',*,*,#8731,.F.);
#5317=ORIENTED_EDGE('',*,*,#8732,.F.);
#5318=ORIENTED_EDGE('',*,*,#7686,.F.);
#5319=ORIENTED_EDGE('',*,*,#8732,.T.);
#5320=ORIENTED_EDGE('',*,*,#8733,.F.);
#5321=ORIENTED_EDGE('',*,*,#8723,.F.);
#5322=ORIENTED_EDGE('',*,*,#8731,.T.);
#5323=ORIENTED_EDGE('',*,*,#8734,.F.);
#5324=ORIENTED_EDGE('',*,*,#8724,.F.);
#5325=ORIENTED_EDGE('',*,*,#8733,.T.);
#5326=ORIENTED_EDGE('',*,*,#8730,.T.);
#5327=ORIENTED_EDGE('',*,*,#8735,.F.);
#5328=ORIENTED_EDGE('',*,*,#8725,.F.);
#5329=ORIENTED_EDGE('',*,*,#8734,.T.);
#5330=ORIENTED_EDGE('',*,*,#8729,.T.);
#5331=ORIENTED_EDGE('',*,*,#8736,.F.);
#5332=ORIENTED_EDGE('',*,*,#8726,.F.);
#5333=ORIENTED_EDGE('',*,*,#8735,.T.);
#5334=ORIENTED_EDGE('',*,*,#8728,.T.);
#5335=ORIENTED_EDGE('',*,*,#8722,.F.);
#5336=ORIENTED_EDGE('',*,*,#8727,.F.);
#5337=ORIENTED_EDGE('',*,*,#8736,.T.);
#5338=ORIENTED_EDGE('',*,*,#8737,.T.);
#5339=ORIENTED_EDGE('',*,*,#7554,.T.);
#5340=ORIENTED_EDGE('',*,*,#8738,.F.);
#5341=ORIENTED_EDGE('',*,*,#8739,.T.);
#5342=ORIENTED_EDGE('',*,*,#7553,.F.);
#5343=ORIENTED_EDGE('',*,*,#7690,.T.);
#5344=ORIENTED_EDGE('',*,*,#8740,.T.);
#5345=ORIENTED_EDGE('',*,*,#8741,.T.);
#5346=ORIENTED_EDGE('',*,*,#8742,.T.);
#5347=ORIENTED_EDGE('',*,*,#8743,.T.);
#5348=ORIENTED_EDGE('',*,*,#8744,.T.);
#5349=ORIENTED_EDGE('',*,*,#8738,.T.);
#5350=ORIENTED_EDGE('',*,*,#7688,.F.);
#5351=ORIENTED_EDGE('',*,*,#7555,.T.);
#5352=ORIENTED_EDGE('',*,*,#8737,.F.);
#5353=ORIENTED_EDGE('',*,*,#8745,.F.);
#5354=ORIENTED_EDGE('',*,*,#8746,.F.);
#5355=ORIENTED_EDGE('',*,*,#8747,.F.);
#5356=ORIENTED_EDGE('',*,*,#8748,.F.);
#5357=ORIENTED_EDGE('',*,*,#8749,.F.);
#5358=ORIENTED_EDGE('',*,*,#7689,.F.);
#5359=ORIENTED_EDGE('',*,*,#8749,.T.);
#5360=ORIENTED_EDGE('',*,*,#8750,.F.);
#5361=ORIENTED_EDGE('',*,*,#8740,.F.);
#5362=ORIENTED_EDGE('',*,*,#8748,.T.);
#5363=ORIENTED_EDGE('',*,*,#8751,.F.);
#5364=ORIENTED_EDGE('',*,*,#8741,.F.);
#5365=ORIENTED_EDGE('',*,*,#8750,.T.);
#5366=ORIENTED_EDGE('',*,*,#8747,.T.);
#5367=ORIENTED_EDGE('',*,*,#8752,.F.);
#5368=ORIENTED_EDGE('',*,*,#8742,.F.);
#5369=ORIENTED_EDGE('',*,*,#8751,.T.);
#5370=ORIENTED_EDGE('',*,*,#8746,.T.);
#5371=ORIENTED_EDGE('',*,*,#8753,.F.);
#5372=ORIENTED_EDGE('',*,*,#8743,.F.);
#5373=ORIENTED_EDGE('',*,*,#8752,.T.);
#5374=ORIENTED_EDGE('',*,*,#8745,.T.);
#5375=ORIENTED_EDGE('',*,*,#8739,.F.);
#5376=ORIENTED_EDGE('',*,*,#8744,.F.);
#5377=ORIENTED_EDGE('',*,*,#8753,.T.);
#5378=ORIENTED_EDGE('',*,*,#8754,.T.);
#5379=ORIENTED_EDGE('',*,*,#7550,.T.);
#5380=ORIENTED_EDGE('',*,*,#8755,.F.);
#5381=ORIENTED_EDGE('',*,*,#8756,.T.);
#5382=ORIENTED_EDGE('',*,*,#7549,.F.);
#5383=ORIENTED_EDGE('',*,*,#7693,.T.);
#5384=ORIENTED_EDGE('',*,*,#8757,.T.);
#5385=ORIENTED_EDGE('',*,*,#8758,.T.);
#5386=ORIENTED_EDGE('',*,*,#8759,.T.);
#5387=ORIENTED_EDGE('',*,*,#8760,.T.);
#5388=ORIENTED_EDGE('',*,*,#8761,.T.);
#5389=ORIENTED_EDGE('',*,*,#8755,.T.);
#5390=ORIENTED_EDGE('',*,*,#7691,.F.);
#5391=ORIENTED_EDGE('',*,*,#7551,.T.);
#5392=ORIENTED_EDGE('',*,*,#8754,.F.);
#5393=ORIENTED_EDGE('',*,*,#8762,.F.);
#5394=ORIENTED_EDGE('',*,*,#8763,.F.);
#5395=ORIENTED_EDGE('',*,*,#8764,.F.);
#5396=ORIENTED_EDGE('',*,*,#8765,.F.);
#5397=ORIENTED_EDGE('',*,*,#8766,.F.);
#5398=ORIENTED_EDGE('',*,*,#7692,.F.);
#5399=ORIENTED_EDGE('',*,*,#8766,.T.);
#5400=ORIENTED_EDGE('',*,*,#8767,.F.);
#5401=ORIENTED_EDGE('',*,*,#8757,.F.);
#5402=ORIENTED_EDGE('',*,*,#8765,.T.);
#5403=ORIENTED_EDGE('',*,*,#8768,.F.);
#5404=ORIENTED_EDGE('',*,*,#8758,.F.);
#5405=ORIENTED_EDGE('',*,*,#8767,.T.);
#5406=ORIENTED_EDGE('',*,*,#8764,.T.);
#5407=ORIENTED_EDGE('',*,*,#8769,.F.);
#5408=ORIENTED_EDGE('',*,*,#8759,.F.);
#5409=ORIENTED_EDGE('',*,*,#8768,.T.);
#5410=ORIENTED_EDGE('',*,*,#8763,.T.);
#5411=ORIENTED_EDGE('',*,*,#8770,.F.);
#5412=ORIENTED_EDGE('',*,*,#8760,.F.);
#5413=ORIENTED_EDGE('',*,*,#8769,.T.);
#5414=ORIENTED_EDGE('',*,*,#8762,.T.);
#5415=ORIENTED_EDGE('',*,*,#8756,.F.);
#5416=ORIENTED_EDGE('',*,*,#8761,.F.);
#5417=ORIENTED_EDGE('',*,*,#8770,.T.);
#5418=ORIENTED_EDGE('',*,*,#8771,.T.);
#5419=ORIENTED_EDGE('',*,*,#7546,.T.);
#5420=ORIENTED_EDGE('',*,*,#8772,.F.);
#5421=ORIENTED_EDGE('',*,*,#8773,.T.);
#5422=ORIENTED_EDGE('',*,*,#7545,.F.);
#5423=ORIENTED_EDGE('',*,*,#7696,.T.);
#5424=ORIENTED_EDGE('',*,*,#8774,.T.);
#5425=ORIENTED_EDGE('',*,*,#8775,.T.);
#5426=ORIENTED_EDGE('',*,*,#8776,.T.);
#5427=ORIENTED_EDGE('',*,*,#8777,.T.);
#5428=ORIENTED_EDGE('',*,*,#8778,.T.);
#5429=ORIENTED_EDGE('',*,*,#8772,.T.);
#5430=ORIENTED_EDGE('',*,*,#7694,.F.);
#5431=ORIENTED_EDGE('',*,*,#7547,.T.);
#5432=ORIENTED_EDGE('',*,*,#8771,.F.);
#5433=ORIENTED_EDGE('',*,*,#8779,.F.);
#5434=ORIENTED_EDGE('',*,*,#8780,.F.);
#5435=ORIENTED_EDGE('',*,*,#8781,.F.);
#5436=ORIENTED_EDGE('',*,*,#8782,.F.);
#5437=ORIENTED_EDGE('',*,*,#8783,.F.);
#5438=ORIENTED_EDGE('',*,*,#7695,.F.);
#5439=ORIENTED_EDGE('',*,*,#8783,.T.);
#5440=ORIENTED_EDGE('',*,*,#8784,.F.);
#5441=ORIENTED_EDGE('',*,*,#8774,.F.);
#5442=ORIENTED_EDGE('',*,*,#8782,.T.);
#5443=ORIENTED_EDGE('',*,*,#8785,.F.);
#5444=ORIENTED_EDGE('',*,*,#8775,.F.);
#5445=ORIENTED_EDGE('',*,*,#8784,.T.);
#5446=ORIENTED_EDGE('',*,*,#8781,.T.);
#5447=ORIENTED_EDGE('',*,*,#8786,.F.);
#5448=ORIENTED_EDGE('',*,*,#8776,.F.);
#5449=ORIENTED_EDGE('',*,*,#8785,.T.);
#5450=ORIENTED_EDGE('',*,*,#8780,.T.);
#5451=ORIENTED_EDGE('',*,*,#8787,.F.);
#5452=ORIENTED_EDGE('',*,*,#8777,.F.);
#5453=ORIENTED_EDGE('',*,*,#8786,.T.);
#5454=ORIENTED_EDGE('',*,*,#8779,.T.);
#5455=ORIENTED_EDGE('',*,*,#8773,.F.);
#5456=ORIENTED_EDGE('',*,*,#8778,.F.);
#5457=ORIENTED_EDGE('',*,*,#8787,.T.);
#5458=ORIENTED_EDGE('',*,*,#8788,.T.);
#5459=ORIENTED_EDGE('',*,*,#7542,.T.);
#5460=ORIENTED_EDGE('',*,*,#8789,.F.);
#5461=ORIENTED_EDGE('',*,*,#8790,.T.);
#5462=ORIENTED_EDGE('',*,*,#7541,.F.);
#5463=ORIENTED_EDGE('',*,*,#7699,.T.);
#5464=ORIENTED_EDGE('',*,*,#8791,.T.);
#5465=ORIENTED_EDGE('',*,*,#8792,.T.);
#5466=ORIENTED_EDGE('',*,*,#8793,.T.);
#5467=ORIENTED_EDGE('',*,*,#8794,.T.);
#5468=ORIENTED_EDGE('',*,*,#8795,.T.);
#5469=ORIENTED_EDGE('',*,*,#8789,.T.);
#5470=ORIENTED_EDGE('',*,*,#7697,.F.);
#5471=ORIENTED_EDGE('',*,*,#7543,.T.);
#5472=ORIENTED_EDGE('',*,*,#8788,.F.);
#5473=ORIENTED_EDGE('',*,*,#8796,.F.);
#5474=ORIENTED_EDGE('',*,*,#8797,.F.);
#5475=ORIENTED_EDGE('',*,*,#8798,.F.);
#5476=ORIENTED_EDGE('',*,*,#8799,.F.);
#5477=ORIENTED_EDGE('',*,*,#8800,.F.);
#5478=ORIENTED_EDGE('',*,*,#7698,.F.);
#5479=ORIENTED_EDGE('',*,*,#8800,.T.);
#5480=ORIENTED_EDGE('',*,*,#8801,.F.);
#5481=ORIENTED_EDGE('',*,*,#8791,.F.);
#5482=ORIENTED_EDGE('',*,*,#8799,.T.);
#5483=ORIENTED_EDGE('',*,*,#8802,.F.);
#5484=ORIENTED_EDGE('',*,*,#8792,.F.);
#5485=ORIENTED_EDGE('',*,*,#8801,.T.);
#5486=ORIENTED_EDGE('',*,*,#8798,.T.);
#5487=ORIENTED_EDGE('',*,*,#8803,.F.);
#5488=ORIENTED_EDGE('',*,*,#8793,.F.);
#5489=ORIENTED_EDGE('',*,*,#8802,.T.);
#5490=ORIENTED_EDGE('',*,*,#8797,.T.);
#5491=ORIENTED_EDGE('',*,*,#8804,.F.);
#5492=ORIENTED_EDGE('',*,*,#8794,.F.);
#5493=ORIENTED_EDGE('',*,*,#8803,.T.);
#5494=ORIENTED_EDGE('',*,*,#8796,.T.);
#5495=ORIENTED_EDGE('',*,*,#8790,.F.);
#5496=ORIENTED_EDGE('',*,*,#8795,.F.);
#5497=ORIENTED_EDGE('',*,*,#8804,.T.);
#5498=ORIENTED_EDGE('',*,*,#8805,.T.);
#5499=ORIENTED_EDGE('',*,*,#7538,.T.);
#5500=ORIENTED_EDGE('',*,*,#8806,.F.);
#5501=ORIENTED_EDGE('',*,*,#8807,.T.);
#5502=ORIENTED_EDGE('',*,*,#7537,.F.);
#5503=ORIENTED_EDGE('',*,*,#7702,.T.);
#5504=ORIENTED_EDGE('',*,*,#8808,.T.);
#5505=ORIENTED_EDGE('',*,*,#8809,.T.);
#5506=ORIENTED_EDGE('',*,*,#8810,.T.);
#5507=ORIENTED_EDGE('',*,*,#8811,.T.);
#5508=ORIENTED_EDGE('',*,*,#8812,.T.);
#5509=ORIENTED_EDGE('',*,*,#8806,.T.);
#5510=ORIENTED_EDGE('',*,*,#7700,.F.);
#5511=ORIENTED_EDGE('',*,*,#7539,.T.);
#5512=ORIENTED_EDGE('',*,*,#8805,.F.);
#5513=ORIENTED_EDGE('',*,*,#8813,.F.);
#5514=ORIENTED_EDGE('',*,*,#8814,.F.);
#5515=ORIENTED_EDGE('',*,*,#8815,.F.);
#5516=ORIENTED_EDGE('',*,*,#8816,.F.);
#5517=ORIENTED_EDGE('',*,*,#8817,.F.);
#5518=ORIENTED_EDGE('',*,*,#7701,.F.);
#5519=ORIENTED_EDGE('',*,*,#8817,.T.);
#5520=ORIENTED_EDGE('',*,*,#8818,.F.);
#5521=ORIENTED_EDGE('',*,*,#8808,.F.);
#5522=ORIENTED_EDGE('',*,*,#8816,.T.);
#5523=ORIENTED_EDGE('',*,*,#8819,.F.);
#5524=ORIENTED_EDGE('',*,*,#8809,.F.);
#5525=ORIENTED_EDGE('',*,*,#8818,.T.);
#5526=ORIENTED_EDGE('',*,*,#8815,.T.);
#5527=ORIENTED_EDGE('',*,*,#8820,.F.);
#5528=ORIENTED_EDGE('',*,*,#8810,.F.);
#5529=ORIENTED_EDGE('',*,*,#8819,.T.);
#5530=ORIENTED_EDGE('',*,*,#8814,.T.);
#5531=ORIENTED_EDGE('',*,*,#8821,.F.);
#5532=ORIENTED_EDGE('',*,*,#8811,.F.);
#5533=ORIENTED_EDGE('',*,*,#8820,.T.);
#5534=ORIENTED_EDGE('',*,*,#8813,.T.);
#5535=ORIENTED_EDGE('',*,*,#8807,.F.);
#5536=ORIENTED_EDGE('',*,*,#8812,.F.);
#5537=ORIENTED_EDGE('',*,*,#8821,.T.);
#5538=ORIENTED_EDGE('',*,*,#8822,.T.);
#5539=ORIENTED_EDGE('',*,*,#7534,.T.);
#5540=ORIENTED_EDGE('',*,*,#8823,.F.);
#5541=ORIENTED_EDGE('',*,*,#8824,.T.);
#5542=ORIENTED_EDGE('',*,*,#7533,.F.);
#5543=ORIENTED_EDGE('',*,*,#7705,.T.);
#5544=ORIENTED_EDGE('',*,*,#8825,.T.);
#5545=ORIENTED_EDGE('',*,*,#8826,.T.);
#5546=ORIENTED_EDGE('',*,*,#8827,.T.);
#5547=ORIENTED_EDGE('',*,*,#8828,.T.);
#5548=ORIENTED_EDGE('',*,*,#8829,.T.);
#5549=ORIENTED_EDGE('',*,*,#8823,.T.);
#5550=ORIENTED_EDGE('',*,*,#7703,.F.);
#5551=ORIENTED_EDGE('',*,*,#7535,.T.);
#5552=ORIENTED_EDGE('',*,*,#8822,.F.);
#5553=ORIENTED_EDGE('',*,*,#8830,.F.);
#5554=ORIENTED_EDGE('',*,*,#8831,.F.);
#5555=ORIENTED_EDGE('',*,*,#8832,.F.);
#5556=ORIENTED_EDGE('',*,*,#8833,.F.);
#5557=ORIENTED_EDGE('',*,*,#8834,.F.);
#5558=ORIENTED_EDGE('',*,*,#7704,.F.);
#5559=ORIENTED_EDGE('',*,*,#8834,.T.);
#5560=ORIENTED_EDGE('',*,*,#8835,.F.);
#5561=ORIENTED_EDGE('',*,*,#8825,.F.);
#5562=ORIENTED_EDGE('',*,*,#8833,.T.);
#5563=ORIENTED_EDGE('',*,*,#8836,.F.);
#5564=ORIENTED_EDGE('',*,*,#8826,.F.);
#5565=ORIENTED_EDGE('',*,*,#8835,.T.);
#5566=ORIENTED_EDGE('',*,*,#8832,.T.);
#5567=ORIENTED_EDGE('',*,*,#8837,.F.);
#5568=ORIENTED_EDGE('',*,*,#8827,.F.);
#5569=ORIENTED_EDGE('',*,*,#8836,.T.);
#5570=ORIENTED_EDGE('',*,*,#8831,.T.);
#5571=ORIENTED_EDGE('',*,*,#8838,.F.);
#5572=ORIENTED_EDGE('',*,*,#8828,.F.);
#5573=ORIENTED_EDGE('',*,*,#8837,.T.);
#5574=ORIENTED_EDGE('',*,*,#8830,.T.);
#5575=ORIENTED_EDGE('',*,*,#8824,.F.);
#5576=ORIENTED_EDGE('',*,*,#8829,.F.);
#5577=ORIENTED_EDGE('',*,*,#8838,.T.);
#5578=ORIENTED_EDGE('',*,*,#8839,.T.);
#5579=ORIENTED_EDGE('',*,*,#7530,.T.);
#5580=ORIENTED_EDGE('',*,*,#8840,.F.);
#5581=ORIENTED_EDGE('',*,*,#8841,.T.);
#5582=ORIENTED_EDGE('',*,*,#7529,.F.);
#5583=ORIENTED_EDGE('',*,*,#7708,.T.);
#5584=ORIENTED_EDGE('',*,*,#8842,.T.);
#5585=ORIENTED_EDGE('',*,*,#8843,.T.);
#5586=ORIENTED_EDGE('',*,*,#8844,.T.);
#5587=ORIENTED_EDGE('',*,*,#8845,.T.);
#5588=ORIENTED_EDGE('',*,*,#8846,.T.);
#5589=ORIENTED_EDGE('',*,*,#8840,.T.);
#5590=ORIENTED_EDGE('',*,*,#7706,.F.);
#5591=ORIENTED_EDGE('',*,*,#7531,.T.);
#5592=ORIENTED_EDGE('',*,*,#8839,.F.);
#5593=ORIENTED_EDGE('',*,*,#8847,.F.);
#5594=ORIENTED_EDGE('',*,*,#8848,.F.);
#5595=ORIENTED_EDGE('',*,*,#8849,.F.);
#5596=ORIENTED_EDGE('',*,*,#8850,.F.);
#5597=ORIENTED_EDGE('',*,*,#8851,.F.);
#5598=ORIENTED_EDGE('',*,*,#7707,.F.);
#5599=ORIENTED_EDGE('',*,*,#8851,.T.);
#5600=ORIENTED_EDGE('',*,*,#8852,.F.);
#5601=ORIENTED_EDGE('',*,*,#8842,.F.);
#5602=ORIENTED_EDGE('',*,*,#8850,.T.);
#5603=ORIENTED_EDGE('',*,*,#8853,.F.);
#5604=ORIENTED_EDGE('',*,*,#8843,.F.);
#5605=ORIENTED_EDGE('',*,*,#8852,.T.);
#5606=ORIENTED_EDGE('',*,*,#8849,.T.);
#5607=ORIENTED_EDGE('',*,*,#8854,.F.);
#5608=ORIENTED_EDGE('',*,*,#8844,.F.);
#5609=ORIENTED_EDGE('',*,*,#8853,.T.);
#5610=ORIENTED_EDGE('',*,*,#8848,.T.);
#5611=ORIENTED_EDGE('',*,*,#8855,.F.);
#5612=ORIENTED_EDGE('',*,*,#8845,.F.);
#5613=ORIENTED_EDGE('',*,*,#8854,.T.);
#5614=ORIENTED_EDGE('',*,*,#8847,.T.);
#5615=ORIENTED_EDGE('',*,*,#8841,.F.);
#5616=ORIENTED_EDGE('',*,*,#8846,.F.);
#5617=ORIENTED_EDGE('',*,*,#8855,.T.);
#5618=ORIENTED_EDGE('',*,*,#8856,.T.);
#5619=ORIENTED_EDGE('',*,*,#7526,.T.);
#5620=ORIENTED_EDGE('',*,*,#8857,.F.);
#5621=ORIENTED_EDGE('',*,*,#8858,.T.);
#5622=ORIENTED_EDGE('',*,*,#7525,.F.);
#5623=ORIENTED_EDGE('',*,*,#7711,.T.);
#5624=ORIENTED_EDGE('',*,*,#8859,.T.);
#5625=ORIENTED_EDGE('',*,*,#8860,.T.);
#5626=ORIENTED_EDGE('',*,*,#8861,.T.);
#5627=ORIENTED_EDGE('',*,*,#8862,.T.);
#5628=ORIENTED_EDGE('',*,*,#8863,.T.);
#5629=ORIENTED_EDGE('',*,*,#8857,.T.);
#5630=ORIENTED_EDGE('',*,*,#7709,.F.);
#5631=ORIENTED_EDGE('',*,*,#7527,.T.);
#5632=ORIENTED_EDGE('',*,*,#8856,.F.);
#5633=ORIENTED_EDGE('',*,*,#8864,.F.);
#5634=ORIENTED_EDGE('',*,*,#8865,.F.);
#5635=ORIENTED_EDGE('',*,*,#8866,.F.);
#5636=ORIENTED_EDGE('',*,*,#8867,.F.);
#5637=ORIENTED_EDGE('',*,*,#8868,.F.);
#5638=ORIENTED_EDGE('',*,*,#7710,.F.);
#5639=ORIENTED_EDGE('',*,*,#8868,.T.);
#5640=ORIENTED_EDGE('',*,*,#8869,.F.);
#5641=ORIENTED_EDGE('',*,*,#8859,.F.);
#5642=ORIENTED_EDGE('',*,*,#8867,.T.);
#5643=ORIENTED_EDGE('',*,*,#8870,.F.);
#5644=ORIENTED_EDGE('',*,*,#8860,.F.);
#5645=ORIENTED_EDGE('',*,*,#8869,.T.);
#5646=ORIENTED_EDGE('',*,*,#8866,.T.);
#5647=ORIENTED_EDGE('',*,*,#8871,.F.);
#5648=ORIENTED_EDGE('',*,*,#8861,.F.);
#5649=ORIENTED_EDGE('',*,*,#8870,.T.);
#5650=ORIENTED_EDGE('',*,*,#8865,.T.);
#5651=ORIENTED_EDGE('',*,*,#8872,.F.);
#5652=ORIENTED_EDGE('',*,*,#8862,.F.);
#5653=ORIENTED_EDGE('',*,*,#8871,.T.);
#5654=ORIENTED_EDGE('',*,*,#8864,.T.);
#5655=ORIENTED_EDGE('',*,*,#8858,.F.);
#5656=ORIENTED_EDGE('',*,*,#8863,.F.);
#5657=ORIENTED_EDGE('',*,*,#8872,.T.);
#5658=ORIENTED_EDGE('',*,*,#7752,.T.);
#5659=ORIENTED_EDGE('',*,*,#7481,.T.);
#5660=ORIENTED_EDGE('',*,*,#8873,.T.);
#5661=ORIENTED_EDGE('',*,*,#7487,.T.);
#5662=ORIENTED_EDGE('',*,*,#7512,.T.);
#5663=ORIENTED_EDGE('',*,*,#7505,.T.);
#5664=ORIENTED_EDGE('',*,*,#7729,.T.);
#5665=ORIENTED_EDGE('',*,*,#8874,.F.);
#5666=ORIENTED_EDGE('',*,*,#8875,.F.);
#5667=ORIENTED_EDGE('',*,*,#7513,.T.);
#5668=ORIENTED_EDGE('',*,*,#8874,.T.);
#5669=ORIENTED_EDGE('',*,*,#7728,.T.);
#5670=ORIENTED_EDGE('',*,*,#8876,.F.);
#5671=ORIENTED_EDGE('',*,*,#7516,.T.);
#5672=ORIENTED_EDGE('',*,*,#8877,.T.);
#5673=ORIENTED_EDGE('',*,*,#7726,.T.);
#5674=ORIENTED_EDGE('',*,*,#8878,.F.);
#5675=ORIENTED_EDGE('',*,*,#7519,.T.);
#5676=ORIENTED_EDGE('',*,*,#8879,.T.);
#5677=ORIENTED_EDGE('',*,*,#7718,.T.);
#5678=ORIENTED_EDGE('',*,*,#8880,.F.);
#5679=ORIENTED_EDGE('',*,*,#7520,.T.);
#5680=ORIENTED_EDGE('',*,*,#8878,.T.);
#5681=ORIENTED_EDGE('',*,*,#7717,.T.);
#5682=ORIENTED_EDGE('',*,*,#8881,.F.);
#5683=ORIENTED_EDGE('',*,*,#7521,.T.);
#5684=ORIENTED_EDGE('',*,*,#8880,.T.);
#5685=ORIENTED_EDGE('',*,*,#7716,.T.);
#5686=ORIENTED_EDGE('',*,*,#7715,.T.);
#5687=ORIENTED_EDGE('',*,*,#7508,.T.);
#5688=ORIENTED_EDGE('',*,*,#7522,.T.);
#5689=ORIENTED_EDGE('',*,*,#8881,.T.);
#5690=ORIENTED_EDGE('',*,*,#7488,.F.);
#5691=ORIENTED_EDGE('',*,*,#8873,.F.);
#5692=ORIENTED_EDGE('',*,*,#7480,.F.);
#5693=ORIENTED_EDGE('',*,*,#7514,.T.);
#5694=ORIENTED_EDGE('',*,*,#8875,.T.);
#5695=ORIENTED_EDGE('',*,*,#7727,.T.);
#5696=ORIENTED_EDGE('',*,*,#8877,.F.);
#5697=ORIENTED_EDGE('',*,*,#7515,.T.);
#5698=ORIENTED_EDGE('',*,*,#7494,.F.);
#5699=ORIENTED_EDGE('',*,*,#7517,.T.);
#5700=ORIENTED_EDGE('',*,*,#8876,.T.);
#5701=ORIENTED_EDGE('',*,*,#7725,.T.);
#5702=ORIENTED_EDGE('',*,*,#8882,.F.);
#5703=ORIENTED_EDGE('',*,*,#8883,.F.);
#5704=ORIENTED_EDGE('',*,*,#7724,.T.);
#5705=ORIENTED_EDGE('',*,*,#8884,.F.);
#5706=ORIENTED_EDGE('',*,*,#8885,.F.);
#5707=ORIENTED_EDGE('',*,*,#8882,.T.);
#5708=ORIENTED_EDGE('',*,*,#7723,.T.);
#5709=ORIENTED_EDGE('',*,*,#8886,.F.);
#5710=ORIENTED_EDGE('',*,*,#8887,.F.);
#5711=ORIENTED_EDGE('',*,*,#8884,.T.);
#5712=ORIENTED_EDGE('',*,*,#7722,.T.);
#5713=ORIENTED_EDGE('',*,*,#8888,.F.);
#5714=ORIENTED_EDGE('',*,*,#8889,.F.);
#5715=ORIENTED_EDGE('',*,*,#8886,.T.);
#5716=ORIENTED_EDGE('',*,*,#7721,.T.);
#5717=ORIENTED_EDGE('',*,*,#8890,.F.);
#5718=ORIENTED_EDGE('',*,*,#8891,.F.);
#5719=ORIENTED_EDGE('',*,*,#8888,.T.);
#5720=ORIENTED_EDGE('',*,*,#7720,.T.);
#5721=ORIENTED_EDGE('',*,*,#8892,.F.);
#5722=ORIENTED_EDGE('',*,*,#8893,.F.);
#5723=ORIENTED_EDGE('',*,*,#8890,.T.);
#5724=ORIENTED_EDGE('',*,*,#7496,.F.);
#5725=ORIENTED_EDGE('',*,*,#8894,.F.);
#5726=ORIENTED_EDGE('',*,*,#8892,.T.);
#5727=ORIENTED_EDGE('',*,*,#7719,.T.);
#5728=ORIENTED_EDGE('',*,*,#8879,.F.);
#5729=ORIENTED_EDGE('',*,*,#7518,.T.);
#5730=ORIENTED_EDGE('',*,*,#8894,.T.);
#5731=ORIENTED_EDGE('',*,*,#7495,.T.);
#5732=ORIENTED_EDGE('',*,*,#8883,.T.);
#5733=ORIENTED_EDGE('',*,*,#8885,.T.);
#5734=ORIENTED_EDGE('',*,*,#8887,.T.);
#5735=ORIENTED_EDGE('',*,*,#8889,.T.);
#5736=ORIENTED_EDGE('',*,*,#8891,.T.);
#5737=ORIENTED_EDGE('',*,*,#8893,.T.);
#5738=ORIENTED_EDGE('',*,*,#8895,.T.);
#5739=ORIENTED_EDGE('',*,*,#7434,.T.);
#5740=ORIENTED_EDGE('',*,*,#8896,.T.);
#5741=ORIENTED_EDGE('',*,*,#8897,.T.);
#5742=ORIENTED_EDGE('',*,*,#8898,.T.);
#5743=ORIENTED_EDGE('',*,*,#8899,.T.);
#5744=ORIENTED_EDGE('',*,*,#8900,.T.);
#5745=ORIENTED_EDGE('',*,*,#8901,.T.);
#5746=ORIENTED_EDGE('',*,*,#7751,.T.);
#5747=ORIENTED_EDGE('',*,*,#7448,.T.);
#5748=ORIENTED_EDGE('',*,*,#8902,.T.);
#5749=ORIENTED_EDGE('',*,*,#7452,.T.);
#5750=ORIENTED_EDGE('',*,*,#8903,.F.);
#5751=ORIENTED_EDGE('',*,*,#7468,.T.);
#5752=ORIENTED_EDGE('',*,*,#8904,.T.);
#5753=ORIENTED_EDGE('',*,*,#7631,.T.);
#5754=ORIENTED_EDGE('',*,*,#8905,.F.);
#5755=ORIENTED_EDGE('',*,*,#7471,.T.);
#5756=ORIENTED_EDGE('',*,*,#8906,.T.);
#5757=ORIENTED_EDGE('',*,*,#7629,.T.);
#5758=ORIENTED_EDGE('',*,*,#7628,.T.);
#5759=ORIENTED_EDGE('',*,*,#7460,.T.);
#5760=ORIENTED_EDGE('',*,*,#7472,.T.);
#5761=ORIENTED_EDGE('',*,*,#8905,.T.);
#5762=ORIENTED_EDGE('',*,*,#7473,.T.);
#5763=ORIENTED_EDGE('',*,*,#7463,.T.);
#5764=ORIENTED_EDGE('',*,*,#7642,.T.);
#5765=ORIENTED_EDGE('',*,*,#8907,.F.);
#5766=ORIENTED_EDGE('',*,*,#8908,.F.);
#5767=ORIENTED_EDGE('',*,*,#7474,.T.);
#5768=ORIENTED_EDGE('',*,*,#8907,.T.);
#5769=ORIENTED_EDGE('',*,*,#7641,.T.);
#5770=ORIENTED_EDGE('',*,*,#8909,.F.);
#5771=ORIENTED_EDGE('',*,*,#7475,.T.);
#5772=ORIENTED_EDGE('',*,*,#8908,.T.);
#5773=ORIENTED_EDGE('',*,*,#7640,.T.);
#5774=ORIENTED_EDGE('',*,*,#8910,.F.);
#5775=ORIENTED_EDGE('',*,*,#7476,.T.);
#5776=ORIENTED_EDGE('',*,*,#8909,.T.);
#5777=ORIENTED_EDGE('',*,*,#7639,.T.);
#5778=ORIENTED_EDGE('',*,*,#7633,.T.);
#5779=ORIENTED_EDGE('',*,*,#8911,.F.);
#5780=ORIENTED_EDGE('',*,*,#8901,.F.);
#5781=ORIENTED_EDGE('',*,*,#8912,.T.);
#5782=ORIENTED_EDGE('',*,*,#7435,.F.);
#5783=ORIENTED_EDGE('',*,*,#8895,.F.);
#5784=ORIENTED_EDGE('',*,*,#8911,.T.);
#5785=ORIENTED_EDGE('',*,*,#7632,.T.);
#5786=ORIENTED_EDGE('',*,*,#8904,.F.);
#5787=ORIENTED_EDGE('',*,*,#7467,.T.);
#5788=ORIENTED_EDGE('',*,*,#7453,.F.);
#5789=ORIENTED_EDGE('',*,*,#8902,.F.);
#5790=ORIENTED_EDGE('',*,*,#7447,.F.);
#5791=ORIENTED_EDGE('',*,*,#7469,.T.);
#5792=ORIENTED_EDGE('',*,*,#8903,.T.);
#5793=ORIENTED_EDGE('',*,*,#7630,.T.);
#5794=ORIENTED_EDGE('',*,*,#8906,.F.);
#5795=ORIENTED_EDGE('',*,*,#7470,.T.);
#5796=ORIENTED_EDGE('',*,*,#7445,.F.);
#5797=ORIENTED_EDGE('',*,*,#7477,.T.);
#5798=ORIENTED_EDGE('',*,*,#8910,.T.);
#5799=ORIENTED_EDGE('',*,*,#7638,.T.);
#5800=ORIENTED_EDGE('',*,*,#8913,.F.);
#5801=ORIENTED_EDGE('',*,*,#8896,.F.);
#5802=ORIENTED_EDGE('',*,*,#7637,.T.);
#5803=ORIENTED_EDGE('',*,*,#8914,.F.);
#5804=ORIENTED_EDGE('',*,*,#8897,.F.);
#5805=ORIENTED_EDGE('',*,*,#8913,.T.);
#5806=ORIENTED_EDGE('',*,*,#7636,.T.);
#5807=ORIENTED_EDGE('',*,*,#8915,.F.);
#5808=ORIENTED_EDGE('',*,*,#8898,.F.);
#5809=ORIENTED_EDGE('',*,*,#8914,.T.);
#5810=ORIENTED_EDGE('',*,*,#7635,.T.);
#5811=ORIENTED_EDGE('',*,*,#8916,.F.);
#5812=ORIENTED_EDGE('',*,*,#8899,.F.);
#5813=ORIENTED_EDGE('',*,*,#8915,.T.);
#5814=ORIENTED_EDGE('',*,*,#7634,.T.);
#5815=ORIENTED_EDGE('',*,*,#8912,.F.);
#5816=ORIENTED_EDGE('',*,*,#8900,.F.);
#5817=ORIENTED_EDGE('',*,*,#8916,.T.);
#5818=ORIENTED_EDGE('',*,*,#8917,.T.);
#5819=ORIENTED_EDGE('',*,*,#7504,.T.);
#5820=ORIENTED_EDGE('',*,*,#7767,.F.);
#5821=ORIENTED_EDGE('',*,*,#8918,.F.);
#5822=ORIENTED_EDGE('',*,*,#7486,.F.);
#5823=ORIENTED_EDGE('',*,*,#7861,.T.);
#5824=ORIENTED_EDGE('',*,*,#7455,.T.);
#5825=ORIENTED_EDGE('',*,*,#8919,.T.);
#5826=ORIENTED_EDGE('',*,*,#7451,.F.);
#5827=ORIENTED_EDGE('',*,*,#7750,.F.);
#5828=ORIENTED_EDGE('',*,*,#7732,.F.);
#5829=ORIENTED_EDGE('',*,*,#8003,.F.);
#5830=ORIENTED_EDGE('',*,*,#7976,.F.);
#5831=ORIENTED_EDGE('',*,*,#7760,.F.);
#5832=ORIENTED_EDGE('',*,*,#7978,.T.);
#5833=ORIENTED_EDGE('',*,*,#8002,.F.);
#5834=ORIENTED_EDGE('',*,*,#8001,.F.);
#5835=ORIENTED_EDGE('',*,*,#8006,.F.);
#5836=ORIENTED_EDGE('',*,*,#7972,.T.);
#5837=ORIENTED_EDGE('',*,*,#8920,.F.);
#5838=ORIENTED_EDGE('',*,*,#7970,.F.);
#5839=ORIENTED_EDGE('',*,*,#8007,.F.);
#5840=ORIENTED_EDGE('',*,*,#7989,.F.);
#5841=ORIENTED_EDGE('',*,*,#7995,.F.);
#5842=ORIENTED_EDGE('',*,*,#7983,.F.);
#5843=ORIENTED_EDGE('',*,*,#7764,.F.);
#5844=ORIENTED_EDGE('',*,*,#7985,.T.);
#5845=ORIENTED_EDGE('',*,*,#7997,.F.);
#5846=ORIENTED_EDGE('',*,*,#7994,.F.);
#5847=ORIENTED_EDGE('',*,*,#7740,.F.);
#5848=ORIENTED_EDGE('',*,*,#7490,.T.);
#5849=ORIENTED_EDGE('',*,*,#8921,.T.);
#5850=ORIENTED_EDGE('',*,*,#8922,.T.);
#5851=ORIENTED_EDGE('',*,*,#8923,.T.);
#5852=ORIENTED_EDGE('',*,*,#8924,.T.);
#5853=ORIENTED_EDGE('',*,*,#8925,.F.);
#5854=ORIENTED_EDGE('',*,*,#8926,.T.);
#5855=ORIENTED_EDGE('',*,*,#8927,.T.);
#5856=ORIENTED_EDGE('',*,*,#8928,.T.);
#5857=ORIENTED_EDGE('',*,*,#8929,.F.);
#5858=ORIENTED_EDGE('',*,*,#8930,.F.);
#5859=ORIENTED_EDGE('',*,*,#8931,.T.);
#5860=ORIENTED_EDGE('',*,*,#8932,.T.);
#5861=ORIENTED_EDGE('',*,*,#8933,.T.);
#5862=ORIENTED_EDGE('',*,*,#8934,.F.);
#5863=ORIENTED_EDGE('',*,*,#8935,.F.);
#5864=ORIENTED_EDGE('',*,*,#8936,.F.);
#5865=ORIENTED_EDGE('',*,*,#8937,.F.);
#5866=ORIENTED_EDGE('',*,*,#7768,.F.);
#5867=ORIENTED_EDGE('',*,*,#7437,.T.);
#5868=ORIENTED_EDGE('',*,*,#8938,.T.);
#5869=ORIENTED_EDGE('',*,*,#8939,.T.);
#5870=ORIENTED_EDGE('',*,*,#8940,.F.);
#5871=ORIENTED_EDGE('',*,*,#7770,.T.);
#5872=ORIENTED_EDGE('',*,*,#8941,.T.);
#5873=ORIENTED_EDGE('',*,*,#8942,.F.);
#5874=ORIENTED_EDGE('',*,*,#8943,.F.);
#5875=ORIENTED_EDGE('',*,*,#7780,.T.);
#5876=ORIENTED_EDGE('',*,*,#8944,.F.);
#5877=ORIENTED_EDGE('',*,*,#8945,.F.);
#5878=ORIENTED_EDGE('',*,*,#8946,.F.);
#5879=ORIENTED_EDGE('',*,*,#7774,.T.);
#5880=ORIENTED_EDGE('',*,*,#8947,.F.);
#5881=ORIENTED_EDGE('',*,*,#8948,.T.);
#5882=ORIENTED_EDGE('',*,*,#8949,.T.);
#5883=ORIENTED_EDGE('',*,*,#8950,.T.);
#5884=ORIENTED_EDGE('',*,*,#8951,.T.);
#5885=ORIENTED_EDGE('',*,*,#8937,.T.);
#5886=ORIENTED_EDGE('',*,*,#8952,.T.);
#5887=ORIENTED_EDGE('',*,*,#8953,.T.);
#5888=ORIENTED_EDGE('',*,*,#8954,.F.);
#5889=ORIENTED_EDGE('',*,*,#8955,.T.);
#5890=ORIENTED_EDGE('',*,*,#8956,.T.);
#5891=ORIENTED_EDGE('',*,*,#8957,.F.);
#5892=ORIENTED_EDGE('',*,*,#8958,.F.);
#5893=ORIENTED_EDGE('',*,*,#8959,.F.);
#5894=ORIENTED_EDGE('',*,*,#8953,.F.);
#5895=ORIENTED_EDGE('',*,*,#8960,.F.);
#5896=ORIENTED_EDGE('',*,*,#8961,.T.);
#5897=ORIENTED_EDGE('',*,*,#8962,.F.);
#5898=ORIENTED_EDGE('',*,*,#8963,.F.);
#5899=ORIENTED_EDGE('',*,*,#8964,.T.);
#5900=ORIENTED_EDGE('',*,*,#8965,.F.);
#5901=ORIENTED_EDGE('',*,*,#8966,.F.);
#5902=ORIENTED_EDGE('',*,*,#8967,.F.);
#5903=ORIENTED_EDGE('',*,*,#8968,.F.);
#5904=ORIENTED_EDGE('',*,*,#8966,.T.);
#5905=ORIENTED_EDGE('',*,*,#8969,.F.);
#5906=ORIENTED_EDGE('',*,*,#8924,.F.);
#5907=ORIENTED_EDGE('',*,*,#8963,.T.);
#5908=ORIENTED_EDGE('',*,*,#8970,.T.);
#5909=ORIENTED_EDGE('',*,*,#8935,.T.);
#5910=ORIENTED_EDGE('',*,*,#8971,.T.);
#5911=ORIENTED_EDGE('',*,*,#8972,.F.);
#5912=ORIENTED_EDGE('',*,*,#8973,.F.);
#5913=ORIENTED_EDGE('',*,*,#8974,.T.);
#5914=ORIENTED_EDGE('',*,*,#8975,.F.);
#5915=ORIENTED_EDGE('',*,*,#8976,.F.);
#5916=ORIENTED_EDGE('',*,*,#8931,.F.);
#5917=ORIENTED_EDGE('',*,*,#8977,.F.);
#5918=ORIENTED_EDGE('',*,*,#8978,.F.);
#5919=ORIENTED_EDGE('',*,*,#8979,.F.);
#5920=ORIENTED_EDGE('',*,*,#8980,.F.);
#5921=ORIENTED_EDGE('',*,*,#8981,.T.);
#5922=ORIENTED_EDGE('',*,*,#8982,.T.);
#5923=ORIENTED_EDGE('',*,*,#8975,.T.);
#5924=ORIENTED_EDGE('',*,*,#8983,.T.);
#5925=ORIENTED_EDGE('',*,*,#8984,.F.);
#5926=ORIENTED_EDGE('',*,*,#8985,.T.);
#5927=ORIENTED_EDGE('',*,*,#8986,.T.);
#5928=ORIENTED_EDGE('',*,*,#7430,.T.);
#5929=ORIENTED_EDGE('',*,*,#8987,.T.);
#5930=ORIENTED_EDGE('',*,*,#8988,.T.);
#5931=ORIENTED_EDGE('',*,*,#8925,.T.);
#5932=ORIENTED_EDGE('',*,*,#8969,.T.);
#5933=ORIENTED_EDGE('',*,*,#8965,.T.);
#5934=ORIENTED_EDGE('',*,*,#7432,.F.);
#5935=ORIENTED_EDGE('',*,*,#8989,.F.);
#5936=ORIENTED_EDGE('',*,*,#8990,.F.);
#5937=ORIENTED_EDGE('',*,*,#8991,.F.);
#5938=ORIENTED_EDGE('',*,*,#8927,.F.);
#5939=ORIENTED_EDGE('',*,*,#8992,.F.);
#5940=ORIENTED_EDGE('',*,*,#8993,.F.);
#5941=ORIENTED_EDGE('',*,*,#8994,.T.);
#5942=ORIENTED_EDGE('',*,*,#8938,.F.);
#5943=ORIENTED_EDGE('',*,*,#7327,.F.);
#5944=ORIENTED_EDGE('',*,*,#8919,.F.);
#5945=ORIENTED_EDGE('',*,*,#7315,.F.);
#5946=ORIENTED_EDGE('',*,*,#8921,.F.);
#5947=ORIENTED_EDGE('',*,*,#7323,.F.);
#5948=ORIENTED_EDGE('',*,*,#8917,.F.);
#5949=ORIENTED_EDGE('',*,*,#8995,.F.);
#5950=ORIENTED_EDGE('',*,*,#8942,.T.);
#5951=ORIENTED_EDGE('',*,*,#8943,.T.);
#5952=ORIENTED_EDGE('',*,*,#8995,.T.);
#5953=ORIENTED_EDGE('',*,*,#8918,.T.);
#5954=ORIENTED_EDGE('',*,*,#7781,.T.);
#5955=ORIENTED_EDGE('',*,*,#8941,.F.);
#5956=ORIENTED_EDGE('',*,*,#7769,.F.);
#5957=ORIENTED_EDGE('',*,*,#8939,.F.);
#5958=ORIENTED_EDGE('',*,*,#8994,.F.);
#5959=ORIENTED_EDGE('',*,*,#7734,.T.);
#5960=ORIENTED_EDGE('',*,*,#7775,.T.);
#5961=ORIENTED_EDGE('',*,*,#8946,.T.);
#5962=ORIENTED_EDGE('',*,*,#8996,.T.);
#5963=ORIENTED_EDGE('',*,*,#7753,.T.);
#5964=ORIENTED_EDGE('',*,*,#8920,.T.);
#5965=ORIENTED_EDGE('',*,*,#7735,.T.);
#5966=ORIENTED_EDGE('',*,*,#8996,.F.);
#5967=ORIENTED_EDGE('',*,*,#8945,.T.);
#5968=ORIENTED_EDGE('',*,*,#8997,.T.);
#5969=ORIENTED_EDGE('',*,*,#7754,.T.);
#5970=ORIENTED_EDGE('',*,*,#8997,.F.);
#5971=ORIENTED_EDGE('',*,*,#8944,.T.);
#5972=ORIENTED_EDGE('',*,*,#7779,.F.);
#5973=ORIENTED_EDGE('',*,*,#7431,.F.);
#5974=ORIENTED_EDGE('',*,*,#8986,.F.);
#5975=ORIENTED_EDGE('',*,*,#8964,.F.);
#5976=ORIENTED_EDGE('',*,*,#8971,.F.);
#5977=ORIENTED_EDGE('',*,*,#8934,.T.);
#5978=ORIENTED_EDGE('',*,*,#8998,.T.);
#5979=ORIENTED_EDGE('',*,*,#8999,.F.);
#5980=ORIENTED_EDGE('',*,*,#8989,.T.);
#5981=ORIENTED_EDGE('',*,*,#7433,.F.);
#5982=ORIENTED_EDGE('',*,*,#8993,.T.);
#5983=ORIENTED_EDGE('',*,*,#9000,.F.);
#5984=ORIENTED_EDGE('',*,*,#8987,.F.);
#5985=ORIENTED_EDGE('',*,*,#8992,.T.);
#5986=ORIENTED_EDGE('',*,*,#8926,.F.);
#5987=ORIENTED_EDGE('',*,*,#8988,.F.);
#5988=ORIENTED_EDGE('',*,*,#9000,.T.);
#5989=ORIENTED_EDGE('',*,*,#9001,.T.);
#5990=ORIENTED_EDGE('',*,*,#9002,.T.);
#5991=ORIENTED_EDGE('',*,*,#8928,.F.);
#5992=ORIENTED_EDGE('',*,*,#8991,.T.);
#5993=ORIENTED_EDGE('',*,*,#9003,.T.);
#5994=ORIENTED_EDGE('',*,*,#9004,.T.);
#5995=ORIENTED_EDGE('',*,*,#9005,.T.);
#5996=ORIENTED_EDGE('',*,*,#9001,.F.);
#5997=ORIENTED_EDGE('',*,*,#8990,.T.);
#5998=ORIENTED_EDGE('',*,*,#8999,.T.);
#5999=ORIENTED_EDGE('',*,*,#8933,.F.);
#6000=ORIENTED_EDGE('',*,*,#9006,.T.);
#6001=ORIENTED_EDGE('',*,*,#9003,.F.);
#6002=ORIENTED_EDGE('',*,*,#8998,.F.);
#6003=ORIENTED_EDGE('',*,*,#9002,.F.);
#6004=ORIENTED_EDGE('',*,*,#9005,.F.);
#6005=ORIENTED_EDGE('',*,*,#9007,.T.);
#6006=ORIENTED_EDGE('',*,*,#9008,.T.);
#6007=ORIENTED_EDGE('',*,*,#9009,.T.);
#6008=ORIENTED_EDGE('',*,*,#8929,.T.);
#6009=ORIENTED_EDGE('',*,*,#9004,.F.);
#6010=ORIENTED_EDGE('',*,*,#9006,.F.);
#6011=ORIENTED_EDGE('',*,*,#8932,.F.);
#6012=ORIENTED_EDGE('',*,*,#8976,.T.);
#6013=ORIENTED_EDGE('',*,*,#8985,.F.);
#6014=ORIENTED_EDGE('',*,*,#9010,.F.);
#6015=ORIENTED_EDGE('',*,*,#9011,.T.);
#6016=ORIENTED_EDGE('',*,*,#9007,.F.);
#6017=ORIENTED_EDGE('',*,*,#9008,.F.);
#6018=ORIENTED_EDGE('',*,*,#9011,.F.);
#6019=ORIENTED_EDGE('',*,*,#9012,.T.);
#6020=ORIENTED_EDGE('',*,*,#9013,.T.);
#6021=ORIENTED_EDGE('',*,*,#9009,.F.);
#6022=ORIENTED_EDGE('',*,*,#9013,.F.);
#6023=ORIENTED_EDGE('',*,*,#9014,.T.);
#6024=ORIENTED_EDGE('',*,*,#9015,.T.);
#6025=ORIENTED_EDGE('',*,*,#8977,.T.);
#6026=ORIENTED_EDGE('',*,*,#8930,.T.);
#6027=ORIENTED_EDGE('',*,*,#9016,.F.);
#6028=ORIENTED_EDGE('',*,*,#8978,.T.);
#6029=ORIENTED_EDGE('',*,*,#9015,.F.);
#6030=ORIENTED_EDGE('',*,*,#9017,.F.);
#6031=ORIENTED_EDGE('',*,*,#9012,.F.);
#6032=ORIENTED_EDGE('',*,*,#9010,.T.);
#6033=ORIENTED_EDGE('',*,*,#8984,.T.);
#6034=ORIENTED_EDGE('',*,*,#9018,.T.);
#6035=ORIENTED_EDGE('',*,*,#9017,.T.);
#6036=ORIENTED_EDGE('',*,*,#9014,.F.);
#6037=ORIENTED_EDGE('',*,*,#9019,.F.);
#6038=ORIENTED_EDGE('',*,*,#9018,.F.);
#6039=ORIENTED_EDGE('',*,*,#9020,.T.);
#6040=ORIENTED_EDGE('',*,*,#9021,.T.);
#6041=ORIENTED_EDGE('',*,*,#9022,.F.);
#6042=ORIENTED_EDGE('',*,*,#9021,.F.);
#6043=ORIENTED_EDGE('',*,*,#9023,.T.);
#6044=ORIENTED_EDGE('',*,*,#8973,.T.);
#6045=ORIENTED_EDGE('',*,*,#9020,.F.);
#6046=ORIENTED_EDGE('',*,*,#8983,.F.);
#6047=ORIENTED_EDGE('',*,*,#8974,.F.);
#6048=ORIENTED_EDGE('',*,*,#9023,.F.);
#6049=ORIENTED_EDGE('',*,*,#9019,.T.);
#6050=ORIENTED_EDGE('',*,*,#9022,.T.);
#6051=ORIENTED_EDGE('',*,*,#8972,.T.);
#6052=ORIENTED_EDGE('',*,*,#9016,.T.);
#6053=ORIENTED_EDGE('',*,*,#9024,.T.);
#6054=ORIENTED_EDGE('',*,*,#9025,.T.);
#6055=ORIENTED_EDGE('',*,*,#9026,.T.);
#6056=ORIENTED_EDGE('',*,*,#8980,.T.);
#6057=ORIENTED_EDGE('',*,*,#9027,.F.);
#6058=ORIENTED_EDGE('',*,*,#9028,.F.);
#6059=ORIENTED_EDGE('',*,*,#8982,.F.);
#6060=ORIENTED_EDGE('',*,*,#9029,.F.);
#6061=ORIENTED_EDGE('',*,*,#9024,.F.);
#6062=ORIENTED_EDGE('',*,*,#8979,.T.);
#6063=ORIENTED_EDGE('',*,*,#9028,.T.);
#6064=ORIENTED_EDGE('',*,*,#9030,.F.);
#6065=ORIENTED_EDGE('',*,*,#9025,.F.);
#6066=ORIENTED_EDGE('',*,*,#9030,.T.);
#6067=ORIENTED_EDGE('',*,*,#9027,.T.);
#6068=ORIENTED_EDGE('',*,*,#9031,.F.);
#6069=ORIENTED_EDGE('',*,*,#9026,.F.);
#6070=ORIENTED_EDGE('',*,*,#9031,.T.);
#6071=ORIENTED_EDGE('',*,*,#9029,.T.);
#6072=ORIENTED_EDGE('',*,*,#8981,.F.);
#6073=ORIENTED_EDGE('',*,*,#9032,.F.);
#6074=ORIENTED_EDGE('',*,*,#8967,.T.);
#6075=ORIENTED_EDGE('',*,*,#8968,.T.);
#6076=ORIENTED_EDGE('',*,*,#8923,.F.);
#6077=ORIENTED_EDGE('',*,*,#9033,.F.);
#6078=ORIENTED_EDGE('',*,*,#9034,.F.);
#6079=ORIENTED_EDGE('',*,*,#8970,.F.);
#6080=ORIENTED_EDGE('',*,*,#8962,.T.);
#6081=ORIENTED_EDGE('',*,*,#9032,.T.);
#6082=ORIENTED_EDGE('',*,*,#9035,.F.);
#6083=ORIENTED_EDGE('',*,*,#9036,.T.);
#6084=ORIENTED_EDGE('',*,*,#8960,.T.);
#6085=ORIENTED_EDGE('',*,*,#8952,.F.);
#6086=ORIENTED_EDGE('',*,*,#8936,.T.);
#6087=ORIENTED_EDGE('',*,*,#9034,.T.);
#6088=ORIENTED_EDGE('',*,*,#9037,.F.);
#6089=ORIENTED_EDGE('',*,*,#9038,.F.);
#6090=ORIENTED_EDGE('',*,*,#9035,.T.);
#6091=ORIENTED_EDGE('',*,*,#9033,.T.);
#6092=ORIENTED_EDGE('',*,*,#8922,.F.);
#6093=ORIENTED_EDGE('',*,*,#8951,.F.);
#6094=ORIENTED_EDGE('',*,*,#9039,.F.);
#6095=ORIENTED_EDGE('',*,*,#9040,.F.);
#6096=ORIENTED_EDGE('',*,*,#9037,.T.);
#6097=ORIENTED_EDGE('',*,*,#8950,.F.);
#6098=ORIENTED_EDGE('',*,*,#9041,.T.);
#6099=ORIENTED_EDGE('',*,*,#9042,.T.);
#6100=ORIENTED_EDGE('',*,*,#9039,.T.);
#6101=ORIENTED_EDGE('',*,*,#8961,.F.);
#6102=ORIENTED_EDGE('',*,*,#9036,.F.);
#6103=ORIENTED_EDGE('',*,*,#9038,.T.);
#6104=ORIENTED_EDGE('',*,*,#9040,.T.);
#6105=ORIENTED_EDGE('',*,*,#9042,.F.);
#6106=ORIENTED_EDGE('',*,*,#9043,.F.);
#6107=ORIENTED_EDGE('',*,*,#9044,.T.);
#6108=ORIENTED_EDGE('',*,*,#9045,.F.);
#6109=ORIENTED_EDGE('',*,*,#9046,.F.);
#6110=ORIENTED_EDGE('',*,*,#9043,.T.);
#6111=ORIENTED_EDGE('',*,*,#9047,.T.);
#6112=ORIENTED_EDGE('',*,*,#8948,.F.);
#6113=ORIENTED_EDGE('',*,*,#9048,.F.);
#6114=ORIENTED_EDGE('',*,*,#9045,.T.);
#6115=ORIENTED_EDGE('',*,*,#9046,.T.);
#6116=ORIENTED_EDGE('',*,*,#9048,.T.);
#6117=ORIENTED_EDGE('',*,*,#8954,.T.);
#6118=ORIENTED_EDGE('',*,*,#8959,.T.);
#6119=ORIENTED_EDGE('',*,*,#9044,.F.);
#6120=ORIENTED_EDGE('',*,*,#9041,.F.);
#6121=ORIENTED_EDGE('',*,*,#8949,.F.);
#6122=ORIENTED_EDGE('',*,*,#9047,.F.);
#6123=ORIENTED_EDGE('',*,*,#9049,.F.);
#6124=ORIENTED_EDGE('',*,*,#9050,.F.);
#6125=ORIENTED_EDGE('',*,*,#8955,.F.);
#6126=ORIENTED_EDGE('',*,*,#9051,.F.);
#6127=ORIENTED_EDGE('',*,*,#9050,.T.);
#6128=ORIENTED_EDGE('',*,*,#9052,.T.);
#6129=ORIENTED_EDGE('',*,*,#9053,.F.);
#6130=ORIENTED_EDGE('',*,*,#8956,.F.);
#6131=ORIENTED_EDGE('',*,*,#9049,.T.);
#6132=ORIENTED_EDGE('',*,*,#9054,.T.);
#6133=ORIENTED_EDGE('',*,*,#9055,.F.);
#6134=ORIENTED_EDGE('',*,*,#9052,.F.);
#6135=ORIENTED_EDGE('',*,*,#9051,.T.);
#6136=ORIENTED_EDGE('',*,*,#8958,.T.);
#6137=ORIENTED_EDGE('',*,*,#9056,.F.);
#6138=ORIENTED_EDGE('',*,*,#9054,.F.);
#6139=ORIENTED_EDGE('',*,*,#9056,.T.);
#6140=ORIENTED_EDGE('',*,*,#8957,.T.);
#6141=ORIENTED_EDGE('',*,*,#9053,.T.);
#6142=ORIENTED_EDGE('',*,*,#9055,.T.);
#6143=ORIENTED_EDGE('',*,*,#8940,.T.);
#6144=ORIENTED_EDGE('',*,*,#9057,.T.);
#6145=ORIENTED_EDGE('',*,*,#9058,.T.);
#6146=ORIENTED_EDGE('',*,*,#7771,.T.);
#6147=ORIENTED_EDGE('',*,*,#8947,.T.);
#6148=ORIENTED_EDGE('',*,*,#7773,.F.);
#6149=ORIENTED_EDGE('',*,*,#9059,.T.);
#6150=ORIENTED_EDGE('',*,*,#9057,.F.);
#6151=ORIENTED_EDGE('',*,*,#9058,.F.);
#6152=ORIENTED_EDGE('',*,*,#9059,.F.);
#6153=ORIENTED_EDGE('',*,*,#7772,.T.);
#6154=VERTEX_POINT('',#16115);
#6155=VERTEX_POINT('',#16116);
#6156=VERTEX_POINT('',#16118);
#6157=VERTEX_POINT('',#16120);
#6158=VERTEX_POINT('',#16122);
#6159=VERTEX_POINT('',#16124);
#6160=VERTEX_POINT('',#16126);
#6161=VERTEX_POINT('',#16128);
#6162=VERTEX_POINT('',#16132);
#6163=VERTEX_POINT('',#16133);
#6164=VERTEX_POINT('',#16135);
#6165=VERTEX_POINT('',#16137);
#6166=VERTEX_POINT('',#16141);
#6167=VERTEX_POINT('',#16142);
#6168=VERTEX_POINT('',#16144);
#6169=VERTEX_POINT('',#16146);
#6170=VERTEX_POINT('',#16150);
#6171=VERTEX_POINT('',#16151);
#6172=VERTEX_POINT('',#16153);
#6173=VERTEX_POINT('',#16155);
#6174=VERTEX_POINT('',#16157);
#6175=VERTEX_POINT('',#16159);
#6176=VERTEX_POINT('',#16161);
#6177=VERTEX_POINT('',#16163);
#6178=VERTEX_POINT('',#16165);
#6179=VERTEX_POINT('',#16167);
#6180=VERTEX_POINT('',#16169);
#6181=VERTEX_POINT('',#16171);
#6182=VERTEX_POINT('',#16173);
#6183=VERTEX_POINT('',#16175);
#6184=VERTEX_POINT('',#16177);
#6185=VERTEX_POINT('',#16179);
#6186=VERTEX_POINT('',#16181);
#6187=VERTEX_POINT('',#16183);
#6188=VERTEX_POINT('',#16185);
#6189=VERTEX_POINT('',#16187);
#6190=VERTEX_POINT('',#16189);
#6191=VERTEX_POINT('',#16191);
#6192=VERTEX_POINT('',#16193);
#6193=VERTEX_POINT('',#16195);
#6194=VERTEX_POINT('',#16197);
#6195=VERTEX_POINT('',#16199);
#6196=VERTEX_POINT('',#16201);
#6197=VERTEX_POINT('',#16203);
#6198=VERTEX_POINT('',#16205);
#6199=VERTEX_POINT('',#16207);
#6200=VERTEX_POINT('',#16209);
#6201=VERTEX_POINT('',#16211);
#6202=VERTEX_POINT('',#16213);
#6203=VERTEX_POINT('',#16215);
#6204=VERTEX_POINT('',#16217);
#6205=VERTEX_POINT('',#16219);
#6206=VERTEX_POINT('',#16221);
#6207=VERTEX_POINT('',#16223);
#6208=VERTEX_POINT('',#16225);
#6209=VERTEX_POINT('',#16227);
#6210=VERTEX_POINT('',#16229);
#6211=VERTEX_POINT('',#16231);
#6212=VERTEX_POINT('',#16233);
#6213=VERTEX_POINT('',#16235);
#6214=VERTEX_POINT('',#16237);
#6215=VERTEX_POINT('',#16239);
#6216=VERTEX_POINT('',#16241);
#6217=VERTEX_POINT('',#16243);
#6218=VERTEX_POINT('',#16245);
#6219=VERTEX_POINT('',#16247);
#6220=VERTEX_POINT('',#16249);
#6221=VERTEX_POINT('',#16251);
#6222=VERTEX_POINT('',#16253);
#6223=VERTEX_POINT('',#16255);
#6224=VERTEX_POINT('',#16257);
#6225=VERTEX_POINT('',#16259);
#6226=VERTEX_POINT('',#16261);
#6227=VERTEX_POINT('',#16263);
#6228=VERTEX_POINT('',#16265);
#6229=VERTEX_POINT('',#16267);
#6230=VERTEX_POINT('',#16269);
#6231=VERTEX_POINT('',#16271);
#6232=VERTEX_POINT('',#16273);
#6233=VERTEX_POINT('',#16275);
#6234=VERTEX_POINT('',#16277);
#6235=VERTEX_POINT('',#16279);
#6236=VERTEX_POINT('',#16281);
#6237=VERTEX_POINT('',#16283);
#6238=VERTEX_POINT('',#16285);
#6239=VERTEX_POINT('',#16287);
#6240=VERTEX_POINT('',#16289);
#6241=VERTEX_POINT('',#16291);
#6242=VERTEX_POINT('',#16293);
#6243=VERTEX_POINT('',#16295);
#6244=VERTEX_POINT('',#16297);
#6245=VERTEX_POINT('',#16299);
#6246=VERTEX_POINT('',#16301);
#6247=VERTEX_POINT('',#16303);
#6248=VERTEX_POINT('',#16305);
#6249=VERTEX_POINT('',#16307);
#6250=VERTEX_POINT('',#16309);
#6251=VERTEX_POINT('',#16311);
#6252=VERTEX_POINT('',#16313);
#6253=VERTEX_POINT('',#16315);
#6254=VERTEX_POINT('',#16317);
#6255=VERTEX_POINT('',#16319);
#6256=VERTEX_POINT('',#16321);
#6257=VERTEX_POINT('',#16323);
#6258=VERTEX_POINT('',#16325);
#6259=VERTEX_POINT('',#16327);
#6260=VERTEX_POINT('',#16329);
#6261=VERTEX_POINT('',#16331);
#6262=VERTEX_POINT('',#16333);
#6263=VERTEX_POINT('',#16335);
#6264=VERTEX_POINT('',#16337);
#6265=VERTEX_POINT('',#16339);
#6266=VERTEX_POINT('',#16341);
#6267=VERTEX_POINT('',#16343);
#6268=VERTEX_POINT('',#16345);
#6269=VERTEX_POINT('',#16347);
#6270=VERTEX_POINT('',#16350);
#6271=VERTEX_POINT('',#16351);
#6272=VERTEX_POINT('',#16353);
#6273=VERTEX_POINT('',#16355);
#6274=VERTEX_POINT('',#16359);
#6275=VERTEX_POINT('',#16360);
#6276=VERTEX_POINT('',#16362);
#6277=VERTEX_POINT('',#16365);
#6278=VERTEX_POINT('',#16367);
#6279=VERTEX_POINT('',#16369);
#6280=VERTEX_POINT('',#16371);
#6281=VERTEX_POINT('',#16373);
#6282=VERTEX_POINT('',#16375);
#6283=VERTEX_POINT('',#16377);
#6284=VERTEX_POINT('',#16379);
#6285=VERTEX_POINT('',#16383);
#6286=VERTEX_POINT('',#16385);
#6287=VERTEX_POINT('',#16387);
#6288=VERTEX_POINT('',#16389);
#6289=VERTEX_POINT('',#16391);
#6290=VERTEX_POINT('',#16395);
#6291=VERTEX_POINT('',#16396);
#6292=VERTEX_POINT('',#16398);
#6293=VERTEX_POINT('',#16401);
#6294=VERTEX_POINT('',#16403);
#6295=VERTEX_POINT('',#16405);
#6296=VERTEX_POINT('',#16407);
#6297=VERTEX_POINT('',#16411);
#6298=VERTEX_POINT('',#16412);
#6299=VERTEX_POINT('',#16417);
#6300=VERTEX_POINT('',#16418);
#6301=VERTEX_POINT('',#16420);
#6302=VERTEX_POINT('',#16422);
#6303=VERTEX_POINT('',#16426);
#6304=VERTEX_POINT('',#16428);
#6305=VERTEX_POINT('',#16432);
#6306=VERTEX_POINT('',#16434);
#6307=VERTEX_POINT('',#16438);
#6308=VERTEX_POINT('',#16440);
#6309=VERTEX_POINT('',#16442);
#6310=VERTEX_POINT('',#16444);
#6311=VERTEX_POINT('',#16449);
#6312=VERTEX_POINT('',#16451);
#6313=VERTEX_POINT('',#16453);
#6314=VERTEX_POINT('',#16455);
#6315=VERTEX_POINT('',#16457);
#6316=VERTEX_POINT('',#16459);
#6317=VERTEX_POINT('',#16461);
#6318=VERTEX_POINT('',#16465);
#6319=VERTEX_POINT('',#16466);
#6320=VERTEX_POINT('',#16468);
#6321=VERTEX_POINT('',#16471);
#6322=VERTEX_POINT('',#16473);
#6323=VERTEX_POINT('',#16477);
#6324=VERTEX_POINT('',#16479);
#6325=VERTEX_POINT('',#16481);
#6326=VERTEX_POINT('',#16483);
#6327=VERTEX_POINT('',#16485);
#6328=VERTEX_POINT('',#16487);
#6329=VERTEX_POINT('',#16489);
#6330=VERTEX_POINT('',#16491);
#6331=VERTEX_POINT('',#16493);
#6332=VERTEX_POINT('',#16495);
#6333=VERTEX_POINT('',#16497);
#6334=VERTEX_POINT('',#16501);
#6335=VERTEX_POINT('',#16502);
#6336=VERTEX_POINT('',#16507);
#6337=VERTEX_POINT('',#16508);
#6338=VERTEX_POINT('',#16510);
#6339=VERTEX_POINT('',#16512);
#6340=VERTEX_POINT('',#16516);
#6341=VERTEX_POINT('',#16518);
#6342=VERTEX_POINT('',#16522);
#6343=VERTEX_POINT('',#16524);
#6344=VERTEX_POINT('',#16528);
#6345=VERTEX_POINT('',#16530);
#6346=VERTEX_POINT('',#16532);
#6347=VERTEX_POINT('',#16534);
#6348=VERTEX_POINT('',#16539);
#6349=VERTEX_POINT('',#16540);
#6350=VERTEX_POINT('',#16542);
#6351=VERTEX_POINT('',#16544);
#6352=VERTEX_POINT('',#16546);
#6353=VERTEX_POINT('',#16548);
#6354=VERTEX_POINT('',#16550);
#6355=VERTEX_POINT('',#16552);
#6356=VERTEX_POINT('',#16554);
#6357=VERTEX_POINT('',#16556);
#6358=VERTEX_POINT('',#16558);
#6359=VERTEX_POINT('',#16560);
#6360=VERTEX_POINT('',#16562);
#6361=VERTEX_POINT('',#16564);
#6362=VERTEX_POINT('',#16566);
#6363=VERTEX_POINT('',#16568);
#6364=VERTEX_POINT('',#16570);
#6365=VERTEX_POINT('',#16572);
#6366=VERTEX_POINT('',#16574);
#6367=VERTEX_POINT('',#16576);
#6368=VERTEX_POINT('',#16578);
#6369=VERTEX_POINT('',#16580);
#6370=VERTEX_POINT('',#16582);
#6371=VERTEX_POINT('',#16584);
#6372=VERTEX_POINT('',#16586);
#6373=VERTEX_POINT('',#16588);
#6374=VERTEX_POINT('',#16590);
#6375=VERTEX_POINT('',#16592);
#6376=VERTEX_POINT('',#16594);
#6377=VERTEX_POINT('',#16596);
#6378=VERTEX_POINT('',#16598);
#6379=VERTEX_POINT('',#16600);
#6380=VERTEX_POINT('',#16602);
#6381=VERTEX_POINT('',#16604);
#6382=VERTEX_POINT('',#16606);
#6383=VERTEX_POINT('',#16608);
#6384=VERTEX_POINT('',#16610);
#6385=VERTEX_POINT('',#16612);
#6386=VERTEX_POINT('',#16614);
#6387=VERTEX_POINT('',#16616);
#6388=VERTEX_POINT('',#16618);
#6389=VERTEX_POINT('',#16620);
#6390=VERTEX_POINT('',#16622);
#6391=VERTEX_POINT('',#16624);
#6392=VERTEX_POINT('',#16626);
#6393=VERTEX_POINT('',#16628);
#6394=VERTEX_POINT('',#16630);
#6395=VERTEX_POINT('',#16632);
#6396=VERTEX_POINT('',#16634);
#6397=VERTEX_POINT('',#16636);
#6398=VERTEX_POINT('',#16638);
#6399=VERTEX_POINT('',#16640);
#6400=VERTEX_POINT('',#16642);
#6401=VERTEX_POINT('',#16644);
#6402=VERTEX_POINT('',#16646);
#6403=VERTEX_POINT('',#16648);
#6404=VERTEX_POINT('',#16650);
#6405=VERTEX_POINT('',#16652);
#6406=VERTEX_POINT('',#16654);
#6407=VERTEX_POINT('',#16656);
#6408=VERTEX_POINT('',#16658);
#6409=VERTEX_POINT('',#16660);
#6410=VERTEX_POINT('',#16662);
#6411=VERTEX_POINT('',#16664);
#6412=VERTEX_POINT('',#16666);
#6413=VERTEX_POINT('',#16668);
#6414=VERTEX_POINT('',#16670);
#6415=VERTEX_POINT('',#16672);
#6416=VERTEX_POINT('',#16674);
#6417=VERTEX_POINT('',#16676);
#6418=VERTEX_POINT('',#16678);
#6419=VERTEX_POINT('',#16680);
#6420=VERTEX_POINT('',#16682);
#6421=VERTEX_POINT('',#16684);
#6422=VERTEX_POINT('',#16686);
#6423=VERTEX_POINT('',#16688);
#6424=VERTEX_POINT('',#16690);
#6425=VERTEX_POINT('',#16692);
#6426=VERTEX_POINT('',#16694);
#6427=VERTEX_POINT('',#16696);
#6428=VERTEX_POINT('',#16698);
#6429=VERTEX_POINT('',#16700);
#6430=VERTEX_POINT('',#16702);
#6431=VERTEX_POINT('',#16704);
#6432=VERTEX_POINT('',#16706);
#6433=VERTEX_POINT('',#16708);
#6434=VERTEX_POINT('',#16710);
#6435=VERTEX_POINT('',#16712);
#6436=VERTEX_POINT('',#16714);
#6437=VERTEX_POINT('',#16716);
#6438=VERTEX_POINT('',#16718);
#6439=VERTEX_POINT('',#16720);
#6440=VERTEX_POINT('',#16722);
#6441=VERTEX_POINT('',#16725);
#6442=VERTEX_POINT('',#16727);
#6443=VERTEX_POINT('',#16731);
#6444=VERTEX_POINT('',#16733);
#6445=VERTEX_POINT('',#16736);
#6446=VERTEX_POINT('',#16738);
#6447=VERTEX_POINT('',#16740);
#6448=VERTEX_POINT('',#16744);
#6449=VERTEX_POINT('',#16746);
#6450=VERTEX_POINT('',#16748);
#6451=VERTEX_POINT('',#16750);
#6452=VERTEX_POINT('',#16752);
#6453=VERTEX_POINT('',#16754);
#6454=VERTEX_POINT('',#16756);
#6455=VERTEX_POINT('',#16758);
#6456=VERTEX_POINT('',#16760);
#6457=VERTEX_POINT('',#16762);
#6458=VERTEX_POINT('',#16764);
#6459=VERTEX_POINT('',#16766);
#6460=VERTEX_POINT('',#16768);
#6461=VERTEX_POINT('',#16770);
#6462=VERTEX_POINT('',#16773);
#6463=VERTEX_POINT('',#16775);
#6464=VERTEX_POINT('',#16778);
#6465=VERTEX_POINT('',#16780);
#6466=VERTEX_POINT('',#16783);
#6467=VERTEX_POINT('',#16785);
#6468=VERTEX_POINT('',#16788);
#6469=VERTEX_POINT('',#16790);
#6470=VERTEX_POINT('',#16793);
#6471=VERTEX_POINT('',#16795);
#6472=VERTEX_POINT('',#16798);
#6473=VERTEX_POINT('',#16800);
#6474=VERTEX_POINT('',#16803);
#6475=VERTEX_POINT('',#16805);
#6476=VERTEX_POINT('',#16808);
#6477=VERTEX_POINT('',#16810);
#6478=VERTEX_POINT('',#16813);
#6479=VERTEX_POINT('',#16815);
#6480=VERTEX_POINT('',#16818);
#6481=VERTEX_POINT('',#16820);
#6482=VERTEX_POINT('',#16823);
#6483=VERTEX_POINT('',#16825);
#6484=VERTEX_POINT('',#16828);
#6485=VERTEX_POINT('',#16830);
#6486=VERTEX_POINT('',#16833);
#6487=VERTEX_POINT('',#16835);
#6488=VERTEX_POINT('',#16838);
#6489=VERTEX_POINT('',#16840);
#6490=VERTEX_POINT('',#16843);
#6491=VERTEX_POINT('',#16845);
#6492=VERTEX_POINT('',#16848);
#6493=VERTEX_POINT('',#16850);
#6494=VERTEX_POINT('',#16853);
#6495=VERTEX_POINT('',#16855);
#6496=VERTEX_POINT('',#16858);
#6497=VERTEX_POINT('',#16860);
#6498=VERTEX_POINT('',#16863);
#6499=VERTEX_POINT('',#16865);
#6500=VERTEX_POINT('',#16868);
#6501=VERTEX_POINT('',#16870);
#6502=VERTEX_POINT('',#16873);
#6503=VERTEX_POINT('',#16875);
#6504=VERTEX_POINT('',#16878);
#6505=VERTEX_POINT('',#16880);
#6506=VERTEX_POINT('',#16883);
#6507=VERTEX_POINT('',#16885);
#6508=VERTEX_POINT('',#16888);
#6509=VERTEX_POINT('',#16890);
#6510=VERTEX_POINT('',#16893);
#6511=VERTEX_POINT('',#16895);
#6512=VERTEX_POINT('',#16897);
#6513=VERTEX_POINT('',#16899);
#6514=VERTEX_POINT('',#16901);
#6515=VERTEX_POINT('',#16903);
#6516=VERTEX_POINT('',#16905);
#6517=VERTEX_POINT('',#16907);
#6518=VERTEX_POINT('',#16909);
#6519=VERTEX_POINT('',#16911);
#6520=VERTEX_POINT('',#16913);
#6521=VERTEX_POINT('',#16915);
#6522=VERTEX_POINT('',#16917);
#6523=VERTEX_POINT('',#16919);
#6524=VERTEX_POINT('',#16923);
#6525=VERTEX_POINT('',#16924);
#6526=VERTEX_POINT('',#16926);
#6527=VERTEX_POINT('',#16928);
#6528=VERTEX_POINT('',#16932);
#6529=VERTEX_POINT('',#16933);
#6530=VERTEX_POINT('',#16935);
#6531=VERTEX_POINT('',#16937);
#6532=VERTEX_POINT('',#16939);
#6533=VERTEX_POINT('',#16941);
#6534=VERTEX_POINT('',#16945);
#6535=VERTEX_POINT('',#16947);
#6536=VERTEX_POINT('',#16950);
#6537=VERTEX_POINT('',#16956);
#6538=VERTEX_POINT('',#16966);
#6539=VERTEX_POINT('',#16967);
#6540=VERTEX_POINT('',#16969);
#6541=VERTEX_POINT('',#16971);
#6542=VERTEX_POINT('',#16973);
#6543=VERTEX_POINT('',#16975);
#6544=VERTEX_POINT('',#16979);
#6545=VERTEX_POINT('',#16980);
#6546=VERTEX_POINT('',#16982);
#6547=VERTEX_POINT('',#16984);
#6548=VERTEX_POINT('',#16987);
#6549=VERTEX_POINT('',#16988);
#6550=VERTEX_POINT('',#16990);
#6551=VERTEX_POINT('',#16992);
#6552=VERTEX_POINT('',#16995);
#6553=VERTEX_POINT('',#16997);
#6554=VERTEX_POINT('',#16999);
#6555=VERTEX_POINT('',#17001);
#6556=VERTEX_POINT('',#17003);
#6557=VERTEX_POINT('',#17005);
#6558=VERTEX_POINT('',#17007);
#6559=VERTEX_POINT('',#17009);
#6560=VERTEX_POINT('',#17012);
#6561=VERTEX_POINT('',#17014);
#6562=VERTEX_POINT('',#17017);
#6563=VERTEX_POINT('',#17019);
#6564=VERTEX_POINT('',#17023);
#6565=VERTEX_POINT('',#17024);
#6566=VERTEX_POINT('',#17029);
#6567=VERTEX_POINT('',#17033);
#6568=VERTEX_POINT('',#17039);
#6569=VERTEX_POINT('',#17041);
#6570=VERTEX_POINT('',#17044);
#6571=VERTEX_POINT('',#17046);
#6572=VERTEX_POINT('',#17049);
#6573=VERTEX_POINT('',#17051);
#6574=VERTEX_POINT('',#17054);
#6575=VERTEX_POINT('',#17056);
#6576=VERTEX_POINT('',#17059);
#6577=VERTEX_POINT('',#17061);
#6578=VERTEX_POINT('',#17064);
#6579=VERTEX_POINT('',#17066);
#6580=VERTEX_POINT('',#17069);
#6581=VERTEX_POINT('',#17071);
#6582=VERTEX_POINT('',#17074);
#6583=VERTEX_POINT('',#17076);
#6584=VERTEX_POINT('',#17079);
#6585=VERTEX_POINT('',#17081);
#6586=VERTEX_POINT('',#17084);
#6587=VERTEX_POINT('',#17086);
#6588=VERTEX_POINT('',#17089);
#6589=VERTEX_POINT('',#17091);
#6590=VERTEX_POINT('',#17094);
#6591=VERTEX_POINT('',#17096);
#6592=VERTEX_POINT('',#17099);
#6593=VERTEX_POINT('',#17101);
#6594=VERTEX_POINT('',#17104);
#6595=VERTEX_POINT('',#17106);
#6596=VERTEX_POINT('',#17109);
#6597=VERTEX_POINT('',#17111);
#6598=VERTEX_POINT('',#17114);
#6599=VERTEX_POINT('',#17116);
#6600=VERTEX_POINT('',#17119);
#6601=VERTEX_POINT('',#17121);
#6602=VERTEX_POINT('',#17124);
#6603=VERTEX_POINT('',#17126);
#6604=VERTEX_POINT('',#17129);
#6605=VERTEX_POINT('',#17131);
#6606=VERTEX_POINT('',#17134);
#6607=VERTEX_POINT('',#17136);
#6608=VERTEX_POINT('',#17139);
#6609=VERTEX_POINT('',#17141);
#6610=VERTEX_POINT('',#17144);
#6611=VERTEX_POINT('',#17146);
#6612=VERTEX_POINT('',#17149);
#6613=VERTEX_POINT('',#17151);
#6614=VERTEX_POINT('',#17154);
#6615=VERTEX_POINT('',#17158);
#6616=VERTEX_POINT('',#17161);
#6617=VERTEX_POINT('',#17163);
#6618=VERTEX_POINT('',#17167);
#6619=VERTEX_POINT('',#17169);
#6620=VERTEX_POINT('',#17173);
#6621=VERTEX_POINT('',#17174);
#6622=VERTEX_POINT('',#17176);
#6623=VERTEX_POINT('',#17178);
#6624=VERTEX_POINT('',#17181);
#6625=VERTEX_POINT('',#17182);
#6626=VERTEX_POINT('',#17184);
#6627=VERTEX_POINT('',#17186);
#6628=VERTEX_POINT('',#17189);
#6629=VERTEX_POINT('',#17190);
#6630=VERTEX_POINT('',#17192);
#6631=VERTEX_POINT('',#17194);
#6632=VERTEX_POINT('',#17197);
#6633=VERTEX_POINT('',#17198);
#6634=VERTEX_POINT('',#17200);
#6635=VERTEX_POINT('',#17202);
#6636=VERTEX_POINT('',#17205);
#6637=VERTEX_POINT('',#17206);
#6638=VERTEX_POINT('',#17208);
#6639=VERTEX_POINT('',#17210);
#6640=VERTEX_POINT('',#17213);
#6641=VERTEX_POINT('',#17214);
#6642=VERTEX_POINT('',#17216);
#6643=VERTEX_POINT('',#17218);
#6644=VERTEX_POINT('',#17221);
#6645=VERTEX_POINT('',#17222);
#6646=VERTEX_POINT('',#17224);
#6647=VERTEX_POINT('',#17226);
#6648=VERTEX_POINT('',#17229);
#6649=VERTEX_POINT('',#17230);
#6650=VERTEX_POINT('',#17232);
#6651=VERTEX_POINT('',#17234);
#6652=VERTEX_POINT('',#17237);
#6653=VERTEX_POINT('',#17238);
#6654=VERTEX_POINT('',#17240);
#6655=VERTEX_POINT('',#17242);
#6656=VERTEX_POINT('',#17245);
#6657=VERTEX_POINT('',#17246);
#6658=VERTEX_POINT('',#17248);
#6659=VERTEX_POINT('',#17250);
#6660=VERTEX_POINT('',#17253);
#6661=VERTEX_POINT('',#17254);
#6662=VERTEX_POINT('',#17256);
#6663=VERTEX_POINT('',#17258);
#6664=VERTEX_POINT('',#17261);
#6665=VERTEX_POINT('',#17262);
#6666=VERTEX_POINT('',#17264);
#6667=VERTEX_POINT('',#17266);
#6668=VERTEX_POINT('',#17269);
#6669=VERTEX_POINT('',#17270);
#6670=VERTEX_POINT('',#17272);
#6671=VERTEX_POINT('',#17274);
#6672=VERTEX_POINT('',#17277);
#6673=VERTEX_POINT('',#17278);
#6674=VERTEX_POINT('',#17280);
#6675=VERTEX_POINT('',#17282);
#6676=VERTEX_POINT('',#17285);
#6677=VERTEX_POINT('',#17286);
#6678=VERTEX_POINT('',#17288);
#6679=VERTEX_POINT('',#17290);
#6680=VERTEX_POINT('',#17293);
#6681=VERTEX_POINT('',#17294);
#6682=VERTEX_POINT('',#17296);
#6683=VERTEX_POINT('',#17298);
#6684=VERTEX_POINT('',#17301);
#6685=VERTEX_POINT('',#17302);
#6686=VERTEX_POINT('',#17304);
#6687=VERTEX_POINT('',#17306);
#6688=VERTEX_POINT('',#17309);
#6689=VERTEX_POINT('',#17310);
#6690=VERTEX_POINT('',#17312);
#6691=VERTEX_POINT('',#17314);
#6692=VERTEX_POINT('',#17317);
#6693=VERTEX_POINT('',#17318);
#6694=VERTEX_POINT('',#17320);
#6695=VERTEX_POINT('',#17322);
#6696=VERTEX_POINT('',#17325);
#6697=VERTEX_POINT('',#17326);
#6698=VERTEX_POINT('',#17328);
#6699=VERTEX_POINT('',#17330);
#6700=VERTEX_POINT('',#17333);
#6701=VERTEX_POINT('',#17334);
#6702=VERTEX_POINT('',#17336);
#6703=VERTEX_POINT('',#17338);
#6704=VERTEX_POINT('',#17341);
#6705=VERTEX_POINT('',#17342);
#6706=VERTEX_POINT('',#17344);
#6707=VERTEX_POINT('',#17346);
#6708=VERTEX_POINT('',#17349);
#6709=VERTEX_POINT('',#17350);
#6710=VERTEX_POINT('',#17352);
#6711=VERTEX_POINT('',#17354);
#6712=VERTEX_POINT('',#17357);
#6713=VERTEX_POINT('',#17358);
#6714=VERTEX_POINT('',#17360);
#6715=VERTEX_POINT('',#17362);
#6716=VERTEX_POINT('',#17368);
#6717=VERTEX_POINT('',#17370);
#6718=VERTEX_POINT('',#17374);
#6719=VERTEX_POINT('',#17376);
#6720=VERTEX_POINT('',#17380);
#6721=VERTEX_POINT('',#17381);
#6722=VERTEX_POINT('',#17386);
#6723=VERTEX_POINT('',#17387);
#6724=VERTEX_POINT('',#17394);
#6725=VERTEX_POINT('',#17395);
#6726=VERTEX_POINT('',#17400);
#6727=VERTEX_POINT('',#17401);
#6728=VERTEX_POINT('',#17408);
#6729=VERTEX_POINT('',#17410);
#6730=VERTEX_POINT('',#17412);
#6731=VERTEX_POINT('',#17416);
#6732=VERTEX_POINT('',#17417);
#6733=VERTEX_POINT('',#17426);
#6734=VERTEX_POINT('',#17428);
#6735=VERTEX_POINT('',#17430);
#6736=VERTEX_POINT('',#17448);
#6737=VERTEX_POINT('',#17449);
#6738=VERTEX_POINT('',#17451);
#6739=VERTEX_POINT('',#17453);
#6740=VERTEX_POINT('',#17457);
#6741=VERTEX_POINT('',#17459);
#6742=VERTEX_POINT('',#17463);
#6743=VERTEX_POINT('',#17465);
#6744=VERTEX_POINT('',#17477);
#6745=VERTEX_POINT('',#17481);
#6746=VERTEX_POINT('',#17488);
#6747=VERTEX_POINT('',#17490);
#6748=VERTEX_POINT('',#17494);
#6749=VERTEX_POINT('',#17496);
#6750=VERTEX_POINT('',#17498);
#6751=VERTEX_POINT('',#17500);
#6752=VERTEX_POINT('',#17504);
#6753=VERTEX_POINT('',#17506);
#6754=VERTEX_POINT('',#17508);
#6755=VERTEX_POINT('',#17510);
#6756=VERTEX_POINT('',#17523);
#6757=VERTEX_POINT('',#17524);
#6758=VERTEX_POINT('',#17526);
#6759=VERTEX_POINT('',#17528);
#6760=VERTEX_POINT('',#17532);
#6761=VERTEX_POINT('',#17534);
#6762=VERTEX_POINT('',#17538);
#6763=VERTEX_POINT('',#17540);
#6764=VERTEX_POINT('',#17552);
#6765=VERTEX_POINT('',#17553);
#6766=VERTEX_POINT('',#17555);
#6767=VERTEX_POINT('',#17557);
#6768=VERTEX_POINT('',#17561);
#6769=VERTEX_POINT('',#17563);
#6770=VERTEX_POINT('',#17567);
#6771=VERTEX_POINT('',#17569);
#6772=VERTEX_POINT('',#17581);
#6773=VERTEX_POINT('',#17582);
#6774=VERTEX_POINT('',#17584);
#6775=VERTEX_POINT('',#17586);
#6776=VERTEX_POINT('',#17590);
#6777=VERTEX_POINT('',#17592);
#6778=VERTEX_POINT('',#17596);
#6779=VERTEX_POINT('',#17598);
#6780=VERTEX_POINT('',#17610);
#6781=VERTEX_POINT('',#17611);
#6782=VERTEX_POINT('',#17613);
#6783=VERTEX_POINT('',#17615);
#6784=VERTEX_POINT('',#17619);
#6785=VERTEX_POINT('',#17621);
#6786=VERTEX_POINT('',#17625);
#6787=VERTEX_POINT('',#17627);
#6788=VERTEX_POINT('',#17639);
#6789=VERTEX_POINT('',#17640);
#6790=VERTEX_POINT('',#17642);
#6791=VERTEX_POINT('',#17644);
#6792=VERTEX_POINT('',#17648);
#6793=VERTEX_POINT('',#17650);
#6794=VERTEX_POINT('',#17654);
#6795=VERTEX_POINT('',#17656);
#6796=VERTEX_POINT('',#17668);
#6797=VERTEX_POINT('',#17669);
#6798=VERTEX_POINT('',#17671);
#6799=VERTEX_POINT('',#17673);
#6800=VERTEX_POINT('',#17677);
#6801=VERTEX_POINT('',#17679);
#6802=VERTEX_POINT('',#17683);
#6803=VERTEX_POINT('',#17685);
#6804=VERTEX_POINT('',#17697);
#6805=VERTEX_POINT('',#17698);
#6806=VERTEX_POINT('',#17700);
#6807=VERTEX_POINT('',#17702);
#6808=VERTEX_POINT('',#17706);
#6809=VERTEX_POINT('',#17708);
#6810=VERTEX_POINT('',#17712);
#6811=VERTEX_POINT('',#17714);
#6812=VERTEX_POINT('',#17726);
#6813=VERTEX_POINT('',#17727);
#6814=VERTEX_POINT('',#17729);
#6815=VERTEX_POINT('',#17731);
#6816=VERTEX_POINT('',#17735);
#6817=VERTEX_POINT('',#17737);
#6818=VERTEX_POINT('',#17741);
#6819=VERTEX_POINT('',#17743);
#6820=VERTEX_POINT('',#17755);
#6821=VERTEX_POINT('',#17756);
#6822=VERTEX_POINT('',#17758);
#6823=VERTEX_POINT('',#17760);
#6824=VERTEX_POINT('',#17764);
#6825=VERTEX_POINT('',#17766);
#6826=VERTEX_POINT('',#17770);
#6827=VERTEX_POINT('',#17772);
#6828=VERTEX_POINT('',#17784);
#6829=VERTEX_POINT('',#17785);
#6830=VERTEX_POINT('',#17787);
#6831=VERTEX_POINT('',#17789);
#6832=VERTEX_POINT('',#17793);
#6833=VERTEX_POINT('',#17795);
#6834=VERTEX_POINT('',#17799);
#6835=VERTEX_POINT('',#17801);
#6836=VERTEX_POINT('',#17813);
#6837=VERTEX_POINT('',#17814);
#6838=VERTEX_POINT('',#17816);
#6839=VERTEX_POINT('',#17818);
#6840=VERTEX_POINT('',#17822);
#6841=VERTEX_POINT('',#17824);
#6842=VERTEX_POINT('',#17828);
#6843=VERTEX_POINT('',#17830);
#6844=VERTEX_POINT('',#17842);
#6845=VERTEX_POINT('',#17843);
#6846=VERTEX_POINT('',#17845);
#6847=VERTEX_POINT('',#17847);
#6848=VERTEX_POINT('',#17851);
#6849=VERTEX_POINT('',#17853);
#6850=VERTEX_POINT('',#17857);
#6851=VERTEX_POINT('',#17859);
#6852=VERTEX_POINT('',#17871);
#6853=VERTEX_POINT('',#17872);
#6854=VERTEX_POINT('',#17874);
#6855=VERTEX_POINT('',#17876);
#6856=VERTEX_POINT('',#17880);
#6857=VERTEX_POINT('',#17882);
#6858=VERTEX_POINT('',#17886);
#6859=VERTEX_POINT('',#17888);
#6860=VERTEX_POINT('',#17900);
#6861=VERTEX_POINT('',#17901);
#6862=VERTEX_POINT('',#17903);
#6863=VERTEX_POINT('',#17905);
#6864=VERTEX_POINT('',#17909);
#6865=VERTEX_POINT('',#17911);
#6866=VERTEX_POINT('',#17915);
#6867=VERTEX_POINT('',#17917);
#6868=VERTEX_POINT('',#17929);
#6869=VERTEX_POINT('',#17930);
#6870=VERTEX_POINT('',#17932);
#6871=VERTEX_POINT('',#17934);
#6872=VERTEX_POINT('',#17938);
#6873=VERTEX_POINT('',#17940);
#6874=VERTEX_POINT('',#17944);
#6875=VERTEX_POINT('',#17946);
#6876=VERTEX_POINT('',#17958);
#6877=VERTEX_POINT('',#17959);
#6878=VERTEX_POINT('',#17961);
#6879=VERTEX_POINT('',#17963);
#6880=VERTEX_POINT('',#17967);
#6881=VERTEX_POINT('',#17969);
#6882=VERTEX_POINT('',#17973);
#6883=VERTEX_POINT('',#17975);
#6884=VERTEX_POINT('',#17987);
#6885=VERTEX_POINT('',#17988);
#6886=VERTEX_POINT('',#17990);
#6887=VERTEX_POINT('',#17992);
#6888=VERTEX_POINT('',#17996);
#6889=VERTEX_POINT('',#17998);
#6890=VERTEX_POINT('',#18002);
#6891=VERTEX_POINT('',#18004);
#6892=VERTEX_POINT('',#18016);
#6893=VERTEX_POINT('',#18017);
#6894=VERTEX_POINT('',#18019);
#6895=VERTEX_POINT('',#18021);
#6896=VERTEX_POINT('',#18025);
#6897=VERTEX_POINT('',#18027);
#6898=VERTEX_POINT('',#18031);
#6899=VERTEX_POINT('',#18033);
#6900=VERTEX_POINT('',#18045);
#6901=VERTEX_POINT('',#18046);
#6902=VERTEX_POINT('',#18048);
#6903=VERTEX_POINT('',#18050);
#6904=VERTEX_POINT('',#18054);
#6905=VERTEX_POINT('',#18056);
#6906=VERTEX_POINT('',#18060);
#6907=VERTEX_POINT('',#18062);
#6908=VERTEX_POINT('',#18074);
#6909=VERTEX_POINT('',#18075);
#6910=VERTEX_POINT('',#18077);
#6911=VERTEX_POINT('',#18079);
#6912=VERTEX_POINT('',#18083);
#6913=VERTEX_POINT('',#18085);
#6914=VERTEX_POINT('',#18089);
#6915=VERTEX_POINT('',#18091);
#6916=VERTEX_POINT('',#18103);
#6917=VERTEX_POINT('',#18104);
#6918=VERTEX_POINT('',#18106);
#6919=VERTEX_POINT('',#18108);
#6920=VERTEX_POINT('',#18112);
#6921=VERTEX_POINT('',#18114);
#6922=VERTEX_POINT('',#18118);
#6923=VERTEX_POINT('',#18120);
#6924=VERTEX_POINT('',#18132);
#6925=VERTEX_POINT('',#18133);
#6926=VERTEX_POINT('',#18135);
#6927=VERTEX_POINT('',#18137);
#6928=VERTEX_POINT('',#18141);
#6929=VERTEX_POINT('',#18143);
#6930=VERTEX_POINT('',#18147);
#6931=VERTEX_POINT('',#18149);
#6932=VERTEX_POINT('',#18161);
#6933=VERTEX_POINT('',#18162);
#6934=VERTEX_POINT('',#18164);
#6935=VERTEX_POINT('',#18166);
#6936=VERTEX_POINT('',#18170);
#6937=VERTEX_POINT('',#18172);
#6938=VERTEX_POINT('',#18176);
#6939=VERTEX_POINT('',#18178);
#6940=VERTEX_POINT('',#18190);
#6941=VERTEX_POINT('',#18194);
#6942=VERTEX_POINT('',#18201);
#6943=VERTEX_POINT('',#18205);
#6944=VERTEX_POINT('',#18212);
#6945=VERTEX_POINT('',#18216);
#6946=VERTEX_POINT('',#18223);
#6947=VERTEX_POINT('',#18227);
#6948=VERTEX_POINT('',#18234);
#6949=VERTEX_POINT('',#18238);
#6950=VERTEX_POINT('',#18245);
#6951=VERTEX_POINT('',#18249);
#6952=VERTEX_POINT('',#18256);
#6953=VERTEX_POINT('',#18260);
#6954=VERTEX_POINT('',#18267);
#6955=VERTEX_POINT('',#18271);
#6956=VERTEX_POINT('',#18278);
#6957=VERTEX_POINT('',#18282);
#6958=VERTEX_POINT('',#18289);
#6959=VERTEX_POINT('',#18293);
#6960=VERTEX_POINT('',#18300);
#6961=VERTEX_POINT('',#18304);
#6962=VERTEX_POINT('',#18311);
#6963=VERTEX_POINT('',#18315);
#6964=VERTEX_POINT('',#18322);
#6965=VERTEX_POINT('',#18326);
#6966=VERTEX_POINT('',#18333);
#6967=VERTEX_POINT('',#18337);
#6968=VERTEX_POINT('',#18344);
#6969=VERTEX_POINT('',#18348);
#6970=VERTEX_POINT('',#18355);
#6971=VERTEX_POINT('',#18359);
#6972=VERTEX_POINT('',#18366);
#6973=VERTEX_POINT('',#18370);
#6974=VERTEX_POINT('',#18377);
#6975=VERTEX_POINT('',#18381);
#6976=VERTEX_POINT('',#18388);
#6977=VERTEX_POINT('',#18392);
#6978=VERTEX_POINT('',#18399);
#6979=VERTEX_POINT('',#18403);
#6980=VERTEX_POINT('',#18410);
#6981=VERTEX_POINT('',#18414);
#6982=VERTEX_POINT('',#18421);
#6983=VERTEX_POINT('',#18425);
#6984=VERTEX_POINT('',#18432);
#6985=VERTEX_POINT('',#18436);
#6986=VERTEX_POINT('',#18443);
#6987=VERTEX_POINT('',#18445);
#6988=VERTEX_POINT('',#18449);
#6989=VERTEX_POINT('',#18451);
#6990=VERTEX_POINT('',#18453);
#6991=VERTEX_POINT('',#18455);
#6992=VERTEX_POINT('',#18459);
#6993=VERTEX_POINT('',#18461);
#6994=VERTEX_POINT('',#18463);
#6995=VERTEX_POINT('',#18465);
#6996=VERTEX_POINT('',#18478);
#6997=VERTEX_POINT('',#18480);
#6998=VERTEX_POINT('',#18484);
#6999=VERTEX_POINT('',#18486);
#7000=VERTEX_POINT('',#18488);
#7001=VERTEX_POINT('',#18490);
#7002=VERTEX_POINT('',#18494);
#7003=VERTEX_POINT('',#18496);
#7004=VERTEX_POINT('',#18498);
#7005=VERTEX_POINT('',#18500);
#7006=VERTEX_POINT('',#18513);
#7007=VERTEX_POINT('',#18515);
#7008=VERTEX_POINT('',#18519);
#7009=VERTEX_POINT('',#18521);
#7010=VERTEX_POINT('',#18523);
#7011=VERTEX_POINT('',#18525);
#7012=VERTEX_POINT('',#18529);
#7013=VERTEX_POINT('',#18531);
#7014=VERTEX_POINT('',#18533);
#7015=VERTEX_POINT('',#18535);
#7016=VERTEX_POINT('',#18548);
#7017=VERTEX_POINT('',#18550);
#7018=VERTEX_POINT('',#18554);
#7019=VERTEX_POINT('',#18556);
#7020=VERTEX_POINT('',#18558);
#7021=VERTEX_POINT('',#18560);
#7022=VERTEX_POINT('',#18564);
#7023=VERTEX_POINT('',#18566);
#7024=VERTEX_POINT('',#18568);
#7025=VERTEX_POINT('',#18570);
#7026=VERTEX_POINT('',#18583);
#7027=VERTEX_POINT('',#18585);
#7028=VERTEX_POINT('',#18589);
#7029=VERTEX_POINT('',#18591);
#7030=VERTEX_POINT('',#18593);
#7031=VERTEX_POINT('',#18595);
#7032=VERTEX_POINT('',#18599);
#7033=VERTEX_POINT('',#18601);
#7034=VERTEX_POINT('',#18603);
#7035=VERTEX_POINT('',#18605);
#7036=VERTEX_POINT('',#18618);
#7037=VERTEX_POINT('',#18620);
#7038=VERTEX_POINT('',#18624);
#7039=VERTEX_POINT('',#18626);
#7040=VERTEX_POINT('',#18628);
#7041=VERTEX_POINT('',#18630);
#7042=VERTEX_POINT('',#18634);
#7043=VERTEX_POINT('',#18636);
#7044=VERTEX_POINT('',#18638);
#7045=VERTEX_POINT('',#18640);
#7046=VERTEX_POINT('',#18653);
#7047=VERTEX_POINT('',#18655);
#7048=VERTEX_POINT('',#18659);
#7049=VERTEX_POINT('',#18661);
#7050=VERTEX_POINT('',#18663);
#7051=VERTEX_POINT('',#18665);
#7052=VERTEX_POINT('',#18669);
#7053=VERTEX_POINT('',#18671);
#7054=VERTEX_POINT('',#18673);
#7055=VERTEX_POINT('',#18675);
#7056=VERTEX_POINT('',#18688);
#7057=VERTEX_POINT('',#18690);
#7058=VERTEX_POINT('',#18694);
#7059=VERTEX_POINT('',#18696);
#7060=VERTEX_POINT('',#18698);
#7061=VERTEX_POINT('',#18700);
#7062=VERTEX_POINT('',#18704);
#7063=VERTEX_POINT('',#18706);
#7064=VERTEX_POINT('',#18708);
#7065=VERTEX_POINT('',#18710);
#7066=VERTEX_POINT('',#18723);
#7067=VERTEX_POINT('',#18725);
#7068=VERTEX_POINT('',#18729);
#7069=VERTEX_POINT('',#18731);
#7070=VERTEX_POINT('',#18733);
#7071=VERTEX_POINT('',#18735);
#7072=VERTEX_POINT('',#18739);
#7073=VERTEX_POINT('',#18741);
#7074=VERTEX_POINT('',#18743);
#7075=VERTEX_POINT('',#18745);
#7076=VERTEX_POINT('',#18758);
#7077=VERTEX_POINT('',#18760);
#7078=VERTEX_POINT('',#18764);
#7079=VERTEX_POINT('',#18766);
#7080=VERTEX_POINT('',#18768);
#7081=VERTEX_POINT('',#18770);
#7082=VERTEX_POINT('',#18774);
#7083=VERTEX_POINT('',#18776);
#7084=VERTEX_POINT('',#18778);
#7085=VERTEX_POINT('',#18780);
#7086=VERTEX_POINT('',#18793);
#7087=VERTEX_POINT('',#18795);
#7088=VERTEX_POINT('',#18799);
#7089=VERTEX_POINT('',#18801);
#7090=VERTEX_POINT('',#18803);
#7091=VERTEX_POINT('',#18805);
#7092=VERTEX_POINT('',#18809);
#7093=VERTEX_POINT('',#18811);
#7094=VERTEX_POINT('',#18813);
#7095=VERTEX_POINT('',#18815);
#7096=VERTEX_POINT('',#18828);
#7097=VERTEX_POINT('',#18830);
#7098=VERTEX_POINT('',#18834);
#7099=VERTEX_POINT('',#18836);
#7100=VERTEX_POINT('',#18838);
#7101=VERTEX_POINT('',#18840);
#7102=VERTEX_POINT('',#18844);
#7103=VERTEX_POINT('',#18846);
#7104=VERTEX_POINT('',#18848);
#7105=VERTEX_POINT('',#18850);
#7106=VERTEX_POINT('',#18863);
#7107=VERTEX_POINT('',#18865);
#7108=VERTEX_POINT('',#18869);
#7109=VERTEX_POINT('',#18871);
#7110=VERTEX_POINT('',#18873);
#7111=VERTEX_POINT('',#18875);
#7112=VERTEX_POINT('',#18879);
#7113=VERTEX_POINT('',#18881);
#7114=VERTEX_POINT('',#18883);
#7115=VERTEX_POINT('',#18885);
#7116=VERTEX_POINT('',#18898);
#7117=VERTEX_POINT('',#18900);
#7118=VERTEX_POINT('',#18904);
#7119=VERTEX_POINT('',#18906);
#7120=VERTEX_POINT('',#18908);
#7121=VERTEX_POINT('',#18910);
#7122=VERTEX_POINT('',#18914);
#7123=VERTEX_POINT('',#18916);
#7124=VERTEX_POINT('',#18918);
#7125=VERTEX_POINT('',#18920);
#7126=VERTEX_POINT('',#18933);
#7127=VERTEX_POINT('',#18935);
#7128=VERTEX_POINT('',#18939);
#7129=VERTEX_POINT('',#18941);
#7130=VERTEX_POINT('',#18943);
#7131=VERTEX_POINT('',#18945);
#7132=VERTEX_POINT('',#18949);
#7133=VERTEX_POINT('',#18951);
#7134=VERTEX_POINT('',#18953);
#7135=VERTEX_POINT('',#18955);
#7136=VERTEX_POINT('',#18968);
#7137=VERTEX_POINT('',#18970);
#7138=VERTEX_POINT('',#18974);
#7139=VERTEX_POINT('',#18976);
#7140=VERTEX_POINT('',#18978);
#7141=VERTEX_POINT('',#18980);
#7142=VERTEX_POINT('',#18984);
#7143=VERTEX_POINT('',#18986);
#7144=VERTEX_POINT('',#18988);
#7145=VERTEX_POINT('',#18990);
#7146=VERTEX_POINT('',#19003);
#7147=VERTEX_POINT('',#19005);
#7148=VERTEX_POINT('',#19009);
#7149=VERTEX_POINT('',#19011);
#7150=VERTEX_POINT('',#19013);
#7151=VERTEX_POINT('',#19015);
#7152=VERTEX_POINT('',#19019);
#7153=VERTEX_POINT('',#19021);
#7154=VERTEX_POINT('',#19023);
#7155=VERTEX_POINT('',#19025);
#7156=VERTEX_POINT('',#19038);
#7157=VERTEX_POINT('',#19040);
#7158=VERTEX_POINT('',#19044);
#7159=VERTEX_POINT('',#19046);
#7160=VERTEX_POINT('',#19048);
#7161=VERTEX_POINT('',#19050);
#7162=VERTEX_POINT('',#19054);
#7163=VERTEX_POINT('',#19056);
#7164=VERTEX_POINT('',#19058);
#7165=VERTEX_POINT('',#19060);
#7166=VERTEX_POINT('',#19073);
#7167=VERTEX_POINT('',#19075);
#7168=VERTEX_POINT('',#19079);
#7169=VERTEX_POINT('',#19081);
#7170=VERTEX_POINT('',#19083);
#7171=VERTEX_POINT('',#19085);
#7172=VERTEX_POINT('',#19089);
#7173=VERTEX_POINT('',#19091);
#7174=VERTEX_POINT('',#19093);
#7175=VERTEX_POINT('',#19095);
#7176=VERTEX_POINT('',#19108);
#7177=VERTEX_POINT('',#19110);
#7178=VERTEX_POINT('',#19114);
#7179=VERTEX_POINT('',#19116);
#7180=VERTEX_POINT('',#19118);
#7181=VERTEX_POINT('',#19120);
#7182=VERTEX_POINT('',#19124);
#7183=VERTEX_POINT('',#19126);
#7184=VERTEX_POINT('',#19128);
#7185=VERTEX_POINT('',#19130);
#7186=VERTEX_POINT('',#19143);
#7187=VERTEX_POINT('',#19145);
#7188=VERTEX_POINT('',#19149);
#7189=VERTEX_POINT('',#19151);
#7190=VERTEX_POINT('',#19153);
#7191=VERTEX_POINT('',#19155);
#7192=VERTEX_POINT('',#19159);
#7193=VERTEX_POINT('',#19161);
#7194=VERTEX_POINT('',#19163);
#7195=VERTEX_POINT('',#19165);
#7196=VERTEX_POINT('',#19178);
#7197=VERTEX_POINT('',#19180);
#7198=VERTEX_POINT('',#19184);
#7199=VERTEX_POINT('',#19186);
#7200=VERTEX_POINT('',#19188);
#7201=VERTEX_POINT('',#19190);
#7202=VERTEX_POINT('',#19194);
#7203=VERTEX_POINT('',#19196);
#7204=VERTEX_POINT('',#19198);
#7205=VERTEX_POINT('',#19200);
#7206=VERTEX_POINT('',#19213);
#7207=VERTEX_POINT('',#19215);
#7208=VERTEX_POINT('',#19219);
#7209=VERTEX_POINT('',#19221);
#7210=VERTEX_POINT('',#19223);
#7211=VERTEX_POINT('',#19225);
#7212=VERTEX_POINT('',#19229);
#7213=VERTEX_POINT('',#19231);
#7214=VERTEX_POINT('',#19233);
#7215=VERTEX_POINT('',#19235);
#7216=VERTEX_POINT('',#19266);
#7217=VERTEX_POINT('',#19270);
#7218=VERTEX_POINT('',#19274);
#7219=VERTEX_POINT('',#19278);
#7220=VERTEX_POINT('',#19282);
#7221=VERTEX_POINT('',#19286);
#7222=VERTEX_POINT('',#19293);
#7223=VERTEX_POINT('',#19295);
#7224=VERTEX_POINT('',#19297);
#7225=VERTEX_POINT('',#19299);
#7226=VERTEX_POINT('',#19301);
#7227=VERTEX_POINT('',#19303);
#7228=VERTEX_POINT('',#19338);
#7229=VERTEX_POINT('',#19345);
#7230=VERTEX_POINT('',#19346);
#7231=VERTEX_POINT('',#19348);
#7232=VERTEX_POINT('',#19350);
#7233=VERTEX_POINT('',#19352);
#7234=VERTEX_POINT('',#19354);
#7235=VERTEX_POINT('',#19356);
#7236=VERTEX_POINT('',#19358);
#7237=VERTEX_POINT('',#19360);
#7238=VERTEX_POINT('',#19362);
#7239=VERTEX_POINT('',#19364);
#7240=VERTEX_POINT('',#19366);
#7241=VERTEX_POINT('',#19368);
#7242=VERTEX_POINT('',#19370);
#7243=VERTEX_POINT('',#19372);
#7244=VERTEX_POINT('',#19374);
#7245=VERTEX_POINT('',#19378);
#7246=VERTEX_POINT('',#19382);
#7247=VERTEX_POINT('',#19384);
#7248=VERTEX_POINT('',#19386);
#7249=VERTEX_POINT('',#19389);
#7250=VERTEX_POINT('',#19391);
#7251=VERTEX_POINT('',#19396);
#7252=VERTEX_POINT('',#19397);
#7253=VERTEX_POINT('',#19399);
#7254=VERTEX_POINT('',#19401);
#7255=VERTEX_POINT('',#19404);
#7256=VERTEX_POINT('',#19406);
#7257=VERTEX_POINT('',#19409);
#7258=VERTEX_POINT('',#19410);
#7259=VERTEX_POINT('',#19412);
#7260=VERTEX_POINT('',#19414);
#7261=VERTEX_POINT('',#19418);
#7262=VERTEX_POINT('',#19420);
#7263=VERTEX_POINT('',#19424);
#7264=VERTEX_POINT('',#19425);
#7265=VERTEX_POINT('',#19427);
#7266=VERTEX_POINT('',#19429);
#7267=VERTEX_POINT('',#19431);
#7268=VERTEX_POINT('',#19433);
#7269=VERTEX_POINT('',#19443);
#7270=VERTEX_POINT('',#19444);
#7271=VERTEX_POINT('',#19446);
#7272=VERTEX_POINT('',#19448);
#7273=VERTEX_POINT('',#19450);
#7274=VERTEX_POINT('',#19453);
#7275=VERTEX_POINT('',#19456);
#7276=VERTEX_POINT('',#19457);
#7277=VERTEX_POINT('',#19459);
#7278=VERTEX_POINT('',#19461);
#7279=VERTEX_POINT('',#19465);
#7280=VERTEX_POINT('',#19467);
#7281=VERTEX_POINT('',#19472);
#7282=VERTEX_POINT('',#19476);
#7283=VERTEX_POINT('',#19478);
#7284=VERTEX_POINT('',#19481);
#7285=VERTEX_POINT('',#19495);
#7286=VERTEX_POINT('',#19502);
#7287=VERTEX_POINT('',#19506);
#7288=VERTEX_POINT('',#19508);
#7289=VERTEX_POINT('',#19514);
#7290=VERTEX_POINT('',#19516);
#7291=VERTEX_POINT('',#19520);
#7292=VERTEX_POINT('',#19524);
#7293=VERTEX_POINT('',#19528);
#7294=VERTEX_POINT('',#19532);
#7295=VERTEX_POINT('',#19538);
#7296=VERTEX_POINT('',#19540);
#7297=VERTEX_POINT('',#19549);
#7298=VERTEX_POINT('',#19551);
#7299=VERTEX_POINT('',#19555);
#7300=VERTEX_POINT('',#19556);
#7301=VERTEX_POINT('',#19566);
#7302=VERTEX_POINT('',#19568);
#7303=VERTEX_POINT('',#19572);
#7304=VERTEX_POINT('',#19576);
#7305=VERTEX_POINT('',#19580);
#7306=VERTEX_POINT('',#19584);
#7307=VERTEX_POINT('',#19590);
#7308=VERTEX_POINT('',#19592);
#7309=VERTEX_POINT('',#19601);
#7310=VERTEX_POINT('',#19602);
#7311=VERTEX_POINT('',#19607);
#7312=VERTEX_POINT('',#19611);
#7313=VERTEX_POINT('',#19618);
#7314=EDGE_CURVE('',#6154,#6155,#9060,.T.);
#7315=EDGE_CURVE('',#6154,#6156,#9061,.T.);
#7316=EDGE_CURVE('',#6156,#6157,#9062,.T.);
#7317=EDGE_CURVE('',#6158,#6157,#9063,.T.);
#7318=EDGE_CURVE('',#6159,#6158,#9064,.T.);
#7319=EDGE_CURVE('',#6159,#6160,#9065,.T.);
#7320=EDGE_CURVE('',#6161,#6160,#9066,.T.);
#7321=EDGE_CURVE('',#6155,#6161,#9067,.T.);
#7322=EDGE_CURVE('',#6162,#6163,#9068,.T.);
#7323=EDGE_CURVE('',#6163,#6164,#9069,.T.);
#7324=EDGE_CURVE('',#6164,#6165,#9070,.T.);
#7325=EDGE_CURVE('',#6162,#6165,#9071,.T.);
#7326=EDGE_CURVE('',#6166,#6167,#9072,.T.);
#7327=EDGE_CURVE('',#6166,#6168,#9073,.T.);
#7328=EDGE_CURVE('',#6168,#6169,#9074,.T.);
#7329=EDGE_CURVE('',#6167,#6169,#9075,.T.);
#7330=EDGE_CURVE('',#6170,#6171,#9076,.T.);
#7331=EDGE_CURVE('',#6170,#6172,#9077,.T.);
#7332=EDGE_CURVE('',#6172,#6173,#9078,.T.);
#7333=EDGE_CURVE('',#6173,#6174,#9079,.T.);
#7334=EDGE_CURVE('',#6175,#6174,#9080,.T.);
#7335=EDGE_CURVE('',#6175,#6176,#9081,.T.);
#7336=EDGE_CURVE('',#6177,#6176,#9082,.T.);
#7337=EDGE_CURVE('',#6178,#6177,#9083,.T.);
#7338=EDGE_CURVE('',#6178,#6179,#9084,.T.);
#7339=EDGE_CURVE('',#6179,#6180,#9085,.T.);
#7340=EDGE_CURVE('',#6180,#6181,#9086,.T.);
#7341=EDGE_CURVE('',#6181,#6182,#9087,.T.);
#7342=EDGE_CURVE('',#6183,#6182,#9088,.T.);
#7343=EDGE_CURVE('',#6183,#6184,#9089,.T.);
#7344=EDGE_CURVE('',#6184,#6185,#9090,.T.);
#7345=EDGE_CURVE('',#6185,#6186,#9091,.T.);
#7346=EDGE_CURVE('',#6187,#6186,#9092,.T.);
#7347=EDGE_CURVE('',#6187,#6188,#9093,.T.);
#7348=EDGE_CURVE('',#6188,#6189,#9094,.T.);
#7349=EDGE_CURVE('',#6189,#6190,#9095,.T.);
#7350=EDGE_CURVE('',#6191,#6190,#9096,.T.);
#7351=EDGE_CURVE('',#6191,#6192,#9097,.T.);
#7352=EDGE_CURVE('',#6192,#6193,#9098,.T.);
#7353=EDGE_CURVE('',#6193,#6194,#9099,.T.);
#7354=EDGE_CURVE('',#6195,#6194,#9100,.T.);
#7355=EDGE_CURVE('',#6195,#6196,#9101,.T.);
#7356=EDGE_CURVE('',#6196,#6197,#9102,.T.);
#7357=EDGE_CURVE('',#6197,#6198,#9103,.T.);
#7358=EDGE_CURVE('',#6199,#6198,#9104,.T.);
#7359=EDGE_CURVE('',#6199,#6200,#9105,.T.);
#7360=EDGE_CURVE('',#6200,#6201,#9106,.T.);
#7361=EDGE_CURVE('',#6201,#6202,#9107,.T.);
#7362=EDGE_CURVE('',#6203,#6202,#9108,.T.);
#7363=EDGE_CURVE('',#6203,#6204,#9109,.T.);
#7364=EDGE_CURVE('',#6204,#6205,#9110,.T.);
#7365=EDGE_CURVE('',#6205,#6206,#9111,.T.);
#7366=EDGE_CURVE('',#6207,#6206,#9112,.T.);
#7367=EDGE_CURVE('',#6207,#6208,#9113,.T.);
#7368=EDGE_CURVE('',#6208,#6209,#9114,.T.);
#7369=EDGE_CURVE('',#6209,#6210,#9115,.T.);
#7370=EDGE_CURVE('',#6211,#6210,#9116,.T.);
#7371=EDGE_CURVE('',#6211,#6212,#9117,.T.);
#7372=EDGE_CURVE('',#6212,#6213,#9118,.T.);
#7373=EDGE_CURVE('',#6213,#6214,#9119,.T.);
#7374=EDGE_CURVE('',#6215,#6214,#9120,.T.);
#7375=EDGE_CURVE('',#6215,#6216,#9121,.T.);
#7376=EDGE_CURVE('',#6216,#6217,#9122,.T.);
#7377=EDGE_CURVE('',#6217,#6218,#9123,.T.);
#7378=EDGE_CURVE('',#6219,#6218,#9124,.T.);
#7379=EDGE_CURVE('',#6219,#6220,#9125,.T.);
#7380=EDGE_CURVE('',#6220,#6221,#9126,.T.);
#7381=EDGE_CURVE('',#6221,#6222,#9127,.T.);
#7382=EDGE_CURVE('',#6223,#6222,#9128,.T.);
#7383=EDGE_CURVE('',#6223,#6224,#9129,.T.);
#7384=EDGE_CURVE('',#6224,#6225,#9130,.T.);
#7385=EDGE_CURVE('',#6225,#6226,#9131,.T.);
#7386=EDGE_CURVE('',#6227,#6226,#9132,.T.);
#7387=EDGE_CURVE('',#6227,#6228,#9133,.T.);
#7388=EDGE_CURVE('',#6228,#6229,#9134,.T.);
#7389=EDGE_CURVE('',#6229,#6230,#9135,.T.);
#7390=EDGE_CURVE('',#6231,#6230,#9136,.T.);
#7391=EDGE_CURVE('',#6231,#6232,#9137,.T.);
#7392=EDGE_CURVE('',#6232,#6233,#9138,.T.);
#7393=EDGE_CURVE('',#6233,#6234,#9139,.T.);
#7394=EDGE_CURVE('',#6235,#6234,#9140,.T.);
#7395=EDGE_CURVE('',#6235,#6236,#9141,.T.);
#7396=EDGE_CURVE('',#6236,#6237,#9142,.T.);
#7397=EDGE_CURVE('',#6237,#6238,#9143,.T.);
#7398=EDGE_CURVE('',#6239,#6238,#9144,.T.);
#7399=EDGE_CURVE('',#6239,#6240,#9145,.T.);
#7400=EDGE_CURVE('',#6240,#6241,#9146,.T.);
#7401=EDGE_CURVE('',#6241,#6242,#9147,.T.);
#7402=EDGE_CURVE('',#6243,#6242,#9148,.T.);
#7403=EDGE_CURVE('',#6243,#6244,#9149,.T.);
#7404=EDGE_CURVE('',#6244,#6245,#9150,.T.);
#7405=EDGE_CURVE('',#6245,#6246,#9151,.T.);
#7406=EDGE_CURVE('',#6247,#6246,#9152,.T.);
#7407=EDGE_CURVE('',#6247,#6248,#9153,.T.);
#7408=EDGE_CURVE('',#6248,#6249,#9154,.T.);
#7409=EDGE_CURVE('',#6249,#6250,#9155,.T.);
#7410=EDGE_CURVE('',#6251,#6250,#9156,.T.);
#7411=EDGE_CURVE('',#6251,#6252,#9157,.T.);
#7412=EDGE_CURVE('',#6252,#6253,#9158,.T.);
#7413=EDGE_CURVE('',#6253,#6254,#9159,.T.);
#7414=EDGE_CURVE('',#6255,#6254,#9160,.T.);
#7415=EDGE_CURVE('',#6255,#6256,#9161,.T.);
#7416=EDGE_CURVE('',#6256,#6257,#9162,.T.);
#7417=EDGE_CURVE('',#6257,#6258,#9163,.T.);
#7418=EDGE_CURVE('',#6259,#6258,#9164,.T.);
#7419=EDGE_CURVE('',#6259,#6260,#9165,.T.);
#7420=EDGE_CURVE('',#6260,#6261,#9166,.T.);
#7421=EDGE_CURVE('',#6261,#6262,#9167,.T.);
#7422=EDGE_CURVE('',#6263,#6262,#9168,.T.);
#7423=EDGE_CURVE('',#6263,#6264,#9169,.T.);
#7424=EDGE_CURVE('',#6264,#6265,#9170,.T.);
#7425=EDGE_CURVE('',#6265,#6266,#9171,.T.);
#7426=EDGE_CURVE('',#6267,#6266,#9172,.T.);
#7427=EDGE_CURVE('',#6267,#6268,#9173,.T.);
#7428=EDGE_CURVE('',#6268,#6269,#9174,.T.);
#7429=EDGE_CURVE('',#6269,#6171,#9175,.T.);
#7430=EDGE_CURVE('',#6270,#6271,#9176,.T.);
#7431=EDGE_CURVE('',#6270,#6272,#9177,.T.);
#7432=EDGE_CURVE('',#6272,#6273,#9178,.T.);
#7433=EDGE_CURVE('',#6273,#6271,#9179,.T.);
#7434=EDGE_CURVE('',#6274,#6275,#9180,.T.);
#7435=EDGE_CURVE('',#6274,#6276,#9181,.T.);
#7436=EDGE_CURVE('',#6276,#6169,#9182,.T.);
#7437=EDGE_CURVE('',#6277,#6168,#9183,.T.);
#7438=EDGE_CURVE('',#6278,#6277,#9184,.T.);
#7439=EDGE_CURVE('',#6278,#6279,#9185,.T.);
#7440=EDGE_CURVE('',#6279,#6280,#9186,.T.);
#7441=EDGE_CURVE('',#6280,#6281,#9187,.T.);
#7442=EDGE_CURVE('',#6281,#6282,#9188,.T.);
#7443=EDGE_CURVE('',#6282,#6283,#9189,.T.);
#7444=EDGE_CURVE('',#6283,#6284,#9190,.T.);
#7445=EDGE_CURVE('',#6284,#6275,#9191,.T.);
#7446=EDGE_CURVE('',#6285,#6167,#9192,.T.);
#7447=EDGE_CURVE('',#6285,#6286,#9193,.T.);
#7448=EDGE_CURVE('',#6287,#6286,#9194,.T.);
#7449=EDGE_CURVE('',#6287,#6288,#9195,.T.);
#7450=EDGE_CURVE('',#6289,#6288,#9196,.T.);
#7451=EDGE_CURVE('',#6289,#6166,#9197,.T.);
#7452=EDGE_CURVE('',#6290,#6291,#9198,.T.);
#7453=EDGE_CURVE('',#6290,#6292,#9199,.T.);
#7454=EDGE_CURVE('',#6157,#6292,#9200,.T.);
#7455=EDGE_CURVE('',#6293,#6156,#9201,.T.);
#7456=EDGE_CURVE('',#6294,#6293,#9202,.T.);
#7457=EDGE_CURVE('',#6295,#6294,#9203,.T.);
#7458=EDGE_CURVE('',#6296,#6295,#9204,.T.);
#7459=EDGE_CURVE('',#6291,#6296,#9205,.T.);
#7460=EDGE_CURVE('',#6297,#6298,#9206,.T.);
#7461=EDGE_CURVE('',#6297,#6159,#9207,.T.);
#7462=EDGE_CURVE('',#6158,#6298,#9208,.T.);
#7463=EDGE_CURVE('',#6299,#6300,#9209,.T.);
#7464=EDGE_CURVE('',#6299,#6301,#9210,.T.);
#7465=EDGE_CURVE('',#6301,#6302,#9211,.T.);
#7466=EDGE_CURVE('',#6302,#6300,#9212,.T.);
#7467=EDGE_CURVE('',#6303,#6276,#9213,.T.);
#7468=EDGE_CURVE('',#6304,#6303,#9214,.T.);
#7469=EDGE_CURVE('',#6285,#6304,#9215,.T.);
#7470=EDGE_CURVE('',#6305,#6292,#9216,.T.);
#7471=EDGE_CURVE('',#6306,#6305,#9217,.T.);
#7472=EDGE_CURVE('',#6298,#6306,#9218,.T.);
#7473=EDGE_CURVE('',#6307,#6299,#9219,.T.);
#7474=EDGE_CURVE('',#6308,#6307,#9220,.T.);
#7475=EDGE_CURVE('',#6309,#6308,#9221,.T.);
#7476=EDGE_CURVE('',#6310,#6309,#9222,.T.);
#7477=EDGE_CURVE('',#6284,#6310,#9223,.T.);
#7478=EDGE_CURVE('',#6283,#6301,#9224,.T.);
#7479=EDGE_CURVE('',#6311,#6155,#9225,.T.);
#7480=EDGE_CURVE('',#6311,#6312,#9226,.T.);
#7481=EDGE_CURVE('',#6313,#6312,#9227,.T.);
#7482=EDGE_CURVE('',#6313,#6314,#9228,.T.);
#7483=EDGE_CURVE('',#6315,#6314,#9229,.T.);
#7484=EDGE_CURVE('',#6316,#6315,#9230,.T.);
#7485=EDGE_CURVE('',#6316,#6317,#9231,.T.);
#7486=EDGE_CURVE('',#6317,#6154,#9232,.T.);
#7487=EDGE_CURVE('',#6318,#6319,#9233,.T.);
#7488=EDGE_CURVE('',#6318,#6320,#9234,.T.);
#7489=EDGE_CURVE('',#6165,#6320,#9235,.T.);
#7490=EDGE_CURVE('',#6321,#6164,#9236,.T.);
#7491=EDGE_CURVE('',#6322,#6321,#9237,.T.);
#7492=EDGE_CURVE('',#6319,#6322,#9238,.T.);
#7493=EDGE_CURVE('',#6323,#6162,#9239,.T.);
#7494=EDGE_CURVE('',#6323,#6324,#9240,.T.);
#7495=EDGE_CURVE('',#6325,#6324,#9241,.T.);
#7496=EDGE_CURVE('',#6325,#6326,#9242,.T.);
#7497=EDGE_CURVE('',#6327,#6326,#9243,.T.);
#7498=EDGE_CURVE('',#6327,#6328,#9244,.T.);
#7499=EDGE_CURVE('',#6329,#6328,#9245,.T.);
#7500=EDGE_CURVE('',#6330,#6329,#9246,.T.);
#7501=EDGE_CURVE('',#6331,#6330,#9247,.T.);
#7502=EDGE_CURVE('',#6331,#6332,#9248,.T.);
#7503=EDGE_CURVE('',#6332,#6333,#9249,.T.);
#7504=EDGE_CURVE('',#6163,#6333,#9250,.T.);
#7505=EDGE_CURVE('',#6334,#6335,#9251,.T.);
#7506=EDGE_CURVE('',#6161,#6334,#9252,.T.);
#7507=EDGE_CURVE('',#6335,#6160,#9253,.T.);
#7508=EDGE_CURVE('',#6336,#6337,#9254,.T.);
#7509=EDGE_CURVE('',#6338,#6336,#9255,.T.);
#7510=EDGE_CURVE('',#6338,#6339,#9256,.T.);
#7511=EDGE_CURVE('',#6337,#6339,#9257,.T.);
#7512=EDGE_CURVE('',#6340,#6334,#9258,.T.);
#7513=EDGE_CURVE('',#6341,#6340,#9259,.T.);
#7514=EDGE_CURVE('',#6311,#6341,#9260,.T.);
#7515=EDGE_CURVE('',#6342,#6320,#9261,.T.);
#7516=EDGE_CURVE('',#6343,#6342,#9262,.T.);
#7517=EDGE_CURVE('',#6323,#6343,#9263,.T.);
#7518=EDGE_CURVE('',#6344,#6326,#9264,.T.);
#7519=EDGE_CURVE('',#6345,#6344,#9265,.T.);
#7520=EDGE_CURVE('',#6346,#6345,#9266,.T.);
#7521=EDGE_CURVE('',#6347,#6346,#9267,.T.);
#7522=EDGE_CURVE('',#6337,#6347,#9268,.T.);
#7523=EDGE_CURVE('',#6339,#6327,#9269,.T.);
#7524=EDGE_CURVE('',#6348,#6349,#9270,.T.);
#7525=EDGE_CURVE('',#6348,#6350,#9271,.T.);
#7526=EDGE_CURVE('',#6351,#6350,#9272,.T.);
#7527=EDGE_CURVE('',#6352,#6351,#9273,.T.);
#7528=EDGE_CURVE('',#6353,#6352,#9274,.T.);
#7529=EDGE_CURVE('',#6353,#6354,#9275,.T.);
#7530=EDGE_CURVE('',#6355,#6354,#9276,.T.);
#7531=EDGE_CURVE('',#6356,#6355,#9277,.T.);
#7532=EDGE_CURVE('',#6357,#6356,#9278,.T.);
#7533=EDGE_CURVE('',#6357,#6358,#9279,.T.);
#7534=EDGE_CURVE('',#6359,#6358,#9280,.T.);
#7535=EDGE_CURVE('',#6360,#6359,#9281,.T.);
#7536=EDGE_CURVE('',#6361,#6360,#9282,.T.);
#7537=EDGE_CURVE('',#6361,#6362,#9283,.T.);
#7538=EDGE_CURVE('',#6363,#6362,#9284,.T.);
#7539=EDGE_CURVE('',#6364,#6363,#9285,.T.);
#7540=EDGE_CURVE('',#6365,#6364,#9286,.T.);
#7541=EDGE_CURVE('',#6365,#6366,#9287,.T.);
#7542=EDGE_CURVE('',#6367,#6366,#9288,.T.);
#7543=EDGE_CURVE('',#6368,#6367,#9289,.T.);
#7544=EDGE_CURVE('',#6369,#6368,#9290,.T.);
#7545=EDGE_CURVE('',#6369,#6370,#9291,.T.);
#7546=EDGE_CURVE('',#6371,#6370,#9292,.T.);
#7547=EDGE_CURVE('',#6372,#6371,#9293,.T.);
#7548=EDGE_CURVE('',#6373,#6372,#9294,.T.);
#7549=EDGE_CURVE('',#6373,#6374,#9295,.T.);
#7550=EDGE_CURVE('',#6375,#6374,#9296,.T.);
#7551=EDGE_CURVE('',#6376,#6375,#9297,.T.);
#7552=EDGE_CURVE('',#6377,#6376,#9298,.T.);
#7553=EDGE_CURVE('',#6377,#6378,#9299,.T.);
#7554=EDGE_CURVE('',#6379,#6378,#9300,.T.);
#7555=EDGE_CURVE('',#6380,#6379,#9301,.T.);
#7556=EDGE_CURVE('',#6381,#6380,#9302,.T.);
#7557=EDGE_CURVE('',#6381,#6382,#9303,.T.);
#7558=EDGE_CURVE('',#6383,#6382,#9304,.T.);
#7559=EDGE_CURVE('',#6384,#6383,#9305,.T.);
#7560=EDGE_CURVE('',#6385,#6384,#9306,.T.);
#7561=EDGE_CURVE('',#6385,#6386,#9307,.T.);
#7562=EDGE_CURVE('',#6387,#6386,#9308,.T.);
#7563=EDGE_CURVE('',#6388,#6387,#9309,.T.);
#7564=EDGE_CURVE('',#6389,#6388,#9310,.T.);
#7565=EDGE_CURVE('',#6389,#6390,#9311,.T.);
#7566=EDGE_CURVE('',#6391,#6390,#9312,.T.);
#7567=EDGE_CURVE('',#6392,#6391,#9313,.T.);
#7568=EDGE_CURVE('',#6393,#6392,#9314,.T.);
#7569=EDGE_CURVE('',#6393,#6394,#9315,.T.);
#7570=EDGE_CURVE('',#6395,#6394,#9316,.T.);
#7571=EDGE_CURVE('',#6396,#6395,#9317,.T.);
#7572=EDGE_CURVE('',#6397,#6396,#9318,.T.);
#7573=EDGE_CURVE('',#6397,#6398,#9319,.T.);
#7574=EDGE_CURVE('',#6399,#6398,#9320,.T.);
#7575=EDGE_CURVE('',#6400,#6399,#9321,.T.);
#7576=EDGE_CURVE('',#6401,#6400,#9322,.T.);
#7577=EDGE_CURVE('',#6401,#6402,#9323,.T.);
#7578=EDGE_CURVE('',#6403,#6402,#9324,.T.);
#7579=EDGE_CURVE('',#6404,#6403,#9325,.T.);
#7580=EDGE_CURVE('',#6405,#6404,#9326,.T.);
#7581=EDGE_CURVE('',#6405,#6406,#9327,.T.);
#7582=EDGE_CURVE('',#6407,#6406,#9328,.T.);
#7583=EDGE_CURVE('',#6408,#6407,#9329,.T.);
#7584=EDGE_CURVE('',#6409,#6408,#9330,.T.);
#7585=EDGE_CURVE('',#6409,#6410,#9331,.T.);
#7586=EDGE_CURVE('',#6411,#6410,#9332,.T.);
#7587=EDGE_CURVE('',#6412,#6411,#9333,.T.);
#7588=EDGE_CURVE('',#6413,#6412,#9334,.T.);
#7589=EDGE_CURVE('',#6413,#6414,#9335,.T.);
#7590=EDGE_CURVE('',#6415,#6414,#9336,.T.);
#7591=EDGE_CURVE('',#6416,#6415,#9337,.T.);
#7592=EDGE_CURVE('',#6417,#6416,#9338,.T.);
#7593=EDGE_CURVE('',#6417,#6418,#9339,.T.);
#7594=EDGE_CURVE('',#6419,#6418,#9340,.T.);
#7595=EDGE_CURVE('',#6420,#6419,#9341,.T.);
#7596=EDGE_CURVE('',#6421,#6420,#9342,.T.);
#7597=EDGE_CURVE('',#6421,#6422,#9343,.T.);
#7598=EDGE_CURVE('',#6423,#6422,#9344,.T.);
#7599=EDGE_CURVE('',#6424,#6423,#9345,.T.);
#7600=EDGE_CURVE('',#6425,#6424,#9346,.T.);
#7601=EDGE_CURVE('',#6425,#6426,#9347,.T.);
#7602=EDGE_CURVE('',#6427,#6426,#9348,.T.);
#7603=EDGE_CURVE('',#6428,#6427,#9349,.T.);
#7604=EDGE_CURVE('',#6429,#6428,#9350,.T.);
#7605=EDGE_CURVE('',#6429,#6430,#9351,.T.);
#7606=EDGE_CURVE('',#6431,#6430,#9352,.T.);
#7607=EDGE_CURVE('',#6432,#6431,#9353,.T.);
#7608=EDGE_CURVE('',#6433,#6432,#9354,.T.);
#7609=EDGE_CURVE('',#6433,#6434,#9355,.T.);
#7610=EDGE_CURVE('',#6435,#6434,#9356,.T.);
#7611=EDGE_CURVE('',#6436,#6435,#9357,.T.);
#7612=EDGE_CURVE('',#6437,#6436,#9358,.T.);
#7613=EDGE_CURVE('',#6437,#6438,#9359,.T.);
#7614=EDGE_CURVE('',#6439,#6438,#9360,.T.);
#7615=EDGE_CURVE('',#6440,#6439,#9361,.T.);
#7616=EDGE_CURVE('',#6302,#6440,#9362,.T.);
#7617=EDGE_CURVE('',#6441,#6282,#9363,.T.);
#7618=EDGE_CURVE('',#6442,#6441,#9364,.T.);
#7619=EDGE_CURVE('',#6279,#6442,#9365,.T.);
#7620=EDGE_CURVE('',#6332,#6278,#9366,.T.);
#7621=EDGE_CURVE('',#6443,#6331,#9367,.T.);
#7622=EDGE_CURVE('',#6444,#6443,#9368,.T.);
#7623=EDGE_CURVE('',#6328,#6444,#9369,.T.);
#7624=EDGE_CURVE('',#6445,#6338,#9370,.T.);
#7625=EDGE_CURVE('',#6445,#6446,#9371,.T.);
#7626=EDGE_CURVE('',#6447,#6446,#9372,.T.);
#7627=EDGE_CURVE('',#6349,#6447,#9373,.T.);
#7628=EDGE_CURVE('',#6448,#6297,#9374,.T.);
#7629=EDGE_CURVE('',#6449,#6448,#9375,.T.);
#7630=EDGE_CURVE('',#6450,#6449,#9376,.T.);
#7631=EDGE_CURVE('',#6451,#6450,#9377,.T.);
#7632=EDGE_CURVE('',#6452,#6451,#9378,.T.);
#7633=EDGE_CURVE('',#6453,#6452,#9379,.T.);
#7634=EDGE_CURVE('',#6454,#6453,#9380,.T.);
#7635=EDGE_CURVE('',#6455,#6454,#9381,.T.);
#7636=EDGE_CURVE('',#6456,#6455,#9382,.T.);
#7637=EDGE_CURVE('',#6457,#6456,#9383,.T.);
#7638=EDGE_CURVE('',#6458,#6457,#9384,.T.);
#7639=EDGE_CURVE('',#6459,#6458,#9385,.T.);
#7640=EDGE_CURVE('',#6460,#6459,#9386,.T.);
#7641=EDGE_CURVE('',#6461,#6460,#9387,.T.);
#7642=EDGE_CURVE('',#6300,#6461,#9388,.T.);
#7643=EDGE_CURVE('',#6440,#6462,#9389,.T.);
#7644=EDGE_CURVE('',#6462,#6463,#9390,.T.);
#7645=EDGE_CURVE('',#6437,#6463,#9391,.T.);
#7646=EDGE_CURVE('',#6436,#6464,#9392,.T.);
#7647=EDGE_CURVE('',#6464,#6465,#9393,.T.);
#7648=EDGE_CURVE('',#6433,#6465,#9394,.T.);
#7649=EDGE_CURVE('',#6432,#6466,#9395,.T.);
#7650=EDGE_CURVE('',#6466,#6467,#9396,.T.);
#7651=EDGE_CURVE('',#6429,#6467,#9397,.T.);
#7652=EDGE_CURVE('',#6428,#6468,#9398,.T.);
#7653=EDGE_CURVE('',#6468,#6469,#9399,.T.);
#7654=EDGE_CURVE('',#6425,#6469,#9400,.T.);
#7655=EDGE_CURVE('',#6424,#6470,#9401,.T.);
#7656=EDGE_CURVE('',#6470,#6471,#9402,.T.);
#7657=EDGE_CURVE('',#6421,#6471,#9403,.T.);
#7658=EDGE_CURVE('',#6420,#6472,#9404,.T.);
#7659=EDGE_CURVE('',#6472,#6473,#9405,.T.);
#7660=EDGE_CURVE('',#6417,#6473,#9406,.T.);
#7661=EDGE_CURVE('',#6416,#6474,#9407,.T.);
#7662=EDGE_CURVE('',#6474,#6475,#9408,.T.);
#7663=EDGE_CURVE('',#6413,#6475,#9409,.T.);
#7664=EDGE_CURVE('',#6412,#6476,#9410,.T.);
#7665=EDGE_CURVE('',#6476,#6477,#9411,.T.);
#7666=EDGE_CURVE('',#6409,#6477,#9412,.T.);
#7667=EDGE_CURVE('',#6408,#6478,#9413,.T.);
#7668=EDGE_CURVE('',#6478,#6479,#9414,.T.);
#7669=EDGE_CURVE('',#6405,#6479,#9415,.T.);
#7670=EDGE_CURVE('',#6404,#6480,#9416,.T.);
#7671=EDGE_CURVE('',#6480,#6481,#9417,.T.);
#7672=EDGE_CURVE('',#6401,#6481,#9418,.T.);
#7673=EDGE_CURVE('',#6400,#6482,#9419,.T.);
#7674=EDGE_CURVE('',#6482,#6483,#9420,.T.);
#7675=EDGE_CURVE('',#6397,#6483,#9421,.T.);
#7676=EDGE_CURVE('',#6396,#6484,#9422,.T.);
#7677=EDGE_CURVE('',#6484,#6485,#9423,.T.);
#7678=EDGE_CURVE('',#6393,#6485,#9424,.T.);
#7679=EDGE_CURVE('',#6392,#6486,#9425,.T.);
#7680=EDGE_CURVE('',#6486,#6487,#9426,.T.);
#7681=EDGE_CURVE('',#6389,#6487,#9427,.T.);
#7682=EDGE_CURVE('',#6388,#6488,#9428,.T.);
#7683=EDGE_CURVE('',#6488,#6489,#9429,.T.);
#7684=EDGE_CURVE('',#6385,#6489,#9430,.T.);
#7685=EDGE_CURVE('',#6384,#6490,#9431,.T.);
#7686=EDGE_CURVE('',#6490,#6491,#9432,.T.);
#7687=EDGE_CURVE('',#6381,#6491,#9433,.T.);
#7688=EDGE_CURVE('',#6380,#6492,#9434,.T.);
#7689=EDGE_CURVE('',#6492,#6493,#9435,.T.);
#7690=EDGE_CURVE('',#6377,#6493,#9436,.T.);
#7691=EDGE_CURVE('',#6376,#6494,#9437,.T.);
#7692=EDGE_CURVE('',#6494,#6495,#9438,.T.);
#7693=EDGE_CURVE('',#6373,#6495,#9439,.T.);
#7694=EDGE_CURVE('',#6372,#6496,#9440,.T.);
#7695=EDGE_CURVE('',#6496,#6497,#9441,.T.);
#7696=EDGE_CURVE('',#6369,#6497,#9442,.T.);
#7697=EDGE_CURVE('',#6368,#6498,#9443,.T.);
#7698=EDGE_CURVE('',#6498,#6499,#9444,.T.);
#7699=EDGE_CURVE('',#6365,#6499,#9445,.T.);
#7700=EDGE_CURVE('',#6364,#6500,#9446,.T.);
#7701=EDGE_CURVE('',#6500,#6501,#9447,.T.);
#7702=EDGE_CURVE('',#6361,#6501,#9448,.T.);
#7703=EDGE_CURVE('',#6360,#6502,#9449,.T.);
#7704=EDGE_CURVE('',#6502,#6503,#9450,.T.);
#7705=EDGE_CURVE('',#6357,#6503,#9451,.T.);
#7706=EDGE_CURVE('',#6356,#6504,#9452,.T.);
#7707=EDGE_CURVE('',#6504,#6505,#9453,.T.);
#7708=EDGE_CURVE('',#6353,#6505,#9454,.T.);
#7709=EDGE_CURVE('',#6352,#6506,#9455,.T.);
#7710=EDGE_CURVE('',#6506,#6507,#9456,.T.);
#7711=EDGE_CURVE('',#6348,#6507,#9457,.T.);
#7712=EDGE_CURVE('',#6349,#6508,#9458,.T.);
#7713=EDGE_CURVE('',#6508,#6509,#9459,.T.);
#7714=EDGE_CURVE('',#6445,#6509,#9460,.T.);
#7715=EDGE_CURVE('',#6510,#6336,#9461,.T.);
#7716=EDGE_CURVE('',#6511,#6510,#9462,.T.);
#7717=EDGE_CURVE('',#6512,#6511,#9463,.T.);
#7718=EDGE_CURVE('',#6513,#6512,#9464,.T.);
#7719=EDGE_CURVE('',#6514,#6513,#9465,.T.);
#7720=EDGE_CURVE('',#6515,#6514,#9466,.T.);
#7721=EDGE_CURVE('',#6516,#6515,#9467,.T.);
#7722=EDGE_CURVE('',#6517,#6516,#9468,.T.);
#7723=EDGE_CURVE('',#6518,#6517,#9469,.T.);
#7724=EDGE_CURVE('',#6519,#6518,#9470,.T.);
#7725=EDGE_CURVE('',#6520,#6519,#9471,.T.);
#7726=EDGE_CURVE('',#6521,#6520,#9472,.T.);
#7727=EDGE_CURVE('',#6522,#6521,#9473,.T.);
#7728=EDGE_CURVE('',#6523,#6522,#9474,.T.);
#7729=EDGE_CURVE('',#6335,#6523,#9475,.T.);
#7730=EDGE_CURVE('',#6524,#6525,#9476,.T.);
#7731=EDGE_CURVE('',#6526,#6524,#9477,.T.);
#7732=EDGE_CURVE('',#6526,#6527,#9478,.T.);
#7733=EDGE_CURVE('',#6527,#6525,#9479,.T.);
#7734=EDGE_CURVE('',#6528,#6529,#9480,.T.);
#7735=EDGE_CURVE('',#6530,#6528,#9481,.T.);
#7736=EDGE_CURVE('',#6530,#6531,#9482,.T.);
#7737=EDGE_CURVE('',#6531,#6532,#9483,.T.);
#7738=EDGE_CURVE('',#6532,#6533,#9484,.T.);
#7739=EDGE_CURVE('',#6533,#6529,#9485,.T.);
#7740=EDGE_CURVE('',#6321,#6534,#9486,.T.);
#7741=EDGE_CURVE('',#6534,#6535,#9487,.T.);
#7742=EDGE_CURVE('',#6535,#6329,#9488,.T.);
#7743=EDGE_CURVE('',#6536,#6444,#9489,.T.);
#7744=EDGE_CURVE('',#6315,#6536,#9490,.T.);
#7745=EDGE_CURVE('',#6314,#6322,#110,.T.);
#7746=EDGE_CURVE('',#6288,#6296,#111,.T.);
#7747=EDGE_CURVE('',#6537,#6295,#9491,.T.);
#7748=EDGE_CURVE('',#6537,#6441,#9492,.T.);
#7749=EDGE_CURVE('',#6525,#6281,#9493,.T.);
#7750=EDGE_CURVE('',#6527,#6289,#9494,.T.);
#7751=EDGE_CURVE('',#6291,#6287,#112,.T.);
#7752=EDGE_CURVE('',#6319,#6313,#113,.T.);
#7753=EDGE_CURVE('',#6538,#6539,#9495,.T.);
#7754=EDGE_CURVE('',#6540,#6538,#9496,.T.);
#7755=EDGE_CURVE('',#6540,#6541,#9497,.T.);
#7756=EDGE_CURVE('',#6542,#6541,#9498,.T.);
#7757=EDGE_CURVE('',#6542,#6543,#9499,.T.);
#7758=EDGE_CURVE('',#6539,#6543,#9500,.T.);
#7759=EDGE_CURVE('',#6544,#6545,#9501,.T.);
#7760=EDGE_CURVE('',#6544,#6546,#9502,.T.);
#7761=EDGE_CURVE('',#6547,#6546,#9503,.T.);
#7762=EDGE_CURVE('',#6545,#6547,#114,.T.);
#7763=EDGE_CURVE('',#6548,#6549,#9504,.T.);
#7764=EDGE_CURVE('',#6548,#6550,#9505,.T.);
#7765=EDGE_CURVE('',#6551,#6550,#9506,.T.);
#7766=EDGE_CURVE('',#6549,#6551,#115,.T.);
#7767=EDGE_CURVE('',#6552,#6333,#9507,.T.);
#7768=EDGE_CURVE('',#6277,#6553,#9508,.T.);
#7769=EDGE_CURVE('',#6553,#6554,#9509,.T.);
#7770=EDGE_CURVE('',#6555,#6554,#9510,.T.);
#7771=EDGE_CURVE('',#6556,#6555,#9511,.T.);
#7772=EDGE_CURVE('',#6557,#6556,#9512,.T.);
#7773=EDGE_CURVE('',#6557,#6558,#9513,.T.);
#7774=EDGE_CURVE('',#6559,#6558,#9514,.T.);
#7775=EDGE_CURVE('',#6529,#6559,#9515,.T.);
#7776=EDGE_CURVE('',#6533,#6560,#9516,.T.);
#7777=EDGE_CURVE('',#6561,#6560,#9517,.T.);
#7778=EDGE_CURVE('',#6541,#6561,#9518,.T.);
#7779=EDGE_CURVE('',#6540,#6562,#9519,.T.);
#7780=EDGE_CURVE('',#6563,#6562,#9520,.T.);
#7781=EDGE_CURVE('',#6552,#6563,#9521,.T.);
#7782=EDGE_CURVE('',#6564,#6565,#9522,.T.);
#7783=EDGE_CURVE('',#6561,#6564,#9523,.T.);
#7784=EDGE_CURVE('',#6560,#6565,#9524,.T.);
#7785=EDGE_CURVE('',#6564,#6566,#9525,.T.);
#7786=EDGE_CURVE('',#6566,#6542,#9526,.T.);
#7787=EDGE_CURVE('',#6565,#6567,#9527,.T.);
#7788=EDGE_CURVE('',#6567,#6532,#9528,.T.);
#7789=EDGE_CURVE('',#6567,#6566,#9529,.T.);
#7790=EDGE_CURVE('',#6568,#6170,#9530,.T.);
#7791=EDGE_CURVE('',#6568,#6569,#9531,.T.);
#7792=EDGE_CURVE('',#6569,#6268,#9532,.T.);
#7793=EDGE_CURVE('',#6570,#6267,#9533,.T.);
#7794=EDGE_CURVE('',#6570,#6571,#9534,.T.);
#7795=EDGE_CURVE('',#6571,#6264,#9535,.T.);
#7796=EDGE_CURVE('',#6572,#6263,#9536,.T.);
#7797=EDGE_CURVE('',#6572,#6573,#9537,.T.);
#7798=EDGE_CURVE('',#6573,#6260,#9538,.T.);
#7799=EDGE_CURVE('',#6574,#6259,#9539,.T.);
#7800=EDGE_CURVE('',#6574,#6575,#9540,.T.);
#7801=EDGE_CURVE('',#6575,#6256,#9541,.T.);
#7802=EDGE_CURVE('',#6576,#6255,#9542,.T.);
#7803=EDGE_CURVE('',#6576,#6577,#9543,.T.);
#7804=EDGE_CURVE('',#6577,#6252,#9544,.T.);
#7805=EDGE_CURVE('',#6578,#6251,#9545,.T.);
#7806=EDGE_CURVE('',#6578,#6579,#9546,.T.);
#7807=EDGE_CURVE('',#6579,#6248,#9547,.T.);
#7808=EDGE_CURVE('',#6580,#6247,#9548,.T.);
#7809=EDGE_CURVE('',#6580,#6581,#9549,.T.);
#7810=EDGE_CURVE('',#6581,#6244,#9550,.T.);
#7811=EDGE_CURVE('',#6582,#6243,#9551,.T.);
#7812=EDGE_CURVE('',#6582,#6583,#9552,.T.);
#7813=EDGE_CURVE('',#6583,#6240,#9553,.T.);
#7814=EDGE_CURVE('',#6584,#6239,#9554,.T.);
#7815=EDGE_CURVE('',#6584,#6585,#9555,.T.);
#7816=EDGE_CURVE('',#6585,#6236,#9556,.T.);
#7817=EDGE_CURVE('',#6586,#6235,#9557,.T.);
#7818=EDGE_CURVE('',#6586,#6587,#9558,.T.);
#7819=EDGE_CURVE('',#6587,#6232,#9559,.T.);
#7820=EDGE_CURVE('',#6588,#6231,#9560,.T.);
#7821=EDGE_CURVE('',#6588,#6589,#9561,.T.);
#7822=EDGE_CURVE('',#6589,#6228,#9562,.T.);
#7823=EDGE_CURVE('',#6590,#6227,#9563,.T.);
#7824=EDGE_CURVE('',#6590,#6591,#9564,.T.);
#7825=EDGE_CURVE('',#6591,#6224,#9565,.T.);
#7826=EDGE_CURVE('',#6592,#6223,#9566,.T.);
#7827=EDGE_CURVE('',#6592,#6593,#9567,.T.);
#7828=EDGE_CURVE('',#6593,#6220,#9568,.T.);
#7829=EDGE_CURVE('',#6594,#6219,#9569,.T.);
#7830=EDGE_CURVE('',#6594,#6595,#9570,.T.);
#7831=EDGE_CURVE('',#6595,#6216,#9571,.T.);
#7832=EDGE_CURVE('',#6596,#6215,#9572,.T.);
#7833=EDGE_CURVE('',#6596,#6597,#9573,.T.);
#7834=EDGE_CURVE('',#6597,#6212,#9574,.T.);
#7835=EDGE_CURVE('',#6598,#6211,#9575,.T.);
#7836=EDGE_CURVE('',#6598,#6599,#9576,.T.);
#7837=EDGE_CURVE('',#6599,#6208,#9577,.T.);
#7838=EDGE_CURVE('',#6600,#6207,#9578,.T.);
#7839=EDGE_CURVE('',#6600,#6601,#9579,.T.);
#7840=EDGE_CURVE('',#6601,#6204,#9580,.T.);
#7841=EDGE_CURVE('',#6602,#6203,#9581,.T.);
#7842=EDGE_CURVE('',#6602,#6603,#9582,.T.);
#7843=EDGE_CURVE('',#6603,#6200,#9583,.T.);
#7844=EDGE_CURVE('',#6604,#6199,#9584,.T.);
#7845=EDGE_CURVE('',#6604,#6605,#9585,.T.);
#7846=EDGE_CURVE('',#6605,#6196,#9586,.T.);
#7847=EDGE_CURVE('',#6606,#6195,#9587,.T.);
#7848=EDGE_CURVE('',#6606,#6607,#9588,.T.);
#7849=EDGE_CURVE('',#6607,#6192,#9589,.T.);
#7850=EDGE_CURVE('',#6608,#6191,#9590,.T.);
#7851=EDGE_CURVE('',#6608,#6609,#9591,.T.);
#7852=EDGE_CURVE('',#6609,#6188,#9592,.T.);
#7853=EDGE_CURVE('',#6610,#6187,#9593,.T.);
#7854=EDGE_CURVE('',#6610,#6611,#9594,.T.);
#7855=EDGE_CURVE('',#6611,#6184,#9595,.T.);
#7856=EDGE_CURVE('',#6612,#6183,#9596,.T.);
#7857=EDGE_CURVE('',#6612,#6613,#9597,.T.);
#7858=EDGE_CURVE('',#6613,#6180,#9598,.T.);
#7859=EDGE_CURVE('',#6179,#6614,#9599,.T.);
#7860=EDGE_CURVE('',#6294,#6614,#9600,.T.);
#7861=EDGE_CURVE('',#6317,#6293,#9601,.T.);
#7862=EDGE_CURVE('',#6615,#6316,#9602,.T.);
#7863=EDGE_CURVE('',#6176,#6615,#9603,.T.);
#7864=EDGE_CURVE('',#6616,#6175,#9604,.T.);
#7865=EDGE_CURVE('',#6616,#6617,#9605,.T.);
#7866=EDGE_CURVE('',#6617,#6172,#9606,.T.);
#7867=EDGE_CURVE('',#6618,#6178,#9607,.T.);
#7868=EDGE_CURVE('',#6619,#6177,#9608,.T.);
#7869=EDGE_CURVE('',#6618,#6619,#9609,.T.);
#7870=EDGE_CURVE('',#6620,#6621,#9610,.T.);
#7871=EDGE_CURVE('',#6620,#6622,#9611,.T.);
#7872=EDGE_CURVE('',#6622,#6623,#9612,.T.);
#7873=EDGE_CURVE('',#6623,#6621,#9613,.T.);
#7874=EDGE_CURVE('',#6624,#6625,#9614,.T.);
#7875=EDGE_CURVE('',#6624,#6626,#9615,.T.);
#7876=EDGE_CURVE('',#6626,#6627,#9616,.T.);
#7877=EDGE_CURVE('',#6627,#6625,#9617,.T.);
#7878=EDGE_CURVE('',#6628,#6629,#9618,.T.);
#7879=EDGE_CURVE('',#6628,#6630,#9619,.T.);
#7880=EDGE_CURVE('',#6630,#6631,#9620,.T.);
#7881=EDGE_CURVE('',#6631,#6629,#9621,.T.);
#7882=EDGE_CURVE('',#6632,#6633,#9622,.T.);
#7883=EDGE_CURVE('',#6632,#6634,#9623,.T.);
#7884=EDGE_CURVE('',#6634,#6635,#9624,.T.);
#7885=EDGE_CURVE('',#6635,#6633,#9625,.T.);
#7886=EDGE_CURVE('',#6636,#6637,#9626,.T.);
#7887=EDGE_CURVE('',#6636,#6638,#9627,.T.);
#7888=EDGE_CURVE('',#6638,#6639,#9628,.T.);
#7889=EDGE_CURVE('',#6639,#6637,#9629,.T.);
#7890=EDGE_CURVE('',#6640,#6641,#9630,.T.);
#7891=EDGE_CURVE('',#6640,#6642,#9631,.T.);
#7892=EDGE_CURVE('',#6642,#6643,#9632,.T.);
#7893=EDGE_CURVE('',#6643,#6641,#9633,.T.);
#7894=EDGE_CURVE('',#6644,#6645,#9634,.T.);
#7895=EDGE_CURVE('',#6644,#6646,#9635,.T.);
#7896=EDGE_CURVE('',#6646,#6647,#9636,.T.);
#7897=EDGE_CURVE('',#6647,#6645,#9637,.T.);
#7898=EDGE_CURVE('',#6648,#6649,#9638,.T.);
#7899=EDGE_CURVE('',#6648,#6650,#9639,.T.);
#7900=EDGE_CURVE('',#6650,#6651,#9640,.T.);
#7901=EDGE_CURVE('',#6651,#6649,#9641,.T.);
#7902=EDGE_CURVE('',#6652,#6653,#9642,.T.);
#7903=EDGE_CURVE('',#6652,#6654,#9643,.T.);
#7904=EDGE_CURVE('',#6654,#6655,#9644,.T.);
#7905=EDGE_CURVE('',#6655,#6653,#9645,.T.);
#7906=EDGE_CURVE('',#6656,#6657,#9646,.T.);
#7907=EDGE_CURVE('',#6656,#6658,#9647,.T.);
#7908=EDGE_CURVE('',#6658,#6659,#9648,.T.);
#7909=EDGE_CURVE('',#6659,#6657,#9649,.T.);
#7910=EDGE_CURVE('',#6660,#6661,#9650,.T.);
#7911=EDGE_CURVE('',#6660,#6662,#9651,.T.);
#7912=EDGE_CURVE('',#6662,#6663,#9652,.T.);
#7913=EDGE_CURVE('',#6663,#6661,#9653,.T.);
#7914=EDGE_CURVE('',#6664,#6665,#9654,.T.);
#7915=EDGE_CURVE('',#6664,#6666,#9655,.T.);
#7916=EDGE_CURVE('',#6666,#6667,#9656,.T.);
#7917=EDGE_CURVE('',#6667,#6665,#9657,.T.);
#7918=EDGE_CURVE('',#6668,#6669,#9658,.T.);
#7919=EDGE_CURVE('',#6668,#6670,#9659,.T.);
#7920=EDGE_CURVE('',#6670,#6671,#9660,.T.);
#7921=EDGE_CURVE('',#6671,#6669,#9661,.T.);
#7922=EDGE_CURVE('',#6672,#6673,#9662,.T.);
#7923=EDGE_CURVE('',#6672,#6674,#9663,.T.);
#7924=EDGE_CURVE('',#6674,#6675,#9664,.T.);
#7925=EDGE_CURVE('',#6675,#6673,#9665,.T.);
#7926=EDGE_CURVE('',#6676,#6677,#9666,.T.);
#7927=EDGE_CURVE('',#6676,#6678,#9667,.T.);
#7928=EDGE_CURVE('',#6678,#6679,#9668,.T.);
#7929=EDGE_CURVE('',#6679,#6677,#9669,.T.);
#7930=EDGE_CURVE('',#6680,#6681,#9670,.T.);
#7931=EDGE_CURVE('',#6680,#6682,#9671,.T.);
#7932=EDGE_CURVE('',#6682,#6683,#9672,.T.);
#7933=EDGE_CURVE('',#6683,#6681,#9673,.T.);
#7934=EDGE_CURVE('',#6684,#6685,#9674,.T.);
#7935=EDGE_CURVE('',#6684,#6686,#9675,.T.);
#7936=EDGE_CURVE('',#6686,#6687,#9676,.T.);
#7937=EDGE_CURVE('',#6687,#6685,#9677,.T.);
#7938=EDGE_CURVE('',#6688,#6689,#9678,.T.);
#7939=EDGE_CURVE('',#6688,#6690,#9679,.T.);
#7940=EDGE_CURVE('',#6690,#6691,#9680,.T.);
#7941=EDGE_CURVE('',#6691,#6689,#9681,.T.);
#7942=EDGE_CURVE('',#6692,#6693,#9682,.T.);
#7943=EDGE_CURVE('',#6692,#6694,#9683,.T.);
#7944=EDGE_CURVE('',#6694,#6695,#9684,.T.);
#7945=EDGE_CURVE('',#6695,#6693,#9685,.T.);
#7946=EDGE_CURVE('',#6696,#6697,#9686,.T.);
#7947=EDGE_CURVE('',#6696,#6698,#9687,.T.);
#7948=EDGE_CURVE('',#6698,#6699,#9688,.T.);
#7949=EDGE_CURVE('',#6699,#6697,#9689,.T.);
#7950=EDGE_CURVE('',#6700,#6701,#9690,.T.);
#7951=EDGE_CURVE('',#6700,#6702,#9691,.T.);
#7952=EDGE_CURVE('',#6702,#6703,#9692,.T.);
#7953=EDGE_CURVE('',#6703,#6701,#9693,.T.);
#7954=EDGE_CURVE('',#6704,#6705,#9694,.T.);
#7955=EDGE_CURVE('',#6704,#6706,#9695,.T.);
#7956=EDGE_CURVE('',#6706,#6707,#9696,.T.);
#7957=EDGE_CURVE('',#6707,#6705,#9697,.T.);
#7958=EDGE_CURVE('',#6708,#6709,#9698,.T.);
#7959=EDGE_CURVE('',#6708,#6710,#9699,.T.);
#7960=EDGE_CURVE('',#6710,#6711,#9700,.T.);
#7961=EDGE_CURVE('',#6711,#6709,#9701,.T.);
#7962=EDGE_CURVE('',#6712,#6713,#9702,.T.);
#7963=EDGE_CURVE('',#6712,#6714,#9703,.T.);
#7964=EDGE_CURVE('',#6714,#6715,#9704,.T.);
#7965=EDGE_CURVE('',#6715,#6713,#9705,.T.);
#7966=EDGE_CURVE('',#6531,#6618,#9706,.T.);
#7967=EDGE_CURVE('',#6543,#6619,#9707,.T.);
#7968=EDGE_CURVE('',#6716,#6615,#9708,.T.);
#7969=EDGE_CURVE('',#6716,#6717,#9709,.T.);
#7970=EDGE_CURVE('',#6717,#6539,#9710,.T.);
#7971=EDGE_CURVE('',#6614,#6718,#9711,.T.);
#7972=EDGE_CURVE('',#6719,#6530,#9712,.T.);
#7973=EDGE_CURVE('',#6718,#6719,#9713,.T.);
#7974=EDGE_CURVE('',#6720,#6721,#9714,.T.);
#7975=EDGE_CURVE('',#6720,#6547,#9715,.T.);
#7976=EDGE_CURVE('',#6546,#6721,#9716,.T.);
#7977=EDGE_CURVE('',#6722,#6723,#9717,.T.);
#7978=EDGE_CURVE('',#6544,#6722,#9718,.T.);
#7979=EDGE_CURVE('',#6723,#6545,#9719,.T.);
#7980=EDGE_CURVE('',#6723,#6720,#116,.T.);
#7981=EDGE_CURVE('',#6724,#6725,#9720,.T.);
#7982=EDGE_CURVE('',#6724,#6551,#9721,.T.);
#7983=EDGE_CURVE('',#6550,#6725,#9722,.T.);
#7984=EDGE_CURVE('',#6726,#6727,#9723,.T.);
#7985=EDGE_CURVE('',#6548,#6726,#9724,.T.);
#7986=EDGE_CURVE('',#6727,#6549,#9725,.T.);
#7987=EDGE_CURVE('',#6727,#6724,#117,.T.);
#7988=EDGE_CURVE('',#6728,#6443,#9726,.T.);
#7989=EDGE_CURVE('',#6728,#6729,#9727,.T.);
#7990=EDGE_CURVE('',#6730,#6729,#9728,.T.);
#7991=EDGE_CURVE('',#6536,#6730,#9729,.T.);
#7992=EDGE_CURVE('',#6731,#6732,#9730,.T.);
#7993=EDGE_CURVE('',#6732,#6535,#9731,.T.);
#7994=EDGE_CURVE('',#6534,#6731,#9732,.T.);
#7995=EDGE_CURVE('',#6725,#6728,#9733,.T.);
#7996=EDGE_CURVE('',#6732,#6330,#9734,.T.);
#7997=EDGE_CURVE('',#6731,#6726,#9735,.T.);
#7998=EDGE_CURVE('',#6733,#6442,#9736,.T.);
#7999=EDGE_CURVE('',#6734,#6537,#9737,.T.);
#8000=EDGE_CURVE('',#6734,#6735,#9738,.T.);
#8001=EDGE_CURVE('',#6735,#6733,#9739,.T.);
#8002=EDGE_CURVE('',#6733,#6722,#9740,.T.);
#8003=EDGE_CURVE('',#6721,#6526,#9741,.T.);
#8004=EDGE_CURVE('',#6524,#6280,#9742,.T.);
#8005=EDGE_CURVE('',#6734,#6718,#9743,.T.);
#8006=EDGE_CURVE('',#6719,#6735,#9744,.T.);
#8007=EDGE_CURVE('',#6729,#6717,#9745,.T.);
#8008=EDGE_CURVE('',#6716,#6730,#9746,.T.);
#8009=EDGE_CURVE('',#6736,#6737,#9747,.T.);
#8010=EDGE_CURVE('',#6738,#6737,#9748,.T.);
#8011=EDGE_CURVE('',#6739,#6738,#9749,.T.);
#8012=EDGE_CURVE('',#6739,#6736,#9750,.T.);
#8013=EDGE_CURVE('',#6737,#6740,#118,.T.);
#8014=EDGE_CURVE('',#6741,#6740,#9751,.T.);
#8015=EDGE_CURVE('',#6738,#6741,#119,.T.);
#8016=EDGE_CURVE('',#6740,#6742,#9752,.T.);
#8017=EDGE_CURVE('',#6743,#6742,#9753,.T.);
#8018=EDGE_CURVE('',#6741,#6743,#9754,.T.);
#8019=EDGE_CURVE('',#6743,#6712,#9755,.T.);
#8020=EDGE_CURVE('',#6713,#6739,#120,.T.);
#8021=EDGE_CURVE('',#6742,#6714,#9756,.T.);
#8022=EDGE_CURVE('',#6715,#6736,#121,.T.);
#8023=EDGE_CURVE('',#6744,#6616,#122,.T.);
#8024=EDGE_CURVE('',#6174,#6744,#9757,.T.);
#8025=EDGE_CURVE('',#6745,#6617,#123,.T.);
#8026=EDGE_CURVE('',#6173,#6745,#9758,.T.);
#8027=EDGE_CURVE('',#6744,#6745,#9759,.T.);
#8028=EDGE_CURVE('',#6746,#6447,#9760,.T.);
#8029=EDGE_CURVE('',#6747,#6446,#9761,.T.);
#8030=EDGE_CURVE('',#6747,#6746,#9762,.T.);
#8031=EDGE_CURVE('',#6509,#6748,#9763,.T.);
#8032=EDGE_CURVE('',#6748,#6749,#9764,.T.);
#8033=EDGE_CURVE('',#6749,#6750,#9765,.T.);
#8034=EDGE_CURVE('',#6750,#6751,#9766,.T.);
#8035=EDGE_CURVE('',#6751,#6747,#9767,.T.);
#8036=EDGE_CURVE('',#6752,#6746,#9768,.T.);
#8037=EDGE_CURVE('',#6753,#6752,#9769,.T.);
#8038=EDGE_CURVE('',#6754,#6753,#9770,.T.);
#8039=EDGE_CURVE('',#6755,#6754,#9771,.T.);
#8040=EDGE_CURVE('',#6508,#6755,#9772,.T.);
#8041=EDGE_CURVE('',#6748,#6755,#9773,.T.);
#8042=EDGE_CURVE('',#6749,#6754,#9774,.T.);
#8043=EDGE_CURVE('',#6750,#6753,#9775,.T.);
#8044=EDGE_CURVE('',#6751,#6752,#9776,.T.);
#8045=EDGE_CURVE('',#6756,#6757,#9777,.T.);
#8046=EDGE_CURVE('',#6758,#6757,#9778,.T.);
#8047=EDGE_CURVE('',#6759,#6758,#9779,.T.);
#8048=EDGE_CURVE('',#6759,#6756,#9780,.T.);
#8049=EDGE_CURVE('',#6757,#6760,#124,.T.);
#8050=EDGE_CURVE('',#6761,#6760,#9781,.T.);
#8051=EDGE_CURVE('',#6758,#6761,#125,.T.);
#8052=EDGE_CURVE('',#6760,#6762,#9782,.T.);
#8053=EDGE_CURVE('',#6763,#6762,#9783,.T.);
#8054=EDGE_CURVE('',#6761,#6763,#9784,.T.);
#8055=EDGE_CURVE('',#6763,#6708,#9785,.T.);
#8056=EDGE_CURVE('',#6709,#6759,#126,.T.);
#8057=EDGE_CURVE('',#6762,#6710,#9786,.T.);
#8058=EDGE_CURVE('',#6711,#6756,#127,.T.);
#8059=EDGE_CURVE('',#6764,#6765,#9787,.T.);
#8060=EDGE_CURVE('',#6766,#6765,#9788,.T.);
#8061=EDGE_CURVE('',#6767,#6766,#9789,.T.);
#8062=EDGE_CURVE('',#6767,#6764,#9790,.T.);
#8063=EDGE_CURVE('',#6765,#6768,#128,.T.);
#8064=EDGE_CURVE('',#6769,#6768,#9791,.T.);
#8065=EDGE_CURVE('',#6766,#6769,#129,.T.);
#8066=EDGE_CURVE('',#6768,#6770,#9792,.T.);
#8067=EDGE_CURVE('',#6771,#6770,#9793,.T.);
#8068=EDGE_CURVE('',#6769,#6771,#9794,.T.);
#8069=EDGE_CURVE('',#6771,#6704,#9795,.T.);
#8070=EDGE_CURVE('',#6705,#6767,#130,.T.);
#8071=EDGE_CURVE('',#6770,#6706,#9796,.T.);
#8072=EDGE_CURVE('',#6707,#6764,#131,.T.);
#8073=EDGE_CURVE('',#6772,#6773,#9797,.T.);
#8074=EDGE_CURVE('',#6774,#6773,#9798,.T.);
#8075=EDGE_CURVE('',#6775,#6774,#9799,.T.);
#8076=EDGE_CURVE('',#6775,#6772,#9800,.T.);
#8077=EDGE_CURVE('',#6773,#6776,#132,.T.);
#8078=EDGE_CURVE('',#6777,#6776,#9801,.T.);
#8079=EDGE_CURVE('',#6774,#6777,#133,.T.);
#8080=EDGE_CURVE('',#6776,#6778,#9802,.T.);
#8081=EDGE_CURVE('',#6779,#6778,#9803,.T.);
#8082=EDGE_CURVE('',#6777,#6779,#9804,.T.);
#8083=EDGE_CURVE('',#6779,#6700,#9805,.T.);
#8084=EDGE_CURVE('',#6701,#6775,#134,.T.);
#8085=EDGE_CURVE('',#6778,#6702,#9806,.T.);
#8086=EDGE_CURVE('',#6703,#6772,#135,.T.);
#8087=EDGE_CURVE('',#6780,#6781,#9807,.T.);
#8088=EDGE_CURVE('',#6782,#6781,#9808,.T.);
#8089=EDGE_CURVE('',#6783,#6782,#9809,.T.);
#8090=EDGE_CURVE('',#6783,#6780,#9810,.T.);
#8091=EDGE_CURVE('',#6781,#6784,#136,.T.);
#8092=EDGE_CURVE('',#6785,#6784,#9811,.T.);
#8093=EDGE_CURVE('',#6782,#6785,#137,.T.);
#8094=EDGE_CURVE('',#6784,#6786,#9812,.T.);
#8095=EDGE_CURVE('',#6787,#6786,#9813,.T.);
#8096=EDGE_CURVE('',#6785,#6787,#9814,.T.);
#8097=EDGE_CURVE('',#6787,#6696,#9815,.T.);
#8098=EDGE_CURVE('',#6697,#6783,#138,.T.);
#8099=EDGE_CURVE('',#6786,#6698,#9816,.T.);
#8100=EDGE_CURVE('',#6699,#6780,#139,.T.);
#8101=EDGE_CURVE('',#6788,#6789,#9817,.T.);
#8102=EDGE_CURVE('',#6790,#6789,#9818,.T.);
#8103=EDGE_CURVE('',#6791,#6790,#9819,.T.);
#8104=EDGE_CURVE('',#6791,#6788,#9820,.T.);
#8105=EDGE_CURVE('',#6789,#6792,#140,.T.);
#8106=EDGE_CURVE('',#6793,#6792,#9821,.T.);
#8107=EDGE_CURVE('',#6790,#6793,#141,.T.);
#8108=EDGE_CURVE('',#6792,#6794,#9822,.T.);
#8109=EDGE_CURVE('',#6795,#6794,#9823,.T.);
#8110=EDGE_CURVE('',#6793,#6795,#9824,.T.);
#8111=EDGE_CURVE('',#6795,#6692,#9825,.T.);
#8112=EDGE_CURVE('',#6693,#6791,#142,.T.);
#8113=EDGE_CURVE('',#6794,#6694,#9826,.T.);
#8114=EDGE_CURVE('',#6695,#6788,#143,.T.);
#8115=EDGE_CURVE('',#6796,#6797,#9827,.T.);
#8116=EDGE_CURVE('',#6798,#6797,#9828,.T.);
#8117=EDGE_CURVE('',#6799,#6798,#9829,.T.);
#8118=EDGE_CURVE('',#6799,#6796,#9830,.T.);
#8119=EDGE_CURVE('',#6797,#6800,#144,.T.);
#8120=EDGE_CURVE('',#6801,#6800,#9831,.T.);
#8121=EDGE_CURVE('',#6798,#6801,#145,.T.);
#8122=EDGE_CURVE('',#6800,#6802,#9832,.T.);
#8123=EDGE_CURVE('',#6803,#6802,#9833,.T.);
#8124=EDGE_CURVE('',#6801,#6803,#9834,.T.);
#8125=EDGE_CURVE('',#6803,#6688,#9835,.T.);
#8126=EDGE_CURVE('',#6689,#6799,#146,.T.);
#8127=EDGE_CURVE('',#6802,#6690,#9836,.T.);
#8128=EDGE_CURVE('',#6691,#6796,#147,.T.);
#8129=EDGE_CURVE('',#6804,#6805,#9837,.T.);
#8130=EDGE_CURVE('',#6806,#6805,#9838,.T.);
#8131=EDGE_CURVE('',#6807,#6806,#9839,.T.);
#8132=EDGE_CURVE('',#6807,#6804,#9840,.T.);
#8133=EDGE_CURVE('',#6805,#6808,#148,.T.);
#8134=EDGE_CURVE('',#6809,#6808,#9841,.T.);
#8135=EDGE_CURVE('',#6806,#6809,#149,.T.);
#8136=EDGE_CURVE('',#6808,#6810,#9842,.T.);
#8137=EDGE_CURVE('',#6811,#6810,#9843,.T.);
#8138=EDGE_CURVE('',#6809,#6811,#9844,.T.);
#8139=EDGE_CURVE('',#6811,#6684,#9845,.T.);
#8140=EDGE_CURVE('',#6685,#6807,#150,.T.);
#8141=EDGE_CURVE('',#6810,#6686,#9846,.T.);
#8142=EDGE_CURVE('',#6687,#6804,#151,.T.);
#8143=EDGE_CURVE('',#6812,#6813,#9847,.T.);
#8144=EDGE_CURVE('',#6814,#6813,#9848,.T.);
#8145=EDGE_CURVE('',#6815,#6814,#9849,.T.);
#8146=EDGE_CURVE('',#6815,#6812,#9850,.T.);
#8147=EDGE_CURVE('',#6813,#6816,#152,.T.);
#8148=EDGE_CURVE('',#6817,#6816,#9851,.T.);
#8149=EDGE_CURVE('',#6814,#6817,#153,.T.);
#8150=EDGE_CURVE('',#6816,#6818,#9852,.T.);
#8151=EDGE_CURVE('',#6819,#6818,#9853,.T.);
#8152=EDGE_CURVE('',#6817,#6819,#9854,.T.);
#8153=EDGE_CURVE('',#6819,#6680,#9855,.T.);
#8154=EDGE_CURVE('',#6681,#6815,#154,.T.);
#8155=EDGE_CURVE('',#6818,#6682,#9856,.T.);
#8156=EDGE_CURVE('',#6683,#6812,#155,.T.);
#8157=EDGE_CURVE('',#6820,#6821,#9857,.T.);
#8158=EDGE_CURVE('',#6822,#6821,#9858,.T.);
#8159=EDGE_CURVE('',#6823,#6822,#9859,.T.);
#8160=EDGE_CURVE('',#6823,#6820,#9860,.T.);
#8161=EDGE_CURVE('',#6821,#6824,#156,.T.);
#8162=EDGE_CURVE('',#6825,#6824,#9861,.T.);
#8163=EDGE_CURVE('',#6822,#6825,#157,.T.);
#8164=EDGE_CURVE('',#6824,#6826,#9862,.T.);
#8165=EDGE_CURVE('',#6827,#6826,#9863,.T.);
#8166=EDGE_CURVE('',#6825,#6827,#9864,.T.);
#8167=EDGE_CURVE('',#6827,#6676,#9865,.T.);
#8168=EDGE_CURVE('',#6677,#6823,#158,.T.);
#8169=EDGE_CURVE('',#6826,#6678,#9866,.T.);
#8170=EDGE_CURVE('',#6679,#6820,#159,.T.);
#8171=EDGE_CURVE('',#6828,#6829,#9867,.T.);
#8172=EDGE_CURVE('',#6830,#6829,#9868,.T.);
#8173=EDGE_CURVE('',#6831,#6830,#9869,.T.);
#8174=EDGE_CURVE('',#6831,#6828,#9870,.T.);
#8175=EDGE_CURVE('',#6829,#6832,#160,.T.);
#8176=EDGE_CURVE('',#6833,#6832,#9871,.T.);
#8177=EDGE_CURVE('',#6830,#6833,#161,.T.);
#8178=EDGE_CURVE('',#6832,#6834,#9872,.T.);
#8179=EDGE_CURVE('',#6835,#6834,#9873,.T.);
#8180=EDGE_CURVE('',#6833,#6835,#9874,.T.);
#8181=EDGE_CURVE('',#6835,#6672,#9875,.T.);
#8182=EDGE_CURVE('',#6673,#6831,#162,.T.);
#8183=EDGE_CURVE('',#6834,#6674,#9876,.T.);
#8184=EDGE_CURVE('',#6675,#6828,#163,.T.);
#8185=EDGE_CURVE('',#6836,#6837,#9877,.T.);
#8186=EDGE_CURVE('',#6838,#6837,#9878,.T.);
#8187=EDGE_CURVE('',#6839,#6838,#9879,.T.);
#8188=EDGE_CURVE('',#6839,#6836,#9880,.T.);
#8189=EDGE_CURVE('',#6837,#6840,#164,.T.);
#8190=EDGE_CURVE('',#6841,#6840,#9881,.T.);
#8191=EDGE_CURVE('',#6838,#6841,#165,.T.);
#8192=EDGE_CURVE('',#6840,#6842,#9882,.T.);
#8193=EDGE_CURVE('',#6843,#6842,#9883,.T.);
#8194=EDGE_CURVE('',#6841,#6843,#9884,.T.);
#8195=EDGE_CURVE('',#6843,#6668,#9885,.T.);
#8196=EDGE_CURVE('',#6669,#6839,#166,.T.);
#8197=EDGE_CURVE('',#6842,#6670,#9886,.T.);
#8198=EDGE_CURVE('',#6671,#6836,#167,.T.);
#8199=EDGE_CURVE('',#6844,#6845,#9887,.T.);
#8200=EDGE_CURVE('',#6846,#6845,#9888,.T.);
#8201=EDGE_CURVE('',#6847,#6846,#9889,.T.);
#8202=EDGE_CURVE('',#6847,#6844,#9890,.T.);
#8203=EDGE_CURVE('',#6845,#6848,#168,.T.);
#8204=EDGE_CURVE('',#6849,#6848,#9891,.T.);
#8205=EDGE_CURVE('',#6846,#6849,#169,.T.);
#8206=EDGE_CURVE('',#6848,#6850,#9892,.T.);
#8207=EDGE_CURVE('',#6851,#6850,#9893,.T.);
#8208=EDGE_CURVE('',#6849,#6851,#9894,.T.);
#8209=EDGE_CURVE('',#6851,#6664,#9895,.T.);
#8210=EDGE_CURVE('',#6665,#6847,#170,.T.);
#8211=EDGE_CURVE('',#6850,#6666,#9896,.T.);
#8212=EDGE_CURVE('',#6667,#6844,#171,.T.);
#8213=EDGE_CURVE('',#6852,#6853,#9897,.T.);
#8214=EDGE_CURVE('',#6854,#6853,#9898,.T.);
#8215=EDGE_CURVE('',#6855,#6854,#9899,.T.);
#8216=EDGE_CURVE('',#6855,#6852,#9900,.T.);
#8217=EDGE_CURVE('',#6853,#6856,#172,.T.);
#8218=EDGE_CURVE('',#6857,#6856,#9901,.T.);
#8219=EDGE_CURVE('',#6854,#6857,#173,.T.);
#8220=EDGE_CURVE('',#6856,#6858,#9902,.T.);
#8221=EDGE_CURVE('',#6859,#6858,#9903,.T.);
#8222=EDGE_CURVE('',#6857,#6859,#9904,.T.);
#8223=EDGE_CURVE('',#6859,#6660,#9905,.T.);
#8224=EDGE_CURVE('',#6661,#6855,#174,.T.);
#8225=EDGE_CURVE('',#6858,#6662,#9906,.T.);
#8226=EDGE_CURVE('',#6663,#6852,#175,.T.);
#8227=EDGE_CURVE('',#6860,#6861,#9907,.T.);
#8228=EDGE_CURVE('',#6862,#6861,#9908,.T.);
#8229=EDGE_CURVE('',#6863,#6862,#9909,.T.);
#8230=EDGE_CURVE('',#6863,#6860,#9910,.T.);
#8231=EDGE_CURVE('',#6861,#6864,#176,.T.);
#8232=EDGE_CURVE('',#6865,#6864,#9911,.T.);
#8233=EDGE_CURVE('',#6862,#6865,#177,.T.);
#8234=EDGE_CURVE('',#6864,#6866,#9912,.T.);
#8235=EDGE_CURVE('',#6867,#6866,#9913,.T.);
#8236=EDGE_CURVE('',#6865,#6867,#9914,.T.);
#8237=EDGE_CURVE('',#6867,#6656,#9915,.T.);
#8238=EDGE_CURVE('',#6657,#6863,#178,.T.);
#8239=EDGE_CURVE('',#6866,#6658,#9916,.T.);
#8240=EDGE_CURVE('',#6659,#6860,#179,.T.);
#8241=EDGE_CURVE('',#6868,#6869,#9917,.T.);
#8242=EDGE_CURVE('',#6870,#6869,#9918,.T.);
#8243=EDGE_CURVE('',#6871,#6870,#9919,.T.);
#8244=EDGE_CURVE('',#6871,#6868,#9920,.T.);
#8245=EDGE_CURVE('',#6869,#6872,#180,.T.);
#8246=EDGE_CURVE('',#6873,#6872,#9921,.T.);
#8247=EDGE_CURVE('',#6870,#6873,#181,.T.);
#8248=EDGE_CURVE('',#6872,#6874,#9922,.T.);
#8249=EDGE_CURVE('',#6875,#6874,#9923,.T.);
#8250=EDGE_CURVE('',#6873,#6875,#9924,.T.);
#8251=EDGE_CURVE('',#6875,#6652,#9925,.T.);
#8252=EDGE_CURVE('',#6653,#6871,#182,.T.);
#8253=EDGE_CURVE('',#6874,#6654,#9926,.T.);
#8254=EDGE_CURVE('',#6655,#6868,#183,.T.);
#8255=EDGE_CURVE('',#6876,#6877,#9927,.T.);
#8256=EDGE_CURVE('',#6878,#6877,#9928,.T.);
#8257=EDGE_CURVE('',#6879,#6878,#9929,.T.);
#8258=EDGE_CURVE('',#6879,#6876,#9930,.T.);
#8259=EDGE_CURVE('',#6877,#6880,#184,.T.);
#8260=EDGE_CURVE('',#6881,#6880,#9931,.T.);
#8261=EDGE_CURVE('',#6878,#6881,#185,.T.);
#8262=EDGE_CURVE('',#6880,#6882,#9932,.T.);
#8263=EDGE_CURVE('',#6883,#6882,#9933,.T.);
#8264=EDGE_CURVE('',#6881,#6883,#9934,.T.);
#8265=EDGE_CURVE('',#6883,#6648,#9935,.T.);
#8266=EDGE_CURVE('',#6649,#6879,#186,.T.);
#8267=EDGE_CURVE('',#6882,#6650,#9936,.T.);
#8268=EDGE_CURVE('',#6651,#6876,#187,.T.);
#8269=EDGE_CURVE('',#6884,#6885,#9937,.T.);
#8270=EDGE_CURVE('',#6886,#6885,#9938,.T.);
#8271=EDGE_CURVE('',#6887,#6886,#9939,.T.);
#8272=EDGE_CURVE('',#6887,#6884,#9940,.T.);
#8273=EDGE_CURVE('',#6885,#6888,#188,.T.);
#8274=EDGE_CURVE('',#6889,#6888,#9941,.T.);
#8275=EDGE_CURVE('',#6886,#6889,#189,.T.);
#8276=EDGE_CURVE('',#6888,#6890,#9942,.T.);
#8277=EDGE_CURVE('',#6891,#6890,#9943,.T.);
#8278=EDGE_CURVE('',#6889,#6891,#9944,.T.);
#8279=EDGE_CURVE('',#6891,#6644,#9945,.T.);
#8280=EDGE_CURVE('',#6645,#6887,#190,.T.);
#8281=EDGE_CURVE('',#6890,#6646,#9946,.T.);
#8282=EDGE_CURVE('',#6647,#6884,#191,.T.);
#8283=EDGE_CURVE('',#6892,#6893,#9947,.T.);
#8284=EDGE_CURVE('',#6894,#6893,#9948,.T.);
#8285=EDGE_CURVE('',#6895,#6894,#9949,.T.);
#8286=EDGE_CURVE('',#6895,#6892,#9950,.T.);
#8287=EDGE_CURVE('',#6893,#6896,#192,.T.);
#8288=EDGE_CURVE('',#6897,#6896,#9951,.T.);
#8289=EDGE_CURVE('',#6894,#6897,#193,.T.);
#8290=EDGE_CURVE('',#6896,#6898,#9952,.T.);
#8291=EDGE_CURVE('',#6899,#6898,#9953,.T.);
#8292=EDGE_CURVE('',#6897,#6899,#9954,.T.);
#8293=EDGE_CURVE('',#6899,#6640,#9955,.T.);
#8294=EDGE_CURVE('',#6641,#6895,#194,.T.);
#8295=EDGE_CURVE('',#6898,#6642,#9956,.T.);
#8296=EDGE_CURVE('',#6643,#6892,#195,.T.);
#8297=EDGE_CURVE('',#6900,#6901,#9957,.T.);
#8298=EDGE_CURVE('',#6902,#6901,#9958,.T.);
#8299=EDGE_CURVE('',#6903,#6902,#9959,.T.);
#8300=EDGE_CURVE('',#6903,#6900,#9960,.T.);
#8301=EDGE_CURVE('',#6901,#6904,#196,.T.);
#8302=EDGE_CURVE('',#6905,#6904,#9961,.T.);
#8303=EDGE_CURVE('',#6902,#6905,#197,.T.);
#8304=EDGE_CURVE('',#6904,#6906,#9962,.T.);
#8305=EDGE_CURVE('',#6907,#6906,#9963,.T.);
#8306=EDGE_CURVE('',#6905,#6907,#9964,.T.);
#8307=EDGE_CURVE('',#6907,#6636,#9965,.T.);
#8308=EDGE_CURVE('',#6637,#6903,#198,.T.);
#8309=EDGE_CURVE('',#6906,#6638,#9966,.T.);
#8310=EDGE_CURVE('',#6639,#6900,#199,.T.);
#8311=EDGE_CURVE('',#6908,#6909,#9967,.T.);
#8312=EDGE_CURVE('',#6910,#6909,#9968,.T.);
#8313=EDGE_CURVE('',#6911,#6910,#9969,.T.);
#8314=EDGE_CURVE('',#6911,#6908,#9970,.T.);
#8315=EDGE_CURVE('',#6909,#6912,#200,.T.);
#8316=EDGE_CURVE('',#6913,#6912,#9971,.T.);
#8317=EDGE_CURVE('',#6910,#6913,#201,.T.);
#8318=EDGE_CURVE('',#6912,#6914,#9972,.T.);
#8319=EDGE_CURVE('',#6915,#6914,#9973,.T.);
#8320=EDGE_CURVE('',#6913,#6915,#9974,.T.);
#8321=EDGE_CURVE('',#6915,#6632,#9975,.T.);
#8322=EDGE_CURVE('',#6633,#6911,#202,.T.);
#8323=EDGE_CURVE('',#6914,#6634,#9976,.T.);
#8324=EDGE_CURVE('',#6635,#6908,#203,.T.);
#8325=EDGE_CURVE('',#6916,#6917,#9977,.T.);
#8326=EDGE_CURVE('',#6918,#6917,#9978,.T.);
#8327=EDGE_CURVE('',#6919,#6918,#9979,.T.);
#8328=EDGE_CURVE('',#6919,#6916,#9980,.T.);
#8329=EDGE_CURVE('',#6917,#6920,#204,.T.);
#8330=EDGE_CURVE('',#6921,#6920,#9981,.T.);
#8331=EDGE_CURVE('',#6918,#6921,#205,.T.);
#8332=EDGE_CURVE('',#6920,#6922,#9982,.T.);
#8333=EDGE_CURVE('',#6923,#6922,#9983,.T.);
#8334=EDGE_CURVE('',#6921,#6923,#9984,.T.);
#8335=EDGE_CURVE('',#6923,#6628,#9985,.T.);
#8336=EDGE_CURVE('',#6629,#6919,#206,.T.);
#8337=EDGE_CURVE('',#6922,#6630,#9986,.T.);
#8338=EDGE_CURVE('',#6631,#6916,#207,.T.);
#8339=EDGE_CURVE('',#6924,#6925,#9987,.T.);
#8340=EDGE_CURVE('',#6926,#6925,#9988,.T.);
#8341=EDGE_CURVE('',#6927,#6926,#9989,.T.);
#8342=EDGE_CURVE('',#6927,#6924,#9990,.T.);
#8343=EDGE_CURVE('',#6925,#6928,#208,.T.);
#8344=EDGE_CURVE('',#6929,#6928,#9991,.T.);
#8345=EDGE_CURVE('',#6926,#6929,#209,.T.);
#8346=EDGE_CURVE('',#6928,#6930,#9992,.T.);
#8347=EDGE_CURVE('',#6931,#6930,#9993,.T.);
#8348=EDGE_CURVE('',#6929,#6931,#9994,.T.);
#8349=EDGE_CURVE('',#6931,#6624,#9995,.T.);
#8350=EDGE_CURVE('',#6625,#6927,#210,.T.);
#8351=EDGE_CURVE('',#6930,#6626,#9996,.T.);
#8352=EDGE_CURVE('',#6627,#6924,#211,.T.);
#8353=EDGE_CURVE('',#6932,#6933,#9997,.T.);
#8354=EDGE_CURVE('',#6934,#6933,#9998,.T.);
#8355=EDGE_CURVE('',#6935,#6934,#9999,.T.);
#8356=EDGE_CURVE('',#6935,#6932,#10000,.T.);
#8357=EDGE_CURVE('',#6933,#6936,#212,.T.);
#8358=EDGE_CURVE('',#6937,#6936,#10001,.T.);
#8359=EDGE_CURVE('',#6934,#6937,#213,.T.);
#8360=EDGE_CURVE('',#6936,#6938,#10002,.T.);
#8361=EDGE_CURVE('',#6939,#6938,#10003,.T.);
#8362=EDGE_CURVE('',#6937,#6939,#10004,.T.);
#8363=EDGE_CURVE('',#6939,#6620,#10005,.T.);
#8364=EDGE_CURVE('',#6621,#6935,#214,.T.);
#8365=EDGE_CURVE('',#6938,#6622,#10006,.T.);
#8366=EDGE_CURVE('',#6623,#6932,#215,.T.);
#8367=EDGE_CURVE('',#6940,#6612,#216,.T.);
#8368=EDGE_CURVE('',#6182,#6940,#10007,.T.);
#8369=EDGE_CURVE('',#6941,#6613,#217,.T.);
#8370=EDGE_CURVE('',#6181,#6941,#10008,.T.);
#8371=EDGE_CURVE('',#6940,#6941,#10009,.T.);
#8372=EDGE_CURVE('',#6942,#6610,#218,.T.);
#8373=EDGE_CURVE('',#6186,#6942,#10010,.T.);
#8374=EDGE_CURVE('',#6943,#6611,#219,.T.);
#8375=EDGE_CURVE('',#6185,#6943,#10011,.T.);
#8376=EDGE_CURVE('',#6942,#6943,#10012,.T.);
#8377=EDGE_CURVE('',#6944,#6608,#220,.T.);
#8378=EDGE_CURVE('',#6190,#6944,#10013,.T.);
#8379=EDGE_CURVE('',#6945,#6609,#221,.T.);
#8380=EDGE_CURVE('',#6189,#6945,#10014,.T.);
#8381=EDGE_CURVE('',#6944,#6945,#10015,.T.);
#8382=EDGE_CURVE('',#6946,#6606,#222,.T.);
#8383=EDGE_CURVE('',#6194,#6946,#10016,.T.);
#8384=EDGE_CURVE('',#6947,#6607,#223,.T.);
#8385=EDGE_CURVE('',#6193,#6947,#10017,.T.);
#8386=EDGE_CURVE('',#6946,#6947,#10018,.T.);
#8387=EDGE_CURVE('',#6948,#6604,#224,.T.);
#8388=EDGE_CURVE('',#6198,#6948,#10019,.T.);
#8389=EDGE_CURVE('',#6949,#6605,#225,.T.);
#8390=EDGE_CURVE('',#6197,#6949,#10020,.T.);
#8391=EDGE_CURVE('',#6948,#6949,#10021,.T.);
#8392=EDGE_CURVE('',#6950,#6602,#226,.T.);
#8393=EDGE_CURVE('',#6202,#6950,#10022,.T.);
#8394=EDGE_CURVE('',#6951,#6603,#227,.T.);
#8395=EDGE_CURVE('',#6201,#6951,#10023,.T.);
#8396=EDGE_CURVE('',#6950,#6951,#10024,.T.);
#8397=EDGE_CURVE('',#6952,#6600,#228,.T.);
#8398=EDGE_CURVE('',#6206,#6952,#10025,.T.);
#8399=EDGE_CURVE('',#6953,#6601,#229,.T.);
#8400=EDGE_CURVE('',#6205,#6953,#10026,.T.);
#8401=EDGE_CURVE('',#6952,#6953,#10027,.T.);
#8402=EDGE_CURVE('',#6954,#6598,#230,.T.);
#8403=EDGE_CURVE('',#6210,#6954,#10028,.T.);
#8404=EDGE_CURVE('',#6955,#6599,#231,.T.);
#8405=EDGE_CURVE('',#6209,#6955,#10029,.T.);
#8406=EDGE_CURVE('',#6954,#6955,#10030,.T.);
#8407=EDGE_CURVE('',#6956,#6596,#232,.T.);
#8408=EDGE_CURVE('',#6214,#6956,#10031,.T.);
#8409=EDGE_CURVE('',#6957,#6597,#233,.T.);
#8410=EDGE_CURVE('',#6213,#6957,#10032,.T.);
#8411=EDGE_CURVE('',#6956,#6957,#10033,.T.);
#8412=EDGE_CURVE('',#6958,#6594,#234,.T.);
#8413=EDGE_CURVE('',#6218,#6958,#10034,.T.);
#8414=EDGE_CURVE('',#6959,#6595,#235,.T.);
#8415=EDGE_CURVE('',#6217,#6959,#10035,.T.);
#8416=EDGE_CURVE('',#6958,#6959,#10036,.T.);
#8417=EDGE_CURVE('',#6960,#6592,#236,.T.);
#8418=EDGE_CURVE('',#6222,#6960,#10037,.T.);
#8419=EDGE_CURVE('',#6961,#6593,#237,.T.);
#8420=EDGE_CURVE('',#6221,#6961,#10038,.T.);
#8421=EDGE_CURVE('',#6960,#6961,#10039,.T.);
#8422=EDGE_CURVE('',#6962,#6590,#238,.T.);
#8423=EDGE_CURVE('',#6226,#6962,#10040,.T.);
#8424=EDGE_CURVE('',#6963,#6591,#239,.T.);
#8425=EDGE_CURVE('',#6225,#6963,#10041,.T.);
#8426=EDGE_CURVE('',#6962,#6963,#10042,.T.);
#8427=EDGE_CURVE('',#6964,#6588,#240,.T.);
#8428=EDGE_CURVE('',#6230,#6964,#10043,.T.);
#8429=EDGE_CURVE('',#6965,#6589,#241,.T.);
#8430=EDGE_CURVE('',#6229,#6965,#10044,.T.);
#8431=EDGE_CURVE('',#6964,#6965,#10045,.T.);
#8432=EDGE_CURVE('',#6966,#6586,#242,.T.);
#8433=EDGE_CURVE('',#6234,#6966,#10046,.T.);
#8434=EDGE_CURVE('',#6967,#6587,#243,.T.);
#8435=EDGE_CURVE('',#6233,#6967,#10047,.T.);
#8436=EDGE_CURVE('',#6966,#6967,#10048,.T.);
#8437=EDGE_CURVE('',#6968,#6584,#244,.T.);
#8438=EDGE_CURVE('',#6238,#6968,#10049,.T.);
#8439=EDGE_CURVE('',#6969,#6585,#245,.T.);
#8440=EDGE_CURVE('',#6237,#6969,#10050,.T.);
#8441=EDGE_CURVE('',#6968,#6969,#10051,.T.);
#8442=EDGE_CURVE('',#6970,#6582,#246,.T.);
#8443=EDGE_CURVE('',#6242,#6970,#10052,.T.);
#8444=EDGE_CURVE('',#6971,#6583,#247,.T.);
#8445=EDGE_CURVE('',#6241,#6971,#10053,.T.);
#8446=EDGE_CURVE('',#6970,#6971,#10054,.T.);
#8447=EDGE_CURVE('',#6972,#6580,#248,.T.);
#8448=EDGE_CURVE('',#6246,#6972,#10055,.T.);
#8449=EDGE_CURVE('',#6973,#6581,#249,.T.);
#8450=EDGE_CURVE('',#6245,#6973,#10056,.T.);
#8451=EDGE_CURVE('',#6972,#6973,#10057,.T.);
#8452=EDGE_CURVE('',#6974,#6578,#250,.T.);
#8453=EDGE_CURVE('',#6250,#6974,#10058,.T.);
#8454=EDGE_CURVE('',#6975,#6579,#251,.T.);
#8455=EDGE_CURVE('',#6249,#6975,#10059,.T.);
#8456=EDGE_CURVE('',#6974,#6975,#10060,.T.);
#8457=EDGE_CURVE('',#6976,#6576,#252,.T.);
#8458=EDGE_CURVE('',#6254,#6976,#10061,.T.);
#8459=EDGE_CURVE('',#6977,#6577,#253,.T.);
#8460=EDGE_CURVE('',#6253,#6977,#10062,.T.);
#8461=EDGE_CURVE('',#6976,#6977,#10063,.T.);
#8462=EDGE_CURVE('',#6978,#6574,#254,.T.);
#8463=EDGE_CURVE('',#6258,#6978,#10064,.T.);
#8464=EDGE_CURVE('',#6979,#6575,#255,.T.);
#8465=EDGE_CURVE('',#6257,#6979,#10065,.T.);
#8466=EDGE_CURVE('',#6978,#6979,#10066,.T.);
#8467=EDGE_CURVE('',#6980,#6572,#256,.T.);
#8468=EDGE_CURVE('',#6262,#6980,#10067,.T.);
#8469=EDGE_CURVE('',#6981,#6573,#257,.T.);
#8470=EDGE_CURVE('',#6261,#6981,#10068,.T.);
#8471=EDGE_CURVE('',#6980,#6981,#10069,.T.);
#8472=EDGE_CURVE('',#6982,#6570,#258,.T.);
#8473=EDGE_CURVE('',#6266,#6982,#10070,.T.);
#8474=EDGE_CURVE('',#6983,#6571,#259,.T.);
#8475=EDGE_CURVE('',#6265,#6983,#10071,.T.);
#8476=EDGE_CURVE('',#6982,#6983,#10072,.T.);
#8477=EDGE_CURVE('',#6984,#6568,#260,.T.);
#8478=EDGE_CURVE('',#6171,#6984,#10073,.T.);
#8479=EDGE_CURVE('',#6985,#6569,#261,.T.);
#8480=EDGE_CURVE('',#6269,#6985,#10074,.T.);
#8481=EDGE_CURVE('',#6984,#6985,#10075,.T.);
#8482=EDGE_CURVE('',#6986,#6439,#10076,.T.);
#8483=EDGE_CURVE('',#6987,#6438,#10077,.T.);
#8484=EDGE_CURVE('',#6987,#6986,#10078,.T.);
#8485=EDGE_CURVE('',#6463,#6988,#10079,.T.);
#8486=EDGE_CURVE('',#6988,#6989,#10080,.T.);
#8487=EDGE_CURVE('',#6989,#6990,#10081,.T.);
#8488=EDGE_CURVE('',#6990,#6991,#10082,.T.);
#8489=EDGE_CURVE('',#6991,#6987,#10083,.T.);
#8490=EDGE_CURVE('',#6992,#6986,#10084,.T.);
#8491=EDGE_CURVE('',#6993,#6992,#10085,.T.);
#8492=EDGE_CURVE('',#6994,#6993,#10086,.T.);
#8493=EDGE_CURVE('',#6995,#6994,#10087,.T.);
#8494=EDGE_CURVE('',#6462,#6995,#10088,.T.);
#8495=EDGE_CURVE('',#6988,#6995,#10089,.T.);
#8496=EDGE_CURVE('',#6989,#6994,#10090,.T.);
#8497=EDGE_CURVE('',#6990,#6993,#10091,.T.);
#8498=EDGE_CURVE('',#6991,#6992,#10092,.T.);
#8499=EDGE_CURVE('',#6996,#6435,#10093,.T.);
#8500=EDGE_CURVE('',#6997,#6434,#10094,.T.);
#8501=EDGE_CURVE('',#6997,#6996,#10095,.T.);
#8502=EDGE_CURVE('',#6465,#6998,#10096,.T.);
#8503=EDGE_CURVE('',#6998,#6999,#10097,.T.);
#8504=EDGE_CURVE('',#6999,#7000,#10098,.T.);
#8505=EDGE_CURVE('',#7000,#7001,#10099,.T.);
#8506=EDGE_CURVE('',#7001,#6997,#10100,.T.);
#8507=EDGE_CURVE('',#7002,#6996,#10101,.T.);
#8508=EDGE_CURVE('',#7003,#7002,#10102,.T.);
#8509=EDGE_CURVE('',#7004,#7003,#10103,.T.);
#8510=EDGE_CURVE('',#7005,#7004,#10104,.T.);
#8511=EDGE_CURVE('',#6464,#7005,#10105,.T.);
#8512=EDGE_CURVE('',#6998,#7005,#10106,.T.);
#8513=EDGE_CURVE('',#6999,#7004,#10107,.T.);
#8514=EDGE_CURVE('',#7000,#7003,#10108,.T.);
#8515=EDGE_CURVE('',#7001,#7002,#10109,.T.);
#8516=EDGE_CURVE('',#7006,#6431,#10110,.T.);
#8517=EDGE_CURVE('',#7007,#6430,#10111,.T.);
#8518=EDGE_CURVE('',#7007,#7006,#10112,.T.);
#8519=EDGE_CURVE('',#6467,#7008,#10113,.T.);
#8520=EDGE_CURVE('',#7008,#7009,#10114,.T.);
#8521=EDGE_CURVE('',#7009,#7010,#10115,.T.);
#8522=EDGE_CURVE('',#7010,#7011,#10116,.T.);
#8523=EDGE_CURVE('',#7011,#7007,#10117,.T.);
#8524=EDGE_CURVE('',#7012,#7006,#10118,.T.);
#8525=EDGE_CURVE('',#7013,#7012,#10119,.T.);
#8526=EDGE_CURVE('',#7014,#7013,#10120,.T.);
#8527=EDGE_CURVE('',#7015,#7014,#10121,.T.);
#8528=EDGE_CURVE('',#6466,#7015,#10122,.T.);
#8529=EDGE_CURVE('',#7008,#7015,#10123,.T.);
#8530=EDGE_CURVE('',#7009,#7014,#10124,.T.);
#8531=EDGE_CURVE('',#7010,#7013,#10125,.T.);
#8532=EDGE_CURVE('',#7011,#7012,#10126,.T.);
#8533=EDGE_CURVE('',#7016,#6427,#10127,.T.);
#8534=EDGE_CURVE('',#7017,#6426,#10128,.T.);
#8535=EDGE_CURVE('',#7017,#7016,#10129,.T.);
#8536=EDGE_CURVE('',#6469,#7018,#10130,.T.);
#8537=EDGE_CURVE('',#7018,#7019,#10131,.T.);
#8538=EDGE_CURVE('',#7019,#7020,#10132,.T.);
#8539=EDGE_CURVE('',#7020,#7021,#10133,.T.);
#8540=EDGE_CURVE('',#7021,#7017,#10134,.T.);
#8541=EDGE_CURVE('',#7022,#7016,#10135,.T.);
#8542=EDGE_CURVE('',#7023,#7022,#10136,.T.);
#8543=EDGE_CURVE('',#7024,#7023,#10137,.T.);
#8544=EDGE_CURVE('',#7025,#7024,#10138,.T.);
#8545=EDGE_CURVE('',#6468,#7025,#10139,.T.);
#8546=EDGE_CURVE('',#7018,#7025,#10140,.T.);
#8547=EDGE_CURVE('',#7019,#7024,#10141,.T.);
#8548=EDGE_CURVE('',#7020,#7023,#10142,.T.);
#8549=EDGE_CURVE('',#7021,#7022,#10143,.T.);
#8550=EDGE_CURVE('',#7026,#6423,#10144,.T.);
#8551=EDGE_CURVE('',#7027,#6422,#10145,.T.);
#8552=EDGE_CURVE('',#7027,#7026,#10146,.T.);
#8553=EDGE_CURVE('',#6471,#7028,#10147,.T.);
#8554=EDGE_CURVE('',#7028,#7029,#10148,.T.);
#8555=EDGE_CURVE('',#7029,#7030,#10149,.T.);
#8556=EDGE_CURVE('',#7030,#7031,#10150,.T.);
#8557=EDGE_CURVE('',#7031,#7027,#10151,.T.);
#8558=EDGE_CURVE('',#7032,#7026,#10152,.T.);
#8559=EDGE_CURVE('',#7033,#7032,#10153,.T.);
#8560=EDGE_CURVE('',#7034,#7033,#10154,.T.);
#8561=EDGE_CURVE('',#7035,#7034,#10155,.T.);
#8562=EDGE_CURVE('',#6470,#7035,#10156,.T.);
#8563=EDGE_CURVE('',#7028,#7035,#10157,.T.);
#8564=EDGE_CURVE('',#7029,#7034,#10158,.T.);
#8565=EDGE_CURVE('',#7030,#7033,#10159,.T.);
#8566=EDGE_CURVE('',#7031,#7032,#10160,.T.);
#8567=EDGE_CURVE('',#7036,#6419,#10161,.T.);
#8568=EDGE_CURVE('',#7037,#6418,#10162,.T.);
#8569=EDGE_CURVE('',#7037,#7036,#10163,.T.);
#8570=EDGE_CURVE('',#6473,#7038,#10164,.T.);
#8571=EDGE_CURVE('',#7038,#7039,#10165,.T.);
#8572=EDGE_CURVE('',#7039,#7040,#10166,.T.);
#8573=EDGE_CURVE('',#7040,#7041,#10167,.T.);
#8574=EDGE_CURVE('',#7041,#7037,#10168,.T.);
#8575=EDGE_CURVE('',#7042,#7036,#10169,.T.);
#8576=EDGE_CURVE('',#7043,#7042,#10170,.T.);
#8577=EDGE_CURVE('',#7044,#7043,#10171,.T.);
#8578=EDGE_CURVE('',#7045,#7044,#10172,.T.);
#8579=EDGE_CURVE('',#6472,#7045,#10173,.T.);
#8580=EDGE_CURVE('',#7038,#7045,#10174,.T.);
#8581=EDGE_CURVE('',#7039,#7044,#10175,.T.);
#8582=EDGE_CURVE('',#7040,#7043,#10176,.T.);
#8583=EDGE_CURVE('',#7041,#7042,#10177,.T.);
#8584=EDGE_CURVE('',#7046,#6415,#10178,.T.);
#8585=EDGE_CURVE('',#7047,#6414,#10179,.T.);
#8586=EDGE_CURVE('',#7047,#7046,#10180,.T.);
#8587=EDGE_CURVE('',#6475,#7048,#10181,.T.);
#8588=EDGE_CURVE('',#7048,#7049,#10182,.T.);
#8589=EDGE_CURVE('',#7049,#7050,#10183,.T.);
#8590=EDGE_CURVE('',#7050,#7051,#10184,.T.);
#8591=EDGE_CURVE('',#7051,#7047,#10185,.T.);
#8592=EDGE_CURVE('',#7052,#7046,#10186,.T.);
#8593=EDGE_CURVE('',#7053,#7052,#10187,.T.);
#8594=EDGE_CURVE('',#7054,#7053,#10188,.T.);
#8595=EDGE_CURVE('',#7055,#7054,#10189,.T.);
#8596=EDGE_CURVE('',#6474,#7055,#10190,.T.);
#8597=EDGE_CURVE('',#7048,#7055,#10191,.T.);
#8598=EDGE_CURVE('',#7049,#7054,#10192,.T.);
#8599=EDGE_CURVE('',#7050,#7053,#10193,.T.);
#8600=EDGE_CURVE('',#7051,#7052,#10194,.T.);
#8601=EDGE_CURVE('',#7056,#6411,#10195,.T.);
#8602=EDGE_CURVE('',#7057,#6410,#10196,.T.);
#8603=EDGE_CURVE('',#7057,#7056,#10197,.T.);
#8604=EDGE_CURVE('',#6477,#7058,#10198,.T.);
#8605=EDGE_CURVE('',#7058,#7059,#10199,.T.);
#8606=EDGE_CURVE('',#7059,#7060,#10200,.T.);
#8607=EDGE_CURVE('',#7060,#7061,#10201,.T.);
#8608=EDGE_CURVE('',#7061,#7057,#10202,.T.);
#8609=EDGE_CURVE('',#7062,#7056,#10203,.T.);
#8610=EDGE_CURVE('',#7063,#7062,#10204,.T.);
#8611=EDGE_CURVE('',#7064,#7063,#10205,.T.);
#8612=EDGE_CURVE('',#7065,#7064,#10206,.T.);
#8613=EDGE_CURVE('',#6476,#7065,#10207,.T.);
#8614=EDGE_CURVE('',#7058,#7065,#10208,.T.);
#8615=EDGE_CURVE('',#7059,#7064,#10209,.T.);
#8616=EDGE_CURVE('',#7060,#7063,#10210,.T.);
#8617=EDGE_CURVE('',#7061,#7062,#10211,.T.);
#8618=EDGE_CURVE('',#7066,#6407,#10212,.T.);
#8619=EDGE_CURVE('',#7067,#6406,#10213,.T.);
#8620=EDGE_CURVE('',#7067,#7066,#10214,.T.);
#8621=EDGE_CURVE('',#6479,#7068,#10215,.T.);
#8622=EDGE_CURVE('',#7068,#7069,#10216,.T.);
#8623=EDGE_CURVE('',#7069,#7070,#10217,.T.);
#8624=EDGE_CURVE('',#7070,#7071,#10218,.T.);
#8625=EDGE_CURVE('',#7071,#7067,#10219,.T.);
#8626=EDGE_CURVE('',#7072,#7066,#10220,.T.);
#8627=EDGE_CURVE('',#7073,#7072,#10221,.T.);
#8628=EDGE_CURVE('',#7074,#7073,#10222,.T.);
#8629=EDGE_CURVE('',#7075,#7074,#10223,.T.);
#8630=EDGE_CURVE('',#6478,#7075,#10224,.T.);
#8631=EDGE_CURVE('',#7068,#7075,#10225,.T.);
#8632=EDGE_CURVE('',#7069,#7074,#10226,.T.);
#8633=EDGE_CURVE('',#7070,#7073,#10227,.T.);
#8634=EDGE_CURVE('',#7071,#7072,#10228,.T.);
#8635=EDGE_CURVE('',#7076,#6403,#10229,.T.);
#8636=EDGE_CURVE('',#7077,#6402,#10230,.T.);
#8637=EDGE_CURVE('',#7077,#7076,#10231,.T.);
#8638=EDGE_CURVE('',#6481,#7078,#10232,.T.);
#8639=EDGE_CURVE('',#7078,#7079,#10233,.T.);
#8640=EDGE_CURVE('',#7079,#7080,#10234,.T.);
#8641=EDGE_CURVE('',#7080,#7081,#10235,.T.);
#8642=EDGE_CURVE('',#7081,#7077,#10236,.T.);
#8643=EDGE_CURVE('',#7082,#7076,#10237,.T.);
#8644=EDGE_CURVE('',#7083,#7082,#10238,.T.);
#8645=EDGE_CURVE('',#7084,#7083,#10239,.T.);
#8646=EDGE_CURVE('',#7085,#7084,#10240,.T.);
#8647=EDGE_CURVE('',#6480,#7085,#10241,.T.);
#8648=EDGE_CURVE('',#7078,#7085,#10242,.T.);
#8649=EDGE_CURVE('',#7079,#7084,#10243,.T.);
#8650=EDGE_CURVE('',#7080,#7083,#10244,.T.);
#8651=EDGE_CURVE('',#7081,#7082,#10245,.T.);
#8652=EDGE_CURVE('',#7086,#6399,#10246,.T.);
#8653=EDGE_CURVE('',#7087,#6398,#10247,.T.);
#8654=EDGE_CURVE('',#7087,#7086,#10248,.T.);
#8655=EDGE_CURVE('',#6483,#7088,#10249,.T.);
#8656=EDGE_CURVE('',#7088,#7089,#10250,.T.);
#8657=EDGE_CURVE('',#7089,#7090,#10251,.T.);
#8658=EDGE_CURVE('',#7090,#7091,#10252,.T.);
#8659=EDGE_CURVE('',#7091,#7087,#10253,.T.);
#8660=EDGE_CURVE('',#7092,#7086,#10254,.T.);
#8661=EDGE_CURVE('',#7093,#7092,#10255,.T.);
#8662=EDGE_CURVE('',#7094,#7093,#10256,.T.);
#8663=EDGE_CURVE('',#7095,#7094,#10257,.T.);
#8664=EDGE_CURVE('',#6482,#7095,#10258,.T.);
#8665=EDGE_CURVE('',#7088,#7095,#10259,.T.);
#8666=EDGE_CURVE('',#7089,#7094,#10260,.T.);
#8667=EDGE_CURVE('',#7090,#7093,#10261,.T.);
#8668=EDGE_CURVE('',#7091,#7092,#10262,.T.);
#8669=EDGE_CURVE('',#7096,#6395,#10263,.T.);
#8670=EDGE_CURVE('',#7097,#6394,#10264,.T.);
#8671=EDGE_CURVE('',#7097,#7096,#10265,.T.);
#8672=EDGE_CURVE('',#6485,#7098,#10266,.T.);
#8673=EDGE_CURVE('',#7098,#7099,#10267,.T.);
#8674=EDGE_CURVE('',#7099,#7100,#10268,.T.);
#8675=EDGE_CURVE('',#7100,#7101,#10269,.T.);
#8676=EDGE_CURVE('',#7101,#7097,#10270,.T.);
#8677=EDGE_CURVE('',#7102,#7096,#10271,.T.);
#8678=EDGE_CURVE('',#7103,#7102,#10272,.T.);
#8679=EDGE_CURVE('',#7104,#7103,#10273,.T.);
#8680=EDGE_CURVE('',#7105,#7104,#10274,.T.);
#8681=EDGE_CURVE('',#6484,#7105,#10275,.T.);
#8682=EDGE_CURVE('',#7098,#7105,#10276,.T.);
#8683=EDGE_CURVE('',#7099,#7104,#10277,.T.);
#8684=EDGE_CURVE('',#7100,#7103,#10278,.T.);
#8685=EDGE_CURVE('',#7101,#7102,#10279,.T.);
#8686=EDGE_CURVE('',#7106,#6391,#10280,.T.);
#8687=EDGE_CURVE('',#7107,#6390,#10281,.T.);
#8688=EDGE_CURVE('',#7107,#7106,#10282,.T.);
#8689=EDGE_CURVE('',#6487,#7108,#10283,.T.);
#8690=EDGE_CURVE('',#7108,#7109,#10284,.T.);
#8691=EDGE_CURVE('',#7109,#7110,#10285,.T.);
#8692=EDGE_CURVE('',#7110,#7111,#10286,.T.);
#8693=EDGE_CURVE('',#7111,#7107,#10287,.T.);
#8694=EDGE_CURVE('',#7112,#7106,#10288,.T.);
#8695=EDGE_CURVE('',#7113,#7112,#10289,.T.);
#8696=EDGE_CURVE('',#7114,#7113,#10290,.T.);
#8697=EDGE_CURVE('',#7115,#7114,#10291,.T.);
#8698=EDGE_CURVE('',#6486,#7115,#10292,.T.);
#8699=EDGE_CURVE('',#7108,#7115,#10293,.T.);
#8700=EDGE_CURVE('',#7109,#7114,#10294,.T.);
#8701=EDGE_CURVE('',#7110,#7113,#10295,.T.);
#8702=EDGE_CURVE('',#7111,#7112,#10296,.T.);
#8703=EDGE_CURVE('',#7116,#6387,#10297,.T.);
#8704=EDGE_CURVE('',#7117,#6386,#10298,.T.);
#8705=EDGE_CURVE('',#7117,#7116,#10299,.T.);
#8706=EDGE_CURVE('',#6489,#7118,#10300,.T.);
#8707=EDGE_CURVE('',#7118,#7119,#10301,.T.);
#8708=EDGE_CURVE('',#7119,#7120,#10302,.T.);
#8709=EDGE_CURVE('',#7120,#7121,#10303,.T.);
#8710=EDGE_CURVE('',#7121,#7117,#10304,.T.);
#8711=EDGE_CURVE('',#7122,#7116,#10305,.T.);
#8712=EDGE_CURVE('',#7123,#7122,#10306,.T.);
#8713=EDGE_CURVE('',#7124,#7123,#10307,.T.);
#8714=EDGE_CURVE('',#7125,#7124,#10308,.T.);
#8715=EDGE_CURVE('',#6488,#7125,#10309,.T.);
#8716=EDGE_CURVE('',#7118,#7125,#10310,.T.);
#8717=EDGE_CURVE('',#7119,#7124,#10311,.T.);
#8718=EDGE_CURVE('',#7120,#7123,#10312,.T.);
#8719=EDGE_CURVE('',#7121,#7122,#10313,.T.);
#8720=EDGE_CURVE('',#7126,#6383,#10314,.T.);
#8721=EDGE_CURVE('',#7127,#6382,#10315,.T.);
#8722=EDGE_CURVE('',#7127,#7126,#10316,.T.);
#8723=EDGE_CURVE('',#6491,#7128,#10317,.T.);
#8724=EDGE_CURVE('',#7128,#7129,#10318,.T.);
#8725=EDGE_CURVE('',#7129,#7130,#10319,.T.);
#8726=EDGE_CURVE('',#7130,#7131,#10320,.T.);
#8727=EDGE_CURVE('',#7131,#7127,#10321,.T.);
#8728=EDGE_CURVE('',#7132,#7126,#10322,.T.);
#8729=EDGE_CURVE('',#7133,#7132,#10323,.T.);
#8730=EDGE_CURVE('',#7134,#7133,#10324,.T.);
#8731=EDGE_CURVE('',#7135,#7134,#10325,.T.);
#8732=EDGE_CURVE('',#6490,#7135,#10326,.T.);
#8733=EDGE_CURVE('',#7128,#7135,#10327,.T.);
#8734=EDGE_CURVE('',#7129,#7134,#10328,.T.);
#8735=EDGE_CURVE('',#7130,#7133,#10329,.T.);
#8736=EDGE_CURVE('',#7131,#7132,#10330,.T.);
#8737=EDGE_CURVE('',#7136,#6379,#10331,.T.);
#8738=EDGE_CURVE('',#7137,#6378,#10332,.T.);
#8739=EDGE_CURVE('',#7137,#7136,#10333,.T.);
#8740=EDGE_CURVE('',#6493,#7138,#10334,.T.);
#8741=EDGE_CURVE('',#7138,#7139,#10335,.T.);
#8742=EDGE_CURVE('',#7139,#7140,#10336,.T.);
#8743=EDGE_CURVE('',#7140,#7141,#10337,.T.);
#8744=EDGE_CURVE('',#7141,#7137,#10338,.T.);
#8745=EDGE_CURVE('',#7142,#7136,#10339,.T.);
#8746=EDGE_CURVE('',#7143,#7142,#10340,.T.);
#8747=EDGE_CURVE('',#7144,#7143,#10341,.T.);
#8748=EDGE_CURVE('',#7145,#7144,#10342,.T.);
#8749=EDGE_CURVE('',#6492,#7145,#10343,.T.);
#8750=EDGE_CURVE('',#7138,#7145,#10344,.T.);
#8751=EDGE_CURVE('',#7139,#7144,#10345,.T.);
#8752=EDGE_CURVE('',#7140,#7143,#10346,.T.);
#8753=EDGE_CURVE('',#7141,#7142,#10347,.T.);
#8754=EDGE_CURVE('',#7146,#6375,#10348,.T.);
#8755=EDGE_CURVE('',#7147,#6374,#10349,.T.);
#8756=EDGE_CURVE('',#7147,#7146,#10350,.T.);
#8757=EDGE_CURVE('',#6495,#7148,#10351,.T.);
#8758=EDGE_CURVE('',#7148,#7149,#10352,.T.);
#8759=EDGE_CURVE('',#7149,#7150,#10353,.T.);
#8760=EDGE_CURVE('',#7150,#7151,#10354,.T.);
#8761=EDGE_CURVE('',#7151,#7147,#10355,.T.);
#8762=EDGE_CURVE('',#7152,#7146,#10356,.T.);
#8763=EDGE_CURVE('',#7153,#7152,#10357,.T.);
#8764=EDGE_CURVE('',#7154,#7153,#10358,.T.);
#8765=EDGE_CURVE('',#7155,#7154,#10359,.T.);
#8766=EDGE_CURVE('',#6494,#7155,#10360,.T.);
#8767=EDGE_CURVE('',#7148,#7155,#10361,.T.);
#8768=EDGE_CURVE('',#7149,#7154,#10362,.T.);
#8769=EDGE_CURVE('',#7150,#7153,#10363,.T.);
#8770=EDGE_CURVE('',#7151,#7152,#10364,.T.);
#8771=EDGE_CURVE('',#7156,#6371,#10365,.T.);
#8772=EDGE_CURVE('',#7157,#6370,#10366,.T.);
#8773=EDGE_CURVE('',#7157,#7156,#10367,.T.);
#8774=EDGE_CURVE('',#6497,#7158,#10368,.T.);
#8775=EDGE_CURVE('',#7158,#7159,#10369,.T.);
#8776=EDGE_CURVE('',#7159,#7160,#10370,.T.);
#8777=EDGE_CURVE('',#7160,#7161,#10371,.T.);
#8778=EDGE_CURVE('',#7161,#7157,#10372,.T.);
#8779=EDGE_CURVE('',#7162,#7156,#10373,.T.);
#8780=EDGE_CURVE('',#7163,#7162,#10374,.T.);
#8781=EDGE_CURVE('',#7164,#7163,#10375,.T.);
#8782=EDGE_CURVE('',#7165,#7164,#10376,.T.);
#8783=EDGE_CURVE('',#6496,#7165,#10377,.T.);
#8784=EDGE_CURVE('',#7158,#7165,#10378,.T.);
#8785=EDGE_CURVE('',#7159,#7164,#10379,.T.);
#8786=EDGE_CURVE('',#7160,#7163,#10380,.T.);
#8787=EDGE_CURVE('',#7161,#7162,#10381,.T.);
#8788=EDGE_CURVE('',#7166,#6367,#10382,.T.);
#8789=EDGE_CURVE('',#7167,#6366,#10383,.T.);
#8790=EDGE_CURVE('',#7167,#7166,#10384,.T.);
#8791=EDGE_CURVE('',#6499,#7168,#10385,.T.);
#8792=EDGE_CURVE('',#7168,#7169,#10386,.T.);
#8793=EDGE_CURVE('',#7169,#7170,#10387,.T.);
#8794=EDGE_CURVE('',#7170,#7171,#10388,.T.);
#8795=EDGE_CURVE('',#7171,#7167,#10389,.T.);
#8796=EDGE_CURVE('',#7172,#7166,#10390,.T.);
#8797=EDGE_CURVE('',#7173,#7172,#10391,.T.);
#8798=EDGE_CURVE('',#7174,#7173,#10392,.T.);
#8799=EDGE_CURVE('',#7175,#7174,#10393,.T.);
#8800=EDGE_CURVE('',#6498,#7175,#10394,.T.);
#8801=EDGE_CURVE('',#7168,#7175,#10395,.T.);
#8802=EDGE_CURVE('',#7169,#7174,#10396,.T.);
#8803=EDGE_CURVE('',#7170,#7173,#10397,.T.);
#8804=EDGE_CURVE('',#7171,#7172,#10398,.T.);
#8805=EDGE_CURVE('',#7176,#6363,#10399,.T.);
#8806=EDGE_CURVE('',#7177,#6362,#10400,.T.);
#8807=EDGE_CURVE('',#7177,#7176,#10401,.T.);
#8808=EDGE_CURVE('',#6501,#7178,#10402,.T.);
#8809=EDGE_CURVE('',#7178,#7179,#10403,.T.);
#8810=EDGE_CURVE('',#7179,#7180,#10404,.T.);
#8811=EDGE_CURVE('',#7180,#7181,#10405,.T.);
#8812=EDGE_CURVE('',#7181,#7177,#10406,.T.);
#8813=EDGE_CURVE('',#7182,#7176,#10407,.T.);
#8814=EDGE_CURVE('',#7183,#7182,#10408,.T.);
#8815=EDGE_CURVE('',#7184,#7183,#10409,.T.);
#8816=EDGE_CURVE('',#7185,#7184,#10410,.T.);
#8817=EDGE_CURVE('',#6500,#7185,#10411,.T.);
#8818=EDGE_CURVE('',#7178,#7185,#10412,.T.);
#8819=EDGE_CURVE('',#7179,#7184,#10413,.T.);
#8820=EDGE_CURVE('',#7180,#7183,#10414,.T.);
#8821=EDGE_CURVE('',#7181,#7182,#10415,.T.);
#8822=EDGE_CURVE('',#7186,#6359,#10416,.T.);
#8823=EDGE_CURVE('',#7187,#6358,#10417,.T.);
#8824=EDGE_CURVE('',#7187,#7186,#10418,.T.);
#8825=EDGE_CURVE('',#6503,#7188,#10419,.T.);
#8826=EDGE_CURVE('',#7188,#7189,#10420,.T.);
#8827=EDGE_CURVE('',#7189,#7190,#10421,.T.);
#8828=EDGE_CURVE('',#7190,#7191,#10422,.T.);
#8829=EDGE_CURVE('',#7191,#7187,#10423,.T.);
#8830=EDGE_CURVE('',#7192,#7186,#10424,.T.);
#8831=EDGE_CURVE('',#7193,#7192,#10425,.T.);
#8832=EDGE_CURVE('',#7194,#7193,#10426,.T.);
#8833=EDGE_CURVE('',#7195,#7194,#10427,.T.);
#8834=EDGE_CURVE('',#6502,#7195,#10428,.T.);
#8835=EDGE_CURVE('',#7188,#7195,#10429,.T.);
#8836=EDGE_CURVE('',#7189,#7194,#10430,.T.);
#8837=EDGE_CURVE('',#7190,#7193,#10431,.T.);
#8838=EDGE_CURVE('',#7191,#7192,#10432,.T.);
#8839=EDGE_CURVE('',#7196,#6355,#10433,.T.);
#8840=EDGE_CURVE('',#7197,#6354,#10434,.T.);
#8841=EDGE_CURVE('',#7197,#7196,#10435,.T.);
#8842=EDGE_CURVE('',#6505,#7198,#10436,.T.);
#8843=EDGE_CURVE('',#7198,#7199,#10437,.T.);
#8844=EDGE_CURVE('',#7199,#7200,#10438,.T.);
#8845=EDGE_CURVE('',#7200,#7201,#10439,.T.);
#8846=EDGE_CURVE('',#7201,#7197,#10440,.T.);
#8847=EDGE_CURVE('',#7202,#7196,#10441,.T.);
#8848=EDGE_CURVE('',#7203,#7202,#10442,.T.);
#8849=EDGE_CURVE('',#7204,#7203,#10443,.T.);
#8850=EDGE_CURVE('',#7205,#7204,#10444,.T.);
#8851=EDGE_CURVE('',#6504,#7205,#10445,.T.);
#8852=EDGE_CURVE('',#7198,#7205,#10446,.T.);
#8853=EDGE_CURVE('',#7199,#7204,#10447,.T.);
#8854=EDGE_CURVE('',#7200,#7203,#10448,.T.);
#8855=EDGE_CURVE('',#7201,#7202,#10449,.T.);
#8856=EDGE_CURVE('',#7206,#6351,#10450,.T.);
#8857=EDGE_CURVE('',#7207,#6350,#10451,.T.);
#8858=EDGE_CURVE('',#7207,#7206,#10452,.T.);
#8859=EDGE_CURVE('',#6507,#7208,#10453,.T.);
#8860=EDGE_CURVE('',#7208,#7209,#10454,.T.);
#8861=EDGE_CURVE('',#7209,#7210,#10455,.T.);
#8862=EDGE_CURVE('',#7210,#7211,#10456,.T.);
#8863=EDGE_CURVE('',#7211,#7207,#10457,.T.);
#8864=EDGE_CURVE('',#7212,#7206,#10458,.T.);
#8865=EDGE_CURVE('',#7213,#7212,#10459,.T.);
#8866=EDGE_CURVE('',#7214,#7213,#10460,.T.);
#8867=EDGE_CURVE('',#7215,#7214,#10461,.T.);
#8868=EDGE_CURVE('',#6506,#7215,#10462,.T.);
#8869=EDGE_CURVE('',#7208,#7215,#10463,.T.);
#8870=EDGE_CURVE('',#7209,#7214,#10464,.T.);
#8871=EDGE_CURVE('',#7210,#7213,#10465,.T.);
#8872=EDGE_CURVE('',#7211,#7212,#10466,.T.);
#8873=EDGE_CURVE('',#6312,#6318,#10467,.T.);
#8874=EDGE_CURVE('',#6340,#6523,#10468,.T.);
#8875=EDGE_CURVE('',#6341,#6522,#10469,.T.);
#8876=EDGE_CURVE('',#6343,#6520,#10470,.T.);
#8877=EDGE_CURVE('',#6342,#6521,#10471,.T.);
#8878=EDGE_CURVE('',#6345,#6512,#10472,.T.);
#8879=EDGE_CURVE('',#6344,#6513,#10473,.T.);
#8880=EDGE_CURVE('',#6346,#6511,#10474,.T.);
#8881=EDGE_CURVE('',#6347,#6510,#10475,.T.);
#8882=EDGE_CURVE('',#7216,#6519,#10476,.T.);
#8883=EDGE_CURVE('',#6324,#7216,#10477,.T.);
#8884=EDGE_CURVE('',#7217,#6518,#10478,.T.);
#8885=EDGE_CURVE('',#7216,#7217,#10479,.T.);
#8886=EDGE_CURVE('',#7218,#6517,#10480,.T.);
#8887=EDGE_CURVE('',#7217,#7218,#10481,.T.);
#8888=EDGE_CURVE('',#7219,#6516,#10482,.T.);
#8889=EDGE_CURVE('',#7218,#7219,#10483,.T.);
#8890=EDGE_CURVE('',#7220,#6515,#10484,.T.);
#8891=EDGE_CURVE('',#7219,#7220,#10485,.T.);
#8892=EDGE_CURVE('',#7221,#6514,#10486,.T.);
#8893=EDGE_CURVE('',#7220,#7221,#10487,.T.);
#8894=EDGE_CURVE('',#7221,#6325,#10488,.T.);
#8895=EDGE_CURVE('',#7222,#6274,#10489,.T.);
#8896=EDGE_CURVE('',#6275,#7223,#10490,.T.);
#8897=EDGE_CURVE('',#7223,#7224,#10491,.T.);
#8898=EDGE_CURVE('',#7224,#7225,#10492,.T.);
#8899=EDGE_CURVE('',#7225,#7226,#10493,.T.);
#8900=EDGE_CURVE('',#7226,#7227,#10494,.T.);
#8901=EDGE_CURVE('',#7227,#7222,#10495,.T.);
#8902=EDGE_CURVE('',#6286,#6290,#10496,.T.);
#8903=EDGE_CURVE('',#6304,#6450,#10497,.T.);
#8904=EDGE_CURVE('',#6303,#6451,#10498,.T.);
#8905=EDGE_CURVE('',#6306,#6448,#10499,.T.);
#8906=EDGE_CURVE('',#6305,#6449,#10500,.T.);
#8907=EDGE_CURVE('',#6307,#6461,#10501,.T.);
#8908=EDGE_CURVE('',#6308,#6460,#10502,.T.);
#8909=EDGE_CURVE('',#6309,#6459,#10503,.T.);
#8910=EDGE_CURVE('',#6310,#6458,#10504,.T.);
#8911=EDGE_CURVE('',#7222,#6452,#10505,.T.);
#8912=EDGE_CURVE('',#7227,#6453,#10506,.T.);
#8913=EDGE_CURVE('',#7223,#6457,#10507,.T.);
#8914=EDGE_CURVE('',#7224,#6456,#10508,.T.);
#8915=EDGE_CURVE('',#7225,#6455,#10509,.T.);
#8916=EDGE_CURVE('',#7226,#6454,#10510,.T.);
#8917=EDGE_CURVE('',#7228,#6163,#10511,.T.);
#8918=EDGE_CURVE('',#7228,#6552,#10512,.T.);
#8919=EDGE_CURVE('',#6156,#6166,#10513,.T.);
#8920=EDGE_CURVE('',#6539,#6530,#10514,.T.);
#8921=EDGE_CURVE('',#6164,#6154,#10515,.T.);
#8922=EDGE_CURVE('',#7229,#7230,#10516,.T.);
#8923=EDGE_CURVE('',#7230,#7231,#10517,.T.);
#8924=EDGE_CURVE('',#7231,#7232,#10518,.T.);
#8925=EDGE_CURVE('',#7233,#7232,#10519,.T.);
#8926=EDGE_CURVE('',#7233,#7234,#10520,.T.);
#8927=EDGE_CURVE('',#7234,#7235,#10521,.T.);
#8928=EDGE_CURVE('',#7235,#7236,#10522,.T.);
#8929=EDGE_CURVE('',#7237,#7236,#10523,.T.);
#8930=EDGE_CURVE('',#7238,#7237,#10524,.T.);
#8931=EDGE_CURVE('',#7238,#7239,#10525,.T.);
#8932=EDGE_CURVE('',#7239,#7240,#10526,.T.);
#8933=EDGE_CURVE('',#7240,#7241,#10527,.T.);
#8934=EDGE_CURVE('',#7242,#7241,#10528,.T.);
#8935=EDGE_CURVE('',#7243,#7242,#10529,.T.);
#8936=EDGE_CURVE('',#7244,#7243,#10530,.T.);
#8937=EDGE_CURVE('',#7229,#7244,#10531,.T.);
#8938=EDGE_CURVE('',#6168,#7245,#10532,.T.);
#8939=EDGE_CURVE('',#7245,#6553,#10533,.T.);
#8940=EDGE_CURVE('',#6555,#7246,#10534,.T.);
#8941=EDGE_CURVE('',#6554,#7247,#10535,.T.);
#8942=EDGE_CURVE('',#7248,#7247,#10536,.T.);
#8943=EDGE_CURVE('',#6563,#7248,#10537,.T.);
#8944=EDGE_CURVE('',#7249,#6562,#10538,.T.);
#8945=EDGE_CURVE('',#7250,#7249,#10539,.T.);
#8946=EDGE_CURVE('',#6559,#7250,#10540,.T.);
#8947=EDGE_CURVE('',#7246,#6558,#10541,.T.);
#8948=EDGE_CURVE('',#7251,#7252,#10542,.T.);
#8949=EDGE_CURVE('',#7252,#7253,#10543,.T.);
#8950=EDGE_CURVE('',#7253,#7254,#10544,.T.);
#8951=EDGE_CURVE('',#7254,#7229,#10545,.T.);
#8952=EDGE_CURVE('',#7244,#7255,#10546,.T.);
#8953=EDGE_CURVE('',#7255,#7256,#10547,.T.);
#8954=EDGE_CURVE('',#7251,#7256,#10548,.T.);
#8955=EDGE_CURVE('',#7257,#7258,#10549,.T.);
#8956=EDGE_CURVE('',#7258,#7259,#10550,.T.);
#8957=EDGE_CURVE('',#7260,#7259,#10551,.T.);
#8958=EDGE_CURVE('',#7257,#7260,#10552,.T.);
#8959=EDGE_CURVE('',#7256,#7261,#10553,.T.);
#8960=EDGE_CURVE('',#7262,#7255,#10554,.T.);
#8961=EDGE_CURVE('',#7262,#7261,#10555,.T.);
#8962=EDGE_CURVE('',#7263,#7264,#10556,.T.);
#8963=EDGE_CURVE('',#7265,#7263,#10557,.T.);
#8964=EDGE_CURVE('',#7265,#7266,#10558,.T.);
#8965=EDGE_CURVE('',#7267,#7266,#10559,.T.);
#8966=EDGE_CURVE('',#7268,#7267,#10560,.T.);
#8967=EDGE_CURVE('',#7264,#7268,#10561,.T.);
#8968=EDGE_CURVE('',#7268,#7231,#10562,.T.);
#8969=EDGE_CURVE('',#7232,#7267,#10563,.T.);
#8970=EDGE_CURVE('',#7263,#7243,#10564,.T.);
#8971=EDGE_CURVE('',#7242,#7265,#10565,.T.);
#8972=EDGE_CURVE('',#7269,#7270,#10566,.T.);
#8973=EDGE_CURVE('',#7271,#7269,#10567,.T.);
#8974=EDGE_CURVE('',#7271,#7272,#10568,.T.);
#8975=EDGE_CURVE('',#7273,#7272,#10569,.T.);
#8976=EDGE_CURVE('',#7239,#7273,#10570,.T.);
#8977=EDGE_CURVE('',#7274,#7238,#10571,.T.);
#8978=EDGE_CURVE('',#7270,#7274,#10572,.T.);
#8979=EDGE_CURVE('',#7275,#7276,#10573,.T.);
#8980=EDGE_CURVE('',#7277,#7275,#10574,.T.);
#8981=EDGE_CURVE('',#7277,#7278,#10575,.T.);
#8982=EDGE_CURVE('',#7278,#7276,#10576,.T.);
#8983=EDGE_CURVE('',#7272,#7279,#10577,.T.);
#8984=EDGE_CURVE('',#7280,#7279,#10578,.T.);
#8985=EDGE_CURVE('',#7280,#7273,#10579,.T.);
#8986=EDGE_CURVE('',#7266,#6270,#10580,.T.);
#8987=EDGE_CURVE('',#6271,#7281,#10581,.T.);
#8988=EDGE_CURVE('',#7281,#7233,#10582,.T.);
#8989=EDGE_CURVE('',#7282,#6272,#10583,.T.);
#8990=EDGE_CURVE('',#7283,#7282,#10584,.T.);
#8991=EDGE_CURVE('',#7235,#7283,#10585,.T.);
#8992=EDGE_CURVE('',#7284,#7234,#10586,.T.);
#8993=EDGE_CURVE('',#6273,#7284,#10587,.T.);
#8994=EDGE_CURVE('',#7247,#7245,#10588,.T.);
#8995=EDGE_CURVE('',#7248,#7228,#10589,.T.);
#8996=EDGE_CURVE('',#7250,#6528,#10590,.T.);
#8997=EDGE_CURVE('',#7249,#6538,#10591,.T.);
#8998=EDGE_CURVE('',#7241,#7285,#10592,.T.);
#8999=EDGE_CURVE('',#7282,#7285,#10593,.T.);
#9000=EDGE_CURVE('',#7281,#7284,#10594,.T.);
#9001=EDGE_CURVE('',#7283,#7286,#10595,.T.);
#9002=EDGE_CURVE('',#7286,#7236,#10596,.T.);
#9003=EDGE_CURVE('',#7285,#7287,#10597,.T.);
#9004=EDGE_CURVE('',#7287,#7288,#10598,.T.);
#9005=EDGE_CURVE('',#7288,#7286,#10599,.T.);
#9006=EDGE_CURVE('',#7240,#7287,#10600,.T.);
#9007=EDGE_CURVE('',#7288,#7289,#10601,.T.);
#9008=EDGE_CURVE('',#7289,#7290,#10602,.T.);
#9009=EDGE_CURVE('',#7290,#7237,#10603,.T.);
#9010=EDGE_CURVE('',#7291,#7280,#10604,.T.);
#9011=EDGE_CURVE('',#7291,#7289,#10605,.T.);
#9012=EDGE_CURVE('',#7291,#7292,#10606,.T.);
#9013=EDGE_CURVE('',#7292,#7290,#10607,.T.);
#9014=EDGE_CURVE('',#7292,#7293,#10608,.T.);
#9015=EDGE_CURVE('',#7293,#7274,#10609,.T.);
#9016=EDGE_CURVE('',#7270,#7294,#10610,.T.);
#9017=EDGE_CURVE('',#7294,#7293,#10611,.T.);
#9018=EDGE_CURVE('',#7279,#7294,#10612,.T.);
#9019=EDGE_CURVE('',#7294,#7295,#10613,.T.);
#9020=EDGE_CURVE('',#7279,#7296,#10614,.T.);
#9021=EDGE_CURVE('',#7296,#7295,#10615,.T.);
#9022=EDGE_CURVE('',#7295,#7269,#10616,.T.);
#9023=EDGE_CURVE('',#7296,#7271,#10617,.T.);
#9024=EDGE_CURVE('',#7275,#7297,#10618,.T.);
#9025=EDGE_CURVE('',#7297,#7298,#10619,.T.);
#9026=EDGE_CURVE('',#7298,#7277,#10620,.T.);
#9027=EDGE_CURVE('',#7299,#7300,#10621,.T.);
#9028=EDGE_CURVE('',#7276,#7299,#10622,.T.);
#9029=EDGE_CURVE('',#7300,#7278,#10623,.T.);
#9030=EDGE_CURVE('',#7297,#7299,#10624,.T.);
#9031=EDGE_CURVE('',#7298,#7300,#10625,.T.);
#9032=EDGE_CURVE('',#7264,#7301,#10626,.T.);
#9033=EDGE_CURVE('',#7302,#7230,#10627,.T.);
#9034=EDGE_CURVE('',#7301,#7302,#10628,.T.);
#9035=EDGE_CURVE('',#7303,#7301,#10629,.T.);
#9036=EDGE_CURVE('',#7303,#7262,#10630,.T.);
#9037=EDGE_CURVE('',#7304,#7302,#10631,.T.);
#9038=EDGE_CURVE('',#7303,#7304,#10632,.T.);
#9039=EDGE_CURVE('',#7305,#7254,#10633,.T.);
#9040=EDGE_CURVE('',#7304,#7305,#10634,.T.);
#9041=EDGE_CURVE('',#7253,#7306,#10635,.T.);
#9042=EDGE_CURVE('',#7306,#7305,#10636,.T.);
#9043=EDGE_CURVE('',#7261,#7306,#10637,.T.);
#9044=EDGE_CURVE('',#7306,#7307,#10638,.T.);
#9045=EDGE_CURVE('',#7308,#7307,#10639,.T.);
#9046=EDGE_CURVE('',#7261,#7308,#10640,.T.);
#9047=EDGE_CURVE('',#7307,#7252,#10641,.T.);
#9048=EDGE_CURVE('',#7308,#7251,#10642,.T.);
#9049=EDGE_CURVE('',#7309,#7310,#10643,.T.);
#9050=EDGE_CURVE('',#7258,#7309,#10644,.T.);
#9051=EDGE_CURVE('',#7310,#7257,#10645,.T.);
#9052=EDGE_CURVE('',#7309,#7311,#10646,.T.);
#9053=EDGE_CURVE('',#7259,#7311,#10647,.T.);
#9054=EDGE_CURVE('',#7310,#7312,#10648,.T.);
#9055=EDGE_CURVE('',#7311,#7312,#10649,.T.);
#9056=EDGE_CURVE('',#7312,#7260,#10650,.T.);
#9057=EDGE_CURVE('',#7246,#7313,#10651,.T.);
#9058=EDGE_CURVE('',#7313,#6556,#10652,.T.);
#9059=EDGE_CURVE('',#6557,#7313,#10653,.T.);
#9060=LINE('',#16114,#10654);
#9061=LINE('',#16117,#10655);
#9062=LINE('',#16119,#10656);
#9063=LINE('',#16121,#10657);
#9064=LINE('',#16123,#10658);
#9065=LINE('',#16125,#10659);
#9066=LINE('',#16127,#10660);
#9067=LINE('',#16129,#10661);
#9068=LINE('',#16131,#10662);
#9069=LINE('',#16134,#10663);
#9070=LINE('',#16136,#10664);
#9071=LINE('',#16138,#10665);
#9072=LINE('',#16140,#10666);
#9073=LINE('',#16143,#10667);
#9074=LINE('',#16145,#10668);
#9075=LINE('',#16147,#10669);
#9076=LINE('',#16149,#10670);
#9077=LINE('',#16152,#10671);
#9078=LINE('',#16154,#10672);
#9079=LINE('',#16156,#10673);
#9080=LINE('',#16158,#10674);
#9081=LINE('',#16160,#10675);
#9082=LINE('',#16162,#10676);
#9083=LINE('',#16164,#10677);
#9084=LINE('',#16166,#10678);
#9085=LINE('',#16168,#10679);
#9086=LINE('',#16170,#10680);
#9087=LINE('',#16172,#10681);
#9088=LINE('',#16174,#10682);
#9089=LINE('',#16176,#10683);
#9090=LINE('',#16178,#10684);
#9091=LINE('',#16180,#10685);
#9092=LINE('',#16182,#10686);
#9093=LINE('',#16184,#10687);
#9094=LINE('',#16186,#10688);
#9095=LINE('',#16188,#10689);
#9096=LINE('',#16190,#10690);
#9097=LINE('',#16192,#10691);
#9098=LINE('',#16194,#10692);
#9099=LINE('',#16196,#10693);
#9100=LINE('',#16198,#10694);
#9101=LINE('',#16200,#10695);
#9102=LINE('',#16202,#10696);
#9103=LINE('',#16204,#10697);
#9104=LINE('',#16206,#10698);
#9105=LINE('',#16208,#10699);
#9106=LINE('',#16210,#10700);
#9107=LINE('',#16212,#10701);
#9108=LINE('',#16214,#10702);
#9109=LINE('',#16216,#10703);
#9110=LINE('',#16218,#10704);
#9111=LINE('',#16220,#10705);
#9112=LINE('',#16222,#10706);
#9113=LINE('',#16224,#10707);
#9114=LINE('',#16226,#10708);
#9115=LINE('',#16228,#10709);
#9116=LINE('',#16230,#10710);
#9117=LINE('',#16232,#10711);
#9118=LINE('',#16234,#10712);
#9119=LINE('',#16236,#10713);
#9120=LINE('',#16238,#10714);
#9121=LINE('',#16240,#10715);
#9122=LINE('',#16242,#10716);
#9123=LINE('',#16244,#10717);
#9124=LINE('',#16246,#10718);
#9125=LINE('',#16248,#10719);
#9126=LINE('',#16250,#10720);
#9127=LINE('',#16252,#10721);
#9128=LINE('',#16254,#10722);
#9129=LINE('',#16256,#10723);
#9130=LINE('',#16258,#10724);
#9131=LINE('',#16260,#10725);
#9132=LINE('',#16262,#10726);
#9133=LINE('',#16264,#10727);
#9134=LINE('',#16266,#10728);
#9135=LINE('',#16268,#10729);
#9136=LINE('',#16270,#10730);
#9137=LINE('',#16272,#10731);
#9138=LINE('',#16274,#10732);
#9139=LINE('',#16276,#10733);
#9140=LINE('',#16278,#10734);
#9141=LINE('',#16280,#10735);
#9142=LINE('',#16282,#10736);
#9143=LINE('',#16284,#10737);
#9144=LINE('',#16286,#10738);
#9145=LINE('',#16288,#10739);
#9146=LINE('',#16290,#10740);
#9147=LINE('',#16292,#10741);
#9148=LINE('',#16294,#10742);
#9149=LINE('',#16296,#10743);
#9150=LINE('',#16298,#10744);
#9151=LINE('',#16300,#10745);
#9152=LINE('',#16302,#10746);
#9153=LINE('',#16304,#10747);
#9154=LINE('',#16306,#10748);
#9155=LINE('',#16308,#10749);
#9156=LINE('',#16310,#10750);
#9157=LINE('',#16312,#10751);
#9158=LINE('',#16314,#10752);
#9159=LINE('',#16316,#10753);
#9160=LINE('',#16318,#10754);
#9161=LINE('',#16320,#10755);
#9162=LINE('',#16322,#10756);
#9163=LINE('',#16324,#10757);
#9164=LINE('',#16326,#10758);
#9165=LINE('',#16328,#10759);
#9166=LINE('',#16330,#10760);
#9167=LINE('',#16332,#10761);
#9168=LINE('',#16334,#10762);
#9169=LINE('',#16336,#10763);
#9170=LINE('',#16338,#10764);
#9171=LINE('',#16340,#10765);
#9172=LINE('',#16342,#10766);
#9173=LINE('',#16344,#10767);
#9174=LINE('',#16346,#10768);
#9175=LINE('',#16348,#10769);
#9176=LINE('',#16349,#10770);
#9177=LINE('',#16352,#10771);
#9178=LINE('',#16354,#10772);
#9179=LINE('',#16356,#10773);
#9180=LINE('',#16358,#10774);
#9181=LINE('',#16361,#10775);
#9182=LINE('',#16363,#10776);
#9183=LINE('',#16364,#10777);
#9184=LINE('',#16366,#10778);
#9185=LINE('',#16368,#10779);
#9186=LINE('',#16370,#10780);
#9187=LINE('',#16372,#10781);
#9188=LINE('',#16374,#10782);
#9189=LINE('',#16376,#10783);
#9190=LINE('',#16378,#10784);
#9191=LINE('',#16380,#10785);
#9192=LINE('',#16382,#10786);
#9193=LINE('',#16384,#10787);
#9194=LINE('',#16386,#10788);
#9195=LINE('',#16388,#10789);
#9196=LINE('',#16390,#10790);
#9197=LINE('',#16392,#10791);
#9198=LINE('',#16394,#10792);
#9199=LINE('',#16397,#10793);
#9200=LINE('',#16399,#10794);
#9201=LINE('',#16400,#10795);
#9202=LINE('',#16402,#10796);
#9203=LINE('',#16404,#10797);
#9204=LINE('',#16406,#10798);
#9205=LINE('',#16408,#10799);
#9206=LINE('',#16410,#10800);
#9207=LINE('',#16413,#10801);
#9208=LINE('',#16414,#10802);
#9209=LINE('',#16416,#10803);
#9210=LINE('',#16419,#10804);
#9211=LINE('',#16421,#10805);
#9212=LINE('',#16423,#10806);
#9213=LINE('',#16425,#10807);
#9214=LINE('',#16427,#10808);
#9215=LINE('',#16429,#10809);
#9216=LINE('',#16431,#10810);
#9217=LINE('',#16433,#10811);
#9218=LINE('',#16435,#10812);
#9219=LINE('',#16437,#10813);
#9220=LINE('',#16439,#10814);
#9221=LINE('',#16441,#10815);
#9222=LINE('',#16443,#10816);
#9223=LINE('',#16445,#10817);
#9224=LINE('',#16446,#10818);
#9225=LINE('',#16448,#10819);
#9226=LINE('',#16450,#10820);
#9227=LINE('',#16452,#10821);
#9228=LINE('',#16454,#10822);
#9229=LINE('',#16456,#10823);
#9230=LINE('',#16458,#10824);
#9231=LINE('',#16460,#10825);
#9232=LINE('',#16462,#10826);
#9233=LINE('',#16464,#10827);
#9234=LINE('',#16467,#10828);
#9235=LINE('',#16469,#10829);
#9236=LINE('',#16470,#10830);
#9237=LINE('',#16472,#10831);
#9238=LINE('',#16474,#10832);
#9239=LINE('',#16476,#10833);
#9240=LINE('',#16478,#10834);
#9241=LINE('',#16480,#10835);
#9242=LINE('',#16482,#10836);
#9243=LINE('',#16484,#10837);
#9244=LINE('',#16486,#10838);
#9245=LINE('',#16488,#10839);
#9246=LINE('',#16490,#10840);
#9247=LINE('',#16492,#10841);
#9248=LINE('',#16494,#10842);
#9249=LINE('',#16496,#10843);
#9250=LINE('',#16498,#10844);
#9251=LINE('',#16500,#10845);
#9252=LINE('',#16503,#10846);
#9253=LINE('',#16504,#10847);
#9254=LINE('',#16506,#10848);
#9255=LINE('',#16509,#10849);
#9256=LINE('',#16511,#10850);
#9257=LINE('',#16513,#10851);
#9258=LINE('',#16515,#10852);
#9259=LINE('',#16517,#10853);
#9260=LINE('',#16519,#10854);
#9261=LINE('',#16521,#10855);
#9262=LINE('',#16523,#10856);
#9263=LINE('',#16525,#10857);
#9264=LINE('',#16527,#10858);
#9265=LINE('',#16529,#10859);
#9266=LINE('',#16531,#10860);
#9267=LINE('',#16533,#10861);
#9268=LINE('',#16535,#10862);
#9269=LINE('',#16536,#10863);
#9270=LINE('',#16538,#10864);
#9271=LINE('',#16541,#10865);
#9272=LINE('',#16543,#10866);
#9273=LINE('',#16545,#10867);
#9274=LINE('',#16547,#10868);
#9275=LINE('',#16549,#10869);
#9276=LINE('',#16551,#10870);
#9277=LINE('',#16553,#10871);
#9278=LINE('',#16555,#10872);
#9279=LINE('',#16557,#10873);
#9280=LINE('',#16559,#10874);
#9281=LINE('',#16561,#10875);
#9282=LINE('',#16563,#10876);
#9283=LINE('',#16565,#10877);
#9284=LINE('',#16567,#10878);
#9285=LINE('',#16569,#10879);
#9286=LINE('',#16571,#10880);
#9287=LINE('',#16573,#10881);
#9288=LINE('',#16575,#10882);
#9289=LINE('',#16577,#10883);
#9290=LINE('',#16579,#10884);
#9291=LINE('',#16581,#10885);
#9292=LINE('',#16583,#10886);
#9293=LINE('',#16585,#10887);
#9294=LINE('',#16587,#10888);
#9295=LINE('',#16589,#10889);
#9296=LINE('',#16591,#10890);
#9297=LINE('',#16593,#10891);
#9298=LINE('',#16595,#10892);
#9299=LINE('',#16597,#10893);
#9300=LINE('',#16599,#10894);
#9301=LINE('',#16601,#10895);
#9302=LINE('',#16603,#10896);
#9303=LINE('',#16605,#10897);
#9304=LINE('',#16607,#10898);
#9305=LINE('',#16609,#10899);
#9306=LINE('',#16611,#10900);
#9307=LINE('',#16613,#10901);
#9308=LINE('',#16615,#10902);
#9309=LINE('',#16617,#10903);
#9310=LINE('',#16619,#10904);
#9311=LINE('',#16621,#10905);
#9312=LINE('',#16623,#10906);
#9313=LINE('',#16625,#10907);
#9314=LINE('',#16627,#10908);
#9315=LINE('',#16629,#10909);
#9316=LINE('',#16631,#10910);
#9317=LINE('',#16633,#10911);
#9318=LINE('',#16635,#10912);
#9319=LINE('',#16637,#10913);
#9320=LINE('',#16639,#10914);
#9321=LINE('',#16641,#10915);
#9322=LINE('',#16643,#10916);
#9323=LINE('',#16645,#10917);
#9324=LINE('',#16647,#10918);
#9325=LINE('',#16649,#10919);
#9326=LINE('',#16651,#10920);
#9327=LINE('',#16653,#10921);
#9328=LINE('',#16655,#10922);
#9329=LINE('',#16657,#10923);
#9330=LINE('',#16659,#10924);
#9331=LINE('',#16661,#10925);
#9332=LINE('',#16663,#10926);
#9333=LINE('',#16665,#10927);
#9334=LINE('',#16667,#10928);
#9335=LINE('',#16669,#10929);
#9336=LINE('',#16671,#10930);
#9337=LINE('',#16673,#10931);
#9338=LINE('',#16675,#10932);
#9339=LINE('',#16677,#10933);
#9340=LINE('',#16679,#10934);
#9341=LINE('',#16681,#10935);
#9342=LINE('',#16683,#10936);
#9343=LINE('',#16685,#10937);
#9344=LINE('',#16687,#10938);
#9345=LINE('',#16689,#10939);
#9346=LINE('',#16691,#10940);
#9347=LINE('',#16693,#10941);
#9348=LINE('',#16695,#10942);
#9349=LINE('',#16697,#10943);
#9350=LINE('',#16699,#10944);
#9351=LINE('',#16701,#10945);
#9352=LINE('',#16703,#10946);
#9353=LINE('',#16705,#10947);
#9354=LINE('',#16707,#10948);
#9355=LINE('',#16709,#10949);
#9356=LINE('',#16711,#10950);
#9357=LINE('',#16713,#10951);
#9358=LINE('',#16715,#10952);
#9359=LINE('',#16717,#10953);
#9360=LINE('',#16719,#10954);
#9361=LINE('',#16721,#10955);
#9362=LINE('',#16723,#10956);
#9363=LINE('',#16724,#10957);
#9364=LINE('',#16726,#10958);
#9365=LINE('',#16728,#10959);
#9366=LINE('',#16729,#10960);
#9367=LINE('',#16730,#10961);
#9368=LINE('',#16732,#10962);
#9369=LINE('',#16734,#10963);
#9370=LINE('',#16735,#10964);
#9371=LINE('',#16737,#10965);
#9372=LINE('',#16739,#10966);
#9373=LINE('',#16741,#10967);
#9374=LINE('',#16743,#10968);
#9375=LINE('',#16745,#10969);
#9376=LINE('',#16747,#10970);
#9377=LINE('',#16749,#10971);
#9378=LINE('',#16751,#10972);
#9379=LINE('',#16753,#10973);
#9380=LINE('',#16755,#10974);
#9381=LINE('',#16757,#10975);
#9382=LINE('',#16759,#10976);
#9383=LINE('',#16761,#10977);
#9384=LINE('',#16763,#10978);
#9385=LINE('',#16765,#10979);
#9386=LINE('',#16767,#10980);
#9387=LINE('',#16769,#10981);
#9388=LINE('',#16771,#10982);
#9389=LINE('',#16772,#10983);
#9390=LINE('',#16774,#10984);
#9391=LINE('',#16776,#10985);
#9392=LINE('',#16777,#10986);
#9393=LINE('',#16779,#10987);
#9394=LINE('',#16781,#10988);
#9395=LINE('',#16782,#10989);
#9396=LINE('',#16784,#10990);
#9397=LINE('',#16786,#10991);
#9398=LINE('',#16787,#10992);
#9399=LINE('',#16789,#10993);
#9400=LINE('',#16791,#10994);
#9401=LINE('',#16792,#10995);
#9402=LINE('',#16794,#10996);
#9403=LINE('',#16796,#10997);
#9404=LINE('',#16797,#10998);
#9405=LINE('',#16799,#10999);
#9406=LINE('',#16801,#11000);
#9407=LINE('',#16802,#11001);
#9408=LINE('',#16804,#11002);
#9409=LINE('',#16806,#11003);
#9410=LINE('',#16807,#11004);
#9411=LINE('',#16809,#11005);
#9412=LINE('',#16811,#11006);
#9413=LINE('',#16812,#11007);
#9414=LINE('',#16814,#11008);
#9415=LINE('',#16816,#11009);
#9416=LINE('',#16817,#11010);
#9417=LINE('',#16819,#11011);
#9418=LINE('',#16821,#11012);
#9419=LINE('',#16822,#11013);
#9420=LINE('',#16824,#11014);
#9421=LINE('',#16826,#11015);
#9422=LINE('',#16827,#11016);
#9423=LINE('',#16829,#11017);
#9424=LINE('',#16831,#11018);
#9425=LINE('',#16832,#11019);
#9426=LINE('',#16834,#11020);
#9427=LINE('',#16836,#11021);
#9428=LINE('',#16837,#11022);
#9429=LINE('',#16839,#11023);
#9430=LINE('',#16841,#11024);
#9431=LINE('',#16842,#11025);
#9432=LINE('',#16844,#11026);
#9433=LINE('',#16846,#11027);
#9434=LINE('',#16847,#11028);
#9435=LINE('',#16849,#11029);
#9436=LINE('',#16851,#11030);
#9437=LINE('',#16852,#11031);
#9438=LINE('',#16854,#11032);
#9439=LINE('',#16856,#11033);
#9440=LINE('',#16857,#11034);
#9441=LINE('',#16859,#11035);
#9442=LINE('',#16861,#11036);
#9443=LINE('',#16862,#11037);
#9444=LINE('',#16864,#11038);
#9445=LINE('',#16866,#11039);
#9446=LINE('',#16867,#11040);
#9447=LINE('',#16869,#11041);
#9448=LINE('',#16871,#11042);
#9449=LINE('',#16872,#11043);
#9450=LINE('',#16874,#11044);
#9451=LINE('',#16876,#11045);
#9452=LINE('',#16877,#11046);
#9453=LINE('',#16879,#11047);
#9454=LINE('',#16881,#11048);
#9455=LINE('',#16882,#11049);
#9456=LINE('',#16884,#11050);
#9457=LINE('',#16886,#11051);
#9458=LINE('',#16887,#11052);
#9459=LINE('',#16889,#11053);
#9460=LINE('',#16891,#11054);
#9461=LINE('',#16892,#11055);
#9462=LINE('',#16894,#11056);
#9463=LINE('',#16896,#11057);
#9464=LINE('',#16898,#11058);
#9465=LINE('',#16900,#11059);
#9466=LINE('',#16902,#11060);
#9467=LINE('',#16904,#11061);
#9468=LINE('',#16906,#11062);
#9469=LINE('',#16908,#11063);
#9470=LINE('',#16910,#11064);
#9471=LINE('',#16912,#11065);
#9472=LINE('',#16914,#11066);
#9473=LINE('',#16916,#11067);
#9474=LINE('',#16918,#11068);
#9475=LINE('',#16920,#11069);
#9476=LINE('',#16922,#11070);
#9477=LINE('',#16925,#11071);
#9478=LINE('',#16927,#11072);
#9479=LINE('',#16929,#11073);
#9480=LINE('',#16931,#11074);
#9481=LINE('',#16934,#11075);
#9482=LINE('',#16936,#11076);
#9483=LINE('',#16938,#11077);
#9484=LINE('',#16940,#11078);
#9485=LINE('',#16942,#11079);
#9486=LINE('',#16944,#11080);
#9487=LINE('',#16946,#11081);
#9488=LINE('',#16948,#11082);
#9489=LINE('',#16949,#11083);
#9490=LINE('',#16951,#11084);
#9491=LINE('',#16955,#11085);
#9492=LINE('',#16957,#11086);
#9493=LINE('',#16958,#11087);
#9494=LINE('',#16959,#11088);
#9495=LINE('',#16965,#11089);
#9496=LINE('',#16968,#11090);
#9497=LINE('',#16970,#11091);
#9498=LINE('',#16972,#11092);
#9499=LINE('',#16974,#11093);
#9500=LINE('',#16976,#11094);
#9501=LINE('',#16978,#11095);
#9502=LINE('',#16981,#11096);
#9503=LINE('',#16983,#11097);
#9504=LINE('',#16986,#11098);
#9505=LINE('',#16989,#11099);
#9506=LINE('',#16991,#11100);
#9507=LINE('',#16994,#11101);
#9508=LINE('',#16996,#11102);
#9509=LINE('',#16998,#11103);
#9510=LINE('',#17000,#11104);
#9511=LINE('',#17002,#11105);
#9512=LINE('',#17004,#11106);
#9513=LINE('',#17006,#11107);
#9514=LINE('',#17008,#11108);
#9515=LINE('',#17010,#11109);
#9516=LINE('',#17011,#11110);
#9517=LINE('',#17013,#11111);
#9518=LINE('',#17015,#11112);
#9519=LINE('',#17016,#11113);
#9520=LINE('',#17018,#11114);
#9521=LINE('',#17020,#11115);
#9522=LINE('',#17022,#11116);
#9523=LINE('',#17025,#11117);
#9524=LINE('',#17026,#11118);
#9525=LINE('',#17028,#11119);
#9526=LINE('',#17030,#11120);
#9527=LINE('',#17032,#11121);
#9528=LINE('',#17034,#11122);
#9529=LINE('',#17036,#11123);
#9530=LINE('',#17038,#11124);
#9531=LINE('',#17040,#11125);
#9532=LINE('',#17042,#11126);
#9533=LINE('',#17043,#11127);
#9534=LINE('',#17045,#11128);
#9535=LINE('',#17047,#11129);
#9536=LINE('',#17048,#11130);
#9537=LINE('',#17050,#11131);
#9538=LINE('',#17052,#11132);
#9539=LINE('',#17053,#11133);
#9540=LINE('',#17055,#11134);
#9541=LINE('',#17057,#11135);
#9542=LINE('',#17058,#11136);
#9543=LINE('',#17060,#11137);
#9544=LINE('',#17062,#11138);
#9545=LINE('',#17063,#11139);
#9546=LINE('',#17065,#11140);
#9547=LINE('',#17067,#11141);
#9548=LINE('',#17068,#11142);
#9549=LINE('',#17070,#11143);
#9550=LINE('',#17072,#11144);
#9551=LINE('',#17073,#11145);
#9552=LINE('',#17075,#11146);
#9553=LINE('',#17077,#11147);
#9554=LINE('',#17078,#11148);
#9555=LINE('',#17080,#11149);
#9556=LINE('',#17082,#11150);
#9557=LINE('',#17083,#11151);
#9558=LINE('',#17085,#11152);
#9559=LINE('',#17087,#11153);
#9560=LINE('',#17088,#11154);
#9561=LINE('',#17090,#11155);
#9562=LINE('',#17092,#11156);
#9563=LINE('',#17093,#11157);
#9564=LINE('',#17095,#11158);
#9565=LINE('',#17097,#11159);
#9566=LINE('',#17098,#11160);
#9567=LINE('',#17100,#11161);
#9568=LINE('',#17102,#11162);
#9569=LINE('',#17103,#11163);
#9570=LINE('',#17105,#11164);
#9571=LINE('',#17107,#11165);
#9572=LINE('',#17108,#11166);
#9573=LINE('',#17110,#11167);
#9574=LINE('',#17112,#11168);
#9575=LINE('',#17113,#11169);
#9576=LINE('',#17115,#11170);
#9577=LINE('',#17117,#11171);
#9578=LINE('',#17118,#11172);
#9579=LINE('',#17120,#11173);
#9580=LINE('',#17122,#11174);
#9581=LINE('',#17123,#11175);
#9582=LINE('',#17125,#11176);
#9583=LINE('',#17127,#11177);
#9584=LINE('',#17128,#11178);
#9585=LINE('',#17130,#11179);
#9586=LINE('',#17132,#11180);
#9587=LINE('',#17133,#11181);
#9588=LINE('',#17135,#11182);
#9589=LINE('',#17137,#11183);
#9590=LINE('',#17138,#11184);
#9591=LINE('',#17140,#11185);
#9592=LINE('',#17142,#11186);
#9593=LINE('',#17143,#11187);
#9594=LINE('',#17145,#11188);
#9595=LINE('',#17147,#11189);
#9596=LINE('',#17148,#11190);
#9597=LINE('',#17150,#11191);
#9598=LINE('',#17152,#11192);
#9599=LINE('',#17153,#11193);
#9600=LINE('',#17155,#11194);
#9601=LINE('',#17156,#11195);
#9602=LINE('',#17157,#11196);
#9603=LINE('',#17159,#11197);
#9604=LINE('',#17160,#11198);
#9605=LINE('',#17162,#11199);
#9606=LINE('',#17164,#11200);
#9607=LINE('',#17166,#11201);
#9608=LINE('',#17168,#11202);
#9609=LINE('',#17170,#11203);
#9610=LINE('',#17172,#11204);
#9611=LINE('',#17175,#11205);
#9612=LINE('',#17177,#11206);
#9613=LINE('',#17179,#11207);
#9614=LINE('',#17180,#11208);
#9615=LINE('',#17183,#11209);
#9616=LINE('',#17185,#11210);
#9617=LINE('',#17187,#11211);
#9618=LINE('',#17188,#11212);
#9619=LINE('',#17191,#11213);
#9620=LINE('',#17193,#11214);
#9621=LINE('',#17195,#11215);
#9622=LINE('',#17196,#11216);
#9623=LINE('',#17199,#11217);
#9624=LINE('',#17201,#11218);
#9625=LINE('',#17203,#11219);
#9626=LINE('',#17204,#11220);
#9627=LINE('',#17207,#11221);
#9628=LINE('',#17209,#11222);
#9629=LINE('',#17211,#11223);
#9630=LINE('',#17212,#11224);
#9631=LINE('',#17215,#11225);
#9632=LINE('',#17217,#11226);
#9633=LINE('',#17219,#11227);
#9634=LINE('',#17220,#11228);
#9635=LINE('',#17223,#11229);
#9636=LINE('',#17225,#11230);
#9637=LINE('',#17227,#11231);
#9638=LINE('',#17228,#11232);
#9639=LINE('',#17231,#11233);
#9640=LINE('',#17233,#11234);
#9641=LINE('',#17235,#11235);
#9642=LINE('',#17236,#11236);
#9643=LINE('',#17239,#11237);
#9644=LINE('',#17241,#11238);
#9645=LINE('',#17243,#11239);
#9646=LINE('',#17244,#11240);
#9647=LINE('',#17247,#11241);
#9648=LINE('',#17249,#11242);
#9649=LINE('',#17251,#11243);
#9650=LINE('',#17252,#11244);
#9651=LINE('',#17255,#11245);
#9652=LINE('',#17257,#11246);
#9653=LINE('',#17259,#11247);
#9654=LINE('',#17260,#11248);
#9655=LINE('',#17263,#11249);
#9656=LINE('',#17265,#11250);
#9657=LINE('',#17267,#11251);
#9658=LINE('',#17268,#11252);
#9659=LINE('',#17271,#11253);
#9660=LINE('',#17273,#11254);
#9661=LINE('',#17275,#11255);
#9662=LINE('',#17276,#11256);
#9663=LINE('',#17279,#11257);
#9664=LINE('',#17281,#11258);
#9665=LINE('',#17283,#11259);
#9666=LINE('',#17284,#11260);
#9667=LINE('',#17287,#11261);
#9668=LINE('',#17289,#11262);
#9669=LINE('',#17291,#11263);
#9670=LINE('',#17292,#11264);
#9671=LINE('',#17295,#11265);
#9672=LINE('',#17297,#11266);
#9673=LINE('',#17299,#11267);
#9674=LINE('',#17300,#11268);
#9675=LINE('',#17303,#11269);
#9676=LINE('',#17305,#11270);
#9677=LINE('',#17307,#11271);
#9678=LINE('',#17308,#11272);
#9679=LINE('',#17311,#11273);
#9680=LINE('',#17313,#11274);
#9681=LINE('',#17315,#11275);
#9682=LINE('',#17316,#11276);
#9683=LINE('',#17319,#11277);
#9684=LINE('',#17321,#11278);
#9685=LINE('',#17323,#11279);
#9686=LINE('',#17324,#11280);
#9687=LINE('',#17327,#11281);
#9688=LINE('',#17329,#11282);
#9689=LINE('',#17331,#11283);
#9690=LINE('',#17332,#11284);
#9691=LINE('',#17335,#11285);
#9692=LINE('',#17337,#11286);
#9693=LINE('',#17339,#11287);
#9694=LINE('',#17340,#11288);
#9695=LINE('',#17343,#11289);
#9696=LINE('',#17345,#11290);
#9697=LINE('',#17347,#11291);
#9698=LINE('',#17348,#11292);
#9699=LINE('',#17351,#11293);
#9700=LINE('',#17353,#11294);
#9701=LINE('',#17355,#11295);
#9702=LINE('',#17356,#11296);
#9703=LINE('',#17359,#11297);
#9704=LINE('',#17361,#11298);
#9705=LINE('',#17363,#11299);
#9706=LINE('',#17364,#11300);
#9707=LINE('',#17365,#11301);
#9708=LINE('',#17367,#11302);
#9709=LINE('',#17369,#11303);
#9710=LINE('',#17371,#11304);
#9711=LINE('',#17373,#11305);
#9712=LINE('',#17375,#11306);
#9713=LINE('',#17377,#11307);
#9714=LINE('',#17379,#11308);
#9715=LINE('',#17382,#11309);
#9716=LINE('',#17383,#11310);
#9717=LINE('',#17385,#11311);
#9718=LINE('',#17388,#11312);
#9719=LINE('',#17389,#11313);
#9720=LINE('',#17393,#11314);
#9721=LINE('',#17396,#11315);
#9722=LINE('',#17397,#11316);
#9723=LINE('',#17399,#11317);
#9724=LINE('',#17402,#11318);
#9725=LINE('',#17403,#11319);
#9726=LINE('',#17407,#11320);
#9727=LINE('',#17409,#11321);
#9728=LINE('',#17411,#11322);
#9729=LINE('',#17413,#11323);
#9730=LINE('',#17415,#11324);
#9731=LINE('',#17418,#11325);
#9732=LINE('',#17419,#11326);
#9733=LINE('',#17421,#11327);
#9734=LINE('',#17422,#11328);
#9735=LINE('',#17423,#11329);
#9736=LINE('',#17425,#11330);
#9737=LINE('',#17427,#11331);
#9738=LINE('',#17429,#11332);
#9739=LINE('',#17431,#11333);
#9740=LINE('',#17433,#11334);
#9741=LINE('',#17434,#11335);
#9742=LINE('',#17435,#11336);
#9743=LINE('',#17437,#11337);
#9744=LINE('',#17438,#11338);
#9745=LINE('',#17441,#11339);
#9746=LINE('',#17442,#11340);
#9747=LINE('',#17447,#11341);
#9748=LINE('',#17450,#11342);
#9749=LINE('',#17452,#11343);
#9750=LINE('',#17454,#11344);
#9751=LINE('',#17458,#11345);
#9752=LINE('',#17462,#11346);
#9753=LINE('',#17464,#11347);
#9754=LINE('',#17466,#11348);
#9755=LINE('',#17468,#11349);
#9756=LINE('',#17471,#11350);
#9757=LINE('',#17478,#11351);
#9758=LINE('',#17482,#11352);
#9759=LINE('',#17484,#11353);
#9760=LINE('',#17487,#11354);
#9761=LINE('',#17489,#11355);
#9762=LINE('',#17491,#11356);
#9763=LINE('',#17493,#11357);
#9764=LINE('',#17495,#11358);
#9765=LINE('',#17497,#11359);
#9766=LINE('',#17499,#11360);
#9767=LINE('',#17501,#11361);
#9768=LINE('',#17503,#11362);
#9769=LINE('',#17505,#11363);
#9770=LINE('',#17507,#11364);
#9771=LINE('',#17509,#11365);
#9772=LINE('',#17511,#11366);
#9773=LINE('',#17513,#11367);
#9774=LINE('',#17515,#11368);
#9775=LINE('',#17517,#11369);
#9776=LINE('',#17519,#11370);
#9777=LINE('',#17522,#11371);
#9778=LINE('',#17525,#11372);
#9779=LINE('',#17527,#11373);
#9780=LINE('',#17529,#11374);
#9781=LINE('',#17533,#11375);
#9782=LINE('',#17537,#11376);
#9783=LINE('',#17539,#11377);
#9784=LINE('',#17541,#11378);
#9785=LINE('',#17543,#11379);
#9786=LINE('',#17546,#11380);
#9787=LINE('',#17551,#11381);
#9788=LINE('',#17554,#11382);
#9789=LINE('',#17556,#11383);
#9790=LINE('',#17558,#11384);
#9791=LINE('',#17562,#11385);
#9792=LINE('',#17566,#11386);
#9793=LINE('',#17568,#11387);
#9794=LINE('',#17570,#11388);
#9795=LINE('',#17572,#11389);
#9796=LINE('',#17575,#11390);
#9797=LINE('',#17580,#11391);
#9798=LINE('',#17583,#11392);
#9799=LINE('',#17585,#11393);
#9800=LINE('',#17587,#11394);
#9801=LINE('',#17591,#11395);
#9802=LINE('',#17595,#11396);
#9803=LINE('',#17597,#11397);
#9804=LINE('',#17599,#11398);
#9805=LINE('',#17601,#11399);
#9806=LINE('',#17604,#11400);
#9807=LINE('',#17609,#11401);
#9808=LINE('',#17612,#11402);
#9809=LINE('',#17614,#11403);
#9810=LINE('',#17616,#11404);
#9811=LINE('',#17620,#11405);
#9812=LINE('',#17624,#11406);
#9813=LINE('',#17626,#11407);
#9814=LINE('',#17628,#11408);
#9815=LINE('',#17630,#11409);
#9816=LINE('',#17633,#11410);
#9817=LINE('',#17638,#11411);
#9818=LINE('',#17641,#11412);
#9819=LINE('',#17643,#11413);
#9820=LINE('',#17645,#11414);
#9821=LINE('',#17649,#11415);
#9822=LINE('',#17653,#11416);
#9823=LINE('',#17655,#11417);
#9824=LINE('',#17657,#11418);
#9825=LINE('',#17659,#11419);
#9826=LINE('',#17662,#11420);
#9827=LINE('',#17667,#11421);
#9828=LINE('',#17670,#11422);
#9829=LINE('',#17672,#11423);
#9830=LINE('',#17674,#11424);
#9831=LINE('',#17678,#11425);
#9832=LINE('',#17682,#11426);
#9833=LINE('',#17684,#11427);
#9834=LINE('',#17686,#11428);
#9835=LINE('',#17688,#11429);
#9836=LINE('',#17691,#11430);
#9837=LINE('',#17696,#11431);
#9838=LINE('',#17699,#11432);
#9839=LINE('',#17701,#11433);
#9840=LINE('',#17703,#11434);
#9841=LINE('',#17707,#11435);
#9842=LINE('',#17711,#11436);
#9843=LINE('',#17713,#11437);
#9844=LINE('',#17715,#11438);
#9845=LINE('',#17717,#11439);
#9846=LINE('',#17720,#11440);
#9847=LINE('',#17725,#11441);
#9848=LINE('',#17728,#11442);
#9849=LINE('',#17730,#11443);
#9850=LINE('',#17732,#11444);
#9851=LINE('',#17736,#11445);
#9852=LINE('',#17740,#11446);
#9853=LINE('',#17742,#11447);
#9854=LINE('',#17744,#11448);
#9855=LINE('',#17746,#11449);
#9856=LINE('',#17749,#11450);
#9857=LINE('',#17754,#11451);
#9858=LINE('',#17757,#11452);
#9859=LINE('',#17759,#11453);
#9860=LINE('',#17761,#11454);
#9861=LINE('',#17765,#11455);
#9862=LINE('',#17769,#11456);
#9863=LINE('',#17771,#11457);
#9864=LINE('',#17773,#11458);
#9865=LINE('',#17775,#11459);
#9866=LINE('',#17778,#11460);
#9867=LINE('',#17783,#11461);
#9868=LINE('',#17786,#11462);
#9869=LINE('',#17788,#11463);
#9870=LINE('',#17790,#11464);
#9871=LINE('',#17794,#11465);
#9872=LINE('',#17798,#11466);
#9873=LINE('',#17800,#11467);
#9874=LINE('',#17802,#11468);
#9875=LINE('',#17804,#11469);
#9876=LINE('',#17807,#11470);
#9877=LINE('',#17812,#11471);
#9878=LINE('',#17815,#11472);
#9879=LINE('',#17817,#11473);
#9880=LINE('',#17819,#11474);
#9881=LINE('',#17823,#11475);
#9882=LINE('',#17827,#11476);
#9883=LINE('',#17829,#11477);
#9884=LINE('',#17831,#11478);
#9885=LINE('',#17833,#11479);
#9886=LINE('',#17836,#11480);
#9887=LINE('',#17841,#11481);
#9888=LINE('',#17844,#11482);
#9889=LINE('',#17846,#11483);
#9890=LINE('',#17848,#11484);
#9891=LINE('',#17852,#11485);
#9892=LINE('',#17856,#11486);
#9893=LINE('',#17858,#11487);
#9894=LINE('',#17860,#11488);
#9895=LINE('',#17862,#11489);
#9896=LINE('',#17865,#11490);
#9897=LINE('',#17870,#11491);
#9898=LINE('',#17873,#11492);
#9899=LINE('',#17875,#11493);
#9900=LINE('',#17877,#11494);
#9901=LINE('',#17881,#11495);
#9902=LINE('',#17885,#11496);
#9903=LINE('',#17887,#11497);
#9904=LINE('',#17889,#11498);
#9905=LINE('',#17891,#11499);
#9906=LINE('',#17894,#11500);
#9907=LINE('',#17899,#11501);
#9908=LINE('',#17902,#11502);
#9909=LINE('',#17904,#11503);
#9910=LINE('',#17906,#11504);
#9911=LINE('',#17910,#11505);
#9912=LINE('',#17914,#11506);
#9913=LINE('',#17916,#11507);
#9914=LINE('',#17918,#11508);
#9915=LINE('',#17920,#11509);
#9916=LINE('',#17923,#11510);
#9917=LINE('',#17928,#11511);
#9918=LINE('',#17931,#11512);
#9919=LINE('',#17933,#11513);
#9920=LINE('',#17935,#11514);
#9921=LINE('',#17939,#11515);
#9922=LINE('',#17943,#11516);
#9923=LINE('',#17945,#11517);
#9924=LINE('',#17947,#11518);
#9925=LINE('',#17949,#11519);
#9926=LINE('',#17952,#11520);
#9927=LINE('',#17957,#11521);
#9928=LINE('',#17960,#11522);
#9929=LINE('',#17962,#11523);
#9930=LINE('',#17964,#11524);
#9931=LINE('',#17968,#11525);
#9932=LINE('',#17972,#11526);
#9933=LINE('',#17974,#11527);
#9934=LINE('',#17976,#11528);
#9935=LINE('',#17978,#11529);
#9936=LINE('',#17981,#11530);
#9937=LINE('',#17986,#11531);
#9938=LINE('',#17989,#11532);
#9939=LINE('',#17991,#11533);
#9940=LINE('',#17993,#11534);
#9941=LINE('',#17997,#11535);
#9942=LINE('',#18001,#11536);
#9943=LINE('',#18003,#11537);
#9944=LINE('',#18005,#11538);
#9945=LINE('',#18007,#11539);
#9946=LINE('',#18010,#11540);
#9947=LINE('',#18015,#11541);
#9948=LINE('',#18018,#11542);
#9949=LINE('',#18020,#11543);
#9950=LINE('',#18022,#11544);
#9951=LINE('',#18026,#11545);
#9952=LINE('',#18030,#11546);
#9953=LINE('',#18032,#11547);
#9954=LINE('',#18034,#11548);
#9955=LINE('',#18036,#11549);
#9956=LINE('',#18039,#11550);
#9957=LINE('',#18044,#11551);
#9958=LINE('',#18047,#11552);
#9959=LINE('',#18049,#11553);
#9960=LINE('',#18051,#11554);
#9961=LINE('',#18055,#11555);
#9962=LINE('',#18059,#11556);
#9963=LINE('',#18061,#11557);
#9964=LINE('',#18063,#11558);
#9965=LINE('',#18065,#11559);
#9966=LINE('',#18068,#11560);
#9967=LINE('',#18073,#11561);
#9968=LINE('',#18076,#11562);
#9969=LINE('',#18078,#11563);
#9970=LINE('',#18080,#11564);
#9971=LINE('',#18084,#11565);
#9972=LINE('',#18088,#11566);
#9973=LINE('',#18090,#11567);
#9974=LINE('',#18092,#11568);
#9975=LINE('',#18094,#11569);
#9976=LINE('',#18097,#11570);
#9977=LINE('',#18102,#11571);
#9978=LINE('',#18105,#11572);
#9979=LINE('',#18107,#11573);
#9980=LINE('',#18109,#11574);
#9981=LINE('',#18113,#11575);
#9982=LINE('',#18117,#11576);
#9983=LINE('',#18119,#11577);
#9984=LINE('',#18121,#11578);
#9985=LINE('',#18123,#11579);
#9986=LINE('',#18126,#11580);
#9987=LINE('',#18131,#11581);
#9988=LINE('',#18134,#11582);
#9989=LINE('',#18136,#11583);
#9990=LINE('',#18138,#11584);
#9991=LINE('',#18142,#11585);
#9992=LINE('',#18146,#11586);
#9993=LINE('',#18148,#11587);
#9994=LINE('',#18150,#11588);
#9995=LINE('',#18152,#11589);
#9996=LINE('',#18155,#11590);
#9997=LINE('',#18160,#11591);
#9998=LINE('',#18163,#11592);
#9999=LINE('',#18165,#11593);
#10000=LINE('',#18167,#11594);
#10001=LINE('',#18171,#11595);
#10002=LINE('',#18175,#11596);
#10003=LINE('',#18177,#11597);
#10004=LINE('',#18179,#11598);
#10005=LINE('',#18181,#11599);
#10006=LINE('',#18184,#11600);
#10007=LINE('',#18191,#11601);
#10008=LINE('',#18195,#11602);
#10009=LINE('',#18197,#11603);
#10010=LINE('',#18202,#11604);
#10011=LINE('',#18206,#11605);
#10012=LINE('',#18208,#11606);
#10013=LINE('',#18213,#11607);
#10014=LINE('',#18217,#11608);
#10015=LINE('',#18219,#11609);
#10016=LINE('',#18224,#11610);
#10017=LINE('',#18228,#11611);
#10018=LINE('',#18230,#11612);
#10019=LINE('',#18235,#11613);
#10020=LINE('',#18239,#11614);
#10021=LINE('',#18241,#11615);
#10022=LINE('',#18246,#11616);
#10023=LINE('',#18250,#11617);
#10024=LINE('',#18252,#11618);
#10025=LINE('',#18257,#11619);
#10026=LINE('',#18261,#11620);
#10027=LINE('',#18263,#11621);
#10028=LINE('',#18268,#11622);
#10029=LINE('',#18272,#11623);
#10030=LINE('',#18274,#11624);
#10031=LINE('',#18279,#11625);
#10032=LINE('',#18283,#11626);
#10033=LINE('',#18285,#11627);
#10034=LINE('',#18290,#11628);
#10035=LINE('',#18294,#11629);
#10036=LINE('',#18296,#11630);
#10037=LINE('',#18301,#11631);
#10038=LINE('',#18305,#11632);
#10039=LINE('',#18307,#11633);
#10040=LINE('',#18312,#11634);
#10041=LINE('',#18316,#11635);
#10042=LINE('',#18318,#11636);
#10043=LINE('',#18323,#11637);
#10044=LINE('',#18327,#11638);
#10045=LINE('',#18329,#11639);
#10046=LINE('',#18334,#11640);
#10047=LINE('',#18338,#11641);
#10048=LINE('',#18340,#11642);
#10049=LINE('',#18345,#11643);
#10050=LINE('',#18349,#11644);
#10051=LINE('',#18351,#11645);
#10052=LINE('',#18356,#11646);
#10053=LINE('',#18360,#11647);
#10054=LINE('',#18362,#11648);
#10055=LINE('',#18367,#11649);
#10056=LINE('',#18371,#11650);
#10057=LINE('',#18373,#11651);
#10058=LINE('',#18378,#11652);
#10059=LINE('',#18382,#11653);
#10060=LINE('',#18384,#11654);
#10061=LINE('',#18389,#11655);
#10062=LINE('',#18393,#11656);
#10063=LINE('',#18395,#11657);
#10064=LINE('',#18400,#11658);
#10065=LINE('',#18404,#11659);
#10066=LINE('',#18406,#11660);
#10067=LINE('',#18411,#11661);
#10068=LINE('',#18415,#11662);
#10069=LINE('',#18417,#11663);
#10070=LINE('',#18422,#11664);
#10071=LINE('',#18426,#11665);
#10072=LINE('',#18428,#11666);
#10073=LINE('',#18433,#11667);
#10074=LINE('',#18437,#11668);
#10075=LINE('',#18439,#11669);
#10076=LINE('',#18442,#11670);
#10077=LINE('',#18444,#11671);
#10078=LINE('',#18446,#11672);
#10079=LINE('',#18448,#11673);
#10080=LINE('',#18450,#11674);
#10081=LINE('',#18452,#11675);
#10082=LINE('',#18454,#11676);
#10083=LINE('',#18456,#11677);
#10084=LINE('',#18458,#11678);
#10085=LINE('',#18460,#11679);
#10086=LINE('',#18462,#11680);
#10087=LINE('',#18464,#11681);
#10088=LINE('',#18466,#11682);
#10089=LINE('',#18468,#11683);
#10090=LINE('',#18470,#11684);
#10091=LINE('',#18472,#11685);
#10092=LINE('',#18474,#11686);
#10093=LINE('',#18477,#11687);
#10094=LINE('',#18479,#11688);
#10095=LINE('',#18481,#11689);
#10096=LINE('',#18483,#11690);
#10097=LINE('',#18485,#11691);
#10098=LINE('',#18487,#11692);
#10099=LINE('',#18489,#11693);
#10100=LINE('',#18491,#11694);
#10101=LINE('',#18493,#11695);
#10102=LINE('',#18495,#11696);
#10103=LINE('',#18497,#11697);
#10104=LINE('',#18499,#11698);
#10105=LINE('',#18501,#11699);
#10106=LINE('',#18503,#11700);
#10107=LINE('',#18505,#11701);
#10108=LINE('',#18507,#11702);
#10109=LINE('',#18509,#11703);
#10110=LINE('',#18512,#11704);
#10111=LINE('',#18514,#11705);
#10112=LINE('',#18516,#11706);
#10113=LINE('',#18518,#11707);
#10114=LINE('',#18520,#11708);
#10115=LINE('',#18522,#11709);
#10116=LINE('',#18524,#11710);
#10117=LINE('',#18526,#11711);
#10118=LINE('',#18528,#11712);
#10119=LINE('',#18530,#11713);
#10120=LINE('',#18532,#11714);
#10121=LINE('',#18534,#11715);
#10122=LINE('',#18536,#11716);
#10123=LINE('',#18538,#11717);
#10124=LINE('',#18540,#11718);
#10125=LINE('',#18542,#11719);
#10126=LINE('',#18544,#11720);
#10127=LINE('',#18547,#11721);
#10128=LINE('',#18549,#11722);
#10129=LINE('',#18551,#11723);
#10130=LINE('',#18553,#11724);
#10131=LINE('',#18555,#11725);
#10132=LINE('',#18557,#11726);
#10133=LINE('',#18559,#11727);
#10134=LINE('',#18561,#11728);
#10135=LINE('',#18563,#11729);
#10136=LINE('',#18565,#11730);
#10137=LINE('',#18567,#11731);
#10138=LINE('',#18569,#11732);
#10139=LINE('',#18571,#11733);
#10140=LINE('',#18573,#11734);
#10141=LINE('',#18575,#11735);
#10142=LINE('',#18577,#11736);
#10143=LINE('',#18579,#11737);
#10144=LINE('',#18582,#11738);
#10145=LINE('',#18584,#11739);
#10146=LINE('',#18586,#11740);
#10147=LINE('',#18588,#11741);
#10148=LINE('',#18590,#11742);
#10149=LINE('',#18592,#11743);
#10150=LINE('',#18594,#11744);
#10151=LINE('',#18596,#11745);
#10152=LINE('',#18598,#11746);
#10153=LINE('',#18600,#11747);
#10154=LINE('',#18602,#11748);
#10155=LINE('',#18604,#11749);
#10156=LINE('',#18606,#11750);
#10157=LINE('',#18608,#11751);
#10158=LINE('',#18610,#11752);
#10159=LINE('',#18612,#11753);
#10160=LINE('',#18614,#11754);
#10161=LINE('',#18617,#11755);
#10162=LINE('',#18619,#11756);
#10163=LINE('',#18621,#11757);
#10164=LINE('',#18623,#11758);
#10165=LINE('',#18625,#11759);
#10166=LINE('',#18627,#11760);
#10167=LINE('',#18629,#11761);
#10168=LINE('',#18631,#11762);
#10169=LINE('',#18633,#11763);
#10170=LINE('',#18635,#11764);
#10171=LINE('',#18637,#11765);
#10172=LINE('',#18639,#11766);
#10173=LINE('',#18641,#11767);
#10174=LINE('',#18643,#11768);
#10175=LINE('',#18645,#11769);
#10176=LINE('',#18647,#11770);
#10177=LINE('',#18649,#11771);
#10178=LINE('',#18652,#11772);
#10179=LINE('',#18654,#11773);
#10180=LINE('',#18656,#11774);
#10181=LINE('',#18658,#11775);
#10182=LINE('',#18660,#11776);
#10183=LINE('',#18662,#11777);
#10184=LINE('',#18664,#11778);
#10185=LINE('',#18666,#11779);
#10186=LINE('',#18668,#11780);
#10187=LINE('',#18670,#11781);
#10188=LINE('',#18672,#11782);
#10189=LINE('',#18674,#11783);
#10190=LINE('',#18676,#11784);
#10191=LINE('',#18678,#11785);
#10192=LINE('',#18680,#11786);
#10193=LINE('',#18682,#11787);
#10194=LINE('',#18684,#11788);
#10195=LINE('',#18687,#11789);
#10196=LINE('',#18689,#11790);
#10197=LINE('',#18691,#11791);
#10198=LINE('',#18693,#11792);
#10199=LINE('',#18695,#11793);
#10200=LINE('',#18697,#11794);
#10201=LINE('',#18699,#11795);
#10202=LINE('',#18701,#11796);
#10203=LINE('',#18703,#11797);
#10204=LINE('',#18705,#11798);
#10205=LINE('',#18707,#11799);
#10206=LINE('',#18709,#11800);
#10207=LINE('',#18711,#11801);
#10208=LINE('',#18713,#11802);
#10209=LINE('',#18715,#11803);
#10210=LINE('',#18717,#11804);
#10211=LINE('',#18719,#11805);
#10212=LINE('',#18722,#11806);
#10213=LINE('',#18724,#11807);
#10214=LINE('',#18726,#11808);
#10215=LINE('',#18728,#11809);
#10216=LINE('',#18730,#11810);
#10217=LINE('',#18732,#11811);
#10218=LINE('',#18734,#11812);
#10219=LINE('',#18736,#11813);
#10220=LINE('',#18738,#11814);
#10221=LINE('',#18740,#11815);
#10222=LINE('',#18742,#11816);
#10223=LINE('',#18744,#11817);
#10224=LINE('',#18746,#11818);
#10225=LINE('',#18748,#11819);
#10226=LINE('',#18750,#11820);
#10227=LINE('',#18752,#11821);
#10228=LINE('',#18754,#11822);
#10229=LINE('',#18757,#11823);
#10230=LINE('',#18759,#11824);
#10231=LINE('',#18761,#11825);
#10232=LINE('',#18763,#11826);
#10233=LINE('',#18765,#11827);
#10234=LINE('',#18767,#11828);
#10235=LINE('',#18769,#11829);
#10236=LINE('',#18771,#11830);
#10237=LINE('',#18773,#11831);
#10238=LINE('',#18775,#11832);
#10239=LINE('',#18777,#11833);
#10240=LINE('',#18779,#11834);
#10241=LINE('',#18781,#11835);
#10242=LINE('',#18783,#11836);
#10243=LINE('',#18785,#11837);
#10244=LINE('',#18787,#11838);
#10245=LINE('',#18789,#11839);
#10246=LINE('',#18792,#11840);
#10247=LINE('',#18794,#11841);
#10248=LINE('',#18796,#11842);
#10249=LINE('',#18798,#11843);
#10250=LINE('',#18800,#11844);
#10251=LINE('',#18802,#11845);
#10252=LINE('',#18804,#11846);
#10253=LINE('',#18806,#11847);
#10254=LINE('',#18808,#11848);
#10255=LINE('',#18810,#11849);
#10256=LINE('',#18812,#11850);
#10257=LINE('',#18814,#11851);
#10258=LINE('',#18816,#11852);
#10259=LINE('',#18818,#11853);
#10260=LINE('',#18820,#11854);
#10261=LINE('',#18822,#11855);
#10262=LINE('',#18824,#11856);
#10263=LINE('',#18827,#11857);
#10264=LINE('',#18829,#11858);
#10265=LINE('',#18831,#11859);
#10266=LINE('',#18833,#11860);
#10267=LINE('',#18835,#11861);
#10268=LINE('',#18837,#11862);
#10269=LINE('',#18839,#11863);
#10270=LINE('',#18841,#11864);
#10271=LINE('',#18843,#11865);
#10272=LINE('',#18845,#11866);
#10273=LINE('',#18847,#11867);
#10274=LINE('',#18849,#11868);
#10275=LINE('',#18851,#11869);
#10276=LINE('',#18853,#11870);
#10277=LINE('',#18855,#11871);
#10278=LINE('',#18857,#11872);
#10279=LINE('',#18859,#11873);
#10280=LINE('',#18862,#11874);
#10281=LINE('',#18864,#11875);
#10282=LINE('',#18866,#11876);
#10283=LINE('',#18868,#11877);
#10284=LINE('',#18870,#11878);
#10285=LINE('',#18872,#11879);
#10286=LINE('',#18874,#11880);
#10287=LINE('',#18876,#11881);
#10288=LINE('',#18878,#11882);
#10289=LINE('',#18880,#11883);
#10290=LINE('',#18882,#11884);
#10291=LINE('',#18884,#11885);
#10292=LINE('',#18886,#11886);
#10293=LINE('',#18888,#11887);
#10294=LINE('',#18890,#11888);
#10295=LINE('',#18892,#11889);
#10296=LINE('',#18894,#11890);
#10297=LINE('',#18897,#11891);
#10298=LINE('',#18899,#11892);
#10299=LINE('',#18901,#11893);
#10300=LINE('',#18903,#11894);
#10301=LINE('',#18905,#11895);
#10302=LINE('',#18907,#11896);
#10303=LINE('',#18909,#11897);
#10304=LINE('',#18911,#11898);
#10305=LINE('',#18913,#11899);
#10306=LINE('',#18915,#11900);
#10307=LINE('',#18917,#11901);
#10308=LINE('',#18919,#11902);
#10309=LINE('',#18921,#11903);
#10310=LINE('',#18923,#11904);
#10311=LINE('',#18925,#11905);
#10312=LINE('',#18927,#11906);
#10313=LINE('',#18929,#11907);
#10314=LINE('',#18932,#11908);
#10315=LINE('',#18934,#11909);
#10316=LINE('',#18936,#11910);
#10317=LINE('',#18938,#11911);
#10318=LINE('',#18940,#11912);
#10319=LINE('',#18942,#11913);
#10320=LINE('',#18944,#11914);
#10321=LINE('',#18946,#11915);
#10322=LINE('',#18948,#11916);
#10323=LINE('',#18950,#11917);
#10324=LINE('',#18952,#11918);
#10325=LINE('',#18954,#11919);
#10326=LINE('',#18956,#11920);
#10327=LINE('',#18958,#11921);
#10328=LINE('',#18960,#11922);
#10329=LINE('',#18962,#11923);
#10330=LINE('',#18964,#11924);
#10331=LINE('',#18967,#11925);
#10332=LINE('',#18969,#11926);
#10333=LINE('',#18971,#11927);
#10334=LINE('',#18973,#11928);
#10335=LINE('',#18975,#11929);
#10336=LINE('',#18977,#11930);
#10337=LINE('',#18979,#11931);
#10338=LINE('',#18981,#11932);
#10339=LINE('',#18983,#11933);
#10340=LINE('',#18985,#11934);
#10341=LINE('',#18987,#11935);
#10342=LINE('',#18989,#11936);
#10343=LINE('',#18991,#11937);
#10344=LINE('',#18993,#11938);
#10345=LINE('',#18995,#11939);
#10346=LINE('',#18997,#11940);
#10347=LINE('',#18999,#11941);
#10348=LINE('',#19002,#11942);
#10349=LINE('',#19004,#11943);
#10350=LINE('',#19006,#11944);
#10351=LINE('',#19008,#11945);
#10352=LINE('',#19010,#11946);
#10353=LINE('',#19012,#11947);
#10354=LINE('',#19014,#11948);
#10355=LINE('',#19016,#11949);
#10356=LINE('',#19018,#11950);
#10357=LINE('',#19020,#11951);
#10358=LINE('',#19022,#11952);
#10359=LINE('',#19024,#11953);
#10360=LINE('',#19026,#11954);
#10361=LINE('',#19028,#11955);
#10362=LINE('',#19030,#11956);
#10363=LINE('',#19032,#11957);
#10364=LINE('',#19034,#11958);
#10365=LINE('',#19037,#11959);
#10366=LINE('',#19039,#11960);
#10367=LINE('',#19041,#11961);
#10368=LINE('',#19043,#11962);
#10369=LINE('',#19045,#11963);
#10370=LINE('',#19047,#11964);
#10371=LINE('',#19049,#11965);
#10372=LINE('',#19051,#11966);
#10373=LINE('',#19053,#11967);
#10374=LINE('',#19055,#11968);
#10375=LINE('',#19057,#11969);
#10376=LINE('',#19059,#11970);
#10377=LINE('',#19061,#11971);
#10378=LINE('',#19063,#11972);
#10379=LINE('',#19065,#11973);
#10380=LINE('',#19067,#11974);
#10381=LINE('',#19069,#11975);
#10382=LINE('',#19072,#11976);
#10383=LINE('',#19074,#11977);
#10384=LINE('',#19076,#11978);
#10385=LINE('',#19078,#11979);
#10386=LINE('',#19080,#11980);
#10387=LINE('',#19082,#11981);
#10388=LINE('',#19084,#11982);
#10389=LINE('',#19086,#11983);
#10390=LINE('',#19088,#11984);
#10391=LINE('',#19090,#11985);
#10392=LINE('',#19092,#11986);
#10393=LINE('',#19094,#11987);
#10394=LINE('',#19096,#11988);
#10395=LINE('',#19098,#11989);
#10396=LINE('',#19100,#11990);
#10397=LINE('',#19102,#11991);
#10398=LINE('',#19104,#11992);
#10399=LINE('',#19107,#11993);
#10400=LINE('',#19109,#11994);
#10401=LINE('',#19111,#11995);
#10402=LINE('',#19113,#11996);
#10403=LINE('',#19115,#11997);
#10404=LINE('',#19117,#11998);
#10405=LINE('',#19119,#11999);
#10406=LINE('',#19121,#12000);
#10407=LINE('',#19123,#12001);
#10408=LINE('',#19125,#12002);
#10409=LINE('',#19127,#12003);
#10410=LINE('',#19129,#12004);
#10411=LINE('',#19131,#12005);
#10412=LINE('',#19133,#12006);
#10413=LINE('',#19135,#12007);
#10414=LINE('',#19137,#12008);
#10415=LINE('',#19139,#12009);
#10416=LINE('',#19142,#12010);
#10417=LINE('',#19144,#12011);
#10418=LINE('',#19146,#12012);
#10419=LINE('',#19148,#12013);
#10420=LINE('',#19150,#12014);
#10421=LINE('',#19152,#12015);
#10422=LINE('',#19154,#12016);
#10423=LINE('',#19156,#12017);
#10424=LINE('',#19158,#12018);
#10425=LINE('',#19160,#12019);
#10426=LINE('',#19162,#12020);
#10427=LINE('',#19164,#12021);
#10428=LINE('',#19166,#12022);
#10429=LINE('',#19168,#12023);
#10430=LINE('',#19170,#12024);
#10431=LINE('',#19172,#12025);
#10432=LINE('',#19174,#12026);
#10433=LINE('',#19177,#12027);
#10434=LINE('',#19179,#12028);
#10435=LINE('',#19181,#12029);
#10436=LINE('',#19183,#12030);
#10437=LINE('',#19185,#12031);
#10438=LINE('',#19187,#12032);
#10439=LINE('',#19189,#12033);
#10440=LINE('',#19191,#12034);
#10441=LINE('',#19193,#12035);
#10442=LINE('',#19195,#12036);
#10443=LINE('',#19197,#12037);
#10444=LINE('',#19199,#12038);
#10445=LINE('',#19201,#12039);
#10446=LINE('',#19203,#12040);
#10447=LINE('',#19205,#12041);
#10448=LINE('',#19207,#12042);
#10449=LINE('',#19209,#12043);
#10450=LINE('',#19212,#12044);
#10451=LINE('',#19214,#12045);
#10452=LINE('',#19216,#12046);
#10453=LINE('',#19218,#12047);
#10454=LINE('',#19220,#12048);
#10455=LINE('',#19222,#12049);
#10456=LINE('',#19224,#12050);
#10457=LINE('',#19226,#12051);
#10458=LINE('',#19228,#12052);
#10459=LINE('',#19230,#12053);
#10460=LINE('',#19232,#12054);
#10461=LINE('',#19234,#12055);
#10462=LINE('',#19236,#12056);
#10463=LINE('',#19238,#12057);
#10464=LINE('',#19240,#12058);
#10465=LINE('',#19242,#12059);
#10466=LINE('',#19244,#12060);
#10467=LINE('',#19247,#12061);
#10468=LINE('',#19249,#12062);
#10469=LINE('',#19251,#12063);
#10470=LINE('',#19253,#12064);
#10471=LINE('',#19254,#12065);
#10472=LINE('',#19256,#12066);
#10473=LINE('',#19257,#12067);
#10474=LINE('',#19259,#12068);
#10475=LINE('',#19261,#12069);
#10476=LINE('',#19265,#12070);
#10477=LINE('',#19267,#12071);
#10478=LINE('',#19269,#12072);
#10479=LINE('',#19271,#12073);
#10480=LINE('',#19273,#12074);
#10481=LINE('',#19275,#12075);
#10482=LINE('',#19277,#12076);
#10483=LINE('',#19279,#12077);
#10484=LINE('',#19281,#12078);
#10485=LINE('',#19283,#12079);
#10486=LINE('',#19285,#12080);
#10487=LINE('',#19287,#12081);
#10488=LINE('',#19289,#12082);
#10489=LINE('',#19292,#12083);
#10490=LINE('',#19294,#12084);
#10491=LINE('',#19296,#12085);
#10492=LINE('',#19298,#12086);
#10493=LINE('',#19300,#12087);
#10494=LINE('',#19302,#12088);
#10495=LINE('',#19304,#12089);
#10496=LINE('',#19306,#12090);
#10497=LINE('',#19308,#12091);
#10498=LINE('',#19309,#12092);
#10499=LINE('',#19311,#12093);
#10500=LINE('',#19312,#12094);
#10501=LINE('',#19315,#12095);
#10502=LINE('',#19317,#12096);
#10503=LINE('',#19319,#12097);
#10504=LINE('',#19321,#12098);
#10505=LINE('',#19323,#12099);
#10506=LINE('',#19324,#12100);
#10507=LINE('',#19328,#12101);
#10508=LINE('',#19330,#12102);
#10509=LINE('',#19332,#12103);
#10510=LINE('',#19334,#12104);
#10511=LINE('',#19337,#12105);
#10512=LINE('',#19339,#12106);
#10513=LINE('',#19341,#12107);
#10514=LINE('',#19342,#12108);
#10515=LINE('',#19343,#12109);
#10516=LINE('',#19344,#12110);
#10517=LINE('',#19347,#12111);
#10518=LINE('',#19349,#12112);
#10519=LINE('',#19351,#12113);
#10520=LINE('',#19353,#12114);
#10521=LINE('',#19355,#12115);
#10522=LINE('',#19357,#12116);
#10523=LINE('',#19359,#12117);
#10524=LINE('',#19361,#12118);
#10525=LINE('',#19363,#12119);
#10526=LINE('',#19365,#12120);
#10527=LINE('',#19367,#12121);
#10528=LINE('',#19369,#12122);
#10529=LINE('',#19371,#12123);
#10530=LINE('',#19373,#12124);
#10531=LINE('',#19375,#12125);
#10532=LINE('',#19377,#12126);
#10533=LINE('',#19379,#12127);
#10534=LINE('',#19381,#12128);
#10535=LINE('',#19383,#12129);
#10536=LINE('',#19385,#12130);
#10537=LINE('',#19387,#12131);
#10538=LINE('',#19388,#12132);
#10539=LINE('',#19390,#12133);
#10540=LINE('',#19392,#12134);
#10541=LINE('',#19393,#12135);
#10542=LINE('',#19395,#12136);
#10543=LINE('',#19398,#12137);
#10544=LINE('',#19400,#12138);
#10545=LINE('',#19402,#12139);
#10546=LINE('',#19403,#12140);
#10547=LINE('',#19405,#12141);
#10548=LINE('',#19407,#12142);
#10549=LINE('',#19408,#12143);
#10550=LINE('',#19411,#12144);
#10551=LINE('',#19413,#12145);
#10552=LINE('',#19415,#12146);
#10553=LINE('',#19417,#12147);
#10554=LINE('',#19419,#12148);
#10555=LINE('',#19421,#12149);
#10556=LINE('',#19423,#12150);
#10557=LINE('',#19426,#12151);
#10558=LINE('',#19428,#12152);
#10559=LINE('',#19430,#12153);
#10560=LINE('',#19432,#12154);
#10561=LINE('',#19434,#12155);
#10562=LINE('',#19436,#12156);
#10563=LINE('',#19437,#12157);
#10564=LINE('',#19439,#12158);
#10565=LINE('',#19440,#12159);
#10566=LINE('',#19442,#12160);
#10567=LINE('',#19445,#12161);
#10568=LINE('',#19447,#12162);
#10569=LINE('',#19449,#12163);
#10570=LINE('',#19451,#12164);
#10571=LINE('',#19452,#12165);
#10572=LINE('',#19454,#12166);
#10573=LINE('',#19455,#12167);
#10574=LINE('',#19458,#12168);
#10575=LINE('',#19460,#12169);
#10576=LINE('',#19462,#12170);
#10577=LINE('',#19464,#12171);
#10578=LINE('',#19466,#12172);
#10579=LINE('',#19468,#12173);
#10580=LINE('',#19470,#12174);
#10581=LINE('',#19471,#12175);
#10582=LINE('',#19473,#12176);
#10583=LINE('',#19475,#12177);
#10584=LINE('',#19477,#12178);
#10585=LINE('',#19479,#12179);
#10586=LINE('',#19480,#12180);
#10587=LINE('',#19482,#12181);
#10588=LINE('',#19484,#12182);
#10589=LINE('',#19485,#12183);
#10590=LINE('',#19489,#12184);
#10591=LINE('',#19491,#12185);
#10592=LINE('',#19494,#12186);
#10593=LINE('',#19496,#12187);
#10594=LINE('',#19498,#12188);
#10595=LINE('',#19501,#12189);
#10596=LINE('',#19503,#12190);
#10597=LINE('',#19505,#12191);
#10598=LINE('',#19507,#12192);
#10599=LINE('',#19509,#12193);
#10600=LINE('',#19511,#12194);
#10601=LINE('',#19513,#12195);
#10602=LINE('',#19515,#12196);
#10603=LINE('',#19517,#12197);
#10604=LINE('',#19519,#12198);
#10605=LINE('',#19521,#12199);
#10606=LINE('',#19523,#12200);
#10607=LINE('',#19525,#12201);
#10608=LINE('',#19527,#12202);
#10609=LINE('',#19529,#12203);
#10610=LINE('',#19531,#12204);
#10611=LINE('',#19533,#12205);
#10612=LINE('',#19535,#12206);
#10613=LINE('',#19537,#12207);
#10614=LINE('',#19539,#12208);
#10615=LINE('',#19541,#12209);
#10616=LINE('',#19543,#12210);
#10617=LINE('',#19544,#12211);
#10618=LINE('',#19548,#12212);
#10619=LINE('',#19550,#12213);
#10620=LINE('',#19552,#12214);
#10621=LINE('',#19554,#12215);
#10622=LINE('',#19557,#12216);
#10623=LINE('',#19558,#12217);
#10624=LINE('',#19560,#12218);
#10625=LINE('',#19562,#12219);
#10626=LINE('',#19565,#12220);
#10627=LINE('',#19567,#12221);
#10628=LINE('',#19569,#12222);
#10629=LINE('',#19571,#12223);
#10630=LINE('',#19573,#12224);
#10631=LINE('',#19575,#12225);
#10632=LINE('',#19577,#12226);
#10633=LINE('',#19579,#12227);
#10634=LINE('',#19581,#12228);
#10635=LINE('',#19583,#12229);
#10636=LINE('',#19585,#12230);
#10637=LINE('',#19587,#12231);
#10638=LINE('',#19589,#12232);
#10639=LINE('',#19591,#12233);
#10640=LINE('',#19593,#12234);
#10641=LINE('',#19595,#12235);
#10642=LINE('',#19596,#12236);
#10643=LINE('',#19600,#12237);
#10644=LINE('',#19603,#12238);
#10645=LINE('',#19604,#12239);
#10646=LINE('',#19606,#12240);
#10647=LINE('',#19608,#12241);
#10648=LINE('',#19610,#12242);
#10649=LINE('',#19612,#12243);
#10650=LINE('',#19614,#12244);
#10651=LINE('',#19617,#12245);
#10652=LINE('',#19619,#12246);
#10653=LINE('',#19621,#12247);
#10654=VECTOR('',#13007,1.);
#10655=VECTOR('',#13008,1.);
#10656=VECTOR('',#13009,1.);
#10657=VECTOR('',#13010,1.);
#10658=VECTOR('',#13011,1.);
#10659=VECTOR('',#13012,1.);
#10660=VECTOR('',#13013,1.);
#10661=VECTOR('',#13014,1.);
#10662=VECTOR('',#13017,1.);
#10663=VECTOR('',#13018,1.);
#10664=VECTOR('',#13019,1.);
#10665=VECTOR('',#13020,1.);
#10666=VECTOR('',#13023,1.);
#10667=VECTOR('',#13024,1.);
#10668=VECTOR('',#13025,1.);
#10669=VECTOR('',#13026,1.);
#10670=VECTOR('',#13029,1.);
#10671=VECTOR('',#13030,1.);
#10672=VECTOR('',#13031,1.);
#10673=VECTOR('',#13032,1.);
#10674=VECTOR('',#13033,1.);
#10675=VECTOR('',#13034,1.);
#10676=VECTOR('',#13035,1.);
#10677=VECTOR('',#13036,1.);
#10678=VECTOR('',#13037,1.);
#10679=VECTOR('',#13038,1.);
#10680=VECTOR('',#13039,1.);
#10681=VECTOR('',#13040,1.);
#10682=VECTOR('',#13041,1.);
#10683=VECTOR('',#13042,1.);
#10684=VECTOR('',#13043,1.);
#10685=VECTOR('',#13044,1.);
#10686=VECTOR('',#13045,1.);
#10687=VECTOR('',#13046,1.);
#10688=VECTOR('',#13047,1.);
#10689=VECTOR('',#13048,1.);
#10690=VECTOR('',#13049,1.);
#10691=VECTOR('',#13050,1.);
#10692=VECTOR('',#13051,1.);
#10693=VECTOR('',#13052,1.);
#10694=VECTOR('',#13053,1.);
#10695=VECTOR('',#13054,1.);
#10696=VECTOR('',#13055,1.);
#10697=VECTOR('',#13056,1.);
#10698=VECTOR('',#13057,1.);
#10699=VECTOR('',#13058,1.);
#10700=VECTOR('',#13059,1.);
#10701=VECTOR('',#13060,1.);
#10702=VECTOR('',#13061,1.);
#10703=VECTOR('',#13062,1.);
#10704=VECTOR('',#13063,1.);
#10705=VECTOR('',#13064,1.);
#10706=VECTOR('',#13065,1.);
#10707=VECTOR('',#13066,1.);
#10708=VECTOR('',#13067,1.);
#10709=VECTOR('',#13068,1.);
#10710=VECTOR('',#13069,1.);
#10711=VECTOR('',#13070,1.);
#10712=VECTOR('',#13071,1.);
#10713=VECTOR('',#13072,1.);
#10714=VECTOR('',#13073,1.);
#10715=VECTOR('',#13074,1.);
#10716=VECTOR('',#13075,1.);
#10717=VECTOR('',#13076,1.);
#10718=VECTOR('',#13077,1.);
#10719=VECTOR('',#13078,1.);
#10720=VECTOR('',#13079,1.);
#10721=VECTOR('',#13080,1.);
#10722=VECTOR('',#13081,1.);
#10723=VECTOR('',#13082,1.);
#10724=VECTOR('',#13083,1.);
#10725=VECTOR('',#13084,1.);
#10726=VECTOR('',#13085,1.);
#10727=VECTOR('',#13086,1.);
#10728=VECTOR('',#13087,1.);
#10729=VECTOR('',#13088,1.);
#10730=VECTOR('',#13089,1.);
#10731=VECTOR('',#13090,1.);
#10732=VECTOR('',#13091,1.);
#10733=VECTOR('',#13092,1.);
#10734=VECTOR('',#13093,1.);
#10735=VECTOR('',#13094,1.);
#10736=VECTOR('',#13095,1.);
#10737=VECTOR('',#13096,1.);
#10738=VECTOR('',#13097,1.);
#10739=VECTOR('',#13098,1.);
#10740=VECTOR('',#13099,1.);
#10741=VECTOR('',#13100,1.);
#10742=VECTOR('',#13101,1.);
#10743=VECTOR('',#13102,1.);
#10744=VECTOR('',#13103,1.);
#10745=VECTOR('',#13104,1.);
#10746=VECTOR('',#13105,1.);
#10747=VECTOR('',#13106,1.);
#10748=VECTOR('',#13107,1.);
#10749=VECTOR('',#13108,1.);
#10750=VECTOR('',#13109,1.);
#10751=VECTOR('',#13110,1.);
#10752=VECTOR('',#13111,1.);
#10753=VECTOR('',#13112,1.);
#10754=VECTOR('',#13113,1.);
#10755=VECTOR('',#13114,1.);
#10756=VECTOR('',#13115,1.);
#10757=VECTOR('',#13116,1.);
#10758=VECTOR('',#13117,1.);
#10759=VECTOR('',#13118,1.);
#10760=VECTOR('',#13119,1.);
#10761=VECTOR('',#13120,1.);
#10762=VECTOR('',#13121,1.);
#10763=VECTOR('',#13122,1.);
#10764=VECTOR('',#13123,1.);
#10765=VECTOR('',#13124,1.);
#10766=VECTOR('',#13125,1.);
#10767=VECTOR('',#13126,1.);
#10768=VECTOR('',#13127,1.);
#10769=VECTOR('',#13128,1.);
#10770=VECTOR('',#13129,1.);
#10771=VECTOR('',#13130,1.);
#10772=VECTOR('',#13131,1.);
#10773=VECTOR('',#13132,1.);
#10774=VECTOR('',#13135,1.);
#10775=VECTOR('',#13136,1.);
#10776=VECTOR('',#13137,1.);
#10777=VECTOR('',#13138,1.);
#10778=VECTOR('',#13139,1.);
#10779=VECTOR('',#13140,1.);
#10780=VECTOR('',#13141,1.);
#10781=VECTOR('',#13142,1.);
#10782=VECTOR('',#13143,1.);
#10783=VECTOR('',#13144,1.);
#10784=VECTOR('',#13145,1.);
#10785=VECTOR('',#13146,1.);
#10786=VECTOR('',#13149,1.);
#10787=VECTOR('',#13150,1.);
#10788=VECTOR('',#13151,1.);
#10789=VECTOR('',#13152,1.);
#10790=VECTOR('',#13153,1.);
#10791=VECTOR('',#13154,1.);
#10792=VECTOR('',#13157,1.);
#10793=VECTOR('',#13158,1.);
#10794=VECTOR('',#13159,1.);
#10795=VECTOR('',#13160,1.);
#10796=VECTOR('',#13161,1.);
#10797=VECTOR('',#13162,1.);
#10798=VECTOR('',#13163,1.);
#10799=VECTOR('',#13164,1.);
#10800=VECTOR('',#13167,1.);
#10801=VECTOR('',#13168,1.);
#10802=VECTOR('',#13169,1.);
#10803=VECTOR('',#13172,1.);
#10804=VECTOR('',#13173,1.);
#10805=VECTOR('',#13174,1.);
#10806=VECTOR('',#13175,1.);
#10807=VECTOR('',#13178,1.);
#10808=VECTOR('',#13179,1.);
#10809=VECTOR('',#13180,1.);
#10810=VECTOR('',#13183,1.);
#10811=VECTOR('',#13184,1.);
#10812=VECTOR('',#13185,1.);
#10813=VECTOR('',#13188,1.);
#10814=VECTOR('',#13189,1.);
#10815=VECTOR('',#13190,1.);
#10816=VECTOR('',#13191,1.);
#10817=VECTOR('',#13192,1.);
#10818=VECTOR('',#13193,1.);
#10819=VECTOR('',#13196,1.);
#10820=VECTOR('',#13197,1.);
#10821=VECTOR('',#13198,1.);
#10822=VECTOR('',#13199,1.);
#10823=VECTOR('',#13200,1.);
#10824=VECTOR('',#13201,1.);
#10825=VECTOR('',#13202,1.);
#10826=VECTOR('',#13203,1.);
#10827=VECTOR('',#13206,1.);
#10828=VECTOR('',#13207,1.);
#10829=VECTOR('',#13208,1.);
#10830=VECTOR('',#13209,1.);
#10831=VECTOR('',#13210,1.);
#10832=VECTOR('',#13211,1.);
#10833=VECTOR('',#13214,1.);
#10834=VECTOR('',#13215,1.);
#10835=VECTOR('',#13216,1.);
#10836=VECTOR('',#13217,1.);
#10837=VECTOR('',#13218,1.);
#10838=VECTOR('',#13219,1.);
#10839=VECTOR('',#13220,1.);
#10840=VECTOR('',#13221,1.);
#10841=VECTOR('',#13222,1.);
#10842=VECTOR('',#13223,1.);
#10843=VECTOR('',#13224,1.);
#10844=VECTOR('',#13225,1.);
#10845=VECTOR('',#13228,1.);
#10846=VECTOR('',#13229,1.);
#10847=VECTOR('',#13230,1.);
#10848=VECTOR('',#13233,1.);
#10849=VECTOR('',#13234,1.);
#10850=VECTOR('',#13235,1.);
#10851=VECTOR('',#13236,1.);
#10852=VECTOR('',#13239,1.);
#10853=VECTOR('',#13240,1.);
#10854=VECTOR('',#13241,1.);
#10855=VECTOR('',#13244,1.);
#10856=VECTOR('',#13245,1.);
#10857=VECTOR('',#13246,1.);
#10858=VECTOR('',#13249,1.);
#10859=VECTOR('',#13250,1.);
#10860=VECTOR('',#13251,1.);
#10861=VECTOR('',#13252,1.);
#10862=VECTOR('',#13253,1.);
#10863=VECTOR('',#13254,1.);
#10864=VECTOR('',#13257,1.);
#10865=VECTOR('',#13258,1.);
#10866=VECTOR('',#13259,1.);
#10867=VECTOR('',#13260,1.);
#10868=VECTOR('',#13261,1.);
#10869=VECTOR('',#13262,1.);
#10870=VECTOR('',#13263,1.);
#10871=VECTOR('',#13264,1.);
#10872=VECTOR('',#13265,1.);
#10873=VECTOR('',#13266,1.);
#10874=VECTOR('',#13267,1.);
#10875=VECTOR('',#13268,1.);
#10876=VECTOR('',#13269,1.);
#10877=VECTOR('',#13270,1.);
#10878=VECTOR('',#13271,1.);
#10879=VECTOR('',#13272,1.);
#10880=VECTOR('',#13273,1.);
#10881=VECTOR('',#13274,1.);
#10882=VECTOR('',#13275,1.);
#10883=VECTOR('',#13276,1.);
#10884=VECTOR('',#13277,1.);
#10885=VECTOR('',#13278,1.);
#10886=VECTOR('',#13279,1.);
#10887=VECTOR('',#13280,1.);
#10888=VECTOR('',#13281,1.);
#10889=VECTOR('',#13282,1.);
#10890=VECTOR('',#13283,1.);
#10891=VECTOR('',#13284,1.);
#10892=VECTOR('',#13285,1.);
#10893=VECTOR('',#13286,1.);
#10894=VECTOR('',#13287,1.);
#10895=VECTOR('',#13288,1.);
#10896=VECTOR('',#13289,1.);
#10897=VECTOR('',#13290,1.);
#10898=VECTOR('',#13291,1.);
#10899=VECTOR('',#13292,1.);
#10900=VECTOR('',#13293,1.);
#10901=VECTOR('',#13294,1.);
#10902=VECTOR('',#13295,1.);
#10903=VECTOR('',#13296,1.);
#10904=VECTOR('',#13297,1.);
#10905=VECTOR('',#13298,1.);
#10906=VECTOR('',#13299,1.);
#10907=VECTOR('',#13300,1.);
#10908=VECTOR('',#13301,1.);
#10909=VECTOR('',#13302,1.);
#10910=VECTOR('',#13303,1.);
#10911=VECTOR('',#13304,1.);
#10912=VECTOR('',#13305,1.);
#10913=VECTOR('',#13306,1.);
#10914=VECTOR('',#13307,1.);
#10915=VECTOR('',#13308,1.);
#10916=VECTOR('',#13309,1.);
#10917=VECTOR('',#13310,1.);
#10918=VECTOR('',#13311,1.);
#10919=VECTOR('',#13312,1.);
#10920=VECTOR('',#13313,1.);
#10921=VECTOR('',#13314,1.);
#10922=VECTOR('',#13315,1.);
#10923=VECTOR('',#13316,1.);
#10924=VECTOR('',#13317,1.);
#10925=VECTOR('',#13318,1.);
#10926=VECTOR('',#13319,1.);
#10927=VECTOR('',#13320,1.);
#10928=VECTOR('',#13321,1.);
#10929=VECTOR('',#13322,1.);
#10930=VECTOR('',#13323,1.);
#10931=VECTOR('',#13324,1.);
#10932=VECTOR('',#13325,1.);
#10933=VECTOR('',#13326,1.);
#10934=VECTOR('',#13327,1.);
#10935=VECTOR('',#13328,1.);
#10936=VECTOR('',#13329,1.);
#10937=VECTOR('',#13330,1.);
#10938=VECTOR('',#13331,1.);
#10939=VECTOR('',#13332,1.);
#10940=VECTOR('',#13333,1.);
#10941=VECTOR('',#13334,1.);
#10942=VECTOR('',#13335,1.);
#10943=VECTOR('',#13336,1.);
#10944=VECTOR('',#13337,1.);
#10945=VECTOR('',#13338,1.);
#10946=VECTOR('',#13339,1.);
#10947=VECTOR('',#13340,1.);
#10948=VECTOR('',#13341,1.);
#10949=VECTOR('',#13342,1.);
#10950=VECTOR('',#13343,1.);
#10951=VECTOR('',#13344,1.);
#10952=VECTOR('',#13345,1.);
#10953=VECTOR('',#13346,1.);
#10954=VECTOR('',#13347,1.);
#10955=VECTOR('',#13348,1.);
#10956=VECTOR('',#13349,1.);
#10957=VECTOR('',#13350,1.);
#10958=VECTOR('',#13351,1.);
#10959=VECTOR('',#13352,1.);
#10960=VECTOR('',#13353,1.);
#10961=VECTOR('',#13354,1.);
#10962=VECTOR('',#13355,1.);
#10963=VECTOR('',#13356,1.);
#10964=VECTOR('',#13357,1.);
#10965=VECTOR('',#13358,1.);
#10966=VECTOR('',#13359,1.);
#10967=VECTOR('',#13360,1.);
#10968=VECTOR('',#13363,1.);
#10969=VECTOR('',#13364,1.);
#10970=VECTOR('',#13365,1.);
#10971=VECTOR('',#13366,1.);
#10972=VECTOR('',#13367,1.);
#10973=VECTOR('',#13368,1.);
#10974=VECTOR('',#13369,1.);
#10975=VECTOR('',#13370,1.);
#10976=VECTOR('',#13371,1.);
#10977=VECTOR('',#13372,1.);
#10978=VECTOR('',#13373,1.);
#10979=VECTOR('',#13374,1.);
#10980=VECTOR('',#13375,1.);
#10981=VECTOR('',#13376,1.);
#10982=VECTOR('',#13377,1.);
#10983=VECTOR('',#13378,1.);
#10984=VECTOR('',#13379,1.);
#10985=VECTOR('',#13380,1.);
#10986=VECTOR('',#13381,1.);
#10987=VECTOR('',#13382,1.);
#10988=VECTOR('',#13383,1.);
#10989=VECTOR('',#13384,1.);
#10990=VECTOR('',#13385,1.);
#10991=VECTOR('',#13386,1.);
#10992=VECTOR('',#13387,1.);
#10993=VECTOR('',#13388,1.);
#10994=VECTOR('',#13389,1.);
#10995=VECTOR('',#13390,1.);
#10996=VECTOR('',#13391,1.);
#10997=VECTOR('',#13392,1.);
#10998=VECTOR('',#13393,1.);
#10999=VECTOR('',#13394,1.);
#11000=VECTOR('',#13395,1.);
#11001=VECTOR('',#13396,1.);
#11002=VECTOR('',#13397,1.);
#11003=VECTOR('',#13398,1.);
#11004=VECTOR('',#13399,1.);
#11005=VECTOR('',#13400,1.);
#11006=VECTOR('',#13401,1.);
#11007=VECTOR('',#13402,1.);
#11008=VECTOR('',#13403,1.);
#11009=VECTOR('',#13404,1.);
#11010=VECTOR('',#13405,1.);
#11011=VECTOR('',#13406,1.);
#11012=VECTOR('',#13407,1.);
#11013=VECTOR('',#13408,1.);
#11014=VECTOR('',#13409,1.);
#11015=VECTOR('',#13410,1.);
#11016=VECTOR('',#13411,1.);
#11017=VECTOR('',#13412,1.);
#11018=VECTOR('',#13413,1.);
#11019=VECTOR('',#13414,1.);
#11020=VECTOR('',#13415,1.);
#11021=VECTOR('',#13416,1.);
#11022=VECTOR('',#13417,1.);
#11023=VECTOR('',#13418,1.);
#11024=VECTOR('',#13419,1.);
#11025=VECTOR('',#13420,1.);
#11026=VECTOR('',#13421,1.);
#11027=VECTOR('',#13422,1.);
#11028=VECTOR('',#13423,1.);
#11029=VECTOR('',#13424,1.);
#11030=VECTOR('',#13425,1.);
#11031=VECTOR('',#13426,1.);
#11032=VECTOR('',#13427,1.);
#11033=VECTOR('',#13428,1.);
#11034=VECTOR('',#13429,1.);
#11035=VECTOR('',#13430,1.);
#11036=VECTOR('',#13431,1.);
#11037=VECTOR('',#13432,1.);
#11038=VECTOR('',#13433,1.);
#11039=VECTOR('',#13434,1.);
#11040=VECTOR('',#13435,1.);
#11041=VECTOR('',#13436,1.);
#11042=VECTOR('',#13437,1.);
#11043=VECTOR('',#13438,1.);
#11044=VECTOR('',#13439,1.);
#11045=VECTOR('',#13440,1.);
#11046=VECTOR('',#13441,1.);
#11047=VECTOR('',#13442,1.);
#11048=VECTOR('',#13443,1.);
#11049=VECTOR('',#13444,1.);
#11050=VECTOR('',#13445,1.);
#11051=VECTOR('',#13446,1.);
#11052=VECTOR('',#13447,1.);
#11053=VECTOR('',#13448,1.);
#11054=VECTOR('',#13449,1.);
#11055=VECTOR('',#13450,1.);
#11056=VECTOR('',#13451,1.);
#11057=VECTOR('',#13452,1.);
#11058=VECTOR('',#13453,1.);
#11059=VECTOR('',#13454,1.);
#11060=VECTOR('',#13455,1.);
#11061=VECTOR('',#13456,1.);
#11062=VECTOR('',#13457,1.);
#11063=VECTOR('',#13458,1.);
#11064=VECTOR('',#13459,1.);
#11065=VECTOR('',#13460,1.);
#11066=VECTOR('',#13461,1.);
#11067=VECTOR('',#13462,1.);
#11068=VECTOR('',#13463,1.);
#11069=VECTOR('',#13464,1.);
#11070=VECTOR('',#13467,1.);
#11071=VECTOR('',#13468,1.);
#11072=VECTOR('',#13469,1.);
#11073=VECTOR('',#13470,1.);
#11074=VECTOR('',#13473,1.);
#11075=VECTOR('',#13474,1.);
#11076=VECTOR('',#13475,1.);
#11077=VECTOR('',#13476,1.);
#11078=VECTOR('',#13477,1.);
#11079=VECTOR('',#13478,1.);
#11080=VECTOR('',#13481,1.);
#11081=VECTOR('',#13482,1.);
#11082=VECTOR('',#13483,1.);
#11083=VECTOR('',#13484,1.);
#11084=VECTOR('',#13485,1.);
#11085=VECTOR('',#13492,1.);
#11086=VECTOR('',#13493,1.);
#11087=VECTOR('',#13494,1.);
#11088=VECTOR('',#13495,1.);
#11089=VECTOR('',#13506,1.);
#11090=VECTOR('',#13507,1.);
#11091=VECTOR('',#13508,1.);
#11092=VECTOR('',#13509,1.);
#11093=VECTOR('',#13510,1.);
#11094=VECTOR('',#13511,1.);
#11095=VECTOR('',#13514,1.);
#11096=VECTOR('',#13515,1.);
#11097=VECTOR('',#13516,1.);
#11098=VECTOR('',#13519,1.);
#11099=VECTOR('',#13520,1.);
#11100=VECTOR('',#13521,1.);
#11101=VECTOR('',#13524,1.);
#11102=VECTOR('',#13525,1.);
#11103=VECTOR('',#13526,1.);
#11104=VECTOR('',#13527,1.);
#11105=VECTOR('',#13528,1.);
#11106=VECTOR('',#13529,1.);
#11107=VECTOR('',#13530,1.);
#11108=VECTOR('',#13531,1.);
#11109=VECTOR('',#13532,1.);
#11110=VECTOR('',#13533,1.);
#11111=VECTOR('',#13534,1.);
#11112=VECTOR('',#13535,1.);
#11113=VECTOR('',#13536,1.);
#11114=VECTOR('',#13537,1.);
#11115=VECTOR('',#13538,1.);
#11116=VECTOR('',#13541,1.);
#11117=VECTOR('',#13542,1.);
#11118=VECTOR('',#13543,1.);
#11119=VECTOR('',#13546,1.);
#11120=VECTOR('',#13547,1.);
#11121=VECTOR('',#13550,1.);
#11122=VECTOR('',#13551,1.);
#11123=VECTOR('',#13554,1.);
#11124=VECTOR('',#13557,1.);
#11125=VECTOR('',#13558,1.);
#11126=VECTOR('',#13559,1.);
#11127=VECTOR('',#13560,1.);
#11128=VECTOR('',#13561,1.);
#11129=VECTOR('',#13562,1.);
#11130=VECTOR('',#13563,1.);
#11131=VECTOR('',#13564,1.);
#11132=VECTOR('',#13565,1.);
#11133=VECTOR('',#13566,1.);
#11134=VECTOR('',#13567,1.);
#11135=VECTOR('',#13568,1.);
#11136=VECTOR('',#13569,1.);
#11137=VECTOR('',#13570,1.);
#11138=VECTOR('',#13571,1.);
#11139=VECTOR('',#13572,1.);
#11140=VECTOR('',#13573,1.);
#11141=VECTOR('',#13574,1.);
#11142=VECTOR('',#13575,1.);
#11143=VECTOR('',#13576,1.);
#11144=VECTOR('',#13577,1.);
#11145=VECTOR('',#13578,1.);
#11146=VECTOR('',#13579,1.);
#11147=VECTOR('',#13580,1.);
#11148=VECTOR('',#13581,1.);
#11149=VECTOR('',#13582,1.);
#11150=VECTOR('',#13583,1.);
#11151=VECTOR('',#13584,1.);
#11152=VECTOR('',#13585,1.);
#11153=VECTOR('',#13586,1.);
#11154=VECTOR('',#13587,1.);
#11155=VECTOR('',#13588,1.);
#11156=VECTOR('',#13589,1.);
#11157=VECTOR('',#13590,1.);
#11158=VECTOR('',#13591,1.);
#11159=VECTOR('',#13592,1.);
#11160=VECTOR('',#13593,1.);
#11161=VECTOR('',#13594,1.);
#11162=VECTOR('',#13595,1.);
#11163=VECTOR('',#13596,1.);
#11164=VECTOR('',#13597,1.);
#11165=VECTOR('',#13598,1.);
#11166=VECTOR('',#13599,1.);
#11167=VECTOR('',#13600,1.);
#11168=VECTOR('',#13601,1.);
#11169=VECTOR('',#13602,1.);
#11170=VECTOR('',#13603,1.);
#11171=VECTOR('',#13604,1.);
#11172=VECTOR('',#13605,1.);
#11173=VECTOR('',#13606,1.);
#11174=VECTOR('',#13607,1.);
#11175=VECTOR('',#13608,1.);
#11176=VECTOR('',#13609,1.);
#11177=VECTOR('',#13610,1.);
#11178=VECTOR('',#13611,1.);
#11179=VECTOR('',#13612,1.);
#11180=VECTOR('',#13613,1.);
#11181=VECTOR('',#13614,1.);
#11182=VECTOR('',#13615,1.);
#11183=VECTOR('',#13616,1.);
#11184=VECTOR('',#13617,1.);
#11185=VECTOR('',#13618,1.);
#11186=VECTOR('',#13619,1.);
#11187=VECTOR('',#13620,1.);
#11188=VECTOR('',#13621,1.);
#11189=VECTOR('',#13622,1.);
#11190=VECTOR('',#13623,1.);
#11191=VECTOR('',#13624,1.);
#11192=VECTOR('',#13625,1.);
#11193=VECTOR('',#13626,1.);
#11194=VECTOR('',#13627,1.);
#11195=VECTOR('',#13628,1.);
#11196=VECTOR('',#13629,1.);
#11197=VECTOR('',#13630,1.);
#11198=VECTOR('',#13631,1.);
#11199=VECTOR('',#13632,1.);
#11200=VECTOR('',#13633,1.);
#11201=VECTOR('',#13636,1.);
#11202=VECTOR('',#13637,1.);
#11203=VECTOR('',#13638,1.);
#11204=VECTOR('',#13641,1.);
#11205=VECTOR('',#13642,1.);
#11206=VECTOR('',#13643,1.);
#11207=VECTOR('',#13644,1.);
#11208=VECTOR('',#13645,1.);
#11209=VECTOR('',#13646,1.);
#11210=VECTOR('',#13647,1.);
#11211=VECTOR('',#13648,1.);
#11212=VECTOR('',#13649,1.);
#11213=VECTOR('',#13650,1.);
#11214=VECTOR('',#13651,1.);
#11215=VECTOR('',#13652,1.);
#11216=VECTOR('',#13653,1.);
#11217=VECTOR('',#13654,1.);
#11218=VECTOR('',#13655,1.);
#11219=VECTOR('',#13656,1.);
#11220=VECTOR('',#13657,1.);
#11221=VECTOR('',#13658,1.);
#11222=VECTOR('',#13659,1.);
#11223=VECTOR('',#13660,1.);
#11224=VECTOR('',#13661,1.);
#11225=VECTOR('',#13662,1.);
#11226=VECTOR('',#13663,1.);
#11227=VECTOR('',#13664,1.);
#11228=VECTOR('',#13665,1.);
#11229=VECTOR('',#13666,1.);
#11230=VECTOR('',#13667,1.);
#11231=VECTOR('',#13668,1.);
#11232=VECTOR('',#13669,1.);
#11233=VECTOR('',#13670,1.);
#11234=VECTOR('',#13671,1.);
#11235=VECTOR('',#13672,1.);
#11236=VECTOR('',#13673,1.);
#11237=VECTOR('',#13674,1.);
#11238=VECTOR('',#13675,1.);
#11239=VECTOR('',#13676,1.);
#11240=VECTOR('',#13677,1.);
#11241=VECTOR('',#13678,1.);
#11242=VECTOR('',#13679,1.);
#11243=VECTOR('',#13680,1.);
#11244=VECTOR('',#13681,1.);
#11245=VECTOR('',#13682,1.);
#11246=VECTOR('',#13683,1.);
#11247=VECTOR('',#13684,1.);
#11248=VECTOR('',#13685,1.);
#11249=VECTOR('',#13686,1.);
#11250=VECTOR('',#13687,1.);
#11251=VECTOR('',#13688,1.);
#11252=VECTOR('',#13689,1.);
#11253=VECTOR('',#13690,1.);
#11254=VECTOR('',#13691,1.);
#11255=VECTOR('',#13692,1.);
#11256=VECTOR('',#13693,1.);
#11257=VECTOR('',#13694,1.);
#11258=VECTOR('',#13695,1.);
#11259=VECTOR('',#13696,1.);
#11260=VECTOR('',#13697,1.);
#11261=VECTOR('',#13698,1.);
#11262=VECTOR('',#13699,1.);
#11263=VECTOR('',#13700,1.);
#11264=VECTOR('',#13701,1.);
#11265=VECTOR('',#13702,1.);
#11266=VECTOR('',#13703,1.);
#11267=VECTOR('',#13704,1.);
#11268=VECTOR('',#13705,1.);
#11269=VECTOR('',#13706,1.);
#11270=VECTOR('',#13707,1.);
#11271=VECTOR('',#13708,1.);
#11272=VECTOR('',#13709,1.);
#11273=VECTOR('',#13710,1.);
#11274=VECTOR('',#13711,1.);
#11275=VECTOR('',#13712,1.);
#11276=VECTOR('',#13713,1.);
#11277=VECTOR('',#13714,1.);
#11278=VECTOR('',#13715,1.);
#11279=VECTOR('',#13716,1.);
#11280=VECTOR('',#13717,1.);
#11281=VECTOR('',#13718,1.);
#11282=VECTOR('',#13719,1.);
#11283=VECTOR('',#13720,1.);
#11284=VECTOR('',#13721,1.);
#11285=VECTOR('',#13722,1.);
#11286=VECTOR('',#13723,1.);
#11287=VECTOR('',#13724,1.);
#11288=VECTOR('',#13725,1.);
#11289=VECTOR('',#13726,1.);
#11290=VECTOR('',#13727,1.);
#11291=VECTOR('',#13728,1.);
#11292=VECTOR('',#13729,1.);
#11293=VECTOR('',#13730,1.);
#11294=VECTOR('',#13731,1.);
#11295=VECTOR('',#13732,1.);
#11296=VECTOR('',#13733,1.);
#11297=VECTOR('',#13734,1.);
#11298=VECTOR('',#13735,1.);
#11299=VECTOR('',#13736,1.);
#11300=VECTOR('',#13737,1.);
#11301=VECTOR('',#13738,1.);
#11302=VECTOR('',#13741,1.);
#11303=VECTOR('',#13742,1.);
#11304=VECTOR('',#13743,1.);
#11305=VECTOR('',#13746,1.);
#11306=VECTOR('',#13747,1.);
#11307=VECTOR('',#13748,1.);
#11308=VECTOR('',#13751,1.);
#11309=VECTOR('',#13752,1.);
#11310=VECTOR('',#13753,1.);
#11311=VECTOR('',#13756,1.);
#11312=VECTOR('',#13757,1.);
#11313=VECTOR('',#13758,1.);
#11314=VECTOR('',#13765,1.);
#11315=VECTOR('',#13766,1.);
#11316=VECTOR('',#13767,1.);
#11317=VECTOR('',#13770,1.);
#11318=VECTOR('',#13771,1.);
#11319=VECTOR('',#13772,1.);
#11320=VECTOR('',#13779,1.);
#11321=VECTOR('',#13780,1.);
#11322=VECTOR('',#13781,1.);
#11323=VECTOR('',#13782,1.);
#11324=VECTOR('',#13785,1.);
#11325=VECTOR('',#13786,1.);
#11326=VECTOR('',#13787,1.);
#11327=VECTOR('',#13790,1.);
#11328=VECTOR('',#13791,1.);
#11329=VECTOR('',#13792,1.);
#11330=VECTOR('',#13795,1.);
#11331=VECTOR('',#13796,1.);
#11332=VECTOR('',#13797,1.);
#11333=VECTOR('',#13798,1.);
#11334=VECTOR('',#13801,1.);
#11335=VECTOR('',#13802,1.);
#11336=VECTOR('',#13803,1.);
#11337=VECTOR('',#13806,1.);
#11338=VECTOR('',#13807,1.);
#11339=VECTOR('',#13812,1.);
#11340=VECTOR('',#13813,1.);
#11341=VECTOR('',#13822,1.);
#11342=VECTOR('',#13823,1.);
#11343=VECTOR('',#13824,1.);
#11344=VECTOR('',#13825,1.);
#11345=VECTOR('',#13830,1.);
#11346=VECTOR('',#13835,1.);
#11347=VECTOR('',#13836,1.);
#11348=VECTOR('',#13837,1.);
#11349=VECTOR('',#13840,1.);
#11350=VECTOR('',#13845,1.);
#11351=VECTOR('',#13856,1.);
#11352=VECTOR('',#13861,1.);
#11353=VECTOR('',#13864,1.);
#11354=VECTOR('',#13869,1.);
#11355=VECTOR('',#13870,1.);
#11356=VECTOR('',#13871,1.);
#11357=VECTOR('',#13874,1.);
#11358=VECTOR('',#13875,1.);
#11359=VECTOR('',#13876,1.);
#11360=VECTOR('',#13877,1.);
#11361=VECTOR('',#13878,1.);
#11362=VECTOR('',#13881,1.);
#11363=VECTOR('',#13882,1.);
#11364=VECTOR('',#13883,1.);
#11365=VECTOR('',#13884,1.);
#11366=VECTOR('',#13885,1.);
#11367=VECTOR('',#13888,1.);
#11368=VECTOR('',#13891,1.);
#11369=VECTOR('',#13894,1.);
#11370=VECTOR('',#13897,1.);
#11371=VECTOR('',#13902,1.);
#11372=VECTOR('',#13903,1.);
#11373=VECTOR('',#13904,1.);
#11374=VECTOR('',#13905,1.);
#11375=VECTOR('',#13910,1.);
#11376=VECTOR('',#13915,1.);
#11377=VECTOR('',#13916,1.);
#11378=VECTOR('',#13917,1.);
#11379=VECTOR('',#13920,1.);
#11380=VECTOR('',#13925,1.);
#11381=VECTOR('',#13934,1.);
#11382=VECTOR('',#13935,1.);
#11383=VECTOR('',#13936,1.);
#11384=VECTOR('',#13937,1.);
#11385=VECTOR('',#13942,1.);
#11386=VECTOR('',#13947,1.);
#11387=VECTOR('',#13948,1.);
#11388=VECTOR('',#13949,1.);
#11389=VECTOR('',#13952,1.);
#11390=VECTOR('',#13957,1.);
#11391=VECTOR('',#13966,1.);
#11392=VECTOR('',#13967,1.);
#11393=VECTOR('',#13968,1.);
#11394=VECTOR('',#13969,1.);
#11395=VECTOR('',#13974,1.);
#11396=VECTOR('',#13979,1.);
#11397=VECTOR('',#13980,1.);
#11398=VECTOR('',#13981,1.);
#11399=VECTOR('',#13984,1.);
#11400=VECTOR('',#13989,1.);
#11401=VECTOR('',#13998,1.);
#11402=VECTOR('',#13999,1.);
#11403=VECTOR('',#14000,1.);
#11404=VECTOR('',#14001,1.);
#11405=VECTOR('',#14006,1.);
#11406=VECTOR('',#14011,1.);
#11407=VECTOR('',#14012,1.);
#11408=VECTOR('',#14013,1.);
#11409=VECTOR('',#14016,1.);
#11410=VECTOR('',#14021,1.);
#11411=VECTOR('',#14030,1.);
#11412=VECTOR('',#14031,1.);
#11413=VECTOR('',#14032,1.);
#11414=VECTOR('',#14033,1.);
#11415=VECTOR('',#14038,1.);
#11416=VECTOR('',#14043,1.);
#11417=VECTOR('',#14044,1.);
#11418=VECTOR('',#14045,1.);
#11419=VECTOR('',#14048,1.);
#11420=VECTOR('',#14053,1.);
#11421=VECTOR('',#14062,1.);
#11422=VECTOR('',#14063,1.);
#11423=VECTOR('',#14064,1.);
#11424=VECTOR('',#14065,1.);
#11425=VECTOR('',#14070,1.);
#11426=VECTOR('',#14075,1.);
#11427=VECTOR('',#14076,1.);
#11428=VECTOR('',#14077,1.);
#11429=VECTOR('',#14080,1.);
#11430=VECTOR('',#14085,1.);
#11431=VECTOR('',#14094,1.);
#11432=VECTOR('',#14095,1.);
#11433=VECTOR('',#14096,1.);
#11434=VECTOR('',#14097,1.);
#11435=VECTOR('',#14102,1.);
#11436=VECTOR('',#14107,1.);
#11437=VECTOR('',#14108,1.);
#11438=VECTOR('',#14109,1.);
#11439=VECTOR('',#14112,1.);
#11440=VECTOR('',#14117,1.);
#11441=VECTOR('',#14126,1.);
#11442=VECTOR('',#14127,1.);
#11443=VECTOR('',#14128,1.);
#11444=VECTOR('',#14129,1.);
#11445=VECTOR('',#14134,1.);
#11446=VECTOR('',#14139,1.);
#11447=VECTOR('',#14140,1.);
#11448=VECTOR('',#14141,1.);
#11449=VECTOR('',#14144,1.);
#11450=VECTOR('',#14149,1.);
#11451=VECTOR('',#14158,1.);
#11452=VECTOR('',#14159,1.);
#11453=VECTOR('',#14160,1.);
#11454=VECTOR('',#14161,1.);
#11455=VECTOR('',#14166,1.);
#11456=VECTOR('',#14171,1.);
#11457=VECTOR('',#14172,1.);
#11458=VECTOR('',#14173,1.);
#11459=VECTOR('',#14176,1.);
#11460=VECTOR('',#14181,1.);
#11461=VECTOR('',#14190,1.);
#11462=VECTOR('',#14191,1.);
#11463=VECTOR('',#14192,1.);
#11464=VECTOR('',#14193,1.);
#11465=VECTOR('',#14198,1.);
#11466=VECTOR('',#14203,1.);
#11467=VECTOR('',#14204,1.);
#11468=VECTOR('',#14205,1.);
#11469=VECTOR('',#14208,1.);
#11470=VECTOR('',#14213,1.);
#11471=VECTOR('',#14222,1.);
#11472=VECTOR('',#14223,1.);
#11473=VECTOR('',#14224,1.);
#11474=VECTOR('',#14225,1.);
#11475=VECTOR('',#14230,1.);
#11476=VECTOR('',#14235,1.);
#11477=VECTOR('',#14236,1.);
#11478=VECTOR('',#14237,1.);
#11479=VECTOR('',#14240,1.);
#11480=VECTOR('',#14245,1.);
#11481=VECTOR('',#14254,1.);
#11482=VECTOR('',#14255,1.);
#11483=VECTOR('',#14256,1.);
#11484=VECTOR('',#14257,1.);
#11485=VECTOR('',#14262,1.);
#11486=VECTOR('',#14267,1.);
#11487=VECTOR('',#14268,1.);
#11488=VECTOR('',#14269,1.);
#11489=VECTOR('',#14272,1.);
#11490=VECTOR('',#14277,1.);
#11491=VECTOR('',#14286,1.);
#11492=VECTOR('',#14287,1.);
#11493=VECTOR('',#14288,1.);
#11494=VECTOR('',#14289,1.);
#11495=VECTOR('',#14294,1.);
#11496=VECTOR('',#14299,1.);
#11497=VECTOR('',#14300,1.);
#11498=VECTOR('',#14301,1.);
#11499=VECTOR('',#14304,1.);
#11500=VECTOR('',#14309,1.);
#11501=VECTOR('',#14318,1.);
#11502=VECTOR('',#14319,1.);
#11503=VECTOR('',#14320,1.);
#11504=VECTOR('',#14321,1.);
#11505=VECTOR('',#14326,1.);
#11506=VECTOR('',#14331,1.);
#11507=VECTOR('',#14332,1.);
#11508=VECTOR('',#14333,1.);
#11509=VECTOR('',#14336,1.);
#11510=VECTOR('',#14341,1.);
#11511=VECTOR('',#14350,1.);
#11512=VECTOR('',#14351,1.);
#11513=VECTOR('',#14352,1.);
#11514=VECTOR('',#14353,1.);
#11515=VECTOR('',#14358,1.);
#11516=VECTOR('',#14363,1.);
#11517=VECTOR('',#14364,1.);
#11518=VECTOR('',#14365,1.);
#11519=VECTOR('',#14368,1.);
#11520=VECTOR('',#14373,1.);
#11521=VECTOR('',#14382,1.);
#11522=VECTOR('',#14383,1.);
#11523=VECTOR('',#14384,1.);
#11524=VECTOR('',#14385,1.);
#11525=VECTOR('',#14390,1.);
#11526=VECTOR('',#14395,1.);
#11527=VECTOR('',#14396,1.);
#11528=VECTOR('',#14397,1.);
#11529=VECTOR('',#14400,1.);
#11530=VECTOR('',#14405,1.);
#11531=VECTOR('',#14414,1.);
#11532=VECTOR('',#14415,1.);
#11533=VECTOR('',#14416,1.);
#11534=VECTOR('',#14417,1.);
#11535=VECTOR('',#14422,1.);
#11536=VECTOR('',#14427,1.);
#11537=VECTOR('',#14428,1.);
#11538=VECTOR('',#14429,1.);
#11539=VECTOR('',#14432,1.);
#11540=VECTOR('',#14437,1.);
#11541=VECTOR('',#14446,1.);
#11542=VECTOR('',#14447,1.);
#11543=VECTOR('',#14448,1.);
#11544=VECTOR('',#14449,1.);
#11545=VECTOR('',#14454,1.);
#11546=VECTOR('',#14459,1.);
#11547=VECTOR('',#14460,1.);
#11548=VECTOR('',#14461,1.);
#11549=VECTOR('',#14464,1.);
#11550=VECTOR('',#14469,1.);
#11551=VECTOR('',#14478,1.);
#11552=VECTOR('',#14479,1.);
#11553=VECTOR('',#14480,1.);
#11554=VECTOR('',#14481,1.);
#11555=VECTOR('',#14486,1.);
#11556=VECTOR('',#14491,1.);
#11557=VECTOR('',#14492,1.);
#11558=VECTOR('',#14493,1.);
#11559=VECTOR('',#14496,1.);
#11560=VECTOR('',#14501,1.);
#11561=VECTOR('',#14510,1.);
#11562=VECTOR('',#14511,1.);
#11563=VECTOR('',#14512,1.);
#11564=VECTOR('',#14513,1.);
#11565=VECTOR('',#14518,1.);
#11566=VECTOR('',#14523,1.);
#11567=VECTOR('',#14524,1.);
#11568=VECTOR('',#14525,1.);
#11569=VECTOR('',#14528,1.);
#11570=VECTOR('',#14533,1.);
#11571=VECTOR('',#14542,1.);
#11572=VECTOR('',#14543,1.);
#11573=VECTOR('',#14544,1.);
#11574=VECTOR('',#14545,1.);
#11575=VECTOR('',#14550,1.);
#11576=VECTOR('',#14555,1.);
#11577=VECTOR('',#14556,1.);
#11578=VECTOR('',#14557,1.);
#11579=VECTOR('',#14560,1.);
#11580=VECTOR('',#14565,1.);
#11581=VECTOR('',#14574,1.);
#11582=VECTOR('',#14575,1.);
#11583=VECTOR('',#14576,1.);
#11584=VECTOR('',#14577,1.);
#11585=VECTOR('',#14582,1.);
#11586=VECTOR('',#14587,1.);
#11587=VECTOR('',#14588,1.);
#11588=VECTOR('',#14589,1.);
#11589=VECTOR('',#14592,1.);
#11590=VECTOR('',#14597,1.);
#11591=VECTOR('',#14606,1.);
#11592=VECTOR('',#14607,1.);
#11593=VECTOR('',#14608,1.);
#11594=VECTOR('',#14609,1.);
#11595=VECTOR('',#14614,1.);
#11596=VECTOR('',#14619,1.);
#11597=VECTOR('',#14620,1.);
#11598=VECTOR('',#14621,1.);
#11599=VECTOR('',#14624,1.);
#11600=VECTOR('',#14629,1.);
#11601=VECTOR('',#14640,1.);
#11602=VECTOR('',#14645,1.);
#11603=VECTOR('',#14648,1.);
#11604=VECTOR('',#14655,1.);
#11605=VECTOR('',#14660,1.);
#11606=VECTOR('',#14663,1.);
#11607=VECTOR('',#14670,1.);
#11608=VECTOR('',#14675,1.);
#11609=VECTOR('',#14678,1.);
#11610=VECTOR('',#14685,1.);
#11611=VECTOR('',#14690,1.);
#11612=VECTOR('',#14693,1.);
#11613=VECTOR('',#14700,1.);
#11614=VECTOR('',#14705,1.);
#11615=VECTOR('',#14708,1.);
#11616=VECTOR('',#14715,1.);
#11617=VECTOR('',#14720,1.);
#11618=VECTOR('',#14723,1.);
#11619=VECTOR('',#14730,1.);
#11620=VECTOR('',#14735,1.);
#11621=VECTOR('',#14738,1.);
#11622=VECTOR('',#14745,1.);
#11623=VECTOR('',#14750,1.);
#11624=VECTOR('',#14753,1.);
#11625=VECTOR('',#14760,1.);
#11626=VECTOR('',#14765,1.);
#11627=VECTOR('',#14768,1.);
#11628=VECTOR('',#14775,1.);
#11629=VECTOR('',#14780,1.);
#11630=VECTOR('',#14783,1.);
#11631=VECTOR('',#14790,1.);
#11632=VECTOR('',#14795,1.);
#11633=VECTOR('',#14798,1.);
#11634=VECTOR('',#14805,1.);
#11635=VECTOR('',#14810,1.);
#11636=VECTOR('',#14813,1.);
#11637=VECTOR('',#14820,1.);
#11638=VECTOR('',#14825,1.);
#11639=VECTOR('',#14828,1.);
#11640=VECTOR('',#14835,1.);
#11641=VECTOR('',#14840,1.);
#11642=VECTOR('',#14843,1.);
#11643=VECTOR('',#14850,1.);
#11644=VECTOR('',#14855,1.);
#11645=VECTOR('',#14858,1.);
#11646=VECTOR('',#14865,1.);
#11647=VECTOR('',#14870,1.);
#11648=VECTOR('',#14873,1.);
#11649=VECTOR('',#14880,1.);
#11650=VECTOR('',#14885,1.);
#11651=VECTOR('',#14888,1.);
#11652=VECTOR('',#14895,1.);
#11653=VECTOR('',#14900,1.);
#11654=VECTOR('',#14903,1.);
#11655=VECTOR('',#14910,1.);
#11656=VECTOR('',#14915,1.);
#11657=VECTOR('',#14918,1.);
#11658=VECTOR('',#14925,1.);
#11659=VECTOR('',#14930,1.);
#11660=VECTOR('',#14933,1.);
#11661=VECTOR('',#14940,1.);
#11662=VECTOR('',#14945,1.);
#11663=VECTOR('',#14948,1.);
#11664=VECTOR('',#14955,1.);
#11665=VECTOR('',#14960,1.);
#11666=VECTOR('',#14963,1.);
#11667=VECTOR('',#14970,1.);
#11668=VECTOR('',#14975,1.);
#11669=VECTOR('',#14978,1.);
#11670=VECTOR('',#14983,1.);
#11671=VECTOR('',#14984,1.);
#11672=VECTOR('',#14985,1.);
#11673=VECTOR('',#14988,1.);
#11674=VECTOR('',#14989,1.);
#11675=VECTOR('',#14990,1.);
#11676=VECTOR('',#14991,1.);
#11677=VECTOR('',#14992,1.);
#11678=VECTOR('',#14995,1.);
#11679=VECTOR('',#14996,1.);
#11680=VECTOR('',#14997,1.);
#11681=VECTOR('',#14998,1.);
#11682=VECTOR('',#14999,1.);
#11683=VECTOR('',#15002,1.);
#11684=VECTOR('',#15005,1.);
#11685=VECTOR('',#15008,1.);
#11686=VECTOR('',#15011,1.);
#11687=VECTOR('',#15016,1.);
#11688=VECTOR('',#15017,1.);
#11689=VECTOR('',#15018,1.);
#11690=VECTOR('',#15021,1.);
#11691=VECTOR('',#15022,1.);
#11692=VECTOR('',#15023,1.);
#11693=VECTOR('',#15024,1.);
#11694=VECTOR('',#15025,1.);
#11695=VECTOR('',#15028,1.);
#11696=VECTOR('',#15029,1.);
#11697=VECTOR('',#15030,1.);
#11698=VECTOR('',#15031,1.);
#11699=VECTOR('',#15032,1.);
#11700=VECTOR('',#15035,1.);
#11701=VECTOR('',#15038,1.);
#11702=VECTOR('',#15041,1.);
#11703=VECTOR('',#15044,1.);
#11704=VECTOR('',#15049,1.);
#11705=VECTOR('',#15050,1.);
#11706=VECTOR('',#15051,1.);
#11707=VECTOR('',#15054,1.);
#11708=VECTOR('',#15055,1.);
#11709=VECTOR('',#15056,1.);
#11710=VECTOR('',#15057,1.);
#11711=VECTOR('',#15058,1.);
#11712=VECTOR('',#15061,1.);
#11713=VECTOR('',#15062,1.);
#11714=VECTOR('',#15063,1.);
#11715=VECTOR('',#15064,1.);
#11716=VECTOR('',#15065,1.);
#11717=VECTOR('',#15068,1.);
#11718=VECTOR('',#15071,1.);
#11719=VECTOR('',#15074,1.);
#11720=VECTOR('',#15077,1.);
#11721=VECTOR('',#15082,1.);
#11722=VECTOR('',#15083,1.);
#11723=VECTOR('',#15084,1.);
#11724=VECTOR('',#15087,1.);
#11725=VECTOR('',#15088,1.);
#11726=VECTOR('',#15089,1.);
#11727=VECTOR('',#15090,1.);
#11728=VECTOR('',#15091,1.);
#11729=VECTOR('',#15094,1.);
#11730=VECTOR('',#15095,1.);
#11731=VECTOR('',#15096,1.);
#11732=VECTOR('',#15097,1.);
#11733=VECTOR('',#15098,1.);
#11734=VECTOR('',#15101,1.);
#11735=VECTOR('',#15104,1.);
#11736=VECTOR('',#15107,1.);
#11737=VECTOR('',#15110,1.);
#11738=VECTOR('',#15115,1.);
#11739=VECTOR('',#15116,1.);
#11740=VECTOR('',#15117,1.);
#11741=VECTOR('',#15120,1.);
#11742=VECTOR('',#15121,1.);
#11743=VECTOR('',#15122,1.);
#11744=VECTOR('',#15123,1.);
#11745=VECTOR('',#15124,1.);
#11746=VECTOR('',#15127,1.);
#11747=VECTOR('',#15128,1.);
#11748=VECTOR('',#15129,1.);
#11749=VECTOR('',#15130,1.);
#11750=VECTOR('',#15131,1.);
#11751=VECTOR('',#15134,1.);
#11752=VECTOR('',#15137,1.);
#11753=VECTOR('',#15140,1.);
#11754=VECTOR('',#15143,1.);
#11755=VECTOR('',#15148,1.);
#11756=VECTOR('',#15149,1.);
#11757=VECTOR('',#15150,1.);
#11758=VECTOR('',#15153,1.);
#11759=VECTOR('',#15154,1.);
#11760=VECTOR('',#15155,1.);
#11761=VECTOR('',#15156,1.);
#11762=VECTOR('',#15157,1.);
#11763=VECTOR('',#15160,1.);
#11764=VECTOR('',#15161,1.);
#11765=VECTOR('',#15162,1.);
#11766=VECTOR('',#15163,1.);
#11767=VECTOR('',#15164,1.);
#11768=VECTOR('',#15167,1.);
#11769=VECTOR('',#15170,1.);
#11770=VECTOR('',#15173,1.);
#11771=VECTOR('',#15176,1.);
#11772=VECTOR('',#15181,1.);
#11773=VECTOR('',#15182,1.);
#11774=VECTOR('',#15183,1.);
#11775=VECTOR('',#15186,1.);
#11776=VECTOR('',#15187,1.);
#11777=VECTOR('',#15188,1.);
#11778=VECTOR('',#15189,1.);
#11779=VECTOR('',#15190,1.);
#11780=VECTOR('',#15193,1.);
#11781=VECTOR('',#15194,1.);
#11782=VECTOR('',#15195,1.);
#11783=VECTOR('',#15196,1.);
#11784=VECTOR('',#15197,1.);
#11785=VECTOR('',#15200,1.);
#11786=VECTOR('',#15203,1.);
#11787=VECTOR('',#15206,1.);
#11788=VECTOR('',#15209,1.);
#11789=VECTOR('',#15214,1.);
#11790=VECTOR('',#15215,1.);
#11791=VECTOR('',#15216,1.);
#11792=VECTOR('',#15219,1.);
#11793=VECTOR('',#15220,1.);
#11794=VECTOR('',#15221,1.);
#11795=VECTOR('',#15222,1.);
#11796=VECTOR('',#15223,1.);
#11797=VECTOR('',#15226,1.);
#11798=VECTOR('',#15227,1.);
#11799=VECTOR('',#15228,1.);
#11800=VECTOR('',#15229,1.);
#11801=VECTOR('',#15230,1.);
#11802=VECTOR('',#15233,1.);
#11803=VECTOR('',#15236,1.);
#11804=VECTOR('',#15239,1.);
#11805=VECTOR('',#15242,1.);
#11806=VECTOR('',#15247,1.);
#11807=VECTOR('',#15248,1.);
#11808=VECTOR('',#15249,1.);
#11809=VECTOR('',#15252,1.);
#11810=VECTOR('',#15253,1.);
#11811=VECTOR('',#15254,1.);
#11812=VECTOR('',#15255,1.);
#11813=VECTOR('',#15256,1.);
#11814=VECTOR('',#15259,1.);
#11815=VECTOR('',#15260,1.);
#11816=VECTOR('',#15261,1.);
#11817=VECTOR('',#15262,1.);
#11818=VECTOR('',#15263,1.);
#11819=VECTOR('',#15266,1.);
#11820=VECTOR('',#15269,1.);
#11821=VECTOR('',#15272,1.);
#11822=VECTOR('',#15275,1.);
#11823=VECTOR('',#15280,1.);
#11824=VECTOR('',#15281,1.);
#11825=VECTOR('',#15282,1.);
#11826=VECTOR('',#15285,1.);
#11827=VECTOR('',#15286,1.);
#11828=VECTOR('',#15287,1.);
#11829=VECTOR('',#15288,1.);
#11830=VECTOR('',#15289,1.);
#11831=VECTOR('',#15292,1.);
#11832=VECTOR('',#15293,1.);
#11833=VECTOR('',#15294,1.);
#11834=VECTOR('',#15295,1.);
#11835=VECTOR('',#15296,1.);
#11836=VECTOR('',#15299,1.);
#11837=VECTOR('',#15302,1.);
#11838=VECTOR('',#15305,1.);
#11839=VECTOR('',#15308,1.);
#11840=VECTOR('',#15313,1.);
#11841=VECTOR('',#15314,1.);
#11842=VECTOR('',#15315,1.);
#11843=VECTOR('',#15318,1.);
#11844=VECTOR('',#15319,1.);
#11845=VECTOR('',#15320,1.);
#11846=VECTOR('',#15321,1.);
#11847=VECTOR('',#15322,1.);
#11848=VECTOR('',#15325,1.);
#11849=VECTOR('',#15326,1.);
#11850=VECTOR('',#15327,1.);
#11851=VECTOR('',#15328,1.);
#11852=VECTOR('',#15329,1.);
#11853=VECTOR('',#15332,1.);
#11854=VECTOR('',#15335,1.);
#11855=VECTOR('',#15338,1.);
#11856=VECTOR('',#15341,1.);
#11857=VECTOR('',#15346,1.);
#11858=VECTOR('',#15347,1.);
#11859=VECTOR('',#15348,1.);
#11860=VECTOR('',#15351,1.);
#11861=VECTOR('',#15352,1.);
#11862=VECTOR('',#15353,1.);
#11863=VECTOR('',#15354,1.);
#11864=VECTOR('',#15355,1.);
#11865=VECTOR('',#15358,1.);
#11866=VECTOR('',#15359,1.);
#11867=VECTOR('',#15360,1.);
#11868=VECTOR('',#15361,1.);
#11869=VECTOR('',#15362,1.);
#11870=VECTOR('',#15365,1.);
#11871=VECTOR('',#15368,1.);
#11872=VECTOR('',#15371,1.);
#11873=VECTOR('',#15374,1.);
#11874=VECTOR('',#15379,1.);
#11875=VECTOR('',#15380,1.);
#11876=VECTOR('',#15381,1.);
#11877=VECTOR('',#15384,1.);
#11878=VECTOR('',#15385,1.);
#11879=VECTOR('',#15386,1.);
#11880=VECTOR('',#15387,1.);
#11881=VECTOR('',#15388,1.);
#11882=VECTOR('',#15391,1.);
#11883=VECTOR('',#15392,1.);
#11884=VECTOR('',#15393,1.);
#11885=VECTOR('',#15394,1.);
#11886=VECTOR('',#15395,1.);
#11887=VECTOR('',#15398,1.);
#11888=VECTOR('',#15401,1.);
#11889=VECTOR('',#15404,1.);
#11890=VECTOR('',#15407,1.);
#11891=VECTOR('',#15412,1.);
#11892=VECTOR('',#15413,1.);
#11893=VECTOR('',#15414,1.);
#11894=VECTOR('',#15417,1.);
#11895=VECTOR('',#15418,1.);
#11896=VECTOR('',#15419,1.);
#11897=VECTOR('',#15420,1.);
#11898=VECTOR('',#15421,1.);
#11899=VECTOR('',#15424,1.);
#11900=VECTOR('',#15425,1.);
#11901=VECTOR('',#15426,1.);
#11902=VECTOR('',#15427,1.);
#11903=VECTOR('',#15428,1.);
#11904=VECTOR('',#15431,1.);
#11905=VECTOR('',#15434,1.);
#11906=VECTOR('',#15437,1.);
#11907=VECTOR('',#15440,1.);
#11908=VECTOR('',#15445,1.);
#11909=VECTOR('',#15446,1.);
#11910=VECTOR('',#15447,1.);
#11911=VECTOR('',#15450,1.);
#11912=VECTOR('',#15451,1.);
#11913=VECTOR('',#15452,1.);
#11914=VECTOR('',#15453,1.);
#11915=VECTOR('',#15454,1.);
#11916=VECTOR('',#15457,1.);
#11917=VECTOR('',#15458,1.);
#11918=VECTOR('',#15459,1.);
#11919=VECTOR('',#15460,1.);
#11920=VECTOR('',#15461,1.);
#11921=VECTOR('',#15464,1.);
#11922=VECTOR('',#15467,1.);
#11923=VECTOR('',#15470,1.);
#11924=VECTOR('',#15473,1.);
#11925=VECTOR('',#15478,1.);
#11926=VECTOR('',#15479,1.);
#11927=VECTOR('',#15480,1.);
#11928=VECTOR('',#15483,1.);
#11929=VECTOR('',#15484,1.);
#11930=VECTOR('',#15485,1.);
#11931=VECTOR('',#15486,1.);
#11932=VECTOR('',#15487,1.);
#11933=VECTOR('',#15490,1.);
#11934=VECTOR('',#15491,1.);
#11935=VECTOR('',#15492,1.);
#11936=VECTOR('',#15493,1.);
#11937=VECTOR('',#15494,1.);
#11938=VECTOR('',#15497,1.);
#11939=VECTOR('',#15500,1.);
#11940=VECTOR('',#15503,1.);
#11941=VECTOR('',#15506,1.);
#11942=VECTOR('',#15511,1.);
#11943=VECTOR('',#15512,1.);
#11944=VECTOR('',#15513,1.);
#11945=VECTOR('',#15516,1.);
#11946=VECTOR('',#15517,1.);
#11947=VECTOR('',#15518,1.);
#11948=VECTOR('',#15519,1.);
#11949=VECTOR('',#15520,1.);
#11950=VECTOR('',#15523,1.);
#11951=VECTOR('',#15524,1.);
#11952=VECTOR('',#15525,1.);
#11953=VECTOR('',#15526,1.);
#11954=VECTOR('',#15527,1.);
#11955=VECTOR('',#15530,1.);
#11956=VECTOR('',#15533,1.);
#11957=VECTOR('',#15536,1.);
#11958=VECTOR('',#15539,1.);
#11959=VECTOR('',#15544,1.);
#11960=VECTOR('',#15545,1.);
#11961=VECTOR('',#15546,1.);
#11962=VECTOR('',#15549,1.);
#11963=VECTOR('',#15550,1.);
#11964=VECTOR('',#15551,1.);
#11965=VECTOR('',#15552,1.);
#11966=VECTOR('',#15553,1.);
#11967=VECTOR('',#15556,1.);
#11968=VECTOR('',#15557,1.);
#11969=VECTOR('',#15558,1.);
#11970=VECTOR('',#15559,1.);
#11971=VECTOR('',#15560,1.);
#11972=VECTOR('',#15563,1.);
#11973=VECTOR('',#15566,1.);
#11974=VECTOR('',#15569,1.);
#11975=VECTOR('',#15572,1.);
#11976=VECTOR('',#15577,1.);
#11977=VECTOR('',#15578,1.);
#11978=VECTOR('',#15579,1.);
#11979=VECTOR('',#15582,1.);
#11980=VECTOR('',#15583,1.);
#11981=VECTOR('',#15584,1.);
#11982=VECTOR('',#15585,1.);
#11983=VECTOR('',#15586,1.);
#11984=VECTOR('',#15589,1.);
#11985=VECTOR('',#15590,1.);
#11986=VECTOR('',#15591,1.);
#11987=VECTOR('',#15592,1.);
#11988=VECTOR('',#15593,1.);
#11989=VECTOR('',#15596,1.);
#11990=VECTOR('',#15599,1.);
#11991=VECTOR('',#15602,1.);
#11992=VECTOR('',#15605,1.);
#11993=VECTOR('',#15610,1.);
#11994=VECTOR('',#15611,1.);
#11995=VECTOR('',#15612,1.);
#11996=VECTOR('',#15615,1.);
#11997=VECTOR('',#15616,1.);
#11998=VECTOR('',#15617,1.);
#11999=VECTOR('',#15618,1.);
#12000=VECTOR('',#15619,1.);
#12001=VECTOR('',#15622,1.);
#12002=VECTOR('',#15623,1.);
#12003=VECTOR('',#15624,1.);
#12004=VECTOR('',#15625,1.);
#12005=VECTOR('',#15626,1.);
#12006=VECTOR('',#15629,1.);
#12007=VECTOR('',#15632,1.);
#12008=VECTOR('',#15635,1.);
#12009=VECTOR('',#15638,1.);
#12010=VECTOR('',#15643,1.);
#12011=VECTOR('',#15644,1.);
#12012=VECTOR('',#15645,1.);
#12013=VECTOR('',#15648,1.);
#12014=VECTOR('',#15649,1.);
#12015=VECTOR('',#15650,1.);
#12016=VECTOR('',#15651,1.);
#12017=VECTOR('',#15652,1.);
#12018=VECTOR('',#15655,1.);
#12019=VECTOR('',#15656,1.);
#12020=VECTOR('',#15657,1.);
#12021=VECTOR('',#15658,1.);
#12022=VECTOR('',#15659,1.);
#12023=VECTOR('',#15662,1.);
#12024=VECTOR('',#15665,1.);
#12025=VECTOR('',#15668,1.);
#12026=VECTOR('',#15671,1.);
#12027=VECTOR('',#15676,1.);
#12028=VECTOR('',#15677,1.);
#12029=VECTOR('',#15678,1.);
#12030=VECTOR('',#15681,1.);
#12031=VECTOR('',#15682,1.);
#12032=VECTOR('',#15683,1.);
#12033=VECTOR('',#15684,1.);
#12034=VECTOR('',#15685,1.);
#12035=VECTOR('',#15688,1.);
#12036=VECTOR('',#15689,1.);
#12037=VECTOR('',#15690,1.);
#12038=VECTOR('',#15691,1.);
#12039=VECTOR('',#15692,1.);
#12040=VECTOR('',#15695,1.);
#12041=VECTOR('',#15698,1.);
#12042=VECTOR('',#15701,1.);
#12043=VECTOR('',#15704,1.);
#12044=VECTOR('',#15709,1.);
#12045=VECTOR('',#15710,1.);
#12046=VECTOR('',#15711,1.);
#12047=VECTOR('',#15714,1.);
#12048=VECTOR('',#15715,1.);
#12049=VECTOR('',#15716,1.);
#12050=VECTOR('',#15717,1.);
#12051=VECTOR('',#15718,1.);
#12052=VECTOR('',#15721,1.);
#12053=VECTOR('',#15722,1.);
#12054=VECTOR('',#15723,1.);
#12055=VECTOR('',#15724,1.);
#12056=VECTOR('',#15725,1.);
#12057=VECTOR('',#15728,1.);
#12058=VECTOR('',#15731,1.);
#12059=VECTOR('',#15734,1.);
#12060=VECTOR('',#15737,1.);
#12061=VECTOR('',#15742,1.);
#12062=VECTOR('',#15745,1.);
#12063=VECTOR('',#15748,1.);
#12064=VECTOR('',#15751,1.);
#12065=VECTOR('',#15752,1.);
#12066=VECTOR('',#15755,1.);
#12067=VECTOR('',#15756,1.);
#12068=VECTOR('',#15759,1.);
#12069=VECTOR('',#15762,1.);
#12070=VECTOR('',#15769,1.);
#12071=VECTOR('',#15770,1.);
#12072=VECTOR('',#15773,1.);
#12073=VECTOR('',#15774,1.);
#12074=VECTOR('',#15777,1.);
#12075=VECTOR('',#15778,1.);
#12076=VECTOR('',#15781,1.);
#12077=VECTOR('',#15782,1.);
#12078=VECTOR('',#15785,1.);
#12079=VECTOR('',#15786,1.);
#12080=VECTOR('',#15789,1.);
#12081=VECTOR('',#15790,1.);
#12082=VECTOR('',#15793,1.);
#12083=VECTOR('',#15798,1.);
#12084=VECTOR('',#15799,1.);
#12085=VECTOR('',#15800,1.);
#12086=VECTOR('',#15801,1.);
#12087=VECTOR('',#15802,1.);
#12088=VECTOR('',#15803,1.);
#12089=VECTOR('',#15804,1.);
#12090=VECTOR('',#15807,1.);
#12091=VECTOR('',#15810,1.);
#12092=VECTOR('',#15811,1.);
#12093=VECTOR('',#15814,1.);
#12094=VECTOR('',#15815,1.);
#12095=VECTOR('',#15820,1.);
#12096=VECTOR('',#15823,1.);
#12097=VECTOR('',#15826,1.);
#12098=VECTOR('',#15829,1.);
#12099=VECTOR('',#15832,1.);
#12100=VECTOR('',#15833,1.);
#12101=VECTOR('',#15840,1.);
#12102=VECTOR('',#15843,1.);
#12103=VECTOR('',#15846,1.);
#12104=VECTOR('',#15849,1.);
#12105=VECTOR('',#15854,1.);
#12106=VECTOR('',#15855,1.);
#12107=VECTOR('',#15858,1.);
#12108=VECTOR('',#15859,1.);
#12109=VECTOR('',#15860,1.);
#12110=VECTOR('',#15861,1.);
#12111=VECTOR('',#15862,1.);
#12112=VECTOR('',#15863,1.);
#12113=VECTOR('',#15864,1.);
#12114=VECTOR('',#15865,1.);
#12115=VECTOR('',#15866,1.);
#12116=VECTOR('',#15867,1.);
#12117=VECTOR('',#15868,1.);
#12118=VECTOR('',#15869,1.);
#12119=VECTOR('',#15870,1.);
#12120=VECTOR('',#15871,1.);
#12121=VECTOR('',#15872,1.);
#12122=VECTOR('',#15873,1.);
#12123=VECTOR('',#15874,1.);
#12124=VECTOR('',#15875,1.);
#12125=VECTOR('',#15876,1.);
#12126=VECTOR('',#15879,1.);
#12127=VECTOR('',#15880,1.);
#12128=VECTOR('',#15883,1.);
#12129=VECTOR('',#15884,1.);
#12130=VECTOR('',#15885,1.);
#12131=VECTOR('',#15886,1.);
#12132=VECTOR('',#15887,1.);
#12133=VECTOR('',#15888,1.);
#12134=VECTOR('',#15889,1.);
#12135=VECTOR('',#15890,1.);
#12136=VECTOR('',#15893,1.);
#12137=VECTOR('',#15894,1.);
#12138=VECTOR('',#15895,1.);
#12139=VECTOR('',#15896,1.);
#12140=VECTOR('',#15897,1.);
#12141=VECTOR('',#15898,1.);
#12142=VECTOR('',#15899,1.);
#12143=VECTOR('',#15900,1.);
#12144=VECTOR('',#15901,1.);
#12145=VECTOR('',#15902,1.);
#12146=VECTOR('',#15903,1.);
#12147=VECTOR('',#15906,1.);
#12148=VECTOR('',#15907,1.);
#12149=VECTOR('',#15908,1.);
#12150=VECTOR('',#15911,1.);
#12151=VECTOR('',#15912,1.);
#12152=VECTOR('',#15913,1.);
#12153=VECTOR('',#15914,1.);
#12154=VECTOR('',#15915,1.);
#12155=VECTOR('',#15916,1.);
#12156=VECTOR('',#15919,1.);
#12157=VECTOR('',#15920,1.);
#12158=VECTOR('',#15923,1.);
#12159=VECTOR('',#15924,1.);
#12160=VECTOR('',#15927,1.);
#12161=VECTOR('',#15928,1.);
#12162=VECTOR('',#15929,1.);
#12163=VECTOR('',#15930,1.);
#12164=VECTOR('',#15931,1.);
#12165=VECTOR('',#15932,1.);
#12166=VECTOR('',#15933,1.);
#12167=VECTOR('',#15934,1.);
#12168=VECTOR('',#15935,1.);
#12169=VECTOR('',#15936,1.);
#12170=VECTOR('',#15937,1.);
#12171=VECTOR('',#15940,1.);
#12172=VECTOR('',#15941,1.);
#12173=VECTOR('',#15942,1.);
#12174=VECTOR('',#15945,1.);
#12175=VECTOR('',#15946,1.);
#12176=VECTOR('',#15947,1.);
#12177=VECTOR('',#15950,1.);
#12178=VECTOR('',#15951,1.);
#12179=VECTOR('',#15952,1.);
#12180=VECTOR('',#15953,1.);
#12181=VECTOR('',#15954,1.);
#12182=VECTOR('',#15957,1.);
#12183=VECTOR('',#15958,1.);
#12184=VECTOR('',#15965,1.);
#12185=VECTOR('',#15968,1.);
#12186=VECTOR('',#15973,1.);
#12187=VECTOR('',#15974,1.);
#12188=VECTOR('',#15977,1.);
#12189=VECTOR('',#15982,1.);
#12190=VECTOR('',#15983,1.);
#12191=VECTOR('',#15986,1.);
#12192=VECTOR('',#15987,1.);
#12193=VECTOR('',#15988,1.);
#12194=VECTOR('',#15991,1.);
#12195=VECTOR('',#15994,1.);
#12196=VECTOR('',#15995,1.);
#12197=VECTOR('',#15996,1.);
#12198=VECTOR('',#15999,1.);
#12199=VECTOR('',#16000,1.);
#12200=VECTOR('',#16003,1.);
#12201=VECTOR('',#16004,1.);
#12202=VECTOR('',#16007,1.);
#12203=VECTOR('',#16008,1.);
#12204=VECTOR('',#16011,1.);
#12205=VECTOR('',#16012,1.);
#12206=VECTOR('',#16015,1.);
#12207=VECTOR('',#16018,1.);
#12208=VECTOR('',#16019,1.);
#12209=VECTOR('',#16020,1.);
#12210=VECTOR('',#16023,1.);
#12211=VECTOR('',#16024,1.);
#12212=VECTOR('',#16031,1.);
#12213=VECTOR('',#16032,1.);
#12214=VECTOR('',#16033,1.);
#12215=VECTOR('',#16036,1.);
#12216=VECTOR('',#16037,1.);
#12217=VECTOR('',#16038,1.);
#12218=VECTOR('',#16041,1.);
#12219=VECTOR('',#16044,1.);
#12220=VECTOR('',#16049,1.);
#12221=VECTOR('',#16050,1.);
#12222=VECTOR('',#16051,1.);
#12223=VECTOR('',#16054,1.);
#12224=VECTOR('',#16055,1.);
#12225=VECTOR('',#16058,1.);
#12226=VECTOR('',#16059,1.);
#12227=VECTOR('',#16062,1.);
#12228=VECTOR('',#16063,1.);
#12229=VECTOR('',#16066,1.);
#12230=VECTOR('',#16067,1.);
#12231=VECTOR('',#16070,1.);
#12232=VECTOR('',#16073,1.);
#12233=VECTOR('',#16074,1.);
#12234=VECTOR('',#16075,1.);
#12235=VECTOR('',#16078,1.);
#12236=VECTOR('',#16079,1.);
#12237=VECTOR('',#16086,1.);
#12238=VECTOR('',#16087,1.);
#12239=VECTOR('',#16088,1.);
#12240=VECTOR('',#16091,1.);
#12241=VECTOR('',#16092,1.);
#12242=VECTOR('',#16095,1.);
#12243=VECTOR('',#16096,1.);
#12244=VECTOR('',#16099,1.);
#12245=VECTOR('',#16104,1.);
#12246=VECTOR('',#16105,1.);
#12247=VECTOR('',#16108,1.);
#12248=AXIS2_PLACEMENT_3D('',#16113,#13005,#13006);
#12249=AXIS2_PLACEMENT_3D('',#16130,#13015,#13016);
#12250=AXIS2_PLACEMENT_3D('',#16139,#13021,#13022);
#12251=AXIS2_PLACEMENT_3D('',#16148,#13027,#13028);
#12252=AXIS2_PLACEMENT_3D('',#16357,#13133,#13134);
#12253=AXIS2_PLACEMENT_3D('',#16381,#13147,#13148);
#12254=AXIS2_PLACEMENT_3D('',#16393,#13155,#13156);
#12255=AXIS2_PLACEMENT_3D('',#16409,#13165,#13166);
#12256=AXIS2_PLACEMENT_3D('',#16415,#13170,#13171);
#12257=AXIS2_PLACEMENT_3D('',#16424,#13176,#13177);
#12258=AXIS2_PLACEMENT_3D('',#16430,#13181,#13182);
#12259=AXIS2_PLACEMENT_3D('',#16436,#13186,#13187);
#12260=AXIS2_PLACEMENT_3D('',#16447,#13194,#13195);
#12261=AXIS2_PLACEMENT_3D('',#16463,#13204,#13205);
#12262=AXIS2_PLACEMENT_3D('',#16475,#13212,#13213);
#12263=AXIS2_PLACEMENT_3D('',#16499,#13226,#13227);
#12264=AXIS2_PLACEMENT_3D('',#16505,#13231,#13232);
#12265=AXIS2_PLACEMENT_3D('',#16514,#13237,#13238);
#12266=AXIS2_PLACEMENT_3D('',#16520,#13242,#13243);
#12267=AXIS2_PLACEMENT_3D('',#16526,#13247,#13248);
#12268=AXIS2_PLACEMENT_3D('',#16537,#13255,#13256);
#12269=AXIS2_PLACEMENT_3D('',#16742,#13361,#13362);
#12270=AXIS2_PLACEMENT_3D('',#16921,#13465,#13466);
#12271=AXIS2_PLACEMENT_3D('',#16930,#13471,#13472);
#12272=AXIS2_PLACEMENT_3D('',#16943,#13479,#13480);
#12273=AXIS2_PLACEMENT_3D('',#16952,#13486,#13487);
#12274=AXIS2_PLACEMENT_3D('',#16953,#13488,#13489);
#12275=AXIS2_PLACEMENT_3D('',#16954,#13490,#13491);
#12276=AXIS2_PLACEMENT_3D('',#16960,#13496,#13497);
#12277=AXIS2_PLACEMENT_3D('',#16961,#13498,#13499);
#12278=AXIS2_PLACEMENT_3D('',#16962,#13500,#13501);
#12279=AXIS2_PLACEMENT_3D('',#16963,#13502,#13503);
#12280=AXIS2_PLACEMENT_3D('',#16964,#13504,#13505);
#12281=AXIS2_PLACEMENT_3D('',#16977,#13512,#13513);
#12282=AXIS2_PLACEMENT_3D('',#16985,#13517,#13518);
#12283=AXIS2_PLACEMENT_3D('',#16993,#13522,#13523);
#12284=AXIS2_PLACEMENT_3D('',#17021,#13539,#13540);
#12285=AXIS2_PLACEMENT_3D('',#17027,#13544,#13545);
#12286=AXIS2_PLACEMENT_3D('',#17031,#13548,#13549);
#12287=AXIS2_PLACEMENT_3D('',#17035,#13552,#13553);
#12288=AXIS2_PLACEMENT_3D('',#17037,#13555,#13556);
#12289=AXIS2_PLACEMENT_3D('',#17165,#13634,#13635);
#12290=AXIS2_PLACEMENT_3D('',#17171,#13639,#13640);
#12291=AXIS2_PLACEMENT_3D('',#17366,#13739,#13740);
#12292=AXIS2_PLACEMENT_3D('',#17372,#13744,#13745);
#12293=AXIS2_PLACEMENT_3D('',#17378,#13749,#13750);
#12294=AXIS2_PLACEMENT_3D('',#17384,#13754,#13755);
#12295=AXIS2_PLACEMENT_3D('',#17390,#13759,#13760);
#12296=AXIS2_PLACEMENT_3D('',#17391,#13761,#13762);
#12297=AXIS2_PLACEMENT_3D('',#17392,#13763,#13764);
#12298=AXIS2_PLACEMENT_3D('',#17398,#13768,#13769);
#12299=AXIS2_PLACEMENT_3D('',#17404,#13773,#13774);
#12300=AXIS2_PLACEMENT_3D('',#17405,#13775,#13776);
#12301=AXIS2_PLACEMENT_3D('',#17406,#13777,#13778);
#12302=AXIS2_PLACEMENT_3D('',#17414,#13783,#13784);
#12303=AXIS2_PLACEMENT_3D('',#17420,#13788,#13789);
#12304=AXIS2_PLACEMENT_3D('',#17424,#13793,#13794);
#12305=AXIS2_PLACEMENT_3D('',#17432,#13799,#13800);
#12306=AXIS2_PLACEMENT_3D('',#17436,#13804,#13805);
#12307=AXIS2_PLACEMENT_3D('',#17439,#13808,#13809);
#12308=AXIS2_PLACEMENT_3D('',#17440,#13810,#13811);
#12309=AXIS2_PLACEMENT_3D('',#17443,#13814,#13815);
#12310=AXIS2_PLACEMENT_3D('',#17444,#13816,#13817);
#12311=AXIS2_PLACEMENT_3D('',#17445,#13818,#13819);
#12312=AXIS2_PLACEMENT_3D('',#17446,#13820,#13821);
#12313=AXIS2_PLACEMENT_3D('',#17455,#13826,#13827);
#12314=AXIS2_PLACEMENT_3D('',#17456,#13828,#13829);
#12315=AXIS2_PLACEMENT_3D('',#17460,#13831,#13832);
#12316=AXIS2_PLACEMENT_3D('',#17461,#13833,#13834);
#12317=AXIS2_PLACEMENT_3D('',#17467,#13838,#13839);
#12318=AXIS2_PLACEMENT_3D('',#17469,#13841,#13842);
#12319=AXIS2_PLACEMENT_3D('',#17470,#13843,#13844);
#12320=AXIS2_PLACEMENT_3D('',#17472,#13846,#13847);
#12321=AXIS2_PLACEMENT_3D('',#17473,#13848,#13849);
#12322=AXIS2_PLACEMENT_3D('',#17474,#13850,#13851);
#12323=AXIS2_PLACEMENT_3D('',#17475,#13852,#13853);
#12324=AXIS2_PLACEMENT_3D('',#17476,#13854,#13855);
#12325=AXIS2_PLACEMENT_3D('',#17479,#13857,#13858);
#12326=AXIS2_PLACEMENT_3D('',#17480,#13859,#13860);
#12327=AXIS2_PLACEMENT_3D('',#17483,#13862,#13863);
#12328=AXIS2_PLACEMENT_3D('',#17485,#13865,#13866);
#12329=AXIS2_PLACEMENT_3D('',#17486,#13867,#13868);
#12330=AXIS2_PLACEMENT_3D('',#17492,#13872,#13873);
#12331=AXIS2_PLACEMENT_3D('',#17502,#13879,#13880);
#12332=AXIS2_PLACEMENT_3D('',#17512,#13886,#13887);
#12333=AXIS2_PLACEMENT_3D('',#17514,#13889,#13890);
#12334=AXIS2_PLACEMENT_3D('',#17516,#13892,#13893);
#12335=AXIS2_PLACEMENT_3D('',#17518,#13895,#13896);
#12336=AXIS2_PLACEMENT_3D('',#17520,#13898,#13899);
#12337=AXIS2_PLACEMENT_3D('',#17521,#13900,#13901);
#12338=AXIS2_PLACEMENT_3D('',#17530,#13906,#13907);
#12339=AXIS2_PLACEMENT_3D('',#17531,#13908,#13909);
#12340=AXIS2_PLACEMENT_3D('',#17535,#13911,#13912);
#12341=AXIS2_PLACEMENT_3D('',#17536,#13913,#13914);
#12342=AXIS2_PLACEMENT_3D('',#17542,#13918,#13919);
#12343=AXIS2_PLACEMENT_3D('',#17544,#13921,#13922);
#12344=AXIS2_PLACEMENT_3D('',#17545,#13923,#13924);
#12345=AXIS2_PLACEMENT_3D('',#17547,#13926,#13927);
#12346=AXIS2_PLACEMENT_3D('',#17548,#13928,#13929);
#12347=AXIS2_PLACEMENT_3D('',#17549,#13930,#13931);
#12348=AXIS2_PLACEMENT_3D('',#17550,#13932,#13933);
#12349=AXIS2_PLACEMENT_3D('',#17559,#13938,#13939);
#12350=AXIS2_PLACEMENT_3D('',#17560,#13940,#13941);
#12351=AXIS2_PLACEMENT_3D('',#17564,#13943,#13944);
#12352=AXIS2_PLACEMENT_3D('',#17565,#13945,#13946);
#12353=AXIS2_PLACEMENT_3D('',#17571,#13950,#13951);
#12354=AXIS2_PLACEMENT_3D('',#17573,#13953,#13954);
#12355=AXIS2_PLACEMENT_3D('',#17574,#13955,#13956);
#12356=AXIS2_PLACEMENT_3D('',#17576,#13958,#13959);
#12357=AXIS2_PLACEMENT_3D('',#17577,#13960,#13961);
#12358=AXIS2_PLACEMENT_3D('',#17578,#13962,#13963);
#12359=AXIS2_PLACEMENT_3D('',#17579,#13964,#13965);
#12360=AXIS2_PLACEMENT_3D('',#17588,#13970,#13971);
#12361=AXIS2_PLACEMENT_3D('',#17589,#13972,#13973);
#12362=AXIS2_PLACEMENT_3D('',#17593,#13975,#13976);
#12363=AXIS2_PLACEMENT_3D('',#17594,#13977,#13978);
#12364=AXIS2_PLACEMENT_3D('',#17600,#13982,#13983);
#12365=AXIS2_PLACEMENT_3D('',#17602,#13985,#13986);
#12366=AXIS2_PLACEMENT_3D('',#17603,#13987,#13988);
#12367=AXIS2_PLACEMENT_3D('',#17605,#13990,#13991);
#12368=AXIS2_PLACEMENT_3D('',#17606,#13992,#13993);
#12369=AXIS2_PLACEMENT_3D('',#17607,#13994,#13995);
#12370=AXIS2_PLACEMENT_3D('',#17608,#13996,#13997);
#12371=AXIS2_PLACEMENT_3D('',#17617,#14002,#14003);
#12372=AXIS2_PLACEMENT_3D('',#17618,#14004,#14005);
#12373=AXIS2_PLACEMENT_3D('',#17622,#14007,#14008);
#12374=AXIS2_PLACEMENT_3D('',#17623,#14009,#14010);
#12375=AXIS2_PLACEMENT_3D('',#17629,#14014,#14015);
#12376=AXIS2_PLACEMENT_3D('',#17631,#14017,#14018);
#12377=AXIS2_PLACEMENT_3D('',#17632,#14019,#14020);
#12378=AXIS2_PLACEMENT_3D('',#17634,#14022,#14023);
#12379=AXIS2_PLACEMENT_3D('',#17635,#14024,#14025);
#12380=AXIS2_PLACEMENT_3D('',#17636,#14026,#14027);
#12381=AXIS2_PLACEMENT_3D('',#17637,#14028,#14029);
#12382=AXIS2_PLACEMENT_3D('',#17646,#14034,#14035);
#12383=AXIS2_PLACEMENT_3D('',#17647,#14036,#14037);
#12384=AXIS2_PLACEMENT_3D('',#17651,#14039,#14040);
#12385=AXIS2_PLACEMENT_3D('',#17652,#14041,#14042);
#12386=AXIS2_PLACEMENT_3D('',#17658,#14046,#14047);
#12387=AXIS2_PLACEMENT_3D('',#17660,#14049,#14050);
#12388=AXIS2_PLACEMENT_3D('',#17661,#14051,#14052);
#12389=AXIS2_PLACEMENT_3D('',#17663,#14054,#14055);
#12390=AXIS2_PLACEMENT_3D('',#17664,#14056,#14057);
#12391=AXIS2_PLACEMENT_3D('',#17665,#14058,#14059);
#12392=AXIS2_PLACEMENT_3D('',#17666,#14060,#14061);
#12393=AXIS2_PLACEMENT_3D('',#17675,#14066,#14067);
#12394=AXIS2_PLACEMENT_3D('',#17676,#14068,#14069);
#12395=AXIS2_PLACEMENT_3D('',#17680,#14071,#14072);
#12396=AXIS2_PLACEMENT_3D('',#17681,#14073,#14074);
#12397=AXIS2_PLACEMENT_3D('',#17687,#14078,#14079);
#12398=AXIS2_PLACEMENT_3D('',#17689,#14081,#14082);
#12399=AXIS2_PLACEMENT_3D('',#17690,#14083,#14084);
#12400=AXIS2_PLACEMENT_3D('',#17692,#14086,#14087);
#12401=AXIS2_PLACEMENT_3D('',#17693,#14088,#14089);
#12402=AXIS2_PLACEMENT_3D('',#17694,#14090,#14091);
#12403=AXIS2_PLACEMENT_3D('',#17695,#14092,#14093);
#12404=AXIS2_PLACEMENT_3D('',#17704,#14098,#14099);
#12405=AXIS2_PLACEMENT_3D('',#17705,#14100,#14101);
#12406=AXIS2_PLACEMENT_3D('',#17709,#14103,#14104);
#12407=AXIS2_PLACEMENT_3D('',#17710,#14105,#14106);
#12408=AXIS2_PLACEMENT_3D('',#17716,#14110,#14111);
#12409=AXIS2_PLACEMENT_3D('',#17718,#14113,#14114);
#12410=AXIS2_PLACEMENT_3D('',#17719,#14115,#14116);
#12411=AXIS2_PLACEMENT_3D('',#17721,#14118,#14119);
#12412=AXIS2_PLACEMENT_3D('',#17722,#14120,#14121);
#12413=AXIS2_PLACEMENT_3D('',#17723,#14122,#14123);
#12414=AXIS2_PLACEMENT_3D('',#17724,#14124,#14125);
#12415=AXIS2_PLACEMENT_3D('',#17733,#14130,#14131);
#12416=AXIS2_PLACEMENT_3D('',#17734,#14132,#14133);
#12417=AXIS2_PLACEMENT_3D('',#17738,#14135,#14136);
#12418=AXIS2_PLACEMENT_3D('',#17739,#14137,#14138);
#12419=AXIS2_PLACEMENT_3D('',#17745,#14142,#14143);
#12420=AXIS2_PLACEMENT_3D('',#17747,#14145,#14146);
#12421=AXIS2_PLACEMENT_3D('',#17748,#14147,#14148);
#12422=AXIS2_PLACEMENT_3D('',#17750,#14150,#14151);
#12423=AXIS2_PLACEMENT_3D('',#17751,#14152,#14153);
#12424=AXIS2_PLACEMENT_3D('',#17752,#14154,#14155);
#12425=AXIS2_PLACEMENT_3D('',#17753,#14156,#14157);
#12426=AXIS2_PLACEMENT_3D('',#17762,#14162,#14163);
#12427=AXIS2_PLACEMENT_3D('',#17763,#14164,#14165);
#12428=AXIS2_PLACEMENT_3D('',#17767,#14167,#14168);
#12429=AXIS2_PLACEMENT_3D('',#17768,#14169,#14170);
#12430=AXIS2_PLACEMENT_3D('',#17774,#14174,#14175);
#12431=AXIS2_PLACEMENT_3D('',#17776,#14177,#14178);
#12432=AXIS2_PLACEMENT_3D('',#17777,#14179,#14180);
#12433=AXIS2_PLACEMENT_3D('',#17779,#14182,#14183);
#12434=AXIS2_PLACEMENT_3D('',#17780,#14184,#14185);
#12435=AXIS2_PLACEMENT_3D('',#17781,#14186,#14187);
#12436=AXIS2_PLACEMENT_3D('',#17782,#14188,#14189);
#12437=AXIS2_PLACEMENT_3D('',#17791,#14194,#14195);
#12438=AXIS2_PLACEMENT_3D('',#17792,#14196,#14197);
#12439=AXIS2_PLACEMENT_3D('',#17796,#14199,#14200);
#12440=AXIS2_PLACEMENT_3D('',#17797,#14201,#14202);
#12441=AXIS2_PLACEMENT_3D('',#17803,#14206,#14207);
#12442=AXIS2_PLACEMENT_3D('',#17805,#14209,#14210);
#12443=AXIS2_PLACEMENT_3D('',#17806,#14211,#14212);
#12444=AXIS2_PLACEMENT_3D('',#17808,#14214,#14215);
#12445=AXIS2_PLACEMENT_3D('',#17809,#14216,#14217);
#12446=AXIS2_PLACEMENT_3D('',#17810,#14218,#14219);
#12447=AXIS2_PLACEMENT_3D('',#17811,#14220,#14221);
#12448=AXIS2_PLACEMENT_3D('',#17820,#14226,#14227);
#12449=AXIS2_PLACEMENT_3D('',#17821,#14228,#14229);
#12450=AXIS2_PLACEMENT_3D('',#17825,#14231,#14232);
#12451=AXIS2_PLACEMENT_3D('',#17826,#14233,#14234);
#12452=AXIS2_PLACEMENT_3D('',#17832,#14238,#14239);
#12453=AXIS2_PLACEMENT_3D('',#17834,#14241,#14242);
#12454=AXIS2_PLACEMENT_3D('',#17835,#14243,#14244);
#12455=AXIS2_PLACEMENT_3D('',#17837,#14246,#14247);
#12456=AXIS2_PLACEMENT_3D('',#17838,#14248,#14249);
#12457=AXIS2_PLACEMENT_3D('',#17839,#14250,#14251);
#12458=AXIS2_PLACEMENT_3D('',#17840,#14252,#14253);
#12459=AXIS2_PLACEMENT_3D('',#17849,#14258,#14259);
#12460=AXIS2_PLACEMENT_3D('',#17850,#14260,#14261);
#12461=AXIS2_PLACEMENT_3D('',#17854,#14263,#14264);
#12462=AXIS2_PLACEMENT_3D('',#17855,#14265,#14266);
#12463=AXIS2_PLACEMENT_3D('',#17861,#14270,#14271);
#12464=AXIS2_PLACEMENT_3D('',#17863,#14273,#14274);
#12465=AXIS2_PLACEMENT_3D('',#17864,#14275,#14276);
#12466=AXIS2_PLACEMENT_3D('',#17866,#14278,#14279);
#12467=AXIS2_PLACEMENT_3D('',#17867,#14280,#14281);
#12468=AXIS2_PLACEMENT_3D('',#17868,#14282,#14283);
#12469=AXIS2_PLACEMENT_3D('',#17869,#14284,#14285);
#12470=AXIS2_PLACEMENT_3D('',#17878,#14290,#14291);
#12471=AXIS2_PLACEMENT_3D('',#17879,#14292,#14293);
#12472=AXIS2_PLACEMENT_3D('',#17883,#14295,#14296);
#12473=AXIS2_PLACEMENT_3D('',#17884,#14297,#14298);
#12474=AXIS2_PLACEMENT_3D('',#17890,#14302,#14303);
#12475=AXIS2_PLACEMENT_3D('',#17892,#14305,#14306);
#12476=AXIS2_PLACEMENT_3D('',#17893,#14307,#14308);
#12477=AXIS2_PLACEMENT_3D('',#17895,#14310,#14311);
#12478=AXIS2_PLACEMENT_3D('',#17896,#14312,#14313);
#12479=AXIS2_PLACEMENT_3D('',#17897,#14314,#14315);
#12480=AXIS2_PLACEMENT_3D('',#17898,#14316,#14317);
#12481=AXIS2_PLACEMENT_3D('',#17907,#14322,#14323);
#12482=AXIS2_PLACEMENT_3D('',#17908,#14324,#14325);
#12483=AXIS2_PLACEMENT_3D('',#17912,#14327,#14328);
#12484=AXIS2_PLACEMENT_3D('',#17913,#14329,#14330);
#12485=AXIS2_PLACEMENT_3D('',#17919,#14334,#14335);
#12486=AXIS2_PLACEMENT_3D('',#17921,#14337,#14338);
#12487=AXIS2_PLACEMENT_3D('',#17922,#14339,#14340);
#12488=AXIS2_PLACEMENT_3D('',#17924,#14342,#14343);
#12489=AXIS2_PLACEMENT_3D('',#17925,#14344,#14345);
#12490=AXIS2_PLACEMENT_3D('',#17926,#14346,#14347);
#12491=AXIS2_PLACEMENT_3D('',#17927,#14348,#14349);
#12492=AXIS2_PLACEMENT_3D('',#17936,#14354,#14355);
#12493=AXIS2_PLACEMENT_3D('',#17937,#14356,#14357);
#12494=AXIS2_PLACEMENT_3D('',#17941,#14359,#14360);
#12495=AXIS2_PLACEMENT_3D('',#17942,#14361,#14362);
#12496=AXIS2_PLACEMENT_3D('',#17948,#14366,#14367);
#12497=AXIS2_PLACEMENT_3D('',#17950,#14369,#14370);
#12498=AXIS2_PLACEMENT_3D('',#17951,#14371,#14372);
#12499=AXIS2_PLACEMENT_3D('',#17953,#14374,#14375);
#12500=AXIS2_PLACEMENT_3D('',#17954,#14376,#14377);
#12501=AXIS2_PLACEMENT_3D('',#17955,#14378,#14379);
#12502=AXIS2_PLACEMENT_3D('',#17956,#14380,#14381);
#12503=AXIS2_PLACEMENT_3D('',#17965,#14386,#14387);
#12504=AXIS2_PLACEMENT_3D('',#17966,#14388,#14389);
#12505=AXIS2_PLACEMENT_3D('',#17970,#14391,#14392);
#12506=AXIS2_PLACEMENT_3D('',#17971,#14393,#14394);
#12507=AXIS2_PLACEMENT_3D('',#17977,#14398,#14399);
#12508=AXIS2_PLACEMENT_3D('',#17979,#14401,#14402);
#12509=AXIS2_PLACEMENT_3D('',#17980,#14403,#14404);
#12510=AXIS2_PLACEMENT_3D('',#17982,#14406,#14407);
#12511=AXIS2_PLACEMENT_3D('',#17983,#14408,#14409);
#12512=AXIS2_PLACEMENT_3D('',#17984,#14410,#14411);
#12513=AXIS2_PLACEMENT_3D('',#17985,#14412,#14413);
#12514=AXIS2_PLACEMENT_3D('',#17994,#14418,#14419);
#12515=AXIS2_PLACEMENT_3D('',#17995,#14420,#14421);
#12516=AXIS2_PLACEMENT_3D('',#17999,#14423,#14424);
#12517=AXIS2_PLACEMENT_3D('',#18000,#14425,#14426);
#12518=AXIS2_PLACEMENT_3D('',#18006,#14430,#14431);
#12519=AXIS2_PLACEMENT_3D('',#18008,#14433,#14434);
#12520=AXIS2_PLACEMENT_3D('',#18009,#14435,#14436);
#12521=AXIS2_PLACEMENT_3D('',#18011,#14438,#14439);
#12522=AXIS2_PLACEMENT_3D('',#18012,#14440,#14441);
#12523=AXIS2_PLACEMENT_3D('',#18013,#14442,#14443);
#12524=AXIS2_PLACEMENT_3D('',#18014,#14444,#14445);
#12525=AXIS2_PLACEMENT_3D('',#18023,#14450,#14451);
#12526=AXIS2_PLACEMENT_3D('',#18024,#14452,#14453);
#12527=AXIS2_PLACEMENT_3D('',#18028,#14455,#14456);
#12528=AXIS2_PLACEMENT_3D('',#18029,#14457,#14458);
#12529=AXIS2_PLACEMENT_3D('',#18035,#14462,#14463);
#12530=AXIS2_PLACEMENT_3D('',#18037,#14465,#14466);
#12531=AXIS2_PLACEMENT_3D('',#18038,#14467,#14468);
#12532=AXIS2_PLACEMENT_3D('',#18040,#14470,#14471);
#12533=AXIS2_PLACEMENT_3D('',#18041,#14472,#14473);
#12534=AXIS2_PLACEMENT_3D('',#18042,#14474,#14475);
#12535=AXIS2_PLACEMENT_3D('',#18043,#14476,#14477);
#12536=AXIS2_PLACEMENT_3D('',#18052,#14482,#14483);
#12537=AXIS2_PLACEMENT_3D('',#18053,#14484,#14485);
#12538=AXIS2_PLACEMENT_3D('',#18057,#14487,#14488);
#12539=AXIS2_PLACEMENT_3D('',#18058,#14489,#14490);
#12540=AXIS2_PLACEMENT_3D('',#18064,#14494,#14495);
#12541=AXIS2_PLACEMENT_3D('',#18066,#14497,#14498);
#12542=AXIS2_PLACEMENT_3D('',#18067,#14499,#14500);
#12543=AXIS2_PLACEMENT_3D('',#18069,#14502,#14503);
#12544=AXIS2_PLACEMENT_3D('',#18070,#14504,#14505);
#12545=AXIS2_PLACEMENT_3D('',#18071,#14506,#14507);
#12546=AXIS2_PLACEMENT_3D('',#18072,#14508,#14509);
#12547=AXIS2_PLACEMENT_3D('',#18081,#14514,#14515);
#12548=AXIS2_PLACEMENT_3D('',#18082,#14516,#14517);
#12549=AXIS2_PLACEMENT_3D('',#18086,#14519,#14520);
#12550=AXIS2_PLACEMENT_3D('',#18087,#14521,#14522);
#12551=AXIS2_PLACEMENT_3D('',#18093,#14526,#14527);
#12552=AXIS2_PLACEMENT_3D('',#18095,#14529,#14530);
#12553=AXIS2_PLACEMENT_3D('',#18096,#14531,#14532);
#12554=AXIS2_PLACEMENT_3D('',#18098,#14534,#14535);
#12555=AXIS2_PLACEMENT_3D('',#18099,#14536,#14537);
#12556=AXIS2_PLACEMENT_3D('',#18100,#14538,#14539);
#12557=AXIS2_PLACEMENT_3D('',#18101,#14540,#14541);
#12558=AXIS2_PLACEMENT_3D('',#18110,#14546,#14547);
#12559=AXIS2_PLACEMENT_3D('',#18111,#14548,#14549);
#12560=AXIS2_PLACEMENT_3D('',#18115,#14551,#14552);
#12561=AXIS2_PLACEMENT_3D('',#18116,#14553,#14554);
#12562=AXIS2_PLACEMENT_3D('',#18122,#14558,#14559);
#12563=AXIS2_PLACEMENT_3D('',#18124,#14561,#14562);
#12564=AXIS2_PLACEMENT_3D('',#18125,#14563,#14564);
#12565=AXIS2_PLACEMENT_3D('',#18127,#14566,#14567);
#12566=AXIS2_PLACEMENT_3D('',#18128,#14568,#14569);
#12567=AXIS2_PLACEMENT_3D('',#18129,#14570,#14571);
#12568=AXIS2_PLACEMENT_3D('',#18130,#14572,#14573);
#12569=AXIS2_PLACEMENT_3D('',#18139,#14578,#14579);
#12570=AXIS2_PLACEMENT_3D('',#18140,#14580,#14581);
#12571=AXIS2_PLACEMENT_3D('',#18144,#14583,#14584);
#12572=AXIS2_PLACEMENT_3D('',#18145,#14585,#14586);
#12573=AXIS2_PLACEMENT_3D('',#18151,#14590,#14591);
#12574=AXIS2_PLACEMENT_3D('',#18153,#14593,#14594);
#12575=AXIS2_PLACEMENT_3D('',#18154,#14595,#14596);
#12576=AXIS2_PLACEMENT_3D('',#18156,#14598,#14599);
#12577=AXIS2_PLACEMENT_3D('',#18157,#14600,#14601);
#12578=AXIS2_PLACEMENT_3D('',#18158,#14602,#14603);
#12579=AXIS2_PLACEMENT_3D('',#18159,#14604,#14605);
#12580=AXIS2_PLACEMENT_3D('',#18168,#14610,#14611);
#12581=AXIS2_PLACEMENT_3D('',#18169,#14612,#14613);
#12582=AXIS2_PLACEMENT_3D('',#18173,#14615,#14616);
#12583=AXIS2_PLACEMENT_3D('',#18174,#14617,#14618);
#12584=AXIS2_PLACEMENT_3D('',#18180,#14622,#14623);
#12585=AXIS2_PLACEMENT_3D('',#18182,#14625,#14626);
#12586=AXIS2_PLACEMENT_3D('',#18183,#14627,#14628);
#12587=AXIS2_PLACEMENT_3D('',#18185,#14630,#14631);
#12588=AXIS2_PLACEMENT_3D('',#18186,#14632,#14633);
#12589=AXIS2_PLACEMENT_3D('',#18187,#14634,#14635);
#12590=AXIS2_PLACEMENT_3D('',#18188,#14636,#14637);
#12591=AXIS2_PLACEMENT_3D('',#18189,#14638,#14639);
#12592=AXIS2_PLACEMENT_3D('',#18192,#14641,#14642);
#12593=AXIS2_PLACEMENT_3D('',#18193,#14643,#14644);
#12594=AXIS2_PLACEMENT_3D('',#18196,#14646,#14647);
#12595=AXIS2_PLACEMENT_3D('',#18198,#14649,#14650);
#12596=AXIS2_PLACEMENT_3D('',#18199,#14651,#14652);
#12597=AXIS2_PLACEMENT_3D('',#18200,#14653,#14654);
#12598=AXIS2_PLACEMENT_3D('',#18203,#14656,#14657);
#12599=AXIS2_PLACEMENT_3D('',#18204,#14658,#14659);
#12600=AXIS2_PLACEMENT_3D('',#18207,#14661,#14662);
#12601=AXIS2_PLACEMENT_3D('',#18209,#14664,#14665);
#12602=AXIS2_PLACEMENT_3D('',#18210,#14666,#14667);
#12603=AXIS2_PLACEMENT_3D('',#18211,#14668,#14669);
#12604=AXIS2_PLACEMENT_3D('',#18214,#14671,#14672);
#12605=AXIS2_PLACEMENT_3D('',#18215,#14673,#14674);
#12606=AXIS2_PLACEMENT_3D('',#18218,#14676,#14677);
#12607=AXIS2_PLACEMENT_3D('',#18220,#14679,#14680);
#12608=AXIS2_PLACEMENT_3D('',#18221,#14681,#14682);
#12609=AXIS2_PLACEMENT_3D('',#18222,#14683,#14684);
#12610=AXIS2_PLACEMENT_3D('',#18225,#14686,#14687);
#12611=AXIS2_PLACEMENT_3D('',#18226,#14688,#14689);
#12612=AXIS2_PLACEMENT_3D('',#18229,#14691,#14692);
#12613=AXIS2_PLACEMENT_3D('',#18231,#14694,#14695);
#12614=AXIS2_PLACEMENT_3D('',#18232,#14696,#14697);
#12615=AXIS2_PLACEMENT_3D('',#18233,#14698,#14699);
#12616=AXIS2_PLACEMENT_3D('',#18236,#14701,#14702);
#12617=AXIS2_PLACEMENT_3D('',#18237,#14703,#14704);
#12618=AXIS2_PLACEMENT_3D('',#18240,#14706,#14707);
#12619=AXIS2_PLACEMENT_3D('',#18242,#14709,#14710);
#12620=AXIS2_PLACEMENT_3D('',#18243,#14711,#14712);
#12621=AXIS2_PLACEMENT_3D('',#18244,#14713,#14714);
#12622=AXIS2_PLACEMENT_3D('',#18247,#14716,#14717);
#12623=AXIS2_PLACEMENT_3D('',#18248,#14718,#14719);
#12624=AXIS2_PLACEMENT_3D('',#18251,#14721,#14722);
#12625=AXIS2_PLACEMENT_3D('',#18253,#14724,#14725);
#12626=AXIS2_PLACEMENT_3D('',#18254,#14726,#14727);
#12627=AXIS2_PLACEMENT_3D('',#18255,#14728,#14729);
#12628=AXIS2_PLACEMENT_3D('',#18258,#14731,#14732);
#12629=AXIS2_PLACEMENT_3D('',#18259,#14733,#14734);
#12630=AXIS2_PLACEMENT_3D('',#18262,#14736,#14737);
#12631=AXIS2_PLACEMENT_3D('',#18264,#14739,#14740);
#12632=AXIS2_PLACEMENT_3D('',#18265,#14741,#14742);
#12633=AXIS2_PLACEMENT_3D('',#18266,#14743,#14744);
#12634=AXIS2_PLACEMENT_3D('',#18269,#14746,#14747);
#12635=AXIS2_PLACEMENT_3D('',#18270,#14748,#14749);
#12636=AXIS2_PLACEMENT_3D('',#18273,#14751,#14752);
#12637=AXIS2_PLACEMENT_3D('',#18275,#14754,#14755);
#12638=AXIS2_PLACEMENT_3D('',#18276,#14756,#14757);
#12639=AXIS2_PLACEMENT_3D('',#18277,#14758,#14759);
#12640=AXIS2_PLACEMENT_3D('',#18280,#14761,#14762);
#12641=AXIS2_PLACEMENT_3D('',#18281,#14763,#14764);
#12642=AXIS2_PLACEMENT_3D('',#18284,#14766,#14767);
#12643=AXIS2_PLACEMENT_3D('',#18286,#14769,#14770);
#12644=AXIS2_PLACEMENT_3D('',#18287,#14771,#14772);
#12645=AXIS2_PLACEMENT_3D('',#18288,#14773,#14774);
#12646=AXIS2_PLACEMENT_3D('',#18291,#14776,#14777);
#12647=AXIS2_PLACEMENT_3D('',#18292,#14778,#14779);
#12648=AXIS2_PLACEMENT_3D('',#18295,#14781,#14782);
#12649=AXIS2_PLACEMENT_3D('',#18297,#14784,#14785);
#12650=AXIS2_PLACEMENT_3D('',#18298,#14786,#14787);
#12651=AXIS2_PLACEMENT_3D('',#18299,#14788,#14789);
#12652=AXIS2_PLACEMENT_3D('',#18302,#14791,#14792);
#12653=AXIS2_PLACEMENT_3D('',#18303,#14793,#14794);
#12654=AXIS2_PLACEMENT_3D('',#18306,#14796,#14797);
#12655=AXIS2_PLACEMENT_3D('',#18308,#14799,#14800);
#12656=AXIS2_PLACEMENT_3D('',#18309,#14801,#14802);
#12657=AXIS2_PLACEMENT_3D('',#18310,#14803,#14804);
#12658=AXIS2_PLACEMENT_3D('',#18313,#14806,#14807);
#12659=AXIS2_PLACEMENT_3D('',#18314,#14808,#14809);
#12660=AXIS2_PLACEMENT_3D('',#18317,#14811,#14812);
#12661=AXIS2_PLACEMENT_3D('',#18319,#14814,#14815);
#12662=AXIS2_PLACEMENT_3D('',#18320,#14816,#14817);
#12663=AXIS2_PLACEMENT_3D('',#18321,#14818,#14819);
#12664=AXIS2_PLACEMENT_3D('',#18324,#14821,#14822);
#12665=AXIS2_PLACEMENT_3D('',#18325,#14823,#14824);
#12666=AXIS2_PLACEMENT_3D('',#18328,#14826,#14827);
#12667=AXIS2_PLACEMENT_3D('',#18330,#14829,#14830);
#12668=AXIS2_PLACEMENT_3D('',#18331,#14831,#14832);
#12669=AXIS2_PLACEMENT_3D('',#18332,#14833,#14834);
#12670=AXIS2_PLACEMENT_3D('',#18335,#14836,#14837);
#12671=AXIS2_PLACEMENT_3D('',#18336,#14838,#14839);
#12672=AXIS2_PLACEMENT_3D('',#18339,#14841,#14842);
#12673=AXIS2_PLACEMENT_3D('',#18341,#14844,#14845);
#12674=AXIS2_PLACEMENT_3D('',#18342,#14846,#14847);
#12675=AXIS2_PLACEMENT_3D('',#18343,#14848,#14849);
#12676=AXIS2_PLACEMENT_3D('',#18346,#14851,#14852);
#12677=AXIS2_PLACEMENT_3D('',#18347,#14853,#14854);
#12678=AXIS2_PLACEMENT_3D('',#18350,#14856,#14857);
#12679=AXIS2_PLACEMENT_3D('',#18352,#14859,#14860);
#12680=AXIS2_PLACEMENT_3D('',#18353,#14861,#14862);
#12681=AXIS2_PLACEMENT_3D('',#18354,#14863,#14864);
#12682=AXIS2_PLACEMENT_3D('',#18357,#14866,#14867);
#12683=AXIS2_PLACEMENT_3D('',#18358,#14868,#14869);
#12684=AXIS2_PLACEMENT_3D('',#18361,#14871,#14872);
#12685=AXIS2_PLACEMENT_3D('',#18363,#14874,#14875);
#12686=AXIS2_PLACEMENT_3D('',#18364,#14876,#14877);
#12687=AXIS2_PLACEMENT_3D('',#18365,#14878,#14879);
#12688=AXIS2_PLACEMENT_3D('',#18368,#14881,#14882);
#12689=AXIS2_PLACEMENT_3D('',#18369,#14883,#14884);
#12690=AXIS2_PLACEMENT_3D('',#18372,#14886,#14887);
#12691=AXIS2_PLACEMENT_3D('',#18374,#14889,#14890);
#12692=AXIS2_PLACEMENT_3D('',#18375,#14891,#14892);
#12693=AXIS2_PLACEMENT_3D('',#18376,#14893,#14894);
#12694=AXIS2_PLACEMENT_3D('',#18379,#14896,#14897);
#12695=AXIS2_PLACEMENT_3D('',#18380,#14898,#14899);
#12696=AXIS2_PLACEMENT_3D('',#18383,#14901,#14902);
#12697=AXIS2_PLACEMENT_3D('',#18385,#14904,#14905);
#12698=AXIS2_PLACEMENT_3D('',#18386,#14906,#14907);
#12699=AXIS2_PLACEMENT_3D('',#18387,#14908,#14909);
#12700=AXIS2_PLACEMENT_3D('',#18390,#14911,#14912);
#12701=AXIS2_PLACEMENT_3D('',#18391,#14913,#14914);
#12702=AXIS2_PLACEMENT_3D('',#18394,#14916,#14917);
#12703=AXIS2_PLACEMENT_3D('',#18396,#14919,#14920);
#12704=AXIS2_PLACEMENT_3D('',#18397,#14921,#14922);
#12705=AXIS2_PLACEMENT_3D('',#18398,#14923,#14924);
#12706=AXIS2_PLACEMENT_3D('',#18401,#14926,#14927);
#12707=AXIS2_PLACEMENT_3D('',#18402,#14928,#14929);
#12708=AXIS2_PLACEMENT_3D('',#18405,#14931,#14932);
#12709=AXIS2_PLACEMENT_3D('',#18407,#14934,#14935);
#12710=AXIS2_PLACEMENT_3D('',#18408,#14936,#14937);
#12711=AXIS2_PLACEMENT_3D('',#18409,#14938,#14939);
#12712=AXIS2_PLACEMENT_3D('',#18412,#14941,#14942);
#12713=AXIS2_PLACEMENT_3D('',#18413,#14943,#14944);
#12714=AXIS2_PLACEMENT_3D('',#18416,#14946,#14947);
#12715=AXIS2_PLACEMENT_3D('',#18418,#14949,#14950);
#12716=AXIS2_PLACEMENT_3D('',#18419,#14951,#14952);
#12717=AXIS2_PLACEMENT_3D('',#18420,#14953,#14954);
#12718=AXIS2_PLACEMENT_3D('',#18423,#14956,#14957);
#12719=AXIS2_PLACEMENT_3D('',#18424,#14958,#14959);
#12720=AXIS2_PLACEMENT_3D('',#18427,#14961,#14962);
#12721=AXIS2_PLACEMENT_3D('',#18429,#14964,#14965);
#12722=AXIS2_PLACEMENT_3D('',#18430,#14966,#14967);
#12723=AXIS2_PLACEMENT_3D('',#18431,#14968,#14969);
#12724=AXIS2_PLACEMENT_3D('',#18434,#14971,#14972);
#12725=AXIS2_PLACEMENT_3D('',#18435,#14973,#14974);
#12726=AXIS2_PLACEMENT_3D('',#18438,#14976,#14977);
#12727=AXIS2_PLACEMENT_3D('',#18440,#14979,#14980);
#12728=AXIS2_PLACEMENT_3D('',#18441,#14981,#14982);
#12729=AXIS2_PLACEMENT_3D('',#18447,#14986,#14987);
#12730=AXIS2_PLACEMENT_3D('',#18457,#14993,#14994);
#12731=AXIS2_PLACEMENT_3D('',#18467,#15000,#15001);
#12732=AXIS2_PLACEMENT_3D('',#18469,#15003,#15004);
#12733=AXIS2_PLACEMENT_3D('',#18471,#15006,#15007);
#12734=AXIS2_PLACEMENT_3D('',#18473,#15009,#15010);
#12735=AXIS2_PLACEMENT_3D('',#18475,#15012,#15013);
#12736=AXIS2_PLACEMENT_3D('',#18476,#15014,#15015);
#12737=AXIS2_PLACEMENT_3D('',#18482,#15019,#15020);
#12738=AXIS2_PLACEMENT_3D('',#18492,#15026,#15027);
#12739=AXIS2_PLACEMENT_3D('',#18502,#15033,#15034);
#12740=AXIS2_PLACEMENT_3D('',#18504,#15036,#15037);
#12741=AXIS2_PLACEMENT_3D('',#18506,#15039,#15040);
#12742=AXIS2_PLACEMENT_3D('',#18508,#15042,#15043);
#12743=AXIS2_PLACEMENT_3D('',#18510,#15045,#15046);
#12744=AXIS2_PLACEMENT_3D('',#18511,#15047,#15048);
#12745=AXIS2_PLACEMENT_3D('',#18517,#15052,#15053);
#12746=AXIS2_PLACEMENT_3D('',#18527,#15059,#15060);
#12747=AXIS2_PLACEMENT_3D('',#18537,#15066,#15067);
#12748=AXIS2_PLACEMENT_3D('',#18539,#15069,#15070);
#12749=AXIS2_PLACEMENT_3D('',#18541,#15072,#15073);
#12750=AXIS2_PLACEMENT_3D('',#18543,#15075,#15076);
#12751=AXIS2_PLACEMENT_3D('',#18545,#15078,#15079);
#12752=AXIS2_PLACEMENT_3D('',#18546,#15080,#15081);
#12753=AXIS2_PLACEMENT_3D('',#18552,#15085,#15086);
#12754=AXIS2_PLACEMENT_3D('',#18562,#15092,#15093);
#12755=AXIS2_PLACEMENT_3D('',#18572,#15099,#15100);
#12756=AXIS2_PLACEMENT_3D('',#18574,#15102,#15103);
#12757=AXIS2_PLACEMENT_3D('',#18576,#15105,#15106);
#12758=AXIS2_PLACEMENT_3D('',#18578,#15108,#15109);
#12759=AXIS2_PLACEMENT_3D('',#18580,#15111,#15112);
#12760=AXIS2_PLACEMENT_3D('',#18581,#15113,#15114);
#12761=AXIS2_PLACEMENT_3D('',#18587,#15118,#15119);
#12762=AXIS2_PLACEMENT_3D('',#18597,#15125,#15126);
#12763=AXIS2_PLACEMENT_3D('',#18607,#15132,#15133);
#12764=AXIS2_PLACEMENT_3D('',#18609,#15135,#15136);
#12765=AXIS2_PLACEMENT_3D('',#18611,#15138,#15139);
#12766=AXIS2_PLACEMENT_3D('',#18613,#15141,#15142);
#12767=AXIS2_PLACEMENT_3D('',#18615,#15144,#15145);
#12768=AXIS2_PLACEMENT_3D('',#18616,#15146,#15147);
#12769=AXIS2_PLACEMENT_3D('',#18622,#15151,#15152);
#12770=AXIS2_PLACEMENT_3D('',#18632,#15158,#15159);
#12771=AXIS2_PLACEMENT_3D('',#18642,#15165,#15166);
#12772=AXIS2_PLACEMENT_3D('',#18644,#15168,#15169);
#12773=AXIS2_PLACEMENT_3D('',#18646,#15171,#15172);
#12774=AXIS2_PLACEMENT_3D('',#18648,#15174,#15175);
#12775=AXIS2_PLACEMENT_3D('',#18650,#15177,#15178);
#12776=AXIS2_PLACEMENT_3D('',#18651,#15179,#15180);
#12777=AXIS2_PLACEMENT_3D('',#18657,#15184,#15185);
#12778=AXIS2_PLACEMENT_3D('',#18667,#15191,#15192);
#12779=AXIS2_PLACEMENT_3D('',#18677,#15198,#15199);
#12780=AXIS2_PLACEMENT_3D('',#18679,#15201,#15202);
#12781=AXIS2_PLACEMENT_3D('',#18681,#15204,#15205);
#12782=AXIS2_PLACEMENT_3D('',#18683,#15207,#15208);
#12783=AXIS2_PLACEMENT_3D('',#18685,#15210,#15211);
#12784=AXIS2_PLACEMENT_3D('',#18686,#15212,#15213);
#12785=AXIS2_PLACEMENT_3D('',#18692,#15217,#15218);
#12786=AXIS2_PLACEMENT_3D('',#18702,#15224,#15225);
#12787=AXIS2_PLACEMENT_3D('',#18712,#15231,#15232);
#12788=AXIS2_PLACEMENT_3D('',#18714,#15234,#15235);
#12789=AXIS2_PLACEMENT_3D('',#18716,#15237,#15238);
#12790=AXIS2_PLACEMENT_3D('',#18718,#15240,#15241);
#12791=AXIS2_PLACEMENT_3D('',#18720,#15243,#15244);
#12792=AXIS2_PLACEMENT_3D('',#18721,#15245,#15246);
#12793=AXIS2_PLACEMENT_3D('',#18727,#15250,#15251);
#12794=AXIS2_PLACEMENT_3D('',#18737,#15257,#15258);
#12795=AXIS2_PLACEMENT_3D('',#18747,#15264,#15265);
#12796=AXIS2_PLACEMENT_3D('',#18749,#15267,#15268);
#12797=AXIS2_PLACEMENT_3D('',#18751,#15270,#15271);
#12798=AXIS2_PLACEMENT_3D('',#18753,#15273,#15274);
#12799=AXIS2_PLACEMENT_3D('',#18755,#15276,#15277);
#12800=AXIS2_PLACEMENT_3D('',#18756,#15278,#15279);
#12801=AXIS2_PLACEMENT_3D('',#18762,#15283,#15284);
#12802=AXIS2_PLACEMENT_3D('',#18772,#15290,#15291);
#12803=AXIS2_PLACEMENT_3D('',#18782,#15297,#15298);
#12804=AXIS2_PLACEMENT_3D('',#18784,#15300,#15301);
#12805=AXIS2_PLACEMENT_3D('',#18786,#15303,#15304);
#12806=AXIS2_PLACEMENT_3D('',#18788,#15306,#15307);
#12807=AXIS2_PLACEMENT_3D('',#18790,#15309,#15310);
#12808=AXIS2_PLACEMENT_3D('',#18791,#15311,#15312);
#12809=AXIS2_PLACEMENT_3D('',#18797,#15316,#15317);
#12810=AXIS2_PLACEMENT_3D('',#18807,#15323,#15324);
#12811=AXIS2_PLACEMENT_3D('',#18817,#15330,#15331);
#12812=AXIS2_PLACEMENT_3D('',#18819,#15333,#15334);
#12813=AXIS2_PLACEMENT_3D('',#18821,#15336,#15337);
#12814=AXIS2_PLACEMENT_3D('',#18823,#15339,#15340);
#12815=AXIS2_PLACEMENT_3D('',#18825,#15342,#15343);
#12816=AXIS2_PLACEMENT_3D('',#18826,#15344,#15345);
#12817=AXIS2_PLACEMENT_3D('',#18832,#15349,#15350);
#12818=AXIS2_PLACEMENT_3D('',#18842,#15356,#15357);
#12819=AXIS2_PLACEMENT_3D('',#18852,#15363,#15364);
#12820=AXIS2_PLACEMENT_3D('',#18854,#15366,#15367);
#12821=AXIS2_PLACEMENT_3D('',#18856,#15369,#15370);
#12822=AXIS2_PLACEMENT_3D('',#18858,#15372,#15373);
#12823=AXIS2_PLACEMENT_3D('',#18860,#15375,#15376);
#12824=AXIS2_PLACEMENT_3D('',#18861,#15377,#15378);
#12825=AXIS2_PLACEMENT_3D('',#18867,#15382,#15383);
#12826=AXIS2_PLACEMENT_3D('',#18877,#15389,#15390);
#12827=AXIS2_PLACEMENT_3D('',#18887,#15396,#15397);
#12828=AXIS2_PLACEMENT_3D('',#18889,#15399,#15400);
#12829=AXIS2_PLACEMENT_3D('',#18891,#15402,#15403);
#12830=AXIS2_PLACEMENT_3D('',#18893,#15405,#15406);
#12831=AXIS2_PLACEMENT_3D('',#18895,#15408,#15409);
#12832=AXIS2_PLACEMENT_3D('',#18896,#15410,#15411);
#12833=AXIS2_PLACEMENT_3D('',#18902,#15415,#15416);
#12834=AXIS2_PLACEMENT_3D('',#18912,#15422,#15423);
#12835=AXIS2_PLACEMENT_3D('',#18922,#15429,#15430);
#12836=AXIS2_PLACEMENT_3D('',#18924,#15432,#15433);
#12837=AXIS2_PLACEMENT_3D('',#18926,#15435,#15436);
#12838=AXIS2_PLACEMENT_3D('',#18928,#15438,#15439);
#12839=AXIS2_PLACEMENT_3D('',#18930,#15441,#15442);
#12840=AXIS2_PLACEMENT_3D('',#18931,#15443,#15444);
#12841=AXIS2_PLACEMENT_3D('',#18937,#15448,#15449);
#12842=AXIS2_PLACEMENT_3D('',#18947,#15455,#15456);
#12843=AXIS2_PLACEMENT_3D('',#18957,#15462,#15463);
#12844=AXIS2_PLACEMENT_3D('',#18959,#15465,#15466);
#12845=AXIS2_PLACEMENT_3D('',#18961,#15468,#15469);
#12846=AXIS2_PLACEMENT_3D('',#18963,#15471,#15472);
#12847=AXIS2_PLACEMENT_3D('',#18965,#15474,#15475);
#12848=AXIS2_PLACEMENT_3D('',#18966,#15476,#15477);
#12849=AXIS2_PLACEMENT_3D('',#18972,#15481,#15482);
#12850=AXIS2_PLACEMENT_3D('',#18982,#15488,#15489);
#12851=AXIS2_PLACEMENT_3D('',#18992,#15495,#15496);
#12852=AXIS2_PLACEMENT_3D('',#18994,#15498,#15499);
#12853=AXIS2_PLACEMENT_3D('',#18996,#15501,#15502);
#12854=AXIS2_PLACEMENT_3D('',#18998,#15504,#15505);
#12855=AXIS2_PLACEMENT_3D('',#19000,#15507,#15508);
#12856=AXIS2_PLACEMENT_3D('',#19001,#15509,#15510);
#12857=AXIS2_PLACEMENT_3D('',#19007,#15514,#15515);
#12858=AXIS2_PLACEMENT_3D('',#19017,#15521,#15522);
#12859=AXIS2_PLACEMENT_3D('',#19027,#15528,#15529);
#12860=AXIS2_PLACEMENT_3D('',#19029,#15531,#15532);
#12861=AXIS2_PLACEMENT_3D('',#19031,#15534,#15535);
#12862=AXIS2_PLACEMENT_3D('',#19033,#15537,#15538);
#12863=AXIS2_PLACEMENT_3D('',#19035,#15540,#15541);
#12864=AXIS2_PLACEMENT_3D('',#19036,#15542,#15543);
#12865=AXIS2_PLACEMENT_3D('',#19042,#15547,#15548);
#12866=AXIS2_PLACEMENT_3D('',#19052,#15554,#15555);
#12867=AXIS2_PLACEMENT_3D('',#19062,#15561,#15562);
#12868=AXIS2_PLACEMENT_3D('',#19064,#15564,#15565);
#12869=AXIS2_PLACEMENT_3D('',#19066,#15567,#15568);
#12870=AXIS2_PLACEMENT_3D('',#19068,#15570,#15571);
#12871=AXIS2_PLACEMENT_3D('',#19070,#15573,#15574);
#12872=AXIS2_PLACEMENT_3D('',#19071,#15575,#15576);
#12873=AXIS2_PLACEMENT_3D('',#19077,#15580,#15581);
#12874=AXIS2_PLACEMENT_3D('',#19087,#15587,#15588);
#12875=AXIS2_PLACEMENT_3D('',#19097,#15594,#15595);
#12876=AXIS2_PLACEMENT_3D('',#19099,#15597,#15598);
#12877=AXIS2_PLACEMENT_3D('',#19101,#15600,#15601);
#12878=AXIS2_PLACEMENT_3D('',#19103,#15603,#15604);
#12879=AXIS2_PLACEMENT_3D('',#19105,#15606,#15607);
#12880=AXIS2_PLACEMENT_3D('',#19106,#15608,#15609);
#12881=AXIS2_PLACEMENT_3D('',#19112,#15613,#15614);
#12882=AXIS2_PLACEMENT_3D('',#19122,#15620,#15621);
#12883=AXIS2_PLACEMENT_3D('',#19132,#15627,#15628);
#12884=AXIS2_PLACEMENT_3D('',#19134,#15630,#15631);
#12885=AXIS2_PLACEMENT_3D('',#19136,#15633,#15634);
#12886=AXIS2_PLACEMENT_3D('',#19138,#15636,#15637);
#12887=AXIS2_PLACEMENT_3D('',#19140,#15639,#15640);
#12888=AXIS2_PLACEMENT_3D('',#19141,#15641,#15642);
#12889=AXIS2_PLACEMENT_3D('',#19147,#15646,#15647);
#12890=AXIS2_PLACEMENT_3D('',#19157,#15653,#15654);
#12891=AXIS2_PLACEMENT_3D('',#19167,#15660,#15661);
#12892=AXIS2_PLACEMENT_3D('',#19169,#15663,#15664);
#12893=AXIS2_PLACEMENT_3D('',#19171,#15666,#15667);
#12894=AXIS2_PLACEMENT_3D('',#19173,#15669,#15670);
#12895=AXIS2_PLACEMENT_3D('',#19175,#15672,#15673);
#12896=AXIS2_PLACEMENT_3D('',#19176,#15674,#15675);
#12897=AXIS2_PLACEMENT_3D('',#19182,#15679,#15680);
#12898=AXIS2_PLACEMENT_3D('',#19192,#15686,#15687);
#12899=AXIS2_PLACEMENT_3D('',#19202,#15693,#15694);
#12900=AXIS2_PLACEMENT_3D('',#19204,#15696,#15697);
#12901=AXIS2_PLACEMENT_3D('',#19206,#15699,#15700);
#12902=AXIS2_PLACEMENT_3D('',#19208,#15702,#15703);
#12903=AXIS2_PLACEMENT_3D('',#19210,#15705,#15706);
#12904=AXIS2_PLACEMENT_3D('',#19211,#15707,#15708);
#12905=AXIS2_PLACEMENT_3D('',#19217,#15712,#15713);
#12906=AXIS2_PLACEMENT_3D('',#19227,#15719,#15720);
#12907=AXIS2_PLACEMENT_3D('',#19237,#15726,#15727);
#12908=AXIS2_PLACEMENT_3D('',#19239,#15729,#15730);
#12909=AXIS2_PLACEMENT_3D('',#19241,#15732,#15733);
#12910=AXIS2_PLACEMENT_3D('',#19243,#15735,#15736);
#12911=AXIS2_PLACEMENT_3D('',#19245,#15738,#15739);
#12912=AXIS2_PLACEMENT_3D('',#19246,#15740,#15741);
#12913=AXIS2_PLACEMENT_3D('',#19248,#15743,#15744);
#12914=AXIS2_PLACEMENT_3D('',#19250,#15746,#15747);
#12915=AXIS2_PLACEMENT_3D('',#19252,#15749,#15750);
#12916=AXIS2_PLACEMENT_3D('',#19255,#15753,#15754);
#12917=AXIS2_PLACEMENT_3D('',#19258,#15757,#15758);
#12918=AXIS2_PLACEMENT_3D('',#19260,#15760,#15761);
#12919=AXIS2_PLACEMENT_3D('',#19262,#15763,#15764);
#12920=AXIS2_PLACEMENT_3D('',#19263,#15765,#15766);
#12921=AXIS2_PLACEMENT_3D('',#19264,#15767,#15768);
#12922=AXIS2_PLACEMENT_3D('',#19268,#15771,#15772);
#12923=AXIS2_PLACEMENT_3D('',#19272,#15775,#15776);
#12924=AXIS2_PLACEMENT_3D('',#19276,#15779,#15780);
#12925=AXIS2_PLACEMENT_3D('',#19280,#15783,#15784);
#12926=AXIS2_PLACEMENT_3D('',#19284,#15787,#15788);
#12927=AXIS2_PLACEMENT_3D('',#19288,#15791,#15792);
#12928=AXIS2_PLACEMENT_3D('',#19290,#15794,#15795);
#12929=AXIS2_PLACEMENT_3D('',#19291,#15796,#15797);
#12930=AXIS2_PLACEMENT_3D('',#19305,#15805,#15806);
#12931=AXIS2_PLACEMENT_3D('',#19307,#15808,#15809);
#12932=AXIS2_PLACEMENT_3D('',#19310,#15812,#15813);
#12933=AXIS2_PLACEMENT_3D('',#19313,#15816,#15817);
#12934=AXIS2_PLACEMENT_3D('',#19314,#15818,#15819);
#12935=AXIS2_PLACEMENT_3D('',#19316,#15821,#15822);
#12936=AXIS2_PLACEMENT_3D('',#19318,#15824,#15825);
#12937=AXIS2_PLACEMENT_3D('',#19320,#15827,#15828);
#12938=AXIS2_PLACEMENT_3D('',#19322,#15830,#15831);
#12939=AXIS2_PLACEMENT_3D('',#19325,#15834,#15835);
#12940=AXIS2_PLACEMENT_3D('',#19326,#15836,#15837);
#12941=AXIS2_PLACEMENT_3D('',#19327,#15838,#15839);
#12942=AXIS2_PLACEMENT_3D('',#19329,#15841,#15842);
#12943=AXIS2_PLACEMENT_3D('',#19331,#15844,#15845);
#12944=AXIS2_PLACEMENT_3D('',#19333,#15847,#15848);
#12945=AXIS2_PLACEMENT_3D('',#19335,#15850,#15851);
#12946=AXIS2_PLACEMENT_3D('',#19336,#15852,#15853);
#12947=AXIS2_PLACEMENT_3D('',#19340,#15856,#15857);
#12948=AXIS2_PLACEMENT_3D('',#19376,#15877,#15878);
#12949=AXIS2_PLACEMENT_3D('',#19380,#15881,#15882);
#12950=AXIS2_PLACEMENT_3D('',#19394,#15891,#15892);
#12951=AXIS2_PLACEMENT_3D('',#19416,#15904,#15905);
#12952=AXIS2_PLACEMENT_3D('',#19422,#15909,#15910);
#12953=AXIS2_PLACEMENT_3D('',#19435,#15917,#15918);
#12954=AXIS2_PLACEMENT_3D('',#19438,#15921,#15922);
#12955=AXIS2_PLACEMENT_3D('',#19441,#15925,#15926);
#12956=AXIS2_PLACEMENT_3D('',#19463,#15938,#15939);
#12957=AXIS2_PLACEMENT_3D('',#19469,#15943,#15944);
#12958=AXIS2_PLACEMENT_3D('',#19474,#15948,#15949);
#12959=AXIS2_PLACEMENT_3D('',#19483,#15955,#15956);
#12960=AXIS2_PLACEMENT_3D('',#19486,#15959,#15960);
#12961=AXIS2_PLACEMENT_3D('',#19487,#15961,#15962);
#12962=AXIS2_PLACEMENT_3D('',#19488,#15963,#15964);
#12963=AXIS2_PLACEMENT_3D('',#19490,#15966,#15967);
#12964=AXIS2_PLACEMENT_3D('',#19492,#15969,#15970);
#12965=AXIS2_PLACEMENT_3D('',#19493,#15971,#15972);
#12966=AXIS2_PLACEMENT_3D('',#19497,#15975,#15976);
#12967=AXIS2_PLACEMENT_3D('',#19499,#15978,#15979);
#12968=AXIS2_PLACEMENT_3D('',#19500,#15980,#15981);
#12969=AXIS2_PLACEMENT_3D('',#19504,#15984,#15985);
#12970=AXIS2_PLACEMENT_3D('',#19510,#15989,#15990);
#12971=AXIS2_PLACEMENT_3D('',#19512,#15992,#15993);
#12972=AXIS2_PLACEMENT_3D('',#19518,#15997,#15998);
#12973=AXIS2_PLACEMENT_3D('',#19522,#16001,#16002);
#12974=AXIS2_PLACEMENT_3D('',#19526,#16005,#16006);
#12975=AXIS2_PLACEMENT_3D('',#19530,#16009,#16010);
#12976=AXIS2_PLACEMENT_3D('',#19534,#16013,#16014);
#12977=AXIS2_PLACEMENT_3D('',#19536,#16016,#16017);
#12978=AXIS2_PLACEMENT_3D('',#19542,#16021,#16022);
#12979=AXIS2_PLACEMENT_3D('',#19545,#16025,#16026);
#12980=AXIS2_PLACEMENT_3D('',#19546,#16027,#16028);
#12981=AXIS2_PLACEMENT_3D('',#19547,#16029,#16030);
#12982=AXIS2_PLACEMENT_3D('',#19553,#16034,#16035);
#12983=AXIS2_PLACEMENT_3D('',#19559,#16039,#16040);
#12984=AXIS2_PLACEMENT_3D('',#19561,#16042,#16043);
#12985=AXIS2_PLACEMENT_3D('',#19563,#16045,#16046);
#12986=AXIS2_PLACEMENT_3D('',#19564,#16047,#16048);
#12987=AXIS2_PLACEMENT_3D('',#19570,#16052,#16053);
#12988=AXIS2_PLACEMENT_3D('',#19574,#16056,#16057);
#12989=AXIS2_PLACEMENT_3D('',#19578,#16060,#16061);
#12990=AXIS2_PLACEMENT_3D('',#19582,#16064,#16065);
#12991=AXIS2_PLACEMENT_3D('',#19586,#16068,#16069);
#12992=AXIS2_PLACEMENT_3D('',#19588,#16071,#16072);
#12993=AXIS2_PLACEMENT_3D('',#19594,#16076,#16077);
#12994=AXIS2_PLACEMENT_3D('',#19597,#16080,#16081);
#12995=AXIS2_PLACEMENT_3D('',#19598,#16082,#16083);
#12996=AXIS2_PLACEMENT_3D('',#19599,#16084,#16085);
#12997=AXIS2_PLACEMENT_3D('',#19605,#16089,#16090);
#12998=AXIS2_PLACEMENT_3D('',#19609,#16093,#16094);
#12999=AXIS2_PLACEMENT_3D('',#19613,#16097,#16098);
#13000=AXIS2_PLACEMENT_3D('',#19615,#16100,#16101);
#13001=AXIS2_PLACEMENT_3D('',#19616,#16102,#16103);
#13002=AXIS2_PLACEMENT_3D('',#19620,#16106,#16107);
#13003=AXIS2_PLACEMENT_3D('',#19622,#16109,#16110);
#13004=AXIS2_PLACEMENT_3D('',#19623,#16111,#16112);
#13005=DIRECTION('',(0.,0.,1.));
#13006=DIRECTION('',(1.,0.,0.));
#13007=DIRECTION('',(0.,0.,-1.));
#13008=DIRECTION('',(-1.,0.,0.));
#13009=DIRECTION('',(0.,0.,-1.));
#13010=DIRECTION('',(-1.,0.,-1.39716774804833E-15));
#13011=DIRECTION('',(0.,0.,1.));
#13012=DIRECTION('',(1.,0.,0.));
#13013=DIRECTION('',(0.,0.,-1.));
#13014=DIRECTION('',(-1.,0.,1.39716774804833E-15));
#13015=DIRECTION('',(0.,-1.,0.));
#13016=DIRECTION('',(0.,0.,-1.));
#13017=DIRECTION('',(0.,0.,1.));
#13018=DIRECTION('',(-1.,0.,0.));
#13019=DIRECTION('',(0.,0.,-1.));
#13020=DIRECTION('',(-1.,0.,1.39716774804833E-15));
#13021=DIRECTION('',(0.,-1.,0.));
#13022=DIRECTION('',(0.,0.,-1.));
#13023=DIRECTION('',(0.,0.,-1.));
#13024=DIRECTION('',(-1.,0.,0.));
#13025=DIRECTION('',(0.,0.,-1.));
#13026=DIRECTION('',(-1.,0.,-1.39716774804833E-15));
#13027=DIRECTION('',(0.,-1.,0.));
#13028=DIRECTION('',(0.,0.,-1.));
#13029=DIRECTION('',(0.,0.78086880944303,0.624695047554424));
#13030=DIRECTION('',(1.,0.,0.));
#13031=DIRECTION('',(0.,0.78086880944303,0.624695047554424));
#13032=DIRECTION('',(1.,0.,0.));
#13033=DIRECTION('',(0.,0.78086880944303,0.624695047554424));
#13034=DIRECTION('',(1.,0.,0.));
#13035=DIRECTION('',(0.,-0.78086880944303,-0.624695047554424));
#13036=DIRECTION('',(1.,0.,0.));
#13037=DIRECTION('',(0.,-0.78086880944303,-0.624695047554424));
#13038=DIRECTION('',(1.,0.,0.));
#13039=DIRECTION('',(0.,0.78086880944303,0.624695047554424));
#13040=DIRECTION('',(1.,0.,0.));
#13041=DIRECTION('',(0.,0.78086880944303,0.624695047554424));
#13042=DIRECTION('',(1.,0.,0.));
#13043=DIRECTION('',(0.,0.78086880944303,0.624695047554424));
#13044=DIRECTION('',(1.,0.,0.));
#13045=DIRECTION('',(0.,0.78086880944303,0.624695047554424));
#13046=DIRECTION('',(1.,0.,0.));
#13047=DIRECTION('',(0.,0.78086880944303,0.624695047554424));
#13048=DIRECTION('',(1.,0.,0.));
#13049=DIRECTION('',(0.,0.78086880944303,0.624695047554424));
#13050=DIRECTION('',(1.,0.,0.));
#13051=DIRECTION('',(0.,0.78086880944303,0.624695047554424));
#13052=DIRECTION('',(1.,0.,0.));
#13053=DIRECTION('',(0.,0.78086880944303,0.624695047554424));
#13054=DIRECTION('',(1.,0.,0.));
#13055=DIRECTION('',(0.,0.78086880944303,0.624695047554424));
#13056=DIRECTION('',(1.,0.,0.));
#13057=DIRECTION('',(0.,0.78086880944303,0.624695047554424));
#13058=DIRECTION('',(1.,0.,0.));
#13059=DIRECTION('',(0.,0.78086880944303,0.624695047554424));
#13060=DIRECTION('',(1.,0.,0.));
#13061=DIRECTION('',(0.,0.78086880944303,0.624695047554424));
#13062=DIRECTION('',(1.,0.,0.));
#13063=DIRECTION('',(0.,0.78086880944303,0.624695047554424));
#13064=DIRECTION('',(1.,0.,0.));
#13065=DIRECTION('',(0.,0.78086880944303,0.624695047554424));
#13066=DIRECTION('',(1.,0.,0.));
#13067=DIRECTION('',(0.,0.78086880944303,0.624695047554424));
#13068=DIRECTION('',(1.,0.,0.));
#13069=DIRECTION('',(0.,0.78086880944303,0.624695047554424));
#13070=DIRECTION('',(1.,0.,0.));
#13071=DIRECTION('',(0.,0.78086880944303,0.624695047554424));
#13072=DIRECTION('',(1.,0.,0.));
#13073=DIRECTION('',(0.,0.78086880944303,0.624695047554424));
#13074=DIRECTION('',(1.,0.,0.));
#13075=DIRECTION('',(0.,0.78086880944303,0.624695047554424));
#13076=DIRECTION('',(1.,0.,0.));
#13077=DIRECTION('',(0.,0.78086880944303,0.624695047554424));
#13078=DIRECTION('',(1.,0.,0.));
#13079=DIRECTION('',(0.,0.78086880944303,0.624695047554424));
#13080=DIRECTION('',(1.,0.,0.));
#13081=DIRECTION('',(0.,0.78086880944303,0.624695047554424));
#13082=DIRECTION('',(1.,0.,0.));
#13083=DIRECTION('',(0.,0.78086880944303,0.624695047554424));
#13084=DIRECTION('',(1.,0.,0.));
#13085=DIRECTION('',(0.,0.78086880944303,0.624695047554424));
#13086=DIRECTION('',(1.,0.,0.));
#13087=DIRECTION('',(0.,0.78086880944303,0.624695047554424));
#13088=DIRECTION('',(1.,0.,0.));
#13089=DIRECTION('',(0.,0.78086880944303,0.624695047554424));
#13090=DIRECTION('',(1.,0.,0.));
#13091=DIRECTION('',(0.,0.78086880944303,0.624695047554424));
#13092=DIRECTION('',(1.,0.,0.));
#13093=DIRECTION('',(0.,0.78086880944303,0.624695047554424));
#13094=DIRECTION('',(1.,0.,0.));
#13095=DIRECTION('',(0.,0.78086880944303,0.624695047554424));
#13096=DIRECTION('',(1.,0.,0.));
#13097=DIRECTION('',(0.,0.78086880944303,0.624695047554424));
#13098=DIRECTION('',(1.,0.,0.));
#13099=DIRECTION('',(0.,0.78086880944303,0.624695047554424));
#13100=DIRECTION('',(1.,0.,0.));
#13101=DIRECTION('',(0.,0.78086880944303,0.624695047554424));
#13102=DIRECTION('',(1.,0.,0.));
#13103=DIRECTION('',(0.,0.78086880944303,0.624695047554424));
#13104=DIRECTION('',(1.,0.,0.));
#13105=DIRECTION('',(0.,0.78086880944303,0.624695047554424));
#13106=DIRECTION('',(1.,0.,0.));
#13107=DIRECTION('',(0.,0.78086880944303,0.624695047554424));
#13108=DIRECTION('',(1.,0.,0.));
#13109=DIRECTION('',(0.,0.78086880944303,0.624695047554424));
#13110=DIRECTION('',(1.,0.,0.));
#13111=DIRECTION('',(0.,0.78086880944303,0.624695047554424));
#13112=DIRECTION('',(1.,0.,0.));
#13113=DIRECTION('',(0.,0.78086880944303,0.624695047554424));
#13114=DIRECTION('',(1.,0.,0.));
#13115=DIRECTION('',(0.,0.78086880944303,0.624695047554424));
#13116=DIRECTION('',(1.,0.,0.));
#13117=DIRECTION('',(0.,0.78086880944303,0.624695047554424));
#13118=DIRECTION('',(1.,0.,0.));
#13119=DIRECTION('',(0.,0.78086880944303,0.624695047554424));
#13120=DIRECTION('',(1.,0.,0.));
#13121=DIRECTION('',(0.,0.78086880944303,0.624695047554424));
#13122=DIRECTION('',(1.,0.,0.));
#13123=DIRECTION('',(0.,0.78086880944303,0.624695047554424));
#13124=DIRECTION('',(1.,0.,0.));
#13125=DIRECTION('',(0.,0.78086880944303,0.624695047554424));
#13126=DIRECTION('',(1.,0.,0.));
#13127=DIRECTION('',(0.,0.78086880944303,0.624695047554424));
#13128=DIRECTION('',(1.,0.,0.));
#13129=DIRECTION('',(0.,0.78086880944303,0.624695047554424));
#13130=DIRECTION('',(-1.,0.,0.));
#13131=DIRECTION('',(0.,0.78086880944303,0.624695047554424));
#13132=DIRECTION('',(1.,0.,0.));
#13133=DIRECTION('',(0.,-0.624695047554424,0.78086880944303));
#13134=DIRECTION('',(0.,-0.78086880944303,-0.624695047554424));
#13135=DIRECTION('',(0.,1.,0.));
#13136=DIRECTION('',(0.,0.,-1.));
#13137=DIRECTION('',(0.,-1.,0.));
#13138=DIRECTION('',(0.,0.,-1.));
#13139=DIRECTION('',(0.,-1.,0.));
#13140=DIRECTION('',(0.,0.,-1.));
#13141=DIRECTION('',(0.,-1.,0.));
#13142=DIRECTION('',(0.,2.4093381610789E-16,-1.));
#13143=DIRECTION('',(0.,1.,1.10257848049373E-16));
#13144=DIRECTION('',(0.,0.,-1.));
#13145=DIRECTION('',(0.,-1.,0.));
#13146=DIRECTION('',(0.,0.,1.));
#13147=DIRECTION('',(-1.,0.,0.));
#13148=DIRECTION('',(0.,0.,1.));
#13149=DIRECTION('',(0.,-1.,0.));
#13150=DIRECTION('',(0.,0.,1.));
#13151=DIRECTION('',(0.,-1.,0.));
#13152=DIRECTION('',(0.,0.,1.));
#13153=DIRECTION('',(0.,1.,0.));
#13154=DIRECTION('',(0.,0.,-1.));
#13155=DIRECTION('',(1.,0.,0.));
#13156=DIRECTION('',(0.,0.,-1.));
#13157=DIRECTION('',(0.,1.,0.));
#13158=DIRECTION('',(0.,0.,-1.));
#13159=DIRECTION('',(0.,1.,0.));
#13160=DIRECTION('',(0.,0.,-1.));
#13161=DIRECTION('',(0.,-1.,0.));
#13162=DIRECTION('',(0.,0.,-1.));
#13163=DIRECTION('',(0.,-1.,0.));
#13164=DIRECTION('',(0.,0.,1.));
#13165=DIRECTION('',(-1.,0.,0.));
#13166=DIRECTION('',(0.,0.,1.));
#13167=DIRECTION('',(0.,0.,1.));
#13168=DIRECTION('',(0.,-1.,0.));
#13169=DIRECTION('',(0.,1.,0.));
#13170=DIRECTION('',(1.,0.,0.));
#13171=DIRECTION('',(0.,0.,-1.));
#13172=DIRECTION('',(0.,0.,-1.));
#13173=DIRECTION('',(0.,1.,0.));
#13174=DIRECTION('',(0.,0.,-1.));
#13175=DIRECTION('',(0.,-1.,0.));
#13176=DIRECTION('',(1.,0.,0.));
#13177=DIRECTION('',(0.,0.,-1.));
#13178=DIRECTION('',(-1.,-1.44560289664734E-15,-1.39716774804833E-15));
#13179=DIRECTION('',(0.,1.,0.));
#13180=DIRECTION('',(-1.,0.,-1.39716774804833E-15));
#13181=DIRECTION('',(-1.39716774804833E-15,0.,1.));
#13182=DIRECTION('',(1.,0.,1.39715712957345E-15));
#13183=DIRECTION('',(-1.,0.,-1.39716774804833E-15));
#13184=DIRECTION('',(6.67201336914157E-16,-1.,9.32192189391188E-31));
#13185=DIRECTION('',(-1.,0.,-1.39716774804833E-15));
#13186=DIRECTION('',(-1.39716774804833E-15,0.,1.));
#13187=DIRECTION('',(1.,0.,1.39715712957345E-15));
#13188=DIRECTION('',(1.,0.,1.39716774804833E-15));
#13189=DIRECTION('',(-2.89120579329468E-15,-1.,-4.03949948736181E-30));
#13190=DIRECTION('',(1.,0.,1.39716774804833E-15));
#13191=DIRECTION('',(0.,1.,0.));
#13192=DIRECTION('',(1.,-4.81867632215779E-16,1.39716774804833E-15));
#13193=DIRECTION('',(1.,0.,1.39716774804833E-15));
#13194=DIRECTION('',(-1.39716774804833E-15,0.,1.));
#13195=DIRECTION('',(1.,0.,1.39715712957345E-15));
#13196=DIRECTION('',(0.,-1.,0.));
#13197=DIRECTION('',(0.,0.,1.));
#13198=DIRECTION('',(0.,-1.,0.));
#13199=DIRECTION('',(0.,0.,1.));
#13200=DIRECTION('',(0.,1.,0.));
#13201=DIRECTION('',(0.,0.,1.));
#13202=DIRECTION('',(0.,-1.,0.));
#13203=DIRECTION('',(0.,0.,-1.));
#13204=DIRECTION('',(1.,0.,0.));
#13205=DIRECTION('',(0.,0.,-1.));
#13206=DIRECTION('',(0.,1.,0.));
#13207=DIRECTION('',(0.,0.,-1.));
#13208=DIRECTION('',(0.,1.,0.));
#13209=DIRECTION('',(0.,0.,-1.));
#13210=DIRECTION('',(0.,-1.,0.));
#13211=DIRECTION('',(0.,0.,1.));
#13212=DIRECTION('',(-1.,0.,0.));
#13213=DIRECTION('',(0.,0.,1.));
#13214=DIRECTION('',(0.,-1.,0.));
#13215=DIRECTION('',(0.,0.,1.));
#13216=DIRECTION('',(0.,-1.,0.));
#13217=DIRECTION('',(0.,0.,-1.));
#13218=DIRECTION('',(0.,-1.,0.));
#13219=DIRECTION('',(0.,0.,1.));
#13220=DIRECTION('',(0.,1.,1.10257848049373E-16));
#13221=DIRECTION('',(0.,2.4093381610789E-16,-1.));
#13222=DIRECTION('',(0.,-1.,0.));
#13223=DIRECTION('',(0.,0.,1.));
#13224=DIRECTION('',(0.,-1.,0.));
#13225=DIRECTION('',(0.,0.,1.));
#13226=DIRECTION('',(1.,0.,0.));
#13227=DIRECTION('',(0.,0.,-1.));
#13228=DIRECTION('',(0.,0.,-1.));
#13229=DIRECTION('',(0.,1.,0.));
#13230=DIRECTION('',(0.,-1.,0.));
#13231=DIRECTION('',(-1.,0.,0.));
#13232=DIRECTION('',(0.,0.,1.));
#13233=DIRECTION('',(0.,0.,1.));
#13234=DIRECTION('',(0.,-1.,0.));
#13235=DIRECTION('',(0.,0.,1.));
#13236=DIRECTION('',(0.,1.,0.));
#13237=DIRECTION('',(-1.,0.,0.));
#13238=DIRECTION('',(0.,0.,1.));
#13239=DIRECTION('',(-1.,0.,1.39716774804833E-15));
#13240=DIRECTION('',(6.67201336914157E-16,1.,-9.32192189391188E-31));
#13241=DIRECTION('',(-1.,0.,1.39716774804833E-15));
#13242=DIRECTION('',(1.39716774804833E-15,0.,1.));
#13243=DIRECTION('',(1.,0.,-1.39715712957345E-15));
#13244=DIRECTION('',(-1.,0.,1.39716774804833E-15));
#13245=DIRECTION('',(0.,-1.,0.));
#13246=DIRECTION('',(-1.,0.,1.39716774804833E-15));
#13247=DIRECTION('',(1.39716774804833E-15,0.,1.));
#13248=DIRECTION('',(1.,0.,-1.39715712957345E-15));
#13249=DIRECTION('',(1.,4.81867632215779E-16,-1.39716774804833E-15));
#13250=DIRECTION('',(0.,-1.,0.));
#13251=DIRECTION('',(1.,0.,-1.39716774804833E-15));
#13252=DIRECTION('',(-2.89120579329468E-15,1.,4.03949948736181E-30));
#13253=DIRECTION('',(1.,0.,-1.39716774804833E-15));
#13254=DIRECTION('',(1.,0.,-1.39716774804833E-15));
#13255=DIRECTION('',(1.39716774804833E-15,0.,1.));
#13256=DIRECTION('',(1.,0.,-1.39715712957345E-15));
#13257=DIRECTION('',(1.,0.,0.));
#13258=DIRECTION('',(0.,0.,1.));
#13259=DIRECTION('',(1.,0.,0.));
#13260=DIRECTION('',(0.,0.,1.));
#13261=DIRECTION('',(1.,0.,0.));
#13262=DIRECTION('',(0.,0.,1.));
#13263=DIRECTION('',(1.,0.,0.));
#13264=DIRECTION('',(0.,0.,1.));
#13265=DIRECTION('',(1.,0.,0.));
#13266=DIRECTION('',(0.,0.,1.));
#13267=DIRECTION('',(1.,0.,0.));
#13268=DIRECTION('',(0.,0.,1.));
#13269=DIRECTION('',(1.,0.,0.));
#13270=DIRECTION('',(0.,0.,1.));
#13271=DIRECTION('',(1.,0.,0.));
#13272=DIRECTION('',(0.,0.,1.));
#13273=DIRECTION('',(1.,0.,0.));
#13274=DIRECTION('',(0.,0.,1.));
#13275=DIRECTION('',(1.,0.,0.));
#13276=DIRECTION('',(0.,0.,1.));
#13277=DIRECTION('',(1.,0.,0.));
#13278=DIRECTION('',(0.,0.,1.));
#13279=DIRECTION('',(1.,0.,0.));
#13280=DIRECTION('',(0.,0.,1.));
#13281=DIRECTION('',(1.,0.,0.));
#13282=DIRECTION('',(0.,0.,1.));
#13283=DIRECTION('',(1.,0.,0.));
#13284=DIRECTION('',(0.,0.,1.));
#13285=DIRECTION('',(1.,0.,0.));
#13286=DIRECTION('',(0.,0.,1.));
#13287=DIRECTION('',(1.,0.,0.));
#13288=DIRECTION('',(0.,0.,1.));
#13289=DIRECTION('',(1.,0.,0.));
#13290=DIRECTION('',(0.,0.,1.));
#13291=DIRECTION('',(1.,0.,0.));
#13292=DIRECTION('',(0.,0.,1.));
#13293=DIRECTION('',(1.,0.,0.));
#13294=DIRECTION('',(0.,0.,1.));
#13295=DIRECTION('',(1.,0.,0.));
#13296=DIRECTION('',(0.,0.,1.));
#13297=DIRECTION('',(1.,0.,0.));
#13298=DIRECTION('',(0.,0.,1.));
#13299=DIRECTION('',(1.,0.,0.));
#13300=DIRECTION('',(0.,0.,1.));
#13301=DIRECTION('',(1.,0.,0.));
#13302=DIRECTION('',(0.,0.,1.));
#13303=DIRECTION('',(1.,0.,0.));
#13304=DIRECTION('',(0.,0.,1.));
#13305=DIRECTION('',(1.,0.,0.));
#13306=DIRECTION('',(0.,0.,1.));
#13307=DIRECTION('',(1.,0.,0.));
#13308=DIRECTION('',(0.,0.,1.));
#13309=DIRECTION('',(1.,0.,0.));
#13310=DIRECTION('',(0.,0.,1.));
#13311=DIRECTION('',(1.,0.,0.));
#13312=DIRECTION('',(0.,0.,1.));
#13313=DIRECTION('',(1.,0.,0.));
#13314=DIRECTION('',(0.,0.,1.));
#13315=DIRECTION('',(1.,0.,0.));
#13316=DIRECTION('',(0.,0.,1.));
#13317=DIRECTION('',(1.,0.,0.));
#13318=DIRECTION('',(0.,0.,1.));
#13319=DIRECTION('',(1.,0.,0.));
#13320=DIRECTION('',(0.,0.,1.));
#13321=DIRECTION('',(1.,0.,0.));
#13322=DIRECTION('',(0.,0.,1.));
#13323=DIRECTION('',(1.,0.,0.));
#13324=DIRECTION('',(0.,0.,1.));
#13325=DIRECTION('',(1.,0.,0.));
#13326=DIRECTION('',(0.,0.,1.));
#13327=DIRECTION('',(1.,0.,0.));
#13328=DIRECTION('',(0.,0.,1.));
#13329=DIRECTION('',(1.,0.,0.));
#13330=DIRECTION('',(0.,0.,1.));
#13331=DIRECTION('',(1.,0.,0.));
#13332=DIRECTION('',(0.,0.,1.));
#13333=DIRECTION('',(1.,0.,0.));
#13334=DIRECTION('',(0.,0.,1.));
#13335=DIRECTION('',(1.,0.,0.));
#13336=DIRECTION('',(0.,0.,1.));
#13337=DIRECTION('',(1.,0.,0.));
#13338=DIRECTION('',(0.,0.,1.));
#13339=DIRECTION('',(1.,0.,0.));
#13340=DIRECTION('',(0.,0.,1.));
#13341=DIRECTION('',(1.,0.,0.));
#13342=DIRECTION('',(0.,0.,1.));
#13343=DIRECTION('',(1.,0.,0.));
#13344=DIRECTION('',(0.,0.,1.));
#13345=DIRECTION('',(1.,0.,0.));
#13346=DIRECTION('',(0.,0.,1.));
#13347=DIRECTION('',(1.,0.,0.));
#13348=DIRECTION('',(0.,0.,1.));
#13349=DIRECTION('',(1.,0.,0.));
#13350=DIRECTION('',(-1.,0.,-2.71050543121376E-16));
#13351=DIRECTION('',(0.,0.,-1.));
#13352=DIRECTION('',(1.,0.,0.));
#13353=DIRECTION('',(-1.,0.,0.));
#13354=DIRECTION('',(1.,0.,0.));
#13355=DIRECTION('',(0.,0.,1.));
#13356=DIRECTION('',(-1.,0.,2.71050543121376E-16));
#13357=DIRECTION('',(1.,0.,0.));
#13358=DIRECTION('',(0.,0.,1.));
#13359=DIRECTION('',(1.,0.,0.));
#13360=DIRECTION('',(0.,0.,1.));
#13361=DIRECTION('',(0.,-1.,0.));
#13362=DIRECTION('',(0.,0.,-1.));
#13363=DIRECTION('',(1.,0.,0.));
#13364=DIRECTION('',(-6.67201336914157E-16,1.,0.));
#13365=DIRECTION('',(1.,0.,0.));
#13366=DIRECTION('',(0.,-1.,0.));
#13367=DIRECTION('',(1.,1.44560289664734E-15,0.));
#13368=DIRECTION('',(0.,-1.,0.));
#13369=DIRECTION('',(-1.,1.3010426069826E-14,0.));
#13370=DIRECTION('',(0.,-1.,0.));
#13371=DIRECTION('',(1.,1.47451495458028E-14,0.));
#13372=DIRECTION('',(0.,-1.,0.));
#13373=DIRECTION('',(-1.,4.81867632215779E-16,0.));
#13374=DIRECTION('',(0.,-1.,0.));
#13375=DIRECTION('',(-1.,0.,0.));
#13376=DIRECTION('',(2.89120579329468E-15,1.,0.));
#13377=DIRECTION('',(-1.,0.,0.));
#13378=DIRECTION('',(0.,-1.,0.));
#13379=DIRECTION('',(1.,0.,0.));
#13380=DIRECTION('',(0.,-1.,0.));
#13381=DIRECTION('',(0.,-1.,0.));
#13382=DIRECTION('',(1.,0.,0.));
#13383=DIRECTION('',(0.,-1.,0.));
#13384=DIRECTION('',(0.,-1.,0.));
#13385=DIRECTION('',(1.,0.,0.));
#13386=DIRECTION('',(0.,-1.,0.));
#13387=DIRECTION('',(0.,-1.,0.));
#13388=DIRECTION('',(1.,0.,0.));
#13389=DIRECTION('',(0.,-1.,0.));
#13390=DIRECTION('',(0.,-1.,0.));
#13391=DIRECTION('',(1.,0.,0.));
#13392=DIRECTION('',(0.,-1.,0.));
#13393=DIRECTION('',(0.,-1.,0.));
#13394=DIRECTION('',(1.,0.,0.));
#13395=DIRECTION('',(0.,-1.,0.));
#13396=DIRECTION('',(0.,-1.,0.));
#13397=DIRECTION('',(1.,0.,0.));
#13398=DIRECTION('',(0.,-1.,0.));
#13399=DIRECTION('',(0.,-1.,0.));
#13400=DIRECTION('',(1.,0.,0.));
#13401=DIRECTION('',(0.,-1.,0.));
#13402=DIRECTION('',(0.,-1.,0.));
#13403=DIRECTION('',(1.,0.,0.));
#13404=DIRECTION('',(0.,-1.,0.));
#13405=DIRECTION('',(0.,-1.,0.));
#13406=DIRECTION('',(1.,0.,0.));
#13407=DIRECTION('',(0.,-1.,0.));
#13408=DIRECTION('',(0.,-1.,0.));
#13409=DIRECTION('',(1.,0.,0.));
#13410=DIRECTION('',(0.,-1.,0.));
#13411=DIRECTION('',(0.,-1.,0.));
#13412=DIRECTION('',(1.,0.,0.));
#13413=DIRECTION('',(0.,-1.,0.));
#13414=DIRECTION('',(0.,-1.,0.));
#13415=DIRECTION('',(1.,0.,0.));
#13416=DIRECTION('',(0.,-1.,0.));
#13417=DIRECTION('',(0.,-1.,0.));
#13418=DIRECTION('',(1.,0.,0.));
#13419=DIRECTION('',(0.,-1.,0.));
#13420=DIRECTION('',(0.,-1.,0.));
#13421=DIRECTION('',(1.,0.,0.));
#13422=DIRECTION('',(0.,-1.,0.));
#13423=DIRECTION('',(0.,-1.,0.));
#13424=DIRECTION('',(1.,0.,0.));
#13425=DIRECTION('',(0.,-1.,0.));
#13426=DIRECTION('',(0.,-1.,0.));
#13427=DIRECTION('',(1.,0.,0.));
#13428=DIRECTION('',(0.,-1.,0.));
#13429=DIRECTION('',(0.,-1.,0.));
#13430=DIRECTION('',(1.,0.,0.));
#13431=DIRECTION('',(0.,-1.,0.));
#13432=DIRECTION('',(0.,-1.,0.));
#13433=DIRECTION('',(1.,0.,0.));
#13434=DIRECTION('',(0.,-1.,0.));
#13435=DIRECTION('',(0.,-1.,0.));
#13436=DIRECTION('',(1.,0.,0.));
#13437=DIRECTION('',(0.,-1.,0.));
#13438=DIRECTION('',(0.,-1.,0.));
#13439=DIRECTION('',(1.,0.,0.));
#13440=DIRECTION('',(0.,-1.,0.));
#13441=DIRECTION('',(0.,-1.,0.));
#13442=DIRECTION('',(1.,0.,0.));
#13443=DIRECTION('',(0.,-1.,0.));
#13444=DIRECTION('',(0.,-1.,0.));
#13445=DIRECTION('',(1.,0.,0.));
#13446=DIRECTION('',(0.,-1.,0.));
#13447=DIRECTION('',(0.,-1.,0.));
#13448=DIRECTION('',(1.,0.,0.));
#13449=DIRECTION('',(0.,-1.,0.));
#13450=DIRECTION('',(-1.,0.,0.));
#13451=DIRECTION('',(2.89120579329468E-15,-1.,0.));
#13452=DIRECTION('',(-1.,0.,0.));
#13453=DIRECTION('',(0.,1.,0.));
#13454=DIRECTION('',(-1.,-4.81867632215779E-16,0.));
#13455=DIRECTION('',(0.,1.,0.));
#13456=DIRECTION('',(1.,0.,0.));
#13457=DIRECTION('',(0.,1.,0.));
#13458=DIRECTION('',(-1.,0.,0.));
#13459=DIRECTION('',(0.,1.,0.));
#13460=DIRECTION('',(1.,0.,0.));
#13461=DIRECTION('',(0.,1.,0.));
#13462=DIRECTION('',(1.,0.,0.));
#13463=DIRECTION('',(-6.67201336914157E-16,-1.,0.));
#13464=DIRECTION('',(1.,0.,0.));
#13465=DIRECTION('',(0.,0.,-1.));
#13466=DIRECTION('',(-1.,0.,0.));
#13467=DIRECTION('',(0.,2.4093381610789E-16,-1.));
#13468=DIRECTION('',(0.,1.,0.));
#13469=DIRECTION('',(0.,0.,-1.));
#13470=DIRECTION('',(0.,1.,0.));
#13471=DIRECTION('',(-1.,0.,0.));
#13472=DIRECTION('',(0.,0.,1.));
#13473=DIRECTION('',(0.,-4.67462326157961E-16,1.));
#13474=DIRECTION('',(-1.,0.,0.));
#13475=DIRECTION('',(0.,0.,1.));
#13476=DIRECTION('',(1.,0.,0.));
#13477=DIRECTION('',(0.,-5.71072173342173E-16,1.));
#13478=DIRECTION('',(-1.,0.,0.));
#13479=DIRECTION('',(0.,-1.,0.));
#13480=DIRECTION('',(0.,0.,-1.));
#13481=DIRECTION('',(1.,0.,-2.71050543121376E-16));
#13482=DIRECTION('',(0.,1.,0.));
#13483=DIRECTION('',(1.,0.,0.));
#13484=DIRECTION('',(0.,1.,0.));
#13485=DIRECTION('',(-1.,0.,2.71050543121376E-16));
#13486=DIRECTION('',(-2.71050543121376E-16,0.,-1.));
#13487=DIRECTION('',(-0.999999999999997,0.,0.));
#13488=DIRECTION('',(-2.71050543121376E-16,0.,-1.));
#13489=DIRECTION('',(-1.,0.,2.71050543121376E-16));
#13490=DIRECTION('',(2.71050543121376E-16,0.,-1.));
#13491=DIRECTION('',(-0.999999999999997,0.,0.));
#13492=DIRECTION('',(-1.,0.,-2.71050543121376E-16));
#13493=DIRECTION('',(0.,1.,0.));
#13494=DIRECTION('',(-1.,0.,0.));
#13495=DIRECTION('',(1.,0.,2.71050543121376E-16));
#13496=DIRECTION('',(2.71050543121376E-16,0.,-1.));
#13497=DIRECTION('',(-1.,0.,-2.71050543121376E-16));
#13498=DIRECTION('',(0.,0.,1.));
#13499=DIRECTION('',(0.999999999999997,0.,0.));
#13500=DIRECTION('',(0.,0.,-1.));
#13501=DIRECTION('',(-0.999999999999997,0.,0.));
#13502=DIRECTION('',(0.,0.,1.));
#13503=DIRECTION('',(0.999999999999997,0.,0.));
#13504=DIRECTION('',(0.,0.,-1.));
#13505=DIRECTION('',(-0.999999999999997,0.,0.));
#13506=DIRECTION('',(-1.,0.,0.));
#13507=DIRECTION('',(0.,4.67462326157961E-16,-1.));
#13508=DIRECTION('',(-1.,0.,0.));
#13509=DIRECTION('',(0.,-5.71072173342173E-16,1.));
#13510=DIRECTION('',(1.,0.,0.));
#13511=DIRECTION('',(0.,0.,1.));
#13512=DIRECTION('',(0.,-1.,0.));
#13513=DIRECTION('',(0.,0.,-1.));
#13514=DIRECTION('',(0.,1.,0.));
#13515=DIRECTION('',(-1.,0.,0.));
#13516=DIRECTION('',(0.,-1.,0.));
#13517=DIRECTION('',(0.,0.,1.));
#13518=DIRECTION('',(0.999999999999997,0.,0.));
#13519=DIRECTION('',(0.,1.,0.));
#13520=DIRECTION('',(-1.,0.,0.));
#13521=DIRECTION('',(0.,-1.,0.));
#13522=DIRECTION('',(0.,0.,1.));
#13523=DIRECTION('',(0.999999999999997,0.,0.));
#13524=DIRECTION('',(-1.,0.,0.));
#13525=DIRECTION('',(-1.,0.,0.));
#13526=DIRECTION('',(0.,-1.,0.));
#13527=DIRECTION('',(-1.,0.,0.));
#13528=DIRECTION('',(0.,-1.,0.));
#13529=DIRECTION('',(-1.,0.,0.));
#13530=DIRECTION('',(0.,-1.,0.));
#13531=DIRECTION('',(-1.,0.,0.));
#13532=DIRECTION('',(0.,-1.,0.));
#13533=DIRECTION('',(0.,-1.,-4.33680868994202E-16));
#13534=DIRECTION('',(-1.,0.,0.));
#13535=DIRECTION('',(0.,-1.,-4.33680868994202E-16));
#13536=DIRECTION('',(0.,-1.,0.));
#13537=DIRECTION('',(-1.,0.,0.));
#13538=DIRECTION('',(0.,-1.,0.));
#13539=DIRECTION('',(0.,0.,1.));
#13540=DIRECTION('',(1.,0.,0.));
#13541=DIRECTION('',(-1.,0.,0.));
#13542=DIRECTION('',(0.,2.8161095389234E-16,-1.));
#13543=DIRECTION('',(0.,2.8161095389234E-16,-1.));
#13544=DIRECTION('',(0.,1.,2.8161095389234E-16));
#13545=DIRECTION('',(0.,-2.81675724411734E-16,1.));
#13546=DIRECTION('',(0.,1.,-2.33520467919955E-15));
#13547=DIRECTION('',(0.,0.999095840683121,-0.0425147166248135));
#13548=DIRECTION('',(1.,0.,0.));
#13549=DIRECTION('',(0.,0.,-1.));
#13550=DIRECTION('',(0.,1.,-2.33520467919955E-15));
#13551=DIRECTION('',(0.,0.999095840683121,-0.0425147166248135));
#13552=DIRECTION('',(1.,0.,0.));
#13553=DIRECTION('',(0.,0.,-1.));
#13554=DIRECTION('',(1.,0.,0.));
#13555=DIRECTION('',(0.,-2.33520467919955E-15,-1.));
#13556=DIRECTION('',(0.,1.,-2.33515463909928E-15));
#13557=DIRECTION('',(0.,1.,9.03501810404587E-17));
#13558=DIRECTION('',(-1.,0.,0.));
#13559=DIRECTION('',(0.,1.,9.03501810404587E-17));
#13560=DIRECTION('',(0.,1.,9.03501810404587E-17));
#13561=DIRECTION('',(-1.,0.,0.));
#13562=DIRECTION('',(0.,1.,9.03501810404587E-17));
#13563=DIRECTION('',(0.,1.,9.03501810404587E-17));
#13564=DIRECTION('',(-1.,0.,0.));
#13565=DIRECTION('',(0.,1.,9.03501810404587E-17));
#13566=DIRECTION('',(0.,1.,9.03501810404587E-17));
#13567=DIRECTION('',(-1.,0.,0.));
#13568=DIRECTION('',(0.,1.,9.03501810404587E-17));
#13569=DIRECTION('',(0.,1.,9.03501810404587E-17));
#13570=DIRECTION('',(-1.,0.,0.));
#13571=DIRECTION('',(0.,1.,9.03501810404587E-17));
#13572=DIRECTION('',(0.,1.,9.03501810404587E-17));
#13573=DIRECTION('',(-1.,0.,0.));
#13574=DIRECTION('',(0.,1.,9.03501810404587E-17));
#13575=DIRECTION('',(0.,1.,9.03501810404587E-17));
#13576=DIRECTION('',(-1.,0.,0.));
#13577=DIRECTION('',(0.,1.,9.03501810404587E-17));
#13578=DIRECTION('',(0.,1.,9.03501810404587E-17));
#13579=DIRECTION('',(-1.,0.,0.));
#13580=DIRECTION('',(0.,1.,9.03501810404587E-17));
#13581=DIRECTION('',(0.,1.,9.03501810404587E-17));
#13582=DIRECTION('',(-1.,0.,0.));
#13583=DIRECTION('',(0.,1.,9.03501810404587E-17));
#13584=DIRECTION('',(0.,1.,9.03501810404587E-17));
#13585=DIRECTION('',(-1.,0.,0.));
#13586=DIRECTION('',(0.,1.,9.03501810404587E-17));
#13587=DIRECTION('',(0.,1.,9.03501810404587E-17));
#13588=DIRECTION('',(-1.,0.,0.));
#13589=DIRECTION('',(0.,1.,9.03501810404587E-17));
#13590=DIRECTION('',(0.,1.,9.03501810404587E-17));
#13591=DIRECTION('',(-1.,0.,0.));
#13592=DIRECTION('',(0.,1.,9.03501810404587E-17));
#13593=DIRECTION('',(0.,1.,9.03501810404587E-17));
#13594=DIRECTION('',(-1.,0.,0.));
#13595=DIRECTION('',(0.,1.,9.03501810404587E-17));
#13596=DIRECTION('',(0.,1.,9.03501810404587E-17));
#13597=DIRECTION('',(-1.,0.,0.));
#13598=DIRECTION('',(0.,1.,9.03501810404587E-17));
#13599=DIRECTION('',(0.,1.,9.03501810404587E-17));
#13600=DIRECTION('',(-1.,0.,0.));
#13601=DIRECTION('',(0.,1.,9.03501810404587E-17));
#13602=DIRECTION('',(0.,1.,9.03501810404587E-17));
#13603=DIRECTION('',(-1.,0.,0.));
#13604=DIRECTION('',(0.,1.,9.03501810404587E-17));
#13605=DIRECTION('',(0.,1.,9.03501810404587E-17));
#13606=DIRECTION('',(-1.,0.,0.));
#13607=DIRECTION('',(0.,1.,9.03501810404587E-17));
#13608=DIRECTION('',(0.,1.,9.03501810404587E-17));
#13609=DIRECTION('',(-1.,0.,0.));
#13610=DIRECTION('',(0.,1.,9.03501810404587E-17));
#13611=DIRECTION('',(0.,1.,9.03501810404587E-17));
#13612=DIRECTION('',(-1.,0.,0.));
#13613=DIRECTION('',(0.,1.,9.03501810404587E-17));
#13614=DIRECTION('',(0.,1.,9.03501810404587E-17));
#13615=DIRECTION('',(-1.,0.,0.));
#13616=DIRECTION('',(0.,1.,9.03501810404587E-17));
#13617=DIRECTION('',(0.,1.,9.03501810404587E-17));
#13618=DIRECTION('',(-1.,0.,0.));
#13619=DIRECTION('',(0.,1.,9.03501810404587E-17));
#13620=DIRECTION('',(0.,1.,9.03501810404587E-17));
#13621=DIRECTION('',(-1.,0.,0.));
#13622=DIRECTION('',(0.,1.,9.03501810404587E-17));
#13623=DIRECTION('',(0.,1.,9.03501810404587E-17));
#13624=DIRECTION('',(-1.,0.,0.));
#13625=DIRECTION('',(0.,1.,9.03501810404587E-17));
#13626=DIRECTION('',(0.,-1.,-9.03501810404587E-17));
#13627=DIRECTION('',(1.,0.,4.74694471315895E-16));
#13628=DIRECTION('',(-1.,0.,0.));
#13629=DIRECTION('',(1.,0.,-4.74694471315895E-16));
#13630=DIRECTION('',(0.,-1.,-9.03501810404587E-17));
#13631=DIRECTION('',(0.,1.,9.03501810404587E-17));
#13632=DIRECTION('',(-1.,0.,0.));
#13633=DIRECTION('',(0.,1.,9.03501810404587E-17));
#13634=DIRECTION('',(0.,-9.03501810404587E-17,1.));
#13635=DIRECTION('',(0.,-1.,-9.03140409680425E-17));
#13636=DIRECTION('',(0.,0.,-1.));
#13637=DIRECTION('',(0.,0.,-1.));
#13638=DIRECTION('',(1.,0.,0.));
#13639=DIRECTION('',(0.,-1.,0.));
#13640=DIRECTION('',(0.,0.,-1.));
#13641=DIRECTION('',(0.,-0.999095840683121,0.0425147166248135));
#13642=DIRECTION('',(-1.,0.,0.));
#13643=DIRECTION('',(0.,-0.999095840683121,0.0425147166248135));
#13644=DIRECTION('',(1.,0.,0.));
#13645=DIRECTION('',(0.,-0.999095840683121,0.0425147166248135));
#13646=DIRECTION('',(-1.,0.,0.));
#13647=DIRECTION('',(0.,-0.999095840683121,0.0425147166248135));
#13648=DIRECTION('',(1.,0.,0.));
#13649=DIRECTION('',(0.,-0.999095840683121,0.0425147166248135));
#13650=DIRECTION('',(-1.,0.,0.));
#13651=DIRECTION('',(0.,-0.999095840683121,0.0425147166248135));
#13652=DIRECTION('',(1.,0.,0.));
#13653=DIRECTION('',(0.,-0.999095840683121,0.0425147166248135));
#13654=DIRECTION('',(-1.,0.,0.));
#13655=DIRECTION('',(0.,-0.999095840683121,0.0425147166248135));
#13656=DIRECTION('',(1.,0.,0.));
#13657=DIRECTION('',(0.,-0.999095840683121,0.0425147166248135));
#13658=DIRECTION('',(-1.,0.,0.));
#13659=DIRECTION('',(0.,-0.999095840683121,0.0425147166248135));
#13660=DIRECTION('',(1.,0.,0.));
#13661=DIRECTION('',(0.,-0.999095840683121,0.0425147166248135));
#13662=DIRECTION('',(-1.,0.,0.));
#13663=DIRECTION('',(0.,-0.999095840683121,0.0425147166248135));
#13664=DIRECTION('',(1.,0.,0.));
#13665=DIRECTION('',(0.,-0.999095840683121,0.0425147166248135));
#13666=DIRECTION('',(-1.,0.,0.));
#13667=DIRECTION('',(0.,-0.999095840683121,0.0425147166248135));
#13668=DIRECTION('',(1.,0.,0.));
#13669=DIRECTION('',(0.,-0.999095840683121,0.0425147166248135));
#13670=DIRECTION('',(-1.,0.,0.));
#13671=DIRECTION('',(0.,-0.999095840683121,0.0425147166248135));
#13672=DIRECTION('',(1.,0.,0.));
#13673=DIRECTION('',(0.,-0.999095840683121,0.0425147166248135));
#13674=DIRECTION('',(-1.,0.,0.));
#13675=DIRECTION('',(0.,-0.999095840683121,0.0425147166248135));
#13676=DIRECTION('',(1.,0.,0.));
#13677=DIRECTION('',(0.,-0.999095840683121,0.0425147166248135));
#13678=DIRECTION('',(-1.,0.,0.));
#13679=DIRECTION('',(0.,-0.999095840683121,0.0425147166248135));
#13680=DIRECTION('',(1.,0.,0.));
#13681=DIRECTION('',(0.,-0.999095840683121,0.0425147166248135));
#13682=DIRECTION('',(-1.,0.,0.));
#13683=DIRECTION('',(0.,-0.999095840683121,0.0425147166248135));
#13684=DIRECTION('',(1.,0.,0.));
#13685=DIRECTION('',(0.,-0.999095840683121,0.0425147166248135));
#13686=DIRECTION('',(-1.,0.,0.));
#13687=DIRECTION('',(0.,-0.999095840683121,0.0425147166248135));
#13688=DIRECTION('',(1.,0.,0.));
#13689=DIRECTION('',(0.,-0.999095840683121,0.0425147166248135));
#13690=DIRECTION('',(-1.,0.,0.));
#13691=DIRECTION('',(0.,-0.999095840683121,0.0425147166248135));
#13692=DIRECTION('',(1.,0.,0.));
#13693=DIRECTION('',(0.,-0.999095840683121,0.0425147166248135));
#13694=DIRECTION('',(-1.,0.,0.));
#13695=DIRECTION('',(0.,-0.999095840683121,0.0425147166248135));
#13696=DIRECTION('',(1.,0.,0.));
#13697=DIRECTION('',(0.,-0.999095840683121,0.0425147166248135));
#13698=DIRECTION('',(-1.,0.,0.));
#13699=DIRECTION('',(0.,-0.999095840683121,0.0425147166248135));
#13700=DIRECTION('',(1.,0.,0.));
#13701=DIRECTION('',(0.,-0.999095840683121,0.0425147166248135));
#13702=DIRECTION('',(-1.,0.,0.));
#13703=DIRECTION('',(0.,-0.999095840683121,0.0425147166248135));
#13704=DIRECTION('',(1.,0.,0.));
#13705=DIRECTION('',(0.,-0.999095840683121,0.0425147166248135));
#13706=DIRECTION('',(-1.,0.,0.));
#13707=DIRECTION('',(0.,-0.999095840683121,0.0425147166248135));
#13708=DIRECTION('',(1.,0.,0.));
#13709=DIRECTION('',(0.,-0.999095840683121,0.0425147166248135));
#13710=DIRECTION('',(-1.,0.,0.));
#13711=DIRECTION('',(0.,-0.999095840683121,0.0425147166248135));
#13712=DIRECTION('',(1.,0.,0.));
#13713=DIRECTION('',(0.,-0.999095840683121,0.0425147166248135));
#13714=DIRECTION('',(-1.,0.,0.));
#13715=DIRECTION('',(0.,-0.999095840683121,0.0425147166248135));
#13716=DIRECTION('',(1.,0.,0.));
#13717=DIRECTION('',(0.,-0.999095840683121,0.0425147166248135));
#13718=DIRECTION('',(-1.,0.,0.));
#13719=DIRECTION('',(0.,-0.999095840683121,0.0425147166248135));
#13720=DIRECTION('',(1.,0.,0.));
#13721=DIRECTION('',(0.,-0.999095840683121,0.0425147166248135));
#13722=DIRECTION('',(-1.,0.,0.));
#13723=DIRECTION('',(0.,-0.999095840683121,0.0425147166248135));
#13724=DIRECTION('',(1.,0.,0.));
#13725=DIRECTION('',(0.,-0.999095840683121,0.0425147166248135));
#13726=DIRECTION('',(-1.,0.,0.));
#13727=DIRECTION('',(0.,-0.999095840683121,0.0425147166248135));
#13728=DIRECTION('',(1.,0.,0.));
#13729=DIRECTION('',(0.,-0.999095840683121,0.0425147166248135));
#13730=DIRECTION('',(-1.,0.,0.));
#13731=DIRECTION('',(0.,-0.999095840683121,0.0425147166248135));
#13732=DIRECTION('',(1.,0.,0.));
#13733=DIRECTION('',(0.,-0.999095840683121,0.0425147166248135));
#13734=DIRECTION('',(-1.,0.,0.));
#13735=DIRECTION('',(0.,-0.999095840683121,0.0425147166248135));
#13736=DIRECTION('',(1.,0.,0.));
#13737=DIRECTION('',(0.,0.999095840683121,-0.0425147166248135));
#13738=DIRECTION('',(0.,0.999095840683121,-0.0425147166248135));
#13739=DIRECTION('',(0.,-0.0425147166248135,-0.999095840683121));
#13740=DIRECTION('',(0.,0.999095840683121,-0.0425147166248135));
#13741=DIRECTION('',(0.,0.,-1.));
#13742=DIRECTION('',(0.,-1.,0.));
#13743=DIRECTION('',(0.,0.,1.));
#13744=DIRECTION('',(1.,0.,0.));
#13745=DIRECTION('',(0.,0.,-1.));
#13746=DIRECTION('',(0.,0.,1.));
#13747=DIRECTION('',(0.,0.,1.));
#13748=DIRECTION('',(0.,-1.,0.));
#13749=DIRECTION('',(1.,0.,0.));
#13750=DIRECTION('',(0.,0.,-1.));
#13751=DIRECTION('',(0.,-1.,0.));
#13752=DIRECTION('',(0.,0.,1.));
#13753=DIRECTION('',(0.,0.,-1.));
#13754=DIRECTION('',(1.,0.,0.));
#13755=DIRECTION('',(0.,0.,-1.));
#13756=DIRECTION('',(0.,1.,0.));
#13757=DIRECTION('',(0.,0.,-1.));
#13758=DIRECTION('',(0.,0.,1.));
#13759=DIRECTION('',(-1.,0.,0.));
#13760=DIRECTION('',(0.,0.,1.));
#13761=DIRECTION('',(0.,0.,1.));
#13762=DIRECTION('',(0.999999999999997,0.,0.));
#13763=DIRECTION('',(0.,0.,-1.));
#13764=DIRECTION('',(-0.999999999999997,0.,0.));
#13765=DIRECTION('',(0.,-1.,0.));
#13766=DIRECTION('',(0.,0.,1.));
#13767=DIRECTION('',(0.,0.,-1.));
#13768=DIRECTION('',(1.,0.,0.));
#13769=DIRECTION('',(0.,0.,-1.));
#13770=DIRECTION('',(0.,1.,0.));
#13771=DIRECTION('',(0.,0.,-1.));
#13772=DIRECTION('',(0.,0.,1.));
#13773=DIRECTION('',(-1.,0.,0.));
#13774=DIRECTION('',(0.,0.,1.));
#13775=DIRECTION('',(0.,0.,1.));
#13776=DIRECTION('',(0.999999999999997,0.,0.));
#13777=DIRECTION('',(0.,0.,-1.));
#13778=DIRECTION('',(-0.999999999999997,0.,0.));
#13779=DIRECTION('',(0.,1.,0.));
#13780=DIRECTION('',(0.,0.,-1.));
#13781=DIRECTION('',(0.,-1.,0.));
#13782=DIRECTION('',(0.,0.,1.));
#13783=DIRECTION('',(-1.,0.,0.));
#13784=DIRECTION('',(0.,0.,1.));
#13785=DIRECTION('',(0.,1.,0.));
#13786=DIRECTION('',(0.,2.4093381610789E-16,-1.));
#13787=DIRECTION('',(0.,0.,1.));
#13788=DIRECTION('',(1.,0.,0.));
#13789=DIRECTION('',(0.,0.,-1.));
#13790=DIRECTION('',(-1.,0.,0.));
#13791=DIRECTION('',(1.,0.,0.));
#13792=DIRECTION('',(-1.,0.,0.));
#13793=DIRECTION('',(0.,0.,1.));
#13794=DIRECTION('',(1.,0.,0.));
#13795=DIRECTION('',(0.,1.,0.));
#13796=DIRECTION('',(0.,0.,-1.));
#13797=DIRECTION('',(0.,-1.,0.));
#13798=DIRECTION('',(0.,0.,1.));
#13799=DIRECTION('',(1.,0.,0.));
#13800=DIRECTION('',(0.,0.,-1.));
#13801=DIRECTION('',(-1.,0.,0.));
#13802=DIRECTION('',(-1.,0.,0.));
#13803=DIRECTION('',(-1.,0.,0.));
#13804=DIRECTION('',(0.,0.,1.));
#13805=DIRECTION('',(1.,0.,0.));
#13806=DIRECTION('',(1.,0.,1.89877788526358E-16));
#13807=DIRECTION('',(-1.,0.,-1.89877788526358E-16));
#13808=DIRECTION('',(-1.89877788526358E-16,0.,1.));
#13809=DIRECTION('',(1.,0.,1.8995222061946E-16));
#13810=DIRECTION('',(0.,-1.,0.));
#13811=DIRECTION('',(0.,0.,-1.));
#13812=DIRECTION('',(-1.,0.,1.89877788526358E-16));
#13813=DIRECTION('',(1.,0.,-1.89877788526358E-16));
#13814=DIRECTION('',(1.89877788526358E-16,0.,1.));
#13815=DIRECTION('',(1.,0.,-1.8995222061946E-16));
#13816=DIRECTION('',(0.,-1.,0.));
#13817=DIRECTION('',(0.,0.,-1.));
#13818=DIRECTION('',(0.,-1.,-2.4093381610789E-16));
#13819=DIRECTION('',(0.,2.40909722726279E-16,-1.));
#13820=DIRECTION('',(0.,1.,2.4093381610789E-16));
#13821=DIRECTION('',(0.,-2.40909722726279E-16,1.));
#13822=DIRECTION('',(0.,0.84178664071253,-0.539810384781465));
#13823=DIRECTION('',(-1.,0.,0.));
#13824=DIRECTION('',(0.,0.84178664071253,-0.539810384781465));
#13825=DIRECTION('',(-1.,0.,0.));
#13826=DIRECTION('',(0.,0.539810384781465,0.84178664071253));
#13827=DIRECTION('',(0.,-0.84178664071253,0.539810384781465));
#13828=DIRECTION('',(1.,0.,0.));
#13829=DIRECTION('',(0.,1.,0.));
#13830=DIRECTION('',(-1.,0.,0.));
#13831=DIRECTION('',(1.,0.,0.));
#13832=DIRECTION('',(0.,1.,0.));
#13833=DIRECTION('',(-1.,0.,0.));
#13834=DIRECTION('',(0.,0.,1.));
#13835=DIRECTION('',(0.,0.,1.));
#13836=DIRECTION('',(-1.,0.,0.));
#13837=DIRECTION('',(0.,0.,1.));
#13838=DIRECTION('',(0.,-1.,0.));
#13839=DIRECTION('',(0.,0.,-1.));
#13840=DIRECTION('',(0.,0.997690236372997,0.0679278458807146));
#13841=DIRECTION('',(1.,0.,0.));
#13842=DIRECTION('',(0.,1.,0.));
#13843=DIRECTION('',(1.,0.,0.));
#13844=DIRECTION('',(0.,0.,-1.));
#13845=DIRECTION('',(0.,0.997690236372997,0.0679278458807146));
#13846=DIRECTION('',(1.,0.,0.));
#13847=DIRECTION('',(0.,1.,0.));
#13848=DIRECTION('',(1.,0.,0.));
#13849=DIRECTION('',(0.,0.,-1.));
#13850=DIRECTION('',(-1.,0.,0.));
#13851=DIRECTION('',(0.,0.,1.));
#13852=DIRECTION('',(0.,-0.0679278458807146,0.997690236372997));
#13853=DIRECTION('',(0.,-0.997690236372997,-0.0679278458807146));
#13854=DIRECTION('',(1.,0.,0.));
#13855=DIRECTION('',(0.,1.,0.));
#13856=DIRECTION('',(0.,-1.,0.));
#13857=DIRECTION('',(1.,0.,0.));
#13858=DIRECTION('',(0.,0.,-1.));
#13859=DIRECTION('',(1.,0.,0.));
#13860=DIRECTION('',(0.,1.,0.));
#13861=DIRECTION('',(0.,-1.,0.));
#13862=DIRECTION('',(1.,0.,0.));
#13863=DIRECTION('',(0.,0.,-1.));
#13864=DIRECTION('',(-1.,0.,0.));
#13865=DIRECTION('',(0.,0.,-1.));
#13866=DIRECTION('',(-1.,0.,0.));
#13867=DIRECTION('',(-1.,0.,0.));
#13868=DIRECTION('',(0.,0.,1.));
#13869=DIRECTION('',(0.,-1.,-6.19544098563148E-16));
#13870=DIRECTION('',(0.,-1.,-6.19544098563148E-16));
#13871=DIRECTION('',(-1.,0.,0.));
#13872=DIRECTION('',(0.,6.19544098563148E-16,-1.));
#13873=DIRECTION('',(0.,1.,6.19513121358217E-16));
#13874=DIRECTION('',(0.,0.,-1.));
#13875=DIRECTION('',(0.,1.,0.));
#13876=DIRECTION('',(0.,0.,1.));
#13877=DIRECTION('',(0.,-1.,-2.71050543121376E-16));
#13878=DIRECTION('',(0.,0.,1.));
#13879=DIRECTION('',(1.,0.,0.));
#13880=DIRECTION('',(0.,0.,-1.));
#13881=DIRECTION('',(0.,0.,1.));
#13882=DIRECTION('',(0.,-1.,-2.71050543121376E-16));
#13883=DIRECTION('',(0.,0.,1.));
#13884=DIRECTION('',(0.,1.,0.));
#13885=DIRECTION('',(0.,0.,-1.));
#13886=DIRECTION('',(1.,0.,0.));
#13887=DIRECTION('',(0.,0.,-1.));
#13888=DIRECTION('',(-1.,0.,0.));
#13889=DIRECTION('',(0.,1.,0.));
#13890=DIRECTION('',(0.,0.,1.));
#13891=DIRECTION('',(-1.,0.,0.));
#13892=DIRECTION('',(0.,0.,1.));
#13893=DIRECTION('',(1.,0.,0.));
#13894=DIRECTION('',(-1.,0.,0.));
#13895=DIRECTION('',(0.,-1.,0.));
#13896=DIRECTION('',(0.,0.,-1.));
#13897=DIRECTION('',(-1.,0.,0.));
#13898=DIRECTION('',(0.,2.71050543121376E-16,-1.));
#13899=DIRECTION('',(0.,1.,2.71050543121376E-16));
#13900=DIRECTION('',(0.,-1.,0.));
#13901=DIRECTION('',(0.,0.,-1.));
#13902=DIRECTION('',(0.,0.84178664071253,-0.539810384781465));
#13903=DIRECTION('',(-1.,0.,0.));
#13904=DIRECTION('',(0.,0.84178664071253,-0.539810384781465));
#13905=DIRECTION('',(-1.,0.,0.));
#13906=DIRECTION('',(0.,0.539810384781465,0.84178664071253));
#13907=DIRECTION('',(0.,-0.84178664071253,0.539810384781465));
#13908=DIRECTION('',(1.,0.,0.));
#13909=DIRECTION('',(0.,1.,0.));
#13910=DIRECTION('',(-1.,0.,0.));
#13911=DIRECTION('',(1.,0.,0.));
#13912=DIRECTION('',(0.,1.,0.));
#13913=DIRECTION('',(-1.,0.,0.));
#13914=DIRECTION('',(0.,0.,1.));
#13915=DIRECTION('',(0.,0.,1.));
#13916=DIRECTION('',(-1.,0.,0.));
#13917=DIRECTION('',(0.,0.,1.));
#13918=DIRECTION('',(0.,-1.,0.));
#13919=DIRECTION('',(0.,0.,-1.));
#13920=DIRECTION('',(0.,0.997690236372997,0.0679278458807146));
#13921=DIRECTION('',(1.,0.,0.));
#13922=DIRECTION('',(0.,1.,0.));
#13923=DIRECTION('',(1.,0.,0.));
#13924=DIRECTION('',(0.,0.,-1.));
#13925=DIRECTION('',(0.,0.997690236372997,0.0679278458807146));
#13926=DIRECTION('',(1.,0.,0.));
#13927=DIRECTION('',(0.,1.,0.));
#13928=DIRECTION('',(1.,0.,0.));
#13929=DIRECTION('',(0.,0.,-1.));
#13930=DIRECTION('',(-1.,0.,0.));
#13931=DIRECTION('',(0.,0.,1.));
#13932=DIRECTION('',(0.,-0.0679278458807146,0.997690236372997));
#13933=DIRECTION('',(0.,-0.997690236372997,-0.0679278458807146));
#13934=DIRECTION('',(0.,0.84178664071253,-0.539810384781465));
#13935=DIRECTION('',(-1.,0.,0.));
#13936=DIRECTION('',(0.,0.84178664071253,-0.539810384781465));
#13937=DIRECTION('',(-1.,0.,0.));
#13938=DIRECTION('',(0.,0.539810384781465,0.84178664071253));
#13939=DIRECTION('',(0.,-0.84178664071253,0.539810384781465));
#13940=DIRECTION('',(1.,0.,0.));
#13941=DIRECTION('',(0.,1.,0.));
#13942=DIRECTION('',(-1.,0.,0.));
#13943=DIRECTION('',(1.,0.,0.));
#13944=DIRECTION('',(0.,1.,0.));
#13945=DIRECTION('',(-1.,0.,0.));
#13946=DIRECTION('',(0.,0.,1.));
#13947=DIRECTION('',(0.,0.,1.));
#13948=DIRECTION('',(-1.,0.,0.));
#13949=DIRECTION('',(0.,0.,1.));
#13950=DIRECTION('',(0.,-1.,0.));
#13951=DIRECTION('',(0.,0.,-1.));
#13952=DIRECTION('',(0.,0.997690236372997,0.0679278458807146));
#13953=DIRECTION('',(1.,0.,0.));
#13954=DIRECTION('',(0.,1.,0.));
#13955=DIRECTION('',(1.,0.,0.));
#13956=DIRECTION('',(0.,0.,-1.));
#13957=DIRECTION('',(0.,0.997690236372997,0.0679278458807146));
#13958=DIRECTION('',(1.,0.,0.));
#13959=DIRECTION('',(0.,1.,0.));
#13960=DIRECTION('',(1.,0.,0.));
#13961=DIRECTION('',(0.,0.,-1.));
#13962=DIRECTION('',(-1.,0.,0.));
#13963=DIRECTION('',(0.,0.,1.));
#13964=DIRECTION('',(0.,-0.0679278458807146,0.997690236372997));
#13965=DIRECTION('',(0.,-0.997690236372997,-0.0679278458807146));
#13966=DIRECTION('',(0.,0.84178664071253,-0.539810384781465));
#13967=DIRECTION('',(-1.,0.,0.));
#13968=DIRECTION('',(0.,0.84178664071253,-0.539810384781465));
#13969=DIRECTION('',(-1.,0.,0.));
#13970=DIRECTION('',(0.,0.539810384781465,0.84178664071253));
#13971=DIRECTION('',(0.,-0.84178664071253,0.539810384781465));
#13972=DIRECTION('',(1.,0.,0.));
#13973=DIRECTION('',(0.,1.,0.));
#13974=DIRECTION('',(-1.,0.,0.));
#13975=DIRECTION('',(1.,0.,0.));
#13976=DIRECTION('',(0.,1.,0.));
#13977=DIRECTION('',(-1.,0.,0.));
#13978=DIRECTION('',(0.,0.,1.));
#13979=DIRECTION('',(0.,0.,1.));
#13980=DIRECTION('',(-1.,0.,0.));
#13981=DIRECTION('',(0.,0.,1.));
#13982=DIRECTION('',(0.,-1.,0.));
#13983=DIRECTION('',(0.,0.,-1.));
#13984=DIRECTION('',(0.,0.997690236372997,0.0679278458807146));
#13985=DIRECTION('',(1.,0.,0.));
#13986=DIRECTION('',(0.,1.,0.));
#13987=DIRECTION('',(1.,0.,0.));
#13988=DIRECTION('',(0.,0.,-1.));
#13989=DIRECTION('',(0.,0.997690236372997,0.0679278458807146));
#13990=DIRECTION('',(1.,0.,0.));
#13991=DIRECTION('',(0.,1.,0.));
#13992=DIRECTION('',(1.,0.,0.));
#13993=DIRECTION('',(0.,0.,-1.));
#13994=DIRECTION('',(-1.,0.,0.));
#13995=DIRECTION('',(0.,0.,1.));
#13996=DIRECTION('',(0.,-0.0679278458807146,0.997690236372997));
#13997=DIRECTION('',(0.,-0.997690236372997,-0.0679278458807146));
#13998=DIRECTION('',(0.,0.84178664071253,-0.539810384781465));
#13999=DIRECTION('',(-1.,0.,0.));
#14000=DIRECTION('',(0.,0.84178664071253,-0.539810384781465));
#14001=DIRECTION('',(-1.,0.,0.));
#14002=DIRECTION('',(0.,0.539810384781465,0.84178664071253));
#14003=DIRECTION('',(0.,-0.84178664071253,0.539810384781465));
#14004=DIRECTION('',(1.,0.,0.));
#14005=DIRECTION('',(0.,1.,0.));
#14006=DIRECTION('',(-1.,0.,0.));
#14007=DIRECTION('',(1.,0.,0.));
#14008=DIRECTION('',(0.,1.,0.));
#14009=DIRECTION('',(-1.,0.,0.));
#14010=DIRECTION('',(0.,0.,1.));
#14011=DIRECTION('',(0.,0.,1.));
#14012=DIRECTION('',(-1.,0.,0.));
#14013=DIRECTION('',(0.,0.,1.));
#14014=DIRECTION('',(0.,-1.,0.));
#14015=DIRECTION('',(0.,0.,-1.));
#14016=DIRECTION('',(0.,0.997690236372997,0.0679278458807146));
#14017=DIRECTION('',(1.,0.,0.));
#14018=DIRECTION('',(0.,1.,0.));
#14019=DIRECTION('',(1.,0.,0.));
#14020=DIRECTION('',(0.,0.,-1.));
#14021=DIRECTION('',(0.,0.997690236372997,0.0679278458807146));
#14022=DIRECTION('',(1.,0.,0.));
#14023=DIRECTION('',(0.,1.,0.));
#14024=DIRECTION('',(1.,0.,0.));
#14025=DIRECTION('',(0.,0.,-1.));
#14026=DIRECTION('',(-1.,0.,0.));
#14027=DIRECTION('',(0.,0.,1.));
#14028=DIRECTION('',(0.,-0.0679278458807146,0.997690236372997));
#14029=DIRECTION('',(0.,-0.997690236372997,-0.0679278458807146));
#14030=DIRECTION('',(0.,0.84178664071253,-0.539810384781465));
#14031=DIRECTION('',(-1.,0.,0.));
#14032=DIRECTION('',(0.,0.84178664071253,-0.539810384781465));
#14033=DIRECTION('',(-1.,0.,0.));
#14034=DIRECTION('',(0.,0.539810384781465,0.84178664071253));
#14035=DIRECTION('',(0.,-0.84178664071253,0.539810384781465));
#14036=DIRECTION('',(1.,0.,0.));
#14037=DIRECTION('',(0.,1.,0.));
#14038=DIRECTION('',(-1.,0.,0.));
#14039=DIRECTION('',(1.,0.,0.));
#14040=DIRECTION('',(0.,1.,0.));
#14041=DIRECTION('',(-1.,0.,0.));
#14042=DIRECTION('',(0.,0.,1.));
#14043=DIRECTION('',(0.,0.,1.));
#14044=DIRECTION('',(-1.,0.,0.));
#14045=DIRECTION('',(0.,0.,1.));
#14046=DIRECTION('',(0.,-1.,0.));
#14047=DIRECTION('',(0.,0.,-1.));
#14048=DIRECTION('',(0.,0.997690236372997,0.0679278458807146));
#14049=DIRECTION('',(1.,0.,0.));
#14050=DIRECTION('',(0.,1.,0.));
#14051=DIRECTION('',(1.,0.,0.));
#14052=DIRECTION('',(0.,0.,-1.));
#14053=DIRECTION('',(0.,0.997690236372997,0.0679278458807146));
#14054=DIRECTION('',(1.,0.,0.));
#14055=DIRECTION('',(0.,1.,0.));
#14056=DIRECTION('',(1.,0.,0.));
#14057=DIRECTION('',(0.,0.,-1.));
#14058=DIRECTION('',(-1.,0.,0.));
#14059=DIRECTION('',(0.,0.,1.));
#14060=DIRECTION('',(0.,-0.0679278458807146,0.997690236372997));
#14061=DIRECTION('',(0.,-0.997690236372997,-0.0679278458807146));
#14062=DIRECTION('',(0.,0.84178664071253,-0.539810384781465));
#14063=DIRECTION('',(-1.,0.,0.));
#14064=DIRECTION('',(0.,0.84178664071253,-0.539810384781465));
#14065=DIRECTION('',(-1.,0.,0.));
#14066=DIRECTION('',(0.,0.539810384781465,0.84178664071253));
#14067=DIRECTION('',(0.,-0.84178664071253,0.539810384781465));
#14068=DIRECTION('',(1.,0.,0.));
#14069=DIRECTION('',(0.,1.,0.));
#14070=DIRECTION('',(-1.,0.,0.));
#14071=DIRECTION('',(1.,0.,0.));
#14072=DIRECTION('',(0.,1.,0.));
#14073=DIRECTION('',(-1.,0.,0.));
#14074=DIRECTION('',(0.,0.,1.));
#14075=DIRECTION('',(0.,0.,1.));
#14076=DIRECTION('',(-1.,0.,0.));
#14077=DIRECTION('',(0.,0.,1.));
#14078=DIRECTION('',(0.,-1.,0.));
#14079=DIRECTION('',(0.,0.,-1.));
#14080=DIRECTION('',(0.,0.997690236372997,0.0679278458807146));
#14081=DIRECTION('',(1.,0.,0.));
#14082=DIRECTION('',(0.,1.,0.));
#14083=DIRECTION('',(1.,0.,0.));
#14084=DIRECTION('',(0.,0.,-1.));
#14085=DIRECTION('',(0.,0.997690236372997,0.0679278458807146));
#14086=DIRECTION('',(1.,0.,0.));
#14087=DIRECTION('',(0.,1.,0.));
#14088=DIRECTION('',(1.,0.,0.));
#14089=DIRECTION('',(0.,0.,-1.));
#14090=DIRECTION('',(-1.,0.,0.));
#14091=DIRECTION('',(0.,0.,1.));
#14092=DIRECTION('',(0.,-0.0679278458807146,0.997690236372997));
#14093=DIRECTION('',(0.,-0.997690236372997,-0.0679278458807146));
#14094=DIRECTION('',(0.,0.84178664071253,-0.539810384781465));
#14095=DIRECTION('',(-1.,0.,0.));
#14096=DIRECTION('',(0.,0.84178664071253,-0.539810384781465));
#14097=DIRECTION('',(-1.,0.,0.));
#14098=DIRECTION('',(0.,0.539810384781465,0.84178664071253));
#14099=DIRECTION('',(0.,-0.84178664071253,0.539810384781465));
#14100=DIRECTION('',(1.,0.,0.));
#14101=DIRECTION('',(0.,1.,0.));
#14102=DIRECTION('',(-1.,0.,0.));
#14103=DIRECTION('',(1.,0.,0.));
#14104=DIRECTION('',(0.,1.,0.));
#14105=DIRECTION('',(-1.,0.,0.));
#14106=DIRECTION('',(0.,0.,1.));
#14107=DIRECTION('',(0.,0.,1.));
#14108=DIRECTION('',(-1.,0.,0.));
#14109=DIRECTION('',(0.,0.,1.));
#14110=DIRECTION('',(0.,-1.,0.));
#14111=DIRECTION('',(0.,0.,-1.));
#14112=DIRECTION('',(0.,0.997690236372997,0.0679278458807146));
#14113=DIRECTION('',(1.,0.,0.));
#14114=DIRECTION('',(0.,1.,0.));
#14115=DIRECTION('',(1.,0.,0.));
#14116=DIRECTION('',(0.,0.,-1.));
#14117=DIRECTION('',(0.,0.997690236372997,0.0679278458807146));
#14118=DIRECTION('',(1.,0.,0.));
#14119=DIRECTION('',(0.,1.,0.));
#14120=DIRECTION('',(1.,0.,0.));
#14121=DIRECTION('',(0.,0.,-1.));
#14122=DIRECTION('',(-1.,0.,0.));
#14123=DIRECTION('',(0.,0.,1.));
#14124=DIRECTION('',(0.,-0.0679278458807146,0.997690236372997));
#14125=DIRECTION('',(0.,-0.997690236372997,-0.0679278458807146));
#14126=DIRECTION('',(0.,0.84178664071253,-0.539810384781465));
#14127=DIRECTION('',(-1.,0.,0.));
#14128=DIRECTION('',(0.,0.84178664071253,-0.539810384781465));
#14129=DIRECTION('',(-1.,0.,0.));
#14130=DIRECTION('',(0.,0.539810384781465,0.84178664071253));
#14131=DIRECTION('',(0.,-0.84178664071253,0.539810384781465));
#14132=DIRECTION('',(1.,0.,0.));
#14133=DIRECTION('',(0.,1.,0.));
#14134=DIRECTION('',(-1.,0.,0.));
#14135=DIRECTION('',(1.,0.,0.));
#14136=DIRECTION('',(0.,1.,0.));
#14137=DIRECTION('',(-1.,0.,0.));
#14138=DIRECTION('',(0.,0.,1.));
#14139=DIRECTION('',(0.,0.,1.));
#14140=DIRECTION('',(-1.,0.,0.));
#14141=DIRECTION('',(0.,0.,1.));
#14142=DIRECTION('',(0.,-1.,0.));
#14143=DIRECTION('',(0.,0.,-1.));
#14144=DIRECTION('',(0.,0.997690236372997,0.0679278458807146));
#14145=DIRECTION('',(1.,0.,0.));
#14146=DIRECTION('',(0.,1.,0.));
#14147=DIRECTION('',(1.,0.,0.));
#14148=DIRECTION('',(0.,0.,-1.));
#14149=DIRECTION('',(0.,0.997690236372997,0.0679278458807146));
#14150=DIRECTION('',(1.,0.,0.));
#14151=DIRECTION('',(0.,1.,0.));
#14152=DIRECTION('',(1.,0.,0.));
#14153=DIRECTION('',(0.,0.,-1.));
#14154=DIRECTION('',(-1.,0.,0.));
#14155=DIRECTION('',(0.,0.,1.));
#14156=DIRECTION('',(0.,-0.0679278458807146,0.997690236372997));
#14157=DIRECTION('',(0.,-0.997690236372997,-0.0679278458807146));
#14158=DIRECTION('',(0.,0.84178664071253,-0.539810384781465));
#14159=DIRECTION('',(-1.,0.,0.));
#14160=DIRECTION('',(0.,0.84178664071253,-0.539810384781465));
#14161=DIRECTION('',(-1.,0.,0.));
#14162=DIRECTION('',(0.,0.539810384781465,0.84178664071253));
#14163=DIRECTION('',(0.,-0.84178664071253,0.539810384781465));
#14164=DIRECTION('',(1.,0.,0.));
#14165=DIRECTION('',(0.,1.,0.));
#14166=DIRECTION('',(-1.,0.,0.));
#14167=DIRECTION('',(1.,0.,0.));
#14168=DIRECTION('',(0.,1.,0.));
#14169=DIRECTION('',(-1.,0.,0.));
#14170=DIRECTION('',(0.,0.,1.));
#14171=DIRECTION('',(0.,0.,1.));
#14172=DIRECTION('',(-1.,0.,0.));
#14173=DIRECTION('',(0.,0.,1.));
#14174=DIRECTION('',(0.,-1.,0.));
#14175=DIRECTION('',(0.,0.,-1.));
#14176=DIRECTION('',(0.,0.997690236372997,0.0679278458807146));
#14177=DIRECTION('',(1.,0.,0.));
#14178=DIRECTION('',(0.,1.,0.));
#14179=DIRECTION('',(1.,0.,0.));
#14180=DIRECTION('',(0.,0.,-1.));
#14181=DIRECTION('',(0.,0.997690236372997,0.0679278458807146));
#14182=DIRECTION('',(1.,0.,0.));
#14183=DIRECTION('',(0.,1.,0.));
#14184=DIRECTION('',(1.,0.,0.));
#14185=DIRECTION('',(0.,0.,-1.));
#14186=DIRECTION('',(-1.,0.,0.));
#14187=DIRECTION('',(0.,0.,1.));
#14188=DIRECTION('',(0.,-0.0679278458807146,0.997690236372997));
#14189=DIRECTION('',(0.,-0.997690236372997,-0.0679278458807146));
#14190=DIRECTION('',(0.,0.84178664071253,-0.539810384781465));
#14191=DIRECTION('',(-1.,0.,0.));
#14192=DIRECTION('',(0.,0.84178664071253,-0.539810384781465));
#14193=DIRECTION('',(-1.,0.,0.));
#14194=DIRECTION('',(0.,0.539810384781465,0.84178664071253));
#14195=DIRECTION('',(0.,-0.84178664071253,0.539810384781465));
#14196=DIRECTION('',(1.,0.,0.));
#14197=DIRECTION('',(0.,1.,0.));
#14198=DIRECTION('',(-1.,0.,0.));
#14199=DIRECTION('',(1.,0.,0.));
#14200=DIRECTION('',(0.,1.,0.));
#14201=DIRECTION('',(-1.,0.,0.));
#14202=DIRECTION('',(0.,0.,1.));
#14203=DIRECTION('',(0.,0.,1.));
#14204=DIRECTION('',(-1.,0.,0.));
#14205=DIRECTION('',(0.,0.,1.));
#14206=DIRECTION('',(0.,-1.,0.));
#14207=DIRECTION('',(0.,0.,-1.));
#14208=DIRECTION('',(0.,0.997690236372997,0.0679278458807146));
#14209=DIRECTION('',(1.,0.,0.));
#14210=DIRECTION('',(0.,1.,0.));
#14211=DIRECTION('',(1.,0.,0.));
#14212=DIRECTION('',(0.,0.,-1.));
#14213=DIRECTION('',(0.,0.997690236372997,0.0679278458807146));
#14214=DIRECTION('',(1.,0.,0.));
#14215=DIRECTION('',(0.,1.,0.));
#14216=DIRECTION('',(1.,0.,0.));
#14217=DIRECTION('',(0.,0.,-1.));
#14218=DIRECTION('',(-1.,0.,0.));
#14219=DIRECTION('',(0.,0.,1.));
#14220=DIRECTION('',(0.,-0.0679278458807146,0.997690236372997));
#14221=DIRECTION('',(0.,-0.997690236372997,-0.0679278458807146));
#14222=DIRECTION('',(0.,0.84178664071253,-0.539810384781465));
#14223=DIRECTION('',(-1.,0.,0.));
#14224=DIRECTION('',(0.,0.84178664071253,-0.539810384781465));
#14225=DIRECTION('',(-1.,0.,0.));
#14226=DIRECTION('',(0.,0.539810384781465,0.84178664071253));
#14227=DIRECTION('',(0.,-0.84178664071253,0.539810384781465));
#14228=DIRECTION('',(1.,0.,0.));
#14229=DIRECTION('',(0.,1.,0.));
#14230=DIRECTION('',(-1.,0.,0.));
#14231=DIRECTION('',(1.,0.,0.));
#14232=DIRECTION('',(0.,1.,0.));
#14233=DIRECTION('',(-1.,0.,0.));
#14234=DIRECTION('',(0.,0.,1.));
#14235=DIRECTION('',(0.,0.,1.));
#14236=DIRECTION('',(-1.,0.,0.));
#14237=DIRECTION('',(0.,0.,1.));
#14238=DIRECTION('',(0.,-1.,0.));
#14239=DIRECTION('',(0.,0.,-1.));
#14240=DIRECTION('',(0.,0.997690236372997,0.0679278458807146));
#14241=DIRECTION('',(1.,0.,0.));
#14242=DIRECTION('',(0.,1.,0.));
#14243=DIRECTION('',(1.,0.,0.));
#14244=DIRECTION('',(0.,0.,-1.));
#14245=DIRECTION('',(0.,0.997690236372997,0.0679278458807146));
#14246=DIRECTION('',(1.,0.,0.));
#14247=DIRECTION('',(0.,1.,0.));
#14248=DIRECTION('',(1.,0.,0.));
#14249=DIRECTION('',(0.,0.,-1.));
#14250=DIRECTION('',(-1.,0.,0.));
#14251=DIRECTION('',(0.,0.,1.));
#14252=DIRECTION('',(0.,-0.0679278458807146,0.997690236372997));
#14253=DIRECTION('',(0.,-0.997690236372997,-0.0679278458807146));
#14254=DIRECTION('',(0.,0.84178664071253,-0.539810384781465));
#14255=DIRECTION('',(-1.,0.,0.));
#14256=DIRECTION('',(0.,0.84178664071253,-0.539810384781465));
#14257=DIRECTION('',(-1.,0.,0.));
#14258=DIRECTION('',(0.,0.539810384781465,0.84178664071253));
#14259=DIRECTION('',(0.,-0.84178664071253,0.539810384781465));
#14260=DIRECTION('',(1.,0.,0.));
#14261=DIRECTION('',(0.,1.,0.));
#14262=DIRECTION('',(-1.,0.,0.));
#14263=DIRECTION('',(1.,0.,0.));
#14264=DIRECTION('',(0.,1.,0.));
#14265=DIRECTION('',(-1.,0.,0.));
#14266=DIRECTION('',(0.,0.,1.));
#14267=DIRECTION('',(0.,0.,1.));
#14268=DIRECTION('',(-1.,0.,0.));
#14269=DIRECTION('',(0.,0.,1.));
#14270=DIRECTION('',(0.,-1.,0.));
#14271=DIRECTION('',(0.,0.,-1.));
#14272=DIRECTION('',(0.,0.997690236372997,0.0679278458807146));
#14273=DIRECTION('',(1.,0.,0.));
#14274=DIRECTION('',(0.,1.,0.));
#14275=DIRECTION('',(1.,0.,0.));
#14276=DIRECTION('',(0.,0.,-1.));
#14277=DIRECTION('',(0.,0.997690236372997,0.0679278458807146));
#14278=DIRECTION('',(1.,0.,0.));
#14279=DIRECTION('',(0.,1.,0.));
#14280=DIRECTION('',(1.,0.,0.));
#14281=DIRECTION('',(0.,0.,-1.));
#14282=DIRECTION('',(-1.,0.,0.));
#14283=DIRECTION('',(0.,0.,1.));
#14284=DIRECTION('',(0.,-0.0679278458807146,0.997690236372997));
#14285=DIRECTION('',(0.,-0.997690236372997,-0.0679278458807146));
#14286=DIRECTION('',(0.,0.84178664071253,-0.539810384781465));
#14287=DIRECTION('',(-1.,0.,0.));
#14288=DIRECTION('',(0.,0.84178664071253,-0.539810384781465));
#14289=DIRECTION('',(-1.,0.,0.));
#14290=DIRECTION('',(0.,0.539810384781465,0.84178664071253));
#14291=DIRECTION('',(0.,-0.84178664071253,0.539810384781465));
#14292=DIRECTION('',(1.,0.,0.));
#14293=DIRECTION('',(0.,1.,0.));
#14294=DIRECTION('',(-1.,0.,0.));
#14295=DIRECTION('',(1.,0.,0.));
#14296=DIRECTION('',(0.,1.,0.));
#14297=DIRECTION('',(-1.,0.,0.));
#14298=DIRECTION('',(0.,0.,1.));
#14299=DIRECTION('',(0.,0.,1.));
#14300=DIRECTION('',(-1.,0.,0.));
#14301=DIRECTION('',(0.,0.,1.));
#14302=DIRECTION('',(0.,-1.,0.));
#14303=DIRECTION('',(0.,0.,-1.));
#14304=DIRECTION('',(0.,0.997690236372997,0.0679278458807146));
#14305=DIRECTION('',(1.,0.,0.));
#14306=DIRECTION('',(0.,1.,0.));
#14307=DIRECTION('',(1.,0.,0.));
#14308=DIRECTION('',(0.,0.,-1.));
#14309=DIRECTION('',(0.,0.997690236372997,0.0679278458807146));
#14310=DIRECTION('',(1.,0.,0.));
#14311=DIRECTION('',(0.,1.,0.));
#14312=DIRECTION('',(1.,0.,0.));
#14313=DIRECTION('',(0.,0.,-1.));
#14314=DIRECTION('',(-1.,0.,0.));
#14315=DIRECTION('',(0.,0.,1.));
#14316=DIRECTION('',(0.,-0.0679278458807146,0.997690236372997));
#14317=DIRECTION('',(0.,-0.997690236372997,-0.0679278458807146));
#14318=DIRECTION('',(0.,0.84178664071253,-0.539810384781465));
#14319=DIRECTION('',(-1.,0.,0.));
#14320=DIRECTION('',(0.,0.84178664071253,-0.539810384781465));
#14321=DIRECTION('',(-1.,0.,0.));
#14322=DIRECTION('',(0.,0.539810384781465,0.84178664071253));
#14323=DIRECTION('',(0.,-0.84178664071253,0.539810384781465));
#14324=DIRECTION('',(1.,0.,0.));
#14325=DIRECTION('',(0.,1.,0.));
#14326=DIRECTION('',(-1.,0.,0.));
#14327=DIRECTION('',(1.,0.,0.));
#14328=DIRECTION('',(0.,1.,0.));
#14329=DIRECTION('',(-1.,0.,0.));
#14330=DIRECTION('',(0.,0.,1.));
#14331=DIRECTION('',(0.,0.,1.));
#14332=DIRECTION('',(-1.,0.,0.));
#14333=DIRECTION('',(0.,0.,1.));
#14334=DIRECTION('',(0.,-1.,0.));
#14335=DIRECTION('',(0.,0.,-1.));
#14336=DIRECTION('',(0.,0.997690236372997,0.0679278458807146));
#14337=DIRECTION('',(1.,0.,0.));
#14338=DIRECTION('',(0.,1.,0.));
#14339=DIRECTION('',(1.,0.,0.));
#14340=DIRECTION('',(0.,0.,-1.));
#14341=DIRECTION('',(0.,0.997690236372997,0.0679278458807146));
#14342=DIRECTION('',(1.,0.,0.));
#14343=DIRECTION('',(0.,1.,0.));
#14344=DIRECTION('',(1.,0.,0.));
#14345=DIRECTION('',(0.,0.,-1.));
#14346=DIRECTION('',(-1.,0.,0.));
#14347=DIRECTION('',(0.,0.,1.));
#14348=DIRECTION('',(0.,-0.0679278458807146,0.997690236372997));
#14349=DIRECTION('',(0.,-0.997690236372997,-0.0679278458807146));
#14350=DIRECTION('',(0.,0.84178664071253,-0.539810384781465));
#14351=DIRECTION('',(-1.,0.,0.));
#14352=DIRECTION('',(0.,0.84178664071253,-0.539810384781465));
#14353=DIRECTION('',(-1.,0.,0.));
#14354=DIRECTION('',(0.,0.539810384781465,0.84178664071253));
#14355=DIRECTION('',(0.,-0.84178664071253,0.539810384781465));
#14356=DIRECTION('',(1.,0.,0.));
#14357=DIRECTION('',(0.,1.,0.));
#14358=DIRECTION('',(-1.,0.,0.));
#14359=DIRECTION('',(1.,0.,0.));
#14360=DIRECTION('',(0.,1.,0.));
#14361=DIRECTION('',(-1.,0.,0.));
#14362=DIRECTION('',(0.,0.,1.));
#14363=DIRECTION('',(0.,0.,1.));
#14364=DIRECTION('',(-1.,0.,0.));
#14365=DIRECTION('',(0.,0.,1.));
#14366=DIRECTION('',(0.,-1.,0.));
#14367=DIRECTION('',(0.,0.,-1.));
#14368=DIRECTION('',(0.,0.997690236372997,0.0679278458807146));
#14369=DIRECTION('',(1.,0.,0.));
#14370=DIRECTION('',(0.,1.,0.));
#14371=DIRECTION('',(1.,0.,0.));
#14372=DIRECTION('',(0.,0.,-1.));
#14373=DIRECTION('',(0.,0.997690236372997,0.0679278458807146));
#14374=DIRECTION('',(1.,0.,0.));
#14375=DIRECTION('',(0.,1.,0.));
#14376=DIRECTION('',(1.,0.,0.));
#14377=DIRECTION('',(0.,0.,-1.));
#14378=DIRECTION('',(-1.,0.,0.));
#14379=DIRECTION('',(0.,0.,1.));
#14380=DIRECTION('',(0.,-0.0679278458807146,0.997690236372997));
#14381=DIRECTION('',(0.,-0.997690236372997,-0.0679278458807146));
#14382=DIRECTION('',(0.,0.84178664071253,-0.539810384781465));
#14383=DIRECTION('',(-1.,0.,0.));
#14384=DIRECTION('',(0.,0.84178664071253,-0.539810384781465));
#14385=DIRECTION('',(-1.,0.,0.));
#14386=DIRECTION('',(0.,0.539810384781465,0.84178664071253));
#14387=DIRECTION('',(0.,-0.84178664071253,0.539810384781465));
#14388=DIRECTION('',(1.,0.,0.));
#14389=DIRECTION('',(0.,1.,0.));
#14390=DIRECTION('',(-1.,0.,0.));
#14391=DIRECTION('',(1.,0.,0.));
#14392=DIRECTION('',(0.,1.,0.));
#14393=DIRECTION('',(-1.,0.,0.));
#14394=DIRECTION('',(0.,0.,1.));
#14395=DIRECTION('',(0.,0.,1.));
#14396=DIRECTION('',(-1.,0.,0.));
#14397=DIRECTION('',(0.,0.,1.));
#14398=DIRECTION('',(0.,-1.,0.));
#14399=DIRECTION('',(0.,0.,-1.));
#14400=DIRECTION('',(0.,0.997690236372997,0.0679278458807146));
#14401=DIRECTION('',(1.,0.,0.));
#14402=DIRECTION('',(0.,1.,0.));
#14403=DIRECTION('',(1.,0.,0.));
#14404=DIRECTION('',(0.,0.,-1.));
#14405=DIRECTION('',(0.,0.997690236372997,0.0679278458807146));
#14406=DIRECTION('',(1.,0.,0.));
#14407=DIRECTION('',(0.,1.,0.));
#14408=DIRECTION('',(1.,0.,0.));
#14409=DIRECTION('',(0.,0.,-1.));
#14410=DIRECTION('',(-1.,0.,0.));
#14411=DIRECTION('',(0.,0.,1.));
#14412=DIRECTION('',(0.,-0.0679278458807146,0.997690236372997));
#14413=DIRECTION('',(0.,-0.997690236372997,-0.0679278458807146));
#14414=DIRECTION('',(0.,0.84178664071253,-0.539810384781465));
#14415=DIRECTION('',(-1.,0.,0.));
#14416=DIRECTION('',(0.,0.84178664071253,-0.539810384781465));
#14417=DIRECTION('',(-1.,0.,0.));
#14418=DIRECTION('',(0.,0.539810384781465,0.84178664071253));
#14419=DIRECTION('',(0.,-0.84178664071253,0.539810384781465));
#14420=DIRECTION('',(1.,0.,0.));
#14421=DIRECTION('',(0.,1.,0.));
#14422=DIRECTION('',(-1.,0.,0.));
#14423=DIRECTION('',(1.,0.,0.));
#14424=DIRECTION('',(0.,1.,0.));
#14425=DIRECTION('',(-1.,0.,0.));
#14426=DIRECTION('',(0.,0.,1.));
#14427=DIRECTION('',(0.,0.,1.));
#14428=DIRECTION('',(-1.,0.,0.));
#14429=DIRECTION('',(0.,0.,1.));
#14430=DIRECTION('',(0.,-1.,0.));
#14431=DIRECTION('',(0.,0.,-1.));
#14432=DIRECTION('',(0.,0.997690236372997,0.0679278458807146));
#14433=DIRECTION('',(1.,0.,0.));
#14434=DIRECTION('',(0.,1.,0.));
#14435=DIRECTION('',(1.,0.,0.));
#14436=DIRECTION('',(0.,0.,-1.));
#14437=DIRECTION('',(0.,0.997690236372997,0.0679278458807146));
#14438=DIRECTION('',(1.,0.,0.));
#14439=DIRECTION('',(0.,1.,0.));
#14440=DIRECTION('',(1.,0.,0.));
#14441=DIRECTION('',(0.,0.,-1.));
#14442=DIRECTION('',(-1.,0.,0.));
#14443=DIRECTION('',(0.,0.,1.));
#14444=DIRECTION('',(0.,-0.0679278458807146,0.997690236372997));
#14445=DIRECTION('',(0.,-0.997690236372997,-0.0679278458807146));
#14446=DIRECTION('',(0.,0.84178664071253,-0.539810384781465));
#14447=DIRECTION('',(-1.,0.,0.));
#14448=DIRECTION('',(0.,0.84178664071253,-0.539810384781465));
#14449=DIRECTION('',(-1.,0.,0.));
#14450=DIRECTION('',(0.,0.539810384781465,0.84178664071253));
#14451=DIRECTION('',(0.,-0.84178664071253,0.539810384781465));
#14452=DIRECTION('',(1.,0.,0.));
#14453=DIRECTION('',(0.,1.,0.));
#14454=DIRECTION('',(-1.,0.,0.));
#14455=DIRECTION('',(1.,0.,0.));
#14456=DIRECTION('',(0.,1.,0.));
#14457=DIRECTION('',(-1.,0.,0.));
#14458=DIRECTION('',(0.,0.,1.));
#14459=DIRECTION('',(0.,0.,1.));
#14460=DIRECTION('',(-1.,0.,0.));
#14461=DIRECTION('',(0.,0.,1.));
#14462=DIRECTION('',(0.,-1.,0.));
#14463=DIRECTION('',(0.,0.,-1.));
#14464=DIRECTION('',(0.,0.997690236372997,0.0679278458807146));
#14465=DIRECTION('',(1.,0.,0.));
#14466=DIRECTION('',(0.,1.,0.));
#14467=DIRECTION('',(1.,0.,0.));
#14468=DIRECTION('',(0.,0.,-1.));
#14469=DIRECTION('',(0.,0.997690236372997,0.0679278458807146));
#14470=DIRECTION('',(1.,0.,0.));
#14471=DIRECTION('',(0.,1.,0.));
#14472=DIRECTION('',(1.,0.,0.));
#14473=DIRECTION('',(0.,0.,-1.));
#14474=DIRECTION('',(-1.,0.,0.));
#14475=DIRECTION('',(0.,0.,1.));
#14476=DIRECTION('',(0.,-0.0679278458807146,0.997690236372997));
#14477=DIRECTION('',(0.,-0.997690236372997,-0.0679278458807146));
#14478=DIRECTION('',(0.,0.84178664071253,-0.539810384781465));
#14479=DIRECTION('',(-1.,0.,0.));
#14480=DIRECTION('',(0.,0.84178664071253,-0.539810384781465));
#14481=DIRECTION('',(-1.,0.,0.));
#14482=DIRECTION('',(0.,0.539810384781465,0.84178664071253));
#14483=DIRECTION('',(0.,-0.84178664071253,0.539810384781465));
#14484=DIRECTION('',(1.,0.,0.));
#14485=DIRECTION('',(0.,1.,0.));
#14486=DIRECTION('',(-1.,0.,0.));
#14487=DIRECTION('',(1.,0.,0.));
#14488=DIRECTION('',(0.,1.,0.));
#14489=DIRECTION('',(-1.,0.,0.));
#14490=DIRECTION('',(0.,0.,1.));
#14491=DIRECTION('',(0.,0.,1.));
#14492=DIRECTION('',(-1.,0.,0.));
#14493=DIRECTION('',(0.,0.,1.));
#14494=DIRECTION('',(0.,-1.,0.));
#14495=DIRECTION('',(0.,0.,-1.));
#14496=DIRECTION('',(0.,0.997690236372997,0.0679278458807146));
#14497=DIRECTION('',(1.,0.,0.));
#14498=DIRECTION('',(0.,1.,0.));
#14499=DIRECTION('',(1.,0.,0.));
#14500=DIRECTION('',(0.,0.,-1.));
#14501=DIRECTION('',(0.,0.997690236372997,0.0679278458807146));
#14502=DIRECTION('',(1.,0.,0.));
#14503=DIRECTION('',(0.,1.,0.));
#14504=DIRECTION('',(1.,0.,0.));
#14505=DIRECTION('',(0.,0.,-1.));
#14506=DIRECTION('',(-1.,0.,0.));
#14507=DIRECTION('',(0.,0.,1.));
#14508=DIRECTION('',(0.,-0.0679278458807146,0.997690236372997));
#14509=DIRECTION('',(0.,-0.997690236372997,-0.0679278458807146));
#14510=DIRECTION('',(0.,0.84178664071253,-0.539810384781465));
#14511=DIRECTION('',(-1.,0.,0.));
#14512=DIRECTION('',(0.,0.84178664071253,-0.539810384781465));
#14513=DIRECTION('',(-1.,0.,0.));
#14514=DIRECTION('',(0.,0.539810384781465,0.84178664071253));
#14515=DIRECTION('',(0.,-0.84178664071253,0.539810384781465));
#14516=DIRECTION('',(1.,0.,0.));
#14517=DIRECTION('',(0.,1.,0.));
#14518=DIRECTION('',(-1.,0.,0.));
#14519=DIRECTION('',(1.,0.,0.));
#14520=DIRECTION('',(0.,1.,0.));
#14521=DIRECTION('',(-1.,0.,0.));
#14522=DIRECTION('',(0.,0.,1.));
#14523=DIRECTION('',(0.,0.,1.));
#14524=DIRECTION('',(-1.,0.,0.));
#14525=DIRECTION('',(0.,0.,1.));
#14526=DIRECTION('',(0.,-1.,0.));
#14527=DIRECTION('',(0.,0.,-1.));
#14528=DIRECTION('',(0.,0.997690236372997,0.0679278458807146));
#14529=DIRECTION('',(1.,0.,0.));
#14530=DIRECTION('',(0.,1.,0.));
#14531=DIRECTION('',(1.,0.,0.));
#14532=DIRECTION('',(0.,0.,-1.));
#14533=DIRECTION('',(0.,0.997690236372997,0.0679278458807146));
#14534=DIRECTION('',(1.,0.,0.));
#14535=DIRECTION('',(0.,1.,0.));
#14536=DIRECTION('',(1.,0.,0.));
#14537=DIRECTION('',(0.,0.,-1.));
#14538=DIRECTION('',(-1.,0.,0.));
#14539=DIRECTION('',(0.,0.,1.));
#14540=DIRECTION('',(0.,-0.0679278458807146,0.997690236372997));
#14541=DIRECTION('',(0.,-0.997690236372997,-0.0679278458807146));
#14542=DIRECTION('',(0.,0.84178664071253,-0.539810384781465));
#14543=DIRECTION('',(-1.,0.,0.));
#14544=DIRECTION('',(0.,0.84178664071253,-0.539810384781465));
#14545=DIRECTION('',(-1.,0.,0.));
#14546=DIRECTION('',(0.,0.539810384781465,0.84178664071253));
#14547=DIRECTION('',(0.,-0.84178664071253,0.539810384781465));
#14548=DIRECTION('',(1.,0.,0.));
#14549=DIRECTION('',(0.,1.,0.));
#14550=DIRECTION('',(-1.,0.,0.));
#14551=DIRECTION('',(1.,0.,0.));
#14552=DIRECTION('',(0.,1.,0.));
#14553=DIRECTION('',(-1.,0.,0.));
#14554=DIRECTION('',(0.,0.,1.));
#14555=DIRECTION('',(0.,0.,1.));
#14556=DIRECTION('',(-1.,0.,0.));
#14557=DIRECTION('',(0.,0.,1.));
#14558=DIRECTION('',(0.,-1.,0.));
#14559=DIRECTION('',(0.,0.,-1.));
#14560=DIRECTION('',(0.,0.997690236372997,0.0679278458807146));
#14561=DIRECTION('',(1.,0.,0.));
#14562=DIRECTION('',(0.,1.,0.));
#14563=DIRECTION('',(1.,0.,0.));
#14564=DIRECTION('',(0.,0.,-1.));
#14565=DIRECTION('',(0.,0.997690236372997,0.0679278458807146));
#14566=DIRECTION('',(1.,0.,0.));
#14567=DIRECTION('',(0.,1.,0.));
#14568=DIRECTION('',(1.,0.,0.));
#14569=DIRECTION('',(0.,0.,-1.));
#14570=DIRECTION('',(-1.,0.,0.));
#14571=DIRECTION('',(0.,0.,1.));
#14572=DIRECTION('',(0.,-0.0679278458807146,0.997690236372997));
#14573=DIRECTION('',(0.,-0.997690236372997,-0.0679278458807146));
#14574=DIRECTION('',(0.,0.84178664071253,-0.539810384781465));
#14575=DIRECTION('',(-1.,0.,0.));
#14576=DIRECTION('',(0.,0.84178664071253,-0.539810384781465));
#14577=DIRECTION('',(-1.,0.,0.));
#14578=DIRECTION('',(0.,0.539810384781465,0.84178664071253));
#14579=DIRECTION('',(0.,-0.84178664071253,0.539810384781465));
#14580=DIRECTION('',(1.,0.,0.));
#14581=DIRECTION('',(0.,1.,0.));
#14582=DIRECTION('',(-1.,0.,0.));
#14583=DIRECTION('',(1.,0.,0.));
#14584=DIRECTION('',(0.,1.,0.));
#14585=DIRECTION('',(-1.,0.,0.));
#14586=DIRECTION('',(0.,0.,1.));
#14587=DIRECTION('',(0.,0.,1.));
#14588=DIRECTION('',(-1.,0.,0.));
#14589=DIRECTION('',(0.,0.,1.));
#14590=DIRECTION('',(0.,-1.,0.));
#14591=DIRECTION('',(0.,0.,-1.));
#14592=DIRECTION('',(0.,0.997690236372997,0.0679278458807146));
#14593=DIRECTION('',(1.,0.,0.));
#14594=DIRECTION('',(0.,1.,0.));
#14595=DIRECTION('',(1.,0.,0.));
#14596=DIRECTION('',(0.,0.,-1.));
#14597=DIRECTION('',(0.,0.997690236372997,0.0679278458807146));
#14598=DIRECTION('',(1.,0.,0.));
#14599=DIRECTION('',(0.,1.,0.));
#14600=DIRECTION('',(1.,0.,0.));
#14601=DIRECTION('',(0.,0.,-1.));
#14602=DIRECTION('',(-1.,0.,0.));
#14603=DIRECTION('',(0.,0.,1.));
#14604=DIRECTION('',(0.,-0.0679278458807146,0.997690236372997));
#14605=DIRECTION('',(0.,-0.997690236372997,-0.0679278458807146));
#14606=DIRECTION('',(0.,0.84178664071253,-0.539810384781465));
#14607=DIRECTION('',(-1.,0.,0.));
#14608=DIRECTION('',(0.,0.84178664071253,-0.539810384781465));
#14609=DIRECTION('',(-1.,0.,0.));
#14610=DIRECTION('',(0.,0.539810384781465,0.84178664071253));
#14611=DIRECTION('',(0.,-0.84178664071253,0.539810384781465));
#14612=DIRECTION('',(1.,0.,0.));
#14613=DIRECTION('',(0.,1.,0.));
#14614=DIRECTION('',(-1.,0.,0.));
#14615=DIRECTION('',(1.,0.,0.));
#14616=DIRECTION('',(0.,1.,0.));
#14617=DIRECTION('',(-1.,0.,0.));
#14618=DIRECTION('',(0.,0.,1.));
#14619=DIRECTION('',(0.,0.,1.));
#14620=DIRECTION('',(-1.,0.,0.));
#14621=DIRECTION('',(0.,0.,1.));
#14622=DIRECTION('',(0.,-1.,0.));
#14623=DIRECTION('',(0.,0.,-1.));
#14624=DIRECTION('',(0.,0.997690236372997,0.0679278458807146));
#14625=DIRECTION('',(1.,0.,0.));
#14626=DIRECTION('',(0.,1.,0.));
#14627=DIRECTION('',(1.,0.,0.));
#14628=DIRECTION('',(0.,0.,-1.));
#14629=DIRECTION('',(0.,0.997690236372997,0.0679278458807146));
#14630=DIRECTION('',(1.,0.,0.));
#14631=DIRECTION('',(0.,1.,0.));
#14632=DIRECTION('',(1.,0.,0.));
#14633=DIRECTION('',(0.,0.,-1.));
#14634=DIRECTION('',(-1.,0.,0.));
#14635=DIRECTION('',(0.,0.,1.));
#14636=DIRECTION('',(0.,-0.0679278458807146,0.997690236372997));
#14637=DIRECTION('',(0.,-0.997690236372997,-0.0679278458807146));
#14638=DIRECTION('',(1.,0.,0.));
#14639=DIRECTION('',(0.,1.,0.));
#14640=DIRECTION('',(0.,-1.,0.));
#14641=DIRECTION('',(1.,0.,0.));
#14642=DIRECTION('',(0.,0.,-1.));
#14643=DIRECTION('',(1.,0.,0.));
#14644=DIRECTION('',(0.,1.,0.));
#14645=DIRECTION('',(0.,-1.,0.));
#14646=DIRECTION('',(1.,0.,0.));
#14647=DIRECTION('',(0.,0.,-1.));
#14648=DIRECTION('',(-1.,0.,0.));
#14649=DIRECTION('',(0.,0.,-1.));
#14650=DIRECTION('',(-1.,0.,0.));
#14651=DIRECTION('',(-1.,0.,0.));
#14652=DIRECTION('',(0.,0.,1.));
#14653=DIRECTION('',(1.,0.,0.));
#14654=DIRECTION('',(0.,1.,0.));
#14655=DIRECTION('',(0.,-1.,0.));
#14656=DIRECTION('',(1.,0.,0.));
#14657=DIRECTION('',(0.,0.,-1.));
#14658=DIRECTION('',(1.,0.,0.));
#14659=DIRECTION('',(0.,1.,0.));
#14660=DIRECTION('',(0.,-1.,0.));
#14661=DIRECTION('',(1.,0.,0.));
#14662=DIRECTION('',(0.,0.,-1.));
#14663=DIRECTION('',(-1.,0.,0.));
#14664=DIRECTION('',(0.,0.,-1.));
#14665=DIRECTION('',(-1.,0.,0.));
#14666=DIRECTION('',(-1.,0.,0.));
#14667=DIRECTION('',(0.,0.,1.));
#14668=DIRECTION('',(1.,0.,0.));
#14669=DIRECTION('',(0.,1.,0.));
#14670=DIRECTION('',(0.,-1.,0.));
#14671=DIRECTION('',(1.,0.,0.));
#14672=DIRECTION('',(0.,0.,-1.));
#14673=DIRECTION('',(1.,0.,0.));
#14674=DIRECTION('',(0.,1.,0.));
#14675=DIRECTION('',(0.,-1.,0.));
#14676=DIRECTION('',(1.,0.,0.));
#14677=DIRECTION('',(0.,0.,-1.));
#14678=DIRECTION('',(-1.,0.,0.));
#14679=DIRECTION('',(0.,0.,-1.));
#14680=DIRECTION('',(-1.,0.,0.));
#14681=DIRECTION('',(-1.,0.,0.));
#14682=DIRECTION('',(0.,0.,1.));
#14683=DIRECTION('',(1.,0.,0.));
#14684=DIRECTION('',(0.,1.,0.));
#14685=DIRECTION('',(0.,-1.,0.));
#14686=DIRECTION('',(1.,0.,0.));
#14687=DIRECTION('',(0.,0.,-1.));
#14688=DIRECTION('',(1.,0.,0.));
#14689=DIRECTION('',(0.,1.,0.));
#14690=DIRECTION('',(0.,-1.,0.));
#14691=DIRECTION('',(1.,0.,0.));
#14692=DIRECTION('',(0.,0.,-1.));
#14693=DIRECTION('',(-1.,0.,0.));
#14694=DIRECTION('',(0.,0.,-1.));
#14695=DIRECTION('',(-1.,0.,0.));
#14696=DIRECTION('',(-1.,0.,0.));
#14697=DIRECTION('',(0.,0.,1.));
#14698=DIRECTION('',(1.,0.,0.));
#14699=DIRECTION('',(0.,1.,0.));
#14700=DIRECTION('',(0.,-1.,0.));
#14701=DIRECTION('',(1.,0.,0.));
#14702=DIRECTION('',(0.,0.,-1.));
#14703=DIRECTION('',(1.,0.,0.));
#14704=DIRECTION('',(0.,1.,0.));
#14705=DIRECTION('',(0.,-1.,0.));
#14706=DIRECTION('',(1.,0.,0.));
#14707=DIRECTION('',(0.,0.,-1.));
#14708=DIRECTION('',(-1.,0.,0.));
#14709=DIRECTION('',(0.,0.,-1.));
#14710=DIRECTION('',(-1.,0.,0.));
#14711=DIRECTION('',(-1.,0.,0.));
#14712=DIRECTION('',(0.,0.,1.));
#14713=DIRECTION('',(1.,0.,0.));
#14714=DIRECTION('',(0.,1.,0.));
#14715=DIRECTION('',(0.,-1.,0.));
#14716=DIRECTION('',(1.,0.,0.));
#14717=DIRECTION('',(0.,0.,-1.));
#14718=DIRECTION('',(1.,0.,0.));
#14719=DIRECTION('',(0.,1.,0.));
#14720=DIRECTION('',(0.,-1.,0.));
#14721=DIRECTION('',(1.,0.,0.));
#14722=DIRECTION('',(0.,0.,-1.));
#14723=DIRECTION('',(-1.,0.,0.));
#14724=DIRECTION('',(0.,0.,-1.));
#14725=DIRECTION('',(-1.,0.,0.));
#14726=DIRECTION('',(-1.,0.,0.));
#14727=DIRECTION('',(0.,0.,1.));
#14728=DIRECTION('',(1.,0.,0.));
#14729=DIRECTION('',(0.,1.,0.));
#14730=DIRECTION('',(0.,-1.,0.));
#14731=DIRECTION('',(1.,0.,0.));
#14732=DIRECTION('',(0.,0.,-1.));
#14733=DIRECTION('',(1.,0.,0.));
#14734=DIRECTION('',(0.,1.,0.));
#14735=DIRECTION('',(0.,-1.,0.));
#14736=DIRECTION('',(1.,0.,0.));
#14737=DIRECTION('',(0.,0.,-1.));
#14738=DIRECTION('',(-1.,0.,0.));
#14739=DIRECTION('',(0.,0.,-1.));
#14740=DIRECTION('',(-1.,0.,0.));
#14741=DIRECTION('',(-1.,0.,0.));
#14742=DIRECTION('',(0.,0.,1.));
#14743=DIRECTION('',(1.,0.,0.));
#14744=DIRECTION('',(0.,1.,0.));
#14745=DIRECTION('',(0.,-1.,0.));
#14746=DIRECTION('',(1.,0.,0.));
#14747=DIRECTION('',(0.,0.,-1.));
#14748=DIRECTION('',(1.,0.,0.));
#14749=DIRECTION('',(0.,1.,0.));
#14750=DIRECTION('',(0.,-1.,0.));
#14751=DIRECTION('',(1.,0.,0.));
#14752=DIRECTION('',(0.,0.,-1.));
#14753=DIRECTION('',(-1.,0.,0.));
#14754=DIRECTION('',(0.,0.,-1.));
#14755=DIRECTION('',(-1.,0.,0.));
#14756=DIRECTION('',(-1.,0.,0.));
#14757=DIRECTION('',(0.,0.,1.));
#14758=DIRECTION('',(1.,0.,0.));
#14759=DIRECTION('',(0.,1.,0.));
#14760=DIRECTION('',(0.,-1.,0.));
#14761=DIRECTION('',(1.,0.,0.));
#14762=DIRECTION('',(0.,0.,-1.));
#14763=DIRECTION('',(1.,0.,0.));
#14764=DIRECTION('',(0.,1.,0.));
#14765=DIRECTION('',(0.,-1.,0.));
#14766=DIRECTION('',(1.,0.,0.));
#14767=DIRECTION('',(0.,0.,-1.));
#14768=DIRECTION('',(-1.,0.,0.));
#14769=DIRECTION('',(0.,0.,-1.));
#14770=DIRECTION('',(-1.,0.,0.));
#14771=DIRECTION('',(-1.,0.,0.));
#14772=DIRECTION('',(0.,0.,1.));
#14773=DIRECTION('',(1.,0.,0.));
#14774=DIRECTION('',(0.,1.,0.));
#14775=DIRECTION('',(0.,-1.,0.));
#14776=DIRECTION('',(1.,0.,0.));
#14777=DIRECTION('',(0.,0.,-1.));
#14778=DIRECTION('',(1.,0.,0.));
#14779=DIRECTION('',(0.,1.,0.));
#14780=DIRECTION('',(0.,-1.,0.));
#14781=DIRECTION('',(1.,0.,0.));
#14782=DIRECTION('',(0.,0.,-1.));
#14783=DIRECTION('',(-1.,0.,0.));
#14784=DIRECTION('',(0.,0.,-1.));
#14785=DIRECTION('',(-1.,0.,0.));
#14786=DIRECTION('',(-1.,0.,0.));
#14787=DIRECTION('',(0.,0.,1.));
#14788=DIRECTION('',(1.,0.,0.));
#14789=DIRECTION('',(0.,1.,0.));
#14790=DIRECTION('',(0.,-1.,0.));
#14791=DIRECTION('',(1.,0.,0.));
#14792=DIRECTION('',(0.,0.,-1.));
#14793=DIRECTION('',(1.,0.,0.));
#14794=DIRECTION('',(0.,1.,0.));
#14795=DIRECTION('',(0.,-1.,0.));
#14796=DIRECTION('',(1.,0.,0.));
#14797=DIRECTION('',(0.,0.,-1.));
#14798=DIRECTION('',(-1.,0.,0.));
#14799=DIRECTION('',(0.,0.,-1.));
#14800=DIRECTION('',(-1.,0.,0.));
#14801=DIRECTION('',(-1.,0.,0.));
#14802=DIRECTION('',(0.,0.,1.));
#14803=DIRECTION('',(1.,0.,0.));
#14804=DIRECTION('',(0.,1.,0.));
#14805=DIRECTION('',(0.,-1.,0.));
#14806=DIRECTION('',(1.,0.,0.));
#14807=DIRECTION('',(0.,0.,-1.));
#14808=DIRECTION('',(1.,0.,0.));
#14809=DIRECTION('',(0.,1.,0.));
#14810=DIRECTION('',(0.,-1.,0.));
#14811=DIRECTION('',(1.,0.,0.));
#14812=DIRECTION('',(0.,0.,-1.));
#14813=DIRECTION('',(-1.,0.,0.));
#14814=DIRECTION('',(0.,0.,-1.));
#14815=DIRECTION('',(-1.,0.,0.));
#14816=DIRECTION('',(-1.,0.,0.));
#14817=DIRECTION('',(0.,0.,1.));
#14818=DIRECTION('',(1.,0.,0.));
#14819=DIRECTION('',(0.,1.,0.));
#14820=DIRECTION('',(0.,-1.,0.));
#14821=DIRECTION('',(1.,0.,0.));
#14822=DIRECTION('',(0.,0.,-1.));
#14823=DIRECTION('',(1.,0.,0.));
#14824=DIRECTION('',(0.,1.,0.));
#14825=DIRECTION('',(0.,-1.,0.));
#14826=DIRECTION('',(1.,0.,0.));
#14827=DIRECTION('',(0.,0.,-1.));
#14828=DIRECTION('',(-1.,0.,0.));
#14829=DIRECTION('',(0.,0.,-1.));
#14830=DIRECTION('',(-1.,0.,0.));
#14831=DIRECTION('',(-1.,0.,0.));
#14832=DIRECTION('',(0.,0.,1.));
#14833=DIRECTION('',(1.,0.,0.));
#14834=DIRECTION('',(0.,1.,0.));
#14835=DIRECTION('',(0.,-1.,0.));
#14836=DIRECTION('',(1.,0.,0.));
#14837=DIRECTION('',(0.,0.,-1.));
#14838=DIRECTION('',(1.,0.,0.));
#14839=DIRECTION('',(0.,1.,0.));
#14840=DIRECTION('',(0.,-1.,0.));
#14841=DIRECTION('',(1.,0.,0.));
#14842=DIRECTION('',(0.,0.,-1.));
#14843=DIRECTION('',(-1.,0.,0.));
#14844=DIRECTION('',(0.,0.,-1.));
#14845=DIRECTION('',(-1.,0.,0.));
#14846=DIRECTION('',(-1.,0.,0.));
#14847=DIRECTION('',(0.,0.,1.));
#14848=DIRECTION('',(1.,0.,0.));
#14849=DIRECTION('',(0.,1.,0.));
#14850=DIRECTION('',(0.,-1.,0.));
#14851=DIRECTION('',(1.,0.,0.));
#14852=DIRECTION('',(0.,0.,-1.));
#14853=DIRECTION('',(1.,0.,0.));
#14854=DIRECTION('',(0.,1.,0.));
#14855=DIRECTION('',(0.,-1.,0.));
#14856=DIRECTION('',(1.,0.,0.));
#14857=DIRECTION('',(0.,0.,-1.));
#14858=DIRECTION('',(-1.,0.,0.));
#14859=DIRECTION('',(0.,0.,-1.));
#14860=DIRECTION('',(-1.,0.,0.));
#14861=DIRECTION('',(-1.,0.,0.));
#14862=DIRECTION('',(0.,0.,1.));
#14863=DIRECTION('',(1.,0.,0.));
#14864=DIRECTION('',(0.,1.,0.));
#14865=DIRECTION('',(0.,-1.,0.));
#14866=DIRECTION('',(1.,0.,0.));
#14867=DIRECTION('',(0.,0.,-1.));
#14868=DIRECTION('',(1.,0.,0.));
#14869=DIRECTION('',(0.,1.,0.));
#14870=DIRECTION('',(0.,-1.,0.));
#14871=DIRECTION('',(1.,0.,0.));
#14872=DIRECTION('',(0.,0.,-1.));
#14873=DIRECTION('',(-1.,0.,0.));
#14874=DIRECTION('',(0.,0.,-1.));
#14875=DIRECTION('',(-1.,0.,0.));
#14876=DIRECTION('',(-1.,0.,0.));
#14877=DIRECTION('',(0.,0.,1.));
#14878=DIRECTION('',(1.,0.,0.));
#14879=DIRECTION('',(0.,1.,0.));
#14880=DIRECTION('',(0.,-1.,0.));
#14881=DIRECTION('',(1.,0.,0.));
#14882=DIRECTION('',(0.,0.,-1.));
#14883=DIRECTION('',(1.,0.,0.));
#14884=DIRECTION('',(0.,1.,0.));
#14885=DIRECTION('',(0.,-1.,0.));
#14886=DIRECTION('',(1.,0.,0.));
#14887=DIRECTION('',(0.,0.,-1.));
#14888=DIRECTION('',(-1.,0.,0.));
#14889=DIRECTION('',(0.,0.,-1.));
#14890=DIRECTION('',(-1.,0.,0.));
#14891=DIRECTION('',(-1.,0.,0.));
#14892=DIRECTION('',(0.,0.,1.));
#14893=DIRECTION('',(1.,0.,0.));
#14894=DIRECTION('',(0.,1.,0.));
#14895=DIRECTION('',(0.,-1.,0.));
#14896=DIRECTION('',(1.,0.,0.));
#14897=DIRECTION('',(0.,0.,-1.));
#14898=DIRECTION('',(1.,0.,0.));
#14899=DIRECTION('',(0.,1.,0.));
#14900=DIRECTION('',(0.,-1.,0.));
#14901=DIRECTION('',(1.,0.,0.));
#14902=DIRECTION('',(0.,0.,-1.));
#14903=DIRECTION('',(-1.,0.,0.));
#14904=DIRECTION('',(0.,0.,-1.));
#14905=DIRECTION('',(-1.,0.,0.));
#14906=DIRECTION('',(-1.,0.,0.));
#14907=DIRECTION('',(0.,0.,1.));
#14908=DIRECTION('',(1.,0.,0.));
#14909=DIRECTION('',(0.,1.,0.));
#14910=DIRECTION('',(0.,-1.,0.));
#14911=DIRECTION('',(1.,0.,0.));
#14912=DIRECTION('',(0.,0.,-1.));
#14913=DIRECTION('',(1.,0.,0.));
#14914=DIRECTION('',(0.,1.,0.));
#14915=DIRECTION('',(0.,-1.,0.));
#14916=DIRECTION('',(1.,0.,0.));
#14917=DIRECTION('',(0.,0.,-1.));
#14918=DIRECTION('',(-1.,0.,0.));
#14919=DIRECTION('',(0.,0.,-1.));
#14920=DIRECTION('',(-1.,0.,0.));
#14921=DIRECTION('',(-1.,0.,0.));
#14922=DIRECTION('',(0.,0.,1.));
#14923=DIRECTION('',(1.,0.,0.));
#14924=DIRECTION('',(0.,1.,0.));
#14925=DIRECTION('',(0.,-1.,0.));
#14926=DIRECTION('',(1.,0.,0.));
#14927=DIRECTION('',(0.,0.,-1.));
#14928=DIRECTION('',(1.,0.,0.));
#14929=DIRECTION('',(0.,1.,0.));
#14930=DIRECTION('',(0.,-1.,0.));
#14931=DIRECTION('',(1.,0.,0.));
#14932=DIRECTION('',(0.,0.,-1.));
#14933=DIRECTION('',(-1.,0.,0.));
#14934=DIRECTION('',(0.,0.,-1.));
#14935=DIRECTION('',(-1.,0.,0.));
#14936=DIRECTION('',(-1.,0.,0.));
#14937=DIRECTION('',(0.,0.,1.));
#14938=DIRECTION('',(1.,0.,0.));
#14939=DIRECTION('',(0.,1.,0.));
#14940=DIRECTION('',(0.,-1.,0.));
#14941=DIRECTION('',(1.,0.,0.));
#14942=DIRECTION('',(0.,0.,-1.));
#14943=DIRECTION('',(1.,0.,0.));
#14944=DIRECTION('',(0.,1.,0.));
#14945=DIRECTION('',(0.,-1.,0.));
#14946=DIRECTION('',(1.,0.,0.));
#14947=DIRECTION('',(0.,0.,-1.));
#14948=DIRECTION('',(-1.,0.,0.));
#14949=DIRECTION('',(0.,0.,-1.));
#14950=DIRECTION('',(-1.,0.,0.));
#14951=DIRECTION('',(-1.,0.,0.));
#14952=DIRECTION('',(0.,0.,1.));
#14953=DIRECTION('',(1.,0.,0.));
#14954=DIRECTION('',(0.,1.,0.));
#14955=DIRECTION('',(0.,-1.,0.));
#14956=DIRECTION('',(1.,0.,0.));
#14957=DIRECTION('',(0.,0.,-1.));
#14958=DIRECTION('',(1.,0.,0.));
#14959=DIRECTION('',(0.,1.,0.));
#14960=DIRECTION('',(0.,-1.,0.));
#14961=DIRECTION('',(1.,0.,0.));
#14962=DIRECTION('',(0.,0.,-1.));
#14963=DIRECTION('',(-1.,0.,0.));
#14964=DIRECTION('',(0.,0.,-1.));
#14965=DIRECTION('',(-1.,0.,0.));
#14966=DIRECTION('',(-1.,0.,0.));
#14967=DIRECTION('',(0.,0.,1.));
#14968=DIRECTION('',(1.,0.,0.));
#14969=DIRECTION('',(0.,1.,0.));
#14970=DIRECTION('',(0.,-1.,0.));
#14971=DIRECTION('',(1.,0.,0.));
#14972=DIRECTION('',(0.,0.,-1.));
#14973=DIRECTION('',(1.,0.,0.));
#14974=DIRECTION('',(0.,1.,0.));
#14975=DIRECTION('',(0.,-1.,0.));
#14976=DIRECTION('',(1.,0.,0.));
#14977=DIRECTION('',(0.,0.,-1.));
#14978=DIRECTION('',(-1.,0.,0.));
#14979=DIRECTION('',(0.,0.,-1.));
#14980=DIRECTION('',(-1.,0.,0.));
#14981=DIRECTION('',(-1.,0.,0.));
#14982=DIRECTION('',(0.,0.,1.));
#14983=DIRECTION('',(0.,-1.,-6.19544098563148E-16));
#14984=DIRECTION('',(0.,-1.,-6.19544098563148E-16));
#14985=DIRECTION('',(-1.,0.,0.));
#14986=DIRECTION('',(0.,6.19544098563148E-16,-1.));
#14987=DIRECTION('',(0.,1.,6.19513121358217E-16));
#14988=DIRECTION('',(0.,0.,-1.));
#14989=DIRECTION('',(0.,1.,0.));
#14990=DIRECTION('',(0.,0.,1.));
#14991=DIRECTION('',(0.,-1.,-2.71050543121376E-16));
#14992=DIRECTION('',(0.,0.,1.));
#14993=DIRECTION('',(1.,0.,0.));
#14994=DIRECTION('',(0.,0.,-1.));
#14995=DIRECTION('',(0.,0.,1.));
#14996=DIRECTION('',(0.,-1.,-2.71050543121376E-16));
#14997=DIRECTION('',(0.,0.,1.));
#14998=DIRECTION('',(0.,1.,0.));
#14999=DIRECTION('',(0.,0.,-1.));
#15000=DIRECTION('',(1.,0.,0.));
#15001=DIRECTION('',(0.,0.,-1.));
#15002=DIRECTION('',(-1.,0.,0.));
#15003=DIRECTION('',(0.,1.,0.));
#15004=DIRECTION('',(0.,0.,1.));
#15005=DIRECTION('',(-1.,0.,0.));
#15006=DIRECTION('',(0.,0.,1.));
#15007=DIRECTION('',(1.,0.,0.));
#15008=DIRECTION('',(-1.,0.,0.));
#15009=DIRECTION('',(0.,-1.,0.));
#15010=DIRECTION('',(0.,0.,-1.));
#15011=DIRECTION('',(-1.,0.,0.));
#15012=DIRECTION('',(0.,2.71050543121376E-16,-1.));
#15013=DIRECTION('',(0.,1.,2.71050543121376E-16));
#15014=DIRECTION('',(0.,-1.,0.));
#15015=DIRECTION('',(0.,0.,-1.));
#15016=DIRECTION('',(0.,-1.,-6.19544098563148E-16));
#15017=DIRECTION('',(0.,-1.,-6.19544098563148E-16));
#15018=DIRECTION('',(-1.,0.,0.));
#15019=DIRECTION('',(0.,6.19544098563148E-16,-1.));
#15020=DIRECTION('',(0.,1.,6.19513121358217E-16));
#15021=DIRECTION('',(0.,0.,-1.));
#15022=DIRECTION('',(0.,1.,0.));
#15023=DIRECTION('',(0.,0.,1.));
#15024=DIRECTION('',(0.,-1.,-2.71050543121376E-16));
#15025=DIRECTION('',(0.,0.,1.));
#15026=DIRECTION('',(1.,0.,0.));
#15027=DIRECTION('',(0.,0.,-1.));
#15028=DIRECTION('',(0.,0.,1.));
#15029=DIRECTION('',(0.,-1.,-2.71050543121376E-16));
#15030=DIRECTION('',(0.,0.,1.));
#15031=DIRECTION('',(0.,1.,0.));
#15032=DIRECTION('',(0.,0.,-1.));
#15033=DIRECTION('',(1.,0.,0.));
#15034=DIRECTION('',(0.,0.,-1.));
#15035=DIRECTION('',(-1.,0.,0.));
#15036=DIRECTION('',(0.,1.,0.));
#15037=DIRECTION('',(0.,0.,1.));
#15038=DIRECTION('',(-1.,0.,0.));
#15039=DIRECTION('',(0.,0.,1.));
#15040=DIRECTION('',(1.,0.,0.));
#15041=DIRECTION('',(-1.,0.,0.));
#15042=DIRECTION('',(0.,-1.,0.));
#15043=DIRECTION('',(0.,0.,-1.));
#15044=DIRECTION('',(-1.,0.,0.));
#15045=DIRECTION('',(0.,2.71050543121376E-16,-1.));
#15046=DIRECTION('',(0.,1.,2.71050543121376E-16));
#15047=DIRECTION('',(0.,-1.,0.));
#15048=DIRECTION('',(0.,0.,-1.));
#15049=DIRECTION('',(0.,-1.,-6.19544098563148E-16));
#15050=DIRECTION('',(0.,-1.,-6.19544098563148E-16));
#15051=DIRECTION('',(-1.,0.,0.));
#15052=DIRECTION('',(0.,6.19544098563148E-16,-1.));
#15053=DIRECTION('',(0.,1.,6.19513121358217E-16));
#15054=DIRECTION('',(0.,0.,-1.));
#15055=DIRECTION('',(0.,1.,0.));
#15056=DIRECTION('',(0.,0.,1.));
#15057=DIRECTION('',(0.,-1.,-2.71050543121376E-16));
#15058=DIRECTION('',(0.,0.,1.));
#15059=DIRECTION('',(1.,0.,0.));
#15060=DIRECTION('',(0.,0.,-1.));
#15061=DIRECTION('',(0.,0.,1.));
#15062=DIRECTION('',(0.,-1.,-2.71050543121376E-16));
#15063=DIRECTION('',(0.,0.,1.));
#15064=DIRECTION('',(0.,1.,0.));
#15065=DIRECTION('',(0.,0.,-1.));
#15066=DIRECTION('',(1.,0.,0.));
#15067=DIRECTION('',(0.,0.,-1.));
#15068=DIRECTION('',(-1.,0.,0.));
#15069=DIRECTION('',(0.,1.,0.));
#15070=DIRECTION('',(0.,0.,1.));
#15071=DIRECTION('',(-1.,0.,0.));
#15072=DIRECTION('',(0.,0.,1.));
#15073=DIRECTION('',(1.,0.,0.));
#15074=DIRECTION('',(-1.,0.,0.));
#15075=DIRECTION('',(0.,-1.,0.));
#15076=DIRECTION('',(0.,0.,-1.));
#15077=DIRECTION('',(-1.,0.,0.));
#15078=DIRECTION('',(0.,2.71050543121376E-16,-1.));
#15079=DIRECTION('',(0.,1.,2.71050543121376E-16));
#15080=DIRECTION('',(0.,-1.,0.));
#15081=DIRECTION('',(0.,0.,-1.));
#15082=DIRECTION('',(0.,-1.,-6.19544098563148E-16));
#15083=DIRECTION('',(0.,-1.,-6.19544098563148E-16));
#15084=DIRECTION('',(-1.,0.,0.));
#15085=DIRECTION('',(0.,6.19544098563148E-16,-1.));
#15086=DIRECTION('',(0.,1.,6.19513121358217E-16));
#15087=DIRECTION('',(0.,0.,-1.));
#15088=DIRECTION('',(0.,1.,0.));
#15089=DIRECTION('',(0.,0.,1.));
#15090=DIRECTION('',(0.,-1.,-2.71050543121376E-16));
#15091=DIRECTION('',(0.,0.,1.));
#15092=DIRECTION('',(1.,0.,0.));
#15093=DIRECTION('',(0.,0.,-1.));
#15094=DIRECTION('',(0.,0.,1.));
#15095=DIRECTION('',(0.,-1.,-2.71050543121376E-16));
#15096=DIRECTION('',(0.,0.,1.));
#15097=DIRECTION('',(0.,1.,0.));
#15098=DIRECTION('',(0.,0.,-1.));
#15099=DIRECTION('',(1.,0.,0.));
#15100=DIRECTION('',(0.,0.,-1.));
#15101=DIRECTION('',(-1.,0.,0.));
#15102=DIRECTION('',(0.,1.,0.));
#15103=DIRECTION('',(0.,0.,1.));
#15104=DIRECTION('',(-1.,0.,0.));
#15105=DIRECTION('',(0.,0.,1.));
#15106=DIRECTION('',(1.,0.,0.));
#15107=DIRECTION('',(-1.,0.,0.));
#15108=DIRECTION('',(0.,-1.,0.));
#15109=DIRECTION('',(0.,0.,-1.));
#15110=DIRECTION('',(-1.,0.,0.));
#15111=DIRECTION('',(0.,2.71050543121376E-16,-1.));
#15112=DIRECTION('',(0.,1.,2.71050543121376E-16));
#15113=DIRECTION('',(0.,-1.,0.));
#15114=DIRECTION('',(0.,0.,-1.));
#15115=DIRECTION('',(0.,-1.,-6.19544098563148E-16));
#15116=DIRECTION('',(0.,-1.,-6.19544098563148E-16));
#15117=DIRECTION('',(-1.,0.,0.));
#15118=DIRECTION('',(0.,6.19544098563148E-16,-1.));
#15119=DIRECTION('',(0.,1.,6.19513121358217E-16));
#15120=DIRECTION('',(0.,0.,-1.));
#15121=DIRECTION('',(0.,1.,0.));
#15122=DIRECTION('',(0.,0.,1.));
#15123=DIRECTION('',(0.,-1.,-2.71050543121376E-16));
#15124=DIRECTION('',(0.,0.,1.));
#15125=DIRECTION('',(1.,0.,0.));
#15126=DIRECTION('',(0.,0.,-1.));
#15127=DIRECTION('',(0.,0.,1.));
#15128=DIRECTION('',(0.,-1.,-2.71050543121376E-16));
#15129=DIRECTION('',(0.,0.,1.));
#15130=DIRECTION('',(0.,1.,0.));
#15131=DIRECTION('',(0.,0.,-1.));
#15132=DIRECTION('',(1.,0.,0.));
#15133=DIRECTION('',(0.,0.,-1.));
#15134=DIRECTION('',(-1.,0.,0.));
#15135=DIRECTION('',(0.,1.,0.));
#15136=DIRECTION('',(0.,0.,1.));
#15137=DIRECTION('',(-1.,0.,0.));
#15138=DIRECTION('',(0.,0.,1.));
#15139=DIRECTION('',(1.,0.,0.));
#15140=DIRECTION('',(-1.,0.,0.));
#15141=DIRECTION('',(0.,-1.,0.));
#15142=DIRECTION('',(0.,0.,-1.));
#15143=DIRECTION('',(-1.,0.,0.));
#15144=DIRECTION('',(0.,2.71050543121376E-16,-1.));
#15145=DIRECTION('',(0.,1.,2.71050543121376E-16));
#15146=DIRECTION('',(0.,-1.,0.));
#15147=DIRECTION('',(0.,0.,-1.));
#15148=DIRECTION('',(0.,-1.,-6.19544098563148E-16));
#15149=DIRECTION('',(0.,-1.,-6.19544098563148E-16));
#15150=DIRECTION('',(-1.,0.,0.));
#15151=DIRECTION('',(0.,6.19544098563148E-16,-1.));
#15152=DIRECTION('',(0.,1.,6.19513121358217E-16));
#15153=DIRECTION('',(0.,0.,-1.));
#15154=DIRECTION('',(0.,1.,0.));
#15155=DIRECTION('',(0.,0.,1.));
#15156=DIRECTION('',(0.,-1.,-2.71050543121376E-16));
#15157=DIRECTION('',(0.,0.,1.));
#15158=DIRECTION('',(1.,0.,0.));
#15159=DIRECTION('',(0.,0.,-1.));
#15160=DIRECTION('',(0.,0.,1.));
#15161=DIRECTION('',(0.,-1.,-2.71050543121376E-16));
#15162=DIRECTION('',(0.,0.,1.));
#15163=DIRECTION('',(0.,1.,0.));
#15164=DIRECTION('',(0.,0.,-1.));
#15165=DIRECTION('',(1.,0.,0.));
#15166=DIRECTION('',(0.,0.,-1.));
#15167=DIRECTION('',(-1.,0.,0.));
#15168=DIRECTION('',(0.,1.,0.));
#15169=DIRECTION('',(0.,0.,1.));
#15170=DIRECTION('',(-1.,0.,0.));
#15171=DIRECTION('',(0.,0.,1.));
#15172=DIRECTION('',(1.,0.,0.));
#15173=DIRECTION('',(-1.,0.,0.));
#15174=DIRECTION('',(0.,-1.,0.));
#15175=DIRECTION('',(0.,0.,-1.));
#15176=DIRECTION('',(-1.,0.,0.));
#15177=DIRECTION('',(0.,2.71050543121376E-16,-1.));
#15178=DIRECTION('',(0.,1.,2.71050543121376E-16));
#15179=DIRECTION('',(0.,-1.,0.));
#15180=DIRECTION('',(0.,0.,-1.));
#15181=DIRECTION('',(0.,-1.,-6.19544098563148E-16));
#15182=DIRECTION('',(0.,-1.,-6.19544098563148E-16));
#15183=DIRECTION('',(-1.,0.,0.));
#15184=DIRECTION('',(0.,6.19544098563148E-16,-1.));
#15185=DIRECTION('',(0.,1.,6.19513121358217E-16));
#15186=DIRECTION('',(0.,0.,-1.));
#15187=DIRECTION('',(0.,1.,0.));
#15188=DIRECTION('',(0.,0.,1.));
#15189=DIRECTION('',(0.,-1.,-2.71050543121376E-16));
#15190=DIRECTION('',(0.,0.,1.));
#15191=DIRECTION('',(1.,0.,0.));
#15192=DIRECTION('',(0.,0.,-1.));
#15193=DIRECTION('',(0.,0.,1.));
#15194=DIRECTION('',(0.,-1.,-2.71050543121376E-16));
#15195=DIRECTION('',(0.,0.,1.));
#15196=DIRECTION('',(0.,1.,0.));
#15197=DIRECTION('',(0.,0.,-1.));
#15198=DIRECTION('',(1.,0.,0.));
#15199=DIRECTION('',(0.,0.,-1.));
#15200=DIRECTION('',(-1.,0.,0.));
#15201=DIRECTION('',(0.,1.,0.));
#15202=DIRECTION('',(0.,0.,1.));
#15203=DIRECTION('',(-1.,0.,0.));
#15204=DIRECTION('',(0.,0.,1.));
#15205=DIRECTION('',(1.,0.,0.));
#15206=DIRECTION('',(-1.,0.,0.));
#15207=DIRECTION('',(0.,-1.,0.));
#15208=DIRECTION('',(0.,0.,-1.));
#15209=DIRECTION('',(-1.,0.,0.));
#15210=DIRECTION('',(0.,2.71050543121376E-16,-1.));
#15211=DIRECTION('',(0.,1.,2.71050543121376E-16));
#15212=DIRECTION('',(0.,-1.,0.));
#15213=DIRECTION('',(0.,0.,-1.));
#15214=DIRECTION('',(0.,-1.,-6.19544098563148E-16));
#15215=DIRECTION('',(0.,-1.,-6.19544098563148E-16));
#15216=DIRECTION('',(-1.,0.,0.));
#15217=DIRECTION('',(0.,6.19544098563148E-16,-1.));
#15218=DIRECTION('',(0.,1.,6.19513121358217E-16));
#15219=DIRECTION('',(0.,0.,-1.));
#15220=DIRECTION('',(0.,1.,0.));
#15221=DIRECTION('',(0.,0.,1.));
#15222=DIRECTION('',(0.,-1.,-2.71050543121376E-16));
#15223=DIRECTION('',(0.,0.,1.));
#15224=DIRECTION('',(1.,0.,0.));
#15225=DIRECTION('',(0.,0.,-1.));
#15226=DIRECTION('',(0.,0.,1.));
#15227=DIRECTION('',(0.,-1.,-2.71050543121376E-16));
#15228=DIRECTION('',(0.,0.,1.));
#15229=DIRECTION('',(0.,1.,0.));
#15230=DIRECTION('',(0.,0.,-1.));
#15231=DIRECTION('',(1.,0.,0.));
#15232=DIRECTION('',(0.,0.,-1.));
#15233=DIRECTION('',(-1.,0.,0.));
#15234=DIRECTION('',(0.,1.,0.));
#15235=DIRECTION('',(0.,0.,1.));
#15236=DIRECTION('',(-1.,0.,0.));
#15237=DIRECTION('',(0.,0.,1.));
#15238=DIRECTION('',(1.,0.,0.));
#15239=DIRECTION('',(-1.,0.,0.));
#15240=DIRECTION('',(0.,-1.,0.));
#15241=DIRECTION('',(0.,0.,-1.));
#15242=DIRECTION('',(-1.,0.,0.));
#15243=DIRECTION('',(0.,2.71050543121376E-16,-1.));
#15244=DIRECTION('',(0.,1.,2.71050543121376E-16));
#15245=DIRECTION('',(0.,-1.,0.));
#15246=DIRECTION('',(0.,0.,-1.));
#15247=DIRECTION('',(0.,-1.,-6.19544098563148E-16));
#15248=DIRECTION('',(0.,-1.,-6.19544098563148E-16));
#15249=DIRECTION('',(-1.,0.,0.));
#15250=DIRECTION('',(0.,6.19544098563148E-16,-1.));
#15251=DIRECTION('',(0.,1.,6.19513121358217E-16));
#15252=DIRECTION('',(0.,0.,-1.));
#15253=DIRECTION('',(0.,1.,0.));
#15254=DIRECTION('',(0.,0.,1.));
#15255=DIRECTION('',(0.,-1.,-2.71050543121376E-16));
#15256=DIRECTION('',(0.,0.,1.));
#15257=DIRECTION('',(1.,0.,0.));
#15258=DIRECTION('',(0.,0.,-1.));
#15259=DIRECTION('',(0.,0.,1.));
#15260=DIRECTION('',(0.,-1.,-2.71050543121376E-16));
#15261=DIRECTION('',(0.,0.,1.));
#15262=DIRECTION('',(0.,1.,0.));
#15263=DIRECTION('',(0.,0.,-1.));
#15264=DIRECTION('',(1.,0.,0.));
#15265=DIRECTION('',(0.,0.,-1.));
#15266=DIRECTION('',(-1.,0.,0.));
#15267=DIRECTION('',(0.,1.,0.));
#15268=DIRECTION('',(0.,0.,1.));
#15269=DIRECTION('',(-1.,0.,0.));
#15270=DIRECTION('',(0.,0.,1.));
#15271=DIRECTION('',(1.,0.,0.));
#15272=DIRECTION('',(-1.,0.,0.));
#15273=DIRECTION('',(0.,-1.,0.));
#15274=DIRECTION('',(0.,0.,-1.));
#15275=DIRECTION('',(-1.,0.,0.));
#15276=DIRECTION('',(0.,2.71050543121376E-16,-1.));
#15277=DIRECTION('',(0.,1.,2.71050543121376E-16));
#15278=DIRECTION('',(0.,-1.,0.));
#15279=DIRECTION('',(0.,0.,-1.));
#15280=DIRECTION('',(0.,-1.,-6.19544098563148E-16));
#15281=DIRECTION('',(0.,-1.,-6.19544098563148E-16));
#15282=DIRECTION('',(-1.,0.,0.));
#15283=DIRECTION('',(0.,6.19544098563148E-16,-1.));
#15284=DIRECTION('',(0.,1.,6.19513121358217E-16));
#15285=DIRECTION('',(0.,0.,-1.));
#15286=DIRECTION('',(0.,1.,0.));
#15287=DIRECTION('',(0.,0.,1.));
#15288=DIRECTION('',(0.,-1.,-2.71050543121376E-16));
#15289=DIRECTION('',(0.,0.,1.));
#15290=DIRECTION('',(1.,0.,0.));
#15291=DIRECTION('',(0.,0.,-1.));
#15292=DIRECTION('',(0.,0.,1.));
#15293=DIRECTION('',(0.,-1.,-2.71050543121376E-16));
#15294=DIRECTION('',(0.,0.,1.));
#15295=DIRECTION('',(0.,1.,0.));
#15296=DIRECTION('',(0.,0.,-1.));
#15297=DIRECTION('',(1.,0.,0.));
#15298=DIRECTION('',(0.,0.,-1.));
#15299=DIRECTION('',(-1.,0.,0.));
#15300=DIRECTION('',(0.,1.,0.));
#15301=DIRECTION('',(0.,0.,1.));
#15302=DIRECTION('',(-1.,0.,0.));
#15303=DIRECTION('',(0.,0.,1.));
#15304=DIRECTION('',(1.,0.,0.));
#15305=DIRECTION('',(-1.,0.,0.));
#15306=DIRECTION('',(0.,-1.,0.));
#15307=DIRECTION('',(0.,0.,-1.));
#15308=DIRECTION('',(-1.,0.,0.));
#15309=DIRECTION('',(0.,2.71050543121376E-16,-1.));
#15310=DIRECTION('',(0.,1.,2.71050543121376E-16));
#15311=DIRECTION('',(0.,-1.,0.));
#15312=DIRECTION('',(0.,0.,-1.));
#15313=DIRECTION('',(0.,-1.,-6.19544098563148E-16));
#15314=DIRECTION('',(0.,-1.,-6.19544098563148E-16));
#15315=DIRECTION('',(-1.,0.,0.));
#15316=DIRECTION('',(0.,6.19544098563148E-16,-1.));
#15317=DIRECTION('',(0.,1.,6.19513121358217E-16));
#15318=DIRECTION('',(0.,0.,-1.));
#15319=DIRECTION('',(0.,1.,0.));
#15320=DIRECTION('',(0.,0.,1.));
#15321=DIRECTION('',(0.,-1.,-2.71050543121376E-16));
#15322=DIRECTION('',(0.,0.,1.));
#15323=DIRECTION('',(1.,0.,0.));
#15324=DIRECTION('',(0.,0.,-1.));
#15325=DIRECTION('',(0.,0.,1.));
#15326=DIRECTION('',(0.,-1.,-2.71050543121376E-16));
#15327=DIRECTION('',(0.,0.,1.));
#15328=DIRECTION('',(0.,1.,0.));
#15329=DIRECTION('',(0.,0.,-1.));
#15330=DIRECTION('',(1.,0.,0.));
#15331=DIRECTION('',(0.,0.,-1.));
#15332=DIRECTION('',(-1.,0.,0.));
#15333=DIRECTION('',(0.,1.,0.));
#15334=DIRECTION('',(0.,0.,1.));
#15335=DIRECTION('',(-1.,0.,0.));
#15336=DIRECTION('',(0.,0.,1.));
#15337=DIRECTION('',(1.,0.,0.));
#15338=DIRECTION('',(-1.,0.,0.));
#15339=DIRECTION('',(0.,-1.,0.));
#15340=DIRECTION('',(0.,0.,-1.));
#15341=DIRECTION('',(-1.,0.,0.));
#15342=DIRECTION('',(0.,2.71050543121376E-16,-1.));
#15343=DIRECTION('',(0.,1.,2.71050543121376E-16));
#15344=DIRECTION('',(0.,-1.,0.));
#15345=DIRECTION('',(0.,0.,-1.));
#15346=DIRECTION('',(0.,-1.,-6.19544098563148E-16));
#15347=DIRECTION('',(0.,-1.,-6.19544098563148E-16));
#15348=DIRECTION('',(-1.,0.,0.));
#15349=DIRECTION('',(0.,6.19544098563148E-16,-1.));
#15350=DIRECTION('',(0.,1.,6.19513121358217E-16));
#15351=DIRECTION('',(0.,0.,-1.));
#15352=DIRECTION('',(0.,1.,0.));
#15353=DIRECTION('',(0.,0.,1.));
#15354=DIRECTION('',(0.,-1.,-2.71050543121376E-16));
#15355=DIRECTION('',(0.,0.,1.));
#15356=DIRECTION('',(1.,0.,0.));
#15357=DIRECTION('',(0.,0.,-1.));
#15358=DIRECTION('',(0.,0.,1.));
#15359=DIRECTION('',(0.,-1.,-2.71050543121376E-16));
#15360=DIRECTION('',(0.,0.,1.));
#15361=DIRECTION('',(0.,1.,0.));
#15362=DIRECTION('',(0.,0.,-1.));
#15363=DIRECTION('',(1.,0.,0.));
#15364=DIRECTION('',(0.,0.,-1.));
#15365=DIRECTION('',(-1.,0.,0.));
#15366=DIRECTION('',(0.,1.,0.));
#15367=DIRECTION('',(0.,0.,1.));
#15368=DIRECTION('',(-1.,0.,0.));
#15369=DIRECTION('',(0.,0.,1.));
#15370=DIRECTION('',(1.,0.,0.));
#15371=DIRECTION('',(-1.,0.,0.));
#15372=DIRECTION('',(0.,-1.,0.));
#15373=DIRECTION('',(0.,0.,-1.));
#15374=DIRECTION('',(-1.,0.,0.));
#15375=DIRECTION('',(0.,2.71050543121376E-16,-1.));
#15376=DIRECTION('',(0.,1.,2.71050543121376E-16));
#15377=DIRECTION('',(0.,-1.,0.));
#15378=DIRECTION('',(0.,0.,-1.));
#15379=DIRECTION('',(0.,-1.,-6.19544098563148E-16));
#15380=DIRECTION('',(0.,-1.,-6.19544098563148E-16));
#15381=DIRECTION('',(-1.,0.,0.));
#15382=DIRECTION('',(0.,6.19544098563148E-16,-1.));
#15383=DIRECTION('',(0.,1.,6.19513121358217E-16));
#15384=DIRECTION('',(0.,0.,-1.));
#15385=DIRECTION('',(0.,1.,0.));
#15386=DIRECTION('',(0.,0.,1.));
#15387=DIRECTION('',(0.,-1.,-2.71050543121376E-16));
#15388=DIRECTION('',(0.,0.,1.));
#15389=DIRECTION('',(1.,0.,0.));
#15390=DIRECTION('',(0.,0.,-1.));
#15391=DIRECTION('',(0.,0.,1.));
#15392=DIRECTION('',(0.,-1.,-2.71050543121376E-16));
#15393=DIRECTION('',(0.,0.,1.));
#15394=DIRECTION('',(0.,1.,0.));
#15395=DIRECTION('',(0.,0.,-1.));
#15396=DIRECTION('',(1.,0.,0.));
#15397=DIRECTION('',(0.,0.,-1.));
#15398=DIRECTION('',(-1.,0.,0.));
#15399=DIRECTION('',(0.,1.,0.));
#15400=DIRECTION('',(0.,0.,1.));
#15401=DIRECTION('',(-1.,0.,0.));
#15402=DIRECTION('',(0.,0.,1.));
#15403=DIRECTION('',(1.,0.,0.));
#15404=DIRECTION('',(-1.,0.,0.));
#15405=DIRECTION('',(0.,-1.,0.));
#15406=DIRECTION('',(0.,0.,-1.));
#15407=DIRECTION('',(-1.,0.,0.));
#15408=DIRECTION('',(0.,2.71050543121376E-16,-1.));
#15409=DIRECTION('',(0.,1.,2.71050543121376E-16));
#15410=DIRECTION('',(0.,-1.,0.));
#15411=DIRECTION('',(0.,0.,-1.));
#15412=DIRECTION('',(0.,-1.,-6.19544098563148E-16));
#15413=DIRECTION('',(0.,-1.,-6.19544098563148E-16));
#15414=DIRECTION('',(-1.,0.,0.));
#15415=DIRECTION('',(0.,6.19544098563148E-16,-1.));
#15416=DIRECTION('',(0.,1.,6.19513121358217E-16));
#15417=DIRECTION('',(0.,0.,-1.));
#15418=DIRECTION('',(0.,1.,0.));
#15419=DIRECTION('',(0.,0.,1.));
#15420=DIRECTION('',(0.,-1.,-2.71050543121376E-16));
#15421=DIRECTION('',(0.,0.,1.));
#15422=DIRECTION('',(1.,0.,0.));
#15423=DIRECTION('',(0.,0.,-1.));
#15424=DIRECTION('',(0.,0.,1.));
#15425=DIRECTION('',(0.,-1.,-2.71050543121376E-16));
#15426=DIRECTION('',(0.,0.,1.));
#15427=DIRECTION('',(0.,1.,0.));
#15428=DIRECTION('',(0.,0.,-1.));
#15429=DIRECTION('',(1.,0.,0.));
#15430=DIRECTION('',(0.,0.,-1.));
#15431=DIRECTION('',(-1.,0.,0.));
#15432=DIRECTION('',(0.,1.,0.));
#15433=DIRECTION('',(0.,0.,1.));
#15434=DIRECTION('',(-1.,0.,0.));
#15435=DIRECTION('',(0.,0.,1.));
#15436=DIRECTION('',(1.,0.,0.));
#15437=DIRECTION('',(-1.,0.,0.));
#15438=DIRECTION('',(0.,-1.,0.));
#15439=DIRECTION('',(0.,0.,-1.));
#15440=DIRECTION('',(-1.,0.,0.));
#15441=DIRECTION('',(0.,2.71050543121376E-16,-1.));
#15442=DIRECTION('',(0.,1.,2.71050543121376E-16));
#15443=DIRECTION('',(0.,-1.,0.));
#15444=DIRECTION('',(0.,0.,-1.));
#15445=DIRECTION('',(0.,-1.,-6.19544098563148E-16));
#15446=DIRECTION('',(0.,-1.,-6.19544098563148E-16));
#15447=DIRECTION('',(-1.,0.,0.));
#15448=DIRECTION('',(0.,6.19544098563148E-16,-1.));
#15449=DIRECTION('',(0.,1.,6.19513121358217E-16));
#15450=DIRECTION('',(0.,0.,-1.));
#15451=DIRECTION('',(0.,1.,0.));
#15452=DIRECTION('',(0.,0.,1.));
#15453=DIRECTION('',(0.,-1.,-2.71050543121376E-16));
#15454=DIRECTION('',(0.,0.,1.));
#15455=DIRECTION('',(1.,0.,0.));
#15456=DIRECTION('',(0.,0.,-1.));
#15457=DIRECTION('',(0.,0.,1.));
#15458=DIRECTION('',(0.,-1.,-2.71050543121376E-16));
#15459=DIRECTION('',(0.,0.,1.));
#15460=DIRECTION('',(0.,1.,0.));
#15461=DIRECTION('',(0.,0.,-1.));
#15462=DIRECTION('',(1.,0.,0.));
#15463=DIRECTION('',(0.,0.,-1.));
#15464=DIRECTION('',(-1.,0.,0.));
#15465=DIRECTION('',(0.,1.,0.));
#15466=DIRECTION('',(0.,0.,1.));
#15467=DIRECTION('',(-1.,0.,0.));
#15468=DIRECTION('',(0.,0.,1.));
#15469=DIRECTION('',(1.,0.,0.));
#15470=DIRECTION('',(-1.,0.,0.));
#15471=DIRECTION('',(0.,-1.,0.));
#15472=DIRECTION('',(0.,0.,-1.));
#15473=DIRECTION('',(-1.,0.,0.));
#15474=DIRECTION('',(0.,2.71050543121376E-16,-1.));
#15475=DIRECTION('',(0.,1.,2.71050543121376E-16));
#15476=DIRECTION('',(0.,-1.,0.));
#15477=DIRECTION('',(0.,0.,-1.));
#15478=DIRECTION('',(0.,-1.,-6.19544098563148E-16));
#15479=DIRECTION('',(0.,-1.,-6.19544098563148E-16));
#15480=DIRECTION('',(-1.,0.,0.));
#15481=DIRECTION('',(0.,6.19544098563148E-16,-1.));
#15482=DIRECTION('',(0.,1.,6.19513121358217E-16));
#15483=DIRECTION('',(0.,0.,-1.));
#15484=DIRECTION('',(0.,1.,0.));
#15485=DIRECTION('',(0.,0.,1.));
#15486=DIRECTION('',(0.,-1.,-2.71050543121376E-16));
#15487=DIRECTION('',(0.,0.,1.));
#15488=DIRECTION('',(1.,0.,0.));
#15489=DIRECTION('',(0.,0.,-1.));
#15490=DIRECTION('',(0.,0.,1.));
#15491=DIRECTION('',(0.,-1.,-2.71050543121376E-16));
#15492=DIRECTION('',(0.,0.,1.));
#15493=DIRECTION('',(0.,1.,0.));
#15494=DIRECTION('',(0.,0.,-1.));
#15495=DIRECTION('',(1.,0.,0.));
#15496=DIRECTION('',(0.,0.,-1.));
#15497=DIRECTION('',(-1.,0.,0.));
#15498=DIRECTION('',(0.,1.,0.));
#15499=DIRECTION('',(0.,0.,1.));
#15500=DIRECTION('',(-1.,0.,0.));
#15501=DIRECTION('',(0.,0.,1.));
#15502=DIRECTION('',(1.,0.,0.));
#15503=DIRECTION('',(-1.,0.,0.));
#15504=DIRECTION('',(0.,-1.,0.));
#15505=DIRECTION('',(0.,0.,-1.));
#15506=DIRECTION('',(-1.,0.,0.));
#15507=DIRECTION('',(0.,2.71050543121376E-16,-1.));
#15508=DIRECTION('',(0.,1.,2.71050543121376E-16));
#15509=DIRECTION('',(0.,-1.,0.));
#15510=DIRECTION('',(0.,0.,-1.));
#15511=DIRECTION('',(0.,-1.,-6.19544098563148E-16));
#15512=DIRECTION('',(0.,-1.,-6.19544098563148E-16));
#15513=DIRECTION('',(-1.,0.,0.));
#15514=DIRECTION('',(0.,6.19544098563148E-16,-1.));
#15515=DIRECTION('',(0.,1.,6.19513121358217E-16));
#15516=DIRECTION('',(0.,0.,-1.));
#15517=DIRECTION('',(0.,1.,0.));
#15518=DIRECTION('',(0.,0.,1.));
#15519=DIRECTION('',(0.,-1.,-2.71050543121376E-16));
#15520=DIRECTION('',(0.,0.,1.));
#15521=DIRECTION('',(1.,0.,0.));
#15522=DIRECTION('',(0.,0.,-1.));
#15523=DIRECTION('',(0.,0.,1.));
#15524=DIRECTION('',(0.,-1.,-2.71050543121376E-16));
#15525=DIRECTION('',(0.,0.,1.));
#15526=DIRECTION('',(0.,1.,0.));
#15527=DIRECTION('',(0.,0.,-1.));
#15528=DIRECTION('',(1.,0.,0.));
#15529=DIRECTION('',(0.,0.,-1.));
#15530=DIRECTION('',(-1.,0.,0.));
#15531=DIRECTION('',(0.,1.,0.));
#15532=DIRECTION('',(0.,0.,1.));
#15533=DIRECTION('',(-1.,0.,0.));
#15534=DIRECTION('',(0.,0.,1.));
#15535=DIRECTION('',(1.,0.,0.));
#15536=DIRECTION('',(-1.,0.,0.));
#15537=DIRECTION('',(0.,-1.,0.));
#15538=DIRECTION('',(0.,0.,-1.));
#15539=DIRECTION('',(-1.,0.,0.));
#15540=DIRECTION('',(0.,2.71050543121376E-16,-1.));
#15541=DIRECTION('',(0.,1.,2.71050543121376E-16));
#15542=DIRECTION('',(0.,-1.,0.));
#15543=DIRECTION('',(0.,0.,-1.));
#15544=DIRECTION('',(0.,-1.,-6.19544098563148E-16));
#15545=DIRECTION('',(0.,-1.,-6.19544098563148E-16));
#15546=DIRECTION('',(-1.,0.,0.));
#15547=DIRECTION('',(0.,6.19544098563148E-16,-1.));
#15548=DIRECTION('',(0.,1.,6.19513121358217E-16));
#15549=DIRECTION('',(0.,0.,-1.));
#15550=DIRECTION('',(0.,1.,0.));
#15551=DIRECTION('',(0.,0.,1.));
#15552=DIRECTION('',(0.,-1.,-2.71050543121376E-16));
#15553=DIRECTION('',(0.,0.,1.));
#15554=DIRECTION('',(1.,0.,0.));
#15555=DIRECTION('',(0.,0.,-1.));
#15556=DIRECTION('',(0.,0.,1.));
#15557=DIRECTION('',(0.,-1.,-2.71050543121376E-16));
#15558=DIRECTION('',(0.,0.,1.));
#15559=DIRECTION('',(0.,1.,0.));
#15560=DIRECTION('',(0.,0.,-1.));
#15561=DIRECTION('',(1.,0.,0.));
#15562=DIRECTION('',(0.,0.,-1.));
#15563=DIRECTION('',(-1.,0.,0.));
#15564=DIRECTION('',(0.,1.,0.));
#15565=DIRECTION('',(0.,0.,1.));
#15566=DIRECTION('',(-1.,0.,0.));
#15567=DIRECTION('',(0.,0.,1.));
#15568=DIRECTION('',(1.,0.,0.));
#15569=DIRECTION('',(-1.,0.,0.));
#15570=DIRECTION('',(0.,-1.,0.));
#15571=DIRECTION('',(0.,0.,-1.));
#15572=DIRECTION('',(-1.,0.,0.));
#15573=DIRECTION('',(0.,2.71050543121376E-16,-1.));
#15574=DIRECTION('',(0.,1.,2.71050543121376E-16));
#15575=DIRECTION('',(0.,-1.,0.));
#15576=DIRECTION('',(0.,0.,-1.));
#15577=DIRECTION('',(0.,-1.,-6.19544098563148E-16));
#15578=DIRECTION('',(0.,-1.,-6.19544098563148E-16));
#15579=DIRECTION('',(-1.,0.,0.));
#15580=DIRECTION('',(0.,6.19544098563148E-16,-1.));
#15581=DIRECTION('',(0.,1.,6.19513121358217E-16));
#15582=DIRECTION('',(0.,0.,-1.));
#15583=DIRECTION('',(0.,1.,0.));
#15584=DIRECTION('',(0.,0.,1.));
#15585=DIRECTION('',(0.,-1.,-2.71050543121376E-16));
#15586=DIRECTION('',(0.,0.,1.));
#15587=DIRECTION('',(1.,0.,0.));
#15588=DIRECTION('',(0.,0.,-1.));
#15589=DIRECTION('',(0.,0.,1.));
#15590=DIRECTION('',(0.,-1.,-2.71050543121376E-16));
#15591=DIRECTION('',(0.,0.,1.));
#15592=DIRECTION('',(0.,1.,0.));
#15593=DIRECTION('',(0.,0.,-1.));
#15594=DIRECTION('',(1.,0.,0.));
#15595=DIRECTION('',(0.,0.,-1.));
#15596=DIRECTION('',(-1.,0.,0.));
#15597=DIRECTION('',(0.,1.,0.));
#15598=DIRECTION('',(0.,0.,1.));
#15599=DIRECTION('',(-1.,0.,0.));
#15600=DIRECTION('',(0.,0.,1.));
#15601=DIRECTION('',(1.,0.,0.));
#15602=DIRECTION('',(-1.,0.,0.));
#15603=DIRECTION('',(0.,-1.,0.));
#15604=DIRECTION('',(0.,0.,-1.));
#15605=DIRECTION('',(-1.,0.,0.));
#15606=DIRECTION('',(0.,2.71050543121376E-16,-1.));
#15607=DIRECTION('',(0.,1.,2.71050543121376E-16));
#15608=DIRECTION('',(0.,-1.,0.));
#15609=DIRECTION('',(0.,0.,-1.));
#15610=DIRECTION('',(0.,-1.,-6.19544098563148E-16));
#15611=DIRECTION('',(0.,-1.,-6.19544098563148E-16));
#15612=DIRECTION('',(-1.,0.,0.));
#15613=DIRECTION('',(0.,6.19544098563148E-16,-1.));
#15614=DIRECTION('',(0.,1.,6.19513121358217E-16));
#15615=DIRECTION('',(0.,0.,-1.));
#15616=DIRECTION('',(0.,1.,0.));
#15617=DIRECTION('',(0.,0.,1.));
#15618=DIRECTION('',(0.,-1.,-2.71050543121376E-16));
#15619=DIRECTION('',(0.,0.,1.));
#15620=DIRECTION('',(1.,0.,0.));
#15621=DIRECTION('',(0.,0.,-1.));
#15622=DIRECTION('',(0.,0.,1.));
#15623=DIRECTION('',(0.,-1.,-2.71050543121376E-16));
#15624=DIRECTION('',(0.,0.,1.));
#15625=DIRECTION('',(0.,1.,0.));
#15626=DIRECTION('',(0.,0.,-1.));
#15627=DIRECTION('',(1.,0.,0.));
#15628=DIRECTION('',(0.,0.,-1.));
#15629=DIRECTION('',(-1.,0.,0.));
#15630=DIRECTION('',(0.,1.,0.));
#15631=DIRECTION('',(0.,0.,1.));
#15632=DIRECTION('',(-1.,0.,0.));
#15633=DIRECTION('',(0.,0.,1.));
#15634=DIRECTION('',(1.,0.,0.));
#15635=DIRECTION('',(-1.,0.,0.));
#15636=DIRECTION('',(0.,-1.,0.));
#15637=DIRECTION('',(0.,0.,-1.));
#15638=DIRECTION('',(-1.,0.,0.));
#15639=DIRECTION('',(0.,2.71050543121376E-16,-1.));
#15640=DIRECTION('',(0.,1.,2.71050543121376E-16));
#15641=DIRECTION('',(0.,-1.,0.));
#15642=DIRECTION('',(0.,0.,-1.));
#15643=DIRECTION('',(0.,-1.,-6.19544098563148E-16));
#15644=DIRECTION('',(0.,-1.,-6.19544098563148E-16));
#15645=DIRECTION('',(-1.,0.,0.));
#15646=DIRECTION('',(0.,6.19544098563148E-16,-1.));
#15647=DIRECTION('',(0.,1.,6.19513121358217E-16));
#15648=DIRECTION('',(0.,0.,-1.));
#15649=DIRECTION('',(0.,1.,0.));
#15650=DIRECTION('',(0.,0.,1.));
#15651=DIRECTION('',(0.,-1.,-2.71050543121376E-16));
#15652=DIRECTION('',(0.,0.,1.));
#15653=DIRECTION('',(1.,0.,0.));
#15654=DIRECTION('',(0.,0.,-1.));
#15655=DIRECTION('',(0.,0.,1.));
#15656=DIRECTION('',(0.,-1.,-2.71050543121376E-16));
#15657=DIRECTION('',(0.,0.,1.));
#15658=DIRECTION('',(0.,1.,0.));
#15659=DIRECTION('',(0.,0.,-1.));
#15660=DIRECTION('',(1.,0.,0.));
#15661=DIRECTION('',(0.,0.,-1.));
#15662=DIRECTION('',(-1.,0.,0.));
#15663=DIRECTION('',(0.,1.,0.));
#15664=DIRECTION('',(0.,0.,1.));
#15665=DIRECTION('',(-1.,0.,0.));
#15666=DIRECTION('',(0.,0.,1.));
#15667=DIRECTION('',(1.,0.,0.));
#15668=DIRECTION('',(-1.,0.,0.));
#15669=DIRECTION('',(0.,-1.,0.));
#15670=DIRECTION('',(0.,0.,-1.));
#15671=DIRECTION('',(-1.,0.,0.));
#15672=DIRECTION('',(0.,2.71050543121376E-16,-1.));
#15673=DIRECTION('',(0.,1.,2.71050543121376E-16));
#15674=DIRECTION('',(0.,-1.,0.));
#15675=DIRECTION('',(0.,0.,-1.));
#15676=DIRECTION('',(0.,-1.,-6.19544098563148E-16));
#15677=DIRECTION('',(0.,-1.,-6.19544098563148E-16));
#15678=DIRECTION('',(-1.,0.,0.));
#15679=DIRECTION('',(0.,6.19544098563148E-16,-1.));
#15680=DIRECTION('',(0.,1.,6.19513121358217E-16));
#15681=DIRECTION('',(0.,0.,-1.));
#15682=DIRECTION('',(0.,1.,0.));
#15683=DIRECTION('',(0.,0.,1.));
#15684=DIRECTION('',(0.,-1.,-2.71050543121376E-16));
#15685=DIRECTION('',(0.,0.,1.));
#15686=DIRECTION('',(1.,0.,0.));
#15687=DIRECTION('',(0.,0.,-1.));
#15688=DIRECTION('',(0.,0.,1.));
#15689=DIRECTION('',(0.,-1.,-2.71050543121376E-16));
#15690=DIRECTION('',(0.,0.,1.));
#15691=DIRECTION('',(0.,1.,0.));
#15692=DIRECTION('',(0.,0.,-1.));
#15693=DIRECTION('',(1.,0.,0.));
#15694=DIRECTION('',(0.,0.,-1.));
#15695=DIRECTION('',(-1.,0.,0.));
#15696=DIRECTION('',(0.,1.,0.));
#15697=DIRECTION('',(0.,0.,1.));
#15698=DIRECTION('',(-1.,0.,0.));
#15699=DIRECTION('',(0.,0.,1.));
#15700=DIRECTION('',(1.,0.,0.));
#15701=DIRECTION('',(-1.,0.,0.));
#15702=DIRECTION('',(0.,-1.,0.));
#15703=DIRECTION('',(0.,0.,-1.));
#15704=DIRECTION('',(-1.,0.,0.));
#15705=DIRECTION('',(0.,2.71050543121376E-16,-1.));
#15706=DIRECTION('',(0.,1.,2.71050543121376E-16));
#15707=DIRECTION('',(0.,-1.,0.));
#15708=DIRECTION('',(0.,0.,-1.));
#15709=DIRECTION('',(0.,-1.,-6.19544098563148E-16));
#15710=DIRECTION('',(0.,-1.,-6.19544098563148E-16));
#15711=DIRECTION('',(-1.,0.,0.));
#15712=DIRECTION('',(0.,6.19544098563148E-16,-1.));
#15713=DIRECTION('',(0.,1.,6.19513121358217E-16));
#15714=DIRECTION('',(0.,0.,-1.));
#15715=DIRECTION('',(0.,1.,0.));
#15716=DIRECTION('',(0.,0.,1.));
#15717=DIRECTION('',(0.,-1.,-2.71050543121376E-16));
#15718=DIRECTION('',(0.,0.,1.));
#15719=DIRECTION('',(1.,0.,0.));
#15720=DIRECTION('',(0.,0.,-1.));
#15721=DIRECTION('',(0.,0.,1.));
#15722=DIRECTION('',(0.,-1.,-2.71050543121376E-16));
#15723=DIRECTION('',(0.,0.,1.));
#15724=DIRECTION('',(0.,1.,0.));
#15725=DIRECTION('',(0.,0.,-1.));
#15726=DIRECTION('',(1.,0.,0.));
#15727=DIRECTION('',(0.,0.,-1.));
#15728=DIRECTION('',(-1.,0.,0.));
#15729=DIRECTION('',(0.,1.,0.));
#15730=DIRECTION('',(0.,0.,1.));
#15731=DIRECTION('',(-1.,0.,0.));
#15732=DIRECTION('',(0.,0.,1.));
#15733=DIRECTION('',(1.,0.,0.));
#15734=DIRECTION('',(-1.,0.,0.));
#15735=DIRECTION('',(0.,-1.,0.));
#15736=DIRECTION('',(0.,0.,-1.));
#15737=DIRECTION('',(-1.,0.,0.));
#15738=DIRECTION('',(0.,2.71050543121376E-16,-1.));
#15739=DIRECTION('',(0.,1.,2.71050543121376E-16));
#15740=DIRECTION('',(0.,-1.,0.));
#15741=DIRECTION('',(0.,0.,-1.));
#15742=DIRECTION('',(1.,0.,0.));
#15743=DIRECTION('',(0.,0.,1.));
#15744=DIRECTION('',(1.,0.,0.));
#15745=DIRECTION('',(0.,0.,-1.));
#15746=DIRECTION('',(0.,1.,0.));
#15747=DIRECTION('',(0.,0.,1.));
#15748=DIRECTION('',(0.,0.,-1.));
#15749=DIRECTION('',(1.,-6.67201336914157E-16,0.));
#15750=DIRECTION('',(6.67001176513082E-16,1.,0.));
#15751=DIRECTION('',(0.,0.,-1.));
#15752=DIRECTION('',(0.,0.,-1.));
#15753=DIRECTION('',(-1.,0.,0.));
#15754=DIRECTION('',(0.,0.,1.));
#15755=DIRECTION('',(0.,0.,-1.));
#15756=DIRECTION('',(0.,0.,-1.));
#15757=DIRECTION('',(-1.,0.,0.));
#15758=DIRECTION('',(0.,0.,1.));
#15759=DIRECTION('',(0.,0.,-1.));
#15760=DIRECTION('',(0.,-1.,0.));
#15761=DIRECTION('',(0.,0.,-1.));
#15762=DIRECTION('',(0.,0.,-1.));
#15763=DIRECTION('',(1.,2.89120579329468E-15,0.));
#15764=DIRECTION('',(-2.89091667271535E-15,1.,0.));
#15765=DIRECTION('',(0.,-1.,0.));
#15766=DIRECTION('',(0.,0.,-1.));
#15767=DIRECTION('',(0.,1.,0.));
#15768=DIRECTION('',(0.,0.,1.));
#15769=DIRECTION('',(0.,0.,-1.));
#15770=DIRECTION('',(1.,0.,0.));
#15771=DIRECTION('',(0.,1.,0.));
#15772=DIRECTION('',(0.,0.,1.));
#15773=DIRECTION('',(0.,0.,-1.));
#15774=DIRECTION('',(0.,1.,0.));
#15775=DIRECTION('',(-1.,0.,0.));
#15776=DIRECTION('',(0.,0.,1.));
#15777=DIRECTION('',(0.,0.,-1.));
#15778=DIRECTION('',(-1.,0.,0.));
#15779=DIRECTION('',(0.,-1.,0.));
#15780=DIRECTION('',(0.,0.,-1.));
#15781=DIRECTION('',(0.,0.,-1.));
#15782=DIRECTION('',(0.,1.,0.));
#15783=DIRECTION('',(-1.,0.,0.));
#15784=DIRECTION('',(0.,0.,1.));
#15785=DIRECTION('',(0.,0.,-1.));
#15786=DIRECTION('',(1.,0.,0.));
#15787=DIRECTION('',(0.,1.,0.));
#15788=DIRECTION('',(0.,0.,1.));
#15789=DIRECTION('',(0.,0.,-1.));
#15790=DIRECTION('',(0.,1.,0.));
#15791=DIRECTION('',(-1.,0.,0.));
#15792=DIRECTION('',(0.,0.,1.));
#15793=DIRECTION('',(-1.,-4.81867632215779E-16,0.));
#15794=DIRECTION('',(4.81867632215779E-16,-1.,0.));
#15795=DIRECTION('',(1.,4.81819445452558E-16,0.));
#15796=DIRECTION('',(0.,0.,1.));
#15797=DIRECTION('',(1.,0.,0.));
#15798=DIRECTION('',(1.,1.44560289664734E-15,0.));
#15799=DIRECTION('',(-1.,4.81867632215779E-16,0.));
#15800=DIRECTION('',(0.,-1.,0.));
#15801=DIRECTION('',(1.,1.47451495458028E-14,0.));
#15802=DIRECTION('',(0.,-1.,0.));
#15803=DIRECTION('',(-1.,1.3010426069826E-14,0.));
#15804=DIRECTION('',(0.,-1.,0.));
#15805=DIRECTION('',(0.,0.,1.));
#15806=DIRECTION('',(1.,0.,0.));
#15807=DIRECTION('',(1.,0.,0.));
#15808=DIRECTION('',(0.,0.,1.));
#15809=DIRECTION('',(1.,0.,0.));
#15810=DIRECTION('',(0.,0.,-1.));
#15811=DIRECTION('',(0.,0.,-1.));
#15812=DIRECTION('',(1.,0.,0.));
#15813=DIRECTION('',(0.,0.,-1.));
#15814=DIRECTION('',(0.,0.,-1.));
#15815=DIRECTION('',(0.,0.,-1.));
#15816=DIRECTION('',(-1.,-6.67201336914157E-16,0.));
#15817=DIRECTION('',(6.67001176513082E-16,-1.,0.));
#15818=DIRECTION('',(0.,1.,0.));
#15819=DIRECTION('',(0.,0.,1.));
#15820=DIRECTION('',(0.,0.,-1.));
#15821=DIRECTION('',(0.,-1.,0.));
#15822=DIRECTION('',(0.,0.,-1.));
#15823=DIRECTION('',(0.,0.,-1.));
#15824=DIRECTION('',(-1.,2.89120579329468E-15,0.));
#15825=DIRECTION('',(-2.89091667271535E-15,-1.,0.));
#15826=DIRECTION('',(0.,0.,-1.));
#15827=DIRECTION('',(0.,-1.,0.));
#15828=DIRECTION('',(0.,0.,-1.));
#15829=DIRECTION('',(0.,0.,-1.));
#15830=DIRECTION('',(1.,0.,0.));
#15831=DIRECTION('',(0.,0.,-1.));
#15832=DIRECTION('',(0.,0.,-1.));
#15833=DIRECTION('',(0.,0.,-1.));
#15834=DIRECTION('',(1.,0.,0.));
#15835=DIRECTION('',(0.,0.,-1.));
#15836=DIRECTION('',(-1.44560289664734E-15,1.,0.));
#15837=DIRECTION('',(-1.,-1.44545833635767E-15,0.));
#15838=DIRECTION('',(0.,1.,0.));
#15839=DIRECTION('',(0.,0.,1.));
#15840=DIRECTION('',(0.,0.,-1.));
#15841=DIRECTION('',(-4.81867632215779E-16,-1.,0.));
#15842=DIRECTION('',(1.,-4.81819445452558E-16,0.));
#15843=DIRECTION('',(0.,0.,-1.));
#15844=DIRECTION('',(1.,0.,0.));
#15845=DIRECTION('',(0.,0.,-1.));
#15846=DIRECTION('',(0.,0.,-1.));
#15847=DIRECTION('',(-1.47451495458028E-14,1.,0.));
#15848=DIRECTION('',(-1.,-1.47451495458029E-14,0.));
#15849=DIRECTION('',(0.,0.,-1.));
#15850=DIRECTION('',(1.,0.,0.));
#15851=DIRECTION('',(0.,0.,-1.));
#15852=DIRECTION('',(-1.3010426069826E-14,-1.,0.));
#15853=DIRECTION('',(1.,-1.30104260698261E-14,0.));
#15854=DIRECTION('',(-1.,0.,0.));
#15855=DIRECTION('',(0.,-4.67462326157961E-16,1.));
#15856=DIRECTION('',(0.,-1.,-4.67462326157961E-16));
#15857=DIRECTION('',(0.,4.67462326157961E-16,-1.));
#15858=DIRECTION('',(-1.,0.,0.));
#15859=DIRECTION('',(-1.,0.,0.));
#15860=DIRECTION('',(-1.,0.,0.));
#15861=DIRECTION('',(-1.,0.,0.));
#15862=DIRECTION('',(0.,2.77555756156289E-16,-1.));
#15863=DIRECTION('',(-1.,0.,0.));
#15864=DIRECTION('',(0.,0.,-1.));
#15865=DIRECTION('',(-1.,0.,0.));
#15866=DIRECTION('',(0.,0.,-1.));
#15867=DIRECTION('',(-1.,0.,0.));
#15868=DIRECTION('',(0.,2.77555756156289E-16,-1.));
#15869=DIRECTION('',(1.,0.,0.));
#15870=DIRECTION('',(0.,2.77555756156289E-16,-1.));
#15871=DIRECTION('',(1.,0.,0.));
#15872=DIRECTION('',(0.,0.,-1.));
#15873=DIRECTION('',(-1.,0.,0.));
#15874=DIRECTION('',(0.,0.,-1.));
#15875=DIRECTION('',(-1.,0.,0.));
#15876=DIRECTION('',(0.,2.77555756156289E-16,-1.));
#15877=DIRECTION('',(0.,-1.,-4.67462326157961E-16));
#15878=DIRECTION('',(0.,4.67462326157961E-16,-1.));
#15879=DIRECTION('',(-1.,0.,0.));
#15880=DIRECTION('',(0.,-4.67462326157961E-16,1.));
#15881=DIRECTION('',(0.,-1.,-4.67462326157961E-16));
#15882=DIRECTION('',(0.,4.67462326157961E-16,-1.));
#15883=DIRECTION('',(0.707106781186547,0.,-0.707106781186548));
#15884=DIRECTION('',(0.,3.42379633416475E-16,-1.));
#15885=DIRECTION('',(-1.,0.,0.));
#15886=DIRECTION('',(0.,3.42379633416475E-16,-1.));
#15887=DIRECTION('',(0.,-4.98483757464597E-16,1.));
#15888=DIRECTION('',(1.,0.,0.));
#15889=DIRECTION('',(0.,4.98483757464597E-16,-1.));
#15890=DIRECTION('',(0.707106781186548,0.,0.707106781186547));
#15891=DIRECTION('',(0.,1.,3.42379633416475E-16));
#15892=DIRECTION('',(0.,-3.42391046070922E-16,1.));
#15893=DIRECTION('',(1.22464679914735E-16,0.,1.));
#15894=DIRECTION('',(0.,1.,0.));
#15895=DIRECTION('',(1.22464679914735E-16,0.,1.));
#15896=DIRECTION('',(0.,-1.,-4.19691163542776E-16));
#15897=DIRECTION('',(0.,1.,1.39897054514259E-16));
#15898=DIRECTION('',(1.22464679914735E-16,0.,1.));
#15899=DIRECTION('',(0.,1.,0.));
#15900=DIRECTION('',(0.,-1.,0.));
#15901=DIRECTION('',(1.22464679914735E-16,0.,1.));
#15902=DIRECTION('',(0.,-1.,0.));
#15903=DIRECTION('',(1.22464679914735E-16,0.,1.));
#15904=DIRECTION('',(1.,0.,0.));
#15905=DIRECTION('',(0.,0.,-1.));
#15906=DIRECTION('',(1.,0.,0.));
#15907=DIRECTION('',(-1.,0.,0.));
#15908=DIRECTION('',(1.22464679914735E-16,0.,1.));
#15909=DIRECTION('',(0.,1.,0.));
#15910=DIRECTION('',(0.,0.,1.));
#15911=DIRECTION('',(-1.,0.,0.));
#15912=DIRECTION('',(0.,3.28546112874395E-16,1.));
#15913=DIRECTION('',(-1.,0.,0.));
#15914=DIRECTION('',(0.,-3.28546112874396E-16,-1.));
#15915=DIRECTION('',(-1.,0.,0.));
#15916=DIRECTION('',(0.,3.28546112874396E-16,1.));
#15917=DIRECTION('',(0.,-1.,3.28546112874396E-16));
#15918=DIRECTION('',(0.,-3.28513258263108E-16,-1.));
#15919=DIRECTION('',(0.,-1.,0.));
#15920=DIRECTION('',(0.,1.,0.));
#15921=DIRECTION('',(0.,0.,-1.));
#15922=DIRECTION('',(-1.,0.,0.));
#15923=DIRECTION('',(0.,-1.,-1.39897054514259E-16));
#15924=DIRECTION('',(0.,1.,1.66800334228539E-16));
#15925=DIRECTION('',(1.,0.,0.));
#15926=DIRECTION('',(0.,0.,-1.));
#15927=DIRECTION('',(0.,1.,0.));
#15928=DIRECTION('',(-1.22464679914735E-16,0.,1.));
#15929=DIRECTION('',(0.,1.,0.));
#15930=DIRECTION('',(-1.22464679914735E-16,0.,1.));
#15931=DIRECTION('',(0.,1.,1.39897054514259E-16));
#15932=DIRECTION('',(0.,-1.,-4.19691163542776E-16));
#15933=DIRECTION('',(-1.22464679914735E-16,0.,1.));
#15934=DIRECTION('',(-1.22464679914735E-16,0.,1.));
#15935=DIRECTION('',(0.,-1.,0.));
#15936=DIRECTION('',(-1.22464679914735E-16,0.,1.));
#15937=DIRECTION('',(0.,-1.,0.));
#15938=DIRECTION('',(1.,0.,0.));
#15939=DIRECTION('',(0.,0.,-1.));
#15940=DIRECTION('',(-1.,0.,0.));
#15941=DIRECTION('',(-1.22464679914735E-16,0.,1.));
#15942=DIRECTION('',(1.,0.,0.));
#15943=DIRECTION('',(0.,-1.,0.));
#15944=DIRECTION('',(0.,0.,-1.));
#15945=DIRECTION('',(0.,1.,1.44560289664734E-16));
#15946=DIRECTION('',(0.,0.,1.));
#15947=DIRECTION('',(0.,-1.,0.));
#15948=DIRECTION('',(1.,0.,0.));
#15949=DIRECTION('',(0.,0.,-1.));
#15950=DIRECTION('',(0.,1.,1.44560289664734E-16));
#15951=DIRECTION('',(0.,-3.28546112874396E-16,-1.));
#15952=DIRECTION('',(0.,1.,0.));
#15953=DIRECTION('',(0.,-1.,0.));
#15954=DIRECTION('',(0.,0.,1.));
#15955=DIRECTION('',(1.,0.,0.));
#15956=DIRECTION('',(0.,0.,-1.));
#15957=DIRECTION('',(0.,1.,3.25260651745651E-16));
#15958=DIRECTION('',(0.,1.,3.25260651745651E-16));
#15959=DIRECTION('',(0.,-3.25260651745651E-16,1.));
#15960=DIRECTION('',(0.,-1.,-3.25260651745651E-16));
#15961=DIRECTION('',(1.,0.,0.));
#15962=DIRECTION('',(0.,0.,-1.));
#15963=DIRECTION('',(1.,0.,0.));
#15964=DIRECTION('',(0.,0.,-1.));
#15965=DIRECTION('',(0.,1.,0.));
#15966=DIRECTION('',(-1.,0.,0.));
#15967=DIRECTION('',(0.,0.,1.));
#15968=DIRECTION('',(0.,1.,0.));
#15969=DIRECTION('',(0.,0.,-1.));
#15970=DIRECTION('',(-1.,0.,0.));
#15971=DIRECTION('',(1.,0.,0.));
#15972=DIRECTION('',(0.,0.,-1.));
#15973=DIRECTION('',(0.,1.,1.66800334228539E-16));
#15974=DIRECTION('',(-1.,0.,0.));
#15975=DIRECTION('',(0.,-1.44560289664734E-16,1.));
#15976=DIRECTION('',(0.,-1.,-1.44524149592318E-16));
#15977=DIRECTION('',(-1.,0.,0.));
#15978=DIRECTION('',(0.,-1.,0.));
#15979=DIRECTION('',(0.,0.,-1.));
#15980=DIRECTION('',(0.,0.,-1.));
#15981=DIRECTION('',(-1.,0.,0.));
#15982=DIRECTION('',(-1.,0.,0.));
#15983=DIRECTION('',(0.,-1.,0.));
#15984=DIRECTION('',(0.,0.,-1.));
#15985=DIRECTION('',(-1.,0.,0.));
#15986=DIRECTION('',(0.,3.28546112874395E-16,1.));
#15987=DIRECTION('',(1.,0.,0.));
#15988=DIRECTION('',(0.,3.28546112874396E-16,1.));
#15989=DIRECTION('',(0.,-1.,3.28546112874396E-16));
#15990=DIRECTION('',(0.,-3.28513258263108E-16,-1.));
#15991=DIRECTION('',(0.,1.,1.39897054514259E-16));
#15992=DIRECTION('',(1.,0.,0.));
#15993=DIRECTION('',(0.,0.,-1.));
#15994=DIRECTION('',(0.,1.,1.39897054514259E-16));
#15995=DIRECTION('',(0.,-5.42101086242752E-16,1.));
#15996=DIRECTION('',(0.,-1.,-4.19691163542776E-16));
#15997=DIRECTION('',(1.,0.,0.));
#15998=DIRECTION('',(0.,0.,-1.));
#15999=DIRECTION('',(1.7132448002103E-32,-1.,-1.39897054514259E-16));
#16000=DIRECTION('',(1.,0.,0.));
#16001=DIRECTION('',(0.,1.39897054514259E-16,-1.));
#16002=DIRECTION('',(0.,1.,1.3986208025063E-16));
#16003=DIRECTION('',(-1.22464679914735E-16,0.,1.));
#16004=DIRECTION('',(1.,0.,0.));
#16005=DIRECTION('',(0.,1.,5.42101086242752E-16));
#16006=DIRECTION('',(0.,-5.42101086242752E-16,1.));
#16007=DIRECTION('',(0.,-1.,0.));
#16008=DIRECTION('',(1.,0.,0.));
#16009=DIRECTION('',(0.,-4.19691163542776E-16,1.));
#16010=DIRECTION('',(0.,-1.,-4.1958624075189E-16));
#16011=DIRECTION('',(-1.,0.,0.));
#16012=DIRECTION('',(-1.22464679914735E-16,0.,1.));
#16013=DIRECTION('',(0.,-1.,0.));
#16014=DIRECTION('',(0.,0.,-1.));
#16015=DIRECTION('',(-1.22464679914735E-16,0.,1.));
#16016=DIRECTION('',(-1.,0.,-1.22464679914735E-16));
#16017=DIRECTION('',(-1.23165366794353E-16,0.,1.));
#16018=DIRECTION('',(-0.202858533185741,-0.979208055274123,0.));
#16019=DIRECTION('',(-0.202858533185741,-0.979208055274123,0.));
#16020=DIRECTION('',(-1.22464679914735E-16,0.,1.));
#16021=DIRECTION('',(-0.979208055274123,0.202858533185741,-1.19918401059076E-16));
#16022=DIRECTION('',(-0.202858533185741,-0.979208055274123,0.));
#16023=DIRECTION('',(1.,0.,0.));
#16024=DIRECTION('',(1.,0.,0.));
#16025=DIRECTION('',(0.,-1.,0.));
#16026=DIRECTION('',(0.,0.,-1.));
#16027=DIRECTION('',(0.,0.,1.));
#16028=DIRECTION('',(1.,0.,0.));
#16029=DIRECTION('',(0.,0.,1.));
#16030=DIRECTION('',(1.,0.,0.));
#16031=DIRECTION('',(-0.499999999999999,0.866025403784439,0.));
#16032=DIRECTION('',(0.,1.,0.));
#16033=DIRECTION('',(0.707106781186548,0.707106781186547,0.));
#16034=DIRECTION('',(0.,0.,1.));
#16035=DIRECTION('',(1.,0.,0.));
#16036=DIRECTION('',(0.,1.,0.));
#16037=DIRECTION('',(-0.499999999999999,0.866025403784439,0.));
#16038=DIRECTION('',(0.707106781186548,0.707106781186547,0.));
#16039=DIRECTION('',(0.,0.,1.));
#16040=DIRECTION('',(1.,0.,0.));
#16041=DIRECTION('',(-1.22464679914735E-16,0.,1.));
#16042=DIRECTION('',(-0.866025403784439,-0.499999999999999,-1.06057523872491E-16));
#16043=DIRECTION('',(0.499999999999999,-0.866025403784439,0.));
#16044=DIRECTION('',(-1.22464679914735E-16,0.,1.));
#16045=DIRECTION('',(-1.,0.,-1.22464679914735E-16));
#16046=DIRECTION('',(-1.23165366794353E-16,0.,1.));
#16047=DIRECTION('',(-0.707106781186547,0.707106781186548,-8.65956056235493E-17));
#16048=DIRECTION('',(-0.707106781186548,-0.707106781186547,0.));
#16049=DIRECTION('',(0.,1.,1.39897054514259E-16));
#16050=DIRECTION('',(0.,-1.,-4.19691163542776E-16));
#16051=DIRECTION('',(0.,-5.42101086242752E-16,1.));
#16052=DIRECTION('',(1.,0.,0.));
#16053=DIRECTION('',(0.,0.,-1.));
#16054=DIRECTION('',(-1.,0.,0.));
#16055=DIRECTION('',(-1.7132448002103E-32,-1.,-1.39897054514259E-16));
#16056=DIRECTION('',(0.,-1.39897054514259E-16,1.));
#16057=DIRECTION('',(0.,-1.,-1.3986208025063E-16));
#16058=DIRECTION('',(-1.,0.,0.));
#16059=DIRECTION('',(1.22464679914735E-16,0.,1.));
#16060=DIRECTION('',(0.,-1.,-5.42101086242752E-16));
#16061=DIRECTION('',(0.,5.42101086242752E-16,-1.));
#16062=DIRECTION('',(-1.,0.,0.));
#16063=DIRECTION('',(0.,-1.,0.));
#16064=DIRECTION('',(0.,4.19691163542776E-16,-1.));
#16065=DIRECTION('',(0.,1.,4.1958624075189E-16));
#16066=DIRECTION('',(1.,0.,0.));
#16067=DIRECTION('',(1.22464679914735E-16,0.,1.));
#16068=DIRECTION('',(0.,1.,0.));
#16069=DIRECTION('',(0.,0.,1.));
#16070=DIRECTION('',(1.22464679914735E-16,0.,1.));
#16071=DIRECTION('',(-1.,0.,1.22464679914735E-16));
#16072=DIRECTION('',(1.23165366794353E-16,0.,1.));
#16073=DIRECTION('',(0.202858533185741,-0.979208055274123,0.));
#16074=DIRECTION('',(1.22464679914735E-16,0.,1.));
#16075=DIRECTION('',(0.202858533185741,-0.979208055274123,0.));
#16076=DIRECTION('',(-0.979208055274123,-0.202858533185741,1.19918401059076E-16));
#16077=DIRECTION('',(0.202858533185741,-0.979208055274123,0.));
#16078=DIRECTION('',(-1.,0.,0.));
#16079=DIRECTION('',(-1.,0.,0.));
#16080=DIRECTION('',(0.,1.,0.));
#16081=DIRECTION('',(0.,0.,1.));
#16082=DIRECTION('',(0.,0.,-1.));
#16083=DIRECTION('',(-1.,0.,0.));
#16084=DIRECTION('',(0.,0.,-1.));
#16085=DIRECTION('',(-1.,0.,0.));
#16086=DIRECTION('',(0.,1.,0.));
#16087=DIRECTION('',(0.499999999999999,0.866025403784439,0.));
#16088=DIRECTION('',(-0.707106781186548,0.707106781186547,0.));
#16089=DIRECTION('',(0.,0.,-1.));
#16090=DIRECTION('',(-1.,0.,0.));
#16091=DIRECTION('',(1.22464679914735E-16,0.,1.));
#16092=DIRECTION('',(0.499999999999999,0.866025403784439,0.));
#16093=DIRECTION('',(-0.866025403784439,0.499999999999999,1.06057523872491E-16));
#16094=DIRECTION('',(-0.499999999999999,-0.866025403784439,0.));
#16095=DIRECTION('',(1.22464679914735E-16,0.,1.));
#16096=DIRECTION('',(0.,1.,0.));
#16097=DIRECTION('',(-1.,0.,1.22464679914735E-16));
#16098=DIRECTION('',(1.23165366794353E-16,0.,1.));
#16099=DIRECTION('',(-0.707106781186548,0.707106781186547,0.));
#16100=DIRECTION('',(-0.707106781186547,-0.707106781186548,8.65956056235493E-17));
#16101=DIRECTION('',(0.707106781186548,-0.707106781186547,0.));
#16102=DIRECTION('',(0.,0.,-1.));
#16103=DIRECTION('',(-1.,0.,0.));
#16104=DIRECTION('',(0.,1.,0.));
#16105=DIRECTION('',(-0.707106781186547,0.,0.707106781186548));
#16106=DIRECTION('',(-0.707106781186548,0.,-0.707106781186547));
#16107=DIRECTION('',(-0.707106781186547,0.,0.707106781186548));
#16108=DIRECTION('',(-0.707106781186548,0.,-0.707106781186547));
#16109=DIRECTION('',(0.707106781186547,0.,-0.707106781186548));
#16110=DIRECTION('',(-0.707106781186548,0.,-0.707106781186547));
#16111=DIRECTION('',(0.,-1.,0.));
#16112=DIRECTION('',(0.,0.,-1.));
#16113=CARTESIAN_POINT('',(0.,0.,0.));
#16114=CARTESIAN_POINT('',(7.4,0.,20.988));
#16115=CARTESIAN_POINT('',(7.4,0.,0.219999999999998));
#16116=CARTESIAN_POINT('',(7.4,0.,0.189999999999999));
#16117=CARTESIAN_POINT('',(9.3,8.67361737988404E-16,0.219999999999999));
#16118=CARTESIAN_POINT('',(-7.4,-2.40741243048404E-32,0.219999999999998));
#16119=CARTESIAN_POINT('',(-7.4,-2.40741243048404E-32,20.988));
#16120=CARTESIAN_POINT('',(-7.4,0.,0.189999999999999));
#16121=CARTESIAN_POINT('',(-6.845,0.,0.19));
#16122=CARTESIAN_POINT('',(-6.845,0.,0.19));
#16123=CARTESIAN_POINT('',(-6.845,0.,-7.16093850883226E-15));
#16124=CARTESIAN_POINT('',(-6.845,0.,-7.16020367291479E-15));
#16125=CARTESIAN_POINT('',(-8.3,0.,-5.08228421646151E-16));
#16126=CARTESIAN_POINT('',(6.845,0.,-7.15573433840433E-15));
#16127=CARTESIAN_POINT('',(6.845,0.,0.19));
#16128=CARTESIAN_POINT('',(6.845,0.,0.19));
#16129=CARTESIAN_POINT('',(8.3,0.,0.189999999999998));
#16130=CARTESIAN_POINT('',(0.,0.,0.));
#16131=CARTESIAN_POINT('',(8.3,0.,-4.44089209850063E-16));
#16132=CARTESIAN_POINT('',(8.3,0.,0.189999999999998));
#16133=CARTESIAN_POINT('',(8.3,8.67361737988404E-16,0.219999999999999));
#16134=CARTESIAN_POINT('',(9.3,8.67361737988404E-16,0.219999999999999));
#16135=CARTESIAN_POINT('',(7.7,8.67361737988404E-16,0.219999999999999));
#16136=CARTESIAN_POINT('',(7.7,1.65327317884893E-16,20.988));
#16137=CARTESIAN_POINT('',(7.7,0.,0.189999999999999));
#16138=CARTESIAN_POINT('',(8.3,0.,0.189999999999998));
#16139=CARTESIAN_POINT('',(0.,0.,0.));
#16140=CARTESIAN_POINT('',(-7.7,0.,20.988));
#16141=CARTESIAN_POINT('',(-7.7,8.67361737988404E-16,0.219999999999999));
#16142=CARTESIAN_POINT('',(-7.7,0.,0.189999999999999));
#16143=CARTESIAN_POINT('',(9.3,8.67361737988404E-16,0.219999999999999));
#16144=CARTESIAN_POINT('',(-8.3,8.67361737988404E-16,0.219999999999999));
#16145=CARTESIAN_POINT('',(-8.3,0.,2.12));
#16146=CARTESIAN_POINT('',(-8.3,0.,0.189999999999998));
#16147=CARTESIAN_POINT('',(-6.845,0.,0.19));
#16148=CARTESIAN_POINT('',(0.,0.,0.));
#16149=CARTESIAN_POINT('',(5.35,1.4,0.499999999999999));
#16150=CARTESIAN_POINT('',(5.35,1.4,0.5));
#16151=CARTESIAN_POINT('',(5.35,1.46250000000004,0.55000000000003));
#16152=CARTESIAN_POINT('',(6.258,1.4,0.499999999999999));
#16153=CARTESIAN_POINT('',(5.65,1.4,0.5));
#16154=CARTESIAN_POINT('',(5.65,1.4,0.499999999999999));
#16155=CARTESIAN_POINT('',(5.65,1.46250000000004,0.55000000000003));
#16156=CARTESIAN_POINT('',(6.258,1.46250000000004,0.550000000000029));
#16157=CARTESIAN_POINT('',(5.85,1.46250000000004,0.55000000000003));
#16158=CARTESIAN_POINT('',(5.85,1.4,0.499999999999999));
#16159=CARTESIAN_POINT('',(5.85,1.4,0.5));
#16160=CARTESIAN_POINT('',(6.258,1.4,0.499999999999999));
#16161=CARTESIAN_POINT('',(6.258,1.4,0.499999999999999));
#16162=CARTESIAN_POINT('',(6.258,1.4,0.499999999999999));
#16163=CARTESIAN_POINT('',(6.258,2.,0.98));
#16164=CARTESIAN_POINT('',(6.258,2.,0.98));
#16165=CARTESIAN_POINT('',(-6.258,2.,0.98));
#16166=CARTESIAN_POINT('',(-6.258,1.4,0.499999999999999));
#16167=CARTESIAN_POINT('',(-6.258,1.4,0.499999999999999));
#16168=CARTESIAN_POINT('',(6.258,1.4,0.499999999999999));
#16169=CARTESIAN_POINT('',(-5.85,1.4,0.5));
#16170=CARTESIAN_POINT('',(-5.85,1.4,0.499999999999999));
#16171=CARTESIAN_POINT('',(-5.85,1.46250000000004,0.55000000000003));
#16172=CARTESIAN_POINT('',(6.258,1.46250000000004,0.550000000000029));
#16173=CARTESIAN_POINT('',(-5.65,1.46250000000004,0.55000000000003));
#16174=CARTESIAN_POINT('',(-5.65,1.4,0.499999999999999));
#16175=CARTESIAN_POINT('',(-5.65,1.4,0.5));
#16176=CARTESIAN_POINT('',(6.258,1.4,0.499999999999999));
#16177=CARTESIAN_POINT('',(-5.35,1.4,0.5));
#16178=CARTESIAN_POINT('',(-5.35,1.4,0.499999999999999));
#16179=CARTESIAN_POINT('',(-5.35,1.46250000000004,0.55000000000003));
#16180=CARTESIAN_POINT('',(6.258,1.46250000000004,0.550000000000029));
#16181=CARTESIAN_POINT('',(-5.15,1.46250000000004,0.55000000000003));
#16182=CARTESIAN_POINT('',(-5.15,1.4,0.499999999999999));
#16183=CARTESIAN_POINT('',(-5.15,1.4,0.5));
#16184=CARTESIAN_POINT('',(6.258,1.4,0.499999999999999));
#16185=CARTESIAN_POINT('',(-4.85,1.4,0.5));
#16186=CARTESIAN_POINT('',(-4.85,1.4,0.499999999999999));
#16187=CARTESIAN_POINT('',(-4.85,1.46250000000004,0.55000000000003));
#16188=CARTESIAN_POINT('',(6.258,1.46250000000004,0.550000000000029));
#16189=CARTESIAN_POINT('',(-4.65,1.46250000000004,0.55000000000003));
#16190=CARTESIAN_POINT('',(-4.65,1.4,0.499999999999999));
#16191=CARTESIAN_POINT('',(-4.65,1.4,0.5));
#16192=CARTESIAN_POINT('',(6.258,1.4,0.499999999999999));
#16193=CARTESIAN_POINT('',(-4.35,1.4,0.5));
#16194=CARTESIAN_POINT('',(-4.35,1.4,0.499999999999999));
#16195=CARTESIAN_POINT('',(-4.35,1.46250000000004,0.55000000000003));
#16196=CARTESIAN_POINT('',(6.258,1.46250000000004,0.550000000000029));
#16197=CARTESIAN_POINT('',(-4.15,1.46250000000004,0.55000000000003));
#16198=CARTESIAN_POINT('',(-4.15,1.4,0.499999999999999));
#16199=CARTESIAN_POINT('',(-4.15,1.4,0.5));
#16200=CARTESIAN_POINT('',(6.258,1.4,0.499999999999999));
#16201=CARTESIAN_POINT('',(-3.85,1.4,0.5));
#16202=CARTESIAN_POINT('',(-3.85,1.4,0.499999999999999));
#16203=CARTESIAN_POINT('',(-3.85,1.46250000000004,0.55000000000003));
#16204=CARTESIAN_POINT('',(6.258,1.46250000000004,0.550000000000029));
#16205=CARTESIAN_POINT('',(-3.65,1.46250000000004,0.55000000000003));
#16206=CARTESIAN_POINT('',(-3.65,1.4,0.499999999999999));
#16207=CARTESIAN_POINT('',(-3.65,1.4,0.5));
#16208=CARTESIAN_POINT('',(6.258,1.4,0.499999999999999));
#16209=CARTESIAN_POINT('',(-3.35,1.4,0.5));
#16210=CARTESIAN_POINT('',(-3.35,1.4,0.499999999999999));
#16211=CARTESIAN_POINT('',(-3.35,1.46250000000004,0.55000000000003));
#16212=CARTESIAN_POINT('',(6.258,1.46250000000004,0.550000000000029));
#16213=CARTESIAN_POINT('',(-3.15,1.46250000000004,0.55000000000003));
#16214=CARTESIAN_POINT('',(-3.15,1.4,0.499999999999999));
#16215=CARTESIAN_POINT('',(-3.15,1.4,0.5));
#16216=CARTESIAN_POINT('',(6.258,1.4,0.499999999999999));
#16217=CARTESIAN_POINT('',(-2.85,1.4,0.5));
#16218=CARTESIAN_POINT('',(-2.85,1.4,0.499999999999999));
#16219=CARTESIAN_POINT('',(-2.85,1.46250000000004,0.55000000000003));
#16220=CARTESIAN_POINT('',(6.258,1.46250000000004,0.550000000000029));
#16221=CARTESIAN_POINT('',(-2.65,1.46250000000004,0.55000000000003));
#16222=CARTESIAN_POINT('',(-2.65,1.4,0.499999999999999));
#16223=CARTESIAN_POINT('',(-2.65,1.4,0.5));
#16224=CARTESIAN_POINT('',(6.258,1.4,0.499999999999999));
#16225=CARTESIAN_POINT('',(-2.35,1.4,0.5));
#16226=CARTESIAN_POINT('',(-2.35,1.4,0.499999999999999));
#16227=CARTESIAN_POINT('',(-2.35,1.46250000000004,0.55000000000003));
#16228=CARTESIAN_POINT('',(6.258,1.46250000000004,0.550000000000029));
#16229=CARTESIAN_POINT('',(-2.15,1.46250000000004,0.55000000000003));
#16230=CARTESIAN_POINT('',(-2.15,1.4,0.499999999999999));
#16231=CARTESIAN_POINT('',(-2.15,1.4,0.5));
#16232=CARTESIAN_POINT('',(6.258,1.4,0.499999999999999));
#16233=CARTESIAN_POINT('',(-1.85,1.4,0.5));
#16234=CARTESIAN_POINT('',(-1.85,1.4,0.499999999999999));
#16235=CARTESIAN_POINT('',(-1.85,1.46250000000004,0.55000000000003));
#16236=CARTESIAN_POINT('',(6.258,1.46250000000004,0.550000000000029));
#16237=CARTESIAN_POINT('',(-1.65,1.46250000000004,0.55000000000003));
#16238=CARTESIAN_POINT('',(-1.65,1.4,0.499999999999999));
#16239=CARTESIAN_POINT('',(-1.65,1.4,0.5));
#16240=CARTESIAN_POINT('',(6.258,1.4,0.499999999999999));
#16241=CARTESIAN_POINT('',(-1.35,1.4,0.5));
#16242=CARTESIAN_POINT('',(-1.35,1.4,0.499999999999999));
#16243=CARTESIAN_POINT('',(-1.35,1.46250000000004,0.55000000000003));
#16244=CARTESIAN_POINT('',(6.258,1.46250000000004,0.550000000000029));
#16245=CARTESIAN_POINT('',(-1.15,1.46250000000004,0.55000000000003));
#16246=CARTESIAN_POINT('',(-1.15,1.4,0.499999999999999));
#16247=CARTESIAN_POINT('',(-1.15,1.4,0.5));
#16248=CARTESIAN_POINT('',(6.258,1.4,0.499999999999999));
#16249=CARTESIAN_POINT('',(-0.85,1.4,0.5));
#16250=CARTESIAN_POINT('',(-0.85,1.4,0.499999999999999));
#16251=CARTESIAN_POINT('',(-0.85,1.46250000000004,0.55000000000003));
#16252=CARTESIAN_POINT('',(6.258,1.46250000000004,0.550000000000029));
#16253=CARTESIAN_POINT('',(-0.65,1.46250000000004,0.55000000000003));
#16254=CARTESIAN_POINT('',(-0.65,1.4,0.499999999999999));
#16255=CARTESIAN_POINT('',(-0.65,1.4,0.5));
#16256=CARTESIAN_POINT('',(6.258,1.4,0.499999999999999));
#16257=CARTESIAN_POINT('',(-0.35,1.4,0.5));
#16258=CARTESIAN_POINT('',(-0.35,1.4,0.499999999999999));
#16259=CARTESIAN_POINT('',(-0.35,1.46250000000004,0.55000000000003));
#16260=CARTESIAN_POINT('',(6.258,1.46250000000004,0.550000000000029));
#16261=CARTESIAN_POINT('',(-0.15,1.46250000000004,0.55000000000003));
#16262=CARTESIAN_POINT('',(-0.15,1.4,0.499999999999999));
#16263=CARTESIAN_POINT('',(-0.15,1.4,0.5));
#16264=CARTESIAN_POINT('',(6.258,1.4,0.499999999999999));
#16265=CARTESIAN_POINT('',(0.150000000000001,1.4,0.5));
#16266=CARTESIAN_POINT('',(0.150000000000001,1.4,0.499999999999999));
#16267=CARTESIAN_POINT('',(0.150000000000001,1.46250000000004,0.55000000000003));
#16268=CARTESIAN_POINT('',(6.258,1.46250000000004,0.550000000000029));
#16269=CARTESIAN_POINT('',(0.35,1.46250000000004,0.55000000000003));
#16270=CARTESIAN_POINT('',(0.35,1.4,0.499999999999999));
#16271=CARTESIAN_POINT('',(0.35,1.4,0.5));
#16272=CARTESIAN_POINT('',(6.258,1.4,0.499999999999999));
#16273=CARTESIAN_POINT('',(0.65,1.4,0.5));
#16274=CARTESIAN_POINT('',(0.65,1.4,0.499999999999999));
#16275=CARTESIAN_POINT('',(0.65,1.46250000000004,0.55000000000003));
#16276=CARTESIAN_POINT('',(6.258,1.46250000000004,0.550000000000029));
#16277=CARTESIAN_POINT('',(0.85,1.46250000000004,0.55000000000003));
#16278=CARTESIAN_POINT('',(0.85,1.4,0.499999999999999));
#16279=CARTESIAN_POINT('',(0.85,1.4,0.5));
#16280=CARTESIAN_POINT('',(6.258,1.4,0.499999999999999));
#16281=CARTESIAN_POINT('',(1.15,1.4,0.5));
#16282=CARTESIAN_POINT('',(1.15,1.4,0.499999999999999));
#16283=CARTESIAN_POINT('',(1.15,1.46250000000004,0.55000000000003));
#16284=CARTESIAN_POINT('',(6.258,1.46250000000004,0.550000000000029));
#16285=CARTESIAN_POINT('',(1.35,1.46250000000004,0.55000000000003));
#16286=CARTESIAN_POINT('',(1.35,1.4,0.499999999999999));
#16287=CARTESIAN_POINT('',(1.35,1.4,0.5));
#16288=CARTESIAN_POINT('',(6.258,1.4,0.499999999999999));
#16289=CARTESIAN_POINT('',(1.65,1.4,0.5));
#16290=CARTESIAN_POINT('',(1.65,1.4,0.499999999999999));
#16291=CARTESIAN_POINT('',(1.65,1.46250000000004,0.55000000000003));
#16292=CARTESIAN_POINT('',(6.258,1.46250000000004,0.550000000000029));
#16293=CARTESIAN_POINT('',(1.85,1.46250000000004,0.55000000000003));
#16294=CARTESIAN_POINT('',(1.85,1.4,0.499999999999999));
#16295=CARTESIAN_POINT('',(1.85,1.4,0.5));
#16296=CARTESIAN_POINT('',(6.258,1.4,0.499999999999999));
#16297=CARTESIAN_POINT('',(2.15,1.4,0.5));
#16298=CARTESIAN_POINT('',(2.15,1.4,0.499999999999999));
#16299=CARTESIAN_POINT('',(2.15,1.46250000000004,0.55000000000003));
#16300=CARTESIAN_POINT('',(6.258,1.46250000000004,0.550000000000029));
#16301=CARTESIAN_POINT('',(2.35,1.46250000000004,0.55000000000003));
#16302=CARTESIAN_POINT('',(2.35,1.4,0.499999999999999));
#16303=CARTESIAN_POINT('',(2.35,1.4,0.5));
#16304=CARTESIAN_POINT('',(6.258,1.4,0.499999999999999));
#16305=CARTESIAN_POINT('',(2.65,1.4,0.5));
#16306=CARTESIAN_POINT('',(2.65,1.4,0.499999999999999));
#16307=CARTESIAN_POINT('',(2.65,1.46250000000004,0.55000000000003));
#16308=CARTESIAN_POINT('',(6.258,1.46250000000004,0.550000000000029));
#16309=CARTESIAN_POINT('',(2.85,1.46250000000004,0.55000000000003));
#16310=CARTESIAN_POINT('',(2.85,1.4,0.499999999999999));
#16311=CARTESIAN_POINT('',(2.85,1.4,0.5));
#16312=CARTESIAN_POINT('',(6.258,1.4,0.499999999999999));
#16313=CARTESIAN_POINT('',(3.15,1.4,0.5));
#16314=CARTESIAN_POINT('',(3.15,1.4,0.499999999999999));
#16315=CARTESIAN_POINT('',(3.15,1.46250000000004,0.55000000000003));
#16316=CARTESIAN_POINT('',(6.258,1.46250000000004,0.550000000000029));
#16317=CARTESIAN_POINT('',(3.35,1.46250000000004,0.55000000000003));
#16318=CARTESIAN_POINT('',(3.35,1.4,0.499999999999999));
#16319=CARTESIAN_POINT('',(3.35,1.4,0.5));
#16320=CARTESIAN_POINT('',(6.258,1.4,0.499999999999999));
#16321=CARTESIAN_POINT('',(3.65,1.4,0.5));
#16322=CARTESIAN_POINT('',(3.65,1.4,0.499999999999999));
#16323=CARTESIAN_POINT('',(3.65,1.46250000000004,0.55000000000003));
#16324=CARTESIAN_POINT('',(6.258,1.46250000000004,0.550000000000029));
#16325=CARTESIAN_POINT('',(3.85,1.46250000000004,0.55000000000003));
#16326=CARTESIAN_POINT('',(3.85,1.4,0.499999999999999));
#16327=CARTESIAN_POINT('',(3.85,1.4,0.5));
#16328=CARTESIAN_POINT('',(6.258,1.4,0.499999999999999));
#16329=CARTESIAN_POINT('',(4.15,1.4,0.5));
#16330=CARTESIAN_POINT('',(4.15,1.4,0.499999999999999));
#16331=CARTESIAN_POINT('',(4.15,1.46250000000004,0.55000000000003));
#16332=CARTESIAN_POINT('',(6.258,1.46250000000004,0.550000000000029));
#16333=CARTESIAN_POINT('',(4.35,1.46250000000004,0.55000000000003));
#16334=CARTESIAN_POINT('',(4.35,1.4,0.499999999999999));
#16335=CARTESIAN_POINT('',(4.35,1.4,0.5));
#16336=CARTESIAN_POINT('',(6.258,1.4,0.499999999999999));
#16337=CARTESIAN_POINT('',(4.65,1.4,0.5));
#16338=CARTESIAN_POINT('',(4.65,1.4,0.499999999999999));
#16339=CARTESIAN_POINT('',(4.65,1.46250000000004,0.55000000000003));
#16340=CARTESIAN_POINT('',(6.258,1.46250000000004,0.550000000000029));
#16341=CARTESIAN_POINT('',(4.85,1.46250000000004,0.55000000000003));
#16342=CARTESIAN_POINT('',(4.85,1.4,0.499999999999999));
#16343=CARTESIAN_POINT('',(4.85,1.4,0.5));
#16344=CARTESIAN_POINT('',(6.258,1.4,0.499999999999999));
#16345=CARTESIAN_POINT('',(5.15,1.4,0.5));
#16346=CARTESIAN_POINT('',(5.15,1.4,0.499999999999999));
#16347=CARTESIAN_POINT('',(5.15,1.46250000000004,0.55000000000003));
#16348=CARTESIAN_POINT('',(6.258,1.46250000000004,0.550000000000029));
#16349=CARTESIAN_POINT('',(6.15,1.4,0.499999999999999));
#16350=CARTESIAN_POINT('',(6.15,1.475,0.559999999999999));
#16351=CARTESIAN_POINT('',(6.15,1.5,0.58));
#16352=CARTESIAN_POINT('',(6.258,1.475,0.559999999999999));
#16353=CARTESIAN_POINT('',(-6.15,1.475,0.559999999999999));
#16354=CARTESIAN_POINT('',(-6.15,1.4,0.499999999999999));
#16355=CARTESIAN_POINT('',(-6.15,1.5,0.58));
#16356=CARTESIAN_POINT('',(6.258,1.5,0.58));
#16357=CARTESIAN_POINT('',(6.258,1.4,0.499999999999999));
#16358=CARTESIAN_POINT('',(-8.3,3.5,0.203));
#16359=CARTESIAN_POINT('',(-8.3,2.29999999999999,0.203));
#16360=CARTESIAN_POINT('',(-8.3,3.,0.203));
#16361=CARTESIAN_POINT('',(-8.3,2.29999999999999,2.12));
#16362=CARTESIAN_POINT('',(-8.3,2.3,0.189999999999998));
#16363=CARTESIAN_POINT('',(-8.3,34.65,0.189999999999998));
#16364=CARTESIAN_POINT('',(-8.3,0.,2.12));
#16365=CARTESIAN_POINT('',(-8.3,0.,2.12));
#16366=CARTESIAN_POINT('',(-8.3,3.5,2.12));
#16367=CARTESIAN_POINT('',(-8.3,3.5,2.12));
#16368=CARTESIAN_POINT('',(-8.3,3.5,2.12));
#16369=CARTESIAN_POINT('',(-8.3,3.5,1.6));
#16370=CARTESIAN_POINT('',(-8.3,3.5,1.6));
#16371=CARTESIAN_POINT('',(-8.3,0.55,1.6));
#16372=CARTESIAN_POINT('',(-8.3,0.55,1.6));
#16373=CARTESIAN_POINT('',(-8.3,0.55,0.699999999999997));
#16374=CARTESIAN_POINT('',(-8.3,0.55,0.699999999999997));
#16375=CARTESIAN_POINT('',(-8.3,3.5,0.699999999999998));
#16376=CARTESIAN_POINT('',(-8.3,3.5,2.12));
#16377=CARTESIAN_POINT('',(-8.3,3.5,0.189999999999998));
#16378=CARTESIAN_POINT('',(-8.3,34.65,0.189999999999998));
#16379=CARTESIAN_POINT('',(-8.3,3.,0.189999999999998));
#16380=CARTESIAN_POINT('',(-8.3,3.,2.12));
#16381=CARTESIAN_POINT('',(-8.3,3.5,2.12));
#16382=CARTESIAN_POINT('',(-7.7,2.75,0.189999999999999));
#16383=CARTESIAN_POINT('',(-7.7,0.850000000000004,0.189999999999999));
#16384=CARTESIAN_POINT('',(-7.7,0.850000000000001,20.988));
#16385=CARTESIAN_POINT('',(-7.7,0.85,0.202999999999998));
#16386=CARTESIAN_POINT('',(-7.7,2.75,0.202999999999998));
#16387=CARTESIAN_POINT('',(-7.7,2.75,0.202999999999998));
#16388=CARTESIAN_POINT('',(-7.7,2.75,20.988));
#16389=CARTESIAN_POINT('',(-7.7,2.75,0.699999999999999));
#16390=CARTESIAN_POINT('',(-7.7,2.75,0.699999999999999));
#16391=CARTESIAN_POINT('',(-7.7,-1.55848278394492E-32,0.699999999999999));
#16392=CARTESIAN_POINT('',(-7.7,0.,20.988));
#16393=CARTESIAN_POINT('',(-7.7,2.75,20.988));
#16394=CARTESIAN_POINT('',(-7.4,0.,0.202999999999998));
#16395=CARTESIAN_POINT('',(-7.4,0.850000000000001,0.202999999999998));
#16396=CARTESIAN_POINT('',(-7.4,2.75,0.202999999999998));
#16397=CARTESIAN_POINT('',(-7.4,0.850000000000001,20.988));
#16398=CARTESIAN_POINT('',(-7.4,0.850000000000004,0.189999999999999));
#16399=CARTESIAN_POINT('',(-7.4,0.,0.189999999999999));
#16400=CARTESIAN_POINT('',(-7.4,-2.40741243048404E-32,20.988));
#16401=CARTESIAN_POINT('',(-7.4,6.50521303491303E-16,0.499999999999999));
#16402=CARTESIAN_POINT('',(-7.4,0.8,0.499999999999994));
#16403=CARTESIAN_POINT('',(-7.4,0.8,0.499999999999994));
#16404=CARTESIAN_POINT('',(-7.4,0.8,0.979999999999996));
#16405=CARTESIAN_POINT('',(-7.4,0.8,0.699999999999999));
#16406=CARTESIAN_POINT('',(-7.4,0.,0.699999999999999));
#16407=CARTESIAN_POINT('',(-7.4,2.75,0.699999999999999));
#16408=CARTESIAN_POINT('',(-7.4,2.75,20.988));
#16409=CARTESIAN_POINT('',(-7.4,0.,20.988));
#16410=CARTESIAN_POINT('',(-6.845,2.15,-7.16093850883226E-15));
#16411=CARTESIAN_POINT('',(-6.845,2.15,-7.16020367291479E-15));
#16412=CARTESIAN_POINT('',(-6.845,2.15,0.19));
#16413=CARTESIAN_POINT('',(-6.845,34.65,-7.16020367291479E-15));
#16414=CARTESIAN_POINT('',(-6.845,34.65,0.19));
#16415=CARTESIAN_POINT('',(-6.845,34.65,-7.16093850883226E-15));
#16416=CARTESIAN_POINT('',(-6.845,2.85,-7.16093850883226E-15));
#16417=CARTESIAN_POINT('',(-6.845,2.85,0.19));
#16418=CARTESIAN_POINT('',(-6.845,2.85,-7.16020367291479E-15));
#16419=CARTESIAN_POINT('',(-6.845,34.65,0.19));
#16420=CARTESIAN_POINT('',(-6.845,3.5,0.19));
#16421=CARTESIAN_POINT('',(-6.845,3.5,-7.16093850883226E-15));
#16422=CARTESIAN_POINT('',(-6.845,3.5,-7.16020367291479E-15));
#16423=CARTESIAN_POINT('',(-6.845,34.65,-7.16020367291479E-15));
#16424=CARTESIAN_POINT('',(-6.845,34.65,-7.16093850883226E-15));
#16425=CARTESIAN_POINT('',(-6.84499999999995,2.3,0.19));
#16426=CARTESIAN_POINT('',(-8.1,2.3,0.189999999999998));
#16427=CARTESIAN_POINT('',(-8.1,34.65,0.189999999999998));
#16428=CARTESIAN_POINT('',(-8.1,0.850000000000004,0.189999999999998));
#16429=CARTESIAN_POINT('',(-6.845,0.850000000000004,0.19));
#16430=CARTESIAN_POINT('',(-6.845,34.65,0.19));
#16431=CARTESIAN_POINT('',(-6.845,0.850000000000004,0.19));
#16432=CARTESIAN_POINT('',(-7.025,0.850000000000004,0.19));
#16433=CARTESIAN_POINT('',(-7.02500000000002,34.65,0.19));
#16434=CARTESIAN_POINT('',(-7.025,2.15,0.19));
#16435=CARTESIAN_POINT('',(-6.845,2.15,0.19));
#16436=CARTESIAN_POINT('',(-6.845,34.65,0.19));
#16437=CARTESIAN_POINT('',(-6.845,2.85,0.19));
#16438=CARTESIAN_POINT('',(-7.025,2.85000000000001,0.19));
#16439=CARTESIAN_POINT('',(-7.02499999999991,34.65,0.19));
#16440=CARTESIAN_POINT('',(-7.025,3.15,0.19));
#16441=CARTESIAN_POINT('',(-6.845,3.15,0.19));
#16442=CARTESIAN_POINT('',(-8.1,3.15,0.189999999999998));
#16443=CARTESIAN_POINT('',(-8.1,34.65,0.189999999999998));
#16444=CARTESIAN_POINT('',(-8.1,3.,0.189999999999998));
#16445=CARTESIAN_POINT('',(-6.84500000000002,3.,0.19));
#16446=CARTESIAN_POINT('',(-6.845,3.5,0.19));
#16447=CARTESIAN_POINT('',(-6.845,34.65,0.19));
#16448=CARTESIAN_POINT('',(7.4,2.75,0.189999999999999));
#16449=CARTESIAN_POINT('',(7.4,0.850000000000004,0.189999999999999));
#16450=CARTESIAN_POINT('',(7.4,0.850000000000001,20.988));
#16451=CARTESIAN_POINT('',(7.4,0.85,0.202999999999998));
#16452=CARTESIAN_POINT('',(7.4,2.75,0.202999999999998));
#16453=CARTESIAN_POINT('',(7.4,2.75,0.202999999999998));
#16454=CARTESIAN_POINT('',(7.4,2.75,20.988));
#16455=CARTESIAN_POINT('',(7.4,2.75,0.699999999999999));
#16456=CARTESIAN_POINT('',(7.4,2.75,0.699999999999999));
#16457=CARTESIAN_POINT('',(7.4,0.800000000000002,0.699999999999999));
#16458=CARTESIAN_POINT('',(7.4,0.8,0.499999999999994));
#16459=CARTESIAN_POINT('',(7.4,0.8,0.499999999999994));
#16460=CARTESIAN_POINT('',(7.4,0.8,0.499999999999994));
#16461=CARTESIAN_POINT('',(7.4,0.,0.499999999999994));
#16462=CARTESIAN_POINT('',(7.4,0.,20.988));
#16463=CARTESIAN_POINT('',(7.4,2.75,20.988));
#16464=CARTESIAN_POINT('',(7.7,0.,0.202999999999998));
#16465=CARTESIAN_POINT('',(7.7,0.850000000000001,0.202999999999998));
#16466=CARTESIAN_POINT('',(7.7,2.75,0.202999999999998));
#16467=CARTESIAN_POINT('',(7.7,0.850000000000001,20.988));
#16468=CARTESIAN_POINT('',(7.7,0.850000000000004,0.189999999999999));
#16469=CARTESIAN_POINT('',(7.7,0.,0.189999999999999));
#16470=CARTESIAN_POINT('',(7.7,1.65327317884893E-16,20.988));
#16471=CARTESIAN_POINT('',(7.7,8.57799060756685E-32,0.699999999999999));
#16472=CARTESIAN_POINT('',(7.7,0.,0.699999999999999));
#16473=CARTESIAN_POINT('',(7.7,2.75,0.699999999999999));
#16474=CARTESIAN_POINT('',(7.7,2.75,20.988));
#16475=CARTESIAN_POINT('',(7.7,0.,20.988));
#16476=CARTESIAN_POINT('',(8.3,34.65,0.189999999999998));
#16477=CARTESIAN_POINT('',(8.3,2.3,0.189999999999998));
#16478=CARTESIAN_POINT('',(8.3,2.3,-4.44089209850063E-16));
#16479=CARTESIAN_POINT('',(8.3,2.3,0.203));
#16480=CARTESIAN_POINT('',(8.3,3.5,0.203));
#16481=CARTESIAN_POINT('',(8.3,3.,0.203));
#16482=CARTESIAN_POINT('',(8.3,3.,-4.44089209850063E-16));
#16483=CARTESIAN_POINT('',(8.3,3.,0.189999999999998));
#16484=CARTESIAN_POINT('',(8.3,34.65,0.189999999999998));
#16485=CARTESIAN_POINT('',(8.3,3.5,0.189999999999998));
#16486=CARTESIAN_POINT('',(8.3,3.5,-4.44089209850063E-16));
#16487=CARTESIAN_POINT('',(8.3,3.5,0.699999999999998));
#16488=CARTESIAN_POINT('',(8.3,0.55,0.699999999999997));
#16489=CARTESIAN_POINT('',(8.3,0.55,0.699999999999997));
#16490=CARTESIAN_POINT('',(8.3,0.55,1.6));
#16491=CARTESIAN_POINT('',(8.3,0.55,1.6));
#16492=CARTESIAN_POINT('',(8.3,3.5,1.6));
#16493=CARTESIAN_POINT('',(8.3,3.5,1.6));
#16494=CARTESIAN_POINT('',(8.3,3.5,-4.44089209850063E-16));
#16495=CARTESIAN_POINT('',(8.3,3.5,2.12));
#16496=CARTESIAN_POINT('',(8.3,3.5,2.12));
#16497=CARTESIAN_POINT('',(8.3,0.,2.12));
#16498=CARTESIAN_POINT('',(8.3,0.,-4.44089209850063E-16));
#16499=CARTESIAN_POINT('',(8.3,3.5,-4.44089209850063E-16));
#16500=CARTESIAN_POINT('',(6.845,2.15,0.19));
#16501=CARTESIAN_POINT('',(6.845,2.15,0.19));
#16502=CARTESIAN_POINT('',(6.845,2.15,-7.15573433840433E-15));
#16503=CARTESIAN_POINT('',(6.845,34.65,0.19));
#16504=CARTESIAN_POINT('',(6.845,34.65,-7.15573433840433E-15));
#16505=CARTESIAN_POINT('',(6.845,34.65,0.19));
#16506=CARTESIAN_POINT('',(6.845,2.85,0.19));
#16507=CARTESIAN_POINT('',(6.845,2.85,-7.15573433840433E-15));
#16508=CARTESIAN_POINT('',(6.845,2.85,0.19));
#16509=CARTESIAN_POINT('',(6.845,34.65,-7.15573433840433E-15));
#16510=CARTESIAN_POINT('',(6.845,3.5,-7.15573433840433E-15));
#16511=CARTESIAN_POINT('',(6.845,3.5,0.19));
#16512=CARTESIAN_POINT('',(6.845,3.5,0.19));
#16513=CARTESIAN_POINT('',(6.845,34.65,0.19));
#16514=CARTESIAN_POINT('',(6.845,34.65,0.19));
#16515=CARTESIAN_POINT('',(8.3,2.15,0.189999999999998));
#16516=CARTESIAN_POINT('',(7.025,2.15,0.19));
#16517=CARTESIAN_POINT('',(7.02500000000002,34.65,0.19));
#16518=CARTESIAN_POINT('',(7.025,0.850000000000004,0.19));
#16519=CARTESIAN_POINT('',(8.3,0.850000000000004,0.189999999999998));
#16520=CARTESIAN_POINT('',(8.3,34.65,0.189999999999998));
#16521=CARTESIAN_POINT('',(8.3,0.850000000000004,0.189999999999998));
#16522=CARTESIAN_POINT('',(8.1,0.850000000000004,0.189999999999998));
#16523=CARTESIAN_POINT('',(8.1,34.65,0.189999999999998));
#16524=CARTESIAN_POINT('',(8.1,2.3,0.189999999999998));
#16525=CARTESIAN_POINT('',(8.3,2.3,0.189999999999998));
#16526=CARTESIAN_POINT('',(8.3,34.65,0.189999999999998));
#16527=CARTESIAN_POINT('',(8.30000000000001,3.,0.189999999999998));
#16528=CARTESIAN_POINT('',(8.1,3.,0.189999999999998));
#16529=CARTESIAN_POINT('',(8.1,34.65,0.189999999999998));
#16530=CARTESIAN_POINT('',(8.1,3.15,0.189999999999998));
#16531=CARTESIAN_POINT('',(8.3,3.15,0.189999999999998));
#16532=CARTESIAN_POINT('',(7.025,3.15,0.19));
#16533=CARTESIAN_POINT('',(7.02499999999991,34.65,0.19));
#16534=CARTESIAN_POINT('',(7.025,2.85,0.19));
#16535=CARTESIAN_POINT('',(8.3,2.85,0.189999999999998));
#16536=CARTESIAN_POINT('',(8.3,3.5,0.189999999999998));
#16537=CARTESIAN_POINT('',(8.3,34.65,0.189999999999998));
#16538=CARTESIAN_POINT('',(-8.3,3.5,-5.08228421646151E-16));
#16539=CARTESIAN_POINT('',(5.35,3.5,-5.08228421646151E-16));
#16540=CARTESIAN_POINT('',(5.65,3.5,-5.08228421646151E-16));
#16541=CARTESIAN_POINT('',(5.35,3.5,0.));
#16542=CARTESIAN_POINT('',(5.35,3.5,0.780000000000029));
#16543=CARTESIAN_POINT('',(0.,3.5,0.780000000000029));
#16544=CARTESIAN_POINT('',(5.15,3.5,0.780000000000029));
#16545=CARTESIAN_POINT('',(5.15,3.5,0.));
#16546=CARTESIAN_POINT('',(5.15,3.5,-5.08228421646151E-16));
#16547=CARTESIAN_POINT('',(-8.3,3.5,-5.08228421646151E-16));
#16548=CARTESIAN_POINT('',(4.85,3.5,-5.08228421646151E-16));
#16549=CARTESIAN_POINT('',(4.85,3.5,0.));
#16550=CARTESIAN_POINT('',(4.85,3.5,0.780000000000029));
#16551=CARTESIAN_POINT('',(0.,3.5,0.780000000000029));
#16552=CARTESIAN_POINT('',(4.65,3.5,0.780000000000029));
#16553=CARTESIAN_POINT('',(4.65,3.5,0.));
#16554=CARTESIAN_POINT('',(4.65,3.5,-5.08228421646151E-16));
#16555=CARTESIAN_POINT('',(-8.3,3.5,-5.08228421646151E-16));
#16556=CARTESIAN_POINT('',(4.35,3.5,-5.08228421646151E-16));
#16557=CARTESIAN_POINT('',(4.35,3.5,0.));
#16558=CARTESIAN_POINT('',(4.35,3.5,0.780000000000029));
#16559=CARTESIAN_POINT('',(0.,3.5,0.780000000000029));
#16560=CARTESIAN_POINT('',(4.15,3.5,0.780000000000029));
#16561=CARTESIAN_POINT('',(4.15,3.5,0.));
#16562=CARTESIAN_POINT('',(4.15,3.5,-5.08228421646151E-16));
#16563=CARTESIAN_POINT('',(-8.3,3.5,-5.08228421646151E-16));
#16564=CARTESIAN_POINT('',(3.85,3.5,-5.08228421646151E-16));
#16565=CARTESIAN_POINT('',(3.85,3.5,0.));
#16566=CARTESIAN_POINT('',(3.85,3.5,0.780000000000029));
#16567=CARTESIAN_POINT('',(0.,3.5,0.780000000000029));
#16568=CARTESIAN_POINT('',(3.65,3.5,0.780000000000029));
#16569=CARTESIAN_POINT('',(3.65,3.5,0.));
#16570=CARTESIAN_POINT('',(3.65,3.5,-5.08228421646151E-16));
#16571=CARTESIAN_POINT('',(-8.3,3.5,-5.08228421646151E-16));
#16572=CARTESIAN_POINT('',(3.35,3.5,-5.08228421646151E-16));
#16573=CARTESIAN_POINT('',(3.35,3.5,0.));
#16574=CARTESIAN_POINT('',(3.35,3.5,0.780000000000029));
#16575=CARTESIAN_POINT('',(0.,3.5,0.780000000000029));
#16576=CARTESIAN_POINT('',(3.15,3.5,0.780000000000029));
#16577=CARTESIAN_POINT('',(3.15,3.5,0.));
#16578=CARTESIAN_POINT('',(3.15,3.5,-5.08228421646151E-16));
#16579=CARTESIAN_POINT('',(-8.3,3.5,-5.08228421646151E-16));
#16580=CARTESIAN_POINT('',(2.85,3.5,-5.08228421646151E-16));
#16581=CARTESIAN_POINT('',(2.85,3.5,0.));
#16582=CARTESIAN_POINT('',(2.85,3.5,0.780000000000029));
#16583=CARTESIAN_POINT('',(0.,3.5,0.780000000000029));
#16584=CARTESIAN_POINT('',(2.65,3.5,0.780000000000029));
#16585=CARTESIAN_POINT('',(2.65,3.5,0.));
#16586=CARTESIAN_POINT('',(2.65,3.5,-5.08228421646151E-16));
#16587=CARTESIAN_POINT('',(-8.3,3.5,-5.08228421646151E-16));
#16588=CARTESIAN_POINT('',(2.35,3.5,-5.08228421646151E-16));
#16589=CARTESIAN_POINT('',(2.35,3.5,0.));
#16590=CARTESIAN_POINT('',(2.35,3.5,0.780000000000029));
#16591=CARTESIAN_POINT('',(0.,3.5,0.780000000000029));
#16592=CARTESIAN_POINT('',(2.15,3.5,0.780000000000029));
#16593=CARTESIAN_POINT('',(2.15,3.5,0.));
#16594=CARTESIAN_POINT('',(2.15,3.5,-5.08228421646151E-16));
#16595=CARTESIAN_POINT('',(-8.3,3.5,-5.08228421646151E-16));
#16596=CARTESIAN_POINT('',(1.85,3.5,-5.08228421646151E-16));
#16597=CARTESIAN_POINT('',(1.85,3.5,0.));
#16598=CARTESIAN_POINT('',(1.85,3.5,0.780000000000029));
#16599=CARTESIAN_POINT('',(0.,3.5,0.780000000000029));
#16600=CARTESIAN_POINT('',(1.65,3.5,0.780000000000029));
#16601=CARTESIAN_POINT('',(1.65,3.5,0.));
#16602=CARTESIAN_POINT('',(1.65,3.5,-5.08228421646151E-16));
#16603=CARTESIAN_POINT('',(-8.3,3.5,-5.08228421646151E-16));
#16604=CARTESIAN_POINT('',(1.35,3.5,-5.08228421646151E-16));
#16605=CARTESIAN_POINT('',(1.35,3.5,0.));
#16606=CARTESIAN_POINT('',(1.35,3.5,0.780000000000029));
#16607=CARTESIAN_POINT('',(0.,3.5,0.780000000000029));
#16608=CARTESIAN_POINT('',(1.15,3.5,0.780000000000029));
#16609=CARTESIAN_POINT('',(1.15,3.5,0.));
#16610=CARTESIAN_POINT('',(1.15,3.5,-5.08228421646151E-16));
#16611=CARTESIAN_POINT('',(-8.3,3.5,-5.08228421646151E-16));
#16612=CARTESIAN_POINT('',(0.85,3.5,-5.08228421646151E-16));
#16613=CARTESIAN_POINT('',(0.85,3.5,0.));
#16614=CARTESIAN_POINT('',(0.85,3.5,0.780000000000029));
#16615=CARTESIAN_POINT('',(0.,3.5,0.780000000000029));
#16616=CARTESIAN_POINT('',(0.65,3.5,0.780000000000029));
#16617=CARTESIAN_POINT('',(0.65,3.5,0.));
#16618=CARTESIAN_POINT('',(0.65,3.5,-5.08228421646151E-16));
#16619=CARTESIAN_POINT('',(-8.3,3.5,-5.08228421646151E-16));
#16620=CARTESIAN_POINT('',(0.350000000000001,3.5,-5.08228421646151E-16));
#16621=CARTESIAN_POINT('',(0.35,3.5,0.));
#16622=CARTESIAN_POINT('',(0.35,3.5,0.780000000000029));
#16623=CARTESIAN_POINT('',(0.,3.5,0.780000000000029));
#16624=CARTESIAN_POINT('',(0.150000000000001,3.5,0.780000000000029));
#16625=CARTESIAN_POINT('',(0.150000000000001,3.5,0.));
#16626=CARTESIAN_POINT('',(0.150000000000001,3.5,-5.08228421646151E-16));
#16627=CARTESIAN_POINT('',(-8.3,3.5,-5.08228421646151E-16));
#16628=CARTESIAN_POINT('',(-0.149999999999999,3.5,-5.08228421646151E-16));
#16629=CARTESIAN_POINT('',(-0.15,3.5,0.));
#16630=CARTESIAN_POINT('',(-0.15,3.5,0.780000000000029));
#16631=CARTESIAN_POINT('',(0.,3.5,0.780000000000029));
#16632=CARTESIAN_POINT('',(-0.35,3.5,0.780000000000029));
#16633=CARTESIAN_POINT('',(-0.35,3.5,0.));
#16634=CARTESIAN_POINT('',(-0.35,3.5,-5.08228421646151E-16));
#16635=CARTESIAN_POINT('',(-8.3,3.5,-5.08228421646151E-16));
#16636=CARTESIAN_POINT('',(-0.65,3.5,-5.08228421646151E-16));
#16637=CARTESIAN_POINT('',(-0.65,3.5,0.));
#16638=CARTESIAN_POINT('',(-0.65,3.5,0.780000000000029));
#16639=CARTESIAN_POINT('',(0.,3.5,0.780000000000029));
#16640=CARTESIAN_POINT('',(-0.85,3.5,0.780000000000029));
#16641=CARTESIAN_POINT('',(-0.85,3.5,0.));
#16642=CARTESIAN_POINT('',(-0.85,3.5,-5.08228421646151E-16));
#16643=CARTESIAN_POINT('',(-8.3,3.5,-5.08228421646151E-16));
#16644=CARTESIAN_POINT('',(-1.15,3.5,-5.08228421646151E-16));
#16645=CARTESIAN_POINT('',(-1.15,3.5,0.));
#16646=CARTESIAN_POINT('',(-1.15,3.5,0.780000000000029));
#16647=CARTESIAN_POINT('',(0.,3.5,0.780000000000029));
#16648=CARTESIAN_POINT('',(-1.35,3.5,0.780000000000029));
#16649=CARTESIAN_POINT('',(-1.35,3.5,0.));
#16650=CARTESIAN_POINT('',(-1.35,3.5,-5.08228421646151E-16));
#16651=CARTESIAN_POINT('',(-8.3,3.5,-5.08228421646151E-16));
#16652=CARTESIAN_POINT('',(-1.65,3.5,-5.08228421646151E-16));
#16653=CARTESIAN_POINT('',(-1.65,3.5,0.));
#16654=CARTESIAN_POINT('',(-1.65,3.5,0.780000000000029));
#16655=CARTESIAN_POINT('',(0.,3.5,0.780000000000029));
#16656=CARTESIAN_POINT('',(-1.85,3.5,0.780000000000029));
#16657=CARTESIAN_POINT('',(-1.85,3.5,0.));
#16658=CARTESIAN_POINT('',(-1.85,3.5,-5.08228421646151E-16));
#16659=CARTESIAN_POINT('',(-8.3,3.5,-5.08228421646151E-16));
#16660=CARTESIAN_POINT('',(-2.15,3.5,-5.08228421646151E-16));
#16661=CARTESIAN_POINT('',(-2.15,3.5,0.));
#16662=CARTESIAN_POINT('',(-2.15,3.5,0.780000000000029));
#16663=CARTESIAN_POINT('',(0.,3.5,0.780000000000029));
#16664=CARTESIAN_POINT('',(-2.35,3.5,0.780000000000029));
#16665=CARTESIAN_POINT('',(-2.35,3.5,0.));
#16666=CARTESIAN_POINT('',(-2.35,3.5,-5.08228421646151E-16));
#16667=CARTESIAN_POINT('',(-8.3,3.5,-5.08228421646151E-16));
#16668=CARTESIAN_POINT('',(-2.65,3.5,-5.08228421646151E-16));
#16669=CARTESIAN_POINT('',(-2.65,3.5,0.));
#16670=CARTESIAN_POINT('',(-2.65,3.5,0.780000000000029));
#16671=CARTESIAN_POINT('',(0.,3.5,0.780000000000029));
#16672=CARTESIAN_POINT('',(-2.85,3.5,0.780000000000029));
#16673=CARTESIAN_POINT('',(-2.85,3.5,0.));
#16674=CARTESIAN_POINT('',(-2.85,3.5,-5.08228421646151E-16));
#16675=CARTESIAN_POINT('',(-8.3,3.5,-5.08228421646151E-16));
#16676=CARTESIAN_POINT('',(-3.15,3.5,-5.08228421646151E-16));
#16677=CARTESIAN_POINT('',(-3.15,3.5,0.));
#16678=CARTESIAN_POINT('',(-3.15,3.5,0.780000000000029));
#16679=CARTESIAN_POINT('',(0.,3.5,0.780000000000029));
#16680=CARTESIAN_POINT('',(-3.35,3.5,0.780000000000029));
#16681=CARTESIAN_POINT('',(-3.35,3.5,0.));
#16682=CARTESIAN_POINT('',(-3.35,3.5,-5.08228421646151E-16));
#16683=CARTESIAN_POINT('',(-8.3,3.5,-5.08228421646151E-16));
#16684=CARTESIAN_POINT('',(-3.65,3.5,-5.08228421646151E-16));
#16685=CARTESIAN_POINT('',(-3.65,3.5,0.));
#16686=CARTESIAN_POINT('',(-3.65,3.5,0.780000000000029));
#16687=CARTESIAN_POINT('',(0.,3.5,0.780000000000029));
#16688=CARTESIAN_POINT('',(-3.85,3.5,0.780000000000029));
#16689=CARTESIAN_POINT('',(-3.85,3.5,0.));
#16690=CARTESIAN_POINT('',(-3.85,3.5,-5.08228421646151E-16));
#16691=CARTESIAN_POINT('',(-8.3,3.5,-5.08228421646151E-16));
#16692=CARTESIAN_POINT('',(-4.15,3.5,-5.08228421646151E-16));
#16693=CARTESIAN_POINT('',(-4.15,3.5,0.));
#16694=CARTESIAN_POINT('',(-4.15,3.5,0.780000000000029));
#16695=CARTESIAN_POINT('',(0.,3.5,0.780000000000029));
#16696=CARTESIAN_POINT('',(-4.35,3.5,0.780000000000029));
#16697=CARTESIAN_POINT('',(-4.35,3.5,0.));
#16698=CARTESIAN_POINT('',(-4.35,3.5,-5.08228421646151E-16));
#16699=CARTESIAN_POINT('',(-8.3,3.5,-5.08228421646151E-16));
#16700=CARTESIAN_POINT('',(-4.65,3.5,-5.08228421646151E-16));
#16701=CARTESIAN_POINT('',(-4.65,3.5,0.));
#16702=CARTESIAN_POINT('',(-4.65,3.5,0.780000000000029));
#16703=CARTESIAN_POINT('',(0.,3.5,0.780000000000029));
#16704=CARTESIAN_POINT('',(-4.85,3.5,0.780000000000029));
#16705=CARTESIAN_POINT('',(-4.85,3.5,0.));
#16706=CARTESIAN_POINT('',(-4.85,3.5,-5.08228421646151E-16));
#16707=CARTESIAN_POINT('',(-8.3,3.5,-5.08228421646151E-16));
#16708=CARTESIAN_POINT('',(-5.15,3.5,-5.08228421646151E-16));
#16709=CARTESIAN_POINT('',(-5.15,3.5,0.));
#16710=CARTESIAN_POINT('',(-5.15,3.5,0.780000000000029));
#16711=CARTESIAN_POINT('',(0.,3.5,0.780000000000029));
#16712=CARTESIAN_POINT('',(-5.35,3.5,0.780000000000029));
#16713=CARTESIAN_POINT('',(-5.35,3.5,0.));
#16714=CARTESIAN_POINT('',(-5.35,3.5,-5.08228421646151E-16));
#16715=CARTESIAN_POINT('',(-8.3,3.5,-5.08228421646151E-16));
#16716=CARTESIAN_POINT('',(-5.65,3.5,-5.08228421646151E-16));
#16717=CARTESIAN_POINT('',(-5.65,3.5,0.));
#16718=CARTESIAN_POINT('',(-5.65,3.5,0.780000000000029));
#16719=CARTESIAN_POINT('',(0.,3.5,0.780000000000029));
#16720=CARTESIAN_POINT('',(-5.85,3.5,0.780000000000029));
#16721=CARTESIAN_POINT('',(-5.85,3.5,0.));
#16722=CARTESIAN_POINT('',(-5.85,3.5,-5.08228421646151E-16));
#16723=CARTESIAN_POINT('',(-8.3,3.5,-5.08228421646151E-16));
#16724=CARTESIAN_POINT('',(-7.823,3.5,0.699999999999999));
#16725=CARTESIAN_POINT('',(-7.023,3.5,0.699999999999999));
#16726=CARTESIAN_POINT('',(-7.023,3.5,0.699999999999999));
#16727=CARTESIAN_POINT('',(-7.023,3.5,1.6));
#16728=CARTESIAN_POINT('',(-7.023,3.5,1.6));
#16729=CARTESIAN_POINT('',(8.3,3.5,2.12));
#16730=CARTESIAN_POINT('',(7.823,3.5,1.6));
#16731=CARTESIAN_POINT('',(7.023,3.5,1.6));
#16732=CARTESIAN_POINT('',(7.023,3.5,1.6));
#16733=CARTESIAN_POINT('',(7.023,3.5,0.699999999999999));
#16734=CARTESIAN_POINT('',(7.023,3.5,0.699999999999999));
#16735=CARTESIAN_POINT('',(-8.3,3.5,-5.08228421646151E-16));
#16736=CARTESIAN_POINT('',(5.85,3.5,-5.08228421646151E-16));
#16737=CARTESIAN_POINT('',(5.85,3.5,0.));
#16738=CARTESIAN_POINT('',(5.85,3.5,0.780000000000029));
#16739=CARTESIAN_POINT('',(0.,3.5,0.780000000000029));
#16740=CARTESIAN_POINT('',(5.65,3.5,0.780000000000029));
#16741=CARTESIAN_POINT('',(5.65,3.5,0.));
#16742=CARTESIAN_POINT('',(0.,3.5,0.));
#16743=CARTESIAN_POINT('',(-7.025,2.15,0.));
#16744=CARTESIAN_POINT('',(-7.025,2.15,0.));
#16745=CARTESIAN_POINT('',(-7.025,0.850000000000001,0.));
#16746=CARTESIAN_POINT('',(-7.025,0.850000000000001,0.));
#16747=CARTESIAN_POINT('',(-8.1,0.850000000000001,0.));
#16748=CARTESIAN_POINT('',(-8.1,0.850000000000001,0.));
#16749=CARTESIAN_POINT('',(-8.1,2.3,0.));
#16750=CARTESIAN_POINT('',(-8.1,2.3,0.));
#16751=CARTESIAN_POINT('',(-9.,2.29999999999999,0.));
#16752=CARTESIAN_POINT('',(-9.,2.29999999999999,0.));
#16753=CARTESIAN_POINT('',(-9.,2.5,0.));
#16754=CARTESIAN_POINT('',(-9.,2.5,0.));
#16755=CARTESIAN_POINT('',(-8.5,2.49999999999999,0.));
#16756=CARTESIAN_POINT('',(-8.5,2.49999999999999,0.));
#16757=CARTESIAN_POINT('',(-8.5,2.8,0.));
#16758=CARTESIAN_POINT('',(-8.5,2.8,0.));
#16759=CARTESIAN_POINT('',(-9.,2.79999999999999,0.));
#16760=CARTESIAN_POINT('',(-9.,2.79999999999999,0.));
#16761=CARTESIAN_POINT('',(-9.,3.,0.));
#16762=CARTESIAN_POINT('',(-9.,3.,0.));
#16763=CARTESIAN_POINT('',(-8.1,3.,0.));
#16764=CARTESIAN_POINT('',(-8.1,3.,0.));
#16765=CARTESIAN_POINT('',(-8.1,3.15,0.));
#16766=CARTESIAN_POINT('',(-8.1,3.15,0.));
#16767=CARTESIAN_POINT('',(-7.025,3.15,0.));
#16768=CARTESIAN_POINT('',(-7.025,3.15,0.));
#16769=CARTESIAN_POINT('',(-7.025,2.85,0.));
#16770=CARTESIAN_POINT('',(-7.025,2.85,0.));
#16771=CARTESIAN_POINT('',(-6.395,2.85,0.));
#16772=CARTESIAN_POINT('',(-5.85,3.5,-5.08228421646151E-16));
#16773=CARTESIAN_POINT('',(-5.85,3.35,-5.08228421646151E-16));
#16774=CARTESIAN_POINT('',(-8.3,3.35,-5.08228421646151E-16));
#16775=CARTESIAN_POINT('',(-5.65,3.35,-4.87890977618477E-16));
#16776=CARTESIAN_POINT('',(-5.65,3.5,-5.08228421646151E-16));
#16777=CARTESIAN_POINT('',(-5.35,3.5,-5.08228421646151E-16));
#16778=CARTESIAN_POINT('',(-5.35,3.35,-5.08228421646151E-16));
#16779=CARTESIAN_POINT('',(-8.3,3.35,-5.08228421646151E-16));
#16780=CARTESIAN_POINT('',(-5.15,3.35,-4.87890977618477E-16));
#16781=CARTESIAN_POINT('',(-5.15,3.5,-5.08228421646151E-16));
#16782=CARTESIAN_POINT('',(-4.85,3.5,-5.08228421646151E-16));
#16783=CARTESIAN_POINT('',(-4.85,3.35,-5.08228421646151E-16));
#16784=CARTESIAN_POINT('',(-8.3,3.35,-5.08228421646151E-16));
#16785=CARTESIAN_POINT('',(-4.65,3.35,-4.87890977618477E-16));
#16786=CARTESIAN_POINT('',(-4.65,3.5,-5.08228421646151E-16));
#16787=CARTESIAN_POINT('',(-4.35,3.5,-5.08228421646151E-16));
#16788=CARTESIAN_POINT('',(-4.35,3.35,-5.08228421646151E-16));
#16789=CARTESIAN_POINT('',(-8.3,3.35,-5.08228421646151E-16));
#16790=CARTESIAN_POINT('',(-4.15,3.35,-4.87890977618477E-16));
#16791=CARTESIAN_POINT('',(-4.15,3.5,-5.08228421646151E-16));
#16792=CARTESIAN_POINT('',(-3.85,3.5,-5.08228421646151E-16));
#16793=CARTESIAN_POINT('',(-3.85,3.35,-5.08228421646151E-16));
#16794=CARTESIAN_POINT('',(-8.3,3.35,-5.08228421646151E-16));
#16795=CARTESIAN_POINT('',(-3.65,3.35,-4.87890977618477E-16));
#16796=CARTESIAN_POINT('',(-3.65,3.5,-5.08228421646151E-16));
#16797=CARTESIAN_POINT('',(-3.35,3.5,-5.08228421646151E-16));
#16798=CARTESIAN_POINT('',(-3.35,3.35,-5.08228421646151E-16));
#16799=CARTESIAN_POINT('',(-8.3,3.35,-5.08228421646151E-16));
#16800=CARTESIAN_POINT('',(-3.15,3.35,-4.87890977618477E-16));
#16801=CARTESIAN_POINT('',(-3.15,3.5,-5.08228421646151E-16));
#16802=CARTESIAN_POINT('',(-2.85,3.5,-5.08228421646151E-16));
#16803=CARTESIAN_POINT('',(-2.85,3.35,-5.08228421646151E-16));
#16804=CARTESIAN_POINT('',(-8.3,3.35,-5.08228421646151E-16));
#16805=CARTESIAN_POINT('',(-2.65,3.35,-4.87890977618477E-16));
#16806=CARTESIAN_POINT('',(-2.65,3.5,-5.08228421646151E-16));
#16807=CARTESIAN_POINT('',(-2.35,3.5,-5.08228421646151E-16));
#16808=CARTESIAN_POINT('',(-2.35,3.35,-5.08228421646151E-16));
#16809=CARTESIAN_POINT('',(-8.3,3.35,-5.08228421646151E-16));
#16810=CARTESIAN_POINT('',(-2.15,3.35,-4.87890977618477E-16));
#16811=CARTESIAN_POINT('',(-2.15,3.5,-5.08228421646151E-16));
#16812=CARTESIAN_POINT('',(-1.85,3.5,-5.08228421646151E-16));
#16813=CARTESIAN_POINT('',(-1.85,3.35,-5.08228421646151E-16));
#16814=CARTESIAN_POINT('',(-8.3,3.35,-5.08228421646151E-16));
#16815=CARTESIAN_POINT('',(-1.65,3.35,-4.87890977618477E-16));
#16816=CARTESIAN_POINT('',(-1.65,3.5,-5.08228421646151E-16));
#16817=CARTESIAN_POINT('',(-1.35,3.5,-5.08228421646151E-16));
#16818=CARTESIAN_POINT('',(-1.35,3.35,-5.08228421646151E-16));
#16819=CARTESIAN_POINT('',(-8.3,3.35,-5.08228421646151E-16));
#16820=CARTESIAN_POINT('',(-1.15,3.35,-4.87890977618477E-16));
#16821=CARTESIAN_POINT('',(-1.15,3.5,-5.08228421646151E-16));
#16822=CARTESIAN_POINT('',(-0.85,3.5,-5.08228421646151E-16));
#16823=CARTESIAN_POINT('',(-0.85,3.35,-5.08228421646151E-16));
#16824=CARTESIAN_POINT('',(-8.3,3.35,-5.08228421646151E-16));
#16825=CARTESIAN_POINT('',(-0.65,3.35,-4.87890977618477E-16));
#16826=CARTESIAN_POINT('',(-0.65,3.5,-5.08228421646151E-16));
#16827=CARTESIAN_POINT('',(-0.35,3.5,-5.08228421646151E-16));
#16828=CARTESIAN_POINT('',(-0.35,3.35,-5.08228421646151E-16));
#16829=CARTESIAN_POINT('',(-8.3,3.35,-5.08228421646151E-16));
#16830=CARTESIAN_POINT('',(-0.15,3.35,-4.87890977618477E-16));
#16831=CARTESIAN_POINT('',(-0.149999999999999,3.5,-5.08228421646151E-16));
#16832=CARTESIAN_POINT('',(0.150000000000001,3.5,-5.08228421646151E-16));
#16833=CARTESIAN_POINT('',(0.150000000000001,3.35,-5.08228421646151E-16));
#16834=CARTESIAN_POINT('',(-8.3,3.35,-5.08228421646151E-16));
#16835=CARTESIAN_POINT('',(0.35,3.35,-4.87890977618477E-16));
#16836=CARTESIAN_POINT('',(0.350000000000001,3.5,-5.08228421646151E-16));
#16837=CARTESIAN_POINT('',(0.65,3.5,-5.08228421646151E-16));
#16838=CARTESIAN_POINT('',(0.65,3.35,-5.08228421646151E-16));
#16839=CARTESIAN_POINT('',(-8.3,3.35,-5.08228421646151E-16));
#16840=CARTESIAN_POINT('',(0.85,3.35,-4.87890977618477E-16));
#16841=CARTESIAN_POINT('',(0.85,3.5,-5.08228421646151E-16));
#16842=CARTESIAN_POINT('',(1.15,3.5,-5.08228421646151E-16));
#16843=CARTESIAN_POINT('',(1.15,3.35,-5.08228421646151E-16));
#16844=CARTESIAN_POINT('',(-8.3,3.35,-5.08228421646151E-16));
#16845=CARTESIAN_POINT('',(1.35,3.35,-4.87890977618477E-16));
#16846=CARTESIAN_POINT('',(1.35,3.5,-5.08228421646151E-16));
#16847=CARTESIAN_POINT('',(1.65,3.5,-5.08228421646151E-16));
#16848=CARTESIAN_POINT('',(1.65,3.35,-5.08228421646151E-16));
#16849=CARTESIAN_POINT('',(-8.3,3.35,-5.08228421646151E-16));
#16850=CARTESIAN_POINT('',(1.85,3.35,-4.87890977618477E-16));
#16851=CARTESIAN_POINT('',(1.85,3.5,-5.08228421646151E-16));
#16852=CARTESIAN_POINT('',(2.15,3.5,-5.08228421646151E-16));
#16853=CARTESIAN_POINT('',(2.15,3.35,-5.08228421646151E-16));
#16854=CARTESIAN_POINT('',(-8.3,3.35,-5.08228421646151E-16));
#16855=CARTESIAN_POINT('',(2.35,3.35,-4.87890977618477E-16));
#16856=CARTESIAN_POINT('',(2.35,3.5,-5.08228421646151E-16));
#16857=CARTESIAN_POINT('',(2.65,3.5,-5.08228421646151E-16));
#16858=CARTESIAN_POINT('',(2.65,3.35,-5.08228421646151E-16));
#16859=CARTESIAN_POINT('',(-8.3,3.35,-5.08228421646151E-16));
#16860=CARTESIAN_POINT('',(2.85,3.35,-4.87890977618477E-16));
#16861=CARTESIAN_POINT('',(2.85,3.5,-5.08228421646151E-16));
#16862=CARTESIAN_POINT('',(3.15,3.5,-5.08228421646151E-16));
#16863=CARTESIAN_POINT('',(3.15,3.35,-5.08228421646151E-16));
#16864=CARTESIAN_POINT('',(-8.3,3.35,-5.08228421646151E-16));
#16865=CARTESIAN_POINT('',(3.35,3.35,-4.87890977618477E-16));
#16866=CARTESIAN_POINT('',(3.35,3.5,-5.08228421646151E-16));
#16867=CARTESIAN_POINT('',(3.65,3.5,-5.08228421646151E-16));
#16868=CARTESIAN_POINT('',(3.65,3.35,-5.08228421646151E-16));
#16869=CARTESIAN_POINT('',(-8.3,3.35,-5.08228421646151E-16));
#16870=CARTESIAN_POINT('',(3.85,3.35,-4.87890977618477E-16));
#16871=CARTESIAN_POINT('',(3.85,3.5,-5.08228421646151E-16));
#16872=CARTESIAN_POINT('',(4.15,3.5,-5.08228421646151E-16));
#16873=CARTESIAN_POINT('',(4.15,3.35,-5.08228421646151E-16));
#16874=CARTESIAN_POINT('',(-8.3,3.35,-5.08228421646151E-16));
#16875=CARTESIAN_POINT('',(4.35,3.35,-4.87890977618477E-16));
#16876=CARTESIAN_POINT('',(4.35,3.5,-5.08228421646151E-16));
#16877=CARTESIAN_POINT('',(4.65,3.5,-5.08228421646151E-16));
#16878=CARTESIAN_POINT('',(4.65,3.35,-5.08228421646151E-16));
#16879=CARTESIAN_POINT('',(-8.3,3.35,-5.08228421646151E-16));
#16880=CARTESIAN_POINT('',(4.85,3.35,-4.87890977618477E-16));
#16881=CARTESIAN_POINT('',(4.85,3.5,-5.08228421646151E-16));
#16882=CARTESIAN_POINT('',(5.15,3.5,-5.08228421646151E-16));
#16883=CARTESIAN_POINT('',(5.15,3.35,-5.08228421646151E-16));
#16884=CARTESIAN_POINT('',(-8.3,3.35,-5.08228421646151E-16));
#16885=CARTESIAN_POINT('',(5.35,3.35,-4.87890977618477E-16));
#16886=CARTESIAN_POINT('',(5.35,3.5,-5.08228421646151E-16));
#16887=CARTESIAN_POINT('',(5.65,3.5,-5.08228421646151E-16));
#16888=CARTESIAN_POINT('',(5.65,3.35,-5.08228421646151E-16));
#16889=CARTESIAN_POINT('',(-8.3,3.35,-5.08228421646151E-16));
#16890=CARTESIAN_POINT('',(5.85,3.35,-4.87890977618477E-16));
#16891=CARTESIAN_POINT('',(5.85,3.5,-5.08228421646151E-16));
#16892=CARTESIAN_POINT('',(7.025,2.85,0.));
#16893=CARTESIAN_POINT('',(7.025,2.85,0.));
#16894=CARTESIAN_POINT('',(7.025,3.15,0.));
#16895=CARTESIAN_POINT('',(7.025,3.15,0.));
#16896=CARTESIAN_POINT('',(8.1,3.15,0.));
#16897=CARTESIAN_POINT('',(8.1,3.15,0.));
#16898=CARTESIAN_POINT('',(8.1,3.,0.));
#16899=CARTESIAN_POINT('',(8.1,3.,0.));
#16900=CARTESIAN_POINT('',(9.,3.,0.));
#16901=CARTESIAN_POINT('',(9.,3.,0.));
#16902=CARTESIAN_POINT('',(9.,2.8,0.));
#16903=CARTESIAN_POINT('',(9.,2.8,0.));
#16904=CARTESIAN_POINT('',(8.5,2.8,0.));
#16905=CARTESIAN_POINT('',(8.5,2.8,0.));
#16906=CARTESIAN_POINT('',(8.5,2.5,0.));
#16907=CARTESIAN_POINT('',(8.5,2.5,0.));
#16908=CARTESIAN_POINT('',(9.,2.5,0.));
#16909=CARTESIAN_POINT('',(9.,2.5,0.));
#16910=CARTESIAN_POINT('',(9.,2.3,0.));
#16911=CARTESIAN_POINT('',(9.,2.3,0.));
#16912=CARTESIAN_POINT('',(8.1,2.3,0.));
#16913=CARTESIAN_POINT('',(8.1,2.3,0.));
#16914=CARTESIAN_POINT('',(8.1,0.850000000000001,0.));
#16915=CARTESIAN_POINT('',(8.1,0.850000000000001,0.));
#16916=CARTESIAN_POINT('',(7.025,0.850000000000001,0.));
#16917=CARTESIAN_POINT('',(7.025,0.850000000000001,0.));
#16918=CARTESIAN_POINT('',(7.025,2.15,0.));
#16919=CARTESIAN_POINT('',(7.025,2.15,0.));
#16920=CARTESIAN_POINT('',(6.395,2.15,0.));
#16921=CARTESIAN_POINT('',(-8.3,3.5,-5.08228421646151E-16));
#16922=CARTESIAN_POINT('',(-7.823,0.550000000000002,1.59999999999999));
#16923=CARTESIAN_POINT('',(-7.823,0.550000000000002,1.6));
#16924=CARTESIAN_POINT('',(-7.823,0.55,0.699999999999997));
#16925=CARTESIAN_POINT('',(-7.823,34.65,1.6));
#16926=CARTESIAN_POINT('',(-7.823,0.,1.6));
#16927=CARTESIAN_POINT('',(-7.823,0.,1.6));
#16928=CARTESIAN_POINT('',(-7.823,4.20716093542158E-16,0.699999999999999));
#16929=CARTESIAN_POINT('',(-7.823,34.65,0.699999999999999));
#16930=CARTESIAN_POINT('',(-7.823,34.65,1.6));
#16931=CARTESIAN_POINT('',(-6.325,0.,2.12));
#16932=CARTESIAN_POINT('',(-6.325,5.20417042793042E-15,1.25));
#16933=CARTESIAN_POINT('',(-6.325,3.46944695195361E-15,2.12));
#16934=CARTESIAN_POINT('',(-6.325,1.73472347597681E-15,1.25));
#16935=CARTESIAN_POINT('',(-6.258,1.73472347597681E-15,1.25));
#16936=CARTESIAN_POINT('',(-6.258,0.,0.));
#16937=CARTESIAN_POINT('',(-6.258,2.16840434497101E-16,1.43510638297872));
#16938=CARTESIAN_POINT('',(0.,0.,1.43510638297872));
#16939=CARTESIAN_POINT('',(-6.2,2.16840434497101E-16,1.43510638297872));
#16940=CARTESIAN_POINT('',(-6.2,2.22044604925031E-16,1.35));
#16941=CARTESIAN_POINT('',(-6.2,-2.17680968548441E-16,2.12));
#16942=CARTESIAN_POINT('',(8.3,0.,2.12));
#16943=CARTESIAN_POINT('',(0.,0.,0.));
#16944=CARTESIAN_POINT('',(7.023,0.,0.699999999999999));
#16945=CARTESIAN_POINT('',(7.823,-7.53843289819859E-30,0.699999999999999));
#16946=CARTESIAN_POINT('',(7.823,34.65,0.699999999999999));
#16947=CARTESIAN_POINT('',(7.823,0.550000000000002,0.699999999999999));
#16948=CARTESIAN_POINT('',(-4.3423,0.55,0.699999999999997));
#16949=CARTESIAN_POINT('',(7.023,34.65,0.699999999999999));
#16950=CARTESIAN_POINT('',(7.023,0.800000000000002,0.699999999999999));
#16951=CARTESIAN_POINT('',(7.023,0.800000000000002,0.699999999999999));
#16952=CARTESIAN_POINT('',(7.55,2.75,0.699999999999999));
#16953=CARTESIAN_POINT('',(7.023,34.65,0.699999999999999));
#16954=CARTESIAN_POINT('',(-7.55,2.75,0.699999999999999));
#16955=CARTESIAN_POINT('',(-7.823,0.800000000000002,0.699999999999999));
#16956=CARTESIAN_POINT('',(-7.023,0.800000000000002,0.699999999999999));
#16957=CARTESIAN_POINT('',(-7.023,34.65,0.699999999999999));
#16958=CARTESIAN_POINT('',(4.3423,0.55,0.699999999999997));
#16959=CARTESIAN_POINT('',(-7.823,0.,0.699999999999999));
#16960=CARTESIAN_POINT('',(-7.823,34.65,0.699999999999999));
#16961=CARTESIAN_POINT('',(-7.55,2.75,0.202999999999998));
#16962=CARTESIAN_POINT('',(-7.55,2.75,20.988));
#16963=CARTESIAN_POINT('',(7.55,2.75,0.202999999999998));
#16964=CARTESIAN_POINT('',(7.55,2.75,20.988));
#16965=CARTESIAN_POINT('',(-6.325,1.73472347597681E-15,1.25));
#16966=CARTESIAN_POINT('',(6.325,4.06692223757427E-16,1.25));
#16967=CARTESIAN_POINT('',(6.258,1.73472347597681E-15,1.25));
#16968=CARTESIAN_POINT('',(6.325,1.73472347597681E-15,1.24999999999999));
#16969=CARTESIAN_POINT('',(6.325,3.46944695195361E-15,2.12));
#16970=CARTESIAN_POINT('',(8.3,0.,2.12));
#16971=CARTESIAN_POINT('',(6.2,-2.17680968548441E-16,2.12));
#16972=CARTESIAN_POINT('',(6.2,2.22044604925031E-16,1.35));
#16973=CARTESIAN_POINT('',(6.2,2.16840434497101E-16,1.43510638297872));
#16974=CARTESIAN_POINT('',(0.,0.,1.43510638297872));
#16975=CARTESIAN_POINT('',(6.258,2.16840434497101E-16,1.43510638297872));
#16976=CARTESIAN_POINT('',(6.258,0.,0.));
#16977=CARTESIAN_POINT('',(0.,0.,0.));
#16978=CARTESIAN_POINT('',(-7.4,0.,2.12));
#16979=CARTESIAN_POINT('',(-7.4,0.,2.12));
#16980=CARTESIAN_POINT('',(-7.4,2.75,2.12));
#16981=CARTESIAN_POINT('',(9.3,0.,2.12));
#16982=CARTESIAN_POINT('',(-7.7,0.,2.12));
#16983=CARTESIAN_POINT('',(-7.7,2.75,2.12));
#16984=CARTESIAN_POINT('',(-7.7,2.75,2.12));
#16985=CARTESIAN_POINT('',(-7.55,2.75,2.12));
#16986=CARTESIAN_POINT('',(7.7,0.,2.12));
#16987=CARTESIAN_POINT('',(7.7,0.,2.12));
#16988=CARTESIAN_POINT('',(7.7,2.75,2.12));
#16989=CARTESIAN_POINT('',(9.3,0.,2.12));
#16990=CARTESIAN_POINT('',(7.4,0.,2.12));
#16991=CARTESIAN_POINT('',(7.4,2.75,2.12));
#16992=CARTESIAN_POINT('',(7.4,2.75,2.12));
#16993=CARTESIAN_POINT('',(7.55,2.75,2.12));
#16994=CARTESIAN_POINT('',(9.3,0.,2.12));
#16995=CARTESIAN_POINT('',(9.3,0.,2.12));
#16996=CARTESIAN_POINT('',(9.3,0.,2.12));
#16997=CARTESIAN_POINT('',(-9.3,0.,2.12));
#16998=CARTESIAN_POINT('',(-9.3,0.,2.12));
#16999=CARTESIAN_POINT('',(-9.3,-1.,2.12));
#17000=CARTESIAN_POINT('',(9.3,-1.,2.12));
#17001=CARTESIAN_POINT('',(-7.8,-0.999999999999999,2.12));
#17002=CARTESIAN_POINT('',(-7.8,-0.949999999999999,2.12));
#17003=CARTESIAN_POINT('',(-7.8,-0.949999999999999,2.12));
#17004=CARTESIAN_POINT('',(-7.3,-0.95,2.12));
#17005=CARTESIAN_POINT('',(-7.3,-0.949999999999999,2.12));
#17006=CARTESIAN_POINT('',(-7.3,-0.949999999999999,2.12));
#17007=CARTESIAN_POINT('',(-7.3,-0.999999999999999,2.12));
#17008=CARTESIAN_POINT('',(9.3,-1.,2.12));
#17009=CARTESIAN_POINT('',(-6.325,-1.,2.12));
#17010=CARTESIAN_POINT('',(-6.325,8.9,2.12));
#17011=CARTESIAN_POINT('',(-6.2,-2.22044604925031E-16,2.12));
#17012=CARTESIAN_POINT('',(-6.2,-1.,2.12));
#17013=CARTESIAN_POINT('',(6.2,-1.,2.12));
#17014=CARTESIAN_POINT('',(6.2,-1.,2.12));
#17015=CARTESIAN_POINT('',(6.2,-2.22044604925031E-16,2.12));
#17016=CARTESIAN_POINT('',(6.325,8.9,2.12));
#17017=CARTESIAN_POINT('',(6.325,-1.,2.12));
#17018=CARTESIAN_POINT('',(9.3,-1.,2.12));
#17019=CARTESIAN_POINT('',(9.3,-1.,2.12));
#17020=CARTESIAN_POINT('',(9.3,0.,2.12));
#17021=CARTESIAN_POINT('',(8.3,3.5,2.12));
#17022=CARTESIAN_POINT('',(6.258,-1.,1.45));
#17023=CARTESIAN_POINT('',(6.2,-1.,1.45));
#17024=CARTESIAN_POINT('',(-6.2,-1.,1.45));
#17025=CARTESIAN_POINT('',(6.2,-1.,2.12));
#17026=CARTESIAN_POINT('',(-6.2,-1.,2.12));
#17027=CARTESIAN_POINT('',(6.2,-1.,2.12));
#17028=CARTESIAN_POINT('',(6.2,3.38604678483934E-15,1.45));
#17029=CARTESIAN_POINT('',(6.2,-0.35,1.45));
#17030=CARTESIAN_POINT('',(6.2,0.0609579755987345,1.43251242657027));
#17031=CARTESIAN_POINT('',(6.2,0.,0.));
#17032=CARTESIAN_POINT('',(-6.2,3.38604678483934E-15,1.45));
#17033=CARTESIAN_POINT('',(-6.2,-0.35,1.45));
#17034=CARTESIAN_POINT('',(-6.2,0.0609579755987345,1.43251242657027));
#17035=CARTESIAN_POINT('',(-6.2,0.,0.));
#17036=CARTESIAN_POINT('',(6.258,-0.35,1.45));
#17037=CARTESIAN_POINT('',(6.258,-0.35,1.45));
#17038=CARTESIAN_POINT('',(5.35,-1.,0.499999999999999));
#17039=CARTESIAN_POINT('',(5.35,0.224999999999977,0.499999999999999));
#17040=CARTESIAN_POINT('',(5.35,0.224999999999977,0.499999999999999));
#17041=CARTESIAN_POINT('',(5.15,0.224999999999977,0.499999999999999));
#17042=CARTESIAN_POINT('',(5.15,-1.,0.499999999999999));
#17043=CARTESIAN_POINT('',(4.85,-1.,0.499999999999999));
#17044=CARTESIAN_POINT('',(4.85,0.224999999999977,0.499999999999999));
#17045=CARTESIAN_POINT('',(4.85,0.224999999999977,0.499999999999999));
#17046=CARTESIAN_POINT('',(4.65,0.224999999999977,0.499999999999999));
#17047=CARTESIAN_POINT('',(4.65,-1.,0.499999999999999));
#17048=CARTESIAN_POINT('',(4.35,-1.,0.499999999999999));
#17049=CARTESIAN_POINT('',(4.35,0.224999999999977,0.499999999999999));
#17050=CARTESIAN_POINT('',(4.35,0.224999999999977,0.499999999999999));
#17051=CARTESIAN_POINT('',(4.15,0.224999999999977,0.499999999999999));
#17052=CARTESIAN_POINT('',(4.15,-1.,0.499999999999999));
#17053=CARTESIAN_POINT('',(3.85,-1.,0.499999999999999));
#17054=CARTESIAN_POINT('',(3.85,0.224999999999977,0.499999999999999));
#17055=CARTESIAN_POINT('',(3.85,0.224999999999977,0.499999999999999));
#17056=CARTESIAN_POINT('',(3.65,0.224999999999977,0.499999999999999));
#17057=CARTESIAN_POINT('',(3.65,-1.,0.499999999999999));
#17058=CARTESIAN_POINT('',(3.35,-1.,0.499999999999999));
#17059=CARTESIAN_POINT('',(3.35,0.224999999999977,0.499999999999999));
#17060=CARTESIAN_POINT('',(3.35,0.224999999999977,0.499999999999999));
#17061=CARTESIAN_POINT('',(3.15,0.224999999999977,0.499999999999999));
#17062=CARTESIAN_POINT('',(3.15,-1.,0.499999999999999));
#17063=CARTESIAN_POINT('',(2.85,-1.,0.499999999999999));
#17064=CARTESIAN_POINT('',(2.85,0.224999999999977,0.499999999999999));
#17065=CARTESIAN_POINT('',(2.85,0.224999999999977,0.499999999999999));
#17066=CARTESIAN_POINT('',(2.65,0.224999999999977,0.499999999999999));
#17067=CARTESIAN_POINT('',(2.65,-1.,0.499999999999999));
#17068=CARTESIAN_POINT('',(2.35,-1.,0.499999999999999));
#17069=CARTESIAN_POINT('',(2.35,0.224999999999977,0.499999999999999));
#17070=CARTESIAN_POINT('',(2.35,0.224999999999977,0.499999999999999));
#17071=CARTESIAN_POINT('',(2.15,0.224999999999977,0.499999999999999));
#17072=CARTESIAN_POINT('',(2.15,-1.,0.499999999999999));
#17073=CARTESIAN_POINT('',(1.85,-1.,0.499999999999999));
#17074=CARTESIAN_POINT('',(1.85,0.224999999999977,0.499999999999999));
#17075=CARTESIAN_POINT('',(1.85,0.224999999999977,0.499999999999999));
#17076=CARTESIAN_POINT('',(1.65,0.224999999999977,0.499999999999999));
#17077=CARTESIAN_POINT('',(1.65,-1.,0.499999999999999));
#17078=CARTESIAN_POINT('',(1.35,-1.,0.499999999999999));
#17079=CARTESIAN_POINT('',(1.35,0.224999999999977,0.499999999999999));
#17080=CARTESIAN_POINT('',(1.35,0.224999999999977,0.499999999999999));
#17081=CARTESIAN_POINT('',(1.15,0.224999999999977,0.499999999999999));
#17082=CARTESIAN_POINT('',(1.15,-1.,0.499999999999999));
#17083=CARTESIAN_POINT('',(0.85,-1.,0.499999999999999));
#17084=CARTESIAN_POINT('',(0.85,0.224999999999977,0.499999999999999));
#17085=CARTESIAN_POINT('',(0.85,0.224999999999977,0.499999999999999));
#17086=CARTESIAN_POINT('',(0.65,0.224999999999977,0.499999999999999));
#17087=CARTESIAN_POINT('',(0.65,-1.,0.499999999999999));
#17088=CARTESIAN_POINT('',(0.35,-1.,0.499999999999999));
#17089=CARTESIAN_POINT('',(0.35,0.224999999999977,0.499999999999999));
#17090=CARTESIAN_POINT('',(0.35,0.224999999999977,0.499999999999999));
#17091=CARTESIAN_POINT('',(0.150000000000001,0.224999999999977,0.499999999999999));
#17092=CARTESIAN_POINT('',(0.150000000000001,-1.,0.499999999999999));
#17093=CARTESIAN_POINT('',(-0.15,-1.,0.499999999999999));
#17094=CARTESIAN_POINT('',(-0.15,0.224999999999977,0.499999999999999));
#17095=CARTESIAN_POINT('',(-0.15,0.224999999999977,0.499999999999999));
#17096=CARTESIAN_POINT('',(-0.35,0.224999999999977,0.499999999999999));
#17097=CARTESIAN_POINT('',(-0.35,-1.,0.499999999999999));
#17098=CARTESIAN_POINT('',(-0.65,-1.,0.499999999999999));
#17099=CARTESIAN_POINT('',(-0.65,0.224999999999977,0.499999999999999));
#17100=CARTESIAN_POINT('',(-0.65,0.224999999999977,0.499999999999999));
#17101=CARTESIAN_POINT('',(-0.85,0.224999999999977,0.499999999999999));
#17102=CARTESIAN_POINT('',(-0.85,-1.,0.499999999999999));
#17103=CARTESIAN_POINT('',(-1.15,-1.,0.499999999999999));
#17104=CARTESIAN_POINT('',(-1.15,0.224999999999977,0.499999999999999));
#17105=CARTESIAN_POINT('',(-1.15,0.224999999999977,0.499999999999999));
#17106=CARTESIAN_POINT('',(-1.35,0.224999999999977,0.499999999999999));
#17107=CARTESIAN_POINT('',(-1.35,-1.,0.499999999999999));
#17108=CARTESIAN_POINT('',(-1.65,-1.,0.499999999999999));
#17109=CARTESIAN_POINT('',(-1.65,0.224999999999977,0.499999999999999));
#17110=CARTESIAN_POINT('',(-1.65,0.224999999999977,0.499999999999999));
#17111=CARTESIAN_POINT('',(-1.85,0.224999999999977,0.499999999999999));
#17112=CARTESIAN_POINT('',(-1.85,-1.,0.499999999999999));
#17113=CARTESIAN_POINT('',(-2.15,-1.,0.499999999999999));
#17114=CARTESIAN_POINT('',(-2.15,0.224999999999977,0.499999999999999));
#17115=CARTESIAN_POINT('',(-2.15,0.224999999999977,0.499999999999999));
#17116=CARTESIAN_POINT('',(-2.35,0.224999999999977,0.499999999999999));
#17117=CARTESIAN_POINT('',(-2.35,-1.,0.499999999999999));
#17118=CARTESIAN_POINT('',(-2.65,-1.,0.499999999999999));
#17119=CARTESIAN_POINT('',(-2.65,0.224999999999977,0.499999999999999));
#17120=CARTESIAN_POINT('',(-2.65,0.224999999999977,0.499999999999999));
#17121=CARTESIAN_POINT('',(-2.85,0.224999999999977,0.499999999999999));
#17122=CARTESIAN_POINT('',(-2.85,-1.,0.499999999999999));
#17123=CARTESIAN_POINT('',(-3.15,-1.,0.499999999999999));
#17124=CARTESIAN_POINT('',(-3.15,0.224999999999977,0.499999999999999));
#17125=CARTESIAN_POINT('',(-3.15,0.224999999999977,0.499999999999999));
#17126=CARTESIAN_POINT('',(-3.35,0.224999999999977,0.499999999999999));
#17127=CARTESIAN_POINT('',(-3.35,-1.,0.499999999999999));
#17128=CARTESIAN_POINT('',(-3.65,-1.,0.499999999999999));
#17129=CARTESIAN_POINT('',(-3.65,0.224999999999977,0.499999999999999));
#17130=CARTESIAN_POINT('',(-3.65,0.224999999999977,0.499999999999999));
#17131=CARTESIAN_POINT('',(-3.85,0.224999999999977,0.499999999999999));
#17132=CARTESIAN_POINT('',(-3.85,-1.,0.499999999999999));
#17133=CARTESIAN_POINT('',(-4.15,-1.,0.499999999999999));
#17134=CARTESIAN_POINT('',(-4.15,0.224999999999977,0.499999999999999));
#17135=CARTESIAN_POINT('',(-4.15,0.224999999999977,0.499999999999999));
#17136=CARTESIAN_POINT('',(-4.35,0.224999999999977,0.499999999999999));
#17137=CARTESIAN_POINT('',(-4.35,-1.,0.499999999999999));
#17138=CARTESIAN_POINT('',(-4.65,-1.,0.499999999999999));
#17139=CARTESIAN_POINT('',(-4.65,0.224999999999977,0.499999999999999));
#17140=CARTESIAN_POINT('',(-4.65,0.224999999999977,0.499999999999999));
#17141=CARTESIAN_POINT('',(-4.85,0.224999999999977,0.499999999999999));
#17142=CARTESIAN_POINT('',(-4.85,-1.,0.499999999999999));
#17143=CARTESIAN_POINT('',(-5.15,-1.,0.499999999999999));
#17144=CARTESIAN_POINT('',(-5.15,0.224999999999977,0.499999999999999));
#17145=CARTESIAN_POINT('',(-5.15,0.224999999999977,0.499999999999999));
#17146=CARTESIAN_POINT('',(-5.35,0.224999999999977,0.499999999999999));
#17147=CARTESIAN_POINT('',(-5.35,-1.,0.499999999999999));
#17148=CARTESIAN_POINT('',(-5.65,-1.,0.499999999999999));
#17149=CARTESIAN_POINT('',(-5.65,0.224999999999977,0.499999999999999));
#17150=CARTESIAN_POINT('',(-5.65,0.224999999999977,0.499999999999999));
#17151=CARTESIAN_POINT('',(-5.85,0.224999999999977,0.499999999999999));
#17152=CARTESIAN_POINT('',(-5.85,-1.,0.499999999999999));
#17153=CARTESIAN_POINT('',(-6.258,-1.,0.499999999999999));
#17154=CARTESIAN_POINT('',(-6.258,0.8,0.499999999999995));
#17155=CARTESIAN_POINT('',(-7.4,0.8,0.499999999999994));
#17156=CARTESIAN_POINT('',(0.,0.,0.499999999999999));
#17157=CARTESIAN_POINT('',(6.258,0.8,0.499999999999995));
#17158=CARTESIAN_POINT('',(6.258,0.8,0.499999999999995));
#17159=CARTESIAN_POINT('',(6.258,-1.,0.499999999999999));
#17160=CARTESIAN_POINT('',(5.85,-1.,0.499999999999999));
#17161=CARTESIAN_POINT('',(5.85,0.224999999999977,0.499999999999999));
#17162=CARTESIAN_POINT('',(5.85,0.224999999999977,0.499999999999999));
#17163=CARTESIAN_POINT('',(5.65,0.224999999999977,0.499999999999999));
#17164=CARTESIAN_POINT('',(5.65,-1.,0.499999999999999));
#17165=CARTESIAN_POINT('',(6.258,-1.,0.499999999999999));
#17166=CARTESIAN_POINT('',(-6.258,2.,0.98));
#17167=CARTESIAN_POINT('',(-6.258,2.,1.35));
#17168=CARTESIAN_POINT('',(6.258,2.,0.98));
#17169=CARTESIAN_POINT('',(6.258,2.,1.35));
#17170=CARTESIAN_POINT('',(6.258,2.,1.35));
#17171=CARTESIAN_POINT('',(6.258,2.,0.98));
#17172=CARTESIAN_POINT('',(5.35,2.,1.35));
#17173=CARTESIAN_POINT('',(5.35,1.43653846153822,1.37397708674306));
#17174=CARTESIAN_POINT('',(5.35,0.00260009897032229,1.43499574046935));
#17175=CARTESIAN_POINT('',(6.258,1.43653846153819,1.37397708674306));
#17176=CARTESIAN_POINT('',(5.15,1.43653846153822,1.37397708674306));
#17177=CARTESIAN_POINT('',(5.15,2.,1.35));
#17178=CARTESIAN_POINT('',(5.15,0.00260009897032229,1.43499574046935));
#17179=CARTESIAN_POINT('',(5.35,0.00260009897032229,1.43499574046935));
#17180=CARTESIAN_POINT('',(4.85,2.,1.35));
#17181=CARTESIAN_POINT('',(4.85,1.43653846153822,1.37397708674306));
#17182=CARTESIAN_POINT('',(4.85,0.00260009897032229,1.43499574046935));
#17183=CARTESIAN_POINT('',(6.258,1.43653846153819,1.37397708674306));
#17184=CARTESIAN_POINT('',(4.65,1.43653846153822,1.37397708674306));
#17185=CARTESIAN_POINT('',(4.65,2.,1.35));
#17186=CARTESIAN_POINT('',(4.65,0.00260009897032229,1.43499574046935));
#17187=CARTESIAN_POINT('',(4.85,0.00260009897032229,1.43499574046935));
#17188=CARTESIAN_POINT('',(4.35,2.,1.35));
#17189=CARTESIAN_POINT('',(4.35,1.43653846153822,1.37397708674306));
#17190=CARTESIAN_POINT('',(4.35,0.00260009897032229,1.43499574046935));
#17191=CARTESIAN_POINT('',(6.258,1.43653846153819,1.37397708674306));
#17192=CARTESIAN_POINT('',(4.15,1.43653846153822,1.37397708674306));
#17193=CARTESIAN_POINT('',(4.15,2.,1.35));
#17194=CARTESIAN_POINT('',(4.15,0.00260009897032229,1.43499574046935));
#17195=CARTESIAN_POINT('',(4.35,0.00260009897032229,1.43499574046935));
#17196=CARTESIAN_POINT('',(3.85,2.,1.35));
#17197=CARTESIAN_POINT('',(3.85,1.43653846153822,1.37397708674306));
#17198=CARTESIAN_POINT('',(3.85,0.00260009897032229,1.43499574046935));
#17199=CARTESIAN_POINT('',(6.258,1.43653846153819,1.37397708674306));
#17200=CARTESIAN_POINT('',(3.65,1.43653846153822,1.37397708674306));
#17201=CARTESIAN_POINT('',(3.65,2.,1.35));
#17202=CARTESIAN_POINT('',(3.65,0.00260009897032229,1.43499574046935));
#17203=CARTESIAN_POINT('',(3.85,0.00260009897032229,1.43499574046935));
#17204=CARTESIAN_POINT('',(3.35,2.,1.35));
#17205=CARTESIAN_POINT('',(3.35,1.43653846153822,1.37397708674306));
#17206=CARTESIAN_POINT('',(3.35,0.00260009897032229,1.43499574046935));
#17207=CARTESIAN_POINT('',(6.258,1.43653846153819,1.37397708674306));
#17208=CARTESIAN_POINT('',(3.15,1.43653846153822,1.37397708674306));
#17209=CARTESIAN_POINT('',(3.15,2.,1.35));
#17210=CARTESIAN_POINT('',(3.15,0.00260009897032229,1.43499574046935));
#17211=CARTESIAN_POINT('',(3.35,0.00260009897032229,1.43499574046935));
#17212=CARTESIAN_POINT('',(2.85,2.,1.35));
#17213=CARTESIAN_POINT('',(2.85,1.43653846153822,1.37397708674306));
#17214=CARTESIAN_POINT('',(2.85,0.00260009897032229,1.43499574046935));
#17215=CARTESIAN_POINT('',(6.258,1.43653846153819,1.37397708674306));
#17216=CARTESIAN_POINT('',(2.65,1.43653846153822,1.37397708674306));
#17217=CARTESIAN_POINT('',(2.65,2.,1.35));
#17218=CARTESIAN_POINT('',(2.65,0.00260009897032229,1.43499574046935));
#17219=CARTESIAN_POINT('',(2.85,0.00260009897032229,1.43499574046935));
#17220=CARTESIAN_POINT('',(2.35,2.,1.35));
#17221=CARTESIAN_POINT('',(2.35,1.43653846153822,1.37397708674306));
#17222=CARTESIAN_POINT('',(2.35,0.00260009897032229,1.43499574046935));
#17223=CARTESIAN_POINT('',(6.258,1.43653846153819,1.37397708674306));
#17224=CARTESIAN_POINT('',(2.15,1.43653846153822,1.37397708674306));
#17225=CARTESIAN_POINT('',(2.15,2.,1.35));
#17226=CARTESIAN_POINT('',(2.15,0.00260009897032229,1.43499574046935));
#17227=CARTESIAN_POINT('',(2.35,0.00260009897032229,1.43499574046935));
#17228=CARTESIAN_POINT('',(1.85,2.,1.35));
#17229=CARTESIAN_POINT('',(1.85,1.43653846153822,1.37397708674306));
#17230=CARTESIAN_POINT('',(1.85,0.00260009897032229,1.43499574046935));
#17231=CARTESIAN_POINT('',(6.258,1.43653846153819,1.37397708674306));
#17232=CARTESIAN_POINT('',(1.65,1.43653846153822,1.37397708674306));
#17233=CARTESIAN_POINT('',(1.65,2.,1.35));
#17234=CARTESIAN_POINT('',(1.65,0.00260009897032229,1.43499574046935));
#17235=CARTESIAN_POINT('',(1.85,0.00260009897032229,1.43499574046935));
#17236=CARTESIAN_POINT('',(1.35,2.,1.35));
#17237=CARTESIAN_POINT('',(1.35,1.43653846153822,1.37397708674306));
#17238=CARTESIAN_POINT('',(1.35,0.00260009897032229,1.43499574046935));
#17239=CARTESIAN_POINT('',(6.258,1.43653846153819,1.37397708674306));
#17240=CARTESIAN_POINT('',(1.15,1.43653846153822,1.37397708674306));
#17241=CARTESIAN_POINT('',(1.15,2.,1.35));
#17242=CARTESIAN_POINT('',(1.15,0.00260009897032229,1.43499574046935));
#17243=CARTESIAN_POINT('',(1.35,0.00260009897032229,1.43499574046935));
#17244=CARTESIAN_POINT('',(0.85,2.,1.35));
#17245=CARTESIAN_POINT('',(0.85,1.43653846153822,1.37397708674306));
#17246=CARTESIAN_POINT('',(0.85,0.00260009897032229,1.43499574046935));
#17247=CARTESIAN_POINT('',(6.258,1.43653846153819,1.37397708674306));
#17248=CARTESIAN_POINT('',(0.65,1.43653846153822,1.37397708674306));
#17249=CARTESIAN_POINT('',(0.65,2.,1.35));
#17250=CARTESIAN_POINT('',(0.65,0.00260009897032229,1.43499574046935));
#17251=CARTESIAN_POINT('',(0.85,0.00260009897032229,1.43499574046935));
#17252=CARTESIAN_POINT('',(0.35,2.,1.35));
#17253=CARTESIAN_POINT('',(0.35,1.43653846153822,1.37397708674306));
#17254=CARTESIAN_POINT('',(0.35,0.00260009897032229,1.43499574046935));
#17255=CARTESIAN_POINT('',(6.258,1.43653846153819,1.37397708674306));
#17256=CARTESIAN_POINT('',(0.150000000000001,1.43653846153822,1.37397708674306));
#17257=CARTESIAN_POINT('',(0.150000000000001,2.,1.35));
#17258=CARTESIAN_POINT('',(0.150000000000001,0.00260009897032229,1.43499574046935));
#17259=CARTESIAN_POINT('',(0.35,0.00260009897032229,1.43499574046935));
#17260=CARTESIAN_POINT('',(-0.15,2.,1.35));
#17261=CARTESIAN_POINT('',(-0.15,1.43653846153822,1.37397708674306));
#17262=CARTESIAN_POINT('',(-0.15,0.00260009897032229,1.43499574046935));
#17263=CARTESIAN_POINT('',(6.258,1.43653846153819,1.37397708674306));
#17264=CARTESIAN_POINT('',(-0.35,1.43653846153822,1.37397708674306));
#17265=CARTESIAN_POINT('',(-0.35,2.,1.35));
#17266=CARTESIAN_POINT('',(-0.35,0.00260009897032229,1.43499574046935));
#17267=CARTESIAN_POINT('',(-0.15,0.00260009897032229,1.43499574046935));
#17268=CARTESIAN_POINT('',(-0.65,2.,1.35));
#17269=CARTESIAN_POINT('',(-0.65,1.43653846153822,1.37397708674306));
#17270=CARTESIAN_POINT('',(-0.65,0.00260009897032229,1.43499574046935));
#17271=CARTESIAN_POINT('',(6.258,1.43653846153819,1.37397708674306));
#17272=CARTESIAN_POINT('',(-0.85,1.43653846153822,1.37397708674306));
#17273=CARTESIAN_POINT('',(-0.85,2.,1.35));
#17274=CARTESIAN_POINT('',(-0.85,0.00260009897032229,1.43499574046935));
#17275=CARTESIAN_POINT('',(-0.65,0.00260009897032229,1.43499574046935));
#17276=CARTESIAN_POINT('',(-1.15,2.,1.35));
#17277=CARTESIAN_POINT('',(-1.15,1.43653846153822,1.37397708674306));
#17278=CARTESIAN_POINT('',(-1.15,0.00260009897032229,1.43499574046935));
#17279=CARTESIAN_POINT('',(6.258,1.43653846153819,1.37397708674306));
#17280=CARTESIAN_POINT('',(-1.35,1.43653846153822,1.37397708674306));
#17281=CARTESIAN_POINT('',(-1.35,2.,1.35));
#17282=CARTESIAN_POINT('',(-1.35,0.00260009897032229,1.43499574046935));
#17283=CARTESIAN_POINT('',(-1.15,0.00260009897032229,1.43499574046935));
#17284=CARTESIAN_POINT('',(-1.65,2.,1.35));
#17285=CARTESIAN_POINT('',(-1.65,1.43653846153822,1.37397708674306));
#17286=CARTESIAN_POINT('',(-1.65,0.00260009897032229,1.43499574046935));
#17287=CARTESIAN_POINT('',(6.258,1.43653846153819,1.37397708674306));
#17288=CARTESIAN_POINT('',(-1.85,1.43653846153822,1.37397708674306));
#17289=CARTESIAN_POINT('',(-1.85,2.,1.35));
#17290=CARTESIAN_POINT('',(-1.85,0.00260009897032229,1.43499574046935));
#17291=CARTESIAN_POINT('',(-1.65,0.00260009897032229,1.43499574046935));
#17292=CARTESIAN_POINT('',(-2.15,2.,1.35));
#17293=CARTESIAN_POINT('',(-2.15,1.43653846153822,1.37397708674306));
#17294=CARTESIAN_POINT('',(-2.15,0.00260009897032229,1.43499574046935));
#17295=CARTESIAN_POINT('',(6.258,1.43653846153819,1.37397708674306));
#17296=CARTESIAN_POINT('',(-2.35,1.43653846153822,1.37397708674306));
#17297=CARTESIAN_POINT('',(-2.35,2.,1.35));
#17298=CARTESIAN_POINT('',(-2.35,0.00260009897032229,1.43499574046935));
#17299=CARTESIAN_POINT('',(-2.15,0.00260009897032229,1.43499574046935));
#17300=CARTESIAN_POINT('',(-2.65,2.,1.35));
#17301=CARTESIAN_POINT('',(-2.65,1.43653846153822,1.37397708674306));
#17302=CARTESIAN_POINT('',(-2.65,0.00260009897032229,1.43499574046935));
#17303=CARTESIAN_POINT('',(6.258,1.43653846153819,1.37397708674306));
#17304=CARTESIAN_POINT('',(-2.85,1.43653846153822,1.37397708674306));
#17305=CARTESIAN_POINT('',(-2.85,2.,1.35));
#17306=CARTESIAN_POINT('',(-2.85,0.00260009897032229,1.43499574046935));
#17307=CARTESIAN_POINT('',(-2.65,0.00260009897032229,1.43499574046935));
#17308=CARTESIAN_POINT('',(-3.15,2.,1.35));
#17309=CARTESIAN_POINT('',(-3.15,1.43653846153822,1.37397708674306));
#17310=CARTESIAN_POINT('',(-3.15,0.00260009897032229,1.43499574046935));
#17311=CARTESIAN_POINT('',(6.258,1.43653846153819,1.37397708674306));
#17312=CARTESIAN_POINT('',(-3.35,1.43653846153822,1.37397708674306));
#17313=CARTESIAN_POINT('',(-3.35,2.,1.35));
#17314=CARTESIAN_POINT('',(-3.35,0.00260009897032229,1.43499574046935));
#17315=CARTESIAN_POINT('',(-3.15,0.00260009897032229,1.43499574046935));
#17316=CARTESIAN_POINT('',(-3.65,2.,1.35));
#17317=CARTESIAN_POINT('',(-3.65,1.43653846153822,1.37397708674306));
#17318=CARTESIAN_POINT('',(-3.65,0.00260009897032229,1.43499574046935));
#17319=CARTESIAN_POINT('',(6.258,1.43653846153819,1.37397708674306));
#17320=CARTESIAN_POINT('',(-3.85,1.43653846153822,1.37397708674306));
#17321=CARTESIAN_POINT('',(-3.85,2.,1.35));
#17322=CARTESIAN_POINT('',(-3.85,0.00260009897032229,1.43499574046935));
#17323=CARTESIAN_POINT('',(-3.65,0.00260009897032229,1.43499574046935));
#17324=CARTESIAN_POINT('',(-4.15,2.,1.35));
#17325=CARTESIAN_POINT('',(-4.15,1.43653846153822,1.37397708674306));
#17326=CARTESIAN_POINT('',(-4.15,0.00260009897032229,1.43499574046935));
#17327=CARTESIAN_POINT('',(6.258,1.43653846153819,1.37397708674306));
#17328=CARTESIAN_POINT('',(-4.35,1.43653846153822,1.37397708674306));
#17329=CARTESIAN_POINT('',(-4.35,2.,1.35));
#17330=CARTESIAN_POINT('',(-4.35,0.00260009897032229,1.43499574046935));
#17331=CARTESIAN_POINT('',(-4.15,0.00260009897032229,1.43499574046935));
#17332=CARTESIAN_POINT('',(-4.65,2.,1.35));
#17333=CARTESIAN_POINT('',(-4.65,1.43653846153822,1.37397708674306));
#17334=CARTESIAN_POINT('',(-4.65,0.00260009897032229,1.43499574046935));
#17335=CARTESIAN_POINT('',(6.258,1.43653846153819,1.37397708674306));
#17336=CARTESIAN_POINT('',(-4.85,1.43653846153822,1.37397708674306));
#17337=CARTESIAN_POINT('',(-4.85,2.,1.35));
#17338=CARTESIAN_POINT('',(-4.85,0.00260009897032229,1.43499574046935));
#17339=CARTESIAN_POINT('',(-4.65,0.00260009897032229,1.43499574046935));
#17340=CARTESIAN_POINT('',(-5.15,2.,1.35));
#17341=CARTESIAN_POINT('',(-5.15,1.43653846153822,1.37397708674306));
#17342=CARTESIAN_POINT('',(-5.15,0.00260009897032229,1.43499574046935));
#17343=CARTESIAN_POINT('',(6.258,1.43653846153819,1.37397708674306));
#17344=CARTESIAN_POINT('',(-5.35,1.43653846153822,1.37397708674306));
#17345=CARTESIAN_POINT('',(-5.35,2.,1.35));
#17346=CARTESIAN_POINT('',(-5.35,0.00260009897032229,1.43499574046935));
#17347=CARTESIAN_POINT('',(-5.15,0.00260009897032229,1.43499574046935));
#17348=CARTESIAN_POINT('',(-5.65,2.,1.35));
#17349=CARTESIAN_POINT('',(-5.65,1.43653846153822,1.37397708674306));
#17350=CARTESIAN_POINT('',(-5.65,0.00260009897032229,1.43499574046935));
#17351=CARTESIAN_POINT('',(6.258,1.43653846153819,1.37397708674306));
#17352=CARTESIAN_POINT('',(-5.85,1.43653846153822,1.37397708674306));
#17353=CARTESIAN_POINT('',(-5.85,2.,1.35));
#17354=CARTESIAN_POINT('',(-5.85,0.00260009897032229,1.43499574046935));
#17355=CARTESIAN_POINT('',(-5.65,0.00260009897032229,1.43499574046935));
#17356=CARTESIAN_POINT('',(5.85,2.,1.35));
#17357=CARTESIAN_POINT('',(5.85,1.43653846153822,1.37397708674306));
#17358=CARTESIAN_POINT('',(5.85,0.00260009897032229,1.43499574046935));
#17359=CARTESIAN_POINT('',(6.258,1.43653846153819,1.37397708674306));
#17360=CARTESIAN_POINT('',(5.65,1.43653846153822,1.37397708674306));
#17361=CARTESIAN_POINT('',(5.65,2.,1.35));
#17362=CARTESIAN_POINT('',(5.65,0.00260009897032229,1.43499574046935));
#17363=CARTESIAN_POINT('',(5.85,0.00260009897032229,1.43499574046935));
#17364=CARTESIAN_POINT('',(-6.258,2.,1.35));
#17365=CARTESIAN_POINT('',(6.258,2.,1.35));
#17366=CARTESIAN_POINT('',(6.258,2.,1.35));
#17367=CARTESIAN_POINT('',(6.258,0.8,0.979999999999997));
#17368=CARTESIAN_POINT('',(6.258,0.8,0.979999999999997));
#17369=CARTESIAN_POINT('',(6.258,0.8,0.979999999999997));
#17370=CARTESIAN_POINT('',(6.258,0.,0.979999999999997));
#17371=CARTESIAN_POINT('',(6.258,0.,0.));
#17372=CARTESIAN_POINT('',(6.258,0.,0.));
#17373=CARTESIAN_POINT('',(-6.258,0.8,0.499999999999995));
#17374=CARTESIAN_POINT('',(-6.258,0.8,0.979999999999997));
#17375=CARTESIAN_POINT('',(-6.258,0.,0.));
#17376=CARTESIAN_POINT('',(-6.258,5.42101086242752E-16,0.979999999999997));
#17377=CARTESIAN_POINT('',(-6.258,0.8,0.979999999999997));
#17378=CARTESIAN_POINT('',(-6.258,0.,0.));
#17379=CARTESIAN_POINT('',(-7.7,2.75,1.6));
#17380=CARTESIAN_POINT('',(-7.7,2.75,1.6));
#17381=CARTESIAN_POINT('',(-7.7,0.,1.6));
#17382=CARTESIAN_POINT('',(-7.7,2.75,20.988));
#17383=CARTESIAN_POINT('',(-7.7,0.,20.988));
#17384=CARTESIAN_POINT('',(-7.7,2.75,20.988));
#17385=CARTESIAN_POINT('',(-7.4,0.,1.6));
#17386=CARTESIAN_POINT('',(-7.4,0.,1.6));
#17387=CARTESIAN_POINT('',(-7.4,2.75,1.6));
#17388=CARTESIAN_POINT('',(-7.4,-2.40741243048404E-32,20.988));
#17389=CARTESIAN_POINT('',(-7.4,2.75,20.988));
#17390=CARTESIAN_POINT('',(-7.4,0.,20.988));
#17391=CARTESIAN_POINT('',(-7.55,2.75,1.6));
#17392=CARTESIAN_POINT('',(-7.55,2.75,20.988));
#17393=CARTESIAN_POINT('',(7.4,2.75,1.6));
#17394=CARTESIAN_POINT('',(7.4,2.75,1.6));
#17395=CARTESIAN_POINT('',(7.4,0.,1.6));
#17396=CARTESIAN_POINT('',(7.4,2.75,20.988));
#17397=CARTESIAN_POINT('',(7.4,0.,20.988));
#17398=CARTESIAN_POINT('',(7.4,2.75,20.988));
#17399=CARTESIAN_POINT('',(7.7,0.,1.6));
#17400=CARTESIAN_POINT('',(7.7,0.,1.6));
#17401=CARTESIAN_POINT('',(7.7,2.75,1.6));
#17402=CARTESIAN_POINT('',(7.7,1.65327317884893E-16,20.988));
#17403=CARTESIAN_POINT('',(7.7,2.75,20.988));
#17404=CARTESIAN_POINT('',(7.7,0.,20.988));
#17405=CARTESIAN_POINT('',(7.55,2.75,1.6));
#17406=CARTESIAN_POINT('',(7.55,2.75,20.988));
#17407=CARTESIAN_POINT('',(7.023,34.65,1.6));
#17408=CARTESIAN_POINT('',(7.023,-7.56491245515395E-30,1.6));
#17409=CARTESIAN_POINT('',(7.023,0.,1.6));
#17410=CARTESIAN_POINT('',(7.023,5.42101086242752E-16,0.979999999999996));
#17411=CARTESIAN_POINT('',(7.023,34.65,0.979999999999997));
#17412=CARTESIAN_POINT('',(7.023,0.8,0.979999999999996));
#17413=CARTESIAN_POINT('',(7.023,0.800000000000002,1.6));
#17414=CARTESIAN_POINT('',(7.023,34.65,1.6));
#17415=CARTESIAN_POINT('',(7.823,34.65,1.6));
#17416=CARTESIAN_POINT('',(7.823,0.,1.6));
#17417=CARTESIAN_POINT('',(7.823,0.55,1.6));
#17418=CARTESIAN_POINT('',(7.823,0.550000000000002,0.69999999999999));
#17419=CARTESIAN_POINT('',(7.823,0.,0.699999999999999));
#17420=CARTESIAN_POINT('',(7.823,34.65,0.699999999999999));
#17421=CARTESIAN_POINT('',(7.823,0.,1.6));
#17422=CARTESIAN_POINT('',(-4.3423,0.55,1.6));
#17423=CARTESIAN_POINT('',(7.823,0.,1.6));
#17424=CARTESIAN_POINT('',(7.823,34.65,1.6));
#17425=CARTESIAN_POINT('',(-7.023,34.65,1.6));
#17426=CARTESIAN_POINT('',(-7.023,-4.20716093542173E-16,1.6));
#17427=CARTESIAN_POINT('',(-7.023,0.800000000000002,0.699999999999999));
#17428=CARTESIAN_POINT('',(-7.023,0.800000000000002,0.979999999999997));
#17429=CARTESIAN_POINT('',(-7.023,34.65,0.979999999999996));
#17430=CARTESIAN_POINT('',(-7.023,0.,0.979999999999996));
#17431=CARTESIAN_POINT('',(-7.023,0.,0.699999999999999));
#17432=CARTESIAN_POINT('',(-7.023,34.65,0.699999999999999));
#17433=CARTESIAN_POINT('',(-7.023,0.,1.6));
#17434=CARTESIAN_POINT('',(-7.023,0.,1.6));
#17435=CARTESIAN_POINT('',(4.3423,0.55,1.6));
#17436=CARTESIAN_POINT('',(-7.023,34.65,1.6));
#17437=CARTESIAN_POINT('',(-6.258,0.8,0.979999999999997));
#17438=CARTESIAN_POINT('',(-6.258,0.,0.979999999999997));
#17439=CARTESIAN_POINT('',(-6.258,0.8,0.979999999999997));
#17440=CARTESIAN_POINT('',(0.,0.8,0.));
#17441=CARTESIAN_POINT('',(7.4,0.,0.979999999999996));
#17442=CARTESIAN_POINT('',(7.4,0.8,0.979999999999996));
#17443=CARTESIAN_POINT('',(7.4,0.8,0.979999999999996));
#17444=CARTESIAN_POINT('',(0.,0.8,0.));
#17445=CARTESIAN_POINT('',(-4.3423,0.55,1.6));
#17446=CARTESIAN_POINT('',(4.3423,0.55,1.6));
#17447=CARTESIAN_POINT('',(5.65,0.0460189615218541,1.37347230271364));
#17448=CARTESIAN_POINT('',(5.65,0.0460189615218541,1.37347230271364));
#17449=CARTESIAN_POINT('',(5.65,0.273009480760927,1.2279106679644));
#17450=CARTESIAN_POINT('',(5.85,0.273009480760927,1.2279106679644));
#17451=CARTESIAN_POINT('',(5.85,0.273009480760927,1.2279106679644));
#17452=CARTESIAN_POINT('',(5.85,0.0460189615218541,1.37347230271364));
#17453=CARTESIAN_POINT('',(5.85,0.0460189615218541,1.37347230271364));
#17454=CARTESIAN_POINT('',(5.85,0.0460189615218541,1.37347230271364));
#17455=CARTESIAN_POINT('',(5.85,0.0460189615218541,1.37347230271364));
#17456=CARTESIAN_POINT('',(5.65,0.3,1.27000000000003));
#17457=CARTESIAN_POINT('',(5.65,0.35,1.27000000000003));
#17458=CARTESIAN_POINT('',(5.85,0.35,1.27000000000003));
#17459=CARTESIAN_POINT('',(5.85,0.35,1.27000000000003));
#17460=CARTESIAN_POINT('',(5.85,0.3,1.27000000000003));
#17461=CARTESIAN_POINT('',(5.85,0.3,1.27000000000003));
#17462=CARTESIAN_POINT('',(5.65,0.35,1.27000000000003));
#17463=CARTESIAN_POINT('',(5.65,0.35,1.30000000000003));
#17464=CARTESIAN_POINT('',(5.85,0.35,1.30000000000003));
#17465=CARTESIAN_POINT('',(5.85,0.35,1.30000000000003));
#17466=CARTESIAN_POINT('',(5.85,0.35,1.27000000000003));
#17467=CARTESIAN_POINT('',(5.85,0.35,1.27000000000003));
#17468=CARTESIAN_POINT('',(5.85,0.350000000000001,1.30000000000003));
#17469=CARTESIAN_POINT('',(5.85,0.1,1.4576509667849));
#17470=CARTESIAN_POINT('',(5.85,0.3,1.27000000000003));
#17471=CARTESIAN_POINT('',(5.65,0.350000000000001,1.30000000000003));
#17472=CARTESIAN_POINT('',(5.65,0.1,1.4576509667849));
#17473=CARTESIAN_POINT('',(5.65,0.3,1.27000000000003));
#17474=CARTESIAN_POINT('',(5.85,0.1,1.4576509667849));
#17475=CARTESIAN_POINT('',(5.85,0.350000000000001,1.30000000000003));
#17476=CARTESIAN_POINT('',(5.85,0.324999999999999,0.425000000000029));
#17477=CARTESIAN_POINT('',(5.85,0.324999999999999,0.550000000000029));
#17478=CARTESIAN_POINT('',(5.85,2.7,0.550000000000029));
#17479=CARTESIAN_POINT('',(5.85,0.3,1.27000000000003));
#17480=CARTESIAN_POINT('',(5.65,0.324999999999999,0.425000000000029));
#17481=CARTESIAN_POINT('',(5.65,0.324999999999999,0.550000000000029));
#17482=CARTESIAN_POINT('',(5.65,2.7,0.550000000000029));
#17483=CARTESIAN_POINT('',(5.65,0.3,1.27000000000003));
#17484=CARTESIAN_POINT('',(5.85,0.324999999999999,0.550000000000029));
#17485=CARTESIAN_POINT('',(5.85,2.7,0.550000000000029));
#17486=CARTESIAN_POINT('',(5.85,0.324999999999999,0.425000000000029));
#17487=CARTESIAN_POINT('',(5.65,3.7,0.78000000000003));
#17488=CARTESIAN_POINT('',(5.65,3.7,0.78000000000003));
#17489=CARTESIAN_POINT('',(5.85,3.7,0.78000000000003));
#17490=CARTESIAN_POINT('',(5.85,3.7,0.78000000000003));
#17491=CARTESIAN_POINT('',(5.85,3.7,0.78000000000003));
#17492=CARTESIAN_POINT('',(5.85,3.7,0.78000000000003));
#17493=CARTESIAN_POINT('',(5.85,3.35,0.300000000000029));
#17494=CARTESIAN_POINT('',(5.85,3.35,-0.0399999999999705));
#17495=CARTESIAN_POINT('',(5.85,3.35,-0.0399999999999705));
#17496=CARTESIAN_POINT('',(5.85,4.2,-0.0399999999999705));
#17497=CARTESIAN_POINT('',(5.85,4.2,-0.0399999999999705));
#17498=CARTESIAN_POINT('',(5.85,4.2,0.14000000000003));
#17499=CARTESIAN_POINT('',(5.85,4.2,0.14000000000003));
#17500=CARTESIAN_POINT('',(5.85,3.7,0.140000000000029));
#17501=CARTESIAN_POINT('',(5.85,3.7,0.140000000000029));
#17502=CARTESIAN_POINT('',(5.85,0.3,1.27000000000003));
#17503=CARTESIAN_POINT('',(5.65,3.7,0.140000000000029));
#17504=CARTESIAN_POINT('',(5.65,3.7,0.140000000000029));
#17505=CARTESIAN_POINT('',(5.65,4.2,0.14000000000003));
#17506=CARTESIAN_POINT('',(5.65,4.2,0.14000000000003));
#17507=CARTESIAN_POINT('',(5.65,4.2,-0.0399999999999705));
#17508=CARTESIAN_POINT('',(5.65,4.2,-0.0399999999999705));
#17509=CARTESIAN_POINT('',(5.65,3.35,-0.0399999999999705));
#17510=CARTESIAN_POINT('',(5.65,3.35,-0.0399999999999705));
#17511=CARTESIAN_POINT('',(5.65,3.35,0.300000000000029));
#17512=CARTESIAN_POINT('',(5.65,0.3,1.27000000000003));
#17513=CARTESIAN_POINT('',(5.85,3.35,-0.0399999999999705));
#17514=CARTESIAN_POINT('',(5.85,3.35,0.300000000000029));
#17515=CARTESIAN_POINT('',(5.85,4.2,-0.0399999999999705));
#17516=CARTESIAN_POINT('',(5.85,3.35,-0.0399999999999705));
#17517=CARTESIAN_POINT('',(5.85,4.2,0.14000000000003));
#17518=CARTESIAN_POINT('',(5.85,4.2,-0.0399999999999705));
#17519=CARTESIAN_POINT('',(5.85,3.7,0.140000000000029));
#17520=CARTESIAN_POINT('',(5.85,4.2,0.14000000000003));
#17521=CARTESIAN_POINT('',(5.85,3.7,0.140000000000029));
#17522=CARTESIAN_POINT('',(-5.85,0.0460189615218541,1.37347230271364));
#17523=CARTESIAN_POINT('',(-5.85,0.0460189615218541,1.37347230271364));
#17524=CARTESIAN_POINT('',(-5.85,0.273009480760927,1.2279106679644));
#17525=CARTESIAN_POINT('',(-5.65,0.273009480760927,1.2279106679644));
#17526=CARTESIAN_POINT('',(-5.65,0.273009480760927,1.2279106679644));
#17527=CARTESIAN_POINT('',(-5.65,0.0460189615218541,1.37347230271364));
#17528=CARTESIAN_POINT('',(-5.65,0.0460189615218541,1.37347230271364));
#17529=CARTESIAN_POINT('',(-5.65,0.0460189615218541,1.37347230271364));
#17530=CARTESIAN_POINT('',(-5.65,0.0460189615218541,1.37347230271364));
#17531=CARTESIAN_POINT('',(-5.85,0.3,1.27000000000003));
#17532=CARTESIAN_POINT('',(-5.85,0.35,1.27000000000003));
#17533=CARTESIAN_POINT('',(-5.65,0.35,1.27000000000003));
#17534=CARTESIAN_POINT('',(-5.65,0.35,1.27000000000003));
#17535=CARTESIAN_POINT('',(-5.65,0.3,1.27000000000003));
#17536=CARTESIAN_POINT('',(-5.65,0.3,1.27000000000003));
#17537=CARTESIAN_POINT('',(-5.85,0.35,1.27000000000003));
#17538=CARTESIAN_POINT('',(-5.85,0.35,1.30000000000003));
#17539=CARTESIAN_POINT('',(-5.65,0.35,1.30000000000003));
#17540=CARTESIAN_POINT('',(-5.65,0.35,1.30000000000003));
#17541=CARTESIAN_POINT('',(-5.65,0.35,1.27000000000003));
#17542=CARTESIAN_POINT('',(-5.65,0.35,1.27000000000003));
#17543=CARTESIAN_POINT('',(-5.65,0.350000000000001,1.30000000000003));
#17544=CARTESIAN_POINT('',(-5.65,0.1,1.4576509667849));
#17545=CARTESIAN_POINT('',(-5.65,0.3,1.27000000000003));
#17546=CARTESIAN_POINT('',(-5.85,0.350000000000001,1.30000000000003));
#17547=CARTESIAN_POINT('',(-5.85,0.1,1.4576509667849));
#17548=CARTESIAN_POINT('',(-5.85,0.3,1.27000000000003));
#17549=CARTESIAN_POINT('',(-5.65,0.1,1.4576509667849));
#17550=CARTESIAN_POINT('',(-5.65,0.350000000000001,1.30000000000003));
#17551=CARTESIAN_POINT('',(-5.35,0.0460189615218541,1.37347230271364));
#17552=CARTESIAN_POINT('',(-5.35,0.0460189615218541,1.37347230271364));
#17553=CARTESIAN_POINT('',(-5.35,0.273009480760927,1.2279106679644));
#17554=CARTESIAN_POINT('',(-5.15,0.273009480760927,1.2279106679644));
#17555=CARTESIAN_POINT('',(-5.15,0.273009480760927,1.2279106679644));
#17556=CARTESIAN_POINT('',(-5.15,0.0460189615218541,1.37347230271364));
#17557=CARTESIAN_POINT('',(-5.15,0.0460189615218541,1.37347230271364));
#17558=CARTESIAN_POINT('',(-5.15,0.0460189615218541,1.37347230271364));
#17559=CARTESIAN_POINT('',(-5.15,0.0460189615218541,1.37347230271364));
#17560=CARTESIAN_POINT('',(-5.35,0.3,1.27000000000003));
#17561=CARTESIAN_POINT('',(-5.35,0.35,1.27000000000003));
#17562=CARTESIAN_POINT('',(-5.15,0.35,1.27000000000003));
#17563=CARTESIAN_POINT('',(-5.15,0.35,1.27000000000003));
#17564=CARTESIAN_POINT('',(-5.15,0.3,1.27000000000003));
#17565=CARTESIAN_POINT('',(-5.15,0.3,1.27000000000003));
#17566=CARTESIAN_POINT('',(-5.35,0.35,1.27000000000003));
#17567=CARTESIAN_POINT('',(-5.35,0.35,1.30000000000003));
#17568=CARTESIAN_POINT('',(-5.15,0.35,1.30000000000003));
#17569=CARTESIAN_POINT('',(-5.15,0.35,1.30000000000003));
#17570=CARTESIAN_POINT('',(-5.15,0.35,1.27000000000003));
#17571=CARTESIAN_POINT('',(-5.15,0.35,1.27000000000003));
#17572=CARTESIAN_POINT('',(-5.15,0.350000000000001,1.30000000000003));
#17573=CARTESIAN_POINT('',(-5.15,0.1,1.4576509667849));
#17574=CARTESIAN_POINT('',(-5.15,0.3,1.27000000000003));
#17575=CARTESIAN_POINT('',(-5.35,0.350000000000001,1.30000000000003));
#17576=CARTESIAN_POINT('',(-5.35,0.1,1.4576509667849));
#17577=CARTESIAN_POINT('',(-5.35,0.3,1.27000000000003));
#17578=CARTESIAN_POINT('',(-5.15,0.1,1.4576509667849));
#17579=CARTESIAN_POINT('',(-5.15,0.350000000000001,1.30000000000003));
#17580=CARTESIAN_POINT('',(-4.85,0.0460189615218541,1.37347230271364));
#17581=CARTESIAN_POINT('',(-4.85,0.0460189615218541,1.37347230271364));
#17582=CARTESIAN_POINT('',(-4.85,0.273009480760927,1.2279106679644));
#17583=CARTESIAN_POINT('',(-4.65,0.273009480760927,1.2279106679644));
#17584=CARTESIAN_POINT('',(-4.65,0.273009480760927,1.2279106679644));
#17585=CARTESIAN_POINT('',(-4.65,0.0460189615218541,1.37347230271364));
#17586=CARTESIAN_POINT('',(-4.65,0.0460189615218541,1.37347230271364));
#17587=CARTESIAN_POINT('',(-4.65,0.0460189615218541,1.37347230271364));
#17588=CARTESIAN_POINT('',(-4.65,0.0460189615218541,1.37347230271364));
#17589=CARTESIAN_POINT('',(-4.85,0.3,1.27000000000003));
#17590=CARTESIAN_POINT('',(-4.85,0.35,1.27000000000003));
#17591=CARTESIAN_POINT('',(-4.65,0.35,1.27000000000003));
#17592=CARTESIAN_POINT('',(-4.65,0.35,1.27000000000003));
#17593=CARTESIAN_POINT('',(-4.65,0.3,1.27000000000003));
#17594=CARTESIAN_POINT('',(-4.65,0.3,1.27000000000003));
#17595=CARTESIAN_POINT('',(-4.85,0.35,1.27000000000003));
#17596=CARTESIAN_POINT('',(-4.85,0.35,1.30000000000003));
#17597=CARTESIAN_POINT('',(-4.65,0.35,1.30000000000003));
#17598=CARTESIAN_POINT('',(-4.65,0.35,1.30000000000003));
#17599=CARTESIAN_POINT('',(-4.65,0.35,1.27000000000003));
#17600=CARTESIAN_POINT('',(-4.65,0.35,1.27000000000003));
#17601=CARTESIAN_POINT('',(-4.65,0.350000000000001,1.30000000000003));
#17602=CARTESIAN_POINT('',(-4.65,0.1,1.4576509667849));
#17603=CARTESIAN_POINT('',(-4.65,0.3,1.27000000000003));
#17604=CARTESIAN_POINT('',(-4.85,0.350000000000001,1.30000000000003));
#17605=CARTESIAN_POINT('',(-4.85,0.1,1.4576509667849));
#17606=CARTESIAN_POINT('',(-4.85,0.3,1.27000000000003));
#17607=CARTESIAN_POINT('',(-4.65,0.1,1.4576509667849));
#17608=CARTESIAN_POINT('',(-4.65,0.350000000000001,1.30000000000003));
#17609=CARTESIAN_POINT('',(-4.35,0.0460189615218541,1.37347230271364));
#17610=CARTESIAN_POINT('',(-4.35,0.0460189615218541,1.37347230271364));
#17611=CARTESIAN_POINT('',(-4.35,0.273009480760927,1.2279106679644));
#17612=CARTESIAN_POINT('',(-4.15,0.273009480760927,1.2279106679644));
#17613=CARTESIAN_POINT('',(-4.15,0.273009480760927,1.2279106679644));
#17614=CARTESIAN_POINT('',(-4.15,0.0460189615218541,1.37347230271364));
#17615=CARTESIAN_POINT('',(-4.15,0.0460189615218541,1.37347230271364));
#17616=CARTESIAN_POINT('',(-4.15,0.0460189615218541,1.37347230271364));
#17617=CARTESIAN_POINT('',(-4.15,0.0460189615218541,1.37347230271364));
#17618=CARTESIAN_POINT('',(-4.35,0.3,1.27000000000003));
#17619=CARTESIAN_POINT('',(-4.35,0.35,1.27000000000003));
#17620=CARTESIAN_POINT('',(-4.15,0.35,1.27000000000003));
#17621=CARTESIAN_POINT('',(-4.15,0.35,1.27000000000003));
#17622=CARTESIAN_POINT('',(-4.15,0.3,1.27000000000003));
#17623=CARTESIAN_POINT('',(-4.15,0.3,1.27000000000003));
#17624=CARTESIAN_POINT('',(-4.35,0.35,1.27000000000003));
#17625=CARTESIAN_POINT('',(-4.35,0.35,1.30000000000003));
#17626=CARTESIAN_POINT('',(-4.15,0.35,1.30000000000003));
#17627=CARTESIAN_POINT('',(-4.15,0.35,1.30000000000003));
#17628=CARTESIAN_POINT('',(-4.15,0.35,1.27000000000003));
#17629=CARTESIAN_POINT('',(-4.15,0.35,1.27000000000003));
#17630=CARTESIAN_POINT('',(-4.15,0.350000000000001,1.30000000000003));
#17631=CARTESIAN_POINT('',(-4.15,0.1,1.4576509667849));
#17632=CARTESIAN_POINT('',(-4.15,0.3,1.27000000000003));
#17633=CARTESIAN_POINT('',(-4.35,0.350000000000001,1.30000000000003));
#17634=CARTESIAN_POINT('',(-4.35,0.1,1.4576509667849));
#17635=CARTESIAN_POINT('',(-4.35,0.3,1.27000000000003));
#17636=CARTESIAN_POINT('',(-4.15,0.1,1.4576509667849));
#17637=CARTESIAN_POINT('',(-4.15,0.350000000000001,1.30000000000003));
#17638=CARTESIAN_POINT('',(-3.85,0.0460189615218541,1.37347230271364));
#17639=CARTESIAN_POINT('',(-3.85,0.0460189615218541,1.37347230271364));
#17640=CARTESIAN_POINT('',(-3.85,0.273009480760927,1.2279106679644));
#17641=CARTESIAN_POINT('',(-3.65,0.273009480760927,1.2279106679644));
#17642=CARTESIAN_POINT('',(-3.65,0.273009480760927,1.2279106679644));
#17643=CARTESIAN_POINT('',(-3.65,0.0460189615218541,1.37347230271364));
#17644=CARTESIAN_POINT('',(-3.65,0.0460189615218541,1.37347230271364));
#17645=CARTESIAN_POINT('',(-3.65,0.0460189615218541,1.37347230271364));
#17646=CARTESIAN_POINT('',(-3.65,0.0460189615218541,1.37347230271364));
#17647=CARTESIAN_POINT('',(-3.85,0.3,1.27000000000003));
#17648=CARTESIAN_POINT('',(-3.85,0.35,1.27000000000003));
#17649=CARTESIAN_POINT('',(-3.65,0.35,1.27000000000003));
#17650=CARTESIAN_POINT('',(-3.65,0.35,1.27000000000003));
#17651=CARTESIAN_POINT('',(-3.65,0.3,1.27000000000003));
#17652=CARTESIAN_POINT('',(-3.65,0.3,1.27000000000003));
#17653=CARTESIAN_POINT('',(-3.85,0.35,1.27000000000003));
#17654=CARTESIAN_POINT('',(-3.85,0.35,1.30000000000003));
#17655=CARTESIAN_POINT('',(-3.65,0.35,1.30000000000003));
#17656=CARTESIAN_POINT('',(-3.65,0.35,1.30000000000003));
#17657=CARTESIAN_POINT('',(-3.65,0.35,1.27000000000003));
#17658=CARTESIAN_POINT('',(-3.65,0.35,1.27000000000003));
#17659=CARTESIAN_POINT('',(-3.65,0.350000000000001,1.30000000000003));
#17660=CARTESIAN_POINT('',(-3.65,0.1,1.4576509667849));
#17661=CARTESIAN_POINT('',(-3.65,0.3,1.27000000000003));
#17662=CARTESIAN_POINT('',(-3.85,0.350000000000001,1.30000000000003));
#17663=CARTESIAN_POINT('',(-3.85,0.1,1.4576509667849));
#17664=CARTESIAN_POINT('',(-3.85,0.3,1.27000000000003));
#17665=CARTESIAN_POINT('',(-3.65,0.1,1.4576509667849));
#17666=CARTESIAN_POINT('',(-3.65,0.350000000000001,1.30000000000003));
#17667=CARTESIAN_POINT('',(-3.35,0.0460189615218541,1.37347230271364));
#17668=CARTESIAN_POINT('',(-3.35,0.0460189615218541,1.37347230271364));
#17669=CARTESIAN_POINT('',(-3.35,0.273009480760927,1.2279106679644));
#17670=CARTESIAN_POINT('',(-3.15,0.273009480760927,1.2279106679644));
#17671=CARTESIAN_POINT('',(-3.15,0.273009480760927,1.2279106679644));
#17672=CARTESIAN_POINT('',(-3.15,0.0460189615218541,1.37347230271364));
#17673=CARTESIAN_POINT('',(-3.15,0.0460189615218541,1.37347230271364));
#17674=CARTESIAN_POINT('',(-3.15,0.0460189615218541,1.37347230271364));
#17675=CARTESIAN_POINT('',(-3.15,0.0460189615218541,1.37347230271364));
#17676=CARTESIAN_POINT('',(-3.35,0.3,1.27000000000003));
#17677=CARTESIAN_POINT('',(-3.35,0.35,1.27000000000003));
#17678=CARTESIAN_POINT('',(-3.15,0.35,1.27000000000003));
#17679=CARTESIAN_POINT('',(-3.15,0.35,1.27000000000003));
#17680=CARTESIAN_POINT('',(-3.15,0.3,1.27000000000003));
#17681=CARTESIAN_POINT('',(-3.15,0.3,1.27000000000003));
#17682=CARTESIAN_POINT('',(-3.35,0.35,1.27000000000003));
#17683=CARTESIAN_POINT('',(-3.35,0.35,1.30000000000003));
#17684=CARTESIAN_POINT('',(-3.15,0.35,1.30000000000003));
#17685=CARTESIAN_POINT('',(-3.15,0.35,1.30000000000003));
#17686=CARTESIAN_POINT('',(-3.15,0.35,1.27000000000003));
#17687=CARTESIAN_POINT('',(-3.15,0.35,1.27000000000003));
#17688=CARTESIAN_POINT('',(-3.15,0.350000000000001,1.30000000000003));
#17689=CARTESIAN_POINT('',(-3.15,0.1,1.4576509667849));
#17690=CARTESIAN_POINT('',(-3.15,0.3,1.27000000000003));
#17691=CARTESIAN_POINT('',(-3.35,0.350000000000001,1.30000000000003));
#17692=CARTESIAN_POINT('',(-3.35,0.1,1.4576509667849));
#17693=CARTESIAN_POINT('',(-3.35,0.3,1.27000000000003));
#17694=CARTESIAN_POINT('',(-3.15,0.1,1.4576509667849));
#17695=CARTESIAN_POINT('',(-3.15,0.350000000000001,1.30000000000003));
#17696=CARTESIAN_POINT('',(-2.85,0.0460189615218541,1.37347230271364));
#17697=CARTESIAN_POINT('',(-2.85,0.0460189615218541,1.37347230271364));
#17698=CARTESIAN_POINT('',(-2.85,0.273009480760927,1.2279106679644));
#17699=CARTESIAN_POINT('',(-2.65,0.273009480760927,1.2279106679644));
#17700=CARTESIAN_POINT('',(-2.65,0.273009480760927,1.2279106679644));
#17701=CARTESIAN_POINT('',(-2.65,0.0460189615218541,1.37347230271364));
#17702=CARTESIAN_POINT('',(-2.65,0.0460189615218541,1.37347230271364));
#17703=CARTESIAN_POINT('',(-2.65,0.0460189615218541,1.37347230271364));
#17704=CARTESIAN_POINT('',(-2.65,0.0460189615218541,1.37347230271364));
#17705=CARTESIAN_POINT('',(-2.85,0.3,1.27000000000003));
#17706=CARTESIAN_POINT('',(-2.85,0.35,1.27000000000003));
#17707=CARTESIAN_POINT('',(-2.65,0.35,1.27000000000003));
#17708=CARTESIAN_POINT('',(-2.65,0.35,1.27000000000003));
#17709=CARTESIAN_POINT('',(-2.65,0.3,1.27000000000003));
#17710=CARTESIAN_POINT('',(-2.65,0.3,1.27000000000003));
#17711=CARTESIAN_POINT('',(-2.85,0.35,1.27000000000003));
#17712=CARTESIAN_POINT('',(-2.85,0.35,1.30000000000003));
#17713=CARTESIAN_POINT('',(-2.65,0.35,1.30000000000003));
#17714=CARTESIAN_POINT('',(-2.65,0.35,1.30000000000003));
#17715=CARTESIAN_POINT('',(-2.65,0.35,1.27000000000003));
#17716=CARTESIAN_POINT('',(-2.65,0.35,1.27000000000003));
#17717=CARTESIAN_POINT('',(-2.65,0.350000000000001,1.30000000000003));
#17718=CARTESIAN_POINT('',(-2.65,0.1,1.4576509667849));
#17719=CARTESIAN_POINT('',(-2.65,0.3,1.27000000000003));
#17720=CARTESIAN_POINT('',(-2.85,0.350000000000001,1.30000000000003));
#17721=CARTESIAN_POINT('',(-2.85,0.1,1.4576509667849));
#17722=CARTESIAN_POINT('',(-2.85,0.3,1.27000000000003));
#17723=CARTESIAN_POINT('',(-2.65,0.1,1.4576509667849));
#17724=CARTESIAN_POINT('',(-2.65,0.350000000000001,1.30000000000003));
#17725=CARTESIAN_POINT('',(-2.35,0.0460189615218541,1.37347230271364));
#17726=CARTESIAN_POINT('',(-2.35,0.0460189615218541,1.37347230271364));
#17727=CARTESIAN_POINT('',(-2.35,0.273009480760927,1.2279106679644));
#17728=CARTESIAN_POINT('',(-2.15,0.273009480760927,1.2279106679644));
#17729=CARTESIAN_POINT('',(-2.15,0.273009480760927,1.2279106679644));
#17730=CARTESIAN_POINT('',(-2.15,0.0460189615218541,1.37347230271364));
#17731=CARTESIAN_POINT('',(-2.15,0.0460189615218541,1.37347230271364));
#17732=CARTESIAN_POINT('',(-2.15,0.0460189615218541,1.37347230271364));
#17733=CARTESIAN_POINT('',(-2.15,0.0460189615218541,1.37347230271364));
#17734=CARTESIAN_POINT('',(-2.35,0.3,1.27000000000003));
#17735=CARTESIAN_POINT('',(-2.35,0.35,1.27000000000003));
#17736=CARTESIAN_POINT('',(-2.15,0.35,1.27000000000003));
#17737=CARTESIAN_POINT('',(-2.15,0.35,1.27000000000003));
#17738=CARTESIAN_POINT('',(-2.15,0.3,1.27000000000003));
#17739=CARTESIAN_POINT('',(-2.15,0.3,1.27000000000003));
#17740=CARTESIAN_POINT('',(-2.35,0.35,1.27000000000003));
#17741=CARTESIAN_POINT('',(-2.35,0.35,1.30000000000003));
#17742=CARTESIAN_POINT('',(-2.15,0.35,1.30000000000003));
#17743=CARTESIAN_POINT('',(-2.15,0.35,1.30000000000003));
#17744=CARTESIAN_POINT('',(-2.15,0.35,1.27000000000003));
#17745=CARTESIAN_POINT('',(-2.15,0.35,1.27000000000003));
#17746=CARTESIAN_POINT('',(-2.15,0.350000000000001,1.30000000000003));
#17747=CARTESIAN_POINT('',(-2.15,0.1,1.4576509667849));
#17748=CARTESIAN_POINT('',(-2.15,0.3,1.27000000000003));
#17749=CARTESIAN_POINT('',(-2.35,0.350000000000001,1.30000000000003));
#17750=CARTESIAN_POINT('',(-2.35,0.1,1.4576509667849));
#17751=CARTESIAN_POINT('',(-2.35,0.3,1.27000000000003));
#17752=CARTESIAN_POINT('',(-2.15,0.1,1.4576509667849));
#17753=CARTESIAN_POINT('',(-2.15,0.350000000000001,1.30000000000003));
#17754=CARTESIAN_POINT('',(-1.85,0.0460189615218541,1.37347230271364));
#17755=CARTESIAN_POINT('',(-1.85,0.0460189615218541,1.37347230271364));
#17756=CARTESIAN_POINT('',(-1.85,0.273009480760927,1.2279106679644));
#17757=CARTESIAN_POINT('',(-1.65,0.273009480760927,1.2279106679644));
#17758=CARTESIAN_POINT('',(-1.65,0.273009480760927,1.2279106679644));
#17759=CARTESIAN_POINT('',(-1.65,0.0460189615218541,1.37347230271364));
#17760=CARTESIAN_POINT('',(-1.65,0.0460189615218541,1.37347230271364));
#17761=CARTESIAN_POINT('',(-1.65,0.0460189615218541,1.37347230271364));
#17762=CARTESIAN_POINT('',(-1.65,0.0460189615218541,1.37347230271364));
#17763=CARTESIAN_POINT('',(-1.85,0.3,1.27000000000003));
#17764=CARTESIAN_POINT('',(-1.85,0.35,1.27000000000003));
#17765=CARTESIAN_POINT('',(-1.65,0.35,1.27000000000003));
#17766=CARTESIAN_POINT('',(-1.65,0.35,1.27000000000003));
#17767=CARTESIAN_POINT('',(-1.65,0.3,1.27000000000003));
#17768=CARTESIAN_POINT('',(-1.65,0.3,1.27000000000003));
#17769=CARTESIAN_POINT('',(-1.85,0.35,1.27000000000003));
#17770=CARTESIAN_POINT('',(-1.85,0.35,1.30000000000003));
#17771=CARTESIAN_POINT('',(-1.65,0.35,1.30000000000003));
#17772=CARTESIAN_POINT('',(-1.65,0.35,1.30000000000003));
#17773=CARTESIAN_POINT('',(-1.65,0.35,1.27000000000003));
#17774=CARTESIAN_POINT('',(-1.65,0.35,1.27000000000003));
#17775=CARTESIAN_POINT('',(-1.65,0.350000000000001,1.30000000000003));
#17776=CARTESIAN_POINT('',(-1.65,0.1,1.4576509667849));
#17777=CARTESIAN_POINT('',(-1.65,0.3,1.27000000000003));
#17778=CARTESIAN_POINT('',(-1.85,0.350000000000001,1.30000000000003));
#17779=CARTESIAN_POINT('',(-1.85,0.1,1.4576509667849));
#17780=CARTESIAN_POINT('',(-1.85,0.3,1.27000000000003));
#17781=CARTESIAN_POINT('',(-1.65,0.1,1.4576509667849));
#17782=CARTESIAN_POINT('',(-1.65,0.350000000000001,1.30000000000003));
#17783=CARTESIAN_POINT('',(-1.35,0.0460189615218541,1.37347230271364));
#17784=CARTESIAN_POINT('',(-1.35,0.0460189615218541,1.37347230271364));
#17785=CARTESIAN_POINT('',(-1.35,0.273009480760927,1.2279106679644));
#17786=CARTESIAN_POINT('',(-1.15,0.273009480760927,1.2279106679644));
#17787=CARTESIAN_POINT('',(-1.15,0.273009480760927,1.2279106679644));
#17788=CARTESIAN_POINT('',(-1.15,0.0460189615218541,1.37347230271364));
#17789=CARTESIAN_POINT('',(-1.15,0.0460189615218541,1.37347230271364));
#17790=CARTESIAN_POINT('',(-1.15,0.0460189615218541,1.37347230271364));
#17791=CARTESIAN_POINT('',(-1.15,0.0460189615218541,1.37347230271364));
#17792=CARTESIAN_POINT('',(-1.35,0.3,1.27000000000003));
#17793=CARTESIAN_POINT('',(-1.35,0.35,1.27000000000003));
#17794=CARTESIAN_POINT('',(-1.15,0.35,1.27000000000003));
#17795=CARTESIAN_POINT('',(-1.15,0.35,1.27000000000003));
#17796=CARTESIAN_POINT('',(-1.15,0.3,1.27000000000003));
#17797=CARTESIAN_POINT('',(-1.15,0.3,1.27000000000003));
#17798=CARTESIAN_POINT('',(-1.35,0.35,1.27000000000003));
#17799=CARTESIAN_POINT('',(-1.35,0.35,1.30000000000003));
#17800=CARTESIAN_POINT('',(-1.15,0.35,1.30000000000003));
#17801=CARTESIAN_POINT('',(-1.15,0.35,1.30000000000003));
#17802=CARTESIAN_POINT('',(-1.15,0.35,1.27000000000003));
#17803=CARTESIAN_POINT('',(-1.15,0.35,1.27000000000003));
#17804=CARTESIAN_POINT('',(-1.15,0.350000000000001,1.30000000000003));
#17805=CARTESIAN_POINT('',(-1.15,0.1,1.4576509667849));
#17806=CARTESIAN_POINT('',(-1.15,0.3,1.27000000000003));
#17807=CARTESIAN_POINT('',(-1.35,0.350000000000001,1.30000000000003));
#17808=CARTESIAN_POINT('',(-1.35,0.1,1.4576509667849));
#17809=CARTESIAN_POINT('',(-1.35,0.3,1.27000000000003));
#17810=CARTESIAN_POINT('',(-1.15,0.1,1.4576509667849));
#17811=CARTESIAN_POINT('',(-1.15,0.350000000000001,1.30000000000003));
#17812=CARTESIAN_POINT('',(-0.85,0.0460189615218541,1.37347230271364));
#17813=CARTESIAN_POINT('',(-0.85,0.0460189615218541,1.37347230271364));
#17814=CARTESIAN_POINT('',(-0.85,0.273009480760927,1.2279106679644));
#17815=CARTESIAN_POINT('',(-0.65,0.273009480760927,1.2279106679644));
#17816=CARTESIAN_POINT('',(-0.65,0.273009480760927,1.2279106679644));
#17817=CARTESIAN_POINT('',(-0.65,0.0460189615218541,1.37347230271364));
#17818=CARTESIAN_POINT('',(-0.65,0.0460189615218541,1.37347230271364));
#17819=CARTESIAN_POINT('',(-0.65,0.0460189615218541,1.37347230271364));
#17820=CARTESIAN_POINT('',(-0.65,0.0460189615218541,1.37347230271364));
#17821=CARTESIAN_POINT('',(-0.85,0.3,1.27000000000003));
#17822=CARTESIAN_POINT('',(-0.85,0.35,1.27000000000003));
#17823=CARTESIAN_POINT('',(-0.65,0.35,1.27000000000003));
#17824=CARTESIAN_POINT('',(-0.65,0.35,1.27000000000003));
#17825=CARTESIAN_POINT('',(-0.65,0.3,1.27000000000003));
#17826=CARTESIAN_POINT('',(-0.65,0.3,1.27000000000003));
#17827=CARTESIAN_POINT('',(-0.85,0.35,1.27000000000003));
#17828=CARTESIAN_POINT('',(-0.85,0.35,1.30000000000003));
#17829=CARTESIAN_POINT('',(-0.65,0.35,1.30000000000003));
#17830=CARTESIAN_POINT('',(-0.65,0.35,1.30000000000003));
#17831=CARTESIAN_POINT('',(-0.65,0.35,1.27000000000003));
#17832=CARTESIAN_POINT('',(-0.65,0.35,1.27000000000003));
#17833=CARTESIAN_POINT('',(-0.65,0.350000000000001,1.30000000000003));
#17834=CARTESIAN_POINT('',(-0.65,0.1,1.4576509667849));
#17835=CARTESIAN_POINT('',(-0.65,0.3,1.27000000000003));
#17836=CARTESIAN_POINT('',(-0.85,0.350000000000001,1.30000000000003));
#17837=CARTESIAN_POINT('',(-0.85,0.1,1.4576509667849));
#17838=CARTESIAN_POINT('',(-0.85,0.3,1.27000000000003));
#17839=CARTESIAN_POINT('',(-0.65,0.1,1.4576509667849));
#17840=CARTESIAN_POINT('',(-0.65,0.350000000000001,1.30000000000003));
#17841=CARTESIAN_POINT('',(-0.35,0.0460189615218541,1.37347230271364));
#17842=CARTESIAN_POINT('',(-0.35,0.0460189615218541,1.37347230271364));
#17843=CARTESIAN_POINT('',(-0.35,0.273009480760927,1.2279106679644));
#17844=CARTESIAN_POINT('',(-0.15,0.273009480760927,1.2279106679644));
#17845=CARTESIAN_POINT('',(-0.15,0.273009480760927,1.2279106679644));
#17846=CARTESIAN_POINT('',(-0.15,0.0460189615218541,1.37347230271364));
#17847=CARTESIAN_POINT('',(-0.15,0.0460189615218541,1.37347230271364));
#17848=CARTESIAN_POINT('',(-0.15,0.0460189615218541,1.37347230271364));
#17849=CARTESIAN_POINT('',(-0.15,0.0460189615218541,1.37347230271364));
#17850=CARTESIAN_POINT('',(-0.35,0.3,1.27000000000003));
#17851=CARTESIAN_POINT('',(-0.35,0.35,1.27000000000003));
#17852=CARTESIAN_POINT('',(-0.15,0.35,1.27000000000003));
#17853=CARTESIAN_POINT('',(-0.15,0.35,1.27000000000003));
#17854=CARTESIAN_POINT('',(-0.15,0.3,1.27000000000003));
#17855=CARTESIAN_POINT('',(-0.15,0.3,1.27000000000003));
#17856=CARTESIAN_POINT('',(-0.35,0.35,1.27000000000003));
#17857=CARTESIAN_POINT('',(-0.35,0.35,1.30000000000003));
#17858=CARTESIAN_POINT('',(-0.15,0.35,1.30000000000003));
#17859=CARTESIAN_POINT('',(-0.15,0.35,1.30000000000003));
#17860=CARTESIAN_POINT('',(-0.15,0.35,1.27000000000003));
#17861=CARTESIAN_POINT('',(-0.15,0.35,1.27000000000003));
#17862=CARTESIAN_POINT('',(-0.15,0.350000000000001,1.30000000000003));
#17863=CARTESIAN_POINT('',(-0.15,0.1,1.4576509667849));
#17864=CARTESIAN_POINT('',(-0.15,0.3,1.27000000000003));
#17865=CARTESIAN_POINT('',(-0.35,0.350000000000001,1.30000000000003));
#17866=CARTESIAN_POINT('',(-0.35,0.1,1.4576509667849));
#17867=CARTESIAN_POINT('',(-0.35,0.3,1.27000000000003));
#17868=CARTESIAN_POINT('',(-0.15,0.1,1.4576509667849));
#17869=CARTESIAN_POINT('',(-0.15,0.350000000000001,1.30000000000003));
#17870=CARTESIAN_POINT('',(0.150000000000001,0.0460189615218541,1.37347230271364));
#17871=CARTESIAN_POINT('',(0.150000000000001,0.0460189615218541,1.37347230271364));
#17872=CARTESIAN_POINT('',(0.150000000000001,0.273009480760927,1.2279106679644));
#17873=CARTESIAN_POINT('',(0.35,0.273009480760927,1.2279106679644));
#17874=CARTESIAN_POINT('',(0.35,0.273009480760927,1.2279106679644));
#17875=CARTESIAN_POINT('',(0.35,0.0460189615218541,1.37347230271364));
#17876=CARTESIAN_POINT('',(0.35,0.0460189615218541,1.37347230271364));
#17877=CARTESIAN_POINT('',(0.35,0.0460189615218541,1.37347230271364));
#17878=CARTESIAN_POINT('',(0.35,0.0460189615218541,1.37347230271364));
#17879=CARTESIAN_POINT('',(0.150000000000001,0.3,1.27000000000003));
#17880=CARTESIAN_POINT('',(0.150000000000001,0.35,1.27000000000003));
#17881=CARTESIAN_POINT('',(0.35,0.35,1.27000000000003));
#17882=CARTESIAN_POINT('',(0.35,0.35,1.27000000000003));
#17883=CARTESIAN_POINT('',(0.35,0.3,1.27000000000003));
#17884=CARTESIAN_POINT('',(0.35,0.3,1.27000000000003));
#17885=CARTESIAN_POINT('',(0.150000000000001,0.35,1.27000000000003));
#17886=CARTESIAN_POINT('',(0.150000000000001,0.35,1.30000000000003));
#17887=CARTESIAN_POINT('',(0.35,0.35,1.30000000000003));
#17888=CARTESIAN_POINT('',(0.35,0.35,1.30000000000003));
#17889=CARTESIAN_POINT('',(0.35,0.35,1.27000000000003));
#17890=CARTESIAN_POINT('',(0.35,0.35,1.27000000000003));
#17891=CARTESIAN_POINT('',(0.35,0.350000000000001,1.30000000000003));
#17892=CARTESIAN_POINT('',(0.35,0.1,1.4576509667849));
#17893=CARTESIAN_POINT('',(0.35,0.3,1.27000000000003));
#17894=CARTESIAN_POINT('',(0.150000000000001,0.350000000000001,1.30000000000003));
#17895=CARTESIAN_POINT('',(0.150000000000001,0.1,1.4576509667849));
#17896=CARTESIAN_POINT('',(0.150000000000001,0.3,1.27000000000003));
#17897=CARTESIAN_POINT('',(0.35,0.1,1.4576509667849));
#17898=CARTESIAN_POINT('',(0.35,0.350000000000001,1.30000000000003));
#17899=CARTESIAN_POINT('',(0.65,0.0460189615218541,1.37347230271364));
#17900=CARTESIAN_POINT('',(0.65,0.0460189615218541,1.37347230271364));
#17901=CARTESIAN_POINT('',(0.65,0.273009480760927,1.2279106679644));
#17902=CARTESIAN_POINT('',(0.85,0.273009480760927,1.2279106679644));
#17903=CARTESIAN_POINT('',(0.85,0.273009480760927,1.2279106679644));
#17904=CARTESIAN_POINT('',(0.85,0.0460189615218541,1.37347230271364));
#17905=CARTESIAN_POINT('',(0.85,0.0460189615218541,1.37347230271364));
#17906=CARTESIAN_POINT('',(0.85,0.0460189615218541,1.37347230271364));
#17907=CARTESIAN_POINT('',(0.85,0.0460189615218541,1.37347230271364));
#17908=CARTESIAN_POINT('',(0.65,0.3,1.27000000000003));
#17909=CARTESIAN_POINT('',(0.65,0.35,1.27000000000003));
#17910=CARTESIAN_POINT('',(0.85,0.35,1.27000000000003));
#17911=CARTESIAN_POINT('',(0.85,0.35,1.27000000000003));
#17912=CARTESIAN_POINT('',(0.85,0.3,1.27000000000003));
#17913=CARTESIAN_POINT('',(0.85,0.3,1.27000000000003));
#17914=CARTESIAN_POINT('',(0.65,0.35,1.27000000000003));
#17915=CARTESIAN_POINT('',(0.65,0.35,1.30000000000003));
#17916=CARTESIAN_POINT('',(0.85,0.35,1.30000000000003));
#17917=CARTESIAN_POINT('',(0.85,0.35,1.30000000000003));
#17918=CARTESIAN_POINT('',(0.85,0.35,1.27000000000003));
#17919=CARTESIAN_POINT('',(0.85,0.35,1.27000000000003));
#17920=CARTESIAN_POINT('',(0.85,0.350000000000001,1.30000000000003));
#17921=CARTESIAN_POINT('',(0.85,0.1,1.4576509667849));
#17922=CARTESIAN_POINT('',(0.85,0.3,1.27000000000003));
#17923=CARTESIAN_POINT('',(0.65,0.350000000000001,1.30000000000003));
#17924=CARTESIAN_POINT('',(0.65,0.1,1.4576509667849));
#17925=CARTESIAN_POINT('',(0.65,0.3,1.27000000000003));
#17926=CARTESIAN_POINT('',(0.85,0.1,1.4576509667849));
#17927=CARTESIAN_POINT('',(0.85,0.350000000000001,1.30000000000003));
#17928=CARTESIAN_POINT('',(1.15,0.0460189615218541,1.37347230271364));
#17929=CARTESIAN_POINT('',(1.15,0.0460189615218541,1.37347230271364));
#17930=CARTESIAN_POINT('',(1.15,0.273009480760927,1.2279106679644));
#17931=CARTESIAN_POINT('',(1.35,0.273009480760927,1.2279106679644));
#17932=CARTESIAN_POINT('',(1.35,0.273009480760927,1.2279106679644));
#17933=CARTESIAN_POINT('',(1.35,0.0460189615218541,1.37347230271364));
#17934=CARTESIAN_POINT('',(1.35,0.0460189615218541,1.37347230271364));
#17935=CARTESIAN_POINT('',(1.35,0.0460189615218541,1.37347230271364));
#17936=CARTESIAN_POINT('',(1.35,0.0460189615218541,1.37347230271364));
#17937=CARTESIAN_POINT('',(1.15,0.3,1.27000000000003));
#17938=CARTESIAN_POINT('',(1.15,0.35,1.27000000000003));
#17939=CARTESIAN_POINT('',(1.35,0.35,1.27000000000003));
#17940=CARTESIAN_POINT('',(1.35,0.35,1.27000000000003));
#17941=CARTESIAN_POINT('',(1.35,0.3,1.27000000000003));
#17942=CARTESIAN_POINT('',(1.35,0.3,1.27000000000003));
#17943=CARTESIAN_POINT('',(1.15,0.35,1.27000000000003));
#17944=CARTESIAN_POINT('',(1.15,0.35,1.30000000000003));
#17945=CARTESIAN_POINT('',(1.35,0.35,1.30000000000003));
#17946=CARTESIAN_POINT('',(1.35,0.35,1.30000000000003));
#17947=CARTESIAN_POINT('',(1.35,0.35,1.27000000000003));
#17948=CARTESIAN_POINT('',(1.35,0.35,1.27000000000003));
#17949=CARTESIAN_POINT('',(1.35,0.350000000000001,1.30000000000003));
#17950=CARTESIAN_POINT('',(1.35,0.1,1.4576509667849));
#17951=CARTESIAN_POINT('',(1.35,0.3,1.27000000000003));
#17952=CARTESIAN_POINT('',(1.15,0.350000000000001,1.30000000000003));
#17953=CARTESIAN_POINT('',(1.15,0.1,1.4576509667849));
#17954=CARTESIAN_POINT('',(1.15,0.3,1.27000000000003));
#17955=CARTESIAN_POINT('',(1.35,0.1,1.4576509667849));
#17956=CARTESIAN_POINT('',(1.35,0.350000000000001,1.30000000000003));
#17957=CARTESIAN_POINT('',(1.65,0.0460189615218541,1.37347230271364));
#17958=CARTESIAN_POINT('',(1.65,0.0460189615218541,1.37347230271364));
#17959=CARTESIAN_POINT('',(1.65,0.273009480760927,1.2279106679644));
#17960=CARTESIAN_POINT('',(1.85,0.273009480760927,1.2279106679644));
#17961=CARTESIAN_POINT('',(1.85,0.273009480760927,1.2279106679644));
#17962=CARTESIAN_POINT('',(1.85,0.0460189615218541,1.37347230271364));
#17963=CARTESIAN_POINT('',(1.85,0.0460189615218541,1.37347230271364));
#17964=CARTESIAN_POINT('',(1.85,0.0460189615218541,1.37347230271364));
#17965=CARTESIAN_POINT('',(1.85,0.0460189615218541,1.37347230271364));
#17966=CARTESIAN_POINT('',(1.65,0.3,1.27000000000003));
#17967=CARTESIAN_POINT('',(1.65,0.35,1.27000000000003));
#17968=CARTESIAN_POINT('',(1.85,0.35,1.27000000000003));
#17969=CARTESIAN_POINT('',(1.85,0.35,1.27000000000003));
#17970=CARTESIAN_POINT('',(1.85,0.3,1.27000000000003));
#17971=CARTESIAN_POINT('',(1.85,0.3,1.27000000000003));
#17972=CARTESIAN_POINT('',(1.65,0.35,1.27000000000003));
#17973=CARTESIAN_POINT('',(1.65,0.35,1.30000000000003));
#17974=CARTESIAN_POINT('',(1.85,0.35,1.30000000000003));
#17975=CARTESIAN_POINT('',(1.85,0.35,1.30000000000003));
#17976=CARTESIAN_POINT('',(1.85,0.35,1.27000000000003));
#17977=CARTESIAN_POINT('',(1.85,0.35,1.27000000000003));
#17978=CARTESIAN_POINT('',(1.85,0.350000000000001,1.30000000000003));
#17979=CARTESIAN_POINT('',(1.85,0.1,1.4576509667849));
#17980=CARTESIAN_POINT('',(1.85,0.3,1.27000000000003));
#17981=CARTESIAN_POINT('',(1.65,0.350000000000001,1.30000000000003));
#17982=CARTESIAN_POINT('',(1.65,0.1,1.4576509667849));
#17983=CARTESIAN_POINT('',(1.65,0.3,1.27000000000003));
#17984=CARTESIAN_POINT('',(1.85,0.1,1.4576509667849));
#17985=CARTESIAN_POINT('',(1.85,0.350000000000001,1.30000000000003));
#17986=CARTESIAN_POINT('',(2.15,0.0460189615218541,1.37347230271364));
#17987=CARTESIAN_POINT('',(2.15,0.0460189615218541,1.37347230271364));
#17988=CARTESIAN_POINT('',(2.15,0.273009480760927,1.2279106679644));
#17989=CARTESIAN_POINT('',(2.35,0.273009480760927,1.2279106679644));
#17990=CARTESIAN_POINT('',(2.35,0.273009480760927,1.2279106679644));
#17991=CARTESIAN_POINT('',(2.35,0.0460189615218541,1.37347230271364));
#17992=CARTESIAN_POINT('',(2.35,0.0460189615218541,1.37347230271364));
#17993=CARTESIAN_POINT('',(2.35,0.0460189615218541,1.37347230271364));
#17994=CARTESIAN_POINT('',(2.35,0.0460189615218541,1.37347230271364));
#17995=CARTESIAN_POINT('',(2.15,0.3,1.27000000000003));
#17996=CARTESIAN_POINT('',(2.15,0.35,1.27000000000003));
#17997=CARTESIAN_POINT('',(2.35,0.35,1.27000000000003));
#17998=CARTESIAN_POINT('',(2.35,0.35,1.27000000000003));
#17999=CARTESIAN_POINT('',(2.35,0.3,1.27000000000003));
#18000=CARTESIAN_POINT('',(2.35,0.3,1.27000000000003));
#18001=CARTESIAN_POINT('',(2.15,0.35,1.27000000000003));
#18002=CARTESIAN_POINT('',(2.15,0.35,1.30000000000003));
#18003=CARTESIAN_POINT('',(2.35,0.35,1.30000000000003));
#18004=CARTESIAN_POINT('',(2.35,0.35,1.30000000000003));
#18005=CARTESIAN_POINT('',(2.35,0.35,1.27000000000003));
#18006=CARTESIAN_POINT('',(2.35,0.35,1.27000000000003));
#18007=CARTESIAN_POINT('',(2.35,0.350000000000001,1.30000000000003));
#18008=CARTESIAN_POINT('',(2.35,0.1,1.4576509667849));
#18009=CARTESIAN_POINT('',(2.35,0.3,1.27000000000003));
#18010=CARTESIAN_POINT('',(2.15,0.350000000000001,1.30000000000003));
#18011=CARTESIAN_POINT('',(2.15,0.1,1.4576509667849));
#18012=CARTESIAN_POINT('',(2.15,0.3,1.27000000000003));
#18013=CARTESIAN_POINT('',(2.35,0.1,1.4576509667849));
#18014=CARTESIAN_POINT('',(2.35,0.350000000000001,1.30000000000003));
#18015=CARTESIAN_POINT('',(2.65,0.0460189615218541,1.37347230271364));
#18016=CARTESIAN_POINT('',(2.65,0.0460189615218541,1.37347230271364));
#18017=CARTESIAN_POINT('',(2.65,0.273009480760927,1.2279106679644));
#18018=CARTESIAN_POINT('',(2.85,0.273009480760927,1.2279106679644));
#18019=CARTESIAN_POINT('',(2.85,0.273009480760927,1.2279106679644));
#18020=CARTESIAN_POINT('',(2.85,0.0460189615218541,1.37347230271364));
#18021=CARTESIAN_POINT('',(2.85,0.0460189615218541,1.37347230271364));
#18022=CARTESIAN_POINT('',(2.85,0.0460189615218541,1.37347230271364));
#18023=CARTESIAN_POINT('',(2.85,0.0460189615218541,1.37347230271364));
#18024=CARTESIAN_POINT('',(2.65,0.3,1.27000000000003));
#18025=CARTESIAN_POINT('',(2.65,0.35,1.27000000000003));
#18026=CARTESIAN_POINT('',(2.85,0.35,1.27000000000003));
#18027=CARTESIAN_POINT('',(2.85,0.35,1.27000000000003));
#18028=CARTESIAN_POINT('',(2.85,0.3,1.27000000000003));
#18029=CARTESIAN_POINT('',(2.85,0.3,1.27000000000003));
#18030=CARTESIAN_POINT('',(2.65,0.35,1.27000000000003));
#18031=CARTESIAN_POINT('',(2.65,0.35,1.30000000000003));
#18032=CARTESIAN_POINT('',(2.85,0.35,1.30000000000003));
#18033=CARTESIAN_POINT('',(2.85,0.35,1.30000000000003));
#18034=CARTESIAN_POINT('',(2.85,0.35,1.27000000000003));
#18035=CARTESIAN_POINT('',(2.85,0.35,1.27000000000003));
#18036=CARTESIAN_POINT('',(2.85,0.350000000000001,1.30000000000003));
#18037=CARTESIAN_POINT('',(2.85,0.1,1.4576509667849));
#18038=CARTESIAN_POINT('',(2.85,0.3,1.27000000000003));
#18039=CARTESIAN_POINT('',(2.65,0.350000000000001,1.30000000000003));
#18040=CARTESIAN_POINT('',(2.65,0.1,1.4576509667849));
#18041=CARTESIAN_POINT('',(2.65,0.3,1.27000000000003));
#18042=CARTESIAN_POINT('',(2.85,0.1,1.4576509667849));
#18043=CARTESIAN_POINT('',(2.85,0.350000000000001,1.30000000000003));
#18044=CARTESIAN_POINT('',(3.15,0.0460189615218541,1.37347230271364));
#18045=CARTESIAN_POINT('',(3.15,0.0460189615218541,1.37347230271364));
#18046=CARTESIAN_POINT('',(3.15,0.273009480760927,1.2279106679644));
#18047=CARTESIAN_POINT('',(3.35,0.273009480760927,1.2279106679644));
#18048=CARTESIAN_POINT('',(3.35,0.273009480760927,1.2279106679644));
#18049=CARTESIAN_POINT('',(3.35,0.0460189615218541,1.37347230271364));
#18050=CARTESIAN_POINT('',(3.35,0.0460189615218541,1.37347230271364));
#18051=CARTESIAN_POINT('',(3.35,0.0460189615218541,1.37347230271364));
#18052=CARTESIAN_POINT('',(3.35,0.0460189615218541,1.37347230271364));
#18053=CARTESIAN_POINT('',(3.15,0.3,1.27000000000003));
#18054=CARTESIAN_POINT('',(3.15,0.35,1.27000000000003));
#18055=CARTESIAN_POINT('',(3.35,0.35,1.27000000000003));
#18056=CARTESIAN_POINT('',(3.35,0.35,1.27000000000003));
#18057=CARTESIAN_POINT('',(3.35,0.3,1.27000000000003));
#18058=CARTESIAN_POINT('',(3.35,0.3,1.27000000000003));
#18059=CARTESIAN_POINT('',(3.15,0.35,1.27000000000003));
#18060=CARTESIAN_POINT('',(3.15,0.35,1.30000000000003));
#18061=CARTESIAN_POINT('',(3.35,0.35,1.30000000000003));
#18062=CARTESIAN_POINT('',(3.35,0.35,1.30000000000003));
#18063=CARTESIAN_POINT('',(3.35,0.35,1.27000000000003));
#18064=CARTESIAN_POINT('',(3.35,0.35,1.27000000000003));
#18065=CARTESIAN_POINT('',(3.35,0.350000000000001,1.30000000000003));
#18066=CARTESIAN_POINT('',(3.35,0.1,1.4576509667849));
#18067=CARTESIAN_POINT('',(3.35,0.3,1.27000000000003));
#18068=CARTESIAN_POINT('',(3.15,0.350000000000001,1.30000000000003));
#18069=CARTESIAN_POINT('',(3.15,0.1,1.4576509667849));
#18070=CARTESIAN_POINT('',(3.15,0.3,1.27000000000003));
#18071=CARTESIAN_POINT('',(3.35,0.1,1.4576509667849));
#18072=CARTESIAN_POINT('',(3.35,0.350000000000001,1.30000000000003));
#18073=CARTESIAN_POINT('',(3.65,0.0460189615218541,1.37347230271364));
#18074=CARTESIAN_POINT('',(3.65,0.0460189615218541,1.37347230271364));
#18075=CARTESIAN_POINT('',(3.65,0.273009480760927,1.2279106679644));
#18076=CARTESIAN_POINT('',(3.85,0.273009480760927,1.2279106679644));
#18077=CARTESIAN_POINT('',(3.85,0.273009480760927,1.2279106679644));
#18078=CARTESIAN_POINT('',(3.85,0.0460189615218541,1.37347230271364));
#18079=CARTESIAN_POINT('',(3.85,0.0460189615218541,1.37347230271364));
#18080=CARTESIAN_POINT('',(3.85,0.0460189615218541,1.37347230271364));
#18081=CARTESIAN_POINT('',(3.85,0.0460189615218541,1.37347230271364));
#18082=CARTESIAN_POINT('',(3.65,0.3,1.27000000000003));
#18083=CARTESIAN_POINT('',(3.65,0.35,1.27000000000003));
#18084=CARTESIAN_POINT('',(3.85,0.35,1.27000000000003));
#18085=CARTESIAN_POINT('',(3.85,0.35,1.27000000000003));
#18086=CARTESIAN_POINT('',(3.85,0.3,1.27000000000003));
#18087=CARTESIAN_POINT('',(3.85,0.3,1.27000000000003));
#18088=CARTESIAN_POINT('',(3.65,0.35,1.27000000000003));
#18089=CARTESIAN_POINT('',(3.65,0.35,1.30000000000003));
#18090=CARTESIAN_POINT('',(3.85,0.35,1.30000000000003));
#18091=CARTESIAN_POINT('',(3.85,0.35,1.30000000000003));
#18092=CARTESIAN_POINT('',(3.85,0.35,1.27000000000003));
#18093=CARTESIAN_POINT('',(3.85,0.35,1.27000000000003));
#18094=CARTESIAN_POINT('',(3.85,0.350000000000001,1.30000000000003));
#18095=CARTESIAN_POINT('',(3.85,0.1,1.4576509667849));
#18096=CARTESIAN_POINT('',(3.85,0.3,1.27000000000003));
#18097=CARTESIAN_POINT('',(3.65,0.350000000000001,1.30000000000003));
#18098=CARTESIAN_POINT('',(3.65,0.1,1.4576509667849));
#18099=CARTESIAN_POINT('',(3.65,0.3,1.27000000000003));
#18100=CARTESIAN_POINT('',(3.85,0.1,1.4576509667849));
#18101=CARTESIAN_POINT('',(3.85,0.350000000000001,1.30000000000003));
#18102=CARTESIAN_POINT('',(4.15,0.0460189615218541,1.37347230271364));
#18103=CARTESIAN_POINT('',(4.15,0.0460189615218541,1.37347230271364));
#18104=CARTESIAN_POINT('',(4.15,0.273009480760927,1.2279106679644));
#18105=CARTESIAN_POINT('',(4.35,0.273009480760927,1.2279106679644));
#18106=CARTESIAN_POINT('',(4.35,0.273009480760927,1.2279106679644));
#18107=CARTESIAN_POINT('',(4.35,0.0460189615218541,1.37347230271364));
#18108=CARTESIAN_POINT('',(4.35,0.0460189615218541,1.37347230271364));
#18109=CARTESIAN_POINT('',(4.35,0.0460189615218541,1.37347230271364));
#18110=CARTESIAN_POINT('',(4.35,0.0460189615218541,1.37347230271364));
#18111=CARTESIAN_POINT('',(4.15,0.3,1.27000000000003));
#18112=CARTESIAN_POINT('',(4.15,0.35,1.27000000000003));
#18113=CARTESIAN_POINT('',(4.35,0.35,1.27000000000003));
#18114=CARTESIAN_POINT('',(4.35,0.35,1.27000000000003));
#18115=CARTESIAN_POINT('',(4.35,0.3,1.27000000000003));
#18116=CARTESIAN_POINT('',(4.35,0.3,1.27000000000003));
#18117=CARTESIAN_POINT('',(4.15,0.35,1.27000000000003));
#18118=CARTESIAN_POINT('',(4.15,0.35,1.30000000000003));
#18119=CARTESIAN_POINT('',(4.35,0.35,1.30000000000003));
#18120=CARTESIAN_POINT('',(4.35,0.35,1.30000000000003));
#18121=CARTESIAN_POINT('',(4.35,0.35,1.27000000000003));
#18122=CARTESIAN_POINT('',(4.35,0.35,1.27000000000003));
#18123=CARTESIAN_POINT('',(4.35,0.350000000000001,1.30000000000003));
#18124=CARTESIAN_POINT('',(4.35,0.1,1.4576509667849));
#18125=CARTESIAN_POINT('',(4.35,0.3,1.27000000000003));
#18126=CARTESIAN_POINT('',(4.15,0.350000000000001,1.30000000000003));
#18127=CARTESIAN_POINT('',(4.15,0.1,1.4576509667849));
#18128=CARTESIAN_POINT('',(4.15,0.3,1.27000000000003));
#18129=CARTESIAN_POINT('',(4.35,0.1,1.4576509667849));
#18130=CARTESIAN_POINT('',(4.35,0.350000000000001,1.30000000000003));
#18131=CARTESIAN_POINT('',(4.65,0.0460189615218541,1.37347230271364));
#18132=CARTESIAN_POINT('',(4.65,0.0460189615218541,1.37347230271364));
#18133=CARTESIAN_POINT('',(4.65,0.273009480760927,1.2279106679644));
#18134=CARTESIAN_POINT('',(4.85,0.273009480760927,1.2279106679644));
#18135=CARTESIAN_POINT('',(4.85,0.273009480760927,1.2279106679644));
#18136=CARTESIAN_POINT('',(4.85,0.0460189615218541,1.37347230271364));
#18137=CARTESIAN_POINT('',(4.85,0.0460189615218541,1.37347230271364));
#18138=CARTESIAN_POINT('',(4.85,0.0460189615218541,1.37347230271364));
#18139=CARTESIAN_POINT('',(4.85,0.0460189615218541,1.37347230271364));
#18140=CARTESIAN_POINT('',(4.65,0.3,1.27000000000003));
#18141=CARTESIAN_POINT('',(4.65,0.35,1.27000000000003));
#18142=CARTESIAN_POINT('',(4.85,0.35,1.27000000000003));
#18143=CARTESIAN_POINT('',(4.85,0.35,1.27000000000003));
#18144=CARTESIAN_POINT('',(4.85,0.3,1.27000000000003));
#18145=CARTESIAN_POINT('',(4.85,0.3,1.27000000000003));
#18146=CARTESIAN_POINT('',(4.65,0.35,1.27000000000003));
#18147=CARTESIAN_POINT('',(4.65,0.35,1.30000000000003));
#18148=CARTESIAN_POINT('',(4.85,0.35,1.30000000000003));
#18149=CARTESIAN_POINT('',(4.85,0.35,1.30000000000003));
#18150=CARTESIAN_POINT('',(4.85,0.35,1.27000000000003));
#18151=CARTESIAN_POINT('',(4.85,0.35,1.27000000000003));
#18152=CARTESIAN_POINT('',(4.85,0.350000000000001,1.30000000000003));
#18153=CARTESIAN_POINT('',(4.85,0.1,1.4576509667849));
#18154=CARTESIAN_POINT('',(4.85,0.3,1.27000000000003));
#18155=CARTESIAN_POINT('',(4.65,0.350000000000001,1.30000000000003));
#18156=CARTESIAN_POINT('',(4.65,0.1,1.4576509667849));
#18157=CARTESIAN_POINT('',(4.65,0.3,1.27000000000003));
#18158=CARTESIAN_POINT('',(4.85,0.1,1.4576509667849));
#18159=CARTESIAN_POINT('',(4.85,0.350000000000001,1.30000000000003));
#18160=CARTESIAN_POINT('',(5.15,0.0460189615218541,1.37347230271364));
#18161=CARTESIAN_POINT('',(5.15,0.0460189615218541,1.37347230271364));
#18162=CARTESIAN_POINT('',(5.15,0.273009480760927,1.2279106679644));
#18163=CARTESIAN_POINT('',(5.35,0.273009480760927,1.2279106679644));
#18164=CARTESIAN_POINT('',(5.35,0.273009480760927,1.2279106679644));
#18165=CARTESIAN_POINT('',(5.35,0.0460189615218541,1.37347230271364));
#18166=CARTESIAN_POINT('',(5.35,0.0460189615218541,1.37347230271364));
#18167=CARTESIAN_POINT('',(5.35,0.0460189615218541,1.37347230271364));
#18168=CARTESIAN_POINT('',(5.35,0.0460189615218541,1.37347230271364));
#18169=CARTESIAN_POINT('',(5.15,0.3,1.27000000000003));
#18170=CARTESIAN_POINT('',(5.15,0.35,1.27000000000003));
#18171=CARTESIAN_POINT('',(5.35,0.35,1.27000000000003));
#18172=CARTESIAN_POINT('',(5.35,0.35,1.27000000000003));
#18173=CARTESIAN_POINT('',(5.35,0.3,1.27000000000003));
#18174=CARTESIAN_POINT('',(5.35,0.3,1.27000000000003));
#18175=CARTESIAN_POINT('',(5.15,0.35,1.27000000000003));
#18176=CARTESIAN_POINT('',(5.15,0.35,1.30000000000003));
#18177=CARTESIAN_POINT('',(5.35,0.35,1.30000000000003));
#18178=CARTESIAN_POINT('',(5.35,0.35,1.30000000000003));
#18179=CARTESIAN_POINT('',(5.35,0.35,1.27000000000003));
#18180=CARTESIAN_POINT('',(5.35,0.35,1.27000000000003));
#18181=CARTESIAN_POINT('',(5.35,0.350000000000001,1.30000000000003));
#18182=CARTESIAN_POINT('',(5.35,0.1,1.4576509667849));
#18183=CARTESIAN_POINT('',(5.35,0.3,1.27000000000003));
#18184=CARTESIAN_POINT('',(5.15,0.350000000000001,1.30000000000003));
#18185=CARTESIAN_POINT('',(5.15,0.1,1.4576509667849));
#18186=CARTESIAN_POINT('',(5.15,0.3,1.27000000000003));
#18187=CARTESIAN_POINT('',(5.35,0.1,1.4576509667849));
#18188=CARTESIAN_POINT('',(5.35,0.350000000000001,1.30000000000003));
#18189=CARTESIAN_POINT('',(-5.65,0.324999999999999,0.425000000000029));
#18190=CARTESIAN_POINT('',(-5.65,0.324999999999999,0.550000000000029));
#18191=CARTESIAN_POINT('',(-5.65,2.7,0.550000000000029));
#18192=CARTESIAN_POINT('',(-5.65,0.3,1.27000000000003));
#18193=CARTESIAN_POINT('',(-5.85,0.324999999999999,0.425000000000029));
#18194=CARTESIAN_POINT('',(-5.85,0.324999999999999,0.550000000000029));
#18195=CARTESIAN_POINT('',(-5.85,2.7,0.550000000000029));
#18196=CARTESIAN_POINT('',(-5.85,0.3,1.27000000000003));
#18197=CARTESIAN_POINT('',(-5.65,0.324999999999999,0.550000000000029));
#18198=CARTESIAN_POINT('',(-5.65,2.7,0.550000000000029));
#18199=CARTESIAN_POINT('',(-5.65,0.324999999999999,0.425000000000029));
#18200=CARTESIAN_POINT('',(-5.15,0.324999999999999,0.425000000000029));
#18201=CARTESIAN_POINT('',(-5.15,0.324999999999999,0.550000000000029));
#18202=CARTESIAN_POINT('',(-5.15,2.7,0.550000000000029));
#18203=CARTESIAN_POINT('',(-5.15,0.3,1.27000000000003));
#18204=CARTESIAN_POINT('',(-5.35,0.324999999999999,0.425000000000029));
#18205=CARTESIAN_POINT('',(-5.35,0.324999999999999,0.550000000000029));
#18206=CARTESIAN_POINT('',(-5.35,2.7,0.550000000000029));
#18207=CARTESIAN_POINT('',(-5.35,0.3,1.27000000000003));
#18208=CARTESIAN_POINT('',(-5.15,0.324999999999999,0.550000000000029));
#18209=CARTESIAN_POINT('',(-5.15,2.7,0.550000000000029));
#18210=CARTESIAN_POINT('',(-5.15,0.324999999999999,0.425000000000029));
#18211=CARTESIAN_POINT('',(-4.65,0.324999999999999,0.425000000000029));
#18212=CARTESIAN_POINT('',(-4.65,0.324999999999999,0.550000000000029));
#18213=CARTESIAN_POINT('',(-4.65,2.7,0.550000000000029));
#18214=CARTESIAN_POINT('',(-4.65,0.3,1.27000000000003));
#18215=CARTESIAN_POINT('',(-4.85,0.324999999999999,0.425000000000029));
#18216=CARTESIAN_POINT('',(-4.85,0.324999999999999,0.550000000000029));
#18217=CARTESIAN_POINT('',(-4.85,2.7,0.550000000000029));
#18218=CARTESIAN_POINT('',(-4.85,0.3,1.27000000000003));
#18219=CARTESIAN_POINT('',(-4.65,0.324999999999999,0.550000000000029));
#18220=CARTESIAN_POINT('',(-4.65,2.7,0.550000000000029));
#18221=CARTESIAN_POINT('',(-4.65,0.324999999999999,0.425000000000029));
#18222=CARTESIAN_POINT('',(-4.15,0.324999999999999,0.425000000000029));
#18223=CARTESIAN_POINT('',(-4.15,0.324999999999999,0.550000000000029));
#18224=CARTESIAN_POINT('',(-4.15,2.7,0.550000000000029));
#18225=CARTESIAN_POINT('',(-4.15,0.3,1.27000000000003));
#18226=CARTESIAN_POINT('',(-4.35,0.324999999999999,0.425000000000029));
#18227=CARTESIAN_POINT('',(-4.35,0.324999999999999,0.550000000000029));
#18228=CARTESIAN_POINT('',(-4.35,2.7,0.550000000000029));
#18229=CARTESIAN_POINT('',(-4.35,0.3,1.27000000000003));
#18230=CARTESIAN_POINT('',(-4.15,0.324999999999999,0.550000000000029));
#18231=CARTESIAN_POINT('',(-4.15,2.7,0.550000000000029));
#18232=CARTESIAN_POINT('',(-4.15,0.324999999999999,0.425000000000029));
#18233=CARTESIAN_POINT('',(-3.65,0.324999999999999,0.425000000000029));
#18234=CARTESIAN_POINT('',(-3.65,0.324999999999999,0.550000000000029));
#18235=CARTESIAN_POINT('',(-3.65,2.7,0.550000000000029));
#18236=CARTESIAN_POINT('',(-3.65,0.3,1.27000000000003));
#18237=CARTESIAN_POINT('',(-3.85,0.324999999999999,0.425000000000029));
#18238=CARTESIAN_POINT('',(-3.85,0.324999999999999,0.550000000000029));
#18239=CARTESIAN_POINT('',(-3.85,2.7,0.550000000000029));
#18240=CARTESIAN_POINT('',(-3.85,0.3,1.27000000000003));
#18241=CARTESIAN_POINT('',(-3.65,0.324999999999999,0.550000000000029));
#18242=CARTESIAN_POINT('',(-3.65,2.7,0.550000000000029));
#18243=CARTESIAN_POINT('',(-3.65,0.324999999999999,0.425000000000029));
#18244=CARTESIAN_POINT('',(-3.15,0.324999999999999,0.425000000000029));
#18245=CARTESIAN_POINT('',(-3.15,0.324999999999999,0.550000000000029));
#18246=CARTESIAN_POINT('',(-3.15,2.7,0.550000000000029));
#18247=CARTESIAN_POINT('',(-3.15,0.3,1.27000000000003));
#18248=CARTESIAN_POINT('',(-3.35,0.324999999999999,0.425000000000029));
#18249=CARTESIAN_POINT('',(-3.35,0.324999999999999,0.550000000000029));
#18250=CARTESIAN_POINT('',(-3.35,2.7,0.550000000000029));
#18251=CARTESIAN_POINT('',(-3.35,0.3,1.27000000000003));
#18252=CARTESIAN_POINT('',(-3.15,0.324999999999999,0.550000000000029));
#18253=CARTESIAN_POINT('',(-3.15,2.7,0.550000000000029));
#18254=CARTESIAN_POINT('',(-3.15,0.324999999999999,0.425000000000029));
#18255=CARTESIAN_POINT('',(-2.65,0.324999999999999,0.425000000000029));
#18256=CARTESIAN_POINT('',(-2.65,0.324999999999999,0.550000000000029));
#18257=CARTESIAN_POINT('',(-2.65,2.7,0.550000000000029));
#18258=CARTESIAN_POINT('',(-2.65,0.3,1.27000000000003));
#18259=CARTESIAN_POINT('',(-2.85,0.324999999999999,0.425000000000029));
#18260=CARTESIAN_POINT('',(-2.85,0.324999999999999,0.550000000000029));
#18261=CARTESIAN_POINT('',(-2.85,2.7,0.550000000000029));
#18262=CARTESIAN_POINT('',(-2.85,0.3,1.27000000000003));
#18263=CARTESIAN_POINT('',(-2.65,0.324999999999999,0.550000000000029));
#18264=CARTESIAN_POINT('',(-2.65,2.7,0.550000000000029));
#18265=CARTESIAN_POINT('',(-2.65,0.324999999999999,0.425000000000029));
#18266=CARTESIAN_POINT('',(-2.15,0.324999999999999,0.425000000000029));
#18267=CARTESIAN_POINT('',(-2.15,0.324999999999999,0.550000000000029));
#18268=CARTESIAN_POINT('',(-2.15,2.7,0.550000000000029));
#18269=CARTESIAN_POINT('',(-2.15,0.3,1.27000000000003));
#18270=CARTESIAN_POINT('',(-2.35,0.324999999999999,0.425000000000029));
#18271=CARTESIAN_POINT('',(-2.35,0.324999999999999,0.550000000000029));
#18272=CARTESIAN_POINT('',(-2.35,2.7,0.550000000000029));
#18273=CARTESIAN_POINT('',(-2.35,0.3,1.27000000000003));
#18274=CARTESIAN_POINT('',(-2.15,0.324999999999999,0.550000000000029));
#18275=CARTESIAN_POINT('',(-2.15,2.7,0.550000000000029));
#18276=CARTESIAN_POINT('',(-2.15,0.324999999999999,0.425000000000029));
#18277=CARTESIAN_POINT('',(-1.65,0.324999999999999,0.425000000000029));
#18278=CARTESIAN_POINT('',(-1.65,0.324999999999999,0.550000000000029));
#18279=CARTESIAN_POINT('',(-1.65,2.7,0.550000000000029));
#18280=CARTESIAN_POINT('',(-1.65,0.3,1.27000000000003));
#18281=CARTESIAN_POINT('',(-1.85,0.324999999999999,0.425000000000029));
#18282=CARTESIAN_POINT('',(-1.85,0.324999999999999,0.550000000000029));
#18283=CARTESIAN_POINT('',(-1.85,2.7,0.550000000000029));
#18284=CARTESIAN_POINT('',(-1.85,0.3,1.27000000000003));
#18285=CARTESIAN_POINT('',(-1.65,0.324999999999999,0.550000000000029));
#18286=CARTESIAN_POINT('',(-1.65,2.7,0.550000000000029));
#18287=CARTESIAN_POINT('',(-1.65,0.324999999999999,0.425000000000029));
#18288=CARTESIAN_POINT('',(-1.15,0.324999999999999,0.425000000000029));
#18289=CARTESIAN_POINT('',(-1.15,0.324999999999999,0.550000000000029));
#18290=CARTESIAN_POINT('',(-1.15,2.7,0.550000000000029));
#18291=CARTESIAN_POINT('',(-1.15,0.3,1.27000000000003));
#18292=CARTESIAN_POINT('',(-1.35,0.324999999999999,0.425000000000029));
#18293=CARTESIAN_POINT('',(-1.35,0.324999999999999,0.550000000000029));
#18294=CARTESIAN_POINT('',(-1.35,2.7,0.550000000000029));
#18295=CARTESIAN_POINT('',(-1.35,0.3,1.27000000000003));
#18296=CARTESIAN_POINT('',(-1.15,0.324999999999999,0.550000000000029));
#18297=CARTESIAN_POINT('',(-1.15,2.7,0.550000000000029));
#18298=CARTESIAN_POINT('',(-1.15,0.324999999999999,0.425000000000029));
#18299=CARTESIAN_POINT('',(-0.65,0.324999999999999,0.425000000000029));
#18300=CARTESIAN_POINT('',(-0.65,0.324999999999999,0.550000000000029));
#18301=CARTESIAN_POINT('',(-0.65,2.7,0.550000000000029));
#18302=CARTESIAN_POINT('',(-0.65,0.3,1.27000000000003));
#18303=CARTESIAN_POINT('',(-0.85,0.324999999999999,0.425000000000029));
#18304=CARTESIAN_POINT('',(-0.85,0.324999999999999,0.550000000000029));
#18305=CARTESIAN_POINT('',(-0.85,2.7,0.550000000000029));
#18306=CARTESIAN_POINT('',(-0.85,0.3,1.27000000000003));
#18307=CARTESIAN_POINT('',(-0.65,0.324999999999999,0.550000000000029));
#18308=CARTESIAN_POINT('',(-0.65,2.7,0.550000000000029));
#18309=CARTESIAN_POINT('',(-0.65,0.324999999999999,0.425000000000029));
#18310=CARTESIAN_POINT('',(-0.15,0.324999999999999,0.425000000000029));
#18311=CARTESIAN_POINT('',(-0.15,0.324999999999999,0.550000000000029));
#18312=CARTESIAN_POINT('',(-0.15,2.7,0.550000000000029));
#18313=CARTESIAN_POINT('',(-0.15,0.3,1.27000000000003));
#18314=CARTESIAN_POINT('',(-0.35,0.324999999999999,0.425000000000029));
#18315=CARTESIAN_POINT('',(-0.35,0.324999999999999,0.550000000000029));
#18316=CARTESIAN_POINT('',(-0.35,2.7,0.550000000000029));
#18317=CARTESIAN_POINT('',(-0.35,0.3,1.27000000000003));
#18318=CARTESIAN_POINT('',(-0.15,0.324999999999999,0.550000000000029));
#18319=CARTESIAN_POINT('',(-0.15,2.7,0.550000000000029));
#18320=CARTESIAN_POINT('',(-0.15,0.324999999999999,0.425000000000029));
#18321=CARTESIAN_POINT('',(0.35,0.324999999999999,0.425000000000029));
#18322=CARTESIAN_POINT('',(0.35,0.324999999999999,0.550000000000029));
#18323=CARTESIAN_POINT('',(0.35,2.7,0.550000000000029));
#18324=CARTESIAN_POINT('',(0.35,0.3,1.27000000000003));
#18325=CARTESIAN_POINT('',(0.150000000000001,0.324999999999999,0.425000000000029));
#18326=CARTESIAN_POINT('',(0.150000000000001,0.324999999999999,0.550000000000029));
#18327=CARTESIAN_POINT('',(0.150000000000001,2.7,0.550000000000029));
#18328=CARTESIAN_POINT('',(0.150000000000001,0.3,1.27000000000003));
#18329=CARTESIAN_POINT('',(0.35,0.324999999999999,0.550000000000029));
#18330=CARTESIAN_POINT('',(0.35,2.7,0.550000000000029));
#18331=CARTESIAN_POINT('',(0.35,0.324999999999999,0.425000000000029));
#18332=CARTESIAN_POINT('',(0.85,0.324999999999999,0.425000000000029));
#18333=CARTESIAN_POINT('',(0.85,0.324999999999999,0.550000000000029));
#18334=CARTESIAN_POINT('',(0.85,2.7,0.550000000000029));
#18335=CARTESIAN_POINT('',(0.85,0.3,1.27000000000003));
#18336=CARTESIAN_POINT('',(0.65,0.324999999999999,0.425000000000029));
#18337=CARTESIAN_POINT('',(0.65,0.324999999999999,0.550000000000029));
#18338=CARTESIAN_POINT('',(0.65,2.7,0.550000000000029));
#18339=CARTESIAN_POINT('',(0.65,0.3,1.27000000000003));
#18340=CARTESIAN_POINT('',(0.85,0.324999999999999,0.550000000000029));
#18341=CARTESIAN_POINT('',(0.85,2.7,0.550000000000029));
#18342=CARTESIAN_POINT('',(0.85,0.324999999999999,0.425000000000029));
#18343=CARTESIAN_POINT('',(1.35,0.324999999999999,0.425000000000029));
#18344=CARTESIAN_POINT('',(1.35,0.324999999999999,0.550000000000029));
#18345=CARTESIAN_POINT('',(1.35,2.7,0.550000000000029));
#18346=CARTESIAN_POINT('',(1.35,0.3,1.27000000000003));
#18347=CARTESIAN_POINT('',(1.15,0.324999999999999,0.425000000000029));
#18348=CARTESIAN_POINT('',(1.15,0.324999999999999,0.550000000000029));
#18349=CARTESIAN_POINT('',(1.15,2.7,0.550000000000029));
#18350=CARTESIAN_POINT('',(1.15,0.3,1.27000000000003));
#18351=CARTESIAN_POINT('',(1.35,0.324999999999999,0.550000000000029));
#18352=CARTESIAN_POINT('',(1.35,2.7,0.550000000000029));
#18353=CARTESIAN_POINT('',(1.35,0.324999999999999,0.425000000000029));
#18354=CARTESIAN_POINT('',(1.85,0.324999999999999,0.425000000000029));
#18355=CARTESIAN_POINT('',(1.85,0.324999999999999,0.550000000000029));
#18356=CARTESIAN_POINT('',(1.85,2.7,0.550000000000029));
#18357=CARTESIAN_POINT('',(1.85,0.3,1.27000000000003));
#18358=CARTESIAN_POINT('',(1.65,0.324999999999999,0.425000000000029));
#18359=CARTESIAN_POINT('',(1.65,0.324999999999999,0.550000000000029));
#18360=CARTESIAN_POINT('',(1.65,2.7,0.550000000000029));
#18361=CARTESIAN_POINT('',(1.65,0.3,1.27000000000003));
#18362=CARTESIAN_POINT('',(1.85,0.324999999999999,0.550000000000029));
#18363=CARTESIAN_POINT('',(1.85,2.7,0.550000000000029));
#18364=CARTESIAN_POINT('',(1.85,0.324999999999999,0.425000000000029));
#18365=CARTESIAN_POINT('',(2.35,0.324999999999999,0.425000000000029));
#18366=CARTESIAN_POINT('',(2.35,0.324999999999999,0.550000000000029));
#18367=CARTESIAN_POINT('',(2.35,2.7,0.550000000000029));
#18368=CARTESIAN_POINT('',(2.35,0.3,1.27000000000003));
#18369=CARTESIAN_POINT('',(2.15,0.324999999999999,0.425000000000029));
#18370=CARTESIAN_POINT('',(2.15,0.324999999999999,0.550000000000029));
#18371=CARTESIAN_POINT('',(2.15,2.7,0.550000000000029));
#18372=CARTESIAN_POINT('',(2.15,0.3,1.27000000000003));
#18373=CARTESIAN_POINT('',(2.35,0.324999999999999,0.550000000000029));
#18374=CARTESIAN_POINT('',(2.35,2.7,0.550000000000029));
#18375=CARTESIAN_POINT('',(2.35,0.324999999999999,0.425000000000029));
#18376=CARTESIAN_POINT('',(2.85,0.324999999999999,0.425000000000029));
#18377=CARTESIAN_POINT('',(2.85,0.324999999999999,0.550000000000029));
#18378=CARTESIAN_POINT('',(2.85,2.7,0.550000000000029));
#18379=CARTESIAN_POINT('',(2.85,0.3,1.27000000000003));
#18380=CARTESIAN_POINT('',(2.65,0.324999999999999,0.425000000000029));
#18381=CARTESIAN_POINT('',(2.65,0.324999999999999,0.550000000000029));
#18382=CARTESIAN_POINT('',(2.65,2.7,0.550000000000029));
#18383=CARTESIAN_POINT('',(2.65,0.3,1.27000000000003));
#18384=CARTESIAN_POINT('',(2.85,0.324999999999999,0.550000000000029));
#18385=CARTESIAN_POINT('',(2.85,2.7,0.550000000000029));
#18386=CARTESIAN_POINT('',(2.85,0.324999999999999,0.425000000000029));
#18387=CARTESIAN_POINT('',(3.35,0.324999999999999,0.425000000000029));
#18388=CARTESIAN_POINT('',(3.35,0.324999999999999,0.550000000000029));
#18389=CARTESIAN_POINT('',(3.35,2.7,0.550000000000029));
#18390=CARTESIAN_POINT('',(3.35,0.3,1.27000000000003));
#18391=CARTESIAN_POINT('',(3.15,0.324999999999999,0.425000000000029));
#18392=CARTESIAN_POINT('',(3.15,0.324999999999999,0.550000000000029));
#18393=CARTESIAN_POINT('',(3.15,2.7,0.550000000000029));
#18394=CARTESIAN_POINT('',(3.15,0.3,1.27000000000003));
#18395=CARTESIAN_POINT('',(3.35,0.324999999999999,0.550000000000029));
#18396=CARTESIAN_POINT('',(3.35,2.7,0.550000000000029));
#18397=CARTESIAN_POINT('',(3.35,0.324999999999999,0.425000000000029));
#18398=CARTESIAN_POINT('',(3.85,0.324999999999999,0.425000000000029));
#18399=CARTESIAN_POINT('',(3.85,0.324999999999999,0.550000000000029));
#18400=CARTESIAN_POINT('',(3.85,2.7,0.550000000000029));
#18401=CARTESIAN_POINT('',(3.85,0.3,1.27000000000003));
#18402=CARTESIAN_POINT('',(3.65,0.324999999999999,0.425000000000029));
#18403=CARTESIAN_POINT('',(3.65,0.324999999999999,0.550000000000029));
#18404=CARTESIAN_POINT('',(3.65,2.7,0.550000000000029));
#18405=CARTESIAN_POINT('',(3.65,0.3,1.27000000000003));
#18406=CARTESIAN_POINT('',(3.85,0.324999999999999,0.550000000000029));
#18407=CARTESIAN_POINT('',(3.85,2.7,0.550000000000029));
#18408=CARTESIAN_POINT('',(3.85,0.324999999999999,0.425000000000029));
#18409=CARTESIAN_POINT('',(4.35,0.324999999999999,0.425000000000029));
#18410=CARTESIAN_POINT('',(4.35,0.324999999999999,0.550000000000029));
#18411=CARTESIAN_POINT('',(4.35,2.7,0.550000000000029));
#18412=CARTESIAN_POINT('',(4.35,0.3,1.27000000000003));
#18413=CARTESIAN_POINT('',(4.15,0.324999999999999,0.425000000000029));
#18414=CARTESIAN_POINT('',(4.15,0.324999999999999,0.550000000000029));
#18415=CARTESIAN_POINT('',(4.15,2.7,0.550000000000029));
#18416=CARTESIAN_POINT('',(4.15,0.3,1.27000000000003));
#18417=CARTESIAN_POINT('',(4.35,0.324999999999999,0.550000000000029));
#18418=CARTESIAN_POINT('',(4.35,2.7,0.550000000000029));
#18419=CARTESIAN_POINT('',(4.35,0.324999999999999,0.425000000000029));
#18420=CARTESIAN_POINT('',(4.85,0.324999999999999,0.425000000000029));
#18421=CARTESIAN_POINT('',(4.85,0.324999999999999,0.550000000000029));
#18422=CARTESIAN_POINT('',(4.85,2.7,0.550000000000029));
#18423=CARTESIAN_POINT('',(4.85,0.3,1.27000000000003));
#18424=CARTESIAN_POINT('',(4.65,0.324999999999999,0.425000000000029));
#18425=CARTESIAN_POINT('',(4.65,0.324999999999999,0.550000000000029));
#18426=CARTESIAN_POINT('',(4.65,2.7,0.550000000000029));
#18427=CARTESIAN_POINT('',(4.65,0.3,1.27000000000003));
#18428=CARTESIAN_POINT('',(4.85,0.324999999999999,0.550000000000029));
#18429=CARTESIAN_POINT('',(4.85,2.7,0.550000000000029));
#18430=CARTESIAN_POINT('',(4.85,0.324999999999999,0.425000000000029));
#18431=CARTESIAN_POINT('',(5.35,0.324999999999999,0.425000000000029));
#18432=CARTESIAN_POINT('',(5.35,0.324999999999999,0.550000000000029));
#18433=CARTESIAN_POINT('',(5.35,2.7,0.550000000000029));
#18434=CARTESIAN_POINT('',(5.35,0.3,1.27000000000003));
#18435=CARTESIAN_POINT('',(5.15,0.324999999999999,0.425000000000029));
#18436=CARTESIAN_POINT('',(5.15,0.324999999999999,0.550000000000029));
#18437=CARTESIAN_POINT('',(5.15,2.7,0.550000000000029));
#18438=CARTESIAN_POINT('',(5.15,0.3,1.27000000000003));
#18439=CARTESIAN_POINT('',(5.35,0.324999999999999,0.550000000000029));
#18440=CARTESIAN_POINT('',(5.35,2.7,0.550000000000029));
#18441=CARTESIAN_POINT('',(5.35,0.324999999999999,0.425000000000029));
#18442=CARTESIAN_POINT('',(-5.85,3.7,0.78000000000003));
#18443=CARTESIAN_POINT('',(-5.85,3.7,0.78000000000003));
#18444=CARTESIAN_POINT('',(-5.65,3.7,0.78000000000003));
#18445=CARTESIAN_POINT('',(-5.65,3.7,0.78000000000003));
#18446=CARTESIAN_POINT('',(-5.65,3.7,0.78000000000003));
#18447=CARTESIAN_POINT('',(-5.65,3.7,0.78000000000003));
#18448=CARTESIAN_POINT('',(-5.65,3.35,0.300000000000029));
#18449=CARTESIAN_POINT('',(-5.65,3.35,-0.0399999999999705));
#18450=CARTESIAN_POINT('',(-5.65,3.35,-0.0399999999999705));
#18451=CARTESIAN_POINT('',(-5.65,4.2,-0.0399999999999705));
#18452=CARTESIAN_POINT('',(-5.65,4.2,-0.0399999999999705));
#18453=CARTESIAN_POINT('',(-5.65,4.2,0.14000000000003));
#18454=CARTESIAN_POINT('',(-5.65,4.2,0.14000000000003));
#18455=CARTESIAN_POINT('',(-5.65,3.7,0.140000000000029));
#18456=CARTESIAN_POINT('',(-5.65,3.7,0.140000000000029));
#18457=CARTESIAN_POINT('',(-5.65,0.3,1.27000000000003));
#18458=CARTESIAN_POINT('',(-5.85,3.7,0.140000000000029));
#18459=CARTESIAN_POINT('',(-5.85,3.7,0.140000000000029));
#18460=CARTESIAN_POINT('',(-5.85,4.2,0.14000000000003));
#18461=CARTESIAN_POINT('',(-5.85,4.2,0.14000000000003));
#18462=CARTESIAN_POINT('',(-5.85,4.2,-0.0399999999999705));
#18463=CARTESIAN_POINT('',(-5.85,4.2,-0.0399999999999705));
#18464=CARTESIAN_POINT('',(-5.85,3.35,-0.0399999999999705));
#18465=CARTESIAN_POINT('',(-5.85,3.35,-0.0399999999999705));
#18466=CARTESIAN_POINT('',(-5.85,3.35,0.300000000000029));
#18467=CARTESIAN_POINT('',(-5.85,0.3,1.27000000000003));
#18468=CARTESIAN_POINT('',(-5.65,3.35,-0.0399999999999705));
#18469=CARTESIAN_POINT('',(-5.65,3.35,0.300000000000029));
#18470=CARTESIAN_POINT('',(-5.65,4.2,-0.0399999999999705));
#18471=CARTESIAN_POINT('',(-5.65,3.35,-0.0399999999999705));
#18472=CARTESIAN_POINT('',(-5.65,4.2,0.14000000000003));
#18473=CARTESIAN_POINT('',(-5.65,4.2,-0.0399999999999705));
#18474=CARTESIAN_POINT('',(-5.65,3.7,0.140000000000029));
#18475=CARTESIAN_POINT('',(-5.65,4.2,0.14000000000003));
#18476=CARTESIAN_POINT('',(-5.65,3.7,0.140000000000029));
#18477=CARTESIAN_POINT('',(-5.35,3.7,0.78000000000003));
#18478=CARTESIAN_POINT('',(-5.35,3.7,0.78000000000003));
#18479=CARTESIAN_POINT('',(-5.15,3.7,0.78000000000003));
#18480=CARTESIAN_POINT('',(-5.15,3.7,0.78000000000003));
#18481=CARTESIAN_POINT('',(-5.15,3.7,0.78000000000003));
#18482=CARTESIAN_POINT('',(-5.15,3.7,0.78000000000003));
#18483=CARTESIAN_POINT('',(-5.15,3.35,0.300000000000029));
#18484=CARTESIAN_POINT('',(-5.15,3.35,-0.0399999999999705));
#18485=CARTESIAN_POINT('',(-5.15,3.35,-0.0399999999999705));
#18486=CARTESIAN_POINT('',(-5.15,4.2,-0.0399999999999705));
#18487=CARTESIAN_POINT('',(-5.15,4.2,-0.0399999999999705));
#18488=CARTESIAN_POINT('',(-5.15,4.2,0.14000000000003));
#18489=CARTESIAN_POINT('',(-5.15,4.2,0.14000000000003));
#18490=CARTESIAN_POINT('',(-5.15,3.7,0.140000000000029));
#18491=CARTESIAN_POINT('',(-5.15,3.7,0.140000000000029));
#18492=CARTESIAN_POINT('',(-5.15,0.3,1.27000000000003));
#18493=CARTESIAN_POINT('',(-5.35,3.7,0.140000000000029));
#18494=CARTESIAN_POINT('',(-5.35,3.7,0.140000000000029));
#18495=CARTESIAN_POINT('',(-5.35,4.2,0.14000000000003));
#18496=CARTESIAN_POINT('',(-5.35,4.2,0.14000000000003));
#18497=CARTESIAN_POINT('',(-5.35,4.2,-0.0399999999999705));
#18498=CARTESIAN_POINT('',(-5.35,4.2,-0.0399999999999705));
#18499=CARTESIAN_POINT('',(-5.35,3.35,-0.0399999999999705));
#18500=CARTESIAN_POINT('',(-5.35,3.35,-0.0399999999999705));
#18501=CARTESIAN_POINT('',(-5.35,3.35,0.300000000000029));
#18502=CARTESIAN_POINT('',(-5.35,0.3,1.27000000000003));
#18503=CARTESIAN_POINT('',(-5.15,3.35,-0.0399999999999705));
#18504=CARTESIAN_POINT('',(-5.15,3.35,0.300000000000029));
#18505=CARTESIAN_POINT('',(-5.15,4.2,-0.0399999999999705));
#18506=CARTESIAN_POINT('',(-5.15,3.35,-0.0399999999999705));
#18507=CARTESIAN_POINT('',(-5.15,4.2,0.14000000000003));
#18508=CARTESIAN_POINT('',(-5.15,4.2,-0.0399999999999705));
#18509=CARTESIAN_POINT('',(-5.15,3.7,0.140000000000029));
#18510=CARTESIAN_POINT('',(-5.15,4.2,0.14000000000003));
#18511=CARTESIAN_POINT('',(-5.15,3.7,0.140000000000029));
#18512=CARTESIAN_POINT('',(-4.85,3.7,0.78000000000003));
#18513=CARTESIAN_POINT('',(-4.85,3.7,0.78000000000003));
#18514=CARTESIAN_POINT('',(-4.65,3.7,0.78000000000003));
#18515=CARTESIAN_POINT('',(-4.65,3.7,0.78000000000003));
#18516=CARTESIAN_POINT('',(-4.65,3.7,0.78000000000003));
#18517=CARTESIAN_POINT('',(-4.65,3.7,0.78000000000003));
#18518=CARTESIAN_POINT('',(-4.65,3.35,0.300000000000029));
#18519=CARTESIAN_POINT('',(-4.65,3.35,-0.0399999999999705));
#18520=CARTESIAN_POINT('',(-4.65,3.35,-0.0399999999999705));
#18521=CARTESIAN_POINT('',(-4.65,4.2,-0.0399999999999705));
#18522=CARTESIAN_POINT('',(-4.65,4.2,-0.0399999999999705));
#18523=CARTESIAN_POINT('',(-4.65,4.2,0.14000000000003));
#18524=CARTESIAN_POINT('',(-4.65,4.2,0.14000000000003));
#18525=CARTESIAN_POINT('',(-4.65,3.7,0.140000000000029));
#18526=CARTESIAN_POINT('',(-4.65,3.7,0.140000000000029));
#18527=CARTESIAN_POINT('',(-4.65,0.3,1.27000000000003));
#18528=CARTESIAN_POINT('',(-4.85,3.7,0.140000000000029));
#18529=CARTESIAN_POINT('',(-4.85,3.7,0.140000000000029));
#18530=CARTESIAN_POINT('',(-4.85,4.2,0.14000000000003));
#18531=CARTESIAN_POINT('',(-4.85,4.2,0.14000000000003));
#18532=CARTESIAN_POINT('',(-4.85,4.2,-0.0399999999999705));
#18533=CARTESIAN_POINT('',(-4.85,4.2,-0.0399999999999705));
#18534=CARTESIAN_POINT('',(-4.85,3.35,-0.0399999999999705));
#18535=CARTESIAN_POINT('',(-4.85,3.35,-0.0399999999999705));
#18536=CARTESIAN_POINT('',(-4.85,3.35,0.300000000000029));
#18537=CARTESIAN_POINT('',(-4.85,0.3,1.27000000000003));
#18538=CARTESIAN_POINT('',(-4.65,3.35,-0.0399999999999705));
#18539=CARTESIAN_POINT('',(-4.65,3.35,0.300000000000029));
#18540=CARTESIAN_POINT('',(-4.65,4.2,-0.0399999999999705));
#18541=CARTESIAN_POINT('',(-4.65,3.35,-0.0399999999999705));
#18542=CARTESIAN_POINT('',(-4.65,4.2,0.14000000000003));
#18543=CARTESIAN_POINT('',(-4.65,4.2,-0.0399999999999705));
#18544=CARTESIAN_POINT('',(-4.65,3.7,0.140000000000029));
#18545=CARTESIAN_POINT('',(-4.65,4.2,0.14000000000003));
#18546=CARTESIAN_POINT('',(-4.65,3.7,0.140000000000029));
#18547=CARTESIAN_POINT('',(-4.35,3.7,0.78000000000003));
#18548=CARTESIAN_POINT('',(-4.35,3.7,0.78000000000003));
#18549=CARTESIAN_POINT('',(-4.15,3.7,0.78000000000003));
#18550=CARTESIAN_POINT('',(-4.15,3.7,0.78000000000003));
#18551=CARTESIAN_POINT('',(-4.15,3.7,0.78000000000003));
#18552=CARTESIAN_POINT('',(-4.15,3.7,0.78000000000003));
#18553=CARTESIAN_POINT('',(-4.15,3.35,0.300000000000029));
#18554=CARTESIAN_POINT('',(-4.15,3.35,-0.0399999999999705));
#18555=CARTESIAN_POINT('',(-4.15,3.35,-0.0399999999999705));
#18556=CARTESIAN_POINT('',(-4.15,4.2,-0.0399999999999705));
#18557=CARTESIAN_POINT('',(-4.15,4.2,-0.0399999999999705));
#18558=CARTESIAN_POINT('',(-4.15,4.2,0.14000000000003));
#18559=CARTESIAN_POINT('',(-4.15,4.2,0.14000000000003));
#18560=CARTESIAN_POINT('',(-4.15,3.7,0.140000000000029));
#18561=CARTESIAN_POINT('',(-4.15,3.7,0.140000000000029));
#18562=CARTESIAN_POINT('',(-4.15,0.3,1.27000000000003));
#18563=CARTESIAN_POINT('',(-4.35,3.7,0.140000000000029));
#18564=CARTESIAN_POINT('',(-4.35,3.7,0.140000000000029));
#18565=CARTESIAN_POINT('',(-4.35,4.2,0.14000000000003));
#18566=CARTESIAN_POINT('',(-4.35,4.2,0.14000000000003));
#18567=CARTESIAN_POINT('',(-4.35,4.2,-0.0399999999999705));
#18568=CARTESIAN_POINT('',(-4.35,4.2,-0.0399999999999705));
#18569=CARTESIAN_POINT('',(-4.35,3.35,-0.0399999999999705));
#18570=CARTESIAN_POINT('',(-4.35,3.35,-0.0399999999999705));
#18571=CARTESIAN_POINT('',(-4.35,3.35,0.300000000000029));
#18572=CARTESIAN_POINT('',(-4.35,0.3,1.27000000000003));
#18573=CARTESIAN_POINT('',(-4.15,3.35,-0.0399999999999705));
#18574=CARTESIAN_POINT('',(-4.15,3.35,0.300000000000029));
#18575=CARTESIAN_POINT('',(-4.15,4.2,-0.0399999999999705));
#18576=CARTESIAN_POINT('',(-4.15,3.35,-0.0399999999999705));
#18577=CARTESIAN_POINT('',(-4.15,4.2,0.14000000000003));
#18578=CARTESIAN_POINT('',(-4.15,4.2,-0.0399999999999705));
#18579=CARTESIAN_POINT('',(-4.15,3.7,0.140000000000029));
#18580=CARTESIAN_POINT('',(-4.15,4.2,0.14000000000003));
#18581=CARTESIAN_POINT('',(-4.15,3.7,0.140000000000029));
#18582=CARTESIAN_POINT('',(-3.85,3.7,0.78000000000003));
#18583=CARTESIAN_POINT('',(-3.85,3.7,0.78000000000003));
#18584=CARTESIAN_POINT('',(-3.65,3.7,0.78000000000003));
#18585=CARTESIAN_POINT('',(-3.65,3.7,0.78000000000003));
#18586=CARTESIAN_POINT('',(-3.65,3.7,0.78000000000003));
#18587=CARTESIAN_POINT('',(-3.65,3.7,0.78000000000003));
#18588=CARTESIAN_POINT('',(-3.65,3.35,0.300000000000029));
#18589=CARTESIAN_POINT('',(-3.65,3.35,-0.0399999999999705));
#18590=CARTESIAN_POINT('',(-3.65,3.35,-0.0399999999999705));
#18591=CARTESIAN_POINT('',(-3.65,4.2,-0.0399999999999705));
#18592=CARTESIAN_POINT('',(-3.65,4.2,-0.0399999999999705));
#18593=CARTESIAN_POINT('',(-3.65,4.2,0.14000000000003));
#18594=CARTESIAN_POINT('',(-3.65,4.2,0.14000000000003));
#18595=CARTESIAN_POINT('',(-3.65,3.7,0.140000000000029));
#18596=CARTESIAN_POINT('',(-3.65,3.7,0.140000000000029));
#18597=CARTESIAN_POINT('',(-3.65,0.3,1.27000000000003));
#18598=CARTESIAN_POINT('',(-3.85,3.7,0.140000000000029));
#18599=CARTESIAN_POINT('',(-3.85,3.7,0.140000000000029));
#18600=CARTESIAN_POINT('',(-3.85,4.2,0.14000000000003));
#18601=CARTESIAN_POINT('',(-3.85,4.2,0.14000000000003));
#18602=CARTESIAN_POINT('',(-3.85,4.2,-0.0399999999999705));
#18603=CARTESIAN_POINT('',(-3.85,4.2,-0.0399999999999705));
#18604=CARTESIAN_POINT('',(-3.85,3.35,-0.0399999999999705));
#18605=CARTESIAN_POINT('',(-3.85,3.35,-0.0399999999999705));
#18606=CARTESIAN_POINT('',(-3.85,3.35,0.300000000000029));
#18607=CARTESIAN_POINT('',(-3.85,0.3,1.27000000000003));
#18608=CARTESIAN_POINT('',(-3.65,3.35,-0.0399999999999705));
#18609=CARTESIAN_POINT('',(-3.65,3.35,0.300000000000029));
#18610=CARTESIAN_POINT('',(-3.65,4.2,-0.0399999999999705));
#18611=CARTESIAN_POINT('',(-3.65,3.35,-0.0399999999999705));
#18612=CARTESIAN_POINT('',(-3.65,4.2,0.14000000000003));
#18613=CARTESIAN_POINT('',(-3.65,4.2,-0.0399999999999705));
#18614=CARTESIAN_POINT('',(-3.65,3.7,0.140000000000029));
#18615=CARTESIAN_POINT('',(-3.65,4.2,0.14000000000003));
#18616=CARTESIAN_POINT('',(-3.65,3.7,0.140000000000029));
#18617=CARTESIAN_POINT('',(-3.35,3.7,0.78000000000003));
#18618=CARTESIAN_POINT('',(-3.35,3.7,0.78000000000003));
#18619=CARTESIAN_POINT('',(-3.15,3.7,0.78000000000003));
#18620=CARTESIAN_POINT('',(-3.15,3.7,0.78000000000003));
#18621=CARTESIAN_POINT('',(-3.15,3.7,0.78000000000003));
#18622=CARTESIAN_POINT('',(-3.15,3.7,0.78000000000003));
#18623=CARTESIAN_POINT('',(-3.15,3.35,0.300000000000029));
#18624=CARTESIAN_POINT('',(-3.15,3.35,-0.0399999999999705));
#18625=CARTESIAN_POINT('',(-3.15,3.35,-0.0399999999999705));
#18626=CARTESIAN_POINT('',(-3.15,4.2,-0.0399999999999705));
#18627=CARTESIAN_POINT('',(-3.15,4.2,-0.0399999999999705));
#18628=CARTESIAN_POINT('',(-3.15,4.2,0.14000000000003));
#18629=CARTESIAN_POINT('',(-3.15,4.2,0.14000000000003));
#18630=CARTESIAN_POINT('',(-3.15,3.7,0.140000000000029));
#18631=CARTESIAN_POINT('',(-3.15,3.7,0.140000000000029));
#18632=CARTESIAN_POINT('',(-3.15,0.3,1.27000000000003));
#18633=CARTESIAN_POINT('',(-3.35,3.7,0.140000000000029));
#18634=CARTESIAN_POINT('',(-3.35,3.7,0.140000000000029));
#18635=CARTESIAN_POINT('',(-3.35,4.2,0.14000000000003));
#18636=CARTESIAN_POINT('',(-3.35,4.2,0.14000000000003));
#18637=CARTESIAN_POINT('',(-3.35,4.2,-0.0399999999999705));
#18638=CARTESIAN_POINT('',(-3.35,4.2,-0.0399999999999705));
#18639=CARTESIAN_POINT('',(-3.35,3.35,-0.0399999999999705));
#18640=CARTESIAN_POINT('',(-3.35,3.35,-0.0399999999999705));
#18641=CARTESIAN_POINT('',(-3.35,3.35,0.300000000000029));
#18642=CARTESIAN_POINT('',(-3.35,0.3,1.27000000000003));
#18643=CARTESIAN_POINT('',(-3.15,3.35,-0.0399999999999705));
#18644=CARTESIAN_POINT('',(-3.15,3.35,0.300000000000029));
#18645=CARTESIAN_POINT('',(-3.15,4.2,-0.0399999999999705));
#18646=CARTESIAN_POINT('',(-3.15,3.35,-0.0399999999999705));
#18647=CARTESIAN_POINT('',(-3.15,4.2,0.14000000000003));
#18648=CARTESIAN_POINT('',(-3.15,4.2,-0.0399999999999705));
#18649=CARTESIAN_POINT('',(-3.15,3.7,0.140000000000029));
#18650=CARTESIAN_POINT('',(-3.15,4.2,0.14000000000003));
#18651=CARTESIAN_POINT('',(-3.15,3.7,0.140000000000029));
#18652=CARTESIAN_POINT('',(-2.85,3.7,0.78000000000003));
#18653=CARTESIAN_POINT('',(-2.85,3.7,0.78000000000003));
#18654=CARTESIAN_POINT('',(-2.65,3.7,0.78000000000003));
#18655=CARTESIAN_POINT('',(-2.65,3.7,0.78000000000003));
#18656=CARTESIAN_POINT('',(-2.65,3.7,0.78000000000003));
#18657=CARTESIAN_POINT('',(-2.65,3.7,0.78000000000003));
#18658=CARTESIAN_POINT('',(-2.65,3.35,0.300000000000029));
#18659=CARTESIAN_POINT('',(-2.65,3.35,-0.0399999999999705));
#18660=CARTESIAN_POINT('',(-2.65,3.35,-0.0399999999999705));
#18661=CARTESIAN_POINT('',(-2.65,4.2,-0.0399999999999705));
#18662=CARTESIAN_POINT('',(-2.65,4.2,-0.0399999999999705));
#18663=CARTESIAN_POINT('',(-2.65,4.2,0.14000000000003));
#18664=CARTESIAN_POINT('',(-2.65,4.2,0.14000000000003));
#18665=CARTESIAN_POINT('',(-2.65,3.7,0.140000000000029));
#18666=CARTESIAN_POINT('',(-2.65,3.7,0.140000000000029));
#18667=CARTESIAN_POINT('',(-2.65,0.3,1.27000000000003));
#18668=CARTESIAN_POINT('',(-2.85,3.7,0.140000000000029));
#18669=CARTESIAN_POINT('',(-2.85,3.7,0.140000000000029));
#18670=CARTESIAN_POINT('',(-2.85,4.2,0.14000000000003));
#18671=CARTESIAN_POINT('',(-2.85,4.2,0.14000000000003));
#18672=CARTESIAN_POINT('',(-2.85,4.2,-0.0399999999999705));
#18673=CARTESIAN_POINT('',(-2.85,4.2,-0.0399999999999705));
#18674=CARTESIAN_POINT('',(-2.85,3.35,-0.0399999999999705));
#18675=CARTESIAN_POINT('',(-2.85,3.35,-0.0399999999999705));
#18676=CARTESIAN_POINT('',(-2.85,3.35,0.300000000000029));
#18677=CARTESIAN_POINT('',(-2.85,0.3,1.27000000000003));
#18678=CARTESIAN_POINT('',(-2.65,3.35,-0.0399999999999705));
#18679=CARTESIAN_POINT('',(-2.65,3.35,0.300000000000029));
#18680=CARTESIAN_POINT('',(-2.65,4.2,-0.0399999999999705));
#18681=CARTESIAN_POINT('',(-2.65,3.35,-0.0399999999999705));
#18682=CARTESIAN_POINT('',(-2.65,4.2,0.14000000000003));
#18683=CARTESIAN_POINT('',(-2.65,4.2,-0.0399999999999705));
#18684=CARTESIAN_POINT('',(-2.65,3.7,0.140000000000029));
#18685=CARTESIAN_POINT('',(-2.65,4.2,0.14000000000003));
#18686=CARTESIAN_POINT('',(-2.65,3.7,0.140000000000029));
#18687=CARTESIAN_POINT('',(-2.35,3.7,0.78000000000003));
#18688=CARTESIAN_POINT('',(-2.35,3.7,0.78000000000003));
#18689=CARTESIAN_POINT('',(-2.15,3.7,0.78000000000003));
#18690=CARTESIAN_POINT('',(-2.15,3.7,0.78000000000003));
#18691=CARTESIAN_POINT('',(-2.15,3.7,0.78000000000003));
#18692=CARTESIAN_POINT('',(-2.15,3.7,0.78000000000003));
#18693=CARTESIAN_POINT('',(-2.15,3.35,0.300000000000029));
#18694=CARTESIAN_POINT('',(-2.15,3.35,-0.0399999999999705));
#18695=CARTESIAN_POINT('',(-2.15,3.35,-0.0399999999999705));
#18696=CARTESIAN_POINT('',(-2.15,4.2,-0.0399999999999705));
#18697=CARTESIAN_POINT('',(-2.15,4.2,-0.0399999999999705));
#18698=CARTESIAN_POINT('',(-2.15,4.2,0.14000000000003));
#18699=CARTESIAN_POINT('',(-2.15,4.2,0.14000000000003));
#18700=CARTESIAN_POINT('',(-2.15,3.7,0.140000000000029));
#18701=CARTESIAN_POINT('',(-2.15,3.7,0.140000000000029));
#18702=CARTESIAN_POINT('',(-2.15,0.3,1.27000000000003));
#18703=CARTESIAN_POINT('',(-2.35,3.7,0.140000000000029));
#18704=CARTESIAN_POINT('',(-2.35,3.7,0.140000000000029));
#18705=CARTESIAN_POINT('',(-2.35,4.2,0.14000000000003));
#18706=CARTESIAN_POINT('',(-2.35,4.2,0.14000000000003));
#18707=CARTESIAN_POINT('',(-2.35,4.2,-0.0399999999999705));
#18708=CARTESIAN_POINT('',(-2.35,4.2,-0.0399999999999705));
#18709=CARTESIAN_POINT('',(-2.35,3.35,-0.0399999999999705));
#18710=CARTESIAN_POINT('',(-2.35,3.35,-0.0399999999999705));
#18711=CARTESIAN_POINT('',(-2.35,3.35,0.300000000000029));
#18712=CARTESIAN_POINT('',(-2.35,0.3,1.27000000000003));
#18713=CARTESIAN_POINT('',(-2.15,3.35,-0.0399999999999705));
#18714=CARTESIAN_POINT('',(-2.15,3.35,0.300000000000029));
#18715=CARTESIAN_POINT('',(-2.15,4.2,-0.0399999999999705));
#18716=CARTESIAN_POINT('',(-2.15,3.35,-0.0399999999999705));
#18717=CARTESIAN_POINT('',(-2.15,4.2,0.14000000000003));
#18718=CARTESIAN_POINT('',(-2.15,4.2,-0.0399999999999705));
#18719=CARTESIAN_POINT('',(-2.15,3.7,0.140000000000029));
#18720=CARTESIAN_POINT('',(-2.15,4.2,0.14000000000003));
#18721=CARTESIAN_POINT('',(-2.15,3.7,0.140000000000029));
#18722=CARTESIAN_POINT('',(-1.85,3.7,0.78000000000003));
#18723=CARTESIAN_POINT('',(-1.85,3.7,0.78000000000003));
#18724=CARTESIAN_POINT('',(-1.65,3.7,0.78000000000003));
#18725=CARTESIAN_POINT('',(-1.65,3.7,0.78000000000003));
#18726=CARTESIAN_POINT('',(-1.65,3.7,0.78000000000003));
#18727=CARTESIAN_POINT('',(-1.65,3.7,0.78000000000003));
#18728=CARTESIAN_POINT('',(-1.65,3.35,0.300000000000029));
#18729=CARTESIAN_POINT('',(-1.65,3.35,-0.0399999999999705));
#18730=CARTESIAN_POINT('',(-1.65,3.35,-0.0399999999999705));
#18731=CARTESIAN_POINT('',(-1.65,4.2,-0.0399999999999705));
#18732=CARTESIAN_POINT('',(-1.65,4.2,-0.0399999999999705));
#18733=CARTESIAN_POINT('',(-1.65,4.2,0.14000000000003));
#18734=CARTESIAN_POINT('',(-1.65,4.2,0.14000000000003));
#18735=CARTESIAN_POINT('',(-1.65,3.7,0.140000000000029));
#18736=CARTESIAN_POINT('',(-1.65,3.7,0.140000000000029));
#18737=CARTESIAN_POINT('',(-1.65,0.3,1.27000000000003));
#18738=CARTESIAN_POINT('',(-1.85,3.7,0.140000000000029));
#18739=CARTESIAN_POINT('',(-1.85,3.7,0.140000000000029));
#18740=CARTESIAN_POINT('',(-1.85,4.2,0.14000000000003));
#18741=CARTESIAN_POINT('',(-1.85,4.2,0.14000000000003));
#18742=CARTESIAN_POINT('',(-1.85,4.2,-0.0399999999999705));
#18743=CARTESIAN_POINT('',(-1.85,4.2,-0.0399999999999705));
#18744=CARTESIAN_POINT('',(-1.85,3.35,-0.0399999999999705));
#18745=CARTESIAN_POINT('',(-1.85,3.35,-0.0399999999999705));
#18746=CARTESIAN_POINT('',(-1.85,3.35,0.300000000000029));
#18747=CARTESIAN_POINT('',(-1.85,0.3,1.27000000000003));
#18748=CARTESIAN_POINT('',(-1.65,3.35,-0.0399999999999705));
#18749=CARTESIAN_POINT('',(-1.65,3.35,0.300000000000029));
#18750=CARTESIAN_POINT('',(-1.65,4.2,-0.0399999999999705));
#18751=CARTESIAN_POINT('',(-1.65,3.35,-0.0399999999999705));
#18752=CARTESIAN_POINT('',(-1.65,4.2,0.14000000000003));
#18753=CARTESIAN_POINT('',(-1.65,4.2,-0.0399999999999705));
#18754=CARTESIAN_POINT('',(-1.65,3.7,0.140000000000029));
#18755=CARTESIAN_POINT('',(-1.65,4.2,0.14000000000003));
#18756=CARTESIAN_POINT('',(-1.65,3.7,0.140000000000029));
#18757=CARTESIAN_POINT('',(-1.35,3.7,0.78000000000003));
#18758=CARTESIAN_POINT('',(-1.35,3.7,0.78000000000003));
#18759=CARTESIAN_POINT('',(-1.15,3.7,0.78000000000003));
#18760=CARTESIAN_POINT('',(-1.15,3.7,0.78000000000003));
#18761=CARTESIAN_POINT('',(-1.15,3.7,0.78000000000003));
#18762=CARTESIAN_POINT('',(-1.15,3.7,0.78000000000003));
#18763=CARTESIAN_POINT('',(-1.15,3.35,0.300000000000029));
#18764=CARTESIAN_POINT('',(-1.15,3.35,-0.0399999999999705));
#18765=CARTESIAN_POINT('',(-1.15,3.35,-0.0399999999999705));
#18766=CARTESIAN_POINT('',(-1.15,4.2,-0.0399999999999705));
#18767=CARTESIAN_POINT('',(-1.15,4.2,-0.0399999999999705));
#18768=CARTESIAN_POINT('',(-1.15,4.2,0.14000000000003));
#18769=CARTESIAN_POINT('',(-1.15,4.2,0.14000000000003));
#18770=CARTESIAN_POINT('',(-1.15,3.7,0.140000000000029));
#18771=CARTESIAN_POINT('',(-1.15,3.7,0.140000000000029));
#18772=CARTESIAN_POINT('',(-1.15,0.3,1.27000000000003));
#18773=CARTESIAN_POINT('',(-1.35,3.7,0.140000000000029));
#18774=CARTESIAN_POINT('',(-1.35,3.7,0.140000000000029));
#18775=CARTESIAN_POINT('',(-1.35,4.2,0.14000000000003));
#18776=CARTESIAN_POINT('',(-1.35,4.2,0.14000000000003));
#18777=CARTESIAN_POINT('',(-1.35,4.2,-0.0399999999999705));
#18778=CARTESIAN_POINT('',(-1.35,4.2,-0.0399999999999705));
#18779=CARTESIAN_POINT('',(-1.35,3.35,-0.0399999999999705));
#18780=CARTESIAN_POINT('',(-1.35,3.35,-0.0399999999999705));
#18781=CARTESIAN_POINT('',(-1.35,3.35,0.300000000000029));
#18782=CARTESIAN_POINT('',(-1.35,0.3,1.27000000000003));
#18783=CARTESIAN_POINT('',(-1.15,3.35,-0.0399999999999705));
#18784=CARTESIAN_POINT('',(-1.15,3.35,0.300000000000029));
#18785=CARTESIAN_POINT('',(-1.15,4.2,-0.0399999999999705));
#18786=CARTESIAN_POINT('',(-1.15,3.35,-0.0399999999999705));
#18787=CARTESIAN_POINT('',(-1.15,4.2,0.14000000000003));
#18788=CARTESIAN_POINT('',(-1.15,4.2,-0.0399999999999705));
#18789=CARTESIAN_POINT('',(-1.15,3.7,0.140000000000029));
#18790=CARTESIAN_POINT('',(-1.15,4.2,0.14000000000003));
#18791=CARTESIAN_POINT('',(-1.15,3.7,0.140000000000029));
#18792=CARTESIAN_POINT('',(-0.85,3.7,0.78000000000003));
#18793=CARTESIAN_POINT('',(-0.85,3.7,0.78000000000003));
#18794=CARTESIAN_POINT('',(-0.65,3.7,0.78000000000003));
#18795=CARTESIAN_POINT('',(-0.65,3.7,0.78000000000003));
#18796=CARTESIAN_POINT('',(-0.65,3.7,0.78000000000003));
#18797=CARTESIAN_POINT('',(-0.65,3.7,0.78000000000003));
#18798=CARTESIAN_POINT('',(-0.65,3.35,0.300000000000029));
#18799=CARTESIAN_POINT('',(-0.65,3.35,-0.0399999999999705));
#18800=CARTESIAN_POINT('',(-0.65,3.35,-0.0399999999999705));
#18801=CARTESIAN_POINT('',(-0.65,4.2,-0.0399999999999705));
#18802=CARTESIAN_POINT('',(-0.65,4.2,-0.0399999999999705));
#18803=CARTESIAN_POINT('',(-0.65,4.2,0.14000000000003));
#18804=CARTESIAN_POINT('',(-0.65,4.2,0.14000000000003));
#18805=CARTESIAN_POINT('',(-0.65,3.7,0.140000000000029));
#18806=CARTESIAN_POINT('',(-0.65,3.7,0.140000000000029));
#18807=CARTESIAN_POINT('',(-0.65,0.3,1.27000000000003));
#18808=CARTESIAN_POINT('',(-0.85,3.7,0.140000000000029));
#18809=CARTESIAN_POINT('',(-0.85,3.7,0.140000000000029));
#18810=CARTESIAN_POINT('',(-0.85,4.2,0.14000000000003));
#18811=CARTESIAN_POINT('',(-0.85,4.2,0.14000000000003));
#18812=CARTESIAN_POINT('',(-0.85,4.2,-0.0399999999999705));
#18813=CARTESIAN_POINT('',(-0.85,4.2,-0.0399999999999705));
#18814=CARTESIAN_POINT('',(-0.85,3.35,-0.0399999999999705));
#18815=CARTESIAN_POINT('',(-0.85,3.35,-0.0399999999999705));
#18816=CARTESIAN_POINT('',(-0.85,3.35,0.300000000000029));
#18817=CARTESIAN_POINT('',(-0.85,0.3,1.27000000000003));
#18818=CARTESIAN_POINT('',(-0.65,3.35,-0.0399999999999705));
#18819=CARTESIAN_POINT('',(-0.65,3.35,0.300000000000029));
#18820=CARTESIAN_POINT('',(-0.65,4.2,-0.0399999999999705));
#18821=CARTESIAN_POINT('',(-0.65,3.35,-0.0399999999999705));
#18822=CARTESIAN_POINT('',(-0.65,4.2,0.14000000000003));
#18823=CARTESIAN_POINT('',(-0.65,4.2,-0.0399999999999705));
#18824=CARTESIAN_POINT('',(-0.65,3.7,0.140000000000029));
#18825=CARTESIAN_POINT('',(-0.65,4.2,0.14000000000003));
#18826=CARTESIAN_POINT('',(-0.65,3.7,0.140000000000029));
#18827=CARTESIAN_POINT('',(-0.35,3.7,0.78000000000003));
#18828=CARTESIAN_POINT('',(-0.35,3.7,0.78000000000003));
#18829=CARTESIAN_POINT('',(-0.15,3.7,0.78000000000003));
#18830=CARTESIAN_POINT('',(-0.15,3.7,0.78000000000003));
#18831=CARTESIAN_POINT('',(-0.15,3.7,0.78000000000003));
#18832=CARTESIAN_POINT('',(-0.15,3.7,0.78000000000003));
#18833=CARTESIAN_POINT('',(-0.15,3.35,0.300000000000029));
#18834=CARTESIAN_POINT('',(-0.15,3.35,-0.0399999999999705));
#18835=CARTESIAN_POINT('',(-0.15,3.35,-0.0399999999999705));
#18836=CARTESIAN_POINT('',(-0.15,4.2,-0.0399999999999705));
#18837=CARTESIAN_POINT('',(-0.15,4.2,-0.0399999999999705));
#18838=CARTESIAN_POINT('',(-0.15,4.2,0.14000000000003));
#18839=CARTESIAN_POINT('',(-0.15,4.2,0.14000000000003));
#18840=CARTESIAN_POINT('',(-0.15,3.7,0.140000000000029));
#18841=CARTESIAN_POINT('',(-0.15,3.7,0.140000000000029));
#18842=CARTESIAN_POINT('',(-0.15,0.3,1.27000000000003));
#18843=CARTESIAN_POINT('',(-0.35,3.7,0.140000000000029));
#18844=CARTESIAN_POINT('',(-0.35,3.7,0.140000000000029));
#18845=CARTESIAN_POINT('',(-0.35,4.2,0.14000000000003));
#18846=CARTESIAN_POINT('',(-0.35,4.2,0.14000000000003));
#18847=CARTESIAN_POINT('',(-0.35,4.2,-0.0399999999999705));
#18848=CARTESIAN_POINT('',(-0.35,4.2,-0.0399999999999705));
#18849=CARTESIAN_POINT('',(-0.35,3.35,-0.0399999999999705));
#18850=CARTESIAN_POINT('',(-0.35,3.35,-0.0399999999999705));
#18851=CARTESIAN_POINT('',(-0.35,3.35,0.300000000000029));
#18852=CARTESIAN_POINT('',(-0.35,0.3,1.27000000000003));
#18853=CARTESIAN_POINT('',(-0.15,3.35,-0.0399999999999705));
#18854=CARTESIAN_POINT('',(-0.15,3.35,0.300000000000029));
#18855=CARTESIAN_POINT('',(-0.15,4.2,-0.0399999999999705));
#18856=CARTESIAN_POINT('',(-0.15,3.35,-0.0399999999999705));
#18857=CARTESIAN_POINT('',(-0.15,4.2,0.14000000000003));
#18858=CARTESIAN_POINT('',(-0.15,4.2,-0.0399999999999705));
#18859=CARTESIAN_POINT('',(-0.15,3.7,0.140000000000029));
#18860=CARTESIAN_POINT('',(-0.15,4.2,0.14000000000003));
#18861=CARTESIAN_POINT('',(-0.15,3.7,0.140000000000029));
#18862=CARTESIAN_POINT('',(0.150000000000001,3.7,0.78000000000003));
#18863=CARTESIAN_POINT('',(0.150000000000001,3.7,0.78000000000003));
#18864=CARTESIAN_POINT('',(0.35,3.7,0.78000000000003));
#18865=CARTESIAN_POINT('',(0.35,3.7,0.78000000000003));
#18866=CARTESIAN_POINT('',(0.35,3.7,0.78000000000003));
#18867=CARTESIAN_POINT('',(0.35,3.7,0.78000000000003));
#18868=CARTESIAN_POINT('',(0.35,3.35,0.300000000000029));
#18869=CARTESIAN_POINT('',(0.35,3.35,-0.0399999999999705));
#18870=CARTESIAN_POINT('',(0.35,3.35,-0.0399999999999705));
#18871=CARTESIAN_POINT('',(0.35,4.2,-0.0399999999999705));
#18872=CARTESIAN_POINT('',(0.35,4.2,-0.0399999999999705));
#18873=CARTESIAN_POINT('',(0.35,4.2,0.14000000000003));
#18874=CARTESIAN_POINT('',(0.35,4.2,0.14000000000003));
#18875=CARTESIAN_POINT('',(0.35,3.7,0.140000000000029));
#18876=CARTESIAN_POINT('',(0.35,3.7,0.140000000000029));
#18877=CARTESIAN_POINT('',(0.35,0.3,1.27000000000003));
#18878=CARTESIAN_POINT('',(0.150000000000001,3.7,0.140000000000029));
#18879=CARTESIAN_POINT('',(0.150000000000001,3.7,0.140000000000029));
#18880=CARTESIAN_POINT('',(0.150000000000001,4.2,0.14000000000003));
#18881=CARTESIAN_POINT('',(0.150000000000001,4.2,0.14000000000003));
#18882=CARTESIAN_POINT('',(0.150000000000001,4.2,-0.0399999999999705));
#18883=CARTESIAN_POINT('',(0.150000000000001,4.2,-0.0399999999999705));
#18884=CARTESIAN_POINT('',(0.150000000000001,3.35,-0.0399999999999705));
#18885=CARTESIAN_POINT('',(0.150000000000001,3.35,-0.0399999999999705));
#18886=CARTESIAN_POINT('',(0.150000000000001,3.35,0.300000000000029));
#18887=CARTESIAN_POINT('',(0.150000000000001,0.3,1.27000000000003));
#18888=CARTESIAN_POINT('',(0.35,3.35,-0.0399999999999705));
#18889=CARTESIAN_POINT('',(0.35,3.35,0.300000000000029));
#18890=CARTESIAN_POINT('',(0.35,4.2,-0.0399999999999705));
#18891=CARTESIAN_POINT('',(0.35,3.35,-0.0399999999999705));
#18892=CARTESIAN_POINT('',(0.35,4.2,0.14000000000003));
#18893=CARTESIAN_POINT('',(0.35,4.2,-0.0399999999999705));
#18894=CARTESIAN_POINT('',(0.35,3.7,0.140000000000029));
#18895=CARTESIAN_POINT('',(0.35,4.2,0.14000000000003));
#18896=CARTESIAN_POINT('',(0.35,3.7,0.140000000000029));
#18897=CARTESIAN_POINT('',(0.65,3.7,0.78000000000003));
#18898=CARTESIAN_POINT('',(0.65,3.7,0.78000000000003));
#18899=CARTESIAN_POINT('',(0.85,3.7,0.78000000000003));
#18900=CARTESIAN_POINT('',(0.85,3.7,0.78000000000003));
#18901=CARTESIAN_POINT('',(0.85,3.7,0.78000000000003));
#18902=CARTESIAN_POINT('',(0.85,3.7,0.78000000000003));
#18903=CARTESIAN_POINT('',(0.85,3.35,0.300000000000029));
#18904=CARTESIAN_POINT('',(0.85,3.35,-0.0399999999999705));
#18905=CARTESIAN_POINT('',(0.85,3.35,-0.0399999999999705));
#18906=CARTESIAN_POINT('',(0.85,4.2,-0.0399999999999705));
#18907=CARTESIAN_POINT('',(0.85,4.2,-0.0399999999999705));
#18908=CARTESIAN_POINT('',(0.85,4.2,0.14000000000003));
#18909=CARTESIAN_POINT('',(0.85,4.2,0.14000000000003));
#18910=CARTESIAN_POINT('',(0.85,3.7,0.140000000000029));
#18911=CARTESIAN_POINT('',(0.85,3.7,0.140000000000029));
#18912=CARTESIAN_POINT('',(0.85,0.3,1.27000000000003));
#18913=CARTESIAN_POINT('',(0.65,3.7,0.140000000000029));
#18914=CARTESIAN_POINT('',(0.65,3.7,0.140000000000029));
#18915=CARTESIAN_POINT('',(0.65,4.2,0.14000000000003));
#18916=CARTESIAN_POINT('',(0.65,4.2,0.14000000000003));
#18917=CARTESIAN_POINT('',(0.65,4.2,-0.0399999999999705));
#18918=CARTESIAN_POINT('',(0.65,4.2,-0.0399999999999705));
#18919=CARTESIAN_POINT('',(0.65,3.35,-0.0399999999999705));
#18920=CARTESIAN_POINT('',(0.65,3.35,-0.0399999999999705));
#18921=CARTESIAN_POINT('',(0.65,3.35,0.300000000000029));
#18922=CARTESIAN_POINT('',(0.65,0.3,1.27000000000003));
#18923=CARTESIAN_POINT('',(0.85,3.35,-0.0399999999999705));
#18924=CARTESIAN_POINT('',(0.85,3.35,0.300000000000029));
#18925=CARTESIAN_POINT('',(0.85,4.2,-0.0399999999999705));
#18926=CARTESIAN_POINT('',(0.85,3.35,-0.0399999999999705));
#18927=CARTESIAN_POINT('',(0.85,4.2,0.14000000000003));
#18928=CARTESIAN_POINT('',(0.85,4.2,-0.0399999999999705));
#18929=CARTESIAN_POINT('',(0.85,3.7,0.140000000000029));
#18930=CARTESIAN_POINT('',(0.85,4.2,0.14000000000003));
#18931=CARTESIAN_POINT('',(0.85,3.7,0.140000000000029));
#18932=CARTESIAN_POINT('',(1.15,3.7,0.78000000000003));
#18933=CARTESIAN_POINT('',(1.15,3.7,0.78000000000003));
#18934=CARTESIAN_POINT('',(1.35,3.7,0.78000000000003));
#18935=CARTESIAN_POINT('',(1.35,3.7,0.78000000000003));
#18936=CARTESIAN_POINT('',(1.35,3.7,0.78000000000003));
#18937=CARTESIAN_POINT('',(1.35,3.7,0.78000000000003));
#18938=CARTESIAN_POINT('',(1.35,3.35,0.300000000000029));
#18939=CARTESIAN_POINT('',(1.35,3.35,-0.0399999999999705));
#18940=CARTESIAN_POINT('',(1.35,3.35,-0.0399999999999705));
#18941=CARTESIAN_POINT('',(1.35,4.2,-0.0399999999999705));
#18942=CARTESIAN_POINT('',(1.35,4.2,-0.0399999999999705));
#18943=CARTESIAN_POINT('',(1.35,4.2,0.14000000000003));
#18944=CARTESIAN_POINT('',(1.35,4.2,0.14000000000003));
#18945=CARTESIAN_POINT('',(1.35,3.7,0.140000000000029));
#18946=CARTESIAN_POINT('',(1.35,3.7,0.140000000000029));
#18947=CARTESIAN_POINT('',(1.35,0.3,1.27000000000003));
#18948=CARTESIAN_POINT('',(1.15,3.7,0.140000000000029));
#18949=CARTESIAN_POINT('',(1.15,3.7,0.140000000000029));
#18950=CARTESIAN_POINT('',(1.15,4.2,0.14000000000003));
#18951=CARTESIAN_POINT('',(1.15,4.2,0.14000000000003));
#18952=CARTESIAN_POINT('',(1.15,4.2,-0.0399999999999705));
#18953=CARTESIAN_POINT('',(1.15,4.2,-0.0399999999999705));
#18954=CARTESIAN_POINT('',(1.15,3.35,-0.0399999999999705));
#18955=CARTESIAN_POINT('',(1.15,3.35,-0.0399999999999705));
#18956=CARTESIAN_POINT('',(1.15,3.35,0.300000000000029));
#18957=CARTESIAN_POINT('',(1.15,0.3,1.27000000000003));
#18958=CARTESIAN_POINT('',(1.35,3.35,-0.0399999999999705));
#18959=CARTESIAN_POINT('',(1.35,3.35,0.300000000000029));
#18960=CARTESIAN_POINT('',(1.35,4.2,-0.0399999999999705));
#18961=CARTESIAN_POINT('',(1.35,3.35,-0.0399999999999705));
#18962=CARTESIAN_POINT('',(1.35,4.2,0.14000000000003));
#18963=CARTESIAN_POINT('',(1.35,4.2,-0.0399999999999705));
#18964=CARTESIAN_POINT('',(1.35,3.7,0.140000000000029));
#18965=CARTESIAN_POINT('',(1.35,4.2,0.14000000000003));
#18966=CARTESIAN_POINT('',(1.35,3.7,0.140000000000029));
#18967=CARTESIAN_POINT('',(1.65,3.7,0.78000000000003));
#18968=CARTESIAN_POINT('',(1.65,3.7,0.78000000000003));
#18969=CARTESIAN_POINT('',(1.85,3.7,0.78000000000003));
#18970=CARTESIAN_POINT('',(1.85,3.7,0.78000000000003));
#18971=CARTESIAN_POINT('',(1.85,3.7,0.78000000000003));
#18972=CARTESIAN_POINT('',(1.85,3.7,0.78000000000003));
#18973=CARTESIAN_POINT('',(1.85,3.35,0.300000000000029));
#18974=CARTESIAN_POINT('',(1.85,3.35,-0.0399999999999705));
#18975=CARTESIAN_POINT('',(1.85,3.35,-0.0399999999999705));
#18976=CARTESIAN_POINT('',(1.85,4.2,-0.0399999999999705));
#18977=CARTESIAN_POINT('',(1.85,4.2,-0.0399999999999705));
#18978=CARTESIAN_POINT('',(1.85,4.2,0.14000000000003));
#18979=CARTESIAN_POINT('',(1.85,4.2,0.14000000000003));
#18980=CARTESIAN_POINT('',(1.85,3.7,0.140000000000029));
#18981=CARTESIAN_POINT('',(1.85,3.7,0.140000000000029));
#18982=CARTESIAN_POINT('',(1.85,0.3,1.27000000000003));
#18983=CARTESIAN_POINT('',(1.65,3.7,0.140000000000029));
#18984=CARTESIAN_POINT('',(1.65,3.7,0.140000000000029));
#18985=CARTESIAN_POINT('',(1.65,4.2,0.14000000000003));
#18986=CARTESIAN_POINT('',(1.65,4.2,0.14000000000003));
#18987=CARTESIAN_POINT('',(1.65,4.2,-0.0399999999999705));
#18988=CARTESIAN_POINT('',(1.65,4.2,-0.0399999999999705));
#18989=CARTESIAN_POINT('',(1.65,3.35,-0.0399999999999705));
#18990=CARTESIAN_POINT('',(1.65,3.35,-0.0399999999999705));
#18991=CARTESIAN_POINT('',(1.65,3.35,0.300000000000029));
#18992=CARTESIAN_POINT('',(1.65,0.3,1.27000000000003));
#18993=CARTESIAN_POINT('',(1.85,3.35,-0.0399999999999705));
#18994=CARTESIAN_POINT('',(1.85,3.35,0.300000000000029));
#18995=CARTESIAN_POINT('',(1.85,4.2,-0.0399999999999705));
#18996=CARTESIAN_POINT('',(1.85,3.35,-0.0399999999999705));
#18997=CARTESIAN_POINT('',(1.85,4.2,0.14000000000003));
#18998=CARTESIAN_POINT('',(1.85,4.2,-0.0399999999999705));
#18999=CARTESIAN_POINT('',(1.85,3.7,0.140000000000029));
#19000=CARTESIAN_POINT('',(1.85,4.2,0.14000000000003));
#19001=CARTESIAN_POINT('',(1.85,3.7,0.140000000000029));
#19002=CARTESIAN_POINT('',(2.15,3.7,0.78000000000003));
#19003=CARTESIAN_POINT('',(2.15,3.7,0.78000000000003));
#19004=CARTESIAN_POINT('',(2.35,3.7,0.78000000000003));
#19005=CARTESIAN_POINT('',(2.35,3.7,0.78000000000003));
#19006=CARTESIAN_POINT('',(2.35,3.7,0.78000000000003));
#19007=CARTESIAN_POINT('',(2.35,3.7,0.78000000000003));
#19008=CARTESIAN_POINT('',(2.35,3.35,0.300000000000029));
#19009=CARTESIAN_POINT('',(2.35,3.35,-0.0399999999999705));
#19010=CARTESIAN_POINT('',(2.35,3.35,-0.0399999999999705));
#19011=CARTESIAN_POINT('',(2.35,4.2,-0.0399999999999705));
#19012=CARTESIAN_POINT('',(2.35,4.2,-0.0399999999999705));
#19013=CARTESIAN_POINT('',(2.35,4.2,0.14000000000003));
#19014=CARTESIAN_POINT('',(2.35,4.2,0.14000000000003));
#19015=CARTESIAN_POINT('',(2.35,3.7,0.140000000000029));
#19016=CARTESIAN_POINT('',(2.35,3.7,0.140000000000029));
#19017=CARTESIAN_POINT('',(2.35,0.3,1.27000000000003));
#19018=CARTESIAN_POINT('',(2.15,3.7,0.140000000000029));
#19019=CARTESIAN_POINT('',(2.15,3.7,0.140000000000029));
#19020=CARTESIAN_POINT('',(2.15,4.2,0.14000000000003));
#19021=CARTESIAN_POINT('',(2.15,4.2,0.14000000000003));
#19022=CARTESIAN_POINT('',(2.15,4.2,-0.0399999999999705));
#19023=CARTESIAN_POINT('',(2.15,4.2,-0.0399999999999705));
#19024=CARTESIAN_POINT('',(2.15,3.35,-0.0399999999999705));
#19025=CARTESIAN_POINT('',(2.15,3.35,-0.0399999999999705));
#19026=CARTESIAN_POINT('',(2.15,3.35,0.300000000000029));
#19027=CARTESIAN_POINT('',(2.15,0.3,1.27000000000003));
#19028=CARTESIAN_POINT('',(2.35,3.35,-0.0399999999999705));
#19029=CARTESIAN_POINT('',(2.35,3.35,0.300000000000029));
#19030=CARTESIAN_POINT('',(2.35,4.2,-0.0399999999999705));
#19031=CARTESIAN_POINT('',(2.35,3.35,-0.0399999999999705));
#19032=CARTESIAN_POINT('',(2.35,4.2,0.14000000000003));
#19033=CARTESIAN_POINT('',(2.35,4.2,-0.0399999999999705));
#19034=CARTESIAN_POINT('',(2.35,3.7,0.140000000000029));
#19035=CARTESIAN_POINT('',(2.35,4.2,0.14000000000003));
#19036=CARTESIAN_POINT('',(2.35,3.7,0.140000000000029));
#19037=CARTESIAN_POINT('',(2.65,3.7,0.78000000000003));
#19038=CARTESIAN_POINT('',(2.65,3.7,0.78000000000003));
#19039=CARTESIAN_POINT('',(2.85,3.7,0.78000000000003));
#19040=CARTESIAN_POINT('',(2.85,3.7,0.78000000000003));
#19041=CARTESIAN_POINT('',(2.85,3.7,0.78000000000003));
#19042=CARTESIAN_POINT('',(2.85,3.7,0.78000000000003));
#19043=CARTESIAN_POINT('',(2.85,3.35,0.300000000000029));
#19044=CARTESIAN_POINT('',(2.85,3.35,-0.0399999999999705));
#19045=CARTESIAN_POINT('',(2.85,3.35,-0.0399999999999705));
#19046=CARTESIAN_POINT('',(2.85,4.2,-0.0399999999999705));
#19047=CARTESIAN_POINT('',(2.85,4.2,-0.0399999999999705));
#19048=CARTESIAN_POINT('',(2.85,4.2,0.14000000000003));
#19049=CARTESIAN_POINT('',(2.85,4.2,0.14000000000003));
#19050=CARTESIAN_POINT('',(2.85,3.7,0.140000000000029));
#19051=CARTESIAN_POINT('',(2.85,3.7,0.140000000000029));
#19052=CARTESIAN_POINT('',(2.85,0.3,1.27000000000003));
#19053=CARTESIAN_POINT('',(2.65,3.7,0.140000000000029));
#19054=CARTESIAN_POINT('',(2.65,3.7,0.140000000000029));
#19055=CARTESIAN_POINT('',(2.65,4.2,0.14000000000003));
#19056=CARTESIAN_POINT('',(2.65,4.2,0.14000000000003));
#19057=CARTESIAN_POINT('',(2.65,4.2,-0.0399999999999705));
#19058=CARTESIAN_POINT('',(2.65,4.2,-0.0399999999999705));
#19059=CARTESIAN_POINT('',(2.65,3.35,-0.0399999999999705));
#19060=CARTESIAN_POINT('',(2.65,3.35,-0.0399999999999705));
#19061=CARTESIAN_POINT('',(2.65,3.35,0.300000000000029));
#19062=CARTESIAN_POINT('',(2.65,0.3,1.27000000000003));
#19063=CARTESIAN_POINT('',(2.85,3.35,-0.0399999999999705));
#19064=CARTESIAN_POINT('',(2.85,3.35,0.300000000000029));
#19065=CARTESIAN_POINT('',(2.85,4.2,-0.0399999999999705));
#19066=CARTESIAN_POINT('',(2.85,3.35,-0.0399999999999705));
#19067=CARTESIAN_POINT('',(2.85,4.2,0.14000000000003));
#19068=CARTESIAN_POINT('',(2.85,4.2,-0.0399999999999705));
#19069=CARTESIAN_POINT('',(2.85,3.7,0.140000000000029));
#19070=CARTESIAN_POINT('',(2.85,4.2,0.14000000000003));
#19071=CARTESIAN_POINT('',(2.85,3.7,0.140000000000029));
#19072=CARTESIAN_POINT('',(3.15,3.7,0.78000000000003));
#19073=CARTESIAN_POINT('',(3.15,3.7,0.78000000000003));
#19074=CARTESIAN_POINT('',(3.35,3.7,0.78000000000003));
#19075=CARTESIAN_POINT('',(3.35,3.7,0.78000000000003));
#19076=CARTESIAN_POINT('',(3.35,3.7,0.78000000000003));
#19077=CARTESIAN_POINT('',(3.35,3.7,0.78000000000003));
#19078=CARTESIAN_POINT('',(3.35,3.35,0.300000000000029));
#19079=CARTESIAN_POINT('',(3.35,3.35,-0.0399999999999705));
#19080=CARTESIAN_POINT('',(3.35,3.35,-0.0399999999999705));
#19081=CARTESIAN_POINT('',(3.35,4.2,-0.0399999999999705));
#19082=CARTESIAN_POINT('',(3.35,4.2,-0.0399999999999705));
#19083=CARTESIAN_POINT('',(3.35,4.2,0.14000000000003));
#19084=CARTESIAN_POINT('',(3.35,4.2,0.14000000000003));
#19085=CARTESIAN_POINT('',(3.35,3.7,0.140000000000029));
#19086=CARTESIAN_POINT('',(3.35,3.7,0.140000000000029));
#19087=CARTESIAN_POINT('',(3.35,0.3,1.27000000000003));
#19088=CARTESIAN_POINT('',(3.15,3.7,0.140000000000029));
#19089=CARTESIAN_POINT('',(3.15,3.7,0.140000000000029));
#19090=CARTESIAN_POINT('',(3.15,4.2,0.14000000000003));
#19091=CARTESIAN_POINT('',(3.15,4.2,0.14000000000003));
#19092=CARTESIAN_POINT('',(3.15,4.2,-0.0399999999999705));
#19093=CARTESIAN_POINT('',(3.15,4.2,-0.0399999999999705));
#19094=CARTESIAN_POINT('',(3.15,3.35,-0.0399999999999705));
#19095=CARTESIAN_POINT('',(3.15,3.35,-0.0399999999999705));
#19096=CARTESIAN_POINT('',(3.15,3.35,0.300000000000029));
#19097=CARTESIAN_POINT('',(3.15,0.3,1.27000000000003));
#19098=CARTESIAN_POINT('',(3.35,3.35,-0.0399999999999705));
#19099=CARTESIAN_POINT('',(3.35,3.35,0.300000000000029));
#19100=CARTESIAN_POINT('',(3.35,4.2,-0.0399999999999705));
#19101=CARTESIAN_POINT('',(3.35,3.35,-0.0399999999999705));
#19102=CARTESIAN_POINT('',(3.35,4.2,0.14000000000003));
#19103=CARTESIAN_POINT('',(3.35,4.2,-0.0399999999999705));
#19104=CARTESIAN_POINT('',(3.35,3.7,0.140000000000029));
#19105=CARTESIAN_POINT('',(3.35,4.2,0.14000000000003));
#19106=CARTESIAN_POINT('',(3.35,3.7,0.140000000000029));
#19107=CARTESIAN_POINT('',(3.65,3.7,0.78000000000003));
#19108=CARTESIAN_POINT('',(3.65,3.7,0.78000000000003));
#19109=CARTESIAN_POINT('',(3.85,3.7,0.78000000000003));
#19110=CARTESIAN_POINT('',(3.85,3.7,0.78000000000003));
#19111=CARTESIAN_POINT('',(3.85,3.7,0.78000000000003));
#19112=CARTESIAN_POINT('',(3.85,3.7,0.78000000000003));
#19113=CARTESIAN_POINT('',(3.85,3.35,0.300000000000029));
#19114=CARTESIAN_POINT('',(3.85,3.35,-0.0399999999999705));
#19115=CARTESIAN_POINT('',(3.85,3.35,-0.0399999999999705));
#19116=CARTESIAN_POINT('',(3.85,4.2,-0.0399999999999705));
#19117=CARTESIAN_POINT('',(3.85,4.2,-0.0399999999999705));
#19118=CARTESIAN_POINT('',(3.85,4.2,0.14000000000003));
#19119=CARTESIAN_POINT('',(3.85,4.2,0.14000000000003));
#19120=CARTESIAN_POINT('',(3.85,3.7,0.140000000000029));
#19121=CARTESIAN_POINT('',(3.85,3.7,0.140000000000029));
#19122=CARTESIAN_POINT('',(3.85,0.3,1.27000000000003));
#19123=CARTESIAN_POINT('',(3.65,3.7,0.140000000000029));
#19124=CARTESIAN_POINT('',(3.65,3.7,0.140000000000029));
#19125=CARTESIAN_POINT('',(3.65,4.2,0.14000000000003));
#19126=CARTESIAN_POINT('',(3.65,4.2,0.14000000000003));
#19127=CARTESIAN_POINT('',(3.65,4.2,-0.0399999999999705));
#19128=CARTESIAN_POINT('',(3.65,4.2,-0.0399999999999705));
#19129=CARTESIAN_POINT('',(3.65,3.35,-0.0399999999999705));
#19130=CARTESIAN_POINT('',(3.65,3.35,-0.0399999999999705));
#19131=CARTESIAN_POINT('',(3.65,3.35,0.300000000000029));
#19132=CARTESIAN_POINT('',(3.65,0.3,1.27000000000003));
#19133=CARTESIAN_POINT('',(3.85,3.35,-0.0399999999999705));
#19134=CARTESIAN_POINT('',(3.85,3.35,0.300000000000029));
#19135=CARTESIAN_POINT('',(3.85,4.2,-0.0399999999999705));
#19136=CARTESIAN_POINT('',(3.85,3.35,-0.0399999999999705));
#19137=CARTESIAN_POINT('',(3.85,4.2,0.14000000000003));
#19138=CARTESIAN_POINT('',(3.85,4.2,-0.0399999999999705));
#19139=CARTESIAN_POINT('',(3.85,3.7,0.140000000000029));
#19140=CARTESIAN_POINT('',(3.85,4.2,0.14000000000003));
#19141=CARTESIAN_POINT('',(3.85,3.7,0.140000000000029));
#19142=CARTESIAN_POINT('',(4.15,3.7,0.78000000000003));
#19143=CARTESIAN_POINT('',(4.15,3.7,0.78000000000003));
#19144=CARTESIAN_POINT('',(4.35,3.7,0.78000000000003));
#19145=CARTESIAN_POINT('',(4.35,3.7,0.78000000000003));
#19146=CARTESIAN_POINT('',(4.35,3.7,0.78000000000003));
#19147=CARTESIAN_POINT('',(4.35,3.7,0.78000000000003));
#19148=CARTESIAN_POINT('',(4.35,3.35,0.300000000000029));
#19149=CARTESIAN_POINT('',(4.35,3.35,-0.0399999999999705));
#19150=CARTESIAN_POINT('',(4.35,3.35,-0.0399999999999705));
#19151=CARTESIAN_POINT('',(4.35,4.2,-0.0399999999999705));
#19152=CARTESIAN_POINT('',(4.35,4.2,-0.0399999999999705));
#19153=CARTESIAN_POINT('',(4.35,4.2,0.14000000000003));
#19154=CARTESIAN_POINT('',(4.35,4.2,0.14000000000003));
#19155=CARTESIAN_POINT('',(4.35,3.7,0.140000000000029));
#19156=CARTESIAN_POINT('',(4.35,3.7,0.140000000000029));
#19157=CARTESIAN_POINT('',(4.35,0.3,1.27000000000003));
#19158=CARTESIAN_POINT('',(4.15,3.7,0.140000000000029));
#19159=CARTESIAN_POINT('',(4.15,3.7,0.140000000000029));
#19160=CARTESIAN_POINT('',(4.15,4.2,0.14000000000003));
#19161=CARTESIAN_POINT('',(4.15,4.2,0.14000000000003));
#19162=CARTESIAN_POINT('',(4.15,4.2,-0.0399999999999705));
#19163=CARTESIAN_POINT('',(4.15,4.2,-0.0399999999999705));
#19164=CARTESIAN_POINT('',(4.15,3.35,-0.0399999999999705));
#19165=CARTESIAN_POINT('',(4.15,3.35,-0.0399999999999705));
#19166=CARTESIAN_POINT('',(4.15,3.35,0.300000000000029));
#19167=CARTESIAN_POINT('',(4.15,0.3,1.27000000000003));
#19168=CARTESIAN_POINT('',(4.35,3.35,-0.0399999999999705));
#19169=CARTESIAN_POINT('',(4.35,3.35,0.300000000000029));
#19170=CARTESIAN_POINT('',(4.35,4.2,-0.0399999999999705));
#19171=CARTESIAN_POINT('',(4.35,3.35,-0.0399999999999705));
#19172=CARTESIAN_POINT('',(4.35,4.2,0.14000000000003));
#19173=CARTESIAN_POINT('',(4.35,4.2,-0.0399999999999705));
#19174=CARTESIAN_POINT('',(4.35,3.7,0.140000000000029));
#19175=CARTESIAN_POINT('',(4.35,4.2,0.14000000000003));
#19176=CARTESIAN_POINT('',(4.35,3.7,0.140000000000029));
#19177=CARTESIAN_POINT('',(4.65,3.7,0.78000000000003));
#19178=CARTESIAN_POINT('',(4.65,3.7,0.78000000000003));
#19179=CARTESIAN_POINT('',(4.85,3.7,0.78000000000003));
#19180=CARTESIAN_POINT('',(4.85,3.7,0.78000000000003));
#19181=CARTESIAN_POINT('',(4.85,3.7,0.78000000000003));
#19182=CARTESIAN_POINT('',(4.85,3.7,0.78000000000003));
#19183=CARTESIAN_POINT('',(4.85,3.35,0.300000000000029));
#19184=CARTESIAN_POINT('',(4.85,3.35,-0.0399999999999705));
#19185=CARTESIAN_POINT('',(4.85,3.35,-0.0399999999999705));
#19186=CARTESIAN_POINT('',(4.85,4.2,-0.0399999999999705));
#19187=CARTESIAN_POINT('',(4.85,4.2,-0.0399999999999705));
#19188=CARTESIAN_POINT('',(4.85,4.2,0.14000000000003));
#19189=CARTESIAN_POINT('',(4.85,4.2,0.14000000000003));
#19190=CARTESIAN_POINT('',(4.85,3.7,0.140000000000029));
#19191=CARTESIAN_POINT('',(4.85,3.7,0.140000000000029));
#19192=CARTESIAN_POINT('',(4.85,0.3,1.27000000000003));
#19193=CARTESIAN_POINT('',(4.65,3.7,0.140000000000029));
#19194=CARTESIAN_POINT('',(4.65,3.7,0.140000000000029));
#19195=CARTESIAN_POINT('',(4.65,4.2,0.14000000000003));
#19196=CARTESIAN_POINT('',(4.65,4.2,0.14000000000003));
#19197=CARTESIAN_POINT('',(4.65,4.2,-0.0399999999999705));
#19198=CARTESIAN_POINT('',(4.65,4.2,-0.0399999999999705));
#19199=CARTESIAN_POINT('',(4.65,3.35,-0.0399999999999705));
#19200=CARTESIAN_POINT('',(4.65,3.35,-0.0399999999999705));
#19201=CARTESIAN_POINT('',(4.65,3.35,0.300000000000029));
#19202=CARTESIAN_POINT('',(4.65,0.3,1.27000000000003));
#19203=CARTESIAN_POINT('',(4.85,3.35,-0.0399999999999705));
#19204=CARTESIAN_POINT('',(4.85,3.35,0.300000000000029));
#19205=CARTESIAN_POINT('',(4.85,4.2,-0.0399999999999705));
#19206=CARTESIAN_POINT('',(4.85,3.35,-0.0399999999999705));
#19207=CARTESIAN_POINT('',(4.85,4.2,0.14000000000003));
#19208=CARTESIAN_POINT('',(4.85,4.2,-0.0399999999999705));
#19209=CARTESIAN_POINT('',(4.85,3.7,0.140000000000029));
#19210=CARTESIAN_POINT('',(4.85,4.2,0.14000000000003));
#19211=CARTESIAN_POINT('',(4.85,3.7,0.140000000000029));
#19212=CARTESIAN_POINT('',(5.15,3.7,0.78000000000003));
#19213=CARTESIAN_POINT('',(5.15,3.7,0.78000000000003));
#19214=CARTESIAN_POINT('',(5.35,3.7,0.78000000000003));
#19215=CARTESIAN_POINT('',(5.35,3.7,0.78000000000003));
#19216=CARTESIAN_POINT('',(5.35,3.7,0.78000000000003));
#19217=CARTESIAN_POINT('',(5.35,3.7,0.78000000000003));
#19218=CARTESIAN_POINT('',(5.35,3.35,0.300000000000029));
#19219=CARTESIAN_POINT('',(5.35,3.35,-0.0399999999999705));
#19220=CARTESIAN_POINT('',(5.35,3.35,-0.0399999999999705));
#19221=CARTESIAN_POINT('',(5.35,4.2,-0.0399999999999705));
#19222=CARTESIAN_POINT('',(5.35,4.2,-0.0399999999999705));
#19223=CARTESIAN_POINT('',(5.35,4.2,0.14000000000003));
#19224=CARTESIAN_POINT('',(5.35,4.2,0.14000000000003));
#19225=CARTESIAN_POINT('',(5.35,3.7,0.140000000000029));
#19226=CARTESIAN_POINT('',(5.35,3.7,0.140000000000029));
#19227=CARTESIAN_POINT('',(5.35,0.3,1.27000000000003));
#19228=CARTESIAN_POINT('',(5.15,3.7,0.140000000000029));
#19229=CARTESIAN_POINT('',(5.15,3.7,0.140000000000029));
#19230=CARTESIAN_POINT('',(5.15,4.2,0.14000000000003));
#19231=CARTESIAN_POINT('',(5.15,4.2,0.14000000000003));
#19232=CARTESIAN_POINT('',(5.15,4.2,-0.0399999999999705));
#19233=CARTESIAN_POINT('',(5.15,4.2,-0.0399999999999705));
#19234=CARTESIAN_POINT('',(5.15,3.35,-0.0399999999999705));
#19235=CARTESIAN_POINT('',(5.15,3.35,-0.0399999999999705));
#19236=CARTESIAN_POINT('',(5.15,3.35,0.300000000000029));
#19237=CARTESIAN_POINT('',(5.15,0.3,1.27000000000003));
#19238=CARTESIAN_POINT('',(5.35,3.35,-0.0399999999999705));
#19239=CARTESIAN_POINT('',(5.35,3.35,0.300000000000029));
#19240=CARTESIAN_POINT('',(5.35,4.2,-0.0399999999999705));
#19241=CARTESIAN_POINT('',(5.35,3.35,-0.0399999999999705));
#19242=CARTESIAN_POINT('',(5.35,4.2,0.14000000000003));
#19243=CARTESIAN_POINT('',(5.35,4.2,-0.0399999999999705));
#19244=CARTESIAN_POINT('',(5.35,3.7,0.140000000000029));
#19245=CARTESIAN_POINT('',(5.35,4.2,0.14000000000003));
#19246=CARTESIAN_POINT('',(5.35,3.7,0.140000000000029));
#19247=CARTESIAN_POINT('',(7.025,0.850000000000001,0.203));
#19248=CARTESIAN_POINT('',(0.,0.,0.203));
#19249=CARTESIAN_POINT('',(7.025,2.15,0.203));
#19250=CARTESIAN_POINT('',(6.395,2.15,0.203));
#19251=CARTESIAN_POINT('',(7.025,0.850000000000001,0.203));
#19252=CARTESIAN_POINT('',(7.025,2.15,0.203));
#19253=CARTESIAN_POINT('',(8.1,2.3,0.203));
#19254=CARTESIAN_POINT('',(8.1,0.850000000000001,0.203));
#19255=CARTESIAN_POINT('',(8.1,0.850000000000001,0.203));
#19256=CARTESIAN_POINT('',(8.1,3.15,0.203));
#19257=CARTESIAN_POINT('',(8.1,3.,0.203));
#19258=CARTESIAN_POINT('',(8.1,3.,0.203));
#19259=CARTESIAN_POINT('',(7.025,3.15,0.203));
#19260=CARTESIAN_POINT('',(8.1,3.15,0.203));
#19261=CARTESIAN_POINT('',(7.025,2.85,0.203));
#19262=CARTESIAN_POINT('',(7.025,3.15,0.203));
#19263=CARTESIAN_POINT('',(7.025,2.85,0.203));
#19264=CARTESIAN_POINT('',(7.025,0.850000000000001,0.203));
#19265=CARTESIAN_POINT('',(9.,2.3,0.203));
#19266=CARTESIAN_POINT('',(9.,2.3,0.203));
#19267=CARTESIAN_POINT('',(8.1,2.3,0.203));
#19268=CARTESIAN_POINT('',(8.1,2.3,0.203));
#19269=CARTESIAN_POINT('',(9.,2.5,0.203));
#19270=CARTESIAN_POINT('',(9.,2.5,0.203));
#19271=CARTESIAN_POINT('',(9.,2.3,0.203));
#19272=CARTESIAN_POINT('',(9.,2.3,0.203));
#19273=CARTESIAN_POINT('',(8.5,2.5,0.203));
#19274=CARTESIAN_POINT('',(8.5,2.5,0.203));
#19275=CARTESIAN_POINT('',(9.,2.5,0.203));
#19276=CARTESIAN_POINT('',(9.,2.5,0.203));
#19277=CARTESIAN_POINT('',(8.5,2.8,0.203));
#19278=CARTESIAN_POINT('',(8.5,2.8,0.203));
#19279=CARTESIAN_POINT('',(8.5,2.5,0.203));
#19280=CARTESIAN_POINT('',(8.5,2.5,0.203));
#19281=CARTESIAN_POINT('',(9.,2.8,0.203));
#19282=CARTESIAN_POINT('',(9.,2.8,0.203));
#19283=CARTESIAN_POINT('',(8.5,2.8,0.203));
#19284=CARTESIAN_POINT('',(8.5,2.8,0.203));
#19285=CARTESIAN_POINT('',(9.,3.,0.203));
#19286=CARTESIAN_POINT('',(9.,3.,0.203));
#19287=CARTESIAN_POINT('',(9.,2.8,0.203));
#19288=CARTESIAN_POINT('',(9.,2.8,0.203));
#19289=CARTESIAN_POINT('',(9.,3.,0.203));
#19290=CARTESIAN_POINT('',(9.,3.,0.203));
#19291=CARTESIAN_POINT('',(0.,0.,0.203));
#19292=CARTESIAN_POINT('',(-9.,2.29999999999999,0.203));
#19293=CARTESIAN_POINT('',(-9.,2.29999999999999,0.203));
#19294=CARTESIAN_POINT('',(-8.1,3.,0.203));
#19295=CARTESIAN_POINT('',(-9.,3.,0.203));
#19296=CARTESIAN_POINT('',(-9.,3.,0.203));
#19297=CARTESIAN_POINT('',(-9.,2.79999999999999,0.203));
#19298=CARTESIAN_POINT('',(-9.,2.79999999999999,0.203));
#19299=CARTESIAN_POINT('',(-8.5,2.8,0.203));
#19300=CARTESIAN_POINT('',(-8.5,2.8,0.203));
#19301=CARTESIAN_POINT('',(-8.5,2.49999999999999,0.203));
#19302=CARTESIAN_POINT('',(-8.5,2.49999999999999,0.203));
#19303=CARTESIAN_POINT('',(-9.,2.5,0.203));
#19304=CARTESIAN_POINT('',(-9.,2.5,0.203));
#19305=CARTESIAN_POINT('',(0.,0.,0.203));
#19306=CARTESIAN_POINT('',(-8.1,0.850000000000001,0.203));
#19307=CARTESIAN_POINT('',(0.,0.,0.203));
#19308=CARTESIAN_POINT('',(-8.1,0.850000000000001,0.203));
#19309=CARTESIAN_POINT('',(-8.1,2.3,0.203));
#19310=CARTESIAN_POINT('',(-8.1,2.3,0.203));
#19311=CARTESIAN_POINT('',(-7.025,2.15,0.203));
#19312=CARTESIAN_POINT('',(-7.025,0.850000000000001,0.203));
#19313=CARTESIAN_POINT('',(-7.025,0.850000000000001,0.203));
#19314=CARTESIAN_POINT('',(-7.025,2.15,0.203));
#19315=CARTESIAN_POINT('',(-7.025,2.85,0.203));
#19316=CARTESIAN_POINT('',(-6.395,2.85,0.203));
#19317=CARTESIAN_POINT('',(-7.025,3.15,0.203));
#19318=CARTESIAN_POINT('',(-7.025,2.85,0.203));
#19319=CARTESIAN_POINT('',(-8.1,3.15,0.203));
#19320=CARTESIAN_POINT('',(-7.025,3.15,0.203));
#19321=CARTESIAN_POINT('',(-8.1,3.,0.203));
#19322=CARTESIAN_POINT('',(-8.1,3.15,0.203));
#19323=CARTESIAN_POINT('',(-9.,2.29999999999999,0.203));
#19324=CARTESIAN_POINT('',(-9.,2.5,0.203));
#19325=CARTESIAN_POINT('',(-9.,2.5,0.203));
#19326=CARTESIAN_POINT('',(-9.,2.29999999999999,0.203));
#19327=CARTESIAN_POINT('',(-8.1,0.850000000000001,0.203));
#19328=CARTESIAN_POINT('',(-9.,3.,0.203));
#19329=CARTESIAN_POINT('',(-8.1,3.,0.203));
#19330=CARTESIAN_POINT('',(-9.,2.79999999999999,0.203));
#19331=CARTESIAN_POINT('',(-9.,3.,0.203));
#19332=CARTESIAN_POINT('',(-8.5,2.8,0.203));
#19333=CARTESIAN_POINT('',(-9.,2.79999999999999,0.203));
#19334=CARTESIAN_POINT('',(-8.5,2.49999999999999,0.203));
#19335=CARTESIAN_POINT('',(-8.5,2.8,0.203));
#19336=CARTESIAN_POINT('',(-8.5,2.49999999999999,0.203));
#19337=CARTESIAN_POINT('',(9.3,8.67361737988404E-16,0.219999999999999));
#19338=CARTESIAN_POINT('',(9.3,8.67361737988404E-16,0.219999999999999));
#19339=CARTESIAN_POINT('',(9.3,8.88178419700125E-16,0.219999999999999));
#19340=CARTESIAN_POINT('',(9.3,8.88178419700125E-16,0.219999999999999));
#19341=CARTESIAN_POINT('',(9.3,8.67361737988404E-16,0.219999999999999));
#19342=CARTESIAN_POINT('',(-6.325,1.73472347597681E-15,1.25));
#19343=CARTESIAN_POINT('',(9.3,8.67361737988404E-16,0.219999999999999));
#19344=CARTESIAN_POINT('',(7.8,2.22044604925031E-16,1.57));
#19345=CARTESIAN_POINT('',(7.8,2.22044604925031E-16,1.57));
#19346=CARTESIAN_POINT('',(7.1,2.22044604925031E-16,1.57));
#19347=CARTESIAN_POINT('',(7.1,2.22044604925031E-16,1.57));
#19348=CARTESIAN_POINT('',(7.1,4.10782519111308E-16,0.889999999999998));
#19349=CARTESIAN_POINT('',(7.45,6.66133814775094E-16,0.889999999999998));
#19350=CARTESIAN_POINT('',(6.15,6.66133814775094E-16,0.889999999999998));
#19351=CARTESIAN_POINT('',(6.15,6.66133814775094E-16,1.09));
#19352=CARTESIAN_POINT('',(6.15,6.66133814775094E-16,1.09));
#19353=CARTESIAN_POINT('',(6.15,6.66133814775094E-16,1.09));
#19354=CARTESIAN_POINT('',(-6.15,6.66133814775094E-16,1.09));
#19355=CARTESIAN_POINT('',(-6.15,6.66133814775094E-16,1.09));
#19356=CARTESIAN_POINT('',(-6.15,6.66133814775094E-16,0.889999999999998));
#19357=CARTESIAN_POINT('',(7.45,6.66133814775094E-16,0.889999999999998));
#19358=CARTESIAN_POINT('',(-7.1,4.10782519111308E-16,0.889999999999998));
#19359=CARTESIAN_POINT('',(-7.1,2.22044604925031E-16,1.57));
#19360=CARTESIAN_POINT('',(-7.1,2.22044604925031E-16,1.57));
#19361=CARTESIAN_POINT('',(-7.8,2.22044604925031E-16,1.57));
#19362=CARTESIAN_POINT('',(-7.8,2.22044604925031E-16,1.57));
#19363=CARTESIAN_POINT('',(-7.8,2.22044604925031E-16,1.57));
#19364=CARTESIAN_POINT('',(-7.8,4.44089209850063E-16,0.769999999999999));
#19365=CARTESIAN_POINT('',(-7.8,4.44089209850063E-16,0.769999999999999));
#19366=CARTESIAN_POINT('',(-7.45,4.44089209850063E-16,0.769999999999999));
#19367=CARTESIAN_POINT('',(-7.45,6.66133814775094E-16,0.889999999999998));
#19368=CARTESIAN_POINT('',(-7.45,7.29241228806419E-16,0.559999999999998));
#19369=CARTESIAN_POINT('',(6.15,6.66133814775094E-16,0.559999999999999));
#19370=CARTESIAN_POINT('',(7.45,6.66133814775094E-16,0.559999999999998));
#19371=CARTESIAN_POINT('',(7.45,6.66133814775094E-16,0.889999999999998));
#19372=CARTESIAN_POINT('',(7.45,6.66133814775094E-16,0.769999999999999));
#19373=CARTESIAN_POINT('',(7.8,4.44089209850063E-16,0.769999999999999));
#19374=CARTESIAN_POINT('',(7.8,4.44089209850063E-16,0.769999999999999));
#19375=CARTESIAN_POINT('',(7.8,2.22044604925031E-16,1.57));
#19376=CARTESIAN_POINT('',(9.3,8.88178419700125E-16,0.219999999999999));
#19377=CARTESIAN_POINT('',(9.3,8.67361737988404E-16,0.219999999999999));
#19378=CARTESIAN_POINT('',(-9.3,8.67361737988404E-16,0.219999999999999));
#19379=CARTESIAN_POINT('',(-9.3,8.88178419700125E-16,0.219999999999999));
#19380=CARTESIAN_POINT('',(9.3,8.88178419700125E-16,0.219999999999999));
#19381=CARTESIAN_POINT('',(-7.8,-0.999999999999999,2.12));
#19382=CARTESIAN_POINT('',(-7.55,-0.999999999999999,1.87));
#19383=CARTESIAN_POINT('',(-9.3,-1.,2.12));
#19384=CARTESIAN_POINT('',(-9.3,-0.999999999999999,0.219999999999999));
#19385=CARTESIAN_POINT('',(9.3,-0.999999999999999,0.219999999999999));
#19386=CARTESIAN_POINT('',(9.3,-0.999999999999999,0.219999999999999));
#19387=CARTESIAN_POINT('',(9.3,-1.,2.12));
#19388=CARTESIAN_POINT('',(6.325,-1.,1.25));
#19389=CARTESIAN_POINT('',(6.325,-1.,1.25));
#19390=CARTESIAN_POINT('',(-6.325,-1.,1.25));
#19391=CARTESIAN_POINT('',(-6.325,-1.,1.25));
#19392=CARTESIAN_POINT('',(-6.325,-1.,2.12));
#19393=CARTESIAN_POINT('',(-7.55,-0.999999999999999,1.87));
#19394=CARTESIAN_POINT('',(9.3,-1.,2.12));
#19395=CARTESIAN_POINT('',(7.8,1.87594266810244,0.869999999999997));
#19396=CARTESIAN_POINT('',(7.8,1.87594266810244,0.869999999999997));
#19397=CARTESIAN_POINT('',(7.8,1.87594266810244,1.47));
#19398=CARTESIAN_POINT('',(7.8,1.87594266810244,1.47));
#19399=CARTESIAN_POINT('',(7.8,2.6,1.47));
#19400=CARTESIAN_POINT('',(7.8,2.6,-6.34999999999998));
#19401=CARTESIAN_POINT('',(7.8,2.6,1.57));
#19402=CARTESIAN_POINT('',(7.8,3.1,1.57));
#19403=CARTESIAN_POINT('',(7.8,4.44089209850063E-16,0.769999999999999));
#19404=CARTESIAN_POINT('',(7.8,2.6,0.769999999999999));
#19405=CARTESIAN_POINT('',(7.8,2.6,-6.34999999999998));
#19406=CARTESIAN_POINT('',(7.8,2.6,0.869999999999997));
#19407=CARTESIAN_POINT('',(7.8,1.87594266810244,0.869999999999997));
#19408=CARTESIAN_POINT('',(7.8,0.6,0.869999999999998));
#19409=CARTESIAN_POINT('',(7.8,1.5,0.869999999999996));
#19410=CARTESIAN_POINT('',(7.8,0.6,0.869999999999996));
#19411=CARTESIAN_POINT('',(7.8,0.6,-5.36));
#19412=CARTESIAN_POINT('',(7.8,0.6,1.47));
#19413=CARTESIAN_POINT('',(7.8,0.6,1.47));
#19414=CARTESIAN_POINT('',(7.8,1.5,1.47));
#19415=CARTESIAN_POINT('',(7.8,1.5,-5.36));
#19416=CARTESIAN_POINT('',(7.8,0.,0.));
#19417=CARTESIAN_POINT('',(7.8,2.6,0.869999999999997));
#19418=CARTESIAN_POINT('',(8.07,2.6,0.869999999999997));
#19419=CARTESIAN_POINT('',(8.07,2.6,0.769999999999999));
#19420=CARTESIAN_POINT('',(8.07,2.6,0.769999999999999));
#19421=CARTESIAN_POINT('',(8.07,2.6,-6.34999999999998));
#19422=CARTESIAN_POINT('',(8.07,2.6,-6.34999999999998));
#19423=CARTESIAN_POINT('',(7.45,0.650000000000001,0.769999999999999));
#19424=CARTESIAN_POINT('',(7.45,0.650000000000001,0.769999999999999));
#19425=CARTESIAN_POINT('',(7.1,0.650000000000001,0.769999999999999));
#19426=CARTESIAN_POINT('',(7.45,0.650000000000001,0.559999999999998));
#19427=CARTESIAN_POINT('',(7.45,0.650000000000001,0.559999999999998));
#19428=CARTESIAN_POINT('',(7.45,0.650000000000001,0.559999999999998));
#19429=CARTESIAN_POINT('',(6.15,0.650000000000001,0.559999999999998));
#19430=CARTESIAN_POINT('',(6.15,0.65,-2.13554973368357E-16));
#19431=CARTESIAN_POINT('',(6.15,0.650000000000001,0.889999999999998));
#19432=CARTESIAN_POINT('',(7.45,0.650000000000001,0.889999999999998));
#19433=CARTESIAN_POINT('',(7.1,0.650000000000001,0.889999999999998));
#19434=CARTESIAN_POINT('',(7.1,0.650000000000001,0.559999999999998));
#19435=CARTESIAN_POINT('',(7.45,0.650000000000001,0.559999999999998));
#19436=CARTESIAN_POINT('',(7.1,0.650000000000001,0.889999999999998));
#19437=CARTESIAN_POINT('',(6.15,0.,0.889999999999998));
#19438=CARTESIAN_POINT('',(7.45,0.650000000000001,0.889999999999998));
#19439=CARTESIAN_POINT('',(7.45,-1.07720731975979E-16,0.769999999999999));
#19440=CARTESIAN_POINT('',(7.45,6.66133814775094E-16,0.559999999999998));
#19441=CARTESIAN_POINT('',(7.45,0.,0.));
#19442=CARTESIAN_POINT('',(-7.8,1.87594266810244,1.47));
#19443=CARTESIAN_POINT('',(-7.8,1.87594266810244,1.47));
#19444=CARTESIAN_POINT('',(-7.8,2.6,1.47));
#19445=CARTESIAN_POINT('',(-7.8,1.87594266810244,0.869999999999997));
#19446=CARTESIAN_POINT('',(-7.8,1.87594266810244,0.869999999999997));
#19447=CARTESIAN_POINT('',(-7.8,1.87594266810244,0.869999999999997));
#19448=CARTESIAN_POINT('',(-7.8,2.6,0.869999999999997));
#19449=CARTESIAN_POINT('',(-7.8,2.6,-6.34999999999999));
#19450=CARTESIAN_POINT('',(-7.8,2.6,0.769999999999999));
#19451=CARTESIAN_POINT('',(-7.8,4.44089209850063E-16,0.769999999999999));
#19452=CARTESIAN_POINT('',(-7.8,3.1,1.57));
#19453=CARTESIAN_POINT('',(-7.8,2.6,1.57));
#19454=CARTESIAN_POINT('',(-7.8,2.6,-6.34999999999999));
#19455=CARTESIAN_POINT('',(-7.8,0.6,-5.36));
#19456=CARTESIAN_POINT('',(-7.8,0.6,0.869999999999996));
#19457=CARTESIAN_POINT('',(-7.8,0.6,1.47));
#19458=CARTESIAN_POINT('',(-7.8,0.6,0.869999999999998));
#19459=CARTESIAN_POINT('',(-7.8,1.5,0.869999999999996));
#19460=CARTESIAN_POINT('',(-7.8,1.5,-5.36));
#19461=CARTESIAN_POINT('',(-7.8,1.5,1.47));
#19462=CARTESIAN_POINT('',(-7.8,0.6,1.47));
#19463=CARTESIAN_POINT('',(-7.8,0.,0.));
#19464=CARTESIAN_POINT('',(-7.8,2.6,0.869999999999997));
#19465=CARTESIAN_POINT('',(-8.07,2.6,0.869999999999997));
#19466=CARTESIAN_POINT('',(-8.07,2.6,-6.34999999999999));
#19467=CARTESIAN_POINT('',(-8.07,2.6,0.769999999999999));
#19468=CARTESIAN_POINT('',(-8.07,2.6,0.769999999999999));
#19469=CARTESIAN_POINT('',(-8.07,2.6,-6.34999999999999));
#19470=CARTESIAN_POINT('',(6.15,6.66133814775094E-16,0.559999999999999));
#19471=CARTESIAN_POINT('',(6.15,1.5,0.559999999999999));
#19472=CARTESIAN_POINT('',(6.15,1.5,1.09));
#19473=CARTESIAN_POINT('',(6.15,1.5,1.09));
#19474=CARTESIAN_POINT('',(6.15,0.,0.));
#19475=CARTESIAN_POINT('',(-6.15,6.66133814775094E-16,0.559999999999999));
#19476=CARTESIAN_POINT('',(-6.15,0.650000000000001,0.559999999999999));
#19477=CARTESIAN_POINT('',(-6.15,0.65,-2.13554973368357E-16));
#19478=CARTESIAN_POINT('',(-6.15,0.650000000000001,0.889999999999998));
#19479=CARTESIAN_POINT('',(-6.15,0.,0.889999999999998));
#19480=CARTESIAN_POINT('',(-6.15,1.5,1.09));
#19481=CARTESIAN_POINT('',(-6.15,1.5,1.09));
#19482=CARTESIAN_POINT('',(-6.15,1.5,0.559999999999999));
#19483=CARTESIAN_POINT('',(-6.15,0.,0.));
#19484=CARTESIAN_POINT('',(-9.3,-0.999999999999999,0.219999999999999));
#19485=CARTESIAN_POINT('',(9.3,-0.999999999999999,0.219999999999999));
#19486=CARTESIAN_POINT('',(9.3,-0.999999999999999,0.219999999999999));
#19487=CARTESIAN_POINT('',(9.3,0.,0.));
#19488=CARTESIAN_POINT('',(-9.3,0.,0.));
#19489=CARTESIAN_POINT('',(-6.325,8.9,1.25));
#19490=CARTESIAN_POINT('',(-6.325,8.9,2.12));
#19491=CARTESIAN_POINT('',(6.325,8.9,1.25));
#19492=CARTESIAN_POINT('',(-6.325,8.9,1.25));
#19493=CARTESIAN_POINT('',(6.325,8.9,1.25));
#19494=CARTESIAN_POINT('',(-7.45,6.66133814775094E-16,0.559999999999998));
#19495=CARTESIAN_POINT('',(-7.45,0.650000000000001,0.559999999999998));
#19496=CARTESIAN_POINT('',(7.45,0.650000000000001,0.559999999999998));
#19497=CARTESIAN_POINT('',(6.15,6.66133814775094E-16,0.559999999999999));
#19498=CARTESIAN_POINT('',(6.15,1.5,1.09));
#19499=CARTESIAN_POINT('',(6.15,1.5,0.559999999999999));
#19500=CARTESIAN_POINT('',(6.15,1.5,1.09));
#19501=CARTESIAN_POINT('',(7.45,0.650000000000001,0.889999999999998));
#19502=CARTESIAN_POINT('',(-7.1,0.650000000000001,0.889999999999998));
#19503=CARTESIAN_POINT('',(-7.1,0.650000000000001,0.889999999999998));
#19504=CARTESIAN_POINT('',(7.45,0.650000000000001,0.889999999999998));
#19505=CARTESIAN_POINT('',(-7.45,0.650000000000001,0.559999999999998));
#19506=CARTESIAN_POINT('',(-7.45,0.650000000000001,0.769999999999999));
#19507=CARTESIAN_POINT('',(7.45,0.650000000000001,0.769999999999999));
#19508=CARTESIAN_POINT('',(-7.1,0.650000000000001,0.769999999999999));
#19509=CARTESIAN_POINT('',(-7.1,0.650000000000001,0.559999999999998));
#19510=CARTESIAN_POINT('',(7.45,0.650000000000001,0.559999999999998));
#19511=CARTESIAN_POINT('',(-7.45,-1.07720731975979E-16,0.769999999999999));
#19512=CARTESIAN_POINT('',(-7.45,0.,0.));
#19513=CARTESIAN_POINT('',(-7.1,4.44089209850063E-16,0.769999999999999));
#19514=CARTESIAN_POINT('',(-7.1,3.1,0.769999999999999));
#19515=CARTESIAN_POINT('',(-7.1,3.1,0.769999999999999));
#19516=CARTESIAN_POINT('',(-7.1,3.1,1.57));
#19517=CARTESIAN_POINT('',(-7.1,3.1,1.57));
#19518=CARTESIAN_POINT('',(-7.1,0.,0.));
#19519=CARTESIAN_POINT('',(-8.07,3.1,0.769999999999999));
#19520=CARTESIAN_POINT('',(-8.07,3.1,0.769999999999999));
#19521=CARTESIAN_POINT('',(-7.8,3.1,0.769999999999999));
#19522=CARTESIAN_POINT('',(-7.8,4.44089209850063E-16,0.769999999999999));
#19523=CARTESIAN_POINT('',(-8.07,3.1,-6.34999999999999));
#19524=CARTESIAN_POINT('',(-8.07,3.1,1.57));
#19525=CARTESIAN_POINT('',(-7.8,3.1,1.57));
#19526=CARTESIAN_POINT('',(-7.8,3.1,0.769999999999999));
#19527=CARTESIAN_POINT('',(-8.07,3.1,1.57));
#19528=CARTESIAN_POINT('',(-8.07,2.6,1.57));
#19529=CARTESIAN_POINT('',(-8.07,2.6,1.57));
#19530=CARTESIAN_POINT('',(-7.8,3.1,1.57));
#19531=CARTESIAN_POINT('',(-7.8,2.6,1.47));
#19532=CARTESIAN_POINT('',(-8.07,2.6,1.47));
#19533=CARTESIAN_POINT('',(-8.07,2.6,-6.34999999999999));
#19534=CARTESIAN_POINT('',(-8.07,2.6,-6.34999999999999));
#19535=CARTESIAN_POINT('',(-8.07,2.6,0.869999999999997));
#19536=CARTESIAN_POINT('',(-8.07,3.1,-6.34999999999999));
#19537=CARTESIAN_POINT('',(-8.07,2.6,1.47));
#19538=CARTESIAN_POINT('',(-8.22,1.87594266810244,1.47));
#19539=CARTESIAN_POINT('',(-8.07,2.6,0.869999999999997));
#19540=CARTESIAN_POINT('',(-8.22,1.87594266810244,0.869999999999997));
#19541=CARTESIAN_POINT('',(-8.22,1.87594266810244,0.869999999999997));
#19542=CARTESIAN_POINT('',(-8.07,2.6,0.869999999999997));
#19543=CARTESIAN_POINT('',(-8.22,1.87594266810244,1.47));
#19544=CARTESIAN_POINT('',(-8.22,1.87594266810244,0.869999999999997));
#19545=CARTESIAN_POINT('',(-8.22,1.87594266810244,0.869999999999997));
#19546=CARTESIAN_POINT('',(8.57252759403147E-17,0.,0.869999999999997));
#19547=CARTESIAN_POINT('',(1.22464679914735E-17,0.,1.47));
#19548=CARTESIAN_POINT('',(-7.97,0.894448637286709,0.869999999999998));
#19549=CARTESIAN_POINT('',(-7.97,0.89444863728671,0.869999999999996));
#19550=CARTESIAN_POINT('',(-7.97,1.33,0.869999999999998));
#19551=CARTESIAN_POINT('',(-7.97,1.33,0.869999999999996));
#19552=CARTESIAN_POINT('',(-7.8,1.5,0.869999999999998));
#19553=CARTESIAN_POINT('',(8.57252759403147E-17,0.,0.869999999999997));
#19554=CARTESIAN_POINT('',(-7.97,1.33,1.47));
#19555=CARTESIAN_POINT('',(-7.97,0.89444863728671,1.47));
#19556=CARTESIAN_POINT('',(-7.97,1.33,1.47));
#19557=CARTESIAN_POINT('',(-7.97,0.894448637286709,1.47));
#19558=CARTESIAN_POINT('',(-7.8,1.5,1.47));
#19559=CARTESIAN_POINT('',(1.22464679914735E-17,0.,1.47));
#19560=CARTESIAN_POINT('',(-7.97,0.89444863728671,-5.36));
#19561=CARTESIAN_POINT('',(-7.97,0.89444863728671,-5.36));
#19562=CARTESIAN_POINT('',(-7.97,1.33,-5.36));
#19563=CARTESIAN_POINT('',(-7.97,1.33,-5.36));
#19564=CARTESIAN_POINT('',(-7.8,1.5,-5.36));
#19565=CARTESIAN_POINT('',(7.1,4.44089209850063E-16,0.769999999999999));
#19566=CARTESIAN_POINT('',(7.1,3.1,0.769999999999999));
#19567=CARTESIAN_POINT('',(7.1,3.1,1.57));
#19568=CARTESIAN_POINT('',(7.1,3.1,1.57));
#19569=CARTESIAN_POINT('',(7.1,3.1,0.769999999999999));
#19570=CARTESIAN_POINT('',(7.1,0.,0.));
#19571=CARTESIAN_POINT('',(7.8,3.1,0.769999999999999));
#19572=CARTESIAN_POINT('',(8.07,3.1,0.769999999999999));
#19573=CARTESIAN_POINT('',(8.07,3.1,0.769999999999999));
#19574=CARTESIAN_POINT('',(7.8,4.44089209850063E-16,0.769999999999999));
#19575=CARTESIAN_POINT('',(7.8,3.1,1.57));
#19576=CARTESIAN_POINT('',(8.07,3.1,1.57));
#19577=CARTESIAN_POINT('',(8.07,3.1,-6.34999999999998));
#19578=CARTESIAN_POINT('',(7.8,3.1,0.769999999999999));
#19579=CARTESIAN_POINT('',(8.07,2.6,1.57));
#19580=CARTESIAN_POINT('',(8.07,2.6,1.57));
#19581=CARTESIAN_POINT('',(8.07,3.1,1.57));
#19582=CARTESIAN_POINT('',(7.8,3.1,1.57));
#19583=CARTESIAN_POINT('',(7.8,2.6,1.47));
#19584=CARTESIAN_POINT('',(8.07,2.6,1.47));
#19585=CARTESIAN_POINT('',(8.07,2.6,-6.34999999999998));
#19586=CARTESIAN_POINT('',(8.07,2.6,-6.34999999999998));
#19587=CARTESIAN_POINT('',(8.07,2.6,0.869999999999997));
#19588=CARTESIAN_POINT('',(8.07,3.1,-6.34999999999998));
#19589=CARTESIAN_POINT('',(8.07,2.6,1.47));
#19590=CARTESIAN_POINT('',(8.22,1.87594266810244,1.47));
#19591=CARTESIAN_POINT('',(8.22,1.87594266810244,0.869999999999997));
#19592=CARTESIAN_POINT('',(8.22,1.87594266810244,0.869999999999997));
#19593=CARTESIAN_POINT('',(8.07,2.6,0.869999999999997));
#19594=CARTESIAN_POINT('',(8.07,2.6,0.869999999999997));
#19595=CARTESIAN_POINT('',(8.22,1.87594266810244,1.47));
#19596=CARTESIAN_POINT('',(8.22,1.87594266810244,0.869999999999997));
#19597=CARTESIAN_POINT('',(8.22,1.87594266810244,0.869999999999997));
#19598=CARTESIAN_POINT('',(-8.57252759403147E-17,0.,0.869999999999997));
#19599=CARTESIAN_POINT('',(-1.22464679914735E-17,0.,1.47));
#19600=CARTESIAN_POINT('',(7.97,1.33,0.869999999999998));
#19601=CARTESIAN_POINT('',(7.97,0.89444863728671,0.869999999999996));
#19602=CARTESIAN_POINT('',(7.97,1.33,0.869999999999996));
#19603=CARTESIAN_POINT('',(7.97,0.894448637286709,0.869999999999998));
#19604=CARTESIAN_POINT('',(7.8,1.5,0.869999999999998));
#19605=CARTESIAN_POINT('',(-8.57252759403147E-17,0.,0.869999999999997));
#19606=CARTESIAN_POINT('',(7.97,0.89444863728671,-5.36));
#19607=CARTESIAN_POINT('',(7.97,0.89444863728671,1.47));
#19608=CARTESIAN_POINT('',(7.97,0.894448637286709,1.47));
#19609=CARTESIAN_POINT('',(7.97,0.89444863728671,-5.36));
#19610=CARTESIAN_POINT('',(7.97,1.33,-5.36));
#19611=CARTESIAN_POINT('',(7.97,1.33,1.47));
#19612=CARTESIAN_POINT('',(7.97,1.33,1.47));
#19613=CARTESIAN_POINT('',(7.97,1.33,-5.36));
#19614=CARTESIAN_POINT('',(7.8,1.5,1.47));
#19615=CARTESIAN_POINT('',(7.8,1.5,-5.36));
#19616=CARTESIAN_POINT('',(-1.22464679914735E-17,0.,1.47));
#19617=CARTESIAN_POINT('',(-7.55,-0.949999999999999,1.87));
#19618=CARTESIAN_POINT('',(-7.55,-0.949999999999999,1.87));
#19619=CARTESIAN_POINT('',(-7.8,-0.949999999999999,2.12));
#19620=CARTESIAN_POINT('',(-7.8,-0.949999999999999,2.12));
#19621=CARTESIAN_POINT('',(-7.55,-0.949999999999999,1.87));
#19622=CARTESIAN_POINT('',(-7.55,-0.949999999999999,1.87));
#19623=CARTESIAN_POINT('',(0.,-0.949999999999999,0.));
#19624=MECHANICAL_DESIGN_GEOMETRIC_PRESENTATION_REPRESENTATION('',(#24),
#19625);
#19625=(
GEOMETRIC_REPRESENTATION_CONTEXT(3)
GLOBAL_UNCERTAINTY_ASSIGNED_CONTEXT((#19626))
GLOBAL_UNIT_ASSIGNED_CONTEXT((#19632,#19628,#19627))
REPRESENTATION_CONTEXT('524352471wbm000_01_214',
'TOP_LEVEL_ASSEMBLY_PART')
);
#19626=UNCERTAINTY_MEASURE_WITH_UNIT(LENGTH_MEASURE(2.E-5),#19632,
'DISTANCE_ACCURACY_VALUE','Maximum Tolerance applied to model');
#19627=(
NAMED_UNIT(*)
SI_UNIT($,.STERADIAN.)
SOLID_ANGLE_UNIT()
);
#19628=(
CONVERSION_BASED_UNIT('DEGREE',#19630)
NAMED_UNIT(#19629)
PLANE_ANGLE_UNIT()
);
#19629=DIMENSIONAL_EXPONENTS(0.,0.,0.,0.,0.,0.,0.);
#19630=PLANE_ANGLE_MEASURE_WITH_UNIT(PLANE_ANGLE_MEASURE(0.0174532925),
#19631);
#19631=(
NAMED_UNIT(*)
PLANE_ANGLE_UNIT()
SI_UNIT($,.RADIAN.)
);
#19632=(
LENGTH_UNIT()
NAMED_UNIT(*)
SI_UNIT(.MILLI.,.METRE.)
);
ENDSEC;
END-ISO-10303-21;
