ISO-10303-21;
HEADER;
FILE_DESCRIPTION (( 'STEP AP214' ),
    '1' );
FILE_NAME ('SMCJ12A.STEP',
    '2025-02-11T11:22:09',
    ( '' ),
    ( '' ),
    'SwSTEP 2.0',
    'SolidWorks 2020',
    '' );
FILE_SCHEMA (( 'AUTOMOTIVE_DESIGN' ));
ENDSEC;

DATA;
#1 = DIRECTION ( 'NONE',  ( -1.000000000000000000, 0.000000000000000000, 0.000000000000000000 ) ) ;
#2 = CARTESIAN_POINT ( 'NONE',  ( -3.739999999999999769, 0.2799999999999999711, 1.525000000000000133 ) ) ;
#3 = ADVANCED_FACE ( 'NONE', ( #1523 ), #2183, .T. ) ;
#4 = VECTOR ( 'NONE', #1716, 1000.000000000000000 ) ;
#5 = ADVANCED_FACE ( 'NONE', ( #1321 ), #1353, .T. ) ;
#6 = ORIENTED_EDGE ( 'NONE', *, *, #1605, .T. ) ;
#7 = CIRCLE ( 'NONE', #1234, 0.1999999999999998168 ) ;
#8 = DIRECTION ( 'NONE',  ( -1.000000000000000000, 0.000000000000000000, 0.000000000000000000 ) ) ;
#9 = LINE ( 'NONE', #1377, #1394 ) ;
#10 = ORIENTED_EDGE ( 'NONE', *, *, #1750, .T. ) ;
#11 = ORIENTED_EDGE ( 'NONE', *, *, #1616, .T. ) ;
#12 = LINE ( 'NONE', #2070, #100 ) ;
#13 = LINE ( 'NONE', #1901, #1292 ) ;
#14 = AXIS2_PLACEMENT_3D ( 'NONE', #439, #825, #2208 ) ;
#15 = EDGE_CURVE ( 'NONE', #1412, #1877, #1498, .T. ) ;
#16 = VECTOR ( 'NONE', #1652, 1000.000000000000000 ) ;
#17 = ORIENTED_EDGE ( 'NONE', *, *, #1907, .T. ) ;
#18 = DIRECTION ( 'NONE',  ( 1.000000000000000000, 0.000000000000000000, -6.326489700863630112E-17 ) ) ;
#19 = ORIENTED_EDGE ( 'NONE', *, *, #225, .T. ) ;
#20 = DIRECTION ( 'NONE',  ( 0.1209742911513558006, 0.9852565360152929497, -0.1209742911513558006 ) ) ;
#21 = EDGE_LOOP ( 'NONE', ( #1128, #959, #1468, #586 ) ) ;
#22 = ORIENTED_EDGE ( 'NONE', *, *, #892, .T. ) ;
#23 = EDGE_LOOP ( 'NONE', ( #2084, #1938, #35, #523 ) ) ;
#24 = DIRECTION ( 'NONE',  ( 0.000000000000000000, 2.168404344971007685E-15, 1.000000000000000000 ) ) ;
#25 = LINE ( 'NONE', #2129, #969 ) ;
#26 = CIRCLE ( 'NONE', #361, 0.2000000000000002331 ) ;
#27 = VECTOR ( 'NONE', #1676, 1000.000000000000000 ) ;
#28 = VERTEX_POINT ( 'NONE', #463 ) ;
#29 = VECTOR ( 'NONE', #1649, 1000.000000000000000 ) ;
#30 = ORIENTED_EDGE ( 'NONE', *, *, #2086, .T. ) ;
#31 = DIRECTION ( 'NONE',  ( 0.9925461516413220942, -0.1218693434051472124, 0.000000000000000000 ) ) ;
#32 = EDGE_CURVE ( 'NONE', #1168, #1564, #1476, .T. ) ;
#33 = PLANE ( 'NONE',  #727 ) ;
#34 = ADVANCED_FACE ( 'NONE', ( #2024 ), #115, .F. ) ;
#35 = ORIENTED_EDGE ( 'NONE', *, *, #1750, .F. ) ;
#36 = PRESENTATION_STYLE_ASSIGNMENT (( #213 ) ) ;
#37 = DIRECTION ( 'NONE',  ( 0.000000000000000000, -0.1218693434051487529, -0.9925461516413218721 ) ) ;
#38 = DIRECTION ( 'NONE',  ( 0.000000000000000000, 0.000000000000000000, -1.000000000000000000 ) ) ;
#39 = ORIENTED_EDGE ( 'NONE', *, *, #32, .T. ) ;
#40 = VECTOR ( 'NONE', #1136, 1000.000000000000000 ) ;
#41 = ORIENTED_EDGE ( 'NONE', *, *, #1058, .T. ) ;
#42 = CARTESIAN_POINT ( 'NONE',  ( 3.231895908410785001, 1.401339543687841749, -2.955405138739049864 ) ) ;
#43 = DIRECTION ( 'NONE',  ( 0.000000000000000000, 0.000000000000000000, -1.000000000000000000 ) ) ;
#44 = EDGE_CURVE ( 'NONE', #965, #1918, #2197, .T. ) ;
#45 = DIRECTION ( 'NONE',  ( 0.1209742911513556063, 0.9852565360152929497, 0.1209742911513558006 ) ) ;
#46 = ORIENTED_EDGE ( 'NONE', *, *, #1271, .F. ) ;
#47 = DIRECTION ( 'NONE',  ( 0.000000000000000000, 0.000000000000000000, 1.000000000000000000 ) ) ;
#48 = DIRECTION ( 'NONE',  ( 1.000000000000000000, 0.000000000000000000, 0.000000000000000000 ) ) ;
#49 = ORIENTED_EDGE ( 'NONE', *, *, #1566, .T. ) ;
#50 = ADVANCED_FACE ( 'NONE', ( #975 ), #90, .T. ) ;
#51 = AXIS2_PLACEMENT_3D ( 'NONE', #1879, #1528, #129 ) ;
#52 = EDGE_LOOP ( 'NONE', ( #1057, #700, #2206, #1423 ) ) ;
#53 = DIRECTION ( 'NONE',  ( 1.000000000000000000, 0.000000000000000000, -1.533884804630369866E-16 ) ) ;
#54 = DIRECTION ( 'NONE',  ( 0.000000000000000000, 0.000000000000000000, 1.000000000000000000 ) ) ;
#55 = CARTESIAN_POINT ( 'NONE',  ( 3.343986768037975121, 2.105160692418544865, -2.670477537709710081 ) ) ;
#56 = EDGE_LOOP ( 'NONE', ( #76, #1723, #1981, #487 ) ) ;
#57 = EDGE_CURVE ( 'NONE', #82, #1066, #617, .T. ) ;
#58 = CARTESIAN_POINT ( 'NONE',  ( -3.689999999999999947, 1.145000000000000018, 1.525000000000000133 ) ) ;
#59 = VECTOR ( 'NONE', #109, 1000.000000000000000 ) ;
#60 = ADVANCED_FACE ( 'NONE', ( #67 ), #2149, .F. ) ;
#61 = ORIENTED_EDGE ( 'NONE', *, *, #2059, .F. ) ;
#62 = DIRECTION ( 'NONE',  ( 0.000000000000000000, 0.000000000000000000, 1.000000000000000000 ) ) ;
#63 = AXIS2_PLACEMENT_3D ( 'NONE', #64, #570, #2146 ) ;
#64 = CARTESIAN_POINT ( 'NONE',  ( -3.427500000000000213, 1.425000000000000044, 2.952499999999999680 ) ) ;
#65 = DIRECTION ( 'NONE',  ( 1.000000000000000000, 0.000000000000000000, 0.000000000000000000 ) ) ;
#66 = ORIENTED_EDGE ( 'NONE', *, *, #104, .F. ) ;
#67 = FACE_OUTER_BOUND ( 'NONE', #416, .T. ) ;
#68 = DIRECTION ( 'NONE',  ( -0.000000000000000000, 1.000000000000000000, 0.000000000000000000 ) ) ;
#69 = DIRECTION ( 'NONE',  ( -1.805936959085464797E-16, 1.000000000000000000, 0.000000000000000000 ) ) ;
#70 = AXIS2_PLACEMENT_3D ( 'NONE', #876, #1225, #1580 ) ;
#71 = ORIENTED_EDGE ( 'NONE', *, *, #2215, .T. ) ;
#72 = ADVANCED_FACE ( 'NONE', ( #1129 ), #256, .F. ) ;
#73 = EDGE_CURVE ( 'NONE', #951, #572, #599, .T. ) ;
#74 = FACE_OUTER_BOUND ( 'NONE', #1181, .T. ) ;
#75 = AXIS2_PLACEMENT_3D ( 'NONE', #1079, #1976, #1114 ) ;
#76 = ORIENTED_EDGE ( 'NONE', *, *, #1822, .T. ) ;
#77 = CIRCLE ( 'NONE', #188, 0.2000000000000000944 ) ;
#78 = DIRECTION ( 'NONE',  ( -0.1218693434051471985, 0.9925461516413219831, 0.000000000000000000 ) ) ;
#79 =( LENGTH_UNIT ( ) NAMED_UNIT ( * ) SI_UNIT ( .MILLI., .METRE. ) );
#80 = PRESENTATION_STYLE_ASSIGNMENT (( #2165 ) ) ;
#81 = CARTESIAN_POINT ( 'NONE',  ( -3.689999999999999947, -1.558949554510374974E-18, -1.525000000000000133 ) ) ;
#82 = VERTEX_POINT ( 'NONE', #635 ) ;
#83 = CARTESIAN_POINT ( 'NONE',  ( -2.669999999999999929, 0.2300000000000000100, -1.525000000000000133 ) ) ;
#84 = EDGE_CURVE ( 'NONE', #1899, #250, #1309, .T. ) ;
#85 = CARTESIAN_POINT ( 'NONE',  ( -2.391322163799020295, 0.3202498779201305434, -2.639908688441805040 ) ) ;
#86 = AXIS2_PLACEMENT_3D ( 'NONE', #1997, #228, #2155 ) ;
#87 = DIRECTION ( 'NONE',  ( -1.000000000000000000, 5.314716531791689550E-17, 0.000000000000000000 ) ) ;
#88 = VERTEX_POINT ( 'NONE', #1863 ) ;
#89 = CIRCLE ( 'NONE', #1420, 0.1999999999999998168 ) ;
#90 = CYLINDRICAL_SURFACE ( 'NONE', #2172, 0.2000000000000002331 ) ;
#91 = EDGE_CURVE ( 'NONE', #999, #1252, #779, .T. ) ;
#92 = CARTESIAN_POINT ( 'NONE',  ( 3.427500000000000213, 1.195000000000000062, 1.525000000000000133 ) ) ;
#93 = LINE ( 'NONE', #792, #1633 ) ;
#94 = FACE_OUTER_BOUND ( 'NONE', #702, .T. ) ;
#95 = DIRECTION ( 'NONE',  ( -1.000000000000000000, 0.000000000000000000, 0.000000000000000000 ) ) ;
#96 = AXIS2_PLACEMENT_3D ( 'NONE', #958, #468, #627 ) ;
#97 = ORIENTED_EDGE ( 'NONE', *, *, #32, .F. ) ;
#98 = CARTESIAN_POINT ( 'NONE',  ( -3.427500000000000213, 1.425000000000000044, 2.952499999999999680 ) ) ;
#99 = DIRECTION ( 'NONE',  ( -0.9925461516413220942, -0.1218693434051472124, 0.000000000000000000 ) ) ;
#100 = VECTOR ( 'NONE', #196, 1000.000000000000000 ) ;
#101 = SURFACE_STYLE_FILL_AREA ( #2023 ) ;
#102 = ORIENTED_EDGE ( 'NONE', *, *, #1007, .F. ) ;
#103 = CLOSED_SHELL ( 'NONE', ( #1059, #72, #1103, #1658, #2060, #60, #710, #1874, #1405, #799, #1988, #1014, #454, #1636 ) ) ;
#104 = EDGE_CURVE ( 'NONE', #860, #1684, #1140, .T. ) ;
#105 = DIRECTION ( 'NONE',  ( -0.1209742911513548291, 0.9852565360152931717, -0.1209742911513548291 ) ) ;
#106 = EDGE_CURVE ( 'NONE', #483, #1066, #1237, .T. ) ;
#107 = DIRECTION ( 'NONE',  ( 1.000000000000000000, 0.000000000000000000, -6.326489700863630112E-17 ) ) ;
#108 = CARTESIAN_POINT ( 'NONE',  ( 3.345629615453570072, 1.425000000000001599, -2.952499999999997904 ) ) ;
#109 = DIRECTION ( 'NONE',  ( 1.000000000000000000, 0.000000000000000000, 0.000000000000000000 ) ) ;
#110 = ORIENTED_EDGE ( 'NONE', *, *, #104, .T. ) ;
#111 = CARTESIAN_POINT ( 'NONE',  ( -2.669999999999999929, 0.2300000000000000100, 1.525000000000000133 ) ) ;
#112 = LINE ( 'NONE', #2194, #16 ) ;
#113 = DIRECTION ( 'NONE',  ( -0.1209742911513548291, -0.9852565360152931717, -0.1209742911513548291 ) ) ;
#114 = EDGE_CURVE ( 'NONE', #1972, #359, #13, .T. ) ;
#115 = PLANE ( 'NONE',  #504 ) ;
#116 = AXIS2_PLACEMENT_3D ( 'NONE', #1627, #566, #1813 ) ;
#117 = ORIENTED_EDGE ( 'NONE', *, *, #818, .F. ) ;
#118 = PRESENTATION_LAYER_ASSIGNMENT (  '', '', ( #890 ) ) ;
#119 = LINE ( 'NONE', #1155, #310 ) ;
#120 = CARTESIAN_POINT ( 'NONE',  ( -2.669999999999999929, 0.000000000000000000, -1.525000000000000133 ) ) ;
#121 = DIRECTION ( 'NONE',  ( 0.000000000000000000, -1.000000000000000000, 0.000000000000000000 ) ) ;
#122 = CARTESIAN_POINT ( 'NONE',  ( -3.302336627138105385, 2.444373868681029904, -2.805772449721030348 ) ) ;
#123 = DIRECTION ( 'NONE',  ( 0.000000000000000000, 0.000000000000000000, 1.000000000000000000 ) ) ;
#124 = VECTOR ( 'NONE', #990, 1000.000000000000000 ) ;
#125 = ORIENTED_EDGE ( 'NONE', *, *, #1713, .T. ) ;
#126 = EDGE_CURVE ( 'NONE', #951, #703, #1199, .T. ) ;
#127 = EDGE_LOOP ( 'NONE', ( #71, #1737, #335, #1555 ) ) ;
#128 = LINE ( 'NONE', #2176, #2196 ) ;
#129 = DIRECTION ( 'NONE',  ( 1.000000000000000000, 0.000000000000000000, 0.000000000000000000 ) ) ;
#130 = DIRECTION ( 'NONE',  ( -1.000000000000000000, 0.000000000000000000, 0.000000000000000000 ) ) ;
#131 = CARTESIAN_POINT ( 'NONE',  ( -3.427500000000000213, 1.425000000000000044, -2.753990769671735173 ) ) ;
#132 = CIRCLE ( 'NONE', #96, 0.2799999999999998601 ) ;
#133 = EDGE_CURVE ( 'NONE', #1643, #211, #183, .T. ) ;
#134 = CARTESIAN_POINT ( 'NONE',  ( -3.689999999999999947, 1.145000000000000018, -1.525000000000000133 ) ) ;
#135 = CARTESIAN_POINT ( 'NONE',  ( -2.311519646603960254, 0.2000000000000000111, 2.802088912893939909 ) ) ;
#136 = DIRECTION ( 'NONE',  ( 6.279333005990651396E-17, -0.1218693434051477953, 0.9925461516413219831 ) ) ;
#137 = ORIENTED_EDGE ( 'NONE', *, *, #1363, .T. ) ;
#138 = VECTOR ( 'NONE', #1018, 1000.000000000000000 ) ;
#139 = ORIENTED_EDGE ( 'NONE', *, *, #264, .F. ) ;
#140 = DIRECTION ( 'NONE',  ( 0.000000000000000000, 1.000000000000000000, 0.000000000000000000 ) ) ;
#141 = CARTESIAN_POINT ( 'NONE',  ( 3.103827396809839989, 2.620000000000000107, -2.805772449721030348 ) ) ;
#142 = LINE ( 'NONE', #1742, #1072 ) ;
#143 = CARTESIAN_POINT ( 'NONE',  ( 3.114908688441804685, 0.4958760092391009122, -2.838417918770069992 ) ) ;
#144 = VECTOR ( 'NONE', #864, 1000.000000000000000 ) ;
#145 = EDGE_CURVE ( 'NONE', #1684, #740, #1915, .T. ) ;
#146 = FACE_OUTER_BOUND ( 'NONE', #1587, .T. ) ;
#147 = FACE_OUTER_BOUND ( 'NONE', #1957, .T. ) ;
#148 = LINE ( 'NONE', #2224, #1087 ) ;
#149 = EDGE_LOOP ( 'NONE', ( #167, #895, #1807, #807 ) ) ;
#150 = ORIENTED_EDGE ( 'NONE', *, *, #2141, .T. ) ;
#151 = DIRECTION ( 'NONE',  ( 1.000000000000000000, 2.434009779132839743E-16, 0.000000000000000000 ) ) ;
#152 = CARTESIAN_POINT ( 'NONE',  ( -2.799999999999999822, 2.520000000000000018, -2.802032477566729796 ) ) ;
#153 = VECTOR ( 'NONE', #1984, 1000.000000000000000 ) ;
#154 = DIRECTION ( 'NONE',  ( -1.000000000000000000, 0.000000000000000000, 8.543901466259989529E-17 ) ) ;
#155 = DIRECTION ( 'NONE',  ( 0.000000000000000000, 0.000000000000000000, -1.000000000000000000 ) ) ;
#156 = EDGE_CURVE ( 'NONE', #1428, #1406, #2105, .T. ) ;
#157 = ORIENTED_EDGE ( 'NONE', *, *, #240, .T. ) ;
#158 = DIRECTION ( 'NONE',  ( -0.1209742911513548291, -0.9852565360152931717, 0.1209742911513548291 ) ) ;
#159 = ORIENTED_EDGE ( 'NONE', *, *, #1542, .F. ) ;
#160 = VERTEX_POINT ( 'NONE', #1037 ) ;
#161 = CARTESIAN_POINT ( 'NONE',  ( -2.799999999999999822, 2.419999999999999929, -2.628827396809839900 ) ) ;
#162 = CIRCLE ( 'NONE', #1239, 0.05000000000000012768 ) ;
#163 = PLANE ( 'NONE',  #1026 ) ;
#164 = DIRECTION ( 'NONE',  ( 1.468859844180191882E-16, 0.000000000000000000, -1.000000000000000000 ) ) ;
#165 = ORIENTED_EDGE ( 'NONE', *, *, #44, .F. ) ;
#166 = PLANE ( 'NONE',  #1767 ) ;
#167 = ORIENTED_EDGE ( 'NONE', *, *, #1337, .T. ) ;
#168 = ORIENTED_EDGE ( 'NONE', *, *, #985, .T. ) ;
#169 = ADVANCED_FACE ( 'NONE', ( #521 ), #317, .T. ) ;
#170 = UNCERTAINTY_MEASURE_WITH_UNIT (LENGTH_MEASURE( 1.000000000000000082E-05 ), #79, 'distance_accuracy_value', 'NONE');
#171 = PLANE ( 'NONE',  #1790 ) ;
#172 = CARTESIAN_POINT ( 'NONE',  ( -3.739999999999999769, 1.145000000000000018, -1.525000000000000133 ) ) ;
#173 = CIRCLE ( 'NONE', #252, 0.2799999999999998601 ) ;
#174 = DIRECTION ( 'NONE',  ( -0.1218693434051471985, -0.9925461516413219831, 0.000000000000000000 ) ) ;
#175 = VERTEX_POINT ( 'NONE', #172 ) ;
#176 = FILL_AREA_STYLE ('',( #501 ) ) ;
#177 = DIRECTION ( 'NONE',  ( -1.000000000000000000, 0.000000000000000000, 0.000000000000000000 ) ) ;
#178 = AXIS2_PLACEMENT_3D ( 'NONE', #588, #901, #1293 ) ;
#179 = VERTEX_POINT ( 'NONE', #1403 ) ;
#180 = VERTEX_POINT ( 'NONE', #1732 ) ;
#181 = EDGE_CURVE ( 'NONE', #1948, #1887, #854, .T. ) ;
#182 = DIRECTION ( 'NONE',  ( 1.000000000000000000, 0.000000000000000000, 0.000000000000000000 ) ) ;
#183 = LINE ( 'NONE', #1250, #1104 ) ;
#184 = FACE_OUTER_BOUND ( 'NONE', #824, .T. ) ;
#185 = VECTOR ( 'NONE', #1372, 1000.000000000000000 ) ;
#186 = ADVANCED_FACE ( 'NONE', ( #352 ), #1891, .F. ) ;
#187 = ORIENTED_EDGE ( 'NONE', *, *, #1787, .T. ) ;
#188 = AXIS2_PLACEMENT_3D ( 'NONE', #896, #43, #549 ) ;
#189 = EDGE_CURVE ( 'NONE', #1233, #343, #707, .T. ) ;
#190 = VERTEX_POINT ( 'NONE', #2083 ) ;
#191 = CARTESIAN_POINT ( 'NONE',  ( -2.449999999999999734, 2.419999999999999929, -2.628827396809839900 ) ) ;
#192 = ORIENTED_EDGE ( 'NONE', *, *, #1566, .F. ) ;
#193 = VECTOR ( 'NONE', #601, 1000.000000000000000 ) ;
#194 = VERTEX_POINT ( 'NONE', #1378 ) ;
#195 = EDGE_LOOP ( 'NONE', ( #1912, #1046, #157, #2039 ) ) ;
#196 = DIRECTION ( 'NONE',  ( -0.1209742911513548291, -0.9852565360152931717, -0.1209742911513548291 ) ) ;
#197 = EDGE_CURVE ( 'NONE', #179, #1268, #2062, .T. ) ;
#198 = CARTESIAN_POINT ( 'NONE',  ( -3.103827396809839989, 2.620000000000000107, 2.628827396809839900 ) ) ;
#199 = FACE_OUTER_BOUND ( 'NONE', #1628, .T. ) ;
#200 = AXIS2_PLACEMENT_3D ( 'NONE', #1541, #2030, #471 ) ;
#201 = AXIS2_PLACEMENT_3D ( 'NONE', #1081, #53, #1276 ) ;
#202 = ORIENTED_EDGE ( 'NONE', *, *, #1457, .T. ) ;
#203 = LINE ( 'NONE', #1761, #1946 ) ;
#204 = EDGE_CURVE ( 'NONE', #1975, #1851, #1061, .T. ) ;
#205 = ADVANCED_FACE ( 'NONE', ( #2221 ), #163, .T. ) ;
#206 = ORIENTED_EDGE ( 'NONE', *, *, #106, .T. ) ;
#207 = DIRECTION ( 'NONE',  ( 0.000000000000000000, 0.000000000000000000, -1.000000000000000000 ) ) ;
#208 = ORIENTED_EDGE ( 'NONE', *, *, #1892, .T. ) ;
#209 = CARTESIAN_POINT ( 'NONE',  ( 3.689999999999999947, 1.145000000000000018, 1.525000000000000133 ) ) ;
#210 = VECTOR ( 'NONE', #2166, 1000.000000000000000 ) ;
#211 = VERTEX_POINT ( 'NONE', #2240 ) ;
#212 = ORIENTED_EDGE ( 'NONE', *, *, #461, .F. ) ;
#213 = SURFACE_STYLE_USAGE ( .BOTH. , #1783 ) ;
#214 = DIRECTION ( 'NONE',  ( 0.000000000000000000, 0.000000000000000000, -1.000000000000000000 ) ) ;
#215 = VECTOR ( 'NONE', #2092, 1000.000000000000000 ) ;
#216 = VERTEX_POINT ( 'NONE', #1721 ) ;
#217 = CIRCLE ( 'NONE', #1217, 0.2799999999999998601 ) ;
#218 = ORIENTED_EDGE ( 'NONE', *, *, #648, .F. ) ;
#219 = DIRECTION ( 'NONE',  ( -1.000000000000000000, 0.000000000000000000, 6.326489700863630112E-17 ) ) ;
#220 = DIRECTION ( 'NONE',  ( -0.1209742911513548291, 0.9852565360152931717, 0.1209742911513548291 ) ) ;
#221 = ORIENTED_EDGE ( 'NONE', *, *, #1007, .T. ) ;
#222 = VECTOR ( 'NONE', #1809, 1000.000000000000000 ) ;
#223 = CARTESIAN_POINT ( 'NONE',  ( 2.391322163799020295, 0.3202498779201305434, -2.952499999999999680 ) ) ;
#224 = DIRECTION ( 'NONE',  ( 1.000000000000000000, -1.805936959085464797E-16, -8.543901466259989529E-17 ) ) ;
#225 = EDGE_CURVE ( 'NONE', #1428, #1065, #1328, .T. ) ;
#226 = FACE_OUTER_BOUND ( 'NONE', #1768, .T. ) ;
#227 = CARTESIAN_POINT ( 'NONE',  ( -3.689999999999999947, 0.2799999999999999711, 1.525000000000000133 ) ) ;
#228 = DIRECTION ( 'NONE',  ( 0.000000000000000000, 0.000000000000000000, 1.000000000000000000 ) ) ;
#229 = ORIENTED_EDGE ( 'NONE', *, *, #114, .F. ) ;
#230 = AXIS2_PLACEMENT_3D ( 'NONE', #1602, #1101, #238 ) ;
#231 = ORIENTED_EDGE ( 'NONE', *, *, #541, .F. ) ;
#232 = CARTESIAN_POINT ( 'NONE',  ( -3.399259550992335122, 1.195000000000000062, 1.525000000000000133 ) ) ;
#233 = DIRECTION ( 'NONE',  ( 0.000000000000000000, -1.000000000000000000, 0.000000000000000000 ) ) ;
#234 = ORIENTED_EDGE ( 'NONE', *, *, #1058, .F. ) ;
#235 = DIRECTION ( 'NONE',  ( 1.000000000000000000, 0.000000000000000000, 0.000000000000000000 ) ) ;
#236 = EDGE_CURVE ( 'NONE', #1252, #211, #2245, .T. ) ;
#237 = FACE_OUTER_BOUND ( 'NONE', #1393, .T. ) ;
#238 = DIRECTION ( 'NONE',  ( 0.000000000000000000, 0.000000000000000000, 1.000000000000000000 ) ) ;
#239 = LINE ( 'NONE', #939, #1815 ) ;
#240 = EDGE_CURVE ( 'NONE', #1202, #314, #2093, .T. ) ;
#241 = ORIENTED_EDGE ( 'NONE', *, *, #787, .F. ) ;
#242 = AXIS2_PLACEMENT_3D ( 'NONE', #1711, #804, #282 ) ;
#243 = CIRCLE ( 'NONE', #1490, 0.1999999999999999833 ) ;
#244 = FACE_OUTER_BOUND ( 'NONE', #690, .T. ) ;
#245 = CARTESIAN_POINT ( 'NONE',  ( -3.689999999999999947, 0.2300000000000000100, 1.525000000000000133 ) ) ;
#246 = ORIENTED_EDGE ( 'NONE', *, *, #1802, .F. ) ;
#247 = EDGE_LOOP ( 'NONE', ( #885, #229, #996, #517 ) ) ;
#248 = LINE ( 'NONE', #2164, #2071 ) ;
#249 = ADVANCED_FACE ( 'NONE', ( #237 ), #1454, .F. ) ;
#250 = VERTEX_POINT ( 'NONE', #198 ) ;
#251 = DIRECTION ( 'NONE',  ( 0.000000000000000000, 0.000000000000000000, -1.000000000000000000 ) ) ;
#252 = AXIS2_PLACEMENT_3D ( 'NONE', #666, #1678, #1366 ) ;
#253 = CARTESIAN_POINT ( 'NONE',  ( -2.799999999999999822, 2.419999999999999929, 2.628827396809839900 ) ) ;
#254 = LINE ( 'NONE', #1473, #632 ) ;
#255 = ORIENTED_EDGE ( 'NONE', *, *, #1243, .F. ) ;
#256 = PLANE ( 'NONE',  #1100 ) ;
#257 = CARTESIAN_POINT ( 'NONE',  ( -3.739999999999999769, 1.145000000000000018, 1.525000000000000133 ) ) ;
#258 = DIRECTION ( 'NONE',  ( 1.000000000000000000, 7.678363557117080748E-15, 0.000000000000000000 ) ) ;
#259 = DIRECTION ( 'NONE',  ( 0.000000000000000000, 0.000000000000000000, 1.000000000000000000 ) ) ;
#260 = ORIENTED_EDGE ( 'NONE', *, *, #1664, .T. ) ;
#261 = CARTESIAN_POINT ( 'NONE',  ( 3.114908688441804685, 0.3202498779201305434, -2.639908688441805040 ) ) ;
#262 = ADVANCED_FACE ( 'NONE', ( #226 ), #937, .T. ) ;
#263 = DIRECTION ( 'NONE',  ( -1.000000000000000000, 0.000000000000000000, 0.000000000000000000 ) ) ;
#264 = EDGE_CURVE ( 'NONE', #1653, #1507, #1297, .T. ) ;
#265 = VECTOR ( 'NONE', #113, 1000.000000000000000 ) ;
#266 = ORIENTED_EDGE ( 'NONE', *, *, #414, .T. ) ;
#267 = DIRECTION ( 'NONE',  ( 1.000000000000000000, 0.000000000000000000, 0.000000000000000000 ) ) ;
#268 = FACE_OUTER_BOUND ( 'NONE', #1621, .T. ) ;
#269 = CARTESIAN_POINT ( 'NONE',  ( 2.391322163799020295, 0.3202498779201305434, 2.639908688441805040 ) ) ;
#270 = CARTESIAN_POINT ( 'NONE',  ( 3.427500000000000213, 1.425000000000000044, 1.525000000000000133 ) ) ;
#271 = DIRECTION ( 'NONE',  ( 1.000000000000000000, 0.000000000000000000, 0.000000000000000000 ) ) ;
#272 = DIRECTION ( 'NONE',  ( 1.000000000000000000, 2.434009779132839743E-16, 0.000000000000000000 ) ) ;
#273 = VERTEX_POINT ( 'NONE', #923 ) ;
#274 = ADVANCED_FACE ( 'NONE', ( #1646 ), #2139, .F. ) ;
#275 = ORIENTED_EDGE ( 'NONE', *, *, #1892, .F. ) ;
#276 = DIRECTION ( 'NONE',  ( -0.1218693434051472124, 0.9925461516413220942, 0.000000000000000000 ) ) ;
#277 = ADVANCED_FACE ( 'NONE', ( #1302 ), #1262, .T. ) ;
#278 = VECTOR ( 'NONE', #1514, 1000.000000000000000 ) ;
#279 = LINE ( 'NONE', #1192, #1880 ) ;
#280 = ORIENTED_EDGE ( 'NONE', *, *, #414, .F. ) ;
#281 = CARTESIAN_POINT ( 'NONE',  ( 3.430405138739049953, 1.401339543687841749, 2.756895908410784912 ) ) ;
#282 = DIRECTION ( 'NONE',  ( 0.000000000000000000, -0.1218693434051476704, 0.9925461516413218721 ) ) ;
#283 = CARTESIAN_POINT ( 'NONE',  ( -2.391322163799020295, 0.3202498779201305434, -2.952499999999999680 ) ) ;
#284 = DIRECTION ( 'NONE',  ( 0.000000000000000000, 0.000000000000000000, -1.000000000000000000 ) ) ;
#285 = LINE ( 'NONE', #1857, #278 ) ;
#286 = LINE ( 'NONE', #667, #210 ) ;
#287 = CARTESIAN_POINT ( 'NONE',  ( -3.399259550992335122, 1.195000000000000062, -1.525000000000000133 ) ) ;
#288 = DIRECTION ( 'NONE',  ( 0.000000000000000000, 1.000000000000000000, 2.168404344971008868E-15 ) ) ;
#289 = CARTESIAN_POINT ( 'NONE',  ( 3.689999999999999947, 1.425000000000000044, 1.525000000000000133 ) ) ;
#290 = VECTOR ( 'NONE', #1167, 1000.000000000000000 ) ;
#291 = PLANE ( 'NONE',  #1189 ) ;
#292 = CARTESIAN_POINT ( 'NONE',  ( -3.689999999999999947, 5.421010862427520198E-16, 1.525000000000000133 ) ) ;
#293 = CARTESIAN_POINT ( 'NONE',  ( 0.000000000000000000, 0.000000000000000000, 0.000000000000000000 ) ) ;
#294 = EDGE_LOOP ( 'NONE', ( #168, #1238, #275 ) ) ;
#295 = LINE ( 'NONE', #1670, #124 ) ;
#296 = CARTESIAN_POINT ( 'NONE',  ( -3.969999999999999751, 0.2799999999999999711, 1.525000000000000133 ) ) ;
#297 = CARTESIAN_POINT ( 'NONE',  ( 3.689999999999999947, 9.022303882162361999E-16, 1.525000000000000133 ) ) ;
#298 = DIRECTION ( 'NONE',  ( 1.000000000000000000, 0.000000000000000000, 0.000000000000000000 ) ) ;
#299 = MANIFOLD_SOLID_BREP ( 'NONE', #1466 ) ;
#300 = EDGE_LOOP ( 'NONE', ( #150, #1437, #1296, #2075 ) ) ;
#301 = VECTOR ( 'NONE', #1352, 1000.000000000000000 ) ;
#302 = ORIENTED_EDGE ( 'NONE', *, *, #1577, .T. ) ;
#303 = AXIS2_PLACEMENT_3D ( 'NONE', #1055, #31, #1067 ) ;
#304 = DIRECTION ( 'NONE',  ( 0.000000000000000000, 0.000000000000000000, -1.000000000000000000 ) ) ;
#305 = EDGE_CURVE ( 'NONE', #476, #273, #1842, .T. ) ;
#306 = DIRECTION ( 'NONE',  ( 1.000000000000000000, 1.528381916186644990E-18, 0.000000000000000000 ) ) ;
#307 = CARTESIAN_POINT ( 'NONE',  ( -3.103827396809839989, 2.444373868681029904, -2.827336627138104852 ) ) ;
#308 = CARTESIAN_POINT ( 'NONE',  ( 3.427500000000000213, 1.425000000000000044, -2.952499999999999680 ) ) ;
#309 = DIRECTION ( 'NONE',  ( -1.000000000000000000, 0.000000000000000000, 1.533884804630369866E-16 ) ) ;
#310 = VECTOR ( 'NONE', #304, 1000.000000000000000 ) ;
#311 = ORIENTED_EDGE ( 'NONE', *, *, #1650, .T. ) ;
#312 = SHAPE_DEFINITION_REPRESENTATION ( #1149, #1558 ) ;
#313 = CIRCLE ( 'NONE', #785, 0.2000000000000000944 ) ;
#314 = VERTEX_POINT ( 'NONE', #2151 ) ;
#315 = LINE ( 'NONE', #448, #1350 ) ;
#316 = CARTESIAN_POINT ( 'NONE',  ( 3.114908688441804685, 0.4958760092391009122, 2.838417918770069992 ) ) ;
#317 = CYLINDRICAL_SURFACE ( 'NONE', #584, 0.1999999999999999833 ) ;
#318 = EDGE_CURVE ( 'NONE', #1653, #1971, #709, .T. ) ;
#319 = DIRECTION ( 'NONE',  ( -1.000000000000000000, 0.000000000000000000, -1.468859844180190403E-16 ) ) ;
#320 = CARTESIAN_POINT ( 'NONE',  ( -2.449999999999999734, 2.520000000000000018, -2.802032477566729796 ) ) ;
#321 = CARTESIAN_POINT ( 'NONE',  ( -3.343986768037975121, 2.105160692418544865, -2.670477537709710081 ) ) ;
#322 = ORIENTED_EDGE ( 'NONE', *, *, #374, .F. ) ;
#323 = AXIS2_PLACEMENT_3D ( 'NONE', #209, #909, #2119 ) ;
#324 = VERTEX_POINT ( 'NONE', #1141 ) ;
#325 = CARTESIAN_POINT ( 'NONE',  ( -2.449999999999999734, 2.520000000000000018, 2.802032477566729796 ) ) ;
#326 = CARTESIAN_POINT ( 'NONE',  ( -2.669999999999999929, 0.2300000000000000100, 1.525000000000000133 ) ) ;
#327 = EDGE_CURVE ( 'NONE', #88, #1066, #894, .T. ) ;
#328 = CARTESIAN_POINT ( 'NONE',  ( -2.449999999999999734, 2.520000000000000018, -2.827336627138104852 ) ) ;
#329 = LINE ( 'NONE', #1051, #809 ) ;
#330 = DIRECTION ( 'NONE',  ( 0.000000000000000000, 0.000000000000000000, -1.000000000000000000 ) ) ;
#331 = ORIENTED_EDGE ( 'NONE', *, *, #1963, .F. ) ;
#332 = COLOUR_RGB ( '',1.000000000000000000, 1.000000000000000000, 1.000000000000000000 ) ;
#333 = EDGE_CURVE ( 'NONE', #2067, #190, #1500, .T. ) ;
#334 = LINE ( 'NONE', #1032, #682 ) ;
#335 = ORIENTED_EDGE ( 'NONE', *, *, #2235, .F. ) ;
#336 = ORIENTED_EDGE ( 'NONE', *, *, #2097, .F. ) ;
#337 = DIRECTION ( 'NONE',  ( 0.000000000000000000, 0.000000000000000000, -1.000000000000000000 ) ) ;
#338 = VECTOR ( 'NONE', #87, 1000.000000000000000 ) ;
#339 = CARTESIAN_POINT ( 'NONE',  ( 3.427500000000000213, 1.425000000000000044, 1.525000000000000133 ) ) ;
#340 = CIRCLE ( 'NONE', #1803, 0.2000000000000000944 ) ;
#341 = CARTESIAN_POINT ( 'NONE',  ( -3.103827396809839989, 2.419999999999999929, -2.628827396809839900 ) ) ;
#342 = CYLINDRICAL_SURFACE ( 'NONE', #940, 0.2799999999999998601 ) ;
#343 = VERTEX_POINT ( 'NONE', #1311 ) ;
#344 = ADVANCED_FACE ( 'NONE', ( #268 ), #1846, .T. ) ;
#345 = FACE_OUTER_BOUND ( 'NONE', #437, .T. ) ;
#346 = EDGE_CURVE ( 'NONE', #1168, #560, #2076, .T. ) ;
#347 = ORIENTED_EDGE ( 'NONE', *, *, #847, .F. ) ;
#348 = ORIENTED_EDGE ( 'NONE', *, *, #1594, .T. ) ;
#349 = EDGE_LOOP ( 'NONE', ( #1782, #2136, #117, #1535 ) ) ;
#350 = DIRECTION ( 'NONE',  ( 1.468859844180191882E-16, 0.000000000000000000, -1.000000000000000000 ) ) ;
#351 = VECTOR ( 'NONE', #1000, 1000.000000000000000 ) ;
#352 = FACE_OUTER_BOUND ( 'NONE', #1447, .T. ) ;
#353 = DIRECTION ( 'NONE',  ( -0.9925461516413219831, -0.1218693434051477953, 0.000000000000000000 ) ) ;
#354 = VERTEX_POINT ( 'NONE', #307 ) ;
#355 = EDGE_CURVE ( 'NONE', #868, #360, #1869, .T. ) ;
#356 = CARTESIAN_POINT ( 'NONE',  ( -1.663124945126560348E-16, 2.419999999999999929, -2.628827396809839900 ) ) ;
#357 = DIRECTION ( 'NONE',  ( 0.1209742911513548291, -0.9852565360152931717, -0.1209742911513548291 ) ) ;
#358 = PLANE ( 'NONE',  #303 ) ;
#359 = VERTEX_POINT ( 'NONE', #2202 ) ;
#360 = VERTEX_POINT ( 'NONE', #452 ) ;
#361 = AXIS2_PLACEMENT_3D ( 'NONE', #2239, #1401, #2104 ) ;
#362 = CARTESIAN_POINT ( 'NONE',  ( -3.280772449721029993, 2.444373868681029904, 2.827336627138104852 ) ) ;
#363 = CARTESIAN_POINT ( 'NONE',  ( -3.969999999999999751, 1.145000000000000018, 1.525000000000000133 ) ) ;
#364 = PRODUCT_RELATED_PRODUCT_CATEGORY ( 'part', '', ( #2152 ) ) ;
#365 = ORIENTED_EDGE ( 'NONE', *, *, #920, .F. ) ;
#366 = PLANE ( 'NONE',  #2052 ) ;
#367 = VECTOR ( 'NONE', #719, 1000.000000000000000 ) ;
#368 = PLANE ( 'NONE',  #982 ) ;
#369 = ORIENTED_EDGE ( 'NONE', *, *, #746, .T. ) ;
#370 = VERTEX_POINT ( 'NONE', #297 ) ;
#371 = ORIENTED_EDGE ( 'NONE', *, *, #2015, .F. ) ;
#372 = FACE_OUTER_BOUND ( 'NONE', #52, .T. ) ;
#373 = DIRECTION ( 'NONE',  ( -0.1209742911513548014, -0.9852565360152929497, 0.1209742911513560087 ) ) ;
#374 = EDGE_CURVE ( 'NONE', #28, #370, #2209, .T. ) ;
#375 = ADVANCED_FACE ( 'NONE', ( #1368 ), #2053, .F. ) ;
#376 = CIRCLE ( 'NONE', #435, 0.1999999999999998168 ) ;
#377 = ORIENTED_EDGE ( 'NONE', *, *, #1307, .T. ) ;
#378 = CIRCLE ( 'NONE', #480, 0.2000000000000000944 ) ;
#379 = ORIENTED_EDGE ( 'NONE', *, *, #540, .T. ) ;
#380 = ORIENTED_EDGE ( 'NONE', *, *, #1590, .T. ) ;
#381 = ORIENTED_EDGE ( 'NONE', *, *, #578, .T. ) ;
#382 = FILL_AREA_STYLE_COLOUR ( '', #949 ) ;
#383 = VECTOR ( 'NONE', #486, 1000.000000000000000 ) ;
#384 = AXIS2_PLACEMENT_3D ( 'NONE', #2233, #1207, #692 ) ;
#385 = EDGE_LOOP ( 'NONE', ( #1235, #813, #1195, #1536, #1675, #1992, #2246, #1998, #1173, #1289, #652, #336 ) ) ;
#386 = FACE_OUTER_BOUND ( 'NONE', #941, .T. ) ;
#387 = ORIENTED_EDGE ( 'NONE', *, *, #1164, .F. ) ;
#388 = PLANE ( 'NONE',  #1043 ) ;
#389 = CARTESIAN_POINT ( 'NONE',  ( 3.291853741352995133, 0.4958760092391009122, 2.838417918770069992 ) ) ;
#390 = CARTESIAN_POINT ( 'NONE',  ( -3.302336627138105385, 2.444373868681029904, 2.628827396809839900 ) ) ;
#391 = EDGE_CURVE ( 'NONE', #502, #1899, #286, .T. ) ;
#392 = AXIS2_PLACEMENT_3D ( 'NONE', #793, #1145, #271 ) ;
#393 = VECTOR ( 'NONE', #790, 1000.000000000000000 ) ;
#394 = EDGE_LOOP ( 'NONE', ( #550, #1525, #1898, #1354 ) ) ;
#395 = CIRCLE ( 'NONE', #730, 0.2000000000000000944 ) ;
#396 = ORIENTED_EDGE ( 'NONE', *, *, #1142, .T. ) ;
#397 = DIRECTION ( 'NONE',  ( -1.547736767743704891E-16, 0.000000000000000000, -1.000000000000000000 ) ) ;
#398 = VERTEX_POINT ( 'NONE', #1347 ) ;
#399 = ORIENTED_EDGE ( 'NONE', *, *, #1077, .T. ) ;
#400 = DIRECTION ( 'NONE',  ( -1.000000000000000000, -2.657358265895844713E-16, 0.000000000000000000 ) ) ;
#401 = ORIENTED_EDGE ( 'NONE', *, *, #189, .F. ) ;
#402 = AXIS2_PLACEMENT_3D ( 'NONE', #1429, #556, #917 ) ;
#403 = COLOUR_RGB ( '',0.7921568627450980005, 0.8196078431372548767, 0.9333333333333333481 ) ;
#404 = CARTESIAN_POINT ( 'NONE',  ( -3.427500000000000213, 1.425000000000000044, 2.753990769671735173 ) ) ;
#405 = LINE ( 'NONE', #232, #1902 ) ;
#406 = EDGE_CURVE ( 'NONE', #1877, #1315, #1834, .T. ) ;
#407 = ORIENTED_EDGE ( 'NONE', *, *, #816, .F. ) ;
#408 = DIRECTION ( 'NONE',  ( 0.000000000000000000, -1.000000000000000000, 0.000000000000000000 ) ) ;
#409 = DIRECTION ( 'NONE',  ( 0.000000000000000000, 1.000000000000000000, 0.000000000000000000 ) ) ;
#410 = ORIENTED_EDGE ( 'NONE', *, *, #1470, .T. ) ;
#411 = LINE ( 'NONE', #287, #619 ) ;
#412 = CIRCLE ( 'NONE', #1702, 0.2000000000000000944 ) ;
#413 = CIRCLE ( 'NONE', #1775, 0.2000000000000002331 ) ;
#414 = EDGE_CURVE ( 'NONE', #1684, #951, #1251, .T. ) ;
#415 = CARTESIAN_POINT ( 'NONE',  ( -3.103827396809839989, 2.419999999999999929, -2.628827396809839900 ) ) ;
#416 = EDGE_LOOP ( 'NONE', ( #565, #1908, #1364, #1606 ) ) ;
#417 = DIRECTION ( 'NONE',  ( 0.000000000000000000, 0.000000000000000000, 1.000000000000000000 ) ) ;
#418 = DIRECTION ( 'NONE',  ( 0.000000000000000000, 0.000000000000000000, 1.000000000000000000 ) ) ;
#419 = VECTOR ( 'NONE', #1694, 1000.000000000000000 ) ;
#420 = FILL_AREA_STYLE_COLOUR ( '', #332 ) ;
#421 = CARTESIAN_POINT ( 'NONE',  ( 2.437982089599930013, 0.3905590683884774816, 2.825486624432088423 ) ) ;
#422 = ORIENTED_EDGE ( 'NONE', *, *, #2032, .F. ) ;
#423 = DIRECTION ( 'NONE',  ( -0.1218693434051471985, 0.9925461516413219831, 0.000000000000000000 ) ) ;
#424 = AXIS2_PLACEMENT_3D ( 'NONE', #900, #1236, #24 ) ;
#425 = DIRECTION ( 'NONE',  ( 0.1209742911513548291, 0.9852565360152931717, 0.1209742911513548291 ) ) ;
#426 = DIRECTION ( 'NONE',  ( 1.000000000000000000, 0.000000000000000000, 0.000000000000000000 ) ) ;
#427 = EDGE_LOOP ( 'NONE', ( #535, #1571, #659 ) ) ;
#428 = DIRECTION ( 'NONE',  ( -1.000000000000000000, -1.805936959085464797E-16, 8.543901466259989529E-17 ) ) ;
#429 = DIRECTION ( 'NONE',  ( 0.000000000000000000, 0.1218693434051474067, -0.9925461516413219831 ) ) ;
#430 = CARTESIAN_POINT ( 'NONE',  ( -2.311519646603960254, 0.2000000000000000111, -2.952499999999999680 ) ) ;
#431 = LINE ( 'NONE', #1146, #2064 ) ;
#432 = EDGE_CURVE ( 'NONE', #2088, #551, #817, .T. ) ;
#433 = CARTESIAN_POINT ( 'NONE',  ( -2.449999999999999734, 2.520000000000000018, -2.802032477566729796 ) ) ;
#434 = FACE_OUTER_BOUND ( 'NONE', #701, .T. ) ;
#435 = AXIS2_PLACEMENT_3D ( 'NONE', #1256, #20, #723 ) ;
#436 = FACE_OUTER_BOUND ( 'NONE', #577, .T. ) ;
#437 = EDGE_LOOP ( 'NONE', ( #1729, #929, #1040, #1214, #1220, #1450, #1516, #2048 ) ) ;
#438 = DIRECTION ( 'NONE',  ( 0.000000000000000000, 0.000000000000000000, 1.000000000000000000 ) ) ;
#439 = CARTESIAN_POINT ( 'NONE',  ( -3.689999999999999947, 0.2799999999999999711, -1.525000000000000133 ) ) ;
#440 = CARTESIAN_POINT ( 'NONE',  ( -3.427500000000000213, 1.425000000000000044, 1.525000000000000133 ) ) ;
#441 = DIRECTION ( 'NONE',  ( 0.000000000000000000, -1.000000000000000000, 0.000000000000000000 ) ) ;
#442 = CARTESIAN_POINT ( 'NONE',  ( 3.689999999999999947, 9.022303882162361999E-16, 1.525000000000000133 ) ) ;
#443 = CARTESIAN_POINT ( 'NONE',  ( -3.114908688441804685, 0.5202498779201299994, -2.639908688441805040 ) ) ;
#444 = AXIS2_PLACEMENT_3D ( 'NONE', #874, #696, #1376 ) ;
#445 = EDGE_CURVE ( 'NONE', #370, #860, #132, .T. ) ;
#446 = DIRECTION ( 'NONE',  ( 0.000000000000000000, 0.000000000000000000, -1.000000000000000000 ) ) ;
#447 = ORIENTED_EDGE ( 'NONE', *, *, #1822, .F. ) ;
#448 = CARTESIAN_POINT ( 'NONE',  ( 3.280772449721029993, 2.620000000000000107, 2.628827396809839900 ) ) ;
#449 = DIRECTION ( 'NONE',  ( 1.000000000000000000, 1.805936959085464797E-16, 0.000000000000000000 ) ) ;
#450 = CARTESIAN_POINT ( 'NONE',  ( -2.391322163799020295, 0.4958760092391009122, 2.838417918770069992 ) ) ;
#451 = CARTESIAN_POINT ( 'NONE',  ( -3.689999999999999947, 1.195000000000000062, 1.525000000000000133 ) ) ;
#452 = CARTESIAN_POINT ( 'NONE',  ( -2.449999999999999734, 2.520000000000000018, -2.802032477566729796 ) ) ;
#453 = ORIENTED_EDGE ( 'NONE', *, *, #669, .F. ) ;
#454 = ADVANCED_FACE ( 'NONE', ( #794 ), #1325, .F. ) ;
#455 = CARTESIAN_POINT ( 'NONE',  ( 3.114908688441804685, 0.3202498779201305434, 2.639908688441805040 ) ) ;
#456 = VERTEX_POINT ( 'NONE', #1659 ) ;
#457 = VECTOR ( 'NONE', #957, 1000.000000000000000 ) ;
#458 = VECTOR ( 'NONE', #224, 1000.000000000000000 ) ;
#459 = LINE ( 'NONE', #473, #738 ) ;
#460 = CLOSED_SHELL ( 'NONE', ( #1223, #1995, #1519, #34, #1771, #2121, #1829, #1725, #2109, #2180, #1253, #2204, #2112, #1962 ) ) ;
#461 = EDGE_CURVE ( 'NONE', #1507, #1971, #1050, .T. ) ;
#462 =( GEOMETRIC_REPRESENTATION_CONTEXT ( 3 ) GLOBAL_UNCERTAINTY_ASSIGNED_CONTEXT ( ( #170 ) ) GLOBAL_UNIT_ASSIGNED_CONTEXT ( ( #79, #1645, #767 ) ) REPRESENTATION_CONTEXT ( 'NONE', 'WORKASPACE' ) );
#463 = CARTESIAN_POINT ( 'NONE',  ( 2.669999999999999929, 6.539613907446869888E-16, 1.525000000000000133 ) ) ;
#464 = EDGE_CURVE ( 'NONE', #683, #2078, #431, .T. ) ;
#465 = ORIENTED_EDGE ( 'NONE', *, *, #156, .T. ) ;
#466 = LINE ( 'NONE', #269, #1084 ) ;
#467 = DIRECTION ( 'NONE',  ( 0.000000000000000000, -1.000000000000000000, 0.000000000000000000 ) ) ;
#468 = DIRECTION ( 'NONE',  ( 0.000000000000000000, 0.000000000000000000, 1.000000000000000000 ) ) ;
#469 = ORIENTED_EDGE ( 'NONE', *, *, #2045, .T. ) ;
#470 = CARTESIAN_POINT ( 'NONE',  ( 3.689999999999999947, 1.145000000000000018, -1.525000000000000133 ) ) ;
#471 = DIRECTION ( 'NONE',  ( 0.000000000000000000, -0.1218693434051476704, -0.9925461516413218721 ) ) ;
#472 = PLANE ( 'NONE',  #1677 ) ;
#473 = CARTESIAN_POINT ( 'NONE',  ( -1.141918100057264240, -1.562406101096464939, 2.585692653638210103 ) ) ;
#474 = LINE ( 'NONE', #1873, #1370 ) ;
#475 = EDGE_CURVE ( 'NONE', #1385, #965, #1881, .T. ) ;
#476 = VERTEX_POINT ( 'NONE', #2189 ) ;
#477 = CIRCLE ( 'NONE', #2117, 0.2000000000000002331 ) ;
#478 = EDGE_CURVE ( 'NONE', #483, #1930, #395, .T. ) ;
#479 = ORIENTED_EDGE ( 'NONE', *, *, #1691, .F. ) ;
#480 = AXIS2_PLACEMENT_3D ( 'NONE', #742, #537, #907 ) ;
#481 = DIRECTION ( 'NONE',  ( 6.279333005990651396E-17, 0.1218693434051477953, 0.9925461516413219831 ) ) ;
#482 = PLANE ( 'NONE',  #444 ) ;
#483 = VERTEX_POINT ( 'NONE', #1160 ) ;
#484 = CARTESIAN_POINT ( 'NONE',  ( 2.391322163799020295, 0.3202498779201305434, -2.639908688441805040 ) ) ;
#485 = VECTOR ( 'NONE', #1003, 1000.000000000000000 ) ;
#486 = DIRECTION ( 'NONE',  ( 0.000000000000000000, 1.000000000000000000, 0.000000000000000000 ) ) ;
#487 = ORIENTED_EDGE ( 'NONE', *, *, #919, .T. ) ;
#488 = CARTESIAN_POINT ( 'NONE',  ( 0.000000000000000000, 2.520000000000000018, 0.000000000000000000 ) ) ;
#489 = CARTESIAN_POINT ( 'NONE',  ( -3.399259550992335122, 1.195000000000000062, 1.525000000000000133 ) ) ;
#490 = VECTOR ( 'NONE', #467, 1000.000000000000000 ) ;
#491 = EDGE_CURVE ( 'NONE', #1948, #1134, #1360, .T. ) ;
#492 = ORIENTED_EDGE ( 'NONE', *, *, #1963, .T. ) ;
#493 = VECTOR ( 'NONE', #425, 1000.000000000000000 ) ;
#494 = ORIENTED_EDGE ( 'NONE', *, *, #1590, .F. ) ;
#495 = DIRECTION ( 'NONE',  ( 1.000000000000000000, 0.000000000000000000, -6.326489700863630112E-17 ) ) ;
#496 = CARTESIAN_POINT ( 'NONE',  ( 0.000000000000000000, 2.620000000000000107, 0.000000000000000000 ) ) ;
#497 = EDGE_CURVE ( 'NONE', #179, #1417, #994, .T. ) ;
#498 = LINE ( 'NONE', #2203, #1380 ) ;
#499 = ORIENTED_EDGE ( 'NONE', *, *, #2015, .T. ) ;
#500 = LINE ( 'NONE', #2212, #138 ) ;
#501 = FILL_AREA_STYLE_COLOUR ( '', #1371 ) ;
#502 = VERTEX_POINT ( 'NONE', #1316 ) ;
#503 = AXIS2_PLACEMENT_3D ( 'NONE', #257, #922, #1120 ) ;
#504 = AXIS2_PLACEMENT_3D ( 'NONE', #2037, #1180, #2014 ) ;
#505 = ORIENTED_EDGE ( 'NONE', *, *, #491, .F. ) ;
#506 = CARTESIAN_POINT ( 'NONE',  ( 3.427500000000000213, 0.2000000000000000111, 2.802088912893939909 ) ) ;
#507 = FACE_OUTER_BOUND ( 'NONE', #1839, .T. ) ;
#508 = DIRECTION ( 'NONE',  ( 0.000000000000000000, -2.168404344971007685E-15, -1.000000000000000000 ) ) ;
#509 = CARTESIAN_POINT ( 'NONE',  ( 3.689999999999999947, 1.195000000000000062, -1.525000000000000133 ) ) ;
#510 = EDGE_CURVE ( 'NONE', #1965, #1348, #411, .T. ) ;
#511 = LINE ( 'NONE', #1005, #1890 ) ;
#512 = EDGE_CURVE ( 'NONE', #1918, #1348, #1174, .T. ) ;
#513 = ORIENTED_EDGE ( 'NONE', *, *, #803, .T. ) ;
#514 = DIRECTION ( 'NONE',  ( 0.000000000000000000, 0.000000000000000000, 1.000000000000000000 ) ) ;
#515 = DIRECTION ( 'NONE',  ( 0.000000000000000000, 0.000000000000000000, 1.000000000000000000 ) ) ;
#516 = ORIENTED_EDGE ( 'NONE', *, *, #541, .T. ) ;
#517 = ORIENTED_EDGE ( 'NONE', *, *, #522, .T. ) ;
#518 = UNCERTAINTY_MEASURE_WITH_UNIT (LENGTH_MEASURE( 1.000000000000000082E-05 ), #1629, 'distance_accuracy_value', 'NONE');
#519 = VECTOR ( 'NONE', #1897, 1000.000000000000000 ) ;
#520 = DIRECTION ( 'NONE',  ( 0.000000000000000000, -1.000000000000000000, 0.000000000000000000 ) ) ;
#521 = FACE_OUTER_BOUND ( 'NONE', #722, .T. ) ;
#522 = EDGE_CURVE ( 'NONE', #360, #1419, #628, .T. ) ;
#523 = ORIENTED_EDGE ( 'NONE', *, *, #997, .T. ) ;
#524 =( GEOMETRIC_REPRESENTATION_CONTEXT ( 3 ) GLOBAL_UNCERTAINTY_ASSIGNED_CONTEXT ( ( #726 ) ) GLOBAL_UNIT_ASSIGNED_CONTEXT ( ( #612, #1154, #1996 ) ) REPRESENTATION_CONTEXT ( 'NONE', 'WORKASPACE' ) );
#525 = DIRECTION ( 'NONE',  ( 1.000000000000000000, 0.000000000000000000, 0.000000000000000000 ) ) ;
#526 = DIRECTION ( 'NONE',  ( 0.000000000000000000, 0.000000000000000000, -1.000000000000000000 ) ) ;
#527 = VERTEX_POINT ( 'NONE', #1870 ) ;
#528 = VERTEX_POINT ( 'NONE', #2192 ) ;
#529 = LINE ( 'NONE', #889, #2131 ) ;
#530 = AXIS2_PLACEMENT_3D ( 'NONE', #443, #1520, #942 ) ;
#531 = DIRECTION ( 'NONE',  ( -1.000000000000000000, 0.000000000000000000, 1.533884804630369866E-16 ) ) ;
#532 = DIRECTION ( 'NONE',  ( 0.1209742911513548291, 0.9852565360152931717, 0.1209742911513548291 ) ) ;
#533 = ADVANCED_FACE ( 'NONE', ( #1859 ), #783, .T. ) ;
#534 = ORIENTED_EDGE ( 'NONE', *, *, #754, .T. ) ;
#535 = ORIENTED_EDGE ( 'NONE', *, *, #1876, .T. ) ;
#536 = CARTESIAN_POINT ( 'NONE',  ( -3.427500000000000213, 1.425000000000000044, -2.753990769671735173 ) ) ;
#537 = DIRECTION ( 'NONE',  ( 1.000000000000000000, 0.000000000000000000, 0.000000000000000000 ) ) ;
#538 = DIRECTION ( 'NONE',  ( 5.324931507144329888E-16, -4.336808689942015369E-15, 1.000000000000000000 ) ) ;
#539 = ORIENTED_EDGE ( 'NONE', *, *, #1142, .F. ) ;
#540 = EDGE_CURVE ( 'NONE', #1564, #324, #1349, .T. ) ;
#541 = EDGE_CURVE ( 'NONE', #1576, #314, #2021, .T. ) ;
#542 = VERTEX_POINT ( 'NONE', #261 ) ;
#543 = UNCERTAINTY_MEASURE_WITH_UNIT (LENGTH_MEASURE( 1.000000000000000082E-05 ), #691, 'distance_accuracy_value', 'NONE');
#544 = AXIS2_PLACEMENT_3D ( 'NONE', #1642, #54, #595 ) ;
#545 = ORIENTED_EDGE ( 'NONE', *, *, #1111, .F. ) ;
#546 = CARTESIAN_POINT ( 'NONE',  ( 1.663124945126560348E-16, 2.419999999999999929, 2.628827396809839900 ) ) ;
#547 = ORIENTED_EDGE ( 'NONE', *, *, #561, .T. ) ;
#548 = ORIENTED_EDGE ( 'NONE', *, *, #920, .T. ) ;
#549 = DIRECTION ( 'NONE',  ( 1.000000000000000000, 2.168404344971007685E-15, 0.000000000000000000 ) ) ;
#550 = ORIENTED_EDGE ( 'NONE', *, *, #611, .T. ) ;
#551 = VERTEX_POINT ( 'NONE', #83 ) ;
#552 = ADVANCED_FACE ( 'NONE', ( #1493 ), #1326, .T. ) ;
#553 = LINE ( 'NONE', #687, #215 ) ;
#554 = AXIS2_PLACEMENT_3D ( 'NONE', #470, #902, #1272 ) ;
#555 = VERTEX_POINT ( 'NONE', #484 ) ;
#556 = DIRECTION ( 'NONE',  ( -1.000000000000000000, 0.000000000000000000, 0.000000000000000000 ) ) ;
#557 = ORIENTED_EDGE ( 'NONE', *, *, #997, .F. ) ;
#558 = PLANE ( 'NONE',  #201 ) ;
#559 = CARTESIAN_POINT ( 'NONE',  ( 3.689999999999999947, 0.2300000000000000100, 1.525000000000000133 ) ) ;
#560 = VERTEX_POINT ( 'NONE', #877 ) ;
#561 = EDGE_CURVE ( 'NONE', #324, #1899, #340, .T. ) ;
#562 = ORIENTED_EDGE ( 'NONE', *, *, #2122, .F. ) ;
#563 = APPLICATION_PROTOCOL_DEFINITION ( 'draft international standard', 'automotive_design', 1998, #658 ) ;
#564 = VECTOR ( 'NONE', #400, 1000.000000000000000 ) ;
#565 = ORIENTED_EDGE ( 'NONE', *, *, #189, .T. ) ;
#566 = DIRECTION ( 'NONE',  ( -1.000000000000000000, 0.000000000000000000, -2.168404344971010446E-15 ) ) ;
#567 = ORIENTED_EDGE ( 'NONE', *, *, #787, .T. ) ;
#568 = CARTESIAN_POINT ( 'NONE',  ( 3.689999999999999947, 1.145000000000000018, 1.525000000000000133 ) ) ;
#569 = DIRECTION ( 'NONE',  ( 1.000000000000000000, 0.000000000000000000, 0.000000000000000000 ) ) ;
#570 = DIRECTION ( 'NONE',  ( -0.9925461516413219831, 0.1218693434051477953, 0.000000000000000000 ) ) ;
#571 = DIRECTION ( 'NONE',  ( 0.000000000000000000, -0.1218693434051487529, 0.9925461516413218721 ) ) ;
#572 = VERTEX_POINT ( 'NONE', #1903 ) ;
#573 = DIRECTION ( 'NONE',  ( 1.805936959085464797E-16, 1.000000000000000000, 0.000000000000000000 ) ) ;
#574 = LINE ( 'NONE', #1110, #457 ) ;
#575 = CARTESIAN_POINT ( 'NONE',  ( -2.799999999999999822, 2.419999999999999929, -2.628827396809839900 ) ) ;
#576 = LINE ( 'NONE', #757, #564 ) ;
#577 = EDGE_LOOP ( 'NONE', ( #1021, #1634, #469, #22 ) ) ;
#578 = EDGE_CURVE ( 'NONE', #868, #1922, #329, .T. ) ;
#579 = EDGE_CURVE ( 'NONE', #724, #2066, #142, .T. ) ;
#580 = CARTESIAN_POINT ( 'NONE',  ( -2.449999999999999734, 2.620000000000000107, 2.628827396809839900 ) ) ;
#581 = PLANE ( 'NONE',  #1572 ) ;
#582 = CARTESIAN_POINT ( 'NONE',  ( -3.689999999999999947, 0.2799999999999999711, -1.525000000000000133 ) ) ;
#583 = ORIENTED_EDGE ( 'NONE', *, *, #1231, .F. ) ;
#584 = AXIS2_PLACEMENT_3D ( 'NONE', #842, #154, #1741 ) ;
#585 = DIRECTION ( 'NONE',  ( 0.000000000000000000, 1.000000000000000000, 0.000000000000000000 ) ) ;
#586 = ORIENTED_EDGE ( 'NONE', *, *, #15, .T. ) ;
#587 = LINE ( 'NONE', #389, #458 ) ;
#588 = CARTESIAN_POINT ( 'NONE',  ( 2.311519646603960254, 0.2000000000000000111, -2.952499999999999680 ) ) ;
#589 = CARTESIAN_POINT ( 'NONE',  ( 3.427500000000000213, 0.2000000000000000111, -2.802088912893939909 ) ) ;
#590 = ORIENTED_EDGE ( 'NONE', *, *, #478, .T. ) ;
#591 = ADVANCED_FACE ( 'NONE', ( #2072 ), #1540, .T. ) ;
#592 = AXIS2_PLACEMENT_3D ( 'NONE', #1062, #1263, #925 ) ;
#593 = COLOUR_RGB ( '',0.2509803921568627416, 0.2509803921568627416, 0.2509803921568627416 ) ;
#594 = LINE ( 'NONE', #1663, #1894 ) ;
#595 = DIRECTION ( 'NONE',  ( -1.000000000000000000, 0.000000000000000000, 0.000000000000000000 ) ) ;
#596 = DIRECTION ( 'NONE',  ( -1.000000000000000000, 8.260587980841950613E-16, 0.000000000000000000 ) ) ;
#597 = ORIENTED_EDGE ( 'NONE', *, *, #1071, .F. ) ;
#598 = AXIS2_PLACEMENT_3D ( 'NONE', #1656, #623, #429 ) ;
#599 = LINE ( 'NONE', #1830, #290 ) ;
#600 = DIRECTION ( 'NONE',  ( -0.1209742911513560087, -0.9852565360152929497, -0.1209742911513548014 ) ) ;
#601 = DIRECTION ( 'NONE',  ( 1.533884804630369866E-16, 0.000000000000000000, 1.000000000000000000 ) ) ;
#602 = VERTEX_POINT ( 'NONE', #509 ) ;
#603 = CARTESIAN_POINT ( 'NONE',  ( -3.739999999999999769, 1.145000000000000018, 1.525000000000000133 ) ) ;
#604 = VECTOR ( 'NONE', #2074, 1000.000000000000000 ) ;
#605 = CIRCLE ( 'NONE', #1203, 0.05000000000000012768 ) ;
#606 = EDGE_CURVE ( 'NONE', #1824, #555, #839, .T. ) ;
#607 = CARTESIAN_POINT ( 'NONE',  ( 3.689999999999999947, 0.2799999999999999711, -1.525000000000000133 ) ) ;
#608 = ORIENTED_EDGE ( 'NONE', *, *, #114, .T. ) ;
#609 = EDGE_CURVE ( 'NONE', #728, #456, #699, .T. ) ;
#610 = CARTESIAN_POINT ( 'NONE',  ( 3.145477537709709726, 0.7692131762624849767, -2.670477537709710081 ) ) ;
#611 = EDGE_CURVE ( 'NONE', #602, #1958, #1693, .T. ) ;
#612 =( LENGTH_UNIT ( ) NAMED_UNIT ( * ) SI_UNIT ( .MILLI., .METRE. ) );
#613 = CARTESIAN_POINT ( 'NONE',  ( 2.391322163799020295, 0.3202498779201305434, 2.639908688441805040 ) ) ;
#614 = DIRECTION ( 'NONE',  ( 0.000000000000000000, 0.000000000000000000, -1.000000000000000000 ) ) ;
#615 = CARTESIAN_POINT ( 'NONE',  ( -2.391322163799021627, 0.3202498779201308765, 2.746016541136076405 ) ) ;
#616 = AXIS2_PLACEMENT_3D ( 'NONE', #546, #1941, #1280 ) ;
#617 = CIRCLE ( 'NONE', #1216, 0.2000000000000000944 ) ;
#618 = PRODUCT_DEFINITION_FORMATION_WITH_SPECIFIED_SOURCE ( 'ANY', '', #2152, .NOT_KNOWN. ) ;
#619 = VECTOR ( 'NONE', #423, 1000.000000000000227 ) ;
#620 = CARTESIAN_POINT ( 'NONE',  ( -3.739999999999999769, 1.145000000000000018, 1.525000000000000133 ) ) ;
#621 = ORIENTED_EDGE ( 'NONE', *, *, #2190, .T. ) ;
#622 = CARTESIAN_POINT ( 'NONE',  ( -3.430405138739054838, 1.401339543687841749, 2.756895908410784912 ) ) ;
#623 = DIRECTION ( 'NONE',  ( 0.1209742911513544406, 0.9852565360152931717, 0.1209742911513548291 ) ) ;
#624 = AXIS2_PLACEMENT_3D ( 'NONE', #1477, #214, #1123 ) ;
#625 = FACE_OUTER_BOUND ( 'NONE', #1565, .T. ) ;
#626 = CARTESIAN_POINT ( 'NONE',  ( -3.103827396809839989, 2.620000000000000107, -2.628827396809839900 ) ) ;
#627 = DIRECTION ( 'NONE',  ( -1.000000000000000000, 0.000000000000000000, 0.000000000000000000 ) ) ;
#628 = LINE ( 'NONE', #433, #2019 ) ;
#629 = ADVANCED_FACE ( 'NONE', ( #1614 ), #1973, .T. ) ;
#630 = AXIS2_PLACEMENT_3D ( 'NONE', #776, #1288, #1838 ) ;
#631 = LINE ( 'NONE', #1163, #1993 ) ;
#632 = VECTOR ( 'NONE', #397, 1000.000000000000000 ) ;
#633 = LINE ( 'NONE', #321, #265 ) ;
#634 = DIRECTION ( 'NONE',  ( -1.000000000000000000, -5.152512379684660492E-16, 0.000000000000000000 ) ) ;
#635 = CARTESIAN_POINT ( 'NONE',  ( 3.302336627138105385, 2.444373868681029904, -2.628827396809839900 ) ) ;
#636 = EDGE_CURVE ( 'NONE', #2067, #502, #2016, .T. ) ;
#637 = CARTESIAN_POINT ( 'NONE',  ( 2.669999999999999929, 0.2300000000000000100, 1.525000000000000133 ) ) ;
#638 = FACE_OUTER_BOUND ( 'NONE', #195, .T. ) ;
#639 = SPHERICAL_SURFACE ( 'NONE', #392, 0.2000000000000000111 ) ;
#640 = CARTESIAN_POINT ( 'NONE',  ( -2.311519646603960254, 0.2000000000000000111, -2.802088912893939909 ) ) ;
#641 = DIRECTION ( 'NONE',  ( 0.9925461516413219831, -0.1218693434051477953, 1.457911185641522289E-16 ) ) ;
#642 = VERTEX_POINT ( 'NONE', #2106 ) ;
#643 = DIRECTION ( 'NONE',  ( 0.000000000000000000, -1.000000000000000000, 0.000000000000000000 ) ) ;
#644 = CARTESIAN_POINT ( 'NONE',  ( -3.689999999999999947, 5.421010862427520198E-16, 1.525000000000000133 ) ) ;
#645 = EDGE_CURVE ( 'NONE', #695, #1986, #1338, .T. ) ;
#646 = DIRECTION ( 'NONE',  ( 1.649712223482174902E-16, 0.000000000000000000, 1.000000000000000000 ) ) ;
#647 = VECTOR ( 'NONE', #828, 1000.000000000000000 ) ;
#648 = EDGE_CURVE ( 'NONE', #2078, #354, #938, .T. ) ;
#649 = FACE_OUTER_BOUND ( 'NONE', #1615, .T. ) ;
#650 = LINE ( 'NONE', #2036, #673 ) ;
#651 = CARTESIAN_POINT ( 'NONE',  ( -3.399259550992335122, 1.195000000000000062, 1.525000000000000133 ) ) ;
#652 = ORIENTED_EDGE ( 'NONE', *, *, #2215, .F. ) ;
#653 = DIRECTION ( 'NONE',  ( 1.000000000000000000, -5.152512379684660492E-16, 0.000000000000000000 ) ) ;
#654 = CARTESIAN_POINT ( 'NONE',  ( -3.689999999999999947, -1.558949554510374974E-18, 1.525000000000000133 ) ) ;
#655 = CARTESIAN_POINT ( 'NONE',  ( -3.228990769671735261, 1.425000000000000044, 2.952499999999999680 ) ) ;
#656 = DIRECTION ( 'NONE',  ( -0.1209742911513548291, 0.9852565360152931717, 0.1209742911513548291 ) ) ;
#657 = ADVANCED_FACE ( 'NONE', ( #184 ), #291, .T. ) ;
#658 = APPLICATION_CONTEXT ( 'automotive_design' ) ;
#659 = ORIENTED_EDGE ( 'NONE', *, *, #2086, .F. ) ;
#660 = VECTOR ( 'NONE', #2238, 1000.000000000000227 ) ;
#661 = EDGE_CURVE ( 'NONE', #216, #893, #1206, .T. ) ;
#662 = CARTESIAN_POINT ( 'NONE',  ( -3.103827396809839989, 2.419999999999999929, 2.628827396809839900 ) ) ;
#663 = CARTESIAN_POINT ( 'NONE',  ( 3.427500000000000213, 1.425000000000000044, 2.952499999999999680 ) ) ;
#664 = ORIENTED_EDGE ( 'NONE', *, *, #355, .T. ) ;
#665 = ORIENTED_EDGE ( 'NONE', *, *, #1695, .T. ) ;
#666 = CARTESIAN_POINT ( 'NONE',  ( 3.689999999999999947, 0.2799999999999999711, -1.525000000000000133 ) ) ;
#667 = CARTESIAN_POINT ( 'NONE',  ( -3.280772449721029993, 2.620000000000000107, -2.628827396809839900 ) ) ;
#668 = CARTESIAN_POINT ( 'NONE',  ( 3.114908688441804685, 0.3202498779201305434, 2.816853741352995044 ) ) ;
#669 = EDGE_CURVE ( 'NONE', #1119, #1035, #474, .T. ) ;
#670 = CARTESIAN_POINT ( 'NONE',  ( -2.449999999999999734, 2.620000000000000107, -2.628827396809839900 ) ) ;
#671 = CARTESIAN_POINT ( 'NONE',  ( -3.689999999999999947, 0.2799999999999999711, 1.525000000000000133 ) ) ;
#672 = ORIENTED_EDGE ( 'NONE', *, *, #1695, .F. ) ;
#673 = VECTOR ( 'NONE', #1193, 1000.000000000000227 ) ;
#674 = ORIENTED_EDGE ( 'NONE', *, *, #661, .F. ) ;
#675 = DIRECTION ( 'NONE',  ( 1.000000000000000000, 0.000000000000000000, 0.000000000000000000 ) ) ;
#676 = DIRECTION ( 'NONE',  ( -1.533884804630369866E-16, 0.000000000000000000, -1.000000000000000000 ) ) ;
#677 = CARTESIAN_POINT ( 'NONE',  ( -3.313417918770070525, 0.4958760092391009122, 2.816853741352995044 ) ) ;
#678 = ORIENTED_EDGE ( 'NONE', *, *, #464, .F. ) ;
#679 = DIRECTION ( 'NONE',  ( 0.000000000000000000, 0.000000000000000000, 1.000000000000000000 ) ) ;
#680 = CARTESIAN_POINT ( 'NONE',  ( -2.311519646603960254, 0.2000000000000000111, 0.000000000000000000 ) ) ;
#681 = ORIENTED_EDGE ( 'NONE', *, *, #1664, .F. ) ;
#682 = VECTOR ( 'NONE', #515, 1000.000000000000000 ) ;
#683 = VERTEX_POINT ( 'NONE', #2140 ) ;
#684 = EDGE_CURVE ( 'NONE', #999, #1320, #650, .T. ) ;
#685 = CARTESIAN_POINT ( 'NONE',  ( -3.427500000000000213, 1.425000000000000044, 2.952499999999999680 ) ) ;
#686 = EDGE_CURVE ( 'NONE', #1320, #194, #1179, .T. ) ;
#687 = CARTESIAN_POINT ( 'NONE',  ( -2.669999999999999929, 0.2300000000000000100, -1.525000000000000133 ) ) ;
#688 = DIRECTION ( 'NONE',  ( 0.000000000000000000, 0.000000000000000000, -1.000000000000000000 ) ) ;
#689 = CARTESIAN_POINT ( 'NONE',  ( -2.449999999999999734, 2.520000000000000018, 2.802032477566729796 ) ) ;
#690 = EDGE_LOOP ( 'NONE', ( #2226, #998, #1700, #734 ) ) ;
#691 =( LENGTH_UNIT ( ) NAMED_UNIT ( * ) SI_UNIT ( .MILLI., .METRE. ) );
#692 = DIRECTION ( 'NONE',  ( -1.000000000000000000, 0.000000000000000000, 0.000000000000000000 ) ) ;
#693 = ORIENTED_EDGE ( 'NONE', *, *, #579, .F. ) ;
#694 = CIRCLE ( 'NONE', #1743, 0.2000000000000000944 ) ;
#695 = VERTEX_POINT ( 'NONE', #1343 ) ;
#696 = DIRECTION ( 'NONE',  ( 0.000000000000000000, 0.000000000000000000, -1.000000000000000000 ) ) ;
#697 = DIRECTION ( 'NONE',  ( -1.000000000000000000, 0.000000000000000000, 0.000000000000000000 ) ) ;
#698 = CARTESIAN_POINT ( 'NONE',  ( -2.449999999999999734, 2.419999999999999929, 2.628827396809839900 ) ) ;
#699 = LINE ( 'NONE', #1404, #1916 ) ;
#700 = ORIENTED_EDGE ( 'NONE', *, *, #1048, .F. ) ;
#701 = EDGE_LOOP ( 'NONE', ( #30, #744, #1718, #935 ) ) ;
#702 = EDGE_LOOP ( 'NONE', ( #782, #1585, #1836 ) ) ;
#703 = VERTEX_POINT ( 'NONE', #1166 ) ;
#704 = FACE_OUTER_BOUND ( 'NONE', #748, .T. ) ;
#705 = ADVANCED_FACE ( 'NONE', ( #1563 ), #2234, .T. ) ;
#706 = VECTOR ( 'NONE', #219, 1000.000000000000000 ) ;
#707 = LINE ( 'NONE', #1049, #989 ) ;
#708 = ORIENTED_EDGE ( 'NONE', *, *, #606, .F. ) ;
#709 = CIRCLE ( 'NONE', #598, 0.2000000000000002331 ) ;
#710 = ADVANCED_FACE ( 'NONE', ( #1230 ), #366, .F. ) ;
#711 = DIRECTION ( 'NONE',  ( 0.000000000000000000, 1.000000000000000000, 0.000000000000000000 ) ) ;
#712 = CARTESIAN_POINT ( 'NONE',  ( 3.103827396809839989, 2.419999999999999929, -2.628827396809839900 ) ) ;
#713 = CARTESIAN_POINT ( 'NONE',  ( 2.391322163799020295, 0.4958760092391009122, -2.838417918770069992 ) ) ;
#714 = EDGE_LOOP ( 'NONE', ( #2120, #365, #1929, #1113, #1710, #453, #1373, #401, #1812, #850, #880, #1923 ) ) ;
#715 = VERTEX_POINT ( 'NONE', #1727 ) ;
#716 = AXIS2_PLACEMENT_3D ( 'NONE', #325, #1567, #1001 ) ;
#717 = CARTESIAN_POINT ( 'NONE',  ( -3.689999999999999947, 0.2799999999999999711, 1.525000000000000133 ) ) ;
#718 = VECTOR ( 'NONE', #1494, 1000.000000000000000 ) ;
#719 = DIRECTION ( 'NONE',  ( 0.000000000000000000, 0.000000000000000000, -1.000000000000000000 ) ) ;
#720 = ORIENTED_EDGE ( 'NONE', *, *, #985, .F. ) ;
#721 = EDGE_CURVE ( 'NONE', #476, #456, #1218, .T. ) ;
#722 = EDGE_LOOP ( 'NONE', ( #1108, #422, #1610, #1543 ) ) ;
#723 = DIRECTION ( 'NONE',  ( 0.000000000000000000, 0.1218693434051487529, 0.9925461516413218721 ) ) ;
#724 = VERTEX_POINT ( 'NONE', #536 ) ;
#725 = ORIENTED_EDGE ( 'NONE', *, *, #1954, .T. ) ;
#726 = UNCERTAINTY_MEASURE_WITH_UNIT (LENGTH_MEASURE( 1.000000000000000082E-05 ), #612, 'distance_accuracy_value', 'NONE');
#727 = AXIS2_PLACEMENT_3D ( 'NONE', #1443, #1277, #1054 ) ;
#728 = VERTEX_POINT ( 'NONE', #1763 ) ;
#729 = DIRECTION ( 'NONE',  ( 0.1209742911513548291, 0.9852565360152931717, -0.1209742911513548291 ) ) ;
#730 = AXIS2_PLACEMENT_3D ( 'NONE', #2029, #1848, #251 ) ;
#731 = CARTESIAN_POINT ( 'NONE',  ( -3.131574497546115055, 2.218391867912900217, -2.855083727874379917 ) ) ;
#732 = ORIENTED_EDGE ( 'NONE', *, *, #1876, .F. ) ;
#733 = EDGE_CURVE ( 'NONE', #1564, #759, #376, .T. ) ;
#734 = ORIENTED_EDGE ( 'NONE', *, *, #1759, .T. ) ;
#735 = CYLINDRICAL_SURFACE ( 'NONE', #1313, 0.05000000000000012768 ) ;
#736 = ORIENTED_EDGE ( 'NONE', *, *, #204, .F. ) ;
#737 = EDGE_LOOP ( 'NONE', ( #125, #1278, #66, #1788 ) ) ;
#738 = VECTOR ( 'NONE', #835, 1000.000000000000227 ) ;
#739 = EDGE_LOOP ( 'NONE', ( #2095, #1847, #1073 ) ) ;
#740 = VERTEX_POINT ( 'NONE', #1966 ) ;
#741 = CARTESIAN_POINT ( 'NONE',  ( 3.228990769671735261, 1.425000000000000044, 2.952499999999999680 ) ) ;
#742 = CARTESIAN_POINT ( 'NONE',  ( 3.114908688441804685, 0.5202498779201299994, -2.639908688441805040 ) ) ;
#743 = DIRECTION ( 'NONE',  ( 0.000000000000000000, 1.196290342514424023E-15, -1.000000000000000000 ) ) ;
#744 = ORIENTED_EDGE ( 'NONE', *, *, #1705, .F. ) ;
#745 = EDGE_CURVE ( 'NONE', #527, #893, #760, .T. ) ;
#746 = EDGE_CURVE ( 'NONE', #88, #683, #2157, .T. ) ;
#747 = AXIS2_PLACEMENT_3D ( 'NONE', #1623, #1806, #585 ) ;
#748 = EDGE_LOOP ( 'NONE', ( #1398, #2116, #1632, #2063, #221, #137, #1913, #2013, #49, #2156, #1588, #1617 ) ) ;
#749 = ORIENTED_EDGE ( 'NONE', *, *, #2096, .T. ) ;
#750 = PLANE ( 'NONE',  #63 ) ;
#751 = ORIENTED_EDGE ( 'NONE', *, *, #1374, .T. ) ;
#752 = LINE ( 'NONE', #2138, #1019 ) ;
#753 = DIRECTION ( 'NONE',  ( 2.168404344971008868E-15, 1.000000000000000000, 0.000000000000000000 ) ) ;
#754 = EDGE_CURVE ( 'NONE', #1935, #190, #1552, .T. ) ;
#755 = AXIS2_PLACEMENT_3D ( 'NONE', #1465, #600, #1983 ) ;
#756 = DIRECTION ( 'NONE',  ( 1.000000000000000000, 2.434009779132839743E-16, 0.000000000000000000 ) ) ;
#757 = CARTESIAN_POINT ( 'NONE',  ( 3.689999999999999947, 0.2300000000000000100, 1.525000000000000133 ) ) ;
#758 = VECTOR ( 'NONE', #1688, 1000.000000000000000 ) ;
#759 = VERTEX_POINT ( 'NONE', #1593 ) ;
#760 =( BOUNDED_CURVE ( )  B_SPLINE_CURVE ( 3, ( #741, #1116, #773, #1125 ),
 .UNSPECIFIED., .F., .F. ) 
 B_SPLINE_CURVE_WITH_KNOTS ( ( 4, 4 ),
 ( 5.505213485254659922, 7.061157129104509877 ),
 .UNSPECIFIED. ) 
 CURVE ( )  GEOMETRIC_REPRESENTATION_ITEM ( )  RATIONAL_B_SPLINE_CURVE ( ( 1.000000000000000000, 0.8082256338399270712, 0.8082256338399270712, 1.000000000000000000 ) ) 
 REPRESENTATION_ITEM ( '' )  );
#761 = CARTESIAN_POINT ( 'NONE',  ( 3.114908688441804685, 0.5202498779201299994, -2.639908688441805040 ) ) ;
#762 = PRODUCT_DEFINITION ( 'UNKNOWN', '', #618, #1578 ) ;
#763 = DIRECTION ( 'NONE',  ( 0.000000000000000000, 0.000000000000000000, -1.000000000000000000 ) ) ;
#764 = ORIENTED_EDGE ( 'NONE', *, *, #1307, .F. ) ;
#765 = STYLED_ITEM ( 'NONE', ( #80 ), #299 ) ;
#766 = CARTESIAN_POINT ( 'NONE',  ( 3.427500000000000213, 1.195000000000000062, 1.525000000000000133 ) ) ;
#767 =( NAMED_UNIT ( * ) SI_UNIT ( $, .STERADIAN. ) SOLID_ANGLE_UNIT ( ) );
#768 = ORIENTED_EDGE ( 'NONE', *, *, #478, .F. ) ;
#769 = CARTESIAN_POINT ( 'NONE',  ( 0.000000000000000000, 2.620000000000000107, 0.000000000000000000 ) ) ;
#770 = VECTOR ( 'NONE', #220, 1000.000000000000000 ) ;
#771 = MECHANICAL_DESIGN_GEOMETRIC_PRESENTATION_REPRESENTATION (  '', ( #1919 ), #2162 ) ;
#772 = EDGE_CURVE ( 'NONE', #1643, #848, #1515, .T. ) ;
#773 = CARTESIAN_POINT ( 'NONE',  ( 3.427499999999999769, 1.424999999999997158, 2.870629615453573091 ) ) ;
#774 = CYLINDRICAL_SURFACE ( 'NONE', #1672, 0.1999999999999998168 ) ;
#775 = ADVANCED_FACE ( 'NONE', ( #1639 ), #1987, .T. ) ;
#776 = CARTESIAN_POINT ( 'NONE',  ( 3.427500000000000213, 1.425000000000000044, -2.952499999999999680 ) ) ;
#777 = EDGE_LOOP ( 'NONE', ( #46, #2207, #1124, #665 ) ) ;
#778 = VECTOR ( 'NONE', #272, 1000.000000000000000 ) ;
#779 = LINE ( 'NONE', #2163, #2132 ) ;
#780 = SURFACE_SIDE_STYLE ('',( #1489 ) ) ;
#781 = DIRECTION ( 'NONE',  ( 1.000000000000000000, 1.528381916186644990E-18, 0.000000000000000000 ) ) ;
#782 = ORIENTED_EDGE ( 'NONE', *, *, #264, .T. ) ;
#783 = PLANE ( 'NONE',  #1340 ) ;
#784 = VECTOR ( 'NONE', #306, 1000.000000000000000 ) ;
#785 = AXIS2_PLACEMENT_3D ( 'NONE', #253, #1825, #1508 ) ;
#786 = DIRECTION ( 'NONE',  ( 0.000000000000000000, -0.1218693434051487529, 0.9925461516413218721 ) ) ;
#787 = EDGE_CURVE ( 'NONE', #1065, #483, #203, .T. ) ;
#788 = LINE ( 'NONE', #1827, #1622 ) ;
#789 = ORIENTED_EDGE ( 'NONE', *, *, #510, .T. ) ;
#790 = DIRECTION ( 'NONE',  ( 0.000000000000000000, 1.000000000000000000, 0.000000000000000000 ) ) ;
#791 = CARTESIAN_POINT ( 'NONE',  ( 3.103827396809839989, 2.419999999999999929, -2.628827396809839900 ) ) ;
#792 = CARTESIAN_POINT ( 'NONE',  ( -3.291853741352995133, 0.3202498779201305434, 2.639908688441805040 ) ) ;
#793 = CARTESIAN_POINT ( 'NONE',  ( -3.103827396809839989, 2.419999999999999929, 2.628827396809839900 ) ) ;
#794 = FACE_OUTER_BOUND ( 'NONE', #1882, .T. ) ;
#795 = ORIENTED_EDGE ( 'NONE', *, *, #445, .F. ) ;
#796 = AXIS2_PLACEMENT_3D ( 'NONE', #1068, #538, #1936 ) ;
#797 = ORIENTED_EDGE ( 'NONE', *, *, #1835, .T. ) ;
#798 = FACE_OUTER_BOUND ( 'NONE', #2050, .T. ) ;
#799 = ADVANCED_FACE ( 'NONE', ( #1090 ), #1789, .F. ) ;
#800 = SURFACE_SIDE_STYLE ('',( #101 ) ) ;
#801 = DIRECTION ( 'NONE',  ( -0.9925461516413219831, -0.1218693434051474067, 0.000000000000000000 ) ) ;
#802 = APPLICATION_PROTOCOL_DEFINITION ( 'draft international standard', 'automotive_design', 1998, #1282 ) ;
#803 = EDGE_CURVE ( 'NONE', #160, #695, #2125, .T. ) ;
#804 = DIRECTION ( 'NONE',  ( 0.1209742911513548291, 0.9852565360152931717, 0.1209742911513548291 ) ) ;
#805 = CARTESIAN_POINT ( 'NONE',  ( -3.739999999999999769, 0.2799999999999999711, -1.525000000000000133 ) ) ;
#806 = LINE ( 'NONE', #654, #784 ) ;
#807 = ORIENTED_EDGE ( 'NONE', *, *, #721, .T. ) ;
#808 = DIRECTION ( 'NONE',  ( 1.000000000000000000, 0.000000000000000000, -6.326489700863630112E-17 ) ) ;
#809 = VECTOR ( 'NONE', #1028, 1000.000000000000000 ) ;
#810 = DIRECTION ( 'NONE',  ( -0.1209742911513558006, 0.9852565360152929497, 0.1209742911513558006 ) ) ;
#811 = VECTOR ( 'NONE', #158, 1000.000000000000000 ) ;
#812 = LINE ( 'NONE', #1850, #301 ) ;
#813 = ORIENTED_EDGE ( 'NONE', *, *, #1383, .F. ) ;
#814 = PLANE ( 'NONE',  #821 ) ;
#815 = FACE_OUTER_BOUND ( 'NONE', #427, .T. ) ;
#816 = EDGE_CURVE ( 'NONE', #2088, #1975, #1817, .T. ) ;
#817 = LINE ( 'NONE', #992, #419 ) ;
#818 = EDGE_CURVE ( 'NONE', #1918, #528, #788, .T. ) ;
#819 = ORIENTED_EDGE ( 'NONE', *, *, #84, .T. ) ;
#820 = DIRECTION ( 'NONE',  ( -1.000000000000000000, 0.000000000000000000, 0.000000000000000000 ) ) ;
#821 = AXIS2_PLACEMENT_3D ( 'NONE', #838, #1333, #2199 ) ;
#822 = LINE ( 'NONE', #2047, #4 ) ;
#823 = ORIENTED_EDGE ( 'NONE', *, *, #333, .F. ) ;
#824 = EDGE_LOOP ( 'NONE', ( #908, #2103, #396, #1305, #1102, #1424, #1274, #447 ) ) ;
#825 = DIRECTION ( 'NONE',  ( 0.000000000000000000, 0.000000000000000000, 1.000000000000000000 ) ) ;
#826 = AXIS2_PLACEMENT_3D ( 'NONE', #1683, #259, #95 ) ;
#827 = CARTESIAN_POINT ( 'NONE',  ( 3.739999999999999769, 1.145000000000000018, 1.525000000000000133 ) ) ;
#828 = DIRECTION ( 'NONE',  ( 1.000000000000000000, 0.000000000000000000, 0.000000000000000000 ) ) ;
#829 = EDGE_CURVE ( 'NONE', #354, #324, #961, .T. ) ;
#830 = CARTESIAN_POINT ( 'NONE',  ( 3.427500000000000213, 1.425000000000000044, 2.952499999999999680 ) ) ;
#831 = DIRECTION ( 'NONE',  ( -1.000000000000000000, 0.000000000000000000, 6.326489700863630112E-17 ) ) ;
#832 = AXIS2_PLACEMENT_3D ( 'NONE', #430, #2186, #1143 ) ;
#833 = DIRECTION ( 'NONE',  ( 1.000000000000000000, 0.000000000000000000, 0.000000000000000000 ) ) ;
#834 = MECHANICAL_DESIGN_GEOMETRIC_PRESENTATION_REPRESENTATION (  '', ( #2134 ), #2004 ) ;
#835 = DIRECTION ( 'NONE',  ( -0.5500813312119848808, 0.8288862964397277766, 0.1017744399467869765 ) ) ;
#836 = ORIENTED_EDGE ( 'NONE', *, *, #1077, .F. ) ;
#837 = ORIENTED_EDGE ( 'NONE', *, *, #355, .F. ) ;
#838 = CARTESIAN_POINT ( 'NONE',  ( -3.689999999999999947, 0.2300000000000000100, 1.525000000000000133 ) ) ;
#839 =( BOUNDED_CURVE ( )  B_SPLINE_CURVE ( 3, ( #1733, #2043, #865, #2242 ),
 .UNSPECIFIED., .F., .F. ) 
 B_SPLINE_CURVE_WITH_KNOTS ( ( 4, 4 ),
 ( 4.834562028024289582, 6.283185307179590673 ),
 .UNSPECIFIED. ) 
 CURVE ( )  GEOMETRIC_REPRESENTATION_ITEM ( )  RATIONAL_B_SPLINE_CURVE ( ( 1.000000000000000000, 0.8326371471926690138, 0.8326371471926690138, 1.000000000000000000 ) ) 
 REPRESENTATION_ITEM ( '' )  );
#840 = FACE_OUTER_BOUND ( 'NONE', #714, .T. ) ;
#841 = CARTESIAN_POINT ( 'NONE',  ( -3.689999999999999947, 5.421010862427520198E-16, -1.525000000000000133 ) ) ;
#842 = CARTESIAN_POINT ( 'NONE',  ( -2.391322163799020295, 0.5202498779201311097, -2.639908688441805040 ) ) ;
#843 = DIRECTION ( 'NONE',  ( 0.000000000000000000, 0.000000000000000000, -1.000000000000000000 ) ) ;
#844 = CARTESIAN_POINT ( 'NONE',  ( -3.399259550992335122, 1.195000000000000062, -1.525000000000000133 ) ) ;
#845 = EDGE_CURVE ( 'NONE', #1851, #1887, #1478, .T. ) ;
#846 = CARTESIAN_POINT ( 'NONE',  ( 2.391322163799020295, 0.5202498779201311097, 2.639908688441805040 ) ) ;
#847 = EDGE_CURVE ( 'NONE', #1922, #1419, #254, .T. ) ;
#848 = VERTEX_POINT ( 'NONE', #1991 ) ;
#849 = AXIS2_PLACEMENT_3D ( 'NONE', #662, #1545, #973 ) ;
#850 = ORIENTED_EDGE ( 'NONE', *, *, #1457, .F. ) ;
#851 = LINE ( 'NONE', #1367, #2159 ) ;
#852 = DIRECTION ( 'NONE',  ( 0.000000000000000000, 0.000000000000000000, 1.000000000000000000 ) ) ;
#853 = CARTESIAN_POINT ( 'NONE',  ( -2.449999999999999734, 2.620000000000000107, -2.628827396809839900 ) ) ;
#854 = LINE ( 'NONE', #2, #1974 ) ;
#855 = LINE ( 'NONE', #111, #383 ) ;
#856 = ORIENTED_EDGE ( 'NONE', *, *, #1681, .T. ) ;
#857 = CARTESIAN_POINT ( 'NONE',  ( 3.427500000000000213, 1.425000000000000044, 1.525000000000000133 ) ) ;
#858 = AXIS2_PLACEMENT_3D ( 'NONE', #1226, #1029, #155 ) ;
#859 = CARTESIAN_POINT ( 'NONE',  ( -3.739999999999999769, 1.145000000000000018, -1.525000000000000133 ) ) ;
#860 = VERTEX_POINT ( 'NONE', #1127 ) ;
#861 = ORIENTED_EDGE ( 'NONE', *, *, #1757, .T. ) ;
#862 = LINE ( 'NONE', #2080, #660 ) ;
#863 = DIRECTION ( 'NONE',  ( 1.000000000000000000, 0.000000000000000000, 0.000000000000000000 ) ) ;
#864 = DIRECTION ( 'NONE',  ( 0.000000000000000000, 0.000000000000000000, -1.000000000000000000 ) ) ;
#865 = CARTESIAN_POINT ( 'NONE',  ( 2.391322163799018519, 0.3202498779201305434, -2.746016541136072409 ) ) ;
#866 = ADVANCED_FACE ( 'NONE', ( #1495 ), #964, .T. ) ;
#867 = CARTESIAN_POINT ( 'NONE',  ( -3.689999999999999947, 1.145000000000000018, 1.525000000000000133 ) ) ;
#868 = VERTEX_POINT ( 'NONE', #954 ) ;
#869 = ORIENTED_EDGE ( 'NONE', *, *, #684, .T. ) ;
#870 = ADVANCED_FACE ( 'NONE', ( #1486 ), #1319, .T. ) ;
#871 = ORIENTED_EDGE ( 'NONE', *, *, #2210, .F. ) ;
#872 = AXIS2_PLACEMENT_3D ( 'NONE', #2005, #1511, #446 ) ;
#873 = ORIENTED_EDGE ( 'NONE', *, *, #106, .F. ) ;
#874 = CARTESIAN_POINT ( 'NONE',  ( 3.689999999999999947, 1.145000000000000018, -1.525000000000000133 ) ) ;
#875 = LINE ( 'NONE', #362, #1254 ) ;
#876 = CARTESIAN_POINT ( 'NONE',  ( -3.114908688441804685, 0.5202498779201299994, -2.639908688441805040 ) ) ;
#877 = CARTESIAN_POINT ( 'NONE',  ( -3.228990769671735261, 1.425000000000000044, 2.952499999999999680 ) ) ;
#878 = EDGE_CURVE ( 'NONE', #354, #88, #1665, .T. ) ;
#879 = ADVANCED_FACE ( 'NONE', ( #436 ), #2160, .T. ) ;
#880 = ORIENTED_EDGE ( 'NONE', *, *, #611, .F. ) ;
#881 = VECTOR ( 'NONE', #1557, 1000.000000000000000 ) ;
#882 = SURFACE_STYLE_USAGE ( .BOTH. , #2087 ) ;
#883 = CARTESIAN_POINT ( 'NONE',  ( 2.669999999999999929, 0.2300000000000000100, 1.525000000000000133 ) ) ;
#884 = FACE_OUTER_BOUND ( 'NONE', #1800, .T. ) ;
#885 = ORIENTED_EDGE ( 'NONE', *, *, #2122, .T. ) ;
#886 = EDGE_LOOP ( 'NONE', ( #1083, #2198, #505, #1089 ) ) ;
#887 = CIRCLE ( 'NONE', #849, 0.2000000000000000944 ) ;
#888 = VERTEX_POINT ( 'NONE', #1449 ) ;
#889 = CARTESIAN_POINT ( 'NONE',  ( 2.669999999999999929, 0.2300000000000000100, -1.525000000000000133 ) ) ;
#890 = STYLED_ITEM ( 'NONE', ( #1736 ), #1031 ) ;
#891 = DIRECTION ( 'NONE',  ( -1.533884804630369866E-16, 0.000000000000000000, -1.000000000000000000 ) ) ;
#892 = EDGE_CURVE ( 'NONE', #642, #82, #1631, .T. ) ;
#893 = VERTEX_POINT ( 'NONE', #1522 ) ;
#894 = CIRCLE ( 'NONE', #2154, 0.2000000000000000944 ) ;
#895 = ORIENTED_EDGE ( 'NONE', *, *, #1177, .F. ) ;
#896 = CARTESIAN_POINT ( 'NONE',  ( 3.103827396809839989, 2.419999999999999929, 2.628827396809839900 ) ) ;
#897 = EDGE_LOOP ( 'NONE', ( #379, #1752, #1460, #39 ) ) ;
#898 = ORIENTED_EDGE ( 'NONE', *, *, #950, .T. ) ;
#899 = VECTOR ( 'NONE', #808, 1000.000000000000000 ) ;
#900 = CARTESIAN_POINT ( 'NONE',  ( -3.103827396809839989, 2.419999999999999929, -2.628827396809839900 ) ) ;
#901 = DIRECTION ( 'NONE',  ( -0.8332127531085978811, 0.5529525368937109331, 0.000000000000000000 ) ) ;
#902 = DIRECTION ( 'NONE',  ( 0.000000000000000000, 0.000000000000000000, -1.000000000000000000 ) ) ;
#903 = ADVANCED_FACE ( 'NONE', ( #147 ), #1165, .T. ) ;
#904 = EDGE_LOOP ( 'NONE', ( #955, #1744, #1208, #97 ) ) ;
#905 = EDGE_CURVE ( 'NONE', #324, #724, #633, .T. ) ;
#906 = ORIENTED_EDGE ( 'NONE', *, *, #684, .F. ) ;
#907 = DIRECTION ( 'NONE',  ( 0.000000000000000000, 0.000000000000000000, -1.000000000000000000 ) ) ;
#908 = ORIENTED_EDGE ( 'NONE', *, *, #1577, .F. ) ;
#909 = DIRECTION ( 'NONE',  ( 0.000000000000000000, 0.000000000000000000, -1.000000000000000000 ) ) ;
#910 = ORIENTED_EDGE ( 'NONE', *, *, #225, .F. ) ;
#911 = CIRCLE ( 'NONE', #1290, 0.2000000000000000944 ) ;
#912 = ORIENTED_EDGE ( 'NONE', *, *, #156, .F. ) ;
#913 = FACE_OUTER_BOUND ( 'NONE', #886, .T. ) ;
#914 = DIRECTION ( 'NONE',  ( -1.000000000000000000, 0.000000000000000000, 1.533884804630369866E-16 ) ) ;
#915 = CARTESIAN_POINT ( 'NONE',  ( -3.114908688441804685, 0.5202498779201299994, -2.639908688441805040 ) ) ;
#916 = ORIENTED_EDGE ( 'NONE', *, *, #1686, .F. ) ;
#917 = DIRECTION ( 'NONE',  ( 0.000000000000000000, 0.000000000000000000, 1.000000000000000000 ) ) ;
#918 = VERTEX_POINT ( 'NONE', #1342 ) ;
#919 = EDGE_CURVE ( 'NONE', #194, #2243, #2195, .T. ) ;
#920 = EDGE_CURVE ( 'NONE', #572, #728, #822, .T. ) ;
#921 = VERTEX_POINT ( 'NONE', #1553 ) ;
#922 = DIRECTION ( 'NONE',  ( -1.000000000000000000, -5.013651664672859999E-16, 0.000000000000000000 ) ) ;
#923 = CARTESIAN_POINT ( 'NONE',  ( 3.689999999999999947, 1.195000000000000062, 1.525000000000000133 ) ) ;
#924 = AXIS2_PLACEMENT_3D ( 'NONE', #1793, #2002, #743 ) ;
#925 = DIRECTION ( 'NONE',  ( -1.000000000000000000, 0.000000000000000000, 0.000000000000000000 ) ) ;
#926 = DIRECTION ( 'NONE',  ( 0.000000000000000000, 0.000000000000000000, -1.000000000000000000 ) ) ;
#927 = AXIS2_PLACEMENT_3D ( 'NONE', #356, #1748, #1909 ) ;
#928 = VERTEX_POINT ( 'NONE', #135 ) ;
#929 = ORIENTED_EDGE ( 'NONE', *, *, #1497, .T. ) ;
#930 = DIRECTION ( 'NONE',  ( 0.000000000000000000, 0.000000000000000000, -1.000000000000000000 ) ) ;
#931 = ADVANCED_FACE ( 'NONE', ( #649 ), #1150, .T. ) ;
#932 = FACE_OUTER_BOUND ( 'NONE', #897, .T. ) ;
#933 = CARTESIAN_POINT ( 'NONE',  ( 3.114908688441804685, 0.5202498779201299994, -2.639908688441805040 ) ) ;
#934 = ORIENTED_EDGE ( 'NONE', *, *, #2190, .F. ) ;
#935 = ORIENTED_EDGE ( 'NONE', *, *, #1470, .F. ) ;
#936 = DIRECTION ( 'NONE',  ( 1.000000000000000000, 0.000000000000000000, 0.000000000000000000 ) ) ;
#937 = CYLINDRICAL_SURFACE ( 'NONE', #624, 0.2000000000000000944 ) ;
#938 = LINE ( 'NONE', #731, #1034 ) ;
#939 = CARTESIAN_POINT ( 'NONE',  ( 3.216168923405454905, 1.563164583267599994, 2.969464477688844806 ) ) ;
#940 = AXIS2_PLACEMENT_3D ( 'NONE', #1871, #330, #820 ) ;
#941 = EDGE_LOOP ( 'NONE', ( #1547, #1496, #246, #6 ) ) ;
#942 = DIRECTION ( 'NONE',  ( 1.000000000000000000, 0.000000000000000000, 0.000000000000000000 ) ) ;
#943 = CARTESIAN_POINT ( 'NONE',  ( -2.799999999999999822, 2.620000000000000107, 2.628827396809839900 ) ) ;
#944 = ORIENTED_EDGE ( 'NONE', *, *, #2096, .F. ) ;
#945 = EDGE_CURVE ( 'NONE', #928, #1320, #1382, .T. ) ;
#946 = CARTESIAN_POINT ( 'NONE',  ( -3.131574497546115055, 0.6559820007681310683, -2.656574497546114966 ) ) ;
#947 = VECTOR ( 'NONE', #1074, 1000.000000000000000 ) ;
#948 = DIRECTION ( 'NONE',  ( 0.000000000000000000, 0.000000000000000000, -1.000000000000000000 ) ) ;
#949 = COLOUR_RGB ( '',0.7921568627450980005, 0.8196078431372548767, 0.9333333333333333481 ) ;
#950 = EDGE_CURVE ( 'NONE', #1066, #2111, #812, .T. ) ;
#951 = VERTEX_POINT ( 'NONE', #289 ) ;
#952 = LINE ( 'NONE', #1549, #1866 ) ;
#953 = DIRECTION ( 'NONE',  ( -1.000000000000000000, 0.000000000000000000, 4.109077935467265148E-17 ) ) ;
#954 = CARTESIAN_POINT ( 'NONE',  ( -2.449999999999999734, 2.520000000000000018, 2.802032477566729796 ) ) ;
#955 = ORIENTED_EDGE ( 'NONE', *, *, #346, .T. ) ;
#956 = DIRECTION ( 'NONE',  ( 1.000000000000000000, 0.000000000000000000, 0.000000000000000000 ) ) ;
#957 = DIRECTION ( 'NONE',  ( -0.1209742911513548291, -0.9852565360152931717, 0.1209742911513548291 ) ) ;
#958 = CARTESIAN_POINT ( 'NONE',  ( 3.689999999999999947, 0.2799999999999999711, 1.525000000000000133 ) ) ;
#959 = ORIENTED_EDGE ( 'NONE', *, *, #1681, .F. ) ;
#960 = CARTESIAN_POINT ( 'NONE',  ( -2.437982089599930013, 0.3905590683884774816, 2.825486624432088423 ) ) ;
#961 = CIRCLE ( 'NONE', #1762, 0.1999999999999998168 ) ;
#962 = EDGE_CURVE ( 'NONE', #928, #1576, #459, .T. ) ;
#963 = DIRECTION ( 'NONE',  ( 0.000000000000000000, 0.000000000000000000, -1.000000000000000000 ) ) ;
#964 = PLANE ( 'NONE',  #630 ) ;
#965 = VERTEX_POINT ( 'NONE', #489 ) ;
#966 = DIRECTION ( 'NONE',  ( 0.000000000000000000, 0.1218693434051474067, 0.9925461516413219831 ) ) ;
#967 = FACE_OUTER_BOUND ( 'NONE', #1205, .T. ) ;
#968 = CARTESIAN_POINT ( 'NONE',  ( 0.000000000000000000, 0.2000000000000000111, 0.000000000000000000 ) ) ;
#969 = VECTOR ( 'NONE', #1294, 1000.000000000000000 ) ;
#970 = EDGE_CURVE ( 'NONE', #1972, #1246, #279, .T. ) ;
#971 = VECTOR ( 'NONE', #1921, 1000.000000000000000 ) ;
#972 = LINE ( 'NONE', #2158, #493 ) ;
#973 = DIRECTION ( 'NONE',  ( 1.000000000000000000, 0.000000000000000000, 0.000000000000000000 ) ) ;
#974 = EDGE_LOOP ( 'NONE', ( #1308, #399, #1575 ) ) ;
#975 = FACE_OUTER_BOUND ( 'NONE', #1044, .T. ) ;
#976 = VECTOR ( 'NONE', #781, 1000.000000000000000 ) ;
#977 = DIRECTION ( 'NONE',  ( -1.000000000000000000, 0.000000000000000000, 0.000000000000000000 ) ) ;
#978 = DIRECTION ( 'NONE',  ( 1.000000000000000000, 2.168404344971010446E-15, -2.662465753572180228E-16 ) ) ;
#979 = DIRECTION ( 'NONE',  ( 0.000000000000000000, 0.000000000000000000, -1.000000000000000000 ) ) ;
#980 = ORIENTED_EDGE ( 'NONE', *, *, #2188, .F. ) ;
#981 = DIRECTION ( 'NONE',  ( -0.000000000000000000, 1.000000000000000000, 0.000000000000000000 ) ) ;
#982 = AXIS2_PLACEMENT_3D ( 'NONE', #1422, #1719, #151 ) ;
#983 = DIRECTION ( 'NONE',  ( 0.000000000000000000, 0.000000000000000000, -1.000000000000000000 ) ) ;
#984 = DIRECTION ( 'NONE',  ( -0.1209742911513548291, 0.9852565360152931717, -0.1209742911513554398 ) ) ;
#985 = EDGE_CURVE ( 'NONE', #250, #1564, #887, .T. ) ;
#986 = DIRECTION ( 'NONE',  ( 1.000000000000000000, 0.000000000000000000, 0.000000000000000000 ) ) ;
#987 = EDGE_CURVE ( 'NONE', #1252, #2066, #477, .T. ) ;
#988 = ORIENTED_EDGE ( 'NONE', *, *, #745, .T. ) ;
#989 = VECTOR ( 'NONE', #1389, 1000.000000000000000 ) ;
#990 = DIRECTION ( 'NONE',  ( -1.468859844180191882E-16, 0.000000000000000000, 1.000000000000000000 ) ) ;
#991 = LINE ( 'NONE', #1692, #1953 ) ;
#992 = CARTESIAN_POINT ( 'NONE',  ( -2.669999999999999929, 0.2300000000000000100, 1.525000000000000133 ) ) ;
#993 = EDGE_LOOP ( 'NONE', ( #2179, #547, #61 ) ) ;
#994 = LINE ( 'NONE', #2010, #1747 ) ;
#995 = VECTOR ( 'NONE', #207, 1000.000000000000000 ) ;
#996 = ORIENTED_EDGE ( 'NONE', *, *, #1039, .F. ) ;
#997 = EDGE_CURVE ( 'NONE', #1246, #180, #2214, .T. ) ;
#998 = ORIENTED_EDGE ( 'NONE', *, *, #1374, .F. ) ;
#999 = VERTEX_POINT ( 'NONE', #1204 ) ;
#1000 = DIRECTION ( 'NONE',  ( 0.000000000000000000, 0.000000000000000000, -1.000000000000000000 ) ) ;
#1001 = DIRECTION ( 'NONE',  ( 1.000000000000000000, 0.000000000000000000, 0.000000000000000000 ) ) ;
#1002 = CARTESIAN_POINT ( 'NONE',  ( -3.427500000000000213, 1.195000000000000062, -1.525000000000000133 ) ) ;
#1003 = DIRECTION ( 'NONE',  ( -1.547736767743704891E-16, 0.000000000000000000, -1.000000000000000000 ) ) ;
#1004 = MANIFOLD_SOLID_BREP ( 'NONE', #103 ) ;
#1005 = CARTESIAN_POINT ( 'NONE',  ( 3.739999999999999769, 1.145000000000000018, -1.525000000000000133 ) ) ;
#1006 = CIRCLE ( 'NONE', #14, 0.2799999999999998601 ) ;
#1007 = EDGE_CURVE ( 'NONE', #1417, #1412, #1075, .T. ) ;
#1008 = AXIS2_PLACEMENT_3D ( 'NONE', #607, #983, #263 ) ;
#1009 = ORIENTED_EDGE ( 'NONE', *, *, #1243, .T. ) ;
#1010 = EDGE_CURVE ( 'NONE', #759, #560, #1920, .T. ) ;
#1011 = ORIENTED_EDGE ( 'NONE', *, *, #878, .T. ) ;
#1012 = CYLINDRICAL_SURFACE ( 'NONE', #242, 0.1999999999999998168 ) ;
#1013 = CARTESIAN_POINT ( 'NONE',  ( -2.449999999999999734, 2.520000000000000018, -2.827336627138104852 ) ) ;
#1014 = ADVANCED_FACE ( 'NONE', ( #1229 ), #166, .F. ) ;
#1015 = CARTESIAN_POINT ( 'NONE',  ( -2.799999999999999822, 2.419999999999999929, 2.628827396809839900 ) ) ;
#1016 = ADVANCED_FACE ( 'NONE', ( #345 ), #1409, .T. ) ;
#1017 = VECTOR ( 'NONE', #1171, 1000.000000000000000 ) ;
#1018 = DIRECTION ( 'NONE',  ( -1.533884804630369866E-16, 0.000000000000000000, -1.000000000000000000 ) ) ;
#1019 = VECTOR ( 'NONE', #408, 1000.000000000000000 ) ;
#1020 = CARTESIAN_POINT ( 'NONE',  ( 2.311519646603960254, 0.2000000000000000111, 0.000000000000000000 ) ) ;
#1021 = ORIENTED_EDGE ( 'NONE', *, *, #1726, .T. ) ;
#1022 = ORIENTED_EDGE ( 'NONE', *, *, #1524, .T. ) ;
#1023 = LINE ( 'NONE', #685, #1322 ) ;
#1024 = CARTESIAN_POINT ( 'NONE',  ( -3.689999999999999947, 0.2300000000000000100, -1.525000000000000133 ) ) ;
#1025 = FACE_OUTER_BOUND ( 'NONE', #21, .T. ) ;
#1026 = AXIS2_PLACEMENT_3D ( 'NONE', #496, #1570, #1211 ) ;
#1027 = DIRECTION ( 'NONE',  ( 0.000000000000000000, 0.000000000000000000, -1.000000000000000000 ) ) ;
#1028 = DIRECTION ( 'NONE',  ( -1.000000000000000000, 0.000000000000000000, 1.533884804630369866E-16 ) ) ;
#1029 = DIRECTION ( 'NONE',  ( -1.000000000000000000, 0.000000000000000000, 0.000000000000000000 ) ) ;
#1030 = EDGE_LOOP ( 'NONE', ( #1011, #369, #2130, #1033 ) ) ;
#1031 = MANIFOLD_SOLID_BREP ( 'NONE', #460 ) ;
#1032 = CARTESIAN_POINT ( 'NONE',  ( 2.391322163799020295, 0.3202498779201305434, -2.952499999999999680 ) ) ;
#1033 = ORIENTED_EDGE ( 'NONE', *, *, #648, .T. ) ;
#1034 = VECTOR ( 'NONE', #532, 1000.000000000000000 ) ;
#1035 = VERTEX_POINT ( 'NONE', #1106 ) ;
#1036 = DIRECTION ( 'NONE',  ( -1.528381916186644990E-18, 1.000000000000000000, 0.000000000000000000 ) ) ;
#1037 = CARTESIAN_POINT ( 'NONE',  ( 3.739999999999999769, 1.145000000000000018, 1.525000000000000133 ) ) ;
#1038 = DIRECTION ( 'NONE',  ( 0.000000000000000000, -1.000000000000000000, 0.000000000000000000 ) ) ;
#1039 = EDGE_CURVE ( 'NONE', #360, #1972, #2054, .T. ) ;
#1040 = ORIENTED_EDGE ( 'NONE', *, *, #1482, .F. ) ;
#1041 = SURFACE_STYLE_FILL_AREA ( #176 ) ;
#1042 = VERTEX_POINT ( 'NONE', #1461 ) ;
#1043 = AXIS2_PLACEMENT_3D ( 'NONE', #223, #573, #1840 ) ;
#1044 = EDGE_LOOP ( 'NONE', ( #1209, #693, #1151, #871 ) ) ;
#1045 = EDGE_CURVE ( 'NONE', #1428, #190, #1285, .T. ) ;
#1046 = ORIENTED_EDGE ( 'NONE', *, *, #2032, .T. ) ;
#1047 = DIRECTION ( 'NONE',  ( 1.000000000000000000, 1.528381916186644990E-18, 0.000000000000000000 ) ) ;
#1048 = EDGE_CURVE ( 'NONE', #1986, #1233, #1298, .T. ) ;
#1049 = CARTESIAN_POINT ( 'NONE',  ( 3.689999999999999947, 0.2300000000000000100, -1.525000000000000133 ) ) ;
#1050 = CIRCLE ( 'NONE', #1785, 0.2000000000000000944 ) ;
#1051 = CARTESIAN_POINT ( 'NONE',  ( -2.449999999999999734, 2.520000000000000018, 2.802032477566729796 ) ) ;
#1052 = ORIENTED_EDGE ( 'NONE', *, *, #829, .F. ) ;
#1053 = VECTOR ( 'NONE', #1130, 1000.000000000000000 ) ;
#1054 = DIRECTION ( 'NONE',  ( -1.000000000000000000, 8.260587980841950613E-16, 0.000000000000000000 ) ) ;
#1055 = CARTESIAN_POINT ( 'NONE',  ( 3.399259550992335122, 1.195000000000000062, 1.525000000000000133 ) ) ;
#1056 = EDGE_LOOP ( 'NONE', ( #1875, #681, #208, #1955, #768, #241, #910, #1397 ) ) ;
#1057 = ORIENTED_EDGE ( 'NONE', *, *, #1162, .T. ) ;
#1058 = EDGE_CURVE ( 'NONE', #1930, #216, #7, .T. ) ;
#1059 = ADVANCED_FACE ( 'NONE', ( #386 ), #358, .F. ) ;
#1060 = DIRECTION ( 'NONE',  ( 0.000000000000000000, 0.000000000000000000, -1.000000000000000000 ) ) ;
#1061 = LINE ( 'NONE', #1591, #367 ) ;
#1062 = CARTESIAN_POINT ( 'NONE',  ( 3.689999999999999947, 0.2799999999999999711, 1.525000000000000133 ) ) ;
#1063 = ORIENTED_EDGE ( 'NONE', *, *, #636, .T. ) ;
#1064 = DIRECTION ( 'NONE',  ( -1.000000000000000000, 0.000000000000000000, 0.000000000000000000 ) ) ;
#1065 = VERTEX_POINT ( 'NONE', #580 ) ;
#1066 = VERTEX_POINT ( 'NONE', #1749 ) ;
#1067 = DIRECTION ( 'NONE',  ( 0.000000000000000000, 0.000000000000000000, -1.000000000000000000 ) ) ;
#1068 = CARTESIAN_POINT ( 'NONE',  ( -3.114908688441804685, 0.5202498779201299994, 2.639908688441805040 ) ) ;
#1069 = VERTEX_POINT ( 'NONE', #1764 ) ;
#1070 = ORIENTED_EDGE ( 'NONE', *, *, #1318, .T. ) ;
#1071 = EDGE_CURVE ( 'NONE', #483, #216, #77, .T. ) ;
#1072 = VECTOR ( 'NONE', #1390, 1000.000000000000000 ) ;
#1073 = ORIENTED_EDGE ( 'NONE', *, *, #57, .F. ) ;
#1074 = DIRECTION ( 'NONE',  ( -1.000000000000000000, 8.260587980841950613E-16, 0.000000000000000000 ) ) ;
#1075 = CIRCLE ( 'NONE', #2148, 0.2799999999999998601 ) ;
#1076 = DIRECTION ( 'NONE',  ( 0.000000000000000000, 1.000000000000000000, 0.000000000000000000 ) ) ;
#1077 = EDGE_CURVE ( 'NONE', #542, #1444, #378, .T. ) ;
#1078 = ORIENTED_EDGE ( 'NONE', *, *, #1497, .F. ) ;
#1079 = CARTESIAN_POINT ( 'NONE',  ( -2.799999999999999822, 2.419999999999999929, 2.628827396809839900 ) ) ;
#1080 = MANIFOLD_SOLID_BREP ( 'NONE', #1746 ) ;
#1081 = CARTESIAN_POINT ( 'NONE',  ( -2.449999999999999734, 2.419999999999999929, 2.628827396809839900 ) ) ;
#1082 = ORIENTED_EDGE ( 'NONE', *, *, #2045, .F. ) ;
#1083 = ORIENTED_EDGE ( 'NONE', *, *, #1273, .T. ) ;
#1084 = VECTOR ( 'NONE', #2025, 1000.000000000000000 ) ;
#1085 = ORIENTED_EDGE ( 'NONE', *, *, #445, .T. ) ;
#1086 = SURFACE_STYLE_FILL_AREA ( #1453 ) ;
#1087 = VECTOR ( 'NONE', #1910, 1000.000000000000000 ) ;
#1088 = LINE ( 'NONE', #1786, #1279 ) ;
#1089 = ORIENTED_EDGE ( 'NONE', *, *, #181, .T. ) ;
#1090 = FACE_OUTER_BOUND ( 'NONE', #737, .T. ) ;
#1091 = EDGE_CURVE ( 'NONE', #273, #160, #605, .T. ) ;
#1092 = ADVANCED_FACE ( 'NONE', ( #884 ), #558, .T. ) ;
#1093 = ORIENTED_EDGE ( 'NONE', *, *, #1469, .T. ) ;
#1094 = DIRECTION ( 'NONE',  ( 1.000000000000000000, 0.000000000000000000, 0.000000000000000000 ) ) ;
#1095 = FACE_OUTER_BOUND ( 'NONE', #349, .T. ) ;
#1096 = ORIENTED_EDGE ( 'NONE', *, *, #2210, .T. ) ;
#1097 = VECTOR ( 'NONE', #1399, 1000.000000000000000 ) ;
#1098 = ORIENTED_EDGE ( 'NONE', *, *, #645, .T. ) ;
#1099 = LINE ( 'NONE', #1612, #1053 ) ;
#1100 = AXIS2_PLACEMENT_3D ( 'NONE', #766, #1852, #267 ) ;
#1101 = DIRECTION ( 'NONE',  ( -1.000000000000000000, 0.000000000000000000, 0.000000000000000000 ) ) ;
#1102 = ORIENTED_EDGE ( 'NONE', *, *, #1705, .T. ) ;
#1103 = ADVANCED_FACE ( 'NONE', ( #1608 ), #735, .F. ) ;
#1104 = VECTOR ( 'NONE', #1756, 1000.000000000000000 ) ;
#1105 = ORIENTED_EDGE ( 'NONE', *, *, #945, .F. ) ;
#1106 = CARTESIAN_POINT ( 'NONE',  ( 3.689999999999999947, 9.022303882162361999E-16, -1.525000000000000133 ) ) ;
#1107 = DIRECTION ( 'NONE',  ( 1.000000000000000000, 1.513640105511344920E-33, -6.326489700863630112E-17 ) ) ;
#1108 = ORIENTED_EDGE ( 'NONE', *, *, #1650, .F. ) ;
#1109 = ORIENTED_EDGE ( 'NONE', *, *, #475, .F. ) ;
#1110 = CARTESIAN_POINT ( 'NONE',  ( 3.231895908410785001, 1.448660456312155898, -2.955405138739049864 ) ) ;
#1111 = EDGE_CURVE ( 'NONE', #82, #88, #89, .T. ) ;
#1112 = DIRECTION ( 'NONE',  ( 0.000000000000000000, 0.000000000000000000, -1.000000000000000000 ) ) ;
#1113 = ORIENTED_EDGE ( 'NONE', *, *, #1713, .F. ) ;
#1114 = DIRECTION ( 'NONE',  ( 0.000000000000000000, 0.000000000000000000, 1.000000000000000000 ) ) ;
#1115 = EDGE_CURVE ( 'NONE', #918, #542, #243, .T. ) ;
#1116 = CARTESIAN_POINT ( 'NONE',  ( 3.345629615453572736, 1.424999999999997158, 2.952500000000000568 ) ) ;
#1117 = CARTESIAN_POINT ( 'NONE',  ( -3.114908688441804685, 0.4958760092391009122, -2.838417918770069992 ) ) ;
#1118 = CARTESIAN_POINT ( 'NONE',  ( 3.103827396809839989, 2.419999999999999929, -2.628827396809839900 ) ) ;
#1119 = VERTEX_POINT ( 'NONE', #1989 ) ;
#1120 = DIRECTION ( 'NONE',  ( -5.013651664672859999E-16, 1.000000000000000000, 0.000000000000000000 ) ) ;
#1121 = ADVANCED_FACE ( 'NONE', ( #74 ), #1861, .T. ) ;
#1122 = AXIS2_PLACEMENT_3D ( 'NONE', #1015, #1361, #2222 ) ;
#1123 = DIRECTION ( 'NONE',  ( -1.000000000000000000, 0.000000000000000000, 0.000000000000000000 ) ) ;
#1124 = ORIENTED_EDGE ( 'NONE', *, *, #1435, .T. ) ;
#1125 = CARTESIAN_POINT ( 'NONE',  ( 3.427500000000000213, 1.425000000000000044, 2.753990769671735173 ) ) ;
#1126 = PLANE ( 'NONE',  #1381 ) ;
#1127 = CARTESIAN_POINT ( 'NONE',  ( 3.969999999999999751, 0.2799999999999999711, 1.525000000000000133 ) ) ;
#1128 = ORIENTED_EDGE ( 'NONE', *, *, #406, .T. ) ;
#1129 = FACE_OUTER_BOUND ( 'NONE', #149, .T. ) ;
#1130 = DIRECTION ( 'NONE',  ( -0.1209742911513548291, 0.9852565360152931717, -0.1209742911513548291 ) ) ;
#1131 = VECTOR ( 'NONE', #350, 1000.000000000000000 ) ;
#1132 = ADVANCED_FACE ( 'NONE', ( #434 ), #774, .T. ) ;
#1133 = FACE_OUTER_BOUND ( 'NONE', #993, .T. ) ;
#1134 = VERTEX_POINT ( 'NONE', #620 ) ;
#1135 = DIRECTION ( 'NONE',  ( -1.000000000000000000, 0.000000000000000000, 1.533884804630369866E-16 ) ) ;
#1136 = DIRECTION ( 'NONE',  ( 0.1209742911513548291, -0.9852565360152931717, -0.1209742911513548291 ) ) ;
#1137 = DIRECTION ( 'NONE',  ( -0.1209742911513548291, 0.9852565360152931717, 0.1209742911513548291 ) ) ;
#1138 = DIRECTION ( 'NONE',  ( 0.000000000000000000, 0.000000000000000000, -1.000000000000000000 ) ) ;
#1139 = EDGE_LOOP ( 'NONE', ( #789, #1219, #165, #1777 ) ) ;
#1140 = LINE ( 'NONE', #1667, #393 ) ;
#1141 = CARTESIAN_POINT ( 'NONE',  ( -3.302336627138105385, 2.444373868681029904, -2.628827396809839900 ) ) ;
#1142 = EDGE_CURVE ( 'NONE', #1653, #527, #972, .T. ) ;
#1143 = DIRECTION ( 'NONE',  ( 0.000000000000000000, 0.000000000000000000, -1.000000000000000000 ) ) ;
#1144 = LINE ( 'NONE', #270, #1451 ) ;
#1145 = DIRECTION ( 'NONE',  ( 0.000000000000000000, 0.000000000000000000, -1.000000000000000000 ) ) ;
#1146 = CARTESIAN_POINT ( 'NONE',  ( 3.427500000000000213, 1.425000000000000044, -2.952499999999999680 ) ) ;
#1147 = VECTOR ( 'NONE', #309, 1000.000000000000000 ) ;
#1148 = DIRECTION ( 'NONE',  ( 0.000000000000000000, 0.000000000000000000, -1.000000000000000000 ) ) ;
#1149 = PRODUCT_DEFINITION_SHAPE ( 'NONE', 'NONE',  #762 ) ;
#1150 = CYLINDRICAL_SURFACE ( 'NONE', #1303, 0.2000000000000000944 ) ;
#1151 = ORIENTED_EDGE ( 'NONE', *, *, #1452, .F. ) ;
#1152 = DIRECTION ( 'NONE',  ( 0.000000000000000000, 0.000000000000000000, -1.000000000000000000 ) ) ;
#1153 = PRODUCT_CONTEXT ( 'NONE', #658, 'mechanical' ) ;
#1154 =( NAMED_UNIT ( * ) PLANE_ANGLE_UNIT ( ) SI_UNIT ( $, .RADIAN. ) );
#1155 = CARTESIAN_POINT ( 'NONE',  ( -3.739999999999999769, 1.145000000000000018, 1.525000000000000133 ) ) ;
#1156 = PLANE ( 'NONE',  #1418 ) ;
#1157 = CARTESIAN_POINT ( 'NONE',  ( 3.427500000000002878, 1.425000000000001599, -2.870629615453570427 ) ) ;
#1158 = CARTESIAN_POINT ( 'NONE',  ( -2.449999999999999734, 2.620000000000000107, -2.628827396809839900 ) ) ;
#1159 = CARTESIAN_POINT ( 'NONE',  ( 3.114908688441804685, 0.5202498779201299994, 2.639908688441805040 ) ) ;
#1160 = CARTESIAN_POINT ( 'NONE',  ( 3.103827396809839989, 2.620000000000000107, 2.628827396809839900 ) ) ;
#1161 = VECTOR ( 'NONE', #1356, 1000.000000000000000 ) ;
#1162 = EDGE_CURVE ( 'NONE', #1794, #1233, #1819, .T. ) ;
#1163 = CARTESIAN_POINT ( 'NONE',  ( -2.799999999999999822, 2.620000000000000107, -2.628827396809839900 ) ) ;
#1164 = EDGE_CURVE ( 'NONE', #695, #1794, #1471, .T. ) ;
#1165 = CYLINDRICAL_SURFACE ( 'NONE', #1228, 0.1999999999999999833 ) ;
#1166 = CARTESIAN_POINT ( 'NONE',  ( 3.427500000000000213, 1.425000000000000044, 1.525000000000000133 ) ) ;
#1167 = DIRECTION ( 'NONE',  ( 0.000000000000000000, 0.000000000000000000, -1.000000000000000000 ) ) ;
#1168 = VERTEX_POINT ( 'NONE', #404 ) ;
#1169 = CARTESIAN_POINT ( 'NONE',  ( -2.799999999999999822, 2.620000000000000107, -2.827336627138104852 ) ) ;
#1170 =( BOUNDED_CURVE ( )  B_SPLINE_CURVE ( 3, ( #1697, #1722, #1175, #131 ),
 .UNSPECIFIED., .F., .F. ) 
 B_SPLINE_CURVE_WITH_KNOTS ( ( 4, 4 ),
 ( 5.505213485254659922, 7.061157129104509877 ),
 .UNSPECIFIED. ) 
 CURVE ( )  GEOMETRIC_REPRESENTATION_ITEM ( )  RATIONAL_B_SPLINE_CURVE ( ( 1.000000000000000000, 0.8082256338399270712, 0.8082256338399270712, 1.000000000000000000 ) ) 
 REPRESENTATION_ITEM ( '' )  );
#1171 = DIRECTION ( 'NONE',  ( 1.000000000000000000, 1.805936959085464797E-16, -4.109077935467265148E-17 ) ) ;
#1172 = CARTESIAN_POINT ( 'NONE',  ( 2.669999999999999929, 0.2300000000000000100, 1.525000000000000133 ) ) ;
#1173 = ORIENTED_EDGE ( 'NONE', *, *, #1757, .F. ) ;
#1174 = LINE ( 'NONE', #1517, #1505 ) ;
#1175 = CARTESIAN_POINT ( 'NONE',  ( -3.427499999999999769, 1.425000000000004929, -2.870629615453573091 ) ) ;
#1176 = PRESENTATION_LAYER_ASSIGNMENT (  '', '', ( #2134 ) ) ;
#1177 = EDGE_CURVE ( 'NONE', #273, #602, #594, .T. ) ;
#1178 =( LENGTH_UNIT ( ) NAMED_UNIT ( * ) SI_UNIT ( .MILLI., .METRE. ) );
#1179 = LINE ( 'NONE', #589, #153 ) ;
#1180 = DIRECTION ( 'NONE',  ( 1.000000000000000000, 0.000000000000000000, 0.000000000000000000 ) ) ;
#1181 = EDGE_LOOP ( 'NONE', ( #708, #1480, #836, #1818 ) ) ;
#1182 = AXIS2_PLACEMENT_3D ( 'NONE', #2128, #1613, #753 ) ;
#1183 = LINE ( 'NONE', #1197, #1527 ) ;
#1184 = CARTESIAN_POINT ( 'NONE',  ( 2.391322163799021627, 0.3202498779201308765, 2.746016541136076405 ) ) ;
#1185 = PLANE ( 'NONE',  #2094 ) ;
#1186 = CARTESIAN_POINT ( 'NONE',  ( 3.689999999999999947, 1.145000000000000018, 1.525000000000000133 ) ) ;
#1187 = ORIENTED_EDGE ( 'NONE', *, *, #847, .T. ) ;
#1188 = FACE_OUTER_BOUND ( 'NONE', #1030, .T. ) ;
#1189 = AXIS2_PLACEMENT_3D ( 'NONE', #663, #136, #634 ) ;
#1190 = AXIS2_PLACEMENT_3D ( 'NONE', #191, #1094, #1433 ) ;
#1191 = DIRECTION ( 'NONE',  ( -0.000000000000000000, 1.000000000000000000, 0.000000000000000000 ) ) ;
#1192 = CARTESIAN_POINT ( 'NONE',  ( -2.449999999999999734, 2.620000000000000107, -2.628827396809839900 ) ) ;
#1193 = DIRECTION ( 'NONE',  ( 0.5500813312119848808, -0.8288862964397277766, 0.1017744399467869765 ) ) ;
#1194 = ORIENTED_EDGE ( 'NONE', *, *, #1469, .F. ) ;
#1195 = ORIENTED_EDGE ( 'NONE', *, *, #2049, .F. ) ;
#1196 = EDGE_CURVE ( 'NONE', #918, #1444, #413, .T. ) ;
#1197 = CARTESIAN_POINT ( 'NONE',  ( 3.969999999999999751, 1.145000000000000018, -1.525000000000000133 ) ) ;
#1198 = ADVANCED_FACE ( 'NONE', ( #798 ), #1673, .T. ) ;
#1199 = LINE ( 'NONE', #339, #1607 ) ;
#1200 = FACE_OUTER_BOUND ( 'NONE', #127, .T. ) ;
#1201 = CIRCLE ( 'NONE', #858, 0.2000000000000000944 ) ;
#1202 = VERTEX_POINT ( 'NONE', #85 ) ;
#1203 = AXIS2_PLACEMENT_3D ( 'NONE', #1448, #930, #177 ) ;
#1204 = CARTESIAN_POINT ( 'NONE',  ( -2.507874526320284847, 0.4958760092391009122, -2.838417918770069992 ) ) ;
#1205 = EDGE_LOOP ( 'NONE', ( #1799, #944, #1260, #539 ) ) ;
#1206 = LINE ( 'NONE', #281, #519 ) ;
#1207 = DIRECTION ( 'NONE',  ( 0.000000000000000000, 0.000000000000000000, -1.000000000000000000 ) ) ;
#1208 = ORIENTED_EDGE ( 'NONE', *, *, #733, .F. ) ;
#1209 = ORIENTED_EDGE ( 'NONE', *, *, #987, .T. ) ;
#1210 = LINE ( 'NONE', #713, #2241 ) ;
#1211 = DIRECTION ( 'NONE',  ( 1.000000000000000000, 0.000000000000000000, 0.000000000000000000 ) ) ;
#1212 = EDGE_CURVE ( 'NONE', #370, #1035, #2000, .T. ) ;
#1213 = LINE ( 'NONE', #2055, #1245 ) ;
#1214 = ORIENTED_EDGE ( 'NONE', *, *, #950, .F. ) ;
#1215 = AXIS2_PLACEMENT_3D ( 'NONE', #1118, #1630, #1969 ) ;
#1216 = AXIS2_PLACEMENT_3D ( 'NONE', #1994, #438, #1644 ) ;
#1217 = AXIS2_PLACEMENT_3D ( 'NONE', #1291, #418, #235 ) ;
#1218 = LINE ( 'NONE', #1411, #1445 ) ;
#1219 = ORIENTED_EDGE ( 'NONE', *, *, #512, .F. ) ;
#1220 = ORIENTED_EDGE ( 'NONE', *, *, #327, .F. ) ;
#1221 = CARTESIAN_POINT ( 'NONE',  ( 2.507874526320284847, 0.4958760092391009122, -2.838417918770069992 ) ) ;
#1222 = PLANE ( 'NONE',  #2170 ) ;
#1223 = ADVANCED_FACE ( 'NONE', ( #1327 ), #1126, .F. ) ;
#1224 = AXIS2_PLACEMENT_3D ( 'NONE', #1784, #914, #1076 ) ;
#1225 = DIRECTION ( 'NONE',  ( -1.000000000000000000, 0.000000000000000000, 0.000000000000000000 ) ) ;
#1226 = CARTESIAN_POINT ( 'NONE',  ( -2.449999999999999734, 2.419999999999999929, -2.628827396809839900 ) ) ;
#1227 = ORIENTED_EDGE ( 'NONE', *, *, #181, .F. ) ;
#1228 = AXIS2_PLACEMENT_3D ( 'NONE', #846, #1896, #2223 ) ;
#1229 = FACE_OUTER_BOUND ( 'NONE', #1603, .T. ) ;
#1230 = FACE_OUTER_BOUND ( 'NONE', #300, .T. ) ;
#1231 = EDGE_CURVE ( 'NONE', #180, #1922, #313, .T. ) ;
#1232 = CARTESIAN_POINT ( 'NONE',  ( -3.969999999999999751, 1.145000000000000018, -1.525000000000000133 ) ) ;
#1233 = VERTEX_POINT ( 'NONE', #2181 ) ;
#1234 = AXIS2_PLACEMENT_3D ( 'NONE', #2133, #1618, #2098 ) ;
#1235 = ORIENTED_EDGE ( 'NONE', *, *, #510, .F. ) ;
#1236 = DIRECTION ( 'NONE',  ( 1.000000000000000000, 0.000000000000000000, 0.000000000000000000 ) ) ;
#1237 = LINE ( 'NONE', #141, #1680 ) ;
#1238 = ORIENTED_EDGE ( 'NONE', *, *, #733, .T. ) ;
#1239 = AXIS2_PLACEMENT_3D ( 'NONE', #227, #926, #48 ) ;
#1240 = EDGE_CURVE ( 'NONE', #1751, #343, #112, .T. ) ;
#1241 = CARTESIAN_POINT ( 'NONE',  ( -3.131574497546115055, 2.218391867912900217, 2.855083727874379917 ) ) ;
#1242 = ORIENTED_EDGE ( 'NONE', *, *, #970, .T. ) ;
#1243 = EDGE_CURVE ( 'NONE', #359, #180, #631, .T. ) ;
#1244 = EDGE_LOOP ( 'NONE', ( #988, #674, #234, #980 ) ) ;
#1245 = VECTOR ( 'NONE', #656, 1000.000000000000000 ) ;
#1246 = VERTEX_POINT ( 'NONE', #1978 ) ;
#1247 = EDGE_LOOP ( 'NONE', ( #590, #41, #597 ) ) ;
#1248 = DIRECTION ( 'NONE',  ( 0.000000000000000000, 0.000000000000000000, -1.000000000000000000 ) ) ;
#1249 = DIRECTION ( 'NONE',  ( 1.000000000000000000, 1.805936959085464797E-16, -8.543901466259989529E-17 ) ) ;
#1250 = CARTESIAN_POINT ( 'NONE',  ( -3.114908688441804685, 0.3202498779201305434, -2.816853741352995044 ) ) ;
#1251 = CIRCLE ( 'NONE', #826, 0.2799999999999998601 ) ;
#1252 = VERTEX_POINT ( 'NONE', #1117 ) ;
#1253 = ADVANCED_FACE ( 'NONE', ( #244 ), #1640, .F. ) ;
#1254 = VECTOR ( 'NONE', #1731, 1000.000000000000000 ) ;
#1255 = ORIENTED_EDGE ( 'NONE', *, *, #236, .T. ) ;
#1256 = CARTESIAN_POINT ( 'NONE',  ( -3.103827396809839989, 2.419999999999999929, 2.628827396809839900 ) ) ;
#1257 = SURFACE_SIDE_STYLE ('',( #1947 ) ) ;
#1258 = DIRECTION ( 'NONE',  ( 0.000000000000000000, 0.000000000000000000, -1.000000000000000000 ) ) ;
#1259 = EDGE_LOOP ( 'NONE', ( #797, #1194, #2142, #906, #1666, #1096, #678, #621 ) ) ;
#1260 = ORIENTED_EDGE ( 'NONE', *, *, #745, .F. ) ;
#1261 = DIRECTION ( 'NONE',  ( 1.000000000000000000, 0.000000000000000000, 0.000000000000000000 ) ) ;
#1262 = CYLINDRICAL_SURFACE ( 'NONE', #2046, 0.1999999999999998168 ) ;
#1263 = DIRECTION ( 'NONE',  ( 0.000000000000000000, 0.000000000000000000, -1.000000000000000000 ) ) ;
#1264 = EDGE_CURVE ( 'NONE', #555, #542, #148, .T. ) ;
#1265 = EDGE_LOOP ( 'NONE', ( #2110, #2216, #1275, #410 ) ) ;
#1266 =( NAMED_UNIT ( * ) SI_UNIT ( $, .STERADIAN. ) SOLID_ANGLE_UNIT ( ) );
#1267 = EDGE_LOOP ( 'NONE', ( #1934, #2091, #1937, #873 ) ) ;
#1268 = VERTEX_POINT ( 'NONE', #1232 ) ;
#1269 = VECTOR ( 'NONE', #1107, 1000.000000000000000 ) ;
#1270 = CARTESIAN_POINT ( 'NONE',  ( -3.427500000000000213, 1.425000000000000044, -1.525000000000000133 ) ) ;
#1271 = EDGE_CURVE ( 'NONE', #555, #1042, #334, .T. ) ;
#1272 = DIRECTION ( 'NONE',  ( -1.000000000000000000, 0.000000000000000000, 0.000000000000000000 ) ) ;
#1273 = EDGE_CURVE ( 'NONE', #1887, #175, #1728, .T. ) ;
#1274 = ORIENTED_EDGE ( 'NONE', *, *, #962, .F. ) ;
#1275 = ORIENTED_EDGE ( 'NONE', *, *, #1459, .T. ) ;
#1276 = DIRECTION ( 'NONE',  ( -1.533884804630369866E-16, 0.000000000000000000, -1.000000000000000000 ) ) ;
#1277 = DIRECTION ( 'NONE',  ( -8.260587980841950613E-16, -1.000000000000000000, 0.000000000000000000 ) ) ;
#1278 = ORIENTED_EDGE ( 'NONE', *, *, #145, .F. ) ;
#1279 = VECTOR ( 'NONE', #948, 1000.000000000000000 ) ;
#1280 = DIRECTION ( 'NONE',  ( -6.326489700863631344E-17, 0.000000000000000000, -1.000000000000000000 ) ) ;
#1281 = CYLINDRICAL_SURFACE ( 'NONE', #1560, 0.1999999999999999833 ) ;
#1282 = APPLICATION_CONTEXT ( 'automotive_design' ) ;
#1283 = ORIENTED_EDGE ( 'NONE', *, *, #987, .F. ) ;
#1284 = EDGE_LOOP ( 'NONE', ( #1187, #2232, #837, #381 ) ) ;
#1285 = LINE ( 'NONE', #1792, #706 ) ;
#1286 = ADVANCED_FACE ( 'NONE', ( #1133 ), #1823, .T. ) ;
#1287 = CARTESIAN_POINT ( 'NONE',  ( 3.103827396809839989, 2.444373868681029904, 2.827336627138104852 ) ) ;
#1288 = DIRECTION ( 'NONE',  ( -6.279333005990650163E-17, -0.1218693434051477953, -0.9925461516413219831 ) ) ;
#1289 = ORIENTED_EDGE ( 'NONE', *, *, #2213, .F. ) ;
#1290 = AXIS2_PLACEMENT_3D ( 'NONE', #1844, #978, #1679 ) ;
#1291 = CARTESIAN_POINT ( 'NONE',  ( -3.689999999999999947, 1.145000000000000018, -1.525000000000000133 ) ) ;
#1292 = VECTOR ( 'NONE', #531, 1000.000000000000000 ) ;
#1293 = DIRECTION ( 'NONE',  ( 0.000000000000000000, 0.000000000000000000, 1.000000000000000000 ) ) ;
#1294 = DIRECTION ( 'NONE',  ( 0.000000000000000000, 0.000000000000000000, -1.000000000000000000 ) ) ;
#1295 = ADVANCED_FACE ( 'NONE', ( #1491 ), #1845, .T. ) ;
#1296 = ORIENTED_EDGE ( 'NONE', *, *, #1318, .F. ) ;
#1297 = CIRCLE ( 'NONE', #1182, 0.1999999999999999833 ) ;
#1298 = LINE ( 'NONE', #1421, #995 ) ;
#1299 = EDGE_LOOP ( 'NONE', ( #2137, #1638, #322, #1022 ) ) ;
#1300 = CARTESIAN_POINT ( 'NONE',  ( -2.391322163799021627, 0.3202498779201304324, -2.746016541136076405 ) ) ;
#1301 = PLANE ( 'NONE',  #503 ) ;
#1302 = FACE_OUTER_BOUND ( 'NONE', #904, .T. ) ;
#1303 = AXIS2_PLACEMENT_3D ( 'NONE', #2065, #1534, #1862 ) ;
#1304 = PRESENTATION_LAYER_ASSIGNMENT (  '', '', ( #2185 ) ) ;
#1305 = ORIENTED_EDGE ( 'NONE', *, *, #1833, .F. ) ;
#1306 = DIRECTION ( 'NONE',  ( 0.1209742911513554398, 0.9852565360152931717, -0.1209742911513548291 ) ) ;
#1307 = EDGE_CURVE ( 'NONE', #1417, #888, #1456, .T. ) ;
#1308 = ORIENTED_EDGE ( 'NONE', *, *, #1115, .T. ) ;
#1309 = LINE ( 'NONE', #1654, #1395 ) ;
#1310 = AXIS2_PLACEMENT_3D ( 'NONE', #1878, #481, #653 ) ;
#1311 = CARTESIAN_POINT ( 'NONE',  ( 2.669999999999999929, 0.2300000000000000100, -1.525000000000000133 ) ) ;
#1312 = DIRECTION ( 'NONE',  ( 0.000000000000000000, 0.000000000000000000, -1.000000000000000000 ) ) ;
#1313 = AXIS2_PLACEMENT_3D ( 'NONE', #568, #1583, #8 ) ;
#1314 = DIRECTION ( 'NONE',  ( 1.000000000000000000, 0.000000000000000000, 0.000000000000000000 ) ) ;
#1315 = VERTEX_POINT ( 'NONE', #120 ) ;
#1316 = CARTESIAN_POINT ( 'NONE',  ( -2.799999999999999822, 2.620000000000000107, -2.628827396809839900 ) ) ;
#1317 = DIRECTION ( 'NONE',  ( 0.9925461516413219831, -0.1218693434051479618, 0.000000000000000000 ) ) ;
#1318 = EDGE_CURVE ( 'NONE', #1751, #28, #1346, .T. ) ;
#1319 = SPHERICAL_SURFACE ( 'NONE', #1724, 0.2000000000000000111 ) ;
#1320 = VERTEX_POINT ( 'NONE', #640 ) ;
#1321 = FACE_OUTER_BOUND ( 'NONE', #1247, .T. ) ;
#1322 = VECTOR ( 'NONE', #2068, 1000.000000000000000 ) ;
#1323 = FACE_OUTER_BOUND ( 'NONE', #1648, .T. ) ;
#1324 = LINE ( 'NONE', #2007, #1161 ) ;
#1325 = PLANE ( 'NONE',  #2031 ) ;
#1326 = PLANE ( 'NONE',  #1475 ) ;
#1327 = FACE_OUTER_BOUND ( 'NONE', #1139, .T. ) ;
#1328 = CIRCLE ( 'NONE', #1755, 0.2000000000000000944 ) ;
#1329 = CARTESIAN_POINT ( 'NONE',  ( 3.280772449721029993, 2.444373868681029904, -2.827336627138104852 ) ) ;
#1330 = ORIENTED_EDGE ( 'NONE', *, *, #73, .T. ) ;
#1331 = CARTESIAN_POINT ( 'NONE',  ( 3.103827396809839989, 2.419999999999999929, 2.628827396809839900 ) ) ;
#1332 = DIRECTION ( 'NONE',  ( 1.000000000000000000, 0.000000000000000000, 0.000000000000000000 ) ) ;
#1333 = DIRECTION ( 'NONE',  ( -5.314716531791689550E-17, -1.000000000000000000, 0.000000000000000000 ) ) ;
#1334 = CARTESIAN_POINT ( 'NONE',  ( 3.114908688441804685, 0.5202498779201299994, 2.639908688441805040 ) ) ;
#1335 = ADVANCED_FACE ( 'NONE', ( #1868 ), #1185, .F. ) ;
#1336 = CARTESIAN_POINT ( 'NONE',  ( -3.427500000000000213, 1.195000000000000062, 1.525000000000000133 ) ) ;
#1337 = EDGE_CURVE ( 'NONE', #456, #602, #991, .T. ) ;
#1338 = CIRCLE ( 'NONE', #592, 0.05000000000000012768 ) ;
#1339 = CARTESIAN_POINT ( 'NONE',  ( -3.231895908410785001, 1.473034324993186095, 2.756895908410784912 ) ) ;
#1340 = AXIS2_PLACEMENT_3D ( 'NONE', #769, #981, #298 ) ;
#1341 = AXIS2_PLACEMENT_3D ( 'NONE', #968, #1704, #1358 ) ;
#1342 = CARTESIAN_POINT ( 'NONE',  ( 3.313417918770070525, 0.4958760092391009122, -2.639908688441805040 ) ) ;
#1343 = CARTESIAN_POINT ( 'NONE',  ( 3.739999999999999769, 0.2799999999999999711, 1.525000000000000133 ) ) ;
#1344 = DIRECTION ( 'NONE',  ( 0.1209742911513548291, 0.9852565360152931717, -0.1209742911513548291 ) ) ;
#1345 = FACE_OUTER_BOUND ( 'NONE', #1599, .T. ) ;
#1346 = LINE ( 'NONE', #1172, #490 ) ;
#1347 = CARTESIAN_POINT ( 'NONE',  ( -3.689999999999999947, 1.425000000000000044, -1.525000000000000133 ) ) ;
#1348 = VERTEX_POINT ( 'NONE', #1357 ) ;
#1349 = LINE ( 'NONE', #122, #1521 ) ;
#1350 = VECTOR ( 'NONE', #107, 1000.000000000000000 ) ;
#1351 = LINE ( 'NONE', #1379, #1773 ) ;
#1352 = DIRECTION ( 'NONE',  ( -1.000000000000000000, 0.000000000000000000, 6.326489700863630112E-17 ) ) ;
#1353 = SPHERICAL_SURFACE ( 'NONE', #1967, 0.2000000000000000111 ) ;
#1354 = ORIENTED_EDGE ( 'NONE', *, *, #1177, .T. ) ;
#1355 = PLANE ( 'NONE',  #1310 ) ;
#1356 = DIRECTION ( 'NONE',  ( -1.000000000000000000, 5.314716531791689550E-17, 0.000000000000000000 ) ) ;
#1357 = CARTESIAN_POINT ( 'NONE',  ( -3.427500000000000213, 1.425000000000000044, -1.525000000000000133 ) ) ;
#1358 = DIRECTION ( 'NONE',  ( 1.000000000000000000, 0.000000000000000000, 0.000000000000000000 ) ) ;
#1359 = CIRCLE ( 'NONE', #2107, 0.05000000000000012768 ) ;
#1360 = LINE ( 'NONE', #603, #29 ) ;
#1361 = DIRECTION ( 'NONE',  ( 1.000000000000000000, 0.000000000000000000, -1.533884804630369866E-16 ) ) ;
#1362 = ADVANCED_FACE ( 'NONE', ( #815 ), #2027, .T. ) ;
#1363 = EDGE_CURVE ( 'NONE', #1412, #715, #806, .T. ) ;
#1364 = ORIENTED_EDGE ( 'NONE', *, *, #1568, .F. ) ;
#1365 = ORIENTED_EDGE ( 'NONE', *, *, #1383, .T. ) ;
#1366 = DIRECTION ( 'NONE',  ( -1.000000000000000000, 0.000000000000000000, 0.000000000000000000 ) ) ;
#1367 = CARTESIAN_POINT ( 'NONE',  ( 3.313417918770070525, 0.4958760092391009122, -2.816853741352995044 ) ) ;
#1368 = FACE_OUTER_BOUND ( 'NONE', #56, .T. ) ;
#1369 = LINE ( 'NONE', #677, #2228 ) ;
#1370 = VECTOR ( 'NONE', #756, 1000.000000000000000 ) ;
#1371 = COLOUR_RGB ( '',0.7921568627450980005, 0.8196078431372548767, 0.9333333333333333481 ) ;
#1372 = DIRECTION ( 'NONE',  ( 0.000000000000000000, 0.000000000000000000, -1.000000000000000000 ) ) ;
#1373 = ORIENTED_EDGE ( 'NONE', *, *, #2141, .F. ) ;
#1374 = EDGE_CURVE ( 'NONE', #1385, #921, #285, .T. ) ;
#1375 = EDGE_LOOP ( 'NONE', ( #479, #2147, #819, #260 ) ) ;
#1376 = DIRECTION ( 'NONE',  ( 0.000000000000000000, -1.000000000000000000, 0.000000000000000000 ) ) ;
#1377 = CARTESIAN_POINT ( 'NONE',  ( 3.427500000000000213, 1.425000000000000044, 2.952499999999999680 ) ) ;
#1378 = CARTESIAN_POINT ( 'NONE',  ( 2.311519646603960254, 0.2000000000000000111, -2.802088912893939909 ) ) ;
#1379 = CARTESIAN_POINT ( 'NONE',  ( -3.689999999999999947, 1.425000000000000044, 1.525000000000000133 ) ) ;
#1380 = VECTOR ( 'NONE', #2211, 1000.000000000000227 ) ;
#1381 = AXIS2_PLACEMENT_3D ( 'NONE', #1685, #99, #276 ) ;
#1382 = LINE ( 'NONE', #680, #185 ) ;
#1383 = EDGE_CURVE ( 'NONE', #921, #1965, #2187, .T. ) ;
#1384 = ORIENTED_EDGE ( 'NONE', *, *, #606, .T. ) ;
#1385 = VERTEX_POINT ( 'NONE', #451 ) ;
#1386 = LINE ( 'NONE', #506, #1097 ) ;
#1387 = DIRECTION ( 'NONE',  ( 1.468859844180191882E-16, -2.767918349917929884E-32, -1.000000000000000000 ) ) ;
#1388 = LINE ( 'NONE', #1270, #947 ) ;
#1389 = DIRECTION ( 'NONE',  ( -1.000000000000000000, -2.657358265895844713E-16, 0.000000000000000000 ) ) ;
#1390 = DIRECTION ( 'NONE',  ( 0.1209742911513548291, -0.9852565360152931717, 0.1209742911513548291 ) ) ;
#1391 =( BOUNDED_CURVE ( )  B_SPLINE_CURVE ( 3, ( #1781, #1300, #1438, #1464 ),
 .UNSPECIFIED., .F., .F. ) 
 B_SPLINE_CURVE_WITH_KNOTS ( ( 4, 4 ),
 ( 3.141592653589795336, 4.590215932745090655 ),
 .UNSPECIFIED. ) 
 CURVE ( )  GEOMETRIC_REPRESENTATION_ITEM ( )  RATIONAL_B_SPLINE_CURVE ( ( 1.000000000000000000, 0.8326371471926680146, 0.8326371471926680146, 1.000000000000000000 ) ) 
 REPRESENTATION_ITEM ( '' )  );
#1392 = FACE_OUTER_BOUND ( 'NONE', #2217, .T. ) ;
#1393 = EDGE_LOOP ( 'NONE', ( #534, #823, #1063, #1738 ) ) ;
#1394 = VECTOR ( 'NONE', #495, 1000.000000000000000 ) ;
#1395 = VECTOR ( 'NONE', #417, 1000.000000000000000 ) ;
#1396 =( NAMED_UNIT ( * ) PLANE_ANGLE_UNIT ( ) SI_UNIT ( $, .RADIAN. ) );
#1397 = ORIENTED_EDGE ( 'NONE', *, *, #1045, .T. ) ;
#1398 = ORIENTED_EDGE ( 'NONE', *, *, #44, .T. ) ;
#1399 = DIRECTION ( 'NONE',  ( -1.000000000000000000, 0.000000000000000000, 6.326489700863630112E-17 ) ) ;
#1400 = CARTESIAN_POINT ( 'NONE',  ( -3.114908688441804685, 0.3202498779201305434, 2.639908688441805040 ) ) ;
#1401 = DIRECTION ( 'NONE',  ( -0.1209742911513542324, 0.9852565360152931717, 0.1209742911513544406 ) ) ;
#1402 = VECTOR ( 'NONE', #891, 1000.000000000000000 ) ;
#1403 = CARTESIAN_POINT ( 'NONE',  ( -3.969999999999999751, 1.145000000000000018, 1.525000000000000133 ) ) ;
#1404 = CARTESIAN_POINT ( 'NONE',  ( 3.399259550992335122, 1.195000000000000062, -1.525000000000000133 ) ) ;
#1405 = ADVANCED_FACE ( 'NONE', ( #1906 ), #342, .T. ) ;
#1406 = VERTEX_POINT ( 'NONE', #320 ) ;
#1407 =( BOUNDED_CURVE ( )  B_SPLINE_CURVE ( 3, ( #613, #1184, #421, #2153 ),
 .UNSPECIFIED., .F., .F. ) 
 B_SPLINE_CURVE_WITH_KNOTS ( ( 4, 4 ),
 ( 3.141592653589795336, 4.590215932745090655 ),
 .UNSPECIFIED. ) 
 CURVE ( )  GEOMETRIC_REPRESENTATION_ITEM ( )  RATIONAL_B_SPLINE_CURVE ( ( 1.000000000000000000, 0.8326371471926680146, 0.8326371471926680146, 1.000000000000000000 ) ) 
 REPRESENTATION_ITEM ( '' )  );
#1408 = AXIS2_PLACEMENT_3D ( 'NONE', #1432, #357, #1574 ) ;
#1409 = CYLINDRICAL_SURFACE ( 'NONE', #927, 0.2000000000000000944 ) ;
#1410 = ORIENTED_EDGE ( 'NONE', *, *, #126, .F. ) ;
#1411 = CARTESIAN_POINT ( 'NONE',  ( 3.399259550992335122, 1.195000000000000062, 1.525000000000000133 ) ) ;
#1412 = VERTEX_POINT ( 'NONE', #644 ) ;
#1413 = ORIENTED_EDGE ( 'NONE', *, *, #240, .F. ) ;
#1414 = CARTESIAN_POINT ( 'NONE',  ( 3.427500000000000213, 1.425000000000000044, 2.952499999999999680 ) ) ;
#1415 = CARTESIAN_POINT ( 'NONE',  ( -2.391322163799020295, 0.3202498779201305434, -2.952499999999999680 ) ) ;
#1416 = ADVANCED_FACE ( 'NONE', ( #1392 ), #2231, .F. ) ;
#1417 = VERTEX_POINT ( 'NONE', #1715 ) ;
#1418 = AXIS2_PLACEMENT_3D ( 'NONE', #283, #69, #449 ) ;
#1419 = VERTEX_POINT ( 'NONE', #1518 ) ;
#1420 = AXIS2_PLACEMENT_3D ( 'NONE', #712, #810, #786 ) ;
#1421 = CARTESIAN_POINT ( 'NONE',  ( 3.689999999999999947, 0.2300000000000000100, 1.525000000000000133 ) ) ;
#1422 = CARTESIAN_POINT ( 'NONE',  ( 3.689999999999999947, 9.022303882162361999E-16, 1.525000000000000133 ) ) ;
#1423 = ORIENTED_EDGE ( 'NONE', *, *, #1164, .T. ) ;
#1424 = ORIENTED_EDGE ( 'NONE', *, *, #1924, .T. ) ;
#1425 = CYLINDRICAL_SURFACE ( 'NONE', #616, 0.2000000000000000944 ) ;
#1426 = CARTESIAN_POINT ( 'NONE',  ( 3.969999999999999751, 1.145000000000000018, 1.525000000000000133 ) ) ;
#1427 = DIRECTION ( 'NONE',  ( 0.000000000000000000, 0.000000000000000000, 1.000000000000000000 ) ) ;
#1428 = VERTEX_POINT ( 'NONE', #689 ) ;
#1429 = CARTESIAN_POINT ( 'NONE',  ( 3.969999999999999751, 1.145000000000000018, 1.525000000000000133 ) ) ;
#1430 = AXIS2_PLACEMENT_3D ( 'NONE', #1601, #1060, #1261 ) ;
#1431 = EDGE_LOOP ( 'NONE', ( #1709, #764, #1458, #2101 ) ) ;
#1432 = CARTESIAN_POINT ( 'NONE',  ( 3.231895908410785001, 1.376965675006812218, -2.756895908410784912 ) ) ;
#1433 = DIRECTION ( 'NONE',  ( 0.000000000000000000, 0.000000000000000000, -1.000000000000000000 ) ) ;
#1434 = ORIENTED_EDGE ( 'NONE', *, *, #145, .T. ) ;
#1435 = EDGE_CURVE ( 'NONE', #542, #1507, #1532, .T. ) ;
#1436 = EDGE_CURVE ( 'NONE', #528, #398, #1351, .T. ) ;
#1437 = ORIENTED_EDGE ( 'NONE', *, *, #1524, .F. ) ;
#1438 = CARTESIAN_POINT ( 'NONE',  ( -2.437982089599923352, 0.3905590683884774816, -2.825486624432088423 ) ) ;
#1439 = CYLINDRICAL_SURFACE ( 'NONE', #1604, 0.05000000000000012768 ) ;
#1440 = ORIENTED_EDGE ( 'NONE', *, *, #970, .F. ) ;
#1441 = ORIENTED_EDGE ( 'NONE', *, *, #84, .F. ) ;
#1442 = SURFACE_STYLE_USAGE ( .BOTH. , #1257 ) ;
#1443 = CARTESIAN_POINT ( 'NONE',  ( -3.427500000000000213, 1.425000000000000044, 1.525000000000000133 ) ) ;
#1444 = VERTEX_POINT ( 'NONE', #143 ) ;
#1445 = VECTOR ( 'NONE', #526, 1000.000000000000000 ) ;
#1446 = PLANE ( 'NONE',  #747 ) ;
#1447 = EDGE_LOOP ( 'NONE', ( #19, #492, #1820, #912 ) ) ;
#1448 = CARTESIAN_POINT ( 'NONE',  ( 3.689999999999999947, 1.145000000000000018, 1.525000000000000133 ) ) ;
#1449 = CARTESIAN_POINT ( 'NONE',  ( -3.969999999999999751, 0.2799999999999999711, -1.525000000000000133 ) ) ;
#1450 = ORIENTED_EDGE ( 'NONE', *, *, #878, .F. ) ;
#1451 = VECTOR ( 'NONE', #1312, 1000.000000000000000 ) ;
#1452 = EDGE_CURVE ( 'NONE', #2078, #724, #1170, .T. ) ;
#1453 = FILL_AREA_STYLE ('',( #382 ) ) ;
#1454 = PLANE ( 'NONE',  #1224 ) ;
#1455 = FACE_OUTER_BOUND ( 'NONE', #1961, .T. ) ;
#1456 = LINE ( 'NONE', #296, #1595 ) ;
#1457 = EDGE_CURVE ( 'NONE', #1958, #1794, #511, .T. ) ;
#1458 = ORIENTED_EDGE ( 'NONE', *, *, #497, .F. ) ;
#1459 = EDGE_CURVE ( 'NONE', #2066, #2033, #1369, .T. ) ;
#1460 = ORIENTED_EDGE ( 'NONE', *, *, #1804, .T. ) ;
#1461 = CARTESIAN_POINT ( 'NONE',  ( 2.391322163799020295, 0.3202498779201305434, 2.639908688441805040 ) ) ;
#1462 = CARTESIAN_POINT ( 'NONE',  ( 3.739999999999999769, 1.145000000000000018, -1.525000000000000133 ) ) ;
#1463 = ORIENTED_EDGE ( 'NONE', *, *, #746, .F. ) ;
#1464 = CARTESIAN_POINT ( 'NONE',  ( -2.507874526320284847, 0.4958760092391009122, -2.838417918770069992 ) ) ;
#1465 = CARTESIAN_POINT ( 'NONE',  ( -3.145477537709709726, 2.080786823737514890, -2.670477537709710081 ) ) ;
#1466 = CLOSED_SHELL ( 'NONE', ( #775, #1625, #629, #1335, #1092, #1416 ) ) ;
#1467 = AXIS2_PLACEMENT_3D ( 'NONE', #58, #47, #1831 ) ;
#1468 = ORIENTED_EDGE ( 'NONE', *, *, #1363, .F. ) ;
#1469 = EDGE_CURVE ( 'NONE', #194, #1824, #498, .T. ) ;
#1470 = EDGE_CURVE ( 'NONE', #2033, #1168, #1213, .T. ) ;
#1471 = LINE ( 'NONE', #2143, #1597 ) ;
#1472 = FACE_OUTER_BOUND ( 'NONE', #739, .T. ) ;
#1473 = CARTESIAN_POINT ( 'NONE',  ( -2.799999999999999822, 2.520000000000000018, 2.802032477566729796 ) ) ;
#1474 = ORIENTED_EDGE ( 'NONE', *, *, #1950, .F. ) ;
#1475 = AXIS2_PLACEMENT_3D ( 'NONE', #98, #353, #2230 ) ;
#1476 = LINE ( 'NONE', #622, #758 ) ;
#1477 = CARTESIAN_POINT ( 'NONE',  ( -3.114908688441804685, 0.5202498779201299994, 2.952499999999999680 ) ) ;
#1478 = CIRCLE ( 'NONE', #1979, 0.05000000000000012768 ) ;
#1479 = PRESENTATION_LAYER_ASSIGNMENT (  '', '', ( #1919 ) ) ;
#1480 = ORIENTED_EDGE ( 'NONE', *, *, #1835, .F. ) ;
#1481 = DIRECTION ( 'NONE',  ( 0.000000000000000000, 0.000000000000000000, -1.000000000000000000 ) ) ;
#1482 = EDGE_CURVE ( 'NONE', #2111, #1406, #1201, .T. ) ;
#1483 = AXIS2_PLACEMENT_3D ( 'NONE', #830, #641, #1858 ) ;
#1484 = DIRECTION ( 'NONE',  ( 2.662465753572164944E-16, 2.168404344971010446E-15, -1.000000000000000000 ) ) ;
#1485 = EDGE_CURVE ( 'NONE', #715, #2088, #855, .T. ) ;
#1486 = FACE_OUTER_BOUND ( 'NONE', #974, .T. ) ;
#1487 = EDGE_LOOP ( 'NONE', ( #17, #1463, #545, #1952 ) ) ;
#1488 = VECTOR ( 'NONE', #1248, 1000.000000000000000 ) ;
#1489 = SURFACE_STYLE_FILL_AREA ( #2175 ) ;
#1490 = AXIS2_PLACEMENT_3D ( 'NONE', #761, #1484, #288 ) ;
#1491 = FACE_OUTER_BOUND ( 'NONE', #1609, .T. ) ;
#1492 = DIRECTION ( 'NONE',  ( -4.336808689942015369E-15, 0.000000000000000000, 1.000000000000000000 ) ) ;
#1493 = FACE_OUTER_BOUND ( 'NONE', #1265, .T. ) ;
#1494 = DIRECTION ( 'NONE',  ( 0.000000000000000000, 0.000000000000000000, -1.000000000000000000 ) ) ;
#1495 = FACE_OUTER_BOUND ( 'NONE', #1259, .T. ) ;
#1496 = ORIENTED_EDGE ( 'NONE', *, *, #721, .F. ) ;
#1497 = EDGE_CURVE ( 'NONE', #2067, #1406, #1559, .T. ) ;
#1498 = LINE ( 'NONE', #292, #27 ) ;
#1499 = ADVANCED_FACE ( 'NONE', ( #2044 ), #2193, .T. ) ;
#1500 = LINE ( 'NONE', #1854, #193 ) ;
#1501 = CIRCLE ( 'NONE', #424, 0.2000000000000000944 ) ;
#1502 = DIRECTION ( 'NONE',  ( 1.533884804630369866E-16, 0.000000000000000000, 1.000000000000000000 ) ) ;
#1503 = LINE ( 'NONE', #450, #1017 ) ;
#1504 = AXIS2_PLACEMENT_3D ( 'NONE', #293, #1841, #986 ) ;
#1505 = VECTOR ( 'NONE', #1481, 1000.000000000000000 ) ;
#1506 = DIRECTION ( 'NONE',  ( -1.000000000000000000, 0.000000000000000000, 6.326489700863630112E-17 ) ) ;
#1507 = VERTEX_POINT ( 'NONE', #455 ) ;
#1508 = DIRECTION ( 'NONE',  ( 0.000000000000000000, 0.000000000000000000, -1.000000000000000000 ) ) ;
#1509 = SURFACE_STYLE_USAGE ( .BOTH. , #800 ) ;
#1510 = ADVANCED_FACE ( 'NONE', ( #1188 ), #1884, .T. ) ;
#1511 = DIRECTION ( 'NONE',  ( 2.657358265895844713E-16, -1.000000000000000000, 0.000000000000000000 ) ) ;
#1512 = FACE_OUTER_BOUND ( 'NONE', #2100, .T. ) ;
#1513 = DIRECTION ( 'NONE',  ( 1.000000000000000000, 0.000000000000000000, 0.000000000000000000 ) ) ;
#1514 = DIRECTION ( 'NONE',  ( 0.000000000000000000, 0.000000000000000000, -1.000000000000000000 ) ) ;
#1515 = CIRCLE ( 'NONE', #116, 0.2000000000000000944 ) ;
#1516 = ORIENTED_EDGE ( 'NONE', *, *, #2059, .T. ) ;
#1517 = CARTESIAN_POINT ( 'NONE',  ( -3.427500000000000213, 1.425000000000000044, 1.525000000000000133 ) ) ;
#1518 = CARTESIAN_POINT ( 'NONE',  ( -2.799999999999999822, 2.520000000000000018, -2.802032477566729796 ) ) ;
#1519 = ADVANCED_FACE ( 'NONE', ( #1200 ), #1895, .T. ) ;
#1520 = DIRECTION ( 'NONE',  ( 0.000000000000000000, 0.000000000000000000, -1.000000000000000000 ) ) ;
#1521 = VECTOR ( 'NONE', #1999, 1000.000000000000000 ) ;
#1522 = CARTESIAN_POINT ( 'NONE',  ( 3.427500000000000213, 1.425000000000000044, 2.753990769671735173 ) ) ;
#1523 = FACE_OUTER_BOUND ( 'NONE', #2247, .T. ) ;
#1524 = EDGE_CURVE ( 'NONE', #28, #1119, #25, .T. ) ;
#1525 = ORIENTED_EDGE ( 'NONE', *, *, #1647, .F. ) ;
#1526 = CARTESIAN_POINT ( 'NONE',  ( -2.669999999999999929, 0.000000000000000000, 1.525000000000000133 ) ) ;
#1527 = VECTOR ( 'NONE', #140, 1000.000000000000000 ) ;
#1528 = DIRECTION ( 'NONE',  ( 0.000000000000000000, 0.000000000000000000, -1.000000000000000000 ) ) ;
#1529 = CARTESIAN_POINT ( 'NONE',  ( -3.427499999999998437, 1.424999999999998934, 2.870629615453570427 ) ) ;
#1530 = ORIENTED_EDGE ( 'NONE', *, *, #1039, .T. ) ;
#1531 = AXIS2_PLACEMENT_3D ( 'NONE', #1832, #1985, #1314 ) ;
#1532 = LINE ( 'NONE', #668, #604 ) ;
#1533 = EDGE_CURVE ( 'NONE', #860, #1888, #1088, .T. ) ;
#1534 = DIRECTION ( 'NONE',  ( 0.000000000000000000, -2.652668280321529825E-32, -1.000000000000000000 ) ) ;
#1535 = ORIENTED_EDGE ( 'NONE', *, *, #512, .T. ) ;
#1536 = ORIENTED_EDGE ( 'NONE', *, *, #1273, .F. ) ;
#1537 = CARTESIAN_POINT ( 'NONE',  ( -2.449999999999999734, 2.419999999999999929, 2.628827396809839900 ) ) ;
#1538 = CARTESIAN_POINT ( 'NONE',  ( -3.427500000000000213, 1.425000000000000044, 2.753990769671735173 ) ) ;
#1539 = CIRCLE ( 'NONE', #796, 0.1999999999999999833 ) ;
#1540 = CYLINDRICAL_SURFACE ( 'NONE', #2145, 0.2000000000000000944 ) ;
#1541 = CARTESIAN_POINT ( 'NONE',  ( 3.231895908410785001, 1.376965675006812218, 2.756895908410784912 ) ) ;
#1542 = EDGE_CURVE ( 'NONE', #211, #2066, #1668, .T. ) ;
#1543 = ORIENTED_EDGE ( 'NONE', *, *, #91, .F. ) ;
#1544 = CARTESIAN_POINT ( 'NONE',  ( 3.313417918770070525, 0.4958760092391009122, 2.639908688441805040 ) ) ;
#1545 = DIRECTION ( 'NONE',  ( 0.000000000000000000, 0.000000000000000000, 1.000000000000000000 ) ) ;
#1546 = ORIENTED_EDGE ( 'NONE', *, *, #1485, .F. ) ;
#1547 = ORIENTED_EDGE ( 'NONE', *, *, #609, .T. ) ;
#1548 = CARTESIAN_POINT ( 'NONE',  ( -3.689999999999999947, 0.2799999999999999711, 1.525000000000000133 ) ) ;
#1549 = CARTESIAN_POINT ( 'NONE',  ( 3.343986768037975121, 0.7448393075814560005, -2.670477537709710081 ) ) ;
#1550 = DIRECTION ( 'NONE',  ( 1.000000000000000000, 0.000000000000000000, -1.533884804630369866E-16 ) ) ;
#1551 = ADVANCED_FACE ( 'NONE', ( #1455 ), #1281, .T. ) ;
#1552 = CIRCLE ( 'NONE', #75, 0.2000000000000000944 ) ;
#1553 = CARTESIAN_POINT ( 'NONE',  ( -3.689999999999999947, 1.195000000000000062, -1.525000000000000133 ) ) ;
#1554 = ORIENTED_EDGE ( 'NONE', *, *, #919, .F. ) ;
#1555 = ORIENTED_EDGE ( 'NONE', *, *, #1436, .T. ) ;
#1556 = CARTESIAN_POINT ( 'NONE',  ( -3.313417918770070525, 0.4958760092391009122, -2.639908688441805040 ) ) ;
#1557 = DIRECTION ( 'NONE',  ( 0.000000000000000000, 0.000000000000000000, -1.000000000000000000 ) ) ;
#1558 = ADVANCED_BREP_SHAPE_REPRESENTATION ( 'SMCJ12A', ( #1080, #1004, #1031, #299, #1504 ), #462 ) ;
#1559 = LINE ( 'NONE', #1917, #899 ) ;
#1560 = AXIS2_PLACEMENT_3D ( 'NONE', #1943, #1960, #409 ) ;
#1561 = ORIENTED_EDGE ( 'NONE', *, *, #305, .T. ) ;
#1562 = DIRECTION ( 'NONE',  ( 8.260587980841950613E-16, -1.000000000000000000, 0.000000000000000000 ) ) ;
#1563 = FACE_OUTER_BOUND ( 'NONE', #1487, .T. ) ;
#1564 = VERTEX_POINT ( 'NONE', #390 ) ;
#1565 = EDGE_LOOP ( 'NONE', ( #348, #736, #407, #1592 ) ) ;
#1566 = EDGE_CURVE ( 'NONE', #1975, #1948, #162, .T. ) ;
#1567 = DIRECTION ( 'NONE',  ( -0.000000000000000000, 1.000000000000000000, 0.000000000000000000 ) ) ;
#1568 = EDGE_CURVE ( 'NONE', #1986, #1751, #576, .T. ) ;
#1569 = CARTESIAN_POINT ( 'NONE',  ( -2.669999999999999929, 0.2300000000000000100, 1.525000000000000133 ) ) ;
#1570 = DIRECTION ( 'NONE',  ( -0.000000000000000000, 1.000000000000000000, 0.000000000000000000 ) ) ;
#1571 = ORIENTED_EDGE ( 'NONE', *, *, #772, .T. ) ;
#1572 = AXIS2_PLACEMENT_3D ( 'NONE', #134, #679, #833 ) ;
#1573 =( NAMED_UNIT ( * ) SI_UNIT ( $, .STERADIAN. ) SOLID_ANGLE_UNIT ( ) );
#1574 = DIRECTION ( 'NONE',  ( 0.000000000000000000, 0.1218693434051476704, -0.9925461516413218721 ) ) ;
#1575 = ORIENTED_EDGE ( 'NONE', *, *, #1196, .F. ) ;
#1576 = VERTEX_POINT ( 'NONE', #1810 ) ;
#1577 = EDGE_CURVE ( 'NONE', #1069, #2243, #239, .T. ) ;
#1578 = PRODUCT_DEFINITION_CONTEXT ( 'detailed design', #1282, 'design' ) ;
#1579 = DIRECTION ( 'NONE',  ( 0.000000000000000000, 0.000000000000000000, -1.000000000000000000 ) ) ;
#1580 = DIRECTION ( 'NONE',  ( 0.000000000000000000, 0.000000000000000000, 1.000000000000000000 ) ) ;
#1581 = ORIENTED_EDGE ( 'NONE', *, *, #1647, .T. ) ;
#1582 = ADVANCED_FACE ( 'NONE', ( #638 ), #1156, .F. ) ;
#1583 = DIRECTION ( 'NONE',  ( 0.000000000000000000, 0.000000000000000000, -1.000000000000000000 ) ) ;
#1584 = PLANE ( 'NONE',  #1964 ) ;
#1585 = ORIENTED_EDGE ( 'NONE', *, *, #461, .T. ) ;
#1586 = MECHANICAL_DESIGN_GEOMETRIC_PRESENTATION_REPRESENTATION (  '', ( #2185 ), #1696 ) ;
#1587 = EDGE_LOOP ( 'NONE', ( #465, #1078, #1828, #2191 ) ) ;
#1588 = ORIENTED_EDGE ( 'NONE', *, *, #1860, .T. ) ;
#1589 = FACE_OUTER_BOUND ( 'NONE', #1056, .T. ) ;
#1590 = EDGE_CURVE ( 'NONE', #1042, #1069, #1407, .T. ) ;
#1591 = CARTESIAN_POINT ( 'NONE',  ( -3.689999999999999947, 0.2300000000000000100, 1.525000000000000133 ) ) ;
#1592 = ORIENTED_EDGE ( 'NONE', *, *, #432, .T. ) ;
#1593 = CARTESIAN_POINT ( 'NONE',  ( -3.103827396809839989, 2.444373868681029904, 2.827336627138104852 ) ) ;
#1594 = EDGE_CURVE ( 'NONE', #551, #1851, #1324, .T. ) ;
#1595 = VECTOR ( 'NONE', #2041, 1000.000000000000000 ) ;
#1596 = ORIENTED_EDGE ( 'NONE', *, *, #126, .T. ) ;
#1597 = VECTOR ( 'NONE', #963, 1000.000000000000000 ) ;
#1598 = FILL_AREA_STYLE ('',( #1776 ) ) ;
#1599 = EDGE_LOOP ( 'NONE', ( #2124, #2108, #2173, #2171 ) ) ;
#1600 = ORIENTED_EDGE ( 'NONE', *, *, #962, .T. ) ;
#1601 = CARTESIAN_POINT ( 'NONE',  ( -3.689999999999999947, 1.145000000000000018, -1.525000000000000133 ) ) ;
#1602 = CARTESIAN_POINT ( 'NONE',  ( -2.449999999999999734, 2.419999999999999929, -2.628827396809839900 ) ) ;
#1603 = EDGE_LOOP ( 'NONE', ( #548, #1982, #1410, #1330 ) ) ;
#1604 = AXIS2_PLACEMENT_3D ( 'NONE', #717, #1579, #697 ) ;
#1605 = EDGE_CURVE ( 'NONE', #703, #728, #1144, .T. ) ;
#1606 = ORIENTED_EDGE ( 'NONE', *, *, #1048, .T. ) ;
#1607 = VECTOR ( 'NONE', #1926, 1000.000000000000000 ) ;
#1608 = FACE_OUTER_BOUND ( 'NONE', #394, .T. ) ;
#1609 = EDGE_LOOP ( 'NONE', ( #1865, #1730, #720, #1441 ) ) ;
#1610 = ORIENTED_EDGE ( 'NONE', *, *, #236, .F. ) ;
#1611 = EDGE_LOOP ( 'NONE', ( #331, #567, #206, #898 ) ) ;
#1612 = CARTESIAN_POINT ( 'NONE',  ( 3.231895908410785001, 1.401339543687841749, 2.955405138739049864 ) ) ;
#1613 = DIRECTION ( 'NONE',  ( 1.000000000000000000, -2.168404344971010446E-15, -2.662465753572164944E-16 ) ) ;
#1614 = FACE_OUTER_BOUND ( 'NONE', #247, .T. ) ;
#1615 = EDGE_LOOP ( 'NONE', ( #212, #1735, #2237, #1689 ) ) ;
#1616 = EDGE_CURVE ( 'NONE', #1971, #918, #851, .T. ) ;
#1617 = ORIENTED_EDGE ( 'NONE', *, *, #475, .T. ) ;
#1618 = DIRECTION ( 'NONE',  ( -0.1209742911513558006, 0.9852565360152929497, -0.1209742911513558006 ) ) ;
#1619 = VECTOR ( 'NONE', #233, 1000.000000000000000 ) ;
#1620 = CARTESIAN_POINT ( 'NONE',  ( 3.739999999999999769, 1.145000000000000018, 1.525000000000000133 ) ) ;
#1621 = EDGE_LOOP ( 'NONE', ( #1082, #749, #11, #499 ) ) ;
#1622 = VECTOR ( 'NONE', #596, 1000.000000000000000 ) ;
#1623 = CARTESIAN_POINT ( 'NONE',  ( 3.739999999999999769, 1.145000000000000018, 1.525000000000000133 ) ) ;
#1624 = ORIENTED_EDGE ( 'NONE', *, *, #133, .F. ) ;
#1625 = ADVANCED_FACE ( 'NONE', ( #2081 ), #2069, .F. ) ;
#1626 = ORIENTED_EDGE ( 'NONE', *, *, #2089, .T. ) ;
#1627 = CARTESIAN_POINT ( 'NONE',  ( -3.114908688441804685, 0.5202498779201299994, 2.639908688441805040 ) ) ;
#1628 = EDGE_LOOP ( 'NONE', ( #1626, #2057, #1546, #856 ) ) ;
#1629 =( LENGTH_UNIT ( ) NAMED_UNIT ( * ) SI_UNIT ( .MILLI., .METRE. ) );
#1630 = DIRECTION ( 'NONE',  ( 0.000000000000000000, 0.000000000000000000, -1.000000000000000000 ) ) ;
#1631 = LINE ( 'NONE', #55, #770 ) ;
#1632 = ORIENTED_EDGE ( 'NONE', *, *, #2235, .T. ) ;
#1633 = VECTOR ( 'NONE', #2040, 1000.000000000000000 ) ;
#1634 = ORIENTED_EDGE ( 'NONE', *, *, #661, .T. ) ;
#1635 = CYLINDRICAL_SURFACE ( 'NONE', #755, 0.2000000000000002331 ) ;
#1636 = ADVANCED_FACE ( 'NONE', ( #840 ), #482, .T. ) ;
#1637 = DIRECTION ( 'NONE',  ( -0.5500813312119848808, -0.8288862964397277766, -0.1017744399467869765 ) ) ;
#1638 = ORIENTED_EDGE ( 'NONE', *, *, #1212, .F. ) ;
#1639 = FACE_OUTER_BOUND ( 'NONE', #23, .T. ) ;
#1640 = CYLINDRICAL_SURFACE ( 'NONE', #384, 0.05000000000000012768 ) ;
#1641 = AXIS2_PLACEMENT_3D ( 'NONE', #1548, #1855, #977 ) ;
#1642 = CARTESIAN_POINT ( 'NONE',  ( 3.689999999999999947, 1.145000000000000018, -1.525000000000000133 ) ) ;
#1643 = VERTEX_POINT ( 'NONE', #1400 ) ;
#1644 = DIRECTION ( 'NONE',  ( -1.000000000000000000, 2.168404344971007685E-15, 0.000000000000000000 ) ) ;
#1645 =( NAMED_UNIT ( * ) PLANE_ANGLE_UNIT ( ) SI_UNIT ( $, .RADIAN. ) );
#1646 = FACE_OUTER_BOUND ( 'NONE', #1927, .T. ) ;
#1647 = EDGE_CURVE ( 'NONE', #160, #1958, #1739, .T. ) ;
#1648 = EDGE_LOOP ( 'NONE', ( #869, #1105, #1600, #516, #1413, #311 ) ) ;
#1649 = DIRECTION ( 'NONE',  ( -5.013651664672859999E-16, 1.000000000000000000, 0.000000000000000000 ) ) ;
#1650 = EDGE_CURVE ( 'NONE', #1202, #999, #1391, .T. ) ;
#1651 = PRESENTATION_LAYER_ASSIGNMENT (  '', '', ( #765 ) ) ;
#1652 = DIRECTION ( 'NONE',  ( 0.000000000000000000, 0.000000000000000000, -1.000000000000000000 ) ) ;
#1653 = VERTEX_POINT ( 'NONE', #316 ) ;
#1654 = CARTESIAN_POINT ( 'NONE',  ( -3.103827396809839989, 2.620000000000000107, 2.805772449721030348 ) ) ;
#1655 = CARTESIAN_POINT ( 'NONE',  ( -3.427500000000000213, 1.195000000000000062, 1.525000000000000133 ) ) ;
#1656 = CARTESIAN_POINT ( 'NONE',  ( 3.114908688441804685, 0.5202498779201299994, 2.639908688441805040 ) ) ;
#1657 = AXIS2_PLACEMENT_3D ( 'NONE', #575, #1798, #1427 ) ;
#1658 = ADVANCED_FACE ( 'NONE', ( #2113 ), #1446, .F. ) ;
#1659 = CARTESIAN_POINT ( 'NONE',  ( 3.399259550992335122, 1.195000000000000062, -1.525000000000000133 ) ) ;
#1660 = ORIENTED_EDGE ( 'NONE', *, *, #1271, .T. ) ;
#1661 = CARTESIAN_POINT ( 'NONE',  ( -2.391322163799020295, 0.3202498779201305434, 2.639908688441805040 ) ) ;
#1662 = ADVANCED_FACE ( 'NONE', ( #2102 ), #388, .F. ) ;
#1663 = CARTESIAN_POINT ( 'NONE',  ( 3.689999999999999947, 1.195000000000000062, 1.525000000000000133 ) ) ;
#1664 = EDGE_CURVE ( 'NONE', #250, #1935, #315, .T. ) ;
#1665 = LINE ( 'NONE', #1329, #1269 ) ;
#1666 = ORIENTED_EDGE ( 'NONE', *, *, #91, .T. ) ;
#1667 = CARTESIAN_POINT ( 'NONE',  ( 3.969999999999999751, 1.145000000000000018, 1.525000000000000133 ) ) ;
#1668 = CIRCLE ( 'NONE', #1990, 0.2000000000000000944 ) ;
#1669 = DIRECTION ( 'NONE',  ( 0.000000000000000000, 0.000000000000000000, -1.000000000000000000 ) ) ;
#1670 = CARTESIAN_POINT ( 'NONE',  ( 3.302336627138105385, 2.444373868681029904, 2.805772449721030348 ) ) ;
#1671 = SPHERICAL_SURFACE ( 'NONE', #1714, 0.2000000000000000111 ) ;
#1672 = AXIS2_PLACEMENT_3D ( 'NONE', #1339, #1137, #1814 ) ;
#1673 = SPHERICAL_SURFACE ( 'NONE', #530, 0.2000000000000000111 ) ;
#1674 = CARTESIAN_POINT ( 'NONE',  ( -2.449999999999999734, 2.620000000000000107, 2.628827396809839900 ) ) ;
#1675 = ORIENTED_EDGE ( 'NONE', *, *, #845, .F. ) ;
#1676 = DIRECTION ( 'NONE',  ( 0.000000000000000000, 0.000000000000000000, -1.000000000000000000 ) ) ;
#1677 = AXIS2_PLACEMENT_3D ( 'NONE', #488, #1191, #569 ) ;
#1678 = DIRECTION ( 'NONE',  ( 0.000000000000000000, 0.000000000000000000, 1.000000000000000000 ) ) ;
#1679 = DIRECTION ( 'NONE',  ( 2.168404344971007685E-15, -1.000000000000000000, 0.000000000000000000 ) ) ;
#1680 = VECTOR ( 'NONE', #1932, 1000.000000000000000 ) ;
#1681 = EDGE_CURVE ( 'NONE', #715, #1315, #1701, .T. ) ;
#1682 = CIRCLE ( 'NONE', #1467, 0.2799999999999998601 ) ;
#1683 = CARTESIAN_POINT ( 'NONE',  ( 3.689999999999999947, 1.145000000000000018, 1.525000000000000133 ) ) ;
#1684 = VERTEX_POINT ( 'NONE', #1843 ) ;
#1685 = CARTESIAN_POINT ( 'NONE',  ( -3.399259550992335122, 1.195000000000000062, 1.525000000000000133 ) ) ;
#1686 = EDGE_CURVE ( 'NONE', #314, #1643, #93, .T. ) ;
#1687 = FILL_AREA_STYLE_COLOUR ( '', #403 ) ;
#1688 = DIRECTION ( 'NONE',  ( 0.1209742911513548291, 0.9852565360152931717, -0.1209742911513548291 ) ) ;
#1689 = ORIENTED_EDGE ( 'NONE', *, *, #1616, .F. ) ;
#1690 = DIRECTION ( 'NONE',  ( 0.000000000000000000, 0.000000000000000000, -1.000000000000000000 ) ) ;
#1691 = EDGE_CURVE ( 'NONE', #502, #1935, #1889, .T. ) ;
#1692 = CARTESIAN_POINT ( 'NONE',  ( 3.427500000000000213, 1.195000000000000062, -1.525000000000000133 ) ) ;
#1693 = CIRCLE ( 'NONE', #554, 0.05000000000000012768 ) ;
#1694 = DIRECTION ( 'NONE',  ( 0.000000000000000000, 0.000000000000000000, -1.000000000000000000 ) ) ;
#1695 = EDGE_CURVE ( 'NONE', #1507, #1042, #466, .T. ) ;
#1696 =( GEOMETRIC_REPRESENTATION_CONTEXT ( 3 ) GLOBAL_UNCERTAINTY_ASSIGNED_CONTEXT ( ( #1753 ) ) GLOBAL_UNIT_ASSIGNED_CONTEXT ( ( #1178, #1872, #1698 ) ) REPRESENTATION_CONTEXT ( 'NONE', 'WORKASPACE' ) );
#1697 = CARTESIAN_POINT ( 'NONE',  ( -3.228990769671735261, 1.425000000000000044, -2.952499999999999680 ) ) ;
#1698 =( NAMED_UNIT ( * ) SI_UNIT ( $, .STERADIAN. ) SOLID_ANGLE_UNIT ( ) );
#1699 = ORIENTED_EDGE ( 'NONE', *, *, #803, .F. ) ;
#1700 = ORIENTED_EDGE ( 'NONE', *, *, #1860, .F. ) ;
#1701 = LINE ( 'NONE', #1526, #351 ) ;
#1702 = AXIS2_PLACEMENT_3D ( 'NONE', #1537, #2017, #1690 ) ;
#1703 = ADVANCED_FACE ( 'NONE', ( #967 ), #1012, .T. ) ;
#1704 = DIRECTION ( 'NONE',  ( -0.000000000000000000, 1.000000000000000000, 0.000000000000000000 ) ) ;
#1705 = EDGE_CURVE ( 'NONE', #560, #848, #128, .T. ) ;
#1706 = AXIS2_PLACEMENT_3D ( 'NONE', #2168, #953, #1849 ) ;
#1707 = DIRECTION ( 'NONE',  ( -6.279333005990653861E-17, 0.1218693434051477953, -0.9925461516413219831 ) ) ;
#1708 = DIRECTION ( 'NONE',  ( 0.000000000000000000, 0.000000000000000000, 1.000000000000000000 ) ) ;
#1709 = ORIENTED_EDGE ( 'NONE', *, *, #2213, .T. ) ;
#1710 = ORIENTED_EDGE ( 'NONE', *, *, #1787, .F. ) ;
#1711 = CARTESIAN_POINT ( 'NONE',  ( 3.231895908410785001, 1.473034324993186095, 2.756895908410784912 ) ) ;
#1712 = DIRECTION ( 'NONE',  ( -1.000000000000000000, 0.000000000000000000, 0.000000000000000000 ) ) ;
#1713 = EDGE_CURVE ( 'NONE', #1888, #740, #1183, .T. ) ;
#1714 = AXIS2_PLACEMENT_3D ( 'NONE', #1334, #284, #1513 ) ;
#1715 = CARTESIAN_POINT ( 'NONE',  ( -3.969999999999999751, 0.2799999999999999711, 1.525000000000000133 ) ) ;
#1716 = DIRECTION ( 'NONE',  ( -1.000000000000000000, -8.260587980841950613E-16, 0.000000000000000000 ) ) ;
#1717 = EDGE_LOOP ( 'NONE', ( #725, #2020, #280, #1434 ) ) ;
#1718 = ORIENTED_EDGE ( 'NONE', *, *, #346, .F. ) ;
#1719 = DIRECTION ( 'NONE',  ( -2.434009779132839743E-16, 1.000000000000000000, 0.000000000000000000 ) ) ;
#1720 = CYLINDRICAL_SURFACE ( 'NONE', #2001, 0.05000000000000012768 ) ;
#1721 = CARTESIAN_POINT ( 'NONE',  ( 3.302336627138105385, 2.444373868681029904, 2.628827396809839900 ) ) ;
#1722 = CARTESIAN_POINT ( 'NONE',  ( -3.345629615453572736, 1.425000000000004929, -2.952500000000000568 ) ) ;
#1723 = ORIENTED_EDGE ( 'NONE', *, *, #945, .T. ) ;
#1724 = AXIS2_PLACEMENT_3D ( 'NONE', #933, #1970, #426 ) ;
#1725 = ADVANCED_FACE ( 'NONE', ( #625 ), #814, .F. ) ;
#1726 = EDGE_CURVE ( 'NONE', #82, #216, #295, .T. ) ;
#1727 = CARTESIAN_POINT ( 'NONE',  ( -2.669999999999999929, 0.000000000000000000, 1.525000000000000133 ) ) ;
#1728 = LINE ( 'NONE', #859, #971 ) ;
#1729 = ORIENTED_EDGE ( 'NONE', *, *, #636, .F. ) ;
#1730 = ORIENTED_EDGE ( 'NONE', *, *, #540, .F. ) ;
#1731 = DIRECTION ( 'NONE',  ( -1.000000000000000000, 1.513640105511344920E-33, 6.326489700863630112E-17 ) ) ;
#1732 = CARTESIAN_POINT ( 'NONE',  ( -2.799999999999999822, 2.620000000000000107, 2.628827396809839900 ) ) ;
#1733 = CARTESIAN_POINT ( 'NONE',  ( 2.507874526320284847, 0.4958760092391009122, -2.838417918770069992 ) ) ;
#1734 = AXIS2_PLACEMENT_3D ( 'NONE', #867, #1112, #2115 ) ;
#1735 = ORIENTED_EDGE ( 'NONE', *, *, #1435, .F. ) ;
#1736 = PRESENTATION_STYLE_ASSIGNMENT (( #882 ) ) ;
#1737 = ORIENTED_EDGE ( 'NONE', *, *, #197, .F. ) ;
#1738 = ORIENTED_EDGE ( 'NONE', *, *, #1691, .T. ) ;
#1739 = LINE ( 'NONE', #827, #1488 ) ;
#1740 = CARTESIAN_POINT ( 'NONE',  ( -3.689999999999999947, 1.145000000000000018, 1.525000000000000133 ) ) ;
#1741 = DIRECTION ( 'NONE',  ( 0.000000000000000000, -1.000000000000000000, 0.000000000000000000 ) ) ;
#1742 = CARTESIAN_POINT ( 'NONE',  ( -3.343986768037975121, 0.7448393075814560005, -2.670477537709710081 ) ) ;
#1743 = AXIS2_PLACEMENT_3D ( 'NONE', #161, #863, #2082 ) ;
#1744 = ORIENTED_EDGE ( 'NONE', *, *, #1010, .F. ) ;
#1745 = CIRCLE ( 'NONE', #544, 0.2799999999999998601 ) ;
#1746 = CLOSED_SHELL ( 'NONE', ( #205, #1939, #1758, #879, #1510, #533, #552, #866, #344, #657, #375, #274, #1662, #1795, #1582, #1551, #262, #169, #1362, #1198, #903, #1132, #50, #1121, #931, #1905, #277, #1295, #2201, #870, #1703, #1886, #1286, #3, #1499, #2144, #1016, #705, #5, #1940, #591, #249, #186, #1977 ) ) ;
#1747 = VECTOR ( 'NONE', #643, 1000.000000000000000 ) ;
#1748 = DIRECTION ( 'NONE',  ( -1.000000000000000000, 0.000000000000000000, 6.326489700863620251E-17 ) ) ;
#1749 = CARTESIAN_POINT ( 'NONE',  ( 3.103827396809839989, 2.620000000000000107, -2.628827396809839900 ) ) ;
#1750 = EDGE_CURVE ( 'NONE', #1246, #868, #412, .T. ) ;
#1751 = VERTEX_POINT ( 'NONE', #637 ) ;
#1752 = ORIENTED_EDGE ( 'NONE', *, *, #905, .T. ) ;
#1753 = UNCERTAINTY_MEASURE_WITH_UNIT (LENGTH_MEASURE( 1.000000000000000082E-05 ), #1178, 'distance_accuracy_value', 'NONE');
#1754 = LINE ( 'NONE', #1414, #1131 ) ;
#1755 = AXIS2_PLACEMENT_3D ( 'NONE', #698, #2229, #508 ) ;
#1756 = DIRECTION ( 'NONE',  ( 0.000000000000000000, 0.000000000000000000, -1.000000000000000000 ) ) ;
#1757 = EDGE_CURVE ( 'NONE', #888, #1877, #1006, .T. ) ;
#1758 = ADVANCED_FACE ( 'NONE', ( #1345 ), #1355, .T. ) ;
#1759 = EDGE_CURVE ( 'NONE', #1134, #175, #119, .T. ) ;
#1760 = ORIENTED_EDGE ( 'NONE', *, *, #204, .T. ) ;
#1761 = CARTESIAN_POINT ( 'NONE',  ( 3.280772449721029993, 2.620000000000000107, 2.628827396809839900 ) ) ;
#1762 = AXIS2_PLACEMENT_3D ( 'NONE', #415, #45, #571 ) ;
#1763 = CARTESIAN_POINT ( 'NONE',  ( 3.427500000000000213, 1.425000000000000044, -1.525000000000000133 ) ) ;
#1764 = CARTESIAN_POINT ( 'NONE',  ( 2.507874526320284847, 0.4958760092391009122, 2.838417918770069992 ) ) ;
#1765 = FACE_OUTER_BOUND ( 'NONE', #294, .T. ) ;
#1766 = ORIENTED_EDGE ( 'NONE', *, *, #1459, .F. ) ;
#1767 = AXIS2_PLACEMENT_3D ( 'NONE', #857, #1562, #1928 ) ;
#1768 = EDGE_LOOP ( 'NONE', ( #159, #1624, #732, #1766 ) ) ;
#1769 = EDGE_LOOP ( 'NONE', ( #1949, #2126, #1052, #218 ) ) ;
#1770 = CARTESIAN_POINT ( 'NONE',  ( -3.689999999999999947, -1.558949554510374974E-18, 1.525000000000000133 ) ) ;
#1771 = ADVANCED_FACE ( 'NONE', ( #1512 ), #2051, .T. ) ;
#1772 = ORIENTED_EDGE ( 'NONE', *, *, #1091, .T. ) ;
#1773 = VECTOR ( 'NONE', #843, 1000.000000000000000 ) ;
#1774 = EDGE_LOOP ( 'NONE', ( #202, #387, #1699, #1581 ) ) ;
#1775 = AXIS2_PLACEMENT_3D ( 'NONE', #2022, #1306, #1317 ) ;
#1776 = FILL_AREA_STYLE_COLOUR ( '', #593 ) ;
#1777 = ORIENTED_EDGE ( 'NONE', *, *, #1950, .T. ) ;
#1778 = CYLINDRICAL_SURFACE ( 'NONE', #323, 0.2799999999999998601 ) ;
#1779 = EDGE_LOOP ( 'NONE', ( #187, #1944, #795, #1796 ) ) ;
#1780 = UNCERTAINTY_MEASURE_WITH_UNIT (LENGTH_MEASURE( 1.000000000000000082E-05 ), #2127, 'distance_accuracy_value', 'NONE');
#1781 = CARTESIAN_POINT ( 'NONE',  ( -2.391322163799020295, 0.3202498779201305434, -2.639908688441805040 ) ) ;
#1782 = ORIENTED_EDGE ( 'NONE', *, *, #2097, .T. ) ;
#1783 = SURFACE_SIDE_STYLE ('',( #1086 ) ) ;
#1784 = CARTESIAN_POINT ( 'NONE',  ( -2.799999999999999822, 2.520000000000000018, -2.827336627138104852 ) ) ;
#1785 = AXIS2_PLACEMENT_3D ( 'NONE', #1159, #1492, #2009 ) ;
#1786 = CARTESIAN_POINT ( 'NONE',  ( 3.969999999999999751, 0.2799999999999999711, 1.525000000000000133 ) ) ;
#1787 = EDGE_CURVE ( 'NONE', #1035, #1888, #173, .T. ) ;
#1788 = ORIENTED_EDGE ( 'NONE', *, *, #1533, .T. ) ;
#1789 = PLANE ( 'NONE',  #402 ) ;
#1790 = AXIS2_PLACEMENT_3D ( 'NONE', #1740, #1951, #182 ) ;
#1791 = ORIENTED_EDGE ( 'NONE', *, *, #15, .F. ) ;
#1792 = CARTESIAN_POINT ( 'NONE',  ( 1.772702961081130026E-16, 2.520000000000000018, 2.802032477566729796 ) ) ;
#1793 = CARTESIAN_POINT ( 'NONE',  ( 3.427500000000000213, 1.425000000000000044, 2.952499999999999680 ) ) ;
#1794 = VERTEX_POINT ( 'NONE', #2218 ) ;
#1795 = ADVANCED_FACE ( 'NONE', ( #1323 ), #2006, .F. ) ;
#1796 = ORIENTED_EDGE ( 'NONE', *, *, #1212, .T. ) ;
#1797 = PLANE ( 'NONE',  #2038 ) ;
#1798 = DIRECTION ( 'NONE',  ( 1.000000000000000000, 0.000000000000000000, 0.000000000000000000 ) ) ;
#1799 = ORIENTED_EDGE ( 'NONE', *, *, #318, .T. ) ;
#1800 = EDGE_LOOP ( 'NONE', ( #10, #664, #1530, #1242 ) ) ;
#1801 =( NAMED_UNIT ( * ) PLANE_ANGLE_UNIT ( ) SI_UNIT ( $, .RADIAN. ) );
#1802 = EDGE_CURVE ( 'NONE', #703, #476, #862, .T. ) ;
#1803 = AXIS2_PLACEMENT_3D ( 'NONE', #341, #688, #130 ) ;
#1804 = EDGE_CURVE ( 'NONE', #724, #1168, #1023, .T. ) ;
#1805 = ORIENTED_EDGE ( 'NONE', *, *, #1568, .T. ) ;
#1806 = DIRECTION ( 'NONE',  ( 1.000000000000000000, 0.000000000000000000, 0.000000000000000000 ) ) ;
#1807 = ORIENTED_EDGE ( 'NONE', *, *, #305, .F. ) ;
#1808 = DIRECTION ( 'NONE',  ( -0.1209742911513548291, 0.9852565360152931717, -0.1209742911513548291 ) ) ;
#1809 = DIRECTION ( 'NONE',  ( 0.000000000000000000, 0.000000000000000000, 1.000000000000000000 ) ) ;
#1810 = CARTESIAN_POINT ( 'NONE',  ( -2.507874526320284847, 0.4958760092391009122, 2.838417918770069992 ) ) ;
#1811 = VECTOR ( 'NONE', #258, 1000.000000000000000 ) ;
#1812 = ORIENTED_EDGE ( 'NONE', *, *, #1162, .F. ) ;
#1813 = DIRECTION ( 'NONE',  ( -2.168404344971007685E-15, 0.000000000000000000, 1.000000000000000000 ) ) ;
#1814 = DIRECTION ( 'NONE',  ( 0.000000000000000000, -0.1218693434051476704, 0.9925461516413218721 ) ) ;
#1815 = VECTOR ( 'NONE', #1637, 1000.000000000000227 ) ;
#1816 = CARTESIAN_POINT ( 'NONE',  ( -3.739999999999999769, 0.2799999999999999711, 1.525000000000000133 ) ) ;
#1817 = LINE ( 'NONE', #245, #338 ) ;
#1818 = ORIENTED_EDGE ( 'NONE', *, *, #1264, .F. ) ;
#1819 = CIRCLE ( 'NONE', #1008, 0.05000000000000012768 ) ;
#1820 = ORIENTED_EDGE ( 'NONE', *, *, #1482, .T. ) ;
#1821 = FACE_OUTER_BOUND ( 'NONE', #1769, .T. ) ;
#1822 = EDGE_CURVE ( 'NONE', #2243, #928, #1386, .T. ) ;
#1823 = SPHERICAL_SURFACE ( 'NONE', #1531, 0.2000000000000000111 ) ;
#1824 = VERTEX_POINT ( 'NONE', #1221 ) ;
#1825 = DIRECTION ( 'NONE',  ( 1.000000000000000000, 0.000000000000000000, 0.000000000000000000 ) ) ;
#1826 = CIRCLE ( 'NONE', #1430, 0.05000000000000012768 ) ;
#1827 = CARTESIAN_POINT ( 'NONE',  ( -3.427500000000000213, 1.425000000000000044, 1.525000000000000133 ) ) ;
#1828 = ORIENTED_EDGE ( 'NONE', *, *, #333, .T. ) ;
#1829 = ADVANCED_FACE ( 'NONE', ( #199 ), #1584, .F. ) ;
#1830 = CARTESIAN_POINT ( 'NONE',  ( 3.689999999999999947, 1.425000000000000044, 1.525000000000000133 ) ) ;
#1831 = DIRECTION ( 'NONE',  ( 1.000000000000000000, 0.000000000000000000, 0.000000000000000000 ) ) ;
#1832 = CARTESIAN_POINT ( 'NONE',  ( -3.103827396809839989, 2.419999999999999929, -2.628827396809839900 ) ) ;
#1833 = EDGE_CURVE ( 'NONE', #560, #527, #9, .T. ) ;
#1834 = LINE ( 'NONE', #81, #976 ) ;
#1835 = EDGE_CURVE ( 'NONE', #1444, #1824, #1210, .T. ) ;
#1836 = ORIENTED_EDGE ( 'NONE', *, *, #318, .F. ) ;
#1837 = CARTESIAN_POINT ( 'NONE',  ( -2.507874526320284847, 0.4958760092391009122, 2.838417918770069992 ) ) ;
#1838 = DIRECTION ( 'NONE',  ( 0.000000000000000000, -0.9925461516413219831, 0.1218693434051477953 ) ) ;
#1839 = EDGE_LOOP ( 'NONE', ( #2167, #1227, #192, #1760 ) ) ;
#1840 = DIRECTION ( 'NONE',  ( 1.000000000000000000, -1.805936959085464797E-16, 0.000000000000000000 ) ) ;
#1841 = DIRECTION ( 'NONE',  ( 0.000000000000000000, 0.000000000000000000, 1.000000000000000000 ) ) ;
#1842 = LINE ( 'NONE', #92, #1811 ) ;
#1843 = CARTESIAN_POINT ( 'NONE',  ( 3.969999999999999751, 1.145000000000000018, 1.525000000000000133 ) ) ;
#1844 = CARTESIAN_POINT ( 'NONE',  ( -3.103827396809839989, 2.419999999999999929, 2.628827396809839900 ) ) ;
#1845 = CYLINDRICAL_SURFACE ( 'NONE', #86, 0.2000000000000000944 ) ;
#1846 = PLANE ( 'NONE',  #1483 ) ;
#1847 = ORIENTED_EDGE ( 'NONE', *, *, #327, .T. ) ;
#1848 = DIRECTION ( 'NONE',  ( 1.000000000000000000, 0.000000000000000000, 0.000000000000000000 ) ) ;
#1849 = DIRECTION ( 'NONE',  ( 0.000000000000000000, -1.000000000000000000, 0.000000000000000000 ) ) ;
#1850 = CARTESIAN_POINT ( 'NONE',  ( -3.280772449721029993, 2.620000000000000107, -2.628827396809839900 ) ) ;
#1851 = VERTEX_POINT ( 'NONE', #1024 ) ;
#1852 = DIRECTION ( 'NONE',  ( -0.000000000000000000, 1.000000000000000000, 0.000000000000000000 ) ) ;
#1853 = AXIS2_PLACEMENT_3D ( 'NONE', #308, #1707, #831 ) ;
#1854 = CARTESIAN_POINT ( 'NONE',  ( -2.799999999999999822, 2.520000000000000018, -2.827336627138104852 ) ) ;
#1855 = DIRECTION ( 'NONE',  ( 0.000000000000000000, 0.000000000000000000, -1.000000000000000000 ) ) ;
#1856 = CARTESIAN_POINT ( 'NONE',  ( 3.969999999999999751, 0.2799999999999999711, -1.525000000000000133 ) ) ;
#1857 = CARTESIAN_POINT ( 'NONE',  ( -3.689999999999999947, 1.195000000000000062, 1.525000000000000133 ) ) ;
#1858 = DIRECTION ( 'NONE',  ( 0.000000000000000000, -1.196290342514424023E-15, -1.000000000000000000 ) ) ;
#1859 = FACE_OUTER_BOUND ( 'NONE', #1611, .T. ) ;
#1860 = EDGE_CURVE ( 'NONE', #1134, #1385, #1359, .T. ) ;
#1861 = CYLINDRICAL_SURFACE ( 'NONE', #1706, 0.1999999999999999833 ) ;
#1862 = DIRECTION ( 'NONE',  ( -1.000000000000000000, 0.000000000000000000, 0.000000000000000000 ) ) ;
#1863 = CARTESIAN_POINT ( 'NONE',  ( 3.103827396809839989, 2.444373868681029904, -2.827336627138104852 ) ) ;
#1864 =( NAMED_UNIT ( * ) SI_UNIT ( $, .STERADIAN. ) SOLID_ANGLE_UNIT ( ) );
#1865 = ORIENTED_EDGE ( 'NONE', *, *, #561, .F. ) ;
#1866 = VECTOR ( 'NONE', #729, 1000.000000000000000 ) ;
#1867 = DIRECTION ( 'NONE',  ( 0.1209742911513548291, -0.9852565360152931717, -0.1209742911513548291 ) ) ;
#1868 = FACE_OUTER_BOUND ( 'NONE', #2090, .T. ) ;
#1869 = LINE ( 'NONE', #2028, #485 ) ;
#1870 = CARTESIAN_POINT ( 'NONE',  ( 3.228990769671735261, 1.425000000000000044, 2.952499999999999680 ) ) ;
#1871 = CARTESIAN_POINT ( 'NONE',  ( 3.689999999999999947, 0.2799999999999999711, 1.525000000000000133 ) ) ;
#1872 =( NAMED_UNIT ( * ) PLANE_ANGLE_UNIT ( ) SI_UNIT ( $, .RADIAN. ) );
#1873 = CARTESIAN_POINT ( 'NONE',  ( 3.689999999999999947, 9.022303882162361999E-16, -1.525000000000000133 ) ) ;
#1874 = ADVANCED_FACE ( 'NONE', ( #1900 ), #368, .F. ) ;
#1875 = ORIENTED_EDGE ( 'NONE', *, *, #754, .F. ) ;
#1876 = EDGE_CURVE ( 'NONE', #2033, #1643, #1539, .T. ) ;
#1877 = VERTEX_POINT ( 'NONE', #841 ) ;
#1878 = CARTESIAN_POINT ( 'NONE',  ( 3.427500000000000213, 1.425000000000000044, 2.952499999999999680 ) ) ;
#1879 = CARTESIAN_POINT ( 'NONE',  ( -3.114908688441804685, 0.5202498779201299994, 2.639908688441805040 ) ) ;
#1880 = VECTOR ( 'NONE', #2205, 1000.000000000000000 ) ;
#1881 = LINE ( 'NONE', #1336, #59 ) ;
#1882 = EDGE_LOOP ( 'NONE', ( #2118, #1561, #1772, #513, #1098, #1805, #1070, #2079, #1085, #110, #266, #1596 ) ) ;
#1883 =( GEOMETRIC_REPRESENTATION_CONTEXT ( 3 ) GLOBAL_UNCERTAINTY_ASSIGNED_CONTEXT ( ( #543 ) ) GLOBAL_UNIT_ASSIGNED_CONTEXT ( ( #691, #1396, #1573 ) ) REPRESENTATION_CONTEXT ( 'NONE', 'WORKASPACE' ) );
#1884 = PLANE ( 'NONE',  #1853 ) ;
#1885 = CARTESIAN_POINT ( 'NONE',  ( -3.114908688441804685, 0.5202498779201299994, -2.639908688441805040 ) ) ;
#1886 = ADVANCED_FACE ( 'NONE', ( #1765 ), #639, .T. ) ;
#1887 = VERTEX_POINT ( 'NONE', #805 ) ;
#1888 = VERTEX_POINT ( 'NONE', #1856 ) ;
#1889 = LINE ( 'NONE', #1169, #2061 ) ;
#1890 = VECTOR ( 'NONE', #1038, 1000.000000000000000 ) ;
#1891 = PLANE ( 'NONE',  #2011 ) ;
#1892 = EDGE_CURVE ( 'NONE', #250, #759, #911, .T. ) ;
#1893 = CARTESIAN_POINT ( 'NONE',  ( 3.103827396809839989, 2.419999999999999929, 4.559087426440308911E-16 ) ) ;
#1894 = VECTOR ( 'NONE', #1148, 1000.000000000000000 ) ;
#1895 = CYLINDRICAL_SURFACE ( 'NONE', #1734, 0.2800000000000003042 ) ;
#1896 = DIRECTION ( 'NONE',  ( 1.000000000000000000, 0.000000000000000000, -8.543901466259989529E-17 ) ) ;
#1897 = DIRECTION ( 'NONE',  ( 0.1209742911513548291, -0.9852565360152931717, 0.1209742911513548291 ) ) ;
#1898 = ORIENTED_EDGE ( 'NONE', *, *, #1091, .F. ) ;
#1899 = VERTEX_POINT ( 'NONE', #626 ) ;
#1900 = FACE_OUTER_BOUND ( 'NONE', #1299, .T. ) ;
#1901 = CARTESIAN_POINT ( 'NONE',  ( -2.449999999999999734, 2.620000000000000107, -2.628827396809839900 ) ) ;
#1902 = VECTOR ( 'NONE', #763, 1000.000000000000000 ) ;
#1903 = CARTESIAN_POINT ( 'NONE',  ( 3.689999999999999947, 1.425000000000000044, -1.525000000000000133 ) ) ;
#1904 = AXIS2_PLACEMENT_3D ( 'NONE', #610, #1344, #966 ) ;
#1905 = ADVANCED_FACE ( 'NONE', ( #94 ), #1671, .T. ) ;
#1906 = FACE_OUTER_BOUND ( 'NONE', #1779, .T. ) ;
#1907 = EDGE_CURVE ( 'NONE', #642, #683, #2008, .T. ) ;
#1908 = ORIENTED_EDGE ( 'NONE', *, *, #1240, .F. ) ;
#1909 = DIRECTION ( 'NONE',  ( 6.326489700863619019E-17, 0.000000000000000000, 1.000000000000000000 ) ) ;
#1910 = DIRECTION ( 'NONE',  ( 1.000000000000000000, -1.805936959085464797E-16, -4.109077935467265148E-17 ) ) ;
#1911 = MECHANICAL_DESIGN_GEOMETRIC_PRESENTATION_REPRESENTATION (  '', ( #765 ), #524 ) ;
#1912 = ORIENTED_EDGE ( 'NONE', *, *, #133, .T. ) ;
#1913 = ORIENTED_EDGE ( 'NONE', *, *, #1485, .T. ) ;
#1914 = CARTESIAN_POINT ( 'NONE',  ( 3.689999999999999947, 0.2799999999999999711, 1.525000000000000133 ) ) ;
#1915 = LINE ( 'NONE', #1426, #144 ) ;
#1916 = VECTOR ( 'NONE', #174, 1000.000000000000227 ) ;
#1917 = CARTESIAN_POINT ( 'NONE',  ( -1.772702961081130026E-16, 2.520000000000000018, -2.802032477566729796 ) ) ;
#1918 = VERTEX_POINT ( 'NONE', #440 ) ;
#1919 = STYLED_ITEM ( 'NONE', ( #1968 ), #1080 ) ;
#1920 = LINE ( 'NONE', #1241, #811 ) ;
#1921 = DIRECTION ( 'NONE',  ( -5.013651664672859999E-16, 1.000000000000000000, 0.000000000000000000 ) ) ;
#1922 = VERTEX_POINT ( 'NONE', #2026 ) ;
#1923 = ORIENTED_EDGE ( 'NONE', *, *, #1337, .F. ) ;
#1924 = EDGE_CURVE ( 'NONE', #848, #1576, #1503, .T. ) ;
#1925 = LINE ( 'NONE', #1931, #1933 ) ;
#1926 = DIRECTION ( 'NONE',  ( -1.000000000000000000, -8.260587980841950613E-16, 0.000000000000000000 ) ) ;
#1927 = EDGE_LOOP ( 'NONE', ( #1093, #1384, #1660, #380, #302, #1554 ) ) ;
#1928 = DIRECTION ( 'NONE',  ( 0.000000000000000000, 0.000000000000000000, -1.000000000000000000 ) ) ;
#1929 = ORIENTED_EDGE ( 'NONE', *, *, #1954, .F. ) ;
#1930 = VERTEX_POINT ( 'NONE', #1287 ) ;
#1931 = CARTESIAN_POINT ( 'NONE',  ( -2.391322163799020295, 0.3202498779201305434, -2.639908688441805040 ) ) ;
#1932 = DIRECTION ( 'NONE',  ( 1.468859844180191882E-16, 0.000000000000000000, -1.000000000000000000 ) ) ;
#1933 = VECTOR ( 'NONE', #1249, 1000.000000000000000 ) ;
#1934 = ORIENTED_EDGE ( 'NONE', *, *, #1071, .T. ) ;
#1935 = VERTEX_POINT ( 'NONE', #943 ) ;
#1936 = DIRECTION ( 'NONE',  ( 0.000000000000000000, -1.000000000000000000, -4.336808689942017736E-15 ) ) ;
#1937 = ORIENTED_EDGE ( 'NONE', *, *, #57, .T. ) ;
#1938 = ORIENTED_EDGE ( 'NONE', *, *, #578, .F. ) ;
#1939 = ADVANCED_FACE ( 'NONE', ( #932 ), #750, .T. ) ;
#1940 = ADVANCED_FACE ( 'NONE', ( #1472 ), #1980, .T. ) ;
#1941 = DIRECTION ( 'NONE',  ( 1.000000000000000000, 0.000000000000000000, -6.326489700863630112E-17 ) ) ;
#1942 = CARTESIAN_POINT ( 'NONE',  ( -3.131574497546115055, 2.194017999231869798, 2.656574497546114966 ) ) ;
#1943 = CARTESIAN_POINT ( 'NONE',  ( -2.391322163799020295, 0.5202498779201311097, 2.639908688441805040 ) ) ;
#1944 = ORIENTED_EDGE ( 'NONE', *, *, #1533, .F. ) ;
#1945 = CARTESIAN_POINT ( 'NONE',  ( -2.449999999999999734, 2.419999999999999929, 2.628827396809839900 ) ) ;
#1946 = VECTOR ( 'NONE', #18, 1000.000000000000000 ) ;
#1947 = SURFACE_STYLE_FILL_AREA ( #1598 ) ;
#1948 = VERTEX_POINT ( 'NONE', #1816 ) ;
#1949 = ORIENTED_EDGE ( 'NONE', *, *, #1452, .T. ) ;
#1950 = EDGE_CURVE ( 'NONE', #965, #1965, #405, .T. ) ;
#1951 = DIRECTION ( 'NONE',  ( 0.000000000000000000, 0.000000000000000000, 1.000000000000000000 ) ) ;
#1952 = ORIENTED_EDGE ( 'NONE', *, *, #892, .F. ) ;
#1953 = VECTOR ( 'NONE', #2200, 1000.000000000000000 ) ;
#1954 = EDGE_CURVE ( 'NONE', #740, #572, #1745, .T. ) ;
#1955 = ORIENTED_EDGE ( 'NONE', *, *, #2034, .F. ) ;
#1956 = FACE_OUTER_BOUND ( 'NONE', #1717, .T. ) ;
#1957 = EDGE_LOOP ( 'NONE', ( #494, #672, #139, #2042 ) ) ;
#1958 = VERTEX_POINT ( 'NONE', #1462 ) ;
#1959 = FACE_OUTER_BOUND ( 'NONE', #2058, .T. ) ;
#1960 = DIRECTION ( 'NONE',  ( 1.000000000000000000, 0.000000000000000000, -4.109077935467265148E-17 ) ) ;
#1961 = EDGE_LOOP ( 'NONE', ( #231, #2225, #2236, #916 ) ) ;
#1962 = ADVANCED_FACE ( 'NONE', ( #2135 ), #581, .F. ) ;
#1963 = EDGE_CURVE ( 'NONE', #1065, #2111, #500, .T. ) ;
#1964 = AXIS2_PLACEMENT_3D ( 'NONE', #326, #1712, #852 ) ;
#1965 = VERTEX_POINT ( 'NONE', #844 ) ;
#1966 = CARTESIAN_POINT ( 'NONE',  ( 3.969999999999999751, 1.145000000000000018, -1.525000000000000133 ) ) ;
#1967 = AXIS2_PLACEMENT_3D ( 'NONE', #1331, #1152, #956 ) ;
#1968 = PRESENTATION_STYLE_ASSIGNMENT (( #1442 ) ) ;
#1969 = DIRECTION ( 'NONE',  ( 1.000000000000000000, 0.000000000000000000, 0.000000000000000000 ) ) ;
#1970 = DIRECTION ( 'NONE',  ( 0.000000000000000000, 0.000000000000000000, -1.000000000000000000 ) ) ;
#1971 = VERTEX_POINT ( 'NONE', #1544 ) ;
#1972 = VERTEX_POINT ( 'NONE', #670 ) ;
#1973 = CYLINDRICAL_SURFACE ( 'NONE', #230, 0.2000000000000000944 ) ;
#1974 = VECTOR ( 'NONE', #1027, 1000.000000000000000 ) ;
#1975 = VERTEX_POINT ( 'NONE', #2056 ) ;
#1976 = DIRECTION ( 'NONE',  ( 1.000000000000000000, 0.000000000000000000, 0.000000000000000000 ) ) ;
#1977 = ADVANCED_FACE ( 'NONE', ( #146 ), #472, .T. ) ;
#1978 = CARTESIAN_POINT ( 'NONE',  ( -2.449999999999999734, 2.620000000000000107, 2.628827396809839900 ) ) ;
#1979 = AXIS2_PLACEMENT_3D ( 'NONE', #582, #1138, #65 ) ;
#1980 = SPHERICAL_SURFACE ( 'NONE', #1215, 0.2000000000000000111 ) ;
#1981 = ORIENTED_EDGE ( 'NONE', *, *, #686, .T. ) ;
#1982 = ORIENTED_EDGE ( 'NONE', *, *, #1605, .F. ) ;
#1983 = DIRECTION ( 'NONE',  ( 0.9925461516413219831, -0.1218693434051485031, 0.000000000000000000 ) ) ;
#1984 = DIRECTION ( 'NONE',  ( 1.000000000000000000, 0.000000000000000000, -6.326489700863630112E-17 ) ) ;
#1985 = DIRECTION ( 'NONE',  ( 0.000000000000000000, 0.000000000000000000, -1.000000000000000000 ) ) ;
#1986 = VERTEX_POINT ( 'NONE', #559 ) ;
#1987 = CYLINDRICAL_SURFACE ( 'NONE', #2220, 0.2000000000000000944 ) ;
#1988 = ADVANCED_FACE ( 'NONE', ( #1956 ), #1778, .T. ) ;
#1989 = CARTESIAN_POINT ( 'NONE',  ( 2.669999999999999929, 6.539613907446869888E-16, -1.525000000000000133 ) ) ;
#1990 = AXIS2_PLACEMENT_3D ( 'NONE', #915, #38, #2123 ) ;
#1991 = CARTESIAN_POINT ( 'NONE',  ( -3.114908688441804685, 0.4958760092391009122, 2.838417918770069992 ) ) ;
#1992 = ORIENTED_EDGE ( 'NONE', *, *, #1594, .F. ) ;
#1993 = VECTOR ( 'NONE', #646, 1000.000000000000000 ) ;
#1994 = CARTESIAN_POINT ( 'NONE',  ( 3.103827396809839989, 2.419999999999999929, -2.628827396809839900 ) ) ;
#1995 = ADVANCED_FACE ( 'NONE', ( #1095 ), #33, .F. ) ;
#1996 =( NAMED_UNIT ( * ) SI_UNIT ( $, .STERADIAN. ) SOLID_ANGLE_UNIT ( ) );
#1997 = CARTESIAN_POINT ( 'NONE',  ( -3.103827396809839989, 2.419999999999999929, 0.000000000000000000 ) ) ;
#1998 = ORIENTED_EDGE ( 'NONE', *, *, #406, .F. ) ;
#1999 = DIRECTION ( 'NONE',  ( 0.000000000000000000, 0.000000000000000000, -1.000000000000000000 ) ) ;
#2000 = LINE ( 'NONE', #2012, #718 ) ;
#2001 = AXIS2_PLACEMENT_3D ( 'NONE', #1914, #337, #1 ) ;
#2002 = DIRECTION ( 'NONE',  ( 0.9925461516413219831, 0.1218693434051477953, 1.457911185641522289E-16 ) ) ;
#2003 = ORIENTED_EDGE ( 'NONE', *, *, #1907, .F. ) ;
#2004 =( GEOMETRIC_REPRESENTATION_CONTEXT ( 3 ) GLOBAL_UNCERTAINTY_ASSIGNED_CONTEXT ( ( #1780 ) ) GLOBAL_UNIT_ASSIGNED_CONTEXT ( ( #2127, #2174, #1864 ) ) REPRESENTATION_CONTEXT ( 'NONE', 'WORKASPACE' ) );
#2005 = CARTESIAN_POINT ( 'NONE',  ( 3.689999999999999947, 0.2300000000000000100, 1.525000000000000133 ) ) ;
#2006 = PLANE ( 'NONE',  #832 ) ;
#2007 = CARTESIAN_POINT ( 'NONE',  ( -3.689999999999999947, 0.2300000000000000100, -1.525000000000000133 ) ) ;
#2008 =( BOUNDED_CURVE ( )  B_SPLINE_CURVE ( 3, ( #2177, #1157, #108, #2018 ),
 .UNSPECIFIED., .F., .F. ) 
 B_SPLINE_CURVE_WITH_KNOTS ( ( 4, 4 ),
 ( 5.505213485254659922, 7.061157129104509877 ),
 .UNSPECIFIED. ) 
 CURVE ( )  GEOMETRIC_REPRESENTATION_ITEM ( )  RATIONAL_B_SPLINE_CURVE ( ( 1.000000000000000000, 0.8082256338399260720, 0.8082256338399260720, 1.000000000000000000 ) ) 
 REPRESENTATION_ITEM ( '' )  );
#2009 = DIRECTION ( 'NONE',  ( 1.000000000000000000, 0.000000000000000000, 4.336808689942015369E-15 ) ) ;
#2010 = CARTESIAN_POINT ( 'NONE',  ( -3.969999999999999751, 1.145000000000000018, 1.525000000000000133 ) ) ;
#2011 = AXIS2_PLACEMENT_3D ( 'NONE', #1013, #1550, #676 ) ;
#2012 = CARTESIAN_POINT ( 'NONE',  ( 3.689999999999999947, 9.022303882162361999E-16, 1.525000000000000133 ) ) ;
#2013 = ORIENTED_EDGE ( 'NONE', *, *, #816, .T. ) ;
#2014 = DIRECTION ( 'NONE',  ( 0.000000000000000000, 1.000000000000000000, 0.000000000000000000 ) ) ;
#2015 = EDGE_CURVE ( 'NONE', #918, #642, #952, .T. ) ;
#2016 = CIRCLE ( 'NONE', #1657, 0.2000000000000000944 ) ;
#2017 = DIRECTION ( 'NONE',  ( 1.000000000000000000, 0.000000000000000000, 0.000000000000000000 ) ) ;
#2018 = CARTESIAN_POINT ( 'NONE',  ( 3.228990769671735261, 1.425000000000000044, -2.952499999999999680 ) ) ;
#2019 = VECTOR ( 'NONE', #1135, 1000.000000000000000 ) ;
#2020 = ORIENTED_EDGE ( 'NONE', *, *, #73, .F. ) ;
#2021 =( BOUNDED_CURVE ( )  B_SPLINE_CURVE ( 3, ( #1837, #960, #615, #1661 ),
 .UNSPECIFIED., .F., .F. ) 
 B_SPLINE_CURVE_WITH_KNOTS ( ( 4, 4 ),
 ( 4.834562028024289582, 6.283185307179590673 ),
 .UNSPECIFIED. ) 
 CURVE ( )  GEOMETRIC_REPRESENTATION_ITEM ( )  RATIONAL_B_SPLINE_CURVE ( ( 1.000000000000000000, 0.8326371471926680146, 0.8326371471926680146, 1.000000000000000000 ) ) 
 REPRESENTATION_ITEM ( '' )  );
#2022 = CARTESIAN_POINT ( 'NONE',  ( 3.114908688441804685, 0.5202498779201299994, -2.639908688441805040 ) ) ;
#2023 = FILL_AREA_STYLE ('',( #1687 ) ) ;
#2024 = FACE_OUTER_BOUND ( 'NONE', #1431, .T. ) ;
#2025 = DIRECTION ( 'NONE',  ( -1.000000000000000000, 1.805936959085464797E-16, 8.543901466259989529E-17 ) ) ;
#2026 = CARTESIAN_POINT ( 'NONE',  ( -2.799999999999999822, 2.520000000000000018, 2.802032477566729796 ) ) ;
#2027 = SPHERICAL_SURFACE ( 'NONE', #51, 0.2000000000000000111 ) ;
#2028 = CARTESIAN_POINT ( 'NONE',  ( -2.449999999999999734, 2.520000000000000018, 2.802032477566729796 ) ) ;
#2029 = CARTESIAN_POINT ( 'NONE',  ( 3.103827396809839989, 2.419999999999999929, 2.628827396809839900 ) ) ;
#2030 = DIRECTION ( 'NONE',  ( 0.1209742911513548291, -0.9852565360152931717, 0.1209742911513548291 ) ) ;
#2031 = AXIS2_PLACEMENT_3D ( 'NONE', #1186, #614, #121 ) ;
#2032 = EDGE_CURVE ( 'NONE', #211, #1202, #1925, .T. ) ;
#2033 = VERTEX_POINT ( 'NONE', #2114 ) ;
#2034 = EDGE_CURVE ( 'NONE', #1930, #759, #875, .T. ) ;
#2035 = DIRECTION ( 'NONE',  ( 0.000000000000000000, -0.1218693434051479618, -0.9925461516413219831 ) ) ;
#2036 = CARTESIAN_POINT ( 'NONE',  ( -1.141918100057264240, -1.562406101096469824, -2.585692653638210103 ) ) ;
#2037 = CARTESIAN_POINT ( 'NONE',  ( -3.969999999999999751, 1.145000000000000018, 1.525000000000000133 ) ) ;
#2038 = AXIS2_PLACEMENT_3D ( 'NONE', #1655, #68, #936 ) ;
#2039 = ORIENTED_EDGE ( 'NONE', *, *, #1686, .T. ) ;
#2040 = DIRECTION ( 'NONE',  ( -1.000000000000000000, -1.805936959085464797E-16, 4.109077935467265148E-17 ) ) ;
#2041 = DIRECTION ( 'NONE',  ( 0.000000000000000000, 0.000000000000000000, -1.000000000000000000 ) ) ;
#2042 = ORIENTED_EDGE ( 'NONE', *, *, #2169, .F. ) ;
#2043 = CARTESIAN_POINT ( 'NONE',  ( 2.437982089599927349, 0.3905590683884770375, -2.825486624432084870 ) ) ;
#2044 = FACE_OUTER_BOUND ( 'NONE', #1244, .T. ) ;
#2045 = EDGE_CURVE ( 'NONE', #893, #642, #1754, .T. ) ;
#2046 = AXIS2_PLACEMENT_3D ( 'NONE', #1942, #373, #37 ) ;
#2047 = CARTESIAN_POINT ( 'NONE',  ( 3.427500000000000213, 1.425000000000000044, -1.525000000000000133 ) ) ;
#2048 = ORIENTED_EDGE ( 'NONE', *, *, #391, .F. ) ;
#2049 = EDGE_CURVE ( 'NONE', #175, #921, #1826, .T. ) ;
#2050 = EDGE_LOOP ( 'NONE', ( #1255, #2161, #1283 ) ) ;
#2051 = CYLINDRICAL_SURFACE ( 'NONE', #1641, 0.2800000000000003042 ) ;
#2052 = AXIS2_PLACEMENT_3D ( 'NONE', #883, #2077, #711 ) ;
#2053 = PLANE ( 'NONE',  #1341 ) ;
#2054 = CIRCLE ( 'NONE', #1190, 0.2000000000000000944 ) ;
#2055 = CARTESIAN_POINT ( 'NONE',  ( -3.430405138739054838, 1.448660456312155898, 2.756895908410784912 ) ) ;
#2056 = CARTESIAN_POINT ( 'NONE',  ( -3.689999999999999947, 0.2300000000000000100, 1.525000000000000133 ) ) ;
#2057 = ORIENTED_EDGE ( 'NONE', *, *, #432, .F. ) ;
#2058 = EDGE_LOOP ( 'NONE', ( #1365, #1474, #1109, #751 ) ) ;
#2059 = EDGE_CURVE ( 'NONE', #354, #1899, #1501, .T. ) ;
#2060 = ADVANCED_FACE ( 'NONE', ( #372 ), #1720, .F. ) ;
#2061 = VECTOR ( 'NONE', #1502, 1000.000000000000000 ) ;
#2062 = LINE ( 'NONE', #363, #881 ) ;
#2063 = ORIENTED_EDGE ( 'NONE', *, *, #497, .T. ) ;
#2064 = VECTOR ( 'NONE', #1506, 1000.000000000000000 ) ;
#2065 = CARTESIAN_POINT ( 'NONE',  ( 3.114908688441804685, 0.5202498779201299994, -2.952499999999999680 ) ) ;
#2066 = VERTEX_POINT ( 'NONE', #1556 ) ;
#2067 = VERTEX_POINT ( 'NONE', #152 ) ;
#2068 = DIRECTION ( 'NONE',  ( 0.000000000000000000, 0.000000000000000000, 1.000000000000000000 ) ) ;
#2069 = PLANE ( 'NONE',  #716 ) ;
#2070 = CARTESIAN_POINT ( 'NONE',  ( 3.430405138739049953, 1.448660456312155898, 2.756895908410784912 ) ) ;
#2071 = VECTOR ( 'NONE', #1808, 1000.000000000000000 ) ;
#2072 = FACE_OUTER_BOUND ( 'NONE', #1267, .T. ) ;
#2073 = VECTOR ( 'NONE', #78, 1000.000000000000227 ) ;
#2074 = DIRECTION ( 'NONE',  ( -1.468859844180191882E-16, 2.652668280321529825E-32, 1.000000000000000000 ) ) ;
#2075 = ORIENTED_EDGE ( 'NONE', *, *, #1240, .T. ) ;
#2076 =( BOUNDED_CURVE ( )  B_SPLINE_CURVE ( 3, ( #1538, #1529, #2178, #655 ),
 .UNSPECIFIED., .F., .F. ) 
 B_SPLINE_CURVE_WITH_KNOTS ( ( 4, 4 ),
 ( 5.505213485254659922, 7.061157129104519647 ),
 .UNSPECIFIED. ) 
 CURVE ( )  GEOMETRIC_REPRESENTATION_ITEM ( )  RATIONAL_B_SPLINE_CURVE ( ( 1.000000000000000000, 0.8082256338399260720, 0.8082256338399260720, 1.000000000000000000 ) ) 
 REPRESENTATION_ITEM ( '' )  );
#2077 = DIRECTION ( 'NONE',  ( 1.000000000000000000, 0.000000000000000000, 0.000000000000000000 ) ) ;
#2078 = VERTEX_POINT ( 'NONE', #2227 ) ;
#2079 = ORIENTED_EDGE ( 'NONE', *, *, #374, .T. ) ;
#2080 = CARTESIAN_POINT ( 'NONE',  ( 3.399259550992335122, 1.195000000000000062, 1.525000000000000133 ) ) ;
#2081 = FACE_OUTER_BOUND ( 'NONE', #1284, .T. ) ;
#2082 = DIRECTION ( 'NONE',  ( 0.000000000000000000, 0.000000000000000000, -1.000000000000000000 ) ) ;
#2083 = CARTESIAN_POINT ( 'NONE',  ( -2.799999999999999822, 2.520000000000000018, 2.802032477566729796 ) ) ;
#2084 = ORIENTED_EDGE ( 'NONE', *, *, #1231, .T. ) ;
#2085 = MECHANICAL_DESIGN_GEOMETRIC_PRESENTATION_REPRESENTATION (  '', ( #890 ), #1883 ) ;
#2086 = EDGE_CURVE ( 'NONE', #2033, #848, #26, .T. ) ;
#2087 = SURFACE_SIDE_STYLE ('',( #1041 ) ) ;
#2088 = VERTEX_POINT ( 'NONE', #1569 ) ;
#2089 = EDGE_CURVE ( 'NONE', #1315, #551, #553, .T. ) ;
#2090 = EDGE_LOOP ( 'NONE', ( #1009, #557, #1440, #608 ) ) ;
#2091 = ORIENTED_EDGE ( 'NONE', *, *, #1726, .F. ) ;
#2092 = DIRECTION ( 'NONE',  ( 0.000000000000000000, 1.000000000000000000, 0.000000000000000000 ) ) ;
#2093 = LINE ( 'NONE', #1415, #222 ) ;
#2094 = AXIS2_PLACEMENT_3D ( 'NONE', #1158, #441, #979 ) ;
#2095 = ORIENTED_EDGE ( 'NONE', *, *, #1111, .T. ) ;
#2096 = EDGE_CURVE ( 'NONE', #893, #1971, #12, .T. ) ;
#2097 = EDGE_CURVE ( 'NONE', #1348, #398, #1388, .T. ) ;
#2098 = DIRECTION ( 'NONE',  ( 0.000000000000000000, 0.1218693434051487529, 0.9925461516413218721 ) ) ;
#2099 = DIRECTION ( 'NONE',  ( -1.000000000000000000, 1.805936959085464797E-16, 4.109077935467265148E-17 ) ) ;
#2100 = EDGE_LOOP ( 'NONE', ( #861, #1791, #102, #377 ) ) ;
#2101 = ORIENTED_EDGE ( 'NONE', *, *, #197, .T. ) ;
#2102 = FACE_OUTER_BOUND ( 'NONE', #777, .T. ) ;
#2103 = ORIENTED_EDGE ( 'NONE', *, *, #2169, .T. ) ;
#2104 = DIRECTION ( 'NONE',  ( 0.000000000000000000, 0.1218693434051474067, -0.9925461516413219831 ) ) ;
#2105 = LINE ( 'NONE', #328, #1402 ) ;
#2106 = CARTESIAN_POINT ( 'NONE',  ( 3.427500000000000213, 1.425000000000000044, -2.753990769671735173 ) ) ;
#2107 = AXIS2_PLACEMENT_3D ( 'NONE', #2219, #1258, #675 ) ;
#2108 = ORIENTED_EDGE ( 'NONE', *, *, #2188, .T. ) ;
#2109 = ADVANCED_FACE ( 'NONE', ( #507 ), #1439, .F. ) ;
#2110 = ORIENTED_EDGE ( 'NONE', *, *, #1804, .F. ) ;
#2111 = VERTEX_POINT ( 'NONE', #853 ) ;
#2112 = ADVANCED_FACE ( 'NONE', ( #704 ), #171, .T. ) ;
#2113 = FACE_OUTER_BOUND ( 'NONE', #1774, .T. ) ;
#2114 = CARTESIAN_POINT ( 'NONE',  ( -3.313417918770070525, 0.4958760092391009122, 2.639908688441805040 ) ) ;
#2115 = DIRECTION ( 'NONE',  ( -1.000000000000000000, 0.000000000000000000, 0.000000000000000000 ) ) ;
#2116 = ORIENTED_EDGE ( 'NONE', *, *, #818, .T. ) ;
#2117 = AXIS2_PLACEMENT_3D ( 'NONE', #1885, #984, #2035 ) ;
#2118 = ORIENTED_EDGE ( 'NONE', *, *, #1802, .T. ) ;
#2119 = DIRECTION ( 'NONE',  ( -1.000000000000000000, 0.000000000000000000, 0.000000000000000000 ) ) ;
#2120 = ORIENTED_EDGE ( 'NONE', *, *, #609, .F. ) ;
#2121 = ADVANCED_FACE ( 'NONE', ( #1025 ), #1222, .F. ) ;
#2122 = EDGE_CURVE ( 'NONE', #1419, #359, #694, .T. ) ;
#2123 = DIRECTION ( 'NONE',  ( -1.000000000000000000, 0.000000000000000000, 0.000000000000000000 ) ) ;
#2124 = ORIENTED_EDGE ( 'NONE', *, *, #1833, .T. ) ;
#2125 = LINE ( 'NONE', #1620, #1619 ) ;
#2126 = ORIENTED_EDGE ( 'NONE', *, *, #905, .F. ) ;
#2127 =( LENGTH_UNIT ( ) NAMED_UNIT ( * ) SI_UNIT ( .MILLI., .METRE. ) );
#2128 = CARTESIAN_POINT ( 'NONE',  ( 3.114908688441804685, 0.5202498779201299994, 2.639908688441805040 ) ) ;
#2129 = CARTESIAN_POINT ( 'NONE',  ( 2.669999999999999929, 6.539613907446869888E-16, 1.525000000000000133 ) ) ;
#2130 = ORIENTED_EDGE ( 'NONE', *, *, #464, .T. ) ;
#2131 = VECTOR ( 'NONE', #520, 1000.000000000000000 ) ;
#2132 = VECTOR ( 'NONE', #428, 1000.000000000000000 ) ;
#2133 = CARTESIAN_POINT ( 'NONE',  ( 3.103827396809839989, 2.419999999999999929, 2.628827396809839900 ) ) ;
#2134 = STYLED_ITEM ( 'NONE', ( #36 ), #1558 ) ;
#2135 = FACE_OUTER_BOUND ( 'NONE', #385, .T. ) ;
#2136 = ORIENTED_EDGE ( 'NONE', *, *, #1436, .F. ) ;
#2137 = ORIENTED_EDGE ( 'NONE', *, *, #669, .T. ) ;
#2138 = CARTESIAN_POINT ( 'NONE',  ( -3.969999999999999751, 1.145000000000000018, -1.525000000000000133 ) ) ;
#2139 = PLANE ( 'NONE',  #178 ) ;
#2140 = CARTESIAN_POINT ( 'NONE',  ( 3.228990769671735261, 1.425000000000000044, -2.952499999999999680 ) ) ;
#2141 = EDGE_CURVE ( 'NONE', #343, #1119, #529, .T. ) ;
#2142 = ORIENTED_EDGE ( 'NONE', *, *, #686, .F. ) ;
#2143 = CARTESIAN_POINT ( 'NONE',  ( 3.739999999999999769, 0.2799999999999999711, 1.525000000000000133 ) ) ;
#2144 = ADVANCED_FACE ( 'NONE', ( #1589 ), #1425, .T. ) ;
#2145 = AXIS2_PLACEMENT_3D ( 'NONE', #1893, #164, #319 ) ;
#2146 = DIRECTION ( 'NONE',  ( 0.000000000000000000, 0.000000000000000000, 1.000000000000000000 ) ) ;
#2147 = ORIENTED_EDGE ( 'NONE', *, *, #391, .T. ) ;
#2148 = AXIS2_PLACEMENT_3D ( 'NONE', #671, #514, #525 ) ;
#2149 = PLANE ( 'NONE',  #872 ) ;
#2150 = CARTESIAN_POINT ( 'NONE',  ( 2.311519646603960254, 0.2000000000000000111, 2.802088912893939909 ) ) ;
#2151 = CARTESIAN_POINT ( 'NONE',  ( -2.391322163799020295, 0.3202498779201305434, 2.639908688441805040 ) ) ;
#2152 = PRODUCT ( 'SMCJ12A', 'SMCJ12A', '', ( #1153 ) ) ;
#2153 = CARTESIAN_POINT ( 'NONE',  ( 2.507874526320284847, 0.4958760092391009122, 2.838417918770069992 ) ) ;
#2154 = AXIS2_PLACEMENT_3D ( 'NONE', #791, #1332, #1669 ) ;
#2155 = DIRECTION ( 'NONE',  ( 1.000000000000000000, 0.000000000000000000, 0.000000000000000000 ) ) ;
#2156 = ORIENTED_EDGE ( 'NONE', *, *, #491, .T. ) ;
#2157 = LINE ( 'NONE', #42, #40 ) ;
#2158 = CARTESIAN_POINT ( 'NONE',  ( 3.231895908410785001, 1.448660456312155898, 2.955405138739049864 ) ) ;
#2159 = VECTOR ( 'NONE', #1387, 1000.000000000000000 ) ;
#2160 = PLANE ( 'NONE',  #924 ) ;
#2161 = ORIENTED_EDGE ( 'NONE', *, *, #1542, .T. ) ;
#2162 =( GEOMETRIC_REPRESENTATION_CONTEXT ( 3 ) GLOBAL_UNCERTAINTY_ASSIGNED_CONTEXT ( ( #518 ) ) GLOBAL_UNIT_ASSIGNED_CONTEXT ( ( #1629, #1801, #1266 ) ) REPRESENTATION_CONTEXT ( 'NONE', 'WORKASPACE' ) );
#2163 = CARTESIAN_POINT ( 'NONE',  ( -3.291853741352995133, 0.4958760092391009122, -2.838417918770069992 ) ) ;
#2164 = CARTESIAN_POINT ( 'NONE',  ( -3.131574497546115055, 0.6316081320871009819, -2.855083727874379917 ) ) ;
#2165 = SURFACE_STYLE_USAGE ( .BOTH. , #780 ) ;
#2166 = DIRECTION ( 'NONE',  ( -1.000000000000000000, 0.000000000000000000, 6.326489700863630112E-17 ) ) ;
#2167 = ORIENTED_EDGE ( 'NONE', *, *, #845, .T. ) ;
#2168 = CARTESIAN_POINT ( 'NONE',  ( 2.391322163799020295, 0.5202498779201311097, -2.639908688441805040 ) ) ;
#2169 = EDGE_CURVE ( 'NONE', #1069, #1653, #587, .T. ) ;
#2170 = AXIS2_PLACEMENT_3D ( 'NONE', #1770, #1036, #1047 ) ;
#2171 = ORIENTED_EDGE ( 'NONE', *, *, #1010, .T. ) ;
#2172 = AXIS2_PLACEMENT_3D ( 'NONE', #946, #105, #801 ) ;
#2173 = ORIENTED_EDGE ( 'NONE', *, *, #2034, .T. ) ;
#2174 =( NAMED_UNIT ( * ) PLANE_ANGLE_UNIT ( ) SI_UNIT ( $, .RADIAN. ) );
#2175 = FILL_AREA_STYLE ('',( #420 ) ) ;
#2176 = CARTESIAN_POINT ( 'NONE',  ( -3.131574497546115055, 0.6316081320871009819, 2.855083727874379917 ) ) ;
#2177 = CARTESIAN_POINT ( 'NONE',  ( 3.427500000000000213, 1.425000000000000044, -2.753990769671735173 ) ) ;
#2178 = CARTESIAN_POINT ( 'NONE',  ( -3.345629615453570072, 1.424999999999998934, 2.952499999999997904 ) ) ;
#2179 = ORIENTED_EDGE ( 'NONE', *, *, #829, .T. ) ;
#2180 = ADVANCED_FACE ( 'NONE', ( #913 ), #1301, .F. ) ;
#2181 = CARTESIAN_POINT ( 'NONE',  ( 3.689999999999999947, 0.2300000000000000100, -1.525000000000000133 ) ) ;
#2182 = PRESENTATION_STYLE_ASSIGNMENT (( #1509 ) ) ;
#2183 = CYLINDRICAL_SURFACE ( 'NONE', #1904, 0.2000000000000002331 ) ;
#2184 = VECTOR ( 'NONE', #1708, 1000.000000000000000 ) ;
#2185 = STYLED_ITEM ( 'NONE', ( #2182 ), #1004 ) ;
#2186 = DIRECTION ( 'NONE',  ( 0.8332127531085978811, 0.5529525368937109331, 0.000000000000000000 ) ) ;
#2187 = LINE ( 'NONE', #1002, #647 ) ;
#2188 = EDGE_CURVE ( 'NONE', #527, #1930, #1099, .T. ) ;
#2189 = CARTESIAN_POINT ( 'NONE',  ( 3.399259550992335122, 1.195000000000000062, 1.525000000000000133 ) ) ;
#2190 = EDGE_CURVE ( 'NONE', #683, #1444, #574, .T. ) ;
#2191 = ORIENTED_EDGE ( 'NONE', *, *, #1045, .F. ) ;
#2192 = CARTESIAN_POINT ( 'NONE',  ( -3.689999999999999947, 1.425000000000000044, 1.525000000000000133 ) ) ;
#2193 = CYLINDRICAL_SURFACE ( 'NONE', #200, 0.1999999999999998168 ) ;
#2194 = CARTESIAN_POINT ( 'NONE',  ( 2.669999999999999929, 0.2300000000000000100, 1.525000000000000133 ) ) ;
#2195 = LINE ( 'NONE', #1020, #2184 ) ;
#2196 = VECTOR ( 'NONE', #1867, 1000.000000000000000 ) ;
#2197 = LINE ( 'NONE', #651, #2073 ) ;
#2198 = ORIENTED_EDGE ( 'NONE', *, *, #1759, .F. ) ;
#2199 = DIRECTION ( 'NONE',  ( -1.000000000000000000, 5.314716531791689550E-17, 0.000000000000000000 ) ) ;
#2200 = DIRECTION ( 'NONE',  ( 1.000000000000000000, 0.000000000000000000, 0.000000000000000000 ) ) ;
#2201 = ADVANCED_FACE ( 'NONE', ( #1821 ), #1635, .T. ) ;
#2202 = CARTESIAN_POINT ( 'NONE',  ( -2.799999999999999822, 2.620000000000000107, -2.628827396809839900 ) ) ;
#2203 = CARTESIAN_POINT ( 'NONE',  ( 3.216168923405454905, 1.563164583267599994, -2.969464477688844806 ) ) ;
#2204 = ADVANCED_FACE ( 'NONE', ( #1959 ), #1797, .F. ) ;
#2205 = DIRECTION ( 'NONE',  ( 1.649712223482174902E-16, 0.000000000000000000, 1.000000000000000000 ) ) ;
#2206 = ORIENTED_EDGE ( 'NONE', *, *, #645, .F. ) ;
#2207 = ORIENTED_EDGE ( 'NONE', *, *, #1264, .T. ) ;
#2208 = DIRECTION ( 'NONE',  ( 1.000000000000000000, 0.000000000000000000, 0.000000000000000000 ) ) ;
#2209 = LINE ( 'NONE', #442, #778 ) ;
#2210 = EDGE_CURVE ( 'NONE', #1252, #2078, #248, .T. ) ;
#2211 = DIRECTION ( 'NONE',  ( 0.5500813312119848808, 0.8288862964397277766, -0.1017744399467869765 ) ) ;
#2212 = CARTESIAN_POINT ( 'NONE',  ( -2.449999999999999734, 2.620000000000000107, -2.827336627138104852 ) ) ;
#2213 = EDGE_CURVE ( 'NONE', #1268, #888, #752, .T. ) ;
#2214 = LINE ( 'NONE', #1674, #1147 ) ;
#2215 = EDGE_CURVE ( 'NONE', #398, #1268, #217, .T. ) ;
#2216 = ORIENTED_EDGE ( 'NONE', *, *, #579, .T. ) ;
#2217 = EDGE_LOOP ( 'NONE', ( #583, #255, #562, #347 ) ) ;
#2218 = CARTESIAN_POINT ( 'NONE',  ( 3.739999999999999769, 0.2799999999999999711, -1.525000000000000133 ) ) ;
#2219 = CARTESIAN_POINT ( 'NONE',  ( -3.689999999999999947, 1.145000000000000018, 1.525000000000000133 ) ) ;
#2220 = AXIS2_PLACEMENT_3D ( 'NONE', #1945, #1064, #62 ) ;
#2221 = FACE_OUTER_BOUND ( 'NONE', #1375, .T. ) ;
#2222 = DIRECTION ( 'NONE',  ( -1.533884804630369866E-16, 0.000000000000000000, -1.000000000000000000 ) ) ;
#2223 = DIRECTION ( 'NONE',  ( 0.000000000000000000, 1.000000000000000000, 0.000000000000000000 ) ) ;
#2224 = CARTESIAN_POINT ( 'NONE',  ( 3.291853741352995133, 0.3202498779201305434, -2.639908688441805040 ) ) ;
#2225 = ORIENTED_EDGE ( 'NONE', *, *, #1924, .F. ) ;
#2226 = ORIENTED_EDGE ( 'NONE', *, *, #2049, .T. ) ;
#2227 = CARTESIAN_POINT ( 'NONE',  ( -3.228990769671735261, 1.425000000000000044, -2.952499999999999680 ) ) ;
#2228 = VECTOR ( 'NONE', #123, 1000.000000000000000 ) ;
#2229 = DIRECTION ( 'NONE',  ( -1.000000000000000000, -3.326082475045499906E-31, 7.212291690620579139E-46 ) ) ;
#2230 = DIRECTION ( 'NONE',  ( -0.1218693434051477953, 0.9925461516413219831, 0.000000000000000000 ) ) ;
#2231 = PLANE ( 'NONE',  #1122 ) ;
#2232 = ORIENTED_EDGE ( 'NONE', *, *, #522, .F. ) ;
#2233 = CARTESIAN_POINT ( 'NONE',  ( -3.689999999999999947, 1.145000000000000018, 1.525000000000000133 ) ) ;
#2234 = CYLINDRICAL_SURFACE ( 'NONE', #1408, 0.1999999999999998168 ) ;
#2235 = EDGE_CURVE ( 'NONE', #528, #179, #1682, .T. ) ;
#2236 = ORIENTED_EDGE ( 'NONE', *, *, #772, .F. ) ;
#2237 = ORIENTED_EDGE ( 'NONE', *, *, #1115, .F. ) ;
#2238 = DIRECTION ( 'NONE',  ( -0.1218693434051471985, -0.9925461516413219831, 0.000000000000000000 ) ) ;
#2239 = CARTESIAN_POINT ( 'NONE',  ( -3.114908688441804685, 0.5202498779201299994, 2.639908688441805040 ) ) ;
#2240 = CARTESIAN_POINT ( 'NONE',  ( -3.114908688441804685, 0.3202498779201305434, -2.639908688441805040 ) ) ;
#2241 = VECTOR ( 'NONE', #2099, 1000.000000000000000 ) ;
#2242 = CARTESIAN_POINT ( 'NONE',  ( 2.391322163799020295, 0.3202498779201305434, -2.639908688441805040 ) ) ;
#2243 = VERTEX_POINT ( 'NONE', #2150 ) ;
#2244 = ORIENTED_EDGE ( 'NONE', *, *, #1196, .T. ) ;
#2245 = CIRCLE ( 'NONE', #70, 0.2000000000000000944 ) ;
#2246 = ORIENTED_EDGE ( 'NONE', *, *, #2089, .F. ) ;
#2247 = EDGE_LOOP ( 'NONE', ( #2244, #934, #2003, #371 ) ) ;
ENDSEC;
END-ISO-10303-21;
