  0
SECTION
  2
HEADER
  9
$ANGBASE
  50
0.0
  9
$ANGDIR
  70
1
  9
$MEASUREMENT
  70
0
  0
ENDSEC
  0
SECTION
  2
TABLES
  0
TABLE
  2
LTYPE
  70
4
  0
LTYPE
  5
40F
  2
CONTINUOUS
  70
0
  3
Solid line
  72
65
  73
0
  40
0.0
  0
LTYPE
  5
410
  2
DASHDOT
 70
0
  3
Dash Dot ____ _ ____ _
 72
65
 73
4
 40
2.0
 49
1.25
 49
-0.25
 49
0.25
 49
-0.25
  0
LTYPE
  5
411
  2
DASHED
 70
0
  3
Dashed __ __ __ __ __
 72
65
 73
2
 40
0.75
 49
0.5
 49
-0.25
  0
LTYPE
  5
43B
  2
DOTTED
 70
0
  3
Dotted .  .  .  .
 72
65
 73
2
 40
0.2
 49
0.0
 49
-0.2
  0
ENDTAB
  0
TABLE
  2
STYLE
  70
4
  0
STYLE
  2
KICAD
  70
0
  40
0
  41
1
  42
1
  50
0
  71
0
  3
isocp.shx
  0
STYLE
  2
KICADB
  70
0
  40
0
  41
1
  42
1
  50
0
  71
0
  3
isocp.shx
  0
STYLE
  2
KICADI
  70
0
  40
0
  41
1
  42
1
  50
15
  71
0
  3
isocp.shx
  0
STYLE
  2
KICADBI
  70
0
  40
0
  41
1
  42
1
  50
15
  71
0
  3
isocp.shx
  0
ENDTAB
  0
TABLE
  2
LAYER
  70
1
  0
LAYER
  2
BLACK
  70
0
  62
7
  6
CONTINUOUS
  0
ENDTAB
  0
ENDSEC
  0
SECTION
  2
ENTITIES
0
LINE
8
BLACK
6
CONTINUOUS
10
2.8056091732283464
20
-4.4294881102362202
11
2.8165527952755904
21
-4.4324204724409446
0
LINE
8
BLACK
6
CONTINUOUS
10
2.8165527952755904
20
-4.4324204724409446
11
2.8270200393700788
21
-4.4367561417322836
0
LINE
8
BLACK
6
CONTINUOUS
10
2.8270200393700788
20
-4.4367561417322836
11
2.8368318503937009
21
-4.4424209842519682
0
LINE
8
BLACK
6
CONTINUOUS
10
2.8368318503937009
20
-4.4424209842519682
11
2.8458202755905511
21
-4.4493180314960625
0
LINE
8
BLACK
6
CONTINUOUS
10
2.8458202755905511
20
-4.4493180314960625
11
2.8538315748031495
21
-4.457329330708661
0
LINE
8
BLACK
6
CONTINUOUS
10
2.8538315748031495
20
-4.457329330708661
11
2.8607286220472439
21
-4.4663177559055116
0
LINE
8
BLACK
6
CONTINUOUS
10
2.8607286220472439
20
-4.4663177559055116
11
2.8663934645669289
21
-4.4761295669291341
0
LINE
8
BLACK
6
CONTINUOUS
10
2.8663934645669289
20
-4.4761295669291341
11
2.8707291338582674
21
-4.4865968110236221
0
LINE
8
BLACK
6
CONTINUOUS
10
2.8707291338582674
20
-4.4865968110236221
11
2.8736614960629923
21
-4.4975404330708662
0
LINE
8
BLACK
6
CONTINUOUS
10
2.8736614960629923
20
-4.4975404330708662
11
2.8751403149606301
21
-4.5087731889763782
0
LINE
8
BLACK
6
CONTINUOUS
10
2.8751403149606301
20
-4.5087731889763782
11
2.8751403149606301
21
-4.5201028740157483
0
LINE
8
BLACK
6
CONTINUOUS
10
2.8751403149606301
20
-4.5201028740157483
11
2.8736614960629923
21
-4.5313356299212595
0
LINE
8
BLACK
6
CONTINUOUS
10
2.8736614960629923
20
-4.5313356299212595
11
2.8707291338582674
21
-4.5422792519685036
0
LINE
8
BLACK
6
CONTINUOUS
10
2.8707291338582674
20
-4.5422792519685036
11
2.8663934645669289
21
-4.5527464960629924
0
LINE
8
BLACK
6
CONTINUOUS
10
2.8663934645669289
20
-4.5527464960629924
11
2.8607286220472439
21
-4.562558307086614
0
LINE
8
BLACK
6
CONTINUOUS
10
2.8607286220472439
20
-4.562558307086614
11
2.8538315748031495
21
-4.5715467322834646
0
LINE
8
BLACK
6
CONTINUOUS
10
2.8538315748031495
20
-4.5715467322834646
11
2.8458202755905511
21
-4.5795580314960631
0
LINE
8
BLACK
6
CONTINUOUS
10
2.8458202755905511
20
-4.5795580314960631
11
2.8368318503937009
21
-4.5864550787401575
0
LINE
8
BLACK
6
CONTINUOUS
10
2.8368318503937009
20
-4.5864550787401575
11
2.8270200393700788
21
-4.592119921259842
0
LINE
8
BLACK
6
CONTINUOUS
10
2.8270200393700788
20
-4.592119921259842
11
2.8165527952755904
21
-4.596455590551181
0
LINE
8
BLACK
6
CONTINUOUS
10
2.8165527952755904
20
-4.596455590551181
11
2.8056091732283464
21
-4.5993879527559054
0
LINE
8
BLACK
6
CONTINUOUS
10
2.8056091732283464
20
-4.5993879527559054
11
2.7943764173228347
21
-4.6008667716535436
0
LINE
8
BLACK
6
CONTINUOUS
10
2.7943764173228347
20
-4.6008667716535436
11
2.7830467322834647
21
-4.6008667716535436
0
LINE
8
BLACK
6
CONTINUOUS
10
2.7830467322834647
20
-4.6008667716535436
11
2.7718139763779526
21
-4.5993879527559054
0
LINE
8
BLACK
6
CONTINUOUS
10
2.7718139763779526
20
-4.5993879527559054
11
2.7608703543307085
21
-4.596455590551181
0
LINE
8
BLACK
6
CONTINUOUS
10
2.7608703543307085
20
-4.596455590551181
11
2.7504031102362205
21
-4.592119921259842
0
LINE
8
BLACK
6
CONTINUOUS
10
2.7504031102362205
20
-4.592119921259842
11
2.7405912992125985
21
-4.5864550787401575
0
LINE
8
BLACK
6
CONTINUOUS
10
2.7405912992125985
20
-4.5864550787401575
11
2.7316028740157479
21
-4.5795580314960631
0
LINE
8
BLACK
6
CONTINUOUS
10
2.7316028740157479
20
-4.5795580314960631
11
2.7235915748031494
21
-4.5715467322834646
0
LINE
8
BLACK
6
CONTINUOUS
10
2.7235915748031494
20
-4.5715467322834646
11
2.7166945275590551
21
-4.562558307086614
0
LINE
8
BLACK
6
CONTINUOUS
10
2.7166945275590551
20
-4.562558307086614
11
2.71102968503937
21
-4.5527464960629924
0
LINE
8
BLACK
6
CONTINUOUS
10
2.71102968503937
20
-4.5527464960629924
11
2.7066940157480315
21
-4.5422792519685036
0
LINE
8
BLACK
6
CONTINUOUS
10
2.7066940157480315
20
-4.5422792519685036
11
2.7037616535433071
21
-4.5313356299212595
0
LINE
8
BLACK
6
CONTINUOUS
10
2.7037616535433071
20
-4.5313356299212595
11
2.7022828346456693
21
-4.5201028740157483
0
LINE
8
BLACK
6
CONTINUOUS
10
2.7022828346456693
20
-4.5201028740157483
11
2.7022828346456693
21
-4.5087731889763782
0
LINE
8
BLACK
6
CONTINUOUS
10
2.7022828346456693
20
-4.5087731889763782
11
2.7037616535433071
21
-4.4975404330708662
0
LINE
8
BLACK
6
CONTINUOUS
10
2.7037616535433071
20
-4.4975404330708662
11
2.7066940157480315
21
-4.4865968110236221
0
LINE
8
BLACK
6
CONTINUOUS
10
2.7066940157480315
20
-4.4865968110236221
11
2.71102968503937
21
-4.4761295669291341
0
LINE
8
BLACK
6
CONTINUOUS
10
2.71102968503937
20
-4.4761295669291341
11
2.7166945275590551
21
-4.4663177559055116
0
LINE
8
BLACK
6
CONTINUOUS
10
2.7166945275590551
20
-4.4663177559055116
11
2.7235915748031494
21
-4.457329330708661
0
LINE
8
BLACK
6
CONTINUOUS
10
2.7235915748031494
20
-4.457329330708661
11
2.7316028740157479
21
-4.4493180314960625
0
LINE
8
BLACK
6
CONTINUOUS
10
2.7316028740157479
20
-4.4493180314960625
11
2.7405912992125985
21
-4.4424209842519682
0
LINE
8
BLACK
6
CONTINUOUS
10
2.7405912992125985
20
-4.4424209842519682
11
2.7504031102362205
21
-4.4367561417322836
0
LINE
8
BLACK
6
CONTINUOUS
10
2.7504031102362205
20
-4.4367561417322836
11
2.7608703543307085
21
-4.4324204724409446
0
LINE
8
BLACK
6
CONTINUOUS
10
2.7608703543307085
20
-4.4324204724409446
11
2.7718139763779526
21
-4.4294881102362202
0
LINE
8
BLACK
6
CONTINUOUS
10
2.7718139763779526
20
-4.4294881102362202
11
2.7830467322834647
21
-4.4280092913385829
0
LINE
8
BLACK
6
CONTINUOUS
10
2.7830467322834647
20
-4.4280092913385829
11
2.7943764173228347
21
-4.4280092913385829
0
LINE
8
BLACK
6
CONTINUOUS
10
2.7943764173228347
20
-4.4280092913385829
11
2.8056091732283464
21
-4.4294881102362202
0
LINE
8
BLACK
6
CONTINUOUS
10
6.1520550787401573
20
-4.4294881102362202
11
6.1629987007874014
21
-4.4324204724409446
0
LINE
8
BLACK
6
CONTINUOUS
10
6.1629987007874014
20
-4.4324204724409446
11
6.1734659448818894
21
-4.4367561417322836
0
LINE
8
BLACK
6
CONTINUOUS
10
6.1734659448818894
20
-4.4367561417322836
11
6.1832777559055119
21
-4.4424209842519682
0
LINE
8
BLACK
6
CONTINUOUS
10
6.1832777559055119
20
-4.4424209842519682
11
6.1922661811023625
21
-4.4493180314960625
0
LINE
8
BLACK
6
CONTINUOUS
10
6.1922661811023625
20
-4.4493180314960625
11
6.2002774803149601
21
-4.457329330708661
0
LINE
8
BLACK
6
CONTINUOUS
10
6.2002774803149601
20
-4.457329330708661
11
6.2071745275590553
21
-4.4663177559055116
0
LINE
8
BLACK
6
CONTINUOUS
10
6.2071745275590553
20
-4.4663177559055116
11
6.2128393700787399
21
-4.4761295669291341
0
LINE
8
BLACK
6
CONTINUOUS
10
6.2128393700787399
20
-4.4761295669291341
11
6.2171750393700789
21
-4.4865968110236221
0
LINE
8
BLACK
6
CONTINUOUS
10
6.2171750393700789
20
-4.4865968110236221
11
6.2201074015748032
21
-4.4975404330708662
0
LINE
8
BLACK
6
CONTINUOUS
10
6.2201074015748032
20
-4.4975404330708662
11
6.2215862204724406
21
-4.5087731889763782
0
LINE
8
BLACK
6
CONTINUOUS
10
6.2215862204724406
20
-4.5087731889763782
11
6.2215862204724406
21
-4.5201028740157483
0
LINE
8
BLACK
6
CONTINUOUS
10
6.2215862204724406
20
-4.5201028740157483
11
6.2201074015748032
21
-4.5313356299212595
0
LINE
8
BLACK
6
CONTINUOUS
10
6.2201074015748032
20
-4.5313356299212595
11
6.2171750393700789
21
-4.5422792519685036
0
LINE
8
BLACK
6
CONTINUOUS
10
6.2171750393700789
20
-4.5422792519685036
11
6.2128393700787399
21
-4.5527464960629924
0
LINE
8
BLACK
6
CONTINUOUS
10
6.2128393700787399
20
-4.5527464960629924
11
6.2071745275590553
21
-4.562558307086614
0
LINE
8
BLACK
6
CONTINUOUS
10
6.2071745275590553
20
-4.562558307086614
11
6.2002774803149601
21
-4.5715467322834646
0
LINE
8
BLACK
6
CONTINUOUS
10
6.2002774803149601
20
-4.5715467322834646
11
6.1922661811023625
21
-4.5795580314960631
0
LINE
8
BLACK
6
CONTINUOUS
10
6.1922661811023625
20
-4.5795580314960631
11
6.1832777559055119
21
-4.5864550787401575
0
LINE
8
BLACK
6
CONTINUOUS
10
6.1832777559055119
20
-4.5864550787401575
11
6.1734659448818894
21
-4.592119921259842
0
LINE
8
BLACK
6
CONTINUOUS
10
6.1734659448818894
20
-4.592119921259842
11
6.1629987007874014
21
-4.596455590551181
0
LINE
8
BLACK
6
CONTINUOUS
10
6.1629987007874014
20
-4.596455590551181
11
6.1520550787401573
21
-4.5993879527559054
0
LINE
8
BLACK
6
CONTINUOUS
10
6.1520550787401573
20
-4.5993879527559054
11
6.1408223228346452
21
-4.6008667716535436
0
LINE
8
BLACK
6
CONTINUOUS
10
6.1408223228346452
20
-4.6008667716535436
11
6.1294926377952752
21
-4.6008667716535436
0
LINE
8
BLACK
6
CONTINUOUS
10
6.1294926377952752
20
-4.6008667716535436
11
6.118259881889764
21
-4.5993879527559054
0
LINE
8
BLACK
6
CONTINUOUS
10
6.118259881889764
20
-4.5993879527559054
11
6.1073162598425199
21
-4.596455590551181
0
LINE
8
BLACK
6
CONTINUOUS
10
6.1073162598425199
20
-4.596455590551181
11
6.0968490157480311
21
-4.592119921259842
0
LINE
8
BLACK
6
CONTINUOUS
10
6.0968490157480311
20
-4.592119921259842
11
6.0870372047244095
21
-4.5864550787401575
0
LINE
8
BLACK
6
CONTINUOUS
10
6.0870372047244095
20
-4.5864550787401575
11
6.0780487795275588
21
-4.5795580314960631
0
LINE
8
BLACK
6
CONTINUOUS
10
6.0780487795275588
20
-4.5795580314960631
11
6.0700374803149604
21
-4.5715467322834646
0
LINE
8
BLACK
6
CONTINUOUS
10
6.0700374803149604
20
-4.5715467322834646
11
6.063140433070866
21
-4.562558307086614
0
LINE
8
BLACK
6
CONTINUOUS
10
6.063140433070866
20
-4.562558307086614
11
6.0574755905511806
21
-4.5527464960629924
0
LINE
8
BLACK
6
CONTINUOUS
10
6.0574755905511806
20
-4.5527464960629924
11
6.0531399212598425
21
-4.5422792519685036
0
LINE
8
BLACK
6
CONTINUOUS
10
6.0531399212598425
20
-4.5422792519685036
11
6.0502075590551181
21
-4.5313356299212595
0
LINE
8
BLACK
6
CONTINUOUS
10
6.0502075590551181
20
-4.5313356299212595
11
6.0487287401574799
21
-4.5201028740157483
0
LINE
8
BLACK
6
CONTINUOUS
10
6.0487287401574799
20
-4.5201028740157483
11
6.0487287401574799
21
-4.5087731889763782
0
LINE
8
BLACK
6
CONTINUOUS
10
6.0487287401574799
20
-4.5087731889763782
11
6.0502075590551181
21
-4.4975404330708662
0
LINE
8
BLACK
6
CONTINUOUS
10
6.0502075590551181
20
-4.4975404330708662
11
6.0531399212598425
21
-4.4865968110236221
0
LINE
8
BLACK
6
CONTINUOUS
10
6.0531399212598425
20
-4.4865968110236221
11
6.0574755905511806
21
-4.4761295669291341
0
LINE
8
BLACK
6
CONTINUOUS
10
6.0574755905511806
20
-4.4761295669291341
11
6.063140433070866
21
-4.4663177559055116
0
LINE
8
BLACK
6
CONTINUOUS
10
6.063140433070866
20
-4.4663177559055116
11
6.0700374803149604
21
-4.457329330708661
0
LINE
8
BLACK
6
CONTINUOUS
10
6.0700374803149604
20
-4.457329330708661
11
6.0780487795275588
21
-4.4493180314960625
0
LINE
8
BLACK
6
CONTINUOUS
10
6.0780487795275588
20
-4.4493180314960625
11
6.0870372047244095
21
-4.4424209842519682
0
LINE
8
BLACK
6
CONTINUOUS
10
6.0870372047244095
20
-4.4424209842519682
11
6.0968490157480311
21
-4.4367561417322836
0
LINE
8
BLACK
6
CONTINUOUS
10
6.0968490157480311
20
-4.4367561417322836
11
6.1073162598425199
21
-4.4324204724409446
0
LINE
8
BLACK
6
CONTINUOUS
10
6.1073162598425199
20
-4.4324204724409446
11
6.118259881889764
21
-4.4294881102362202
0
LINE
8
BLACK
6
CONTINUOUS
10
6.118259881889764
20
-4.4294881102362202
11
6.1294926377952752
21
-4.4280092913385829
0
LINE
8
BLACK
6
CONTINUOUS
10
6.1294926377952752
20
-4.4280092913385829
11
6.1408223228346452
21
-4.4280092913385829
0
LINE
8
BLACK
6
CONTINUOUS
10
6.1408223228346452
20
-4.4280092913385829
11
6.1520550787401573
21
-4.4294881102362202
0
LINE
8
BLACK
6
CONTINUOUS
10
5.2956102362204724
20
-4.5997637795275592
11
4.940610236220472
21
-4.5997637795275592
0
LINE
8
BLACK
6
CONTINUOUS
10
4.940610236220472
20
-4.5997637795275592
11
4.940610236220472
21
-4.1797637795275593
0
LINE
8
BLACK
6
CONTINUOUS
10
4.940610236220472
20
-4.1797637795275593
11
5.2956102362204724
21
-4.1797637795275593
0
LINE
8
BLACK
6
CONTINUOUS
10
5.2956102362204724
20
-4.1797637795275593
11
5.2956102362204724
21
-4.5997637795275592
0
LINE
8
BLACK
6
CONTINUOUS
10
4.7956102362204724
20
-4.5145078740157478
11
4.6606102362204727
21
-4.5145078740157478
0
LINE
8
BLACK
6
CONTINUOUS
10
4.6606102362204727
20
-4.5145078740157478
11
4.6606102362204727
21
-4.46501968503937
0
LINE
8
BLACK
6
CONTINUOUS
10
4.6606102362204727
20
-4.46501968503937
11
4.7956102362204724
21
-4.46501968503937
0
LINE
8
BLACK
6
CONTINUOUS
10
4.7956102362204724
20
-4.46501968503937
11
4.7956102362204724
21
-4.5145078740157478
0
LINE
8
BLACK
6
CONTINUOUS
10
5.6354518110236222
20
-4.3835380314960632
11
5.6403472047244092
21
-4.3863644094488192
0
LINE
8
BLACK
6
CONTINUOUS
10
5.6403472047244092
20
-4.3863644094488192
11
5.6443442519685041
21
-4.3903614566929132
0
LINE
8
BLACK
6
CONTINUOUS
10
5.6443442519685041
20
-4.3903614566929132
11
5.6471706299212601
21
-4.3952568503937011
0
LINE
8
BLACK
6
CONTINUOUS
10
5.6471706299212601
20
-4.3952568503937011
11
5.6486336614173229
21
-4.4007169685039367
0
LINE
8
BLACK
6
CONTINUOUS
10
5.6486336614173229
20
-4.4007169685039367
11
5.6486336614173229
21
-4.4063696456692911
0
LINE
8
BLACK
6
CONTINUOUS
10
5.6486336614173229
20
-4.4063696456692911
11
5.6471706299212601
21
-4.4118297637795276
0
LINE
8
BLACK
6
CONTINUOUS
10
5.6471706299212601
20
-4.4118297637795276
11
5.6443442519685041
21
-4.4167251574803146
0
LINE
8
BLACK
6
CONTINUOUS
10
5.6443442519685041
20
-4.4167251574803146
11
5.6403472047244092
21
-4.4207222047244095
0
LINE
8
BLACK
6
CONTINUOUS
10
5.6403472047244092
20
-4.4207222047244095
11
5.6354518110236222
21
-4.4235485826771654
0
LINE
8
BLACK
6
CONTINUOUS
10
5.6354518110236222
20
-4.4235485826771654
11
5.6299916929133857
21
-4.4250116141732283
0
LINE
8
BLACK
6
CONTINUOUS
10
5.6299916929133857
20
-4.4250116141732283
11
5.6243390157480313
21
-4.4250116141732283
0
LINE
8
BLACK
6
CONTINUOUS
10
5.6243390157480313
20
-4.4250116141732283
11
5.6188788976377948
21
-4.4235485826771654
0
LINE
8
BLACK
6
CONTINUOUS
10
5.6188788976377948
20
-4.4235485826771654
11
5.6139835039370078
21
-4.4207222047244095
0
LINE
8
BLACK
6
CONTINUOUS
10
5.6139835039370078
20
-4.4207222047244095
11
5.609986456692913
21
-4.4167251574803146
0
LINE
8
BLACK
6
CONTINUOUS
10
5.609986456692913
20
-4.4167251574803146
11
5.607160078740157
21
-4.4118297637795276
0
LINE
8
BLACK
6
CONTINUOUS
10
5.607160078740157
20
-4.4118297637795276
11
5.6056970472440941
21
-4.4063696456692911
0
LINE
8
BLACK
6
CONTINUOUS
10
5.6056970472440941
20
-4.4063696456692911
11
5.6056970472440941
21
-4.4007169685039367
0
LINE
8
BLACK
6
CONTINUOUS
10
5.6056970472440941
20
-4.4007169685039367
11
5.607160078740157
21
-4.3952568503937011
0
LINE
8
BLACK
6
CONTINUOUS
10
5.607160078740157
20
-4.3952568503937011
11
5.609986456692913
21
-4.3903614566929132
0
LINE
8
BLACK
6
CONTINUOUS
10
5.609986456692913
20
-4.3903614566929132
11
5.6139835039370078
21
-4.3863644094488192
0
LINE
8
BLACK
6
CONTINUOUS
10
5.6139835039370078
20
-4.3863644094488192
11
5.6188788976377948
21
-4.3835380314960632
0
LINE
8
BLACK
6
CONTINUOUS
10
5.6188788976377948
20
-4.3835380314960632
11
5.6243390157480313
21
-4.3820749999999995
0
LINE
8
BLACK
6
CONTINUOUS
10
5.6243390157480313
20
-4.3820749999999995
11
5.6299916929133857
21
-4.3820749999999995
0
LINE
8
BLACK
6
CONTINUOUS
10
5.6299916929133857
20
-4.3820749999999995
11
5.6354518110236222
21
-4.3835380314960632
0
LINE
8
BLACK
6
CONTINUOUS
10
5.6854518110236221
20
-4.3835380314960632
11
5.690347204724409
21
-4.3863644094488192
0
LINE
8
BLACK
6
CONTINUOUS
10
5.690347204724409
20
-4.3863644094488192
11
5.6943442519685039
21
-4.3903614566929132
0
LINE
8
BLACK
6
CONTINUOUS
10
5.6943442519685039
20
-4.3903614566929132
11
5.6971706299212599
21
-4.3952568503937011
0
LINE
8
BLACK
6
CONTINUOUS
10
5.6971706299212599
20
-4.3952568503937011
11
5.6986336614173227
21
-4.4007169685039367
0
LINE
8
BLACK
6
CONTINUOUS
10
5.6986336614173227
20
-4.4007169685039367
11
5.6986336614173227
21
-4.4063696456692911
0
LINE
8
BLACK
6
CONTINUOUS
10
5.6986336614173227
20
-4.4063696456692911
11
5.6971706299212599
21
-4.4118297637795276
0
LINE
8
BLACK
6
CONTINUOUS
10
5.6971706299212599
20
-4.4118297637795276
11
5.6943442519685039
21
-4.4167251574803146
0
LINE
8
BLACK
6
CONTINUOUS
10
5.6943442519685039
20
-4.4167251574803146
11
5.690347204724409
21
-4.4207222047244095
0
LINE
8
BLACK
6
CONTINUOUS
10
5.690347204724409
20
-4.4207222047244095
11
5.6854518110236221
21
-4.4235485826771654
0
LINE
8
BLACK
6
CONTINUOUS
10
5.6854518110236221
20
-4.4235485826771654
11
5.6799916929133856
21
-4.4250116141732283
0
LINE
8
BLACK
6
CONTINUOUS
10
5.6799916929133856
20
-4.4250116141732283
11
5.6743390157480311
21
-4.4250116141732283
0
LINE
8
BLACK
6
CONTINUOUS
10
5.6743390157480311
20
-4.4250116141732283
11
5.6688788976377955
21
-4.4235485826771654
0
LINE
8
BLACK
6
CONTINUOUS
10
5.6688788976377955
20
-4.4235485826771654
11
5.6639835039370077
21
-4.4207222047244095
0
LINE
8
BLACK
6
CONTINUOUS
10
5.6639835039370077
20
-4.4207222047244095
11
5.6599864566929137
21
-4.4167251574803146
0
LINE
8
BLACK
6
CONTINUOUS
10
5.6599864566929137
20
-4.4167251574803146
11
5.6571600787401577
21
-4.4118297637795276
0
LINE
8
BLACK
6
CONTINUOUS
10
5.6571600787401577
20
-4.4118297637795276
11
5.6556970472440939
21
-4.4063696456692911
0
LINE
8
BLACK
6
CONTINUOUS
10
5.6556970472440939
20
-4.4063696456692911
11
5.6556970472440939
21
-4.4007169685039367
0
LINE
8
BLACK
6
CONTINUOUS
10
5.6556970472440939
20
-4.4007169685039367
11
5.6571600787401577
21
-4.3952568503937011
0
LINE
8
BLACK
6
CONTINUOUS
10
5.6571600787401577
20
-4.3952568503937011
11
5.6599864566929137
21
-4.3903614566929132
0
LINE
8
BLACK
6
CONTINUOUS
10
5.6599864566929137
20
-4.3903614566929132
11
5.6639835039370077
21
-4.3863644094488192
0
LINE
8
BLACK
6
CONTINUOUS
10
5.6639835039370077
20
-4.3863644094488192
11
5.6688788976377955
21
-4.3835380314960632
0
LINE
8
BLACK
6
CONTINUOUS
10
5.6688788976377955
20
-4.3835380314960632
11
5.6743390157480311
21
-4.3820749999999995
0
LINE
8
BLACK
6
CONTINUOUS
10
5.6743390157480311
20
-4.3820749999999995
11
5.6799916929133856
21
-4.3820749999999995
0
LINE
8
BLACK
6
CONTINUOUS
10
5.6799916929133856
20
-4.3820749999999995
11
5.6854518110236221
21
-4.3835380314960632
0
LINE
8
BLACK
6
CONTINUOUS
10
5.7354518110236219
20
-4.3835380314960632
11
5.7403472047244097
21
-4.3863644094488192
0
LINE
8
BLACK
6
CONTINUOUS
10
5.7403472047244097
20
-4.3863644094488192
11
5.7443442519685037
21
-4.3903614566929132
0
LINE
8
BLACK
6
CONTINUOUS
10
5.7443442519685037
20
-4.3903614566929132
11
5.7471706299212597
21
-4.3952568503937011
0
LINE
8
BLACK
6
CONTINUOUS
10
5.7471706299212597
20
-4.3952568503937011
11
5.7486336614173226
21
-4.4007169685039367
0
LINE
8
BLACK
6
CONTINUOUS
10
5.7486336614173226
20
-4.4007169685039367
11
5.7486336614173226
21
-4.4063696456692911
0
LINE
8
BLACK
6
CONTINUOUS
10
5.7486336614173226
20
-4.4063696456692911
11
5.7471706299212597
21
-4.4118297637795276
0
LINE
8
BLACK
6
CONTINUOUS
10
5.7471706299212597
20
-4.4118297637795276
11
5.7443442519685037
21
-4.4167251574803146
0
LINE
8
BLACK
6
CONTINUOUS
10
5.7443442519685037
20
-4.4167251574803146
11
5.7403472047244097
21
-4.4207222047244095
0
LINE
8
BLACK
6
CONTINUOUS
10
5.7403472047244097
20
-4.4207222047244095
11
5.7354518110236219
21
-4.4235485826771654
0
LINE
8
BLACK
6
CONTINUOUS
10
5.7354518110236219
20
-4.4235485826771654
11
5.7299916929133854
21
-4.4250116141732283
0
LINE
8
BLACK
6
CONTINUOUS
10
5.7299916929133854
20
-4.4250116141732283
11
5.7243390157480309
21
-4.4250116141732283
0
LINE
8
BLACK
6
CONTINUOUS
10
5.7243390157480309
20
-4.4250116141732283
11
5.7188788976377953
21
-4.4235485826771654
0
LINE
8
BLACK
6
CONTINUOUS
10
5.7188788976377953
20
-4.4235485826771654
11
5.7139835039370075
21
-4.4207222047244095
0
LINE
8
BLACK
6
CONTINUOUS
10
5.7139835039370075
20
-4.4207222047244095
11
5.7099864566929135
21
-4.4167251574803146
0
LINE
8
BLACK
6
CONTINUOUS
10
5.7099864566929135
20
-4.4167251574803146
11
5.7071600787401575
21
-4.4118297637795276
0
LINE
8
BLACK
6
CONTINUOUS
10
5.7071600787401575
20
-4.4118297637795276
11
5.7056970472440947
21
-4.4063696456692911
0
LINE
8
BLACK
6
CONTINUOUS
10
5.7056970472440947
20
-4.4063696456692911
11
5.7056970472440947
21
-4.4007169685039367
0
LINE
8
BLACK
6
CONTINUOUS
10
5.7056970472440947
20
-4.4007169685039367
11
5.7071600787401575
21
-4.3952568503937011
0
LINE
8
BLACK
6
CONTINUOUS
10
5.7071600787401575
20
-4.3952568503937011
11
5.7099864566929135
21
-4.3903614566929132
0
LINE
8
BLACK
6
CONTINUOUS
10
5.7099864566929135
20
-4.3903614566929132
11
5.7139835039370075
21
-4.3863644094488192
0
LINE
8
BLACK
6
CONTINUOUS
10
5.7139835039370075
20
-4.3863644094488192
11
5.7188788976377953
21
-4.3835380314960632
0
LINE
8
BLACK
6
CONTINUOUS
10
5.7188788976377953
20
-4.3835380314960632
11
5.7243390157480309
21
-4.3820749999999995
0
LINE
8
BLACK
6
CONTINUOUS
10
5.7243390157480309
20
-4.3820749999999995
11
5.7299916929133854
21
-4.3820749999999995
0
LINE
8
BLACK
6
CONTINUOUS
10
5.7299916929133854
20
-4.3820749999999995
11
5.7354518110236219
21
-4.3835380314960632
0
LINE
8
BLACK
6
CONTINUOUS
10
5.7854518110236217
20
-4.3835380314960632
11
5.7903472047244096
21
-4.3863644094488192
0
LINE
8
BLACK
6
CONTINUOUS
10
5.7903472047244096
20
-4.3863644094488192
11
5.7943442519685036
21
-4.3903614566929132
0
LINE
8
BLACK
6
CONTINUOUS
10
5.7943442519685036
20
-4.3903614566929132
11
5.7971706299212595
21
-4.3952568503937011
0
LINE
8
BLACK
6
CONTINUOUS
10
5.7971706299212595
20
-4.3952568503937011
11
5.7986336614173224
21
-4.4007169685039367
0
LINE
8
BLACK
6
CONTINUOUS
10
5.7986336614173224
20
-4.4007169685039367
11
5.7986336614173224
21
-4.4063696456692911
0
LINE
8
BLACK
6
CONTINUOUS
10
5.7986336614173224
20
-4.4063696456692911
11
5.7971706299212595
21
-4.4118297637795276
0
LINE
8
BLACK
6
CONTINUOUS
10
5.7971706299212595
20
-4.4118297637795276
11
5.7943442519685036
21
-4.4167251574803146
0
LINE
8
BLACK
6
CONTINUOUS
10
5.7943442519685036
20
-4.4167251574803146
11
5.7903472047244096
21
-4.4207222047244095
0
LINE
8
BLACK
6
CONTINUOUS
10
5.7903472047244096
20
-4.4207222047244095
11
5.7854518110236217
21
-4.4235485826771654
0
LINE
8
BLACK
6
CONTINUOUS
10
5.7854518110236217
20
-4.4235485826771654
11
5.7799916929133861
21
-4.4250116141732283
0
LINE
8
BLACK
6
CONTINUOUS
10
5.7799916929133861
20
-4.4250116141732283
11
5.7743390157480317
21
-4.4250116141732283
0
LINE
8
BLACK
6
CONTINUOUS
10
5.7743390157480317
20
-4.4250116141732283
11
5.7688788976377952
21
-4.4235485826771654
0
LINE
8
BLACK
6
CONTINUOUS
10
5.7688788976377952
20
-4.4235485826771654
11
5.7639835039370073
21
-4.4207222047244095
0
LINE
8
BLACK
6
CONTINUOUS
10
5.7639835039370073
20
-4.4207222047244095
11
5.7599864566929133
21
-4.4167251574803146
0
LINE
8
BLACK
6
CONTINUOUS
10
5.7599864566929133
20
-4.4167251574803146
11
5.7571600787401573
21
-4.4118297637795276
0
LINE
8
BLACK
6
CONTINUOUS
10
5.7571600787401573
20
-4.4118297637795276
11
5.7556970472440945
21
-4.4063696456692911
0
LINE
8
BLACK
6
CONTINUOUS
10
5.7556970472440945
20
-4.4063696456692911
11
5.7556970472440945
21
-4.4007169685039367
0
LINE
8
BLACK
6
CONTINUOUS
10
5.7556970472440945
20
-4.4007169685039367
11
5.7571600787401573
21
-4.3952568503937011
0
LINE
8
BLACK
6
CONTINUOUS
10
5.7571600787401573
20
-4.3952568503937011
11
5.7599864566929133
21
-4.3903614566929132
0
LINE
8
BLACK
6
CONTINUOUS
10
5.7599864566929133
20
-4.3903614566929132
11
5.7639835039370073
21
-4.3863644094488192
0
LINE
8
BLACK
6
CONTINUOUS
10
5.7639835039370073
20
-4.3863644094488192
11
5.7688788976377952
21
-4.3835380314960632
0
LINE
8
BLACK
6
CONTINUOUS
10
5.7688788976377952
20
-4.3835380314960632
11
5.7743390157480317
21
-4.3820749999999995
0
LINE
8
BLACK
6
CONTINUOUS
10
5.7743390157480317
20
-4.3820749999999995
11
5.7799916929133861
21
-4.3820749999999995
0
LINE
8
BLACK
6
CONTINUOUS
10
5.7799916929133861
20
-4.3820749999999995
11
5.7854518110236217
21
-4.3835380314960632
0
LINE
8
BLACK
6
CONTINUOUS
10
5.8354518110236215
20
-4.3835380314960632
11
5.8403472047244094
21
-4.3863644094488192
0
LINE
8
BLACK
6
CONTINUOUS
10
5.8403472047244094
20
-4.3863644094488192
11
5.8443442519685034
21
-4.3903614566929132
0
LINE
8
BLACK
6
CONTINUOUS
10
5.8443442519685034
20
-4.3903614566929132
11
5.8471706299212594
21
-4.3952568503937011
0
LINE
8
BLACK
6
CONTINUOUS
10
5.8471706299212594
20
-4.3952568503937011
11
5.8486336614173231
21
-4.4007169685039367
0
LINE
8
BLACK
6
CONTINUOUS
10
5.8486336614173231
20
-4.4007169685039367
11
5.8486336614173231
21
-4.4063696456692911
0
LINE
8
BLACK
6
CONTINUOUS
10
5.8486336614173231
20
-4.4063696456692911
11
5.8471706299212594
21
-4.4118297637795276
0
LINE
8
BLACK
6
CONTINUOUS
10
5.8471706299212594
20
-4.4118297637795276
11
5.8443442519685034
21
-4.4167251574803146
0
LINE
8
BLACK
6
CONTINUOUS
10
5.8443442519685034
20
-4.4167251574803146
11
5.8403472047244094
21
-4.4207222047244095
0
LINE
8
BLACK
6
CONTINUOUS
10
5.8403472047244094
20
-4.4207222047244095
11
5.8354518110236215
21
-4.4235485826771654
0
LINE
8
BLACK
6
CONTINUOUS
10
5.8354518110236215
20
-4.4235485826771654
11
5.8299916929133859
21
-4.4250116141732283
0
LINE
8
BLACK
6
CONTINUOUS
10
5.8299916929133859
20
-4.4250116141732283
11
5.8243390157480315
21
-4.4250116141732283
0
LINE
8
BLACK
6
CONTINUOUS
10
5.8243390157480315
20
-4.4250116141732283
11
5.818878897637795
21
-4.4235485826771654
0
LINE
8
BLACK
6
CONTINUOUS
10
5.818878897637795
20
-4.4235485826771654
11
5.813983503937008
21
-4.4207222047244095
0
LINE
8
BLACK
6
CONTINUOUS
10
5.813983503937008
20
-4.4207222047244095
11
5.8099864566929131
21
-4.4167251574803146
0
LINE
8
BLACK
6
CONTINUOUS
10
5.8099864566929131
20
-4.4167251574803146
11
5.8071600787401572
21
-4.4118297637795276
0
LINE
8
BLACK
6
CONTINUOUS
10
5.8071600787401572
20
-4.4118297637795276
11
5.8056970472440943
21
-4.4063696456692911
0
LINE
8
BLACK
6
CONTINUOUS
10
5.8056970472440943
20
-4.4063696456692911
11
5.8056970472440943
21
-4.4007169685039367
0
LINE
8
BLACK
6
CONTINUOUS
10
5.8056970472440943
20
-4.4007169685039367
11
5.8071600787401572
21
-4.3952568503937011
0
LINE
8
BLACK
6
CONTINUOUS
10
5.8071600787401572
20
-4.3952568503937011
11
5.8099864566929131
21
-4.3903614566929132
0
LINE
8
BLACK
6
CONTINUOUS
10
5.8099864566929131
20
-4.3903614566929132
11
5.813983503937008
21
-4.3863644094488192
0
LINE
8
BLACK
6
CONTINUOUS
10
5.813983503937008
20
-4.3863644094488192
11
5.818878897637795
21
-4.3835380314960632
0
LINE
8
BLACK
6
CONTINUOUS
10
5.818878897637795
20
-4.3835380314960632
11
5.8243390157480315
21
-4.3820749999999995
0
LINE
8
BLACK
6
CONTINUOUS
10
5.8243390157480315
20
-4.3820749999999995
11
5.8299916929133859
21
-4.3820749999999995
0
LINE
8
BLACK
6
CONTINUOUS
10
5.8299916929133859
20
-4.3820749999999995
11
5.8354518110236215
21
-4.3835380314960632
0
LINE
8
BLACK
6
CONTINUOUS
10
6.1409349999999998
20
-4.3877911811023624
11
6.1425954330708663
21
-4.3889006299212596
0
LINE
8
BLACK
6
CONTINUOUS
10
6.1425954330708663
20
-4.3889006299212596
11
6.1437048818897635
21
-4.3905610629921261
0
LINE
8
BLACK
6
CONTINUOUS
10
6.1437048818897635
20
-4.3905610629921261
11
6.1440944881889763
21
-4.3925196850393702
0
LINE
8
BLACK
6
CONTINUOUS
10
6.1440944881889763
20
-4.3925196850393702
11
6.1440944881889763
21
-4.4027559055118113
0
LINE
8
BLACK
6
CONTINUOUS
10
6.1440944881889763
20
-4.4027559055118113
11
6.1437048818897635
21
-4.4047145275590553
0
LINE
8
BLACK
6
CONTINUOUS
10
6.1437048818897635
20
-4.4047145275590553
11
6.1425954330708663
21
-4.406374960629921
0
LINE
8
BLACK
6
CONTINUOUS
10
6.1425954330708663
20
-4.406374960629921
11
6.1409349999999998
21
-4.407484409448819
0
LINE
8
BLACK
6
CONTINUOUS
10
6.1409349999999998
20
-4.407484409448819
11
6.1389763779527557
21
-4.4078740157480318
0
LINE
8
BLACK
6
CONTINUOUS
10
6.1389763779527557
20
-4.4078740157480318
11
6.1287401574803146
21
-4.4078740157480318
0
LINE
8
BLACK
6
CONTINUOUS
10
6.1287401574803146
20
-4.4078740157480318
11
6.1267815354330706
21
-4.407484409448819
0
LINE
8
BLACK
6
CONTINUOUS
10
6.1267815354330706
20
-4.407484409448819
11
6.125121102362205
21
-4.406374960629921
0
LINE
8
BLACK
6
CONTINUOUS
10
6.125121102362205
20
-4.406374960629921
11
6.1240116535433069
21
-4.4047145275590553
0
LINE
8
BLACK
6
CONTINUOUS
10
6.1240116535433069
20
-4.4047145275590553
11
6.1236220472440941
21
-4.4027559055118113
0
LINE
8
BLACK
6
CONTINUOUS
10
6.1236220472440941
20
-4.4027559055118113
11
6.1236220472440941
21
-4.3925196850393702
0
LINE
8
BLACK
6
CONTINUOUS
10
6.1236220472440941
20
-4.3925196850393702
11
6.1240116535433069
21
-4.3905610629921261
0
LINE
8
BLACK
6
CONTINUOUS
10
6.1240116535433069
20
-4.3905610629921261
11
6.125121102362205
21
-4.3889006299212596
0
LINE
8
BLACK
6
CONTINUOUS
10
6.125121102362205
20
-4.3889006299212596
11
6.1267815354330706
21
-4.3877911811023624
0
LINE
8
BLACK
6
CONTINUOUS
10
6.1267815354330706
20
-4.3877911811023624
11
6.1287401574803146
21
-4.3874015748031496
0
LINE
8
BLACK
6
CONTINUOUS
10
6.1287401574803146
20
-4.3874015748031496
11
6.1389763779527557
21
-4.3874015748031496
0
LINE
8
BLACK
6
CONTINUOUS
10
6.1389763779527557
20
-4.3874015748031496
11
6.1409349999999998
21
-4.3877911811023624
0
LINE
8
BLACK
6
CONTINUOUS
10
2.8023523228346456
20
-4.3759801574803152
11
2.8040127559055117
21
-4.3770896062992124
0
LINE
8
BLACK
6
CONTINUOUS
10
2.8040127559055117
20
-4.3770896062992124
11
2.8051222047244093
21
-4.3787500393700789
0
LINE
8
BLACK
6
CONTINUOUS
10
2.8051222047244093
20
-4.3787500393700789
11
2.8055118110236221
21
-4.380708661417323
0
LINE
8
BLACK
6
CONTINUOUS
10
2.8055118110236221
20
-4.380708661417323
11
2.8055118110236221
21
-4.3909448818897641
0
LINE
8
BLACK
6
CONTINUOUS
10
2.8055118110236221
20
-4.3909448818897641
11
2.8051222047244093
21
-4.3929035039370081
0
LINE
8
BLACK
6
CONTINUOUS
10
2.8051222047244093
20
-4.3929035039370081
11
2.8040127559055117
21
-4.3945639370078737
0
LINE
8
BLACK
6
CONTINUOUS
10
2.8040127559055117
20
-4.3945639370078737
11
2.8023523228346456
21
-4.3956733858267718
0
LINE
8
BLACK
6
CONTINUOUS
10
2.8023523228346456
20
-4.3956733858267718
11
2.8003937007874016
21
-4.3960629921259837
0
LINE
8
BLACK
6
CONTINUOUS
10
2.8003937007874016
20
-4.3960629921259837
11
2.7901574803149605
21
-4.3960629921259837
0
LINE
8
BLACK
6
CONTINUOUS
10
2.7901574803149605
20
-4.3960629921259837
11
2.7881988582677164
21
-4.3956733858267718
0
LINE
8
BLACK
6
CONTINUOUS
10
2.7881988582677164
20
-4.3956733858267718
11
2.7865384251968504
21
-4.3945639370078737
0
LINE
8
BLACK
6
CONTINUOUS
10
2.7865384251968504
20
-4.3945639370078737
11
2.7854289763779527
21
-4.3929035039370081
0
LINE
8
BLACK
6
CONTINUOUS
10
2.7854289763779527
20
-4.3929035039370081
11
2.7850393700787399
21
-4.3909448818897641
0
LINE
8
BLACK
6
CONTINUOUS
10
2.7850393700787399
20
-4.3909448818897641
11
2.7850393700787399
21
-4.380708661417323
0
LINE
8
BLACK
6
CONTINUOUS
10
2.7850393700787399
20
-4.380708661417323
11
2.7854289763779527
21
-4.3787500393700789
0
LINE
8
BLACK
6
CONTINUOUS
10
2.7854289763779527
20
-4.3787500393700789
11
2.7865384251968504
21
-4.3770896062992124
0
LINE
8
BLACK
6
CONTINUOUS
10
2.7865384251968504
20
-4.3770896062992124
11
2.7881988582677164
21
-4.3759801574803152
0
LINE
8
BLACK
6
CONTINUOUS
10
2.7881988582677164
20
-4.3759801574803152
11
2.7901574803149605
21
-4.3755905511811024
0
LINE
8
BLACK
6
CONTINUOUS
10
2.7901574803149605
20
-4.3755905511811024
11
2.8003937007874016
21
-4.3755905511811024
0
LINE
8
BLACK
6
CONTINUOUS
10
2.8003937007874016
20
-4.3755905511811024
11
2.8023523228346456
21
-4.3759801574803152
0
LINE
8
BLACK
6
CONTINUOUS
10
6.1409349999999998
20
-4.3562951181102365
11
6.1425954330708663
21
-4.3574045669291337
0
LINE
8
BLACK
6
CONTINUOUS
10
6.1425954330708663
20
-4.3574045669291337
11
6.1437048818897635
21
-4.3590650000000002
0
LINE
8
BLACK
6
CONTINUOUS
10
6.1437048818897635
20
-4.3590650000000002
11
6.1440944881889763
21
-4.3610236220472443
0
LINE
8
BLACK
6
CONTINUOUS
10
6.1440944881889763
20
-4.3610236220472443
11
6.1440944881889763
21
-4.3712598425196854
0
LINE
8
BLACK
6
CONTINUOUS
10
6.1440944881889763
20
-4.3712598425196854
11
6.1437048818897635
21
-4.3732184645669294
0
LINE
8
BLACK
6
CONTINUOUS
10
6.1437048818897635
20
-4.3732184645669294
11
6.1425954330708663
21
-4.374878897637795
0
LINE
8
BLACK
6
CONTINUOUS
10
6.1425954330708663
20
-4.374878897637795
11
6.1409349999999998
21
-4.3759883464566931
0
LINE
8
BLACK
6
CONTINUOUS
10
6.1409349999999998
20
-4.3759883464566931
11
6.1389763779527557
21
-4.376377952755905
0
LINE
8
BLACK
6
CONTINUOUS
10
6.1389763779527557
20
-4.376377952755905
11
6.1287401574803146
21
-4.376377952755905
0
LINE
8
BLACK
6
CONTINUOUS
10
6.1287401574803146
20
-4.376377952755905
11
6.1267815354330706
21
-4.3759883464566931
0
LINE
8
BLACK
6
CONTINUOUS
10
6.1267815354330706
20
-4.3759883464566931
11
6.125121102362205
21
-4.374878897637795
0
LINE
8
BLACK
6
CONTINUOUS
10
6.125121102362205
20
-4.374878897637795
11
6.1240116535433069
21
-4.3732184645669294
0
LINE
8
BLACK
6
CONTINUOUS
10
6.1240116535433069
20
-4.3732184645669294
11
6.1236220472440941
21
-4.3712598425196854
0
LINE
8
BLACK
6
CONTINUOUS
10
6.1236220472440941
20
-4.3712598425196854
11
6.1236220472440941
21
-4.3610236220472443
0
LINE
8
BLACK
6
CONTINUOUS
10
6.1236220472440941
20
-4.3610236220472443
11
6.1240116535433069
21
-4.3590650000000002
0
LINE
8
BLACK
6
CONTINUOUS
10
6.1240116535433069
20
-4.3590650000000002
11
6.125121102362205
21
-4.3574045669291337
0
LINE
8
BLACK
6
CONTINUOUS
10
6.125121102362205
20
-4.3574045669291337
11
6.1267815354330706
21
-4.3562951181102365
0
LINE
8
BLACK
6
CONTINUOUS
10
6.1267815354330706
20
-4.3562951181102365
11
6.1287401574803146
21
-4.3559055118110237
0
LINE
8
BLACK
6
CONTINUOUS
10
6.1287401574803146
20
-4.3559055118110237
11
6.1389763779527557
21
-4.3559055118110237
0
LINE
8
BLACK
6
CONTINUOUS
10
6.1389763779527557
20
-4.3559055118110237
11
6.1409349999999998
21
-4.3562951181102365
0
LINE
8
BLACK
6
CONTINUOUS
10
5.6354518110236222
20
-4.3335380314960625
11
5.6403472047244092
21
-4.3363644094488185
0
LINE
8
BLACK
6
CONTINUOUS
10
5.6403472047244092
20
-4.3363644094488185
11
5.6443442519685041
21
-4.3403614566929134
0
LINE
8
BLACK
6
CONTINUOUS
10
5.6443442519685041
20
-4.3403614566929134
11
5.6471706299212601
21
-4.3452568503937004
0
LINE
8
BLACK
6
CONTINUOUS
10
5.6471706299212601
20
-4.3452568503937004
11
5.6486336614173229
21
-4.3507169685039369
0
LINE
8
BLACK
6
CONTINUOUS
10
5.6486336614173229
20
-4.3507169685039369
11
5.6486336614173229
21
-4.3563696456692913
0
LINE
8
BLACK
6
CONTINUOUS
10
5.6486336614173229
20
-4.3563696456692913
11
5.6471706299212601
21
-4.3618297637795278
0
LINE
8
BLACK
6
CONTINUOUS
10
5.6471706299212601
20
-4.3618297637795278
11
5.6443442519685041
21
-4.3667251574803148
0
LINE
8
BLACK
6
CONTINUOUS
10
5.6443442519685041
20
-4.3667251574803148
11
5.6403472047244092
21
-4.3707222047244096
0
LINE
8
BLACK
6
CONTINUOUS
10
5.6403472047244092
20
-4.3707222047244096
11
5.6354518110236222
21
-4.3735485826771656
0
LINE
8
BLACK
6
CONTINUOUS
10
5.6354518110236222
20
-4.3735485826771656
11
5.6299916929133857
21
-4.3750116141732285
0
LINE
8
BLACK
6
CONTINUOUS
10
5.6299916929133857
20
-4.3750116141732285
11
5.6243390157480313
21
-4.3750116141732285
0
LINE
8
BLACK
6
CONTINUOUS
10
5.6243390157480313
20
-4.3750116141732285
11
5.6188788976377948
21
-4.3735485826771656
0
LINE
8
BLACK
6
CONTINUOUS
10
5.6188788976377948
20
-4.3735485826771656
11
5.6139835039370078
21
-4.3707222047244096
0
LINE
8
BLACK
6
CONTINUOUS
10
5.6139835039370078
20
-4.3707222047244096
11
5.609986456692913
21
-4.3667251574803148
0
LINE
8
BLACK
6
CONTINUOUS
10
5.609986456692913
20
-4.3667251574803148
11
5.607160078740157
21
-4.3618297637795278
0
LINE
8
BLACK
6
CONTINUOUS
10
5.607160078740157
20
-4.3618297637795278
11
5.6056970472440941
21
-4.3563696456692913
0
LINE
8
BLACK
6
CONTINUOUS
10
5.6056970472440941
20
-4.3563696456692913
11
5.6056970472440941
21
-4.3507169685039369
0
LINE
8
BLACK
6
CONTINUOUS
10
5.6056970472440941
20
-4.3507169685039369
11
5.607160078740157
21
-4.3452568503937004
0
LINE
8
BLACK
6
CONTINUOUS
10
5.607160078740157
20
-4.3452568503937004
11
5.609986456692913
21
-4.3403614566929134
0
LINE
8
BLACK
6
CONTINUOUS
10
5.609986456692913
20
-4.3403614566929134
11
5.6139835039370078
21
-4.3363644094488185
0
LINE
8
BLACK
6
CONTINUOUS
10
5.6139835039370078
20
-4.3363644094488185
11
5.6188788976377948
21
-4.3335380314960625
0
LINE
8
BLACK
6
CONTINUOUS
10
5.6188788976377948
20
-4.3335380314960625
11
5.6243390157480313
21
-4.3320749999999997
0
LINE
8
BLACK
6
CONTINUOUS
10
5.6243390157480313
20
-4.3320749999999997
11
5.6299916929133857
21
-4.3320749999999997
0
LINE
8
BLACK
6
CONTINUOUS
10
5.6299916929133857
20
-4.3320749999999997
11
5.6354518110236222
21
-4.3335380314960625
0
LINE
8
BLACK
6
CONTINUOUS
10
5.6854518110236221
20
-4.3335380314960625
11
5.690347204724409
21
-4.3363644094488185
0
LINE
8
BLACK
6
CONTINUOUS
10
5.690347204724409
20
-4.3363644094488185
11
5.6943442519685039
21
-4.3403614566929134
0
LINE
8
BLACK
6
CONTINUOUS
10
5.6943442519685039
20
-4.3403614566929134
11
5.6971706299212599
21
-4.3452568503937004
0
LINE
8
BLACK
6
CONTINUOUS
10
5.6971706299212599
20
-4.3452568503937004
11
5.6986336614173227
21
-4.3507169685039369
0
LINE
8
BLACK
6
CONTINUOUS
10
5.6986336614173227
20
-4.3507169685039369
11
5.6986336614173227
21
-4.3563696456692913
0
LINE
8
BLACK
6
CONTINUOUS
10
5.6986336614173227
20
-4.3563696456692913
11
5.6971706299212599
21
-4.3618297637795278
0
LINE
8
BLACK
6
CONTINUOUS
10
5.6971706299212599
20
-4.3618297637795278
11
5.6943442519685039
21
-4.3667251574803148
0
LINE
8
BLACK
6
CONTINUOUS
10
5.6943442519685039
20
-4.3667251574803148
11
5.690347204724409
21
-4.3707222047244096
0
LINE
8
BLACK
6
CONTINUOUS
10
5.690347204724409
20
-4.3707222047244096
11
5.6854518110236221
21
-4.3735485826771656
0
LINE
8
BLACK
6
CONTINUOUS
10
5.6854518110236221
20
-4.3735485826771656
11
5.6799916929133856
21
-4.3750116141732285
0
LINE
8
BLACK
6
CONTINUOUS
10
5.6799916929133856
20
-4.3750116141732285
11
5.6743390157480311
21
-4.3750116141732285
0
LINE
8
BLACK
6
CONTINUOUS
10
5.6743390157480311
20
-4.3750116141732285
11
5.6688788976377955
21
-4.3735485826771656
0
LINE
8
BLACK
6
CONTINUOUS
10
5.6688788976377955
20
-4.3735485826771656
11
5.6639835039370077
21
-4.3707222047244096
0
LINE
8
BLACK
6
CONTINUOUS
10
5.6639835039370077
20
-4.3707222047244096
11
5.6599864566929137
21
-4.3667251574803148
0
LINE
8
BLACK
6
CONTINUOUS
10
5.6599864566929137
20
-4.3667251574803148
11
5.6571600787401577
21
-4.3618297637795278
0
LINE
8
BLACK
6
CONTINUOUS
10
5.6571600787401577
20
-4.3618297637795278
11
5.6556970472440939
21
-4.3563696456692913
0
LINE
8
BLACK
6
CONTINUOUS
10
5.6556970472440939
20
-4.3563696456692913
11
5.6556970472440939
21
-4.3507169685039369
0
LINE
8
BLACK
6
CONTINUOUS
10
5.6556970472440939
20
-4.3507169685039369
11
5.6571600787401577
21
-4.3452568503937004
0
LINE
8
BLACK
6
CONTINUOUS
10
5.6571600787401577
20
-4.3452568503937004
11
5.6599864566929137
21
-4.3403614566929134
0
LINE
8
BLACK
6
CONTINUOUS
10
5.6599864566929137
20
-4.3403614566929134
11
5.6639835039370077
21
-4.3363644094488185
0
LINE
8
BLACK
6
CONTINUOUS
10
5.6639835039370077
20
-4.3363644094488185
11
5.6688788976377955
21
-4.3335380314960625
0
LINE
8
BLACK
6
CONTINUOUS
10
5.6688788976377955
20
-4.3335380314960625
11
5.6743390157480311
21
-4.3320749999999997
0
LINE
8
BLACK
6
CONTINUOUS
10
5.6743390157480311
20
-4.3320749999999997
11
5.6799916929133856
21
-4.3320749999999997
0
LINE
8
BLACK
6
CONTINUOUS
10
5.6799916929133856
20
-4.3320749999999997
11
5.6854518110236221
21
-4.3335380314960625
0
LINE
8
BLACK
6
CONTINUOUS
10
5.7354518110236219
20
-4.3335380314960625
11
5.7403472047244097
21
-4.3363644094488185
0
LINE
8
BLACK
6
CONTINUOUS
10
5.7403472047244097
20
-4.3363644094488185
11
5.7443442519685037
21
-4.3403614566929134
0
LINE
8
BLACK
6
CONTINUOUS
10
5.7443442519685037
20
-4.3403614566929134
11
5.7471706299212597
21
-4.3452568503937004
0
LINE
8
BLACK
6
CONTINUOUS
10
5.7471706299212597
20
-4.3452568503937004
11
5.7486336614173226
21
-4.3507169685039369
0
LINE
8
BLACK
6
CONTINUOUS
10
5.7486336614173226
20
-4.3507169685039369
11
5.7486336614173226
21
-4.3563696456692913
0
LINE
8
BLACK
6
CONTINUOUS
10
5.7486336614173226
20
-4.3563696456692913
11
5.7471706299212597
21
-4.3618297637795278
0
LINE
8
BLACK
6
CONTINUOUS
10
5.7471706299212597
20
-4.3618297637795278
11
5.7443442519685037
21
-4.3667251574803148
0
LINE
8
BLACK
6
CONTINUOUS
10
5.7443442519685037
20
-4.3667251574803148
11
5.7403472047244097
21
-4.3707222047244096
0
LINE
8
BLACK
6
CONTINUOUS
10
5.7403472047244097
20
-4.3707222047244096
11
5.7354518110236219
21
-4.3735485826771656
0
LINE
8
BLACK
6
CONTINUOUS
10
5.7354518110236219
20
-4.3735485826771656
11
5.7299916929133854
21
-4.3750116141732285
0
LINE
8
BLACK
6
CONTINUOUS
10
5.7299916929133854
20
-4.3750116141732285
11
5.7243390157480309
21
-4.3750116141732285
0
LINE
8
BLACK
6
CONTINUOUS
10
5.7243390157480309
20
-4.3750116141732285
11
5.7188788976377953
21
-4.3735485826771656
0
LINE
8
BLACK
6
CONTINUOUS
10
5.7188788976377953
20
-4.3735485826771656
11
5.7139835039370075
21
-4.3707222047244096
0
LINE
8
BLACK
6
CONTINUOUS
10
5.7139835039370075
20
-4.3707222047244096
11
5.7099864566929135
21
-4.3667251574803148
0
LINE
8
BLACK
6
CONTINUOUS
10
5.7099864566929135
20
-4.3667251574803148
11
5.7071600787401575
21
-4.3618297637795278
0
LINE
8
BLACK
6
CONTINUOUS
10
5.7071600787401575
20
-4.3618297637795278
11
5.7056970472440947
21
-4.3563696456692913
0
LINE
8
BLACK
6
CONTINUOUS
10
5.7056970472440947
20
-4.3563696456692913
11
5.7056970472440947
21
-4.3507169685039369
0
LINE
8
BLACK
6
CONTINUOUS
10
5.7056970472440947
20
-4.3507169685039369
11
5.7071600787401575
21
-4.3452568503937004
0
LINE
8
BLACK
6
CONTINUOUS
10
5.7071600787401575
20
-4.3452568503937004
11
5.7099864566929135
21
-4.3403614566929134
0
LINE
8
BLACK
6
CONTINUOUS
10
5.7099864566929135
20
-4.3403614566929134
11
5.7139835039370075
21
-4.3363644094488185
0
LINE
8
BLACK
6
CONTINUOUS
10
5.7139835039370075
20
-4.3363644094488185
11
5.7188788976377953
21
-4.3335380314960625
0
LINE
8
BLACK
6
CONTINUOUS
10
5.7188788976377953
20
-4.3335380314960625
11
5.7243390157480309
21
-4.3320749999999997
0
LINE
8
BLACK
6
CONTINUOUS
10
5.7243390157480309
20
-4.3320749999999997
11
5.7299916929133854
21
-4.3320749999999997
0
LINE
8
BLACK
6
CONTINUOUS
10
5.7299916929133854
20
-4.3320749999999997
11
5.7354518110236219
21
-4.3335380314960625
0
LINE
8
BLACK
6
CONTINUOUS
10
5.7854518110236217
20
-4.3335380314960625
11
5.7903472047244096
21
-4.3363644094488185
0
LINE
8
BLACK
6
CONTINUOUS
10
5.7903472047244096
20
-4.3363644094488185
11
5.7943442519685036
21
-4.3403614566929134
0
LINE
8
BLACK
6
CONTINUOUS
10
5.7943442519685036
20
-4.3403614566929134
11
5.7971706299212595
21
-4.3452568503937004
0
LINE
8
BLACK
6
CONTINUOUS
10
5.7971706299212595
20
-4.3452568503937004
11
5.7986336614173224
21
-4.3507169685039369
0
LINE
8
BLACK
6
CONTINUOUS
10
5.7986336614173224
20
-4.3507169685039369
11
5.7986336614173224
21
-4.3563696456692913
0
LINE
8
BLACK
6
CONTINUOUS
10
5.7986336614173224
20
-4.3563696456692913
11
5.7971706299212595
21
-4.3618297637795278
0
LINE
8
BLACK
6
CONTINUOUS
10
5.7971706299212595
20
-4.3618297637795278
11
5.7943442519685036
21
-4.3667251574803148
0
LINE
8
BLACK
6
CONTINUOUS
10
5.7943442519685036
20
-4.3667251574803148
11
5.7903472047244096
21
-4.3707222047244096
0
LINE
8
BLACK
6
CONTINUOUS
10
5.7903472047244096
20
-4.3707222047244096
11
5.7854518110236217
21
-4.3735485826771656
0
LINE
8
BLACK
6
CONTINUOUS
10
5.7854518110236217
20
-4.3735485826771656
11
5.7799916929133861
21
-4.3750116141732285
0
LINE
8
BLACK
6
CONTINUOUS
10
5.7799916929133861
20
-4.3750116141732285
11
5.7743390157480317
21
-4.3750116141732285
0
LINE
8
BLACK
6
CONTINUOUS
10
5.7743390157480317
20
-4.3750116141732285
11
5.7688788976377952
21
-4.3735485826771656
0
LINE
8
BLACK
6
CONTINUOUS
10
5.7688788976377952
20
-4.3735485826771656
11
5.7639835039370073
21
-4.3707222047244096
0
LINE
8
BLACK
6
CONTINUOUS
10
5.7639835039370073
20
-4.3707222047244096
11
5.7599864566929133
21
-4.3667251574803148
0
LINE
8
BLACK
6
CONTINUOUS
10
5.7599864566929133
20
-4.3667251574803148
11
5.7571600787401573
21
-4.3618297637795278
0
LINE
8
BLACK
6
CONTINUOUS
10
5.7571600787401573
20
-4.3618297637795278
11
5.7556970472440945
21
-4.3563696456692913
0
LINE
8
BLACK
6
CONTINUOUS
10
5.7556970472440945
20
-4.3563696456692913
11
5.7556970472440945
21
-4.3507169685039369
0
LINE
8
BLACK
6
CONTINUOUS
10
5.7556970472440945
20
-4.3507169685039369
11
5.7571600787401573
21
-4.3452568503937004
0
LINE
8
BLACK
6
CONTINUOUS
10
5.7571600787401573
20
-4.3452568503937004
11
5.7599864566929133
21
-4.3403614566929134
0
LINE
8
BLACK
6
CONTINUOUS
10
5.7599864566929133
20
-4.3403614566929134
11
5.7639835039370073
21
-4.3363644094488185
0
LINE
8
BLACK
6
CONTINUOUS
10
5.7639835039370073
20
-4.3363644094488185
11
5.7688788976377952
21
-4.3335380314960625
0
LINE
8
BLACK
6
CONTINUOUS
10
5.7688788976377952
20
-4.3335380314960625
11
5.7743390157480317
21
-4.3320749999999997
0
LINE
8
BLACK
6
CONTINUOUS
10
5.7743390157480317
20
-4.3320749999999997
11
5.7799916929133861
21
-4.3320749999999997
0
LINE
8
BLACK
6
CONTINUOUS
10
5.7799916929133861
20
-4.3320749999999997
11
5.7854518110236217
21
-4.3335380314960625
0
LINE
8
BLACK
6
CONTINUOUS
10
5.8354518110236215
20
-4.3335380314960625
11
5.8403472047244094
21
-4.3363644094488185
0
LINE
8
BLACK
6
CONTINUOUS
10
5.8403472047244094
20
-4.3363644094488185
11
5.8443442519685034
21
-4.3403614566929134
0
LINE
8
BLACK
6
CONTINUOUS
10
5.8443442519685034
20
-4.3403614566929134
11
5.8471706299212594
21
-4.3452568503937004
0
LINE
8
BLACK
6
CONTINUOUS
10
5.8471706299212594
20
-4.3452568503937004
11
5.8486336614173231
21
-4.3507169685039369
0
LINE
8
BLACK
6
CONTINUOUS
10
5.8486336614173231
20
-4.3507169685039369
11
5.8486336614173231
21
-4.3563696456692913
0
LINE
8
BLACK
6
CONTINUOUS
10
5.8486336614173231
20
-4.3563696456692913
11
5.8471706299212594
21
-4.3618297637795278
0
LINE
8
BLACK
6
CONTINUOUS
10
5.8471706299212594
20
-4.3618297637795278
11
5.8443442519685034
21
-4.3667251574803148
0
LINE
8
BLACK
6
CONTINUOUS
10
5.8443442519685034
20
-4.3667251574803148
11
5.8403472047244094
21
-4.3707222047244096
0
LINE
8
BLACK
6
CONTINUOUS
10
5.8403472047244094
20
-4.3707222047244096
11
5.8354518110236215
21
-4.3735485826771656
0
LINE
8
BLACK
6
CONTINUOUS
10
5.8354518110236215
20
-4.3735485826771656
11
5.8299916929133859
21
-4.3750116141732285
0
LINE
8
BLACK
6
CONTINUOUS
10
5.8299916929133859
20
-4.3750116141732285
11
5.8243390157480315
21
-4.3750116141732285
0
LINE
8
BLACK
6
CONTINUOUS
10
5.8243390157480315
20
-4.3750116141732285
11
5.818878897637795
21
-4.3735485826771656
0
LINE
8
BLACK
6
CONTINUOUS
10
5.818878897637795
20
-4.3735485826771656
11
5.813983503937008
21
-4.3707222047244096
0
LINE
8
BLACK
6
CONTINUOUS
10
5.813983503937008
20
-4.3707222047244096
11
5.8099864566929131
21
-4.3667251574803148
0
LINE
8
BLACK
6
CONTINUOUS
10
5.8099864566929131
20
-4.3667251574803148
11
5.8071600787401572
21
-4.3618297637795278
0
LINE
8
BLACK
6
CONTINUOUS
10
5.8071600787401572
20
-4.3618297637795278
11
5.8056970472440943
21
-4.3563696456692913
0
LINE
8
BLACK
6
CONTINUOUS
10
5.8056970472440943
20
-4.3563696456692913
11
5.8056970472440943
21
-4.3507169685039369
0
LINE
8
BLACK
6
CONTINUOUS
10
5.8056970472440943
20
-4.3507169685039369
11
5.8071600787401572
21
-4.3452568503937004
0
LINE
8
BLACK
6
CONTINUOUS
10
5.8071600787401572
20
-4.3452568503937004
11
5.8099864566929131
21
-4.3403614566929134
0
LINE
8
BLACK
6
CONTINUOUS
10
5.8099864566929131
20
-4.3403614566929134
11
5.813983503937008
21
-4.3363644094488185
0
LINE
8
BLACK
6
CONTINUOUS
10
5.813983503937008
20
-4.3363644094488185
11
5.818878897637795
21
-4.3335380314960625
0
LINE
8
BLACK
6
CONTINUOUS
10
5.818878897637795
20
-4.3335380314960625
11
5.8243390157480315
21
-4.3320749999999997
0
LINE
8
BLACK
6
CONTINUOUS
10
5.8243390157480315
20
-4.3320749999999997
11
5.8299916929133859
21
-4.3320749999999997
0
LINE
8
BLACK
6
CONTINUOUS
10
5.8299916929133859
20
-4.3320749999999997
11
5.8354518110236215
21
-4.3335380314960625
0
LINE
8
BLACK
6
CONTINUOUS
10
2.8023523228346456
20
-4.3444840944881893
11
2.8040127559055117
21
-4.3455935433070865
0
LINE
8
BLACK
6
CONTINUOUS
10
2.8040127559055117
20
-4.3455935433070865
11
2.8051222047244093
21
-4.347253976377953
0
LINE
8
BLACK
6
CONTINUOUS
10
2.8051222047244093
20
-4.347253976377953
11
2.8055118110236221
21
-4.349212598425197
0
LINE
8
BLACK
6
CONTINUOUS
10
2.8055118110236221
20
-4.349212598425197
11
2.8055118110236221
21
-4.3594488188976381
0
LINE
8
BLACK
6
CONTINUOUS
10
2.8055118110236221
20
-4.3594488188976381
11
2.8051222047244093
21
-4.3614074409448822
0
LINE
8
BLACK
6
CONTINUOUS
10
2.8051222047244093
20
-4.3614074409448822
11
2.8040127559055117
21
-4.3630678740157478
0
LINE
8
BLACK
6
CONTINUOUS
10
2.8040127559055117
20
-4.3630678740157478
11
2.8023523228346456
21
-4.3641773228346459
0
LINE
8
BLACK
6
CONTINUOUS
10
2.8023523228346456
20
-4.3641773228346459
11
2.8003937007874016
21
-4.3645669291338578
0
LINE
8
BLACK
6
CONTINUOUS
10
2.8003937007874016
20
-4.3645669291338578
11
2.7901574803149605
21
-4.3645669291338578
0
LINE
8
BLACK
6
CONTINUOUS
10
2.7901574803149605
20
-4.3645669291338578
11
2.7881988582677164
21
-4.3641773228346459
0
LINE
8
BLACK
6
CONTINUOUS
10
2.7881988582677164
20
-4.3641773228346459
11
2.7865384251968504
21
-4.3630678740157478
0
LINE
8
BLACK
6
CONTINUOUS
10
2.7865384251968504
20
-4.3630678740157478
11
2.7854289763779527
21
-4.3614074409448822
0
LINE
8
BLACK
6
CONTINUOUS
10
2.7854289763779527
20
-4.3614074409448822
11
2.7850393700787399
21
-4.3594488188976381
0
LINE
8
BLACK
6
CONTINUOUS
10
2.7850393700787399
20
-4.3594488188976381
11
2.7850393700787399
21
-4.349212598425197
0
LINE
8
BLACK
6
CONTINUOUS
10
2.7850393700787399
20
-4.349212598425197
11
2.7854289763779527
21
-4.347253976377953
0
LINE
8
BLACK
6
CONTINUOUS
10
2.7854289763779527
20
-4.347253976377953
11
2.7865384251968504
21
-4.3455935433070865
0
LINE
8
BLACK
6
CONTINUOUS
10
2.7865384251968504
20
-4.3455935433070865
11
2.7881988582677164
21
-4.3444840944881893
0
LINE
8
BLACK
6
CONTINUOUS
10
2.7881988582677164
20
-4.3444840944881893
11
2.7901574803149605
21
-4.3440944881889765
0
LINE
8
BLACK
6
CONTINUOUS
10
2.7901574803149605
20
-4.3440944881889765
11
2.8003937007874016
21
-4.3440944881889765
0
LINE
8
BLACK
6
CONTINUOUS
10
2.8003937007874016
20
-4.3440944881889765
11
2.8023523228346456
21
-4.3444840944881893
0
LINE
8
BLACK
6
CONTINUOUS
10
4.7956102362204724
20
-4.3145078740157476
11
4.6606102362204727
21
-4.3145078740157476
0
LINE
8
BLACK
6
CONTINUOUS
10
4.6606102362204727
20
-4.3145078740157476
11
4.6606102362204727
21
-4.2650196850393698
0
LINE
8
BLACK
6
CONTINUOUS
10
4.6606102362204727
20
-4.2650196850393698
11
4.7956102362204724
21
-4.2650196850393698
0
LINE
8
BLACK
6
CONTINUOUS
10
4.7956102362204724
20
-4.2650196850393698
11
4.7956102362204724
21
-4.3145078740157476
0
LINE
8
BLACK
6
CONTINUOUS
10
3.9710689370078738
20
-4.1722362598425198
11
3.979000905511811
21
-4.174813503937008
0
LINE
8
BLACK
6
CONTINUOUS
10
3.979000905511811
20
-4.174813503937008
11
3.9864320078740159
21
-4.1785998425196853
0
LINE
8
BLACK
6
CONTINUOUS
10
3.9864320078740159
20
-4.1785998425196853
11
3.9931793307086614
21
-4.1835020472440947
0
LINE
8
BLACK
6
CONTINUOUS
10
3.9931793307086614
20
-4.1835020472440947
11
3.9990766929133859
21
-4.1893994094488187
0
LINE
8
BLACK
6
CONTINUOUS
10
3.9990766929133859
20
-4.1893994094488187
11
4.0039788976377952
21
-4.1961467322834647
0
LINE
8
BLACK
6
CONTINUOUS
10
4.0039788976377952
20
-4.1961467322834647
11
4.0077652362204725
21
-4.2035778346456691
0
LINE
8
BLACK
6
CONTINUOUS
10
4.0077652362204725
20
-4.2035778346456691
11
4.0103424803149608
21
-4.2115098031496059
0
LINE
8
BLACK
6
CONTINUOUS
10
4.0103424803149608
20
-4.2115098031496059
11
4.0116471653543302
21
-4.2197472440944885
0
LINE
8
BLACK
6
CONTINUOUS
10
4.0116471653543302
20
-4.2197472440944885
11
4.0116471653543302
21
-4.2280874015748031
0
LINE
8
BLACK
6
CONTINUOUS
10
4.0116471653543302
20
-4.2280874015748031
11
4.0103424803149608
21
-4.2363248425196849
0
LINE
8
BLACK
6
CONTINUOUS
10
4.0103424803149608
20
-4.2363248425196849
11
4.0077652362204725
21
-4.2442568110236216
0
LINE
8
BLACK
6
CONTINUOUS
10
4.0077652362204725
20
-4.2442568110236216
11
4.0039788976377952
21
-4.251687913385827
0
LINE
8
BLACK
6
CONTINUOUS
10
4.0039788976377952
20
-4.251687913385827
11
3.9990766929133859
21
-4.258435236220472
0
LINE
8
BLACK
6
CONTINUOUS
10
3.9990766929133859
20
-4.258435236220472
11
3.9931793307086614
21
-4.264332598425197
0
LINE
8
BLACK
6
CONTINUOUS
10
3.9931793307086614
20
-4.264332598425197
11
3.9864320078740159
21
-4.2692348031496063
0
LINE
8
BLACK
6
CONTINUOUS
10
3.9864320078740159
20
-4.2692348031496063
11
3.979000905511811
21
-4.2730211417322836
0
LINE
8
BLACK
6
CONTINUOUS
10
3.979000905511811
20
-4.2730211417322836
11
3.9710689370078738
21
-4.2755983858267719
0
LINE
8
BLACK
6
CONTINUOUS
10
3.9710689370078738
20
-4.2755983858267719
11
3.962831496062992
21
-4.2769030708661413
0
LINE
8
BLACK
6
CONTINUOUS
10
3.962831496062992
20
-4.2769030708661413
11
3.954491338582677
21
-4.2769030708661413
0
LINE
8
BLACK
6
CONTINUOUS
10
3.954491338582677
20
-4.2769030708661413
11
3.9462538976377952
21
-4.2755983858267719
0
LINE
8
BLACK
6
CONTINUOUS
10
3.9462538976377952
20
-4.2755983858267719
11
3.938321929133858
21
-4.2730211417322836
0
LINE
8
BLACK
6
CONTINUOUS
10
3.938321929133858
20
-4.2730211417322836
11
3.9308908267716536
21
-4.2692348031496063
0
LINE
8
BLACK
6
CONTINUOUS
10
3.9308908267716536
20
-4.2692348031496063
11
3.9241435039370076
21
-4.264332598425197
0
LINE
8
BLACK
6
CONTINUOUS
10
3.9241435039370076
20
-4.264332598425197
11
3.9182461417322836
21
-4.258435236220472
0
LINE
8
BLACK
6
CONTINUOUS
10
3.9182461417322836
20
-4.258435236220472
11
3.9133439370078738
21
-4.251687913385827
0
LINE
8
BLACK
6
CONTINUOUS
10
3.9133439370078738
20
-4.251687913385827
11
3.9095575984251969
21
-4.2442568110236216
0
LINE
8
BLACK
6
CONTINUOUS
10
3.9095575984251969
20
-4.2442568110236216
11
3.9069803543307087
21
-4.2363248425196849
0
LINE
8
BLACK
6
CONTINUOUS
10
3.9069803543307087
20
-4.2363248425196849
11
3.9056756692913384
21
-4.2280874015748031
0
LINE
8
BLACK
6
CONTINUOUS
10
3.9056756692913384
20
-4.2280874015748031
11
3.9056756692913384
21
-4.2197472440944885
0
LINE
8
BLACK
6
CONTINUOUS
10
3.9056756692913384
20
-4.2197472440944885
11
3.9069803543307087
21
-4.2115098031496059
0
LINE
8
BLACK
6
CONTINUOUS
10
3.9069803543307087
20
-4.2115098031496059
11
3.9095575984251969
21
-4.2035778346456691
0
LINE
8
BLACK
6
CONTINUOUS
10
3.9095575984251969
20
-4.2035778346456691
11
3.9133439370078738
21
-4.1961467322834647
0
LINE
8
BLACK
6
CONTINUOUS
10
3.9133439370078738
20
-4.1961467322834647
11
3.9182461417322836
21
-4.1893994094488187
0
LINE
8
BLACK
6
CONTINUOUS
10
3.9182461417322836
20
-4.1893994094488187
11
3.9241435039370076
21
-4.1835020472440947
0
LINE
8
BLACK
6
CONTINUOUS
10
3.9241435039370076
20
-4.1835020472440947
11
3.9308908267716536
21
-4.1785998425196853
0
LINE
8
BLACK
6
CONTINUOUS
10
3.9308908267716536
20
-4.1785998425196853
11
3.938321929133858
21
-4.174813503937008
0
LINE
8
BLACK
6
CONTINUOUS
10
3.938321929133858
20
-4.174813503937008
11
3.9462538976377952
21
-4.1722362598425198
0
LINE
8
BLACK
6
CONTINUOUS
10
3.9462538976377952
20
-4.1722362598425198
11
3.954491338582677
21
-4.1709315748031495
0
LINE
8
BLACK
6
CONTINUOUS
10
3.954491338582677
20
-4.1709315748031495
11
3.962831496062992
21
-4.1709315748031495
0
LINE
8
BLACK
6
CONTINUOUS
10
3.962831496062992
20
-4.1709315748031495
11
3.9710689370078738
21
-4.1722362598425198
0
LINE
8
BLACK
6
CONTINUOUS
10
4.5025649999999997
20
-4.1722362598425198
11
4.5104969685039373
21
-4.174813503937008
0
LINE
8
BLACK
6
CONTINUOUS
10
4.5104969685039373
20
-4.174813503937008
11
4.5179280708661418
21
-4.1785998425196853
0
LINE
8
BLACK
6
CONTINUOUS
10
4.5179280708661418
20
-4.1785998425196853
11
4.5246753937007869
21
-4.1835020472440947
0
LINE
8
BLACK
6
CONTINUOUS
10
4.5246753937007869
20
-4.1835020472440947
11
4.5305727559055118
21
-4.1893994094488187
0
LINE
8
BLACK
6
CONTINUOUS
10
4.5305727559055118
20
-4.1893994094488187
11
4.5354749606299212
21
-4.1961467322834647
0
LINE
8
BLACK
6
CONTINUOUS
10
4.5354749606299212
20
-4.1961467322834647
11
4.5392612992125985
21
-4.2035778346456691
0
LINE
8
BLACK
6
CONTINUOUS
10
4.5392612992125985
20
-4.2035778346456691
11
4.5418385433070867
21
-4.2115098031496059
0
LINE
8
BLACK
6
CONTINUOUS
10
4.5418385433070867
20
-4.2115098031496059
11
4.543143228346457
21
-4.2197472440944885
0
LINE
8
BLACK
6
CONTINUOUS
10
4.543143228346457
20
-4.2197472440944885
11
4.543143228346457
21
-4.2280874015748031
0
LINE
8
BLACK
6
CONTINUOUS
10
4.543143228346457
20
-4.2280874015748031
11
4.5418385433070867
21
-4.2363248425196849
0
LINE
8
BLACK
6
CONTINUOUS
10
4.5418385433070867
20
-4.2363248425196849
11
4.5392612992125985
21
-4.2442568110236216
0
LINE
8
BLACK
6
CONTINUOUS
10
4.5392612992125985
20
-4.2442568110236216
11
4.5354749606299212
21
-4.251687913385827
0
LINE
8
BLACK
6
CONTINUOUS
10
4.5354749606299212
20
-4.251687913385827
11
4.5305727559055118
21
-4.258435236220472
0
LINE
8
BLACK
6
CONTINUOUS
10
4.5305727559055118
20
-4.258435236220472
11
4.5246753937007869
21
-4.264332598425197
0
LINE
8
BLACK
6
CONTINUOUS
10
4.5246753937007869
20
-4.264332598425197
11
4.5179280708661418
21
-4.2692348031496063
0
LINE
8
BLACK
6
CONTINUOUS
10
4.5179280708661418
20
-4.2692348031496063
11
4.5104969685039373
21
-4.2730211417322836
0
LINE
8
BLACK
6
CONTINUOUS
10
4.5104969685039373
20
-4.2730211417322836
11
4.5025649999999997
21
-4.2755983858267719
0
LINE
8
BLACK
6
CONTINUOUS
10
4.5025649999999997
20
-4.2755983858267719
11
4.4943275590551179
21
-4.2769030708661413
0
LINE
8
BLACK
6
CONTINUOUS
10
4.4943275590551179
20
-4.2769030708661413
11
4.4859874015748034
21
-4.2769030708661413
0
LINE
8
BLACK
6
CONTINUOUS
10
4.4859874015748034
20
-4.2769030708661413
11
4.4777499606299216
21
-4.2755983858267719
0
LINE
8
BLACK
6
CONTINUOUS
10
4.4777499606299216
20
-4.2755983858267719
11
4.469817992125984
21
-4.2730211417322836
0
LINE
8
BLACK
6
CONTINUOUS
10
4.469817992125984
20
-4.2730211417322836
11
4.4623868897637795
21
-4.2692348031496063
0
LINE
8
BLACK
6
CONTINUOUS
10
4.4623868897637795
20
-4.2692348031496063
11
4.4556395669291335
21
-4.264332598425197
0
LINE
8
BLACK
6
CONTINUOUS
10
4.4556395669291335
20
-4.264332598425197
11
4.4497422047244095
21
-4.258435236220472
0
LINE
8
BLACK
6
CONTINUOUS
10
4.4497422047244095
20
-4.258435236220472
11
4.4448400000000001
21
-4.251687913385827
0
LINE
8
BLACK
6
CONTINUOUS
10
4.4448400000000001
20
-4.251687913385827
11
4.4410536614173228
21
-4.2442568110236216
0
LINE
8
BLACK
6
CONTINUOUS
10
4.4410536614173228
20
-4.2442568110236216
11
4.4384764173228346
21
-4.2363248425196849
0
LINE
8
BLACK
6
CONTINUOUS
10
4.4384764173228346
20
-4.2363248425196849
11
4.4371717322834643
21
-4.2280874015748031
0
LINE
8
BLACK
6
CONTINUOUS
10
4.4371717322834643
20
-4.2280874015748031
11
4.4371717322834643
21
-4.2197472440944885
0
LINE
8
BLACK
6
CONTINUOUS
10
4.4371717322834643
20
-4.2197472440944885
11
4.4384764173228346
21
-4.2115098031496059
0
LINE
8
BLACK
6
CONTINUOUS
10
4.4384764173228346
20
-4.2115098031496059
11
4.4410536614173228
21
-4.2035778346456691
0
LINE
8
BLACK
6
CONTINUOUS
10
4.4410536614173228
20
-4.2035778346456691
11
4.4448400000000001
21
-4.1961467322834647
0
LINE
8
BLACK
6
CONTINUOUS
10
4.4448400000000001
20
-4.1961467322834647
11
4.4497422047244095
21
-4.1893994094488187
0
LINE
8
BLACK
6
CONTINUOUS
10
4.4497422047244095
20
-4.1893994094488187
11
4.4556395669291335
21
-4.1835020472440947
0
LINE
8
BLACK
6
CONTINUOUS
10
4.4556395669291335
20
-4.1835020472440947
11
4.4623868897637795
21
-4.1785998425196853
0
LINE
8
BLACK
6
CONTINUOUS
10
4.4623868897637795
20
-4.1785998425196853
11
4.469817992125984
21
-4.174813503937008
0
LINE
8
BLACK
6
CONTINUOUS
10
4.469817992125984
20
-4.174813503937008
11
4.4777499606299216
21
-4.1722362598425198
0
LINE
8
BLACK
6
CONTINUOUS
10
4.4777499606299216
20
-4.1722362598425198
11
4.4859874015748034
21
-4.1709315748031495
0
LINE
8
BLACK
6
CONTINUOUS
10
4.4859874015748034
20
-4.1709315748031495
11
4.4943275590551179
21
-4.1709315748031495
0
LINE
8
BLACK
6
CONTINUOUS
10
4.4943275590551179
20
-4.1709315748031495
11
4.5025649999999997
21
-4.1722362598425198
0
LINE
8
BLACK
6
CONTINUOUS
10
6.2559158661417325
20
-4.2371762992125985
11
6.2608796062992127
21
-4.2385062992125979
0
LINE
8
BLACK
6
CONTINUOUS
10
6.2608796062992127
20
-4.2385062992125979
11
6.2653299606299209
21
-4.241075708661417
0
LINE
8
BLACK
6
CONTINUOUS
10
6.2653299606299209
20
-4.241075708661417
11
6.268963661417323
21
-4.2447094094488191
0
LINE
8
BLACK
6
CONTINUOUS
10
6.268963661417323
20
-4.2447094094488191
11
6.2715330708661412
21
-4.2491597637795273
0
LINE
8
BLACK
6
CONTINUOUS
10
6.2715330708661412
20
-4.2491597637795273
11
6.2728630708661415
21
-4.2541235039370076
0
LINE
8
BLACK
6
CONTINUOUS
10
6.2728630708661415
20
-4.2541235039370076
11
6.2728630708661415
21
-4.2592623228346458
0
LINE
8
BLACK
6
CONTINUOUS
10
6.2728630708661415
20
-4.2592623228346458
11
6.2715330708661412
21
-4.264226062992126
0
LINE
8
BLACK
6
CONTINUOUS
10
6.2715330708661412
20
-4.264226062992126
11
6.268963661417323
21
-4.2686764173228342
0
LINE
8
BLACK
6
CONTINUOUS
10
6.268963661417323
20
-4.2686764173228342
11
6.2653299606299209
21
-4.2723101181102363
0
LINE
8
BLACK
6
CONTINUOUS
10
6.2653299606299209
20
-4.2723101181102363
11
6.2608796062992127
21
-4.2748795275590554
0
LINE
8
BLACK
6
CONTINUOUS
10
6.2608796062992127
20
-4.2748795275590554
11
6.2559158661417325
21
-4.2762095275590548
0
LINE
8
BLACK
6
CONTINUOUS
10
6.2559158661417325
20
-4.2762095275590548
11
6.2533464566929133
21
-4.2763779527559054
0
LINE
8
BLACK
6
CONTINUOUS
10
6.2533464566929133
20
-4.2763779527559054
11
6.2100393700787402
21
-4.2763779527559054
0
LINE
8
BLACK
6
CONTINUOUS
10
6.2100393700787402
20
-4.2763779527559054
11
6.2074699606299211
21
-4.2762095275590548
0
LINE
8
BLACK
6
CONTINUOUS
10
6.2074699606299211
20
-4.2762095275590548
11
6.2025062204724408
21
-4.2748795275590554
0
LINE
8
BLACK
6
CONTINUOUS
10
6.2025062204724408
20
-4.2748795275590554
11
6.1980558661417318
21
-4.2723101181102363
0
LINE
8
BLACK
6
CONTINUOUS
10
6.1980558661417318
20
-4.2723101181102363
11
6.1944221653543305
21
-4.2686764173228342
0
LINE
8
BLACK
6
CONTINUOUS
10
6.1944221653543305
20
-4.2686764173228342
11
6.1918527559055114
21
-4.264226062992126
0
LINE
8
BLACK
6
CONTINUOUS
10
6.1918527559055114
20
-4.264226062992126
11
6.190522755905512
21
-4.2592623228346458
0
LINE
8
BLACK
6
CONTINUOUS
10
6.190522755905512
20
-4.2592623228346458
11
6.190522755905512
21
-4.2541235039370076
0
LINE
8
BLACK
6
CONTINUOUS
10
6.190522755905512
20
-4.2541235039370076
11
6.1918527559055114
21
-4.2491597637795273
0
LINE
8
BLACK
6
CONTINUOUS
10
6.1918527559055114
20
-4.2491597637795273
11
6.1944221653543305
21
-4.2447094094488191
0
LINE
8
BLACK
6
CONTINUOUS
10
6.1944221653543305
20
-4.2447094094488191
11
6.1980558661417318
21
-4.241075708661417
0
LINE
8
BLACK
6
CONTINUOUS
10
6.1980558661417318
20
-4.241075708661417
11
6.2025062204724408
21
-4.2385062992125979
0
LINE
8
BLACK
6
CONTINUOUS
10
6.2025062204724408
20
-4.2385062992125979
11
6.2074699606299211
21
-4.2371762992125985
0
LINE
8
BLACK
6
CONTINUOUS
10
6.2074699606299211
20
-4.2371762992125985
11
6.2100393700787402
21
-4.237007874015748
0
LINE
8
BLACK
6
CONTINUOUS
10
6.2100393700787402
20
-4.237007874015748
11
6.2533464566929133
21
-4.237007874015748
0
LINE
8
BLACK
6
CONTINUOUS
10
6.2533464566929133
20
-4.237007874015748
11
6.2559158661417325
21
-4.2371762992125985
0
LINE
8
BLACK
6
CONTINUOUS
10
6.4145772834645669
20
-4.2371762992125985
11
6.4195410236220471
21
-4.2385062992125979
0
LINE
8
BLACK
6
CONTINUOUS
10
6.4195410236220471
20
-4.2385062992125979
11
6.4239913779527553
21
-4.241075708661417
0
LINE
8
BLACK
6
CONTINUOUS
10
6.4239913779527553
20
-4.241075708661417
11
6.4276250787401574
21
-4.2447094094488191
0
LINE
8
BLACK
6
CONTINUOUS
10
6.4276250787401574
20
-4.2447094094488191
11
6.4301944881889765
21
-4.2491597637795273
0
LINE
8
BLACK
6
CONTINUOUS
10
6.4301944881889765
20
-4.2491597637795273
11
6.4315244881889759
21
-4.2541235039370076
0
LINE
8
BLACK
6
CONTINUOUS
10
6.4315244881889759
20
-4.2541235039370076
11
6.4315244881889759
21
-4.2592623228346458
0
LINE
8
BLACK
6
CONTINUOUS
10
6.4315244881889759
20
-4.2592623228346458
11
6.4301944881889765
21
-4.264226062992126
0
LINE
8
BLACK
6
CONTINUOUS
10
6.4301944881889765
20
-4.264226062992126
11
6.4276250787401574
21
-4.2686764173228342
0
LINE
8
BLACK
6
CONTINUOUS
10
6.4276250787401574
20
-4.2686764173228342
11
6.4239913779527553
21
-4.2723101181102363
0
LINE
8
BLACK
6
CONTINUOUS
10
6.4239913779527553
20
-4.2723101181102363
11
6.4195410236220471
21
-4.2748795275590554
0
LINE
8
BLACK
6
CONTINUOUS
10
6.4195410236220471
20
-4.2748795275590554
11
6.4145772834645669
21
-4.2762095275590548
0
LINE
8
BLACK
6
CONTINUOUS
10
6.4145772834645669
20
-4.2762095275590548
11
6.4120078740157478
21
-4.2763779527559054
0
LINE
8
BLACK
6
CONTINUOUS
10
6.4120078740157478
20
-4.2763779527559054
11
6.3805118110236219
21
-4.2763779527559054
0
LINE
8
BLACK
6
CONTINUOUS
10
6.3805118110236219
20
-4.2763779527559054
11
6.3779424015748027
21
-4.2762095275590548
0
LINE
8
BLACK
6
CONTINUOUS
10
6.3779424015748027
20
-4.2762095275590548
11
6.3729786614173225
21
-4.2748795275590554
0
LINE
8
BLACK
6
CONTINUOUS
10
6.3729786614173225
20
-4.2748795275590554
11
6.3685283070866143
21
-4.2723101181102363
0
LINE
8
BLACK
6
CONTINUOUS
10
6.3685283070866143
20
-4.2723101181102363
11
6.3648946062992122
21
-4.2686764173228342
0
LINE
8
BLACK
6
CONTINUOUS
10
6.3648946062992122
20
-4.2686764173228342
11
6.362325196850394
21
-4.264226062992126
0
LINE
8
BLACK
6
CONTINUOUS
10
6.362325196850394
20
-4.264226062992126
11
6.3609951968503937
21
-4.2592623228346458
0
LINE
8
BLACK
6
CONTINUOUS
10
6.3609951968503937
20
-4.2592623228346458
11
6.3609951968503937
21
-4.2541235039370076
0
LINE
8
BLACK
6
CONTINUOUS
10
6.3609951968503937
20
-4.2541235039370076
11
6.362325196850394
21
-4.2491597637795273
0
LINE
8
BLACK
6
CONTINUOUS
10
6.362325196850394
20
-4.2491597637795273
11
6.3648946062992122
21
-4.2447094094488191
0
LINE
8
BLACK
6
CONTINUOUS
10
6.3648946062992122
20
-4.2447094094488191
11
6.3685283070866143
21
-4.241075708661417
0
LINE
8
BLACK
6
CONTINUOUS
10
6.3685283070866143
20
-4.241075708661417
11
6.3729786614173225
21
-4.2385062992125979
0
LINE
8
BLACK
6
CONTINUOUS
10
6.3729786614173225
20
-4.2385062992125979
11
6.3779424015748027
21
-4.2371762992125985
0
LINE
8
BLACK
6
CONTINUOUS
10
6.3779424015748027
20
-4.2371762992125985
11
6.3805118110236219
21
-4.237007874015748
0
LINE
8
BLACK
6
CONTINUOUS
10
6.3805118110236219
20
-4.237007874015748
11
6.4120078740157478
21
-4.237007874015748
0
LINE
8
BLACK
6
CONTINUOUS
10
6.4120078740157478
20
-4.237007874015748
11
6.4145772834645669
21
-4.2371762992125985
0
LINE
8
BLACK
6
CONTINUOUS
10
5.7440944881889759
20
-4.2677165354330704
11
5.734251968503937
21
-4.2677165354330704
0
LINE
8
BLACK
6
CONTINUOUS
10
5.734251968503937
20
-4.2677165354330704
11
5.734251968503937
21
-4.2440944881889759
0
LINE
8
BLACK
6
CONTINUOUS
10
5.734251968503937
20
-4.2440944881889759
11
5.7440944881889759
21
-4.2440944881889759
0
LINE
8
BLACK
6
CONTINUOUS
10
5.7440944881889759
20
-4.2440944881889759
11
5.7440944881889759
21
-4.2677165354330704
0
LINE
8
BLACK
6
CONTINUOUS
10
5.7637795275590546
20
-4.2677165354330704
11
5.7539370078740157
21
-4.2677165354330704
0
LINE
8
BLACK
6
CONTINUOUS
10
5.7539370078740157
20
-4.2677165354330704
11
5.7539370078740157
21
-4.2440944881889759
0
LINE
8
BLACK
6
CONTINUOUS
10
5.7539370078740157
20
-4.2440944881889759
11
5.7637795275590546
21
-4.2440944881889759
0
LINE
8
BLACK
6
CONTINUOUS
10
5.7637795275590546
20
-4.2440944881889759
11
5.7637795275590546
21
-4.2677165354330704
0
LINE
8
BLACK
6
CONTINUOUS
10
5.7834645669291334
20
-4.2677165354330704
11
5.7736220472440944
21
-4.2677165354330704
0
LINE
8
BLACK
6
CONTINUOUS
10
5.7736220472440944
20
-4.2677165354330704
11
5.7736220472440944
21
-4.2440944881889759
0
LINE
8
BLACK
6
CONTINUOUS
10
5.7736220472440944
20
-4.2440944881889759
11
5.7834645669291334
21
-4.2440944881889759
0
LINE
8
BLACK
6
CONTINUOUS
10
5.7834645669291334
20
-4.2440944881889759
11
5.7834645669291334
21
-4.2677165354330704
0
LINE
8
BLACK
6
CONTINUOUS
10
5.8031496062992121
20
-4.2677165354330704
11
5.7933070866141732
21
-4.2677165354330704
0
LINE
8
BLACK
6
CONTINUOUS
10
5.7933070866141732
20
-4.2677165354330704
11
5.7933070866141732
21
-4.2440944881889759
0
LINE
8
BLACK
6
CONTINUOUS
10
5.7933070866141732
20
-4.2440944881889759
11
5.8031496062992121
21
-4.2440944881889759
0
LINE
8
BLACK
6
CONTINUOUS
10
5.8031496062992121
20
-4.2440944881889759
11
5.8031496062992121
21
-4.2677165354330704
0
LINE
8
BLACK
6
CONTINUOUS
10
5.8228346456692908
20
-4.2677165354330704
11
5.8129921259842519
21
-4.2677165354330704
0
LINE
8
BLACK
6
CONTINUOUS
10
5.8129921259842519
20
-4.2677165354330704
11
5.8129921259842519
21
-4.2440944881889759
0
LINE
8
BLACK
6
CONTINUOUS
10
5.8129921259842519
20
-4.2440944881889759
11
5.8228346456692908
21
-4.2440944881889759
0
LINE
8
BLACK
6
CONTINUOUS
10
5.8228346456692908
20
-4.2440944881889759
11
5.8228346456692908
21
-4.2677165354330704
0
LINE
8
BLACK
6
CONTINUOUS
10
3.0596516141732284
20
-4.1491063385826772
11
3.0675835826771651
21
-4.1516835826771654
0
LINE
8
BLACK
6
CONTINUOUS
10
3.0675835826771651
20
-4.1516835826771654
11
3.07501468503937
21
-4.1554699212598427
0
LINE
8
BLACK
6
CONTINUOUS
10
3.07501468503937
20
-4.1554699212598427
11
3.0817620078740156
21
-4.1603721259842521
0
LINE
8
BLACK
6
CONTINUOUS
10
3.0817620078740156
20
-4.1603721259842521
11
3.08765937007874
21
-4.1662694881889761
0
LINE
8
BLACK
6
CONTINUOUS
10
3.08765937007874
20
-4.1662694881889761
11
3.0925615748031494
21
-4.1730168110236221
0
LINE
8
BLACK
6
CONTINUOUS
10
3.0925615748031494
20
-4.1730168110236221
11
3.0963479133858267
21
-4.1804479133858266
0
LINE
8
BLACK
6
CONTINUOUS
10
3.0963479133858267
20
-4.1804479133858266
11
3.0989251574803149
21
-4.1883798818897633
0
LINE
8
BLACK
6
CONTINUOUS
10
3.0989251574803149
20
-4.1883798818897633
11
3.1002298425196848
21
-4.1966173228346459
0
LINE
8
BLACK
6
CONTINUOUS
10
3.1002298425196848
20
-4.1966173228346459
11
3.1002298425196848
21
-4.2049574803149605
0
LINE
8
BLACK
6
CONTINUOUS
10
3.1002298425196848
20
-4.2049574803149605
11
3.0989251574803149
21
-4.2131949212598423
0
LINE
8
BLACK
6
CONTINUOUS
10
3.0989251574803149
20
-4.2131949212598423
11
3.0963479133858267
21
-4.221126889763779
0
LINE
8
BLACK
6
CONTINUOUS
10
3.0963479133858267
20
-4.221126889763779
11
3.0925615748031494
21
-4.2285579921259844
0
LINE
8
BLACK
6
CONTINUOUS
10
3.0925615748031494
20
-4.2285579921259844
11
3.08765937007874
21
-4.2353053149606295
0
LINE
8
BLACK
6
CONTINUOUS
10
3.08765937007874
20
-4.2353053149606295
11
3.0817620078740156
21
-4.2412026771653544
0
LINE
8
BLACK
6
CONTINUOUS
10
3.0817620078740156
20
-4.2412026771653544
11
3.07501468503937
21
-4.2461048818897638
0
LINE
8
BLACK
6
CONTINUOUS
10
3.07501468503937
20
-4.2461048818897638
11
3.0675835826771651
21
-4.2498912204724411
0
LINE
8
BLACK
6
CONTINUOUS
10
3.0675835826771651
20
-4.2498912204724411
11
3.0596516141732284
21
-4.2524684645669293
0
LINE
8
BLACK
6
CONTINUOUS
10
3.0596516141732284
20
-4.2524684645669293
11
3.0514141732283462
21
-4.2537731496062987
0
LINE
8
BLACK
6
CONTINUOUS
10
3.0514141732283462
20
-4.2537731496062987
11
3.0430740157480316
21
-4.2537731496062987
0
LINE
8
BLACK
6
CONTINUOUS
10
3.0430740157480316
20
-4.2537731496062987
11
3.0348365748031494
21
-4.2524684645669293
0
LINE
8
BLACK
6
CONTINUOUS
10
3.0348365748031494
20
-4.2524684645669293
11
3.0269046062992127
21
-4.2498912204724411
0
LINE
8
BLACK
6
CONTINUOUS
10
3.0269046062992127
20
-4.2498912204724411
11
3.0194735039370078
21
-4.2461048818897638
0
LINE
8
BLACK
6
CONTINUOUS
10
3.0194735039370078
20
-4.2461048818897638
11
3.0127261811023622
21
-4.2412026771653544
0
LINE
8
BLACK
6
CONTINUOUS
10
3.0127261811023622
20
-4.2412026771653544
11
3.0068288188976378
21
-4.2353053149606295
0
LINE
8
BLACK
6
CONTINUOUS
10
3.0068288188976378
20
-4.2353053149606295
11
3.0019266141732284
21
-4.2285579921259844
0
LINE
8
BLACK
6
CONTINUOUS
10
3.0019266141732284
20
-4.2285579921259844
11
2.9981402755905511
21
-4.221126889763779
0
LINE
8
BLACK
6
CONTINUOUS
10
2.9981402755905511
20
-4.221126889763779
11
2.9955630314960628
21
-4.2131949212598423
0
LINE
8
BLACK
6
CONTINUOUS
10
2.9955630314960628
20
-4.2131949212598423
11
2.994258346456693
21
-4.2049574803149605
0
LINE
8
BLACK
6
CONTINUOUS
10
2.994258346456693
20
-4.2049574803149605
11
2.994258346456693
21
-4.1966173228346459
0
LINE
8
BLACK
6
CONTINUOUS
10
2.994258346456693
20
-4.1966173228346459
11
2.9955630314960628
21
-4.1883798818897633
0
LINE
8
BLACK
6
CONTINUOUS
10
2.9955630314960628
20
-4.1883798818897633
11
2.9981402755905511
21
-4.1804479133858266
0
LINE
8
BLACK
6
CONTINUOUS
10
2.9981402755905511
20
-4.1804479133858266
11
3.0019266141732284
21
-4.1730168110236221
0
LINE
8
BLACK
6
CONTINUOUS
10
3.0019266141732284
20
-4.1730168110236221
11
3.0068288188976378
21
-4.1662694881889761
0
LINE
8
BLACK
6
CONTINUOUS
10
3.0068288188976378
20
-4.1662694881889761
11
3.0127261811023622
21
-4.1603721259842521
0
LINE
8
BLACK
6
CONTINUOUS
10
3.0127261811023622
20
-4.1603721259842521
11
3.0194735039370078
21
-4.1554699212598427
0
LINE
8
BLACK
6
CONTINUOUS
10
3.0194735039370078
20
-4.1554699212598427
11
3.0269046062992127
21
-4.1516835826771654
0
LINE
8
BLACK
6
CONTINUOUS
10
3.0269046062992127
20
-4.1516835826771654
11
3.0348365748031494
21
-4.1491063385826772
0
LINE
8
BLACK
6
CONTINUOUS
10
3.0348365748031494
20
-4.1491063385826772
11
3.0430740157480316
21
-4.1478016535433069
0
LINE
8
BLACK
6
CONTINUOUS
10
3.0430740157480316
20
-4.1478016535433069
11
3.0514141732283462
21
-4.1478016535433069
0
LINE
8
BLACK
6
CONTINUOUS
10
3.0514141732283462
20
-4.1478016535433069
11
3.0596516141732284
21
-4.1491063385826772
0
LINE
8
BLACK
6
CONTINUOUS
10
3.5911476771653543
20
-4.1491063385826772
11
3.5990796456692911
21
-4.1516835826771654
0
LINE
8
BLACK
6
CONTINUOUS
10
3.5990796456692911
20
-4.1516835826771654
11
3.606510748031496
21
-4.1554699212598427
0
LINE
8
BLACK
6
CONTINUOUS
10
3.606510748031496
20
-4.1554699212598427
11
3.6132580708661415
21
-4.1603721259842521
0
LINE
8
BLACK
6
CONTINUOUS
10
3.6132580708661415
20
-4.1603721259842521
11
3.619155433070866
21
-4.1662694881889761
0
LINE
8
BLACK
6
CONTINUOUS
10
3.619155433070866
20
-4.1662694881889761
11
3.6240576377952753
21
-4.1730168110236221
0
LINE
8
BLACK
6
CONTINUOUS
10
3.6240576377952753
20
-4.1730168110236221
11
3.6278439763779526
21
-4.1804479133858266
0
LINE
8
BLACK
6
CONTINUOUS
10
3.6278439763779526
20
-4.1804479133858266
11
3.6304212204724409
21
-4.1883798818897633
0
LINE
8
BLACK
6
CONTINUOUS
10
3.6304212204724409
20
-4.1883798818897633
11
3.6317259055118107
21
-4.1966173228346459
0
LINE
8
BLACK
6
CONTINUOUS
10
3.6317259055118107
20
-4.1966173228346459
11
3.6317259055118107
21
-4.2049574803149605
0
LINE
8
BLACK
6
CONTINUOUS
10
3.6317259055118107
20
-4.2049574803149605
11
3.6304212204724409
21
-4.2131949212598423
0
LINE
8
BLACK
6
CONTINUOUS
10
3.6304212204724409
20
-4.2131949212598423
11
3.6278439763779526
21
-4.221126889763779
0
LINE
8
BLACK
6
CONTINUOUS
10
3.6278439763779526
20
-4.221126889763779
11
3.6240576377952753
21
-4.2285579921259844
0
LINE
8
BLACK
6
CONTINUOUS
10
3.6240576377952753
20
-4.2285579921259844
11
3.619155433070866
21
-4.2353053149606295
0
LINE
8
BLACK
6
CONTINUOUS
10
3.619155433070866
20
-4.2353053149606295
11
3.6132580708661415
21
-4.2412026771653544
0
LINE
8
BLACK
6
CONTINUOUS
10
3.6132580708661415
20
-4.2412026771653544
11
3.606510748031496
21
-4.2461048818897638
0
LINE
8
BLACK
6
CONTINUOUS
10
3.606510748031496
20
-4.2461048818897638
11
3.5990796456692911
21
-4.2498912204724411
0
LINE
8
BLACK
6
CONTINUOUS
10
3.5990796456692911
20
-4.2498912204724411
11
3.5911476771653543
21
-4.2524684645669293
0
LINE
8
BLACK
6
CONTINUOUS
10
3.5911476771653543
20
-4.2524684645669293
11
3.5829102362204726
21
-4.2537731496062987
0
LINE
8
BLACK
6
CONTINUOUS
10
3.5829102362204726
20
-4.2537731496062987
11
3.5745700787401575
21
-4.2537731496062987
0
LINE
8
BLACK
6
CONTINUOUS
10
3.5745700787401575
20
-4.2537731496062987
11
3.5663326377952753
21
-4.2524684645669293
0
LINE
8
BLACK
6
CONTINUOUS
10
3.5663326377952753
20
-4.2524684645669293
11
3.5584006692913386
21
-4.2498912204724411
0
LINE
8
BLACK
6
CONTINUOUS
10
3.5584006692913386
20
-4.2498912204724411
11
3.5509695669291337
21
-4.2461048818897638
0
LINE
8
BLACK
6
CONTINUOUS
10
3.5509695669291337
20
-4.2461048818897638
11
3.5442222440944882
21
-4.2412026771653544
0
LINE
8
BLACK
6
CONTINUOUS
10
3.5442222440944882
20
-4.2412026771653544
11
3.5383248818897637
21
-4.2353053149606295
0
LINE
8
BLACK
6
CONTINUOUS
10
3.5383248818897637
20
-4.2353053149606295
11
3.5334226771653543
21
-4.2285579921259844
0
LINE
8
BLACK
6
CONTINUOUS
10
3.5334226771653543
20
-4.2285579921259844
11
3.529636338582677
21
-4.221126889763779
0
LINE
8
BLACK
6
CONTINUOUS
10
3.529636338582677
20
-4.221126889763779
11
3.5270590944881888
21
-4.2131949212598423
0
LINE
8
BLACK
6
CONTINUOUS
10
3.5270590944881888
20
-4.2131949212598423
11
3.5257544094488189
21
-4.2049574803149605
0
LINE
8
BLACK
6
CONTINUOUS
10
3.5257544094488189
20
-4.2049574803149605
11
3.5257544094488189
21
-4.1966173228346459
0
LINE
8
BLACK
6
CONTINUOUS
10
3.5257544094488189
20
-4.1966173228346459
11
3.5270590944881888
21
-4.1883798818897633
0
LINE
8
BLACK
6
CONTINUOUS
10
3.5270590944881888
20
-4.1883798818897633
11
3.529636338582677
21
-4.1804479133858266
0
LINE
8
BLACK
6
CONTINUOUS
10
3.529636338582677
20
-4.1804479133858266
11
3.5334226771653543
21
-4.1730168110236221
0
LINE
8
BLACK
6
CONTINUOUS
10
3.5334226771653543
20
-4.1730168110236221
11
3.5383248818897637
21
-4.1662694881889761
0
LINE
8
BLACK
6
CONTINUOUS
10
3.5383248818897637
20
-4.1662694881889761
11
3.5442222440944882
21
-4.1603721259842521
0
LINE
8
BLACK
6
CONTINUOUS
10
3.5442222440944882
20
-4.1603721259842521
11
3.5509695669291337
21
-4.1554699212598427
0
LINE
8
BLACK
6
CONTINUOUS
10
3.5509695669291337
20
-4.1554699212598427
11
3.5584006692913386
21
-4.1516835826771654
0
LINE
8
BLACK
6
CONTINUOUS
10
3.5584006692913386
20
-4.1516835826771654
11
3.5663326377952753
21
-4.1491063385826772
0
LINE
8
BLACK
6
CONTINUOUS
10
3.5663326377952753
20
-4.1491063385826772
11
3.5745700787401575
21
-4.1478016535433069
0
LINE
8
BLACK
6
CONTINUOUS
10
3.5745700787401575
20
-4.1478016535433069
11
3.5829102362204726
21
-4.1478016535433069
0
LINE
8
BLACK
6
CONTINUOUS
10
3.5829102362204726
20
-4.1478016535433069
11
3.5911476771653543
21
-4.1491063385826772
0
LINE
8
BLACK
6
CONTINUOUS
10
6.144084606299212
20
-4.2291297637795271
11
6.1457450393700785
21
-4.2302392125984252
0
LINE
8
BLACK
6
CONTINUOUS
10
6.1457450393700785
20
-4.2302392125984252
11
6.1468544881889766
21
-4.2318996456692917
0
LINE
8
BLACK
6
CONTINUOUS
10
6.1468544881889766
20
-4.2318996456692917
11
6.1472440944881885
21
-4.2338582677165357
0
LINE
8
BLACK
6
CONTINUOUS
10
6.1472440944881885
20
-4.2338582677165357
11
6.1472440944881885
21
-4.2440944881889759
0
LINE
8
BLACK
6
CONTINUOUS
10
6.1472440944881885
20
-4.2440944881889759
11
6.1468544881889766
21
-4.24605311023622
0
LINE
8
BLACK
6
CONTINUOUS
10
6.1468544881889766
20
-4.24605311023622
11
6.1457450393700785
21
-4.2477135433070865
0
LINE
8
BLACK
6
CONTINUOUS
10
6.1457450393700785
20
-4.2477135433070865
11
6.144084606299212
21
-4.2488229921259846
0
LINE
8
BLACK
6
CONTINUOUS
10
6.144084606299212
20
-4.2488229921259846
11
6.142125984251968
21
-4.2492125984251965
0
LINE
8
BLACK
6
CONTINUOUS
10
6.142125984251968
20
-4.2492125984251965
11
6.1318897637795278
21
-4.2492125984251965
0
LINE
8
BLACK
6
CONTINUOUS
10
6.1318897637795278
20
-4.2492125984251965
11
6.1299311417322837
21
-4.2488229921259846
0
LINE
8
BLACK
6
CONTINUOUS
10
6.1299311417322837
20
-4.2488229921259846
11
6.1282707086614172
21
-4.2477135433070865
0
LINE
8
BLACK
6
CONTINUOUS
10
6.1282707086614172
20
-4.2477135433070865
11
6.1271612598425191
21
-4.24605311023622
0
LINE
8
BLACK
6
CONTINUOUS
10
6.1271612598425191
20
-4.24605311023622
11
6.1267716535433072
21
-4.2440944881889759
0
LINE
8
BLACK
6
CONTINUOUS
10
6.1267716535433072
20
-4.2440944881889759
11
6.1267716535433072
21
-4.2338582677165357
0
LINE
8
BLACK
6
CONTINUOUS
10
6.1267716535433072
20
-4.2338582677165357
11
6.1271612598425191
21
-4.2318996456692917
0
LINE
8
BLACK
6
CONTINUOUS
10
6.1271612598425191
20
-4.2318996456692917
11
6.1282707086614172
21
-4.2302392125984252
0
LINE
8
BLACK
6
CONTINUOUS
10
6.1282707086614172
20
-4.2302392125984252
11
6.1299311417322837
21
-4.2291297637795271
0
LINE
8
BLACK
6
CONTINUOUS
10
6.1299311417322837
20
-4.2291297637795271
11
6.1318897637795278
21
-4.2287401574803152
0
LINE
8
BLACK
6
CONTINUOUS
10
6.1318897637795278
20
-4.2287401574803152
11
6.142125984251968
21
-4.2287401574803152
0
LINE
8
BLACK
6
CONTINUOUS
10
6.142125984251968
20
-4.2287401574803152
11
6.144084606299212
21
-4.2291297637795271
0
LINE
8
BLACK
6
CONTINUOUS
10
5.7440944881889759
20
-4.234251968503937
11
5.734251968503937
21
-4.234251968503937
0
LINE
8
BLACK
6
CONTINUOUS
10
5.734251968503937
20
-4.234251968503937
11
5.734251968503937
21
-4.2106299212598426
0
LINE
8
BLACK
6
CONTINUOUS
10
5.734251968503937
20
-4.2106299212598426
11
5.7440944881889759
21
-4.2106299212598426
0
LINE
8
BLACK
6
CONTINUOUS
10
5.7440944881889759
20
-4.2106299212598426
11
5.7440944881889759
21
-4.234251968503937
0
LINE
8
BLACK
6
CONTINUOUS
10
5.7637795275590546
20
-4.234251968503937
11
5.7539370078740157
21
-4.234251968503937
0
LINE
8
BLACK
6
CONTINUOUS
10
5.7539370078740157
20
-4.234251968503937
11
5.7539370078740157
21
-4.2106299212598426
0
LINE
8
BLACK
6
CONTINUOUS
10
5.7539370078740157
20
-4.2106299212598426
11
5.7637795275590546
21
-4.2106299212598426
0
LINE
8
BLACK
6
CONTINUOUS
10
5.7637795275590546
20
-4.2106299212598426
11
5.7637795275590546
21
-4.234251968503937
0
LINE
8
BLACK
6
CONTINUOUS
10
5.7834645669291334
20
-4.234251968503937
11
5.7736220472440944
21
-4.234251968503937
0
LINE
8
BLACK
6
CONTINUOUS
10
5.7736220472440944
20
-4.234251968503937
11
5.7736220472440944
21
-4.2106299212598426
0
LINE
8
BLACK
6
CONTINUOUS
10
5.7736220472440944
20
-4.2106299212598426
11
5.7834645669291334
21
-4.2106299212598426
0
LINE
8
BLACK
6
CONTINUOUS
10
5.7834645669291334
20
-4.2106299212598426
11
5.7834645669291334
21
-4.234251968503937
0
LINE
8
BLACK
6
CONTINUOUS
10
5.8031496062992121
20
-4.234251968503937
11
5.7933070866141732
21
-4.234251968503937
0
LINE
8
BLACK
6
CONTINUOUS
10
5.7933070866141732
20
-4.234251968503937
11
5.7933070866141732
21
-4.2106299212598426
0
LINE
8
BLACK
6
CONTINUOUS
10
5.7933070866141732
20
-4.2106299212598426
11
5.8031496062992121
21
-4.2106299212598426
0
LINE
8
BLACK
6
CONTINUOUS
10
5.8031496062992121
20
-4.2106299212598426
11
5.8031496062992121
21
-4.234251968503937
0
LINE
8
BLACK
6
CONTINUOUS
10
5.8228346456692908
20
-4.234251968503937
11
5.8129921259842519
21
-4.234251968503937
0
LINE
8
BLACK
6
CONTINUOUS
10
5.8129921259842519
20
-4.234251968503937
11
5.8129921259842519
21
-4.2106299212598426
0
LINE
8
BLACK
6
CONTINUOUS
10
5.8129921259842519
20
-4.2106299212598426
11
5.8228346456692908
21
-4.2106299212598426
0
LINE
8
BLACK
6
CONTINUOUS
10
5.8228346456692908
20
-4.2106299212598426
11
5.8228346456692908
21
-4.234251968503937
0
LINE
8
BLACK
6
CONTINUOUS
10
6.2280473622047241
20
-4.2012369291338585
11
6.229963228346457
21
-4.202517086614173
0
LINE
8
BLACK
6
CONTINUOUS
10
6.229963228346457
20
-4.202517086614173
11
6.2312433858267715
21
-4.204432952755905
0
LINE
8
BLACK
6
CONTINUOUS
10
6.2312433858267715
20
-4.204432952755905
11
6.2316929133858263
21
-4.2066929133858268
0
LINE
8
BLACK
6
CONTINUOUS
10
6.2316929133858263
20
-4.2066929133858268
11
6.2316929133858263
21
-4.2185039370078741
0
LINE
8
BLACK
6
CONTINUOUS
10
6.2316929133858263
20
-4.2185039370078741
11
6.2312433858267715
21
-4.220763897637795
0
LINE
8
BLACK
6
CONTINUOUS
10
6.2312433858267715
20
-4.220763897637795
11
6.229963228346457
21
-4.222679763779527
0
LINE
8
BLACK
6
CONTINUOUS
10
6.229963228346457
20
-4.222679763779527
11
6.2280473622047241
21
-4.2239599212598424
0
LINE
8
BLACK
6
CONTINUOUS
10
6.2280473622047241
20
-4.2239599212598424
11
6.2257874015748031
21
-4.2244094488188972
0
LINE
8
BLACK
6
CONTINUOUS
10
6.2257874015748031
20
-4.2244094488188972
11
6.1923228346456689
21
-4.2244094488188972
0
LINE
8
BLACK
6
CONTINUOUS
10
6.1923228346456689
20
-4.2244094488188972
11
6.190062874015748
21
-4.2239599212598424
0
LINE
8
BLACK
6
CONTINUOUS
10
6.190062874015748
20
-4.2239599212598424
11
6.1881470078740159
21
-4.222679763779527
0
LINE
8
BLACK
6
CONTINUOUS
10
6.1881470078740159
20
-4.222679763779527
11
6.1868668503937005
21
-4.220763897637795
0
LINE
8
BLACK
6
CONTINUOUS
10
6.1868668503937005
20
-4.220763897637795
11
6.1864173228346457
21
-4.2185039370078741
0
LINE
8
BLACK
6
CONTINUOUS
10
6.1864173228346457
20
-4.2185039370078741
11
6.1864173228346457
21
-4.2066929133858268
0
LINE
8
BLACK
6
CONTINUOUS
10
6.1864173228346457
20
-4.2066929133858268
11
6.1868668503937005
21
-4.204432952755905
0
LINE
8
BLACK
6
CONTINUOUS
10
6.1868668503937005
20
-4.204432952755905
11
6.1881470078740159
21
-4.202517086614173
0
LINE
8
BLACK
6
CONTINUOUS
10
6.1881470078740159
20
-4.202517086614173
11
6.190062874015748
21
-4.2012369291338585
0
LINE
8
BLACK
6
CONTINUOUS
10
6.190062874015748
20
-4.2012369291338585
11
6.1923228346456689
21
-4.2007874015748028
0
LINE
8
BLACK
6
CONTINUOUS
10
6.1923228346456689
20
-4.2007874015748028
11
6.2257874015748031
21
-4.2007874015748028
0
LINE
8
BLACK
6
CONTINUOUS
10
6.2257874015748031
20
-4.2007874015748028
11
6.2280473622047241
21
-4.2012369291338585
0
LINE
8
BLACK
6
CONTINUOUS
10
6.144084606299212
20
-4.1976337007874012
11
6.1457450393700785
21
-4.1987431496062992
0
LINE
8
BLACK
6
CONTINUOUS
10
6.1457450393700785
20
-4.1987431496062992
11
6.1468544881889766
21
-4.2004035826771648
0
LINE
8
BLACK
6
CONTINUOUS
10
6.1468544881889766
20
-4.2004035826771648
11
6.1472440944881885
21
-4.2023622047244089
0
LINE
8
BLACK
6
CONTINUOUS
10
6.1472440944881885
20
-4.2023622047244089
11
6.1472440944881885
21
-4.21259842519685
0
LINE
8
BLACK
6
CONTINUOUS
10
6.1472440944881885
20
-4.21259842519685
11
6.1468544881889766
21
-4.2145570472440941
0
LINE
8
BLACK
6
CONTINUOUS
10
6.1468544881889766
20
-4.2145570472440941
11
6.1457450393700785
21
-4.2162174803149606
0
LINE
8
BLACK
6
CONTINUOUS
10
6.1457450393700785
20
-4.2162174803149606
11
6.144084606299212
21
-4.2173269291338578
0
LINE
8
BLACK
6
CONTINUOUS
10
6.144084606299212
20
-4.2173269291338578
11
6.142125984251968
21
-4.2177165354330706
0
LINE
8
BLACK
6
CONTINUOUS
10
6.142125984251968
20
-4.2177165354330706
11
6.1318897637795278
21
-4.2177165354330706
0
LINE
8
BLACK
6
CONTINUOUS
10
6.1318897637795278
20
-4.2177165354330706
11
6.1299311417322837
21
-4.2173269291338578
0
LINE
8
BLACK
6
CONTINUOUS
10
6.1299311417322837
20
-4.2173269291338578
11
6.1282707086614172
21
-4.2162174803149606
0
LINE
8
BLACK
6
CONTINUOUS
10
6.1282707086614172
20
-4.2162174803149606
11
6.1271612598425191
21
-4.2145570472440941
0
LINE
8
BLACK
6
CONTINUOUS
10
6.1271612598425191
20
-4.2145570472440941
11
6.1267716535433072
21
-4.21259842519685
0
LINE
8
BLACK
6
CONTINUOUS
10
6.1267716535433072
20
-4.21259842519685
11
6.1267716535433072
21
-4.2023622047244089
0
LINE
8
BLACK
6
CONTINUOUS
10
6.1267716535433072
20
-4.2023622047244089
11
6.1271612598425191
21
-4.2004035826771648
0
LINE
8
BLACK
6
CONTINUOUS
10
6.1271612598425191
20
-4.2004035826771648
11
6.1282707086614172
21
-4.1987431496062992
0
LINE
8
BLACK
6
CONTINUOUS
10
6.1282707086614172
20
-4.1987431496062992
11
6.1299311417322837
21
-4.1976337007874012
0
LINE
8
BLACK
6
CONTINUOUS
10
6.1299311417322837
20
-4.1976337007874012
11
6.1318897637795278
21
-4.1972440944881892
0
LINE
8
BLACK
6
CONTINUOUS
10
6.1318897637795278
20
-4.1972440944881892
11
6.142125984251968
21
-4.1972440944881892
0
LINE
8
BLACK
6
CONTINUOUS
10
6.142125984251968
20
-4.1972440944881892
11
6.144084606299212
21
-4.1976337007874012
0
LINE
8
BLACK
6
CONTINUOUS
10
6.2562744881889758
20
-4.1885724015748034
11
6.2591672047244096
21
-4.1902425196850395
0
LINE
8
BLACK
6
CONTINUOUS
10
6.2591672047244096
20
-4.1902425196850395
11
6.2615291338582679
21
-4.1926044488188978
0
LINE
8
BLACK
6
CONTINUOUS
10
6.2615291338582679
20
-4.1926044488188978
11
6.263199251968504
21
-4.1954971653543307
0
LINE
8
BLACK
6
CONTINUOUS
10
6.263199251968504
20
-4.1954971653543307
11
6.2640637795275591
21
-4.1987235826771654
0
LINE
8
BLACK
6
CONTINUOUS
10
6.2640637795275591
20
-4.1987235826771654
11
6.2640637795275591
21
-4.2020638188976376
0
LINE
8
BLACK
6
CONTINUOUS
10
6.2640637795275591
20
-4.2020638188976376
11
6.263199251968504
21
-4.2052902362204723
0
LINE
8
BLACK
6
CONTINUOUS
10
6.263199251968504
20
-4.2052902362204723
11
6.2615291338582679
21
-4.2081829527559051
0
LINE
8
BLACK
6
CONTINUOUS
10
6.2615291338582679
20
-4.2081829527559051
11
6.2591672047244096
21
-4.2105448818897635
0
LINE
8
BLACK
6
CONTINUOUS
10
6.2591672047244096
20
-4.2105448818897635
11
6.2562744881889758
21
-4.2122149999999996
0
LINE
8
BLACK
6
CONTINUOUS
10
6.2562744881889758
20
-4.2122149999999996
11
6.253048070866142
21
-4.2130795275590547
0
LINE
8
BLACK
6
CONTINUOUS
10
6.253048070866142
20
-4.2130795275590547
11
6.2497078346456689
21
-4.2130795275590547
0
LINE
8
BLACK
6
CONTINUOUS
10
6.2497078346456689
20
-4.2130795275590547
11
6.2464814173228342
21
-4.2122149999999996
0
LINE
8
BLACK
6
CONTINUOUS
10
6.2464814173228342
20
-4.2122149999999996
11
6.2435887007874014
21
-4.2105448818897635
0
LINE
8
BLACK
6
CONTINUOUS
10
6.2435887007874014
20
-4.2105448818897635
11
6.241226771653543
21
-4.2081829527559051
0
LINE
8
BLACK
6
CONTINUOUS
10
6.241226771653543
20
-4.2081829527559051
11
6.2395566535433069
21
-4.2052902362204723
0
LINE
8
BLACK
6
CONTINUOUS
10
6.2395566535433069
20
-4.2052902362204723
11
6.2386921259842518
21
-4.2020638188976376
0
LINE
8
BLACK
6
CONTINUOUS
10
6.2386921259842518
20
-4.2020638188976376
11
6.2386921259842518
21
-4.1987235826771654
0
LINE
8
BLACK
6
CONTINUOUS
10
6.2386921259842518
20
-4.1987235826771654
11
6.2395566535433069
21
-4.1954971653543307
0
LINE
8
BLACK
6
CONTINUOUS
10
6.2395566535433069
20
-4.1954971653543307
11
6.241226771653543
21
-4.1926044488188978
0
LINE
8
BLACK
6
CONTINUOUS
10
6.241226771653543
20
-4.1926044488188978
11
6.2435887007874014
21
-4.1902425196850395
0
LINE
8
BLACK
6
CONTINUOUS
10
6.2435887007874014
20
-4.1902425196850395
11
6.2464814173228342
21
-4.1885724015748034
0
LINE
8
BLACK
6
CONTINUOUS
10
6.2464814173228342
20
-4.1885724015748034
11
6.2497078346456689
21
-4.1877078740157483
0
LINE
8
BLACK
6
CONTINUOUS
10
6.2497078346456689
20
-4.1877078740157483
11
6.253048070866142
21
-4.1877078740157483
0
LINE
8
BLACK
6
CONTINUOUS
10
6.253048070866142
20
-4.1877078740157483
11
6.2562744881889758
21
-4.1885724015748034
0
LINE
8
BLACK
6
CONTINUOUS
10
5.6232184645669294
20
-4.1751927559055115
11
5.624878897637795
21
-4.1763022047244096
0
LINE
8
BLACK
6
CONTINUOUS
10
5.624878897637795
20
-4.1763022047244096
11
5.6259883464566931
21
-4.1779626377952752
0
LINE
8
BLACK
6
CONTINUOUS
10
5.6259883464566931
20
-4.1779626377952752
11
5.626377952755905
21
-4.1799212598425193
0
LINE
8
BLACK
6
CONTINUOUS
10
5.626377952755905
20
-4.1799212598425193
11
5.626377952755905
21
-4.1901574803149604
0
LINE
8
BLACK
6
CONTINUOUS
10
5.626377952755905
20
-4.1901574803149604
11
5.6259883464566931
21
-4.1921161023622044
0
LINE
8
BLACK
6
CONTINUOUS
10
5.6259883464566931
20
-4.1921161023622044
11
5.624878897637795
21
-4.1937765354330709
0
LINE
8
BLACK
6
CONTINUOUS
10
5.624878897637795
20
-4.1937765354330709
11
5.6232184645669294
21
-4.1948859842519681
0
LINE
8
BLACK
6
CONTINUOUS
10
5.6232184645669294
20
-4.1948859842519681
11
5.6212598425196845
21
-4.1952755905511809
0
LINE
8
BLACK
6
CONTINUOUS
10
5.6212598425196845
20
-4.1952755905511809
11
5.6110236220472443
21
-4.1952755905511809
0
LINE
8
BLACK
6
CONTINUOUS
10
5.6110236220472443
20
-4.1952755905511809
11
5.6090650000000002
21
-4.1948859842519681
0
LINE
8
BLACK
6
CONTINUOUS
10
5.6090650000000002
20
-4.1948859842519681
11
5.6074045669291337
21
-4.1937765354330709
0
LINE
8
BLACK
6
CONTINUOUS
10
5.6074045669291337
20
-4.1937765354330709
11
5.6062951181102365
21
-4.1921161023622044
0
LINE
8
BLACK
6
CONTINUOUS
10
5.6062951181102365
20
-4.1921161023622044
11
5.6059055118110237
21
-4.1901574803149604
0
LINE
8
BLACK
6
CONTINUOUS
10
5.6059055118110237
20
-4.1901574803149604
11
5.6059055118110237
21
-4.1799212598425193
0
LINE
8
BLACK
6
CONTINUOUS
10
5.6059055118110237
20
-4.1799212598425193
11
5.6062951181102365
21
-4.1779626377952752
0
LINE
8
BLACK
6
CONTINUOUS
10
5.6062951181102365
20
-4.1779626377952752
11
5.6074045669291337
21
-4.1763022047244096
0
LINE
8
BLACK
6
CONTINUOUS
10
5.6074045669291337
20
-4.1763022047244096
11
5.6090650000000002
21
-4.1751927559055115
0
LINE
8
BLACK
6
CONTINUOUS
10
5.6090650000000002
20
-4.1751927559055115
11
5.6110236220472443
21
-4.1748031496062987
0
LINE
8
BLACK
6
CONTINUOUS
10
5.6110236220472443
20
-4.1748031496062987
11
5.6212598425196845
21
-4.1748031496062987
0
LINE
8
BLACK
6
CONTINUOUS
10
5.6212598425196845
20
-4.1748031496062987
11
5.6232184645669294
21
-4.1751927559055115
0
LINE
8
BLACK
6
CONTINUOUS
10
5.6547145275590553
20
-4.1751927559055115
11
5.656374960629921
21
-4.1763022047244096
0
LINE
8
BLACK
6
CONTINUOUS
10
5.656374960629921
20
-4.1763022047244096
11
5.657484409448819
21
-4.1779626377952752
0
LINE
8
BLACK
6
CONTINUOUS
10
5.657484409448819
20
-4.1779626377952752
11
5.6578740157480309
21
-4.1799212598425193
0
LINE
8
BLACK
6
CONTINUOUS
10
5.6578740157480309
20
-4.1799212598425193
11
5.6578740157480309
21
-4.1901574803149604
0
LINE
8
BLACK
6
CONTINUOUS
10
5.6578740157480309
20
-4.1901574803149604
11
5.657484409448819
21
-4.1921161023622044
0
LINE
8
BLACK
6
CONTINUOUS
10
5.657484409448819
20
-4.1921161023622044
11
5.656374960629921
21
-4.1937765354330709
0
LINE
8
BLACK
6
CONTINUOUS
10
5.656374960629921
20
-4.1937765354330709
11
5.6547145275590553
21
-4.1948859842519681
0
LINE
8
BLACK
6
CONTINUOUS
10
5.6547145275590553
20
-4.1948859842519681
11
5.6527559055118113
21
-4.1952755905511809
0
LINE
8
BLACK
6
CONTINUOUS
10
5.6527559055118113
20
-4.1952755905511809
11
5.6425196850393702
21
-4.1952755905511809
0
LINE
8
BLACK
6
CONTINUOUS
10
5.6425196850393702
20
-4.1952755905511809
11
5.6405610629921261
21
-4.1948859842519681
0
LINE
8
BLACK
6
CONTINUOUS
10
5.6405610629921261
20
-4.1948859842519681
11
5.6389006299212596
21
-4.1937765354330709
0
LINE
8
BLACK
6
CONTINUOUS
10
5.6389006299212596
20
-4.1937765354330709
11
5.6377911811023624
21
-4.1921161023622044
0
LINE
8
BLACK
6
CONTINUOUS
10
5.6377911811023624
20
-4.1921161023622044
11
5.6374015748031496
21
-4.1901574803149604
0
LINE
8
BLACK
6
CONTINUOUS
10
5.6374015748031496
20
-4.1901574803149604
11
5.6374015748031496
21
-4.1799212598425193
0
LINE
8
BLACK
6
CONTINUOUS
10
5.6374015748031496
20
-4.1799212598425193
11
5.6377911811023624
21
-4.1779626377952752
0
LINE
8
BLACK
6
CONTINUOUS
10
5.6377911811023624
20
-4.1779626377952752
11
5.6389006299212596
21
-4.1763022047244096
0
LINE
8
BLACK
6
CONTINUOUS
10
5.6389006299212596
20
-4.1763022047244096
11
5.6405610629921261
21
-4.1751927559055115
0
LINE
8
BLACK
6
CONTINUOUS
10
5.6405610629921261
20
-4.1751927559055115
11
5.6425196850393702
21
-4.1748031496062987
0
LINE
8
BLACK
6
CONTINUOUS
10
5.6425196850393702
20
-4.1748031496062987
11
5.6527559055118113
21
-4.1748031496062987
0
LINE
8
BLACK
6
CONTINUOUS
10
5.6527559055118113
20
-4.1748031496062987
11
5.6547145275590553
21
-4.1751927559055115
0
LINE
8
BLACK
6
CONTINUOUS
10
6.2280473622047241
20
-4.1697408661417326
11
6.229963228346457
21
-4.1710210236220471
0
LINE
8
BLACK
6
CONTINUOUS
10
6.229963228346457
20
-4.1710210236220471
11
6.2312433858267715
21
-4.1729368897637791
0
LINE
8
BLACK
6
CONTINUOUS
10
6.2312433858267715
20
-4.1729368897637791
11
6.2316929133858263
21
-4.1751968503937009
0
LINE
8
BLACK
6
CONTINUOUS
10
6.2316929133858263
20
-4.1751968503937009
11
6.2316929133858263
21
-4.1870078740157481
0
LINE
8
BLACK
6
CONTINUOUS
10
6.2316929133858263
20
-4.1870078740157481
11
6.2312433858267715
21
-4.1892678346456691
0
LINE
8
BLACK
6
CONTINUOUS
10
6.2312433858267715
20
-4.1892678346456691
11
6.229963228346457
21
-4.1911837007874011
0
LINE
8
BLACK
6
CONTINUOUS
10
6.229963228346457
20
-4.1911837007874011
11
6.2280473622047241
21
-4.1924638582677165
0
LINE
8
BLACK
6
CONTINUOUS
10
6.2280473622047241
20
-4.1924638582677165
11
6.2257874015748031
21
-4.1929133858267713
0
LINE
8
BLACK
6
CONTINUOUS
10
6.2257874015748031
20
-4.1929133858267713
11
6.1923228346456689
21
-4.1929133858267713
0
LINE
8
BLACK
6
CONTINUOUS
10
6.1923228346456689
20
-4.1929133858267713
11
6.190062874015748
21
-4.1924638582677165
0
LINE
8
BLACK
6
CONTINUOUS
10
6.190062874015748
20
-4.1924638582677165
11
6.1881470078740159
21
-4.1911837007874011
0
LINE
8
BLACK
6
CONTINUOUS
10
6.1881470078740159
20
-4.1911837007874011
11
6.1868668503937005
21
-4.1892678346456691
0
LINE
8
BLACK
6
CONTINUOUS
10
6.1868668503937005
20
-4.1892678346456691
11
6.1864173228346457
21
-4.1870078740157481
0
LINE
8
BLACK
6
CONTINUOUS
10
6.1864173228346457
20
-4.1870078740157481
11
6.1864173228346457
21
-4.1751968503937009
0
LINE
8
BLACK
6
CONTINUOUS
10
6.1864173228346457
20
-4.1751968503937009
11
6.1868668503937005
21
-4.1729368897637791
0
LINE
8
BLACK
6
CONTINUOUS
10
6.1868668503937005
20
-4.1729368897637791
11
6.1881470078740159
21
-4.1710210236220471
0
LINE
8
BLACK
6
CONTINUOUS
10
6.1881470078740159
20
-4.1710210236220471
11
6.190062874015748
21
-4.1697408661417326
0
LINE
8
BLACK
6
CONTINUOUS
10
6.190062874015748
20
-4.1697408661417326
11
6.1923228346456689
21
-4.1692913385826769
0
LINE
8
BLACK
6
CONTINUOUS
10
6.1923228346456689
20
-4.1692913385826769
11
6.2257874015748031
21
-4.1692913385826769
0
LINE
8
BLACK
6
CONTINUOUS
10
6.2257874015748031
20
-4.1692913385826769
11
6.2280473622047241
21
-4.1697408661417326
0
LINE
8
BLACK
6
CONTINUOUS
10
6.069296023622047
20
-4.1608451574803151
11
6.0710522440944876
21
-4.1620186220472437
0
LINE
8
BLACK
6
CONTINUOUS
10
6.0710522440944876
20
-4.1620186220472437
11
6.0722257086614171
21
-4.1637748425196852
0
LINE
8
BLACK
6
CONTINUOUS
10
6.0722257086614171
20
-4.1637748425196852
11
6.0726377952755906
21
-4.165846456692913
0
LINE
8
BLACK
6
CONTINUOUS
10
6.0726377952755906
20
-4.165846456692913
11
6.0726377952755906
21
-4.1766732283464565
0
LINE
8
BLACK
6
CONTINUOUS
10
6.0726377952755906
20
-4.1766732283464565
11
6.0722257086614171
21
-4.1787448425196851
0
LINE
8
BLACK
6
CONTINUOUS
10
6.0722257086614171
20
-4.1787448425196851
11
6.0710522440944876
21
-4.1805010629921258
0
LINE
8
BLACK
6
CONTINUOUS
10
6.0710522440944876
20
-4.1805010629921258
11
6.069296023622047
21
-4.1816745275590552
0
LINE
8
BLACK
6
CONTINUOUS
10
6.069296023622047
20
-4.1816745275590552
11
6.0672244094488184
21
-4.1820866141732287
0
LINE
8
BLACK
6
CONTINUOUS
10
6.0672244094488184
20
-4.1820866141732287
11
6.0563976377952757
21
-4.1820866141732287
0
LINE
8
BLACK
6
CONTINUOUS
10
6.0563976377952757
20
-4.1820866141732287
11
6.0543260236220471
21
-4.1816745275590552
0
LINE
8
BLACK
6
CONTINUOUS
10
6.0543260236220471
20
-4.1816745275590552
11
6.0525698031496065
21
-4.1805010629921258
0
LINE
8
BLACK
6
CONTINUOUS
10
6.0525698031496065
20
-4.1805010629921258
11
6.051396338582677
21
-4.1787448425196851
0
LINE
8
BLACK
6
CONTINUOUS
10
6.051396338582677
20
-4.1787448425196851
11
6.0509842519685035
21
-4.1766732283464565
0
LINE
8
BLACK
6
CONTINUOUS
10
6.0509842519685035
20
-4.1766732283464565
11
6.0509842519685035
21
-4.165846456692913
0
LINE
8
BLACK
6
CONTINUOUS
10
6.0509842519685035
20
-4.165846456692913
11
6.051396338582677
21
-4.1637748425196852
0
LINE
8
BLACK
6
CONTINUOUS
10
6.051396338582677
20
-4.1637748425196852
11
6.0525698031496065
21
-4.1620186220472437
0
LINE
8
BLACK
6
CONTINUOUS
10
6.0525698031496065
20
-4.1620186220472437
11
6.0543260236220471
21
-4.1608451574803151
0
LINE
8
BLACK
6
CONTINUOUS
10
6.0543260236220471
20
-4.1608451574803151
11
6.0563976377952757
21
-4.1604330708661417
0
LINE
8
BLACK
6
CONTINUOUS
10
6.0563976377952757
20
-4.1604330708661417
11
6.0672244094488184
21
-4.1604330708661417
0
LINE
8
BLACK
6
CONTINUOUS
10
6.0672244094488184
20
-4.1604330708661417
11
6.069296023622047
21
-4.1608451574803151
0
LINE
8
BLACK
6
CONTINUOUS
10
6.1007920866141729
20
-4.1608451574803151
11
6.1025483070866144
21
-4.1620186220472437
0
LINE
8
BLACK
6
CONTINUOUS
10
6.1025483070866144
20
-4.1620186220472437
11
6.103721771653543
21
-4.1637748425196852
0
LINE
8
BLACK
6
CONTINUOUS
10
6.103721771653543
20
-4.1637748425196852
11
6.1041338582677165
21
-4.165846456692913
0
LINE
8
BLACK
6
CONTINUOUS
10
6.1041338582677165
20
-4.165846456692913
11
6.1041338582677165
21
-4.1766732283464565
0
LINE
8
BLACK
6
CONTINUOUS
10
6.1041338582677165
20
-4.1766732283464565
11
6.103721771653543
21
-4.1787448425196851
0
LINE
8
BLACK
6
CONTINUOUS
10
6.103721771653543
20
-4.1787448425196851
11
6.1025483070866144
21
-4.1805010629921258
0
LINE
8
BLACK
6
CONTINUOUS
10
6.1025483070866144
20
-4.1805010629921258
11
6.1007920866141729
21
-4.1816745275590552
0
LINE
8
BLACK
6
CONTINUOUS
10
6.1007920866141729
20
-4.1816745275590552
11
6.0987204724409452
21
-4.1820866141732287
0
LINE
8
BLACK
6
CONTINUOUS
10
6.0987204724409452
20
-4.1820866141732287
11
6.0878937007874017
21
-4.1820866141732287
0
LINE
8
BLACK
6
CONTINUOUS
10
6.0878937007874017
20
-4.1820866141732287
11
6.085822086614173
21
-4.1816745275590552
0
LINE
8
BLACK
6
CONTINUOUS
10
6.085822086614173
20
-4.1816745275590552
11
6.0840658661417324
21
-4.1805010629921258
0
LINE
8
BLACK
6
CONTINUOUS
10
6.0840658661417324
20
-4.1805010629921258
11
6.0828924015748029
21
-4.1787448425196851
0
LINE
8
BLACK
6
CONTINUOUS
10
6.0828924015748029
20
-4.1787448425196851
11
6.0824803149606295
21
-4.1766732283464565
0
LINE
8
BLACK
6
CONTINUOUS
10
6.0824803149606295
20
-4.1766732283464565
11
6.0824803149606295
21
-4.165846456692913
0
LINE
8
BLACK
6
CONTINUOUS
10
6.0824803149606295
20
-4.165846456692913
11
6.0828924015748029
21
-4.1637748425196852
0
LINE
8
BLACK
6
CONTINUOUS
10
6.0828924015748029
20
-4.1637748425196852
11
6.0840658661417324
21
-4.1620186220472437
0
LINE
8
BLACK
6
CONTINUOUS
10
6.0840658661417324
20
-4.1620186220472437
11
6.085822086614173
21
-4.1608451574803151
0
LINE
8
BLACK
6
CONTINUOUS
10
6.085822086614173
20
-4.1608451574803151
11
6.0878937007874017
21
-4.1604330708661417
0
LINE
8
BLACK
6
CONTINUOUS
10
6.0878937007874017
20
-4.1604330708661417
11
6.0987204724409452
21
-4.1604330708661417
0
LINE
8
BLACK
6
CONTINUOUS
10
6.0987204724409452
20
-4.1604330708661417
11
6.1007920866141729
21
-4.1608451574803151
0
LINE
8
BLACK
6
CONTINUOUS
10
6.2298701181102363
20
-4.149831062992126
11
6.2308280708661412
21
-4.1504711417322833
0
LINE
8
BLACK
6
CONTINUOUS
10
6.2308280708661412
20
-4.1504711417322833
11
6.2314681496062994
21
-4.1514290944881891
0
LINE
8
BLACK
6
CONTINUOUS
10
6.2314681496062994
20
-4.1514290944881891
11
6.2316929133858263
21
-4.1525590551181102
0
LINE
8
BLACK
6
CONTINUOUS
10
6.2316929133858263
20
-4.1525590551181102
11
6.2316929133858263
21
-4.1584645669291334
0
LINE
8
BLACK
6
CONTINUOUS
10
6.2316929133858263
20
-4.1584645669291334
11
6.2314681496062994
21
-4.1595945275590553
0
LINE
8
BLACK
6
CONTINUOUS
10
6.2314681496062994
20
-4.1595945275590553
11
6.2308280708661412
21
-4.1605524803149603
0
LINE
8
BLACK
6
CONTINUOUS
10
6.2308280708661412
20
-4.1605524803149603
11
6.2298701181102363
21
-4.1611925590551184
0
LINE
8
BLACK
6
CONTINUOUS
10
6.2298701181102363
20
-4.1611925590551184
11
6.2287401574803152
21
-4.1614173228346454
0
LINE
8
BLACK
6
CONTINUOUS
10
6.2287401574803152
20
-4.1614173228346454
11
6.1893700787401578
21
-4.1614173228346454
0
LINE
8
BLACK
6
CONTINUOUS
10
6.1893700787401578
20
-4.1614173228346454
11
6.1882401181102358
21
-4.1611925590551184
0
LINE
8
BLACK
6
CONTINUOUS
10
6.1882401181102358
20
-4.1611925590551184
11
6.1872821653543308
21
-4.1605524803149603
0
LINE
8
BLACK
6
CONTINUOUS
10
6.1872821653543308
20
-4.1605524803149603
11
6.1866420866141727
21
-4.1595945275590553
0
LINE
8
BLACK
6
CONTINUOUS
10
6.1866420866141727
20
-4.1595945275590553
11
6.1864173228346457
21
-4.1584645669291334
0
LINE
8
BLACK
6
CONTINUOUS
10
6.1864173228346457
20
-4.1584645669291334
11
6.1864173228346457
21
-4.1525590551181102
0
LINE
8
BLACK
6
CONTINUOUS
10
6.1864173228346457
20
-4.1525590551181102
11
6.1866420866141727
21
-4.1514290944881891
0
LINE
8
BLACK
6
CONTINUOUS
10
6.1866420866141727
20
-4.1514290944881891
11
6.1872821653543308
21
-4.1504711417322833
0
LINE
8
BLACK
6
CONTINUOUS
10
6.1872821653543308
20
-4.1504711417322833
11
6.1882401181102358
21
-4.149831062992126
0
LINE
8
BLACK
6
CONTINUOUS
10
6.1882401181102358
20
-4.149831062992126
11
6.1893700787401578
21
-4.1496062992125982
0
LINE
8
BLACK
6
CONTINUOUS
10
6.1893700787401578
20
-4.1496062992125982
11
6.2287401574803152
21
-4.1496062992125982
0
LINE
8
BLACK
6
CONTINUOUS
10
6.2287401574803152
20
-4.1496062992125982
11
6.2298701181102363
21
-4.149831062992126
0
LINE
8
BLACK
6
CONTINUOUS
10
6.2298701181102363
20
-4.1301460236220473
11
6.2308280708661412
21
-4.1307861023622046
0
LINE
8
BLACK
6
CONTINUOUS
10
6.2308280708661412
20
-4.1307861023622046
11
6.2314681496062994
21
-4.1317440551181104
0
LINE
8
BLACK
6
CONTINUOUS
10
6.2314681496062994
20
-4.1317440551181104
11
6.2316929133858263
21
-4.1328740157480315
0
LINE
8
BLACK
6
CONTINUOUS
10
6.2316929133858263
20
-4.1328740157480315
11
6.2316929133858263
21
-4.1387795275590546
0
LINE
8
BLACK
6
CONTINUOUS
10
6.2316929133858263
20
-4.1387795275590546
11
6.2314681496062994
21
-4.1399094881889766
0
LINE
8
BLACK
6
CONTINUOUS
10
6.2314681496062994
20
-4.1399094881889766
11
6.2308280708661412
21
-4.1408674409448816
0
LINE
8
BLACK
6
CONTINUOUS
10
6.2308280708661412
20
-4.1408674409448816
11
6.2298701181102363
21
-4.1415075196850397
0
LINE
8
BLACK
6
CONTINUOUS
10
6.2298701181102363
20
-4.1415075196850397
11
6.2287401574803152
21
-4.1417322834645667
0
LINE
8
BLACK
6
CONTINUOUS
10
6.2287401574803152
20
-4.1417322834645667
11
6.1893700787401578
21
-4.1417322834645667
0
LINE
8
BLACK
6
CONTINUOUS
10
6.1893700787401578
20
-4.1417322834645667
11
6.1882401181102358
21
-4.1415075196850397
0
LINE
8
BLACK
6
CONTINUOUS
10
6.1882401181102358
20
-4.1415075196850397
11
6.1872821653543308
21
-4.1408674409448816
0
LINE
8
BLACK
6
CONTINUOUS
10
6.1872821653543308
20
-4.1408674409448816
11
6.1866420866141727
21
-4.1399094881889766
0
LINE
8
BLACK
6
CONTINUOUS
10
6.1866420866141727
20
-4.1399094881889766
11
6.1864173228346457
21
-4.1387795275590546
0
LINE
8
BLACK
6
CONTINUOUS
10
6.1864173228346457
20
-4.1387795275590546
11
6.1864173228346457
21
-4.1328740157480315
0
LINE
8
BLACK
6
CONTINUOUS
10
6.1864173228346457
20
-4.1328740157480315
11
6.1866420866141727
21
-4.1317440551181104
0
LINE
8
BLACK
6
CONTINUOUS
10
6.1866420866141727
20
-4.1317440551181104
11
6.1872821653543308
21
-4.1307861023622046
0
LINE
8
BLACK
6
CONTINUOUS
10
6.1872821653543308
20
-4.1307861023622046
11
6.1882401181102358
21
-4.1301460236220473
0
LINE
8
BLACK
6
CONTINUOUS
10
6.1882401181102358
20
-4.1301460236220473
11
6.1893700787401578
21
-4.1299212598425195
0
LINE
8
BLACK
6
CONTINUOUS
10
6.1893700787401578
20
-4.1299212598425195
11
6.2287401574803152
21
-4.1299212598425195
0
LINE
8
BLACK
6
CONTINUOUS
10
6.2287401574803152
20
-4.1299212598425195
11
6.2298701181102363
21
-4.1301460236220473
0
LINE
8
BLACK
6
CONTINUOUS
10
6.0788177165354327
20
-4.1143039763779523
11
6.0810529133858262
21
-4.1157974803149608
0
LINE
8
BLACK
6
CONTINUOUS
10
6.0810529133858262
20
-4.1157974803149608
11
6.0825464173228347
21
-4.1180326771653544
0
LINE
8
BLACK
6
CONTINUOUS
10
6.0825464173228347
20
-4.1180326771653544
11
6.0830708661417319
21
-4.120669291338583
0
LINE
8
BLACK
6
CONTINUOUS
10
6.0830708661417319
20
-4.120669291338583
11
6.0830708661417319
21
-4.1344488188976376
0
LINE
8
BLACK
6
CONTINUOUS
10
6.0830708661417319
20
-4.1344488188976376
11
6.0825464173228347
21
-4.1370854330708662
0
LINE
8
BLACK
6
CONTINUOUS
10
6.0825464173228347
20
-4.1370854330708662
11
6.0810529133858262
21
-4.1393206299212597
0
LINE
8
BLACK
6
CONTINUOUS
10
6.0810529133858262
20
-4.1393206299212597
11
6.0788177165354327
21
-4.1408141338582674
0
LINE
8
BLACK
6
CONTINUOUS
10
6.0788177165354327
20
-4.1408141338582674
11
6.076181102362205
21
-4.1413385826771654
0
LINE
8
BLACK
6
CONTINUOUS
10
6.076181102362205
20
-4.1413385826771654
11
6.0505905511811022
21
-4.1413385826771654
0
LINE
8
BLACK
6
CONTINUOUS
10
6.0505905511811022
20
-4.1413385826771654
11
6.0479539370078736
21
-4.1408141338582674
0
LINE
8
BLACK
6
CONTINUOUS
10
6.0479539370078736
20
-4.1408141338582674
11
6.0457187401574801
21
-4.1393206299212597
0
LINE
8
BLACK
6
CONTINUOUS
10
6.0457187401574801
20
-4.1393206299212597
11
6.0442252362204725
21
-4.1370854330708662
0
LINE
8
BLACK
6
CONTINUOUS
10
6.0442252362204725
20
-4.1370854330708662
11
6.0437007874015745
21
-4.1344488188976376
0
LINE
8
BLACK
6
CONTINUOUS
10
6.0437007874015745
20
-4.1344488188976376
11
6.0437007874015745
21
-4.120669291338583
0
LINE
8
BLACK
6
CONTINUOUS
10
6.0437007874015745
20
-4.120669291338583
11
6.0442252362204725
21
-4.1180326771653544
0
LINE
8
BLACK
6
CONTINUOUS
10
6.0442252362204725
20
-4.1180326771653544
11
6.0457187401574801
21
-4.1157974803149608
0
LINE
8
BLACK
6
CONTINUOUS
10
6.0457187401574801
20
-4.1157974803149608
11
6.0479539370078736
21
-4.1143039763779523
0
LINE
8
BLACK
6
CONTINUOUS
10
6.0479539370078736
20
-4.1143039763779523
11
6.0505905511811022
21
-4.1137795275590552
0
LINE
8
BLACK
6
CONTINUOUS
10
6.0505905511811022
20
-4.1137795275590552
11
6.076181102362205
21
-4.1137795275590552
0
LINE
8
BLACK
6
CONTINUOUS
10
6.076181102362205
20
-4.1137795275590552
11
6.0788177165354327
21
-4.1143039763779523
0
LINE
8
BLACK
6
CONTINUOUS
10
6.1384804330708658
20
-4.11422905511811
11
6.1403962992125987
21
-4.1155092125984254
0
LINE
8
BLACK
6
CONTINUOUS
10
6.1403962992125987
20
-4.1155092125984254
11
6.1416764566929132
21
-4.1174250787401574
0
LINE
8
BLACK
6
CONTINUOUS
10
6.1416764566929132
20
-4.1174250787401574
11
6.142125984251968
21
-4.1196850393700783
0
LINE
8
BLACK
6
CONTINUOUS
10
6.142125984251968
20
-4.1196850393700783
11
6.142125984251968
21
-4.1354330708661413
0
LINE
8
BLACK
6
CONTINUOUS
10
6.142125984251968
20
-4.1354330708661413
11
6.1416764566929132
21
-4.1376930314960632
0
LINE
8
BLACK
6
CONTINUOUS
10
6.1416764566929132
20
-4.1376930314960632
11
6.1403962992125987
21
-4.1396088976377952
0
LINE
8
BLACK
6
CONTINUOUS
10
6.1403962992125987
20
-4.1396088976377952
11
6.1384804330708658
21
-4.1408890551181106
0
LINE
8
BLACK
6
CONTINUOUS
10
6.1384804330708658
20
-4.1408890551181106
11
6.1362204724409448
21
-4.1413385826771654
0
LINE
8
BLACK
6
CONTINUOUS
10
6.1362204724409448
20
-4.1413385826771654
11
6.1244094488188976
21
-4.1413385826771654
0
LINE
8
BLACK
6
CONTINUOUS
10
6.1244094488188976
20
-4.1413385826771654
11
6.1221494881889766
21
-4.1408890551181106
0
LINE
8
BLACK
6
CONTINUOUS
10
6.1221494881889766
20
-4.1408890551181106
11
6.1202336220472437
21
-4.1396088976377952
0
LINE
8
BLACK
6
CONTINUOUS
10
6.1202336220472437
20
-4.1396088976377952
11
6.1189534645669292
21
-4.1376930314960632
0
LINE
8
BLACK
6
CONTINUOUS
10
6.1189534645669292
20
-4.1376930314960632
11
6.1185039370078735
21
-4.1354330708661413
0
LINE
8
BLACK
6
CONTINUOUS
10
6.1185039370078735
20
-4.1354330708661413
11
6.1185039370078735
21
-4.1196850393700783
0
LINE
8
BLACK
6
CONTINUOUS
10
6.1185039370078735
20
-4.1196850393700783
11
6.1189534645669292
21
-4.1174250787401574
0
LINE
8
BLACK
6
CONTINUOUS
10
6.1189534645669292
20
-4.1174250787401574
11
6.1202336220472437
21
-4.1155092125984254
0
LINE
8
BLACK
6
CONTINUOUS
10
6.1202336220472437
20
-4.1155092125984254
11
6.1221494881889766
21
-4.11422905511811
0
LINE
8
BLACK
6
CONTINUOUS
10
6.1221494881889766
20
-4.11422905511811
11
6.1244094488188976
21
-4.1137795275590552
0
LINE
8
BLACK
6
CONTINUOUS
10
6.1244094488188976
20
-4.1137795275590552
11
6.1362204724409448
21
-4.1137795275590552
0
LINE
8
BLACK
6
CONTINUOUS
10
6.1362204724409448
20
-4.1137795275590552
11
6.1384804330708658
21
-4.11422905511811
0
LINE
8
BLACK
6
CONTINUOUS
10
5.7007874015748028
20
-4.1230314960629917
11
5.6141732283464565
21
-4.1230314960629917
0
LINE
8
BLACK
6
CONTINUOUS
10
5.6141732283464565
20
-4.1230314960629917
11
5.6141732283464565
21
-4.0383858267716537
0
LINE
8
BLACK
6
CONTINUOUS
10
5.6141732283464565
20
-4.0383858267716537
11
5.7007874015748028
21
-4.0383858267716537
0
LINE
8
BLACK
6
CONTINUOUS
10
5.7007874015748028
20
-4.0383858267716537
11
5.7007874015748028
21
-4.1230314960629917
0
LINE
8
BLACK
6
CONTINUOUS
10
5.8740157480314963
20
-4.1230314960629917
11
5.7874015748031491
21
-4.1230314960629917
0
LINE
8
BLACK
6
CONTINUOUS
10
5.7874015748031491
20
-4.1230314960629917
11
5.7874015748031491
21
-4.0383858267716537
0
LINE
8
BLACK
6
CONTINUOUS
10
5.7874015748031491
20
-4.0383858267716537
11
5.8740157480314963
21
-4.0383858267716537
0
LINE
8
BLACK
6
CONTINUOUS
10
5.8740157480314963
20
-4.0383858267716537
11
5.8740157480314963
21
-4.1230314960629917
0
LINE
8
BLACK
6
CONTINUOUS
10
6.2298701181102363
20
-4.1104609842519686
11
6.2308280708661412
21
-4.1111010629921259
0
LINE
8
BLACK
6
CONTINUOUS
10
6.2308280708661412
20
-4.1111010629921259
11
6.2314681496062994
21
-4.1120590157480317
0
LINE
8
BLACK
6
CONTINUOUS
10
6.2314681496062994
20
-4.1120590157480317
11
6.2316929133858263
21
-4.1131889763779528
0
LINE
8
BLACK
6
CONTINUOUS
10
6.2316929133858263
20
-4.1131889763779528
11
6.2316929133858263
21
-4.1190944881889759
0
LINE
8
BLACK
6
CONTINUOUS
10
6.2316929133858263
20
-4.1190944881889759
11
6.2314681496062994
21
-4.1202244488188979
0
LINE
8
BLACK
6
CONTINUOUS
10
6.2314681496062994
20
-4.1202244488188979
11
6.2308280708661412
21
-4.1211824015748029
0
LINE
8
BLACK
6
CONTINUOUS
10
6.2308280708661412
20
-4.1211824015748029
11
6.2298701181102363
21
-4.1218224803149601
0
LINE
8
BLACK
6
CONTINUOUS
10
6.2298701181102363
20
-4.1218224803149601
11
6.2287401574803152
21
-4.122047244094488
0
LINE
8
BLACK
6
CONTINUOUS
10
6.2287401574803152
20
-4.122047244094488
11
6.1893700787401578
21
-4.122047244094488
0
LINE
8
BLACK
6
CONTINUOUS
10
6.1893700787401578
20
-4.122047244094488
11
6.1882401181102358
21
-4.1218224803149601
0
LINE
8
BLACK
6
CONTINUOUS
10
6.1882401181102358
20
-4.1218224803149601
11
6.1872821653543308
21
-4.1211824015748029
0
LINE
8
BLACK
6
CONTINUOUS
10
6.1872821653543308
20
-4.1211824015748029
11
6.1866420866141727
21
-4.1202244488188979
0
LINE
8
BLACK
6
CONTINUOUS
10
6.1866420866141727
20
-4.1202244488188979
11
6.1864173228346457
21
-4.1190944881889759
0
LINE
8
BLACK
6
CONTINUOUS
10
6.1864173228346457
20
-4.1190944881889759
11
6.1864173228346457
21
-4.1131889763779528
0
LINE
8
BLACK
6
CONTINUOUS
10
6.1864173228346457
20
-4.1131889763779528
11
6.1866420866141727
21
-4.1120590157480317
0
LINE
8
BLACK
6
CONTINUOUS
10
6.1866420866141727
20
-4.1120590157480317
11
6.1872821653543308
21
-4.1111010629921259
0
LINE
8
BLACK
6
CONTINUOUS
10
6.1872821653543308
20
-4.1111010629921259
11
6.1882401181102358
21
-4.1104609842519686
0
LINE
8
BLACK
6
CONTINUOUS
10
6.1882401181102358
20
-4.1104609842519686
11
6.1893700787401578
21
-4.1102362204724407
0
LINE
8
BLACK
6
CONTINUOUS
10
6.1893700787401578
20
-4.1102362204724407
11
6.2287401574803152
21
-4.1102362204724407
0
LINE
8
BLACK
6
CONTINUOUS
10
6.2287401574803152
20
-4.1102362204724407
11
6.2298701181102363
21
-4.1104609842519686
0
LINE
8
BLACK
6
CONTINUOUS
10
5.975988937007874
20
-4.0998215354330707
11
5.9777451574803147
21
-4.1009950000000002
0
LINE
8
BLACK
6
CONTINUOUS
10
5.9777451574803147
20
-4.1009950000000002
11
5.9789186220472441
21
-4.1027512204724408
0
LINE
8
BLACK
6
CONTINUOUS
10
5.9789186220472441
20
-4.1027512204724408
11
5.9793307086614176
21
-4.1048228346456694
0
LINE
8
BLACK
6
CONTINUOUS
10
5.9793307086614176
20
-4.1048228346456694
11
5.9793307086614176
21
-4.1156496062992129
0
LINE
8
BLACK
6
CONTINUOUS
10
5.9793307086614176
20
-4.1156496062992129
11
5.9789186220472441
21
-4.1177212204724407
0
LINE
8
BLACK
6
CONTINUOUS
10
5.9789186220472441
20
-4.1177212204724407
11
5.9777451574803147
21
-4.1194774409448822
0
LINE
8
BLACK
6
CONTINUOUS
10
5.9777451574803147
20
-4.1194774409448822
11
5.975988937007874
21
-4.1206509055118108
0
LINE
8
BLACK
6
CONTINUOUS
10
5.975988937007874
20
-4.1206509055118108
11
5.9739173228346454
21
-4.1210629921259843
0
LINE
8
BLACK
6
CONTINUOUS
10
5.9739173228346454
20
-4.1210629921259843
11
5.9630905511811019
21
-4.1210629921259843
0
LINE
8
BLACK
6
CONTINUOUS
10
5.9630905511811019
20
-4.1210629921259843
11
5.9610189370078741
21
-4.1206509055118108
0
LINE
8
BLACK
6
CONTINUOUS
10
5.9610189370078741
20
-4.1206509055118108
11
5.9592627165354326
21
-4.1194774409448822
0
LINE
8
BLACK
6
CONTINUOUS
10
5.9592627165354326
20
-4.1194774409448822
11
5.958089251968504
21
-4.1177212204724407
0
LINE
8
BLACK
6
CONTINUOUS
10
5.958089251968504
20
-4.1177212204724407
11
5.9576771653543306
21
-4.1156496062992129
0
LINE
8
BLACK
6
CONTINUOUS
10
5.9576771653543306
20
-4.1156496062992129
11
5.9576771653543306
21
-4.1048228346456694
0
LINE
8
BLACK
6
CONTINUOUS
10
5.9576771653543306
20
-4.1048228346456694
11
5.958089251968504
21
-4.1027512204724408
0
LINE
8
BLACK
6
CONTINUOUS
10
5.958089251968504
20
-4.1027512204724408
11
5.9592627165354326
21
-4.1009950000000002
0
LINE
8
BLACK
6
CONTINUOUS
10
5.9592627165354326
20
-4.1009950000000002
11
5.9610189370078741
21
-4.0998215354330707
0
LINE
8
BLACK
6
CONTINUOUS
10
5.9610189370078741
20
-4.0998215354330707
11
5.9630905511811019
21
-4.0994094488188972
0
LINE
8
BLACK
6
CONTINUOUS
10
5.9630905511811019
20
-4.0994094488188972
11
5.9739173228346454
21
-4.0994094488188972
0
LINE
8
BLACK
6
CONTINUOUS
10
5.9739173228346454
20
-4.0994094488188972
11
5.975988937007874
21
-4.0998215354330707
0
LINE
8
BLACK
6
CONTINUOUS
10
6.007485
20
-4.0998215354330707
11
6.0092412204724406
21
-4.1009950000000002
0
LINE
8
BLACK
6
CONTINUOUS
10
6.0092412204724406
20
-4.1009950000000002
11
6.01041468503937
21
-4.1027512204724408
0
LINE
8
BLACK
6
CONTINUOUS
10
6.01041468503937
20
-4.1027512204724408
11
6.0108267716535435
21
-4.1048228346456694
0
LINE
8
BLACK
6
CONTINUOUS
10
6.0108267716535435
20
-4.1048228346456694
11
6.0108267716535435
21
-4.1156496062992129
0
LINE
8
BLACK
6
CONTINUOUS
10
6.0108267716535435
20
-4.1156496062992129
11
6.01041468503937
21
-4.1177212204724407
0
LINE
8
BLACK
6
CONTINUOUS
10
6.01041468503937
20
-4.1177212204724407
11
6.0092412204724406
21
-4.1194774409448822
0
LINE
8
BLACK
6
CONTINUOUS
10
6.0092412204724406
20
-4.1194774409448822
11
6.007485
21
-4.1206509055118108
0
LINE
8
BLACK
6
CONTINUOUS
10
6.007485
20
-4.1206509055118108
11
6.0054133858267713
21
-4.1210629921259843
0
LINE
8
BLACK
6
CONTINUOUS
10
6.0054133858267713
20
-4.1210629921259843
11
5.9945866141732278
21
-4.1210629921259843
0
LINE
8
BLACK
6
CONTINUOUS
10
5.9945866141732278
20
-4.1210629921259843
11
5.992515
21
-4.1206509055118108
0
LINE
8
BLACK
6
CONTINUOUS
10
5.992515
20
-4.1206509055118108
11
5.9907587795275585
21
-4.1194774409448822
0
LINE
8
BLACK
6
CONTINUOUS
10
5.9907587795275585
20
-4.1194774409448822
11
5.98958531496063
21
-4.1177212204724407
0
LINE
8
BLACK
6
CONTINUOUS
10
5.98958531496063
20
-4.1177212204724407
11
5.9891732283464565
21
-4.1156496062992129
0
LINE
8
BLACK
6
CONTINUOUS
10
5.9891732283464565
20
-4.1156496062992129
11
5.9891732283464565
21
-4.1048228346456694
0
LINE
8
BLACK
6
CONTINUOUS
10
5.9891732283464565
20
-4.1048228346456694
11
5.98958531496063
21
-4.1027512204724408
0
LINE
8
BLACK
6
CONTINUOUS
10
5.98958531496063
20
-4.1027512204724408
11
5.9907587795275585
21
-4.1009950000000002
0
LINE
8
BLACK
6
CONTINUOUS
10
5.9907587795275585
20
-4.1009950000000002
11
5.992515
21
-4.0998215354330707
0
LINE
8
BLACK
6
CONTINUOUS
10
5.992515
20
-4.0998215354330707
11
5.9945866141732278
21
-4.0994094488188972
0
LINE
8
BLACK
6
CONTINUOUS
10
5.9945866141732278
20
-4.0994094488188972
11
6.0054133858267713
21
-4.0994094488188972
0
LINE
8
BLACK
6
CONTINUOUS
10
6.0054133858267713
20
-4.0994094488188972
11
6.007485
21
-4.0998215354330707
0
LINE
8
BLACK
6
CONTINUOUS
10
6.2298701181102363
20
-4.0907759448818899
11
6.2308280708661412
21
-4.0914160236220471
0
LINE
8
BLACK
6
CONTINUOUS
10
6.2308280708661412
20
-4.0914160236220471
11
6.2314681496062994
21
-4.092373976377953
0
LINE
8
BLACK
6
CONTINUOUS
10
6.2314681496062994
20
-4.092373976377953
11
6.2316929133858263
21
-4.0935039370078741
0
LINE
8
BLACK
6
CONTINUOUS
10
6.2316929133858263
20
-4.0935039370078741
11
6.2316929133858263
21
-4.0994094488188972
0
LINE
8
BLACK
6
CONTINUOUS
10
6.2316929133858263
20
-4.0994094488188972
11
6.2314681496062994
21
-4.1005394094488192
0
LINE
8
BLACK
6
CONTINUOUS
10
6.2314681496062994
20
-4.1005394094488192
11
6.2308280708661412
21
-4.1014973622047242
0
LINE
8
BLACK
6
CONTINUOUS
10
6.2308280708661412
20
-4.1014973622047242
11
6.2298701181102363
21
-4.1021374409448814
0
LINE
8
BLACK
6
CONTINUOUS
10
6.2298701181102363
20
-4.1021374409448814
11
6.2287401574803152
21
-4.1023622047244093
0
LINE
8
BLACK
6
CONTINUOUS
10
6.2287401574803152
20
-4.1023622047244093
11
6.1893700787401578
21
-4.1023622047244093
0
LINE
8
BLACK
6
CONTINUOUS
10
6.1893700787401578
20
-4.1023622047244093
11
6.1882401181102358
21
-4.1021374409448814
0
LINE
8
BLACK
6
CONTINUOUS
10
6.1882401181102358
20
-4.1021374409448814
11
6.1872821653543308
21
-4.1014973622047242
0
LINE
8
BLACK
6
CONTINUOUS
10
6.1872821653543308
20
-4.1014973622047242
11
6.1866420866141727
21
-4.1005394094488192
0
LINE
8
BLACK
6
CONTINUOUS
10
6.1866420866141727
20
-4.1005394094488192
11
6.1864173228346457
21
-4.0994094488188972
0
LINE
8
BLACK
6
CONTINUOUS
10
6.1864173228346457
20
-4.0994094488188972
11
6.1864173228346457
21
-4.0935039370078741
0
LINE
8
BLACK
6
CONTINUOUS
10
6.1864173228346457
20
-4.0935039370078741
11
6.1866420866141727
21
-4.092373976377953
0
LINE
8
BLACK
6
CONTINUOUS
10
6.1866420866141727
20
-4.092373976377953
11
6.1872821653543308
21
-4.0914160236220471
0
LINE
8
BLACK
6
CONTINUOUS
10
6.1872821653543308
20
-4.0914160236220471
11
6.1882401181102358
21
-4.0907759448818899
0
LINE
8
BLACK
6
CONTINUOUS
10
6.1882401181102358
20
-4.0907759448818899
11
6.1893700787401578
21
-4.090551181102362
0
LINE
8
BLACK
6
CONTINUOUS
10
6.1893700787401578
20
-4.090551181102362
11
6.2287401574803152
21
-4.090551181102362
0
LINE
8
BLACK
6
CONTINUOUS
10
6.2287401574803152
20
-4.090551181102362
11
6.2298701181102363
21
-4.0907759448818899
0
LINE
8
BLACK
6
CONTINUOUS
10
4.9724409448818898
20
-4.0984251968503935
11
4.8661417322834648
21
-4.0984251968503935
0
LINE
8
BLACK
6
CONTINUOUS
10
4.8661417322834648
20
-4.0984251968503935
11
4.8661417322834648
21
-3.8543307086614171
0
LINE
8
BLACK
6
CONTINUOUS
10
4.8661417322834648
20
-3.8543307086614171
11
4.9724409448818898
21
-3.8543307086614171
0
LINE
8
BLACK
6
CONTINUOUS
10
4.9724409448818898
20
-3.8543307086614171
11
4.9724409448818898
21
-4.0984251968503935
0
LINE
8
BLACK
6
CONTINUOUS
10
5.2992125984251963
20
-4.0984251968503935
11
5.1929133858267713
21
-4.0984251968503935
0
LINE
8
BLACK
6
CONTINUOUS
10
5.1929133858267713
20
-4.0984251968503935
11
5.1929133858267713
21
-3.8543307086614171
0
LINE
8
BLACK
6
CONTINUOUS
10
5.1929133858267713
20
-3.8543307086614171
11
5.2992125984251963
21
-3.8543307086614171
0
LINE
8
BLACK
6
CONTINUOUS
10
5.2992125984251963
20
-3.8543307086614171
11
5.2992125984251963
21
-4.0984251968503935
0
LINE
8
BLACK
6
CONTINUOUS
10
6.2298701181102363
20
-4.0710909055118112
11
6.2308280708661412
21
-4.0717309842519684
0
LINE
8
BLACK
6
CONTINUOUS
10
6.2308280708661412
20
-4.0717309842519684
11
6.2314681496062994
21
-4.0726889370078743
0
LINE
8
BLACK
6
CONTINUOUS
10
6.2314681496062994
20
-4.0726889370078743
11
6.2316929133858263
21
-4.0738188976377954
0
LINE
8
BLACK
6
CONTINUOUS
10
6.2316929133858263
20
-4.0738188976377954
11
6.2316929133858263
21
-4.0797244094488185
0
LINE
8
BLACK
6
CONTINUOUS
10
6.2316929133858263
20
-4.0797244094488185
11
6.2314681496062994
21
-4.0808543700787396
0
LINE
8
BLACK
6
CONTINUOUS
10
6.2314681496062994
20
-4.0808543700787396
11
6.2308280708661412
21
-4.0818123228346455
0
LINE
8
BLACK
6
CONTINUOUS
10
6.2308280708661412
20
-4.0818123228346455
11
6.2298701181102363
21
-4.0824524015748027
0
LINE
8
BLACK
6
CONTINUOUS
10
6.2298701181102363
20
-4.0824524015748027
11
6.2287401574803152
21
-4.0826771653543306
0
LINE
8
BLACK
6
CONTINUOUS
10
6.2287401574803152
20
-4.0826771653543306
11
6.1893700787401578
21
-4.0826771653543306
0
LINE
8
BLACK
6
CONTINUOUS
10
6.1893700787401578
20
-4.0826771653543306
11
6.1882401181102358
21
-4.0824524015748027
0
LINE
8
BLACK
6
CONTINUOUS
10
6.1882401181102358
20
-4.0824524015748027
11
6.1872821653543308
21
-4.0818123228346455
0
LINE
8
BLACK
6
CONTINUOUS
10
6.1872821653543308
20
-4.0818123228346455
11
6.1866420866141727
21
-4.0808543700787396
0
LINE
8
BLACK
6
CONTINUOUS
10
6.1866420866141727
20
-4.0808543700787396
11
6.1864173228346457
21
-4.0797244094488185
0
LINE
8
BLACK
6
CONTINUOUS
10
6.1864173228346457
20
-4.0797244094488185
11
6.1864173228346457
21
-4.0738188976377954
0
LINE
8
BLACK
6
CONTINUOUS
10
6.1864173228346457
20
-4.0738188976377954
11
6.1866420866141727
21
-4.0726889370078743
0
LINE
8
BLACK
6
CONTINUOUS
10
6.1866420866141727
20
-4.0726889370078743
11
6.1872821653543308
21
-4.0717309842519684
0
LINE
8
BLACK
6
CONTINUOUS
10
6.1872821653543308
20
-4.0717309842519684
11
6.1882401181102358
21
-4.0710909055118112
0
LINE
8
BLACK
6
CONTINUOUS
10
6.1882401181102358
20
-4.0710909055118112
11
6.1893700787401578
21
-4.0708661417322833
0
LINE
8
BLACK
6
CONTINUOUS
10
6.1893700787401578
20
-4.0708661417322833
11
6.2287401574803152
21
-4.0708661417322833
0
LINE
8
BLACK
6
CONTINUOUS
10
6.2287401574803152
20
-4.0708661417322833
11
6.2298701181102363
21
-4.0710909055118112
0
LINE
8
BLACK
6
CONTINUOUS
10
5.975988937007874
20
-4.0565144488188976
11
5.9777451574803147
21
-4.057687913385827
0
LINE
8
BLACK
6
CONTINUOUS
10
5.9777451574803147
20
-4.057687913385827
11
5.9789186220472441
21
-4.0594441338582676
0
LINE
8
BLACK
6
CONTINUOUS
10
5.9789186220472441
20
-4.0594441338582676
11
5.9793307086614176
21
-4.0615157480314963
0
LINE
8
BLACK
6
CONTINUOUS
10
5.9793307086614176
20
-4.0615157480314963
11
5.9793307086614176
21
-4.0723425196850389
0
LINE
8
BLACK
6
CONTINUOUS
10
5.9793307086614176
20
-4.0723425196850389
11
5.9789186220472441
21
-4.0744141338582676
0
LINE
8
BLACK
6
CONTINUOUS
10
5.9789186220472441
20
-4.0744141338582676
11
5.9777451574803147
21
-4.0761703543307082
0
LINE
8
BLACK
6
CONTINUOUS
10
5.9777451574803147
20
-4.0761703543307082
11
5.975988937007874
21
-4.0773438188976376
0
LINE
8
BLACK
6
CONTINUOUS
10
5.975988937007874
20
-4.0773438188976376
11
5.9739173228346454
21
-4.0777559055118111
0
LINE
8
BLACK
6
CONTINUOUS
10
5.9739173228346454
20
-4.0777559055118111
11
5.9630905511811019
21
-4.0777559055118111
0
LINE
8
BLACK
6
CONTINUOUS
10
5.9630905511811019
20
-4.0777559055118111
11
5.9610189370078741
21
-4.0773438188976376
0
LINE
8
BLACK
6
CONTINUOUS
10
5.9610189370078741
20
-4.0773438188976376
11
5.9592627165354326
21
-4.0761703543307082
0
LINE
8
BLACK
6
CONTINUOUS
10
5.9592627165354326
20
-4.0761703543307082
11
5.958089251968504
21
-4.0744141338582676
0
LINE
8
BLACK
6
CONTINUOUS
10
5.958089251968504
20
-4.0744141338582676
11
5.9576771653543306
21
-4.0723425196850389
0
LINE
8
BLACK
6
CONTINUOUS
10
5.9576771653543306
20
-4.0723425196850389
11
5.9576771653543306
21
-4.0615157480314963
0
LINE
8
BLACK
6
CONTINUOUS
10
5.9576771653543306
20
-4.0615157480314963
11
5.958089251968504
21
-4.0594441338582676
0
LINE
8
BLACK
6
CONTINUOUS
10
5.958089251968504
20
-4.0594441338582676
11
5.9592627165354326
21
-4.057687913385827
0
LINE
8
BLACK
6
CONTINUOUS
10
5.9592627165354326
20
-4.057687913385827
11
5.9610189370078741
21
-4.0565144488188976
0
LINE
8
BLACK
6
CONTINUOUS
10
5.9610189370078741
20
-4.0565144488188976
11
5.9630905511811019
21
-4.0561023622047241
0
LINE
8
BLACK
6
CONTINUOUS
10
5.9630905511811019
20
-4.0561023622047241
11
5.9739173228346454
21
-4.0561023622047241
0
LINE
8
BLACK
6
CONTINUOUS
10
5.9739173228346454
20
-4.0561023622047241
11
5.975988937007874
21
-4.0565144488188976
0
LINE
8
BLACK
6
CONTINUOUS
10
6.007485
20
-4.0565144488188976
11
6.0092412204724406
21
-4.057687913385827
0
LINE
8
BLACK
6
CONTINUOUS
10
6.0092412204724406
20
-4.057687913385827
11
6.01041468503937
21
-4.0594441338582676
0
LINE
8
BLACK
6
CONTINUOUS
10
6.01041468503937
20
-4.0594441338582676
11
6.0108267716535435
21
-4.0615157480314963
0
LINE
8
BLACK
6
CONTINUOUS
10
6.0108267716535435
20
-4.0615157480314963
11
6.0108267716535435
21
-4.0723425196850389
0
LINE
8
BLACK
6
CONTINUOUS
10
6.0108267716535435
20
-4.0723425196850389
11
6.01041468503937
21
-4.0744141338582676
0
LINE
8
BLACK
6
CONTINUOUS
10
6.01041468503937
20
-4.0744141338582676
11
6.0092412204724406
21
-4.0761703543307082
0
LINE
8
BLACK
6
CONTINUOUS
10
6.0092412204724406
20
-4.0761703543307082
11
6.007485
21
-4.0773438188976376
0
LINE
8
BLACK
6
CONTINUOUS
10
6.007485
20
-4.0773438188976376
11
6.0054133858267713
21
-4.0777559055118111
0
LINE
8
BLACK
6
CONTINUOUS
10
6.0054133858267713
20
-4.0777559055118111
11
5.9945866141732278
21
-4.0777559055118111
0
LINE
8
BLACK
6
CONTINUOUS
10
5.9945866141732278
20
-4.0777559055118111
11
5.992515
21
-4.0773438188976376
0
LINE
8
BLACK
6
CONTINUOUS
10
5.992515
20
-4.0773438188976376
11
5.9907587795275585
21
-4.0761703543307082
0
LINE
8
BLACK
6
CONTINUOUS
10
5.9907587795275585
20
-4.0761703543307082
11
5.98958531496063
21
-4.0744141338582676
0
LINE
8
BLACK
6
CONTINUOUS
10
5.98958531496063
20
-4.0744141338582676
11
5.9891732283464565
21
-4.0723425196850389
0
LINE
8
BLACK
6
CONTINUOUS
10
5.9891732283464565
20
-4.0723425196850389
11
5.9891732283464565
21
-4.0615157480314963
0
LINE
8
BLACK
6
CONTINUOUS
10
5.9891732283464565
20
-4.0615157480314963
11
5.98958531496063
21
-4.0594441338582676
0
LINE
8
BLACK
6
CONTINUOUS
10
5.98958531496063
20
-4.0594441338582676
11
5.9907587795275585
21
-4.057687913385827
0
LINE
8
BLACK
6
CONTINUOUS
10
5.9907587795275585
20
-4.057687913385827
11
5.992515
21
-4.0565144488188976
0
LINE
8
BLACK
6
CONTINUOUS
10
5.992515
20
-4.0565144488188976
11
5.9945866141732278
21
-4.0561023622047241
0
LINE
8
BLACK
6
CONTINUOUS
10
5.9945866141732278
20
-4.0561023622047241
11
6.0054133858267713
21
-4.0561023622047241
0
LINE
8
BLACK
6
CONTINUOUS
10
6.0054133858267713
20
-4.0561023622047241
11
6.007485
21
-4.0565144488188976
0
LINE
8
BLACK
6
CONTINUOUS
10
4.4458661417322833
20
-4.0674212598425195
11
4.2864173228346454
21
-4.0674212598425195
0
LINE
8
BLACK
6
CONTINUOUS
10
4.2864173228346454
20
-4.0674212598425195
11
4.2864173228346454
21
-3.9079724409448819
0
LINE
8
BLACK
6
CONTINUOUS
10
4.2864173228346454
20
-3.9079724409448819
11
4.4458661417322833
21
-3.9079724409448819
0
LINE
8
BLACK
6
CONTINUOUS
10
4.4458661417322833
20
-3.9079724409448819
11
4.4458661417322833
21
-4.0674212598425195
0
LINE
8
BLACK
6
CONTINUOUS
10
4.0982306299212601
20
-3.9095043307086614
11
4.1083037401574805
21
-3.9122033858267717
0
LINE
8
BLACK
6
CONTINUOUS
10
4.1083037401574805
20
-3.9122033858267717
11
4.117938385826772
21
-3.916194212598425
0
LINE
8
BLACK
6
CONTINUOUS
10
4.117938385826772
20
-3.916194212598425
11
4.12696968503937
21
-3.9214084251968502
0
LINE
8
BLACK
6
CONTINUOUS
10
4.12696968503937
20
-3.9214084251968502
11
4.1352431102362202
21
-3.9277568503937008
0
LINE
8
BLACK
6
CONTINUOUS
10
4.1352431102362202
20
-3.9277568503937008
11
4.1426171653543307
21
-3.9351309055118109
0
LINE
8
BLACK
6
CONTINUOUS
10
4.1426171653543307
20
-3.9351309055118109
11
4.1489655905511809
21
-3.9434043307086615
0
LINE
8
BLACK
6
CONTINUOUS
10
4.1489655905511809
20
-3.9434043307086615
11
4.1541798031496064
21
-3.95243562992126
0
LINE
8
BLACK
6
CONTINUOUS
10
4.1541798031496064
20
-3.95243562992126
11
4.1581706299212602
21
-3.962070275590551
0
LINE
8
BLACK
6
CONTINUOUS
10
4.1581706299212602
20
-3.962070275590551
11
4.16086968503937
21
-3.9721433858267714
0
LINE
8
BLACK
6
CONTINUOUS
10
4.16086968503937
20
-3.9721433858267714
11
4.1622308661417318
21
-3.9824826377952753
0
LINE
8
BLACK
6
CONTINUOUS
10
4.1622308661417318
20
-3.9824826377952753
11
4.1622308661417318
21
-3.9929110629921261
0
LINE
8
BLACK
6
CONTINUOUS
10
4.1622308661417318
20
-3.9929110629921261
11
4.16086968503937
21
-4.0032503149606296
0
LINE
8
BLACK
6
CONTINUOUS
10
4.16086968503937
20
-4.0032503149606296
11
4.1581706299212602
21
-4.0133234251968499
0
LINE
8
BLACK
6
CONTINUOUS
10
4.1581706299212602
20
-4.0133234251968499
11
4.1541798031496064
21
-4.0229580708661414
0
LINE
8
BLACK
6
CONTINUOUS
10
4.1541798031496064
20
-4.0229580708661414
11
4.1489655905511809
21
-4.0319893700787404
0
LINE
8
BLACK
6
CONTINUOUS
10
4.1489655905511809
20
-4.0319893700787404
11
4.1426171653543307
21
-4.0402627952755905
0
LINE
8
BLACK
6
CONTINUOUS
10
4.1426171653543307
20
-4.0402627952755905
11
4.1352431102362202
21
-4.047636850393701
0
LINE
8
BLACK
6
CONTINUOUS
10
4.1352431102362202
20
-4.047636850393701
11
4.12696968503937
21
-4.0539852755905512
0
LINE
8
BLACK
6
CONTINUOUS
10
4.12696968503937
20
-4.0539852755905512
11
4.117938385826772
21
-4.0591994881889759
0
LINE
8
BLACK
6
CONTINUOUS
10
4.117938385826772
20
-4.0591994881889759
11
4.1083037401574805
21
-4.0631903149606297
0
LINE
8
BLACK
6
CONTINUOUS
10
4.1083037401574805
20
-4.0631903149606297
11
4.0982306299212601
21
-4.0658893700787404
0
LINE
8
BLACK
6
CONTINUOUS
10
4.0982306299212601
20
-4.0658893700787404
11
4.0878913779527561
21
-4.0672505511811021
0
LINE
8
BLACK
6
CONTINUOUS
10
4.0878913779527561
20
-4.0672505511811021
11
4.077462952755905
21
-4.0672505511811021
0
LINE
8
BLACK
6
CONTINUOUS
10
4.077462952755905
20
-4.0672505511811021
11
4.067123700787401
21
-4.0658893700787404
0
LINE
8
BLACK
6
CONTINUOUS
10
4.067123700787401
20
-4.0658893700787404
11
4.0570505905511807
21
-4.0631903149606297
0
LINE
8
BLACK
6
CONTINUOUS
10
4.0570505905511807
20
-4.0631903149606297
11
4.04741594488189
21
-4.0591994881889759
0
LINE
8
BLACK
6
CONTINUOUS
10
4.04741594488189
20
-4.0591994881889759
11
4.0383846456692911
21
-4.0539852755905512
0
LINE
8
BLACK
6
CONTINUOUS
10
4.0383846456692911
20
-4.0539852755905512
11
4.030111220472441
21
-4.047636850393701
0
LINE
8
BLACK
6
CONTINUOUS
10
4.030111220472441
20
-4.047636850393701
11
4.0227371653543305
21
-4.0402627952755905
0
LINE
8
BLACK
6
CONTINUOUS
10
4.0227371653543305
20
-4.0402627952755905
11
4.0163887401574803
21
-4.0319893700787404
0
LINE
8
BLACK
6
CONTINUOUS
10
4.0163887401574803
20
-4.0319893700787404
11
4.0111745275590547
21
-4.0229580708661414
0
LINE
8
BLACK
6
CONTINUOUS
10
4.0111745275590547
20
-4.0229580708661414
11
4.0071837007874018
21
-4.0133234251968499
0
LINE
8
BLACK
6
CONTINUOUS
10
4.0071837007874018
20
-4.0133234251968499
11
4.0044846456692911
21
-4.0032503149606296
0
LINE
8
BLACK
6
CONTINUOUS
10
4.0044846456692911
20
-4.0032503149606296
11
4.0031234645669294
21
-3.9929110629921261
0
LINE
8
BLACK
6
CONTINUOUS
10
4.0031234645669294
20
-3.9929110629921261
11
4.0031234645669294
21
-3.9824826377952753
0
LINE
8
BLACK
6
CONTINUOUS
10
4.0031234645669294
20
-3.9824826377952753
11
4.0044846456692911
21
-3.9721433858267714
0
LINE
8
BLACK
6
CONTINUOUS
10
4.0044846456692911
20
-3.9721433858267714
11
4.0071837007874018
21
-3.962070275590551
0
LINE
8
BLACK
6
CONTINUOUS
10
4.0071837007874018
20
-3.962070275590551
11
4.0111745275590547
21
-3.95243562992126
0
LINE
8
BLACK
6
CONTINUOUS
10
4.0111745275590547
20
-3.95243562992126
11
4.0163887401574803
21
-3.9434043307086615
0
LINE
8
BLACK
6
CONTINUOUS
10
4.0163887401574803
20
-3.9434043307086615
11
4.0227371653543305
21
-3.9351309055118109
0
LINE
8
BLACK
6
CONTINUOUS
10
4.0227371653543305
20
-3.9351309055118109
11
4.030111220472441
21
-3.9277568503937008
0
LINE
8
BLACK
6
CONTINUOUS
10
4.030111220472441
20
-3.9277568503937008
11
4.0383846456692911
21
-3.9214084251968502
0
LINE
8
BLACK
6
CONTINUOUS
10
4.0383846456692911
20
-3.9214084251968502
11
4.04741594488189
21
-3.916194212598425
0
LINE
8
BLACK
6
CONTINUOUS
10
4.04741594488189
20
-3.916194212598425
11
4.0570505905511807
21
-3.9122033858267717
0
LINE
8
BLACK
6
CONTINUOUS
10
4.0570505905511807
20
-3.9122033858267717
11
4.067123700787401
21
-3.9095043307086614
0
LINE
8
BLACK
6
CONTINUOUS
10
4.067123700787401
20
-3.9095043307086614
11
4.077462952755905
21
-3.9081431496062993
0
LINE
8
BLACK
6
CONTINUOUS
10
4.077462952755905
20
-3.9081431496062993
11
4.0878913779527561
21
-3.9081431496062993
0
LINE
8
BLACK
6
CONTINUOUS
10
4.0878913779527561
20
-3.9081431496062993
11
4.0982306299212601
21
-3.9095043307086614
0
LINE
8
BLACK
6
CONTINUOUS
10
6.2298701181102363
20
-4.0514058661417325
11
6.2308280708661412
21
-4.0520459448818897
0
LINE
8
BLACK
6
CONTINUOUS
10
6.2308280708661412
20
-4.0520459448818897
11
6.2314681496062994
21
-4.0530038976377956
0
LINE
8
BLACK
6
CONTINUOUS
10
6.2314681496062994
20
-4.0530038976377956
11
6.2316929133858263
21
-4.0541338582677167
0
LINE
8
BLACK
6
CONTINUOUS
10
6.2316929133858263
20
-4.0541338582677167
11
6.2316929133858263
21
-4.0600393700787398
0
LINE
8
BLACK
6
CONTINUOUS
10
6.2316929133858263
20
-4.0600393700787398
11
6.2314681496062994
21
-4.0611693307086609
0
LINE
8
BLACK
6
CONTINUOUS
10
6.2314681496062994
20
-4.0611693307086609
11
6.2308280708661412
21
-4.0621272834645668
0
LINE
8
BLACK
6
CONTINUOUS
10
6.2308280708661412
20
-4.0621272834645668
11
6.2298701181102363
21
-4.062767362204724
0
LINE
8
BLACK
6
CONTINUOUS
10
6.2298701181102363
20
-4.062767362204724
11
6.2287401574803152
21
-4.0629921259842519
0
LINE
8
BLACK
6
CONTINUOUS
10
6.2287401574803152
20
-4.0629921259842519
11
6.1893700787401578
21
-4.0629921259842519
0
LINE
8
BLACK
6
CONTINUOUS
10
6.1893700787401578
20
-4.0629921259842519
11
6.1882401181102358
21
-4.062767362204724
0
LINE
8
BLACK
6
CONTINUOUS
10
6.1882401181102358
20
-4.062767362204724
11
6.1872821653543308
21
-4.0621272834645668
0
LINE
8
BLACK
6
CONTINUOUS
10
6.1872821653543308
20
-4.0621272834645668
11
6.1866420866141727
21
-4.0611693307086609
0
LINE
8
BLACK
6
CONTINUOUS
10
6.1866420866141727
20
-4.0611693307086609
11
6.1864173228346457
21
-4.0600393700787398
0
LINE
8
BLACK
6
CONTINUOUS
10
6.1864173228346457
20
-4.0600393700787398
11
6.1864173228346457
21
-4.0541338582677167
0
LINE
8
BLACK
6
CONTINUOUS
10
6.1864173228346457
20
-4.0541338582677167
11
6.1866420866141727
21
-4.0530038976377956
0
LINE
8
BLACK
6
CONTINUOUS
10
6.1866420866141727
20
-4.0530038976377956
11
6.1872821653543308
21
-4.0520459448818897
0
LINE
8
BLACK
6
CONTINUOUS
10
6.1872821653543308
20
-4.0520459448818897
11
6.1882401181102358
21
-4.0514058661417325
0
LINE
8
BLACK
6
CONTINUOUS
10
6.1882401181102358
20
-4.0514058661417325
11
6.1893700787401578
21
-4.0511811023622046
0
LINE
8
BLACK
6
CONTINUOUS
10
6.1893700787401578
20
-4.0511811023622046
11
6.2287401574803152
21
-4.0511811023622046
0
LINE
8
BLACK
6
CONTINUOUS
10
6.2287401574803152
20
-4.0511811023622046
11
6.2298701181102363
21
-4.0514058661417325
0
LINE
8
BLACK
6
CONTINUOUS
10
6.0636772834645667
20
-4.0354888976377952
11
6.0655931496062987
21
-4.0367690551181106
0
LINE
8
BLACK
6
CONTINUOUS
10
6.0655931496062987
20
-4.0367690551181106
11
6.0668733070866141
21
-4.0386849212598426
0
LINE
8
BLACK
6
CONTINUOUS
10
6.0668733070866141
20
-4.0386849212598426
11
6.0673228346456689
21
-4.0409448818897635
0
LINE
8
BLACK
6
CONTINUOUS
10
6.0673228346456689
20
-4.0409448818897635
11
6.0673228346456689
21
-4.0566929133858265
0
LINE
8
BLACK
6
CONTINUOUS
10
6.0673228346456689
20
-4.0566929133858265
11
6.0668733070866141
21
-4.0589528740157483
0
LINE
8
BLACK
6
CONTINUOUS
10
6.0668733070866141
20
-4.0589528740157483
11
6.0655931496062987
21
-4.0608687401574803
0
LINE
8
BLACK
6
CONTINUOUS
10
6.0655931496062987
20
-4.0608687401574803
11
6.0636772834645667
21
-4.0621488976377949
0
LINE
8
BLACK
6
CONTINUOUS
10
6.0636772834645667
20
-4.0621488976377949
11
6.0614173228346457
21
-4.0625984251968505
0
LINE
8
BLACK
6
CONTINUOUS
10
6.0614173228346457
20
-4.0625984251968505
11
6.0496062992125985
21
-4.0625984251968505
0
LINE
8
BLACK
6
CONTINUOUS
10
6.0496062992125985
20
-4.0625984251968505
11
6.0473463385826767
21
-4.0621488976377949
0
LINE
8
BLACK
6
CONTINUOUS
10
6.0473463385826767
20
-4.0621488976377949
11
6.0454304724409447
21
-4.0608687401574803
0
LINE
8
BLACK
6
CONTINUOUS
10
6.0454304724409447
20
-4.0608687401574803
11
6.0441503149606302
21
-4.0589528740157483
0
LINE
8
BLACK
6
CONTINUOUS
10
6.0441503149606302
20
-4.0589528740157483
11
6.0437007874015745
21
-4.0566929133858265
0
LINE
8
BLACK
6
CONTINUOUS
10
6.0437007874015745
20
-4.0566929133858265
11
6.0437007874015745
21
-4.0409448818897635
0
LINE
8
BLACK
6
CONTINUOUS
10
6.0437007874015745
20
-4.0409448818897635
11
6.0441503149606302
21
-4.0386849212598426
0
LINE
8
BLACK
6
CONTINUOUS
10
6.0441503149606302
20
-4.0386849212598426
11
6.0454304724409447
21
-4.0367690551181106
0
LINE
8
BLACK
6
CONTINUOUS
10
6.0454304724409447
20
-4.0367690551181106
11
6.0473463385826767
21
-4.0354888976377952
0
LINE
8
BLACK
6
CONTINUOUS
10
6.0473463385826767
20
-4.0354888976377952
11
6.0496062992125985
21
-4.0350393700787404
0
LINE
8
BLACK
6
CONTINUOUS
10
6.0496062992125985
20
-4.0350393700787404
11
6.0614173228346457
21
-4.0350393700787404
0
LINE
8
BLACK
6
CONTINUOUS
10
6.0614173228346457
20
-4.0350393700787404
11
6.0636772834645667
21
-4.0354888976377952
0
LINE
8
BLACK
6
CONTINUOUS
10
6.1384804330708658
20
-4.0354888976377952
11
6.1403962992125987
21
-4.0367690551181106
0
LINE
8
BLACK
6
CONTINUOUS
10
6.1403962992125987
20
-4.0367690551181106
11
6.1416764566929132
21
-4.0386849212598426
0
LINE
8
BLACK
6
CONTINUOUS
10
6.1416764566929132
20
-4.0386849212598426
11
6.142125984251968
21
-4.0409448818897635
0
LINE
8
BLACK
6
CONTINUOUS
10
6.142125984251968
20
-4.0409448818897635
11
6.142125984251968
21
-4.0566929133858265
0
LINE
8
BLACK
6
CONTINUOUS
10
6.142125984251968
20
-4.0566929133858265
11
6.1416764566929132
21
-4.0589528740157483
0
LINE
8
BLACK
6
CONTINUOUS
10
6.1416764566929132
20
-4.0589528740157483
11
6.1403962992125987
21
-4.0608687401574803
0
LINE
8
BLACK
6
CONTINUOUS
10
6.1403962992125987
20
-4.0608687401574803
11
6.1384804330708658
21
-4.0621488976377949
0
LINE
8
BLACK
6
CONTINUOUS
10
6.1384804330708658
20
-4.0621488976377949
11
6.1362204724409448
21
-4.0625984251968505
0
LINE
8
BLACK
6
CONTINUOUS
10
6.1362204724409448
20
-4.0625984251968505
11
6.1244094488188976
21
-4.0625984251968505
0
LINE
8
BLACK
6
CONTINUOUS
10
6.1244094488188976
20
-4.0625984251968505
11
6.1221494881889766
21
-4.0621488976377949
0
LINE
8
BLACK
6
CONTINUOUS
10
6.1221494881889766
20
-4.0621488976377949
11
6.1202336220472437
21
-4.0608687401574803
0
LINE
8
BLACK
6
CONTINUOUS
10
6.1202336220472437
20
-4.0608687401574803
11
6.1189534645669292
21
-4.0589528740157483
0
LINE
8
BLACK
6
CONTINUOUS
10
6.1189534645669292
20
-4.0589528740157483
11
6.1185039370078735
21
-4.0566929133858265
0
LINE
8
BLACK
6
CONTINUOUS
10
6.1185039370078735
20
-4.0566929133858265
11
6.1185039370078735
21
-4.0409448818897635
0
LINE
8
BLACK
6
CONTINUOUS
10
6.1185039370078735
20
-4.0409448818897635
11
6.1189534645669292
21
-4.0386849212598426
0
LINE
8
BLACK
6
CONTINUOUS
10
6.1189534645669292
20
-4.0386849212598426
11
6.1202336220472437
21
-4.0367690551181106
0
LINE
8
BLACK
6
CONTINUOUS
10
6.1202336220472437
20
-4.0367690551181106
11
6.1221494881889766
21
-4.0354888976377952
0
LINE
8
BLACK
6
CONTINUOUS
10
6.1221494881889766
20
-4.0354888976377952
11
6.1244094488188976
21
-4.0350393700787404
0
LINE
8
BLACK
6
CONTINUOUS
10
6.1244094488188976
20
-4.0350393700787404
11
6.1362204724409448
21
-4.0350393700787404
0
LINE
8
BLACK
6
CONTINUOUS
10
6.1362204724409448
20
-4.0350393700787404
11
6.1384804330708658
21
-4.0354888976377952
0
LINE
8
BLACK
6
CONTINUOUS
10
3.5344488188976375
20
-4.0442913385826769
11
3.375
21
-4.0442913385826769
0
LINE
8
BLACK
6
CONTINUOUS
10
3.375
20
-4.0442913385826769
11
3.375
21
-3.8848425196850394
0
LINE
8
BLACK
6
CONTINUOUS
10
3.375
20
-3.8848425196850394
11
3.5344488188976375
21
-3.8848425196850394
0
LINE
8
BLACK
6
CONTINUOUS
10
3.5344488188976375
20
-3.8848425196850394
11
3.5344488188976375
21
-4.0442913385826769
0
LINE
8
BLACK
6
CONTINUOUS
10
3.1868133070866143
20
-3.8863744094488188
11
3.1968864173228346
21
-3.8890734645669292
0
LINE
8
BLACK
6
CONTINUOUS
10
3.1968864173228346
20
-3.8890734645669292
11
3.2065210629921257
21
-3.8930642913385824
0
LINE
8
BLACK
6
CONTINUOUS
10
3.2065210629921257
20
-3.8930642913385824
11
3.2155523622047242
21
-3.8982785039370076
0
LINE
8
BLACK
6
CONTINUOUS
10
3.2155523622047242
20
-3.8982785039370076
11
3.2238257874015748
21
-3.9046269291338582
0
LINE
8
BLACK
6
CONTINUOUS
10
3.2238257874015748
20
-3.9046269291338582
11
3.2311998425196848
21
-3.9120009842519683
0
LINE
8
BLACK
6
CONTINUOUS
10
3.2311998425196848
20
-3.9120009842519683
11
3.2375482677165355
21
-3.9202744094488189
0
LINE
8
BLACK
6
CONTINUOUS
10
3.2375482677165355
20
-3.9202744094488189
11
3.2427624803149606
21
-3.9293057086614174
0
LINE
8
BLACK
6
CONTINUOUS
10
3.2427624803149606
20
-3.9293057086614174
11
3.2467533070866139
21
-3.9389403543307084
0
LINE
8
BLACK
6
CONTINUOUS
10
3.2467533070866139
20
-3.9389403543307084
11
3.2494523622047242
21
-3.9490134645669293
0
LINE
8
BLACK
6
CONTINUOUS
10
3.2494523622047242
20
-3.9490134645669293
11
3.2508135433070864
21
-3.9593527165354332
0
LINE
8
BLACK
6
CONTINUOUS
10
3.2508135433070864
20
-3.9593527165354332
11
3.2508135433070864
21
-3.9697811417322835
0
LINE
8
BLACK
6
CONTINUOUS
10
3.2508135433070864
20
-3.9697811417322835
11
3.2494523622047242
21
-3.9801203937007874
0
LINE
8
BLACK
6
CONTINUOUS
10
3.2494523622047242
20
-3.9801203937007874
11
3.2467533070866139
21
-3.9901935039370078
0
LINE
8
BLACK
6
CONTINUOUS
10
3.2467533070866139
20
-3.9901935039370078
11
3.2427624803149606
21
-3.9998281496062993
0
LINE
8
BLACK
6
CONTINUOUS
10
3.2427624803149606
20
-3.9998281496062993
11
3.2375482677165355
21
-4.0088594488188978
0
LINE
8
BLACK
6
CONTINUOUS
10
3.2375482677165355
20
-4.0088594488188978
11
3.2311998425196848
21
-4.0171328740157479
0
LINE
8
BLACK
6
CONTINUOUS
10
3.2311998425196848
20
-4.0171328740157479
11
3.2238257874015748
21
-4.0245069291338584
0
LINE
8
BLACK
6
CONTINUOUS
10
3.2238257874015748
20
-4.0245069291338584
11
3.2155523622047242
21
-4.0308553543307086
0
LINE
8
BLACK
6
CONTINUOUS
10
3.2155523622047242
20
-4.0308553543307086
11
3.2065210629921257
21
-4.0360695669291333
0
LINE
8
BLACK
6
CONTINUOUS
10
3.2065210629921257
20
-4.0360695669291333
11
3.1968864173228346
21
-4.0400603937007871
0
LINE
8
BLACK
6
CONTINUOUS
10
3.1968864173228346
20
-4.0400603937007871
11
3.1868133070866143
21
-4.0427594488188978
0
LINE
8
BLACK
6
CONTINUOUS
10
3.1868133070866143
20
-4.0427594488188978
11
3.1764740551181103
21
-4.0441206299212595
0
LINE
8
BLACK
6
CONTINUOUS
10
3.1764740551181103
20
-4.0441206299212595
11
3.1660456299212596
21
-4.0441206299212595
0
LINE
8
BLACK
6
CONTINUOUS
10
3.1660456299212596
20
-4.0441206299212595
11
3.1557063779527557
21
-4.0427594488188978
0
LINE
8
BLACK
6
CONTINUOUS
10
3.1557063779527557
20
-4.0427594488188978
11
3.1456332677165353
21
-4.0400603937007871
0
LINE
8
BLACK
6
CONTINUOUS
10
3.1456332677165353
20
-4.0400603937007871
11
3.1359986220472442
21
-4.0360695669291333
0
LINE
8
BLACK
6
CONTINUOUS
10
3.1359986220472442
20
-4.0360695669291333
11
3.1269673228346457
21
-4.0308553543307086
0
LINE
8
BLACK
6
CONTINUOUS
10
3.1269673228346457
20
-4.0308553543307086
11
3.1186938976377951
21
-4.0245069291338584
0
LINE
8
BLACK
6
CONTINUOUS
10
3.1186938976377951
20
-4.0245069291338584
11
3.1113198425196851
21
-4.0171328740157479
0
LINE
8
BLACK
6
CONTINUOUS
10
3.1113198425196851
20
-4.0171328740157479
11
3.1049714173228344
21
-4.0088594488188978
0
LINE
8
BLACK
6
CONTINUOUS
10
3.1049714173228344
20
-4.0088594488188978
11
3.0997572047244093
21
-3.9998281496062993
0
LINE
8
BLACK
6
CONTINUOUS
10
3.0997572047244093
20
-3.9998281496062993
11
3.095766377952756
21
-3.9901935039370078
0
LINE
8
BLACK
6
CONTINUOUS
10
3.095766377952756
20
-3.9901935039370078
11
3.0930673228346457
21
-3.9801203937007874
0
LINE
8
BLACK
6
CONTINUOUS
10
3.0930673228346457
20
-3.9801203937007874
11
3.0917061417322835
21
-3.9697811417322835
0
LINE
8
BLACK
6
CONTINUOUS
10
3.0917061417322835
20
-3.9697811417322835
11
3.0917061417322835
21
-3.9593527165354332
0
LINE
8
BLACK
6
CONTINUOUS
10
3.0917061417322835
20
-3.9593527165354332
11
3.0930673228346457
21
-3.9490134645669293
0
LINE
8
BLACK
6
CONTINUOUS
10
3.0930673228346457
20
-3.9490134645669293
11
3.095766377952756
21
-3.9389403543307084
0
LINE
8
BLACK
6
CONTINUOUS
10
3.095766377952756
20
-3.9389403543307084
11
3.0997572047244093
21
-3.9293057086614174
0
LINE
8
BLACK
6
CONTINUOUS
10
3.0997572047244093
20
-3.9293057086614174
11
3.1049714173228344
21
-3.9202744094488189
0
LINE
8
BLACK
6
CONTINUOUS
10
3.1049714173228344
20
-3.9202744094488189
11
3.1113198425196851
21
-3.9120009842519683
0
LINE
8
BLACK
6
CONTINUOUS
10
3.1113198425196851
20
-3.9120009842519683
11
3.1186938976377951
21
-3.9046269291338582
0
LINE
8
BLACK
6
CONTINUOUS
10
3.1186938976377951
20
-3.9046269291338582
11
3.1269673228346457
21
-3.8982785039370076
0
LINE
8
BLACK
6
CONTINUOUS
10
3.1269673228346457
20
-3.8982785039370076
11
3.1359986220472442
21
-3.8930642913385824
0
LINE
8
BLACK
6
CONTINUOUS
10
3.1359986220472442
20
-3.8930642913385824
11
3.1456332677165353
21
-3.8890734645669292
0
LINE
8
BLACK
6
CONTINUOUS
10
3.1456332677165353
20
-3.8890734645669292
11
3.1557063779527557
21
-3.8863744094488188
0
LINE
8
BLACK
6
CONTINUOUS
10
3.1557063779527557
20
-3.8863744094488188
11
3.1660456299212596
21
-3.8850132283464567
0
LINE
8
BLACK
6
CONTINUOUS
10
3.1660456299212596
20
-3.8850132283464567
11
3.1764740551181103
21
-3.8850132283464567
0
LINE
8
BLACK
6
CONTINUOUS
10
3.1764740551181103
20
-3.8850132283464567
11
3.1868133070866143
21
-3.8863744094488188
0
LINE
8
BLACK
6
CONTINUOUS
10
6.2298701181102363
20
-4.0317208267716538
11
6.2308280708661412
21
-4.032360905511811
0
LINE
8
BLACK
6
CONTINUOUS
10
6.2308280708661412
20
-4.032360905511811
11
6.2314681496062994
21
-4.0333188582677169
0
LINE
8
BLACK
6
CONTINUOUS
10
6.2314681496062994
20
-4.0333188582677169
11
6.2316929133858263
21
-4.034448818897638
0
LINE
8
BLACK
6
CONTINUOUS
10
6.2316929133858263
20
-4.034448818897638
11
6.2316929133858263
21
-4.0403543307086611
0
LINE
8
BLACK
6
CONTINUOUS
10
6.2316929133858263
20
-4.0403543307086611
11
6.2314681496062994
21
-4.0414842913385822
0
LINE
8
BLACK
6
CONTINUOUS
10
6.2314681496062994
20
-4.0414842913385822
11
6.2308280708661412
21
-4.042442244094488
0
LINE
8
BLACK
6
CONTINUOUS
10
6.2308280708661412
20
-4.042442244094488
11
6.2298701181102363
21
-4.0430823228346453
0
LINE
8
BLACK
6
CONTINUOUS
10
6.2298701181102363
20
-4.0430823228346453
11
6.2287401574803152
21
-4.0433070866141732
0
LINE
8
BLACK
6
CONTINUOUS
10
6.2287401574803152
20
-4.0433070866141732
11
6.1893700787401578
21
-4.0433070866141732
0
LINE
8
BLACK
6
CONTINUOUS
10
6.1893700787401578
20
-4.0433070866141732
11
6.1882401181102358
21
-4.0430823228346453
0
LINE
8
BLACK
6
CONTINUOUS
10
6.1882401181102358
20
-4.0430823228346453
11
6.1872821653543308
21
-4.042442244094488
0
LINE
8
BLACK
6
CONTINUOUS
10
6.1872821653543308
20
-4.042442244094488
11
6.1866420866141727
21
-4.0414842913385822
0
LINE
8
BLACK
6
CONTINUOUS
10
6.1866420866141727
20
-4.0414842913385822
11
6.1864173228346457
21
-4.0403543307086611
0
LINE
8
BLACK
6
CONTINUOUS
10
6.1864173228346457
20
-4.0403543307086611
11
6.1864173228346457
21
-4.034448818897638
0
LINE
8
BLACK
6
CONTINUOUS
10
6.1864173228346457
20
-4.034448818897638
11
6.1866420866141727
21
-4.0333188582677169
0
LINE
8
BLACK
6
CONTINUOUS
10
6.1866420866141727
20
-4.0333188582677169
11
6.1872821653543308
21
-4.032360905511811
0
LINE
8
BLACK
6
CONTINUOUS
10
6.1872821653543308
20
-4.032360905511811
11
6.1882401181102358
21
-4.0317208267716538
0
LINE
8
BLACK
6
CONTINUOUS
10
6.1882401181102358
20
-4.0317208267716538
11
6.1893700787401578
21
-4.0314960629921259
0
LINE
8
BLACK
6
CONTINUOUS
10
6.1893700787401578
20
-4.0314960629921259
11
6.2287401574803152
21
-4.0314960629921259
0
LINE
8
BLACK
6
CONTINUOUS
10
6.2287401574803152
20
-4.0314960629921259
11
6.2298701181102363
21
-4.0317208267716538
0
LINE
8
BLACK
6
CONTINUOUS
10
6.2298701181102363
20
-4.0120357874015751
11
6.2308280708661412
21
-4.0126758661417323
0
LINE
8
BLACK
6
CONTINUOUS
10
6.2308280708661412
20
-4.0126758661417323
11
6.2314681496062994
21
-4.0136338188976373
0
LINE
8
BLACK
6
CONTINUOUS
10
6.2314681496062994
20
-4.0136338188976373
11
6.2316929133858263
21
-4.0147637795275593
0
LINE
8
BLACK
6
CONTINUOUS
10
6.2316929133858263
20
-4.0147637795275593
11
6.2316929133858263
21
-4.0206692913385824
0
LINE
8
BLACK
6
CONTINUOUS
10
6.2316929133858263
20
-4.0206692913385824
11
6.2314681496062994
21
-4.0217992519685035
0
LINE
8
BLACK
6
CONTINUOUS
10
6.2314681496062994
20
-4.0217992519685035
11
6.2308280708661412
21
-4.0227572047244093
0
LINE
8
BLACK
6
CONTINUOUS
10
6.2308280708661412
20
-4.0227572047244093
11
6.2298701181102363
21
-4.0233972834645666
0
LINE
8
BLACK
6
CONTINUOUS
10
6.2298701181102363
20
-4.0233972834645666
11
6.2287401574803152
21
-4.0236220472440944
0
LINE
8
BLACK
6
CONTINUOUS
10
6.2287401574803152
20
-4.0236220472440944
11
6.1893700787401578
21
-4.0236220472440944
0
LINE
8
BLACK
6
CONTINUOUS
10
6.1893700787401578
20
-4.0236220472440944
11
6.1882401181102358
21
-4.0233972834645666
0
LINE
8
BLACK
6
CONTINUOUS
10
6.1882401181102358
20
-4.0233972834645666
11
6.1872821653543308
21
-4.0227572047244093
0
LINE
8
BLACK
6
CONTINUOUS
10
6.1872821653543308
20
-4.0227572047244093
11
6.1866420866141727
21
-4.0217992519685035
0
LINE
8
BLACK
6
CONTINUOUS
10
6.1866420866141727
20
-4.0217992519685035
11
6.1864173228346457
21
-4.0206692913385824
0
LINE
8
BLACK
6
CONTINUOUS
10
6.1864173228346457
20
-4.0206692913385824
11
6.1864173228346457
21
-4.0147637795275593
0
LINE
8
BLACK
6
CONTINUOUS
10
6.1864173228346457
20
-4.0147637795275593
11
6.1866420866141727
21
-4.0136338188976373
0
LINE
8
BLACK
6
CONTINUOUS
10
6.1866420866141727
20
-4.0136338188976373
11
6.1872821653543308
21
-4.0126758661417323
0
LINE
8
BLACK
6
CONTINUOUS
10
6.1872821653543308
20
-4.0126758661417323
11
6.1882401181102358
21
-4.0120357874015751
0
LINE
8
BLACK
6
CONTINUOUS
10
6.1882401181102358
20
-4.0120357874015751
11
6.1893700787401578
21
-4.0118110236220472
0
LINE
8
BLACK
6
CONTINUOUS
10
6.1893700787401578
20
-4.0118110236220472
11
6.2287401574803152
21
-4.0118110236220472
0
LINE
8
BLACK
6
CONTINUOUS
10
6.2287401574803152
20
-4.0118110236220472
11
6.2298701181102363
21
-4.0120357874015751
0
LINE
8
BLACK
6
CONTINUOUS
10
6.0858314566929135
20
-3.9962782283464566
11
6.0875876771653541
21
-3.9974516929133856
0
LINE
8
BLACK
6
CONTINUOUS
10
6.0875876771653541
20
-3.9974516929133856
11
6.0887611417322836
21
-3.9992079133858267
0
LINE
8
BLACK
6
CONTINUOUS
10
6.0887611417322836
20
-3.9992079133858267
11
6.0891732283464561
21
-4.0012795275590554
0
LINE
8
BLACK
6
CONTINUOUS
10
6.0891732283464561
20
-4.0012795275590554
11
6.0891732283464561
21
-4.012106299212598
0
LINE
8
BLACK
6
CONTINUOUS
10
6.0891732283464561
20
-4.012106299212598
11
6.0887611417322836
21
-4.0141779133858266
0
LINE
8
BLACK
6
CONTINUOUS
10
6.0887611417322836
20
-4.0141779133858266
11
6.0875876771653541
21
-4.0159341338582673
0
LINE
8
BLACK
6
CONTINUOUS
10
6.0875876771653541
20
-4.0159341338582673
11
6.0858314566929135
21
-4.0171075984251967
0
LINE
8
BLACK
6
CONTINUOUS
10
6.0858314566929135
20
-4.0171075984251967
11
6.0837598425196848
21
-4.0175196850393702
0
LINE
8
BLACK
6
CONTINUOUS
10
6.0837598425196848
20
-4.0175196850393702
11
6.0729330708661413
21
-4.0175196850393702
0
LINE
8
BLACK
6
CONTINUOUS
10
6.0729330708661413
20
-4.0175196850393702
11
6.0708614566929135
21
-4.0171075984251967
0
LINE
8
BLACK
6
CONTINUOUS
10
6.0708614566929135
20
-4.0171075984251967
11
6.069105236220472
21
-4.0159341338582673
0
LINE
8
BLACK
6
CONTINUOUS
10
6.069105236220472
20
-4.0159341338582673
11
6.0679317716535435
21
-4.0141779133858266
0
LINE
8
BLACK
6
CONTINUOUS
10
6.0679317716535435
20
-4.0141779133858266
11
6.06751968503937
21
-4.012106299212598
0
LINE
8
BLACK
6
CONTINUOUS
10
6.06751968503937
20
-4.012106299212598
11
6.06751968503937
21
-4.0012795275590554
0
LINE
8
BLACK
6
CONTINUOUS
10
6.06751968503937
20
-4.0012795275590554
11
6.0679317716535435
21
-3.9992079133858267
0
LINE
8
BLACK
6
CONTINUOUS
10
6.0679317716535435
20
-3.9992079133858267
11
6.069105236220472
21
-3.9974516929133856
0
LINE
8
BLACK
6
CONTINUOUS
10
6.069105236220472
20
-3.9974516929133856
11
6.0708614566929135
21
-3.9962782283464566
0
LINE
8
BLACK
6
CONTINUOUS
10
6.0708614566929135
20
-3.9962782283464566
11
6.0729330708661413
21
-3.9958661417322832
0
LINE
8
BLACK
6
CONTINUOUS
10
6.0729330708661413
20
-3.9958661417322832
11
6.0837598425196848
21
-3.9958661417322832
0
LINE
8
BLACK
6
CONTINUOUS
10
6.0837598425196848
20
-3.9958661417322832
11
6.0858314566929135
21
-3.9962782283464566
0
LINE
8
BLACK
6
CONTINUOUS
10
6.1173275196850394
20
-3.9962782283464566
11
6.11908374015748
21
-3.9974516929133856
0
LINE
8
BLACK
6
CONTINUOUS
10
6.11908374015748
20
-3.9974516929133856
11
6.1202572047244095
21
-3.9992079133858267
0
LINE
8
BLACK
6
CONTINUOUS
10
6.1202572047244095
20
-3.9992079133858267
11
6.120669291338583
21
-4.0012795275590554
0
LINE
8
BLACK
6
CONTINUOUS
10
6.120669291338583
20
-4.0012795275590554
11
6.120669291338583
21
-4.012106299212598
0
LINE
8
BLACK
6
CONTINUOUS
10
6.120669291338583
20
-4.012106299212598
11
6.1202572047244095
21
-4.0141779133858266
0
LINE
8
BLACK
6
CONTINUOUS
10
6.1202572047244095
20
-4.0141779133858266
11
6.11908374015748
21
-4.0159341338582673
0
LINE
8
BLACK
6
CONTINUOUS
10
6.11908374015748
20
-4.0159341338582673
11
6.1173275196850394
21
-4.0171075984251967
0
LINE
8
BLACK
6
CONTINUOUS
10
6.1173275196850394
20
-4.0171075984251967
11
6.1152559055118108
21
-4.0175196850393702
0
LINE
8
BLACK
6
CONTINUOUS
10
6.1152559055118108
20
-4.0175196850393702
11
6.1044291338582672
21
-4.0175196850393702
0
LINE
8
BLACK
6
CONTINUOUS
10
6.1044291338582672
20
-4.0175196850393702
11
6.1023575196850395
21
-4.0171075984251967
0
LINE
8
BLACK
6
CONTINUOUS
10
6.1023575196850395
20
-4.0171075984251967
11
6.100601299212598
21
-4.0159341338582673
0
LINE
8
BLACK
6
CONTINUOUS
10
6.100601299212598
20
-4.0159341338582673
11
6.0994278346456694
21
-4.0141779133858266
0
LINE
8
BLACK
6
CONTINUOUS
10
6.0994278346456694
20
-4.0141779133858266
11
6.0990157480314959
21
-4.012106299212598
0
LINE
8
BLACK
6
CONTINUOUS
10
6.0990157480314959
20
-4.012106299212598
11
6.0990157480314959
21
-4.0012795275590554
0
LINE
8
BLACK
6
CONTINUOUS
10
6.0990157480314959
20
-4.0012795275590554
11
6.0994278346456694
21
-3.9992079133858267
0
LINE
8
BLACK
6
CONTINUOUS
10
6.0994278346456694
20
-3.9992079133858267
11
6.100601299212598
21
-3.9974516929133856
0
LINE
8
BLACK
6
CONTINUOUS
10
6.100601299212598
20
-3.9974516929133856
11
6.1023575196850395
21
-3.9962782283464566
0
LINE
8
BLACK
6
CONTINUOUS
10
6.1023575196850395
20
-3.9962782283464566
11
6.1044291338582672
21
-3.9958661417322832
0
LINE
8
BLACK
6
CONTINUOUS
10
6.1044291338582672
20
-3.9958661417322832
11
6.1152559055118108
21
-3.9958661417322832
0
LINE
8
BLACK
6
CONTINUOUS
10
6.1152559055118108
20
-3.9958661417322832
11
6.1173275196850394
21
-3.9962782283464566
0
LINE
8
BLACK
6
CONTINUOUS
10
6.2280473622047241
20
-3.9807644881889761
11
6.229963228346457
21
-3.9820446456692911
0
LINE
8
BLACK
6
CONTINUOUS
10
6.229963228346457
20
-3.9820446456692911
11
6.2312433858267715
21
-3.9839605118110235
0
LINE
8
BLACK
6
CONTINUOUS
10
6.2312433858267715
20
-3.9839605118110235
11
6.2316929133858263
21
-3.9862204724409449
0
LINE
8
BLACK
6
CONTINUOUS
10
6.2316929133858263
20
-3.9862204724409449
11
6.2316929133858263
21
-3.9980314960629921
0
LINE
8
BLACK
6
CONTINUOUS
10
6.2316929133858263
20
-3.9980314960629921
11
6.2312433858267715
21
-4.0002914566929135
0
LINE
8
BLACK
6
CONTINUOUS
10
6.2312433858267715
20
-4.0002914566929135
11
6.229963228346457
21
-4.0022073228346455
0
LINE
8
BLACK
6
CONTINUOUS
10
6.229963228346457
20
-4.0022073228346455
11
6.2280473622047241
21
-4.0034874803149609
0
LINE
8
BLACK
6
CONTINUOUS
10
6.2280473622047241
20
-4.0034874803149609
11
6.2257874015748031
21
-4.0039370078740157
0
LINE
8
BLACK
6
CONTINUOUS
10
6.2257874015748031
20
-4.0039370078740157
11
6.1923228346456689
21
-4.0039370078740157
0
LINE
8
BLACK
6
CONTINUOUS
10
6.1923228346456689
20
-4.0039370078740157
11
6.190062874015748
21
-4.0034874803149609
0
LINE
8
BLACK
6
CONTINUOUS
10
6.190062874015748
20
-4.0034874803149609
11
6.1881470078740159
21
-4.0022073228346455
0
LINE
8
BLACK
6
CONTINUOUS
10
6.1881470078740159
20
-4.0022073228346455
11
6.1868668503937005
21
-4.0002914566929135
0
LINE
8
BLACK
6
CONTINUOUS
10
6.1868668503937005
20
-4.0002914566929135
11
6.1864173228346457
21
-3.9980314960629921
0
LINE
8
BLACK
6
CONTINUOUS
10
6.1864173228346457
20
-3.9980314960629921
11
6.1864173228346457
21
-3.9862204724409449
0
LINE
8
BLACK
6
CONTINUOUS
10
6.1864173228346457
20
-3.9862204724409449
11
6.1868668503937005
21
-3.9839605118110235
0
LINE
8
BLACK
6
CONTINUOUS
10
6.1868668503937005
20
-3.9839605118110235
11
6.1881470078740159
21
-3.9820446456692911
0
LINE
8
BLACK
6
CONTINUOUS
10
6.1881470078740159
20
-3.9820446456692911
11
6.190062874015748
21
-3.9807644881889761
0
LINE
8
BLACK
6
CONTINUOUS
10
6.190062874015748
20
-3.9807644881889761
11
6.1923228346456689
21
-3.9803149606299213
0
LINE
8
BLACK
6
CONTINUOUS
10
6.1923228346456689
20
-3.9803149606299213
11
6.2257874015748031
21
-3.9803149606299213
0
LINE
8
BLACK
6
CONTINUOUS
10
6.2257874015748031
20
-3.9803149606299213
11
6.2280473622047241
21
-3.9807644881889761
0
LINE
8
BLACK
6
CONTINUOUS
10
6.2562744881889758
20
-3.961013346456693
11
6.2591672047244096
21
-3.9626834645669291
0
LINE
8
BLACK
6
CONTINUOUS
10
6.2591672047244096
20
-3.9626834645669291
11
6.2615291338582679
21
-3.9650453937007875
0
LINE
8
BLACK
6
CONTINUOUS
10
6.2615291338582679
20
-3.9650453937007875
11
6.263199251968504
21
-3.9679381102362203
0
LINE
8
BLACK
6
CONTINUOUS
10
6.263199251968504
20
-3.9679381102362203
11
6.2640637795275591
21
-3.971164527559055
0
LINE
8
BLACK
6
CONTINUOUS
10
6.2640637795275591
20
-3.971164527559055
11
6.2640637795275591
21
-3.9745047637795277
0
LINE
8
BLACK
6
CONTINUOUS
10
6.2640637795275591
20
-3.9745047637795277
11
6.263199251968504
21
-3.9777311811023619
0
LINE
8
BLACK
6
CONTINUOUS
10
6.263199251968504
20
-3.9777311811023619
11
6.2615291338582679
21
-3.9806238976377952
0
LINE
8
BLACK
6
CONTINUOUS
10
6.2615291338582679
20
-3.9806238976377952
11
6.2591672047244096
21
-3.9829858267716536
0
LINE
8
BLACK
6
CONTINUOUS
10
6.2591672047244096
20
-3.9829858267716536
11
6.2562744881889758
21
-3.9846559448818897
0
LINE
8
BLACK
6
CONTINUOUS
10
6.2562744881889758
20
-3.9846559448818897
11
6.253048070866142
21
-3.9855204724409448
0
LINE
8
BLACK
6
CONTINUOUS
10
6.253048070866142
20
-3.9855204724409448
11
6.2497078346456689
21
-3.9855204724409448
0
LINE
8
BLACK
6
CONTINUOUS
10
6.2497078346456689
20
-3.9855204724409448
11
6.2464814173228342
21
-3.9846559448818897
0
LINE
8
BLACK
6
CONTINUOUS
10
6.2464814173228342
20
-3.9846559448818897
11
6.2435887007874014
21
-3.9829858267716536
0
LINE
8
BLACK
6
CONTINUOUS
10
6.2435887007874014
20
-3.9829858267716536
11
6.241226771653543
21
-3.9806238976377952
0
LINE
8
BLACK
6
CONTINUOUS
10
6.241226771653543
20
-3.9806238976377952
11
6.2395566535433069
21
-3.9777311811023619
0
LINE
8
BLACK
6
CONTINUOUS
10
6.2395566535433069
20
-3.9777311811023619
11
6.2386921259842518
21
-3.9745047637795277
0
LINE
8
BLACK
6
CONTINUOUS
10
6.2386921259842518
20
-3.9745047637795277
11
6.2386921259842518
21
-3.971164527559055
0
LINE
8
BLACK
6
CONTINUOUS
10
6.2386921259842518
20
-3.971164527559055
11
6.2395566535433069
21
-3.9679381102362203
0
LINE
8
BLACK
6
CONTINUOUS
10
6.2395566535433069
20
-3.9679381102362203
11
6.241226771653543
21
-3.9650453937007875
0
LINE
8
BLACK
6
CONTINUOUS
10
6.241226771653543
20
-3.9650453937007875
11
6.2435887007874014
21
-3.9626834645669291
0
LINE
8
BLACK
6
CONTINUOUS
10
6.2435887007874014
20
-3.9626834645669291
11
6.2464814173228342
21
-3.961013346456693
0
LINE
8
BLACK
6
CONTINUOUS
10
6.2464814173228342
20
-3.961013346456693
11
6.2497078346456689
21
-3.9601488188976379
0
LINE
8
BLACK
6
CONTINUOUS
10
6.2497078346456689
20
-3.9601488188976379
11
6.253048070866142
21
-3.9601488188976379
0
LINE
8
BLACK
6
CONTINUOUS
10
6.253048070866142
20
-3.9601488188976379
11
6.2562744881889758
21
-3.961013346456693
0
LINE
8
BLACK
6
CONTINUOUS
10
6.1432972047244094
20
-3.961019527559055
11
6.144957637795275
21
-3.9621289763779526
0
LINE
8
BLACK
6
CONTINUOUS
10
6.144957637795275
20
-3.9621289763779526
11
6.1460670866141731
21
-3.9637894094488186
0
LINE
8
BLACK
6
CONTINUOUS
10
6.1460670866141731
20
-3.9637894094488186
11
6.1464566929133859
21
-3.9657480314960627
0
LINE
8
BLACK
6
CONTINUOUS
10
6.1464566929133859
20
-3.9657480314960627
11
6.1464566929133859
21
-3.9759842519685038
0
LINE
8
BLACK
6
CONTINUOUS
10
6.1464566929133859
20
-3.9759842519685038
11
6.1460670866141731
21
-3.9779428740157479
0
LINE
8
BLACK
6
CONTINUOUS
10
6.1460670866141731
20
-3.9779428740157479
11
6.144957637795275
21
-3.9796033070866139
0
LINE
8
BLACK
6
CONTINUOUS
10
6.144957637795275
20
-3.9796033070866139
11
6.1432972047244094
21
-3.9807127559055115
0
LINE
8
BLACK
6
CONTINUOUS
10
6.1432972047244094
20
-3.9807127559055115
11
6.1413385826771654
21
-3.9811023622047244
0
LINE
8
BLACK
6
CONTINUOUS
10
6.1413385826771654
20
-3.9811023622047244
11
6.1311023622047243
21
-3.9811023622047244
0
LINE
8
BLACK
6
CONTINUOUS
10
6.1311023622047243
20
-3.9811023622047244
11
6.1291437401574802
21
-3.9807127559055115
0
LINE
8
BLACK
6
CONTINUOUS
10
6.1291437401574802
20
-3.9807127559055115
11
6.1274833070866137
21
-3.9796033070866139
0
LINE
8
BLACK
6
CONTINUOUS
10
6.1274833070866137
20
-3.9796033070866139
11
6.1263738582677165
21
-3.9779428740157479
0
LINE
8
BLACK
6
CONTINUOUS
10
6.1263738582677165
20
-3.9779428740157479
11
6.1259842519685037
21
-3.9759842519685038
0
LINE
8
BLACK
6
CONTINUOUS
10
6.1259842519685037
20
-3.9759842519685038
11
6.1259842519685037
21
-3.9657480314960627
0
LINE
8
BLACK
6
CONTINUOUS
10
6.1259842519685037
20
-3.9657480314960627
11
6.1263738582677165
21
-3.9637894094488186
0
LINE
8
BLACK
6
CONTINUOUS
10
6.1263738582677165
20
-3.9637894094488186
11
6.1274833070866137
21
-3.9621289763779526
0
LINE
8
BLACK
6
CONTINUOUS
10
6.1274833070866137
20
-3.9621289763779526
11
6.1291437401574802
21
-3.961019527559055
0
LINE
8
BLACK
6
CONTINUOUS
10
6.1291437401574802
20
-3.961019527559055
11
6.1311023622047243
21
-3.9606299212598426
0
LINE
8
BLACK
6
CONTINUOUS
10
6.1311023622047243
20
-3.9606299212598426
11
6.1413385826771654
21
-3.9606299212598426
0
LINE
8
BLACK
6
CONTINUOUS
10
6.1413385826771654
20
-3.9606299212598426
11
6.1432972047244094
21
-3.961019527559055
0
LINE
8
BLACK
6
CONTINUOUS
10
6.2280473622047241
20
-3.9492684251968502
11
6.229963228346457
21
-3.9505485826771651
0
LINE
8
BLACK
6
CONTINUOUS
10
6.229963228346457
20
-3.9505485826771651
11
6.2312433858267715
21
-3.9524644488188976
0
LINE
8
BLACK
6
CONTINUOUS
10
6.2312433858267715
20
-3.9524644488188976
11
6.2316929133858263
21
-3.954724409448819
0
LINE
8
BLACK
6
CONTINUOUS
10
6.2316929133858263
20
-3.954724409448819
11
6.2316929133858263
21
-3.9665354330708662
0
LINE
8
BLACK
6
CONTINUOUS
10
6.2316929133858263
20
-3.9665354330708662
11
6.2312433858267715
21
-3.9687953937007872
0
LINE
8
BLACK
6
CONTINUOUS
10
6.2312433858267715
20
-3.9687953937007872
11
6.229963228346457
21
-3.9707112598425196
0
LINE
8
BLACK
6
CONTINUOUS
10
6.229963228346457
20
-3.9707112598425196
11
6.2280473622047241
21
-3.9719914173228346
0
LINE
8
BLACK
6
CONTINUOUS
10
6.2280473622047241
20
-3.9719914173228346
11
6.2257874015748031
21
-3.9724409448818898
0
LINE
8
BLACK
6
CONTINUOUS
10
6.2257874015748031
20
-3.9724409448818898
11
6.1923228346456689
21
-3.9724409448818898
0
LINE
8
BLACK
6
CONTINUOUS
10
6.1923228346456689
20
-3.9724409448818898
11
6.190062874015748
21
-3.9719914173228346
0
LINE
8
BLACK
6
CONTINUOUS
10
6.190062874015748
20
-3.9719914173228346
11
6.1881470078740159
21
-3.9707112598425196
0
LINE
8
BLACK
6
CONTINUOUS
10
6.1881470078740159
20
-3.9707112598425196
11
6.1868668503937005
21
-3.9687953937007872
0
LINE
8
BLACK
6
CONTINUOUS
10
6.1868668503937005
20
-3.9687953937007872
11
6.1864173228346457
21
-3.9665354330708662
0
LINE
8
BLACK
6
CONTINUOUS
10
6.1864173228346457
20
-3.9665354330708662
11
6.1864173228346457
21
-3.954724409448819
0
LINE
8
BLACK
6
CONTINUOUS
10
6.1864173228346457
20
-3.954724409448819
11
6.1868668503937005
21
-3.9524644488188976
0
LINE
8
BLACK
6
CONTINUOUS
10
6.1868668503937005
20
-3.9524644488188976
11
6.1881470078740159
21
-3.9505485826771651
0
LINE
8
BLACK
6
CONTINUOUS
10
6.1881470078740159
20
-3.9505485826771651
11
6.190062874015748
21
-3.9492684251968502
0
LINE
8
BLACK
6
CONTINUOUS
10
6.190062874015748
20
-3.9492684251968502
11
6.1923228346456689
21
-3.9488188976377954
0
LINE
8
BLACK
6
CONTINUOUS
10
6.1923228346456689
20
-3.9488188976377954
11
6.2257874015748031
21
-3.9488188976377954
0
LINE
8
BLACK
6
CONTINUOUS
10
6.2257874015748031
20
-3.9488188976377954
11
6.2280473622047241
21
-3.9492684251968502
0
LINE
8
BLACK
6
CONTINUOUS
10
6.1432972047244094
20
-3.929523464566929
11
6.144957637795275
21
-3.9306329133858267
0
LINE
8
BLACK
6
CONTINUOUS
10
6.144957637795275
20
-3.9306329133858267
11
6.1460670866141731
21
-3.9322933464566927
0
LINE
8
BLACK
6
CONTINUOUS
10
6.1460670866141731
20
-3.9322933464566927
11
6.1464566929133859
21
-3.9342519685039368
0
LINE
8
BLACK
6
CONTINUOUS
10
6.1464566929133859
20
-3.9342519685039368
11
6.1464566929133859
21
-3.9444881889763779
0
LINE
8
BLACK
6
CONTINUOUS
10
6.1464566929133859
20
-3.9444881889763779
11
6.1460670866141731
21
-3.9464468110236219
0
LINE
8
BLACK
6
CONTINUOUS
10
6.1460670866141731
20
-3.9464468110236219
11
6.144957637795275
21
-3.948107244094488
0
LINE
8
BLACK
6
CONTINUOUS
10
6.144957637795275
20
-3.948107244094488
11
6.1432972047244094
21
-3.9492166929133856
0
LINE
8
BLACK
6
CONTINUOUS
10
6.1432972047244094
20
-3.9492166929133856
11
6.1413385826771654
21
-3.9496062992125984
0
LINE
8
BLACK
6
CONTINUOUS
10
6.1413385826771654
20
-3.9496062992125984
11
6.1311023622047243
21
-3.9496062992125984
0
LINE
8
BLACK
6
CONTINUOUS
10
6.1311023622047243
20
-3.9496062992125984
11
6.1291437401574802
21
-3.9492166929133856
0
LINE
8
BLACK
6
CONTINUOUS
10
6.1291437401574802
20
-3.9492166929133856
11
6.1274833070866137
21
-3.948107244094488
0
LINE
8
BLACK
6
CONTINUOUS
10
6.1274833070866137
20
-3.948107244094488
11
6.1263738582677165
21
-3.9464468110236219
0
LINE
8
BLACK
6
CONTINUOUS
10
6.1263738582677165
20
-3.9464468110236219
11
6.1259842519685037
21
-3.9444881889763779
0
LINE
8
BLACK
6
CONTINUOUS
10
6.1259842519685037
20
-3.9444881889763779
11
6.1259842519685037
21
-3.9342519685039368
0
LINE
8
BLACK
6
CONTINUOUS
10
6.1259842519685037
20
-3.9342519685039368
11
6.1263738582677165
21
-3.9322933464566927
0
LINE
8
BLACK
6
CONTINUOUS
10
6.1263738582677165
20
-3.9322933464566927
11
6.1274833070866137
21
-3.9306329133858267
0
LINE
8
BLACK
6
CONTINUOUS
10
6.1274833070866137
20
-3.9306329133858267
11
6.1291437401574802
21
-3.929523464566929
0
LINE
8
BLACK
6
CONTINUOUS
10
6.1291437401574802
20
-3.929523464566929
11
6.1311023622047243
21
-3.9291338582677167
0
LINE
8
BLACK
6
CONTINUOUS
10
6.1311023622047243
20
-3.9291338582677167
11
6.1413385826771654
21
-3.9291338582677167
0
LINE
8
BLACK
6
CONTINUOUS
10
6.1413385826771654
20
-3.9291338582677167
11
6.1432972047244094
21
-3.929523464566929
0
LINE
8
BLACK
6
CONTINUOUS
10
6.2559158661417325
20
-3.8970188188976378
11
6.2608796062992127
21
-3.8983488188976376
0
LINE
8
BLACK
6
CONTINUOUS
10
6.2608796062992127
20
-3.8983488188976376
11
6.2653299606299209
21
-3.9009182283464567
0
LINE
8
BLACK
6
CONTINUOUS
10
6.2653299606299209
20
-3.9009182283464567
11
6.268963661417323
21
-3.904551929133858
0
LINE
8
BLACK
6
CONTINUOUS
10
6.268963661417323
20
-3.904551929133858
11
6.2715330708661412
21
-3.909002283464567
0
LINE
8
BLACK
6
CONTINUOUS
10
6.2715330708661412
20
-3.909002283464567
11
6.2728630708661415
21
-3.9139660236220473
0
LINE
8
BLACK
6
CONTINUOUS
10
6.2728630708661415
20
-3.9139660236220473
11
6.2728630708661415
21
-3.9191048425196851
0
LINE
8
BLACK
6
CONTINUOUS
10
6.2728630708661415
20
-3.9191048425196851
11
6.2715330708661412
21
-3.9240685826771653
0
LINE
8
BLACK
6
CONTINUOUS
10
6.2715330708661412
20
-3.9240685826771653
11
6.268963661417323
21
-3.9285189370078739
0
LINE
8
BLACK
6
CONTINUOUS
10
6.268963661417323
20
-3.9285189370078739
11
6.2653299606299209
21
-3.9321526377952756
0
LINE
8
BLACK
6
CONTINUOUS
10
6.2653299606299209
20
-3.9321526377952756
11
6.2608796062992127
21
-3.9347220472440942
0
LINE
8
BLACK
6
CONTINUOUS
10
6.2608796062992127
20
-3.9347220472440942
11
6.2559158661417325
21
-3.9360520472440945
0
LINE
8
BLACK
6
CONTINUOUS
10
6.2559158661417325
20
-3.9360520472440945
11
6.2533464566929133
21
-3.9362204724409446
0
LINE
8
BLACK
6
CONTINUOUS
10
6.2533464566929133
20
-3.9362204724409446
11
6.2100393700787402
21
-3.9362204724409446
0
LINE
8
BLACK
6
CONTINUOUS
10
6.2100393700787402
20
-3.9362204724409446
11
6.2074699606299211
21
-3.9360520472440945
0
LINE
8
BLACK
6
CONTINUOUS
10
6.2074699606299211
20
-3.9360520472440945
11
6.2025062204724408
21
-3.9347220472440942
0
LINE
8
BLACK
6
CONTINUOUS
10
6.2025062204724408
20
-3.9347220472440942
11
6.1980558661417318
21
-3.9321526377952756
0
LINE
8
BLACK
6
CONTINUOUS
10
6.1980558661417318
20
-3.9321526377952756
11
6.1944221653543305
21
-3.9285189370078739
0
LINE
8
BLACK
6
CONTINUOUS
10
6.1944221653543305
20
-3.9285189370078739
11
6.1918527559055114
21
-3.9240685826771653
0
LINE
8
BLACK
6
CONTINUOUS
10
6.1918527559055114
20
-3.9240685826771653
11
6.190522755905512
21
-3.9191048425196851
0
LINE
8
BLACK
6
CONTINUOUS
10
6.190522755905512
20
-3.9191048425196851
11
6.190522755905512
21
-3.9139660236220473
0
LINE
8
BLACK
6
CONTINUOUS
10
6.190522755905512
20
-3.9139660236220473
11
6.1918527559055114
21
-3.909002283464567
0
LINE
8
BLACK
6
CONTINUOUS
10
6.1918527559055114
20
-3.909002283464567
11
6.1944221653543305
21
-3.904551929133858
0
LINE
8
BLACK
6
CONTINUOUS
10
6.1944221653543305
20
-3.904551929133858
11
6.1980558661417318
21
-3.9009182283464567
0
LINE
8
BLACK
6
CONTINUOUS
10
6.1980558661417318
20
-3.9009182283464567
11
6.2025062204724408
21
-3.8983488188976376
0
LINE
8
BLACK
6
CONTINUOUS
10
6.2025062204724408
20
-3.8983488188976376
11
6.2074699606299211
21
-3.8970188188976378
0
LINE
8
BLACK
6
CONTINUOUS
10
6.2074699606299211
20
-3.8970188188976378
11
6.2100393700787402
21
-3.8968503937007872
0
LINE
8
BLACK
6
CONTINUOUS
10
6.2100393700787402
20
-3.8968503937007872
11
6.2533464566929133
21
-3.8968503937007872
0
LINE
8
BLACK
6
CONTINUOUS
10
6.2533464566929133
20
-3.8968503937007872
11
6.2559158661417325
21
-3.8970188188976378
0
LINE
8
BLACK
6
CONTINUOUS
10
6.4145772834645669
20
-3.8970188188976378
11
6.4195410236220471
21
-3.8983488188976376
0
LINE
8
BLACK
6
CONTINUOUS
10
6.4195410236220471
20
-3.8983488188976376
11
6.4239913779527553
21
-3.9009182283464567
0
LINE
8
BLACK
6
CONTINUOUS
10
6.4239913779527553
20
-3.9009182283464567
11
6.4276250787401574
21
-3.904551929133858
0
LINE
8
BLACK
6
CONTINUOUS
10
6.4276250787401574
20
-3.904551929133858
11
6.4301944881889765
21
-3.909002283464567
0
LINE
8
BLACK
6
CONTINUOUS
10
6.4301944881889765
20
-3.909002283464567
11
6.4315244881889759
21
-3.9139660236220473
0
LINE
8
BLACK
6
CONTINUOUS
10
6.4315244881889759
20
-3.9139660236220473
11
6.4315244881889759
21
-3.9191048425196851
0
LINE
8
BLACK
6
CONTINUOUS
10
6.4315244881889759
20
-3.9191048425196851
11
6.4301944881889765
21
-3.9240685826771653
0
LINE
8
BLACK
6
CONTINUOUS
10
6.4301944881889765
20
-3.9240685826771653
11
6.4276250787401574
21
-3.9285189370078739
0
LINE
8
BLACK
6
CONTINUOUS
10
6.4276250787401574
20
-3.9285189370078739
11
6.4239913779527553
21
-3.9321526377952756
0
LINE
8
BLACK
6
CONTINUOUS
10
6.4239913779527553
20
-3.9321526377952756
11
6.4195410236220471
21
-3.9347220472440942
0
LINE
8
BLACK
6
CONTINUOUS
10
6.4195410236220471
20
-3.9347220472440942
11
6.4145772834645669
21
-3.9360520472440945
0
LINE
8
BLACK
6
CONTINUOUS
10
6.4145772834645669
20
-3.9360520472440945
11
6.4120078740157478
21
-3.9362204724409446
0
LINE
8
BLACK
6
CONTINUOUS
10
6.4120078740157478
20
-3.9362204724409446
11
6.3805118110236219
21
-3.9362204724409446
0
LINE
8
BLACK
6
CONTINUOUS
10
6.3805118110236219
20
-3.9362204724409446
11
6.3779424015748027
21
-3.9360520472440945
0
LINE
8
BLACK
6
CONTINUOUS
10
6.3779424015748027
20
-3.9360520472440945
11
6.3729786614173225
21
-3.9347220472440942
0
LINE
8
BLACK
6
CONTINUOUS
10
6.3729786614173225
20
-3.9347220472440942
11
6.3685283070866143
21
-3.9321526377952756
0
LINE
8
BLACK
6
CONTINUOUS
10
6.3685283070866143
20
-3.9321526377952756
11
6.3648946062992122
21
-3.9285189370078739
0
LINE
8
BLACK
6
CONTINUOUS
10
6.3648946062992122
20
-3.9285189370078739
11
6.362325196850394
21
-3.9240685826771653
0
LINE
8
BLACK
6
CONTINUOUS
10
6.362325196850394
20
-3.9240685826771653
11
6.3609951968503937
21
-3.9191048425196851
0
LINE
8
BLACK
6
CONTINUOUS
10
6.3609951968503937
20
-3.9191048425196851
11
6.3609951968503937
21
-3.9139660236220473
0
LINE
8
BLACK
6
CONTINUOUS
10
6.3609951968503937
20
-3.9139660236220473
11
6.362325196850394
21
-3.909002283464567
0
LINE
8
BLACK
6
CONTINUOUS
10
6.362325196850394
20
-3.909002283464567
11
6.3648946062992122
21
-3.904551929133858
0
LINE
8
BLACK
6
CONTINUOUS
10
6.3648946062992122
20
-3.904551929133858
11
6.3685283070866143
21
-3.9009182283464567
0
LINE
8
BLACK
6
CONTINUOUS
10
6.3685283070866143
20
-3.9009182283464567
11
6.3729786614173225
21
-3.8983488188976376
0
LINE
8
BLACK
6
CONTINUOUS
10
6.3729786614173225
20
-3.8983488188976376
11
6.3779424015748027
21
-3.8970188188976378
0
LINE
8
BLACK
6
CONTINUOUS
10
6.3779424015748027
20
-3.8970188188976378
11
6.3805118110236219
21
-3.8968503937007872
0
LINE
8
BLACK
6
CONTINUOUS
10
6.3805118110236219
20
-3.8968503937007872
11
6.4120078740157478
21
-3.8968503937007872
0
LINE
8
BLACK
6
CONTINUOUS
10
6.4120078740157478
20
-3.8968503937007872
11
6.4145772834645669
21
-3.8970188188976378
0
LINE
8
BLACK
6
CONTINUOUS
10
5.9673190157480311
20
-3.6146227559055117
11
5.969234881889764
21
-3.6159029133858267
0
LINE
8
BLACK
6
CONTINUOUS
10
5.969234881889764
20
-3.6159029133858267
11
5.9705150393700785
21
-3.6178187795275591
0
LINE
8
BLACK
6
CONTINUOUS
10
5.9705150393700785
20
-3.6178187795275591
11
5.9709645669291334
21
-3.6200787401574801
0
LINE
8
BLACK
6
CONTINUOUS
10
5.9709645669291334
20
-3.6200787401574801
11
5.9709645669291334
21
-3.6318897637795273
0
LINE
8
BLACK
6
CONTINUOUS
10
5.9709645669291334
20
-3.6318897637795273
11
5.9705150393700785
21
-3.6341497244094487
0
LINE
8
BLACK
6
CONTINUOUS
10
5.9705150393700785
20
-3.6341497244094487
11
5.969234881889764
21
-3.6360655905511812
0
LINE
8
BLACK
6
CONTINUOUS
10
5.969234881889764
20
-3.6360655905511812
11
5.9673190157480311
21
-3.6373457480314961
0
LINE
8
BLACK
6
CONTINUOUS
10
5.9673190157480311
20
-3.6373457480314961
11
5.9650590551181102
21
-3.6377952755905509
0
LINE
8
BLACK
6
CONTINUOUS
10
5.9650590551181102
20
-3.6377952755905509
11
5.9247047244094491
21
-3.6377952755905509
0
LINE
8
BLACK
6
CONTINUOUS
10
5.9247047244094491
20
-3.6377952755905509
11
5.9224447637795272
21
-3.6373457480314961
0
LINE
8
BLACK
6
CONTINUOUS
10
5.9224447637795272
20
-3.6373457480314961
11
5.9205288976377952
21
-3.6360655905511812
0
LINE
8
BLACK
6
CONTINUOUS
10
5.9205288976377952
20
-3.6360655905511812
11
5.9192487401574798
21
-3.6341497244094487
0
LINE
8
BLACK
6
CONTINUOUS
10
5.9192487401574798
20
-3.6341497244094487
11
5.918799212598425
21
-3.6318897637795273
0
LINE
8
BLACK
6
CONTINUOUS
10
5.918799212598425
20
-3.6318897637795273
11
5.918799212598425
21
-3.6200787401574801
0
LINE
8
BLACK
6
CONTINUOUS
10
5.918799212598425
20
-3.6200787401574801
11
5.9192487401574798
21
-3.6178187795275591
0
LINE
8
BLACK
6
CONTINUOUS
10
5.9192487401574798
20
-3.6178187795275591
11
5.9205288976377952
21
-3.6159029133858267
0
LINE
8
BLACK
6
CONTINUOUS
10
5.9205288976377952
20
-3.6159029133858267
11
5.9224447637795272
21
-3.6146227559055117
0
LINE
8
BLACK
6
CONTINUOUS
10
5.9224447637795272
20
-3.6146227559055117
11
5.9247047244094491
21
-3.6141732283464565
0
LINE
8
BLACK
6
CONTINUOUS
10
5.9247047244094491
20
-3.6141732283464565
11
5.9650590551181102
21
-3.6141732283464565
0
LINE
8
BLACK
6
CONTINUOUS
10
5.9650590551181102
20
-3.6141732283464565
11
5.9673190157480311
21
-3.6146227559055117
0
LINE
8
BLACK
6
CONTINUOUS
10
6.0568859448818895
20
-3.6146227559055117
11
6.0588018110236215
21
-3.6159029133858267
0
LINE
8
BLACK
6
CONTINUOUS
10
6.0588018110236215
20
-3.6159029133858267
11
6.0600819685039369
21
-3.6178187795275591
0
LINE
8
BLACK
6
CONTINUOUS
10
6.0600819685039369
20
-3.6178187795275591
11
6.0605314960629917
21
-3.6200787401574801
0
LINE
8
BLACK
6
CONTINUOUS
10
6.0605314960629917
20
-3.6200787401574801
11
6.0605314960629917
21
-3.6318897637795273
0
LINE
8
BLACK
6
CONTINUOUS
10
6.0605314960629917
20
-3.6318897637795273
11
6.0600819685039369
21
-3.6341497244094487
0
LINE
8
BLACK
6
CONTINUOUS
10
6.0600819685039369
20
-3.6341497244094487
11
6.0588018110236215
21
-3.6360655905511812
0
LINE
8
BLACK
6
CONTINUOUS
10
6.0588018110236215
20
-3.6360655905511812
11
6.0568859448818895
21
-3.6373457480314961
0
LINE
8
BLACK
6
CONTINUOUS
10
6.0568859448818895
20
-3.6373457480314961
11
6.0546259842519685
21
-3.6377952755905509
0
LINE
8
BLACK
6
CONTINUOUS
10
6.0546259842519685
20
-3.6377952755905509
11
6.0142716535433065
21
-3.6377952755905509
0
LINE
8
BLACK
6
CONTINUOUS
10
6.0142716535433065
20
-3.6377952755905509
11
6.0120116929133856
21
-3.6373457480314961
0
LINE
8
BLACK
6
CONTINUOUS
10
6.0120116929133856
20
-3.6373457480314961
11
6.0100958267716535
21
-3.6360655905511812
0
LINE
8
BLACK
6
CONTINUOUS
10
6.0100958267716535
20
-3.6360655905511812
11
6.0088156692913381
21
-3.6341497244094487
0
LINE
8
BLACK
6
CONTINUOUS
10
6.0088156692913381
20
-3.6341497244094487
11
6.0083661417322833
21
-3.6318897637795273
0
LINE
8
BLACK
6
CONTINUOUS
10
6.0083661417322833
20
-3.6318897637795273
11
6.0083661417322833
21
-3.6200787401574801
0
LINE
8
BLACK
6
CONTINUOUS
10
6.0083661417322833
20
-3.6200787401574801
11
6.0088156692913381
21
-3.6178187795275591
0
LINE
8
BLACK
6
CONTINUOUS
10
6.0088156692913381
20
-3.6178187795275591
11
6.0100958267716535
21
-3.6159029133858267
0
LINE
8
BLACK
6
CONTINUOUS
10
6.0100958267716535
20
-3.6159029133858267
11
6.0120116929133856
21
-3.6146227559055117
0
LINE
8
BLACK
6
CONTINUOUS
10
6.0120116929133856
20
-3.6146227559055117
11
6.0142716535433065
21
-3.6141732283464565
0
LINE
8
BLACK
6
CONTINUOUS
10
6.0142716535433065
20
-3.6141732283464565
11
6.0546259842519685
21
-3.6141732283464565
0
LINE
8
BLACK
6
CONTINUOUS
10
6.0546259842519685
20
-3.6141732283464565
11
6.0568859448818895
21
-3.6146227559055117
0
LINE
8
BLACK
6
CONTINUOUS
10
5.8911123228346458
20
-3.5999713779527558
11
5.8935072047244095
21
-3.6015715354330706
0
LINE
8
BLACK
6
CONTINUOUS
10
5.8935072047244095
20
-3.6015715354330706
11
5.8951073622047243
21
-3.6039664173228347
0
LINE
8
BLACK
6
CONTINUOUS
10
5.8951073622047243
20
-3.6039664173228347
11
5.8956692913385824
21
-3.6067913385826769
0
LINE
8
BLACK
6
CONTINUOUS
10
5.8956692913385824
20
-3.6067913385826769
11
5.8956692913385824
21
-3.6215551181102361
0
LINE
8
BLACK
6
CONTINUOUS
10
5.8956692913385824
20
-3.6215551181102361
11
5.8951073622047243
21
-3.6243800393700787
0
LINE
8
BLACK
6
CONTINUOUS
10
5.8951073622047243
20
-3.6243800393700787
11
5.8935072047244095
21
-3.6267749212598424
0
LINE
8
BLACK
6
CONTINUOUS
10
5.8935072047244095
20
-3.6267749212598424
11
5.8911123228346458
21
-3.6283750787401572
0
LINE
8
BLACK
6
CONTINUOUS
10
5.8911123228346458
20
-3.6283750787401572
11
5.8882874015748028
21
-3.6289370078740157
0
LINE
8
BLACK
6
CONTINUOUS
10
5.8882874015748028
20
-3.6289370078740157
11
5.8676181102362204
21
-3.6289370078740157
0
LINE
8
BLACK
6
CONTINUOUS
10
5.8676181102362204
20
-3.6289370078740157
11
5.8647931889763782
21
-3.6283750787401572
0
LINE
8
BLACK
6
CONTINUOUS
10
5.8647931889763782
20
-3.6283750787401572
11
5.8623983070866137
21
-3.6267749212598424
0
LINE
8
BLACK
6
CONTINUOUS
10
5.8623983070866137
20
-3.6267749212598424
11
5.8607981496062989
21
-3.6243800393700787
0
LINE
8
BLACK
6
CONTINUOUS
10
5.8607981496062989
20
-3.6243800393700787
11
5.8602362204724407
21
-3.6215551181102361
0
LINE
8
BLACK
6
CONTINUOUS
10
5.8602362204724407
20
-3.6215551181102361
11
5.8602362204724407
21
-3.6067913385826769
0
LINE
8
BLACK
6
CONTINUOUS
10
5.8602362204724407
20
-3.6067913385826769
11
5.8607981496062989
21
-3.6039664173228347
0
LINE
8
BLACK
6
CONTINUOUS
10
5.8607981496062989
20
-3.6039664173228347
11
5.8623983070866137
21
-3.6015715354330706
0
LINE
8
BLACK
6
CONTINUOUS
10
5.8623983070866137
20
-3.6015715354330706
11
5.8647931889763782
21
-3.5999713779527558
0
LINE
8
BLACK
6
CONTINUOUS
10
5.8647931889763782
20
-3.5999713779527558
11
5.8676181102362204
21
-3.5994094488188977
0
LINE
8
BLACK
6
CONTINUOUS
10
5.8676181102362204
20
-3.5994094488188977
11
5.8882874015748028
21
-3.5994094488188977
0
LINE
8
BLACK
6
CONTINUOUS
10
5.8882874015748028
20
-3.5994094488188977
11
5.8911123228346458
21
-3.5999713779527558
0
LINE
8
BLACK
6
CONTINUOUS
10
6.4545539370078737
20
-3.5696468503937009
11
6.4577470866141731
21
-3.571780472440945
0
LINE
8
BLACK
6
CONTINUOUS
10
6.4577470866141731
20
-3.571780472440945
11
6.4598807086614176
21
-3.5749736220472439
0
LINE
8
BLACK
6
CONTINUOUS
10
6.4598807086614176
20
-3.5749736220472439
11
6.4606298818897638
21
-3.5787402362204723
0
LINE
8
BLACK
6
CONTINUOUS
10
6.4606298818897638
20
-3.5787402362204723
11
6.4606299212598426
21
-3.6181101968503935
0
LINE
8
BLACK
6
CONTINUOUS
10
6.4606299212598426
20
-3.6181101968503935
11
6.4598807086614176
21
-3.6218767716535432
0
LINE
8
BLACK
6
CONTINUOUS
10
6.4598807086614176
20
-3.6218767716535432
11
6.4577470866141731
21
-3.6250699212598425
0
LINE
8
BLACK
6
CONTINUOUS
10
6.4577470866141731
20
-3.6250699212598425
11
6.4545539370078737
21
-3.6272035433070866
0
LINE
8
BLACK
6
CONTINUOUS
10
6.4545539370078737
20
-3.6272035433070866
11
6.4507873228346453
21
-3.6279527165354328
0
LINE
8
BLACK
6
CONTINUOUS
10
6.4507873228346453
20
-3.6279527165354328
11
6.3366142125984251
21
-3.6279527559055116
0
LINE
8
BLACK
6
CONTINUOUS
10
6.3366142125984251
20
-3.6279527559055116
11
6.3328476377952754
21
-3.6272035433070866
0
LINE
8
BLACK
6
CONTINUOUS
10
6.3328476377952754
20
-3.6272035433070866
11
6.329654488188976
21
-3.6250699212598425
0
LINE
8
BLACK
6
CONTINUOUS
10
6.329654488188976
20
-3.6250699212598425
11
6.3275208661417324
21
-3.6218767716535432
0
LINE
8
BLACK
6
CONTINUOUS
10
6.3275208661417324
20
-3.6218767716535432
11
6.3267716929133853
21
-3.6181101574803147
0
LINE
8
BLACK
6
CONTINUOUS
10
6.3267716929133853
20
-3.6181101574803147
11
6.3267716535433065
21
-3.5787401968503936
0
LINE
8
BLACK
6
CONTINUOUS
10
6.3267716535433065
20
-3.5787401968503936
11
6.3275208661417324
21
-3.5749736220472439
0
LINE
8
BLACK
6
CONTINUOUS
10
6.3275208661417324
20
-3.5749736220472439
11
6.329654488188976
21
-3.571780472440945
0
LINE
8
BLACK
6
CONTINUOUS
10
6.329654488188976
20
-3.571780472440945
11
6.3328476377952754
21
-3.5696468503937009
0
LINE
8
BLACK
6
CONTINUOUS
10
6.3328476377952754
20
-3.5696468503937009
11
6.3366142519685038
21
-3.5688976771653542
0
LINE
8
BLACK
6
CONTINUOUS
10
6.3366142519685038
20
-3.5688976771653542
11
6.450787362204724
21
-3.5688976377952755
0
LINE
8
BLACK
6
CONTINUOUS
10
6.450787362204724
20
-3.5688976377952755
11
6.4545539370078737
21
-3.5696468503937009
0
LINE
8
BLACK
6
CONTINUOUS
10
5.8397538976377952
20
-3.5964525984251967
11
5.8414143307086617
21
-3.5975620472440943
0
LINE
8
BLACK
6
CONTINUOUS
10
5.8414143307086617
20
-3.5975620472440943
11
5.8425237795275589
21
-3.5992224803149604
0
LINE
8
BLACK
6
CONTINUOUS
10
5.8425237795275589
20
-3.5992224803149604
11
5.8429133858267717
21
-3.6011811023622045
0
LINE
8
BLACK
6
CONTINUOUS
10
5.8429133858267717
20
-3.6011811023622045
11
5.8429133858267717
21
-3.6114173228346456
0
LINE
8
BLACK
6
CONTINUOUS
10
5.8429133858267717
20
-3.6114173228346456
11
5.8425237795275589
21
-3.6133759448818896
0
LINE
8
BLACK
6
CONTINUOUS
10
5.8425237795275589
20
-3.6133759448818896
11
5.8414143307086617
21
-3.6150363779527557
0
LINE
8
BLACK
6
CONTINUOUS
10
5.8414143307086617
20
-3.6150363779527557
11
5.8397538976377952
21
-3.6161458267716533
0
LINE
8
BLACK
6
CONTINUOUS
10
5.8397538976377952
20
-3.6161458267716533
11
5.8377952755905511
21
-3.6165354330708661
0
LINE
8
BLACK
6
CONTINUOUS
10
5.8377952755905511
20
-3.6165354330708661
11
5.82755905511811
21
-3.6165354330708661
0
LINE
8
BLACK
6
CONTINUOUS
10
5.82755905511811
20
-3.6165354330708661
11
5.8256004330708659
21
-3.6161458267716533
0
LINE
8
BLACK
6
CONTINUOUS
10
5.8256004330708659
20
-3.6161458267716533
11
5.8239399999999995
21
-3.6150363779527557
0
LINE
8
BLACK
6
CONTINUOUS
10
5.8239399999999995
20
-3.6150363779527557
11
5.8228305511811023
21
-3.6133759448818896
0
LINE
8
BLACK
6
CONTINUOUS
10
5.8228305511811023
20
-3.6133759448818896
11
5.8224409448818895
21
-3.6114173228346456
0
LINE
8
BLACK
6
CONTINUOUS
10
5.8224409448818895
20
-3.6114173228346456
11
5.8224409448818895
21
-3.6011811023622045
0
LINE
8
BLACK
6
CONTINUOUS
10
5.8224409448818895
20
-3.6011811023622045
11
5.8228305511811023
21
-3.5992224803149604
0
LINE
8
BLACK
6
CONTINUOUS
10
5.8228305511811023
20
-3.5992224803149604
11
5.8239399999999995
21
-3.5975620472440943
0
LINE
8
BLACK
6
CONTINUOUS
10
5.8239399999999995
20
-3.5975620472440943
11
5.8256004330708659
21
-3.5964525984251967
0
LINE
8
BLACK
6
CONTINUOUS
10
5.8256004330708659
20
-3.5964525984251967
11
5.82755905511811
21
-3.5960629921259843
0
LINE
8
BLACK
6
CONTINUOUS
10
5.82755905511811
20
-3.5960629921259843
11
5.8377952755905511
21
-3.5960629921259843
0
LINE
8
BLACK
6
CONTINUOUS
10
5.8377952755905511
20
-3.5960629921259843
11
5.8397538976377952
21
-3.5964525984251967
0
LINE
8
BLACK
6
CONTINUOUS
10
6.0568859448818895
20
-3.5772211811023622
11
6.0588018110236215
21
-3.5785013385826772
0
LINE
8
BLACK
6
CONTINUOUS
10
6.0588018110236215
20
-3.5785013385826772
11
6.0600819685039369
21
-3.5804172047244092
0
LINE
8
BLACK
6
CONTINUOUS
10
6.0600819685039369
20
-3.5804172047244092
11
6.0605314960629917
21
-3.5826771653543306
0
LINE
8
BLACK
6
CONTINUOUS
10
6.0605314960629917
20
-3.5826771653543306
11
6.0605314960629917
21
-3.5944881889763778
0
LINE
8
BLACK
6
CONTINUOUS
10
6.0605314960629917
20
-3.5944881889763778
11
6.0600819685039369
21
-3.5967481496062992
0
LINE
8
BLACK
6
CONTINUOUS
10
6.0600819685039369
20
-3.5967481496062992
11
6.0588018110236215
21
-3.5986640157480316
0
LINE
8
BLACK
6
CONTINUOUS
10
6.0588018110236215
20
-3.5986640157480316
11
6.0568859448818895
21
-3.5999441732283466
0
LINE
8
BLACK
6
CONTINUOUS
10
6.0568859448818895
20
-3.5999441732283466
11
6.0546259842519685
21
-3.6003937007874014
0
LINE
8
BLACK
6
CONTINUOUS
10
6.0546259842519685
20
-3.6003937007874014
11
6.0142716535433065
21
-3.6003937007874014
0
LINE
8
BLACK
6
CONTINUOUS
10
6.0142716535433065
20
-3.6003937007874014
11
6.0120116929133856
21
-3.5999441732283466
0
LINE
8
BLACK
6
CONTINUOUS
10
6.0120116929133856
20
-3.5999441732283466
11
6.0100958267716535
21
-3.5986640157480316
0
LINE
8
BLACK
6
CONTINUOUS
10
6.0100958267716535
20
-3.5986640157480316
11
6.0088156692913381
21
-3.5967481496062992
0
LINE
8
BLACK
6
CONTINUOUS
10
6.0088156692913381
20
-3.5967481496062992
11
6.0083661417322833
21
-3.5944881889763778
0
LINE
8
BLACK
6
CONTINUOUS
10
6.0083661417322833
20
-3.5944881889763778
11
6.0083661417322833
21
-3.5826771653543306
0
LINE
8
BLACK
6
CONTINUOUS
10
6.0083661417322833
20
-3.5826771653543306
11
6.0088156692913381
21
-3.5804172047244092
0
LINE
8
BLACK
6
CONTINUOUS
10
6.0088156692913381
20
-3.5804172047244092
11
6.0100958267716535
21
-3.5785013385826772
0
LINE
8
BLACK
6
CONTINUOUS
10
6.0100958267716535
20
-3.5785013385826772
11
6.0120116929133856
21
-3.5772211811023622
0
LINE
8
BLACK
6
CONTINUOUS
10
6.0120116929133856
20
-3.5772211811023622
11
6.0142716535433065
21
-3.576771653543307
0
LINE
8
BLACK
6
CONTINUOUS
10
6.0142716535433065
20
-3.576771653543307
11
6.0546259842519685
21
-3.576771653543307
0
LINE
8
BLACK
6
CONTINUOUS
10
6.0546259842519685
20
-3.576771653543307
11
6.0568859448818895
21
-3.5772211811023622
0
LINE
8
BLACK
6
CONTINUOUS
10
3.340551181102362
20
-3.5944881889763778
11
3.234251968503937
21
-3.5944881889763778
0
LINE
8
BLACK
6
CONTINUOUS
10
3.234251968503937
20
-3.5944881889763778
11
3.234251968503937
21
-3.4881889763779528
0
LINE
8
BLACK
6
CONTINUOUS
10
3.234251968503937
20
-3.4881889763779528
11
3.340551181102362
21
-3.4881889763779528
0
LINE
8
BLACK
6
CONTINUOUS
10
3.340551181102362
20
-3.4881889763779528
11
3.340551181102362
21
-3.5944881889763778
0
LINE
8
BLACK
6
CONTINUOUS
10
4.0492125984251963
20
-3.5944881889763778
11
3.9429133858267718
21
-3.5944881889763778
0
LINE
8
BLACK
6
CONTINUOUS
10
3.9429133858267718
20
-3.5944881889763778
11
3.9429133858267718
21
-3.4881889763779528
0
LINE
8
BLACK
6
CONTINUOUS
10
3.9429133858267718
20
-3.4881889763779528
11
4.0492125984251963
21
-3.4881889763779528
0
LINE
8
BLACK
6
CONTINUOUS
10
4.0492125984251963
20
-3.4881889763779528
11
4.0492125984251963
21
-3.5944881889763778
0
LINE
8
BLACK
6
CONTINUOUS
10
4.7578740157480315
20
-3.5944881889763778
11
4.6515748031496065
21
-3.5944881889763778
0
LINE
8
BLACK
6
CONTINUOUS
10
4.6515748031496065
20
-3.5944881889763778
11
4.6515748031496065
21
-3.4881889763779528
0
LINE
8
BLACK
6
CONTINUOUS
10
4.6515748031496065
20
-3.4881889763779528
11
4.7578740157480315
21
-3.4881889763779528
0
LINE
8
BLACK
6
CONTINUOUS
10
4.7578740157480315
20
-3.4881889763779528
11
4.7578740157480315
21
-3.5944881889763778
0
LINE
8
BLACK
6
CONTINUOUS
10
5.4665354330708658
20
-3.5944881889763778
11
5.3602362204724407
21
-3.5944881889763778
0
LINE
8
BLACK
6
CONTINUOUS
10
5.3602362204724407
20
-3.5944881889763778
11
5.3602362204724407
21
-3.4881889763779528
0
LINE
8
BLACK
6
CONTINUOUS
10
5.3602362204724407
20
-3.4881889763779528
11
5.4665354330708658
21
-3.4881889763779528
0
LINE
8
BLACK
6
CONTINUOUS
10
5.4665354330708658
20
-3.4881889763779528
11
5.4665354330708658
21
-3.5944881889763778
0
LINE
8
BLACK
6
CONTINUOUS
10
3.1029587007874015
20
-3.4896575196850392
11
3.1108906692913387
21
-3.4922347637795275
0
LINE
8
BLACK
6
CONTINUOUS
10
3.1108906692913387
20
-3.4922347637795275
11
3.1183217716535432
21
-3.4960211023622048
0
LINE
8
BLACK
6
CONTINUOUS
10
3.1183217716535432
20
-3.4960211023622048
11
3.1250690944881887
21
-3.5009233070866141
0
LINE
8
BLACK
6
CONTINUOUS
10
3.1250690944881887
20
-3.5009233070866141
11
3.1309664566929132
21
-3.5068206692913386
0
LINE
8
BLACK
6
CONTINUOUS
10
3.1309664566929132
20
-3.5068206692913386
11
3.1358686614173226
21
-3.5135679921259841
0
LINE
8
BLACK
6
CONTINUOUS
10
3.1358686614173226
20
-3.5135679921259841
11
3.1396549999999999
21
-3.520999094488189
0
LINE
8
BLACK
6
CONTINUOUS
10
3.1396549999999999
20
-3.520999094488189
11
3.1422322440944881
21
-3.5289310629921258
0
LINE
8
BLACK
6
CONTINUOUS
10
3.1422322440944881
20
-3.5289310629921258
11
3.1435369291338584
21
-3.537168503937008
0
LINE
8
BLACK
6
CONTINUOUS
10
3.1435369291338584
20
-3.537168503937008
11
3.1435369291338584
21
-3.5455086614173226
0
LINE
8
BLACK
6
CONTINUOUS
10
3.1435369291338584
20
-3.5455086614173226
11
3.1422322440944881
21
-3.5537461023622048
0
LINE
8
BLACK
6
CONTINUOUS
10
3.1422322440944881
20
-3.5537461023622048
11
3.1396549999999999
21
-3.5616780708661415
0
LINE
8
BLACK
6
CONTINUOUS
10
3.1396549999999999
20
-3.5616780708661415
11
3.1358686614173226
21
-3.5691091732283464
0
LINE
8
BLACK
6
CONTINUOUS
10
3.1358686614173226
20
-3.5691091732283464
11
3.1309664566929132
21
-3.5758564960629919
0
LINE
8
BLACK
6
CONTINUOUS
10
3.1309664566929132
20
-3.5758564960629919
11
3.1250690944881887
21
-3.5817538582677164
0
LINE
8
BLACK
6
CONTINUOUS
10
3.1250690944881887
20
-3.5817538582677164
11
3.1183217716535432
21
-3.5866560629921258
0
LINE
8
BLACK
6
CONTINUOUS
10
3.1183217716535432
20
-3.5866560629921258
11
3.1108906692913387
21
-3.5904424015748031
0
LINE
8
BLACK
6
CONTINUOUS
10
3.1108906692913387
20
-3.5904424015748031
11
3.1029587007874015
21
-3.5930196456692913
0
LINE
8
BLACK
6
CONTINUOUS
10
3.1029587007874015
20
-3.5930196456692913
11
3.0947212598425198
21
-3.5943243307086612
0
LINE
8
BLACK
6
CONTINUOUS
10
3.0947212598425198
20
-3.5943243307086612
11
3.0863811023622048
21
-3.5943243307086612
0
LINE
8
BLACK
6
CONTINUOUS
10
3.0863811023622048
20
-3.5943243307086612
11
3.078143661417323
21
-3.5930196456692913
0
LINE
8
BLACK
6
CONTINUOUS
10
3.078143661417323
20
-3.5930196456692913
11
3.0702116929133858
21
-3.5904424015748031
0
LINE
8
BLACK
6
CONTINUOUS
10
3.0702116929133858
20
-3.5904424015748031
11
3.0627805905511809
21
-3.5866560629921258
0
LINE
8
BLACK
6
CONTINUOUS
10
3.0627805905511809
20
-3.5866560629921258
11
3.0560332677165354
21
-3.5817538582677164
0
LINE
8
BLACK
6
CONTINUOUS
10
3.0560332677165354
20
-3.5817538582677164
11
3.0501359055118109
21
-3.5758564960629919
0
LINE
8
BLACK
6
CONTINUOUS
10
3.0501359055118109
20
-3.5758564960629919
11
3.0452337007874015
21
-3.5691091732283464
0
LINE
8
BLACK
6
CONTINUOUS
10
3.0452337007874015
20
-3.5691091732283464
11
3.0414473622047242
21
-3.5616780708661415
0
LINE
8
BLACK
6
CONTINUOUS
10
3.0414473622047242
20
-3.5616780708661415
11
3.038870118110236
21
-3.5537461023622048
0
LINE
8
BLACK
6
CONTINUOUS
10
3.038870118110236
20
-3.5537461023622048
11
3.0375654330708661
21
-3.5455086614173226
0
LINE
8
BLACK
6
CONTINUOUS
10
3.0375654330708661
20
-3.5455086614173226
11
3.0375654330708661
21
-3.537168503937008
0
LINE
8
BLACK
6
CONTINUOUS
10
3.0375654330708661
20
-3.537168503937008
11
3.038870118110236
21
-3.5289310629921258
0
LINE
8
BLACK
6
CONTINUOUS
10
3.038870118110236
20
-3.5289310629921258
11
3.0414473622047242
21
-3.520999094488189
0
LINE
8
BLACK
6
CONTINUOUS
10
3.0414473622047242
20
-3.520999094488189
11
3.0452337007874015
21
-3.5135679921259841
0
LINE
8
BLACK
6
CONTINUOUS
10
3.0452337007874015
20
-3.5135679921259841
11
3.0501359055118109
21
-3.5068206692913386
0
LINE
8
BLACK
6
CONTINUOUS
10
3.0501359055118109
20
-3.5068206692913386
11
3.0560332677165354
21
-3.5009233070866141
0
LINE
8
BLACK
6
CONTINUOUS
10
3.0560332677165354
20
-3.5009233070866141
11
3.0627805905511809
21
-3.4960211023622048
0
LINE
8
BLACK
6
CONTINUOUS
10
3.0627805905511809
20
-3.4960211023622048
11
3.0702116929133858
21
-3.4922347637795275
0
LINE
8
BLACK
6
CONTINUOUS
10
3.0702116929133858
20
-3.4922347637795275
11
3.078143661417323
21
-3.4896575196850392
0
LINE
8
BLACK
6
CONTINUOUS
10
3.078143661417323
20
-3.4896575196850392
11
3.0863811023622048
21
-3.4883528346456694
0
LINE
8
BLACK
6
CONTINUOUS
10
3.0863811023622048
20
-3.4883528346456694
11
3.0947212598425198
21
-3.4883528346456694
0
LINE
8
BLACK
6
CONTINUOUS
10
3.0947212598425198
20
-3.4883528346456694
11
3.1029587007874015
21
-3.4896575196850392
0
LINE
8
BLACK
6
CONTINUOUS
10
3.8116201181102363
20
-3.4896575196850392
11
3.819552086614173
21
-3.4922347637795275
0
LINE
8
BLACK
6
CONTINUOUS
10
3.819552086614173
20
-3.4922347637795275
11
3.8269831889763779
21
-3.4960211023622048
0
LINE
8
BLACK
6
CONTINUOUS
10
3.8269831889763779
20
-3.4960211023622048
11
3.8337305118110234
21
-3.5009233070866141
0
LINE
8
BLACK
6
CONTINUOUS
10
3.8337305118110234
20
-3.5009233070866141
11
3.8396278740157479
21
-3.5068206692913386
0
LINE
8
BLACK
6
CONTINUOUS
10
3.8396278740157479
20
-3.5068206692913386
11
3.8445300787401573
21
-3.5135679921259841
0
LINE
8
BLACK
6
CONTINUOUS
10
3.8445300787401573
20
-3.5135679921259841
11
3.8483164173228346
21
-3.520999094488189
0
LINE
8
BLACK
6
CONTINUOUS
10
3.8483164173228346
20
-3.520999094488189
11
3.8508936614173228
21
-3.5289310629921258
0
LINE
8
BLACK
6
CONTINUOUS
10
3.8508936614173228
20
-3.5289310629921258
11
3.8521983464566927
21
-3.537168503937008
0
LINE
8
BLACK
6
CONTINUOUS
10
3.8521983464566927
20
-3.537168503937008
11
3.8521983464566927
21
-3.5455086614173226
0
LINE
8
BLACK
6
CONTINUOUS
10
3.8521983464566927
20
-3.5455086614173226
11
3.8508936614173228
21
-3.5537461023622048
0
LINE
8
BLACK
6
CONTINUOUS
10
3.8508936614173228
20
-3.5537461023622048
11
3.8483164173228346
21
-3.5616780708661415
0
LINE
8
BLACK
6
CONTINUOUS
10
3.8483164173228346
20
-3.5616780708661415
11
3.8445300787401573
21
-3.5691091732283464
0
LINE
8
BLACK
6
CONTINUOUS
10
3.8445300787401573
20
-3.5691091732283464
11
3.8396278740157479
21
-3.5758564960629919
0
LINE
8
BLACK
6
CONTINUOUS
10
3.8396278740157479
20
-3.5758564960629919
11
3.8337305118110234
21
-3.5817538582677164
0
LINE
8
BLACK
6
CONTINUOUS
10
3.8337305118110234
20
-3.5817538582677164
11
3.8269831889763779
21
-3.5866560629921258
0
LINE
8
BLACK
6
CONTINUOUS
10
3.8269831889763779
20
-3.5866560629921258
11
3.819552086614173
21
-3.5904424015748031
0
LINE
8
BLACK
6
CONTINUOUS
10
3.819552086614173
20
-3.5904424015748031
11
3.8116201181102363
21
-3.5930196456692913
0
LINE
8
BLACK
6
CONTINUOUS
10
3.8116201181102363
20
-3.5930196456692913
11
3.8033826771653541
21
-3.5943243307086612
0
LINE
8
BLACK
6
CONTINUOUS
10
3.8033826771653541
20
-3.5943243307086612
11
3.7950425196850395
21
-3.5943243307086612
0
LINE
8
BLACK
6
CONTINUOUS
10
3.7950425196850395
20
-3.5943243307086612
11
3.7868050787401573
21
-3.5930196456692913
0
LINE
8
BLACK
6
CONTINUOUS
10
3.7868050787401573
20
-3.5930196456692913
11
3.7788731102362205
21
-3.5904424015748031
0
LINE
8
BLACK
6
CONTINUOUS
10
3.7788731102362205
20
-3.5904424015748031
11
3.7714420078740156
21
-3.5866560629921258
0
LINE
8
BLACK
6
CONTINUOUS
10
3.7714420078740156
20
-3.5866560629921258
11
3.7646946850393701
21
-3.5817538582677164
0
LINE
8
BLACK
6
CONTINUOUS
10
3.7646946850393701
20
-3.5817538582677164
11
3.7587973228346456
21
-3.5758564960629919
0
LINE
8
BLACK
6
CONTINUOUS
10
3.7587973228346456
20
-3.5758564960629919
11
3.7538951181102362
21
-3.5691091732283464
0
LINE
8
BLACK
6
CONTINUOUS
10
3.7538951181102362
20
-3.5691091732283464
11
3.7501087795275589
21
-3.5616780708661415
0
LINE
8
BLACK
6
CONTINUOUS
10
3.7501087795275589
20
-3.5616780708661415
11
3.7475315354330707
21
-3.5537461023622048
0
LINE
8
BLACK
6
CONTINUOUS
10
3.7475315354330707
20
-3.5537461023622048
11
3.7462268503937008
21
-3.5455086614173226
0
LINE
8
BLACK
6
CONTINUOUS
10
3.7462268503937008
20
-3.5455086614173226
11
3.7462268503937008
21
-3.537168503937008
0
LINE
8
BLACK
6
CONTINUOUS
10
3.7462268503937008
20
-3.537168503937008
11
3.7475315354330707
21
-3.5289310629921258
0
LINE
8
BLACK
6
CONTINUOUS
10
3.7475315354330707
20
-3.5289310629921258
11
3.7501087795275589
21
-3.520999094488189
0
LINE
8
BLACK
6
CONTINUOUS
10
3.7501087795275589
20
-3.520999094488189
11
3.7538951181102362
21
-3.5135679921259841
0
LINE
8
BLACK
6
CONTINUOUS
10
3.7538951181102362
20
-3.5135679921259841
11
3.7587973228346456
21
-3.5068206692913386
0
LINE
8
BLACK
6
CONTINUOUS
10
3.7587973228346456
20
-3.5068206692913386
11
3.7646946850393701
21
-3.5009233070866141
0
LINE
8
BLACK
6
CONTINUOUS
10
3.7646946850393701
20
-3.5009233070866141
11
3.7714420078740156
21
-3.4960211023622048
0
LINE
8
BLACK
6
CONTINUOUS
10
3.7714420078740156
20
-3.4960211023622048
11
3.7788731102362205
21
-3.4922347637795275
0
LINE
8
BLACK
6
CONTINUOUS
10
3.7788731102362205
20
-3.4922347637795275
11
3.7868050787401573
21
-3.4896575196850392
0
LINE
8
BLACK
6
CONTINUOUS
10
3.7868050787401573
20
-3.4896575196850392
11
3.7950425196850395
21
-3.4883528346456694
0
LINE
8
BLACK
6
CONTINUOUS
10
3.7950425196850395
20
-3.4883528346456694
11
3.8033826771653541
21
-3.4883528346456694
0
LINE
8
BLACK
6
CONTINUOUS
10
3.8033826771653541
20
-3.4883528346456694
11
3.8116201181102363
21
-3.4896575196850392
0
LINE
8
BLACK
6
CONTINUOUS
10
4.520281535433071
20
-3.4896575196850392
11
4.5282135039370077
21
-3.4922347637795275
0
LINE
8
BLACK
6
CONTINUOUS
10
4.5282135039370077
20
-3.4922347637795275
11
4.5356446062992122
21
-3.4960211023622048
0
LINE
8
BLACK
6
CONTINUOUS
10
4.5356446062992122
20
-3.4960211023622048
11
4.5423919291338581
21
-3.5009233070866141
0
LINE
8
BLACK
6
CONTINUOUS
10
4.5423919291338581
20
-3.5009233070866141
11
4.5482892913385822
21
-3.5068206692913386
0
LINE
8
BLACK
6
CONTINUOUS
10
4.5482892913385822
20
-3.5068206692913386
11
4.5531914960629924
21
-3.5135679921259841
0
LINE
8
BLACK
6
CONTINUOUS
10
4.5531914960629924
20
-3.5135679921259841
11
4.5569778346456689
21
-3.520999094488189
0
LINE
8
BLACK
6
CONTINUOUS
10
4.5569778346456689
20
-3.520999094488189
11
4.5595550787401571
21
-3.5289310629921258
0
LINE
8
BLACK
6
CONTINUOUS
10
4.5595550787401571
20
-3.5289310629921258
11
4.5608597637795274
21
-3.537168503937008
0
LINE
8
BLACK
6
CONTINUOUS
10
4.5608597637795274
20
-3.537168503937008
11
4.5608597637795274
21
-3.5455086614173226
0
LINE
8
BLACK
6
CONTINUOUS
10
4.5608597637795274
20
-3.5455086614173226
11
4.5595550787401571
21
-3.5537461023622048
0
LINE
8
BLACK
6
CONTINUOUS
10
4.5595550787401571
20
-3.5537461023622048
11
4.5569778346456689
21
-3.5616780708661415
0
LINE
8
BLACK
6
CONTINUOUS
10
4.5569778346456689
20
-3.5616780708661415
11
4.5531914960629924
21
-3.5691091732283464
0
LINE
8
BLACK
6
CONTINUOUS
10
4.5531914960629924
20
-3.5691091732283464
11
4.5482892913385822
21
-3.5758564960629919
0
LINE
8
BLACK
6
CONTINUOUS
10
4.5482892913385822
20
-3.5758564960629919
11
4.5423919291338581
21
-3.5817538582677164
0
LINE
8
BLACK
6
CONTINUOUS
10
4.5423919291338581
20
-3.5817538582677164
11
4.5356446062992122
21
-3.5866560629921258
0
LINE
8
BLACK
6
CONTINUOUS
10
4.5356446062992122
20
-3.5866560629921258
11
4.5282135039370077
21
-3.5904424015748031
0
LINE
8
BLACK
6
CONTINUOUS
10
4.5282135039370077
20
-3.5904424015748031
11
4.520281535433071
21
-3.5930196456692913
0
LINE
8
BLACK
6
CONTINUOUS
10
4.520281535433071
20
-3.5930196456692913
11
4.5120440944881892
21
-3.5943243307086612
0
LINE
8
BLACK
6
CONTINUOUS
10
4.5120440944881892
20
-3.5943243307086612
11
4.5037039370078737
21
-3.5943243307086612
0
LINE
8
BLACK
6
CONTINUOUS
10
4.5037039370078737
20
-3.5943243307086612
11
4.495466496062992
21
-3.5930196456692913
0
LINE
8
BLACK
6
CONTINUOUS
10
4.495466496062992
20
-3.5930196456692913
11
4.4875345275590552
21
-3.5904424015748031
0
LINE
8
BLACK
6
CONTINUOUS
10
4.4875345275590552
20
-3.5904424015748031
11
4.4801034251968499
21
-3.5866560629921258
0
LINE
8
BLACK
6
CONTINUOUS
10
4.4801034251968499
20
-3.5866560629921258
11
4.4733561023622048
21
-3.5817538582677164
0
LINE
8
BLACK
6
CONTINUOUS
10
4.4733561023622048
20
-3.5817538582677164
11
4.4674587401574799
21
-3.5758564960629919
0
LINE
8
BLACK
6
CONTINUOUS
10
4.4674587401574799
20
-3.5758564960629919
11
4.4625565354330705
21
-3.5691091732283464
0
LINE
8
BLACK
6
CONTINUOUS
10
4.4625565354330705
20
-3.5691091732283464
11
4.4587701968503932
21
-3.5616780708661415
0
LINE
8
BLACK
6
CONTINUOUS
10
4.4587701968503932
20
-3.5616780708661415
11
4.456192952755905
21
-3.5537461023622048
0
LINE
8
BLACK
6
CONTINUOUS
10
4.456192952755905
20
-3.5537461023622048
11
4.4548882677165356
21
-3.5455086614173226
0
LINE
8
BLACK
6
CONTINUOUS
10
4.4548882677165356
20
-3.5455086614173226
11
4.4548882677165356
21
-3.537168503937008
0
LINE
8
BLACK
6
CONTINUOUS
10
4.4548882677165356
20
-3.537168503937008
11
4.456192952755905
21
-3.5289310629921258
0
LINE
8
BLACK
6
CONTINUOUS
10
4.456192952755905
20
-3.5289310629921258
11
4.4587701968503932
21
-3.520999094488189
0
LINE
8
BLACK
6
CONTINUOUS
10
4.4587701968503932
20
-3.520999094488189
11
4.4625565354330705
21
-3.5135679921259841
0
LINE
8
BLACK
6
CONTINUOUS
10
4.4625565354330705
20
-3.5135679921259841
11
4.4674587401574799
21
-3.5068206692913386
0
LINE
8
BLACK
6
CONTINUOUS
10
4.4674587401574799
20
-3.5068206692913386
11
4.4733561023622048
21
-3.5009233070866141
0
LINE
8
BLACK
6
CONTINUOUS
10
4.4733561023622048
20
-3.5009233070866141
11
4.4801034251968499
21
-3.4960211023622048
0
LINE
8
BLACK
6
CONTINUOUS
10
4.4801034251968499
20
-3.4960211023622048
11
4.4875345275590552
21
-3.4922347637795275
0
LINE
8
BLACK
6
CONTINUOUS
10
4.4875345275590552
20
-3.4922347637795275
11
4.495466496062992
21
-3.4896575196850392
0
LINE
8
BLACK
6
CONTINUOUS
10
4.495466496062992
20
-3.4896575196850392
11
4.5037039370078737
21
-3.4883528346456694
0
LINE
8
BLACK
6
CONTINUOUS
10
4.5037039370078737
20
-3.4883528346456694
11
4.5120440944881892
21
-3.4883528346456694
0
LINE
8
BLACK
6
CONTINUOUS
10
4.5120440944881892
20
-3.4883528346456694
11
4.520281535433071
21
-3.4896575196850392
0
LINE
8
BLACK
6
CONTINUOUS
10
5.2289429527559053
20
-3.4896575196850392
11
5.236874921259842
21
-3.4922347637795275
0
LINE
8
BLACK
6
CONTINUOUS
10
5.236874921259842
20
-3.4922347637795275
11
5.2443060236220473
21
-3.4960211023622048
0
LINE
8
BLACK
6
CONTINUOUS
10
5.2443060236220473
20
-3.4960211023622048
11
5.2510533464566924
21
-3.5009233070866141
0
LINE
8
BLACK
6
CONTINUOUS
10
5.2510533464566924
20
-3.5009233070866141
11
5.2569507086614173
21
-3.5068206692913386
0
LINE
8
BLACK
6
CONTINUOUS
10
5.2569507086614173
20
-3.5068206692913386
11
5.2618529133858267
21
-3.5135679921259841
0
LINE
8
BLACK
6
CONTINUOUS
10
5.2618529133858267
20
-3.5135679921259841
11
5.265639251968504
21
-3.520999094488189
0
LINE
8
BLACK
6
CONTINUOUS
10
5.265639251968504
20
-3.520999094488189
11
5.2682164960629922
21
-3.5289310629921258
0
LINE
8
BLACK
6
CONTINUOUS
10
5.2682164960629922
20
-3.5289310629921258
11
5.2695211811023617
21
-3.537168503937008
0
LINE
8
BLACK
6
CONTINUOUS
10
5.2695211811023617
20
-3.537168503937008
11
5.2695211811023617
21
-3.5455086614173226
0
LINE
8
BLACK
6
CONTINUOUS
10
5.2695211811023617
20
-3.5455086614173226
11
5.2682164960629922
21
-3.5537461023622048
0
LINE
8
BLACK
6
CONTINUOUS
10
5.2682164960629922
20
-3.5537461023622048
11
5.265639251968504
21
-3.5616780708661415
0
LINE
8
BLACK
6
CONTINUOUS
10
5.265639251968504
20
-3.5616780708661415
11
5.2618529133858267
21
-3.5691091732283464
0
LINE
8
BLACK
6
CONTINUOUS
10
5.2618529133858267
20
-3.5691091732283464
11
5.2569507086614173
21
-3.5758564960629919
0
LINE
8
BLACK
6
CONTINUOUS
10
5.2569507086614173
20
-3.5758564960629919
11
5.2510533464566924
21
-3.5817538582677164
0
LINE
8
BLACK
6
CONTINUOUS
10
5.2510533464566924
20
-3.5817538582677164
11
5.2443060236220473
21
-3.5866560629921258
0
LINE
8
BLACK
6
CONTINUOUS
10
5.2443060236220473
20
-3.5866560629921258
11
5.236874921259842
21
-3.5904424015748031
0
LINE
8
BLACK
6
CONTINUOUS
10
5.236874921259842
20
-3.5904424015748031
11
5.2289429527559053
21
-3.5930196456692913
0
LINE
8
BLACK
6
CONTINUOUS
10
5.2289429527559053
20
-3.5930196456692913
11
5.2207055118110235
21
-3.5943243307086612
0
LINE
8
BLACK
6
CONTINUOUS
10
5.2207055118110235
20
-3.5943243307086612
11
5.2123653543307089
21
-3.5943243307086612
0
LINE
8
BLACK
6
CONTINUOUS
10
5.2123653543307089
20
-3.5943243307086612
11
5.2041279133858263
21
-3.5930196456692913
0
LINE
8
BLACK
6
CONTINUOUS
10
5.2041279133858263
20
-3.5930196456692913
11
5.1961959448818895
21
-3.5904424015748031
0
LINE
8
BLACK
6
CONTINUOUS
10
5.1961959448818895
20
-3.5904424015748031
11
5.1887648425196851
21
-3.5866560629921258
0
LINE
8
BLACK
6
CONTINUOUS
10
5.1887648425196851
20
-3.5866560629921258
11
5.1820175196850391
21
-3.5817538582677164
0
LINE
8
BLACK
6
CONTINUOUS
10
5.1820175196850391
20
-3.5817538582677164
11
5.1761201574803151
21
-3.5758564960629919
0
LINE
8
BLACK
6
CONTINUOUS
10
5.1761201574803151
20
-3.5758564960629919
11
5.1712179527559057
21
-3.5691091732283464
0
LINE
8
BLACK
6
CONTINUOUS
10
5.1712179527559057
20
-3.5691091732283464
11
5.1674316141732284
21
-3.5616780708661415
0
LINE
8
BLACK
6
CONTINUOUS
10
5.1674316141732284
20
-3.5616780708661415
11
5.1648543700787402
21
-3.5537461023622048
0
LINE
8
BLACK
6
CONTINUOUS
10
5.1648543700787402
20
-3.5537461023622048
11
5.1635496850393698
21
-3.5455086614173226
0
LINE
8
BLACK
6
CONTINUOUS
10
5.1635496850393698
20
-3.5455086614173226
11
5.1635496850393698
21
-3.537168503937008
0
LINE
8
BLACK
6
CONTINUOUS
10
5.1635496850393698
20
-3.537168503937008
11
5.1648543700787402
21
-3.5289310629921258
0
LINE
8
BLACK
6
CONTINUOUS
10
5.1648543700787402
20
-3.5289310629921258
11
5.1674316141732284
21
-3.520999094488189
0
LINE
8
BLACK
6
CONTINUOUS
10
5.1674316141732284
20
-3.520999094488189
11
5.1712179527559057
21
-3.5135679921259841
0
LINE
8
BLACK
6
CONTINUOUS
10
5.1712179527559057
20
-3.5135679921259841
11
5.1761201574803151
21
-3.5068206692913386
0
LINE
8
BLACK
6
CONTINUOUS
10
5.1761201574803151
20
-3.5068206692913386
11
5.1820175196850391
21
-3.5009233070866141
0
LINE
8
BLACK
6
CONTINUOUS
10
5.1820175196850391
20
-3.5009233070866141
11
5.1887648425196851
21
-3.4960211023622048
0
LINE
8
BLACK
6
CONTINUOUS
10
5.1887648425196851
20
-3.4960211023622048
11
5.1961959448818895
21
-3.4922347637795275
0
LINE
8
BLACK
6
CONTINUOUS
10
5.1961959448818895
20
-3.4922347637795275
11
5.2041279133858263
21
-3.4896575196850392
0
LINE
8
BLACK
6
CONTINUOUS
10
5.2041279133858263
20
-3.4896575196850392
11
5.2123653543307089
21
-3.4883528346456694
0
LINE
8
BLACK
6
CONTINUOUS
10
5.2123653543307089
20
-3.4883528346456694
11
5.2207055118110235
21
-3.4883528346456694
0
LINE
8
BLACK
6
CONTINUOUS
10
5.2207055118110235
20
-3.4883528346456694
11
5.2289429527559053
21
-3.4896575196850392
0
LINE
8
BLACK
6
CONTINUOUS
10
5.8397538976377952
20
-3.5649565354330708
11
5.8414143307086617
21
-3.5660659842519684
0
LINE
8
BLACK
6
CONTINUOUS
10
5.8414143307086617
20
-3.5660659842519684
11
5.8425237795275589
21
-3.5677264173228345
0
LINE
8
BLACK
6
CONTINUOUS
10
5.8425237795275589
20
-3.5677264173228345
11
5.8429133858267717
21
-3.5696850393700785
0
LINE
8
BLACK
6
CONTINUOUS
10
5.8429133858267717
20
-3.5696850393700785
11
5.8429133858267717
21
-3.5799212598425196
0
LINE
8
BLACK
6
CONTINUOUS
10
5.8429133858267717
20
-3.5799212598425196
11
5.8425237795275589
21
-3.5818798818897637
0
LINE
8
BLACK
6
CONTINUOUS
10
5.8425237795275589
20
-3.5818798818897637
11
5.8414143307086617
21
-3.5835403149606297
0
LINE
8
BLACK
6
CONTINUOUS
10
5.8414143307086617
20
-3.5835403149606297
11
5.8397538976377952
21
-3.5846497637795274
0
LINE
8
BLACK
6
CONTINUOUS
10
5.8397538976377952
20
-3.5846497637795274
11
5.8377952755905511
21
-3.5850393700787402
0
LINE
8
BLACK
6
CONTINUOUS
10
5.8377952755905511
20
-3.5850393700787402
11
5.82755905511811
21
-3.5850393700787402
0
LINE
8
BLACK
6
CONTINUOUS
10
5.82755905511811
20
-3.5850393700787402
11
5.8256004330708659
21
-3.5846497637795274
0
LINE
8
BLACK
6
CONTINUOUS
10
5.8256004330708659
20
-3.5846497637795274
11
5.8239399999999995
21
-3.5835403149606297
0
LINE
8
BLACK
6
CONTINUOUS
10
5.8239399999999995
20
-3.5835403149606297
11
5.8228305511811023
21
-3.5818798818897637
0
LINE
8
BLACK
6
CONTINUOUS
10
5.8228305511811023
20
-3.5818798818897637
11
5.8224409448818895
21
-3.5799212598425196
0
LINE
8
BLACK
6
CONTINUOUS
10
5.8224409448818895
20
-3.5799212598425196
11
5.8224409448818895
21
-3.5696850393700785
0
LINE
8
BLACK
6
CONTINUOUS
10
5.8224409448818895
20
-3.5696850393700785
11
5.8228305511811023
21
-3.5677264173228345
0
LINE
8
BLACK
6
CONTINUOUS
10
5.8228305511811023
20
-3.5677264173228345
11
5.8239399999999995
21
-3.5660659842519684
0
LINE
8
BLACK
6
CONTINUOUS
10
5.8239399999999995
20
-3.5660659842519684
11
5.8256004330708659
21
-3.5649565354330708
0
LINE
8
BLACK
6
CONTINUOUS
10
5.8256004330708659
20
-3.5649565354330708
11
5.82755905511811
21
-3.564566929133858
0
LINE
8
BLACK
6
CONTINUOUS
10
5.82755905511811
20
-3.564566929133858
11
5.8377952755905511
21
-3.564566929133858
0
LINE
8
BLACK
6
CONTINUOUS
10
5.8377952755905511
20
-3.564566929133858
11
5.8397538976377952
21
-3.5649565354330708
0
LINE
8
BLACK
6
CONTINUOUS
10
5.8911123228346458
20
-3.5527272834645669
11
5.8935072047244095
21
-3.5543274409448817
0
LINE
8
BLACK
6
CONTINUOUS
10
5.8935072047244095
20
-3.5543274409448817
11
5.8951073622047243
21
-3.5567223228346454
0
LINE
8
BLACK
6
CONTINUOUS
10
5.8951073622047243
20
-3.5567223228346454
11
5.8956692913385824
21
-3.559547244094488
0
LINE
8
BLACK
6
CONTINUOUS
10
5.8956692913385824
20
-3.559547244094488
11
5.8956692913385824
21
-3.5743110236220472
0
LINE
8
BLACK
6
CONTINUOUS
10
5.8956692913385824
20
-3.5743110236220472
11
5.8951073622047243
21
-3.5771359448818898
0
LINE
8
BLACK
6
CONTINUOUS
10
5.8951073622047243
20
-3.5771359448818898
11
5.8935072047244095
21
-3.5795308267716535
0
LINE
8
BLACK
6
CONTINUOUS
10
5.8935072047244095
20
-3.5795308267716535
11
5.8911123228346458
21
-3.5811309842519683
0
LINE
8
BLACK
6
CONTINUOUS
10
5.8911123228346458
20
-3.5811309842519683
11
5.8882874015748028
21
-3.5816929133858268
0
LINE
8
BLACK
6
CONTINUOUS
10
5.8882874015748028
20
-3.5816929133858268
11
5.8676181102362204
21
-3.5816929133858268
0
LINE
8
BLACK
6
CONTINUOUS
10
5.8676181102362204
20
-3.5816929133858268
11
5.8647931889763782
21
-3.5811309842519683
0
LINE
8
BLACK
6
CONTINUOUS
10
5.8647931889763782
20
-3.5811309842519683
11
5.8623983070866137
21
-3.5795308267716535
0
LINE
8
BLACK
6
CONTINUOUS
10
5.8623983070866137
20
-3.5795308267716535
11
5.8607981496062989
21
-3.5771359448818898
0
LINE
8
BLACK
6
CONTINUOUS
10
5.8607981496062989
20
-3.5771359448818898
11
5.8602362204724407
21
-3.5743110236220472
0
LINE
8
BLACK
6
CONTINUOUS
10
5.8602362204724407
20
-3.5743110236220472
11
5.8602362204724407
21
-3.559547244094488
0
LINE
8
BLACK
6
CONTINUOUS
10
5.8602362204724407
20
-3.559547244094488
11
5.8607981496062989
21
-3.5567223228346454
0
LINE
8
BLACK
6
CONTINUOUS
10
5.8607981496062989
20
-3.5567223228346454
11
5.8623983070866137
21
-3.5543274409448817
0
LINE
8
BLACK
6
CONTINUOUS
10
5.8623983070866137
20
-3.5543274409448817
11
5.8647931889763782
21
-3.5527272834645669
0
LINE
8
BLACK
6
CONTINUOUS
10
5.8647931889763782
20
-3.5527272834645669
11
5.8676181102362204
21
-3.5521653543307088
0
LINE
8
BLACK
6
CONTINUOUS
10
5.8676181102362204
20
-3.5521653543307088
11
5.8882874015748028
21
-3.5521653543307088
0
LINE
8
BLACK
6
CONTINUOUS
10
5.8882874015748028
20
-3.5521653543307088
11
5.8911123228346458
21
-3.5527272834645669
0
LINE
8
BLACK
6
CONTINUOUS
10
5.9673190157480311
20
-3.5398196062992127
11
5.969234881889764
21
-3.5410997637795276
0
LINE
8
BLACK
6
CONTINUOUS
10
5.969234881889764
20
-3.5410997637795276
11
5.9705150393700785
21
-3.5430156299212596
0
LINE
8
BLACK
6
CONTINUOUS
10
5.9705150393700785
20
-3.5430156299212596
11
5.9709645669291334
21
-3.545275590551181
0
LINE
8
BLACK
6
CONTINUOUS
10
5.9709645669291334
20
-3.545275590551181
11
5.9709645669291334
21
-3.5570866141732282
0
LINE
8
BLACK
6
CONTINUOUS
10
5.9709645669291334
20
-3.5570866141732282
11
5.9705150393700785
21
-3.5593465748031496
0
LINE
8
BLACK
6
CONTINUOUS
10
5.9705150393700785
20
-3.5593465748031496
11
5.969234881889764
21
-3.5612624409448816
0
LINE
8
BLACK
6
CONTINUOUS
10
5.969234881889764
20
-3.5612624409448816
11
5.9673190157480311
21
-3.5625425984251966
0
LINE
8
BLACK
6
CONTINUOUS
10
5.9673190157480311
20
-3.5625425984251966
11
5.9650590551181102
21
-3.5629921259842519
0
LINE
8
BLACK
6
CONTINUOUS
10
5.9650590551181102
20
-3.5629921259842519
11
5.9247047244094491
21
-3.5629921259842519
0
LINE
8
BLACK
6
CONTINUOUS
10
5.9247047244094491
20
-3.5629921259842519
11
5.9224447637795272
21
-3.5625425984251966
0
LINE
8
BLACK
6
CONTINUOUS
10
5.9224447637795272
20
-3.5625425984251966
11
5.9205288976377952
21
-3.5612624409448816
0
LINE
8
BLACK
6
CONTINUOUS
10
5.9205288976377952
20
-3.5612624409448816
11
5.9192487401574798
21
-3.5593465748031496
0
LINE
8
BLACK
6
CONTINUOUS
10
5.9192487401574798
20
-3.5593465748031496
11
5.918799212598425
21
-3.5570866141732282
0
LINE
8
BLACK
6
CONTINUOUS
10
5.918799212598425
20
-3.5570866141732282
11
5.918799212598425
21
-3.545275590551181
0
LINE
8
BLACK
6
CONTINUOUS
10
5.918799212598425
20
-3.545275590551181
11
5.9192487401574798
21
-3.5430156299212596
0
LINE
8
BLACK
6
CONTINUOUS
10
5.9192487401574798
20
-3.5430156299212596
11
5.9205288976377952
21
-3.5410997637795276
0
LINE
8
BLACK
6
CONTINUOUS
10
5.9205288976377952
20
-3.5410997637795276
11
5.9224447637795272
21
-3.5398196062992127
0
LINE
8
BLACK
6
CONTINUOUS
10
5.9224447637795272
20
-3.5398196062992127
11
5.9247047244094491
21
-3.5393700787401574
0
LINE
8
BLACK
6
CONTINUOUS
10
5.9247047244094491
20
-3.5393700787401574
11
5.9650590551181102
21
-3.5393700787401574
0
LINE
8
BLACK
6
CONTINUOUS
10
5.9650590551181102
20
-3.5393700787401574
11
5.9673190157480311
21
-3.5398196062992127
0
LINE
8
BLACK
6
CONTINUOUS
10
6.0568859448818895
20
-3.5398196062992127
11
6.0588018110236215
21
-3.5410997637795276
0
LINE
8
BLACK
6
CONTINUOUS
10
6.0588018110236215
20
-3.5410997637795276
11
6.0600819685039369
21
-3.5430156299212596
0
LINE
8
BLACK
6
CONTINUOUS
10
6.0600819685039369
20
-3.5430156299212596
11
6.0605314960629917
21
-3.545275590551181
0
LINE
8
BLACK
6
CONTINUOUS
10
6.0605314960629917
20
-3.545275590551181
11
6.0605314960629917
21
-3.5570866141732282
0
LINE
8
BLACK
6
CONTINUOUS
10
6.0605314960629917
20
-3.5570866141732282
11
6.0600819685039369
21
-3.5593465748031496
0
LINE
8
BLACK
6
CONTINUOUS
10
6.0600819685039369
20
-3.5593465748031496
11
6.0588018110236215
21
-3.5612624409448816
0
LINE
8
BLACK
6
CONTINUOUS
10
6.0588018110236215
20
-3.5612624409448816
11
6.0568859448818895
21
-3.5625425984251966
0
LINE
8
BLACK
6
CONTINUOUS
10
6.0568859448818895
20
-3.5625425984251966
11
6.0546259842519685
21
-3.5629921259842519
0
LINE
8
BLACK
6
CONTINUOUS
10
6.0546259842519685
20
-3.5629921259842519
11
6.0142716535433065
21
-3.5629921259842519
0
LINE
8
BLACK
6
CONTINUOUS
10
6.0142716535433065
20
-3.5629921259842519
11
6.0120116929133856
21
-3.5625425984251966
0
LINE
8
BLACK
6
CONTINUOUS
10
6.0120116929133856
20
-3.5625425984251966
11
6.0100958267716535
21
-3.5612624409448816
0
LINE
8
BLACK
6
CONTINUOUS
10
6.0100958267716535
20
-3.5612624409448816
11
6.0088156692913381
21
-3.5593465748031496
0
LINE
8
BLACK
6
CONTINUOUS
10
6.0088156692913381
20
-3.5593465748031496
11
6.0083661417322833
21
-3.5570866141732282
0
LINE
8
BLACK
6
CONTINUOUS
10
6.0083661417322833
20
-3.5570866141732282
11
6.0083661417322833
21
-3.545275590551181
0
LINE
8
BLACK
6
CONTINUOUS
10
6.0083661417322833
20
-3.545275590551181
11
6.0088156692913381
21
-3.5430156299212596
0
LINE
8
BLACK
6
CONTINUOUS
10
6.0088156692913381
20
-3.5430156299212596
11
6.0100958267716535
21
-3.5410997637795276
0
LINE
8
BLACK
6
CONTINUOUS
10
6.0100958267716535
20
-3.5410997637795276
11
6.0120116929133856
21
-3.5398196062992127
0
LINE
8
BLACK
6
CONTINUOUS
10
6.0120116929133856
20
-3.5398196062992127
11
6.0142716535433065
21
-3.5393700787401574
0
LINE
8
BLACK
6
CONTINUOUS
10
6.0142716535433065
20
-3.5393700787401574
11
6.0546259842519685
21
-3.5393700787401574
0
LINE
8
BLACK
6
CONTINUOUS
10
6.0546259842519685
20
-3.5393700787401574
11
6.0568859448818895
21
-3.5398196062992127
0
LINE
8
BLACK
6
CONTINUOUS
10
6.2301445275590552
20
-3.4869696850393699
11
6.2333376771653546
21
-3.4891032677165352
0
LINE
8
BLACK
6
CONTINUOUS
10
6.2333376771653546
20
-3.4891032677165352
11
6.2354712598425195
21
-3.4922964173228346
0
LINE
8
BLACK
6
CONTINUOUS
10
6.2354712598425195
20
-3.4922964173228346
11
6.2362204724409445
21
-3.4960629921259843
0
LINE
8
BLACK
6
CONTINUOUS
10
6.2362204724409445
20
-3.4960629921259843
11
6.2362204724409445
21
-3.515748031496063
0
LINE
8
BLACK
6
CONTINUOUS
10
6.2362204724409445
20
-3.515748031496063
11
6.2354712598425195
21
-3.5195146062992126
0
LINE
8
BLACK
6
CONTINUOUS
10
6.2354712598425195
20
-3.5195146062992126
11
6.2333376771653546
21
-3.5227077559055116
0
LINE
8
BLACK
6
CONTINUOUS
10
6.2333376771653546
20
-3.5227077559055116
11
6.2301445275590552
21
-3.5248413385826769
0
LINE
8
BLACK
6
CONTINUOUS
10
6.2301445275590552
20
-3.5248413385826769
11
6.2263779527559056
21
-3.5255905511811023
0
LINE
8
BLACK
6
CONTINUOUS
10
6.2263779527559056
20
-3.5255905511811023
11
6.1082677165354333
21
-3.5255905511811023
0
LINE
8
BLACK
6
CONTINUOUS
10
6.1082677165354333
20
-3.5255905511811023
11
6.1045011417322836
21
-3.5248413385826769
0
LINE
8
BLACK
6
CONTINUOUS
10
6.1045011417322836
20
-3.5248413385826769
11
6.1013079921259843
21
-3.5227077559055116
0
LINE
8
BLACK
6
CONTINUOUS
10
6.1013079921259843
20
-3.5227077559055116
11
6.0991744094488185
21
-3.5195146062992126
0
LINE
8
BLACK
6
CONTINUOUS
10
6.0991744094488185
20
-3.5195146062992126
11
6.0984251968503935
21
-3.515748031496063
0
LINE
8
BLACK
6
CONTINUOUS
10
6.0984251968503935
20
-3.515748031496063
11
6.0984251968503935
21
-3.4960629921259843
0
LINE
8
BLACK
6
CONTINUOUS
10
6.0984251968503935
20
-3.4960629921259843
11
6.0991744094488185
21
-3.4922964173228346
0
LINE
8
BLACK
6
CONTINUOUS
10
6.0991744094488185
20
-3.4922964173228346
11
6.1013079921259843
21
-3.4891032677165352
0
LINE
8
BLACK
6
CONTINUOUS
10
6.1013079921259843
20
-3.4891032677165352
11
6.1045011417322836
21
-3.4869696850393699
0
LINE
8
BLACK
6
CONTINUOUS
10
6.1045011417322836
20
-3.4869696850393699
11
6.1082677165354333
21
-3.4862204724409449
0
LINE
8
BLACK
6
CONTINUOUS
10
6.1082677165354333
20
-3.4862204724409449
11
6.2263779527559056
21
-3.4862204724409449
0
LINE
8
BLACK
6
CONTINUOUS
10
6.2263779527559056
20
-3.4862204724409449
11
6.2301445275590552
21
-3.4869696850393699
0
LINE
8
BLACK
6
CONTINUOUS
10
5.9589528740157478
20
-3.466984960629921
11
5.9608687401574798
21
-3.468265118110236
0
LINE
8
BLACK
6
CONTINUOUS
10
5.9608687401574798
20
-3.468265118110236
11
5.9621488976377952
21
-3.4701809842519684
0
LINE
8
BLACK
6
CONTINUOUS
10
5.9621488976377952
20
-3.4701809842519684
11
5.96259842519685
21
-3.4724409448818898
0
LINE
8
BLACK
6
CONTINUOUS
10
5.96259842519685
20
-3.4724409448818898
11
5.96259842519685
21
-3.5
0
LINE
8
BLACK
6
CONTINUOUS
10
5.96259842519685
20
-3.5
11
5.9621488976377952
21
-3.5022599606299214
0
LINE
8
BLACK
6
CONTINUOUS
10
5.9621488976377952
20
-3.5022599606299214
11
5.9608687401574798
21
-3.5041758267716534
0
LINE
8
BLACK
6
CONTINUOUS
10
5.9608687401574798
20
-3.5041758267716534
11
5.9589528740157478
21
-3.5054559842519684
0
LINE
8
BLACK
6
CONTINUOUS
10
5.9589528740157478
20
-3.5054559842519684
11
5.9566929133858268
21
-3.5059055118110236
0
LINE
8
BLACK
6
CONTINUOUS
10
5.9566929133858268
20
-3.5059055118110236
11
5.9448818897637796
21
-3.5059055118110236
0
LINE
8
BLACK
6
CONTINUOUS
10
5.9448818897637796
20
-3.5059055118110236
11
5.9426219291338578
21
-3.5054559842519684
0
LINE
8
BLACK
6
CONTINUOUS
10
5.9426219291338578
20
-3.5054559842519684
11
5.9407060629921258
21
-3.5041758267716534
0
LINE
8
BLACK
6
CONTINUOUS
10
5.9407060629921258
20
-3.5041758267716534
11
5.9394259055118113
21
-3.5022599606299214
0
LINE
8
BLACK
6
CONTINUOUS
10
5.9394259055118113
20
-3.5022599606299214
11
5.9389763779527556
21
-3.5
0
LINE
8
BLACK
6
CONTINUOUS
10
5.9389763779527556
20
-3.5
11
5.9389763779527556
21
-3.4724409448818898
0
LINE
8
BLACK
6
CONTINUOUS
10
5.9389763779527556
20
-3.4724409448818898
11
5.9394259055118113
21
-3.4701809842519684
0
LINE
8
BLACK
6
CONTINUOUS
10
5.9394259055118113
20
-3.4701809842519684
11
5.9407060629921258
21
-3.468265118110236
0
LINE
8
BLACK
6
CONTINUOUS
10
5.9407060629921258
20
-3.468265118110236
11
5.9426219291338578
21
-3.466984960629921
0
LINE
8
BLACK
6
CONTINUOUS
10
5.9426219291338578
20
-3.466984960629921
11
5.9448818897637796
21
-3.4665354330708662
0
LINE
8
BLACK
6
CONTINUOUS
10
5.9448818897637796
20
-3.4665354330708662
11
5.9566929133858268
21
-3.4665354330708662
0
LINE
8
BLACK
6
CONTINUOUS
10
5.9566929133858268
20
-3.4665354330708662
11
5.9589528740157478
21
-3.466984960629921
0
LINE
8
BLACK
6
CONTINUOUS
10
6.0337560236220469
20
-3.466984960629921
11
6.0356718897637798
21
-3.468265118110236
0
LINE
8
BLACK
6
CONTINUOUS
10
6.0356718897637798
20
-3.468265118110236
11
6.0369520472440943
21
-3.4701809842519684
0
LINE
8
BLACK
6
CONTINUOUS
10
6.0369520472440943
20
-3.4701809842519684
11
6.0374015748031491
21
-3.4724409448818898
0
LINE
8
BLACK
6
CONTINUOUS
10
6.0374015748031491
20
-3.4724409448818898
11
6.0374015748031491
21
-3.5
0
LINE
8
BLACK
6
CONTINUOUS
10
6.0374015748031491
20
-3.5
11
6.0369520472440943
21
-3.5022599606299214
0
LINE
8
BLACK
6
CONTINUOUS
10
6.0369520472440943
20
-3.5022599606299214
11
6.0356718897637798
21
-3.5041758267716534
0
LINE
8
BLACK
6
CONTINUOUS
10
6.0356718897637798
20
-3.5041758267716534
11
6.0337560236220469
21
-3.5054559842519684
0
LINE
8
BLACK
6
CONTINUOUS
10
6.0337560236220469
20
-3.5054559842519684
11
6.0314960629921259
21
-3.5059055118110236
0
LINE
8
BLACK
6
CONTINUOUS
10
6.0314960629921259
20
-3.5059055118110236
11
6.0196850393700787
21
-3.5059055118110236
0
LINE
8
BLACK
6
CONTINUOUS
10
6.0196850393700787
20
-3.5059055118110236
11
6.0174250787401578
21
-3.5054559842519684
0
LINE
8
BLACK
6
CONTINUOUS
10
6.0174250787401578
20
-3.5054559842519684
11
6.0155092125984249
21
-3.5041758267716534
0
LINE
8
BLACK
6
CONTINUOUS
10
6.0155092125984249
20
-3.5041758267716534
11
6.0142290551181103
21
-3.5022599606299214
0
LINE
8
BLACK
6
CONTINUOUS
10
6.0142290551181103
20
-3.5022599606299214
11
6.0137795275590546
21
-3.5
0
LINE
8
BLACK
6
CONTINUOUS
10
6.0137795275590546
20
-3.5
11
6.0137795275590546
21
-3.4724409448818898
0
LINE
8
BLACK
6
CONTINUOUS
10
6.0137795275590546
20
-3.4724409448818898
11
6.0142290551181103
21
-3.4701809842519684
0
LINE
8
BLACK
6
CONTINUOUS
10
6.0142290551181103
20
-3.4701809842519684
11
6.0155092125984249
21
-3.468265118110236
0
LINE
8
BLACK
6
CONTINUOUS
10
6.0155092125984249
20
-3.468265118110236
11
6.0174250787401578
21
-3.466984960629921
0
LINE
8
BLACK
6
CONTINUOUS
10
6.0174250787401578
20
-3.466984960629921
11
6.0196850393700787
21
-3.4665354330708662
0
LINE
8
BLACK
6
CONTINUOUS
10
6.0196850393700787
20
-3.4665354330708662
11
6.0314960629921259
21
-3.4665354330708662
0
LINE
8
BLACK
6
CONTINUOUS
10
6.0314960629921259
20
-3.4665354330708662
11
6.0337560236220469
21
-3.466984960629921
0
LINE
8
BLACK
6
CONTINUOUS
10
6.2301445275590552
20
-3.4082295275590551
11
6.2333376771653546
21
-3.4103631102362204
0
LINE
8
BLACK
6
CONTINUOUS
10
6.2333376771653546
20
-3.4103631102362204
11
6.2354712598425195
21
-3.4135562598425198
0
LINE
8
BLACK
6
CONTINUOUS
10
6.2354712598425195
20
-3.4135562598425198
11
6.2362204724409445
21
-3.417322834645669
0
LINE
8
BLACK
6
CONTINUOUS
10
6.2362204724409445
20
-3.417322834645669
11
6.2362204724409445
21
-3.4370078740157481
0
LINE
8
BLACK
6
CONTINUOUS
10
6.2362204724409445
20
-3.4370078740157481
11
6.2354712598425195
21
-3.4407744488188974
0
LINE
8
BLACK
6
CONTINUOUS
10
6.2354712598425195
20
-3.4407744488188974
11
6.2333376771653546
21
-3.4439675984251967
0
LINE
8
BLACK
6
CONTINUOUS
10
6.2333376771653546
20
-3.4439675984251967
11
6.2301445275590552
21
-3.4461011811023621
0
LINE
8
BLACK
6
CONTINUOUS
10
6.2301445275590552
20
-3.4461011811023621
11
6.2263779527559056
21
-3.4468503937007875
0
LINE
8
BLACK
6
CONTINUOUS
10
6.2263779527559056
20
-3.4468503937007875
11
6.1082677165354333
21
-3.4468503937007875
0
LINE
8
BLACK
6
CONTINUOUS
10
6.1082677165354333
20
-3.4468503937007875
11
6.1045011417322836
21
-3.4461011811023621
0
LINE
8
BLACK
6
CONTINUOUS
10
6.1045011417322836
20
-3.4461011811023621
11
6.1013079921259843
21
-3.4439675984251967
0
LINE
8
BLACK
6
CONTINUOUS
10
6.1013079921259843
20
-3.4439675984251967
11
6.0991744094488185
21
-3.4407744488188974
0
LINE
8
BLACK
6
CONTINUOUS
10
6.0991744094488185
20
-3.4407744488188974
11
6.0984251968503935
21
-3.4370078740157481
0
LINE
8
BLACK
6
CONTINUOUS
10
6.0984251968503935
20
-3.4370078740157481
11
6.0984251968503935
21
-3.417322834645669
0
LINE
8
BLACK
6
CONTINUOUS
10
6.0984251968503935
20
-3.417322834645669
11
6.0991744094488185
21
-3.4135562598425198
0
LINE
8
BLACK
6
CONTINUOUS
10
6.0991744094488185
20
-3.4135562598425198
11
6.1013079921259843
21
-3.4103631102362204
0
LINE
8
BLACK
6
CONTINUOUS
10
6.1013079921259843
20
-3.4103631102362204
11
6.1045011417322836
21
-3.4082295275590551
0
LINE
8
BLACK
6
CONTINUOUS
10
6.1045011417322836
20
-3.4082295275590551
11
6.1082677165354333
21
-3.4074803149606296
0
LINE
8
BLACK
6
CONTINUOUS
10
6.1082677165354333
20
-3.4074803149606296
11
6.2263779527559056
21
-3.4074803149606296
0
LINE
8
BLACK
6
CONTINUOUS
10
6.2263779527559056
20
-3.4074803149606296
11
6.2301445275590552
21
-3.4082295275590551
0
LINE
8
BLACK
6
CONTINUOUS
10
5.9963544488188978
20
-3.3882448031496062
11
5.9982703149606298
21
-3.3895249606299211
0
LINE
8
BLACK
6
CONTINUOUS
10
5.9982703149606298
20
-3.3895249606299211
11
5.9995504724409443
21
-3.3914408267716536
0
LINE
8
BLACK
6
CONTINUOUS
10
5.9995504724409443
20
-3.3914408267716536
11
6.
21
-3.3937007874015745
0
LINE
8
BLACK
6
CONTINUOUS
10
6.
20
-3.3937007874015745
11
6.
21
-3.4212598425196852
0
LINE
8
BLACK
6
CONTINUOUS
10
6.
20
-3.4212598425196852
11
5.9995504724409443
21
-3.4235198031496061
0
LINE
8
BLACK
6
CONTINUOUS
10
5.9995504724409443
20
-3.4235198031496061
11
5.9982703149606298
21
-3.4254356692913386
0
LINE
8
BLACK
6
CONTINUOUS
10
5.9982703149606298
20
-3.4254356692913386
11
5.9963544488188978
21
-3.4267158267716535
0
LINE
8
BLACK
6
CONTINUOUS
10
5.9963544488188978
20
-3.4267158267716535
11
5.9940944881889759
21
-3.4271653543307088
0
LINE
8
BLACK
6
CONTINUOUS
10
5.9940944881889759
20
-3.4271653543307088
11
5.9822834645669287
21
-3.4271653543307088
0
LINE
8
BLACK
6
CONTINUOUS
10
5.9822834645669287
20
-3.4271653543307088
11
5.9800235039370078
21
-3.4267158267716535
0
LINE
8
BLACK
6
CONTINUOUS
10
5.9800235039370078
20
-3.4267158267716535
11
5.9781076377952758
21
-3.4254356692913386
0
LINE
8
BLACK
6
CONTINUOUS
10
5.9781076377952758
20
-3.4254356692913386
11
5.9768274803149604
21
-3.4235198031496061
0
LINE
8
BLACK
6
CONTINUOUS
10
5.9768274803149604
20
-3.4235198031496061
11
5.9763779527559056
21
-3.4212598425196852
0
LINE
8
BLACK
6
CONTINUOUS
10
5.9763779527559056
20
-3.4212598425196852
11
5.9763779527559056
21
-3.3937007874015745
0
LINE
8
BLACK
6
CONTINUOUS
10
5.9763779527559056
20
-3.3937007874015745
11
5.9768274803149604
21
-3.3914408267716536
0
LINE
8
BLACK
6
CONTINUOUS
10
5.9768274803149604
20
-3.3914408267716536
11
5.9781076377952758
21
-3.3895249606299211
0
LINE
8
BLACK
6
CONTINUOUS
10
5.9781076377952758
20
-3.3895249606299211
11
5.9800235039370078
21
-3.3882448031496062
0
LINE
8
BLACK
6
CONTINUOUS
10
5.9800235039370078
20
-3.3882448031496062
11
5.9822834645669287
21
-3.3877952755905509
0
LINE
8
BLACK
6
CONTINUOUS
10
5.9822834645669287
20
-3.3877952755905509
11
5.9940944881889759
21
-3.3877952755905509
0
LINE
8
BLACK
6
CONTINUOUS
10
5.9940944881889759
20
-3.3877952755905509
11
5.9963544488188978
21
-3.3882448031496062
0
LINE
8
BLACK
6
CONTINUOUS
10
6.4545539370078737
20
-3.3058673228346458
11
6.4577470866141731
21
-3.3080009448818899
0
LINE
8
BLACK
6
CONTINUOUS
10
6.4577470866141731
20
-3.3080009448818899
11
6.4598807086614176
21
-3.3111940944881888
0
LINE
8
BLACK
6
CONTINUOUS
10
6.4598807086614176
20
-3.3111940944881888
11
6.4606298818897638
21
-3.3149607086614172
0
LINE
8
BLACK
6
CONTINUOUS
10
6.4606298818897638
20
-3.3149607086614172
11
6.4606299212598426
21
-3.3543306692913384
0
LINE
8
BLACK
6
CONTINUOUS
10
6.4606299212598426
20
-3.3543306692913384
11
6.4598807086614176
21
-3.3580972440944881
0
LINE
8
BLACK
6
CONTINUOUS
10
6.4598807086614176
20
-3.3580972440944881
11
6.4577470866141731
21
-3.3612903937007874
0
LINE
8
BLACK
6
CONTINUOUS
10
6.4577470866141731
20
-3.3612903937007874
11
6.4545539370078737
21
-3.3634240157480315
0
LINE
8
BLACK
6
CONTINUOUS
10
6.4545539370078737
20
-3.3634240157480315
11
6.4507873228346453
21
-3.3641731889763777
0
LINE
8
BLACK
6
CONTINUOUS
10
6.4507873228346453
20
-3.3641731889763777
11
6.3366142125984251
21
-3.3641732283464565
0
LINE
8
BLACK
6
CONTINUOUS
10
6.3366142125984251
20
-3.3641732283464565
11
6.3328476377952754
21
-3.3634240157480315
0
LINE
8
BLACK
6
CONTINUOUS
10
6.3328476377952754
20
-3.3634240157480315
11
6.329654488188976
21
-3.3612903937007874
0
LINE
8
BLACK
6
CONTINUOUS
10
6.329654488188976
20
-3.3612903937007874
11
6.3275208661417324
21
-3.3580972440944881
0
LINE
8
BLACK
6
CONTINUOUS
10
6.3275208661417324
20
-3.3580972440944881
11
6.3267716929133853
21
-3.3543306299212596
0
LINE
8
BLACK
6
CONTINUOUS
10
6.3267716929133853
20
-3.3543306299212596
11
6.3267716535433065
21
-3.3149606692913385
0
LINE
8
BLACK
6
CONTINUOUS
10
6.3267716535433065
20
-3.3149606692913385
11
6.3275208661417324
21
-3.3111940944881888
0
LINE
8
BLACK
6
CONTINUOUS
10
6.3275208661417324
20
-3.3111940944881888
11
6.329654488188976
21
-3.3080009448818899
0
LINE
8
BLACK
6
CONTINUOUS
10
6.329654488188976
20
-3.3080009448818899
11
6.3328476377952754
21
-3.3058673228346458
0
LINE
8
BLACK
6
CONTINUOUS
10
6.3328476377952754
20
-3.3058673228346458
11
6.3366142519685038
21
-3.3051181496062991
0
LINE
8
BLACK
6
CONTINUOUS
10
6.3366142519685038
20
-3.3051181496062991
11
6.450787362204724
21
-3.3051181102362204
0
LINE
8
BLACK
6
CONTINUOUS
10
6.450787362204724
20
-3.3051181102362204
11
6.4545539370078737
21
-3.3058673228346458
0
LINE
8
BLACK
6
CONTINUOUS
10
4.1417322834645667
20
-3.2559055118110236
11
4.015748031496063
21
-3.2559055118110236
0
LINE
8
BLACK
6
CONTINUOUS
10
4.015748031496063
20
-3.2559055118110236
11
4.015748031496063
21
-3.1535433070866139
0
LINE
8
BLACK
6
CONTINUOUS
10
4.015748031496063
20
-3.1535433070866139
11
4.1417322834645667
21
-3.1535433070866139
0
LINE
8
BLACK
6
CONTINUOUS
10
4.1417322834645667
20
-3.1535433070866139
11
4.1417322834645667
21
-3.2559055118110236
0
LINE
8
BLACK
6
CONTINUOUS
10
3.0295275590551181
20
-3.2224409448818898
11
2.923228346456693
21
-3.2224409448818898
0
LINE
8
BLACK
6
CONTINUOUS
10
2.923228346456693
20
-3.2224409448818898
11
2.923228346456693
21
-3.1161417322834644
0
LINE
8
BLACK
6
CONTINUOUS
10
2.923228346456693
20
-3.1161417322834644
11
3.0295275590551181
21
-3.1161417322834644
0
LINE
8
BLACK
6
CONTINUOUS
10
3.0295275590551181
20
-3.1161417322834644
11
3.0295275590551181
21
-3.2224409448818898
0
LINE
8
BLACK
6
CONTINUOUS
10
3.7381889763779528
20
-3.2224409448818898
11
3.6318897637795273
21
-3.2224409448818898
0
LINE
8
BLACK
6
CONTINUOUS
10
3.6318897637795273
20
-3.2224409448818898
11
3.6318897637795273
21
-3.1161417322834644
0
LINE
8
BLACK
6
CONTINUOUS
10
3.6318897637795273
20
-3.1161417322834644
11
3.7381889763779528
21
-3.1161417322834644
0
LINE
8
BLACK
6
CONTINUOUS
10
3.7381889763779528
20
-3.1161417322834644
11
3.7381889763779528
21
-3.2224409448818898
0
LINE
8
BLACK
6
CONTINUOUS
10
4.4468503937007871
20
-3.2224409448818898
11
4.340551181102362
21
-3.2224409448818898
0
LINE
8
BLACK
6
CONTINUOUS
10
4.340551181102362
20
-3.2224409448818898
11
4.340551181102362
21
-3.1161417322834644
0
LINE
8
BLACK
6
CONTINUOUS
10
4.340551181102362
20
-3.1161417322834644
11
4.4468503937007871
21
-3.1161417322834644
0
LINE
8
BLACK
6
CONTINUOUS
10
4.4468503937007871
20
-3.1161417322834644
11
4.4468503937007871
21
-3.2224409448818898
0
LINE
8
BLACK
6
CONTINUOUS
10
5.1555118110236222
20
-3.2224409448818898
11
5.0492125984251963
21
-3.2224409448818898
0
LINE
8
BLACK
6
CONTINUOUS
10
5.0492125984251963
20
-3.2224409448818898
11
5.0492125984251963
21
-3.1161417322834644
0
LINE
8
BLACK
6
CONTINUOUS
10
5.0492125984251963
20
-3.1161417322834644
11
5.1555118110236222
21
-3.1161417322834644
0
LINE
8
BLACK
6
CONTINUOUS
10
5.1555118110236222
20
-3.1161417322834644
11
5.1555118110236222
21
-3.2224409448818898
0
LINE
8
BLACK
6
CONTINUOUS
10
3.4557086614173227
20
-3.204724409448819
11
3.3316929133858268
21
-3.204724409448819
0
LINE
8
BLACK
6
CONTINUOUS
10
3.3316929133858268
20
-3.204724409448819
11
3.3316929133858268
21
-3.1181102362204722
0
LINE
8
BLACK
6
CONTINUOUS
10
3.3316929133858268
20
-3.1181102362204722
11
3.4557086614173227
21
-3.1181102362204722
0
LINE
8
BLACK
6
CONTINUOUS
10
3.4557086614173227
20
-3.1181102362204722
11
3.4557086614173227
21
-3.204724409448819
0
LINE
8
BLACK
6
CONTINUOUS
10
4.8730314960629917
20
-3.204724409448819
11
4.7490157480314963
21
-3.204724409448819
0
LINE
8
BLACK
6
CONTINUOUS
10
4.7490157480314963
20
-3.204724409448819
11
4.7490157480314963
21
-3.1181102362204722
0
LINE
8
BLACK
6
CONTINUOUS
10
4.7490157480314963
20
-3.1181102362204722
11
4.8730314960629917
21
-3.1181102362204722
0
LINE
8
BLACK
6
CONTINUOUS
10
4.8730314960629917
20
-3.1181102362204722
11
4.8730314960629917
21
-3.204724409448819
0
LINE
8
BLACK
6
CONTINUOUS
10
5.5816929133858268
20
-3.204724409448819
11
5.4576771653543306
21
-3.204724409448819
0
LINE
8
BLACK
6
CONTINUOUS
10
5.4576771653543306
20
-3.204724409448819
11
5.4576771653543306
21
-3.1181102362204722
0
LINE
8
BLACK
6
CONTINUOUS
10
5.4576771653543306
20
-3.1181102362204722
11
5.5816929133858268
21
-3.1181102362204722
0
LINE
8
BLACK
6
CONTINUOUS
10
5.5816929133858268
20
-3.1181102362204722
11
5.5816929133858268
21
-3.204724409448819
0
LINE
8
BLACK
6
CONTINUOUS
10
6.4240157480314961
20
-3.0307086614173229
11
6.2744094488188971
21
-3.0307086614173229
0
LINE
8
BLACK
6
CONTINUOUS
10
6.2744094488188971
20
-3.0307086614173229
11
6.2744094488188971
21
-2.9598425196850391
0
LINE
8
BLACK
6
CONTINUOUS
10
6.2744094488188971
20
-2.9598425196850391
11
6.4240157480314961
21
-2.9598425196850391
0
LINE
8
BLACK
6
CONTINUOUS
10
6.4240157480314961
20
-2.9598425196850391
11
6.4240157480314961
21
-3.0307086614173229
0
LINE
8
BLACK
6
CONTINUOUS
10
2.9887854724409446
20
-2.9207598818897638
11
2.9967174409448818
21
-2.923337125984252
0
LINE
8
BLACK
6
CONTINUOUS
10
2.9967174409448818
20
-2.923337125984252
11
3.0041485433070867
21
-2.9271234645669288
0
LINE
8
BLACK
6
CONTINUOUS
10
3.0041485433070867
20
-2.9271234645669288
11
3.0108958661417322
21
-2.9320256692913387
0
LINE
8
BLACK
6
CONTINUOUS
10
3.0108958661417322
20
-2.9320256692913387
11
3.0167932283464567
21
-2.9379230314960627
0
LINE
8
BLACK
6
CONTINUOUS
10
3.0167932283464567
20
-2.9379230314960627
11
3.0216954330708661
21
-2.9446703543307087
0
LINE
8
BLACK
6
CONTINUOUS
10
3.0216954330708661
20
-2.9446703543307087
11
3.0254817716535434
21
-2.9521014566929131
0
LINE
8
BLACK
6
CONTINUOUS
10
3.0254817716535434
20
-2.9521014566929131
11
3.0280590157480316
21
-2.9600334251968503
0
LINE
8
BLACK
6
CONTINUOUS
10
3.0280590157480316
20
-2.9600334251968503
11
3.0293637007874015
21
-2.9682708661417321
0
LINE
8
BLACK
6
CONTINUOUS
10
3.0293637007874015
20
-2.9682708661417321
11
3.0293637007874015
21
-2.9766110236220471
0
LINE
8
BLACK
6
CONTINUOUS
10
3.0293637007874015
20
-2.9766110236220471
11
3.0280590157480316
21
-2.9848484645669289
0
LINE
8
BLACK
6
CONTINUOUS
10
3.0280590157480316
20
-2.9848484645669289
11
3.0254817716535434
21
-2.9927804330708661
0
LINE
8
BLACK
6
CONTINUOUS
10
3.0254817716535434
20
-2.9927804330708661
11
3.0216954330708661
21
-3.000211535433071
0
LINE
8
BLACK
6
CONTINUOUS
10
3.0216954330708661
20
-3.000211535433071
11
3.0167932283464567
21
-3.0069588582677165
0
LINE
8
BLACK
6
CONTINUOUS
10
3.0167932283464567
20
-3.0069588582677165
11
3.0108958661417322
21
-3.0128562204724409
0
LINE
8
BLACK
6
CONTINUOUS
10
3.0108958661417322
20
-3.0128562204724409
11
3.0041485433070867
21
-3.0177584251968503
0
LINE
8
BLACK
6
CONTINUOUS
10
3.0041485433070867
20
-3.0177584251968503
11
2.9967174409448818
21
-3.0215447637795276
0
LINE
8
BLACK
6
CONTINUOUS
10
2.9967174409448818
20
-3.0215447637795276
11
2.9887854724409446
21
-3.0241220078740159
0
LINE
8
BLACK
6
CONTINUOUS
10
2.9887854724409446
20
-3.0241220078740159
11
2.9805480314960628
21
-3.0254266929133857
0
LINE
8
BLACK
6
CONTINUOUS
10
2.9805480314960628
20
-3.0254266929133857
11
2.9722078740157478
21
-3.0254266929133857
0
LINE
8
BLACK
6
CONTINUOUS
10
2.9722078740157478
20
-3.0254266929133857
11
2.9639704330708661
21
-3.0241220078740159
0
LINE
8
BLACK
6
CONTINUOUS
10
2.9639704330708661
20
-3.0241220078740159
11
2.9560384645669289
21
-3.0215447637795276
0
LINE
8
BLACK
6
CONTINUOUS
10
2.9560384645669289
20
-3.0215447637795276
11
2.9486073622047244
21
-3.0177584251968503
0
LINE
8
BLACK
6
CONTINUOUS
10
2.9486073622047244
20
-3.0177584251968503
11
2.9418600393700789
21
-3.0128562204724409
0
LINE
8
BLACK
6
CONTINUOUS
10
2.9418600393700789
20
-3.0128562204724409
11
2.9359626771653544
21
-3.0069588582677165
0
LINE
8
BLACK
6
CONTINUOUS
10
2.9359626771653544
20
-3.0069588582677165
11
2.931060472440945
21
-3.000211535433071
0
LINE
8
BLACK
6
CONTINUOUS
10
2.931060472440945
20
-3.000211535433071
11
2.9272741338582677
21
-2.9927804330708661
0
LINE
8
BLACK
6
CONTINUOUS
10
2.9272741338582677
20
-2.9927804330708661
11
2.9246968897637795
21
-2.9848484645669289
0
LINE
8
BLACK
6
CONTINUOUS
10
2.9246968897637795
20
-2.9848484645669289
11
2.9233922047244092
21
-2.9766110236220471
0
LINE
8
BLACK
6
CONTINUOUS
10
2.9233922047244092
20
-2.9766110236220471
11
2.9233922047244092
21
-2.9682708661417321
0
LINE
8
BLACK
6
CONTINUOUS
10
2.9233922047244092
20
-2.9682708661417321
11
2.9246968897637795
21
-2.9600334251968503
0
LINE
8
BLACK
6
CONTINUOUS
10
2.9246968897637795
20
-2.9600334251968503
11
2.9272741338582677
21
-2.9521014566929131
0
LINE
8
BLACK
6
CONTINUOUS
10
2.9272741338582677
20
-2.9521014566929131
11
2.931060472440945
21
-2.9446703543307087
0
LINE
8
BLACK
6
CONTINUOUS
10
2.931060472440945
20
-2.9446703543307087
11
2.9359626771653544
21
-2.9379230314960627
0
LINE
8
BLACK
6
CONTINUOUS
10
2.9359626771653544
20
-2.9379230314960627
11
2.9418600393700789
21
-2.9320256692913387
0
LINE
8
BLACK
6
CONTINUOUS
10
2.9418600393700789
20
-2.9320256692913387
11
2.9486073622047244
21
-2.9271234645669288
0
LINE
8
BLACK
6
CONTINUOUS
10
2.9486073622047244
20
-2.9271234645669288
11
2.9560384645669289
21
-2.923337125984252
0
LINE
8
BLACK
6
CONTINUOUS
10
2.9560384645669289
20
-2.923337125984252
11
2.9639704330708661
21
-2.9207598818897638
0
LINE
8
BLACK
6
CONTINUOUS
10
2.9639704330708661
20
-2.9207598818897638
11
2.9722078740157478
21
-2.9194551968503935
0
LINE
8
BLACK
6
CONTINUOUS
10
2.9722078740157478
20
-2.9194551968503935
11
2.9805480314960628
21
-2.9194551968503935
0
LINE
8
BLACK
6
CONTINUOUS
10
2.9805480314960628
20
-2.9194551968503935
11
2.9887854724409446
21
-2.9207598818897638
0
LINE
8
BLACK
6
CONTINUOUS
10
3.6974468897637793
20
-2.9207598818897638
11
3.7053788582677165
21
-2.923337125984252
0
LINE
8
BLACK
6
CONTINUOUS
10
3.7053788582677165
20
-2.923337125984252
11
3.712809960629921
21
-2.9271234645669288
0
LINE
8
BLACK
6
CONTINUOUS
10
3.712809960629921
20
-2.9271234645669288
11
3.7195572834645669
21
-2.9320256692913387
0
LINE
8
BLACK
6
CONTINUOUS
10
3.7195572834645669
20
-2.9320256692913387
11
3.7254546456692914
21
-2.9379230314960627
0
LINE
8
BLACK
6
CONTINUOUS
10
3.7254546456692914
20
-2.9379230314960627
11
3.7303568503937008
21
-2.9446703543307087
0
LINE
8
BLACK
6
CONTINUOUS
10
3.7303568503937008
20
-2.9446703543307087
11
3.7341431889763776
21
-2.9521014566929131
0
LINE
8
BLACK
6
CONTINUOUS
10
3.7341431889763776
20
-2.9521014566929131
11
3.7367204330708659
21
-2.9600334251968503
0
LINE
8
BLACK
6
CONTINUOUS
10
3.7367204330708659
20
-2.9600334251968503
11
3.7380251181102362
21
-2.9682708661417321
0
LINE
8
BLACK
6
CONTINUOUS
10
3.7380251181102362
20
-2.9682708661417321
11
3.7380251181102362
21
-2.9766110236220471
0
LINE
8
BLACK
6
CONTINUOUS
10
3.7380251181102362
20
-2.9766110236220471
11
3.7367204330708659
21
-2.9848484645669289
0
LINE
8
BLACK
6
CONTINUOUS
10
3.7367204330708659
20
-2.9848484645669289
11
3.7341431889763776
21
-2.9927804330708661
0
LINE
8
BLACK
6
CONTINUOUS
10
3.7341431889763776
20
-2.9927804330708661
11
3.7303568503937008
21
-3.000211535433071
0
LINE
8
BLACK
6
CONTINUOUS
10
3.7303568503937008
20
-3.000211535433071
11
3.7254546456692914
21
-3.0069588582677165
0
LINE
8
BLACK
6
CONTINUOUS
10
3.7254546456692914
20
-3.0069588582677165
11
3.7195572834645669
21
-3.0128562204724409
0
LINE
8
BLACK
6
CONTINUOUS
10
3.7195572834645669
20
-3.0128562204724409
11
3.712809960629921
21
-3.0177584251968503
0
LINE
8
BLACK
6
CONTINUOUS
10
3.712809960629921
20
-3.0177584251968503
11
3.7053788582677165
21
-3.0215447637795276
0
LINE
8
BLACK
6
CONTINUOUS
10
3.7053788582677165
20
-3.0215447637795276
11
3.6974468897637793
21
-3.0241220078740159
0
LINE
8
BLACK
6
CONTINUOUS
10
3.6974468897637793
20
-3.0241220078740159
11
3.6892094488188976
21
-3.0254266929133857
0
LINE
8
BLACK
6
CONTINUOUS
10
3.6892094488188976
20
-3.0254266929133857
11
3.6808692913385825
21
-3.0254266929133857
0
LINE
8
BLACK
6
CONTINUOUS
10
3.6808692913385825
20
-3.0254266929133857
11
3.6726318503937008
21
-3.0241220078740159
0
LINE
8
BLACK
6
CONTINUOUS
10
3.6726318503937008
20
-3.0241220078740159
11
3.6646998818897636
21
-3.0215447637795276
0
LINE
8
BLACK
6
CONTINUOUS
10
3.6646998818897636
20
-3.0215447637795276
11
3.6572687795275591
21
-3.0177584251968503
0
LINE
8
BLACK
6
CONTINUOUS
10
3.6572687795275591
20
-3.0177584251968503
11
3.6505214566929132
21
-3.0128562204724409
0
LINE
8
BLACK
6
CONTINUOUS
10
3.6505214566929132
20
-3.0128562204724409
11
3.6446240944881887
21
-3.0069588582677165
0
LINE
8
BLACK
6
CONTINUOUS
10
3.6446240944881887
20
-3.0069588582677165
11
3.6397218897637793
21
-3.000211535433071
0
LINE
8
BLACK
6
CONTINUOUS
10
3.6397218897637793
20
-3.000211535433071
11
3.6359355511811025
21
-2.9927804330708661
0
LINE
8
BLACK
6
CONTINUOUS
10
3.6359355511811025
20
-2.9927804330708661
11
3.6333583070866142
21
-2.9848484645669289
0
LINE
8
BLACK
6
CONTINUOUS
10
3.6333583070866142
20
-2.9848484645669289
11
3.6320536220472439
21
-2.9766110236220471
0
LINE
8
BLACK
6
CONTINUOUS
10
3.6320536220472439
20
-2.9766110236220471
11
3.6320536220472439
21
-2.9682708661417321
0
LINE
8
BLACK
6
CONTINUOUS
10
3.6320536220472439
20
-2.9682708661417321
11
3.6333583070866142
21
-2.9600334251968503
0
LINE
8
BLACK
6
CONTINUOUS
10
3.6333583070866142
20
-2.9600334251968503
11
3.6359355511811025
21
-2.9521014566929131
0
LINE
8
BLACK
6
CONTINUOUS
10
3.6359355511811025
20
-2.9521014566929131
11
3.6397218897637793
21
-2.9446703543307087
0
LINE
8
BLACK
6
CONTINUOUS
10
3.6397218897637793
20
-2.9446703543307087
11
3.6446240944881887
21
-2.9379230314960627
0
LINE
8
BLACK
6
CONTINUOUS
10
3.6446240944881887
20
-2.9379230314960627
11
3.6505214566929132
21
-2.9320256692913387
0
LINE
8
BLACK
6
CONTINUOUS
10
3.6505214566929132
20
-2.9320256692913387
11
3.6572687795275591
21
-2.9271234645669288
0
LINE
8
BLACK
6
CONTINUOUS
10
3.6572687795275591
20
-2.9271234645669288
11
3.6646998818897636
21
-2.923337125984252
0
LINE
8
BLACK
6
CONTINUOUS
10
3.6646998818897636
20
-2.923337125984252
11
3.6726318503937008
21
-2.9207598818897638
0
LINE
8
BLACK
6
CONTINUOUS
10
3.6726318503937008
20
-2.9207598818897638
11
3.6808692913385825
21
-2.9194551968503935
0
LINE
8
BLACK
6
CONTINUOUS
10
3.6808692913385825
20
-2.9194551968503935
11
3.6892094488188976
21
-2.9194551968503935
0
LINE
8
BLACK
6
CONTINUOUS
10
3.6892094488188976
20
-2.9194551968503935
11
3.6974468897637793
21
-2.9207598818897638
0
LINE
8
BLACK
6
CONTINUOUS
10
4.4061083070866145
20
-2.9207598818897638
11
4.4140402755905512
21
-2.923337125984252
0
LINE
8
BLACK
6
CONTINUOUS
10
4.4140402755905512
20
-2.923337125984252
11
4.4214713779527557
21
-2.9271234645669288
0
LINE
8
BLACK
6
CONTINUOUS
10
4.4214713779527557
20
-2.9271234645669288
11
4.4282187007874017
21
-2.9320256692913387
0
LINE
8
BLACK
6
CONTINUOUS
10
4.4282187007874017
20
-2.9320256692913387
11
4.4341160629921257
21
-2.9379230314960627
0
LINE
8
BLACK
6
CONTINUOUS
10
4.4341160629921257
20
-2.9379230314960627
11
4.4390182677165351
21
-2.9446703543307087
0
LINE
8
BLACK
6
CONTINUOUS
10
4.4390182677165351
20
-2.9446703543307087
11
4.4428046062992124
21
-2.9521014566929131
0
LINE
8
BLACK
6
CONTINUOUS
10
4.4428046062992124
20
-2.9521014566929131
11
4.4453818503937006
21
-2.9600334251968503
0
LINE
8
BLACK
6
CONTINUOUS
10
4.4453818503937006
20
-2.9600334251968503
11
4.4466865354330709
21
-2.9682708661417321
0
LINE
8
BLACK
6
CONTINUOUS
10
4.4466865354330709
20
-2.9682708661417321
11
4.4466865354330709
21
-2.9766110236220471
0
LINE
8
BLACK
6
CONTINUOUS
10
4.4466865354330709
20
-2.9766110236220471
11
4.4453818503937006
21
-2.9848484645669289
0
LINE
8
BLACK
6
CONTINUOUS
10
4.4453818503937006
20
-2.9848484645669289
11
4.4428046062992124
21
-2.9927804330708661
0
LINE
8
BLACK
6
CONTINUOUS
10
4.4428046062992124
20
-2.9927804330708661
11
4.4390182677165351
21
-3.000211535433071
0
LINE
8
BLACK
6
CONTINUOUS
10
4.4390182677165351
20
-3.000211535433071
11
4.4341160629921257
21
-3.0069588582677165
0
LINE
8
BLACK
6
CONTINUOUS
10
4.4341160629921257
20
-3.0069588582677165
11
4.4282187007874017
21
-3.0128562204724409
0
LINE
8
BLACK
6
CONTINUOUS
10
4.4282187007874017
20
-3.0128562204724409
11
4.4214713779527557
21
-3.0177584251968503
0
LINE
8
BLACK
6
CONTINUOUS
10
4.4214713779527557
20
-3.0177584251968503
11
4.4140402755905512
21
-3.0215447637795276
0
LINE
8
BLACK
6
CONTINUOUS
10
4.4140402755905512
20
-3.0215447637795276
11
4.4061083070866145
21
-3.0241220078740159
0
LINE
8
BLACK
6
CONTINUOUS
10
4.4061083070866145
20
-3.0241220078740159
11
4.3978708661417318
21
-3.0254266929133857
0
LINE
8
BLACK
6
CONTINUOUS
10
4.3978708661417318
20
-3.0254266929133857
11
4.3895307086614173
21
-3.0254266929133857
0
LINE
8
BLACK
6
CONTINUOUS
10
4.3895307086614173
20
-3.0254266929133857
11
4.3812932677165355
21
-3.0241220078740159
0
LINE
8
BLACK
6
CONTINUOUS
10
4.3812932677165355
20
-3.0241220078740159
11
4.3733612992125988
21
-3.0215447637795276
0
LINE
8
BLACK
6
CONTINUOUS
10
4.3733612992125988
20
-3.0215447637795276
11
4.3659301968503934
21
-3.0177584251968503
0
LINE
8
BLACK
6
CONTINUOUS
10
4.3659301968503934
20
-3.0177584251968503
11
4.3591828740157483
21
-3.0128562204724409
0
LINE
8
BLACK
6
CONTINUOUS
10
4.3591828740157483
20
-3.0128562204724409
11
4.3532855118110234
21
-3.0069588582677165
0
LINE
8
BLACK
6
CONTINUOUS
10
4.3532855118110234
20
-3.0069588582677165
11
4.348383307086614
21
-3.000211535433071
0
LINE
8
BLACK
6
CONTINUOUS
10
4.348383307086614
20
-3.000211535433071
11
4.3445969685039367
21
-2.9927804330708661
0
LINE
8
BLACK
6
CONTINUOUS
10
4.3445969685039367
20
-2.9927804330708661
11
4.3420197244094485
21
-2.9848484645669289
0
LINE
8
BLACK
6
CONTINUOUS
10
4.3420197244094485
20
-2.9848484645669289
11
4.3407150393700791
21
-2.9766110236220471
0
LINE
8
BLACK
6
CONTINUOUS
10
4.3407150393700791
20
-2.9766110236220471
11
4.3407150393700791
21
-2.9682708661417321
0
LINE
8
BLACK
6
CONTINUOUS
10
4.3407150393700791
20
-2.9682708661417321
11
4.3420197244094485
21
-2.9600334251968503
0
LINE
8
BLACK
6
CONTINUOUS
10
4.3420197244094485
20
-2.9600334251968503
11
4.3445969685039367
21
-2.9521014566929131
0
LINE
8
BLACK
6
CONTINUOUS
10
4.3445969685039367
20
-2.9521014566929131
11
4.348383307086614
21
-2.9446703543307087
0
LINE
8
BLACK
6
CONTINUOUS
10
4.348383307086614
20
-2.9446703543307087
11
4.3532855118110234
21
-2.9379230314960627
0
LINE
8
BLACK
6
CONTINUOUS
10
4.3532855118110234
20
-2.9379230314960627
11
4.3591828740157483
21
-2.9320256692913387
0
LINE
8
BLACK
6
CONTINUOUS
10
4.3591828740157483
20
-2.9320256692913387
11
4.3659301968503934
21
-2.9271234645669288
0
LINE
8
BLACK
6
CONTINUOUS
10
4.3659301968503934
20
-2.9271234645669288
11
4.3733612992125988
21
-2.923337125984252
0
LINE
8
BLACK
6
CONTINUOUS
10
4.3733612992125988
20
-2.923337125984252
11
4.3812932677165355
21
-2.9207598818897638
0
LINE
8
BLACK
6
CONTINUOUS
10
4.3812932677165355
20
-2.9207598818897638
11
4.3895307086614173
21
-2.9194551968503935
0
LINE
8
BLACK
6
CONTINUOUS
10
4.3895307086614173
20
-2.9194551968503935
11
4.3978708661417318
21
-2.9194551968503935
0
LINE
8
BLACK
6
CONTINUOUS
10
4.3978708661417318
20
-2.9194551968503935
11
4.4061083070866145
21
-2.9207598818897638
0
LINE
8
BLACK
6
CONTINUOUS
10
5.1147697244094488
20
-2.9207598818897638
11
5.1227016929133855
21
-2.923337125984252
0
LINE
8
BLACK
6
CONTINUOUS
10
5.1227016929133855
20
-2.923337125984252
11
5.1301327952755909
21
-2.9271234645669288
0
LINE
8
BLACK
6
CONTINUOUS
10
5.1301327952755909
20
-2.9271234645669288
11
5.1368801181102359
21
-2.9320256692913387
0
LINE
8
BLACK
6
CONTINUOUS
10
5.1368801181102359
20
-2.9320256692913387
11
5.1427774803149608
21
-2.9379230314960627
0
LINE
8
BLACK
6
CONTINUOUS
10
5.1427774803149608
20
-2.9379230314960627
11
5.1476796850393702
21
-2.9446703543307087
0
LINE
8
BLACK
6
CONTINUOUS
10
5.1476796850393702
20
-2.9446703543307087
11
5.1514660236220475
21
-2.9521014566929131
0
LINE
8
BLACK
6
CONTINUOUS
10
5.1514660236220475
20
-2.9521014566929131
11
5.1540432677165358
21
-2.9600334251968503
0
LINE
8
BLACK
6
CONTINUOUS
10
5.1540432677165358
20
-2.9600334251968503
11
5.1553479527559052
21
-2.9682708661417321
0
LINE
8
BLACK
6
CONTINUOUS
10
5.1553479527559052
20
-2.9682708661417321
11
5.1553479527559052
21
-2.9766110236220471
0
LINE
8
BLACK
6
CONTINUOUS
10
5.1553479527559052
20
-2.9766110236220471
11
5.1540432677165358
21
-2.9848484645669289
0
LINE
8
BLACK
6
CONTINUOUS
10
5.1540432677165358
20
-2.9848484645669289
11
5.1514660236220475
21
-2.9927804330708661
0
LINE
8
BLACK
6
CONTINUOUS
10
5.1514660236220475
20
-2.9927804330708661
11
5.1476796850393702
21
-3.000211535433071
0
LINE
8
BLACK
6
CONTINUOUS
10
5.1476796850393702
20
-3.000211535433071
11
5.1427774803149608
21
-3.0069588582677165
0
LINE
8
BLACK
6
CONTINUOUS
10
5.1427774803149608
20
-3.0069588582677165
11
5.1368801181102359
21
-3.0128562204724409
0
LINE
8
BLACK
6
CONTINUOUS
10
5.1368801181102359
20
-3.0128562204724409
11
5.1301327952755909
21
-3.0177584251968503
0
LINE
8
BLACK
6
CONTINUOUS
10
5.1301327952755909
20
-3.0177584251968503
11
5.1227016929133855
21
-3.0215447637795276
0
LINE
8
BLACK
6
CONTINUOUS
10
5.1227016929133855
20
-3.0215447637795276
11
5.1147697244094488
21
-3.0241220078740159
0
LINE
8
BLACK
6
CONTINUOUS
10
5.1147697244094488
20
-3.0241220078740159
11
5.106532283464567
21
-3.0254266929133857
0
LINE
8
BLACK
6
CONTINUOUS
10
5.106532283464567
20
-3.0254266929133857
11
5.0981921259842515
21
-3.0254266929133857
0
LINE
8
BLACK
6
CONTINUOUS
10
5.0981921259842515
20
-3.0254266929133857
11
5.0899546850393698
21
-3.0241220078740159
0
LINE
8
BLACK
6
CONTINUOUS
10
5.0899546850393698
20
-3.0241220078740159
11
5.082022716535433
21
-3.0215447637795276
0
LINE
8
BLACK
6
CONTINUOUS
10
5.082022716535433
20
-3.0215447637795276
11
5.0745916141732286
21
-3.0177584251968503
0
LINE
8
BLACK
6
CONTINUOUS
10
5.0745916141732286
20
-3.0177584251968503
11
5.0678442913385826
21
-3.0128562204724409
0
LINE
8
BLACK
6
CONTINUOUS
10
5.0678442913385826
20
-3.0128562204724409
11
5.0619469291338586
21
-3.0069588582677165
0
LINE
8
BLACK
6
CONTINUOUS
10
5.0619469291338586
20
-3.0069588582677165
11
5.0570447244094483
21
-3.000211535433071
0
LINE
8
BLACK
6
CONTINUOUS
10
5.0570447244094483
20
-3.000211535433071
11
5.0532583858267719
21
-2.9927804330708661
0
LINE
8
BLACK
6
CONTINUOUS
10
5.0532583858267719
20
-2.9927804330708661
11
5.0506811417322837
21
-2.9848484645669289
0
LINE
8
BLACK
6
CONTINUOUS
10
5.0506811417322837
20
-2.9848484645669289
11
5.0493764566929134
21
-2.9766110236220471
0
LINE
8
BLACK
6
CONTINUOUS
10
5.0493764566929134
20
-2.9766110236220471
11
5.0493764566929134
21
-2.9682708661417321
0
LINE
8
BLACK
6
CONTINUOUS
10
5.0493764566929134
20
-2.9682708661417321
11
5.0506811417322837
21
-2.9600334251968503
0
LINE
8
BLACK
6
CONTINUOUS
10
5.0506811417322837
20
-2.9600334251968503
11
5.0532583858267719
21
-2.9521014566929131
0
LINE
8
BLACK
6
CONTINUOUS
10
5.0532583858267719
20
-2.9521014566929131
11
5.0570447244094483
21
-2.9446703543307087
0
LINE
8
BLACK
6
CONTINUOUS
10
5.0570447244094483
20
-2.9446703543307087
11
5.0619469291338586
21
-2.9379230314960627
0
LINE
8
BLACK
6
CONTINUOUS
10
5.0619469291338586
20
-2.9379230314960627
11
5.0678442913385826
21
-2.9320256692913387
0
LINE
8
BLACK
6
CONTINUOUS
10
5.0678442913385826
20
-2.9320256692913387
11
5.0745916141732286
21
-2.9271234645669288
0
LINE
8
BLACK
6
CONTINUOUS
10
5.0745916141732286
20
-2.9271234645669288
11
5.082022716535433
21
-2.923337125984252
0
LINE
8
BLACK
6
CONTINUOUS
10
5.082022716535433
20
-2.923337125984252
11
5.0899546850393698
21
-2.9207598818897638
0
LINE
8
BLACK
6
CONTINUOUS
10
5.0899546850393698
20
-2.9207598818897638
11
5.0981921259842515
21
-2.9194551968503935
0
LINE
8
BLACK
6
CONTINUOUS
10
5.0981921259842515
20
-2.9194551968503935
11
5.106532283464567
21
-2.9194551968503935
0
LINE
8
BLACK
6
CONTINUOUS
10
5.106532283464567
20
-2.9194551968503935
11
5.1147697244094488
21
-2.9207598818897638
0
LINE
8
BLACK
6
CONTINUOUS
10
4.1417322834645667
20
-2.9724409448818898
11
4.015748031496063
21
-2.9724409448818898
0
LINE
8
BLACK
6
CONTINUOUS
10
4.015748031496063
20
-2.9724409448818898
11
4.015748031496063
21
-2.8700787401574801
0
LINE
8
BLACK
6
CONTINUOUS
10
4.015748031496063
20
-2.8700787401574801
11
4.1417322834645667
21
-2.8700787401574801
0
LINE
8
BLACK
6
CONTINUOUS
10
4.1417322834645667
20
-2.8700787401574801
11
4.1417322834645667
21
-2.9724409448818898
0
LINE
8
BLACK
6
CONTINUOUS
10
3.4557086614173227
20
-2.9291338582677167
11
3.3316929133858268
21
-2.9291338582677167
0
LINE
8
BLACK
6
CONTINUOUS
10
3.3316929133858268
20
-2.9291338582677167
11
3.3316929133858268
21
-2.8425196850393699
0
LINE
8
BLACK
6
CONTINUOUS
10
3.3316929133858268
20
-2.8425196850393699
11
3.4557086614173227
21
-2.8425196850393699
0
LINE
8
BLACK
6
CONTINUOUS
10
3.4557086614173227
20
-2.8425196850393699
11
3.4557086614173227
21
-2.9291338582677167
0
LINE
8
BLACK
6
CONTINUOUS
10
4.8730314960629917
20
-2.9291338582677167
11
4.7490157480314963
21
-2.9291338582677167
0
LINE
8
BLACK
6
CONTINUOUS
10
4.7490157480314963
20
-2.9291338582677167
11
4.7490157480314963
21
-2.8425196850393699
0
LINE
8
BLACK
6
CONTINUOUS
10
4.7490157480314963
20
-2.8425196850393699
11
4.8730314960629917
21
-2.8425196850393699
0
LINE
8
BLACK
6
CONTINUOUS
10
4.8730314960629917
20
-2.8425196850393699
11
4.8730314960629917
21
-2.9291338582677167
0
LINE
8
BLACK
6
CONTINUOUS
10
5.5816929133858268
20
-2.9291338582677167
11
5.4576771653543306
21
-2.9291338582677167
0
LINE
8
BLACK
6
CONTINUOUS
10
5.4576771653543306
20
-2.9291338582677167
11
5.4576771653543306
21
-2.8425196850393699
0
LINE
8
BLACK
6
CONTINUOUS
10
5.4576771653543306
20
-2.8425196850393699
11
5.5816929133858268
21
-2.8425196850393699
0
LINE
8
BLACK
6
CONTINUOUS
10
5.5816929133858268
20
-2.8425196850393699
11
5.5816929133858268
21
-2.9291338582677167
0
LINE
8
BLACK
6
CONTINUOUS
10
6.221259842519685
20
-2.9086614173228345
11
6.1070866141732285
21
-2.9086614173228345
0
LINE
8
BLACK
6
CONTINUOUS
10
6.1070866141732285
20
-2.9086614173228345
11
6.1070866141732285
21
-2.8771653543307085
0
LINE
8
BLACK
6
CONTINUOUS
10
6.1070866141732285
20
-2.8771653543307085
11
6.221259842519685
21
-2.8771653543307085
0
LINE
8
BLACK
6
CONTINUOUS
10
6.221259842519685
20
-2.8771653543307085
11
6.221259842519685
21
-2.9086614173228345
0
LINE
8
BLACK
6
CONTINUOUS
10
6.221259842519685
20
-2.8496062992125983
11
6.1070866141732285
21
-2.8496062992125983
0
LINE
8
BLACK
6
CONTINUOUS
10
6.1070866141732285
20
-2.8496062992125983
11
6.1070866141732285
21
-2.8181102362204724
0
LINE
8
BLACK
6
CONTINUOUS
10
6.1070866141732285
20
-2.8181102362204724
11
6.221259842519685
21
-2.8181102362204724
0
LINE
8
BLACK
6
CONTINUOUS
10
6.221259842519685
20
-2.8181102362204724
11
6.221259842519685
21
-2.8496062992125983
0
LINE
8
BLACK
6
CONTINUOUS
10
2.9742390157480316
20
-2.750749212598425
11
2.9774321653543305
21
-2.7528827952755903
0
LINE
8
BLACK
6
CONTINUOUS
10
2.9774321653543305
20
-2.7528827952755903
11
2.9795657480314959
21
-2.7560759448818897
0
LINE
8
BLACK
6
CONTINUOUS
10
2.9795657480314959
20
-2.7560759448818897
11
2.9803149606299213
21
-2.7598425196850394
0
LINE
8
BLACK
6
CONTINUOUS
10
2.9803149606299213
20
-2.7598425196850394
11
2.9803149606299213
21
-2.8021653543307088
0
LINE
8
BLACK
6
CONTINUOUS
10
2.9803149606299213
20
-2.8021653543307088
11
2.9795657480314959
21
-2.805931929133858
0
LINE
8
BLACK
6
CONTINUOUS
10
2.9795657480314959
20
-2.805931929133858
11
2.9774321653543305
21
-2.8091250787401574
0
LINE
8
BLACK
6
CONTINUOUS
10
2.9774321653543305
20
-2.8091250787401574
11
2.9742390157480316
21
-2.8112586614173227
0
LINE
8
BLACK
6
CONTINUOUS
10
2.9742390157480316
20
-2.8112586614173227
11
2.9704724409448819
21
-2.8120078740157481
0
LINE
8
BLACK
6
CONTINUOUS
10
2.9704724409448819
20
-2.8120078740157481
11
2.856299212598425
21
-2.8120078740157481
0
LINE
8
BLACK
6
CONTINUOUS
10
2.856299212598425
20
-2.8120078740157481
11
2.8525326377952753
21
-2.8112586614173227
0
LINE
8
BLACK
6
CONTINUOUS
10
2.8525326377952753
20
-2.8112586614173227
11
2.8493394881889764
21
-2.8091250787401574
0
LINE
8
BLACK
6
CONTINUOUS
10
2.8493394881889764
20
-2.8091250787401574
11
2.8472059055118111
21
-2.805931929133858
0
LINE
8
BLACK
6
CONTINUOUS
10
2.8472059055118111
20
-2.805931929133858
11
2.8464566929133857
21
-2.8021653543307088
0
LINE
8
BLACK
6
CONTINUOUS
10
2.8464566929133857
20
-2.8021653543307088
11
2.8464566929133857
21
-2.7598425196850394
0
LINE
8
BLACK
6
CONTINUOUS
10
2.8464566929133857
20
-2.7598425196850394
11
2.8472059055118111
21
-2.7560759448818897
0
LINE
8
BLACK
6
CONTINUOUS
10
2.8472059055118111
20
-2.7560759448818897
11
2.8493394881889764
21
-2.7528827952755903
0
LINE
8
BLACK
6
CONTINUOUS
10
2.8493394881889764
20
-2.7528827952755903
11
2.8525326377952753
21
-2.750749212598425
0
LINE
8
BLACK
6
CONTINUOUS
10
2.8525326377952753
20
-2.750749212598425
11
2.856299212598425
21
-2.75
0
LINE
8
BLACK
6
CONTINUOUS
10
2.856299212598425
20
-2.75
11
2.9704724409448819
21
-2.75
0
LINE
8
BLACK
6
CONTINUOUS
10
2.9704724409448819
20
-2.75
11
2.9742390157480316
21
-2.750749212598425
0
LINE
8
BLACK
6
CONTINUOUS
10
3.1317193307086613
20
-2.750749212598425
11
3.1349124803149606
21
-2.7528827952755903
0
LINE
8
BLACK
6
CONTINUOUS
10
3.1349124803149606
20
-2.7528827952755903
11
3.137046062992126
21
-2.7560759448818897
0
LINE
8
BLACK
6
CONTINUOUS
10
3.137046062992126
20
-2.7560759448818897
11
3.1377952755905509
21
-2.7598425196850394
0
LINE
8
BLACK
6
CONTINUOUS
10
3.1377952755905509
20
-2.7598425196850394
11
3.1377952755905509
21
-2.8021653543307088
0
LINE
8
BLACK
6
CONTINUOUS
10
3.1377952755905509
20
-2.8021653543307088
11
3.137046062992126
21
-2.805931929133858
0
LINE
8
BLACK
6
CONTINUOUS
10
3.137046062992126
20
-2.805931929133858
11
3.1349124803149606
21
-2.8091250787401574
0
LINE
8
BLACK
6
CONTINUOUS
10
3.1349124803149606
20
-2.8091250787401574
11
3.1317193307086613
21
-2.8112586614173227
0
LINE
8
BLACK
6
CONTINUOUS
10
3.1317193307086613
20
-2.8112586614173227
11
3.1279527559055116
21
-2.8120078740157481
0
LINE
8
BLACK
6
CONTINUOUS
10
3.1279527559055116
20
-2.8120078740157481
11
3.0137795275590551
21
-2.8120078740157481
0
LINE
8
BLACK
6
CONTINUOUS
10
3.0137795275590551
20
-2.8120078740157481
11
3.0100129527559054
21
-2.8112586614173227
0
LINE
8
BLACK
6
CONTINUOUS
10
3.0100129527559054
20
-2.8112586614173227
11
3.0068198031496061
21
-2.8091250787401574
0
LINE
8
BLACK
6
CONTINUOUS
10
3.0068198031496061
20
-2.8091250787401574
11
3.0046862204724407
21
-2.805931929133858
0
LINE
8
BLACK
6
CONTINUOUS
10
3.0046862204724407
20
-2.805931929133858
11
3.0039370078740157
21
-2.8021653543307088
0
LINE
8
BLACK
6
CONTINUOUS
10
3.0039370078740157
20
-2.8021653543307088
11
3.0039370078740157
21
-2.7598425196850394
0
LINE
8
BLACK
6
CONTINUOUS
10
3.0039370078740157
20
-2.7598425196850394
11
3.0046862204724407
21
-2.7560759448818897
0
LINE
8
BLACK
6
CONTINUOUS
10
3.0046862204724407
20
-2.7560759448818897
11
3.0068198031496061
21
-2.7528827952755903
0
LINE
8
BLACK
6
CONTINUOUS
10
3.0068198031496061
20
-2.7528827952755903
11
3.0100129527559054
21
-2.750749212598425
0
LINE
8
BLACK
6
CONTINUOUS
10
3.0100129527559054
20
-2.750749212598425
11
3.0137795275590551
21
-2.75
0
LINE
8
BLACK
6
CONTINUOUS
10
3.0137795275590551
20
-2.75
11
3.1279527559055116
21
-2.75
0
LINE
8
BLACK
6
CONTINUOUS
10
3.1279527559055116
20
-2.75
11
3.1317193307086613
21
-2.750749212598425
0
LINE
8
BLACK
6
CONTINUOUS
10
3.6829004330708659
20
-2.750749212598425
11
3.6860935826771652
21
-2.7528827952755903
0
LINE
8
BLACK
6
CONTINUOUS
10
3.6860935826771652
20
-2.7528827952755903
11
3.6882271653543306
21
-2.7560759448818897
0
LINE
8
BLACK
6
CONTINUOUS
10
3.6882271653543306
20
-2.7560759448818897
11
3.688976377952756
21
-2.7598425196850394
0
LINE
8
BLACK
6
CONTINUOUS
10
3.688976377952756
20
-2.7598425196850394
11
3.688976377952756
21
-2.8021653543307088
0
LINE
8
BLACK
6
CONTINUOUS
10
3.688976377952756
20
-2.8021653543307088
11
3.6882271653543306
21
-2.805931929133858
0
LINE
8
BLACK
6
CONTINUOUS
10
3.6882271653543306
20
-2.805931929133858
11
3.6860935826771652
21
-2.8091250787401574
0
LINE
8
BLACK
6
CONTINUOUS
10
3.6860935826771652
20
-2.8091250787401574
11
3.6829004330708659
21
-2.8112586614173227
0
LINE
8
BLACK
6
CONTINUOUS
10
3.6829004330708659
20
-2.8112586614173227
11
3.6791338582677167
21
-2.8120078740157481
0
LINE
8
BLACK
6
CONTINUOUS
10
3.6791338582677167
20
-2.8120078740157481
11
3.5649606299212597
21
-2.8120078740157481
0
LINE
8
BLACK
6
CONTINUOUS
10
3.5649606299212597
20
-2.8120078740157481
11
3.56119405511811
21
-2.8112586614173227
0
LINE
8
BLACK
6
CONTINUOUS
10
3.56119405511811
20
-2.8112586614173227
11
3.5580009055118111
21
-2.8091250787401574
0
LINE
8
BLACK
6
CONTINUOUS
10
3.5580009055118111
20
-2.8091250787401574
11
3.5558673228346458
21
-2.805931929133858
0
LINE
8
BLACK
6
CONTINUOUS
10
3.5558673228346458
20
-2.805931929133858
11
3.5551181102362204
21
-2.8021653543307088
0
LINE
8
BLACK
6
CONTINUOUS
10
3.5551181102362204
20
-2.8021653543307088
11
3.5551181102362204
21
-2.7598425196850394
0
LINE
8
BLACK
6
CONTINUOUS
10
3.5551181102362204
20
-2.7598425196850394
11
3.5558673228346458
21
-2.7560759448818897
0
LINE
8
BLACK
6
CONTINUOUS
10
3.5558673228346458
20
-2.7560759448818897
11
3.5580009055118111
21
-2.7528827952755903
0
LINE
8
BLACK
6
CONTINUOUS
10
3.5580009055118111
20
-2.7528827952755903
11
3.56119405511811
21
-2.750749212598425
0
LINE
8
BLACK
6
CONTINUOUS
10
3.56119405511811
20
-2.750749212598425
11
3.5649606299212597
21
-2.75
0
LINE
8
BLACK
6
CONTINUOUS
10
3.5649606299212597
20
-2.75
11
3.6791338582677167
21
-2.75
0
LINE
8
BLACK
6
CONTINUOUS
10
3.6791338582677167
20
-2.75
11
3.6829004330708659
21
-2.750749212598425
0
LINE
8
BLACK
6
CONTINUOUS
10
3.8364437401574802
20
-2.750749212598425
11
3.8396368897637796
21
-2.7528827952755903
0
LINE
8
BLACK
6
CONTINUOUS
10
3.8396368897637796
20
-2.7528827952755903
11
3.8417704724409449
21
-2.7560759448818897
0
LINE
8
BLACK
6
CONTINUOUS
10
3.8417704724409449
20
-2.7560759448818897
11
3.8425196850393699
21
-2.7598425196850394
0
LINE
8
BLACK
6
CONTINUOUS
10
3.8425196850393699
20
-2.7598425196850394
11
3.8425196850393699
21
-2.8021653543307088
0
LINE
8
BLACK
6
CONTINUOUS
10
3.8425196850393699
20
-2.8021653543307088
11
3.8417704724409449
21
-2.805931929133858
0
LINE
8
BLACK
6
CONTINUOUS
10
3.8417704724409449
20
-2.805931929133858
11
3.8396368897637796
21
-2.8091250787401574
0
LINE
8
BLACK
6
CONTINUOUS
10
3.8396368897637796
20
-2.8091250787401574
11
3.8364437401574802
21
-2.8112586614173227
0
LINE
8
BLACK
6
CONTINUOUS
10
3.8364437401574802
20
-2.8112586614173227
11
3.8326771653543306
21
-2.8120078740157481
0
LINE
8
BLACK
6
CONTINUOUS
10
3.8326771653543306
20
-2.8120078740157481
11
3.7185039370078741
21
-2.8120078740157481
0
LINE
8
BLACK
6
CONTINUOUS
10
3.7185039370078741
20
-2.8120078740157481
11
3.7147373622047244
21
-2.8112586614173227
0
LINE
8
BLACK
6
CONTINUOUS
10
3.7147373622047244
20
-2.8112586614173227
11
3.711544212598425
21
-2.8091250787401574
0
LINE
8
BLACK
6
CONTINUOUS
10
3.711544212598425
20
-2.8091250787401574
11
3.7094106299212597
21
-2.805931929133858
0
LINE
8
BLACK
6
CONTINUOUS
10
3.7094106299212597
20
-2.805931929133858
11
3.7086614173228347
21
-2.8021653543307088
0
LINE
8
BLACK
6
CONTINUOUS
10
3.7086614173228347
20
-2.8021653543307088
11
3.7086614173228347
21
-2.7598425196850394
0
LINE
8
BLACK
6
CONTINUOUS
10
3.7086614173228347
20
-2.7598425196850394
11
3.7094106299212597
21
-2.7560759448818897
0
LINE
8
BLACK
6
CONTINUOUS
10
3.7094106299212597
20
-2.7560759448818897
11
3.711544212598425
21
-2.7528827952755903
0
LINE
8
BLACK
6
CONTINUOUS
10
3.711544212598425
20
-2.7528827952755903
11
3.7147373622047244
21
-2.750749212598425
0
LINE
8
BLACK
6
CONTINUOUS
10
3.7147373622047244
20
-2.750749212598425
11
3.7185039370078741
21
-2.75
0
LINE
8
BLACK
6
CONTINUOUS
10
3.7185039370078741
20
-2.75
11
3.8326771653543306
21
-2.75
0
LINE
8
BLACK
6
CONTINUOUS
10
3.8326771653543306
20
-2.75
11
3.8364437401574802
21
-2.750749212598425
0
LINE
8
BLACK
6
CONTINUOUS
10
4.3718768110236219
20
-2.750749212598425
11
4.3750699606299213
21
-2.7528827952755903
0
LINE
8
BLACK
6
CONTINUOUS
10
4.3750699606299213
20
-2.7528827952755903
11
4.3772035433070862
21
-2.7560759448818897
0
LINE
8
BLACK
6
CONTINUOUS
10
4.3772035433070862
20
-2.7560759448818897
11
4.377952755905512
21
-2.7598425196850394
0
LINE
8
BLACK
6
CONTINUOUS
10
4.377952755905512
20
-2.7598425196850394
11
4.377952755905512
21
-2.8021653543307088
0
LINE
8
BLACK
6
CONTINUOUS
10
4.377952755905512
20
-2.8021653543307088
11
4.3772035433070862
21
-2.805931929133858
0
LINE
8
BLACK
6
CONTINUOUS
10
4.3772035433070862
20
-2.805931929133858
11
4.3750699606299213
21
-2.8091250787401574
0
LINE
8
BLACK
6
CONTINUOUS
10
4.3750699606299213
20
-2.8091250787401574
11
4.3718768110236219
21
-2.8112586614173227
0
LINE
8
BLACK
6
CONTINUOUS
10
4.3718768110236219
20
-2.8112586614173227
11
4.3681102362204722
21
-2.8120078740157481
0
LINE
8
BLACK
6
CONTINUOUS
10
4.3681102362204722
20
-2.8120078740157481
11
4.2539370078740157
21
-2.8120078740157481
0
LINE
8
BLACK
6
CONTINUOUS
10
4.2539370078740157
20
-2.8120078740157481
11
4.2501704330708661
21
-2.8112586614173227
0
LINE
8
BLACK
6
CONTINUOUS
10
4.2501704330708661
20
-2.8112586614173227
11
4.2469772834645667
21
-2.8091250787401574
0
LINE
8
BLACK
6
CONTINUOUS
10
4.2469772834645667
20
-2.8091250787401574
11
4.2448437007874018
21
-2.805931929133858
0
LINE
8
BLACK
6
CONTINUOUS
10
4.2448437007874018
20
-2.805931929133858
11
4.2440944881889759
21
-2.8021653543307088
0
LINE
8
BLACK
6
CONTINUOUS
10
4.2440944881889759
20
-2.8021653543307088
11
4.2440944881889759
21
-2.7598425196850394
0
LINE
8
BLACK
6
CONTINUOUS
10
4.2440944881889759
20
-2.7598425196850394
11
4.2448437007874018
21
-2.7560759448818897
0
LINE
8
BLACK
6
CONTINUOUS
10
4.2448437007874018
20
-2.7560759448818897
11
4.2469772834645667
21
-2.7528827952755903
0
LINE
8
BLACK
6
CONTINUOUS
10
4.2469772834645667
20
-2.7528827952755903
11
4.2501704330708661
21
-2.750749212598425
0
LINE
8
BLACK
6
CONTINUOUS
10
4.2501704330708661
20
-2.750749212598425
11
4.2539370078740157
21
-2.75
0
LINE
8
BLACK
6
CONTINUOUS
10
4.2539370078740157
20
-2.75
11
4.3681102362204722
21
-2.75
0
LINE
8
BLACK
6
CONTINUOUS
10
4.3681102362204722
20
-2.75
11
4.3718768110236219
21
-2.750749212598425
0
LINE
8
BLACK
6
CONTINUOUS
10
4.5293571259842516
20
-2.750749212598425
11
4.5325502755905509
21
-2.7528827952755903
0
LINE
8
BLACK
6
CONTINUOUS
10
4.5325502755905509
20
-2.7528827952755903
11
4.5346838582677167
21
-2.7560759448818897
0
LINE
8
BLACK
6
CONTINUOUS
10
4.5346838582677167
20
-2.7560759448818897
11
4.5354330708661417
21
-2.7598425196850394
0
LINE
8
BLACK
6
CONTINUOUS
10
4.5354330708661417
20
-2.7598425196850394
11
4.5354330708661417
21
-2.8021653543307088
0
LINE
8
BLACK
6
CONTINUOUS
10
4.5354330708661417
20
-2.8021653543307088
11
4.5346838582677167
21
-2.805931929133858
0
LINE
8
BLACK
6
CONTINUOUS
10
4.5346838582677167
20
-2.805931929133858
11
4.5325502755905509
21
-2.8091250787401574
0
LINE
8
BLACK
6
CONTINUOUS
10
4.5325502755905509
20
-2.8091250787401574
11
4.5293571259842516
21
-2.8112586614173227
0
LINE
8
BLACK
6
CONTINUOUS
10
4.5293571259842516
20
-2.8112586614173227
11
4.5255905511811019
21
-2.8120078740157481
0
LINE
8
BLACK
6
CONTINUOUS
10
4.5255905511811019
20
-2.8120078740157481
11
4.4114173228346454
21
-2.8120078740157481
0
LINE
8
BLACK
6
CONTINUOUS
10
4.4114173228346454
20
-2.8120078740157481
11
4.4076507480314957
21
-2.8112586614173227
0
LINE
8
BLACK
6
CONTINUOUS
10
4.4076507480314957
20
-2.8112586614173227
11
4.4044575984251964
21
-2.8091250787401574
0
LINE
8
BLACK
6
CONTINUOUS
10
4.4044575984251964
20
-2.8091250787401574
11
4.4023240157480314
21
-2.805931929133858
0
LINE
8
BLACK
6
CONTINUOUS
10
4.4023240157480314
20
-2.805931929133858
11
4.4015748031496065
21
-2.8021653543307088
0
LINE
8
BLACK
6
CONTINUOUS
10
4.4015748031496065
20
-2.8021653543307088
11
4.4015748031496065
21
-2.7598425196850394
0
LINE
8
BLACK
6
CONTINUOUS
10
4.4015748031496065
20
-2.7598425196850394
11
4.4023240157480314
21
-2.7560759448818897
0
LINE
8
BLACK
6
CONTINUOUS
10
4.4023240157480314
20
-2.7560759448818897
11
4.4044575984251964
21
-2.7528827952755903
0
LINE
8
BLACK
6
CONTINUOUS
10
4.4044575984251964
20
-2.7528827952755903
11
4.4076507480314957
21
-2.750749212598425
0
LINE
8
BLACK
6
CONTINUOUS
10
4.4076507480314957
20
-2.750749212598425
11
4.4114173228346454
21
-2.75
0
LINE
8
BLACK
6
CONTINUOUS
10
4.4114173228346454
20
-2.75
11
4.5255905511811019
21
-2.75
0
LINE
8
BLACK
6
CONTINUOUS
10
4.5255905511811019
20
-2.75
11
4.5293571259842516
21
-2.750749212598425
0
LINE
8
BLACK
6
CONTINUOUS
10
5.0805382283464562
20
-2.750749212598425
11
5.0837313779527555
21
-2.7528827952755903
0
LINE
8
BLACK
6
CONTINUOUS
10
5.0837313779527555
20
-2.7528827952755903
11
5.0858649606299213
21
-2.7560759448818897
0
LINE
8
BLACK
6
CONTINUOUS
10
5.0858649606299213
20
-2.7560759448818897
11
5.0866141732283463
21
-2.7598425196850394
0
LINE
8
BLACK
6
CONTINUOUS
10
5.0866141732283463
20
-2.7598425196850394
11
5.0866141732283463
21
-2.8021653543307088
0
LINE
8
BLACK
6
CONTINUOUS
10
5.0866141732283463
20
-2.8021653543307088
11
5.0858649606299213
21
-2.805931929133858
0
LINE
8
BLACK
6
CONTINUOUS
10
5.0858649606299213
20
-2.805931929133858
11
5.0837313779527555
21
-2.8091250787401574
0
LINE
8
BLACK
6
CONTINUOUS
10
5.0837313779527555
20
-2.8091250787401574
11
5.0805382283464562
21
-2.8112586614173227
0
LINE
8
BLACK
6
CONTINUOUS
10
5.0805382283464562
20
-2.8112586614173227
11
5.0767716535433074
21
-2.8120078740157481
0
LINE
8
BLACK
6
CONTINUOUS
10
5.0767716535433074
20
-2.8120078740157481
11
4.96259842519685
21
-2.8120078740157481
0
LINE
8
BLACK
6
CONTINUOUS
10
4.96259842519685
20
-2.8120078740157481
11
4.9588318503937003
21
-2.8112586614173227
0
LINE
8
BLACK
6
CONTINUOUS
10
4.9588318503937003
20
-2.8112586614173227
11
4.9556387007874019
21
-2.8091250787401574
0
LINE
8
BLACK
6
CONTINUOUS
10
4.9556387007874019
20
-2.8091250787401574
11
4.9535051181102361
21
-2.805931929133858
0
LINE
8
BLACK
6
CONTINUOUS
10
4.9535051181102361
20
-2.805931929133858
11
4.9527559055118111
21
-2.8021653543307088
0
LINE
8
BLACK
6
CONTINUOUS
10
4.9527559055118111
20
-2.8021653543307088
11
4.9527559055118111
21
-2.7598425196850394
0
LINE
8
BLACK
6
CONTINUOUS
10
4.9527559055118111
20
-2.7598425196850394
11
4.9535051181102361
21
-2.7560759448818897
0
LINE
8
BLACK
6
CONTINUOUS
10
4.9535051181102361
20
-2.7560759448818897
11
4.9556387007874019
21
-2.7528827952755903
0
LINE
8
BLACK
6
CONTINUOUS
10
4.9556387007874019
20
-2.7528827952755903
11
4.9588318503937003
21
-2.750749212598425
0
LINE
8
BLACK
6
CONTINUOUS
10
4.9588318503937003
20
-2.750749212598425
11
4.96259842519685
21
-2.75
0
LINE
8
BLACK
6
CONTINUOUS
10
4.96259842519685
20
-2.75
11
5.0767716535433074
21
-2.75
0
LINE
8
BLACK
6
CONTINUOUS
10
5.0767716535433074
20
-2.75
11
5.0805382283464562
21
-2.750749212598425
0
LINE
8
BLACK
6
CONTINUOUS
10
5.2380185433070867
20
-2.750749212598425
11
5.2412116929133861
21
-2.7528827952755903
0
LINE
8
BLACK
6
CONTINUOUS
10
5.2412116929133861
20
-2.7528827952755903
11
5.243345275590551
21
-2.7560759448818897
0
LINE
8
BLACK
6
CONTINUOUS
10
5.243345275590551
20
-2.7560759448818897
11
5.2440944881889759
21
-2.7598425196850394
0
LINE
8
BLACK
6
CONTINUOUS
10
5.2440944881889759
20
-2.7598425196850394
11
5.2440944881889759
21
-2.8021653543307088
0
LINE
8
BLACK
6
CONTINUOUS
10
5.2440944881889759
20
-2.8021653543307088
11
5.243345275590551
21
-2.805931929133858
0
LINE
8
BLACK
6
CONTINUOUS
10
5.243345275590551
20
-2.805931929133858
11
5.2412116929133861
21
-2.8091250787401574
0
LINE
8
BLACK
6
CONTINUOUS
10
5.2412116929133861
20
-2.8091250787401574
11
5.2380185433070867
21
-2.8112586614173227
0
LINE
8
BLACK
6
CONTINUOUS
10
5.2380185433070867
20
-2.8112586614173227
11
5.234251968503937
21
-2.8120078740157481
0
LINE
8
BLACK
6
CONTINUOUS
10
5.234251968503937
20
-2.8120078740157481
11
5.1200787401574805
21
-2.8120078740157481
0
LINE
8
BLACK
6
CONTINUOUS
10
5.1200787401574805
20
-2.8120078740157481
11
5.1163121653543309
21
-2.8112586614173227
0
LINE
8
BLACK
6
CONTINUOUS
10
5.1163121653543309
20
-2.8112586614173227
11
5.1131190157480315
21
-2.8091250787401574
0
LINE
8
BLACK
6
CONTINUOUS
10
5.1131190157480315
20
-2.8091250787401574
11
5.1109854330708657
21
-2.805931929133858
0
LINE
8
BLACK
6
CONTINUOUS
10
5.1109854330708657
20
-2.805931929133858
11
5.1102362204724407
21
-2.8021653543307088
0
LINE
8
BLACK
6
CONTINUOUS
10
5.1102362204724407
20
-2.8021653543307088
11
5.1102362204724407
21
-2.7598425196850394
0
LINE
8
BLACK
6
CONTINUOUS
10
5.1102362204724407
20
-2.7598425196850394
11
5.1109854330708657
21
-2.7560759448818897
0
LINE
8
BLACK
6
CONTINUOUS
10
5.1109854330708657
20
-2.7560759448818897
11
5.1131190157480315
21
-2.7528827952755903
0
LINE
8
BLACK
6
CONTINUOUS
10
5.1131190157480315
20
-2.7528827952755903
11
5.1163121653543309
21
-2.750749212598425
0
LINE
8
BLACK
6
CONTINUOUS
10
5.1163121653543309
20
-2.750749212598425
11
5.1200787401574805
21
-2.75
0
LINE
8
BLACK
6
CONTINUOUS
10
5.1200787401574805
20
-2.75
11
5.234251968503937
21
-2.75
0
LINE
8
BLACK
6
CONTINUOUS
10
5.234251968503937
20
-2.75
11
5.2380185433070867
21
-2.750749212598425
0
LINE
8
BLACK
6
CONTINUOUS
10
6.221259842519685
20
-2.7905511811023622
11
6.1070866141732285
21
-2.7905511811023622
0
LINE
8
BLACK
6
CONTINUOUS
10
6.1070866141732285
20
-2.7905511811023622
11
6.1070866141732285
21
-2.7590551181102363
0
LINE
8
BLACK
6
CONTINUOUS
10
6.1070866141732285
20
-2.7590551181102363
11
6.221259842519685
21
-2.7590551181102363
0
LINE
8
BLACK
6
CONTINUOUS
10
6.221259842519685
20
-2.7590551181102363
11
6.221259842519685
21
-2.7905511811023622
0
LINE
8
BLACK
6
CONTINUOUS
10
3.2440944881889764
20
-2.7539370078740157
11
3.1574803149606296
21
-2.7539370078740157
0
LINE
8
BLACK
6
CONTINUOUS
10
3.1574803149606296
20
-2.7539370078740157
11
3.1574803149606296
21
-2.6318897637795273
0
LINE
8
BLACK
6
CONTINUOUS
10
3.1574803149606296
20
-2.6318897637795273
11
3.2440944881889764
21
-2.6318897637795273
0
LINE
8
BLACK
6
CONTINUOUS
10
3.2440944881889764
20
-2.6318897637795273
11
3.2440944881889764
21
-2.7539370078740157
0
LINE
8
BLACK
6
CONTINUOUS
10
3.5196850393700787
20
-2.7539370078740157
11
3.4330708661417324
21
-2.7539370078740157
0
LINE
8
BLACK
6
CONTINUOUS
10
3.4330708661417324
20
-2.7539370078740157
11
3.4330708661417324
21
-2.6318897637795273
0
LINE
8
BLACK
6
CONTINUOUS
10
3.4330708661417324
20
-2.6318897637795273
11
3.5196850393700787
21
-2.6318897637795273
0
LINE
8
BLACK
6
CONTINUOUS
10
3.5196850393700787
20
-2.6318897637795273
11
3.5196850393700787
21
-2.7539370078740157
0
LINE
8
BLACK
6
CONTINUOUS
10
3.9488188976377954
20
-2.7539370078740157
11
3.8622047244094486
21
-2.7539370078740157
0
LINE
8
BLACK
6
CONTINUOUS
10
3.8622047244094486
20
-2.7539370078740157
11
3.8622047244094486
21
-2.6318897637795273
0
LINE
8
BLACK
6
CONTINUOUS
10
3.8622047244094486
20
-2.6318897637795273
11
3.9488188976377954
21
-2.6318897637795273
0
LINE
8
BLACK
6
CONTINUOUS
10
3.9488188976377954
20
-2.6318897637795273
11
3.9488188976377954
21
-2.7539370078740157
0
LINE
8
BLACK
6
CONTINUOUS
10
4.2244094488188972
20
-2.7539370078740157
11
4.1377952755905509
21
-2.7539370078740157
0
LINE
8
BLACK
6
CONTINUOUS
10
4.1377952755905509
20
-2.7539370078740157
11
4.1377952755905509
21
-2.6318897637795273
0
LINE
8
BLACK
6
CONTINUOUS
10
4.1377952755905509
20
-2.6318897637795273
11
4.2244094488188972
21
-2.6318897637795273
0
LINE
8
BLACK
6
CONTINUOUS
10
4.2244094488188972
20
-2.6318897637795273
11
4.2244094488188972
21
-2.7539370078740157
0
LINE
8
BLACK
6
CONTINUOUS
10
4.6535433070866139
20
-2.7539370078740157
11
4.5669291338582676
21
-2.7539370078740157
0
LINE
8
BLACK
6
CONTINUOUS
10
4.5669291338582676
20
-2.7539370078740157
11
4.5669291338582676
21
-2.6318897637795273
0
LINE
8
BLACK
6
CONTINUOUS
10
4.5669291338582676
20
-2.6318897637795273
11
4.6535433070866139
21
-2.6318897637795273
0
LINE
8
BLACK
6
CONTINUOUS
10
4.6535433070866139
20
-2.6318897637795273
11
4.6535433070866139
21
-2.7539370078740157
0
LINE
8
BLACK
6
CONTINUOUS
10
4.9291338582677167
20
-2.7539370078740157
11
4.8425196850393704
21
-2.7539370078740157
0
LINE
8
BLACK
6
CONTINUOUS
10
4.8425196850393704
20
-2.7539370078740157
11
4.8425196850393704
21
-2.6318897637795273
0
LINE
8
BLACK
6
CONTINUOUS
10
4.8425196850393704
20
-2.6318897637795273
11
4.9291338582677167
21
-2.6318897637795273
0
LINE
8
BLACK
6
CONTINUOUS
10
4.9291338582677167
20
-2.6318897637795273
11
4.9291338582677167
21
-2.7539370078740157
0
LINE
8
BLACK
6
CONTINUOUS
10
5.3622047244094491
20
-2.7539370078740157
11
5.2755905511811019
21
-2.7539370078740157
0
LINE
8
BLACK
6
CONTINUOUS
10
5.2755905511811019
20
-2.7539370078740157
11
5.2755905511811019
21
-2.6318897637795273
0
LINE
8
BLACK
6
CONTINUOUS
10
5.2755905511811019
20
-2.6318897637795273
11
5.3622047244094491
21
-2.6318897637795273
0
LINE
8
BLACK
6
CONTINUOUS
10
5.3622047244094491
20
-2.6318897637795273
11
5.3622047244094491
21
-2.7539370078740157
0
LINE
8
BLACK
6
CONTINUOUS
10
5.6377952755905509
20
-2.7539370078740157
11
5.5511811023622046
21
-2.7539370078740157
0
LINE
8
BLACK
6
CONTINUOUS
10
5.5511811023622046
20
-2.7539370078740157
11
5.5511811023622046
21
-2.6318897637795273
0
LINE
8
BLACK
6
CONTINUOUS
10
5.5511811023622046
20
-2.6318897637795273
11
5.6377952755905509
21
-2.6318897637795273
0
LINE
8
BLACK
6
CONTINUOUS
10
5.6377952755905509
20
-2.6318897637795273
11
5.6377952755905509
21
-2.7539370078740157
0
LINE
8
BLACK
6
CONTINUOUS
10
6.221259842519685
20
-2.7314960629921261
11
6.1070866141732285
21
-2.7314960629921261
0
LINE
8
BLACK
6
CONTINUOUS
10
6.1070866141732285
20
-2.7314960629921261
11
6.1070866141732285
21
-2.6999999999999997
0
LINE
8
BLACK
6
CONTINUOUS
10
6.1070866141732285
20
-2.6999999999999997
11
6.221259842519685
21
-2.6999999999999997
0
LINE
8
BLACK
6
CONTINUOUS
10
6.221259842519685
20
-2.6999999999999997
11
6.221259842519685
21
-2.7314960629921261
0
LINE
8
BLACK
6
CONTINUOUS
10
6.4240157480314961
20
-2.6488188976377951
11
6.2744094488188971
21
-2.6488188976377951
0
LINE
8
BLACK
6
CONTINUOUS
10
6.2744094488188971
20
-2.6488188976377951
11
6.2744094488188971
21
-2.5779527559055118
0
LINE
8
BLACK
6
CONTINUOUS
10
6.2744094488188971
20
-2.5779527559055118
11
6.4240157480314961
21
-2.5779527559055118
0
LINE
8
BLACK
6
CONTINUOUS
10
6.4240157480314961
20
-2.5779527559055118
11
6.4240157480314961
21
-2.6488188976377951
0
LINE
8
BLACK
6
CONTINUOUS
10
2.9742390157480316
20
-2.5824421259842518
11
2.9774321653543305
21
-2.5845757086614172
0
LINE
8
BLACK
6
CONTINUOUS
10
2.9774321653543305
20
-2.5845757086614172
11
2.9795657480314959
21
-2.5877688582677165
0
LINE
8
BLACK
6
CONTINUOUS
10
2.9795657480314959
20
-2.5877688582677165
11
2.9803149606299213
21
-2.5915354330708662
0
LINE
8
BLACK
6
CONTINUOUS
10
2.9803149606299213
20
-2.5915354330708662
11
2.9803149606299213
21
-2.6338582677165352
0
LINE
8
BLACK
6
CONTINUOUS
10
2.9803149606299213
20
-2.6338582677165352
11
2.9795657480314959
21
-2.6376248425196849
0
LINE
8
BLACK
6
CONTINUOUS
10
2.9795657480314959
20
-2.6376248425196849
11
2.9774321653543305
21
-2.6408179921259842
0
LINE
8
BLACK
6
CONTINUOUS
10
2.9774321653543305
20
-2.6408179921259842
11
2.9742390157480316
21
-2.6429515748031496
0
LINE
8
BLACK
6
CONTINUOUS
10
2.9742390157480316
20
-2.6429515748031496
11
2.9704724409448819
21
-2.6437007874015745
0
LINE
8
BLACK
6
CONTINUOUS
10
2.9704724409448819
20
-2.6437007874015745
11
2.856299212598425
21
-2.6437007874015745
0
LINE
8
BLACK
6
CONTINUOUS
10
2.856299212598425
20
-2.6437007874015745
11
2.8525326377952753
21
-2.6429515748031496
0
LINE
8
BLACK
6
CONTINUOUS
10
2.8525326377952753
20
-2.6429515748031496
11
2.8493394881889764
21
-2.6408179921259842
0
LINE
8
BLACK
6
CONTINUOUS
10
2.8493394881889764
20
-2.6408179921259842
11
2.8472059055118111
21
-2.6376248425196849
0
LINE
8
BLACK
6
CONTINUOUS
10
2.8472059055118111
20
-2.6376248425196849
11
2.8464566929133857
21
-2.6338582677165352
0
LINE
8
BLACK
6
CONTINUOUS
10
2.8464566929133857
20
-2.6338582677165352
11
2.8464566929133857
21
-2.5915354330708662
0
LINE
8
BLACK
6
CONTINUOUS
10
2.8464566929133857
20
-2.5915354330708662
11
2.8472059055118111
21
-2.5877688582677165
0
LINE
8
BLACK
6
CONTINUOUS
10
2.8472059055118111
20
-2.5877688582677165
11
2.8493394881889764
21
-2.5845757086614172
0
LINE
8
BLACK
6
CONTINUOUS
10
2.8493394881889764
20
-2.5845757086614172
11
2.8525326377952753
21
-2.5824421259842518
0
LINE
8
BLACK
6
CONTINUOUS
10
2.8525326377952753
20
-2.5824421259842518
11
2.856299212598425
21
-2.5816929133858268
0
LINE
8
BLACK
6
CONTINUOUS
10
2.856299212598425
20
-2.5816929133858268
11
2.9704724409448819
21
-2.5816929133858268
0
LINE
8
BLACK
6
CONTINUOUS
10
2.9704724409448819
20
-2.5816929133858268
11
2.9742390157480316
21
-2.5824421259842518
0
LINE
8
BLACK
6
CONTINUOUS
10
3.1317193307086613
20
-2.5824421259842518
11
3.1349124803149606
21
-2.5845757086614172
0
LINE
8
BLACK
6
CONTINUOUS
10
3.1349124803149606
20
-2.5845757086614172
11
3.137046062992126
21
-2.5877688582677165
0
LINE
8
BLACK
6
CONTINUOUS
10
3.137046062992126
20
-2.5877688582677165
11
3.1377952755905509
21
-2.5915354330708662
0
LINE
8
BLACK
6
CONTINUOUS
10
3.1377952755905509
20
-2.5915354330708662
11
3.1377952755905509
21
-2.6338582677165352
0
LINE
8
BLACK
6
CONTINUOUS
10
3.1377952755905509
20
-2.6338582677165352
11
3.137046062992126
21
-2.6376248425196849
0
LINE
8
BLACK
6
CONTINUOUS
10
3.137046062992126
20
-2.6376248425196849
11
3.1349124803149606
21
-2.6408179921259842
0
LINE
8
BLACK
6
CONTINUOUS
10
3.1349124803149606
20
-2.6408179921259842
11
3.1317193307086613
21
-2.6429515748031496
0
LINE
8
BLACK
6
CONTINUOUS
10
3.1317193307086613
20
-2.6429515748031496
11
3.1279527559055116
21
-2.6437007874015745
0
LINE
8
BLACK
6
CONTINUOUS
10
3.1279527559055116
20
-2.6437007874015745
11
3.0137795275590551
21
-2.6437007874015745
0
LINE
8
BLACK
6
CONTINUOUS
10
3.0137795275590551
20
-2.6437007874015745
11
3.0100129527559054
21
-2.6429515748031496
0
LINE
8
BLACK
6
CONTINUOUS
10
3.0100129527559054
20
-2.6429515748031496
11
3.0068198031496061
21
-2.6408179921259842
0
LINE
8
BLACK
6
CONTINUOUS
10
3.0068198031496061
20
-2.6408179921259842
11
3.0046862204724407
21
-2.6376248425196849
0
LINE
8
BLACK
6
CONTINUOUS
10
3.0046862204724407
20
-2.6376248425196849
11
3.0039370078740157
21
-2.6338582677165352
0
LINE
8
BLACK
6
CONTINUOUS
10
3.0039370078740157
20
-2.6338582677165352
11
3.0039370078740157
21
-2.5915354330708662
0
LINE
8
BLACK
6
CONTINUOUS
10
3.0039370078740157
20
-2.5915354330708662
11
3.0046862204724407
21
-2.5877688582677165
0
LINE
8
BLACK
6
CONTINUOUS
10
3.0046862204724407
20
-2.5877688582677165
11
3.0068198031496061
21
-2.5845757086614172
0
LINE
8
BLACK
6
CONTINUOUS
10
3.0068198031496061
20
-2.5845757086614172
11
3.0100129527559054
21
-2.5824421259842518
0
LINE
8
BLACK
6
CONTINUOUS
10
3.0100129527559054
20
-2.5824421259842518
11
3.0137795275590551
21
-2.5816929133858268
0
LINE
8
BLACK
6
CONTINUOUS
10
3.0137795275590551
20
-2.5816929133858268
11
3.1279527559055116
21
-2.5816929133858268
0
LINE
8
BLACK
6
CONTINUOUS
10
3.1279527559055116
20
-2.5816929133858268
11
3.1317193307086613
21
-2.5824421259842518
0
LINE
8
BLACK
6
CONTINUOUS
10
3.6829004330708659
20
-2.5824421259842518
11
3.6860935826771652
21
-2.5845757086614172
0
LINE
8
BLACK
6
CONTINUOUS
10
3.6860935826771652
20
-2.5845757086614172
11
3.6882271653543306
21
-2.5877688582677165
0
LINE
8
BLACK
6
CONTINUOUS
10
3.6882271653543306
20
-2.5877688582677165
11
3.688976377952756
21
-2.5915354330708662
0
LINE
8
BLACK
6
CONTINUOUS
10
3.688976377952756
20
-2.5915354330708662
11
3.688976377952756
21
-2.6338582677165352
0
LINE
8
BLACK
6
CONTINUOUS
10
3.688976377952756
20
-2.6338582677165352
11
3.6882271653543306
21
-2.6376248425196849
0
LINE
8
BLACK
6
CONTINUOUS
10
3.6882271653543306
20
-2.6376248425196849
11
3.6860935826771652
21
-2.6408179921259842
0
LINE
8
BLACK
6
CONTINUOUS
10
3.6860935826771652
20
-2.6408179921259842
11
3.6829004330708659
21
-2.6429515748031496
0
LINE
8
BLACK
6
CONTINUOUS
10
3.6829004330708659
20
-2.6429515748031496
11
3.6791338582677167
21
-2.6437007874015745
0
LINE
8
BLACK
6
CONTINUOUS
10
3.6791338582677167
20
-2.6437007874015745
11
3.5649606299212597
21
-2.6437007874015745
0
LINE
8
BLACK
6
CONTINUOUS
10
3.5649606299212597
20
-2.6437007874015745
11
3.56119405511811
21
-2.6429515748031496
0
LINE
8
BLACK
6
CONTINUOUS
10
3.56119405511811
20
-2.6429515748031496
11
3.5580009055118111
21
-2.6408179921259842
0
LINE
8
BLACK
6
CONTINUOUS
10
3.5580009055118111
20
-2.6408179921259842
11
3.5558673228346458
21
-2.6376248425196849
0
LINE
8
BLACK
6
CONTINUOUS
10
3.5558673228346458
20
-2.6376248425196849
11
3.5551181102362204
21
-2.6338582677165352
0
LINE
8
BLACK
6
CONTINUOUS
10
3.5551181102362204
20
-2.6338582677165352
11
3.5551181102362204
21
-2.5915354330708662
0
LINE
8
BLACK
6
CONTINUOUS
10
3.5551181102362204
20
-2.5915354330708662
11
3.5558673228346458
21
-2.5877688582677165
0
LINE
8
BLACK
6
CONTINUOUS
10
3.5558673228346458
20
-2.5877688582677165
11
3.5580009055118111
21
-2.5845757086614172
0
LINE
8
BLACK
6
CONTINUOUS
10
3.5580009055118111
20
-2.5845757086614172
11
3.56119405511811
21
-2.5824421259842518
0
LINE
8
BLACK
6
CONTINUOUS
10
3.56119405511811
20
-2.5824421259842518
11
3.5649606299212597
21
-2.5816929133858268
0
LINE
8
BLACK
6
CONTINUOUS
10
3.5649606299212597
20
-2.5816929133858268
11
3.6791338582677167
21
-2.5816929133858268
0
LINE
8
BLACK
6
CONTINUOUS
10
3.6791338582677167
20
-2.5816929133858268
11
3.6829004330708659
21
-2.5824421259842518
0
LINE
8
BLACK
6
CONTINUOUS
10
3.8364437401574802
20
-2.5824421259842518
11
3.8396368897637796
21
-2.5845757086614172
0
LINE
8
BLACK
6
CONTINUOUS
10
3.8396368897637796
20
-2.5845757086614172
11
3.8417704724409449
21
-2.5877688582677165
0
LINE
8
BLACK
6
CONTINUOUS
10
3.8417704724409449
20
-2.5877688582677165
11
3.8425196850393699
21
-2.5915354330708662
0
LINE
8
BLACK
6
CONTINUOUS
10
3.8425196850393699
20
-2.5915354330708662
11
3.8425196850393699
21
-2.6338582677165352
0
LINE
8
BLACK
6
CONTINUOUS
10
3.8425196850393699
20
-2.6338582677165352
11
3.8417704724409449
21
-2.6376248425196849
0
LINE
8
BLACK
6
CONTINUOUS
10
3.8417704724409449
20
-2.6376248425196849
11
3.8396368897637796
21
-2.6408179921259842
0
LINE
8
BLACK
6
CONTINUOUS
10
3.8396368897637796
20
-2.6408179921259842
11
3.8364437401574802
21
-2.6429515748031496
0
LINE
8
BLACK
6
CONTINUOUS
10
3.8364437401574802
20
-2.6429515748031496
11
3.8326771653543306
21
-2.6437007874015745
0
LINE
8
BLACK
6
CONTINUOUS
10
3.8326771653543306
20
-2.6437007874015745
11
3.7185039370078741
21
-2.6437007874015745
0
LINE
8
BLACK
6
CONTINUOUS
10
3.7185039370078741
20
-2.6437007874015745
11
3.7147373622047244
21
-2.6429515748031496
0
LINE
8
BLACK
6
CONTINUOUS
10
3.7147373622047244
20
-2.6429515748031496
11
3.711544212598425
21
-2.6408179921259842
0
LINE
8
BLACK
6
CONTINUOUS
10
3.711544212598425
20
-2.6408179921259842
11
3.7094106299212597
21
-2.6376248425196849
0
LINE
8
BLACK
6
CONTINUOUS
10
3.7094106299212597
20
-2.6376248425196849
11
3.7086614173228347
21
-2.6338582677165352
0
LINE
8
BLACK
6
CONTINUOUS
10
3.7086614173228347
20
-2.6338582677165352
11
3.7086614173228347
21
-2.5915354330708662
0
LINE
8
BLACK
6
CONTINUOUS
10
3.7086614173228347
20
-2.5915354330708662
11
3.7094106299212597
21
-2.5877688582677165
0
LINE
8
BLACK
6
CONTINUOUS
10
3.7094106299212597
20
-2.5877688582677165
11
3.711544212598425
21
-2.5845757086614172
0
LINE
8
BLACK
6
CONTINUOUS
10
3.711544212598425
20
-2.5845757086614172
11
3.7147373622047244
21
-2.5824421259842518
0
LINE
8
BLACK
6
CONTINUOUS
10
3.7147373622047244
20
-2.5824421259842518
11
3.7185039370078741
21
-2.5816929133858268
0
LINE
8
BLACK
6
CONTINUOUS
10
3.7185039370078741
20
-2.5816929133858268
11
3.8326771653543306
21
-2.5816929133858268
0
LINE
8
BLACK
6
CONTINUOUS
10
3.8326771653543306
20
-2.5816929133858268
11
3.8364437401574802
21
-2.5824421259842518
0
LINE
8
BLACK
6
CONTINUOUS
10
4.3718768110236219
20
-2.5824421259842518
11
4.3750699606299213
21
-2.5845757086614172
0
LINE
8
BLACK
6
CONTINUOUS
10
4.3750699606299213
20
-2.5845757086614172
11
4.3772035433070862
21
-2.5877688582677165
0
LINE
8
BLACK
6
CONTINUOUS
10
4.3772035433070862
20
-2.5877688582677165
11
4.377952755905512
21
-2.5915354330708662
0
LINE
8
BLACK
6
CONTINUOUS
10
4.377952755905512
20
-2.5915354330708662
11
4.377952755905512
21
-2.6338582677165352
0
LINE
8
BLACK
6
CONTINUOUS
10
4.377952755905512
20
-2.6338582677165352
11
4.3772035433070862
21
-2.6376248425196849
0
LINE
8
BLACK
6
CONTINUOUS
10
4.3772035433070862
20
-2.6376248425196849
11
4.3750699606299213
21
-2.6408179921259842
0
LINE
8
BLACK
6
CONTINUOUS
10
4.3750699606299213
20
-2.6408179921259842
11
4.3718768110236219
21
-2.6429515748031496
0
LINE
8
BLACK
6
CONTINUOUS
10
4.3718768110236219
20
-2.6429515748031496
11
4.3681102362204722
21
-2.6437007874015745
0
LINE
8
BLACK
6
CONTINUOUS
10
4.3681102362204722
20
-2.6437007874015745
11
4.2539370078740157
21
-2.6437007874015745
0
LINE
8
BLACK
6
CONTINUOUS
10
4.2539370078740157
20
-2.6437007874015745
11
4.2501704330708661
21
-2.6429515748031496
0
LINE
8
BLACK
6
CONTINUOUS
10
4.2501704330708661
20
-2.6429515748031496
11
4.2469772834645667
21
-2.6408179921259842
0
LINE
8
BLACK
6
CONTINUOUS
10
4.2469772834645667
20
-2.6408179921259842
11
4.2448437007874018
21
-2.6376248425196849
0
LINE
8
BLACK
6
CONTINUOUS
10
4.2448437007874018
20
-2.6376248425196849
11
4.2440944881889759
21
-2.6338582677165352
0
LINE
8
BLACK
6
CONTINUOUS
10
4.2440944881889759
20
-2.6338582677165352
11
4.2440944881889759
21
-2.5915354330708662
0
LINE
8
BLACK
6
CONTINUOUS
10
4.2440944881889759
20
-2.5915354330708662
11
4.2448437007874018
21
-2.5877688582677165
0
LINE
8
BLACK
6
CONTINUOUS
10
4.2448437007874018
20
-2.5877688582677165
11
4.2469772834645667
21
-2.5845757086614172
0
LINE
8
BLACK
6
CONTINUOUS
10
4.2469772834645667
20
-2.5845757086614172
11
4.2501704330708661
21
-2.5824421259842518
0
LINE
8
BLACK
6
CONTINUOUS
10
4.2501704330708661
20
-2.5824421259842518
11
4.2539370078740157
21
-2.5816929133858268
0
LINE
8
BLACK
6
CONTINUOUS
10
4.2539370078740157
20
-2.5816929133858268
11
4.3681102362204722
21
-2.5816929133858268
0
LINE
8
BLACK
6
CONTINUOUS
10
4.3681102362204722
20
-2.5816929133858268
11
4.3718768110236219
21
-2.5824421259842518
0
LINE
8
BLACK
6
CONTINUOUS
10
4.5293571259842516
20
-2.5824421259842518
11
4.5325502755905509
21
-2.5845757086614172
0
LINE
8
BLACK
6
CONTINUOUS
10
4.5325502755905509
20
-2.5845757086614172
11
4.5346838582677167
21
-2.5877688582677165
0
LINE
8
BLACK
6
CONTINUOUS
10
4.5346838582677167
20
-2.5877688582677165
11
4.5354330708661417
21
-2.5915354330708662
0
LINE
8
BLACK
6
CONTINUOUS
10
4.5354330708661417
20
-2.5915354330708662
11
4.5354330708661417
21
-2.6338582677165352
0
LINE
8
BLACK
6
CONTINUOUS
10
4.5354330708661417
20
-2.6338582677165352
11
4.5346838582677167
21
-2.6376248425196849
0
LINE
8
BLACK
6
CONTINUOUS
10
4.5346838582677167
20
-2.6376248425196849
11
4.5325502755905509
21
-2.6408179921259842
0
LINE
8
BLACK
6
CONTINUOUS
10
4.5325502755905509
20
-2.6408179921259842
11
4.5293571259842516
21
-2.6429515748031496
0
LINE
8
BLACK
6
CONTINUOUS
10
4.5293571259842516
20
-2.6429515748031496
11
4.5255905511811019
21
-2.6437007874015745
0
LINE
8
BLACK
6
CONTINUOUS
10
4.5255905511811019
20
-2.6437007874015745
11
4.4114173228346454
21
-2.6437007874015745
0
LINE
8
BLACK
6
CONTINUOUS
10
4.4114173228346454
20
-2.6437007874015745
11
4.4076507480314957
21
-2.6429515748031496
0
LINE
8
BLACK
6
CONTINUOUS
10
4.4076507480314957
20
-2.6429515748031496
11
4.4044575984251964
21
-2.6408179921259842
0
LINE
8
BLACK
6
CONTINUOUS
10
4.4044575984251964
20
-2.6408179921259842
11
4.4023240157480314
21
-2.6376248425196849
0
LINE
8
BLACK
6
CONTINUOUS
10
4.4023240157480314
20
-2.6376248425196849
11
4.4015748031496065
21
-2.6338582677165352
0
LINE
8
BLACK
6
CONTINUOUS
10
4.4015748031496065
20
-2.6338582677165352
11
4.4015748031496065
21
-2.5915354330708662
0
LINE
8
BLACK
6
CONTINUOUS
10
4.4015748031496065
20
-2.5915354330708662
11
4.4023240157480314
21
-2.5877688582677165
0
LINE
8
BLACK
6
CONTINUOUS
10
4.4023240157480314
20
-2.5877688582677165
11
4.4044575984251964
21
-2.5845757086614172
0
LINE
8
BLACK
6
CONTINUOUS
10
4.4044575984251964
20
-2.5845757086614172
11
4.4076507480314957
21
-2.5824421259842518
0
LINE
8
BLACK
6
CONTINUOUS
10
4.4076507480314957
20
-2.5824421259842518
11
4.4114173228346454
21
-2.5816929133858268
0
LINE
8
BLACK
6
CONTINUOUS
10
4.4114173228346454
20
-2.5816929133858268
11
4.5255905511811019
21
-2.5816929133858268
0
LINE
8
BLACK
6
CONTINUOUS
10
4.5255905511811019
20
-2.5816929133858268
11
4.5293571259842516
21
-2.5824421259842518
0
LINE
8
BLACK
6
CONTINUOUS
10
5.0805382283464562
20
-2.5824421259842518
11
5.0837313779527555
21
-2.5845757086614172
0
LINE
8
BLACK
6
CONTINUOUS
10
5.0837313779527555
20
-2.5845757086614172
11
5.0858649606299213
21
-2.5877688582677165
0
LINE
8
BLACK
6
CONTINUOUS
10
5.0858649606299213
20
-2.5877688582677165
11
5.0866141732283463
21
-2.5915354330708662
0
LINE
8
BLACK
6
CONTINUOUS
10
5.0866141732283463
20
-2.5915354330708662
11
5.0866141732283463
21
-2.6338582677165352
0
LINE
8
BLACK
6
CONTINUOUS
10
5.0866141732283463
20
-2.6338582677165352
11
5.0858649606299213
21
-2.6376248425196849
0
LINE
8
BLACK
6
CONTINUOUS
10
5.0858649606299213
20
-2.6376248425196849
11
5.0837313779527555
21
-2.6408179921259842
0
LINE
8
BLACK
6
CONTINUOUS
10
5.0837313779527555
20
-2.6408179921259842
11
5.0805382283464562
21
-2.6429515748031496
0
LINE
8
BLACK
6
CONTINUOUS
10
5.0805382283464562
20
-2.6429515748031496
11
5.0767716535433074
21
-2.6437007874015745
0
LINE
8
BLACK
6
CONTINUOUS
10
5.0767716535433074
20
-2.6437007874015745
11
4.96259842519685
21
-2.6437007874015745
0
LINE
8
BLACK
6
CONTINUOUS
10
4.96259842519685
20
-2.6437007874015745
11
4.9588318503937003
21
-2.6429515748031496
0
LINE
8
BLACK
6
CONTINUOUS
10
4.9588318503937003
20
-2.6429515748031496
11
4.9556387007874019
21
-2.6408179921259842
0
LINE
8
BLACK
6
CONTINUOUS
10
4.9556387007874019
20
-2.6408179921259842
11
4.9535051181102361
21
-2.6376248425196849
0
LINE
8
BLACK
6
CONTINUOUS
10
4.9535051181102361
20
-2.6376248425196849
11
4.9527559055118111
21
-2.6338582677165352
0
LINE
8
BLACK
6
CONTINUOUS
10
4.9527559055118111
20
-2.6338582677165352
11
4.9527559055118111
21
-2.5915354330708662
0
LINE
8
BLACK
6
CONTINUOUS
10
4.9527559055118111
20
-2.5915354330708662
11
4.9535051181102361
21
-2.5877688582677165
0
LINE
8
BLACK
6
CONTINUOUS
10
4.9535051181102361
20
-2.5877688582677165
11
4.9556387007874019
21
-2.5845757086614172
0
LINE
8
BLACK
6
CONTINUOUS
10
4.9556387007874019
20
-2.5845757086614172
11
4.9588318503937003
21
-2.5824421259842518
0
LINE
8
BLACK
6
CONTINUOUS
10
4.9588318503937003
20
-2.5824421259842518
11
4.96259842519685
21
-2.5816929133858268
0
LINE
8
BLACK
6
CONTINUOUS
10
4.96259842519685
20
-2.5816929133858268
11
5.0767716535433074
21
-2.5816929133858268
0
LINE
8
BLACK
6
CONTINUOUS
10
5.0767716535433074
20
-2.5816929133858268
11
5.0805382283464562
21
-2.5824421259842518
0
LINE
8
BLACK
6
CONTINUOUS
10
5.2380185433070867
20
-2.5824421259842518
11
5.2412116929133861
21
-2.5845757086614172
0
LINE
8
BLACK
6
CONTINUOUS
10
5.2412116929133861
20
-2.5845757086614172
11
5.243345275590551
21
-2.5877688582677165
0
LINE
8
BLACK
6
CONTINUOUS
10
5.243345275590551
20
-2.5877688582677165
11
5.2440944881889759
21
-2.5915354330708662
0
LINE
8
BLACK
6
CONTINUOUS
10
5.2440944881889759
20
-2.5915354330708662
11
5.2440944881889759
21
-2.6338582677165352
0
LINE
8
BLACK
6
CONTINUOUS
10
5.2440944881889759
20
-2.6338582677165352
11
5.243345275590551
21
-2.6376248425196849
0
LINE
8
BLACK
6
CONTINUOUS
10
5.243345275590551
20
-2.6376248425196849
11
5.2412116929133861
21
-2.6408179921259842
0
LINE
8
BLACK
6
CONTINUOUS
10
5.2412116929133861
20
-2.6408179921259842
11
5.2380185433070867
21
-2.6429515748031496
0
LINE
8
BLACK
6
CONTINUOUS
10
5.2380185433070867
20
-2.6429515748031496
11
5.234251968503937
21
-2.6437007874015745
0
LINE
8
BLACK
6
CONTINUOUS
10
5.234251968503937
20
-2.6437007874015745
11
5.1200787401574805
21
-2.6437007874015745
0
LINE
8
BLACK
6
CONTINUOUS
10
5.1200787401574805
20
-2.6437007874015745
11
5.1163121653543309
21
-2.6429515748031496
0
LINE
8
BLACK
6
CONTINUOUS
10
5.1163121653543309
20
-2.6429515748031496
11
5.1131190157480315
21
-2.6408179921259842
0
LINE
8
BLACK
6
CONTINUOUS
10
5.1131190157480315
20
-2.6408179921259842
11
5.1109854330708657
21
-2.6376248425196849
0
LINE
8
BLACK
6
CONTINUOUS
10
5.1109854330708657
20
-2.6376248425196849
11
5.1102362204724407
21
-2.6338582677165352
0
LINE
8
BLACK
6
CONTINUOUS
10
5.1102362204724407
20
-2.6338582677165352
11
5.1102362204724407
21
-2.5915354330708662
0
LINE
8
BLACK
6
CONTINUOUS
10
5.1102362204724407
20
-2.5915354330708662
11
5.1109854330708657
21
-2.5877688582677165
0
LINE
8
BLACK
6
CONTINUOUS
10
5.1109854330708657
20
-2.5877688582677165
11
5.1131190157480315
21
-2.5845757086614172
0
LINE
8
BLACK
6
CONTINUOUS
10
5.1131190157480315
20
-2.5845757086614172
11
5.1163121653543309
21
-2.5824421259842518
0
LINE
8
BLACK
6
CONTINUOUS
10
5.1163121653543309
20
-2.5824421259842518
11
5.1200787401574805
21
-2.5816929133858268
0
LINE
8
BLACK
6
CONTINUOUS
10
5.1200787401574805
20
-2.5816929133858268
11
5.234251968503937
21
-2.5816929133858268
0
LINE
8
BLACK
6
CONTINUOUS
10
5.234251968503937
20
-2.5816929133858268
11
5.2380185433070867
21
-2.5824421259842518
0
LINE
8
BLACK
6
CONTINUOUS
10
6.4035433070866139
20
-2.5145669291338582
11
6.3523622047244093
21
-2.5145669291338582
0
LINE
8
BLACK
6
CONTINUOUS
10
6.3523622047244093
20
-2.5145669291338582
11
6.3523622047244093
21
-2.4358267716535433
0
LINE
8
BLACK
6
CONTINUOUS
10
6.3523622047244093
20
-2.4358267716535433
11
6.4035433070866139
21
-2.4358267716535433
0
LINE
8
BLACK
6
CONTINUOUS
10
6.4035433070866139
20
-2.4358267716535433
11
6.4035433070866139
21
-2.5145669291338582
0
LINE
8
BLACK
6
CONTINUOUS
10
3.3344752362204724
20
-2.3668909448818898
11
3.3376683858267717
21
-2.3690245275590551
0
LINE
8
BLACK
6
CONTINUOUS
10
3.3376683858267717
20
-2.3690245275590551
11
3.3398019685039371
21
-2.3722176771653545
0
LINE
8
BLACK
6
CONTINUOUS
10
3.3398019685039371
20
-2.3722176771653545
11
3.340551181102362
21
-2.3759842519685037
0
LINE
8
BLACK
6
CONTINUOUS
10
3.340551181102362
20
-2.3759842519685037
11
3.340551181102362
21
-2.4271653543307088
0
LINE
8
BLACK
6
CONTINUOUS
10
3.340551181102362
20
-2.4271653543307088
11
3.3398019685039371
21
-2.430931929133858
0
LINE
8
BLACK
6
CONTINUOUS
10
3.3398019685039371
20
-2.430931929133858
11
3.3376683858267717
21
-2.4341250787401574
0
LINE
8
BLACK
6
CONTINUOUS
10
3.3376683858267717
20
-2.4341250787401574
11
3.3344752362204724
21
-2.4362586614173227
0
LINE
8
BLACK
6
CONTINUOUS
10
3.3344752362204724
20
-2.4362586614173227
11
3.3307086614173227
21
-2.4370078740157481
0
LINE
8
BLACK
6
CONTINUOUS
10
3.3307086614173227
20
-2.4370078740157481
11
3.2519685039370079
21
-2.4370078740157481
0
LINE
8
BLACK
6
CONTINUOUS
10
3.2519685039370079
20
-2.4370078740157481
11
3.2482019291338582
21
-2.4362586614173227
0
LINE
8
BLACK
6
CONTINUOUS
10
3.2482019291338582
20
-2.4362586614173227
11
3.2450087795275588
21
-2.4341250787401574
0
LINE
8
BLACK
6
CONTINUOUS
10
3.2450087795275588
20
-2.4341250787401574
11
3.2428751968503935
21
-2.430931929133858
0
LINE
8
BLACK
6
CONTINUOUS
10
3.2428751968503935
20
-2.430931929133858
11
3.2421259842519685
21
-2.4271653543307088
0
LINE
8
BLACK
6
CONTINUOUS
10
3.2421259842519685
20
-2.4271653543307088
11
3.2421259842519685
21
-2.3759842519685037
0
LINE
8
BLACK
6
CONTINUOUS
10
3.2421259842519685
20
-2.3759842519685037
11
3.2428751968503935
21
-2.3722176771653545
0
LINE
8
BLACK
6
CONTINUOUS
10
3.2428751968503935
20
-2.3722176771653545
11
3.2450087795275588
21
-2.3690245275590551
0
LINE
8
BLACK
6
CONTINUOUS
10
3.2450087795275588
20
-2.3690245275590551
11
3.2482019291338582
21
-2.3668909448818898
0
LINE
8
BLACK
6
CONTINUOUS
10
3.2482019291338582
20
-2.3668909448818898
11
3.2519685039370079
21
-2.3661417322834644
0
LINE
8
BLACK
6
CONTINUOUS
10
3.2519685039370079
20
-2.3661417322834644
11
3.3307086614173227
21
-2.3661417322834644
0
LINE
8
BLACK
6
CONTINUOUS
10
3.3307086614173227
20
-2.3661417322834644
11
3.3344752362204724
21
-2.3668909448818898
0
LINE
8
BLACK
6
CONTINUOUS
10
3.4919555511811025
20
-2.3668909448818898
11
3.4951487007874014
21
-2.3690245275590551
0
LINE
8
BLACK
6
CONTINUOUS
10
3.4951487007874014
20
-2.3690245275590551
11
3.4972822834645667
21
-2.3722176771653545
0
LINE
8
BLACK
6
CONTINUOUS
10
3.4972822834645667
20
-2.3722176771653545
11
3.4980314960629921
21
-2.3759842519685037
0
LINE
8
BLACK
6
CONTINUOUS
10
3.4980314960629921
20
-2.3759842519685037
11
3.4980314960629921
21
-2.4271653543307088
0
LINE
8
BLACK
6
CONTINUOUS
10
3.4980314960629921
20
-2.4271653543307088
11
3.4972822834645667
21
-2.430931929133858
0
LINE
8
BLACK
6
CONTINUOUS
10
3.4972822834645667
20
-2.430931929133858
11
3.4951487007874014
21
-2.4341250787401574
0
LINE
8
BLACK
6
CONTINUOUS
10
3.4951487007874014
20
-2.4341250787401574
11
3.4919555511811025
21
-2.4362586614173227
0
LINE
8
BLACK
6
CONTINUOUS
10
3.4919555511811025
20
-2.4362586614173227
11
3.4881889763779528
21
-2.4370078740157481
0
LINE
8
BLACK
6
CONTINUOUS
10
3.4881889763779528
20
-2.4370078740157481
11
3.4094488188976375
21
-2.4370078740157481
0
LINE
8
BLACK
6
CONTINUOUS
10
3.4094488188976375
20
-2.4370078740157481
11
3.4056822440944883
21
-2.4362586614173227
0
LINE
8
BLACK
6
CONTINUOUS
10
3.4056822440944883
20
-2.4362586614173227
11
3.4024890944881889
21
-2.4341250787401574
0
LINE
8
BLACK
6
CONTINUOUS
10
3.4024890944881889
20
-2.4341250787401574
11
3.4003555118110236
21
-2.430931929133858
0
LINE
8
BLACK
6
CONTINUOUS
10
3.4003555118110236
20
-2.430931929133858
11
3.3996062992125982
21
-2.4271653543307088
0
LINE
8
BLACK
6
CONTINUOUS
10
3.3996062992125982
20
-2.4271653543307088
11
3.3996062992125982
21
-2.3759842519685037
0
LINE
8
BLACK
6
CONTINUOUS
10
3.3996062992125982
20
-2.3759842519685037
11
3.4003555118110236
21
-2.3722176771653545
0
LINE
8
BLACK
6
CONTINUOUS
10
3.4003555118110236
20
-2.3722176771653545
11
3.4024890944881889
21
-2.3690245275590551
0
LINE
8
BLACK
6
CONTINUOUS
10
3.4024890944881889
20
-2.3690245275590551
11
3.4056822440944883
21
-2.3668909448818898
0
LINE
8
BLACK
6
CONTINUOUS
10
3.4056822440944883
20
-2.3668909448818898
11
3.4094488188976375
21
-2.3661417322834644
0
LINE
8
BLACK
6
CONTINUOUS
10
3.4094488188976375
20
-2.3661417322834644
11
3.4881889763779528
21
-2.3661417322834644
0
LINE
8
BLACK
6
CONTINUOUS
10
3.4881889763779528
20
-2.3661417322834644
11
3.4919555511811025
21
-2.3668909448818898
0
LINE
8
BLACK
6
CONTINUOUS
10
4.0273886220472441
20
-2.3668909448818898
11
4.0305817716535435
21
-2.3690245275590551
0
LINE
8
BLACK
6
CONTINUOUS
10
4.0305817716535435
20
-2.3690245275590551
11
4.0327153543307084
21
-2.3722176771653545
0
LINE
8
BLACK
6
CONTINUOUS
10
4.0327153543307084
20
-2.3722176771653545
11
4.0334645669291334
21
-2.3759842519685037
0
LINE
8
BLACK
6
CONTINUOUS
10
4.0334645669291334
20
-2.3759842519685037
11
4.0334645669291334
21
-2.4271653543307088
0
LINE
8
BLACK
6
CONTINUOUS
10
4.0334645669291334
20
-2.4271653543307088
11
4.0327153543307084
21
-2.430931929133858
0
LINE
8
BLACK
6
CONTINUOUS
10
4.0327153543307084
20
-2.430931929133858
11
4.0305817716535435
21
-2.4341250787401574
0
LINE
8
BLACK
6
CONTINUOUS
10
4.0305817716535435
20
-2.4341250787401574
11
4.0273886220472441
21
-2.4362586614173227
0
LINE
8
BLACK
6
CONTINUOUS
10
4.0273886220472441
20
-2.4362586614173227
11
4.0236220472440944
21
-2.4370078740157481
0
LINE
8
BLACK
6
CONTINUOUS
10
4.0236220472440944
20
-2.4370078740157481
11
3.9448818897637796
21
-2.4370078740157481
0
LINE
8
BLACK
6
CONTINUOUS
10
3.9448818897637796
20
-2.4370078740157481
11
3.9411153149606299
21
-2.4362586614173227
0
LINE
8
BLACK
6
CONTINUOUS
10
3.9411153149606299
20
-2.4362586614173227
11
3.9379221653543306
21
-2.4341250787401574
0
LINE
8
BLACK
6
CONTINUOUS
10
3.9379221653543306
20
-2.4341250787401574
11
3.9357885826771652
21
-2.430931929133858
0
LINE
8
BLACK
6
CONTINUOUS
10
3.9357885826771652
20
-2.430931929133858
11
3.9350393700787403
21
-2.4271653543307088
0
LINE
8
BLACK
6
CONTINUOUS
10
3.9350393700787403
20
-2.4271653543307088
11
3.9350393700787403
21
-2.3759842519685037
0
LINE
8
BLACK
6
CONTINUOUS
10
3.9350393700787403
20
-2.3759842519685037
11
3.9357885826771652
21
-2.3722176771653545
0
LINE
8
BLACK
6
CONTINUOUS
10
3.9357885826771652
20
-2.3722176771653545
11
3.9379221653543306
21
-2.3690245275590551
0
LINE
8
BLACK
6
CONTINUOUS
10
3.9379221653543306
20
-2.3690245275590551
11
3.9411153149606299
21
-2.3668909448818898
0
LINE
8
BLACK
6
CONTINUOUS
10
3.9411153149606299
20
-2.3668909448818898
11
3.9448818897637796
21
-2.3661417322834644
0
LINE
8
BLACK
6
CONTINUOUS
10
3.9448818897637796
20
-2.3661417322834644
11
4.0236220472440944
21
-2.3661417322834644
0
LINE
8
BLACK
6
CONTINUOUS
10
4.0236220472440944
20
-2.3661417322834644
11
4.0273886220472441
21
-2.3668909448818898
0
LINE
8
BLACK
6
CONTINUOUS
10
4.1848689370078738
20
-2.3668909448818898
11
4.1880620866141731
21
-2.3690245275590551
0
LINE
8
BLACK
6
CONTINUOUS
10
4.1880620866141731
20
-2.3690245275590551
11
4.1901956692913389
21
-2.3722176771653545
0
LINE
8
BLACK
6
CONTINUOUS
10
4.1901956692913389
20
-2.3722176771653545
11
4.1909448818897639
21
-2.3759842519685037
0
LINE
8
BLACK
6
CONTINUOUS
10
4.1909448818897639
20
-2.3759842519685037
11
4.1909448818897639
21
-2.4271653543307088
0
LINE
8
BLACK
6
CONTINUOUS
10
4.1909448818897639
20
-2.4271653543307088
11
4.1901956692913389
21
-2.430931929133858
0
LINE
8
BLACK
6
CONTINUOUS
10
4.1901956692913389
20
-2.430931929133858
11
4.1880620866141731
21
-2.4341250787401574
0
LINE
8
BLACK
6
CONTINUOUS
10
4.1880620866141731
20
-2.4341250787401574
11
4.1848689370078738
21
-2.4362586614173227
0
LINE
8
BLACK
6
CONTINUOUS
10
4.1848689370078738
20
-2.4362586614173227
11
4.1811023622047241
21
-2.4370078740157481
0
LINE
8
BLACK
6
CONTINUOUS
10
4.1811023622047241
20
-2.4370078740157481
11
4.1023622047244093
21
-2.4370078740157481
0
LINE
8
BLACK
6
CONTINUOUS
10
4.1023622047244093
20
-2.4370078740157481
11
4.0985956299212596
21
-2.4362586614173227
0
LINE
8
BLACK
6
CONTINUOUS
10
4.0985956299212596
20
-2.4362586614173227
11
4.0954024803149602
21
-2.4341250787401574
0
LINE
8
BLACK
6
CONTINUOUS
10
4.0954024803149602
20
-2.4341250787401574
11
4.0932688976377953
21
-2.430931929133858
0
LINE
8
BLACK
6
CONTINUOUS
10
4.0932688976377953
20
-2.430931929133858
11
4.0925196850393704
21
-2.4271653543307088
0
LINE
8
BLACK
6
CONTINUOUS
10
4.0925196850393704
20
-2.4271653543307088
11
4.0925196850393704
21
-2.3759842519685037
0
LINE
8
BLACK
6
CONTINUOUS
10
4.0925196850393704
20
-2.3759842519685037
11
4.0932688976377953
21
-2.3722176771653545
0
LINE
8
BLACK
6
CONTINUOUS
10
4.0932688976377953
20
-2.3722176771653545
11
4.0954024803149602
21
-2.3690245275590551
0
LINE
8
BLACK
6
CONTINUOUS
10
4.0954024803149602
20
-2.3690245275590551
11
4.0985956299212596
21
-2.3668909448818898
0
LINE
8
BLACK
6
CONTINUOUS
10
4.0985956299212596
20
-2.3668909448818898
11
4.1023622047244093
21
-2.3661417322834644
0
LINE
8
BLACK
6
CONTINUOUS
10
4.1023622047244093
20
-2.3661417322834644
11
4.1811023622047241
21
-2.3661417322834644
0
LINE
8
BLACK
6
CONTINUOUS
10
4.1811023622047241
20
-2.3661417322834644
11
4.1848689370078738
21
-2.3668909448818898
0
LINE
8
BLACK
6
CONTINUOUS
10
4.7360500393700784
20
-2.3668909448818898
11
4.7392431889763778
21
-2.3690245275590551
0
LINE
8
BLACK
6
CONTINUOUS
10
4.7392431889763778
20
-2.3690245275590551
11
4.7413767716535435
21
-2.3722176771653545
0
LINE
8
BLACK
6
CONTINUOUS
10
4.7413767716535435
20
-2.3722176771653545
11
4.7421259842519685
21
-2.3759842519685037
0
LINE
8
BLACK
6
CONTINUOUS
10
4.7421259842519685
20
-2.3759842519685037
11
4.7421259842519685
21
-2.4271653543307088
0
LINE
8
BLACK
6
CONTINUOUS
10
4.7421259842519685
20
-2.4271653543307088
11
4.7413767716535435
21
-2.430931929133858
0
LINE
8
BLACK
6
CONTINUOUS
10
4.7413767716535435
20
-2.430931929133858
11
4.7392431889763778
21
-2.4341250787401574
0
LINE
8
BLACK
6
CONTINUOUS
10
4.7392431889763778
20
-2.4341250787401574
11
4.7360500393700784
21
-2.4362586614173227
0
LINE
8
BLACK
6
CONTINUOUS
10
4.7360500393700784
20
-2.4362586614173227
11
4.7322834645669287
21
-2.4370078740157481
0
LINE
8
BLACK
6
CONTINUOUS
10
4.7322834645669287
20
-2.4370078740157481
11
4.6535433070866139
21
-2.4370078740157481
0
LINE
8
BLACK
6
CONTINUOUS
10
4.6535433070866139
20
-2.4370078740157481
11
4.6497767322834642
21
-2.4362586614173227
0
LINE
8
BLACK
6
CONTINUOUS
10
4.6497767322834642
20
-2.4362586614173227
11
4.6465835826771649
21
-2.4341250787401574
0
LINE
8
BLACK
6
CONTINUOUS
10
4.6465835826771649
20
-2.4341250787401574
11
4.64445
21
-2.430931929133858
0
LINE
8
BLACK
6
CONTINUOUS
10
4.64445
20
-2.430931929133858
11
4.643700787401575
21
-2.4271653543307088
0
LINE
8
BLACK
6
CONTINUOUS
10
4.643700787401575
20
-2.4271653543307088
11
4.643700787401575
21
-2.3759842519685037
0
LINE
8
BLACK
6
CONTINUOUS
10
4.643700787401575
20
-2.3759842519685037
11
4.64445
21
-2.3722176771653545
0
LINE
8
BLACK
6
CONTINUOUS
10
4.64445
20
-2.3722176771653545
11
4.6465835826771649
21
-2.3690245275590551
0
LINE
8
BLACK
6
CONTINUOUS
10
4.6465835826771649
20
-2.3690245275590551
11
4.6497767322834642
21
-2.3668909448818898
0
LINE
8
BLACK
6
CONTINUOUS
10
4.6497767322834642
20
-2.3668909448818898
11
4.6535433070866139
21
-2.3661417322834644
0
LINE
8
BLACK
6
CONTINUOUS
10
4.6535433070866139
20
-2.3661417322834644
11
4.7322834645669287
21
-2.3661417322834644
0
LINE
8
BLACK
6
CONTINUOUS
10
4.7322834645669287
20
-2.3661417322834644
11
4.7360500393700784
21
-2.3668909448818898
0
LINE
8
BLACK
6
CONTINUOUS
10
4.8935303543307089
20
-2.3668909448818898
11
4.8967235039370074
21
-2.3690245275590551
0
LINE
8
BLACK
6
CONTINUOUS
10
4.8967235039370074
20
-2.3690245275590551
11
4.8988570866141732
21
-2.3722176771653545
0
LINE
8
BLACK
6
CONTINUOUS
10
4.8988570866141732
20
-2.3722176771653545
11
4.8996062992125982
21
-2.3759842519685037
0
LINE
8
BLACK
6
CONTINUOUS
10
4.8996062992125982
20
-2.3759842519685037
11
4.8996062992125982
21
-2.4271653543307088
0
LINE
8
BLACK
6
CONTINUOUS
10
4.8996062992125982
20
-2.4271653543307088
11
4.8988570866141732
21
-2.430931929133858
0
LINE
8
BLACK
6
CONTINUOUS
10
4.8988570866141732
20
-2.430931929133858
11
4.8967235039370074
21
-2.4341250787401574
0
LINE
8
BLACK
6
CONTINUOUS
10
4.8967235039370074
20
-2.4341250787401574
11
4.8935303543307089
21
-2.4362586614173227
0
LINE
8
BLACK
6
CONTINUOUS
10
4.8935303543307089
20
-2.4362586614173227
11
4.8897637795275593
21
-2.4370078740157481
0
LINE
8
BLACK
6
CONTINUOUS
10
4.8897637795275593
20
-2.4370078740157481
11
4.8110236220472435
21
-2.4370078740157481
0
LINE
8
BLACK
6
CONTINUOUS
10
4.8110236220472435
20
-2.4370078740157481
11
4.8072570472440947
21
-2.4362586614173227
0
LINE
8
BLACK
6
CONTINUOUS
10
4.8072570472440947
20
-2.4362586614173227
11
4.8040638976377954
21
-2.4341250787401574
0
LINE
8
BLACK
6
CONTINUOUS
10
4.8040638976377954
20
-2.4341250787401574
11
4.8019303149606296
21
-2.430931929133858
0
LINE
8
BLACK
6
CONTINUOUS
10
4.8019303149606296
20
-2.430931929133858
11
4.8011811023622046
21
-2.4271653543307088
0
LINE
8
BLACK
6
CONTINUOUS
10
4.8011811023622046
20
-2.4271653543307088
11
4.8011811023622046
21
-2.3759842519685037
0
LINE
8
BLACK
6
CONTINUOUS
10
4.8011811023622046
20
-2.3759842519685037
11
4.8019303149606296
21
-2.3722176771653545
0
LINE
8
BLACK
6
CONTINUOUS
10
4.8019303149606296
20
-2.3722176771653545
11
4.8040638976377954
21
-2.3690245275590551
0
LINE
8
BLACK
6
CONTINUOUS
10
4.8040638976377954
20
-2.3690245275590551
11
4.8072570472440947
21
-2.3668909448818898
0
LINE
8
BLACK
6
CONTINUOUS
10
4.8072570472440947
20
-2.3668909448818898
11
4.8110236220472435
21
-2.3661417322834644
0
LINE
8
BLACK
6
CONTINUOUS
10
4.8110236220472435
20
-2.3661417322834644
11
4.8897637795275593
21
-2.3661417322834644
0
LINE
8
BLACK
6
CONTINUOUS
10
4.8897637795275593
20
-2.3661417322834644
11
4.8935303543307089
21
-2.3668909448818898
0
LINE
8
BLACK
6
CONTINUOUS
10
5.4368374409448821
20
-2.3668909448818898
11
5.4400305905511805
21
-2.3690245275590551
0
LINE
8
BLACK
6
CONTINUOUS
10
5.4400305905511805
20
-2.3690245275590551
11
5.4421641732283463
21
-2.3722176771653545
0
LINE
8
BLACK
6
CONTINUOUS
10
5.4421641732283463
20
-2.3722176771653545
11
5.4429133858267713
21
-2.3759842519685037
0
LINE
8
BLACK
6
CONTINUOUS
10
5.4429133858267713
20
-2.3759842519685037
11
5.4429133858267713
21
-2.4271653543307088
0
LINE
8
BLACK
6
CONTINUOUS
10
5.4429133858267713
20
-2.4271653543307088
11
5.4421641732283463
21
-2.430931929133858
0
LINE
8
BLACK
6
CONTINUOUS
10
5.4421641732283463
20
-2.430931929133858
11
5.4400305905511805
21
-2.4341250787401574
0
LINE
8
BLACK
6
CONTINUOUS
10
5.4400305905511805
20
-2.4341250787401574
11
5.4368374409448821
21
-2.4362586614173227
0
LINE
8
BLACK
6
CONTINUOUS
10
5.4368374409448821
20
-2.4362586614173227
11
5.4330708661417324
21
-2.4370078740157481
0
LINE
8
BLACK
6
CONTINUOUS
10
5.4330708661417324
20
-2.4370078740157481
11
5.3543307086614176
21
-2.4370078740157481
0
LINE
8
BLACK
6
CONTINUOUS
10
5.3543307086614176
20
-2.4370078740157481
11
5.3505641338582679
21
-2.4362586614173227
0
LINE
8
BLACK
6
CONTINUOUS
10
5.3505641338582679
20
-2.4362586614173227
11
5.3473709842519686
21
-2.4341250787401574
0
LINE
8
BLACK
6
CONTINUOUS
10
5.3473709842519686
20
-2.4341250787401574
11
5.3452374015748028
21
-2.430931929133858
0
LINE
8
BLACK
6
CONTINUOUS
10
5.3452374015748028
20
-2.430931929133858
11
5.3444881889763778
21
-2.4271653543307088
0
LINE
8
BLACK
6
CONTINUOUS
10
5.3444881889763778
20
-2.4271653543307088
11
5.3444881889763778
21
-2.3759842519685037
0
LINE
8
BLACK
6
CONTINUOUS
10
5.3444881889763778
20
-2.3759842519685037
11
5.3452374015748028
21
-2.3722176771653545
0
LINE
8
BLACK
6
CONTINUOUS
10
5.3452374015748028
20
-2.3722176771653545
11
5.3473709842519686
21
-2.3690245275590551
0
LINE
8
BLACK
6
CONTINUOUS
10
5.3473709842519686
20
-2.3690245275590551
11
5.3505641338582679
21
-2.3668909448818898
0
LINE
8
BLACK
6
CONTINUOUS
10
5.3505641338582679
20
-2.3668909448818898
11
5.3543307086614176
21
-2.3661417322834644
0
LINE
8
BLACK
6
CONTINUOUS
10
5.3543307086614176
20
-2.3661417322834644
11
5.4330708661417324
21
-2.3661417322834644
0
LINE
8
BLACK
6
CONTINUOUS
10
5.4330708661417324
20
-2.3661417322834644
11
5.4368374409448821
21
-2.3668909448818898
0
LINE
8
BLACK
6
CONTINUOUS
10
5.5943177559055117
20
-2.3668909448818898
11
5.5975109055118111
21
-2.3690245275590551
0
LINE
8
BLACK
6
CONTINUOUS
10
5.5975109055118111
20
-2.3690245275590551
11
5.599644488188976
21
-2.3722176771653545
0
LINE
8
BLACK
6
CONTINUOUS
10
5.599644488188976
20
-2.3722176771653545
11
5.6003937007874018
21
-2.3759842519685037
0
LINE
8
BLACK
6
CONTINUOUS
10
5.6003937007874018
20
-2.3759842519685037
11
5.6003937007874018
21
-2.4271653543307088
0
LINE
8
BLACK
6
CONTINUOUS
10
5.6003937007874018
20
-2.4271653543307088
11
5.599644488188976
21
-2.430931929133858
0
LINE
8
BLACK
6
CONTINUOUS
10
5.599644488188976
20
-2.430931929133858
11
5.5975109055118111
21
-2.4341250787401574
0
LINE
8
BLACK
6
CONTINUOUS
10
5.5975109055118111
20
-2.4341250787401574
11
5.5943177559055117
21
-2.4362586614173227
0
LINE
8
BLACK
6
CONTINUOUS
10
5.5943177559055117
20
-2.4362586614173227
11
5.590551181102362
21
-2.4370078740157481
0
LINE
8
BLACK
6
CONTINUOUS
10
5.590551181102362
20
-2.4370078740157481
11
5.5118110236220472
21
-2.4370078740157481
0
LINE
8
BLACK
6
CONTINUOUS
10
5.5118110236220472
20
-2.4370078740157481
11
5.5080444488188975
21
-2.4362586614173227
0
LINE
8
BLACK
6
CONTINUOUS
10
5.5080444488188975
20
-2.4362586614173227
11
5.5048512992125982
21
-2.4341250787401574
0
LINE
8
BLACK
6
CONTINUOUS
10
5.5048512992125982
20
-2.4341250787401574
11
5.5027177165354333
21
-2.430931929133858
0
LINE
8
BLACK
6
CONTINUOUS
10
5.5027177165354333
20
-2.430931929133858
11
5.5019685039370074
21
-2.4271653543307088
0
LINE
8
BLACK
6
CONTINUOUS
10
5.5019685039370074
20
-2.4271653543307088
11
5.5019685039370074
21
-2.3759842519685037
0
LINE
8
BLACK
6
CONTINUOUS
10
5.5019685039370074
20
-2.3759842519685037
11
5.5027177165354333
21
-2.3722176771653545
0
LINE
8
BLACK
6
CONTINUOUS
10
5.5027177165354333
20
-2.3722176771653545
11
5.5048512992125982
21
-2.3690245275590551
0
LINE
8
BLACK
6
CONTINUOUS
10
5.5048512992125982
20
-2.3690245275590551
11
5.5080444488188975
21
-2.3668909448818898
0
LINE
8
BLACK
6
CONTINUOUS
10
5.5080444488188975
20
-2.3668909448818898
11
5.5118110236220472
21
-2.3661417322834644
0
LINE
8
BLACK
6
CONTINUOUS
10
5.5118110236220472
20
-2.3661417322834644
11
5.590551181102362
21
-2.3661417322834644
0
LINE
8
BLACK
6
CONTINUOUS
10
5.590551181102362
20
-2.3661417322834644
11
5.5943177559055117
21
-2.3668909448818898
0
LINE
8
BLACK
6
CONTINUOUS
10
6.2913385826771648
20
-2.3905511811023623
11
6.2519685039370074
21
-2.3905511811023623
0
LINE
8
BLACK
6
CONTINUOUS
10
6.2519685039370074
20
-2.3905511811023623
11
6.2519685039370074
21
-2.3787401574803151
0
LINE
8
BLACK
6
CONTINUOUS
10
6.2519685039370074
20
-2.3787401574803151
11
6.2913385826771648
21
-2.3787401574803151
0
LINE
8
BLACK
6
CONTINUOUS
10
6.2913385826771648
20
-2.3787401574803151
11
6.2913385826771648
21
-2.3905511811023623
0
LINE
8
BLACK
6
CONTINUOUS
10
6.2913385826771648
20
-2.3708661417322836
11
6.2519685039370074
21
-2.3708661417322836
0
LINE
8
BLACK
6
CONTINUOUS
10
6.2519685039370074
20
-2.3708661417322836
11
6.2519685039370074
21
-2.3590551181102364
0
LINE
8
BLACK
6
CONTINUOUS
10
6.2519685039370074
20
-2.3590551181102364
11
6.2913385826771648
21
-2.3590551181102364
0
LINE
8
BLACK
6
CONTINUOUS
10
6.2913385826771648
20
-2.3590551181102364
11
6.2913385826771648
21
-2.3708661417322836
0
LINE
8
BLACK
6
CONTINUOUS
10
6.2913385826771648
20
-2.3511811023622045
11
6.2519685039370074
21
-2.3511811023622045
0
LINE
8
BLACK
6
CONTINUOUS
10
6.2519685039370074
20
-2.3511811023622045
11
6.2519685039370074
21
-2.3393700787401572
0
LINE
8
BLACK
6
CONTINUOUS
10
6.2519685039370074
20
-2.3393700787401572
11
6.2913385826771648
21
-2.3393700787401572
0
LINE
8
BLACK
6
CONTINUOUS
10
6.2913385826771648
20
-2.3393700787401572
11
6.2913385826771648
21
-2.3511811023622045
0
LINE
8
BLACK
6
CONTINUOUS
10
6.2913385826771648
20
-2.3314960629921258
11
6.2519685039370074
21
-2.3314960629921258
0
LINE
8
BLACK
6
CONTINUOUS
10
6.2519685039370074
20
-2.3314960629921258
11
6.2519685039370074
21
-2.3196850393700785
0
LINE
8
BLACK
6
CONTINUOUS
10
6.2519685039370074
20
-2.3196850393700785
11
6.2913385826771648
21
-2.3196850393700785
0
LINE
8
BLACK
6
CONTINUOUS
10
6.2913385826771648
20
-2.3196850393700785
11
6.2913385826771648
21
-2.3314960629921258
0
LINE
8
BLACK
6
CONTINUOUS
10
6.2913385826771648
20
-2.311811023622047
11
6.2519685039370074
21
-2.311811023622047
0
LINE
8
BLACK
6
CONTINUOUS
10
6.2519685039370074
20
-2.311811023622047
11
6.2519685039370074
21
-2.2999999999999998
0
LINE
8
BLACK
6
CONTINUOUS
10
6.2519685039370074
20
-2.2999999999999998
11
6.2913385826771648
21
-2.2999999999999998
0
LINE
8
BLACK
6
CONTINUOUS
10
6.2913385826771648
20
-2.2999999999999998
11
6.2913385826771648
21
-2.311811023622047
0
LINE
8
BLACK
6
CONTINUOUS
10
6.2913385826771648
20
-2.2921259842519683
11
6.2519685039370074
21
-2.2921259842519683
0
LINE
8
BLACK
6
CONTINUOUS
10
6.2519685039370074
20
-2.2921259842519683
11
6.2519685039370074
21
-2.2803149606299211
0
LINE
8
BLACK
6
CONTINUOUS
10
6.2519685039370074
20
-2.2803149606299211
11
6.2913385826771648
21
-2.2803149606299211
0
LINE
8
BLACK
6
CONTINUOUS
10
6.2913385826771648
20
-2.2803149606299211
11
6.2913385826771648
21
-2.2921259842519683
0
LINE
8
BLACK
6
CONTINUOUS
10
3.1003009055118111
20
-2.1879026771653542
11
3.1077921653543306
21
-2.1903367716535431
0
LINE
8
BLACK
6
CONTINUOUS
10
3.1077921653543306
20
-2.1903367716535431
11
3.1148104724409449
21
-2.1939127559055116
0
LINE
8
BLACK
6
CONTINUOUS
10
3.1148104724409449
20
-2.1939127559055116
11
3.1211829133858267
21
-2.1985425984251967
0
LINE
8
BLACK
6
CONTINUOUS
10
3.1211829133858267
20
-2.1985425984251967
11
3.1267526771653542
21
-2.2041123622047243
0
LINE
8
BLACK
6
CONTINUOUS
10
3.1267526771653542
20
-2.2041123622047243
11
3.1313825196850393
21
-2.210484803149606
0
LINE
8
BLACK
6
CONTINUOUS
10
3.1313825196850393
20
-2.210484803149606
11
3.1349585039370078
21
-2.2175031102362204
0
LINE
8
BLACK
6
CONTINUOUS
10
3.1349585039370078
20
-2.2175031102362204
11
3.1373925984251967
21
-2.2249943700787402
0
LINE
8
BLACK
6
CONTINUOUS
10
3.1373925984251967
20
-2.2249943700787402
11
3.138624803149606
21
-2.2327742125984251
0
LINE
8
BLACK
6
CONTINUOUS
10
3.138624803149606
20
-2.2327742125984251
11
3.138624803149606
21
-2.2406509842519684
0
LINE
8
BLACK
6
CONTINUOUS
10
3.138624803149606
20
-2.2406509842519684
11
3.1373925984251967
21
-2.2484308267716533
0
LINE
8
BLACK
6
CONTINUOUS
10
3.1373925984251967
20
-2.2484308267716533
11
3.1349585039370078
21
-2.2559220866141731
0
LINE
8
BLACK
6
CONTINUOUS
10
3.1349585039370078
20
-2.2559220866141731
11
3.1313825196850393
21
-2.2629403937007875
0
LINE
8
BLACK
6
CONTINUOUS
10
3.1313825196850393
20
-2.2629403937007875
11
3.1267526771653542
21
-2.2693128346456692
0
LINE
8
BLACK
6
CONTINUOUS
10
3.1267526771653542
20
-2.2693128346456692
11
3.1211829133858267
21
-2.2748825984251968
0
LINE
8
BLACK
6
CONTINUOUS
10
3.1211829133858267
20
-2.2748825984251968
11
3.1148104724409449
21
-2.2795124409448819
0
LINE
8
BLACK
6
CONTINUOUS
10
3.1148104724409449
20
-2.2795124409448819
11
3.1077921653543306
21
-2.2830884251968504
0
LINE
8
BLACK
6
CONTINUOUS
10
3.1077921653543306
20
-2.2830884251968504
11
3.1003009055118111
21
-2.2855225196850393
0
LINE
8
BLACK
6
CONTINUOUS
10
3.1003009055118111
20
-2.2855225196850393
11
3.0925210629921258
21
-2.2867547244094486
0
LINE
8
BLACK
6
CONTINUOUS
10
3.0925210629921258
20
-2.2867547244094486
11
3.0846442913385825
21
-2.2867547244094486
0
LINE
8
BLACK
6
CONTINUOUS
10
3.0846442913385825
20
-2.2867547244094486
11
3.0768644488188976
21
-2.2855225196850393
0
LINE
8
BLACK
6
CONTINUOUS
10
3.0768644488188976
20
-2.2855225196850393
11
3.0693731889763778
21
-2.2830884251968504
0
LINE
8
BLACK
6
CONTINUOUS
10
3.0693731889763778
20
-2.2830884251968504
11
3.0623548818897639
21
-2.2795124409448819
0
LINE
8
BLACK
6
CONTINUOUS
10
3.0623548818897639
20
-2.2795124409448819
11
3.0559824409448817
21
-2.2748825984251968
0
LINE
8
BLACK
6
CONTINUOUS
10
3.0559824409448817
20
-2.2748825984251968
11
3.0504126771653541
21
-2.2693128346456692
0
LINE
8
BLACK
6
CONTINUOUS
10
3.0504126771653541
20
-2.2693128346456692
11
3.045782834645669
21
-2.2629403937007875
0
LINE
8
BLACK
6
CONTINUOUS
10
3.045782834645669
20
-2.2629403937007875
11
3.0422068503937005
21
-2.2559220866141731
0
LINE
8
BLACK
6
CONTINUOUS
10
3.0422068503937005
20
-2.2559220866141731
11
3.0397727559055117
21
-2.2484308267716533
0
LINE
8
BLACK
6
CONTINUOUS
10
3.0397727559055117
20
-2.2484308267716533
11
3.0385405511811023
21
-2.2406509842519684
0
LINE
8
BLACK
6
CONTINUOUS
10
3.0385405511811023
20
-2.2406509842519684
11
3.0385405511811023
21
-2.2327742125984251
0
LINE
8
BLACK
6
CONTINUOUS
10
3.0385405511811023
20
-2.2327742125984251
11
3.0397727559055117
21
-2.2249943700787402
0
LINE
8
BLACK
6
CONTINUOUS
10
3.0397727559055117
20
-2.2249943700787402
11
3.0422068503937005
21
-2.2175031102362204
0
LINE
8
BLACK
6
CONTINUOUS
10
3.0422068503937005
20
-2.2175031102362204
11
3.045782834645669
21
-2.210484803149606
0
LINE
8
BLACK
6
CONTINUOUS
10
3.045782834645669
20
-2.210484803149606
11
3.0504126771653541
21
-2.2041123622047243
0
LINE
8
BLACK
6
CONTINUOUS
10
3.0504126771653541
20
-2.2041123622047243
11
3.0559824409448817
21
-2.1985425984251967
0
LINE
8
BLACK
6
CONTINUOUS
10
3.0559824409448817
20
-2.1985425984251967
11
3.0623548818897639
21
-2.1939127559055116
0
LINE
8
BLACK
6
CONTINUOUS
10
3.0623548818897639
20
-2.1939127559055116
11
3.0693731889763778
21
-2.1903367716535431
0
LINE
8
BLACK
6
CONTINUOUS
10
3.0693731889763778
20
-2.1903367716535431
11
3.0768644488188976
21
-2.1879026771653542
0
LINE
8
BLACK
6
CONTINUOUS
10
3.0768644488188976
20
-2.1879026771653542
11
3.0846442913385825
21
-2.1866704724409449
0
LINE
8
BLACK
6
CONTINUOUS
10
3.0846442913385825
20
-2.1866704724409449
11
3.0925210629921258
21
-2.1866704724409449
0
LINE
8
BLACK
6
CONTINUOUS
10
3.0925210629921258
20
-2.1866704724409449
11
3.1003009055118111
21
-2.1879026771653542
0
LINE
8
BLACK
6
CONTINUOUS
10
3.2971512992125982
20
-2.1879026771653542
11
3.3046425590551181
21
-2.1903367716535431
0
LINE
8
BLACK
6
CONTINUOUS
10
3.3046425590551181
20
-2.1903367716535431
11
3.3116608661417324
21
-2.1939127559055116
0
LINE
8
BLACK
6
CONTINUOUS
10
3.3116608661417324
20
-2.1939127559055116
11
3.3180333070866141
21
-2.1985425984251967
0
LINE
8
BLACK
6
CONTINUOUS
10
3.3180333070866141
20
-2.1985425984251967
11
3.3236030708661417
21
-2.2041123622047243
0
LINE
8
BLACK
6
CONTINUOUS
10
3.3236030708661417
20
-2.2041123622047243
11
3.3282329133858268
21
-2.210484803149606
0
LINE
8
BLACK
6
CONTINUOUS
10
3.3282329133858268
20
-2.210484803149606
11
3.3318088976377953
21
-2.2175031102362204
0
LINE
8
BLACK
6
CONTINUOUS
10
3.3318088976377953
20
-2.2175031102362204
11
3.3342429921259842
21
-2.2249943700787402
0
LINE
8
BLACK
6
CONTINUOUS
10
3.3342429921259842
20
-2.2249943700787402
11
3.3354751968503935
21
-2.2327742125984251
0
LINE
8
BLACK
6
CONTINUOUS
10
3.3354751968503935
20
-2.2327742125984251
11
3.3354751968503935
21
-2.2406509842519684
0
LINE
8
BLACK
6
CONTINUOUS
10
3.3354751968503935
20
-2.2406509842519684
11
3.3342429921259842
21
-2.2484308267716533
0
LINE
8
BLACK
6
CONTINUOUS
10
3.3342429921259842
20
-2.2484308267716533
11
3.3318088976377953
21
-2.2559220866141731
0
LINE
8
BLACK
6
CONTINUOUS
10
3.3318088976377953
20
-2.2559220866141731
11
3.3282329133858268
21
-2.2629403937007875
0
LINE
8
BLACK
6
CONTINUOUS
10
3.3282329133858268
20
-2.2629403937007875
11
3.3236030708661417
21
-2.2693128346456692
0
LINE
8
BLACK
6
CONTINUOUS
10
3.3236030708661417
20
-2.2693128346456692
11
3.3180333070866141
21
-2.2748825984251968
0
LINE
8
BLACK
6
CONTINUOUS
10
3.3180333070866141
20
-2.2748825984251968
11
3.3116608661417324
21
-2.2795124409448819
0
LINE
8
BLACK
6
CONTINUOUS
10
3.3116608661417324
20
-2.2795124409448819
11
3.3046425590551181
21
-2.2830884251968504
0
LINE
8
BLACK
6
CONTINUOUS
10
3.3046425590551181
20
-2.2830884251968504
11
3.2971512992125982
21
-2.2855225196850393
0
LINE
8
BLACK
6
CONTINUOUS
10
3.2971512992125982
20
-2.2855225196850393
11
3.2893714566929133
21
-2.2867547244094486
0
LINE
8
BLACK
6
CONTINUOUS
10
3.2893714566929133
20
-2.2867547244094486
11
3.28149468503937
21
-2.2867547244094486
0
LINE
8
BLACK
6
CONTINUOUS
10
3.28149468503937
20
-2.2867547244094486
11
3.2737148425196851
21
-2.2855225196850393
0
LINE
8
BLACK
6
CONTINUOUS
10
3.2737148425196851
20
-2.2855225196850393
11
3.2662235826771653
21
-2.2830884251968504
0
LINE
8
BLACK
6
CONTINUOUS
10
3.2662235826771653
20
-2.2830884251968504
11
3.259205275590551
21
-2.2795124409448819
0
LINE
8
BLACK
6
CONTINUOUS
10
3.259205275590551
20
-2.2795124409448819
11
3.2528328346456692
21
-2.2748825984251968
0
LINE
8
BLACK
6
CONTINUOUS
10
3.2528328346456692
20
-2.2748825984251968
11
3.2472630708661416
21
-2.2693128346456692
0
LINE
8
BLACK
6
CONTINUOUS
10
3.2472630708661416
20
-2.2693128346456692
11
3.2426332283464565
21
-2.2629403937007875
0
LINE
8
BLACK
6
CONTINUOUS
10
3.2426332283464565
20
-2.2629403937007875
11
3.239057244094488
21
-2.2559220866141731
0
LINE
8
BLACK
6
CONTINUOUS
10
3.239057244094488
20
-2.2559220866141731
11
3.2366231496062992
21
-2.2484308267716533
0
LINE
8
BLACK
6
CONTINUOUS
10
3.2366231496062992
20
-2.2484308267716533
11
3.2353909448818898
21
-2.2406509842519684
0
LINE
8
BLACK
6
CONTINUOUS
10
3.2353909448818898
20
-2.2406509842519684
11
3.2353909448818898
21
-2.2327742125984251
0
LINE
8
BLACK
6
CONTINUOUS
10
3.2353909448818898
20
-2.2327742125984251
11
3.2366231496062992
21
-2.2249943700787402
0
LINE
8
BLACK
6
CONTINUOUS
10
3.2366231496062992
20
-2.2249943700787402
11
3.239057244094488
21
-2.2175031102362204
0
LINE
8
BLACK
6
CONTINUOUS
10
3.239057244094488
20
-2.2175031102362204
11
3.2426332283464565
21
-2.210484803149606
0
LINE
8
BLACK
6
CONTINUOUS
10
3.2426332283464565
20
-2.210484803149606
11
3.2472630708661416
21
-2.2041123622047243
0
LINE
8
BLACK
6
CONTINUOUS
10
3.2472630708661416
20
-2.2041123622047243
11
3.2528328346456692
21
-2.1985425984251967
0
LINE
8
BLACK
6
CONTINUOUS
10
3.2528328346456692
20
-2.1985425984251967
11
3.259205275590551
21
-2.1939127559055116
0
LINE
8
BLACK
6
CONTINUOUS
10
3.259205275590551
20
-2.1939127559055116
11
3.2662235826771653
21
-2.1903367716535431
0
LINE
8
BLACK
6
CONTINUOUS
10
3.2662235826771653
20
-2.1903367716535431
11
3.2737148425196851
21
-2.1879026771653542
0
LINE
8
BLACK
6
CONTINUOUS
10
3.2737148425196851
20
-2.1879026771653542
11
3.28149468503937
21
-2.1866704724409449
0
LINE
8
BLACK
6
CONTINUOUS
10
3.28149468503937
20
-2.1866704724409449
11
3.2893714566929133
21
-2.1866704724409449
0
LINE
8
BLACK
6
CONTINUOUS
10
3.2893714566929133
20
-2.1866704724409449
11
3.2971512992125982
21
-2.1879026771653542
0
LINE
8
BLACK
6
CONTINUOUS
10
3.8089623228346454
20
-2.1879026771653542
11
3.8164535826771653
21
-2.1903367716535431
0
LINE
8
BLACK
6
CONTINUOUS
10
3.8164535826771653
20
-2.1903367716535431
11
3.8234718897637796
21
-2.1939127559055116
0
LINE
8
BLACK
6
CONTINUOUS
10
3.8234718897637796
20
-2.1939127559055116
11
3.8298443307086614
21
-2.1985425984251967
0
LINE
8
BLACK
6
CONTINUOUS
10
3.8298443307086614
20
-2.1985425984251967
11
3.8354140944881889
21
-2.2041123622047243
0
LINE
8
BLACK
6
CONTINUOUS
10
3.8354140944881889
20
-2.2041123622047243
11
3.8400439370078741
21
-2.210484803149606
0
LINE
8
BLACK
6
CONTINUOUS
10
3.8400439370078741
20
-2.210484803149606
11
3.8436199212598425
21
-2.2175031102362204
0
LINE
8
BLACK
6
CONTINUOUS
10
3.8436199212598425
20
-2.2175031102362204
11
3.8460540157480314
21
-2.2249943700787402
0
LINE
8
BLACK
6
CONTINUOUS
10
3.8460540157480314
20
-2.2249943700787402
11
3.8472862204724407
21
-2.2327742125984251
0
LINE
8
BLACK
6
CONTINUOUS
10
3.8472862204724407
20
-2.2327742125984251
11
3.8472862204724407
21
-2.2406509842519684
0
LINE
8
BLACK
6
CONTINUOUS
10
3.8472862204724407
20
-2.2406509842519684
11
3.8460540157480314
21
-2.2484308267716533
0
LINE
8
BLACK
6
CONTINUOUS
10
3.8460540157480314
20
-2.2484308267716533
11
3.8436199212598425
21
-2.2559220866141731
0
LINE
8
BLACK
6
CONTINUOUS
10
3.8436199212598425
20
-2.2559220866141731
11
3.8400439370078741
21
-2.2629403937007875
0
LINE
8
BLACK
6
CONTINUOUS
10
3.8400439370078741
20
-2.2629403937007875
11
3.8354140944881889
21
-2.2693128346456692
0
LINE
8
BLACK
6
CONTINUOUS
10
3.8354140944881889
20
-2.2693128346456692
11
3.8298443307086614
21
-2.2748825984251968
0
LINE
8
BLACK
6
CONTINUOUS
10
3.8298443307086614
20
-2.2748825984251968
11
3.8234718897637796
21
-2.2795124409448819
0
LINE
8
BLACK
6
CONTINUOUS
10
3.8234718897637796
20
-2.2795124409448819
11
3.8164535826771653
21
-2.2830884251968504
0
LINE
8
BLACK
6
CONTINUOUS
10
3.8164535826771653
20
-2.2830884251968504
11
3.8089623228346454
21
-2.2855225196850393
0
LINE
8
BLACK
6
CONTINUOUS
10
3.8089623228346454
20
-2.2855225196850393
11
3.8011824803149605
21
-2.2867547244094486
0
LINE
8
BLACK
6
CONTINUOUS
10
3.8011824803149605
20
-2.2867547244094486
11
3.7933057086614173
21
-2.2867547244094486
0
LINE
8
BLACK
6
CONTINUOUS
10
3.7933057086614173
20
-2.2867547244094486
11
3.7855258661417324
21
-2.2855225196850393
0
LINE
8
BLACK
6
CONTINUOUS
10
3.7855258661417324
20
-2.2855225196850393
11
3.7780346062992125
21
-2.2830884251968504
0
LINE
8
BLACK
6
CONTINUOUS
10
3.7780346062992125
20
-2.2830884251968504
11
3.7710162992125982
21
-2.2795124409448819
0
LINE
8
BLACK
6
CONTINUOUS
10
3.7710162992125982
20
-2.2795124409448819
11
3.7646438582677164
21
-2.2748825984251968
0
LINE
8
BLACK
6
CONTINUOUS
10
3.7646438582677164
20
-2.2748825984251968
11
3.7590740944881889
21
-2.2693128346456692
0
LINE
8
BLACK
6
CONTINUOUS
10
3.7590740944881889
20
-2.2693128346456692
11
3.7544442519685037
21
-2.2629403937007875
0
LINE
8
BLACK
6
CONTINUOUS
10
3.7544442519685037
20
-2.2629403937007875
11
3.7508682677165353
21
-2.2559220866141731
0
LINE
8
BLACK
6
CONTINUOUS
10
3.7508682677165353
20
-2.2559220866141731
11
3.7484341732283464
21
-2.2484308267716533
0
LINE
8
BLACK
6
CONTINUOUS
10
3.7484341732283464
20
-2.2484308267716533
11
3.7472019685039371
21
-2.2406509842519684
0
LINE
8
BLACK
6
CONTINUOUS
10
3.7472019685039371
20
-2.2406509842519684
11
3.7472019685039371
21
-2.2327742125984251
0
LINE
8
BLACK
6
CONTINUOUS
10
3.7472019685039371
20
-2.2327742125984251
11
3.7484341732283464
21
-2.2249943700787402
0
LINE
8
BLACK
6
CONTINUOUS
10
3.7484341732283464
20
-2.2249943700787402
11
3.7508682677165353
21
-2.2175031102362204
0
LINE
8
BLACK
6
CONTINUOUS
10
3.7508682677165353
20
-2.2175031102362204
11
3.7544442519685037
21
-2.210484803149606
0
LINE
8
BLACK
6
CONTINUOUS
10
3.7544442519685037
20
-2.210484803149606
11
3.7590740944881889
21
-2.2041123622047243
0
LINE
8
BLACK
6
CONTINUOUS
10
3.7590740944881889
20
-2.2041123622047243
11
3.7646438582677164
21
-2.1985425984251967
0
LINE
8
BLACK
6
CONTINUOUS
10
3.7646438582677164
20
-2.1985425984251967
11
3.7710162992125982
21
-2.1939127559055116
0
LINE
8
BLACK
6
CONTINUOUS
10
3.7710162992125982
20
-2.1939127559055116
11
3.7780346062992125
21
-2.1903367716535431
0
LINE
8
BLACK
6
CONTINUOUS
10
3.7780346062992125
20
-2.1903367716535431
11
3.7855258661417324
21
-2.1879026771653542
0
LINE
8
BLACK
6
CONTINUOUS
10
3.7855258661417324
20
-2.1879026771653542
11
3.7933057086614173
21
-2.1866704724409449
0
LINE
8
BLACK
6
CONTINUOUS
10
3.7933057086614173
20
-2.1866704724409449
11
3.8011824803149605
21
-2.1866704724409449
0
LINE
8
BLACK
6
CONTINUOUS
10
3.8011824803149605
20
-2.1866704724409449
11
3.8089623228346454
21
-2.1879026771653542
0
LINE
8
BLACK
6
CONTINUOUS
10
4.0058127165354334
20
-2.1879026771653542
11
4.0133039763779523
21
-2.1903367716535431
0
LINE
8
BLACK
6
CONTINUOUS
10
4.0133039763779523
20
-2.1903367716535431
11
4.0203222834645667
21
-2.1939127559055116
0
LINE
8
BLACK
6
CONTINUOUS
10
4.0203222834645667
20
-2.1939127559055116
11
4.0266947244094489
21
-2.1985425984251967
0
LINE
8
BLACK
6
CONTINUOUS
10
4.0266947244094489
20
-2.1985425984251967
11
4.032264488188976
21
-2.2041123622047243
0
LINE
8
BLACK
6
CONTINUOUS
10
4.032264488188976
20
-2.2041123622047243
11
4.0368943307086615
21
-2.210484803149606
0
LINE
8
BLACK
6
CONTINUOUS
10
4.0368943307086615
20
-2.210484803149606
11
4.04047031496063
21
-2.2175031102362204
0
LINE
8
BLACK
6
CONTINUOUS
10
4.04047031496063
20
-2.2175031102362204
11
4.0429044094488189
21
-2.2249943700787402
0
LINE
8
BLACK
6
CONTINUOUS
10
4.0429044094488189
20
-2.2249943700787402
11
4.0441366141732287
21
-2.2327742125984251
0
LINE
8
BLACK
6
CONTINUOUS
10
4.0441366141732287
20
-2.2327742125984251
11
4.0441366141732287
21
-2.2406509842519684
0
LINE
8
BLACK
6
CONTINUOUS
10
4.0441366141732287
20
-2.2406509842519684
11
4.0429044094488189
21
-2.2484308267716533
0
LINE
8
BLACK
6
CONTINUOUS
10
4.0429044094488189
20
-2.2484308267716533
11
4.04047031496063
21
-2.2559220866141731
0
LINE
8
BLACK
6
CONTINUOUS
10
4.04047031496063
20
-2.2559220866141731
11
4.0368943307086615
21
-2.2629403937007875
0
LINE
8
BLACK
6
CONTINUOUS
10
4.0368943307086615
20
-2.2629403937007875
11
4.032264488188976
21
-2.2693128346456692
0
LINE
8
BLACK
6
CONTINUOUS
10
4.032264488188976
20
-2.2693128346456692
11
4.0266947244094489
21
-2.2748825984251968
0
LINE
8
BLACK
6
CONTINUOUS
10
4.0266947244094489
20
-2.2748825984251968
11
4.0203222834645667
21
-2.2795124409448819
0
LINE
8
BLACK
6
CONTINUOUS
10
4.0203222834645667
20
-2.2795124409448819
11
4.0133039763779523
21
-2.2830884251968504
0
LINE
8
BLACK
6
CONTINUOUS
10
4.0133039763779523
20
-2.2830884251968504
11
4.0058127165354334
21
-2.2855225196850393
0
LINE
8
BLACK
6
CONTINUOUS
10
4.0058127165354334
20
-2.2855225196850393
11
3.998032874015748
21
-2.2867547244094486
0
LINE
8
BLACK
6
CONTINUOUS
10
3.998032874015748
20
-2.2867547244094486
11
3.9901561023622047
21
-2.2867547244094486
0
LINE
8
BLACK
6
CONTINUOUS
10
3.9901561023622047
20
-2.2867547244094486
11
3.9823762598425194
21
-2.2855225196850393
0
LINE
8
BLACK
6
CONTINUOUS
10
3.9823762598425194
20
-2.2855225196850393
11
3.974885
21
-2.2830884251968504
0
LINE
8
BLACK
6
CONTINUOUS
10
3.974885
20
-2.2830884251968504
11
3.9678666929133857
21
-2.2795124409448819
0
LINE
8
BLACK
6
CONTINUOUS
10
3.9678666929133857
20
-2.2795124409448819
11
3.9614942519685039
21
-2.2748825984251968
0
LINE
8
BLACK
6
CONTINUOUS
10
3.9614942519685039
20
-2.2748825984251968
11
3.9559244881889764
21
-2.2693128346456692
0
LINE
8
BLACK
6
CONTINUOUS
10
3.9559244881889764
20
-2.2693128346456692
11
3.9512946456692912
21
-2.2629403937007875
0
LINE
8
BLACK
6
CONTINUOUS
10
3.9512946456692912
20
-2.2629403937007875
11
3.9477186614173227
21
-2.2559220866141731
0
LINE
8
BLACK
6
CONTINUOUS
10
3.9477186614173227
20
-2.2559220866141731
11
3.9452845669291339
21
-2.2484308267716533
0
LINE
8
BLACK
6
CONTINUOUS
10
3.9452845669291339
20
-2.2484308267716533
11
3.9440523622047241
21
-2.2406509842519684
0
LINE
8
BLACK
6
CONTINUOUS
10
3.9440523622047241
20
-2.2406509842519684
11
3.9440523622047241
21
-2.2327742125984251
0
LINE
8
BLACK
6
CONTINUOUS
10
3.9440523622047241
20
-2.2327742125984251
11
3.9452845669291339
21
-2.2249943700787402
0
LINE
8
BLACK
6
CONTINUOUS
10
3.9452845669291339
20
-2.2249943700787402
11
3.9477186614173227
21
-2.2175031102362204
0
LINE
8
BLACK
6
CONTINUOUS
10
3.9477186614173227
20
-2.2175031102362204
11
3.9512946456692912
21
-2.210484803149606
0
LINE
8
BLACK
6
CONTINUOUS
10
3.9512946456692912
20
-2.210484803149606
11
3.9559244881889764
21
-2.2041123622047243
0
LINE
8
BLACK
6
CONTINUOUS
10
3.9559244881889764
20
-2.2041123622047243
11
3.9614942519685039
21
-2.1985425984251967
0
LINE
8
BLACK
6
CONTINUOUS
10
3.9614942519685039
20
-2.1985425984251967
11
3.9678666929133857
21
-2.1939127559055116
0
LINE
8
BLACK
6
CONTINUOUS
10
3.9678666929133857
20
-2.1939127559055116
11
3.974885
21
-2.1903367716535431
0
LINE
8
BLACK
6
CONTINUOUS
10
3.974885
20
-2.1903367716535431
11
3.9823762598425194
21
-2.1879026771653542
0
LINE
8
BLACK
6
CONTINUOUS
10
3.9823762598425194
20
-2.1879026771653542
11
3.9901561023622047
21
-2.1866704724409449
0
LINE
8
BLACK
6
CONTINUOUS
10
3.9901561023622047
20
-2.1866704724409449
11
3.998032874015748
21
-2.1866704724409449
0
LINE
8
BLACK
6
CONTINUOUS
10
3.998032874015748
20
-2.1866704724409449
11
4.0058127165354334
21
-2.1879026771653542
0
LINE
8
BLACK
6
CONTINUOUS
10
4.5176237401574806
20
-2.1879026771653542
11
4.5251149999999996
21
-2.1903367716535431
0
LINE
8
BLACK
6
CONTINUOUS
10
4.5251149999999996
20
-2.1903367716535431
11
4.5321333070866139
21
-2.1939127559055116
0
LINE
8
BLACK
6
CONTINUOUS
10
4.5321333070866139
20
-2.1939127559055116
11
4.5385057480314961
21
-2.1985425984251967
0
LINE
8
BLACK
6
CONTINUOUS
10
4.5385057480314961
20
-2.1985425984251967
11
4.5440755118110232
21
-2.2041123622047243
0
LINE
8
BLACK
6
CONTINUOUS
10
4.5440755118110232
20
-2.2041123622047243
11
4.5487053543307088
21
-2.210484803149606
0
LINE
8
BLACK
6
CONTINUOUS
10
4.5487053543307088
20
-2.210484803149606
11
4.5522813385826773
21
-2.2175031102362204
0
LINE
8
BLACK
6
CONTINUOUS
10
4.5522813385826773
20
-2.2175031102362204
11
4.5547154330708661
21
-2.2249943700787402
0
LINE
8
BLACK
6
CONTINUOUS
10
4.5547154330708661
20
-2.2249943700787402
11
4.5559476377952759
21
-2.2327742125984251
0
LINE
8
BLACK
6
CONTINUOUS
10
4.5559476377952759
20
-2.2327742125984251
11
4.5559476377952759
21
-2.2406509842519684
0
LINE
8
BLACK
6
CONTINUOUS
10
4.5559476377952759
20
-2.2406509842519684
11
4.5547154330708661
21
-2.2484308267716533
0
LINE
8
BLACK
6
CONTINUOUS
10
4.5547154330708661
20
-2.2484308267716533
11
4.5522813385826773
21
-2.2559220866141731
0
LINE
8
BLACK
6
CONTINUOUS
10
4.5522813385826773
20
-2.2559220866141731
11
4.5487053543307088
21
-2.2629403937007875
0
LINE
8
BLACK
6
CONTINUOUS
10
4.5487053543307088
20
-2.2629403937007875
11
4.5440755118110232
21
-2.2693128346456692
0
LINE
8
BLACK
6
CONTINUOUS
10
4.5440755118110232
20
-2.2693128346456692
11
4.5385057480314961
21
-2.2748825984251968
0
LINE
8
BLACK
6
CONTINUOUS
10
4.5385057480314961
20
-2.2748825984251968
11
4.5321333070866139
21
-2.2795124409448819
0
LINE
8
BLACK
6
CONTINUOUS
10
4.5321333070866139
20
-2.2795124409448819
11
4.5251149999999996
21
-2.2830884251968504
0
LINE
8
BLACK
6
CONTINUOUS
10
4.5251149999999996
20
-2.2830884251968504
11
4.5176237401574806
21
-2.2855225196850393
0
LINE
8
BLACK
6
CONTINUOUS
10
4.5176237401574806
20
-2.2855225196850393
11
4.5098438976377953
21
-2.2867547244094486
0
LINE
8
BLACK
6
CONTINUOUS
10
4.5098438976377953
20
-2.2867547244094486
11
4.501967125984252
21
-2.2867547244094486
0
LINE
8
BLACK
6
CONTINUOUS
10
4.501967125984252
20
-2.2867547244094486
11
4.4941872834645666
21
-2.2855225196850393
0
LINE
8
BLACK
6
CONTINUOUS
10
4.4941872834645666
20
-2.2855225196850393
11
4.4866960236220468
21
-2.2830884251968504
0
LINE
8
BLACK
6
CONTINUOUS
10
4.4866960236220468
20
-2.2830884251968504
11
4.4796777165354333
21
-2.2795124409448819
0
LINE
8
BLACK
6
CONTINUOUS
10
4.4796777165354333
20
-2.2795124409448819
11
4.4733052755905511
21
-2.2748825984251968
0
LINE
8
BLACK
6
CONTINUOUS
10
4.4733052755905511
20
-2.2748825984251968
11
4.4677355118110231
21
-2.2693128346456692
0
LINE
8
BLACK
6
CONTINUOUS
10
4.4677355118110231
20
-2.2693128346456692
11
4.4631056692913385
21
-2.2629403937007875
0
LINE
8
BLACK
6
CONTINUOUS
10
4.4631056692913385
20
-2.2629403937007875
11
4.45952968503937
21
-2.2559220866141731
0
LINE
8
BLACK
6
CONTINUOUS
10
4.45952968503937
20
-2.2559220866141731
11
4.4570955905511811
21
-2.2484308267716533
0
LINE
8
BLACK
6
CONTINUOUS
10
4.4570955905511811
20
-2.2484308267716533
11
4.4558633858267713
21
-2.2406509842519684
0
LINE
8
BLACK
6
CONTINUOUS
10
4.4558633858267713
20
-2.2406509842519684
11
4.4558633858267713
21
-2.2327742125984251
0
LINE
8
BLACK
6
CONTINUOUS
10
4.4558633858267713
20
-2.2327742125984251
11
4.4570955905511811
21
-2.2249943700787402
0
LINE
8
BLACK
6
CONTINUOUS
10
4.4570955905511811
20
-2.2249943700787402
11
4.45952968503937
21
-2.2175031102362204
0
LINE
8
BLACK
6
CONTINUOUS
10
4.45952968503937
20
-2.2175031102362204
11
4.4631056692913385
21
-2.210484803149606
0
LINE
8
BLACK
6
CONTINUOUS
10
4.4631056692913385
20
-2.210484803149606
11
4.4677355118110231
21
-2.2041123622047243
0
LINE
8
BLACK
6
CONTINUOUS
10
4.4677355118110231
20
-2.2041123622047243
11
4.4733052755905511
21
-2.1985425984251967
0
LINE
8
BLACK
6
CONTINUOUS
10
4.4733052755905511
20
-2.1985425984251967
11
4.4796777165354333
21
-2.1939127559055116
0
LINE
8
BLACK
6
CONTINUOUS
10
4.4796777165354333
20
-2.1939127559055116
11
4.4866960236220468
21
-2.1903367716535431
0
LINE
8
BLACK
6
CONTINUOUS
10
4.4866960236220468
20
-2.1903367716535431
11
4.4941872834645666
21
-2.1879026771653542
0
LINE
8
BLACK
6
CONTINUOUS
10
4.4941872834645666
20
-2.1879026771653542
11
4.501967125984252
21
-2.1866704724409449
0
LINE
8
BLACK
6
CONTINUOUS
10
4.501967125984252
20
-2.1866704724409449
11
4.5098438976377953
21
-2.1866704724409449
0
LINE
8
BLACK
6
CONTINUOUS
10
4.5098438976377953
20
-2.1866704724409449
11
4.5176237401574806
21
-2.1879026771653542
0
LINE
8
BLACK
6
CONTINUOUS
10
4.7144741338582676
20
-2.1879026771653542
11
4.7219653937007875
21
-2.1903367716535431
0
LINE
8
BLACK
6
CONTINUOUS
10
4.7219653937007875
20
-2.1903367716535431
11
4.7289837007874018
21
-2.1939127559055116
0
LINE
8
BLACK
6
CONTINUOUS
10
4.7289837007874018
20
-2.1939127559055116
11
4.7353561417322831
21
-2.1985425984251967
0
LINE
8
BLACK
6
CONTINUOUS
10
4.7353561417322831
20
-2.1985425984251967
11
4.7409259055118111
21
-2.2041123622047243
0
LINE
8
BLACK
6
CONTINUOUS
10
4.7409259055118111
20
-2.2041123622047243
11
4.7455557480314958
21
-2.210484803149606
0
LINE
8
BLACK
6
CONTINUOUS
10
4.7455557480314958
20
-2.210484803149606
11
4.7491317322834643
21
-2.2175031102362204
0
LINE
8
BLACK
6
CONTINUOUS
10
4.7491317322834643
20
-2.2175031102362204
11
4.7515658267716532
21
-2.2249943700787402
0
LINE
8
BLACK
6
CONTINUOUS
10
4.7515658267716532
20
-2.2249943700787402
11
4.7527980314960629
21
-2.2327742125984251
0
LINE
8
BLACK
6
CONTINUOUS
10
4.7527980314960629
20
-2.2327742125984251
11
4.7527980314960629
21
-2.2406509842519684
0
LINE
8
BLACK
6
CONTINUOUS
10
4.7527980314960629
20
-2.2406509842519684
11
4.7515658267716532
21
-2.2484308267716533
0
LINE
8
BLACK
6
CONTINUOUS
10
4.7515658267716532
20
-2.2484308267716533
11
4.7491317322834643
21
-2.2559220866141731
0
LINE
8
BLACK
6
CONTINUOUS
10
4.7491317322834643
20
-2.2559220866141731
11
4.7455557480314958
21
-2.2629403937007875
0
LINE
8
BLACK
6
CONTINUOUS
10
4.7455557480314958
20
-2.2629403937007875
11
4.7409259055118111
21
-2.2693128346456692
0
LINE
8
BLACK
6
CONTINUOUS
10
4.7409259055118111
20
-2.2693128346456692
11
4.7353561417322831
21
-2.2748825984251968
0
LINE
8
BLACK
6
CONTINUOUS
10
4.7353561417322831
20
-2.2748825984251968
11
4.7289837007874018
21
-2.2795124409448819
0
LINE
8
BLACK
6
CONTINUOUS
10
4.7289837007874018
20
-2.2795124409448819
11
4.7219653937007875
21
-2.2830884251968504
0
LINE
8
BLACK
6
CONTINUOUS
10
4.7219653937007875
20
-2.2830884251968504
11
4.7144741338582676
21
-2.2855225196850393
0
LINE
8
BLACK
6
CONTINUOUS
10
4.7144741338582676
20
-2.2855225196850393
11
4.7066942913385823
21
-2.2867547244094486
0
LINE
8
BLACK
6
CONTINUOUS
10
4.7066942913385823
20
-2.2867547244094486
11
4.698817519685039
21
-2.2867547244094486
0
LINE
8
BLACK
6
CONTINUOUS
10
4.698817519685039
20
-2.2867547244094486
11
4.6910376771653546
21
-2.2855225196850393
0
LINE
8
BLACK
6
CONTINUOUS
10
4.6910376771653546
20
-2.2855225196850393
11
4.6835464173228347
21
-2.2830884251968504
0
LINE
8
BLACK
6
CONTINUOUS
10
4.6835464173228347
20
-2.2830884251968504
11
4.6765281102362204
21
-2.2795124409448819
0
LINE
8
BLACK
6
CONTINUOUS
10
4.6765281102362204
20
-2.2795124409448819
11
4.6701556692913382
21
-2.2748825984251968
0
LINE
8
BLACK
6
CONTINUOUS
10
4.6701556692913382
20
-2.2748825984251968
11
4.6645859055118111
21
-2.2693128346456692
0
LINE
8
BLACK
6
CONTINUOUS
10
4.6645859055118111
20
-2.2693128346456692
11
4.6599560629921255
21
-2.2629403937007875
0
LINE
8
BLACK
6
CONTINUOUS
10
4.6599560629921255
20
-2.2629403937007875
11
4.656380078740157
21
-2.2559220866141731
0
LINE
8
BLACK
6
CONTINUOUS
10
4.656380078740157
20
-2.2559220866141731
11
4.6539459842519681
21
-2.2484308267716533
0
LINE
8
BLACK
6
CONTINUOUS
10
4.6539459842519681
20
-2.2484308267716533
11
4.6527137795275593
21
-2.2406509842519684
0
LINE
8
BLACK
6
CONTINUOUS
10
4.6527137795275593
20
-2.2406509842519684
11
4.6527137795275593
21
-2.2327742125984251
0
LINE
8
BLACK
6
CONTINUOUS
10
4.6527137795275593
20
-2.2327742125984251
11
4.6539459842519681
21
-2.2249943700787402
0
LINE
8
BLACK
6
CONTINUOUS
10
4.6539459842519681
20
-2.2249943700787402
11
4.656380078740157
21
-2.2175031102362204
0
LINE
8
BLACK
6
CONTINUOUS
10
4.656380078740157
20
-2.2175031102362204
11
4.6599560629921255
21
-2.210484803149606
0
LINE
8
BLACK
6
CONTINUOUS
10
4.6599560629921255
20
-2.210484803149606
11
4.6645859055118111
21
-2.2041123622047243
0
LINE
8
BLACK
6
CONTINUOUS
10
4.6645859055118111
20
-2.2041123622047243
11
4.6701556692913382
21
-2.1985425984251967
0
LINE
8
BLACK
6
CONTINUOUS
10
4.6701556692913382
20
-2.1985425984251967
11
4.6765281102362204
21
-2.1939127559055116
0
LINE
8
BLACK
6
CONTINUOUS
10
4.6765281102362204
20
-2.1939127559055116
11
4.6835464173228347
21
-2.1903367716535431
0
LINE
8
BLACK
6
CONTINUOUS
10
4.6835464173228347
20
-2.1903367716535431
11
4.6910376771653546
21
-2.1879026771653542
0
LINE
8
BLACK
6
CONTINUOUS
10
4.6910376771653546
20
-2.1879026771653542
11
4.698817519685039
21
-2.1866704724409449
0
LINE
8
BLACK
6
CONTINUOUS
10
4.698817519685039
20
-2.1866704724409449
11
4.7066942913385823
21
-2.1866704724409449
0
LINE
8
BLACK
6
CONTINUOUS
10
4.7066942913385823
20
-2.1866704724409449
11
4.7144741338582676
21
-2.1879026771653542
0
LINE
8
BLACK
6
CONTINUOUS
10
5.2262851574803149
20
-2.1879026771653542
11
5.2337764173228347
21
-2.1903367716535431
0
LINE
8
BLACK
6
CONTINUOUS
10
5.2337764173228347
20
-2.1903367716535431
11
5.240794724409449
21
-2.1939127559055116
0
LINE
8
BLACK
6
CONTINUOUS
10
5.240794724409449
20
-2.1939127559055116
11
5.2471671653543304
21
-2.1985425984251967
0
LINE
8
BLACK
6
CONTINUOUS
10
5.2471671653543304
20
-2.1985425984251967
11
5.2527369291338584
21
-2.2041123622047243
0
LINE
8
BLACK
6
CONTINUOUS
10
5.2527369291338584
20
-2.2041123622047243
11
5.257366771653543
21
-2.210484803149606
0
LINE
8
BLACK
6
CONTINUOUS
10
5.257366771653543
20
-2.210484803149606
11
5.2609427559055115
21
-2.2175031102362204
0
LINE
8
BLACK
6
CONTINUOUS
10
5.2609427559055115
20
-2.2175031102362204
11
5.2633768503937004
21
-2.2249943700787402
0
LINE
8
BLACK
6
CONTINUOUS
10
5.2633768503937004
20
-2.2249943700787402
11
5.2646090551181102
21
-2.2327742125984251
0
LINE
8
BLACK
6
CONTINUOUS
10
5.2646090551181102
20
-2.2327742125984251
11
5.2646090551181102
21
-2.2406509842519684
0
LINE
8
BLACK
6
CONTINUOUS
10
5.2646090551181102
20
-2.2406509842519684
11
5.2633768503937004
21
-2.2484308267716533
0
LINE
8
BLACK
6
CONTINUOUS
10
5.2633768503937004
20
-2.2484308267716533
11
5.2609427559055115
21
-2.2559220866141731
0
LINE
8
BLACK
6
CONTINUOUS
10
5.2609427559055115
20
-2.2559220866141731
11
5.257366771653543
21
-2.2629403937007875
0
LINE
8
BLACK
6
CONTINUOUS
10
5.257366771653543
20
-2.2629403937007875
11
5.2527369291338584
21
-2.2693128346456692
0
LINE
8
BLACK
6
CONTINUOUS
10
5.2527369291338584
20
-2.2693128346456692
11
5.2471671653543304
21
-2.2748825984251968
0
LINE
8
BLACK
6
CONTINUOUS
10
5.2471671653543304
20
-2.2748825984251968
11
5.240794724409449
21
-2.2795124409448819
0
LINE
8
BLACK
6
CONTINUOUS
10
5.240794724409449
20
-2.2795124409448819
11
5.2337764173228347
21
-2.2830884251968504
0
LINE
8
BLACK
6
CONTINUOUS
10
5.2337764173228347
20
-2.2830884251968504
11
5.2262851574803149
21
-2.2855225196850393
0
LINE
8
BLACK
6
CONTINUOUS
10
5.2262851574803149
20
-2.2855225196850393
11
5.2185053149606295
21
-2.2867547244094486
0
LINE
8
BLACK
6
CONTINUOUS
10
5.2185053149606295
20
-2.2867547244094486
11
5.2106285433070862
21
-2.2867547244094486
0
LINE
8
BLACK
6
CONTINUOUS
10
5.2106285433070862
20
-2.2867547244094486
11
5.2028487007874018
21
-2.2855225196850393
0
LINE
8
BLACK
6
CONTINUOUS
10
5.2028487007874018
20
-2.2855225196850393
11
5.1953574409448819
21
-2.2830884251968504
0
LINE
8
BLACK
6
CONTINUOUS
10
5.1953574409448819
20
-2.2830884251968504
11
5.1883391338582676
21
-2.2795124409448819
0
LINE
8
BLACK
6
CONTINUOUS
10
5.1883391338582676
20
-2.2795124409448819
11
5.1819666929133854
21
-2.2748825984251968
0
LINE
8
BLACK
6
CONTINUOUS
10
5.1819666929133854
20
-2.2748825984251968
11
5.1763969291338583
21
-2.2693128346456692
0
LINE
8
BLACK
6
CONTINUOUS
10
5.1763969291338583
20
-2.2693128346456692
11
5.1717670866141727
21
-2.2629403937007875
0
LINE
8
BLACK
6
CONTINUOUS
10
5.1717670866141727
20
-2.2629403937007875
11
5.1681911023622042
21
-2.2559220866141731
0
LINE
8
BLACK
6
CONTINUOUS
10
5.1681911023622042
20
-2.2559220866141731
11
5.1657570078740154
21
-2.2484308267716533
0
LINE
8
BLACK
6
CONTINUOUS
10
5.1657570078740154
20
-2.2484308267716533
11
5.1645248031496065
21
-2.2406509842519684
0
LINE
8
BLACK
6
CONTINUOUS
10
5.1645248031496065
20
-2.2406509842519684
11
5.1645248031496065
21
-2.2327742125984251
0
LINE
8
BLACK
6
CONTINUOUS
10
5.1645248031496065
20
-2.2327742125984251
11
5.1657570078740154
21
-2.2249943700787402
0
LINE
8
BLACK
6
CONTINUOUS
10
5.1657570078740154
20
-2.2249943700787402
11
5.1681911023622042
21
-2.2175031102362204
0
LINE
8
BLACK
6
CONTINUOUS
10
5.1681911023622042
20
-2.2175031102362204
11
5.1717670866141727
21
-2.210484803149606
0
LINE
8
BLACK
6
CONTINUOUS
10
5.1717670866141727
20
-2.210484803149606
11
5.1763969291338583
21
-2.2041123622047243
0
LINE
8
BLACK
6
CONTINUOUS
10
5.1763969291338583
20
-2.2041123622047243
11
5.1819666929133854
21
-2.1985425984251967
0
LINE
8
BLACK
6
CONTINUOUS
10
5.1819666929133854
20
-2.1985425984251967
11
5.1883391338582676
21
-2.1939127559055116
0
LINE
8
BLACK
6
CONTINUOUS
10
5.1883391338582676
20
-2.1939127559055116
11
5.1953574409448819
21
-2.1903367716535431
0
LINE
8
BLACK
6
CONTINUOUS
10
5.1953574409448819
20
-2.1903367716535431
11
5.2028487007874018
21
-2.1879026771653542
0
LINE
8
BLACK
6
CONTINUOUS
10
5.2028487007874018
20
-2.1879026771653542
11
5.2106285433070862
21
-2.1866704724409449
0
LINE
8
BLACK
6
CONTINUOUS
10
5.2106285433070862
20
-2.1866704724409449
11
5.2185053149606295
21
-2.1866704724409449
0
LINE
8
BLACK
6
CONTINUOUS
10
5.2185053149606295
20
-2.1866704724409449
11
5.2262851574803149
21
-2.1879026771653542
0
LINE
8
BLACK
6
CONTINUOUS
10
5.4231355511811019
20
-2.1879026771653542
11
5.4306268110236218
21
-2.1903367716535431
0
LINE
8
BLACK
6
CONTINUOUS
10
5.4306268110236218
20
-2.1903367716535431
11
5.4376451181102361
21
-2.1939127559055116
0
LINE
8
BLACK
6
CONTINUOUS
10
5.4376451181102361
20
-2.1939127559055116
11
5.4440175590551183
21
-2.1985425984251967
0
LINE
8
BLACK
6
CONTINUOUS
10
5.4440175590551183
20
-2.1985425984251967
11
5.4495873228346454
21
-2.2041123622047243
0
LINE
8
BLACK
6
CONTINUOUS
10
5.4495873228346454
20
-2.2041123622047243
11
5.454217165354331
21
-2.210484803149606
0
LINE
8
BLACK
6
CONTINUOUS
10
5.454217165354331
20
-2.210484803149606
11
5.4577931496062995
21
-2.2175031102362204
0
LINE
8
BLACK
6
CONTINUOUS
10
5.4577931496062995
20
-2.2175031102362204
11
5.4602272440944883
21
-2.2249943700787402
0
LINE
8
BLACK
6
CONTINUOUS
10
5.4602272440944883
20
-2.2249943700787402
11
5.4614594488188972
21
-2.2327742125984251
0
LINE
8
BLACK
6
CONTINUOUS
10
5.4614594488188972
20
-2.2327742125984251
11
5.4614594488188972
21
-2.2406509842519684
0
LINE
8
BLACK
6
CONTINUOUS
10
5.4614594488188972
20
-2.2406509842519684
11
5.4602272440944883
21
-2.2484308267716533
0
LINE
8
BLACK
6
CONTINUOUS
10
5.4602272440944883
20
-2.2484308267716533
11
5.4577931496062995
21
-2.2559220866141731
0
LINE
8
BLACK
6
CONTINUOUS
10
5.4577931496062995
20
-2.2559220866141731
11
5.454217165354331
21
-2.2629403937007875
0
LINE
8
BLACK
6
CONTINUOUS
10
5.454217165354331
20
-2.2629403937007875
11
5.4495873228346454
21
-2.2693128346456692
0
LINE
8
BLACK
6
CONTINUOUS
10
5.4495873228346454
20
-2.2693128346456692
11
5.4440175590551183
21
-2.2748825984251968
0
LINE
8
BLACK
6
CONTINUOUS
10
5.4440175590551183
20
-2.2748825984251968
11
5.4376451181102361
21
-2.2795124409448819
0
LINE
8
BLACK
6
CONTINUOUS
10
5.4376451181102361
20
-2.2795124409448819
11
5.4306268110236218
21
-2.2830884251968504
0
LINE
8
BLACK
6
CONTINUOUS
10
5.4306268110236218
20
-2.2830884251968504
11
5.4231355511811019
21
-2.2855225196850393
0
LINE
8
BLACK
6
CONTINUOUS
10
5.4231355511811019
20
-2.2855225196850393
11
5.4153557086614175
21
-2.2867547244094486
0
LINE
8
BLACK
6
CONTINUOUS
10
5.4153557086614175
20
-2.2867547244094486
11
5.4074789370078742
21
-2.2867547244094486
0
LINE
8
BLACK
6
CONTINUOUS
10
5.4074789370078742
20
-2.2867547244094486
11
5.3996990944881889
21
-2.2855225196850393
0
LINE
8
BLACK
6
CONTINUOUS
10
5.3996990944881889
20
-2.2855225196850393
11
5.392207834645669
21
-2.2830884251968504
0
LINE
8
BLACK
6
CONTINUOUS
10
5.392207834645669
20
-2.2830884251968504
11
5.3851895275590547
21
-2.2795124409448819
0
LINE
8
BLACK
6
CONTINUOUS
10
5.3851895275590547
20
-2.2795124409448819
11
5.3788170866141733
21
-2.2748825984251968
0
LINE
8
BLACK
6
CONTINUOUS
10
5.3788170866141733
20
-2.2748825984251968
11
5.3732473228346453
21
-2.2693128346456692
0
LINE
8
BLACK
6
CONTINUOUS
10
5.3732473228346453
20
-2.2693128346456692
11
5.3686174803149607
21
-2.2629403937007875
0
LINE
8
BLACK
6
CONTINUOUS
10
5.3686174803149607
20
-2.2629403937007875
11
5.3650414960629922
21
-2.2559220866141731
0
LINE
8
BLACK
6
CONTINUOUS
10
5.3650414960629922
20
-2.2559220866141731
11
5.3626074015748033
21
-2.2484308267716533
0
LINE
8
BLACK
6
CONTINUOUS
10
5.3626074015748033
20
-2.2484308267716533
11
5.3613751968503935
21
-2.2406509842519684
0
LINE
8
BLACK
6
CONTINUOUS
10
5.3613751968503935
20
-2.2406509842519684
11
5.3613751968503935
21
-2.2327742125984251
0
LINE
8
BLACK
6
CONTINUOUS
10
5.3613751968503935
20
-2.2327742125984251
11
5.3626074015748033
21
-2.2249943700787402
0
LINE
8
BLACK
6
CONTINUOUS
10
5.3626074015748033
20
-2.2249943700787402
11
5.3650414960629922
21
-2.2175031102362204
0
LINE
8
BLACK
6
CONTINUOUS
10
5.3650414960629922
20
-2.2175031102362204
11
5.3686174803149607
21
-2.210484803149606
0
LINE
8
BLACK
6
CONTINUOUS
10
5.3686174803149607
20
-2.210484803149606
11
5.3732473228346453
21
-2.2041123622047243
0
LINE
8
BLACK
6
CONTINUOUS
10
5.3732473228346453
20
-2.2041123622047243
11
5.3788170866141733
21
-2.1985425984251967
0
LINE
8
BLACK
6
CONTINUOUS
10
5.3788170866141733
20
-2.1985425984251967
11
5.3851895275590547
21
-2.1939127559055116
0
LINE
8
BLACK
6
CONTINUOUS
10
5.3851895275590547
20
-2.1939127559055116
11
5.392207834645669
21
-2.1903367716535431
0
LINE
8
BLACK
6
CONTINUOUS
10
5.392207834645669
20
-2.1903367716535431
11
5.3996990944881889
21
-2.1879026771653542
0
LINE
8
BLACK
6
CONTINUOUS
10
5.3996990944881889
20
-2.1879026771653542
11
5.4074789370078742
21
-2.1866704724409449
0
LINE
8
BLACK
6
CONTINUOUS
10
5.4074789370078742
20
-2.1866704724409449
11
5.4153557086614175
21
-2.1866704724409449
0
LINE
8
BLACK
6
CONTINUOUS
10
5.4153557086614175
20
-2.1866704724409449
11
5.4231355511811019
21
-2.1879026771653542
0
LINE
8
BLACK
6
CONTINUOUS
10
6.2913385826771648
20
-2.2724409448818896
11
6.2519685039370074
21
-2.2724409448818896
0
LINE
8
BLACK
6
CONTINUOUS
10
6.2519685039370074
20
-2.2724409448818896
11
6.2519685039370074
21
-2.2606299212598424
0
LINE
8
BLACK
6
CONTINUOUS
10
6.2519685039370074
20
-2.2606299212598424
11
6.2913385826771648
21
-2.2606299212598424
0
LINE
8
BLACK
6
CONTINUOUS
10
6.2913385826771648
20
-2.2606299212598424
11
6.2913385826771648
21
-2.2724409448818896
0
LINE
8
BLACK
6
CONTINUOUS
10
6.2913385826771648
20
-2.2527559055118109
11
6.2519685039370074
21
-2.2527559055118109
0
LINE
8
BLACK
6
CONTINUOUS
10
6.2519685039370074
20
-2.2527559055118109
11
6.2519685039370074
21
-2.2409448818897637
0
LINE
8
BLACK
6
CONTINUOUS
10
6.2519685039370074
20
-2.2409448818897637
11
6.2913385826771648
21
-2.2409448818897637
0
LINE
8
BLACK
6
CONTINUOUS
10
6.2913385826771648
20
-2.2409448818897637
11
6.2913385826771648
21
-2.2527559055118109
0
LINE
8
BLACK
6
CONTINUOUS
10
6.2913385826771648
20
-2.2330708661417322
11
6.2519685039370074
21
-2.2330708661417322
0
LINE
8
BLACK
6
CONTINUOUS
10
6.2519685039370074
20
-2.2330708661417322
11
6.2519685039370074
21
-2.221259842519685
0
LINE
8
BLACK
6
CONTINUOUS
10
6.2519685039370074
20
-2.221259842519685
11
6.2913385826771648
21
-2.221259842519685
0
LINE
8
BLACK
6
CONTINUOUS
10
6.2913385826771648
20
-2.221259842519685
11
6.2913385826771648
21
-2.2330708661417322
0
LINE
8
BLACK
6
CONTINUOUS
10
6.2913385826771648
20
-2.2133858267716535
11
6.2519685039370074
21
-2.2133858267716535
0
LINE
8
BLACK
6
CONTINUOUS
10
6.2519685039370074
20
-2.2133858267716535
11
6.2519685039370074
21
-2.2015748031496063
0
LINE
8
BLACK
6
CONTINUOUS
10
6.2519685039370074
20
-2.2015748031496063
11
6.2913385826771648
21
-2.2015748031496063
0
LINE
8
BLACK
6
CONTINUOUS
10
6.2913385826771648
20
-2.2015748031496063
11
6.2913385826771648
21
-2.2133858267716535
0
LINE
8
BLACK
6
CONTINUOUS
10
6.2913385826771648
20
-2.1937007874015748
11
6.2519685039370074
21
-2.1937007874015748
0
LINE
8
BLACK
6
CONTINUOUS
10
6.2519685039370074
20
-2.1937007874015748
11
6.2519685039370074
21
-2.1818897637795276
0
LINE
8
BLACK
6
CONTINUOUS
10
6.2519685039370074
20
-2.1818897637795276
11
6.2913385826771648
21
-2.1818897637795276
0
LINE
8
BLACK
6
CONTINUOUS
10
6.2913385826771648
20
-2.1818897637795276
11
6.2913385826771648
21
-2.1937007874015748
0
LINE
8
BLACK
6
CONTINUOUS
10
6.2913385826771648
20
-2.1740157480314961
11
6.2519685039370074
21
-2.1740157480314961
0
LINE
8
BLACK
6
CONTINUOUS
10
6.2519685039370074
20
-2.1740157480314961
11
6.2519685039370074
21
-2.1622047244094489
0
LINE
8
BLACK
6
CONTINUOUS
10
6.2519685039370074
20
-2.1622047244094489
11
6.2913385826771648
21
-2.1622047244094489
0
LINE
8
BLACK
6
CONTINUOUS
10
6.2913385826771648
20
-2.1622047244094489
11
6.2913385826771648
21
-2.1740157480314961
0
LINE
8
BLACK
6
CONTINUOUS
10
6.2913385826771648
20
-2.1543307086614174
11
6.2519685039370074
21
-2.1543307086614174
0
LINE
8
BLACK
6
CONTINUOUS
10
6.2519685039370074
20
-2.1543307086614174
11
6.2519685039370074
21
-2.1425196850393702
0
LINE
8
BLACK
6
CONTINUOUS
10
6.2519685039370074
20
-2.1425196850393702
11
6.2913385826771648
21
-2.1425196850393702
0
LINE
8
BLACK
6
CONTINUOUS
10
6.2913385826771648
20
-2.1425196850393702
11
6.2913385826771648
21
-2.1543307086614174
0
LINE
8
BLACK
6
CONTINUOUS
10
6.2913385826771648
20
-2.1346456692913387
11
6.2519685039370074
21
-2.1346456692913387
0
LINE
8
BLACK
6
CONTINUOUS
10
6.2519685039370074
20
-2.1346456692913387
11
6.2519685039370074
21
-2.1228346456692915
0
LINE
8
BLACK
6
CONTINUOUS
10
6.2519685039370074
20
-2.1228346456692915
11
6.2913385826771648
21
-2.1228346456692915
0
LINE
8
BLACK
6
CONTINUOUS
10
6.2913385826771648
20
-2.1228346456692915
11
6.2913385826771648
21
-2.1346456692913387
0
LINE
8
BLACK
6
CONTINUOUS
10
6.2913385826771648
20
-2.11496062992126
11
6.2519685039370074
21
-2.11496062992126
0
LINE
8
BLACK
6
CONTINUOUS
10
6.2519685039370074
20
-2.11496062992126
11
6.2519685039370074
21
-2.1031496062992128
0
LINE
8
BLACK
6
CONTINUOUS
10
6.2519685039370074
20
-2.1031496062992128
11
6.2913385826771648
21
-2.1031496062992128
0
LINE
8
BLACK
6
CONTINUOUS
10
6.2913385826771648
20
-2.1031496062992128
11
6.2913385826771648
21
-2.11496062992126
0
LINE
8
BLACK
6
CONTINUOUS
10
6.2913385826771648
20
-2.0952755905511808
11
6.2519685039370074
21
-2.0952755905511808
0
LINE
8
BLACK
6
CONTINUOUS
10
6.2519685039370074
20
-2.0952755905511808
11
6.2519685039370074
21
-2.0834645669291336
0
LINE
8
BLACK
6
CONTINUOUS
10
6.2519685039370074
20
-2.0834645669291336
11
6.2913385826771648
21
-2.0834645669291336
0
LINE
8
BLACK
6
CONTINUOUS
10
6.2913385826771648
20
-2.0834645669291336
11
6.2913385826771648
21
-2.0952755905511808
0
LINE
8
BLACK
6
CONTINUOUS
10
6.2913385826771648
20
-2.0755905511811021
11
6.2519685039370074
21
-2.0755905511811021
0
LINE
8
BLACK
6
CONTINUOUS
10
6.2519685039370074
20
-2.0755905511811021
11
6.2519685039370074
21
-2.0637795275590549
0
LINE
8
BLACK
6
CONTINUOUS
10
6.2519685039370074
20
-2.0637795275590549
11
6.2913385826771648
21
-2.0637795275590549
0
LINE
8
BLACK
6
CONTINUOUS
10
6.2913385826771648
20
-2.0637795275590549
11
6.2913385826771648
21
-2.0755905511811021
0
LINE
8
BLACK
6
CONTINUOUS
10
2.9790438582677163
20
-2.0116061023622045
11
2.984391653543307
21
-2.0138212204724408
0
LINE
8
BLACK
6
CONTINUOUS
10
2.984391653543307
20
-2.0138212204724408
11
2.9892045275590551
21
-2.0170370866141734
0
LINE
8
BLACK
6
CONTINUOUS
10
2.9892045275590551
20
-2.0170370866141734
11
2.9932975590551179
21
-2.0211301181102361
0
LINE
8
BLACK
6
CONTINUOUS
10
2.9932975590551179
20
-2.0211301181102361
11
2.9965134251968504
21
-2.0259429921259842
0
LINE
8
BLACK
6
CONTINUOUS
10
2.9965134251968504
20
-2.0259429921259842
11
2.9987285433070867
21
-2.0312907874015749
0
LINE
8
BLACK
6
CONTINUOUS
10
2.9987285433070867
20
-2.0312907874015749
11
2.999857834645669
21
-2.0369679921259842
0
LINE
8
BLACK
6
CONTINUOUS
10
2.999857834645669
20
-2.0369679921259842
11
2.999857834645669
21
-2.0427564173228347
0
LINE
8
BLACK
6
CONTINUOUS
10
2.999857834645669
20
-2.0427564173228347
11
2.9987285433070867
21
-2.0484336220472441
0
LINE
8
BLACK
6
CONTINUOUS
10
2.9987285433070867
20
-2.0484336220472441
11
2.9965134251968504
21
-2.0537814173228348
0
LINE
8
BLACK
6
CONTINUOUS
10
2.9965134251968504
20
-2.0537814173228348
11
2.9932975590551179
21
-2.0585942913385828
0
LINE
8
BLACK
6
CONTINUOUS
10
2.9932975590551179
20
-2.0585942913385828
11
2.9892045275590551
21
-2.0626873228346456
0
LINE
8
BLACK
6
CONTINUOUS
10
2.9892045275590551
20
-2.0626873228346456
11
2.984391653543307
21
-2.0659031889763777
0
LINE
8
BLACK
6
CONTINUOUS
10
2.984391653543307
20
-2.0659031889763777
11
2.9790438582677163
21
-2.068118307086614
0
LINE
8
BLACK
6
CONTINUOUS
10
2.9790438582677163
20
-2.068118307086614
11
2.973366653543307
21
-2.0692475984251968
0
LINE
8
BLACK
6
CONTINUOUS
10
2.973366653543307
20
-2.0692475984251968
11
2.9675782283464565
21
-2.0692475984251968
0
LINE
8
BLACK
6
CONTINUOUS
10
2.9675782283464565
20
-2.0692475984251968
11
2.9619010236220471
21
-2.068118307086614
0
LINE
8
BLACK
6
CONTINUOUS
10
2.9619010236220471
20
-2.068118307086614
11
2.9565532283464568
21
-2.0659031889763777
0
LINE
8
BLACK
6
CONTINUOUS
10
2.9565532283464568
20
-2.0659031889763777
11
2.9517403543307088
21
-2.0626873228346456
0
LINE
8
BLACK
6
CONTINUOUS
10
2.9517403543307088
20
-2.0626873228346456
11
2.9476473228346456
21
-2.0585942913385828
0
LINE
8
BLACK
6
CONTINUOUS
10
2.9476473228346456
20
-2.0585942913385828
11
2.9444314566929135
21
-2.0537814173228348
0
LINE
8
BLACK
6
CONTINUOUS
10
2.9444314566929135
20
-2.0537814173228348
11
2.9422163385826772
21
-2.0484336220472441
0
LINE
8
BLACK
6
CONTINUOUS
10
2.9422163385826772
20
-2.0484336220472441
11
2.9410870472440944
21
-2.0427564173228347
0
LINE
8
BLACK
6
CONTINUOUS
10
2.9410870472440944
20
-2.0427564173228347
11
2.9410870472440944
21
-2.0369679921259842
0
LINE
8
BLACK
6
CONTINUOUS
10
2.9410870472440944
20
-2.0369679921259842
11
2.9422163385826772
21
-2.0312907874015749
0
LINE
8
BLACK
6
CONTINUOUS
10
2.9422163385826772
20
-2.0312907874015749
11
2.9444314566929135
21
-2.0259429921259842
0
LINE
8
BLACK
6
CONTINUOUS
10
2.9444314566929135
20
-2.0259429921259842
11
2.9476473228346456
21
-2.0211301181102361
0
LINE
8
BLACK
6
CONTINUOUS
10
2.9476473228346456
20
-2.0211301181102361
11
2.9517403543307088
21
-2.0170370866141734
0
LINE
8
BLACK
6
CONTINUOUS
10
2.9517403543307088
20
-2.0170370866141734
11
2.9565532283464568
21
-2.0138212204724408
0
LINE
8
BLACK
6
CONTINUOUS
10
2.9565532283464568
20
-2.0138212204724408
11
2.9619010236220471
21
-2.0116061023622045
0
LINE
8
BLACK
6
CONTINUOUS
10
2.9619010236220471
20
-2.0116061023622045
11
2.9675782283464565
21
-2.0104768110236222
0
LINE
8
BLACK
6
CONTINUOUS
10
2.9675782283464565
20
-2.0104768110236222
11
2.973366653543307
21
-2.0104768110236222
0
LINE
8
BLACK
6
CONTINUOUS
10
2.973366653543307
20
-2.0104768110236222
11
2.9790438582677163
21
-2.0116061023622045
0
LINE
8
BLACK
6
CONTINUOUS
10
3.4121147244094487
20
-2.0116061023622045
11
3.4174625196850394
21
-2.0138212204724408
0
LINE
8
BLACK
6
CONTINUOUS
10
3.4174625196850394
20
-2.0138212204724408
11
3.4222753937007875
21
-2.0170370866141734
0
LINE
8
BLACK
6
CONTINUOUS
10
3.4222753937007875
20
-2.0170370866141734
11
3.4263684251968503
21
-2.0211301181102361
0
LINE
8
BLACK
6
CONTINUOUS
10
3.4263684251968503
20
-2.0211301181102361
11
3.4295842913385828
21
-2.0259429921259842
0
LINE
8
BLACK
6
CONTINUOUS
10
3.4295842913385828
20
-2.0259429921259842
11
3.4317994094488187
21
-2.0312907874015749
0
LINE
8
BLACK
6
CONTINUOUS
10
3.4317994094488187
20
-2.0312907874015749
11
3.4329287007874014
21
-2.0369679921259842
0
LINE
8
BLACK
6
CONTINUOUS
10
3.4329287007874014
20
-2.0369679921259842
11
3.4329287007874014
21
-2.0427564173228347
0
LINE
8
BLACK
6
CONTINUOUS
10
3.4329287007874014
20
-2.0427564173228347
11
3.4317994094488187
21
-2.0484336220472441
0
LINE
8
BLACK
6
CONTINUOUS
10
3.4317994094488187
20
-2.0484336220472441
11
3.4295842913385828
21
-2.0537814173228348
0
LINE
8
BLACK
6
CONTINUOUS
10
3.4295842913385828
20
-2.0537814173228348
11
3.4263684251968503
21
-2.0585942913385828
0
LINE
8
BLACK
6
CONTINUOUS
10
3.4263684251968503
20
-2.0585942913385828
11
3.4222753937007875
21
-2.0626873228346456
0
LINE
8
BLACK
6
CONTINUOUS
10
3.4222753937007875
20
-2.0626873228346456
11
3.4174625196850394
21
-2.0659031889763777
0
LINE
8
BLACK
6
CONTINUOUS
10
3.4174625196850394
20
-2.0659031889763777
11
3.4121147244094487
21
-2.068118307086614
0
LINE
8
BLACK
6
CONTINUOUS
10
3.4121147244094487
20
-2.068118307086614
11
3.4064375196850394
21
-2.0692475984251968
0
LINE
8
BLACK
6
CONTINUOUS
10
3.4064375196850394
20
-2.0692475984251968
11
3.4006490944881889
21
-2.0692475984251968
0
LINE
8
BLACK
6
CONTINUOUS
10
3.4006490944881889
20
-2.0692475984251968
11
3.3949718897637795
21
-2.068118307086614
0
LINE
8
BLACK
6
CONTINUOUS
10
3.3949718897637795
20
-2.068118307086614
11
3.3896240944881888
21
-2.0659031889763777
0
LINE
8
BLACK
6
CONTINUOUS
10
3.3896240944881888
20
-2.0659031889763777
11
3.3848112204724408
21
-2.0626873228346456
0
LINE
8
BLACK
6
CONTINUOUS
10
3.3848112204724408
20
-2.0626873228346456
11
3.380718188976378
21
-2.0585942913385828
0
LINE
8
BLACK
6
CONTINUOUS
10
3.380718188976378
20
-2.0585942913385828
11
3.3775023228346455
21
-2.0537814173228348
0
LINE
8
BLACK
6
CONTINUOUS
10
3.3775023228346455
20
-2.0537814173228348
11
3.3752872047244096
21
-2.0484336220472441
0
LINE
8
BLACK
6
CONTINUOUS
10
3.3752872047244096
20
-2.0484336220472441
11
3.3741579133858268
21
-2.0427564173228347
0
LINE
8
BLACK
6
CONTINUOUS
10
3.3741579133858268
20
-2.0427564173228347
11
3.3741579133858268
21
-2.0369679921259842
0
LINE
8
BLACK
6
CONTINUOUS
10
3.3741579133858268
20
-2.0369679921259842
11
3.3752872047244096
21
-2.0312907874015749
0
LINE
8
BLACK
6
CONTINUOUS
10
3.3752872047244096
20
-2.0312907874015749
11
3.3775023228346455
21
-2.0259429921259842
0
LINE
8
BLACK
6
CONTINUOUS
10
3.3775023228346455
20
-2.0259429921259842
11
3.380718188976378
21
-2.0211301181102361
0
LINE
8
BLACK
6
CONTINUOUS
10
3.380718188976378
20
-2.0211301181102361
11
3.3848112204724408
21
-2.0170370866141734
0
LINE
8
BLACK
6
CONTINUOUS
10
3.3848112204724408
20
-2.0170370866141734
11
3.3896240944881888
21
-2.0138212204724408
0
LINE
8
BLACK
6
CONTINUOUS
10
3.3896240944881888
20
-2.0138212204724408
11
3.3949718897637795
21
-2.0116061023622045
0
LINE
8
BLACK
6
CONTINUOUS
10
3.3949718897637795
20
-2.0116061023622045
11
3.4006490944881889
21
-2.0104768110236222
0
LINE
8
BLACK
6
CONTINUOUS
10
3.4006490944881889
20
-2.0104768110236222
11
3.4064375196850394
21
-2.0104768110236222
0
LINE
8
BLACK
6
CONTINUOUS
10
3.4064375196850394
20
-2.0104768110236222
11
3.4121147244094487
21
-2.0116061023622045
0
LINE
8
BLACK
6
CONTINUOUS
10
3.6877052755905511
20
-2.0116061023622045
11
3.6930530708661418
21
-2.0138212204724408
0
LINE
8
BLACK
6
CONTINUOUS
10
3.6930530708661418
20
-2.0138212204724408
11
3.6978659448818898
21
-2.0170370866141734
0
LINE
8
BLACK
6
CONTINUOUS
10
3.6978659448818898
20
-2.0170370866141734
11
3.7019589763779526
21
-2.0211301181102361
0
LINE
8
BLACK
6
CONTINUOUS
10
3.7019589763779526
20
-2.0211301181102361
11
3.7051748425196851
21
-2.0259429921259842
0
LINE
8
BLACK
6
CONTINUOUS
10
3.7051748425196851
20
-2.0259429921259842
11
3.707389960629921
21
-2.0312907874015749
0
LINE
8
BLACK
6
CONTINUOUS
10
3.707389960629921
20
-2.0312907874015749
11
3.7085192519685037
21
-2.0369679921259842
0
LINE
8
BLACK
6
CONTINUOUS
10
3.7085192519685037
20
-2.0369679921259842
11
3.7085192519685037
21
-2.0427564173228347
0
LINE
8
BLACK
6
CONTINUOUS
10
3.7085192519685037
20
-2.0427564173228347
11
3.707389960629921
21
-2.0484336220472441
0
LINE
8
BLACK
6
CONTINUOUS
10
3.707389960629921
20
-2.0484336220472441
11
3.7051748425196851
21
-2.0537814173228348
0
LINE
8
BLACK
6
CONTINUOUS
10
3.7051748425196851
20
-2.0537814173228348
11
3.7019589763779526
21
-2.0585942913385828
0
LINE
8
BLACK
6
CONTINUOUS
10
3.7019589763779526
20
-2.0585942913385828
11
3.6978659448818898
21
-2.0626873228346456
0
LINE
8
BLACK
6
CONTINUOUS
10
3.6978659448818898
20
-2.0626873228346456
11
3.6930530708661418
21
-2.0659031889763777
0
LINE
8
BLACK
6
CONTINUOUS
10
3.6930530708661418
20
-2.0659031889763777
11
3.6877052755905511
21
-2.068118307086614
0
LINE
8
BLACK
6
CONTINUOUS
10
3.6877052755905511
20
-2.068118307086614
11
3.6820280708661417
21
-2.0692475984251968
0
LINE
8
BLACK
6
CONTINUOUS
10
3.6820280708661417
20
-2.0692475984251968
11
3.6762396456692912
21
-2.0692475984251968
0
LINE
8
BLACK
6
CONTINUOUS
10
3.6762396456692912
20
-2.0692475984251968
11
3.6705624409448818
21
-2.068118307086614
0
LINE
8
BLACK
6
CONTINUOUS
10
3.6705624409448818
20
-2.068118307086614
11
3.6652146456692911
21
-2.0659031889763777
0
LINE
8
BLACK
6
CONTINUOUS
10
3.6652146456692911
20
-2.0659031889763777
11
3.6604017716535431
21
-2.0626873228346456
0
LINE
8
BLACK
6
CONTINUOUS
10
3.6604017716535431
20
-2.0626873228346456
11
3.6563087401574803
21
-2.0585942913385828
0
LINE
8
BLACK
6
CONTINUOUS
10
3.6563087401574803
20
-2.0585942913385828
11
3.6530928740157478
21
-2.0537814173228348
0
LINE
8
BLACK
6
CONTINUOUS
10
3.6530928740157478
20
-2.0537814173228348
11
3.6508777559055119
21
-2.0484336220472441
0
LINE
8
BLACK
6
CONTINUOUS
10
3.6508777559055119
20
-2.0484336220472441
11
3.6497484645669291
21
-2.0427564173228347
0
LINE
8
BLACK
6
CONTINUOUS
10
3.6497484645669291
20
-2.0427564173228347
11
3.6497484645669291
21
-2.0369679921259842
0
LINE
8
BLACK
6
CONTINUOUS
10
3.6497484645669291
20
-2.0369679921259842
11
3.6508777559055119
21
-2.0312907874015749
0
LINE
8
BLACK
6
CONTINUOUS
10
3.6508777559055119
20
-2.0312907874015749
11
3.6530928740157478
21
-2.0259429921259842
0
LINE
8
BLACK
6
CONTINUOUS
10
3.6530928740157478
20
-2.0259429921259842
11
3.6563087401574803
21
-2.0211301181102361
0
LINE
8
BLACK
6
CONTINUOUS
10
3.6563087401574803
20
-2.0211301181102361
11
3.6604017716535431
21
-2.0170370866141734
0
LINE
8
BLACK
6
CONTINUOUS
10
3.6604017716535431
20
-2.0170370866141734
11
3.6652146456692911
21
-2.0138212204724408
0
LINE
8
BLACK
6
CONTINUOUS
10
3.6652146456692911
20
-2.0138212204724408
11
3.6705624409448818
21
-2.0116061023622045
0
LINE
8
BLACK
6
CONTINUOUS
10
3.6705624409448818
20
-2.0116061023622045
11
3.6762396456692912
21
-2.0104768110236222
0
LINE
8
BLACK
6
CONTINUOUS
10
3.6762396456692912
20
-2.0104768110236222
11
3.6820280708661417
21
-2.0104768110236222
0
LINE
8
BLACK
6
CONTINUOUS
10
3.6820280708661417
20
-2.0104768110236222
11
3.6877052755905511
21
-2.0116061023622045
0
LINE
8
BLACK
6
CONTINUOUS
10
4.120776141732283
20
-2.0116061023622045
11
4.1261239370078737
21
-2.0138212204724408
0
LINE
8
BLACK
6
CONTINUOUS
10
4.1261239370078737
20
-2.0138212204724408
11
4.1309368110236218
21
-2.0170370866141734
0
LINE
8
BLACK
6
CONTINUOUS
10
4.1309368110236218
20
-2.0170370866141734
11
4.1350298425196845
21
-2.0211301181102361
0
LINE
8
BLACK
6
CONTINUOUS
10
4.1350298425196845
20
-2.0211301181102361
11
4.1382457086614171
21
-2.0259429921259842
0
LINE
8
BLACK
6
CONTINUOUS
10
4.1382457086614171
20
-2.0259429921259842
11
4.1404608267716538
21
-2.0312907874015749
0
LINE
8
BLACK
6
CONTINUOUS
10
4.1404608267716538
20
-2.0312907874015749
11
4.1415901181102361
21
-2.0369679921259842
0
LINE
8
BLACK
6
CONTINUOUS
10
4.1415901181102361
20
-2.0369679921259842
11
4.1415901181102361
21
-2.0427564173228347
0
LINE
8
BLACK
6
CONTINUOUS
10
4.1415901181102361
20
-2.0427564173228347
11
4.1404608267716538
21
-2.0484336220472441
0
LINE
8
BLACK
6
CONTINUOUS
10
4.1404608267716538
20
-2.0484336220472441
11
4.1382457086614171
21
-2.0537814173228348
0
LINE
8
BLACK
6
CONTINUOUS
10
4.1382457086614171
20
-2.0537814173228348
11
4.1350298425196845
21
-2.0585942913385828
0
LINE
8
BLACK
6
CONTINUOUS
10
4.1350298425196845
20
-2.0585942913385828
11
4.1309368110236218
21
-2.0626873228346456
0
LINE
8
BLACK
6
CONTINUOUS
10
4.1309368110236218
20
-2.0626873228346456
11
4.1261239370078737
21
-2.0659031889763777
0
LINE
8
BLACK
6
CONTINUOUS
10
4.1261239370078737
20
-2.0659031889763777
11
4.120776141732283
21
-2.068118307086614
0
LINE
8
BLACK
6
CONTINUOUS
10
4.120776141732283
20
-2.068118307086614
11
4.1150989370078737
21
-2.0692475984251968
0
LINE
8
BLACK
6
CONTINUOUS
10
4.1150989370078737
20
-2.0692475984251968
11
4.1093105118110236
21
-2.0692475984251968
0
LINE
8
BLACK
6
CONTINUOUS
10
4.1093105118110236
20
-2.0692475984251968
11
4.1036333070866142
21
-2.068118307086614
0
LINE
8
BLACK
6
CONTINUOUS
10
4.1036333070866142
20
-2.068118307086614
11
4.0982855118110235
21
-2.0659031889763777
0
LINE
8
BLACK
6
CONTINUOUS
10
4.0982855118110235
20
-2.0659031889763777
11
4.0934726377952755
21
-2.0626873228346456
0
LINE
8
BLACK
6
CONTINUOUS
10
4.0934726377952755
20
-2.0626873228346456
11
4.0893796062992127
21
-2.0585942913385828
0
LINE
8
BLACK
6
CONTINUOUS
10
4.0893796062992127
20
-2.0585942913385828
11
4.0861637401574802
21
-2.0537814173228348
0
LINE
8
BLACK
6
CONTINUOUS
10
4.0861637401574802
20
-2.0537814173228348
11
4.0839486220472443
21
-2.0484336220472441
0
LINE
8
BLACK
6
CONTINUOUS
10
4.0839486220472443
20
-2.0484336220472441
11
4.0828193307086611
21
-2.0427564173228347
0
LINE
8
BLACK
6
CONTINUOUS
10
4.0828193307086611
20
-2.0427564173228347
11
4.0828193307086611
21
-2.0369679921259842
0
LINE
8
BLACK
6
CONTINUOUS
10
4.0828193307086611
20
-2.0369679921259842
11
4.0839486220472443
21
-2.0312907874015749
0
LINE
8
BLACK
6
CONTINUOUS
10
4.0839486220472443
20
-2.0312907874015749
11
4.0861637401574802
21
-2.0259429921259842
0
LINE
8
BLACK
6
CONTINUOUS
10
4.0861637401574802
20
-2.0259429921259842
11
4.0893796062992127
21
-2.0211301181102361
0
LINE
8
BLACK
6
CONTINUOUS
10
4.0893796062992127
20
-2.0211301181102361
11
4.0934726377952755
21
-2.0170370866141734
0
LINE
8
BLACK
6
CONTINUOUS
10
4.0934726377952755
20
-2.0170370866141734
11
4.0982855118110235
21
-2.0138212204724408
0
LINE
8
BLACK
6
CONTINUOUS
10
4.0982855118110235
20
-2.0138212204724408
11
4.1036333070866142
21
-2.0116061023622045
0
LINE
8
BLACK
6
CONTINUOUS
10
4.1036333070866142
20
-2.0116061023622045
11
4.1093105118110236
21
-2.0104768110236222
0
LINE
8
BLACK
6
CONTINUOUS
10
4.1093105118110236
20
-2.0104768110236222
11
4.1150989370078737
21
-2.0104768110236222
0
LINE
8
BLACK
6
CONTINUOUS
10
4.1150989370078737
20
-2.0104768110236222
11
4.120776141732283
21
-2.0116061023622045
0
LINE
8
BLACK
6
CONTINUOUS
10
4.3963666929133858
20
-2.0116061023622045
11
4.4017144881889765
21
-2.0138212204724408
0
LINE
8
BLACK
6
CONTINUOUS
10
4.4017144881889765
20
-2.0138212204724408
11
4.4065273622047245
21
-2.0170370866141734
0
LINE
8
BLACK
6
CONTINUOUS
10
4.4065273622047245
20
-2.0170370866141734
11
4.4106203937007873
21
-2.0211301181102361
0
LINE
8
BLACK
6
CONTINUOUS
10
4.4106203937007873
20
-2.0211301181102361
11
4.4138362598425198
21
-2.0259429921259842
0
LINE
8
BLACK
6
CONTINUOUS
10
4.4138362598425198
20
-2.0259429921259842
11
4.4160513779527557
21
-2.0312907874015749
0
LINE
8
BLACK
6
CONTINUOUS
10
4.4160513779527557
20
-2.0312907874015749
11
4.4171806692913389
21
-2.0369679921259842
0
LINE
8
BLACK
6
CONTINUOUS
10
4.4171806692913389
20
-2.0369679921259842
11
4.4171806692913389
21
-2.0427564173228347
0
LINE
8
BLACK
6
CONTINUOUS
10
4.4171806692913389
20
-2.0427564173228347
11
4.4160513779527557
21
-2.0484336220472441
0
LINE
8
BLACK
6
CONTINUOUS
10
4.4160513779527557
20
-2.0484336220472441
11
4.4138362598425198
21
-2.0537814173228348
0
LINE
8
BLACK
6
CONTINUOUS
10
4.4138362598425198
20
-2.0537814173228348
11
4.4106203937007873
21
-2.0585942913385828
0
LINE
8
BLACK
6
CONTINUOUS
10
4.4106203937007873
20
-2.0585942913385828
11
4.4065273622047245
21
-2.0626873228346456
0
LINE
8
BLACK
6
CONTINUOUS
10
4.4065273622047245
20
-2.0626873228346456
11
4.4017144881889765
21
-2.0659031889763777
0
LINE
8
BLACK
6
CONTINUOUS
10
4.4017144881889765
20
-2.0659031889763777
11
4.3963666929133858
21
-2.068118307086614
0
LINE
8
BLACK
6
CONTINUOUS
10
4.3963666929133858
20
-2.068118307086614
11
4.3906894881889764
21
-2.0692475984251968
0
LINE
8
BLACK
6
CONTINUOUS
10
4.3906894881889764
20
-2.0692475984251968
11
4.3849010629921255
21
-2.0692475984251968
0
LINE
8
BLACK
6
CONTINUOUS
10
4.3849010629921255
20
-2.0692475984251968
11
4.3792238582677161
21
-2.068118307086614
0
LINE
8
BLACK
6
CONTINUOUS
10
4.3792238582677161
20
-2.068118307086614
11
4.3738760629921263
21
-2.0659031889763777
0
LINE
8
BLACK
6
CONTINUOUS
10
4.3738760629921263
20
-2.0659031889763777
11
4.3690631889763782
21
-2.0626873228346456
0
LINE
8
BLACK
6
CONTINUOUS
10
4.3690631889763782
20
-2.0626873228346456
11
4.3649701574803146
21
-2.0585942913385828
0
LINE
8
BLACK
6
CONTINUOUS
10
4.3649701574803146
20
-2.0585942913385828
11
4.3617542913385829
21
-2.0537814173228348
0
LINE
8
BLACK
6
CONTINUOUS
10
4.3617542913385829
20
-2.0537814173228348
11
4.3595391732283462
21
-2.0484336220472441
0
LINE
8
BLACK
6
CONTINUOUS
10
4.3595391732283462
20
-2.0484336220472441
11
4.3584098818897639
21
-2.0427564173228347
0
LINE
8
BLACK
6
CONTINUOUS
10
4.3584098818897639
20
-2.0427564173228347
11
4.3584098818897639
21
-2.0369679921259842
0
LINE
8
BLACK
6
CONTINUOUS
10
4.3584098818897639
20
-2.0369679921259842
11
4.3595391732283462
21
-2.0312907874015749
0
LINE
8
BLACK
6
CONTINUOUS
10
4.3595391732283462
20
-2.0312907874015749
11
4.3617542913385829
21
-2.0259429921259842
0
LINE
8
BLACK
6
CONTINUOUS
10
4.3617542913385829
20
-2.0259429921259842
11
4.3649701574803146
21
-2.0211301181102361
0
LINE
8
BLACK
6
CONTINUOUS
10
4.3649701574803146
20
-2.0211301181102361
11
4.3690631889763782
21
-2.0170370866141734
0
LINE
8
BLACK
6
CONTINUOUS
10
4.3690631889763782
20
-2.0170370866141734
11
4.3738760629921263
21
-2.0138212204724408
0
LINE
8
BLACK
6
CONTINUOUS
10
4.3738760629921263
20
-2.0138212204724408
11
4.3792238582677161
21
-2.0116061023622045
0
LINE
8
BLACK
6
CONTINUOUS
10
4.3792238582677161
20
-2.0116061023622045
11
4.3849010629921255
21
-2.0104768110236222
0
LINE
8
BLACK
6
CONTINUOUS
10
4.3849010629921255
20
-2.0104768110236222
11
4.3906894881889764
21
-2.0104768110236222
0
LINE
8
BLACK
6
CONTINUOUS
10
4.3906894881889764
20
-2.0104768110236222
11
4.3963666929133858
21
-2.0116061023622045
0
LINE
8
BLACK
6
CONTINUOUS
10
4.8294375590551182
20
-2.0116061023622045
11
4.8347853543307089
21
-2.0138212204724408
0
LINE
8
BLACK
6
CONTINUOUS
10
4.8347853543307089
20
-2.0138212204724408
11
4.8395982283464569
21
-2.0170370866141734
0
LINE
8
BLACK
6
CONTINUOUS
10
4.8395982283464569
20
-2.0170370866141734
11
4.8436912598425197
21
-2.0211301181102361
0
LINE
8
BLACK
6
CONTINUOUS
10
4.8436912598425197
20
-2.0211301181102361
11
4.8469071259842522
21
-2.0259429921259842
0
LINE
8
BLACK
6
CONTINUOUS
10
4.8469071259842522
20
-2.0259429921259842
11
4.8491222440944881
21
-2.0312907874015749
0
LINE
8
BLACK
6
CONTINUOUS
10
4.8491222440944881
20
-2.0312907874015749
11
4.8502515354330704
21
-2.0369679921259842
0
LINE
8
BLACK
6
CONTINUOUS
10
4.8502515354330704
20
-2.0369679921259842
11
4.8502515354330704
21
-2.0427564173228347
0
LINE
8
BLACK
6
CONTINUOUS
10
4.8502515354330704
20
-2.0427564173228347
11
4.8491222440944881
21
-2.0484336220472441
0
LINE
8
BLACK
6
CONTINUOUS
10
4.8491222440944881
20
-2.0484336220472441
11
4.8469071259842522
21
-2.0537814173228348
0
LINE
8
BLACK
6
CONTINUOUS
10
4.8469071259842522
20
-2.0537814173228348
11
4.8436912598425197
21
-2.0585942913385828
0
LINE
8
BLACK
6
CONTINUOUS
10
4.8436912598425197
20
-2.0585942913385828
11
4.8395982283464569
21
-2.0626873228346456
0
LINE
8
BLACK
6
CONTINUOUS
10
4.8395982283464569
20
-2.0626873228346456
11
4.8347853543307089
21
-2.0659031889763777
0
LINE
8
BLACK
6
CONTINUOUS
10
4.8347853543307089
20
-2.0659031889763777
11
4.8294375590551182
21
-2.068118307086614
0
LINE
8
BLACK
6
CONTINUOUS
10
4.8294375590551182
20
-2.068118307086614
11
4.8237603543307088
21
-2.0692475984251968
0
LINE
8
BLACK
6
CONTINUOUS
10
4.8237603543307088
20
-2.0692475984251968
11
4.8179719291338579
21
-2.0692475984251968
0
LINE
8
BLACK
6
CONTINUOUS
10
4.8179719291338579
20
-2.0692475984251968
11
4.8122947244094485
21
-2.068118307086614
0
LINE
8
BLACK
6
CONTINUOUS
10
4.8122947244094485
20
-2.068118307086614
11
4.8069469291338578
21
-2.0659031889763777
0
LINE
8
BLACK
6
CONTINUOUS
10
4.8069469291338578
20
-2.0659031889763777
11
4.8021340551181098
21
-2.0626873228346456
0
LINE
8
BLACK
6
CONTINUOUS
10
4.8021340551181098
20
-2.0626873228346456
11
4.798041023622047
21
-2.0585942913385828
0
LINE
8
BLACK
6
CONTINUOUS
10
4.798041023622047
20
-2.0585942913385828
11
4.7948251574803145
21
-2.0537814173228348
0
LINE
8
BLACK
6
CONTINUOUS
10
4.7948251574803145
20
-2.0537814173228348
11
4.7926100393700786
21
-2.0484336220472441
0
LINE
8
BLACK
6
CONTINUOUS
10
4.7926100393700786
20
-2.0484336220472441
11
4.7914807480314963
21
-2.0427564173228347
0
LINE
8
BLACK
6
CONTINUOUS
10
4.7914807480314963
20
-2.0427564173228347
11
4.7914807480314963
21
-2.0369679921259842
0
LINE
8
BLACK
6
CONTINUOUS
10
4.7914807480314963
20
-2.0369679921259842
11
4.7926100393700786
21
-2.0312907874015749
0
LINE
8
BLACK
6
CONTINUOUS
10
4.7926100393700786
20
-2.0312907874015749
11
4.7948251574803145
21
-2.0259429921259842
0
LINE
8
BLACK
6
CONTINUOUS
10
4.7948251574803145
20
-2.0259429921259842
11
4.798041023622047
21
-2.0211301181102361
0
LINE
8
BLACK
6
CONTINUOUS
10
4.798041023622047
20
-2.0211301181102361
11
4.8021340551181098
21
-2.0170370866141734
0
LINE
8
BLACK
6
CONTINUOUS
10
4.8021340551181098
20
-2.0170370866141734
11
4.8069469291338578
21
-2.0138212204724408
0
LINE
8
BLACK
6
CONTINUOUS
10
4.8069469291338578
20
-2.0138212204724408
11
4.8122947244094485
21
-2.0116061023622045
0
LINE
8
BLACK
6
CONTINUOUS
10
4.8122947244094485
20
-2.0116061023622045
11
4.8179719291338579
21
-2.0104768110236222
0
LINE
8
BLACK
6
CONTINUOUS
10
4.8179719291338579
20
-2.0104768110236222
11
4.8237603543307088
21
-2.0104768110236222
0
LINE
8
BLACK
6
CONTINUOUS
10
4.8237603543307088
20
-2.0104768110236222
11
4.8294375590551182
21
-2.0116061023622045
0
LINE
8
BLACK
6
CONTINUOUS
10
5.1050281102362201
20
-2.0116061023622045
11
5.1103759055118108
21
-2.0138212204724408
0
LINE
8
BLACK
6
CONTINUOUS
10
5.1103759055118108
20
-2.0138212204724408
11
5.1151887795275588
21
-2.0170370866141734
0
LINE
8
BLACK
6
CONTINUOUS
10
5.1151887795275588
20
-2.0170370866141734
11
5.1192818110236216
21
-2.0211301181102361
0
LINE
8
BLACK
6
CONTINUOUS
10
5.1192818110236216
20
-2.0211301181102361
11
5.1224976771653541
21
-2.0259429921259842
0
LINE
8
BLACK
6
CONTINUOUS
10
5.1224976771653541
20
-2.0259429921259842
11
5.1247127952755909
21
-2.0312907874015749
0
LINE
8
BLACK
6
CONTINUOUS
10
5.1247127952755909
20
-2.0312907874015749
11
5.1258420866141732
21
-2.0369679921259842
0
LINE
8
BLACK
6
CONTINUOUS
10
5.1258420866141732
20
-2.0369679921259842
11
5.1258420866141732
21
-2.0427564173228347
0
LINE
8
BLACK
6
CONTINUOUS
10
5.1258420866141732
20
-2.0427564173228347
11
5.1247127952755909
21
-2.0484336220472441
0
LINE
8
BLACK
6
CONTINUOUS
10
5.1247127952755909
20
-2.0484336220472441
11
5.1224976771653541
21
-2.0537814173228348
0
LINE
8
BLACK
6
CONTINUOUS
10
5.1224976771653541
20
-2.0537814173228348
11
5.1192818110236216
21
-2.0585942913385828
0
LINE
8
BLACK
6
CONTINUOUS
10
5.1192818110236216
20
-2.0585942913385828
11
5.1151887795275588
21
-2.0626873228346456
0
LINE
8
BLACK
6
CONTINUOUS
10
5.1151887795275588
20
-2.0626873228346456
11
5.1103759055118108
21
-2.0659031889763777
0
LINE
8
BLACK
6
CONTINUOUS
10
5.1103759055118108
20
-2.0659031889763777
11
5.1050281102362201
21
-2.068118307086614
0
LINE
8
BLACK
6
CONTINUOUS
10
5.1050281102362201
20
-2.068118307086614
11
5.0993509055118107
21
-2.0692475984251968
0
LINE
8
BLACK
6
CONTINUOUS
10
5.0993509055118107
20
-2.0692475984251968
11
5.0935624803149606
21
-2.0692475984251968
0
LINE
8
BLACK
6
CONTINUOUS
10
5.0935624803149606
20
-2.0692475984251968
11
5.0878852755905513
21
-2.068118307086614
0
LINE
8
BLACK
6
CONTINUOUS
10
5.0878852755905513
20
-2.068118307086614
11
5.0825374803149606
21
-2.0659031889763777
0
LINE
8
BLACK
6
CONTINUOUS
10
5.0825374803149606
20
-2.0659031889763777
11
5.0777246062992125
21
-2.0626873228346456
0
LINE
8
BLACK
6
CONTINUOUS
10
5.0777246062992125
20
-2.0626873228346456
11
5.0736315748031497
21
-2.0585942913385828
0
LINE
8
BLACK
6
CONTINUOUS
10
5.0736315748031497
20
-2.0585942913385828
11
5.0704157086614172
21
-2.0537814173228348
0
LINE
8
BLACK
6
CONTINUOUS
10
5.0704157086614172
20
-2.0537814173228348
11
5.0682005905511813
21
-2.0484336220472441
0
LINE
8
BLACK
6
CONTINUOUS
10
5.0682005905511813
20
-2.0484336220472441
11
5.0670712992125981
21
-2.0427564173228347
0
LINE
8
BLACK
6
CONTINUOUS
10
5.0670712992125981
20
-2.0427564173228347
11
5.0670712992125981
21
-2.0369679921259842
0
LINE
8
BLACK
6
CONTINUOUS
10
5.0670712992125981
20
-2.0369679921259842
11
5.0682005905511813
21
-2.0312907874015749
0
LINE
8
BLACK
6
CONTINUOUS
10
5.0682005905511813
20
-2.0312907874015749
11
5.0704157086614172
21
-2.0259429921259842
0
LINE
8
BLACK
6
CONTINUOUS
10
5.0704157086614172
20
-2.0259429921259842
11
5.0736315748031497
21
-2.0211301181102361
0
LINE
8
BLACK
6
CONTINUOUS
10
5.0736315748031497
20
-2.0211301181102361
11
5.0777246062992125
21
-2.0170370866141734
0
LINE
8
BLACK
6
CONTINUOUS
10
5.0777246062992125
20
-2.0170370866141734
11
5.0825374803149606
21
-2.0138212204724408
0
LINE
8
BLACK
6
CONTINUOUS
10
5.0825374803149606
20
-2.0138212204724408
11
5.0878852755905513
21
-2.0116061023622045
0
LINE
8
BLACK
6
CONTINUOUS
10
5.0878852755905513
20
-2.0116061023622045
11
5.0935624803149606
21
-2.0104768110236222
0
LINE
8
BLACK
6
CONTINUOUS
10
5.0935624803149606
20
-2.0104768110236222
11
5.0993509055118107
21
-2.0104768110236222
0
LINE
8
BLACK
6
CONTINUOUS
10
5.0993509055118107
20
-2.0104768110236222
11
5.1050281102362201
21
-2.0116061023622045
0
LINE
8
BLACK
6
CONTINUOUS
10
5.5380989763779525
20
-2.0116061023622045
11
5.5434467716535432
21
-2.0138212204724408
0
LINE
8
BLACK
6
CONTINUOUS
10
5.5434467716535432
20
-2.0138212204724408
11
5.5482596456692912
21
-2.0170370866141734
0
LINE
8
BLACK
6
CONTINUOUS
10
5.5482596456692912
20
-2.0170370866141734
11
5.552352677165354
21
-2.0211301181102361
0
LINE
8
BLACK
6
CONTINUOUS
10
5.552352677165354
20
-2.0211301181102361
11
5.5555685433070865
21
-2.0259429921259842
0
LINE
8
BLACK
6
CONTINUOUS
10
5.5555685433070865
20
-2.0259429921259842
11
5.5577836614173224
21
-2.0312907874015749
0
LINE
8
BLACK
6
CONTINUOUS
10
5.5577836614173224
20
-2.0312907874015749
11
5.5589129527559056
21
-2.0369679921259842
0
LINE
8
BLACK
6
CONTINUOUS
10
5.5589129527559056
20
-2.0369679921259842
11
5.5589129527559056
21
-2.0427564173228347
0
LINE
8
BLACK
6
CONTINUOUS
10
5.5589129527559056
20
-2.0427564173228347
11
5.5577836614173224
21
-2.0484336220472441
0
LINE
8
BLACK
6
CONTINUOUS
10
5.5577836614173224
20
-2.0484336220472441
11
5.5555685433070865
21
-2.0537814173228348
0
LINE
8
BLACK
6
CONTINUOUS
10
5.5555685433070865
20
-2.0537814173228348
11
5.552352677165354
21
-2.0585942913385828
0
LINE
8
BLACK
6
CONTINUOUS
10
5.552352677165354
20
-2.0585942913385828
11
5.5482596456692912
21
-2.0626873228346456
0
LINE
8
BLACK
6
CONTINUOUS
10
5.5482596456692912
20
-2.0626873228346456
11
5.5434467716535432
21
-2.0659031889763777
0
LINE
8
BLACK
6
CONTINUOUS
10
5.5434467716535432
20
-2.0659031889763777
11
5.5380989763779525
21
-2.068118307086614
0
LINE
8
BLACK
6
CONTINUOUS
10
5.5380989763779525
20
-2.068118307086614
11
5.5324217716535431
21
-2.0692475984251968
0
LINE
8
BLACK
6
CONTINUOUS
10
5.5324217716535431
20
-2.0692475984251968
11
5.526633346456693
21
-2.0692475984251968
0
LINE
8
BLACK
6
CONTINUOUS
10
5.526633346456693
20
-2.0692475984251968
11
5.5209561417322837
21
-2.068118307086614
0
LINE
8
BLACK
6
CONTINUOUS
10
5.5209561417322837
20
-2.068118307086614
11
5.515608346456693
21
-2.0659031889763777
0
LINE
8
BLACK
6
CONTINUOUS
10
5.515608346456693
20
-2.0659031889763777
11
5.5107954724409449
21
-2.0626873228346456
0
LINE
8
BLACK
6
CONTINUOUS
10
5.5107954724409449
20
-2.0626873228346456
11
5.5067024409448821
21
-2.0585942913385828
0
LINE
8
BLACK
6
CONTINUOUS
10
5.5067024409448821
20
-2.0585942913385828
11
5.5034865748031496
21
-2.0537814173228348
0
LINE
8
BLACK
6
CONTINUOUS
10
5.5034865748031496
20
-2.0537814173228348
11
5.5012714566929128
21
-2.0484336220472441
0
LINE
8
BLACK
6
CONTINUOUS
10
5.5012714566929128
20
-2.0484336220472441
11
5.5001421653543305
21
-2.0427564173228347
0
LINE
8
BLACK
6
CONTINUOUS
10
5.5001421653543305
20
-2.0427564173228347
11
5.5001421653543305
21
-2.0369679921259842
0
LINE
8
BLACK
6
CONTINUOUS
10
5.5001421653543305
20
-2.0369679921259842
11
5.5012714566929128
21
-2.0312907874015749
0
LINE
8
BLACK
6
CONTINUOUS
10
5.5012714566929128
20
-2.0312907874015749
11
5.5034865748031496
21
-2.0259429921259842
0
LINE
8
BLACK
6
CONTINUOUS
10
5.5034865748031496
20
-2.0259429921259842
11
5.5067024409448821
21
-2.0211301181102361
0
LINE
8
BLACK
6
CONTINUOUS
10
5.5067024409448821
20
-2.0211301181102361
11
5.5107954724409449
21
-2.0170370866141734
0
LINE
8
BLACK
6
CONTINUOUS
10
5.5107954724409449
20
-2.0170370866141734
11
5.515608346456693
21
-2.0138212204724408
0
LINE
8
BLACK
6
CONTINUOUS
10
5.515608346456693
20
-2.0138212204724408
11
5.5209561417322837
21
-2.0116061023622045
0
LINE
8
BLACK
6
CONTINUOUS
10
5.5209561417322837
20
-2.0116061023622045
11
5.526633346456693
21
-2.0104768110236222
0
LINE
8
BLACK
6
CONTINUOUS
10
5.526633346456693
20
-2.0104768110236222
11
5.5324217716535431
21
-2.0104768110236222
0
LINE
8
BLACK
6
CONTINUOUS
10
5.5324217716535431
20
-2.0104768110236222
11
5.5380989763779525
21
-2.0116061023622045
0
LINE
8
BLACK
6
CONTINUOUS
10
6.2913385826771648
20
-2.0559055118110234
11
6.2519685039370074
21
-2.0559055118110234
0
LINE
8
BLACK
6
CONTINUOUS
10
6.2519685039370074
20
-2.0559055118110234
11
6.2519685039370074
21
-2.0440944881889762
0
LINE
8
BLACK
6
CONTINUOUS
10
6.2519685039370074
20
-2.0440944881889762
11
6.2913385826771648
21
-2.0440944881889762
0
LINE
8
BLACK
6
CONTINUOUS
10
6.2913385826771648
20
-2.0440944881889762
11
6.2913385826771648
21
-2.0559055118110234
0
LINE
8
BLACK
6
CONTINUOUS
10
6.2913385826771648
20
-2.0362204724409447
11
6.2519685039370074
21
-2.0362204724409447
0
LINE
8
BLACK
6
CONTINUOUS
10
6.2519685039370074
20
-2.0362204724409447
11
6.2519685039370074
21
-2.0244094488188975
0
LINE
8
BLACK
6
CONTINUOUS
10
6.2519685039370074
20
-2.0244094488188975
11
6.2913385826771648
21
-2.0244094488188975
0
LINE
8
BLACK
6
CONTINUOUS
10
6.2913385826771648
20
-2.0244094488188975
11
6.2913385826771648
21
-2.0362204724409447
0
LINE
8
BLACK
6
CONTINUOUS
10
6.2913385826771648
20
-2.016535433070866
11
6.2519685039370074
21
-2.016535433070866
0
LINE
8
BLACK
6
CONTINUOUS
10
6.2519685039370074
20
-2.016535433070866
11
6.2519685039370074
21
-2.0047244094488188
0
LINE
8
BLACK
6
CONTINUOUS
10
6.2519685039370074
20
-2.0047244094488188
11
6.2913385826771648
21
-2.0047244094488188
0
LINE
8
BLACK
6
CONTINUOUS
10
6.2913385826771648
20
-2.0047244094488188
11
6.2913385826771648
21
-2.016535433070866
0
LINE
8
BLACK
6
CONTINUOUS
10
6.2913385826771648
20
-1.9968503937007873
11
6.2519685039370074
21
-1.9968503937007873
0
LINE
8
BLACK
6
CONTINUOUS
10
6.2519685039370074
20
-1.9968503937007873
11
6.2519685039370074
21
-1.9850393700787401
0
LINE
8
BLACK
6
CONTINUOUS
10
6.2519685039370074
20
-1.9850393700787401
11
6.2913385826771648
21
-1.9850393700787401
0
LINE
8
BLACK
6
CONTINUOUS
10
6.2913385826771648
20
-1.9850393700787401
11
6.2913385826771648
21
-1.9968503937007873
0
LINE
8
BLACK
6
CONTINUOUS
10
6.2913385826771648
20
-1.9771653543307086
11
6.2519685039370074
21
-1.9771653543307086
0
LINE
8
BLACK
6
CONTINUOUS
10
6.2519685039370074
20
-1.9771653543307086
11
6.2519685039370074
21
-1.9653543307086614
0
LINE
8
BLACK
6
CONTINUOUS
10
6.2519685039370074
20
-1.9653543307086614
11
6.2913385826771648
21
-1.9653543307086614
0
LINE
8
BLACK
6
CONTINUOUS
10
6.2913385826771648
20
-1.9653543307086614
11
6.2913385826771648
21
-1.9771653543307086
0
LINE
8
BLACK
6
CONTINUOUS
10
6.2913385826771648
20
-1.9574803149606299
11
6.2519685039370074
21
-1.9574803149606299
0
LINE
8
BLACK
6
CONTINUOUS
10
6.2519685039370074
20
-1.9574803149606299
11
6.2519685039370074
21
-1.9456692913385827
0
LINE
8
BLACK
6
CONTINUOUS
10
6.2519685039370074
20
-1.9456692913385827
11
6.2913385826771648
21
-1.9456692913385827
0
LINE
8
BLACK
6
CONTINUOUS
10
6.2913385826771648
20
-1.9456692913385827
11
6.2913385826771648
21
-1.9574803149606299
0
LINE
8
BLACK
6
CONTINUOUS
10
6.2913385826771648
20
-1.9377952755905512
11
6.2519685039370074
21
-1.9377952755905512
0
LINE
8
BLACK
6
CONTINUOUS
10
6.2519685039370074
20
-1.9377952755905512
11
6.2519685039370074
21
-1.925984251968504
0
LINE
8
BLACK
6
CONTINUOUS
10
6.2519685039370074
20
-1.925984251968504
11
6.2913385826771648
21
-1.925984251968504
0
LINE
8
BLACK
6
CONTINUOUS
10
6.2913385826771648
20
-1.925984251968504
11
6.2913385826771648
21
-1.9377952755905512
0
LINE
8
BLACK
6
CONTINUOUS
10
6.2913385826771648
20
-1.9181102362204725
11
6.2519685039370074
21
-1.9181102362204725
0
LINE
8
BLACK
6
CONTINUOUS
10
6.2519685039370074
20
-1.9181102362204725
11
6.2519685039370074
21
-1.9062992125984251
0
LINE
8
BLACK
6
CONTINUOUS
10
6.2519685039370074
20
-1.9062992125984251
11
6.2913385826771648
21
-1.9062992125984251
0
LINE
8
BLACK
6
CONTINUOUS
10
6.2913385826771648
20
-1.9062992125984251
11
6.2913385826771648
21
-1.9181102362204725
0
LINE
8
BLACK
6
CONTINUOUS
10
2.8023523228346456
20
-1.8956651968503937
11
2.8040127559055117
21
-1.8967746456692913
0
LINE
8
BLACK
6
CONTINUOUS
10
2.8040127559055117
20
-1.8967746456692913
11
2.8051222047244093
21
-1.8984350787401574
0
LINE
8
BLACK
6
CONTINUOUS
10
2.8051222047244093
20
-1.8984350787401574
11
2.8055118110236221
21
-1.9003937007874014
0
LINE
8
BLACK
6
CONTINUOUS
10
2.8055118110236221
20
-1.9003937007874014
11
2.8055118110236221
21
-1.9106299212598425
0
LINE
8
BLACK
6
CONTINUOUS
10
2.8055118110236221
20
-1.9106299212598425
11
2.8051222047244093
21
-1.9125885433070866
0
LINE
8
BLACK
6
CONTINUOUS
10
2.8051222047244093
20
-1.9125885433070866
11
2.8040127559055117
21
-1.9142489763779527
0
LINE
8
BLACK
6
CONTINUOUS
10
2.8040127559055117
20
-1.9142489763779527
11
2.8023523228346456
21
-1.9153584251968503
0
LINE
8
BLACK
6
CONTINUOUS
10
2.8023523228346456
20
-1.9153584251968503
11
2.8003937007874016
21
-1.9157480314960629
0
LINE
8
BLACK
6
CONTINUOUS
10
2.8003937007874016
20
-1.9157480314960629
11
2.7901574803149605
21
-1.9157480314960629
0
LINE
8
BLACK
6
CONTINUOUS
10
2.7901574803149605
20
-1.9157480314960629
11
2.7881988582677164
21
-1.9153584251968503
0
LINE
8
BLACK
6
CONTINUOUS
10
2.7881988582677164
20
-1.9153584251968503
11
2.7865384251968504
21
-1.9142489763779527
0
LINE
8
BLACK
6
CONTINUOUS
10
2.7865384251968504
20
-1.9142489763779527
11
2.7854289763779527
21
-1.9125885433070866
0
LINE
8
BLACK
6
CONTINUOUS
10
2.7854289763779527
20
-1.9125885433070866
11
2.7850393700787399
21
-1.9106299212598425
0
LINE
8
BLACK
6
CONTINUOUS
10
2.7850393700787399
20
-1.9106299212598425
11
2.7850393700787399
21
-1.9003937007874014
0
LINE
8
BLACK
6
CONTINUOUS
10
2.7850393700787399
20
-1.9003937007874014
11
2.7854289763779527
21
-1.8984350787401574
0
LINE
8
BLACK
6
CONTINUOUS
10
2.7854289763779527
20
-1.8984350787401574
11
2.7865384251968504
21
-1.8967746456692913
0
LINE
8
BLACK
6
CONTINUOUS
10
2.7865384251968504
20
-1.8967746456692913
11
2.7881988582677164
21
-1.8956651968503937
0
LINE
8
BLACK
6
CONTINUOUS
10
2.7881988582677164
20
-1.8956651968503937
11
2.7901574803149605
21
-1.8952755905511811
0
LINE
8
BLACK
6
CONTINUOUS
10
2.7901574803149605
20
-1.8952755905511811
11
2.8003937007874016
21
-1.8952755905511811
0
LINE
8
BLACK
6
CONTINUOUS
10
2.8003937007874016
20
-1.8952755905511811
11
2.8023523228346456
21
-1.8956651968503937
0
LINE
8
BLACK
6
CONTINUOUS
10
6.1409349999999998
20
-1.8956651968503937
11
6.1425954330708663
21
-1.8967746456692913
0
LINE
8
BLACK
6
CONTINUOUS
10
6.1425954330708663
20
-1.8967746456692913
11
6.1437048818897635
21
-1.8984350787401574
0
LINE
8
BLACK
6
CONTINUOUS
10
6.1437048818897635
20
-1.8984350787401574
11
6.1440944881889763
21
-1.9003937007874014
0
LINE
8
BLACK
6
CONTINUOUS
10
6.1440944881889763
20
-1.9003937007874014
11
6.1440944881889763
21
-1.9106299212598425
0
LINE
8
BLACK
6
CONTINUOUS
10
6.1440944881889763
20
-1.9106299212598425
11
6.1437048818897635
21
-1.9125885433070866
0
LINE
8
BLACK
6
CONTINUOUS
10
6.1437048818897635
20
-1.9125885433070866
11
6.1425954330708663
21
-1.9142489763779527
0
LINE
8
BLACK
6
CONTINUOUS
10
6.1425954330708663
20
-1.9142489763779527
11
6.1409349999999998
21
-1.9153584251968503
0
LINE
8
BLACK
6
CONTINUOUS
10
6.1409349999999998
20
-1.9153584251968503
11
6.1389763779527557
21
-1.9157480314960629
0
LINE
8
BLACK
6
CONTINUOUS
10
6.1389763779527557
20
-1.9157480314960629
11
6.1287401574803146
21
-1.9157480314960629
0
LINE
8
BLACK
6
CONTINUOUS
10
6.1287401574803146
20
-1.9157480314960629
11
6.1267815354330706
21
-1.9153584251968503
0
LINE
8
BLACK
6
CONTINUOUS
10
6.1267815354330706
20
-1.9153584251968503
11
6.125121102362205
21
-1.9142489763779527
0
LINE
8
BLACK
6
CONTINUOUS
10
6.125121102362205
20
-1.9142489763779527
11
6.1240116535433069
21
-1.9125885433070866
0
LINE
8
BLACK
6
CONTINUOUS
10
6.1240116535433069
20
-1.9125885433070866
11
6.1236220472440941
21
-1.9106299212598425
0
LINE
8
BLACK
6
CONTINUOUS
10
6.1236220472440941
20
-1.9106299212598425
11
6.1236220472440941
21
-1.9003937007874014
0
LINE
8
BLACK
6
CONTINUOUS
10
6.1236220472440941
20
-1.9003937007874014
11
6.1240116535433069
21
-1.8984350787401574
0
LINE
8
BLACK
6
CONTINUOUS
10
6.1240116535433069
20
-1.8984350787401574
11
6.125121102362205
21
-1.8967746456692913
0
LINE
8
BLACK
6
CONTINUOUS
10
6.125121102362205
20
-1.8967746456692913
11
6.1267815354330706
21
-1.8956651968503937
0
LINE
8
BLACK
6
CONTINUOUS
10
6.1267815354330706
20
-1.8956651968503937
11
6.1287401574803146
21
-1.8952755905511811
0
LINE
8
BLACK
6
CONTINUOUS
10
6.1287401574803146
20
-1.8952755905511811
11
6.1389763779527557
21
-1.8952755905511811
0
LINE
8
BLACK
6
CONTINUOUS
10
6.1389763779527557
20
-1.8952755905511811
11
6.1409349999999998
21
-1.8956651968503937
0
LINE
8
BLACK
6
CONTINUOUS
10
6.2913385826771648
20
-1.8984251968503936
11
6.2519685039370074
21
-1.8984251968503936
0
LINE
8
BLACK
6
CONTINUOUS
10
6.2519685039370074
20
-1.8984251968503936
11
6.2519685039370074
21
-1.8866141732283463
0
LINE
8
BLACK
6
CONTINUOUS
10
6.2519685039370074
20
-1.8866141732283463
11
6.2913385826771648
21
-1.8866141732283463
0
LINE
8
BLACK
6
CONTINUOUS
10
6.2913385826771648
20
-1.8866141732283463
11
6.2913385826771648
21
-1.8984251968503936
0
LINE
8
BLACK
6
CONTINUOUS
10
6.2190846062992122
20
-1.875980157480315
11
6.2207450393700787
21
-1.8770896062992126
0
LINE
8
BLACK
6
CONTINUOUS
10
6.2207450393700787
20
-1.8770896062992126
11
6.2218544881889759
21
-1.8787500393700787
0
LINE
8
BLACK
6
CONTINUOUS
10
6.2218544881889759
20
-1.8787500393700787
11
6.2222440944881887
21
-1.8807086614173227
0
LINE
8
BLACK
6
CONTINUOUS
10
6.2222440944881887
20
-1.8807086614173227
11
6.2222440944881887
21
-1.8909448818897638
0
LINE
8
BLACK
6
CONTINUOUS
10
6.2222440944881887
20
-1.8909448818897638
11
6.2218544881889759
21
-1.8929035039370079
0
LINE
8
BLACK
6
CONTINUOUS
10
6.2218544881889759
20
-1.8929035039370079
11
6.2207450393700787
21
-1.894563937007874
0
LINE
8
BLACK
6
CONTINUOUS
10
6.2207450393700787
20
-1.894563937007874
11
6.2190846062992122
21
-1.8956733858267716
0
LINE
8
BLACK
6
CONTINUOUS
10
6.2190846062992122
20
-1.8956733858267716
11
6.2171259842519682
21
-1.8960629921259842
0
LINE
8
BLACK
6
CONTINUOUS
10
6.2171259842519682
20
-1.8960629921259842
11
6.2068897637795271
21
-1.8960629921259842
0
LINE
8
BLACK
6
CONTINUOUS
10
6.2068897637795271
20
-1.8960629921259842
11
6.204931141732283
21
-1.8956733858267716
0
LINE
8
BLACK
6
CONTINUOUS
10
6.204931141732283
20
-1.8956733858267716
11
6.2032707086614174
21
-1.894563937007874
0
LINE
8
BLACK
6
CONTINUOUS
10
6.2032707086614174
20
-1.894563937007874
11
6.2021612598425193
21
-1.8929035039370079
0
LINE
8
BLACK
6
CONTINUOUS
10
6.2021612598425193
20
-1.8929035039370079
11
6.2017716535433065
21
-1.8909448818897638
0
LINE
8
BLACK
6
CONTINUOUS
10
6.2017716535433065
20
-1.8909448818897638
11
6.2017716535433065
21
-1.8807086614173227
0
LINE
8
BLACK
6
CONTINUOUS
10
6.2017716535433065
20
-1.8807086614173227
11
6.2021612598425193
21
-1.8787500393700787
0
LINE
8
BLACK
6
CONTINUOUS
10
6.2021612598425193
20
-1.8787500393700787
11
6.2032707086614174
21
-1.8770896062992126
0
LINE
8
BLACK
6
CONTINUOUS
10
6.2032707086614174
20
-1.8770896062992126
11
6.204931141732283
21
-1.875980157480315
0
LINE
8
BLACK
6
CONTINUOUS
10
6.204931141732283
20
-1.875980157480315
11
6.2068897637795271
21
-1.8755905511811024
0
LINE
8
BLACK
6
CONTINUOUS
10
6.2068897637795271
20
-1.8755905511811024
11
6.2171259842519682
21
-1.8755905511811024
0
LINE
8
BLACK
6
CONTINUOUS
10
6.2171259842519682
20
-1.8755905511811024
11
6.2190846062992122
21
-1.875980157480315
0
LINE
8
BLACK
6
CONTINUOUS
10
2.8023523228346456
20
-1.8641691338582678
11
2.8040127559055117
21
-1.8652785826771654
0
LINE
8
BLACK
6
CONTINUOUS
10
2.8040127559055117
20
-1.8652785826771654
11
2.8051222047244093
21
-1.8669390157480314
0
LINE
8
BLACK
6
CONTINUOUS
10
2.8051222047244093
20
-1.8669390157480314
11
2.8055118110236221
21
-1.8688976377952755
0
LINE
8
BLACK
6
CONTINUOUS
10
2.8055118110236221
20
-1.8688976377952755
11
2.8055118110236221
21
-1.8791338582677164
0
LINE
8
BLACK
6
CONTINUOUS
10
2.8055118110236221
20
-1.8791338582677164
11
2.8051222047244093
21
-1.8810924803149607
0
LINE
8
BLACK
6
CONTINUOUS
10
2.8051222047244093
20
-1.8810924803149607
11
2.8040127559055117
21
-1.8827529133858267
0
LINE
8
BLACK
6
CONTINUOUS
10
2.8040127559055117
20
-1.8827529133858267
11
2.8023523228346456
21
-1.8838623622047244
0
LINE
8
BLACK
6
CONTINUOUS
10
2.8023523228346456
20
-1.8838623622047244
11
2.8003937007874016
21
-1.8842519685039369
0
LINE
8
BLACK
6
CONTINUOUS
10
2.8003937007874016
20
-1.8842519685039369
11
2.7901574803149605
21
-1.8842519685039369
0
LINE
8
BLACK
6
CONTINUOUS
10
2.7901574803149605
20
-1.8842519685039369
11
2.7881988582677164
21
-1.8838623622047244
0
LINE
8
BLACK
6
CONTINUOUS
10
2.7881988582677164
20
-1.8838623622047244
11
2.7865384251968504
21
-1.8827529133858267
0
LINE
8
BLACK
6
CONTINUOUS
10
2.7865384251968504
20
-1.8827529133858267
11
2.7854289763779527
21
-1.8810924803149607
0
LINE
8
BLACK
6
CONTINUOUS
10
2.7854289763779527
20
-1.8810924803149607
11
2.7850393700787399
21
-1.8791338582677164
0
LINE
8
BLACK
6
CONTINUOUS
10
2.7850393700787399
20
-1.8791338582677164
11
2.7850393700787399
21
-1.8688976377952755
0
LINE
8
BLACK
6
CONTINUOUS
10
2.7850393700787399
20
-1.8688976377952755
11
2.7854289763779527
21
-1.8669390157480314
0
LINE
8
BLACK
6
CONTINUOUS
10
2.7854289763779527
20
-1.8669390157480314
11
2.7865384251968504
21
-1.8652785826771654
0
LINE
8
BLACK
6
CONTINUOUS
10
2.7865384251968504
20
-1.8652785826771654
11
2.7881988582677164
21
-1.8641691338582678
0
LINE
8
BLACK
6
CONTINUOUS
10
2.7881988582677164
20
-1.8641691338582678
11
2.7901574803149605
21
-1.8637795275590552
0
LINE
8
BLACK
6
CONTINUOUS
10
2.7901574803149605
20
-1.8637795275590552
11
2.8003937007874016
21
-1.8637795275590552
0
LINE
8
BLACK
6
CONTINUOUS
10
2.8003937007874016
20
-1.8637795275590552
11
2.8023523228346456
21
-1.8641691338582678
0
LINE
8
BLACK
6
CONTINUOUS
10
6.1409349999999998
20
-1.8641691338582678
11
6.1425954330708663
21
-1.8652785826771654
0
LINE
8
BLACK
6
CONTINUOUS
10
6.1425954330708663
20
-1.8652785826771654
11
6.1437048818897635
21
-1.8669390157480314
0
LINE
8
BLACK
6
CONTINUOUS
10
6.1437048818897635
20
-1.8669390157480314
11
6.1440944881889763
21
-1.8688976377952755
0
LINE
8
BLACK
6
CONTINUOUS
10
6.1440944881889763
20
-1.8688976377952755
11
6.1440944881889763
21
-1.8791338582677164
0
LINE
8
BLACK
6
CONTINUOUS
10
6.1440944881889763
20
-1.8791338582677164
11
6.1437048818897635
21
-1.8810924803149607
0
LINE
8
BLACK
6
CONTINUOUS
10
6.1437048818897635
20
-1.8810924803149607
11
6.1425954330708663
21
-1.8827529133858267
0
LINE
8
BLACK
6
CONTINUOUS
10
6.1425954330708663
20
-1.8827529133858267
11
6.1409349999999998
21
-1.8838623622047244
0
LINE
8
BLACK
6
CONTINUOUS
10
6.1409349999999998
20
-1.8838623622047244
11
6.1389763779527557
21
-1.8842519685039369
0
LINE
8
BLACK
6
CONTINUOUS
10
6.1389763779527557
20
-1.8842519685039369
11
6.1287401574803146
21
-1.8842519685039369
0
LINE
8
BLACK
6
CONTINUOUS
10
6.1287401574803146
20
-1.8842519685039369
11
6.1267815354330706
21
-1.8838623622047244
0
LINE
8
BLACK
6
CONTINUOUS
10
6.1267815354330706
20
-1.8838623622047244
11
6.125121102362205
21
-1.8827529133858267
0
LINE
8
BLACK
6
CONTINUOUS
10
6.125121102362205
20
-1.8827529133858267
11
6.1240116535433069
21
-1.8810924803149607
0
LINE
8
BLACK
6
CONTINUOUS
10
6.1240116535433069
20
-1.8810924803149607
11
6.1236220472440941
21
-1.8791338582677164
0
LINE
8
BLACK
6
CONTINUOUS
10
6.1236220472440941
20
-1.8791338582677164
11
6.1236220472440941
21
-1.8688976377952755
0
LINE
8
BLACK
6
CONTINUOUS
10
6.1236220472440941
20
-1.8688976377952755
11
6.1240116535433069
21
-1.8669390157480314
0
LINE
8
BLACK
6
CONTINUOUS
10
6.1240116535433069
20
-1.8669390157480314
11
6.125121102362205
21
-1.8652785826771654
0
LINE
8
BLACK
6
CONTINUOUS
10
6.125121102362205
20
-1.8652785826771654
11
6.1267815354330706
21
-1.8641691338582678
0
LINE
8
BLACK
6
CONTINUOUS
10
6.1267815354330706
20
-1.8641691338582678
11
6.1287401574803146
21
-1.8637795275590552
0
LINE
8
BLACK
6
CONTINUOUS
10
6.1287401574803146
20
-1.8637795275590552
11
6.1389763779527557
21
-1.8637795275590552
0
LINE
8
BLACK
6
CONTINUOUS
10
6.1389763779527557
20
-1.8637795275590552
11
6.1409349999999998
21
-1.8641691338582678
0
LINE
8
BLACK
6
CONTINUOUS
10
6.2913385826771648
20
-1.8787401574803149
11
6.2519685039370074
21
-1.8787401574803149
0
LINE
8
BLACK
6
CONTINUOUS
10
6.2519685039370074
20
-1.8787401574803149
11
6.2519685039370074
21
-1.8669291338582676
0
LINE
8
BLACK
6
CONTINUOUS
10
6.2519685039370074
20
-1.8669291338582676
11
6.2913385826771648
21
-1.8669291338582676
0
LINE
8
BLACK
6
CONTINUOUS
10
6.2913385826771648
20
-1.8669291338582676
11
6.2913385826771648
21
-1.8787401574803149
0
LINE
8
BLACK
6
CONTINUOUS
10
6.2190846062992122
20
-1.8444840944881888
11
6.2207450393700787
21
-1.8455935433070865
0
LINE
8
BLACK
6
CONTINUOUS
10
6.2207450393700787
20
-1.8455935433070865
11
6.2218544881889759
21
-1.8472539763779527
0
LINE
8
BLACK
6
CONTINUOUS
10
6.2218544881889759
20
-1.8472539763779527
11
6.2222440944881887
21
-1.8492125984251968
0
LINE
8
BLACK
6
CONTINUOUS
10
6.2222440944881887
20
-1.8492125984251968
11
6.2222440944881887
21
-1.8594488188976377
0
LINE
8
BLACK
6
CONTINUOUS
10
6.2222440944881887
20
-1.8594488188976377
11
6.2218544881889759
21
-1.8614074409448818
0
LINE
8
BLACK
6
CONTINUOUS
10
6.2218544881889759
20
-1.8614074409448818
11
6.2207450393700787
21
-1.863067874015748
0
LINE
8
BLACK
6
CONTINUOUS
10
6.2207450393700787
20
-1.863067874015748
11
6.2190846062992122
21
-1.8641773228346457
0
LINE
8
BLACK
6
CONTINUOUS
10
6.2190846062992122
20
-1.8641773228346457
11
6.2171259842519682
21
-1.8645669291338582
0
LINE
8
BLACK
6
CONTINUOUS
10
6.2171259842519682
20
-1.8645669291338582
11
6.2068897637795271
21
-1.8645669291338582
0
LINE
8
BLACK
6
CONTINUOUS
10
6.2068897637795271
20
-1.8645669291338582
11
6.204931141732283
21
-1.8641773228346457
0
LINE
8
BLACK
6
CONTINUOUS
10
6.204931141732283
20
-1.8641773228346457
11
6.2032707086614174
21
-1.863067874015748
0
LINE
8
BLACK
6
CONTINUOUS
10
6.2032707086614174
20
-1.863067874015748
11
6.2021612598425193
21
-1.8614074409448818
0
LINE
8
BLACK
6
CONTINUOUS
10
6.2021612598425193
20
-1.8614074409448818
11
6.2017716535433065
21
-1.8594488188976377
0
LINE
8
BLACK
6
CONTINUOUS
10
6.2017716535433065
20
-1.8594488188976377
11
6.2017716535433065
21
-1.8492125984251968
0
LINE
8
BLACK
6
CONTINUOUS
10
6.2017716535433065
20
-1.8492125984251968
11
6.2021612598425193
21
-1.8472539763779527
0
LINE
8
BLACK
6
CONTINUOUS
10
6.2021612598425193
20
-1.8472539763779527
11
6.2032707086614174
21
-1.8455935433070865
0
LINE
8
BLACK
6
CONTINUOUS
10
6.2032707086614174
20
-1.8455935433070865
11
6.204931141732283
21
-1.8444840944881888
0
LINE
8
BLACK
6
CONTINUOUS
10
6.204931141732283
20
-1.8444840944881888
11
6.2068897637795271
21
-1.8440944881889763
0
LINE
8
BLACK
6
CONTINUOUS
10
6.2068897637795271
20
-1.8440944881889763
11
6.2171259842519682
21
-1.8440944881889763
0
LINE
8
BLACK
6
CONTINUOUS
10
6.2171259842519682
20
-1.8440944881889763
11
6.2190846062992122
21
-1.8444840944881888
0
LINE
8
BLACK
6
CONTINUOUS
10
6.2913385826771648
20
-1.8590551181102362
11
6.2519685039370074
21
-1.8590551181102362
0
LINE
8
BLACK
6
CONTINUOUS
10
6.2519685039370074
20
-1.8590551181102362
11
6.2519685039370074
21
-1.8472440944881889
0
LINE
8
BLACK
6
CONTINUOUS
10
6.2519685039370074
20
-1.8472440944881889
11
6.2913385826771648
21
-1.8472440944881889
0
LINE
8
BLACK
6
CONTINUOUS
10
6.2913385826771648
20
-1.8472440944881889
11
6.2913385826771648
21
-1.8590551181102362
0
LINE
8
BLACK
6
CONTINUOUS
10
2.8056091732283464
20
-1.6735825984251969
11
2.8165527952755904
21
-1.6765149606299212
0
LINE
8
BLACK
6
CONTINUOUS
10
2.8165527952755904
20
-1.6765149606299212
11
2.8270200393700788
21
-1.6808506299212598
0
LINE
8
BLACK
6
CONTINUOUS
10
2.8270200393700788
20
-1.6808506299212598
11
2.8368318503937009
21
-1.6865154724409448
0
LINE
8
BLACK
6
CONTINUOUS
10
2.8368318503937009
20
-1.6865154724409448
11
2.8458202755905511
21
-1.6934125196850394
0
LINE
8
BLACK
6
CONTINUOUS
10
2.8458202755905511
20
-1.6934125196850394
11
2.8538315748031495
21
-1.7014238188976378
0
LINE
8
BLACK
6
CONTINUOUS
10
2.8538315748031495
20
-1.7014238188976378
11
2.8607286220472439
21
-1.7104122440944882
0
LINE
8
BLACK
6
CONTINUOUS
10
2.8607286220472439
20
-1.7104122440944882
11
2.8663934645669289
21
-1.7202240551181103
0
LINE
8
BLACK
6
CONTINUOUS
10
2.8663934645669289
20
-1.7202240551181103
11
2.8707291338582674
21
-1.7306912992125985
0
LINE
8
BLACK
6
CONTINUOUS
10
2.8707291338582674
20
-1.7306912992125985
11
2.8736614960629923
21
-1.7416349212598425
0
LINE
8
BLACK
6
CONTINUOUS
10
2.8736614960629923
20
-1.7416349212598425
11
2.8751403149606301
21
-1.7528676771653542
0
LINE
8
BLACK
6
CONTINUOUS
10
2.8751403149606301
20
-1.7528676771653542
11
2.8751403149606301
21
-1.7641973622047245
0
LINE
8
BLACK
6
CONTINUOUS
10
2.8751403149606301
20
-1.7641973622047245
11
2.8736614960629923
21
-1.7754301181102361
0
LINE
8
BLACK
6
CONTINUOUS
10
2.8736614960629923
20
-1.7754301181102361
11
2.8707291338582674
21
-1.7863737401574802
0
LINE
8
BLACK
6
CONTINUOUS
10
2.8707291338582674
20
-1.7863737401574802
11
2.8663934645669289
21
-1.7968409842519684
0
LINE
8
BLACK
6
CONTINUOUS
10
2.8663934645669289
20
-1.7968409842519684
11
2.8607286220472439
21
-1.8066527952755904
0
LINE
8
BLACK
6
CONTINUOUS
10
2.8607286220472439
20
-1.8066527952755904
11
2.8538315748031495
21
-1.8156412204724408
0
LINE
8
BLACK
6
CONTINUOUS
10
2.8538315748031495
20
-1.8156412204724408
11
2.8458202755905511
21
-1.8236525196850393
0
LINE
8
BLACK
6
CONTINUOUS
10
2.8458202755905511
20
-1.8236525196850393
11
2.8368318503937009
21
-1.8305495669291338
0
LINE
8
BLACK
6
CONTINUOUS
10
2.8368318503937009
20
-1.8305495669291338
11
2.8270200393700788
21
-1.8362144094488189
0
LINE
8
BLACK
6
CONTINUOUS
10
2.8270200393700788
20
-1.8362144094488189
11
2.8165527952755904
21
-1.8405500787401574
0
LINE
8
BLACK
6
CONTINUOUS
10
2.8165527952755904
20
-1.8405500787401574
11
2.8056091732283464
21
-1.8434824409448818
0
LINE
8
BLACK
6
CONTINUOUS
10
2.8056091732283464
20
-1.8434824409448818
11
2.7943764173228347
21
-1.8449612598425196
0
LINE
8
BLACK
6
CONTINUOUS
10
2.7943764173228347
20
-1.8449612598425196
11
2.7830467322834647
21
-1.8449612598425196
0
LINE
8
BLACK
6
CONTINUOUS
10
2.7830467322834647
20
-1.8449612598425196
11
2.7718139763779526
21
-1.8434824409448818
0
LINE
8
BLACK
6
CONTINUOUS
10
2.7718139763779526
20
-1.8434824409448818
11
2.7608703543307085
21
-1.8405500787401574
0
LINE
8
BLACK
6
CONTINUOUS
10
2.7608703543307085
20
-1.8405500787401574
11
2.7504031102362205
21
-1.8362144094488189
0
LINE
8
BLACK
6
CONTINUOUS
10
2.7504031102362205
20
-1.8362144094488189
11
2.7405912992125985
21
-1.8305495669291338
0
LINE
8
BLACK
6
CONTINUOUS
10
2.7405912992125985
20
-1.8305495669291338
11
2.7316028740157479
21
-1.8236525196850393
0
LINE
8
BLACK
6
CONTINUOUS
10
2.7316028740157479
20
-1.8236525196850393
11
2.7235915748031494
21
-1.8156412204724408
0
LINE
8
BLACK
6
CONTINUOUS
10
2.7235915748031494
20
-1.8156412204724408
11
2.7166945275590551
21
-1.8066527952755904
0
LINE
8
BLACK
6
CONTINUOUS
10
2.7166945275590551
20
-1.8066527952755904
11
2.71102968503937
21
-1.7968409842519684
0
LINE
8
BLACK
6
CONTINUOUS
10
2.71102968503937
20
-1.7968409842519684
11
2.7066940157480315
21
-1.7863737401574802
0
LINE
8
BLACK
6
CONTINUOUS
10
2.7066940157480315
20
-1.7863737401574802
11
2.7037616535433071
21
-1.7754301181102361
0
LINE
8
BLACK
6
CONTINUOUS
10
2.7037616535433071
20
-1.7754301181102361
11
2.7022828346456693
21
-1.7641973622047245
0
LINE
8
BLACK
6
CONTINUOUS
10
2.7022828346456693
20
-1.7641973622047245
11
2.7022828346456693
21
-1.7528676771653542
0
LINE
8
BLACK
6
CONTINUOUS
10
2.7022828346456693
20
-1.7528676771653542
11
2.7037616535433071
21
-1.7416349212598425
0
LINE
8
BLACK
6
CONTINUOUS
10
2.7037616535433071
20
-1.7416349212598425
11
2.7066940157480315
21
-1.7306912992125985
0
LINE
8
BLACK
6
CONTINUOUS
10
2.7066940157480315
20
-1.7306912992125985
11
2.71102968503937
21
-1.7202240551181103
0
LINE
8
BLACK
6
CONTINUOUS
10
2.71102968503937
20
-1.7202240551181103
11
2.7166945275590551
21
-1.7104122440944882
0
LINE
8
BLACK
6
CONTINUOUS
10
2.7166945275590551
20
-1.7104122440944882
11
2.7235915748031494
21
-1.7014238188976378
0
LINE
8
BLACK
6
CONTINUOUS
10
2.7235915748031494
20
-1.7014238188976378
11
2.7316028740157479
21
-1.6934125196850394
0
LINE
8
BLACK
6
CONTINUOUS
10
2.7316028740157479
20
-1.6934125196850394
11
2.7405912992125985
21
-1.6865154724409448
0
LINE
8
BLACK
6
CONTINUOUS
10
2.7405912992125985
20
-1.6865154724409448
11
2.7504031102362205
21
-1.6808506299212598
0
LINE
8
BLACK
6
CONTINUOUS
10
2.7504031102362205
20
-1.6808506299212598
11
2.7608703543307085
21
-1.6765149606299212
0
LINE
8
BLACK
6
CONTINUOUS
10
2.7608703543307085
20
-1.6765149606299212
11
2.7718139763779526
21
-1.6735825984251969
0
LINE
8
BLACK
6
CONTINUOUS
10
2.7718139763779526
20
-1.6735825984251969
11
2.7830467322834647
21
-1.6721037795275591
0
LINE
8
BLACK
6
CONTINUOUS
10
2.7830467322834647
20
-1.6721037795275591
11
2.7943764173228347
21
-1.6721037795275591
0
LINE
8
BLACK
6
CONTINUOUS
10
2.7943764173228347
20
-1.6721037795275591
11
2.8056091732283464
21
-1.6735825984251969
0
LINE
8
BLACK
6
CONTINUOUS
10
6.1520550787401573
20
-1.6735825984251969
11
6.1629987007874014
21
-1.6765149606299212
0
LINE
8
BLACK
6
CONTINUOUS
10
6.1629987007874014
20
-1.6765149606299212
11
6.1734659448818894
21
-1.6808506299212598
0
LINE
8
BLACK
6
CONTINUOUS
10
6.1734659448818894
20
-1.6808506299212598
11
6.1832777559055119
21
-1.6865154724409448
0
LINE
8
BLACK
6
CONTINUOUS
10
6.1832777559055119
20
-1.6865154724409448
11
6.1922661811023625
21
-1.6934125196850394
0
LINE
8
BLACK
6
CONTINUOUS
10
6.1922661811023625
20
-1.6934125196850394
11
6.2002774803149601
21
-1.7014238188976378
0
LINE
8
BLACK
6
CONTINUOUS
10
6.2002774803149601
20
-1.7014238188976378
11
6.2071745275590553
21
-1.7104122440944882
0
LINE
8
BLACK
6
CONTINUOUS
10
6.2071745275590553
20
-1.7104122440944882
11
6.2128393700787399
21
-1.7202240551181103
0
LINE
8
BLACK
6
CONTINUOUS
10
6.2128393700787399
20
-1.7202240551181103
11
6.2171750393700789
21
-1.7306912992125985
0
LINE
8
BLACK
6
CONTINUOUS
10
6.2171750393700789
20
-1.7306912992125985
11
6.2201074015748032
21
-1.7416349212598425
0
LINE
8
BLACK
6
CONTINUOUS
10
6.2201074015748032
20
-1.7416349212598425
11
6.2215862204724406
21
-1.7528676771653542
0
LINE
8
BLACK
6
CONTINUOUS
10
6.2215862204724406
20
-1.7528676771653542
11
6.2215862204724406
21
-1.7641973622047245
0
LINE
8
BLACK
6
CONTINUOUS
10
6.2215862204724406
20
-1.7641973622047245
11
6.2201074015748032
21
-1.7754301181102361
0
LINE
8
BLACK
6
CONTINUOUS
10
6.2201074015748032
20
-1.7754301181102361
11
6.2171750393700789
21
-1.7863737401574802
0
LINE
8
BLACK
6
CONTINUOUS
10
6.2171750393700789
20
-1.7863737401574802
11
6.2128393700787399
21
-1.7968409842519684
0
LINE
8
BLACK
6
CONTINUOUS
10
6.2128393700787399
20
-1.7968409842519684
11
6.2071745275590553
21
-1.8066527952755904
0
LINE
8
BLACK
6
CONTINUOUS
10
6.2071745275590553
20
-1.8066527952755904
11
6.2002774803149601
21
-1.8156412204724408
0
LINE
8
BLACK
6
CONTINUOUS
10
6.2002774803149601
20
-1.8156412204724408
11
6.1922661811023625
21
-1.8236525196850393
0
LINE
8
BLACK
6
CONTINUOUS
10
6.1922661811023625
20
-1.8236525196850393
11
6.1832777559055119
21
-1.8305495669291338
0
LINE
8
BLACK
6
CONTINUOUS
10
6.1832777559055119
20
-1.8305495669291338
11
6.1734659448818894
21
-1.8362144094488189
0
LINE
8
BLACK
6
CONTINUOUS
10
6.1734659448818894
20
-1.8362144094488189
11
6.1629987007874014
21
-1.8405500787401574
0
LINE
8
BLACK
6
CONTINUOUS
10
6.1629987007874014
20
-1.8405500787401574
11
6.1520550787401573
21
-1.8434824409448818
0
LINE
8
BLACK
6
CONTINUOUS
10
6.1520550787401573
20
-1.8434824409448818
11
6.1408223228346452
21
-1.8449612598425196
0
LINE
8
BLACK
6
CONTINUOUS
10
6.1408223228346452
20
-1.8449612598425196
11
6.1294926377952752
21
-1.8449612598425196
0
LINE
8
BLACK
6
CONTINUOUS
10
6.1294926377952752
20
-1.8449612598425196
11
6.118259881889764
21
-1.8434824409448818
0
LINE
8
BLACK
6
CONTINUOUS
10
6.118259881889764
20
-1.8434824409448818
11
6.1073162598425199
21
-1.8405500787401574
0
LINE
8
BLACK
6
CONTINUOUS
10
6.1073162598425199
20
-1.8405500787401574
11
6.0968490157480311
21
-1.8362144094488189
0
LINE
8
BLACK
6
CONTINUOUS
10
6.0968490157480311
20
-1.8362144094488189
11
6.0870372047244095
21
-1.8305495669291338
0
LINE
8
BLACK
6
CONTINUOUS
10
6.0870372047244095
20
-1.8305495669291338
11
6.0780487795275588
21
-1.8236525196850393
0
LINE
8
BLACK
6
CONTINUOUS
10
6.0780487795275588
20
-1.8236525196850393
11
6.0700374803149604
21
-1.8156412204724408
0
LINE
8
BLACK
6
CONTINUOUS
10
6.0700374803149604
20
-1.8156412204724408
11
6.063140433070866
21
-1.8066527952755904
0
LINE
8
BLACK
6
CONTINUOUS
10
6.063140433070866
20
-1.8066527952755904
11
6.0574755905511806
21
-1.7968409842519684
0
LINE
8
BLACK
6
CONTINUOUS
10
6.0574755905511806
20
-1.7968409842519684
11
6.0531399212598425
21
-1.7863737401574802
0
LINE
8
BLACK
6
CONTINUOUS
10
6.0531399212598425
20
-1.7863737401574802
11
6.0502075590551181
21
-1.7754301181102361
0
LINE
8
BLACK
6
CONTINUOUS
10
6.0502075590551181
20
-1.7754301181102361
11
6.0487287401574799
21
-1.7641973622047245
0
LINE
8
BLACK
6
CONTINUOUS
10
6.0487287401574799
20
-1.7641973622047245
11
6.0487287401574799
21
-1.7528676771653542
0
LINE
8
BLACK
6
CONTINUOUS
10
6.0487287401574799
20
-1.7528676771653542
11
6.0502075590551181
21
-1.7416349212598425
0
LINE
8
BLACK
6
CONTINUOUS
10
6.0502075590551181
20
-1.7416349212598425
11
6.0531399212598425
21
-1.7306912992125985
0
LINE
8
BLACK
6
CONTINUOUS
10
6.0531399212598425
20
-1.7306912992125985
11
6.0574755905511806
21
-1.7202240551181103
0
LINE
8
BLACK
6
CONTINUOUS
10
6.0574755905511806
20
-1.7202240551181103
11
6.063140433070866
21
-1.7104122440944882
0
LINE
8
BLACK
6
CONTINUOUS
10
6.063140433070866
20
-1.7104122440944882
11
6.0700374803149604
21
-1.7014238188976378
0
LINE
8
BLACK
6
CONTINUOUS
10
6.0700374803149604
20
-1.7014238188976378
11
6.0780487795275588
21
-1.6934125196850394
0
LINE
8
BLACK
6
CONTINUOUS
10
6.0780487795275588
20
-1.6934125196850394
11
6.0870372047244095
21
-1.6865154724409448
0
LINE
8
BLACK
6
CONTINUOUS
10
6.0870372047244095
20
-1.6865154724409448
11
6.0968490157480311
21
-1.6808506299212598
0
LINE
8
BLACK
6
CONTINUOUS
10
6.0968490157480311
20
-1.6808506299212598
11
6.1073162598425199
21
-1.6765149606299212
0
LINE
8
BLACK
6
CONTINUOUS
10
6.1073162598425199
20
-1.6765149606299212
11
6.118259881889764
21
-1.6735825984251969
0
LINE
8
BLACK
6
CONTINUOUS
10
6.118259881889764
20
-1.6735825984251969
11
6.1294926377952752
21
-1.6721037795275591
0
LINE
8
BLACK
6
CONTINUOUS
10
6.1294926377952752
20
-1.6721037795275591
11
6.1408223228346452
21
-1.6721037795275591
0
LINE
8
BLACK
6
CONTINUOUS
10
6.1408223228346452
20
-1.6721037795275591
11
6.1520550787401573
21
-1.6735825984251969
0
LINE
8
BLACK
6
CONTINUOUS
10
6.2913385826771648
20
-1.8393700787401575
11
6.2519685039370074
21
-1.8393700787401575
0
LINE
8
BLACK
6
CONTINUOUS
10
6.2519685039370074
20
-1.8393700787401575
11
6.2519685039370074
21
-1.8275590551181102
0
LINE
8
BLACK
6
CONTINUOUS
10
6.2519685039370074
20
-1.8275590551181102
11
6.2913385826771648
21
-1.8275590551181102
0
LINE
8
BLACK
6
CONTINUOUS
10
6.2913385826771648
20
-1.8275590551181102
11
6.2913385826771648
21
-1.8393700787401575
0
LINE
8
BLACK
6
CONTINUOUS
10
6.2913385826771648
20
-1.8196850393700787
11
6.2519685039370074
21
-1.8196850393700787
0
LINE
8
BLACK
6
CONTINUOUS
10
6.2519685039370074
20
-1.8196850393700787
11
6.2519685039370074
21
-1.8078740157480315
0
LINE
8
BLACK
6
CONTINUOUS
10
6.2519685039370074
20
-1.8078740157480315
11
6.2913385826771648
21
-1.8078740157480315
0
LINE
8
BLACK
6
CONTINUOUS
10
6.2913385826771648
20
-1.8078740157480315
11
6.2913385826771648
21
-1.8196850393700787
0
LINE
8
BLACK
6
CONTINUOUS
10
6.4035433070866139
20
-1.7625984251968503
11
6.3523622047244093
21
-1.7625984251968503
0
LINE
8
BLACK
6
CONTINUOUS
10
6.3523622047244093
20
-1.7625984251968503
11
6.3523622047244093
21
-1.6838582677165355
0
LINE
8
BLACK
6
CONTINUOUS
10
6.3523622047244093
20
-1.6838582677165355
11
6.4035433070866139
21
-1.6838582677165355
0
LINE
8
BLACK
6
CONTINUOUS
10
6.4035433070866139
20
-1.6838582677165355
11
6.4035433070866139
21
-1.7625984251968503
  0
ENDSEC
  0
EOF
