ISO-10303-21;
HEADER;
FILE_DESCRIPTION((''),'2;1');
FILE_NAME('C-1-826936-0','2017-06-07T',('workeradm'),('Tyco Electronics Ltd.'),
'CREO PARAMETRIC BY PTC INC, 2016050','CREO PARAMETRIC BY PTC INC, 2016050','');
FILE_SCHEMA(('AUTOMOTIVE_DESIGN { 1 0 10303 214 1 1 1 1 }'));
ENDSEC;
DATA;
#2=DIRECTION('',(0.E0,1.E0,0.E0));
#3=VECTOR('',#2,6.3E-1);
#4=CARTESIAN_POINT('',(-2.5715E1,-3.15E-1,0.E0));
#5=LINE('',#4,#3);
#6=DIRECTION('',(1.E0,0.E0,0.E0));
#7=VECTOR('',#6,6.3E-1);
#8=CARTESIAN_POINT('',(-2.5715E1,-3.15E-1,0.E0));
#9=LINE('',#8,#7);
#10=DIRECTION('',(0.E0,1.E0,0.E0));
#11=VECTOR('',#10,6.3E-1);
#12=CARTESIAN_POINT('',(-2.5085E1,-3.15E-1,0.E0));
#13=LINE('',#12,#11);
#14=DIRECTION('',(1.E0,0.E0,0.E0));
#15=VECTOR('',#14,6.3E-1);
#16=CARTESIAN_POINT('',(-2.5715E1,3.15E-1,0.E0));
#17=LINE('',#16,#15);
#18=DIRECTION('',(1.E0,0.E0,0.E0));
#19=VECTOR('',#18,2.04E0);
#20=CARTESIAN_POINT('',(-2.642E1,-1.05E0,0.E0));
#21=LINE('',#20,#19);
#22=DIRECTION('',(0.E0,-1.E0,0.E0));
#23=VECTOR('',#22,2.1E0);
#24=CARTESIAN_POINT('',(-2.642E1,1.05E0,0.E0));
#25=LINE('',#24,#23);
#26=DIRECTION('',(-1.E0,0.E0,0.E0));
#27=VECTOR('',#26,2.04E0);
#28=CARTESIAN_POINT('',(-2.438E1,1.05E0,0.E0));
#29=LINE('',#28,#27);
#30=DIRECTION('',(0.E0,1.E0,0.E0));
#31=VECTOR('',#30,2.1E0);
#32=CARTESIAN_POINT('',(-2.438E1,-1.05E0,0.E0));
#33=LINE('',#32,#31);
#34=DIRECTION('',(0.E0,0.E0,1.E0));
#35=VECTOR('',#34,5.8E0);
#36=CARTESIAN_POINT('',(-2.5715E1,3.15E-1,0.E0));
#37=LINE('',#36,#35);
#38=DIRECTION('',(0.E0,-1.E0,0.E0));
#39=VECTOR('',#38,6.3E-1);
#40=CARTESIAN_POINT('',(-2.5715E1,3.15E-1,5.8E0));
#41=LINE('',#40,#39);
#42=DIRECTION('',(0.E0,0.E0,-1.E0));
#43=VECTOR('',#42,5.8E0);
#44=CARTESIAN_POINT('',(-2.5715E1,-3.15E-1,5.8E0));
#45=LINE('',#44,#43);
#46=DIRECTION('',(0.E0,0.E0,-1.E0));
#47=VECTOR('',#46,3.2E0);
#48=CARTESIAN_POINT('',(-2.5715E1,-3.15E-1,-2.8E0));
#49=LINE('',#48,#47);
#50=DIRECTION('',(0.E0,1.E0,0.E0));
#51=VECTOR('',#50,6.3E-1);
#52=CARTESIAN_POINT('',(-2.5715E1,-3.15E-1,-6.E0));
#53=LINE('',#52,#51);
#54=DIRECTION('',(0.E0,0.E0,1.E0));
#55=VECTOR('',#54,3.2E0);
#56=CARTESIAN_POINT('',(-2.5715E1,3.15E-1,-6.E0));
#57=LINE('',#56,#55);
#58=DIRECTION('',(0.E0,0.E0,-1.E0));
#59=VECTOR('',#58,5.8E0);
#60=CARTESIAN_POINT('',(-2.5085E1,-3.15E-1,5.8E0));
#61=LINE('',#60,#59);
#62=DIRECTION('',(0.E0,-1.E0,0.E0));
#63=VECTOR('',#62,6.3E-1);
#64=CARTESIAN_POINT('',(-2.5085E1,3.15E-1,5.8E0));
#65=LINE('',#64,#63);
#66=DIRECTION('',(0.E0,0.E0,1.E0));
#67=VECTOR('',#66,5.8E0);
#68=CARTESIAN_POINT('',(-2.5085E1,3.15E-1,0.E0));
#69=LINE('',#68,#67);
#70=DIRECTION('',(0.E0,0.E0,1.E0));
#71=VECTOR('',#70,3.2E0);
#72=CARTESIAN_POINT('',(-2.5085E1,3.15E-1,-6.E0));
#73=LINE('',#72,#71);
#74=DIRECTION('',(0.E0,1.E0,0.E0));
#75=VECTOR('',#74,6.3E-1);
#76=CARTESIAN_POINT('',(-2.5085E1,-3.15E-1,-6.E0));
#77=LINE('',#76,#75);
#78=DIRECTION('',(0.E0,0.E0,-1.E0));
#79=VECTOR('',#78,3.2E0);
#80=CARTESIAN_POINT('',(-2.5085E1,-3.15E-1,-2.8E0));
#81=LINE('',#80,#79);
#82=DIRECTION('',(1.E0,0.E0,0.E0));
#83=VECTOR('',#82,6.3E-1);
#84=CARTESIAN_POINT('',(-2.5715E1,-3.15E-1,5.8E0));
#85=LINE('',#84,#83);
#86=DIRECTION('',(1.E0,0.E0,0.E0));
#87=VECTOR('',#86,6.3E-1);
#88=CARTESIAN_POINT('',(-2.5715E1,3.15E-1,5.8E0));
#89=LINE('',#88,#87);
#90=DIRECTION('',(0.E0,1.E0,0.E0));
#91=VECTOR('',#90,6.3E-1);
#92=CARTESIAN_POINT('',(-2.5715E1,-3.15E-1,-2.8E0));
#93=LINE('',#92,#91);
#94=DIRECTION('',(1.E0,0.E0,0.E0));
#95=VECTOR('',#94,6.3E-1);
#96=CARTESIAN_POINT('',(-2.5715E1,3.15E-1,-2.8E0));
#97=LINE('',#96,#95);
#98=DIRECTION('',(0.E0,1.E0,0.E0));
#99=VECTOR('',#98,6.3E-1);
#100=CARTESIAN_POINT('',(-2.5085E1,-3.15E-1,-2.8E0));
#101=LINE('',#100,#99);
#102=DIRECTION('',(1.E0,0.E0,0.E0));
#103=VECTOR('',#102,6.3E-1);
#104=CARTESIAN_POINT('',(-2.5715E1,-3.15E-1,-2.8E0));
#105=LINE('',#104,#103);
#106=DIRECTION('',(1.E0,0.E0,0.E0));
#107=VECTOR('',#106,2.04E0);
#108=CARTESIAN_POINT('',(-2.642E1,-1.25E0,-2.8E0));
#109=LINE('',#108,#107);
#110=DIRECTION('',(0.E0,-1.E0,0.E0));
#111=VECTOR('',#110,2.5E0);
#112=CARTESIAN_POINT('',(-2.438E1,1.25E0,-2.8E0));
#113=LINE('',#112,#111);
#114=DIRECTION('',(-1.E0,0.E0,0.E0));
#115=VECTOR('',#114,2.04E0);
#116=CARTESIAN_POINT('',(-2.438E1,1.25E0,-2.8E0));
#117=LINE('',#116,#115);
#118=DIRECTION('',(0.E0,1.E0,0.E0));
#119=VECTOR('',#118,2.5E0);
#120=CARTESIAN_POINT('',(-2.642E1,-1.25E0,-2.8E0));
#121=LINE('',#120,#119);
#122=DIRECTION('',(1.E0,0.E0,0.E0));
#123=VECTOR('',#122,6.3E-1);
#124=CARTESIAN_POINT('',(-2.5715E1,3.15E-1,-6.E0));
#125=LINE('',#124,#123);
#126=DIRECTION('',(1.E0,0.E0,0.E0));
#127=VECTOR('',#126,6.3E-1);
#128=CARTESIAN_POINT('',(-2.5715E1,-3.15E-1,-6.E0));
#129=LINE('',#128,#127);
#130=DIRECTION('',(1.E0,0.E0,0.E0));
#131=VECTOR('',#130,2.04E0);
#132=CARTESIAN_POINT('',(-2.642E1,-1.25E0,-2.E-1));
#133=LINE('',#132,#131);
#134=DIRECTION('',(0.E0,0.E0,-1.E0));
#135=VECTOR('',#134,2.6E0);
#136=CARTESIAN_POINT('',(-2.438E1,-1.25E0,-2.E-1));
#137=LINE('',#136,#135);
#138=DIRECTION('',(0.E0,0.E0,-1.E0));
#139=VECTOR('',#138,2.6E0);
#140=CARTESIAN_POINT('',(-2.642E1,-1.25E0,-2.E-1));
#141=LINE('',#140,#139);
#142=DIRECTION('',(0.E0,-1.E0,0.E0));
#143=VECTOR('',#142,2.E0);
#144=CARTESIAN_POINT('',(-2.413E1,1.E0,-2.5E-1));
#145=LINE('',#144,#143);
#146=CARTESIAN_POINT('',(-2.438E1,-1.05E0,0.E0));
#147=CARTESIAN_POINT('',(-2.438E1,-1.111434633237E0,0.E0));
#148=CARTESIAN_POINT('',(-2.435689065827E1,-1.155952054201E0,
-2.310934172592E-2));
#149=CARTESIAN_POINT('',(-2.432142135624E1,-1.191421356237E0,
-5.857864376269E-2));
#151=CARTESIAN_POINT('',(-2.432142135624E1,1.191421356237E0,
-5.857864376269E-2));
#152=CARTESIAN_POINT('',(-2.435689065827E1,1.155952054201E0,
-2.310934172592E-2));
#153=CARTESIAN_POINT('',(-2.438E1,1.111434633237E0,0.E0));
#154=CARTESIAN_POINT('',(-2.438E1,1.05E0,0.E0));
#156=CARTESIAN_POINT('',(-2.393857864376E1,-1.191421356237E0,
-5.857864376269E-2));
#157=CARTESIAN_POINT('',(-2.390310934173E1,-1.155952054201E0,
-2.310934172592E-2));
#158=CARTESIAN_POINT('',(-2.388E1,-1.111434633237E0,0.E0));
#159=CARTESIAN_POINT('',(-2.388E1,-1.05E0,0.E0));
#161=CARTESIAN_POINT('',(-2.388E1,1.05E0,0.E0));
#162=CARTESIAN_POINT('',(-2.388E1,1.111434633237E0,0.E0));
#163=CARTESIAN_POINT('',(-2.390310934173E1,1.155952054201E0,
-2.310934172592E-2));
#164=CARTESIAN_POINT('',(-2.393857864376E1,1.191421356237E0,
-5.857864376269E-2));
#166=DIRECTION('',(0.E0,-1.E0,0.E0));
#167=VECTOR('',#166,2.E0);
#168=CARTESIAN_POINT('',(-2.159E1,1.E0,-2.5E-1));
#169=LINE('',#168,#167);
#170=CARTESIAN_POINT('',(-2.184E1,-1.05E0,0.E0));
#171=CARTESIAN_POINT('',(-2.184E1,-1.111434633237E0,0.E0));
#172=CARTESIAN_POINT('',(-2.181689065827E1,-1.155952054201E0,
-2.310934172592E-2));
#173=CARTESIAN_POINT('',(-2.178142135624E1,-1.191421356237E0,
-5.857864376269E-2));
#175=CARTESIAN_POINT('',(-2.178142135624E1,1.191421356237E0,
-5.857864376269E-2));
#176=CARTESIAN_POINT('',(-2.181689065827E1,1.155952054201E0,
-2.310934172592E-2));
#177=CARTESIAN_POINT('',(-2.184E1,1.111434633237E0,0.E0));
#178=CARTESIAN_POINT('',(-2.184E1,1.05E0,0.E0));
#180=CARTESIAN_POINT('',(-2.139857864376E1,-1.191421356237E0,
-5.857864376269E-2));
#181=CARTESIAN_POINT('',(-2.136310934173E1,-1.155952054201E0,
-2.310934172592E-2));
#182=CARTESIAN_POINT('',(-2.134E1,-1.111434633237E0,0.E0));
#183=CARTESIAN_POINT('',(-2.134E1,-1.05E0,0.E0));
#185=CARTESIAN_POINT('',(-2.134E1,1.05E0,0.E0));
#186=CARTESIAN_POINT('',(-2.134E1,1.111434633237E0,0.E0));
#187=CARTESIAN_POINT('',(-2.136310934173E1,1.155952054201E0,
-2.310934172592E-2));
#188=CARTESIAN_POINT('',(-2.139857864376E1,1.191421356237E0,
-5.857864376269E-2));
#190=DIRECTION('',(0.E0,-1.E0,0.E0));
#191=VECTOR('',#190,2.E0);
#192=CARTESIAN_POINT('',(-1.905E1,1.E0,-2.5E-1));
#193=LINE('',#192,#191);
#194=CARTESIAN_POINT('',(-1.93E1,-1.05E0,0.E0));
#195=CARTESIAN_POINT('',(-1.93E1,-1.111434633237E0,0.E0));
#196=CARTESIAN_POINT('',(-1.927689065827E1,-1.155952054201E0,
-2.310934172592E-2));
#197=CARTESIAN_POINT('',(-1.924142135624E1,-1.191421356237E0,
-5.857864376269E-2));
#199=CARTESIAN_POINT('',(-1.924142135624E1,1.191421356237E0,
-5.857864376269E-2));
#200=CARTESIAN_POINT('',(-1.927689065827E1,1.155952054201E0,
-2.310934172592E-2));
#201=CARTESIAN_POINT('',(-1.93E1,1.111434633237E0,0.E0));
#202=CARTESIAN_POINT('',(-1.93E1,1.05E0,0.E0));
#204=CARTESIAN_POINT('',(-1.885857864376E1,-1.191421356237E0,
-5.857864376269E-2));
#205=CARTESIAN_POINT('',(-1.882310934173E1,-1.155952054201E0,
-2.310934172592E-2));
#206=CARTESIAN_POINT('',(-1.88E1,-1.111434633237E0,0.E0));
#207=CARTESIAN_POINT('',(-1.88E1,-1.05E0,0.E0));
#209=CARTESIAN_POINT('',(-1.88E1,1.05E0,0.E0));
#210=CARTESIAN_POINT('',(-1.88E1,1.111434633237E0,0.E0));
#211=CARTESIAN_POINT('',(-1.882310934173E1,1.155952054201E0,
-2.310934172592E-2));
#212=CARTESIAN_POINT('',(-1.885857864376E1,1.191421356237E0,
-5.857864376269E-2));
#214=DIRECTION('',(0.E0,-1.E0,0.E0));
#215=VECTOR('',#214,2.E0);
#216=CARTESIAN_POINT('',(-1.651E1,1.E0,-2.5E-1));
#217=LINE('',#216,#215);
#218=CARTESIAN_POINT('',(-1.676E1,-1.05E0,0.E0));
#219=CARTESIAN_POINT('',(-1.676E1,-1.111434633237E0,0.E0));
#220=CARTESIAN_POINT('',(-1.673689065827E1,-1.155952054201E0,
-2.310934172592E-2));
#221=CARTESIAN_POINT('',(-1.670142135624E1,-1.191421356237E0,
-5.857864376269E-2));
#223=CARTESIAN_POINT('',(-1.670142135624E1,1.191421356237E0,
-5.857864376269E-2));
#224=CARTESIAN_POINT('',(-1.673689065827E1,1.155952054201E0,
-2.310934172592E-2));
#225=CARTESIAN_POINT('',(-1.676E1,1.111434633237E0,0.E0));
#226=CARTESIAN_POINT('',(-1.676E1,1.05E0,0.E0));
#228=CARTESIAN_POINT('',(-1.631857864376E1,-1.191421356237E0,
-5.857864376269E-2));
#229=CARTESIAN_POINT('',(-1.628310934173E1,-1.155952054201E0,
-2.310934172592E-2));
#230=CARTESIAN_POINT('',(-1.626E1,-1.111434633237E0,0.E0));
#231=CARTESIAN_POINT('',(-1.626E1,-1.05E0,0.E0));
#233=CARTESIAN_POINT('',(-1.626E1,1.05E0,0.E0));
#234=CARTESIAN_POINT('',(-1.626E1,1.111434633237E0,0.E0));
#235=CARTESIAN_POINT('',(-1.628310934173E1,1.155952054201E0,
-2.310934172592E-2));
#236=CARTESIAN_POINT('',(-1.631857864376E1,1.191421356237E0,
-5.857864376269E-2));
#238=DIRECTION('',(0.E0,-1.E0,0.E0));
#239=VECTOR('',#238,2.E0);
#240=CARTESIAN_POINT('',(-1.397E1,1.E0,-2.5E-1));
#241=LINE('',#240,#239);
#242=CARTESIAN_POINT('',(-1.422E1,-1.05E0,0.E0));
#243=CARTESIAN_POINT('',(-1.422E1,-1.111434633237E0,0.E0));
#244=CARTESIAN_POINT('',(-1.419689065827E1,-1.155952054201E0,
-2.310934172592E-2));
#245=CARTESIAN_POINT('',(-1.416142135624E1,-1.191421356237E0,
-5.857864376269E-2));
#247=CARTESIAN_POINT('',(-1.416142135624E1,1.191421356237E0,
-5.857864376269E-2));
#248=CARTESIAN_POINT('',(-1.419689065827E1,1.155952054201E0,
-2.310934172592E-2));
#249=CARTESIAN_POINT('',(-1.422E1,1.111434633237E0,0.E0));
#250=CARTESIAN_POINT('',(-1.422E1,1.05E0,0.E0));
#252=CARTESIAN_POINT('',(-1.377857864376E1,-1.191421356237E0,
-5.857864376269E-2));
#253=CARTESIAN_POINT('',(-1.374310934173E1,-1.155952054201E0,
-2.310934172592E-2));
#254=CARTESIAN_POINT('',(-1.372E1,-1.111434633237E0,0.E0));
#255=CARTESIAN_POINT('',(-1.372E1,-1.05E0,0.E0));
#257=CARTESIAN_POINT('',(-1.372E1,1.05E0,0.E0));
#258=CARTESIAN_POINT('',(-1.372E1,1.111434633237E0,0.E0));
#259=CARTESIAN_POINT('',(-1.374310934173E1,1.155952054201E0,
-2.310934172592E-2));
#260=CARTESIAN_POINT('',(-1.377857864376E1,1.191421356237E0,
-5.857864376269E-2));
#262=DIRECTION('',(0.E0,-1.E0,0.E0));
#263=VECTOR('',#262,2.E0);
#264=CARTESIAN_POINT('',(-1.143E1,1.E0,-2.5E-1));
#265=LINE('',#264,#263);
#266=CARTESIAN_POINT('',(-1.168E1,-1.05E0,0.E0));
#267=CARTESIAN_POINT('',(-1.168E1,-1.111434633237E0,0.E0));
#268=CARTESIAN_POINT('',(-1.165689065827E1,-1.155952054201E0,
-2.310934172592E-2));
#269=CARTESIAN_POINT('',(-1.162142135624E1,-1.191421356237E0,
-5.857864376269E-2));
#271=CARTESIAN_POINT('',(-1.162142135624E1,1.191421356237E0,
-5.857864376269E-2));
#272=CARTESIAN_POINT('',(-1.165689065827E1,1.155952054201E0,
-2.310934172592E-2));
#273=CARTESIAN_POINT('',(-1.168E1,1.111434633237E0,0.E0));
#274=CARTESIAN_POINT('',(-1.168E1,1.05E0,0.E0));
#276=CARTESIAN_POINT('',(-1.123857864376E1,-1.191421356237E0,
-5.857864376269E-2));
#277=CARTESIAN_POINT('',(-1.120310934173E1,-1.155952054201E0,
-2.310934172592E-2));
#278=CARTESIAN_POINT('',(-1.118E1,-1.111434633237E0,0.E0));
#279=CARTESIAN_POINT('',(-1.118E1,-1.05E0,0.E0));
#281=CARTESIAN_POINT('',(-1.118E1,1.05E0,0.E0));
#282=CARTESIAN_POINT('',(-1.118E1,1.111434633237E0,0.E0));
#283=CARTESIAN_POINT('',(-1.120310934173E1,1.155952054201E0,
-2.310934172592E-2));
#284=CARTESIAN_POINT('',(-1.123857864376E1,1.191421356237E0,
-5.857864376269E-2));
#286=DIRECTION('',(0.E0,-1.E0,0.E0));
#287=VECTOR('',#286,2.E0);
#288=CARTESIAN_POINT('',(-8.89E0,1.E0,-2.5E-1));
#289=LINE('',#288,#287);
#290=CARTESIAN_POINT('',(-9.14E0,-1.05E0,0.E0));
#291=CARTESIAN_POINT('',(-9.14E0,-1.111434633237E0,0.E0));
#292=CARTESIAN_POINT('',(-9.116890658274E0,-1.155952054201E0,
-2.310934172592E-2));
#293=CARTESIAN_POINT('',(-9.081421356237E0,-1.191421356237E0,
-5.857864376269E-2));
#295=CARTESIAN_POINT('',(-9.081421356237E0,1.191421356237E0,
-5.857864376269E-2));
#296=CARTESIAN_POINT('',(-9.116890658274E0,1.155952054201E0,
-2.310934172592E-2));
#297=CARTESIAN_POINT('',(-9.14E0,1.111434633237E0,0.E0));
#298=CARTESIAN_POINT('',(-9.14E0,1.05E0,0.E0));
#300=CARTESIAN_POINT('',(-8.698578643763E0,-1.191421356237E0,
-5.857864376269E-2));
#301=CARTESIAN_POINT('',(-8.663109341726E0,-1.155952054201E0,
-2.310934172592E-2));
#302=CARTESIAN_POINT('',(-8.64E0,-1.111434633237E0,0.E0));
#303=CARTESIAN_POINT('',(-8.64E0,-1.05E0,0.E0));
#305=CARTESIAN_POINT('',(-8.64E0,1.05E0,0.E0));
#306=CARTESIAN_POINT('',(-8.64E0,1.111434633237E0,0.E0));
#307=CARTESIAN_POINT('',(-8.663109341726E0,1.155952054201E0,
-2.310934172592E-2));
#308=CARTESIAN_POINT('',(-8.698578643763E0,1.191421356237E0,
-5.857864376269E-2));
#310=DIRECTION('',(0.E0,-1.E0,0.E0));
#311=VECTOR('',#310,2.E0);
#312=CARTESIAN_POINT('',(-6.35E0,1.E0,-2.5E-1));
#313=LINE('',#312,#311);
#314=CARTESIAN_POINT('',(-6.6E0,-1.05E0,0.E0));
#315=CARTESIAN_POINT('',(-6.6E0,-1.111434633237E0,0.E0));
#316=CARTESIAN_POINT('',(-6.576890658274E0,-1.155952054201E0,
-2.310934172592E-2));
#317=CARTESIAN_POINT('',(-6.541421356237E0,-1.191421356237E0,
-5.857864376269E-2));
#319=CARTESIAN_POINT('',(-6.541421356237E0,1.191421356237E0,
-5.857864376269E-2));
#320=CARTESIAN_POINT('',(-6.576890658274E0,1.155952054201E0,
-2.310934172592E-2));
#321=CARTESIAN_POINT('',(-6.6E0,1.111434633237E0,0.E0));
#322=CARTESIAN_POINT('',(-6.6E0,1.05E0,0.E0));
#324=CARTESIAN_POINT('',(-6.158578643763E0,-1.191421356237E0,
-5.857864376269E-2));
#325=CARTESIAN_POINT('',(-6.123109341726E0,-1.155952054201E0,
-2.310934172592E-2));
#326=CARTESIAN_POINT('',(-6.1E0,-1.111434633237E0,0.E0));
#327=CARTESIAN_POINT('',(-6.1E0,-1.05E0,0.E0));
#329=CARTESIAN_POINT('',(-6.1E0,1.05E0,0.E0));
#330=CARTESIAN_POINT('',(-6.1E0,1.111434633237E0,0.E0));
#331=CARTESIAN_POINT('',(-6.123109341726E0,1.155952054201E0,
-2.310934172592E-2));
#332=CARTESIAN_POINT('',(-6.158578643763E0,1.191421356237E0,
-5.857864376269E-2));
#334=DIRECTION('',(0.E0,-1.E0,0.E0));
#335=VECTOR('',#334,2.E0);
#336=CARTESIAN_POINT('',(-3.81E0,1.E0,-2.5E-1));
#337=LINE('',#336,#335);
#338=CARTESIAN_POINT('',(-4.06E0,-1.05E0,0.E0));
#339=CARTESIAN_POINT('',(-4.06E0,-1.111434633237E0,0.E0));
#340=CARTESIAN_POINT('',(-4.036890658274E0,-1.155952054201E0,
-2.310934172592E-2));
#341=CARTESIAN_POINT('',(-4.001421356237E0,-1.191421356237E0,
-5.857864376269E-2));
#343=CARTESIAN_POINT('',(-4.001421356237E0,1.191421356237E0,
-5.857864376269E-2));
#344=CARTESIAN_POINT('',(-4.036890658274E0,1.155952054201E0,
-2.310934172592E-2));
#345=CARTESIAN_POINT('',(-4.06E0,1.111434633237E0,0.E0));
#346=CARTESIAN_POINT('',(-4.06E0,1.05E0,0.E0));
#348=CARTESIAN_POINT('',(-3.618578643763E0,-1.191421356237E0,
-5.857864376269E-2));
#349=CARTESIAN_POINT('',(-3.583109341726E0,-1.155952054201E0,
-2.310934172592E-2));
#350=CARTESIAN_POINT('',(-3.56E0,-1.111434633237E0,0.E0));
#351=CARTESIAN_POINT('',(-3.56E0,-1.05E0,0.E0));
#353=CARTESIAN_POINT('',(-3.56E0,1.05E0,0.E0));
#354=CARTESIAN_POINT('',(-3.56E0,1.111434633237E0,0.E0));
#355=CARTESIAN_POINT('',(-3.583109341726E0,1.155952054201E0,
-2.310934172592E-2));
#356=CARTESIAN_POINT('',(-3.618578643763E0,1.191421356237E0,
-5.857864376269E-2));
#358=CARTESIAN_POINT('',(-1.52E0,-1.05E0,0.E0));
#359=CARTESIAN_POINT('',(-1.52E0,-1.111434633237E0,0.E0));
#360=CARTESIAN_POINT('',(-1.496890658274E0,-1.155952054201E0,
-2.310934172592E-2));
#361=CARTESIAN_POINT('',(-1.461421356237E0,-1.191421356237E0,
-5.857864376269E-2));
#363=CARTESIAN_POINT('',(-1.461421356237E0,1.191421356237E0,
-5.857864376269E-2));
#364=CARTESIAN_POINT('',(-1.496890658274E0,1.155952054201E0,
-2.310934172592E-2));
#365=CARTESIAN_POINT('',(-1.52E0,1.111434633237E0,0.E0));
#366=CARTESIAN_POINT('',(-1.52E0,1.05E0,0.E0));
#368=DIRECTION('',(0.E0,1.E0,0.E0));
#369=VECTOR('',#368,6.3E-1);
#370=CARTESIAN_POINT('',(-2.855E0,-3.15E-1,0.E0));
#371=LINE('',#370,#369);
#372=DIRECTION('',(1.E0,0.E0,0.E0));
#373=VECTOR('',#372,6.3E-1);
#374=CARTESIAN_POINT('',(-2.855E0,-3.15E-1,0.E0));
#375=LINE('',#374,#373);
#376=DIRECTION('',(0.E0,1.E0,0.E0));
#377=VECTOR('',#376,6.3E-1);
#378=CARTESIAN_POINT('',(-2.225E0,-3.15E-1,0.E0));
#379=LINE('',#378,#377);
#380=DIRECTION('',(1.E0,0.E0,0.E0));
#381=VECTOR('',#380,6.3E-1);
#382=CARTESIAN_POINT('',(-2.855E0,3.15E-1,0.E0));
#383=LINE('',#382,#381);
#384=DIRECTION('',(1.E0,0.E0,0.E0));
#385=VECTOR('',#384,2.04E0);
#386=CARTESIAN_POINT('',(-3.56E0,-1.05E0,0.E0));
#387=LINE('',#386,#385);
#388=DIRECTION('',(0.E0,-1.E0,0.E0));
#389=VECTOR('',#388,2.1E0);
#390=CARTESIAN_POINT('',(-3.56E0,1.05E0,0.E0));
#391=LINE('',#390,#389);
#392=DIRECTION('',(-1.E0,0.E0,0.E0));
#393=VECTOR('',#392,2.04E0);
#394=CARTESIAN_POINT('',(-1.52E0,1.05E0,0.E0));
#395=LINE('',#394,#393);
#396=DIRECTION('',(0.E0,1.E0,0.E0));
#397=VECTOR('',#396,2.1E0);
#398=CARTESIAN_POINT('',(-1.52E0,-1.05E0,0.E0));
#399=LINE('',#398,#397);
#400=DIRECTION('',(0.E0,0.E0,1.E0));
#401=VECTOR('',#400,5.8E0);
#402=CARTESIAN_POINT('',(-2.855E0,3.15E-1,0.E0));
#403=LINE('',#402,#401);
#404=DIRECTION('',(0.E0,-1.E0,0.E0));
#405=VECTOR('',#404,6.3E-1);
#406=CARTESIAN_POINT('',(-2.855E0,3.15E-1,5.8E0));
#407=LINE('',#406,#405);
#408=DIRECTION('',(0.E0,0.E0,-1.E0));
#409=VECTOR('',#408,5.8E0);
#410=CARTESIAN_POINT('',(-2.855E0,-3.15E-1,5.8E0));
#411=LINE('',#410,#409);
#412=DIRECTION('',(0.E0,0.E0,-1.E0));
#413=VECTOR('',#412,3.2E0);
#414=CARTESIAN_POINT('',(-2.855E0,-3.15E-1,-2.8E0));
#415=LINE('',#414,#413);
#416=DIRECTION('',(0.E0,1.E0,0.E0));
#417=VECTOR('',#416,6.3E-1);
#418=CARTESIAN_POINT('',(-2.855E0,-3.15E-1,-6.E0));
#419=LINE('',#418,#417);
#420=DIRECTION('',(0.E0,0.E0,1.E0));
#421=VECTOR('',#420,3.2E0);
#422=CARTESIAN_POINT('',(-2.855E0,3.15E-1,-6.E0));
#423=LINE('',#422,#421);
#424=DIRECTION('',(0.E0,0.E0,1.E0));
#425=VECTOR('',#424,5.8E0);
#426=CARTESIAN_POINT('',(-2.225E0,3.15E-1,0.E0));
#427=LINE('',#426,#425);
#428=DIRECTION('',(0.E0,0.E0,-1.E0));
#429=VECTOR('',#428,5.8E0);
#430=CARTESIAN_POINT('',(-2.225E0,-3.15E-1,5.8E0));
#431=LINE('',#430,#429);
#432=DIRECTION('',(0.E0,-1.E0,0.E0));
#433=VECTOR('',#432,6.3E-1);
#434=CARTESIAN_POINT('',(-2.225E0,3.15E-1,5.8E0));
#435=LINE('',#434,#433);
#436=DIRECTION('',(0.E0,0.E0,-1.E0));
#437=VECTOR('',#436,3.2E0);
#438=CARTESIAN_POINT('',(-2.225E0,-3.15E-1,-2.8E0));
#439=LINE('',#438,#437);
#440=DIRECTION('',(0.E0,0.E0,1.E0));
#441=VECTOR('',#440,3.2E0);
#442=CARTESIAN_POINT('',(-2.225E0,3.15E-1,-6.E0));
#443=LINE('',#442,#441);
#444=DIRECTION('',(0.E0,1.E0,0.E0));
#445=VECTOR('',#444,6.3E-1);
#446=CARTESIAN_POINT('',(-2.225E0,-3.15E-1,-6.E0));
#447=LINE('',#446,#445);
#448=DIRECTION('',(1.E0,0.E0,0.E0));
#449=VECTOR('',#448,6.3E-1);
#450=CARTESIAN_POINT('',(-2.855E0,-3.15E-1,5.8E0));
#451=LINE('',#450,#449);
#452=DIRECTION('',(1.E0,0.E0,0.E0));
#453=VECTOR('',#452,6.3E-1);
#454=CARTESIAN_POINT('',(-2.855E0,3.15E-1,5.8E0));
#455=LINE('',#454,#453);
#456=DIRECTION('',(0.E0,1.E0,0.E0));
#457=VECTOR('',#456,6.3E-1);
#458=CARTESIAN_POINT('',(-2.855E0,-3.15E-1,-2.8E0));
#459=LINE('',#458,#457);
#460=DIRECTION('',(1.E0,0.E0,0.E0));
#461=VECTOR('',#460,6.3E-1);
#462=CARTESIAN_POINT('',(-2.855E0,3.15E-1,-2.8E0));
#463=LINE('',#462,#461);
#464=DIRECTION('',(0.E0,1.E0,0.E0));
#465=VECTOR('',#464,6.3E-1);
#466=CARTESIAN_POINT('',(-2.225E0,-3.15E-1,-2.8E0));
#467=LINE('',#466,#465);
#468=DIRECTION('',(1.E0,0.E0,0.E0));
#469=VECTOR('',#468,6.3E-1);
#470=CARTESIAN_POINT('',(-2.855E0,-3.15E-1,-2.8E0));
#471=LINE('',#470,#469);
#472=DIRECTION('',(0.E0,-1.E0,0.E0));
#473=VECTOR('',#472,2.5E0);
#474=CARTESIAN_POINT('',(-1.52E0,1.25E0,-2.8E0));
#475=LINE('',#474,#473);
#476=DIRECTION('',(-1.E0,0.E0,0.E0));
#477=VECTOR('',#476,2.04E0);
#478=CARTESIAN_POINT('',(-1.52E0,1.25E0,-2.8E0));
#479=LINE('',#478,#477);
#480=DIRECTION('',(0.E0,1.E0,0.E0));
#481=VECTOR('',#480,2.5E0);
#482=CARTESIAN_POINT('',(-3.56E0,-1.25E0,-2.8E0));
#483=LINE('',#482,#481);
#484=DIRECTION('',(1.E0,0.E0,0.E0));
#485=VECTOR('',#484,2.04E0);
#486=CARTESIAN_POINT('',(-3.56E0,-1.25E0,-2.8E0));
#487=LINE('',#486,#485);
#488=DIRECTION('',(1.E0,0.E0,0.E0));
#489=VECTOR('',#488,6.3E-1);
#490=CARTESIAN_POINT('',(-2.855E0,3.15E-1,-6.E0));
#491=LINE('',#490,#489);
#492=DIRECTION('',(1.E0,0.E0,0.E0));
#493=VECTOR('',#492,6.3E-1);
#494=CARTESIAN_POINT('',(-2.855E0,-3.15E-1,-6.E0));
#495=LINE('',#494,#493);
#496=DIRECTION('',(-5.773502691896E-1,-5.773502691896E-1,-5.773502691896E-1));
#497=VECTOR('',#496,4.330127018922E-1);
#498=CARTESIAN_POINT('',(-1.27E0,-1.E0,-2.55E0));
#499=LINE('',#498,#497);
#500=CARTESIAN_POINT('',(-1.461421356237E0,-1.191421356237E0,
-5.857864376269E-2));
#501=CARTESIAN_POINT('',(-1.496890658274E0,-1.226890658274E0,
-9.404794579946E-2));
#502=CARTESIAN_POINT('',(-1.52E0,-1.25E0,-1.385653667633E-1));
#503=CARTESIAN_POINT('',(-1.52E0,-1.25E0,-2.E-1));
#505=DIRECTION('',(-5.773502691896E-1,-5.773502691896E-1,5.773502691896E-1));
#506=VECTOR('',#505,3.315515146568E-1);
#507=CARTESIAN_POINT('',(-1.27E0,-1.E0,-2.5E-1));
#508=LINE('',#507,#506);
#509=DIRECTION('',(0.E0,-1.E0,0.E0));
#510=VECTOR('',#509,2.E0);
#511=CARTESIAN_POINT('',(-1.27E0,1.E0,-2.55E0));
#512=LINE('',#511,#510);
#513=DIRECTION('',(0.E0,0.E0,-1.E0));
#514=VECTOR('',#513,2.3E0);
#515=CARTESIAN_POINT('',(-1.27E0,-1.E0,-2.5E-1));
#516=LINE('',#515,#514);
#517=DIRECTION('',(0.E0,1.E0,0.E0));
#518=VECTOR('',#517,2.E0);
#519=CARTESIAN_POINT('',(-1.27E0,-1.E0,-2.5E-1));
#520=LINE('',#519,#518);
#521=DIRECTION('',(0.E0,0.E0,-1.E0));
#522=VECTOR('',#521,2.3E0);
#523=CARTESIAN_POINT('',(-1.27E0,1.E0,-2.5E-1));
#524=LINE('',#523,#522);
#525=CARTESIAN_POINT('',(-1.52E0,1.25E0,-2.E-1));
#526=CARTESIAN_POINT('',(-1.52E0,1.25E0,-1.385653667633E-1));
#527=CARTESIAN_POINT('',(-1.496890658274E0,1.226890658274E0,
-9.404794579946E-2));
#528=CARTESIAN_POINT('',(-1.461421356237E0,1.191421356237E0,
-5.857864376269E-2));
#530=DIRECTION('',(-5.773502691896E-1,5.773502691896E-1,-5.773502691896E-1));
#531=VECTOR('',#530,4.330127018922E-1);
#532=CARTESIAN_POINT('',(-1.27E0,1.E0,-2.55E0));
#533=LINE('',#532,#531);
#534=DIRECTION('',(5.773502691896E-1,-5.773502691896E-1,-5.773502691896E-1));
#535=VECTOR('',#534,3.315515146568E-1);
#536=CARTESIAN_POINT('',(-1.461421356237E0,1.191421356237E0,
-5.857864376269E-2));
#537=LINE('',#536,#535);
#538=CARTESIAN_POINT('',(-3.618578643763E0,1.191421356237E0,
-5.857864376269E-2));
#539=CARTESIAN_POINT('',(-3.583109341726E0,1.226890658274E0,
-9.404794579946E-2));
#540=CARTESIAN_POINT('',(-3.56E0,1.25E0,-1.385653667633E-1));
#541=CARTESIAN_POINT('',(-3.56E0,1.25E0,-2.E-1));
#543=DIRECTION('',(5.773502691896E-1,5.773502691896E-1,5.773502691896E-1));
#544=VECTOR('',#543,3.315515146568E-1);
#545=CARTESIAN_POINT('',(-3.81E0,1.E0,-2.5E-1));
#546=LINE('',#545,#544);
#547=DIRECTION('',(-5.773502691896E-1,-5.773502691896E-1,5.773502691896E-1));
#548=VECTOR('',#547,4.330127018922E-1);
#549=CARTESIAN_POINT('',(-3.56E0,1.25E0,-2.8E0));
#550=LINE('',#549,#548);
#551=DIRECTION('',(0.E0,0.E0,-1.E0));
#552=VECTOR('',#551,2.3E0);
#553=CARTESIAN_POINT('',(-3.81E0,1.E0,-2.5E-1));
#554=LINE('',#553,#552);
#555=DIRECTION('',(5.773502691896E-1,-5.773502691896E-1,-5.773502691896E-1));
#556=VECTOR('',#555,3.315515146568E-1);
#557=CARTESIAN_POINT('',(-4.001421356237E0,1.191421356237E0,
-5.857864376269E-2));
#558=LINE('',#557,#556);
#559=CARTESIAN_POINT('',(-4.06E0,1.25E0,-2.E-1));
#560=CARTESIAN_POINT('',(-4.06E0,1.25E0,-1.385653667633E-1));
#561=CARTESIAN_POINT('',(-4.036890658274E0,1.226890658274E0,
-9.404794579946E-2));
#562=CARTESIAN_POINT('',(-4.001421356237E0,1.191421356237E0,
-5.857864376269E-2));
#564=DIRECTION('',(-5.773502691896E-1,5.773502691896E-1,-5.773502691896E-1));
#565=VECTOR('',#564,4.330127018922E-1);
#566=CARTESIAN_POINT('',(-3.81E0,1.E0,-2.55E0));
#567=LINE('',#566,#565);
#568=CARTESIAN_POINT('',(-6.158578643763E0,1.191421356237E0,
-5.857864376269E-2));
#569=CARTESIAN_POINT('',(-6.123109341726E0,1.226890658274E0,
-9.404794579946E-2));
#570=CARTESIAN_POINT('',(-6.1E0,1.25E0,-1.385653667633E-1));
#571=CARTESIAN_POINT('',(-6.1E0,1.25E0,-2.E-1));
#573=DIRECTION('',(5.773502691896E-1,5.773502691896E-1,5.773502691896E-1));
#574=VECTOR('',#573,3.315515146568E-1);
#575=CARTESIAN_POINT('',(-6.35E0,1.E0,-2.5E-1));
#576=LINE('',#575,#574);
#577=DIRECTION('',(-5.773502691896E-1,-5.773502691896E-1,5.773502691896E-1));
#578=VECTOR('',#577,4.330127018922E-1);
#579=CARTESIAN_POINT('',(-6.1E0,1.25E0,-2.8E0));
#580=LINE('',#579,#578);
#581=DIRECTION('',(0.E0,0.E0,-1.E0));
#582=VECTOR('',#581,2.3E0);
#583=CARTESIAN_POINT('',(-6.35E0,1.E0,-2.5E-1));
#584=LINE('',#583,#582);
#585=DIRECTION('',(5.773502691896E-1,-5.773502691896E-1,-5.773502691896E-1));
#586=VECTOR('',#585,3.315515146568E-1);
#587=CARTESIAN_POINT('',(-6.541421356237E0,1.191421356237E0,
-5.857864376269E-2));
#588=LINE('',#587,#586);
#589=CARTESIAN_POINT('',(-6.6E0,1.25E0,-2.E-1));
#590=CARTESIAN_POINT('',(-6.6E0,1.25E0,-1.385653667633E-1));
#591=CARTESIAN_POINT('',(-6.576890658274E0,1.226890658274E0,
-9.404794579946E-2));
#592=CARTESIAN_POINT('',(-6.541421356237E0,1.191421356237E0,
-5.857864376269E-2));
#594=DIRECTION('',(-5.773502691896E-1,5.773502691896E-1,-5.773502691896E-1));
#595=VECTOR('',#594,4.330127018922E-1);
#596=CARTESIAN_POINT('',(-6.35E0,1.E0,-2.55E0));
#597=LINE('',#596,#595);
#598=CARTESIAN_POINT('',(-8.698578643763E0,1.191421356237E0,
-5.857864376269E-2));
#599=CARTESIAN_POINT('',(-8.663109341726E0,1.226890658274E0,
-9.404794579946E-2));
#600=CARTESIAN_POINT('',(-8.64E0,1.25E0,-1.385653667633E-1));
#601=CARTESIAN_POINT('',(-8.64E0,1.25E0,-2.E-1));
#603=DIRECTION('',(5.773502691896E-1,5.773502691896E-1,5.773502691896E-1));
#604=VECTOR('',#603,3.315515146568E-1);
#605=CARTESIAN_POINT('',(-8.89E0,1.E0,-2.5E-1));
#606=LINE('',#605,#604);
#607=DIRECTION('',(-5.773502691896E-1,-5.773502691896E-1,5.773502691896E-1));
#608=VECTOR('',#607,4.330127018922E-1);
#609=CARTESIAN_POINT('',(-8.64E0,1.25E0,-2.8E0));
#610=LINE('',#609,#608);
#611=DIRECTION('',(0.E0,0.E0,-1.E0));
#612=VECTOR('',#611,2.3E0);
#613=CARTESIAN_POINT('',(-8.89E0,1.E0,-2.5E-1));
#614=LINE('',#613,#612);
#615=DIRECTION('',(5.773502691896E-1,-5.773502691896E-1,-5.773502691896E-1));
#616=VECTOR('',#615,3.315515146568E-1);
#617=CARTESIAN_POINT('',(-9.081421356237E0,1.191421356237E0,
-5.857864376269E-2));
#618=LINE('',#617,#616);
#619=CARTESIAN_POINT('',(-9.14E0,1.25E0,-2.E-1));
#620=CARTESIAN_POINT('',(-9.14E0,1.25E0,-1.385653667633E-1));
#621=CARTESIAN_POINT('',(-9.116890658274E0,1.226890658274E0,
-9.404794579946E-2));
#622=CARTESIAN_POINT('',(-9.081421356237E0,1.191421356237E0,
-5.857864376269E-2));
#624=DIRECTION('',(-5.773502691896E-1,5.773502691896E-1,-5.773502691896E-1));
#625=VECTOR('',#624,4.330127018922E-1);
#626=CARTESIAN_POINT('',(-8.89E0,1.E0,-2.55E0));
#627=LINE('',#626,#625);
#628=CARTESIAN_POINT('',(-1.123857864376E1,1.191421356237E0,
-5.857864376269E-2));
#629=CARTESIAN_POINT('',(-1.120310934173E1,1.226890658274E0,
-9.404794579946E-2));
#630=CARTESIAN_POINT('',(-1.118E1,1.25E0,-1.385653667633E-1));
#631=CARTESIAN_POINT('',(-1.118E1,1.25E0,-2.E-1));
#633=DIRECTION('',(5.773502691896E-1,5.773502691896E-1,5.773502691896E-1));
#634=VECTOR('',#633,3.315515146568E-1);
#635=CARTESIAN_POINT('',(-1.143E1,1.E0,-2.5E-1));
#636=LINE('',#635,#634);
#637=DIRECTION('',(-5.773502691896E-1,-5.773502691896E-1,5.773502691896E-1));
#638=VECTOR('',#637,4.330127018922E-1);
#639=CARTESIAN_POINT('',(-1.118E1,1.25E0,-2.8E0));
#640=LINE('',#639,#638);
#641=DIRECTION('',(0.E0,0.E0,-1.E0));
#642=VECTOR('',#641,2.3E0);
#643=CARTESIAN_POINT('',(-1.143E1,1.E0,-2.5E-1));
#644=LINE('',#643,#642);
#645=DIRECTION('',(5.773502691896E-1,-5.773502691896E-1,-5.773502691896E-1));
#646=VECTOR('',#645,3.315515146568E-1);
#647=CARTESIAN_POINT('',(-1.162142135624E1,1.191421356237E0,
-5.857864376269E-2));
#648=LINE('',#647,#646);
#649=CARTESIAN_POINT('',(-1.168E1,1.25E0,-2.E-1));
#650=CARTESIAN_POINT('',(-1.168E1,1.25E0,-1.385653667633E-1));
#651=CARTESIAN_POINT('',(-1.165689065827E1,1.226890658274E0,
-9.404794579946E-2));
#652=CARTESIAN_POINT('',(-1.162142135624E1,1.191421356237E0,
-5.857864376269E-2));
#654=DIRECTION('',(-5.773502691896E-1,5.773502691896E-1,-5.773502691896E-1));
#655=VECTOR('',#654,4.330127018922E-1);
#656=CARTESIAN_POINT('',(-1.143E1,1.E0,-2.55E0));
#657=LINE('',#656,#655);
#658=CARTESIAN_POINT('',(-1.377857864376E1,1.191421356237E0,
-5.857864376269E-2));
#659=CARTESIAN_POINT('',(-1.374310934173E1,1.226890658274E0,
-9.404794579946E-2));
#660=CARTESIAN_POINT('',(-1.372E1,1.25E0,-1.385653667633E-1));
#661=CARTESIAN_POINT('',(-1.372E1,1.25E0,-2.E-1));
#663=DIRECTION('',(5.773502691896E-1,5.773502691896E-1,5.773502691896E-1));
#664=VECTOR('',#663,3.315515146568E-1);
#665=CARTESIAN_POINT('',(-1.397E1,1.E0,-2.5E-1));
#666=LINE('',#665,#664);
#667=DIRECTION('',(-5.773502691896E-1,-5.773502691896E-1,5.773502691896E-1));
#668=VECTOR('',#667,4.330127018922E-1);
#669=CARTESIAN_POINT('',(-1.372E1,1.25E0,-2.8E0));
#670=LINE('',#669,#668);
#671=DIRECTION('',(0.E0,0.E0,-1.E0));
#672=VECTOR('',#671,2.3E0);
#673=CARTESIAN_POINT('',(-1.397E1,1.E0,-2.5E-1));
#674=LINE('',#673,#672);
#675=DIRECTION('',(5.773502691896E-1,-5.773502691896E-1,-5.773502691896E-1));
#676=VECTOR('',#675,3.315515146568E-1);
#677=CARTESIAN_POINT('',(-1.416142135624E1,1.191421356237E0,
-5.857864376269E-2));
#678=LINE('',#677,#676);
#679=CARTESIAN_POINT('',(-1.422E1,1.25E0,-2.E-1));
#680=CARTESIAN_POINT('',(-1.422E1,1.25E0,-1.385653667633E-1));
#681=CARTESIAN_POINT('',(-1.419689065827E1,1.226890658274E0,
-9.404794579946E-2));
#682=CARTESIAN_POINT('',(-1.416142135624E1,1.191421356237E0,
-5.857864376269E-2));
#684=DIRECTION('',(-5.773502691896E-1,5.773502691896E-1,-5.773502691896E-1));
#685=VECTOR('',#684,4.330127018922E-1);
#686=CARTESIAN_POINT('',(-1.397E1,1.E0,-2.55E0));
#687=LINE('',#686,#685);
#688=CARTESIAN_POINT('',(-1.631857864376E1,1.191421356237E0,
-5.857864376269E-2));
#689=CARTESIAN_POINT('',(-1.628310934173E1,1.226890658274E0,
-9.404794579946E-2));
#690=CARTESIAN_POINT('',(-1.626E1,1.25E0,-1.385653667633E-1));
#691=CARTESIAN_POINT('',(-1.626E1,1.25E0,-2.E-1));
#693=DIRECTION('',(5.773502691896E-1,5.773502691896E-1,5.773502691896E-1));
#694=VECTOR('',#693,3.315515146568E-1);
#695=CARTESIAN_POINT('',(-1.651E1,1.E0,-2.5E-1));
#696=LINE('',#695,#694);
#697=DIRECTION('',(-5.773502691896E-1,-5.773502691896E-1,5.773502691896E-1));
#698=VECTOR('',#697,4.330127018922E-1);
#699=CARTESIAN_POINT('',(-1.626E1,1.25E0,-2.8E0));
#700=LINE('',#699,#698);
#701=DIRECTION('',(0.E0,0.E0,-1.E0));
#702=VECTOR('',#701,2.3E0);
#703=CARTESIAN_POINT('',(-1.651E1,1.E0,-2.5E-1));
#704=LINE('',#703,#702);
#705=DIRECTION('',(5.773502691896E-1,-5.773502691896E-1,-5.773502691896E-1));
#706=VECTOR('',#705,3.315515146568E-1);
#707=CARTESIAN_POINT('',(-1.670142135624E1,1.191421356237E0,
-5.857864376269E-2));
#708=LINE('',#707,#706);
#709=CARTESIAN_POINT('',(-1.676E1,1.25E0,-2.E-1));
#710=CARTESIAN_POINT('',(-1.676E1,1.25E0,-1.385653667633E-1));
#711=CARTESIAN_POINT('',(-1.673689065827E1,1.226890658274E0,
-9.404794579946E-2));
#712=CARTESIAN_POINT('',(-1.670142135624E1,1.191421356237E0,
-5.857864376269E-2));
#714=DIRECTION('',(-5.773502691896E-1,5.773502691896E-1,-5.773502691896E-1));
#715=VECTOR('',#714,4.330127018922E-1);
#716=CARTESIAN_POINT('',(-1.651E1,1.E0,-2.55E0));
#717=LINE('',#716,#715);
#718=CARTESIAN_POINT('',(-1.885857864376E1,1.191421356237E0,
-5.857864376269E-2));
#719=CARTESIAN_POINT('',(-1.882310934173E1,1.226890658274E0,
-9.404794579946E-2));
#720=CARTESIAN_POINT('',(-1.88E1,1.25E0,-1.385653667633E-1));
#721=CARTESIAN_POINT('',(-1.88E1,1.25E0,-2.E-1));
#723=DIRECTION('',(5.773502691896E-1,5.773502691896E-1,5.773502691896E-1));
#724=VECTOR('',#723,3.315515146568E-1);
#725=CARTESIAN_POINT('',(-1.905E1,1.E0,-2.5E-1));
#726=LINE('',#725,#724);
#727=DIRECTION('',(-5.773502691896E-1,-5.773502691896E-1,5.773502691896E-1));
#728=VECTOR('',#727,4.330127018922E-1);
#729=CARTESIAN_POINT('',(-1.88E1,1.25E0,-2.8E0));
#730=LINE('',#729,#728);
#731=DIRECTION('',(0.E0,0.E0,-1.E0));
#732=VECTOR('',#731,2.3E0);
#733=CARTESIAN_POINT('',(-1.905E1,1.E0,-2.5E-1));
#734=LINE('',#733,#732);
#735=DIRECTION('',(5.773502691896E-1,-5.773502691896E-1,-5.773502691896E-1));
#736=VECTOR('',#735,3.315515146568E-1);
#737=CARTESIAN_POINT('',(-1.924142135624E1,1.191421356237E0,
-5.857864376269E-2));
#738=LINE('',#737,#736);
#739=CARTESIAN_POINT('',(-1.93E1,1.25E0,-2.E-1));
#740=CARTESIAN_POINT('',(-1.93E1,1.25E0,-1.385653667633E-1));
#741=CARTESIAN_POINT('',(-1.927689065827E1,1.226890658274E0,
-9.404794579946E-2));
#742=CARTESIAN_POINT('',(-1.924142135624E1,1.191421356237E0,
-5.857864376269E-2));
#744=DIRECTION('',(-5.773502691896E-1,5.773502691896E-1,-5.773502691896E-1));
#745=VECTOR('',#744,4.330127018922E-1);
#746=CARTESIAN_POINT('',(-1.905E1,1.E0,-2.55E0));
#747=LINE('',#746,#745);
#748=CARTESIAN_POINT('',(-2.139857864376E1,1.191421356237E0,
-5.857864376269E-2));
#749=CARTESIAN_POINT('',(-2.136310934173E1,1.226890658274E0,
-9.404794579946E-2));
#750=CARTESIAN_POINT('',(-2.134E1,1.25E0,-1.385653667633E-1));
#751=CARTESIAN_POINT('',(-2.134E1,1.25E0,-2.E-1));
#753=DIRECTION('',(5.773502691896E-1,5.773502691896E-1,5.773502691896E-1));
#754=VECTOR('',#753,3.315515146568E-1);
#755=CARTESIAN_POINT('',(-2.159E1,1.E0,-2.5E-1));
#756=LINE('',#755,#754);
#757=DIRECTION('',(-5.773502691896E-1,-5.773502691896E-1,5.773502691896E-1));
#758=VECTOR('',#757,4.330127018922E-1);
#759=CARTESIAN_POINT('',(-2.134E1,1.25E0,-2.8E0));
#760=LINE('',#759,#758);
#761=DIRECTION('',(0.E0,0.E0,-1.E0));
#762=VECTOR('',#761,2.3E0);
#763=CARTESIAN_POINT('',(-2.159E1,1.E0,-2.5E-1));
#764=LINE('',#763,#762);
#765=DIRECTION('',(5.773502691896E-1,-5.773502691896E-1,-5.773502691896E-1));
#766=VECTOR('',#765,3.315515146568E-1);
#767=CARTESIAN_POINT('',(-2.178142135624E1,1.191421356237E0,
-5.857864376269E-2));
#768=LINE('',#767,#766);
#769=CARTESIAN_POINT('',(-2.184E1,1.25E0,-2.E-1));
#770=CARTESIAN_POINT('',(-2.184E1,1.25E0,-1.385653667633E-1));
#771=CARTESIAN_POINT('',(-2.181689065827E1,1.226890658274E0,
-9.404794579946E-2));
#772=CARTESIAN_POINT('',(-2.178142135624E1,1.191421356237E0,
-5.857864376269E-2));
#774=DIRECTION('',(-5.773502691896E-1,5.773502691896E-1,-5.773502691896E-1));
#775=VECTOR('',#774,4.330127018922E-1);
#776=CARTESIAN_POINT('',(-2.159E1,1.E0,-2.55E0));
#777=LINE('',#776,#775);
#778=CARTESIAN_POINT('',(-2.393857864376E1,1.191421356237E0,
-5.857864376269E-2));
#779=CARTESIAN_POINT('',(-2.390310934173E1,1.226890658274E0,
-9.404794579946E-2));
#780=CARTESIAN_POINT('',(-2.388E1,1.25E0,-1.385653667633E-1));
#781=CARTESIAN_POINT('',(-2.388E1,1.25E0,-2.E-1));
#783=DIRECTION('',(5.773502691896E-1,5.773502691896E-1,5.773502691896E-1));
#784=VECTOR('',#783,3.315515146568E-1);
#785=CARTESIAN_POINT('',(-2.413E1,1.E0,-2.5E-1));
#786=LINE('',#785,#784);
#787=DIRECTION('',(-5.773502691896E-1,-5.773502691896E-1,5.773502691896E-1));
#788=VECTOR('',#787,4.330127018922E-1);
#789=CARTESIAN_POINT('',(-2.388E1,1.25E0,-2.8E0));
#790=LINE('',#789,#788);
#791=DIRECTION('',(0.E0,0.E0,-1.E0));
#792=VECTOR('',#791,2.3E0);
#793=CARTESIAN_POINT('',(-2.413E1,1.E0,-2.5E-1));
#794=LINE('',#793,#792);
#795=DIRECTION('',(5.773502691896E-1,-5.773502691896E-1,-5.773502691896E-1));
#796=VECTOR('',#795,3.315515146568E-1);
#797=CARTESIAN_POINT('',(-2.432142135624E1,1.191421356237E0,
-5.857864376269E-2));
#798=LINE('',#797,#796);
#799=CARTESIAN_POINT('',(-2.438E1,1.25E0,-2.E-1));
#800=CARTESIAN_POINT('',(-2.438E1,1.25E0,-1.385653667633E-1));
#801=CARTESIAN_POINT('',(-2.435689065827E1,1.226890658274E0,
-9.404794579946E-2));
#802=CARTESIAN_POINT('',(-2.432142135624E1,1.191421356237E0,
-5.857864376269E-2));
#804=DIRECTION('',(-5.773502691896E-1,5.773502691896E-1,-5.773502691896E-1));
#805=VECTOR('',#804,4.330127018922E-1);
#806=CARTESIAN_POINT('',(-2.413E1,1.E0,-2.55E0));
#807=LINE('',#806,#805);
#808=CARTESIAN_POINT('',(-2.647857864376E1,-1.191421356237E0,
-5.857864376269E-2));
#809=CARTESIAN_POINT('',(-2.644310934173E1,-1.155952054201E0,
-2.310934172592E-2));
#810=CARTESIAN_POINT('',(-2.642E1,-1.111434633237E0,0.E0));
#811=CARTESIAN_POINT('',(-2.642E1,-1.05E0,0.E0));
#813=CARTESIAN_POINT('',(-2.642E1,1.05E0,0.E0));
#814=CARTESIAN_POINT('',(-2.642E1,1.111434633237E0,0.E0));
#815=CARTESIAN_POINT('',(-2.644310934173E1,1.155952054201E0,
-2.310934172592E-2));
#816=CARTESIAN_POINT('',(-2.647857864376E1,1.191421356237E0,
-5.857864376269E-2));
#818=CARTESIAN_POINT('',(-2.642E1,-1.25E0,-2.E-1));
#819=CARTESIAN_POINT('',(-2.642E1,-1.25E0,-1.385653667633E-1));
#820=CARTESIAN_POINT('',(-2.644310934173E1,-1.226890658274E0,
-9.404794579946E-2));
#821=CARTESIAN_POINT('',(-2.647857864376E1,-1.191421356237E0,
-5.857864376269E-2));
#823=DIRECTION('',(5.773502691896E-1,-5.773502691896E-1,-5.773502691896E-1));
#824=VECTOR('',#823,4.330127018922E-1);
#825=CARTESIAN_POINT('',(-2.667E1,-1.E0,-2.55E0));
#826=LINE('',#825,#824);
#827=DIRECTION('',(-5.773502691896E-1,5.773502691896E-1,-5.773502691896E-1));
#828=VECTOR('',#827,3.315515146568E-1);
#829=CARTESIAN_POINT('',(-2.647857864376E1,-1.191421356237E0,
-5.857864376269E-2));
#830=LINE('',#829,#828);
#831=DIRECTION('',(0.E0,0.E0,-1.E0));
#832=VECTOR('',#831,2.3E0);
#833=CARTESIAN_POINT('',(-2.667E1,-1.E0,-2.5E-1));
#834=LINE('',#833,#832);
#835=DIRECTION('',(0.E0,1.E0,0.E0));
#836=VECTOR('',#835,2.E0);
#837=CARTESIAN_POINT('',(-2.667E1,-1.E0,-2.55E0));
#838=LINE('',#837,#836);
#839=DIRECTION('',(0.E0,0.E0,-1.E0));
#840=VECTOR('',#839,2.3E0);
#841=CARTESIAN_POINT('',(-2.667E1,1.E0,-2.5E-1));
#842=LINE('',#841,#840);
#843=DIRECTION('',(0.E0,-1.E0,0.E0));
#844=VECTOR('',#843,2.E0);
#845=CARTESIAN_POINT('',(-2.667E1,1.E0,-2.5E-1));
#846=LINE('',#845,#844);
#847=CARTESIAN_POINT('',(-2.647857864376E1,1.191421356237E0,
-5.857864376269E-2));
#848=CARTESIAN_POINT('',(-2.644310934173E1,1.226890658274E0,
-9.404794579946E-2));
#849=CARTESIAN_POINT('',(-2.642E1,1.25E0,-1.385653667633E-1));
#850=CARTESIAN_POINT('',(-2.642E1,1.25E0,-2.E-1));
#852=DIRECTION('',(5.773502691896E-1,5.773502691896E-1,5.773502691896E-1));
#853=VECTOR('',#852,3.315515146568E-1);
#854=CARTESIAN_POINT('',(-2.667E1,1.E0,-2.5E-1));
#855=LINE('',#854,#853);
#856=DIRECTION('',(-5.773502691896E-1,-5.773502691896E-1,5.773502691896E-1));
#857=VECTOR('',#856,4.330127018922E-1);
#858=CARTESIAN_POINT('',(-2.642E1,1.25E0,-2.8E0));
#859=LINE('',#858,#857);
#860=DIRECTION('',(-1.E0,0.E0,0.E0));
#861=VECTOR('',#860,2.04E0);
#862=CARTESIAN_POINT('',(-2.438E1,1.25E0,-2.E-1));
#863=LINE('',#862,#861);
#864=DIRECTION('',(0.E0,0.E0,-1.E0));
#865=VECTOR('',#864,2.6E0);
#866=CARTESIAN_POINT('',(-2.642E1,1.25E0,-2.E-1));
#867=LINE('',#866,#865);
#868=DIRECTION('',(0.E0,0.E0,-1.E0));
#869=VECTOR('',#868,2.6E0);
#870=CARTESIAN_POINT('',(-2.438E1,1.25E0,-2.E-1));
#871=LINE('',#870,#869);
#872=DIRECTION('',(0.E0,1.E0,0.E0));
#873=VECTOR('',#872,2.E0);
#874=CARTESIAN_POINT('',(-2.413E1,-1.E0,-2.55E0));
#875=LINE('',#874,#873);
#876=DIRECTION('',(-5.773502691896E-1,-5.773502691896E-1,-5.773502691896E-1));
#877=VECTOR('',#876,4.330127018922E-1);
#878=CARTESIAN_POINT('',(-2.413E1,-1.E0,-2.55E0));
#879=LINE('',#878,#877);
#880=CARTESIAN_POINT('',(-2.388E1,-1.25E0,-2.E-1));
#881=CARTESIAN_POINT('',(-2.388E1,-1.25E0,-1.385653667633E-1));
#882=CARTESIAN_POINT('',(-2.390310934173E1,-1.226890658274E0,
-9.404794579946E-2));
#883=CARTESIAN_POINT('',(-2.393857864376E1,-1.191421356237E0,
-5.857864376269E-2));
#885=DIRECTION('',(5.773502691896E-1,-5.773502691896E-1,-5.773502691896E-1));
#886=VECTOR('',#885,4.330127018922E-1);
#887=CARTESIAN_POINT('',(-2.413E1,-1.E0,-2.55E0));
#888=LINE('',#887,#886);
#889=DIRECTION('',(-5.773502691896E-1,5.773502691896E-1,-5.773502691896E-1));
#890=VECTOR('',#889,3.315515146568E-1);
#891=CARTESIAN_POINT('',(-2.393857864376E1,-1.191421356237E0,
-5.857864376269E-2));
#892=LINE('',#891,#890);
#893=DIRECTION('',(1.E0,0.E0,0.E0));
#894=VECTOR('',#893,2.04E0);
#895=CARTESIAN_POINT('',(-2.388E1,-1.25E0,-2.E-1));
#896=LINE('',#895,#894);
#897=DIRECTION('',(0.E0,0.E0,-1.E0));
#898=VECTOR('',#897,2.6E0);
#899=CARTESIAN_POINT('',(-2.184E1,-1.25E0,-2.E-1));
#900=LINE('',#899,#898);
#901=DIRECTION('',(0.E0,0.E0,-1.E0));
#902=VECTOR('',#901,2.6E0);
#903=CARTESIAN_POINT('',(-2.388E1,-1.25E0,-2.E-1));
#904=LINE('',#903,#902);
#905=DIRECTION('',(0.E0,0.E0,-1.E0));
#906=VECTOR('',#905,2.3E0);
#907=CARTESIAN_POINT('',(-2.159E1,-1.E0,-2.5E-1));
#908=LINE('',#907,#906);
#909=CARTESIAN_POINT('',(-2.178142135624E1,-1.191421356237E0,
-5.857864376269E-2));
#910=CARTESIAN_POINT('',(-2.181689065827E1,-1.226890658274E0,
-9.404794579946E-2));
#911=CARTESIAN_POINT('',(-2.184E1,-1.25E0,-1.385653667633E-1));
#912=CARTESIAN_POINT('',(-2.184E1,-1.25E0,-2.E-1));
#914=DIRECTION('',(-5.773502691896E-1,-5.773502691896E-1,5.773502691896E-1));
#915=VECTOR('',#914,3.315515146568E-1);
#916=CARTESIAN_POINT('',(-2.159E1,-1.E0,-2.5E-1));
#917=LINE('',#916,#915);
#918=CARTESIAN_POINT('',(-2.134E1,-1.25E0,-2.E-1));
#919=CARTESIAN_POINT('',(-2.134E1,-1.25E0,-1.385653667633E-1));
#920=CARTESIAN_POINT('',(-2.136310934173E1,-1.226890658274E0,
-9.404794579946E-2));
#921=CARTESIAN_POINT('',(-2.139857864376E1,-1.191421356237E0,
-5.857864376269E-2));
#923=DIRECTION('',(5.773502691896E-1,-5.773502691896E-1,-5.773502691896E-1));
#924=VECTOR('',#923,4.330127018922E-1);
#925=CARTESIAN_POINT('',(-2.159E1,-1.E0,-2.55E0));
#926=LINE('',#925,#924);
#927=DIRECTION('',(-5.773502691896E-1,5.773502691896E-1,-5.773502691896E-1));
#928=VECTOR('',#927,3.315515146568E-1);
#929=CARTESIAN_POINT('',(-2.139857864376E1,-1.191421356237E0,
-5.857864376269E-2));
#930=LINE('',#929,#928);
#931=DIRECTION('',(1.E0,0.E0,0.E0));
#932=VECTOR('',#931,2.04E0);
#933=CARTESIAN_POINT('',(-2.134E1,-1.25E0,-2.E-1));
#934=LINE('',#933,#932);
#935=DIRECTION('',(0.E0,0.E0,-1.E0));
#936=VECTOR('',#935,2.6E0);
#937=CARTESIAN_POINT('',(-1.93E1,-1.25E0,-2.E-1));
#938=LINE('',#937,#936);
#939=DIRECTION('',(0.E0,0.E0,-1.E0));
#940=VECTOR('',#939,2.6E0);
#941=CARTESIAN_POINT('',(-2.134E1,-1.25E0,-2.E-1));
#942=LINE('',#941,#940);
#943=DIRECTION('',(0.E0,0.E0,-1.E0));
#944=VECTOR('',#943,2.3E0);
#945=CARTESIAN_POINT('',(-1.905E1,-1.E0,-2.5E-1));
#946=LINE('',#945,#944);
#947=CARTESIAN_POINT('',(-1.924142135624E1,-1.191421356237E0,
-5.857864376269E-2));
#948=CARTESIAN_POINT('',(-1.927689065827E1,-1.226890658274E0,
-9.404794579946E-2));
#949=CARTESIAN_POINT('',(-1.93E1,-1.25E0,-1.385653667633E-1));
#950=CARTESIAN_POINT('',(-1.93E1,-1.25E0,-2.E-1));
#952=DIRECTION('',(-5.773502691896E-1,-5.773502691896E-1,5.773502691896E-1));
#953=VECTOR('',#952,3.315515146568E-1);
#954=CARTESIAN_POINT('',(-1.905E1,-1.E0,-2.5E-1));
#955=LINE('',#954,#953);
#956=CARTESIAN_POINT('',(-1.88E1,-1.25E0,-2.E-1));
#957=CARTESIAN_POINT('',(-1.88E1,-1.25E0,-1.385653667633E-1));
#958=CARTESIAN_POINT('',(-1.882310934173E1,-1.226890658274E0,
-9.404794579946E-2));
#959=CARTESIAN_POINT('',(-1.885857864376E1,-1.191421356237E0,
-5.857864376269E-2));
#961=DIRECTION('',(5.773502691896E-1,-5.773502691896E-1,-5.773502691896E-1));
#962=VECTOR('',#961,4.330127018922E-1);
#963=CARTESIAN_POINT('',(-1.905E1,-1.E0,-2.55E0));
#964=LINE('',#963,#962);
#965=DIRECTION('',(-5.773502691896E-1,5.773502691896E-1,-5.773502691896E-1));
#966=VECTOR('',#965,3.315515146568E-1);
#967=CARTESIAN_POINT('',(-1.885857864376E1,-1.191421356237E0,
-5.857864376269E-2));
#968=LINE('',#967,#966);
#969=DIRECTION('',(1.E0,0.E0,0.E0));
#970=VECTOR('',#969,2.04E0);
#971=CARTESIAN_POINT('',(-1.88E1,-1.25E0,-2.E-1));
#972=LINE('',#971,#970);
#973=DIRECTION('',(0.E0,0.E0,-1.E0));
#974=VECTOR('',#973,2.6E0);
#975=CARTESIAN_POINT('',(-1.676E1,-1.25E0,-2.E-1));
#976=LINE('',#975,#974);
#977=DIRECTION('',(0.E0,0.E0,-1.E0));
#978=VECTOR('',#977,2.6E0);
#979=CARTESIAN_POINT('',(-1.88E1,-1.25E0,-2.E-1));
#980=LINE('',#979,#978);
#981=DIRECTION('',(0.E0,0.E0,-1.E0));
#982=VECTOR('',#981,2.3E0);
#983=CARTESIAN_POINT('',(-1.651E1,-1.E0,-2.5E-1));
#984=LINE('',#983,#982);
#985=CARTESIAN_POINT('',(-1.670142135624E1,-1.191421356237E0,
-5.857864376269E-2));
#986=CARTESIAN_POINT('',(-1.673689065827E1,-1.226890658274E0,
-9.404794579946E-2));
#987=CARTESIAN_POINT('',(-1.676E1,-1.25E0,-1.385653667633E-1));
#988=CARTESIAN_POINT('',(-1.676E1,-1.25E0,-2.E-1));
#990=DIRECTION('',(-5.773502691896E-1,-5.773502691896E-1,5.773502691896E-1));
#991=VECTOR('',#990,3.315515146568E-1);
#992=CARTESIAN_POINT('',(-1.651E1,-1.E0,-2.5E-1));
#993=LINE('',#992,#991);
#994=CARTESIAN_POINT('',(-1.626E1,-1.25E0,-2.E-1));
#995=CARTESIAN_POINT('',(-1.626E1,-1.25E0,-1.385653667633E-1));
#996=CARTESIAN_POINT('',(-1.628310934173E1,-1.226890658274E0,
-9.404794579946E-2));
#997=CARTESIAN_POINT('',(-1.631857864376E1,-1.191421356237E0,
-5.857864376269E-2));
#999=DIRECTION('',(5.773502691896E-1,-5.773502691896E-1,-5.773502691896E-1));
#1000=VECTOR('',#999,4.330127018922E-1);
#1001=CARTESIAN_POINT('',(-1.651E1,-1.E0,-2.55E0));
#1002=LINE('',#1001,#1000);
#1003=DIRECTION('',(-5.773502691896E-1,5.773502691896E-1,-5.773502691896E-1));
#1004=VECTOR('',#1003,3.315515146568E-1);
#1005=CARTESIAN_POINT('',(-1.631857864376E1,-1.191421356237E0,
-5.857864376269E-2));
#1006=LINE('',#1005,#1004);
#1007=DIRECTION('',(1.E0,0.E0,0.E0));
#1008=VECTOR('',#1007,2.04E0);
#1009=CARTESIAN_POINT('',(-1.626E1,-1.25E0,-2.E-1));
#1010=LINE('',#1009,#1008);
#1011=DIRECTION('',(0.E0,0.E0,-1.E0));
#1012=VECTOR('',#1011,2.6E0);
#1013=CARTESIAN_POINT('',(-1.422E1,-1.25E0,-2.E-1));
#1014=LINE('',#1013,#1012);
#1015=DIRECTION('',(0.E0,0.E0,-1.E0));
#1016=VECTOR('',#1015,2.6E0);
#1017=CARTESIAN_POINT('',(-1.626E1,-1.25E0,-2.E-1));
#1018=LINE('',#1017,#1016);
#1019=DIRECTION('',(0.E0,0.E0,-1.E0));
#1020=VECTOR('',#1019,2.3E0);
#1021=CARTESIAN_POINT('',(-1.397E1,-1.E0,-2.5E-1));
#1022=LINE('',#1021,#1020);
#1023=CARTESIAN_POINT('',(-1.416142135624E1,-1.191421356237E0,
-5.857864376269E-2));
#1024=CARTESIAN_POINT('',(-1.419689065827E1,-1.226890658274E0,
-9.404794579946E-2));
#1025=CARTESIAN_POINT('',(-1.422E1,-1.25E0,-1.385653667633E-1));
#1026=CARTESIAN_POINT('',(-1.422E1,-1.25E0,-2.E-1));
#1028=DIRECTION('',(-5.773502691896E-1,-5.773502691896E-1,5.773502691896E-1));
#1029=VECTOR('',#1028,3.315515146568E-1);
#1030=CARTESIAN_POINT('',(-1.397E1,-1.E0,-2.5E-1));
#1031=LINE('',#1030,#1029);
#1032=CARTESIAN_POINT('',(-1.372E1,-1.25E0,-2.E-1));
#1033=CARTESIAN_POINT('',(-1.372E1,-1.25E0,-1.385653667633E-1));
#1034=CARTESIAN_POINT('',(-1.374310934173E1,-1.226890658274E0,
-9.404794579946E-2));
#1035=CARTESIAN_POINT('',(-1.377857864376E1,-1.191421356237E0,
-5.857864376269E-2));
#1037=DIRECTION('',(5.773502691896E-1,-5.773502691896E-1,-5.773502691896E-1));
#1038=VECTOR('',#1037,4.330127018922E-1);
#1039=CARTESIAN_POINT('',(-1.397E1,-1.E0,-2.55E0));
#1040=LINE('',#1039,#1038);
#1041=DIRECTION('',(-5.773502691896E-1,5.773502691896E-1,-5.773502691896E-1));
#1042=VECTOR('',#1041,3.315515146568E-1);
#1043=CARTESIAN_POINT('',(-1.377857864376E1,-1.191421356237E0,
-5.857864376269E-2));
#1044=LINE('',#1043,#1042);
#1045=DIRECTION('',(1.E0,0.E0,0.E0));
#1046=VECTOR('',#1045,2.04E0);
#1047=CARTESIAN_POINT('',(-1.372E1,-1.25E0,-2.E-1));
#1048=LINE('',#1047,#1046);
#1049=DIRECTION('',(0.E0,0.E0,-1.E0));
#1050=VECTOR('',#1049,2.6E0);
#1051=CARTESIAN_POINT('',(-1.168E1,-1.25E0,-2.E-1));
#1052=LINE('',#1051,#1050);
#1053=DIRECTION('',(0.E0,0.E0,-1.E0));
#1054=VECTOR('',#1053,2.6E0);
#1055=CARTESIAN_POINT('',(-1.372E1,-1.25E0,-2.E-1));
#1056=LINE('',#1055,#1054);
#1057=DIRECTION('',(0.E0,0.E0,-1.E0));
#1058=VECTOR('',#1057,2.3E0);
#1059=CARTESIAN_POINT('',(-1.143E1,-1.E0,-2.5E-1));
#1060=LINE('',#1059,#1058);
#1061=CARTESIAN_POINT('',(-1.162142135624E1,-1.191421356237E0,
-5.857864376269E-2));
#1062=CARTESIAN_POINT('',(-1.165689065827E1,-1.226890658274E0,
-9.404794579946E-2));
#1063=CARTESIAN_POINT('',(-1.168E1,-1.25E0,-1.385653667633E-1));
#1064=CARTESIAN_POINT('',(-1.168E1,-1.25E0,-2.E-1));
#1066=DIRECTION('',(-5.773502691896E-1,-5.773502691896E-1,5.773502691896E-1));
#1067=VECTOR('',#1066,3.315515146568E-1);
#1068=CARTESIAN_POINT('',(-1.143E1,-1.E0,-2.5E-1));
#1069=LINE('',#1068,#1067);
#1070=CARTESIAN_POINT('',(-1.118E1,-1.25E0,-2.E-1));
#1071=CARTESIAN_POINT('',(-1.118E1,-1.25E0,-1.385653667633E-1));
#1072=CARTESIAN_POINT('',(-1.120310934173E1,-1.226890658274E0,
-9.404794579946E-2));
#1073=CARTESIAN_POINT('',(-1.123857864376E1,-1.191421356237E0,
-5.857864376269E-2));
#1075=DIRECTION('',(5.773502691896E-1,-5.773502691896E-1,-5.773502691896E-1));
#1076=VECTOR('',#1075,4.330127018922E-1);
#1077=CARTESIAN_POINT('',(-1.143E1,-1.E0,-2.55E0));
#1078=LINE('',#1077,#1076);
#1079=DIRECTION('',(-5.773502691896E-1,5.773502691896E-1,-5.773502691896E-1));
#1080=VECTOR('',#1079,3.315515146568E-1);
#1081=CARTESIAN_POINT('',(-1.123857864376E1,-1.191421356237E0,
-5.857864376269E-2));
#1082=LINE('',#1081,#1080);
#1083=DIRECTION('',(1.E0,0.E0,0.E0));
#1084=VECTOR('',#1083,2.04E0);
#1085=CARTESIAN_POINT('',(-1.118E1,-1.25E0,-2.E-1));
#1086=LINE('',#1085,#1084);
#1087=DIRECTION('',(0.E0,0.E0,-1.E0));
#1088=VECTOR('',#1087,2.6E0);
#1089=CARTESIAN_POINT('',(-9.14E0,-1.25E0,-2.E-1));
#1090=LINE('',#1089,#1088);
#1091=DIRECTION('',(0.E0,0.E0,-1.E0));
#1092=VECTOR('',#1091,2.6E0);
#1093=CARTESIAN_POINT('',(-1.118E1,-1.25E0,-2.E-1));
#1094=LINE('',#1093,#1092);
#1095=DIRECTION('',(0.E0,0.E0,-1.E0));
#1096=VECTOR('',#1095,2.3E0);
#1097=CARTESIAN_POINT('',(-8.89E0,-1.E0,-2.5E-1));
#1098=LINE('',#1097,#1096);
#1099=CARTESIAN_POINT('',(-9.081421356237E0,-1.191421356237E0,
-5.857864376269E-2));
#1100=CARTESIAN_POINT('',(-9.116890658274E0,-1.226890658274E0,
-9.404794579946E-2));
#1101=CARTESIAN_POINT('',(-9.14E0,-1.25E0,-1.385653667633E-1));
#1102=CARTESIAN_POINT('',(-9.14E0,-1.25E0,-2.E-1));
#1104=DIRECTION('',(-5.773502691896E-1,-5.773502691896E-1,5.773502691896E-1));
#1105=VECTOR('',#1104,3.315515146568E-1);
#1106=CARTESIAN_POINT('',(-8.89E0,-1.E0,-2.5E-1));
#1107=LINE('',#1106,#1105);
#1108=CARTESIAN_POINT('',(-8.64E0,-1.25E0,-2.E-1));
#1109=CARTESIAN_POINT('',(-8.64E0,-1.25E0,-1.385653667633E-1));
#1110=CARTESIAN_POINT('',(-8.663109341726E0,-1.226890658274E0,
-9.404794579946E-2));
#1111=CARTESIAN_POINT('',(-8.698578643763E0,-1.191421356237E0,
-5.857864376269E-2));
#1113=DIRECTION('',(5.773502691896E-1,-5.773502691896E-1,-5.773502691896E-1));
#1114=VECTOR('',#1113,4.330127018922E-1);
#1115=CARTESIAN_POINT('',(-8.89E0,-1.E0,-2.55E0));
#1116=LINE('',#1115,#1114);
#1117=DIRECTION('',(-5.773502691896E-1,5.773502691896E-1,-5.773502691896E-1));
#1118=VECTOR('',#1117,3.315515146568E-1);
#1119=CARTESIAN_POINT('',(-8.698578643763E0,-1.191421356237E0,
-5.857864376269E-2));
#1120=LINE('',#1119,#1118);
#1121=DIRECTION('',(1.E0,0.E0,0.E0));
#1122=VECTOR('',#1121,2.04E0);
#1123=CARTESIAN_POINT('',(-8.64E0,-1.25E0,-2.E-1));
#1124=LINE('',#1123,#1122);
#1125=DIRECTION('',(0.E0,0.E0,-1.E0));
#1126=VECTOR('',#1125,2.6E0);
#1127=CARTESIAN_POINT('',(-6.6E0,-1.25E0,-2.E-1));
#1128=LINE('',#1127,#1126);
#1129=DIRECTION('',(0.E0,0.E0,-1.E0));
#1130=VECTOR('',#1129,2.6E0);
#1131=CARTESIAN_POINT('',(-8.64E0,-1.25E0,-2.E-1));
#1132=LINE('',#1131,#1130);
#1133=DIRECTION('',(0.E0,0.E0,-1.E0));
#1134=VECTOR('',#1133,2.3E0);
#1135=CARTESIAN_POINT('',(-6.35E0,-1.E0,-2.5E-1));
#1136=LINE('',#1135,#1134);
#1137=CARTESIAN_POINT('',(-6.541421356237E0,-1.191421356237E0,
-5.857864376269E-2));
#1138=CARTESIAN_POINT('',(-6.576890658274E0,-1.226890658274E0,
-9.404794579946E-2));
#1139=CARTESIAN_POINT('',(-6.6E0,-1.25E0,-1.385653667633E-1));
#1140=CARTESIAN_POINT('',(-6.6E0,-1.25E0,-2.E-1));
#1142=DIRECTION('',(-5.773502691896E-1,-5.773502691896E-1,5.773502691896E-1));
#1143=VECTOR('',#1142,3.315515146568E-1);
#1144=CARTESIAN_POINT('',(-6.35E0,-1.E0,-2.5E-1));
#1145=LINE('',#1144,#1143);
#1146=CARTESIAN_POINT('',(-6.1E0,-1.25E0,-2.E-1));
#1147=CARTESIAN_POINT('',(-6.1E0,-1.25E0,-1.385653667633E-1));
#1148=CARTESIAN_POINT('',(-6.123109341726E0,-1.226890658274E0,
-9.404794579946E-2));
#1149=CARTESIAN_POINT('',(-6.158578643763E0,-1.191421356237E0,
-5.857864376269E-2));
#1151=DIRECTION('',(5.773502691896E-1,-5.773502691896E-1,-5.773502691896E-1));
#1152=VECTOR('',#1151,4.330127018922E-1);
#1153=CARTESIAN_POINT('',(-6.35E0,-1.E0,-2.55E0));
#1154=LINE('',#1153,#1152);
#1155=DIRECTION('',(-5.773502691896E-1,5.773502691896E-1,-5.773502691896E-1));
#1156=VECTOR('',#1155,3.315515146568E-1);
#1157=CARTESIAN_POINT('',(-6.158578643763E0,-1.191421356237E0,
-5.857864376269E-2));
#1158=LINE('',#1157,#1156);
#1159=DIRECTION('',(1.E0,0.E0,0.E0));
#1160=VECTOR('',#1159,2.04E0);
#1161=CARTESIAN_POINT('',(-6.1E0,-1.25E0,-2.E-1));
#1162=LINE('',#1161,#1160);
#1163=DIRECTION('',(0.E0,0.E0,-1.E0));
#1164=VECTOR('',#1163,2.6E0);
#1165=CARTESIAN_POINT('',(-4.06E0,-1.25E0,-2.E-1));
#1166=LINE('',#1165,#1164);
#1167=DIRECTION('',(0.E0,0.E0,-1.E0));
#1168=VECTOR('',#1167,2.6E0);
#1169=CARTESIAN_POINT('',(-6.1E0,-1.25E0,-2.E-1));
#1170=LINE('',#1169,#1168);
#1171=DIRECTION('',(0.E0,0.E0,-1.E0));
#1172=VECTOR('',#1171,2.3E0);
#1173=CARTESIAN_POINT('',(-3.81E0,-1.E0,-2.5E-1));
#1174=LINE('',#1173,#1172);
#1175=CARTESIAN_POINT('',(-4.001421356237E0,-1.191421356237E0,
-5.857864376269E-2));
#1176=CARTESIAN_POINT('',(-4.036890658274E0,-1.226890658274E0,
-9.404794579946E-2));
#1177=CARTESIAN_POINT('',(-4.06E0,-1.25E0,-1.385653667633E-1));
#1178=CARTESIAN_POINT('',(-4.06E0,-1.25E0,-2.E-1));
#1180=DIRECTION('',(-5.773502691896E-1,-5.773502691896E-1,5.773502691896E-1));
#1181=VECTOR('',#1180,3.315515146568E-1);
#1182=CARTESIAN_POINT('',(-3.81E0,-1.E0,-2.5E-1));
#1183=LINE('',#1182,#1181);
#1184=CARTESIAN_POINT('',(-3.56E0,-1.25E0,-2.E-1));
#1185=CARTESIAN_POINT('',(-3.56E0,-1.25E0,-1.385653667633E-1));
#1186=CARTESIAN_POINT('',(-3.583109341726E0,-1.226890658274E0,
-9.404794579946E-2));
#1187=CARTESIAN_POINT('',(-3.618578643763E0,-1.191421356237E0,
-5.857864376269E-2));
#1189=DIRECTION('',(5.773502691896E-1,-5.773502691896E-1,-5.773502691896E-1));
#1190=VECTOR('',#1189,4.330127018922E-1);
#1191=CARTESIAN_POINT('',(-3.81E0,-1.E0,-2.55E0));
#1192=LINE('',#1191,#1190);
#1193=DIRECTION('',(-5.773502691896E-1,5.773502691896E-1,-5.773502691896E-1));
#1194=VECTOR('',#1193,3.315515146568E-1);
#1195=CARTESIAN_POINT('',(-3.618578643763E0,-1.191421356237E0,
-5.857864376269E-2));
#1196=LINE('',#1195,#1194);
#1197=DIRECTION('',(1.E0,0.E0,0.E0));
#1198=VECTOR('',#1197,2.04E0);
#1199=CARTESIAN_POINT('',(-3.56E0,-1.25E0,-2.E-1));
#1200=LINE('',#1199,#1198);
#1201=DIRECTION('',(0.E0,0.E0,-1.E0));
#1202=VECTOR('',#1201,2.6E0);
#1203=CARTESIAN_POINT('',(-1.52E0,-1.25E0,-2.E-1));
#1204=LINE('',#1203,#1202);
#1205=DIRECTION('',(0.E0,0.E0,-1.E0));
#1206=VECTOR('',#1205,2.6E0);
#1207=CARTESIAN_POINT('',(-3.56E0,-1.25E0,-2.E-1));
#1208=LINE('',#1207,#1206);
#1209=DIRECTION('',(0.E0,1.E0,0.E0));
#1210=VECTOR('',#1209,2.E0);
#1211=CARTESIAN_POINT('',(-3.81E0,-1.E0,-2.55E0));
#1212=LINE('',#1211,#1210);
#1213=DIRECTION('',(-5.773502691896E-1,-5.773502691896E-1,-5.773502691896E-1));
#1214=VECTOR('',#1213,4.330127018922E-1);
#1215=CARTESIAN_POINT('',(-3.81E0,-1.E0,-2.55E0));
#1216=LINE('',#1215,#1214);
#1217=DIRECTION('',(0.E0,1.E0,0.E0));
#1218=VECTOR('',#1217,6.3E-1);
#1219=CARTESIAN_POINT('',(-5.395E0,-3.15E-1,-2.8E0));
#1220=LINE('',#1219,#1218);
#1221=DIRECTION('',(1.E0,0.E0,0.E0));
#1222=VECTOR('',#1221,6.3E-1);
#1223=CARTESIAN_POINT('',(-5.395E0,3.15E-1,-2.8E0));
#1224=LINE('',#1223,#1222);
#1225=DIRECTION('',(0.E0,1.E0,0.E0));
#1226=VECTOR('',#1225,6.3E-1);
#1227=CARTESIAN_POINT('',(-4.765E0,-3.15E-1,-2.8E0));
#1228=LINE('',#1227,#1226);
#1229=DIRECTION('',(1.E0,0.E0,0.E0));
#1230=VECTOR('',#1229,6.3E-1);
#1231=CARTESIAN_POINT('',(-5.395E0,-3.15E-1,-2.8E0));
#1232=LINE('',#1231,#1230);
#1233=DIRECTION('',(0.E0,-1.E0,0.E0));
#1234=VECTOR('',#1233,2.5E0);
#1235=CARTESIAN_POINT('',(-4.06E0,1.25E0,-2.8E0));
#1236=LINE('',#1235,#1234);
#1237=DIRECTION('',(-1.E0,0.E0,0.E0));
#1238=VECTOR('',#1237,2.04E0);
#1239=CARTESIAN_POINT('',(-4.06E0,1.25E0,-2.8E0));
#1240=LINE('',#1239,#1238);
#1241=DIRECTION('',(0.E0,1.E0,0.E0));
#1242=VECTOR('',#1241,2.5E0);
#1243=CARTESIAN_POINT('',(-6.1E0,-1.25E0,-2.8E0));
#1244=LINE('',#1243,#1242);
#1245=DIRECTION('',(1.E0,0.E0,0.E0));
#1246=VECTOR('',#1245,2.04E0);
#1247=CARTESIAN_POINT('',(-6.1E0,-1.25E0,-2.8E0));
#1248=LINE('',#1247,#1246);
#1249=DIRECTION('',(0.E0,0.E0,1.E0));
#1250=VECTOR('',#1249,5.8E0);
#1251=CARTESIAN_POINT('',(-5.395E0,3.15E-1,0.E0));
#1252=LINE('',#1251,#1250);
#1253=DIRECTION('',(0.E0,-1.E0,0.E0));
#1254=VECTOR('',#1253,6.3E-1);
#1255=CARTESIAN_POINT('',(-5.395E0,3.15E-1,5.8E0));
#1256=LINE('',#1255,#1254);
#1257=DIRECTION('',(0.E0,0.E0,-1.E0));
#1258=VECTOR('',#1257,5.8E0);
#1259=CARTESIAN_POINT('',(-5.395E0,-3.15E-1,5.8E0));
#1260=LINE('',#1259,#1258);
#1261=DIRECTION('',(0.E0,0.E0,-1.E0));
#1262=VECTOR('',#1261,3.2E0);
#1263=CARTESIAN_POINT('',(-5.395E0,-3.15E-1,-2.8E0));
#1264=LINE('',#1263,#1262);
#1265=DIRECTION('',(0.E0,1.E0,0.E0));
#1266=VECTOR('',#1265,6.3E-1);
#1267=CARTESIAN_POINT('',(-5.395E0,-3.15E-1,-6.E0));
#1268=LINE('',#1267,#1266);
#1269=DIRECTION('',(0.E0,0.E0,1.E0));
#1270=VECTOR('',#1269,3.2E0);
#1271=CARTESIAN_POINT('',(-5.395E0,3.15E-1,-6.E0));
#1272=LINE('',#1271,#1270);
#1273=DIRECTION('',(0.E0,1.E0,0.E0));
#1274=VECTOR('',#1273,6.3E-1);
#1275=CARTESIAN_POINT('',(-5.395E0,-3.15E-1,0.E0));
#1276=LINE('',#1275,#1274);
#1277=DIRECTION('',(1.E0,0.E0,0.E0));
#1278=VECTOR('',#1277,6.3E-1);
#1279=CARTESIAN_POINT('',(-5.395E0,-3.15E-1,0.E0));
#1280=LINE('',#1279,#1278);
#1281=DIRECTION('',(0.E0,1.E0,0.E0));
#1282=VECTOR('',#1281,6.3E-1);
#1283=CARTESIAN_POINT('',(-4.765E0,-3.15E-1,0.E0));
#1284=LINE('',#1283,#1282);
#1285=DIRECTION('',(1.E0,0.E0,0.E0));
#1286=VECTOR('',#1285,6.3E-1);
#1287=CARTESIAN_POINT('',(-5.395E0,3.15E-1,0.E0));
#1288=LINE('',#1287,#1286);
#1289=DIRECTION('',(1.E0,0.E0,0.E0));
#1290=VECTOR('',#1289,2.04E0);
#1291=CARTESIAN_POINT('',(-6.1E0,-1.05E0,0.E0));
#1292=LINE('',#1291,#1290);
#1293=DIRECTION('',(0.E0,-1.E0,0.E0));
#1294=VECTOR('',#1293,2.1E0);
#1295=CARTESIAN_POINT('',(-6.1E0,1.05E0,0.E0));
#1296=LINE('',#1295,#1294);
#1297=DIRECTION('',(-1.E0,0.E0,0.E0));
#1298=VECTOR('',#1297,2.04E0);
#1299=CARTESIAN_POINT('',(-4.06E0,1.05E0,0.E0));
#1300=LINE('',#1299,#1298);
#1301=DIRECTION('',(0.E0,1.E0,0.E0));
#1302=VECTOR('',#1301,2.1E0);
#1303=CARTESIAN_POINT('',(-4.06E0,-1.05E0,0.E0));
#1304=LINE('',#1303,#1302);
#1305=DIRECTION('',(1.E0,0.E0,0.E0));
#1306=VECTOR('',#1305,6.3E-1);
#1307=CARTESIAN_POINT('',(-5.395E0,-3.15E-1,5.8E0));
#1308=LINE('',#1307,#1306);
#1309=DIRECTION('',(1.E0,0.E0,0.E0));
#1310=VECTOR('',#1309,6.3E-1);
#1311=CARTESIAN_POINT('',(-5.395E0,3.15E-1,5.8E0));
#1312=LINE('',#1311,#1310);
#1313=DIRECTION('',(0.E0,0.E0,1.E0));
#1314=VECTOR('',#1313,5.8E0);
#1315=CARTESIAN_POINT('',(-4.765E0,3.15E-1,0.E0));
#1316=LINE('',#1315,#1314);
#1317=DIRECTION('',(0.E0,0.E0,-1.E0));
#1318=VECTOR('',#1317,5.8E0);
#1319=CARTESIAN_POINT('',(-4.765E0,-3.15E-1,5.8E0));
#1320=LINE('',#1319,#1318);
#1321=DIRECTION('',(0.E0,-1.E0,0.E0));
#1322=VECTOR('',#1321,6.3E-1);
#1323=CARTESIAN_POINT('',(-4.765E0,3.15E-1,5.8E0));
#1324=LINE('',#1323,#1322);
#1325=DIRECTION('',(0.E0,0.E0,-1.E0));
#1326=VECTOR('',#1325,3.2E0);
#1327=CARTESIAN_POINT('',(-4.765E0,-3.15E-1,-2.8E0));
#1328=LINE('',#1327,#1326);
#1329=DIRECTION('',(0.E0,0.E0,1.E0));
#1330=VECTOR('',#1329,3.2E0);
#1331=CARTESIAN_POINT('',(-4.765E0,3.15E-1,-6.E0));
#1332=LINE('',#1331,#1330);
#1333=DIRECTION('',(0.E0,1.E0,0.E0));
#1334=VECTOR('',#1333,6.3E-1);
#1335=CARTESIAN_POINT('',(-4.765E0,-3.15E-1,-6.E0));
#1336=LINE('',#1335,#1334);
#1337=DIRECTION('',(1.E0,0.E0,0.E0));
#1338=VECTOR('',#1337,6.3E-1);
#1339=CARTESIAN_POINT('',(-5.395E0,-3.15E-1,-6.E0));
#1340=LINE('',#1339,#1338);
#1341=DIRECTION('',(1.E0,0.E0,0.E0));
#1342=VECTOR('',#1341,6.3E-1);
#1343=CARTESIAN_POINT('',(-5.395E0,3.15E-1,-6.E0));
#1344=LINE('',#1343,#1342);
#1345=DIRECTION('',(-1.E0,0.E0,0.E0));
#1346=VECTOR('',#1345,2.04E0);
#1347=CARTESIAN_POINT('',(-4.06E0,1.25E0,-2.E-1));
#1348=LINE('',#1347,#1346);
#1349=DIRECTION('',(0.E0,0.E0,-1.E0));
#1350=VECTOR('',#1349,2.6E0);
#1351=CARTESIAN_POINT('',(-6.1E0,1.25E0,-2.E-1));
#1352=LINE('',#1351,#1350);
#1353=DIRECTION('',(0.E0,0.E0,-1.E0));
#1354=VECTOR('',#1353,2.6E0);
#1355=CARTESIAN_POINT('',(-4.06E0,1.25E0,-2.E-1));
#1356=LINE('',#1355,#1354);
#1357=DIRECTION('',(0.E0,1.E0,0.E0));
#1358=VECTOR('',#1357,2.E0);
#1359=CARTESIAN_POINT('',(-6.35E0,-1.E0,-2.55E0));
#1360=LINE('',#1359,#1358);
#1361=DIRECTION('',(-5.773502691896E-1,-5.773502691896E-1,-5.773502691896E-1));
#1362=VECTOR('',#1361,4.330127018922E-1);
#1363=CARTESIAN_POINT('',(-6.35E0,-1.E0,-2.55E0));
#1364=LINE('',#1363,#1362);
#1365=DIRECTION('',(0.E0,1.E0,0.E0));
#1366=VECTOR('',#1365,6.3E-1);
#1367=CARTESIAN_POINT('',(-7.935E0,-3.15E-1,-2.8E0));
#1368=LINE('',#1367,#1366);
#1369=DIRECTION('',(1.E0,0.E0,0.E0));
#1370=VECTOR('',#1369,6.3E-1);
#1371=CARTESIAN_POINT('',(-7.935E0,3.15E-1,-2.8E0));
#1372=LINE('',#1371,#1370);
#1373=DIRECTION('',(0.E0,1.E0,0.E0));
#1374=VECTOR('',#1373,6.3E-1);
#1375=CARTESIAN_POINT('',(-7.305E0,-3.15E-1,-2.8E0));
#1376=LINE('',#1375,#1374);
#1377=DIRECTION('',(1.E0,0.E0,0.E0));
#1378=VECTOR('',#1377,6.3E-1);
#1379=CARTESIAN_POINT('',(-7.935E0,-3.15E-1,-2.8E0));
#1380=LINE('',#1379,#1378);
#1381=DIRECTION('',(0.E0,-1.E0,0.E0));
#1382=VECTOR('',#1381,2.5E0);
#1383=CARTESIAN_POINT('',(-6.6E0,1.25E0,-2.8E0));
#1384=LINE('',#1383,#1382);
#1385=DIRECTION('',(-1.E0,0.E0,0.E0));
#1386=VECTOR('',#1385,2.04E0);
#1387=CARTESIAN_POINT('',(-6.6E0,1.25E0,-2.8E0));
#1388=LINE('',#1387,#1386);
#1389=DIRECTION('',(0.E0,1.E0,0.E0));
#1390=VECTOR('',#1389,2.5E0);
#1391=CARTESIAN_POINT('',(-8.64E0,-1.25E0,-2.8E0));
#1392=LINE('',#1391,#1390);
#1393=DIRECTION('',(1.E0,0.E0,0.E0));
#1394=VECTOR('',#1393,2.04E0);
#1395=CARTESIAN_POINT('',(-8.64E0,-1.25E0,-2.8E0));
#1396=LINE('',#1395,#1394);
#1397=DIRECTION('',(0.E0,0.E0,1.E0));
#1398=VECTOR('',#1397,5.8E0);
#1399=CARTESIAN_POINT('',(-7.935E0,3.15E-1,0.E0));
#1400=LINE('',#1399,#1398);
#1401=DIRECTION('',(0.E0,-1.E0,0.E0));
#1402=VECTOR('',#1401,6.3E-1);
#1403=CARTESIAN_POINT('',(-7.935E0,3.15E-1,5.8E0));
#1404=LINE('',#1403,#1402);
#1405=DIRECTION('',(0.E0,0.E0,-1.E0));
#1406=VECTOR('',#1405,5.8E0);
#1407=CARTESIAN_POINT('',(-7.935E0,-3.15E-1,5.8E0));
#1408=LINE('',#1407,#1406);
#1409=DIRECTION('',(0.E0,0.E0,-1.E0));
#1410=VECTOR('',#1409,3.2E0);
#1411=CARTESIAN_POINT('',(-7.935E0,-3.15E-1,-2.8E0));
#1412=LINE('',#1411,#1410);
#1413=DIRECTION('',(0.E0,1.E0,0.E0));
#1414=VECTOR('',#1413,6.3E-1);
#1415=CARTESIAN_POINT('',(-7.935E0,-3.15E-1,-6.E0));
#1416=LINE('',#1415,#1414);
#1417=DIRECTION('',(0.E0,0.E0,1.E0));
#1418=VECTOR('',#1417,3.2E0);
#1419=CARTESIAN_POINT('',(-7.935E0,3.15E-1,-6.E0));
#1420=LINE('',#1419,#1418);
#1421=DIRECTION('',(0.E0,1.E0,0.E0));
#1422=VECTOR('',#1421,6.3E-1);
#1423=CARTESIAN_POINT('',(-7.935E0,-3.15E-1,0.E0));
#1424=LINE('',#1423,#1422);
#1425=DIRECTION('',(1.E0,0.E0,0.E0));
#1426=VECTOR('',#1425,6.3E-1);
#1427=CARTESIAN_POINT('',(-7.935E0,-3.15E-1,0.E0));
#1428=LINE('',#1427,#1426);
#1429=DIRECTION('',(0.E0,1.E0,0.E0));
#1430=VECTOR('',#1429,6.3E-1);
#1431=CARTESIAN_POINT('',(-7.305E0,-3.15E-1,0.E0));
#1432=LINE('',#1431,#1430);
#1433=DIRECTION('',(1.E0,0.E0,0.E0));
#1434=VECTOR('',#1433,6.3E-1);
#1435=CARTESIAN_POINT('',(-7.935E0,3.15E-1,0.E0));
#1436=LINE('',#1435,#1434);
#1437=DIRECTION('',(1.E0,0.E0,0.E0));
#1438=VECTOR('',#1437,2.04E0);
#1439=CARTESIAN_POINT('',(-8.64E0,-1.05E0,0.E0));
#1440=LINE('',#1439,#1438);
#1441=DIRECTION('',(0.E0,-1.E0,0.E0));
#1442=VECTOR('',#1441,2.1E0);
#1443=CARTESIAN_POINT('',(-8.64E0,1.05E0,0.E0));
#1444=LINE('',#1443,#1442);
#1445=DIRECTION('',(-1.E0,0.E0,0.E0));
#1446=VECTOR('',#1445,2.04E0);
#1447=CARTESIAN_POINT('',(-6.6E0,1.05E0,0.E0));
#1448=LINE('',#1447,#1446);
#1449=DIRECTION('',(0.E0,1.E0,0.E0));
#1450=VECTOR('',#1449,2.1E0);
#1451=CARTESIAN_POINT('',(-6.6E0,-1.05E0,0.E0));
#1452=LINE('',#1451,#1450);
#1453=DIRECTION('',(1.E0,0.E0,0.E0));
#1454=VECTOR('',#1453,6.3E-1);
#1455=CARTESIAN_POINT('',(-7.935E0,-3.15E-1,5.8E0));
#1456=LINE('',#1455,#1454);
#1457=DIRECTION('',(1.E0,0.E0,0.E0));
#1458=VECTOR('',#1457,6.3E-1);
#1459=CARTESIAN_POINT('',(-7.935E0,3.15E-1,5.8E0));
#1460=LINE('',#1459,#1458);
#1461=DIRECTION('',(0.E0,0.E0,1.E0));
#1462=VECTOR('',#1461,5.8E0);
#1463=CARTESIAN_POINT('',(-7.305E0,3.15E-1,0.E0));
#1464=LINE('',#1463,#1462);
#1465=DIRECTION('',(0.E0,0.E0,-1.E0));
#1466=VECTOR('',#1465,5.8E0);
#1467=CARTESIAN_POINT('',(-7.305E0,-3.15E-1,5.8E0));
#1468=LINE('',#1467,#1466);
#1469=DIRECTION('',(0.E0,-1.E0,0.E0));
#1470=VECTOR('',#1469,6.3E-1);
#1471=CARTESIAN_POINT('',(-7.305E0,3.15E-1,5.8E0));
#1472=LINE('',#1471,#1470);
#1473=DIRECTION('',(0.E0,0.E0,-1.E0));
#1474=VECTOR('',#1473,3.2E0);
#1475=CARTESIAN_POINT('',(-7.305E0,-3.15E-1,-2.8E0));
#1476=LINE('',#1475,#1474);
#1477=DIRECTION('',(0.E0,0.E0,1.E0));
#1478=VECTOR('',#1477,3.2E0);
#1479=CARTESIAN_POINT('',(-7.305E0,3.15E-1,-6.E0));
#1480=LINE('',#1479,#1478);
#1481=DIRECTION('',(0.E0,1.E0,0.E0));
#1482=VECTOR('',#1481,6.3E-1);
#1483=CARTESIAN_POINT('',(-7.305E0,-3.15E-1,-6.E0));
#1484=LINE('',#1483,#1482);
#1485=DIRECTION('',(1.E0,0.E0,0.E0));
#1486=VECTOR('',#1485,6.3E-1);
#1487=CARTESIAN_POINT('',(-7.935E0,-3.15E-1,-6.E0));
#1488=LINE('',#1487,#1486);
#1489=DIRECTION('',(1.E0,0.E0,0.E0));
#1490=VECTOR('',#1489,6.3E-1);
#1491=CARTESIAN_POINT('',(-7.935E0,3.15E-1,-6.E0));
#1492=LINE('',#1491,#1490);
#1493=DIRECTION('',(-1.E0,0.E0,0.E0));
#1494=VECTOR('',#1493,2.04E0);
#1495=CARTESIAN_POINT('',(-6.6E0,1.25E0,-2.E-1));
#1496=LINE('',#1495,#1494);
#1497=DIRECTION('',(0.E0,0.E0,-1.E0));
#1498=VECTOR('',#1497,2.6E0);
#1499=CARTESIAN_POINT('',(-8.64E0,1.25E0,-2.E-1));
#1500=LINE('',#1499,#1498);
#1501=DIRECTION('',(0.E0,0.E0,-1.E0));
#1502=VECTOR('',#1501,2.6E0);
#1503=CARTESIAN_POINT('',(-6.6E0,1.25E0,-2.E-1));
#1504=LINE('',#1503,#1502);
#1505=DIRECTION('',(0.E0,1.E0,0.E0));
#1506=VECTOR('',#1505,2.E0);
#1507=CARTESIAN_POINT('',(-8.89E0,-1.E0,-2.55E0));
#1508=LINE('',#1507,#1506);
#1509=DIRECTION('',(-5.773502691896E-1,-5.773502691896E-1,-5.773502691896E-1));
#1510=VECTOR('',#1509,4.330127018922E-1);
#1511=CARTESIAN_POINT('',(-8.89E0,-1.E0,-2.55E0));
#1512=LINE('',#1511,#1510);
#1513=DIRECTION('',(0.E0,1.E0,0.E0));
#1514=VECTOR('',#1513,6.3E-1);
#1515=CARTESIAN_POINT('',(-1.0475E1,-3.15E-1,-2.8E0));
#1516=LINE('',#1515,#1514);
#1517=DIRECTION('',(1.E0,0.E0,0.E0));
#1518=VECTOR('',#1517,6.3E-1);
#1519=CARTESIAN_POINT('',(-1.0475E1,3.15E-1,-2.8E0));
#1520=LINE('',#1519,#1518);
#1521=DIRECTION('',(0.E0,1.E0,0.E0));
#1522=VECTOR('',#1521,6.3E-1);
#1523=CARTESIAN_POINT('',(-9.845E0,-3.15E-1,-2.8E0));
#1524=LINE('',#1523,#1522);
#1525=DIRECTION('',(1.E0,0.E0,0.E0));
#1526=VECTOR('',#1525,6.3E-1);
#1527=CARTESIAN_POINT('',(-1.0475E1,-3.15E-1,-2.8E0));
#1528=LINE('',#1527,#1526);
#1529=DIRECTION('',(0.E0,-1.E0,0.E0));
#1530=VECTOR('',#1529,2.5E0);
#1531=CARTESIAN_POINT('',(-9.14E0,1.25E0,-2.8E0));
#1532=LINE('',#1531,#1530);
#1533=DIRECTION('',(-1.E0,0.E0,0.E0));
#1534=VECTOR('',#1533,2.04E0);
#1535=CARTESIAN_POINT('',(-9.14E0,1.25E0,-2.8E0));
#1536=LINE('',#1535,#1534);
#1537=DIRECTION('',(0.E0,1.E0,0.E0));
#1538=VECTOR('',#1537,2.5E0);
#1539=CARTESIAN_POINT('',(-1.118E1,-1.25E0,-2.8E0));
#1540=LINE('',#1539,#1538);
#1541=DIRECTION('',(1.E0,0.E0,0.E0));
#1542=VECTOR('',#1541,2.04E0);
#1543=CARTESIAN_POINT('',(-1.118E1,-1.25E0,-2.8E0));
#1544=LINE('',#1543,#1542);
#1545=DIRECTION('',(0.E0,0.E0,1.E0));
#1546=VECTOR('',#1545,5.8E0);
#1547=CARTESIAN_POINT('',(-1.0475E1,3.15E-1,0.E0));
#1548=LINE('',#1547,#1546);
#1549=DIRECTION('',(0.E0,-1.E0,0.E0));
#1550=VECTOR('',#1549,6.3E-1);
#1551=CARTESIAN_POINT('',(-1.0475E1,3.15E-1,5.8E0));
#1552=LINE('',#1551,#1550);
#1553=DIRECTION('',(0.E0,0.E0,-1.E0));
#1554=VECTOR('',#1553,5.8E0);
#1555=CARTESIAN_POINT('',(-1.0475E1,-3.15E-1,5.8E0));
#1556=LINE('',#1555,#1554);
#1557=DIRECTION('',(0.E0,0.E0,-1.E0));
#1558=VECTOR('',#1557,3.2E0);
#1559=CARTESIAN_POINT('',(-1.0475E1,-3.15E-1,-2.8E0));
#1560=LINE('',#1559,#1558);
#1561=DIRECTION('',(0.E0,1.E0,0.E0));
#1562=VECTOR('',#1561,6.3E-1);
#1563=CARTESIAN_POINT('',(-1.0475E1,-3.15E-1,-6.E0));
#1564=LINE('',#1563,#1562);
#1565=DIRECTION('',(0.E0,0.E0,1.E0));
#1566=VECTOR('',#1565,3.2E0);
#1567=CARTESIAN_POINT('',(-1.0475E1,3.15E-1,-6.E0));
#1568=LINE('',#1567,#1566);
#1569=DIRECTION('',(0.E0,1.E0,0.E0));
#1570=VECTOR('',#1569,6.3E-1);
#1571=CARTESIAN_POINT('',(-1.0475E1,-3.15E-1,0.E0));
#1572=LINE('',#1571,#1570);
#1573=DIRECTION('',(1.E0,0.E0,0.E0));
#1574=VECTOR('',#1573,6.3E-1);
#1575=CARTESIAN_POINT('',(-1.0475E1,-3.15E-1,0.E0));
#1576=LINE('',#1575,#1574);
#1577=DIRECTION('',(0.E0,1.E0,0.E0));
#1578=VECTOR('',#1577,6.3E-1);
#1579=CARTESIAN_POINT('',(-9.845E0,-3.15E-1,0.E0));
#1580=LINE('',#1579,#1578);
#1581=DIRECTION('',(1.E0,0.E0,0.E0));
#1582=VECTOR('',#1581,6.3E-1);
#1583=CARTESIAN_POINT('',(-1.0475E1,3.15E-1,0.E0));
#1584=LINE('',#1583,#1582);
#1585=DIRECTION('',(1.E0,0.E0,0.E0));
#1586=VECTOR('',#1585,2.04E0);
#1587=CARTESIAN_POINT('',(-1.118E1,-1.05E0,0.E0));
#1588=LINE('',#1587,#1586);
#1589=DIRECTION('',(0.E0,-1.E0,0.E0));
#1590=VECTOR('',#1589,2.1E0);
#1591=CARTESIAN_POINT('',(-1.118E1,1.05E0,0.E0));
#1592=LINE('',#1591,#1590);
#1593=DIRECTION('',(-1.E0,0.E0,0.E0));
#1594=VECTOR('',#1593,2.04E0);
#1595=CARTESIAN_POINT('',(-9.14E0,1.05E0,0.E0));
#1596=LINE('',#1595,#1594);
#1597=DIRECTION('',(0.E0,1.E0,0.E0));
#1598=VECTOR('',#1597,2.1E0);
#1599=CARTESIAN_POINT('',(-9.14E0,-1.05E0,0.E0));
#1600=LINE('',#1599,#1598);
#1601=DIRECTION('',(1.E0,0.E0,0.E0));
#1602=VECTOR('',#1601,6.3E-1);
#1603=CARTESIAN_POINT('',(-1.0475E1,-3.15E-1,5.8E0));
#1604=LINE('',#1603,#1602);
#1605=DIRECTION('',(1.E0,0.E0,0.E0));
#1606=VECTOR('',#1605,6.3E-1);
#1607=CARTESIAN_POINT('',(-1.0475E1,3.15E-1,5.8E0));
#1608=LINE('',#1607,#1606);
#1609=DIRECTION('',(0.E0,0.E0,1.E0));
#1610=VECTOR('',#1609,5.8E0);
#1611=CARTESIAN_POINT('',(-9.845E0,3.15E-1,0.E0));
#1612=LINE('',#1611,#1610);
#1613=DIRECTION('',(0.E0,0.E0,-1.E0));
#1614=VECTOR('',#1613,5.8E0);
#1615=CARTESIAN_POINT('',(-9.845E0,-3.15E-1,5.8E0));
#1616=LINE('',#1615,#1614);
#1617=DIRECTION('',(0.E0,-1.E0,0.E0));
#1618=VECTOR('',#1617,6.3E-1);
#1619=CARTESIAN_POINT('',(-9.845E0,3.15E-1,5.8E0));
#1620=LINE('',#1619,#1618);
#1621=DIRECTION('',(0.E0,0.E0,-1.E0));
#1622=VECTOR('',#1621,3.2E0);
#1623=CARTESIAN_POINT('',(-9.845E0,-3.15E-1,-2.8E0));
#1624=LINE('',#1623,#1622);
#1625=DIRECTION('',(0.E0,0.E0,1.E0));
#1626=VECTOR('',#1625,3.2E0);
#1627=CARTESIAN_POINT('',(-9.845E0,3.15E-1,-6.E0));
#1628=LINE('',#1627,#1626);
#1629=DIRECTION('',(0.E0,1.E0,0.E0));
#1630=VECTOR('',#1629,6.3E-1);
#1631=CARTESIAN_POINT('',(-9.845E0,-3.15E-1,-6.E0));
#1632=LINE('',#1631,#1630);
#1633=DIRECTION('',(1.E0,0.E0,0.E0));
#1634=VECTOR('',#1633,6.3E-1);
#1635=CARTESIAN_POINT('',(-1.0475E1,-3.15E-1,-6.E0));
#1636=LINE('',#1635,#1634);
#1637=DIRECTION('',(1.E0,0.E0,0.E0));
#1638=VECTOR('',#1637,6.3E-1);
#1639=CARTESIAN_POINT('',(-1.0475E1,3.15E-1,-6.E0));
#1640=LINE('',#1639,#1638);
#1641=DIRECTION('',(-1.E0,0.E0,0.E0));
#1642=VECTOR('',#1641,2.04E0);
#1643=CARTESIAN_POINT('',(-9.14E0,1.25E0,-2.E-1));
#1644=LINE('',#1643,#1642);
#1645=DIRECTION('',(0.E0,0.E0,-1.E0));
#1646=VECTOR('',#1645,2.6E0);
#1647=CARTESIAN_POINT('',(-1.118E1,1.25E0,-2.E-1));
#1648=LINE('',#1647,#1646);
#1649=DIRECTION('',(0.E0,0.E0,-1.E0));
#1650=VECTOR('',#1649,2.6E0);
#1651=CARTESIAN_POINT('',(-9.14E0,1.25E0,-2.E-1));
#1652=LINE('',#1651,#1650);
#1653=DIRECTION('',(0.E0,1.E0,0.E0));
#1654=VECTOR('',#1653,2.E0);
#1655=CARTESIAN_POINT('',(-1.143E1,-1.E0,-2.55E0));
#1656=LINE('',#1655,#1654);
#1657=DIRECTION('',(-5.773502691896E-1,-5.773502691896E-1,-5.773502691896E-1));
#1658=VECTOR('',#1657,4.330127018922E-1);
#1659=CARTESIAN_POINT('',(-1.143E1,-1.E0,-2.55E0));
#1660=LINE('',#1659,#1658);
#1661=DIRECTION('',(0.E0,1.E0,0.E0));
#1662=VECTOR('',#1661,6.3E-1);
#1663=CARTESIAN_POINT('',(-1.3015E1,-3.15E-1,-2.8E0));
#1664=LINE('',#1663,#1662);
#1665=DIRECTION('',(1.E0,0.E0,0.E0));
#1666=VECTOR('',#1665,6.3E-1);
#1667=CARTESIAN_POINT('',(-1.3015E1,3.15E-1,-2.8E0));
#1668=LINE('',#1667,#1666);
#1669=DIRECTION('',(0.E0,1.E0,0.E0));
#1670=VECTOR('',#1669,6.3E-1);
#1671=CARTESIAN_POINT('',(-1.2385E1,-3.15E-1,-2.8E0));
#1672=LINE('',#1671,#1670);
#1673=DIRECTION('',(1.E0,0.E0,0.E0));
#1674=VECTOR('',#1673,6.3E-1);
#1675=CARTESIAN_POINT('',(-1.3015E1,-3.15E-1,-2.8E0));
#1676=LINE('',#1675,#1674);
#1677=DIRECTION('',(0.E0,-1.E0,0.E0));
#1678=VECTOR('',#1677,2.5E0);
#1679=CARTESIAN_POINT('',(-1.168E1,1.25E0,-2.8E0));
#1680=LINE('',#1679,#1678);
#1681=DIRECTION('',(-1.E0,0.E0,0.E0));
#1682=VECTOR('',#1681,2.04E0);
#1683=CARTESIAN_POINT('',(-1.168E1,1.25E0,-2.8E0));
#1684=LINE('',#1683,#1682);
#1685=DIRECTION('',(0.E0,1.E0,0.E0));
#1686=VECTOR('',#1685,2.5E0);
#1687=CARTESIAN_POINT('',(-1.372E1,-1.25E0,-2.8E0));
#1688=LINE('',#1687,#1686);
#1689=DIRECTION('',(1.E0,0.E0,0.E0));
#1690=VECTOR('',#1689,2.04E0);
#1691=CARTESIAN_POINT('',(-1.372E1,-1.25E0,-2.8E0));
#1692=LINE('',#1691,#1690);
#1693=DIRECTION('',(0.E0,0.E0,1.E0));
#1694=VECTOR('',#1693,5.8E0);
#1695=CARTESIAN_POINT('',(-1.3015E1,3.15E-1,0.E0));
#1696=LINE('',#1695,#1694);
#1697=DIRECTION('',(0.E0,-1.E0,0.E0));
#1698=VECTOR('',#1697,6.3E-1);
#1699=CARTESIAN_POINT('',(-1.3015E1,3.15E-1,5.8E0));
#1700=LINE('',#1699,#1698);
#1701=DIRECTION('',(0.E0,0.E0,-1.E0));
#1702=VECTOR('',#1701,5.8E0);
#1703=CARTESIAN_POINT('',(-1.3015E1,-3.15E-1,5.8E0));
#1704=LINE('',#1703,#1702);
#1705=DIRECTION('',(0.E0,0.E0,-1.E0));
#1706=VECTOR('',#1705,3.2E0);
#1707=CARTESIAN_POINT('',(-1.3015E1,-3.15E-1,-2.8E0));
#1708=LINE('',#1707,#1706);
#1709=DIRECTION('',(0.E0,1.E0,0.E0));
#1710=VECTOR('',#1709,6.3E-1);
#1711=CARTESIAN_POINT('',(-1.3015E1,-3.15E-1,-6.E0));
#1712=LINE('',#1711,#1710);
#1713=DIRECTION('',(0.E0,0.E0,1.E0));
#1714=VECTOR('',#1713,3.2E0);
#1715=CARTESIAN_POINT('',(-1.3015E1,3.15E-1,-6.E0));
#1716=LINE('',#1715,#1714);
#1717=DIRECTION('',(0.E0,1.E0,0.E0));
#1718=VECTOR('',#1717,6.3E-1);
#1719=CARTESIAN_POINT('',(-1.3015E1,-3.15E-1,0.E0));
#1720=LINE('',#1719,#1718);
#1721=DIRECTION('',(1.E0,0.E0,0.E0));
#1722=VECTOR('',#1721,6.3E-1);
#1723=CARTESIAN_POINT('',(-1.3015E1,-3.15E-1,0.E0));
#1724=LINE('',#1723,#1722);
#1725=DIRECTION('',(0.E0,1.E0,0.E0));
#1726=VECTOR('',#1725,6.3E-1);
#1727=CARTESIAN_POINT('',(-1.2385E1,-3.15E-1,0.E0));
#1728=LINE('',#1727,#1726);
#1729=DIRECTION('',(1.E0,0.E0,0.E0));
#1730=VECTOR('',#1729,6.3E-1);
#1731=CARTESIAN_POINT('',(-1.3015E1,3.15E-1,0.E0));
#1732=LINE('',#1731,#1730);
#1733=DIRECTION('',(1.E0,0.E0,0.E0));
#1734=VECTOR('',#1733,2.04E0);
#1735=CARTESIAN_POINT('',(-1.372E1,-1.05E0,0.E0));
#1736=LINE('',#1735,#1734);
#1737=DIRECTION('',(0.E0,-1.E0,0.E0));
#1738=VECTOR('',#1737,2.1E0);
#1739=CARTESIAN_POINT('',(-1.372E1,1.05E0,0.E0));
#1740=LINE('',#1739,#1738);
#1741=DIRECTION('',(-1.E0,0.E0,0.E0));
#1742=VECTOR('',#1741,2.04E0);
#1743=CARTESIAN_POINT('',(-1.168E1,1.05E0,0.E0));
#1744=LINE('',#1743,#1742);
#1745=DIRECTION('',(0.E0,1.E0,0.E0));
#1746=VECTOR('',#1745,2.1E0);
#1747=CARTESIAN_POINT('',(-1.168E1,-1.05E0,0.E0));
#1748=LINE('',#1747,#1746);
#1749=DIRECTION('',(1.E0,0.E0,0.E0));
#1750=VECTOR('',#1749,6.3E-1);
#1751=CARTESIAN_POINT('',(-1.3015E1,-3.15E-1,5.8E0));
#1752=LINE('',#1751,#1750);
#1753=DIRECTION('',(1.E0,0.E0,0.E0));
#1754=VECTOR('',#1753,6.3E-1);
#1755=CARTESIAN_POINT('',(-1.3015E1,3.15E-1,5.8E0));
#1756=LINE('',#1755,#1754);
#1757=DIRECTION('',(0.E0,0.E0,1.E0));
#1758=VECTOR('',#1757,5.8E0);
#1759=CARTESIAN_POINT('',(-1.2385E1,3.15E-1,0.E0));
#1760=LINE('',#1759,#1758);
#1761=DIRECTION('',(0.E0,0.E0,-1.E0));
#1762=VECTOR('',#1761,5.8E0);
#1763=CARTESIAN_POINT('',(-1.2385E1,-3.15E-1,5.8E0));
#1764=LINE('',#1763,#1762);
#1765=DIRECTION('',(0.E0,-1.E0,0.E0));
#1766=VECTOR('',#1765,6.3E-1);
#1767=CARTESIAN_POINT('',(-1.2385E1,3.15E-1,5.8E0));
#1768=LINE('',#1767,#1766);
#1769=DIRECTION('',(0.E0,0.E0,-1.E0));
#1770=VECTOR('',#1769,3.2E0);
#1771=CARTESIAN_POINT('',(-1.2385E1,-3.15E-1,-2.8E0));
#1772=LINE('',#1771,#1770);
#1773=DIRECTION('',(0.E0,0.E0,1.E0));
#1774=VECTOR('',#1773,3.2E0);
#1775=CARTESIAN_POINT('',(-1.2385E1,3.15E-1,-6.E0));
#1776=LINE('',#1775,#1774);
#1777=DIRECTION('',(0.E0,1.E0,0.E0));
#1778=VECTOR('',#1777,6.3E-1);
#1779=CARTESIAN_POINT('',(-1.2385E1,-3.15E-1,-6.E0));
#1780=LINE('',#1779,#1778);
#1781=DIRECTION('',(1.E0,0.E0,0.E0));
#1782=VECTOR('',#1781,6.3E-1);
#1783=CARTESIAN_POINT('',(-1.3015E1,-3.15E-1,-6.E0));
#1784=LINE('',#1783,#1782);
#1785=DIRECTION('',(1.E0,0.E0,0.E0));
#1786=VECTOR('',#1785,6.3E-1);
#1787=CARTESIAN_POINT('',(-1.3015E1,3.15E-1,-6.E0));
#1788=LINE('',#1787,#1786);
#1789=DIRECTION('',(-1.E0,0.E0,0.E0));
#1790=VECTOR('',#1789,2.04E0);
#1791=CARTESIAN_POINT('',(-1.168E1,1.25E0,-2.E-1));
#1792=LINE('',#1791,#1790);
#1793=DIRECTION('',(0.E0,0.E0,-1.E0));
#1794=VECTOR('',#1793,2.6E0);
#1795=CARTESIAN_POINT('',(-1.372E1,1.25E0,-2.E-1));
#1796=LINE('',#1795,#1794);
#1797=DIRECTION('',(0.E0,0.E0,-1.E0));
#1798=VECTOR('',#1797,2.6E0);
#1799=CARTESIAN_POINT('',(-1.168E1,1.25E0,-2.E-1));
#1800=LINE('',#1799,#1798);
#1801=DIRECTION('',(0.E0,1.E0,0.E0));
#1802=VECTOR('',#1801,2.E0);
#1803=CARTESIAN_POINT('',(-1.397E1,-1.E0,-2.55E0));
#1804=LINE('',#1803,#1802);
#1805=DIRECTION('',(-5.773502691896E-1,-5.773502691896E-1,-5.773502691896E-1));
#1806=VECTOR('',#1805,4.330127018922E-1);
#1807=CARTESIAN_POINT('',(-1.397E1,-1.E0,-2.55E0));
#1808=LINE('',#1807,#1806);
#1809=DIRECTION('',(0.E0,1.E0,0.E0));
#1810=VECTOR('',#1809,6.3E-1);
#1811=CARTESIAN_POINT('',(-1.5555E1,-3.15E-1,-2.8E0));
#1812=LINE('',#1811,#1810);
#1813=DIRECTION('',(1.E0,0.E0,0.E0));
#1814=VECTOR('',#1813,6.3E-1);
#1815=CARTESIAN_POINT('',(-1.5555E1,3.15E-1,-2.8E0));
#1816=LINE('',#1815,#1814);
#1817=DIRECTION('',(0.E0,1.E0,0.E0));
#1818=VECTOR('',#1817,6.3E-1);
#1819=CARTESIAN_POINT('',(-1.4925E1,-3.15E-1,-2.8E0));
#1820=LINE('',#1819,#1818);
#1821=DIRECTION('',(1.E0,0.E0,0.E0));
#1822=VECTOR('',#1821,6.3E-1);
#1823=CARTESIAN_POINT('',(-1.5555E1,-3.15E-1,-2.8E0));
#1824=LINE('',#1823,#1822);
#1825=DIRECTION('',(0.E0,-1.E0,0.E0));
#1826=VECTOR('',#1825,2.5E0);
#1827=CARTESIAN_POINT('',(-1.422E1,1.25E0,-2.8E0));
#1828=LINE('',#1827,#1826);
#1829=DIRECTION('',(-1.E0,0.E0,0.E0));
#1830=VECTOR('',#1829,2.04E0);
#1831=CARTESIAN_POINT('',(-1.422E1,1.25E0,-2.8E0));
#1832=LINE('',#1831,#1830);
#1833=DIRECTION('',(0.E0,1.E0,0.E0));
#1834=VECTOR('',#1833,2.5E0);
#1835=CARTESIAN_POINT('',(-1.626E1,-1.25E0,-2.8E0));
#1836=LINE('',#1835,#1834);
#1837=DIRECTION('',(1.E0,0.E0,0.E0));
#1838=VECTOR('',#1837,2.04E0);
#1839=CARTESIAN_POINT('',(-1.626E1,-1.25E0,-2.8E0));
#1840=LINE('',#1839,#1838);
#1841=DIRECTION('',(0.E0,0.E0,1.E0));
#1842=VECTOR('',#1841,5.8E0);
#1843=CARTESIAN_POINT('',(-1.5555E1,3.15E-1,0.E0));
#1844=LINE('',#1843,#1842);
#1845=DIRECTION('',(0.E0,-1.E0,0.E0));
#1846=VECTOR('',#1845,6.3E-1);
#1847=CARTESIAN_POINT('',(-1.5555E1,3.15E-1,5.8E0));
#1848=LINE('',#1847,#1846);
#1849=DIRECTION('',(0.E0,0.E0,-1.E0));
#1850=VECTOR('',#1849,5.8E0);
#1851=CARTESIAN_POINT('',(-1.5555E1,-3.15E-1,5.8E0));
#1852=LINE('',#1851,#1850);
#1853=DIRECTION('',(0.E0,0.E0,-1.E0));
#1854=VECTOR('',#1853,3.2E0);
#1855=CARTESIAN_POINT('',(-1.5555E1,-3.15E-1,-2.8E0));
#1856=LINE('',#1855,#1854);
#1857=DIRECTION('',(0.E0,1.E0,0.E0));
#1858=VECTOR('',#1857,6.3E-1);
#1859=CARTESIAN_POINT('',(-1.5555E1,-3.15E-1,-6.E0));
#1860=LINE('',#1859,#1858);
#1861=DIRECTION('',(0.E0,0.E0,1.E0));
#1862=VECTOR('',#1861,3.2E0);
#1863=CARTESIAN_POINT('',(-1.5555E1,3.15E-1,-6.E0));
#1864=LINE('',#1863,#1862);
#1865=DIRECTION('',(0.E0,1.E0,0.E0));
#1866=VECTOR('',#1865,6.3E-1);
#1867=CARTESIAN_POINT('',(-1.5555E1,-3.15E-1,0.E0));
#1868=LINE('',#1867,#1866);
#1869=DIRECTION('',(1.E0,0.E0,0.E0));
#1870=VECTOR('',#1869,6.3E-1);
#1871=CARTESIAN_POINT('',(-1.5555E1,-3.15E-1,0.E0));
#1872=LINE('',#1871,#1870);
#1873=DIRECTION('',(0.E0,1.E0,0.E0));
#1874=VECTOR('',#1873,6.3E-1);
#1875=CARTESIAN_POINT('',(-1.4925E1,-3.15E-1,0.E0));
#1876=LINE('',#1875,#1874);
#1877=DIRECTION('',(1.E0,0.E0,0.E0));
#1878=VECTOR('',#1877,6.3E-1);
#1879=CARTESIAN_POINT('',(-1.5555E1,3.15E-1,0.E0));
#1880=LINE('',#1879,#1878);
#1881=DIRECTION('',(1.E0,0.E0,0.E0));
#1882=VECTOR('',#1881,2.04E0);
#1883=CARTESIAN_POINT('',(-1.626E1,-1.05E0,0.E0));
#1884=LINE('',#1883,#1882);
#1885=DIRECTION('',(0.E0,-1.E0,0.E0));
#1886=VECTOR('',#1885,2.1E0);
#1887=CARTESIAN_POINT('',(-1.626E1,1.05E0,0.E0));
#1888=LINE('',#1887,#1886);
#1889=DIRECTION('',(-1.E0,0.E0,0.E0));
#1890=VECTOR('',#1889,2.04E0);
#1891=CARTESIAN_POINT('',(-1.422E1,1.05E0,0.E0));
#1892=LINE('',#1891,#1890);
#1893=DIRECTION('',(0.E0,1.E0,0.E0));
#1894=VECTOR('',#1893,2.1E0);
#1895=CARTESIAN_POINT('',(-1.422E1,-1.05E0,0.E0));
#1896=LINE('',#1895,#1894);
#1897=DIRECTION('',(1.E0,0.E0,0.E0));
#1898=VECTOR('',#1897,6.3E-1);
#1899=CARTESIAN_POINT('',(-1.5555E1,-3.15E-1,5.8E0));
#1900=LINE('',#1899,#1898);
#1901=DIRECTION('',(1.E0,0.E0,0.E0));
#1902=VECTOR('',#1901,6.3E-1);
#1903=CARTESIAN_POINT('',(-1.5555E1,3.15E-1,5.8E0));
#1904=LINE('',#1903,#1902);
#1905=DIRECTION('',(0.E0,0.E0,1.E0));
#1906=VECTOR('',#1905,5.8E0);
#1907=CARTESIAN_POINT('',(-1.4925E1,3.15E-1,0.E0));
#1908=LINE('',#1907,#1906);
#1909=DIRECTION('',(0.E0,0.E0,-1.E0));
#1910=VECTOR('',#1909,5.8E0);
#1911=CARTESIAN_POINT('',(-1.4925E1,-3.15E-1,5.8E0));
#1912=LINE('',#1911,#1910);
#1913=DIRECTION('',(0.E0,-1.E0,0.E0));
#1914=VECTOR('',#1913,6.3E-1);
#1915=CARTESIAN_POINT('',(-1.4925E1,3.15E-1,5.8E0));
#1916=LINE('',#1915,#1914);
#1917=DIRECTION('',(0.E0,0.E0,-1.E0));
#1918=VECTOR('',#1917,3.2E0);
#1919=CARTESIAN_POINT('',(-1.4925E1,-3.15E-1,-2.8E0));
#1920=LINE('',#1919,#1918);
#1921=DIRECTION('',(0.E0,0.E0,1.E0));
#1922=VECTOR('',#1921,3.2E0);
#1923=CARTESIAN_POINT('',(-1.4925E1,3.15E-1,-6.E0));
#1924=LINE('',#1923,#1922);
#1925=DIRECTION('',(0.E0,1.E0,0.E0));
#1926=VECTOR('',#1925,6.3E-1);
#1927=CARTESIAN_POINT('',(-1.4925E1,-3.15E-1,-6.E0));
#1928=LINE('',#1927,#1926);
#1929=DIRECTION('',(1.E0,0.E0,0.E0));
#1930=VECTOR('',#1929,6.3E-1);
#1931=CARTESIAN_POINT('',(-1.5555E1,-3.15E-1,-6.E0));
#1932=LINE('',#1931,#1930);
#1933=DIRECTION('',(1.E0,0.E0,0.E0));
#1934=VECTOR('',#1933,6.3E-1);
#1935=CARTESIAN_POINT('',(-1.5555E1,3.15E-1,-6.E0));
#1936=LINE('',#1935,#1934);
#1937=DIRECTION('',(-1.E0,0.E0,0.E0));
#1938=VECTOR('',#1937,2.04E0);
#1939=CARTESIAN_POINT('',(-1.422E1,1.25E0,-2.E-1));
#1940=LINE('',#1939,#1938);
#1941=DIRECTION('',(0.E0,0.E0,-1.E0));
#1942=VECTOR('',#1941,2.6E0);
#1943=CARTESIAN_POINT('',(-1.626E1,1.25E0,-2.E-1));
#1944=LINE('',#1943,#1942);
#1945=DIRECTION('',(0.E0,0.E0,-1.E0));
#1946=VECTOR('',#1945,2.6E0);
#1947=CARTESIAN_POINT('',(-1.422E1,1.25E0,-2.E-1));
#1948=LINE('',#1947,#1946);
#1949=DIRECTION('',(0.E0,1.E0,0.E0));
#1950=VECTOR('',#1949,2.E0);
#1951=CARTESIAN_POINT('',(-1.651E1,-1.E0,-2.55E0));
#1952=LINE('',#1951,#1950);
#1953=DIRECTION('',(-5.773502691896E-1,-5.773502691896E-1,-5.773502691896E-1));
#1954=VECTOR('',#1953,4.330127018922E-1);
#1955=CARTESIAN_POINT('',(-1.651E1,-1.E0,-2.55E0));
#1956=LINE('',#1955,#1954);
#1957=DIRECTION('',(0.E0,1.E0,0.E0));
#1958=VECTOR('',#1957,6.3E-1);
#1959=CARTESIAN_POINT('',(-1.8095E1,-3.15E-1,-2.8E0));
#1960=LINE('',#1959,#1958);
#1961=DIRECTION('',(1.E0,0.E0,0.E0));
#1962=VECTOR('',#1961,6.3E-1);
#1963=CARTESIAN_POINT('',(-1.8095E1,3.15E-1,-2.8E0));
#1964=LINE('',#1963,#1962);
#1965=DIRECTION('',(0.E0,1.E0,0.E0));
#1966=VECTOR('',#1965,6.3E-1);
#1967=CARTESIAN_POINT('',(-1.7465E1,-3.15E-1,-2.8E0));
#1968=LINE('',#1967,#1966);
#1969=DIRECTION('',(1.E0,0.E0,0.E0));
#1970=VECTOR('',#1969,6.3E-1);
#1971=CARTESIAN_POINT('',(-1.8095E1,-3.15E-1,-2.8E0));
#1972=LINE('',#1971,#1970);
#1973=DIRECTION('',(0.E0,-1.E0,0.E0));
#1974=VECTOR('',#1973,2.5E0);
#1975=CARTESIAN_POINT('',(-1.676E1,1.25E0,-2.8E0));
#1976=LINE('',#1975,#1974);
#1977=DIRECTION('',(-1.E0,0.E0,0.E0));
#1978=VECTOR('',#1977,2.04E0);
#1979=CARTESIAN_POINT('',(-1.676E1,1.25E0,-2.8E0));
#1980=LINE('',#1979,#1978);
#1981=DIRECTION('',(0.E0,1.E0,0.E0));
#1982=VECTOR('',#1981,2.5E0);
#1983=CARTESIAN_POINT('',(-1.88E1,-1.25E0,-2.8E0));
#1984=LINE('',#1983,#1982);
#1985=DIRECTION('',(1.E0,0.E0,0.E0));
#1986=VECTOR('',#1985,2.04E0);
#1987=CARTESIAN_POINT('',(-1.88E1,-1.25E0,-2.8E0));
#1988=LINE('',#1987,#1986);
#1989=DIRECTION('',(0.E0,0.E0,1.E0));
#1990=VECTOR('',#1989,5.8E0);
#1991=CARTESIAN_POINT('',(-1.8095E1,3.15E-1,0.E0));
#1992=LINE('',#1991,#1990);
#1993=DIRECTION('',(0.E0,-1.E0,0.E0));
#1994=VECTOR('',#1993,6.3E-1);
#1995=CARTESIAN_POINT('',(-1.8095E1,3.15E-1,5.8E0));
#1996=LINE('',#1995,#1994);
#1997=DIRECTION('',(0.E0,0.E0,-1.E0));
#1998=VECTOR('',#1997,5.8E0);
#1999=CARTESIAN_POINT('',(-1.8095E1,-3.15E-1,5.8E0));
#2000=LINE('',#1999,#1998);
#2001=DIRECTION('',(0.E0,0.E0,-1.E0));
#2002=VECTOR('',#2001,3.2E0);
#2003=CARTESIAN_POINT('',(-1.8095E1,-3.15E-1,-2.8E0));
#2004=LINE('',#2003,#2002);
#2005=DIRECTION('',(0.E0,1.E0,0.E0));
#2006=VECTOR('',#2005,6.3E-1);
#2007=CARTESIAN_POINT('',(-1.8095E1,-3.15E-1,-6.E0));
#2008=LINE('',#2007,#2006);
#2009=DIRECTION('',(0.E0,0.E0,1.E0));
#2010=VECTOR('',#2009,3.2E0);
#2011=CARTESIAN_POINT('',(-1.8095E1,3.15E-1,-6.E0));
#2012=LINE('',#2011,#2010);
#2013=DIRECTION('',(0.E0,1.E0,0.E0));
#2014=VECTOR('',#2013,6.3E-1);
#2015=CARTESIAN_POINT('',(-1.8095E1,-3.15E-1,0.E0));
#2016=LINE('',#2015,#2014);
#2017=DIRECTION('',(1.E0,0.E0,0.E0));
#2018=VECTOR('',#2017,6.3E-1);
#2019=CARTESIAN_POINT('',(-1.8095E1,-3.15E-1,0.E0));
#2020=LINE('',#2019,#2018);
#2021=DIRECTION('',(0.E0,1.E0,0.E0));
#2022=VECTOR('',#2021,6.3E-1);
#2023=CARTESIAN_POINT('',(-1.7465E1,-3.15E-1,0.E0));
#2024=LINE('',#2023,#2022);
#2025=DIRECTION('',(1.E0,0.E0,0.E0));
#2026=VECTOR('',#2025,6.3E-1);
#2027=CARTESIAN_POINT('',(-1.8095E1,3.15E-1,0.E0));
#2028=LINE('',#2027,#2026);
#2029=DIRECTION('',(1.E0,0.E0,0.E0));
#2030=VECTOR('',#2029,2.04E0);
#2031=CARTESIAN_POINT('',(-1.88E1,-1.05E0,0.E0));
#2032=LINE('',#2031,#2030);
#2033=DIRECTION('',(0.E0,-1.E0,0.E0));
#2034=VECTOR('',#2033,2.1E0);
#2035=CARTESIAN_POINT('',(-1.88E1,1.05E0,0.E0));
#2036=LINE('',#2035,#2034);
#2037=DIRECTION('',(-1.E0,0.E0,0.E0));
#2038=VECTOR('',#2037,2.04E0);
#2039=CARTESIAN_POINT('',(-1.676E1,1.05E0,0.E0));
#2040=LINE('',#2039,#2038);
#2041=DIRECTION('',(0.E0,1.E0,0.E0));
#2042=VECTOR('',#2041,2.1E0);
#2043=CARTESIAN_POINT('',(-1.676E1,-1.05E0,0.E0));
#2044=LINE('',#2043,#2042);
#2045=DIRECTION('',(1.E0,0.E0,0.E0));
#2046=VECTOR('',#2045,6.3E-1);
#2047=CARTESIAN_POINT('',(-1.8095E1,-3.15E-1,5.8E0));
#2048=LINE('',#2047,#2046);
#2049=DIRECTION('',(1.E0,0.E0,0.E0));
#2050=VECTOR('',#2049,6.3E-1);
#2051=CARTESIAN_POINT('',(-1.8095E1,3.15E-1,5.8E0));
#2052=LINE('',#2051,#2050);
#2053=DIRECTION('',(0.E0,0.E0,1.E0));
#2054=VECTOR('',#2053,5.8E0);
#2055=CARTESIAN_POINT('',(-1.7465E1,3.15E-1,0.E0));
#2056=LINE('',#2055,#2054);
#2057=DIRECTION('',(0.E0,0.E0,-1.E0));
#2058=VECTOR('',#2057,5.8E0);
#2059=CARTESIAN_POINT('',(-1.7465E1,-3.15E-1,5.8E0));
#2060=LINE('',#2059,#2058);
#2061=DIRECTION('',(0.E0,-1.E0,0.E0));
#2062=VECTOR('',#2061,6.3E-1);
#2063=CARTESIAN_POINT('',(-1.7465E1,3.15E-1,5.8E0));
#2064=LINE('',#2063,#2062);
#2065=DIRECTION('',(0.E0,0.E0,-1.E0));
#2066=VECTOR('',#2065,3.2E0);
#2067=CARTESIAN_POINT('',(-1.7465E1,-3.15E-1,-2.8E0));
#2068=LINE('',#2067,#2066);
#2069=DIRECTION('',(0.E0,0.E0,1.E0));
#2070=VECTOR('',#2069,3.2E0);
#2071=CARTESIAN_POINT('',(-1.7465E1,3.15E-1,-6.E0));
#2072=LINE('',#2071,#2070);
#2073=DIRECTION('',(0.E0,1.E0,0.E0));
#2074=VECTOR('',#2073,6.3E-1);
#2075=CARTESIAN_POINT('',(-1.7465E1,-3.15E-1,-6.E0));
#2076=LINE('',#2075,#2074);
#2077=DIRECTION('',(1.E0,0.E0,0.E0));
#2078=VECTOR('',#2077,6.3E-1);
#2079=CARTESIAN_POINT('',(-1.8095E1,-3.15E-1,-6.E0));
#2080=LINE('',#2079,#2078);
#2081=DIRECTION('',(1.E0,0.E0,0.E0));
#2082=VECTOR('',#2081,6.3E-1);
#2083=CARTESIAN_POINT('',(-1.8095E1,3.15E-1,-6.E0));
#2084=LINE('',#2083,#2082);
#2085=DIRECTION('',(-1.E0,0.E0,0.E0));
#2086=VECTOR('',#2085,2.04E0);
#2087=CARTESIAN_POINT('',(-1.676E1,1.25E0,-2.E-1));
#2088=LINE('',#2087,#2086);
#2089=DIRECTION('',(0.E0,0.E0,-1.E0));
#2090=VECTOR('',#2089,2.6E0);
#2091=CARTESIAN_POINT('',(-1.88E1,1.25E0,-2.E-1));
#2092=LINE('',#2091,#2090);
#2093=DIRECTION('',(0.E0,0.E0,-1.E0));
#2094=VECTOR('',#2093,2.6E0);
#2095=CARTESIAN_POINT('',(-1.676E1,1.25E0,-2.E-1));
#2096=LINE('',#2095,#2094);
#2097=DIRECTION('',(0.E0,1.E0,0.E0));
#2098=VECTOR('',#2097,2.E0);
#2099=CARTESIAN_POINT('',(-1.905E1,-1.E0,-2.55E0));
#2100=LINE('',#2099,#2098);
#2101=DIRECTION('',(-5.773502691896E-1,-5.773502691896E-1,-5.773502691896E-1));
#2102=VECTOR('',#2101,4.330127018922E-1);
#2103=CARTESIAN_POINT('',(-1.905E1,-1.E0,-2.55E0));
#2104=LINE('',#2103,#2102);
#2105=DIRECTION('',(0.E0,1.E0,0.E0));
#2106=VECTOR('',#2105,6.3E-1);
#2107=CARTESIAN_POINT('',(-2.0635E1,-3.15E-1,-2.8E0));
#2108=LINE('',#2107,#2106);
#2109=DIRECTION('',(1.E0,0.E0,0.E0));
#2110=VECTOR('',#2109,6.3E-1);
#2111=CARTESIAN_POINT('',(-2.0635E1,3.15E-1,-2.8E0));
#2112=LINE('',#2111,#2110);
#2113=DIRECTION('',(0.E0,1.E0,0.E0));
#2114=VECTOR('',#2113,6.3E-1);
#2115=CARTESIAN_POINT('',(-2.0005E1,-3.15E-1,-2.8E0));
#2116=LINE('',#2115,#2114);
#2117=DIRECTION('',(1.E0,0.E0,0.E0));
#2118=VECTOR('',#2117,6.3E-1);
#2119=CARTESIAN_POINT('',(-2.0635E1,-3.15E-1,-2.8E0));
#2120=LINE('',#2119,#2118);
#2121=DIRECTION('',(0.E0,-1.E0,0.E0));
#2122=VECTOR('',#2121,2.5E0);
#2123=CARTESIAN_POINT('',(-1.93E1,1.25E0,-2.8E0));
#2124=LINE('',#2123,#2122);
#2125=DIRECTION('',(-1.E0,0.E0,0.E0));
#2126=VECTOR('',#2125,2.04E0);
#2127=CARTESIAN_POINT('',(-1.93E1,1.25E0,-2.8E0));
#2128=LINE('',#2127,#2126);
#2129=DIRECTION('',(0.E0,1.E0,0.E0));
#2130=VECTOR('',#2129,2.5E0);
#2131=CARTESIAN_POINT('',(-2.134E1,-1.25E0,-2.8E0));
#2132=LINE('',#2131,#2130);
#2133=DIRECTION('',(1.E0,0.E0,0.E0));
#2134=VECTOR('',#2133,2.04E0);
#2135=CARTESIAN_POINT('',(-2.134E1,-1.25E0,-2.8E0));
#2136=LINE('',#2135,#2134);
#2137=DIRECTION('',(0.E0,0.E0,1.E0));
#2138=VECTOR('',#2137,5.8E0);
#2139=CARTESIAN_POINT('',(-2.0635E1,3.15E-1,0.E0));
#2140=LINE('',#2139,#2138);
#2141=DIRECTION('',(0.E0,-1.E0,0.E0));
#2142=VECTOR('',#2141,6.3E-1);
#2143=CARTESIAN_POINT('',(-2.0635E1,3.15E-1,5.8E0));
#2144=LINE('',#2143,#2142);
#2145=DIRECTION('',(0.E0,0.E0,-1.E0));
#2146=VECTOR('',#2145,5.8E0);
#2147=CARTESIAN_POINT('',(-2.0635E1,-3.15E-1,5.8E0));
#2148=LINE('',#2147,#2146);
#2149=DIRECTION('',(0.E0,0.E0,-1.E0));
#2150=VECTOR('',#2149,3.2E0);
#2151=CARTESIAN_POINT('',(-2.0635E1,-3.15E-1,-2.8E0));
#2152=LINE('',#2151,#2150);
#2153=DIRECTION('',(0.E0,1.E0,0.E0));
#2154=VECTOR('',#2153,6.3E-1);
#2155=CARTESIAN_POINT('',(-2.0635E1,-3.15E-1,-6.E0));
#2156=LINE('',#2155,#2154);
#2157=DIRECTION('',(0.E0,0.E0,1.E0));
#2158=VECTOR('',#2157,3.2E0);
#2159=CARTESIAN_POINT('',(-2.0635E1,3.15E-1,-6.E0));
#2160=LINE('',#2159,#2158);
#2161=DIRECTION('',(0.E0,1.E0,0.E0));
#2162=VECTOR('',#2161,6.3E-1);
#2163=CARTESIAN_POINT('',(-2.0635E1,-3.15E-1,0.E0));
#2164=LINE('',#2163,#2162);
#2165=DIRECTION('',(1.E0,0.E0,0.E0));
#2166=VECTOR('',#2165,6.3E-1);
#2167=CARTESIAN_POINT('',(-2.0635E1,-3.15E-1,0.E0));
#2168=LINE('',#2167,#2166);
#2169=DIRECTION('',(0.E0,1.E0,0.E0));
#2170=VECTOR('',#2169,6.3E-1);
#2171=CARTESIAN_POINT('',(-2.0005E1,-3.15E-1,0.E0));
#2172=LINE('',#2171,#2170);
#2173=DIRECTION('',(1.E0,0.E0,0.E0));
#2174=VECTOR('',#2173,6.3E-1);
#2175=CARTESIAN_POINT('',(-2.0635E1,3.15E-1,0.E0));
#2176=LINE('',#2175,#2174);
#2177=DIRECTION('',(1.E0,0.E0,0.E0));
#2178=VECTOR('',#2177,2.04E0);
#2179=CARTESIAN_POINT('',(-2.134E1,-1.05E0,0.E0));
#2180=LINE('',#2179,#2178);
#2181=DIRECTION('',(0.E0,-1.E0,0.E0));
#2182=VECTOR('',#2181,2.1E0);
#2183=CARTESIAN_POINT('',(-2.134E1,1.05E0,0.E0));
#2184=LINE('',#2183,#2182);
#2185=DIRECTION('',(-1.E0,0.E0,0.E0));
#2186=VECTOR('',#2185,2.04E0);
#2187=CARTESIAN_POINT('',(-1.93E1,1.05E0,0.E0));
#2188=LINE('',#2187,#2186);
#2189=DIRECTION('',(0.E0,1.E0,0.E0));
#2190=VECTOR('',#2189,2.1E0);
#2191=CARTESIAN_POINT('',(-1.93E1,-1.05E0,0.E0));
#2192=LINE('',#2191,#2190);
#2193=DIRECTION('',(1.E0,0.E0,0.E0));
#2194=VECTOR('',#2193,6.3E-1);
#2195=CARTESIAN_POINT('',(-2.0635E1,-3.15E-1,5.8E0));
#2196=LINE('',#2195,#2194);
#2197=DIRECTION('',(1.E0,0.E0,0.E0));
#2198=VECTOR('',#2197,6.3E-1);
#2199=CARTESIAN_POINT('',(-2.0635E1,3.15E-1,5.8E0));
#2200=LINE('',#2199,#2198);
#2201=DIRECTION('',(0.E0,0.E0,1.E0));
#2202=VECTOR('',#2201,5.8E0);
#2203=CARTESIAN_POINT('',(-2.0005E1,3.15E-1,0.E0));
#2204=LINE('',#2203,#2202);
#2205=DIRECTION('',(0.E0,0.E0,-1.E0));
#2206=VECTOR('',#2205,5.8E0);
#2207=CARTESIAN_POINT('',(-2.0005E1,-3.15E-1,5.8E0));
#2208=LINE('',#2207,#2206);
#2209=DIRECTION('',(0.E0,-1.E0,0.E0));
#2210=VECTOR('',#2209,6.3E-1);
#2211=CARTESIAN_POINT('',(-2.0005E1,3.15E-1,5.8E0));
#2212=LINE('',#2211,#2210);
#2213=DIRECTION('',(0.E0,0.E0,-1.E0));
#2214=VECTOR('',#2213,3.2E0);
#2215=CARTESIAN_POINT('',(-2.0005E1,-3.15E-1,-2.8E0));
#2216=LINE('',#2215,#2214);
#2217=DIRECTION('',(0.E0,0.E0,1.E0));
#2218=VECTOR('',#2217,3.2E0);
#2219=CARTESIAN_POINT('',(-2.0005E1,3.15E-1,-6.E0));
#2220=LINE('',#2219,#2218);
#2221=DIRECTION('',(0.E0,1.E0,0.E0));
#2222=VECTOR('',#2221,6.3E-1);
#2223=CARTESIAN_POINT('',(-2.0005E1,-3.15E-1,-6.E0));
#2224=LINE('',#2223,#2222);
#2225=DIRECTION('',(1.E0,0.E0,0.E0));
#2226=VECTOR('',#2225,6.3E-1);
#2227=CARTESIAN_POINT('',(-2.0635E1,-3.15E-1,-6.E0));
#2228=LINE('',#2227,#2226);
#2229=DIRECTION('',(1.E0,0.E0,0.E0));
#2230=VECTOR('',#2229,6.3E-1);
#2231=CARTESIAN_POINT('',(-2.0635E1,3.15E-1,-6.E0));
#2232=LINE('',#2231,#2230);
#2233=DIRECTION('',(-1.E0,0.E0,0.E0));
#2234=VECTOR('',#2233,2.04E0);
#2235=CARTESIAN_POINT('',(-1.93E1,1.25E0,-2.E-1));
#2236=LINE('',#2235,#2234);
#2237=DIRECTION('',(0.E0,0.E0,-1.E0));
#2238=VECTOR('',#2237,2.6E0);
#2239=CARTESIAN_POINT('',(-2.134E1,1.25E0,-2.E-1));
#2240=LINE('',#2239,#2238);
#2241=DIRECTION('',(0.E0,0.E0,-1.E0));
#2242=VECTOR('',#2241,2.6E0);
#2243=CARTESIAN_POINT('',(-1.93E1,1.25E0,-2.E-1));
#2244=LINE('',#2243,#2242);
#2245=DIRECTION('',(0.E0,1.E0,0.E0));
#2246=VECTOR('',#2245,2.E0);
#2247=CARTESIAN_POINT('',(-2.159E1,-1.E0,-2.55E0));
#2248=LINE('',#2247,#2246);
#2249=DIRECTION('',(-5.773502691896E-1,-5.773502691896E-1,-5.773502691896E-1));
#2250=VECTOR('',#2249,4.330127018922E-1);
#2251=CARTESIAN_POINT('',(-2.159E1,-1.E0,-2.55E0));
#2252=LINE('',#2251,#2250);
#2253=DIRECTION('',(0.E0,1.E0,0.E0));
#2254=VECTOR('',#2253,6.3E-1);
#2255=CARTESIAN_POINT('',(-2.3175E1,-3.15E-1,-2.8E0));
#2256=LINE('',#2255,#2254);
#2257=DIRECTION('',(1.E0,0.E0,0.E0));
#2258=VECTOR('',#2257,6.3E-1);
#2259=CARTESIAN_POINT('',(-2.3175E1,3.15E-1,-2.8E0));
#2260=LINE('',#2259,#2258);
#2261=DIRECTION('',(0.E0,1.E0,0.E0));
#2262=VECTOR('',#2261,6.3E-1);
#2263=CARTESIAN_POINT('',(-2.2545E1,-3.15E-1,-2.8E0));
#2264=LINE('',#2263,#2262);
#2265=DIRECTION('',(1.E0,0.E0,0.E0));
#2266=VECTOR('',#2265,6.3E-1);
#2267=CARTESIAN_POINT('',(-2.3175E1,-3.15E-1,-2.8E0));
#2268=LINE('',#2267,#2266);
#2269=DIRECTION('',(0.E0,-1.E0,0.E0));
#2270=VECTOR('',#2269,2.5E0);
#2271=CARTESIAN_POINT('',(-2.184E1,1.25E0,-2.8E0));
#2272=LINE('',#2271,#2270);
#2273=DIRECTION('',(-1.E0,0.E0,0.E0));
#2274=VECTOR('',#2273,2.04E0);
#2275=CARTESIAN_POINT('',(-2.184E1,1.25E0,-2.8E0));
#2276=LINE('',#2275,#2274);
#2277=DIRECTION('',(0.E0,1.E0,0.E0));
#2278=VECTOR('',#2277,2.5E0);
#2279=CARTESIAN_POINT('',(-2.388E1,-1.25E0,-2.8E0));
#2280=LINE('',#2279,#2278);
#2281=DIRECTION('',(1.E0,0.E0,0.E0));
#2282=VECTOR('',#2281,2.04E0);
#2283=CARTESIAN_POINT('',(-2.388E1,-1.25E0,-2.8E0));
#2284=LINE('',#2283,#2282);
#2285=DIRECTION('',(0.E0,0.E0,1.E0));
#2286=VECTOR('',#2285,5.8E0);
#2287=CARTESIAN_POINT('',(-2.3175E1,3.15E-1,0.E0));
#2288=LINE('',#2287,#2286);
#2289=DIRECTION('',(0.E0,-1.E0,0.E0));
#2290=VECTOR('',#2289,6.3E-1);
#2291=CARTESIAN_POINT('',(-2.3175E1,3.15E-1,5.8E0));
#2292=LINE('',#2291,#2290);
#2293=DIRECTION('',(0.E0,0.E0,-1.E0));
#2294=VECTOR('',#2293,5.8E0);
#2295=CARTESIAN_POINT('',(-2.3175E1,-3.15E-1,5.8E0));
#2296=LINE('',#2295,#2294);
#2297=DIRECTION('',(0.E0,0.E0,-1.E0));
#2298=VECTOR('',#2297,3.2E0);
#2299=CARTESIAN_POINT('',(-2.3175E1,-3.15E-1,-2.8E0));
#2300=LINE('',#2299,#2298);
#2301=DIRECTION('',(0.E0,1.E0,0.E0));
#2302=VECTOR('',#2301,6.3E-1);
#2303=CARTESIAN_POINT('',(-2.3175E1,-3.15E-1,-6.E0));
#2304=LINE('',#2303,#2302);
#2305=DIRECTION('',(0.E0,0.E0,1.E0));
#2306=VECTOR('',#2305,3.2E0);
#2307=CARTESIAN_POINT('',(-2.3175E1,3.15E-1,-6.E0));
#2308=LINE('',#2307,#2306);
#2309=DIRECTION('',(0.E0,1.E0,0.E0));
#2310=VECTOR('',#2309,6.3E-1);
#2311=CARTESIAN_POINT('',(-2.3175E1,-3.15E-1,0.E0));
#2312=LINE('',#2311,#2310);
#2313=DIRECTION('',(1.E0,0.E0,0.E0));
#2314=VECTOR('',#2313,6.3E-1);
#2315=CARTESIAN_POINT('',(-2.3175E1,-3.15E-1,0.E0));
#2316=LINE('',#2315,#2314);
#2317=DIRECTION('',(0.E0,1.E0,0.E0));
#2318=VECTOR('',#2317,6.3E-1);
#2319=CARTESIAN_POINT('',(-2.2545E1,-3.15E-1,0.E0));
#2320=LINE('',#2319,#2318);
#2321=DIRECTION('',(1.E0,0.E0,0.E0));
#2322=VECTOR('',#2321,6.3E-1);
#2323=CARTESIAN_POINT('',(-2.3175E1,3.15E-1,0.E0));
#2324=LINE('',#2323,#2322);
#2325=DIRECTION('',(1.E0,0.E0,0.E0));
#2326=VECTOR('',#2325,2.04E0);
#2327=CARTESIAN_POINT('',(-2.388E1,-1.05E0,0.E0));
#2328=LINE('',#2327,#2326);
#2329=DIRECTION('',(0.E0,-1.E0,0.E0));
#2330=VECTOR('',#2329,2.1E0);
#2331=CARTESIAN_POINT('',(-2.388E1,1.05E0,0.E0));
#2332=LINE('',#2331,#2330);
#2333=DIRECTION('',(-1.E0,0.E0,0.E0));
#2334=VECTOR('',#2333,2.04E0);
#2335=CARTESIAN_POINT('',(-2.184E1,1.05E0,0.E0));
#2336=LINE('',#2335,#2334);
#2337=DIRECTION('',(0.E0,1.E0,0.E0));
#2338=VECTOR('',#2337,2.1E0);
#2339=CARTESIAN_POINT('',(-2.184E1,-1.05E0,0.E0));
#2340=LINE('',#2339,#2338);
#2341=DIRECTION('',(1.E0,0.E0,0.E0));
#2342=VECTOR('',#2341,6.3E-1);
#2343=CARTESIAN_POINT('',(-2.3175E1,-3.15E-1,5.8E0));
#2344=LINE('',#2343,#2342);
#2345=DIRECTION('',(1.E0,0.E0,0.E0));
#2346=VECTOR('',#2345,6.3E-1);
#2347=CARTESIAN_POINT('',(-2.3175E1,3.15E-1,5.8E0));
#2348=LINE('',#2347,#2346);
#2349=DIRECTION('',(0.E0,0.E0,-1.E0));
#2350=VECTOR('',#2349,5.8E0);
#2351=CARTESIAN_POINT('',(-2.2545E1,-3.15E-1,5.8E0));
#2352=LINE('',#2351,#2350);
#2353=DIRECTION('',(0.E0,-1.E0,0.E0));
#2354=VECTOR('',#2353,6.3E-1);
#2355=CARTESIAN_POINT('',(-2.2545E1,3.15E-1,5.8E0));
#2356=LINE('',#2355,#2354);
#2357=DIRECTION('',(0.E0,0.E0,1.E0));
#2358=VECTOR('',#2357,5.8E0);
#2359=CARTESIAN_POINT('',(-2.2545E1,3.15E-1,0.E0));
#2360=LINE('',#2359,#2358);
#2361=DIRECTION('',(0.E0,0.E0,1.E0));
#2362=VECTOR('',#2361,3.2E0);
#2363=CARTESIAN_POINT('',(-2.2545E1,3.15E-1,-6.E0));
#2364=LINE('',#2363,#2362);
#2365=DIRECTION('',(0.E0,1.E0,0.E0));
#2366=VECTOR('',#2365,6.3E-1);
#2367=CARTESIAN_POINT('',(-2.2545E1,-3.15E-1,-6.E0));
#2368=LINE('',#2367,#2366);
#2369=DIRECTION('',(0.E0,0.E0,-1.E0));
#2370=VECTOR('',#2369,3.2E0);
#2371=CARTESIAN_POINT('',(-2.2545E1,-3.15E-1,-2.8E0));
#2372=LINE('',#2371,#2370);
#2373=DIRECTION('',(1.E0,0.E0,0.E0));
#2374=VECTOR('',#2373,6.3E-1);
#2375=CARTESIAN_POINT('',(-2.3175E1,3.15E-1,-6.E0));
#2376=LINE('',#2375,#2374);
#2377=DIRECTION('',(1.E0,0.E0,0.E0));
#2378=VECTOR('',#2377,6.3E-1);
#2379=CARTESIAN_POINT('',(-2.3175E1,-3.15E-1,-6.E0));
#2380=LINE('',#2379,#2378);
#2381=DIRECTION('',(-1.E0,0.E0,0.E0));
#2382=VECTOR('',#2381,2.04E0);
#2383=CARTESIAN_POINT('',(-2.184E1,1.25E0,-2.E-1));
#2384=LINE('',#2383,#2382);
#2385=DIRECTION('',(0.E0,0.E0,-1.E0));
#2386=VECTOR('',#2385,2.6E0);
#2387=CARTESIAN_POINT('',(-2.388E1,1.25E0,-2.E-1));
#2388=LINE('',#2387,#2386);
#2389=DIRECTION('',(0.E0,0.E0,-1.E0));
#2390=VECTOR('',#2389,2.6E0);
#2391=CARTESIAN_POINT('',(-2.184E1,1.25E0,-2.E-1));
#2392=LINE('',#2391,#2390);
#2393=DIRECTION('',(0.E0,0.E0,-1.E0));
#2394=VECTOR('',#2393,2.3E0);
#2395=CARTESIAN_POINT('',(-2.413E1,-1.E0,-2.5E-1));
#2396=LINE('',#2395,#2394);
#2397=CARTESIAN_POINT('',(-2.432142135624E1,-1.191421356237E0,
-5.857864376269E-2));
#2398=CARTESIAN_POINT('',(-2.435689065827E1,-1.226890658274E0,
-9.404794579946E-2));
#2399=CARTESIAN_POINT('',(-2.438E1,-1.25E0,-1.385653667633E-1));
#2400=CARTESIAN_POINT('',(-2.438E1,-1.25E0,-2.E-1));
#2402=DIRECTION('',(-5.773502691896E-1,-5.773502691896E-1,5.773502691896E-1));
#2403=VECTOR('',#2402,3.315515146568E-1);
#2404=CARTESIAN_POINT('',(-2.413E1,-1.E0,-2.5E-1));
#2405=LINE('',#2404,#2403);
#2406=DIRECTION('',(-1.E0,0.E0,0.E0));
#2407=VECTOR('',#2406,2.04E0);
#2408=CARTESIAN_POINT('',(-1.52E0,1.25E0,-2.E-1));
#2409=LINE('',#2408,#2407);
#2410=DIRECTION('',(0.E0,0.E0,-1.E0));
#2411=VECTOR('',#2410,2.6E0);
#2412=CARTESIAN_POINT('',(-3.56E0,1.25E0,-2.E-1));
#2413=LINE('',#2412,#2411);
#2414=DIRECTION('',(0.E0,0.E0,-1.E0));
#2415=VECTOR('',#2414,2.6E0);
#2416=CARTESIAN_POINT('',(-1.52E0,1.25E0,-2.E-1));
#2417=LINE('',#2416,#2415);
#2418=CARTESIAN_POINT('',(-2.5715E1,3.15E-1,5.8E0));
#2419=CARTESIAN_POINT('',(-2.5715E1,-3.15E-1,5.8E0));
#2420=VERTEX_POINT('',#2418);
#2421=VERTEX_POINT('',#2419);
#2422=CARTESIAN_POINT('',(-2.5715E1,-3.15E-1,-6.E0));
#2423=CARTESIAN_POINT('',(-2.5715E1,3.15E-1,-6.E0));
#2424=VERTEX_POINT('',#2422);
#2425=VERTEX_POINT('',#2423);
#2426=CARTESIAN_POINT('',(-2.5085E1,3.15E-1,5.8E0));
#2427=CARTESIAN_POINT('',(-2.5085E1,-3.15E-1,5.8E0));
#2428=VERTEX_POINT('',#2426);
#2429=VERTEX_POINT('',#2427);
#2430=CARTESIAN_POINT('',(-2.5085E1,-3.15E-1,-6.E0));
#2431=CARTESIAN_POINT('',(-2.5085E1,3.15E-1,-6.E0));
#2432=VERTEX_POINT('',#2430);
#2433=VERTEX_POINT('',#2431);
#2434=CARTESIAN_POINT('',(-2.5715E1,-3.15E-1,0.E0));
#2435=CARTESIAN_POINT('',(-2.5715E1,3.15E-1,0.E0));
#2436=VERTEX_POINT('',#2434);
#2437=VERTEX_POINT('',#2435);
#2438=CARTESIAN_POINT('',(-2.5085E1,-3.15E-1,0.E0));
#2439=CARTESIAN_POINT('',(-2.5085E1,3.15E-1,0.E0));
#2440=VERTEX_POINT('',#2438);
#2441=VERTEX_POINT('',#2439);
#2442=CARTESIAN_POINT('',(-2.5715E1,-3.15E-1,-2.8E0));
#2443=CARTESIAN_POINT('',(-2.5715E1,3.15E-1,-2.8E0));
#2444=VERTEX_POINT('',#2442);
#2445=VERTEX_POINT('',#2443);
#2446=CARTESIAN_POINT('',(-2.5085E1,-3.15E-1,-2.8E0));
#2447=CARTESIAN_POINT('',(-2.5085E1,3.15E-1,-2.8E0));
#2448=VERTEX_POINT('',#2446);
#2449=VERTEX_POINT('',#2447);
#2450=CARTESIAN_POINT('',(-2.667E1,-1.E0,-2.5E-1));
#2451=CARTESIAN_POINT('',(-2.667E1,-1.E0,-2.55E0));
#2452=VERTEX_POINT('',#2450);
#2453=VERTEX_POINT('',#2451);
#2454=CARTESIAN_POINT('',(-2.667E1,1.E0,-2.5E-1));
#2455=VERTEX_POINT('',#2454);
#2456=CARTESIAN_POINT('',(-2.667E1,1.E0,-2.55E0));
#2457=VERTEX_POINT('',#2456);
#2458=CARTESIAN_POINT('',(-2.642E1,-1.25E0,-2.8E0));
#2459=CARTESIAN_POINT('',(-2.438E1,-1.25E0,-2.8E0));
#2460=VERTEX_POINT('',#2458);
#2461=VERTEX_POINT('',#2459);
#2462=CARTESIAN_POINT('',(-2.438E1,1.25E0,-2.8E0));
#2463=CARTESIAN_POINT('',(-2.642E1,1.25E0,-2.8E0));
#2464=VERTEX_POINT('',#2462);
#2465=VERTEX_POINT('',#2463);
#2466=VERTEX_POINT('',#146);
#2467=VERTEX_POINT('',#149);
#2468=VERTEX_POINT('',#2400);
#2469=CARTESIAN_POINT('',(-2.642E1,-1.25E0,-2.E-1));
#2470=VERTEX_POINT('',#2469);
#2471=VERTEX_POINT('',#821);
#2472=VERTEX_POINT('',#811);
#2473=VERTEX_POINT('',#813);
#2474=VERTEX_POINT('',#816);
#2475=VERTEX_POINT('',#850);
#2476=CARTESIAN_POINT('',(-2.438E1,1.25E0,-2.E-1));
#2477=VERTEX_POINT('',#2476);
#2478=VERTEX_POINT('',#802);
#2479=VERTEX_POINT('',#154);
#2480=CARTESIAN_POINT('',(-2.3175E1,3.15E-1,5.8E0));
#2481=CARTESIAN_POINT('',(-2.3175E1,-3.15E-1,5.8E0));
#2482=VERTEX_POINT('',#2480);
#2483=VERTEX_POINT('',#2481);
#2484=CARTESIAN_POINT('',(-2.3175E1,-3.15E-1,-6.E0));
#2485=CARTESIAN_POINT('',(-2.3175E1,3.15E-1,-6.E0));
#2486=VERTEX_POINT('',#2484);
#2487=VERTEX_POINT('',#2485);
#2488=CARTESIAN_POINT('',(-2.2545E1,3.15E-1,5.8E0));
#2489=CARTESIAN_POINT('',(-2.2545E1,-3.15E-1,5.8E0));
#2490=VERTEX_POINT('',#2488);
#2491=VERTEX_POINT('',#2489);
#2492=CARTESIAN_POINT('',(-2.2545E1,-3.15E-1,-6.E0));
#2493=CARTESIAN_POINT('',(-2.2545E1,3.15E-1,-6.E0));
#2494=VERTEX_POINT('',#2492);
#2495=VERTEX_POINT('',#2493);
#2496=CARTESIAN_POINT('',(-2.3175E1,-3.15E-1,0.E0));
#2497=CARTESIAN_POINT('',(-2.3175E1,3.15E-1,0.E0));
#2498=VERTEX_POINT('',#2496);
#2499=VERTEX_POINT('',#2497);
#2500=CARTESIAN_POINT('',(-2.2545E1,-3.15E-1,0.E0));
#2501=CARTESIAN_POINT('',(-2.2545E1,3.15E-1,0.E0));
#2502=VERTEX_POINT('',#2500);
#2503=VERTEX_POINT('',#2501);
#2504=CARTESIAN_POINT('',(-2.3175E1,-3.15E-1,-2.8E0));
#2505=CARTESIAN_POINT('',(-2.3175E1,3.15E-1,-2.8E0));
#2506=VERTEX_POINT('',#2504);
#2507=VERTEX_POINT('',#2505);
#2508=CARTESIAN_POINT('',(-2.2545E1,-3.15E-1,-2.8E0));
#2509=CARTESIAN_POINT('',(-2.2545E1,3.15E-1,-2.8E0));
#2510=VERTEX_POINT('',#2508);
#2511=VERTEX_POINT('',#2509);
#2512=CARTESIAN_POINT('',(-2.184E1,1.25E0,-2.8E0));
#2513=CARTESIAN_POINT('',(-2.184E1,-1.25E0,-2.8E0));
#2514=VERTEX_POINT('',#2512);
#2515=VERTEX_POINT('',#2513);
#2516=CARTESIAN_POINT('',(-2.413E1,1.E0,-2.5E-1));
#2517=CARTESIAN_POINT('',(-2.413E1,1.E0,-2.55E0));
#2518=VERTEX_POINT('',#2516);
#2519=VERTEX_POINT('',#2517);
#2520=CARTESIAN_POINT('',(-2.413E1,-1.E0,-2.5E-1));
#2521=VERTEX_POINT('',#2520);
#2522=CARTESIAN_POINT('',(-2.413E1,-1.E0,-2.55E0));
#2523=VERTEX_POINT('',#2522);
#2524=CARTESIAN_POINT('',(-2.388E1,-1.25E0,-2.8E0));
#2525=CARTESIAN_POINT('',(-2.388E1,1.25E0,-2.8E0));
#2526=VERTEX_POINT('',#2524);
#2527=VERTEX_POINT('',#2525);
#2528=VERTEX_POINT('',#170);
#2529=VERTEX_POINT('',#173);
#2530=VERTEX_POINT('',#912);
#2531=CARTESIAN_POINT('',(-2.388E1,-1.25E0,-2.E-1));
#2532=VERTEX_POINT('',#2531);
#2533=VERTEX_POINT('',#883);
#2534=VERTEX_POINT('',#159);
#2535=VERTEX_POINT('',#161);
#2536=VERTEX_POINT('',#164);
#2537=VERTEX_POINT('',#781);
#2538=CARTESIAN_POINT('',(-2.184E1,1.25E0,-2.E-1));
#2539=VERTEX_POINT('',#2538);
#2540=VERTEX_POINT('',#772);
#2541=VERTEX_POINT('',#178);
#2542=CARTESIAN_POINT('',(-2.0635E1,3.15E-1,5.8E0));
#2543=CARTESIAN_POINT('',(-2.0635E1,-3.15E-1,5.8E0));
#2544=VERTEX_POINT('',#2542);
#2545=VERTEX_POINT('',#2543);
#2546=CARTESIAN_POINT('',(-2.0635E1,-3.15E-1,-6.E0));
#2547=CARTESIAN_POINT('',(-2.0635E1,3.15E-1,-6.E0));
#2548=VERTEX_POINT('',#2546);
#2549=VERTEX_POINT('',#2547);
#2550=CARTESIAN_POINT('',(-2.0005E1,3.15E-1,5.8E0));
#2551=CARTESIAN_POINT('',(-2.0005E1,-3.15E-1,5.8E0));
#2552=VERTEX_POINT('',#2550);
#2553=VERTEX_POINT('',#2551);
#2554=CARTESIAN_POINT('',(-2.0005E1,-3.15E-1,-6.E0));
#2555=CARTESIAN_POINT('',(-2.0005E1,3.15E-1,-6.E0));
#2556=VERTEX_POINT('',#2554);
#2557=VERTEX_POINT('',#2555);
#2558=CARTESIAN_POINT('',(-2.0635E1,3.15E-1,0.E0));
#2559=VERTEX_POINT('',#2558);
#2560=CARTESIAN_POINT('',(-2.0635E1,-3.15E-1,0.E0));
#2561=VERTEX_POINT('',#2560);
#2562=CARTESIAN_POINT('',(-2.0635E1,-3.15E-1,-2.8E0));
#2563=VERTEX_POINT('',#2562);
#2564=CARTESIAN_POINT('',(-2.0635E1,3.15E-1,-2.8E0));
#2565=VERTEX_POINT('',#2564);
#2566=CARTESIAN_POINT('',(-2.0005E1,3.15E-1,0.E0));
#2567=VERTEX_POINT('',#2566);
#2568=CARTESIAN_POINT('',(-2.0005E1,-3.15E-1,0.E0));
#2569=VERTEX_POINT('',#2568);
#2570=CARTESIAN_POINT('',(-2.0005E1,-3.15E-1,-2.8E0));
#2571=VERTEX_POINT('',#2570);
#2572=CARTESIAN_POINT('',(-2.0005E1,3.15E-1,-2.8E0));
#2573=VERTEX_POINT('',#2572);
#2574=CARTESIAN_POINT('',(-2.159E1,-1.E0,-2.55E0));
#2575=CARTESIAN_POINT('',(-2.134E1,-1.25E0,-2.8E0));
#2576=VERTEX_POINT('',#2574);
#2577=VERTEX_POINT('',#2575);
#2578=CARTESIAN_POINT('',(-2.134E1,1.25E0,-2.8E0));
#2579=CARTESIAN_POINT('',(-2.159E1,1.E0,-2.55E0));
#2580=VERTEX_POINT('',#2578);
#2581=VERTEX_POINT('',#2579);
#2582=CARTESIAN_POINT('',(-1.8095E1,3.15E-1,5.8E0));
#2583=CARTESIAN_POINT('',(-1.8095E1,-3.15E-1,5.8E0));
#2584=VERTEX_POINT('',#2582);
#2585=VERTEX_POINT('',#2583);
#2586=CARTESIAN_POINT('',(-1.8095E1,-3.15E-1,-6.E0));
#2587=CARTESIAN_POINT('',(-1.8095E1,3.15E-1,-6.E0));
#2588=VERTEX_POINT('',#2586);
#2589=VERTEX_POINT('',#2587);
#2590=CARTESIAN_POINT('',(-1.7465E1,3.15E-1,5.8E0));
#2591=CARTESIAN_POINT('',(-1.7465E1,-3.15E-1,5.8E0));
#2592=VERTEX_POINT('',#2590);
#2593=VERTEX_POINT('',#2591);
#2594=CARTESIAN_POINT('',(-1.7465E1,-3.15E-1,-6.E0));
#2595=CARTESIAN_POINT('',(-1.7465E1,3.15E-1,-6.E0));
#2596=VERTEX_POINT('',#2594);
#2597=VERTEX_POINT('',#2595);
#2598=CARTESIAN_POINT('',(-1.8095E1,3.15E-1,0.E0));
#2599=VERTEX_POINT('',#2598);
#2600=CARTESIAN_POINT('',(-1.8095E1,-3.15E-1,0.E0));
#2601=VERTEX_POINT('',#2600);
#2602=CARTESIAN_POINT('',(-1.8095E1,-3.15E-1,-2.8E0));
#2603=VERTEX_POINT('',#2602);
#2604=CARTESIAN_POINT('',(-1.8095E1,3.15E-1,-2.8E0));
#2605=VERTEX_POINT('',#2604);
#2606=CARTESIAN_POINT('',(-1.7465E1,3.15E-1,0.E0));
#2607=VERTEX_POINT('',#2606);
#2608=CARTESIAN_POINT('',(-1.7465E1,-3.15E-1,0.E0));
#2609=VERTEX_POINT('',#2608);
#2610=CARTESIAN_POINT('',(-1.7465E1,-3.15E-1,-2.8E0));
#2611=VERTEX_POINT('',#2610);
#2612=CARTESIAN_POINT('',(-1.7465E1,3.15E-1,-2.8E0));
#2613=VERTEX_POINT('',#2612);
#2614=CARTESIAN_POINT('',(-1.905E1,-1.E0,-2.55E0));
#2615=CARTESIAN_POINT('',(-1.88E1,-1.25E0,-2.8E0));
#2616=VERTEX_POINT('',#2614);
#2617=VERTEX_POINT('',#2615);
#2618=CARTESIAN_POINT('',(-1.88E1,1.25E0,-2.8E0));
#2619=CARTESIAN_POINT('',(-1.905E1,1.E0,-2.55E0));
#2620=VERTEX_POINT('',#2618);
#2621=VERTEX_POINT('',#2619);
#2622=CARTESIAN_POINT('',(-1.5555E1,3.15E-1,5.8E0));
#2623=CARTESIAN_POINT('',(-1.5555E1,-3.15E-1,5.8E0));
#2624=VERTEX_POINT('',#2622);
#2625=VERTEX_POINT('',#2623);
#2626=CARTESIAN_POINT('',(-1.5555E1,-3.15E-1,-6.E0));
#2627=CARTESIAN_POINT('',(-1.5555E1,3.15E-1,-6.E0));
#2628=VERTEX_POINT('',#2626);
#2629=VERTEX_POINT('',#2627);
#2630=CARTESIAN_POINT('',(-1.4925E1,3.15E-1,5.8E0));
#2631=CARTESIAN_POINT('',(-1.4925E1,-3.15E-1,5.8E0));
#2632=VERTEX_POINT('',#2630);
#2633=VERTEX_POINT('',#2631);
#2634=CARTESIAN_POINT('',(-1.4925E1,-3.15E-1,-6.E0));
#2635=CARTESIAN_POINT('',(-1.4925E1,3.15E-1,-6.E0));
#2636=VERTEX_POINT('',#2634);
#2637=VERTEX_POINT('',#2635);
#2638=CARTESIAN_POINT('',(-1.5555E1,3.15E-1,0.E0));
#2639=VERTEX_POINT('',#2638);
#2640=CARTESIAN_POINT('',(-1.5555E1,-3.15E-1,0.E0));
#2641=VERTEX_POINT('',#2640);
#2642=CARTESIAN_POINT('',(-1.5555E1,-3.15E-1,-2.8E0));
#2643=VERTEX_POINT('',#2642);
#2644=CARTESIAN_POINT('',(-1.5555E1,3.15E-1,-2.8E0));
#2645=VERTEX_POINT('',#2644);
#2646=CARTESIAN_POINT('',(-1.4925E1,3.15E-1,0.E0));
#2647=VERTEX_POINT('',#2646);
#2648=CARTESIAN_POINT('',(-1.4925E1,-3.15E-1,0.E0));
#2649=VERTEX_POINT('',#2648);
#2650=CARTESIAN_POINT('',(-1.4925E1,-3.15E-1,-2.8E0));
#2651=VERTEX_POINT('',#2650);
#2652=CARTESIAN_POINT('',(-1.4925E1,3.15E-1,-2.8E0));
#2653=VERTEX_POINT('',#2652);
#2654=CARTESIAN_POINT('',(-1.651E1,-1.E0,-2.55E0));
#2655=CARTESIAN_POINT('',(-1.626E1,-1.25E0,-2.8E0));
#2656=VERTEX_POINT('',#2654);
#2657=VERTEX_POINT('',#2655);
#2658=CARTESIAN_POINT('',(-1.626E1,1.25E0,-2.8E0));
#2659=CARTESIAN_POINT('',(-1.651E1,1.E0,-2.55E0));
#2660=VERTEX_POINT('',#2658);
#2661=VERTEX_POINT('',#2659);
#2662=CARTESIAN_POINT('',(-1.3015E1,3.15E-1,5.8E0));
#2663=CARTESIAN_POINT('',(-1.3015E1,-3.15E-1,5.8E0));
#2664=VERTEX_POINT('',#2662);
#2665=VERTEX_POINT('',#2663);
#2666=CARTESIAN_POINT('',(-1.3015E1,-3.15E-1,-6.E0));
#2667=CARTESIAN_POINT('',(-1.3015E1,3.15E-1,-6.E0));
#2668=VERTEX_POINT('',#2666);
#2669=VERTEX_POINT('',#2667);
#2670=CARTESIAN_POINT('',(-1.2385E1,3.15E-1,5.8E0));
#2671=CARTESIAN_POINT('',(-1.2385E1,-3.15E-1,5.8E0));
#2672=VERTEX_POINT('',#2670);
#2673=VERTEX_POINT('',#2671);
#2674=CARTESIAN_POINT('',(-1.2385E1,-3.15E-1,-6.E0));
#2675=CARTESIAN_POINT('',(-1.2385E1,3.15E-1,-6.E0));
#2676=VERTEX_POINT('',#2674);
#2677=VERTEX_POINT('',#2675);
#2678=CARTESIAN_POINT('',(-1.3015E1,3.15E-1,0.E0));
#2679=VERTEX_POINT('',#2678);
#2680=CARTESIAN_POINT('',(-1.3015E1,-3.15E-1,0.E0));
#2681=VERTEX_POINT('',#2680);
#2682=CARTESIAN_POINT('',(-1.3015E1,-3.15E-1,-2.8E0));
#2683=VERTEX_POINT('',#2682);
#2684=CARTESIAN_POINT('',(-1.3015E1,3.15E-1,-2.8E0));
#2685=VERTEX_POINT('',#2684);
#2686=CARTESIAN_POINT('',(-1.2385E1,3.15E-1,0.E0));
#2687=VERTEX_POINT('',#2686);
#2688=CARTESIAN_POINT('',(-1.2385E1,-3.15E-1,0.E0));
#2689=VERTEX_POINT('',#2688);
#2690=CARTESIAN_POINT('',(-1.2385E1,-3.15E-1,-2.8E0));
#2691=VERTEX_POINT('',#2690);
#2692=CARTESIAN_POINT('',(-1.2385E1,3.15E-1,-2.8E0));
#2693=VERTEX_POINT('',#2692);
#2694=CARTESIAN_POINT('',(-1.397E1,-1.E0,-2.55E0));
#2695=CARTESIAN_POINT('',(-1.372E1,-1.25E0,-2.8E0));
#2696=VERTEX_POINT('',#2694);
#2697=VERTEX_POINT('',#2695);
#2698=CARTESIAN_POINT('',(-1.372E1,1.25E0,-2.8E0));
#2699=CARTESIAN_POINT('',(-1.397E1,1.E0,-2.55E0));
#2700=VERTEX_POINT('',#2698);
#2701=VERTEX_POINT('',#2699);
#2702=CARTESIAN_POINT('',(-1.0475E1,3.15E-1,5.8E0));
#2703=CARTESIAN_POINT('',(-1.0475E1,-3.15E-1,5.8E0));
#2704=VERTEX_POINT('',#2702);
#2705=VERTEX_POINT('',#2703);
#2706=CARTESIAN_POINT('',(-1.0475E1,-3.15E-1,-6.E0));
#2707=CARTESIAN_POINT('',(-1.0475E1,3.15E-1,-6.E0));
#2708=VERTEX_POINT('',#2706);
#2709=VERTEX_POINT('',#2707);
#2710=CARTESIAN_POINT('',(-9.845E0,3.15E-1,5.8E0));
#2711=CARTESIAN_POINT('',(-9.845E0,-3.15E-1,5.8E0));
#2712=VERTEX_POINT('',#2710);
#2713=VERTEX_POINT('',#2711);
#2714=CARTESIAN_POINT('',(-9.845E0,-3.15E-1,-6.E0));
#2715=CARTESIAN_POINT('',(-9.845E0,3.15E-1,-6.E0));
#2716=VERTEX_POINT('',#2714);
#2717=VERTEX_POINT('',#2715);
#2718=CARTESIAN_POINT('',(-1.0475E1,3.15E-1,0.E0));
#2719=VERTEX_POINT('',#2718);
#2720=CARTESIAN_POINT('',(-1.0475E1,-3.15E-1,0.E0));
#2721=VERTEX_POINT('',#2720);
#2722=CARTESIAN_POINT('',(-1.0475E1,-3.15E-1,-2.8E0));
#2723=VERTEX_POINT('',#2722);
#2724=CARTESIAN_POINT('',(-1.0475E1,3.15E-1,-2.8E0));
#2725=VERTEX_POINT('',#2724);
#2726=CARTESIAN_POINT('',(-9.845E0,3.15E-1,0.E0));
#2727=VERTEX_POINT('',#2726);
#2728=CARTESIAN_POINT('',(-9.845E0,-3.15E-1,0.E0));
#2729=VERTEX_POINT('',#2728);
#2730=CARTESIAN_POINT('',(-9.845E0,-3.15E-1,-2.8E0));
#2731=VERTEX_POINT('',#2730);
#2732=CARTESIAN_POINT('',(-9.845E0,3.15E-1,-2.8E0));
#2733=VERTEX_POINT('',#2732);
#2734=CARTESIAN_POINT('',(-1.143E1,-1.E0,-2.55E0));
#2735=CARTESIAN_POINT('',(-1.118E1,-1.25E0,-2.8E0));
#2736=VERTEX_POINT('',#2734);
#2737=VERTEX_POINT('',#2735);
#2738=CARTESIAN_POINT('',(-1.118E1,1.25E0,-2.8E0));
#2739=CARTESIAN_POINT('',(-1.143E1,1.E0,-2.55E0));
#2740=VERTEX_POINT('',#2738);
#2741=VERTEX_POINT('',#2739);
#2742=CARTESIAN_POINT('',(-7.935E0,3.15E-1,5.8E0));
#2743=CARTESIAN_POINT('',(-7.935E0,-3.15E-1,5.8E0));
#2744=VERTEX_POINT('',#2742);
#2745=VERTEX_POINT('',#2743);
#2746=CARTESIAN_POINT('',(-7.935E0,-3.15E-1,-6.E0));
#2747=CARTESIAN_POINT('',(-7.935E0,3.15E-1,-6.E0));
#2748=VERTEX_POINT('',#2746);
#2749=VERTEX_POINT('',#2747);
#2750=CARTESIAN_POINT('',(-7.305E0,3.15E-1,5.8E0));
#2751=CARTESIAN_POINT('',(-7.305E0,-3.15E-1,5.8E0));
#2752=VERTEX_POINT('',#2750);
#2753=VERTEX_POINT('',#2751);
#2754=CARTESIAN_POINT('',(-7.305E0,-3.15E-1,-6.E0));
#2755=CARTESIAN_POINT('',(-7.305E0,3.15E-1,-6.E0));
#2756=VERTEX_POINT('',#2754);
#2757=VERTEX_POINT('',#2755);
#2758=CARTESIAN_POINT('',(-7.935E0,3.15E-1,0.E0));
#2759=VERTEX_POINT('',#2758);
#2760=CARTESIAN_POINT('',(-7.935E0,-3.15E-1,0.E0));
#2761=VERTEX_POINT('',#2760);
#2762=CARTESIAN_POINT('',(-7.935E0,-3.15E-1,-2.8E0));
#2763=VERTEX_POINT('',#2762);
#2764=CARTESIAN_POINT('',(-7.935E0,3.15E-1,-2.8E0));
#2765=VERTEX_POINT('',#2764);
#2766=CARTESIAN_POINT('',(-7.305E0,3.15E-1,0.E0));
#2767=VERTEX_POINT('',#2766);
#2768=CARTESIAN_POINT('',(-7.305E0,-3.15E-1,0.E0));
#2769=VERTEX_POINT('',#2768);
#2770=CARTESIAN_POINT('',(-7.305E0,-3.15E-1,-2.8E0));
#2771=VERTEX_POINT('',#2770);
#2772=CARTESIAN_POINT('',(-7.305E0,3.15E-1,-2.8E0));
#2773=VERTEX_POINT('',#2772);
#2774=CARTESIAN_POINT('',(-8.89E0,-1.E0,-2.55E0));
#2775=CARTESIAN_POINT('',(-8.64E0,-1.25E0,-2.8E0));
#2776=VERTEX_POINT('',#2774);
#2777=VERTEX_POINT('',#2775);
#2778=CARTESIAN_POINT('',(-8.64E0,1.25E0,-2.8E0));
#2779=CARTESIAN_POINT('',(-8.89E0,1.E0,-2.55E0));
#2780=VERTEX_POINT('',#2778);
#2781=VERTEX_POINT('',#2779);
#2782=CARTESIAN_POINT('',(-5.395E0,3.15E-1,5.8E0));
#2783=CARTESIAN_POINT('',(-5.395E0,-3.15E-1,5.8E0));
#2784=VERTEX_POINT('',#2782);
#2785=VERTEX_POINT('',#2783);
#2786=CARTESIAN_POINT('',(-5.395E0,-3.15E-1,-6.E0));
#2787=CARTESIAN_POINT('',(-5.395E0,3.15E-1,-6.E0));
#2788=VERTEX_POINT('',#2786);
#2789=VERTEX_POINT('',#2787);
#2790=CARTESIAN_POINT('',(-4.765E0,3.15E-1,5.8E0));
#2791=CARTESIAN_POINT('',(-4.765E0,-3.15E-1,5.8E0));
#2792=VERTEX_POINT('',#2790);
#2793=VERTEX_POINT('',#2791);
#2794=CARTESIAN_POINT('',(-4.765E0,-3.15E-1,-6.E0));
#2795=CARTESIAN_POINT('',(-4.765E0,3.15E-1,-6.E0));
#2796=VERTEX_POINT('',#2794);
#2797=VERTEX_POINT('',#2795);
#2798=CARTESIAN_POINT('',(-5.395E0,3.15E-1,0.E0));
#2799=VERTEX_POINT('',#2798);
#2800=CARTESIAN_POINT('',(-5.395E0,-3.15E-1,0.E0));
#2801=VERTEX_POINT('',#2800);
#2802=CARTESIAN_POINT('',(-5.395E0,-3.15E-1,-2.8E0));
#2803=VERTEX_POINT('',#2802);
#2804=CARTESIAN_POINT('',(-5.395E0,3.15E-1,-2.8E0));
#2805=VERTEX_POINT('',#2804);
#2806=CARTESIAN_POINT('',(-4.765E0,3.15E-1,0.E0));
#2807=VERTEX_POINT('',#2806);
#2808=CARTESIAN_POINT('',(-4.765E0,-3.15E-1,0.E0));
#2809=VERTEX_POINT('',#2808);
#2810=CARTESIAN_POINT('',(-4.765E0,-3.15E-1,-2.8E0));
#2811=VERTEX_POINT('',#2810);
#2812=CARTESIAN_POINT('',(-4.765E0,3.15E-1,-2.8E0));
#2813=VERTEX_POINT('',#2812);
#2814=CARTESIAN_POINT('',(-6.35E0,-1.E0,-2.55E0));
#2815=CARTESIAN_POINT('',(-6.1E0,-1.25E0,-2.8E0));
#2816=VERTEX_POINT('',#2814);
#2817=VERTEX_POINT('',#2815);
#2818=CARTESIAN_POINT('',(-6.1E0,1.25E0,-2.8E0));
#2819=CARTESIAN_POINT('',(-6.35E0,1.E0,-2.55E0));
#2820=VERTEX_POINT('',#2818);
#2821=VERTEX_POINT('',#2819);
#2822=CARTESIAN_POINT('',(-2.855E0,3.15E-1,5.8E0));
#2823=CARTESIAN_POINT('',(-2.855E0,-3.15E-1,5.8E0));
#2824=VERTEX_POINT('',#2822);
#2825=VERTEX_POINT('',#2823);
#2826=CARTESIAN_POINT('',(-2.855E0,-3.15E-1,-6.E0));
#2827=CARTESIAN_POINT('',(-2.855E0,3.15E-1,-6.E0));
#2828=VERTEX_POINT('',#2826);
#2829=VERTEX_POINT('',#2827);
#2830=CARTESIAN_POINT('',(-2.225E0,3.15E-1,5.8E0));
#2831=CARTESIAN_POINT('',(-2.225E0,-3.15E-1,5.8E0));
#2832=VERTEX_POINT('',#2830);
#2833=VERTEX_POINT('',#2831);
#2834=CARTESIAN_POINT('',(-2.225E0,-3.15E-1,-6.E0));
#2835=CARTESIAN_POINT('',(-2.225E0,3.15E-1,-6.E0));
#2836=VERTEX_POINT('',#2834);
#2837=VERTEX_POINT('',#2835);
#2838=CARTESIAN_POINT('',(-2.855E0,3.15E-1,0.E0));
#2839=VERTEX_POINT('',#2838);
#2840=CARTESIAN_POINT('',(-2.855E0,-3.15E-1,0.E0));
#2841=VERTEX_POINT('',#2840);
#2842=CARTESIAN_POINT('',(-2.855E0,-3.15E-1,-2.8E0));
#2843=VERTEX_POINT('',#2842);
#2844=CARTESIAN_POINT('',(-2.855E0,3.15E-1,-2.8E0));
#2845=VERTEX_POINT('',#2844);
#2846=CARTESIAN_POINT('',(-2.225E0,3.15E-1,0.E0));
#2847=VERTEX_POINT('',#2846);
#2848=CARTESIAN_POINT('',(-2.225E0,-3.15E-1,0.E0));
#2849=VERTEX_POINT('',#2848);
#2850=CARTESIAN_POINT('',(-2.225E0,-3.15E-1,-2.8E0));
#2851=VERTEX_POINT('',#2850);
#2852=CARTESIAN_POINT('',(-2.225E0,3.15E-1,-2.8E0));
#2853=VERTEX_POINT('',#2852);
#2854=CARTESIAN_POINT('',(-1.27E0,-1.E0,-2.55E0));
#2855=CARTESIAN_POINT('',(-1.52E0,-1.25E0,-2.8E0));
#2856=VERTEX_POINT('',#2854);
#2857=VERTEX_POINT('',#2855);
#2858=CARTESIAN_POINT('',(-1.27E0,1.E0,-2.55E0));
#2859=CARTESIAN_POINT('',(-1.52E0,1.25E0,-2.8E0));
#2860=VERTEX_POINT('',#2858);
#2861=VERTEX_POINT('',#2859);
#2862=CARTESIAN_POINT('',(-3.81E0,-1.E0,-2.55E0));
#2863=CARTESIAN_POINT('',(-3.56E0,-1.25E0,-2.8E0));
#2864=VERTEX_POINT('',#2862);
#2865=VERTEX_POINT('',#2863);
#2866=CARTESIAN_POINT('',(-3.56E0,1.25E0,-2.8E0));
#2867=CARTESIAN_POINT('',(-3.81E0,1.E0,-2.55E0));
#2868=VERTEX_POINT('',#2866);
#2869=VERTEX_POINT('',#2867);
#2870=CARTESIAN_POINT('',(-1.93E1,1.25E0,-2.8E0));
#2871=CARTESIAN_POINT('',(-1.93E1,-1.25E0,-2.8E0));
#2872=VERTEX_POINT('',#2870);
#2873=VERTEX_POINT('',#2871);
#2874=CARTESIAN_POINT('',(-2.159E1,1.E0,-2.5E-1));
#2875=VERTEX_POINT('',#2874);
#2876=CARTESIAN_POINT('',(-2.159E1,-1.E0,-2.5E-1));
#2877=VERTEX_POINT('',#2876);
#2878=VERTEX_POINT('',#194);
#2879=VERTEX_POINT('',#197);
#2880=VERTEX_POINT('',#950);
#2881=CARTESIAN_POINT('',(-2.134E1,-1.25E0,-2.E-1));
#2882=VERTEX_POINT('',#2881);
#2883=VERTEX_POINT('',#921);
#2884=VERTEX_POINT('',#183);
#2885=VERTEX_POINT('',#185);
#2886=VERTEX_POINT('',#188);
#2887=VERTEX_POINT('',#751);
#2888=CARTESIAN_POINT('',(-1.93E1,1.25E0,-2.E-1));
#2889=VERTEX_POINT('',#2888);
#2890=VERTEX_POINT('',#742);
#2891=VERTEX_POINT('',#202);
#2892=CARTESIAN_POINT('',(-1.676E1,1.25E0,-2.8E0));
#2893=CARTESIAN_POINT('',(-1.676E1,-1.25E0,-2.8E0));
#2894=VERTEX_POINT('',#2892);
#2895=VERTEX_POINT('',#2893);
#2896=CARTESIAN_POINT('',(-1.905E1,1.E0,-2.5E-1));
#2897=VERTEX_POINT('',#2896);
#2898=CARTESIAN_POINT('',(-1.905E1,-1.E0,-2.5E-1));
#2899=VERTEX_POINT('',#2898);
#2900=VERTEX_POINT('',#218);
#2901=VERTEX_POINT('',#221);
#2902=VERTEX_POINT('',#988);
#2903=CARTESIAN_POINT('',(-1.88E1,-1.25E0,-2.E-1));
#2904=VERTEX_POINT('',#2903);
#2905=VERTEX_POINT('',#959);
#2906=VERTEX_POINT('',#207);
#2907=VERTEX_POINT('',#209);
#2908=VERTEX_POINT('',#212);
#2909=VERTEX_POINT('',#721);
#2910=CARTESIAN_POINT('',(-1.676E1,1.25E0,-2.E-1));
#2911=VERTEX_POINT('',#2910);
#2912=VERTEX_POINT('',#712);
#2913=VERTEX_POINT('',#226);
#2914=CARTESIAN_POINT('',(-1.422E1,1.25E0,-2.8E0));
#2915=CARTESIAN_POINT('',(-1.422E1,-1.25E0,-2.8E0));
#2916=VERTEX_POINT('',#2914);
#2917=VERTEX_POINT('',#2915);
#2918=CARTESIAN_POINT('',(-1.651E1,1.E0,-2.5E-1));
#2919=VERTEX_POINT('',#2918);
#2920=CARTESIAN_POINT('',(-1.651E1,-1.E0,-2.5E-1));
#2921=VERTEX_POINT('',#2920);
#2922=VERTEX_POINT('',#242);
#2923=VERTEX_POINT('',#245);
#2924=VERTEX_POINT('',#1026);
#2925=CARTESIAN_POINT('',(-1.626E1,-1.25E0,-2.E-1));
#2926=VERTEX_POINT('',#2925);
#2927=VERTEX_POINT('',#997);
#2928=VERTEX_POINT('',#231);
#2929=VERTEX_POINT('',#233);
#2930=VERTEX_POINT('',#236);
#2931=VERTEX_POINT('',#691);
#2932=CARTESIAN_POINT('',(-1.422E1,1.25E0,-2.E-1));
#2933=VERTEX_POINT('',#2932);
#2934=VERTEX_POINT('',#682);
#2935=VERTEX_POINT('',#250);
#2936=CARTESIAN_POINT('',(-1.168E1,1.25E0,-2.8E0));
#2937=CARTESIAN_POINT('',(-1.168E1,-1.25E0,-2.8E0));
#2938=VERTEX_POINT('',#2936);
#2939=VERTEX_POINT('',#2937);
#2940=CARTESIAN_POINT('',(-1.397E1,1.E0,-2.5E-1));
#2941=VERTEX_POINT('',#2940);
#2942=CARTESIAN_POINT('',(-1.397E1,-1.E0,-2.5E-1));
#2943=VERTEX_POINT('',#2942);
#2944=VERTEX_POINT('',#266);
#2945=VERTEX_POINT('',#269);
#2946=VERTEX_POINT('',#1064);
#2947=CARTESIAN_POINT('',(-1.372E1,-1.25E0,-2.E-1));
#2948=VERTEX_POINT('',#2947);
#2949=VERTEX_POINT('',#1035);
#2950=VERTEX_POINT('',#255);
#2951=VERTEX_POINT('',#257);
#2952=VERTEX_POINT('',#260);
#2953=VERTEX_POINT('',#661);
#2954=CARTESIAN_POINT('',(-1.168E1,1.25E0,-2.E-1));
#2955=VERTEX_POINT('',#2954);
#2956=VERTEX_POINT('',#652);
#2957=VERTEX_POINT('',#274);
#2958=CARTESIAN_POINT('',(-9.14E0,1.25E0,-2.8E0));
#2959=CARTESIAN_POINT('',(-9.14E0,-1.25E0,-2.8E0));
#2960=VERTEX_POINT('',#2958);
#2961=VERTEX_POINT('',#2959);
#2962=CARTESIAN_POINT('',(-1.143E1,1.E0,-2.5E-1));
#2963=VERTEX_POINT('',#2962);
#2964=CARTESIAN_POINT('',(-1.143E1,-1.E0,-2.5E-1));
#2965=VERTEX_POINT('',#2964);
#2966=VERTEX_POINT('',#290);
#2967=VERTEX_POINT('',#293);
#2968=VERTEX_POINT('',#1102);
#2969=CARTESIAN_POINT('',(-1.118E1,-1.25E0,-2.E-1));
#2970=VERTEX_POINT('',#2969);
#2971=VERTEX_POINT('',#1073);
#2972=VERTEX_POINT('',#279);
#2973=VERTEX_POINT('',#281);
#2974=VERTEX_POINT('',#284);
#2975=VERTEX_POINT('',#631);
#2976=CARTESIAN_POINT('',(-9.14E0,1.25E0,-2.E-1));
#2977=VERTEX_POINT('',#2976);
#2978=VERTEX_POINT('',#622);
#2979=VERTEX_POINT('',#298);
#2980=CARTESIAN_POINT('',(-6.6E0,1.25E0,-2.8E0));
#2981=CARTESIAN_POINT('',(-6.6E0,-1.25E0,-2.8E0));
#2982=VERTEX_POINT('',#2980);
#2983=VERTEX_POINT('',#2981);
#2984=CARTESIAN_POINT('',(-8.89E0,1.E0,-2.5E-1));
#2985=VERTEX_POINT('',#2984);
#2986=CARTESIAN_POINT('',(-8.89E0,-1.E0,-2.5E-1));
#2987=VERTEX_POINT('',#2986);
#2988=VERTEX_POINT('',#314);
#2989=VERTEX_POINT('',#317);
#2990=VERTEX_POINT('',#1140);
#2991=CARTESIAN_POINT('',(-8.64E0,-1.25E0,-2.E-1));
#2992=VERTEX_POINT('',#2991);
#2993=VERTEX_POINT('',#1111);
#2994=VERTEX_POINT('',#303);
#2995=VERTEX_POINT('',#305);
#2996=VERTEX_POINT('',#308);
#2997=VERTEX_POINT('',#601);
#2998=CARTESIAN_POINT('',(-6.6E0,1.25E0,-2.E-1));
#2999=VERTEX_POINT('',#2998);
#3000=VERTEX_POINT('',#592);
#3001=VERTEX_POINT('',#322);
#3002=CARTESIAN_POINT('',(-4.06E0,1.25E0,-2.8E0));
#3003=CARTESIAN_POINT('',(-4.06E0,-1.25E0,-2.8E0));
#3004=VERTEX_POINT('',#3002);
#3005=VERTEX_POINT('',#3003);
#3006=CARTESIAN_POINT('',(-6.35E0,1.E0,-2.5E-1));
#3007=VERTEX_POINT('',#3006);
#3008=CARTESIAN_POINT('',(-6.35E0,-1.E0,-2.5E-1));
#3009=VERTEX_POINT('',#3008);
#3010=VERTEX_POINT('',#338);
#3011=VERTEX_POINT('',#341);
#3012=VERTEX_POINT('',#1178);
#3013=CARTESIAN_POINT('',(-6.1E0,-1.25E0,-2.E-1));
#3014=VERTEX_POINT('',#3013);
#3015=VERTEX_POINT('',#1149);
#3016=VERTEX_POINT('',#327);
#3017=VERTEX_POINT('',#329);
#3018=VERTEX_POINT('',#332);
#3019=VERTEX_POINT('',#571);
#3020=CARTESIAN_POINT('',(-4.06E0,1.25E0,-2.E-1));
#3021=VERTEX_POINT('',#3020);
#3022=VERTEX_POINT('',#562);
#3023=VERTEX_POINT('',#346);
#3024=CARTESIAN_POINT('',(-1.27E0,1.E0,-2.5E-1));
#3025=VERTEX_POINT('',#3024);
#3026=CARTESIAN_POINT('',(-1.27E0,-1.E0,-2.5E-1));
#3027=VERTEX_POINT('',#3026);
#3028=CARTESIAN_POINT('',(-3.81E0,1.E0,-2.5E-1));
#3029=VERTEX_POINT('',#3028);
#3030=CARTESIAN_POINT('',(-3.81E0,-1.E0,-2.5E-1));
#3031=VERTEX_POINT('',#3030);
#3032=VERTEX_POINT('',#358);
#3033=VERTEX_POINT('',#361);
#3034=VERTEX_POINT('',#503);
#3035=CARTESIAN_POINT('',(-3.56E0,-1.25E0,-2.E-1));
#3036=VERTEX_POINT('',#3035);
#3037=VERTEX_POINT('',#1187);
#3038=VERTEX_POINT('',#351);
#3039=VERTEX_POINT('',#353);
#3040=VERTEX_POINT('',#356);
#3041=VERTEX_POINT('',#541);
#3042=CARTESIAN_POINT('',(-1.52E0,1.25E0,-2.E-1));
#3043=VERTEX_POINT('',#3042);
#3044=VERTEX_POINT('',#528);
#3045=VERTEX_POINT('',#366);
#3046=CARTESIAN_POINT('',(0.E0,0.E0,0.E0));
#3047=DIRECTION('',(0.E0,0.E0,1.E0));
#3048=DIRECTION('',(1.E0,0.E0,0.E0));
#3049=AXIS2_PLACEMENT_3D('',#3046,#3047,#3048);
#3050=PLANE('',#3049);
#3052=ORIENTED_EDGE('',*,*,#3051,.F.);
#3054=ORIENTED_EDGE('',*,*,#3053,.F.);
#3056=ORIENTED_EDGE('',*,*,#3055,.F.);
#3058=ORIENTED_EDGE('',*,*,#3057,.F.);
#3059=EDGE_LOOP('',(#3052,#3054,#3056,#3058));
#3060=FACE_OUTER_BOUND('',#3059,.F.);
#3062=ORIENTED_EDGE('',*,*,#3061,.F.);
#3064=ORIENTED_EDGE('',*,*,#3063,.T.);
#3066=ORIENTED_EDGE('',*,*,#3065,.T.);
#3068=ORIENTED_EDGE('',*,*,#3067,.F.);
#3069=EDGE_LOOP('',(#3062,#3064,#3066,#3068));
#3070=FACE_BOUND('',#3069,.F.);
#3072=CARTESIAN_POINT('',(-2.5715E1,0.E0,0.E0));
#3073=DIRECTION('',(1.E0,0.E0,0.E0));
#3074=DIRECTION('',(0.E0,0.E0,-1.E0));
#3075=AXIS2_PLACEMENT_3D('',#3072,#3073,#3074);
#3076=PLANE('',#3075);
#3077=ORIENTED_EDGE('',*,*,#3061,.T.);
#3079=ORIENTED_EDGE('',*,*,#3078,.T.);
#3081=ORIENTED_EDGE('',*,*,#3080,.T.);
#3083=ORIENTED_EDGE('',*,*,#3082,.T.);
#3084=EDGE_LOOP('',(#3077,#3079,#3081,#3083));
#3085=FACE_OUTER_BOUND('',#3084,.F.);
#3087=CARTESIAN_POINT('',(-2.5715E1,0.E0,0.E0));
#3088=DIRECTION('',(1.E0,0.E0,0.E0));
#3089=DIRECTION('',(0.E0,0.E0,-1.E0));
#3090=AXIS2_PLACEMENT_3D('',#3087,#3088,#3089);
#3091=PLANE('',#3090);
#3093=ORIENTED_EDGE('',*,*,#3092,.F.);
#3095=ORIENTED_EDGE('',*,*,#3094,.T.);
#3097=ORIENTED_EDGE('',*,*,#3096,.T.);
#3099=ORIENTED_EDGE('',*,*,#3098,.T.);
#3100=EDGE_LOOP('',(#3093,#3095,#3097,#3099));
#3101=FACE_OUTER_BOUND('',#3100,.F.);
#3103=CARTESIAN_POINT('',(-2.5715E1,3.15E-1,0.E0));
#3104=DIRECTION('',(0.E0,1.E0,0.E0));
#3105=DIRECTION('',(0.E0,0.E0,1.E0));
#3106=AXIS2_PLACEMENT_3D('',#3103,#3104,#3105);
#3107=PLANE('',#3106);
#3108=ORIENTED_EDGE('',*,*,#3067,.T.);
#3110=ORIENTED_EDGE('',*,*,#3109,.T.);
#3112=ORIENTED_EDGE('',*,*,#3111,.F.);
#3113=ORIENTED_EDGE('',*,*,#3078,.F.);
#3114=EDGE_LOOP('',(#3108,#3110,#3112,#3113));
#3115=FACE_OUTER_BOUND('',#3114,.F.);
#3117=CARTESIAN_POINT('',(-2.5085E1,0.E0,0.E0));
#3118=DIRECTION('',(1.E0,0.E0,0.E0));
#3119=DIRECTION('',(0.E0,0.E0,-1.E0));
#3120=AXIS2_PLACEMENT_3D('',#3117,#3118,#3119);
#3121=PLANE('',#3120);
#3122=ORIENTED_EDGE('',*,*,#3065,.F.);
#3124=ORIENTED_EDGE('',*,*,#3123,.F.);
#3126=ORIENTED_EDGE('',*,*,#3125,.F.);
#3127=ORIENTED_EDGE('',*,*,#3109,.F.);
#3128=EDGE_LOOP('',(#3122,#3124,#3126,#3127));
#3129=FACE_OUTER_BOUND('',#3128,.F.);
#3131=CARTESIAN_POINT('',(-2.5085E1,0.E0,0.E0));
#3132=DIRECTION('',(1.E0,0.E0,0.E0));
#3133=DIRECTION('',(0.E0,0.E0,-1.E0));
#3134=AXIS2_PLACEMENT_3D('',#3131,#3132,#3133);
#3135=PLANE('',#3134);
#3137=ORIENTED_EDGE('',*,*,#3136,.T.);
#3139=ORIENTED_EDGE('',*,*,#3138,.F.);
#3141=ORIENTED_EDGE('',*,*,#3140,.F.);
#3143=ORIENTED_EDGE('',*,*,#3142,.F.);
#3144=EDGE_LOOP('',(#3137,#3139,#3141,#3143));
#3145=FACE_OUTER_BOUND('',#3144,.F.);
#3147=CARTESIAN_POINT('',(-2.5715E1,-3.15E-1,5.8E0));
#3148=DIRECTION('',(0.E0,-1.E0,0.E0));
#3149=DIRECTION('',(0.E0,0.E0,-1.E0));
#3150=AXIS2_PLACEMENT_3D('',#3147,#3148,#3149);
#3151=PLANE('',#3150);
#3152=ORIENTED_EDGE('',*,*,#3063,.F.);
#3153=ORIENTED_EDGE('',*,*,#3082,.F.);
#3155=ORIENTED_EDGE('',*,*,#3154,.T.);
#3156=ORIENTED_EDGE('',*,*,#3123,.T.);
#3157=EDGE_LOOP('',(#3152,#3153,#3155,#3156));
#3158=FACE_OUTER_BOUND('',#3157,.F.);
#3160=CARTESIAN_POINT('',(-2.5715E1,3.15E-1,5.8E0));
#3161=DIRECTION('',(0.E0,0.E0,1.E0));
#3162=DIRECTION('',(0.E0,-1.E0,0.E0));
#3163=AXIS2_PLACEMENT_3D('',#3160,#3161,#3162);
#3164=PLANE('',#3163);
#3165=ORIENTED_EDGE('',*,*,#3080,.F.);
#3166=ORIENTED_EDGE('',*,*,#3111,.T.);
#3167=ORIENTED_EDGE('',*,*,#3125,.T.);
#3168=ORIENTED_EDGE('',*,*,#3154,.F.);
#3169=EDGE_LOOP('',(#3165,#3166,#3167,#3168));
#3170=FACE_OUTER_BOUND('',#3169,.F.);
#3172=CARTESIAN_POINT('',(0.E0,0.E0,-2.8E0));
#3173=DIRECTION('',(0.E0,0.E0,1.E0));
#3174=DIRECTION('',(1.E0,0.E0,0.E0));
#3175=AXIS2_PLACEMENT_3D('',#3172,#3173,#3174);
#3176=PLANE('',#3175);
#3178=ORIENTED_EDGE('',*,*,#3177,.T.);
#3180=ORIENTED_EDGE('',*,*,#3179,.F.);
#3182=ORIENTED_EDGE('',*,*,#3181,.T.);
#3184=ORIENTED_EDGE('',*,*,#3183,.F.);
#3185=EDGE_LOOP('',(#3178,#3180,#3182,#3184));
#3186=FACE_OUTER_BOUND('',#3185,.F.);
#3187=ORIENTED_EDGE('',*,*,#3092,.T.);
#3189=ORIENTED_EDGE('',*,*,#3188,.T.);
#3190=ORIENTED_EDGE('',*,*,#3136,.F.);
#3192=ORIENTED_EDGE('',*,*,#3191,.F.);
#3193=EDGE_LOOP('',(#3187,#3189,#3190,#3192));
#3194=FACE_BOUND('',#3193,.F.);
#3196=CARTESIAN_POINT('',(-2.5715E1,3.15E-1,-6.E0));
#3197=DIRECTION('',(0.E0,1.E0,0.E0));
#3198=DIRECTION('',(0.E0,0.E0,1.E0));
#3199=AXIS2_PLACEMENT_3D('',#3196,#3197,#3198);
#3200=PLANE('',#3199);
#3201=ORIENTED_EDGE('',*,*,#3188,.F.);
#3202=ORIENTED_EDGE('',*,*,#3098,.F.);
#3204=ORIENTED_EDGE('',*,*,#3203,.T.);
#3205=ORIENTED_EDGE('',*,*,#3138,.T.);
#3206=EDGE_LOOP('',(#3201,#3202,#3204,#3205));
#3207=FACE_OUTER_BOUND('',#3206,.F.);
#3209=CARTESIAN_POINT('',(-2.5715E1,-3.15E-1,-6.E0));
#3210=DIRECTION('',(0.E0,0.E0,-1.E0));
#3211=DIRECTION('',(0.E0,1.E0,0.E0));
#3212=AXIS2_PLACEMENT_3D('',#3209,#3210,#3211);
#3213=PLANE('',#3212);
#3214=ORIENTED_EDGE('',*,*,#3096,.F.);
#3216=ORIENTED_EDGE('',*,*,#3215,.T.);
#3217=ORIENTED_EDGE('',*,*,#3140,.T.);
#3218=ORIENTED_EDGE('',*,*,#3203,.F.);
#3219=EDGE_LOOP('',(#3214,#3216,#3217,#3218));
#3220=FACE_OUTER_BOUND('',#3219,.F.);
#3222=CARTESIAN_POINT('',(-2.5715E1,-3.15E-1,-2.8E0));
#3223=DIRECTION('',(0.E0,-1.E0,0.E0));
#3224=DIRECTION('',(0.E0,0.E0,-1.E0));
#3225=AXIS2_PLACEMENT_3D('',#3222,#3223,#3224);
#3226=PLANE('',#3225);
#3227=ORIENTED_EDGE('',*,*,#3191,.T.);
#3228=ORIENTED_EDGE('',*,*,#3142,.T.);
#3229=ORIENTED_EDGE('',*,*,#3215,.F.);
#3230=ORIENTED_EDGE('',*,*,#3094,.F.);
#3231=EDGE_LOOP('',(#3227,#3228,#3229,#3230));
#3232=FACE_OUTER_BOUND('',#3231,.F.);
#3234=CARTESIAN_POINT('',(-2.667E1,-1.25E0,0.E0));
#3235=DIRECTION('',(0.E0,-1.E0,0.E0));
#3236=DIRECTION('',(1.E0,0.E0,0.E0));
#3237=AXIS2_PLACEMENT_3D('',#3234,#3235,#3236);
#3238=PLANE('',#3237);
#3240=ORIENTED_EDGE('',*,*,#3239,.T.);
#3242=ORIENTED_EDGE('',*,*,#3241,.T.);
#3243=ORIENTED_EDGE('',*,*,#3177,.F.);
#3245=ORIENTED_EDGE('',*,*,#3244,.F.);
#3246=EDGE_LOOP('',(#3240,#3242,#3243,#3245));
#3247=FACE_OUTER_BOUND('',#3246,.F.);
#3249=CARTESIAN_POINT('',(-2.646530686413E1,-1.05E0,-2.E-1));
#3250=DIRECTION('',(1.E0,0.E0,0.E0));
#3251=DIRECTION('',(0.E0,0.E0,1.E0));
#3252=AXIS2_PLACEMENT_3D('',#3249,#3250,#3251);
#3253=CYLINDRICAL_SURFACE('',#3252,2.E-1);
#3255=ORIENTED_EDGE('',*,*,#3254,.T.);
#3257=ORIENTED_EDGE('',*,*,#3256,.T.);
#3258=ORIENTED_EDGE('',*,*,#3239,.F.);
#3260=ORIENTED_EDGE('',*,*,#3259,.T.);
#3262=ORIENTED_EDGE('',*,*,#3261,.T.);
#3263=ORIENTED_EDGE('',*,*,#3051,.T.);
#3264=EDGE_LOOP('',(#3255,#3257,#3258,#3260,#3262,#3263));
#3265=FACE_OUTER_BOUND('',#3264,.F.);
#3267=CARTESIAN_POINT('',(-2.4255E1,0.E0,-1.25E-1));
#3268=DIRECTION('',(7.071067811865E-1,0.E0,7.071067811865E-1));
#3269=DIRECTION('',(0.E0,-1.E0,0.E0));
#3270=AXIS2_PLACEMENT_3D('',#3267,#3268,#3269);
#3271=PLANE('',#3270);
#3273=ORIENTED_EDGE('',*,*,#3272,.T.);
#3275=ORIENTED_EDGE('',*,*,#3274,.T.);
#3276=ORIENTED_EDGE('',*,*,#3254,.F.);
#3277=ORIENTED_EDGE('',*,*,#3057,.T.);
#3279=ORIENTED_EDGE('',*,*,#3278,.F.);
#3281=ORIENTED_EDGE('',*,*,#3280,.T.);
#3282=EDGE_LOOP('',(#3273,#3275,#3276,#3277,#3279,#3281));
#3283=FACE_OUTER_BOUND('',#3282,.F.);
#3285=CARTESIAN_POINT('',(-2.4005E1,0.E0,-1.25E-1));
#3286=DIRECTION('',(-7.071067811865E-1,0.E0,7.071067811865E-1));
#3287=DIRECTION('',(0.E0,-1.E0,0.E0));
#3288=AXIS2_PLACEMENT_3D('',#3285,#3286,#3287);
#3289=PLANE('',#3288);
#3291=ORIENTED_EDGE('',*,*,#3290,.F.);
#3293=ORIENTED_EDGE('',*,*,#3292,.T.);
#3294=ORIENTED_EDGE('',*,*,#3272,.F.);
#3296=ORIENTED_EDGE('',*,*,#3295,.T.);
#3298=ORIENTED_EDGE('',*,*,#3297,.F.);
#3300=ORIENTED_EDGE('',*,*,#3299,.T.);
#3301=EDGE_LOOP('',(#3291,#3293,#3294,#3296,#3298,#3300));
#3302=FACE_OUTER_BOUND('',#3301,.F.);
#3304=CARTESIAN_POINT('',(-2.392530686413E1,-1.05E0,-2.E-1));
#3305=DIRECTION('',(1.E0,0.E0,0.E0));
#3306=DIRECTION('',(0.E0,0.E0,1.E0));
#3307=AXIS2_PLACEMENT_3D('',#3304,#3305,#3306);
#3308=CYLINDRICAL_SURFACE('',#3307,2.E-1);
#3310=ORIENTED_EDGE('',*,*,#3309,.T.);
#3312=ORIENTED_EDGE('',*,*,#3311,.T.);
#3314=ORIENTED_EDGE('',*,*,#3313,.F.);
#3316=ORIENTED_EDGE('',*,*,#3315,.T.);
#3317=ORIENTED_EDGE('',*,*,#3290,.T.);
#3319=ORIENTED_EDGE('',*,*,#3318,.T.);
#3320=EDGE_LOOP('',(#3310,#3312,#3314,#3316,#3317,#3319));
#3321=FACE_OUTER_BOUND('',#3320,.F.);
#3323=CARTESIAN_POINT('',(-2.1715E1,0.E0,-1.25E-1));
#3324=DIRECTION('',(7.071067811865E-1,0.E0,7.071067811865E-1));
#3325=DIRECTION('',(0.E0,-1.E0,0.E0));
#3326=AXIS2_PLACEMENT_3D('',#3323,#3324,#3325);
#3327=PLANE('',#3326);
#3329=ORIENTED_EDGE('',*,*,#3328,.T.);
#3331=ORIENTED_EDGE('',*,*,#3330,.T.);
#3332=ORIENTED_EDGE('',*,*,#3309,.F.);
#3334=ORIENTED_EDGE('',*,*,#3333,.T.);
#3336=ORIENTED_EDGE('',*,*,#3335,.F.);
#3338=ORIENTED_EDGE('',*,*,#3337,.T.);
#3339=EDGE_LOOP('',(#3329,#3331,#3332,#3334,#3336,#3338));
#3340=FACE_OUTER_BOUND('',#3339,.F.);
#3342=CARTESIAN_POINT('',(-2.1465E1,0.E0,-1.25E-1));
#3343=DIRECTION('',(-7.071067811865E-1,0.E0,7.071067811865E-1));
#3344=DIRECTION('',(0.E0,-1.E0,0.E0));
#3345=AXIS2_PLACEMENT_3D('',#3342,#3343,#3344);
#3346=PLANE('',#3345);
#3348=ORIENTED_EDGE('',*,*,#3347,.F.);
#3350=ORIENTED_EDGE('',*,*,#3349,.T.);
#3351=ORIENTED_EDGE('',*,*,#3328,.F.);
#3353=ORIENTED_EDGE('',*,*,#3352,.T.);
#3355=ORIENTED_EDGE('',*,*,#3354,.F.);
#3357=ORIENTED_EDGE('',*,*,#3356,.T.);
#3358=EDGE_LOOP('',(#3348,#3350,#3351,#3353,#3355,#3357));
#3359=FACE_OUTER_BOUND('',#3358,.F.);
#3361=CARTESIAN_POINT('',(-2.138530686413E1,-1.05E0,-2.E-1));
#3362=DIRECTION('',(1.E0,0.E0,0.E0));
#3363=DIRECTION('',(0.E0,0.E0,1.E0));
#3364=AXIS2_PLACEMENT_3D('',#3361,#3362,#3363);
#3365=CYLINDRICAL_SURFACE('',#3364,2.E-1);
#3367=ORIENTED_EDGE('',*,*,#3366,.T.);
#3369=ORIENTED_EDGE('',*,*,#3368,.T.);
#3371=ORIENTED_EDGE('',*,*,#3370,.F.);
#3373=ORIENTED_EDGE('',*,*,#3372,.T.);
#3374=ORIENTED_EDGE('',*,*,#3347,.T.);
#3376=ORIENTED_EDGE('',*,*,#3375,.T.);
#3377=EDGE_LOOP('',(#3367,#3369,#3371,#3373,#3374,#3376));
#3378=FACE_OUTER_BOUND('',#3377,.F.);
#3380=CARTESIAN_POINT('',(-1.9175E1,0.E0,-1.25E-1));
#3381=DIRECTION('',(7.071067811865E-1,0.E0,7.071067811865E-1));
#3382=DIRECTION('',(0.E0,-1.E0,0.E0));
#3383=AXIS2_PLACEMENT_3D('',#3380,#3381,#3382);
#3384=PLANE('',#3383);
#3386=ORIENTED_EDGE('',*,*,#3385,.T.);
#3388=ORIENTED_EDGE('',*,*,#3387,.T.);
#3389=ORIENTED_EDGE('',*,*,#3366,.F.);
#3391=ORIENTED_EDGE('',*,*,#3390,.T.);
#3393=ORIENTED_EDGE('',*,*,#3392,.F.);
#3395=ORIENTED_EDGE('',*,*,#3394,.T.);
#3396=EDGE_LOOP('',(#3386,#3388,#3389,#3391,#3393,#3395));
#3397=FACE_OUTER_BOUND('',#3396,.F.);
#3399=CARTESIAN_POINT('',(-1.8925E1,0.E0,-1.25E-1));
#3400=DIRECTION('',(-7.071067811865E-1,0.E0,7.071067811865E-1));
#3401=DIRECTION('',(0.E0,-1.E0,0.E0));
#3402=AXIS2_PLACEMENT_3D('',#3399,#3400,#3401);
#3403=PLANE('',#3402);
#3405=ORIENTED_EDGE('',*,*,#3404,.F.);
#3407=ORIENTED_EDGE('',*,*,#3406,.T.);
#3408=ORIENTED_EDGE('',*,*,#3385,.F.);
#3410=ORIENTED_EDGE('',*,*,#3409,.T.);
#3412=ORIENTED_EDGE('',*,*,#3411,.F.);
#3414=ORIENTED_EDGE('',*,*,#3413,.T.);
#3415=EDGE_LOOP('',(#3405,#3407,#3408,#3410,#3412,#3414));
#3416=FACE_OUTER_BOUND('',#3415,.F.);
#3418=CARTESIAN_POINT('',(-1.884530686413E1,-1.05E0,-2.E-1));
#3419=DIRECTION('',(1.E0,0.E0,0.E0));
#3420=DIRECTION('',(0.E0,0.E0,1.E0));
#3421=AXIS2_PLACEMENT_3D('',#3418,#3419,#3420);
#3422=CYLINDRICAL_SURFACE('',#3421,2.E-1);
#3424=ORIENTED_EDGE('',*,*,#3423,.T.);
#3426=ORIENTED_EDGE('',*,*,#3425,.T.);
#3428=ORIENTED_EDGE('',*,*,#3427,.F.);
#3430=ORIENTED_EDGE('',*,*,#3429,.T.);
#3431=ORIENTED_EDGE('',*,*,#3404,.T.);
#3433=ORIENTED_EDGE('',*,*,#3432,.T.);
#3434=EDGE_LOOP('',(#3424,#3426,#3428,#3430,#3431,#3433));
#3435=FACE_OUTER_BOUND('',#3434,.F.);
#3437=CARTESIAN_POINT('',(-1.6635E1,0.E0,-1.25E-1));
#3438=DIRECTION('',(7.071067811865E-1,0.E0,7.071067811865E-1));
#3439=DIRECTION('',(0.E0,-1.E0,0.E0));
#3440=AXIS2_PLACEMENT_3D('',#3437,#3438,#3439);
#3441=PLANE('',#3440);
#3443=ORIENTED_EDGE('',*,*,#3442,.T.);
#3445=ORIENTED_EDGE('',*,*,#3444,.T.);
#3446=ORIENTED_EDGE('',*,*,#3423,.F.);
#3448=ORIENTED_EDGE('',*,*,#3447,.T.);
#3450=ORIENTED_EDGE('',*,*,#3449,.F.);
#3452=ORIENTED_EDGE('',*,*,#3451,.T.);
#3453=EDGE_LOOP('',(#3443,#3445,#3446,#3448,#3450,#3452));
#3454=FACE_OUTER_BOUND('',#3453,.F.);
#3456=CARTESIAN_POINT('',(-1.6385E1,0.E0,-1.25E-1));
#3457=DIRECTION('',(-7.071067811865E-1,0.E0,7.071067811865E-1));
#3458=DIRECTION('',(0.E0,-1.E0,0.E0));
#3459=AXIS2_PLACEMENT_3D('',#3456,#3457,#3458);
#3460=PLANE('',#3459);
#3462=ORIENTED_EDGE('',*,*,#3461,.F.);
#3464=ORIENTED_EDGE('',*,*,#3463,.T.);
#3465=ORIENTED_EDGE('',*,*,#3442,.F.);
#3467=ORIENTED_EDGE('',*,*,#3466,.T.);
#3469=ORIENTED_EDGE('',*,*,#3468,.F.);
#3471=ORIENTED_EDGE('',*,*,#3470,.T.);
#3472=EDGE_LOOP('',(#3462,#3464,#3465,#3467,#3469,#3471));
#3473=FACE_OUTER_BOUND('',#3472,.F.);
#3475=CARTESIAN_POINT('',(-1.630530686413E1,-1.05E0,-2.E-1));
#3476=DIRECTION('',(1.E0,0.E0,0.E0));
#3477=DIRECTION('',(0.E0,0.E0,1.E0));
#3478=AXIS2_PLACEMENT_3D('',#3475,#3476,#3477);
#3479=CYLINDRICAL_SURFACE('',#3478,2.E-1);
#3481=ORIENTED_EDGE('',*,*,#3480,.T.);
#3483=ORIENTED_EDGE('',*,*,#3482,.T.);
#3485=ORIENTED_EDGE('',*,*,#3484,.F.);
#3487=ORIENTED_EDGE('',*,*,#3486,.T.);
#3488=ORIENTED_EDGE('',*,*,#3461,.T.);
#3490=ORIENTED_EDGE('',*,*,#3489,.T.);
#3491=EDGE_LOOP('',(#3481,#3483,#3485,#3487,#3488,#3490));
#3492=FACE_OUTER_BOUND('',#3491,.F.);
#3494=CARTESIAN_POINT('',(-1.4095E1,0.E0,-1.25E-1));
#3495=DIRECTION('',(7.071067811865E-1,0.E0,7.071067811865E-1));
#3496=DIRECTION('',(0.E0,-1.E0,0.E0));
#3497=AXIS2_PLACEMENT_3D('',#3494,#3495,#3496);
#3498=PLANE('',#3497);
#3500=ORIENTED_EDGE('',*,*,#3499,.T.);
#3502=ORIENTED_EDGE('',*,*,#3501,.T.);
#3503=ORIENTED_EDGE('',*,*,#3480,.F.);
#3505=ORIENTED_EDGE('',*,*,#3504,.T.);
#3507=ORIENTED_EDGE('',*,*,#3506,.F.);
#3509=ORIENTED_EDGE('',*,*,#3508,.T.);
#3510=EDGE_LOOP('',(#3500,#3502,#3503,#3505,#3507,#3509));
#3511=FACE_OUTER_BOUND('',#3510,.F.);
#3513=CARTESIAN_POINT('',(-1.3845E1,0.E0,-1.25E-1));
#3514=DIRECTION('',(-7.071067811865E-1,0.E0,7.071067811865E-1));
#3515=DIRECTION('',(0.E0,-1.E0,0.E0));
#3516=AXIS2_PLACEMENT_3D('',#3513,#3514,#3515);
#3517=PLANE('',#3516);
#3519=ORIENTED_EDGE('',*,*,#3518,.F.);
#3521=ORIENTED_EDGE('',*,*,#3520,.T.);
#3522=ORIENTED_EDGE('',*,*,#3499,.F.);
#3524=ORIENTED_EDGE('',*,*,#3523,.T.);
#3526=ORIENTED_EDGE('',*,*,#3525,.F.);
#3528=ORIENTED_EDGE('',*,*,#3527,.T.);
#3529=EDGE_LOOP('',(#3519,#3521,#3522,#3524,#3526,#3528));
#3530=FACE_OUTER_BOUND('',#3529,.F.);
#3532=CARTESIAN_POINT('',(-1.376530686413E1,-1.05E0,-2.E-1));
#3533=DIRECTION('',(1.E0,0.E0,0.E0));
#3534=DIRECTION('',(0.E0,0.E0,1.E0));
#3535=AXIS2_PLACEMENT_3D('',#3532,#3533,#3534);
#3536=CYLINDRICAL_SURFACE('',#3535,2.E-1);
#3538=ORIENTED_EDGE('',*,*,#3537,.T.);
#3540=ORIENTED_EDGE('',*,*,#3539,.T.);
#3542=ORIENTED_EDGE('',*,*,#3541,.F.);
#3544=ORIENTED_EDGE('',*,*,#3543,.T.);
#3545=ORIENTED_EDGE('',*,*,#3518,.T.);
#3547=ORIENTED_EDGE('',*,*,#3546,.T.);
#3548=EDGE_LOOP('',(#3538,#3540,#3542,#3544,#3545,#3547));
#3549=FACE_OUTER_BOUND('',#3548,.F.);
#3551=CARTESIAN_POINT('',(-1.1555E1,0.E0,-1.25E-1));
#3552=DIRECTION('',(7.071067811865E-1,0.E0,7.071067811865E-1));
#3553=DIRECTION('',(0.E0,-1.E0,0.E0));
#3554=AXIS2_PLACEMENT_3D('',#3551,#3552,#3553);
#3555=PLANE('',#3554);
#3557=ORIENTED_EDGE('',*,*,#3556,.T.);
#3559=ORIENTED_EDGE('',*,*,#3558,.T.);
#3560=ORIENTED_EDGE('',*,*,#3537,.F.);
#3562=ORIENTED_EDGE('',*,*,#3561,.T.);
#3564=ORIENTED_EDGE('',*,*,#3563,.F.);
#3566=ORIENTED_EDGE('',*,*,#3565,.T.);
#3567=EDGE_LOOP('',(#3557,#3559,#3560,#3562,#3564,#3566));
#3568=FACE_OUTER_BOUND('',#3567,.F.);
#3570=CARTESIAN_POINT('',(-1.1305E1,0.E0,-1.25E-1));
#3571=DIRECTION('',(-7.071067811865E-1,0.E0,7.071067811865E-1));
#3572=DIRECTION('',(0.E0,-1.E0,0.E0));
#3573=AXIS2_PLACEMENT_3D('',#3570,#3571,#3572);
#3574=PLANE('',#3573);
#3576=ORIENTED_EDGE('',*,*,#3575,.F.);
#3578=ORIENTED_EDGE('',*,*,#3577,.T.);
#3579=ORIENTED_EDGE('',*,*,#3556,.F.);
#3581=ORIENTED_EDGE('',*,*,#3580,.T.);
#3583=ORIENTED_EDGE('',*,*,#3582,.F.);
#3585=ORIENTED_EDGE('',*,*,#3584,.T.);
#3586=EDGE_LOOP('',(#3576,#3578,#3579,#3581,#3583,#3585));
#3587=FACE_OUTER_BOUND('',#3586,.F.);
#3589=CARTESIAN_POINT('',(-1.122530686413E1,-1.05E0,-2.E-1));
#3590=DIRECTION('',(1.E0,0.E0,0.E0));
#3591=DIRECTION('',(0.E0,0.E0,1.E0));
#3592=AXIS2_PLACEMENT_3D('',#3589,#3590,#3591);
#3593=CYLINDRICAL_SURFACE('',#3592,2.E-1);
#3595=ORIENTED_EDGE('',*,*,#3594,.T.);
#3597=ORIENTED_EDGE('',*,*,#3596,.T.);
#3599=ORIENTED_EDGE('',*,*,#3598,.F.);
#3601=ORIENTED_EDGE('',*,*,#3600,.T.);
#3602=ORIENTED_EDGE('',*,*,#3575,.T.);
#3604=ORIENTED_EDGE('',*,*,#3603,.T.);
#3605=EDGE_LOOP('',(#3595,#3597,#3599,#3601,#3602,#3604));
#3606=FACE_OUTER_BOUND('',#3605,.F.);
#3608=CARTESIAN_POINT('',(-9.015E0,0.E0,-1.25E-1));
#3609=DIRECTION('',(7.071067811865E-1,0.E0,7.071067811865E-1));
#3610=DIRECTION('',(0.E0,-1.E0,0.E0));
#3611=AXIS2_PLACEMENT_3D('',#3608,#3609,#3610);
#3612=PLANE('',#3611);
#3614=ORIENTED_EDGE('',*,*,#3613,.T.);
#3616=ORIENTED_EDGE('',*,*,#3615,.T.);
#3617=ORIENTED_EDGE('',*,*,#3594,.F.);
#3619=ORIENTED_EDGE('',*,*,#3618,.T.);
#3621=ORIENTED_EDGE('',*,*,#3620,.F.);
#3623=ORIENTED_EDGE('',*,*,#3622,.T.);
#3624=EDGE_LOOP('',(#3614,#3616,#3617,#3619,#3621,#3623));
#3625=FACE_OUTER_BOUND('',#3624,.F.);
#3627=CARTESIAN_POINT('',(-8.765E0,0.E0,-1.25E-1));
#3628=DIRECTION('',(-7.071067811865E-1,0.E0,7.071067811865E-1));
#3629=DIRECTION('',(0.E0,-1.E0,0.E0));
#3630=AXIS2_PLACEMENT_3D('',#3627,#3628,#3629);
#3631=PLANE('',#3630);
#3633=ORIENTED_EDGE('',*,*,#3632,.F.);
#3635=ORIENTED_EDGE('',*,*,#3634,.T.);
#3636=ORIENTED_EDGE('',*,*,#3613,.F.);
#3638=ORIENTED_EDGE('',*,*,#3637,.T.);
#3640=ORIENTED_EDGE('',*,*,#3639,.F.);
#3642=ORIENTED_EDGE('',*,*,#3641,.T.);
#3643=EDGE_LOOP('',(#3633,#3635,#3636,#3638,#3640,#3642));
#3644=FACE_OUTER_BOUND('',#3643,.F.);
#3646=CARTESIAN_POINT('',(-8.685306864133E0,-1.05E0,-2.E-1));
#3647=DIRECTION('',(1.E0,0.E0,0.E0));
#3648=DIRECTION('',(0.E0,0.E0,1.E0));
#3649=AXIS2_PLACEMENT_3D('',#3646,#3647,#3648);
#3650=CYLINDRICAL_SURFACE('',#3649,2.E-1);
#3652=ORIENTED_EDGE('',*,*,#3651,.T.);
#3654=ORIENTED_EDGE('',*,*,#3653,.T.);
#3656=ORIENTED_EDGE('',*,*,#3655,.F.);
#3658=ORIENTED_EDGE('',*,*,#3657,.T.);
#3659=ORIENTED_EDGE('',*,*,#3632,.T.);
#3661=ORIENTED_EDGE('',*,*,#3660,.T.);
#3662=EDGE_LOOP('',(#3652,#3654,#3656,#3658,#3659,#3661));
#3663=FACE_OUTER_BOUND('',#3662,.F.);
#3665=CARTESIAN_POINT('',(-6.475E0,0.E0,-1.25E-1));
#3666=DIRECTION('',(7.071067811865E-1,0.E0,7.071067811865E-1));
#3667=DIRECTION('',(0.E0,-1.E0,0.E0));
#3668=AXIS2_PLACEMENT_3D('',#3665,#3666,#3667);
#3669=PLANE('',#3668);
#3671=ORIENTED_EDGE('',*,*,#3670,.T.);
#3673=ORIENTED_EDGE('',*,*,#3672,.T.);
#3674=ORIENTED_EDGE('',*,*,#3651,.F.);
#3676=ORIENTED_EDGE('',*,*,#3675,.T.);
#3678=ORIENTED_EDGE('',*,*,#3677,.F.);
#3680=ORIENTED_EDGE('',*,*,#3679,.T.);
#3681=EDGE_LOOP('',(#3671,#3673,#3674,#3676,#3678,#3680));
#3682=FACE_OUTER_BOUND('',#3681,.F.);
#3684=CARTESIAN_POINT('',(-6.225E0,0.E0,-1.25E-1));
#3685=DIRECTION('',(-7.071067811865E-1,0.E0,7.071067811865E-1));
#3686=DIRECTION('',(0.E0,-1.E0,0.E0));
#3687=AXIS2_PLACEMENT_3D('',#3684,#3685,#3686);
#3688=PLANE('',#3687);
#3690=ORIENTED_EDGE('',*,*,#3689,.F.);
#3692=ORIENTED_EDGE('',*,*,#3691,.T.);
#3693=ORIENTED_EDGE('',*,*,#3670,.F.);
#3695=ORIENTED_EDGE('',*,*,#3694,.T.);
#3697=ORIENTED_EDGE('',*,*,#3696,.F.);
#3699=ORIENTED_EDGE('',*,*,#3698,.T.);
#3700=EDGE_LOOP('',(#3690,#3692,#3693,#3695,#3697,#3699));
#3701=FACE_OUTER_BOUND('',#3700,.F.);
#3703=CARTESIAN_POINT('',(-6.145306864133E0,-1.05E0,-2.E-1));
#3704=DIRECTION('',(1.E0,0.E0,0.E0));
#3705=DIRECTION('',(0.E0,0.E0,1.E0));
#3706=AXIS2_PLACEMENT_3D('',#3703,#3704,#3705);
#3707=CYLINDRICAL_SURFACE('',#3706,2.E-1);
#3709=ORIENTED_EDGE('',*,*,#3708,.T.);
#3711=ORIENTED_EDGE('',*,*,#3710,.T.);
#3713=ORIENTED_EDGE('',*,*,#3712,.F.);
#3715=ORIENTED_EDGE('',*,*,#3714,.T.);
#3716=ORIENTED_EDGE('',*,*,#3689,.T.);
#3718=ORIENTED_EDGE('',*,*,#3717,.T.);
#3719=EDGE_LOOP('',(#3709,#3711,#3713,#3715,#3716,#3718));
#3720=FACE_OUTER_BOUND('',#3719,.F.);
#3722=CARTESIAN_POINT('',(-3.935E0,0.E0,-1.25E-1));
#3723=DIRECTION('',(7.071067811865E-1,0.E0,7.071067811865E-1));
#3724=DIRECTION('',(0.E0,-1.E0,0.E0));
#3725=AXIS2_PLACEMENT_3D('',#3722,#3723,#3724);
#3726=PLANE('',#3725);
#3728=ORIENTED_EDGE('',*,*,#3727,.T.);
#3730=ORIENTED_EDGE('',*,*,#3729,.T.);
#3731=ORIENTED_EDGE('',*,*,#3708,.F.);
#3733=ORIENTED_EDGE('',*,*,#3732,.T.);
#3735=ORIENTED_EDGE('',*,*,#3734,.F.);
#3737=ORIENTED_EDGE('',*,*,#3736,.T.);
#3738=EDGE_LOOP('',(#3728,#3730,#3731,#3733,#3735,#3737));
#3739=FACE_OUTER_BOUND('',#3738,.F.);
#3741=CARTESIAN_POINT('',(-3.685E0,0.E0,-1.25E-1));
#3742=DIRECTION('',(-7.071067811865E-1,0.E0,7.071067811865E-1));
#3743=DIRECTION('',(0.E0,-1.E0,0.E0));
#3744=AXIS2_PLACEMENT_3D('',#3741,#3742,#3743);
#3745=PLANE('',#3744);
#3747=ORIENTED_EDGE('',*,*,#3746,.F.);
#3749=ORIENTED_EDGE('',*,*,#3748,.T.);
#3750=ORIENTED_EDGE('',*,*,#3727,.F.);
#3752=ORIENTED_EDGE('',*,*,#3751,.T.);
#3754=ORIENTED_EDGE('',*,*,#3753,.F.);
#3756=ORIENTED_EDGE('',*,*,#3755,.T.);
#3757=EDGE_LOOP('',(#3747,#3749,#3750,#3752,#3754,#3756));
#3758=FACE_OUTER_BOUND('',#3757,.F.);
#3760=CARTESIAN_POINT('',(-3.605306864133E0,-1.05E0,-2.E-1));
#3761=DIRECTION('',(1.E0,0.E0,0.E0));
#3762=DIRECTION('',(0.E0,0.E0,1.E0));
#3763=AXIS2_PLACEMENT_3D('',#3760,#3761,#3762);
#3764=CYLINDRICAL_SURFACE('',#3763,2.E-1);
#3766=ORIENTED_EDGE('',*,*,#3765,.T.);
#3768=ORIENTED_EDGE('',*,*,#3767,.T.);
#3770=ORIENTED_EDGE('',*,*,#3769,.F.);
#3772=ORIENTED_EDGE('',*,*,#3771,.T.);
#3773=ORIENTED_EDGE('',*,*,#3746,.T.);
#3775=ORIENTED_EDGE('',*,*,#3774,.T.);
#3776=EDGE_LOOP('',(#3766,#3768,#3770,#3772,#3773,#3775));
#3777=FACE_OUTER_BOUND('',#3776,.F.);
#3779=CARTESIAN_POINT('',(-1.395E0,0.E0,-1.25E-1));
#3780=DIRECTION('',(7.071067811865E-1,0.E0,7.071067811865E-1));
#3781=DIRECTION('',(0.E0,-1.E0,0.E0));
#3782=AXIS2_PLACEMENT_3D('',#3779,#3780,#3781);
#3783=PLANE('',#3782);
#3784=ORIENTED_EDGE('',*,*,#3765,.F.);
#3786=ORIENTED_EDGE('',*,*,#3785,.T.);
#3788=ORIENTED_EDGE('',*,*,#3787,.F.);
#3790=ORIENTED_EDGE('',*,*,#3789,.T.);
#3792=ORIENTED_EDGE('',*,*,#3791,.F.);
#3794=ORIENTED_EDGE('',*,*,#3793,.T.);
#3795=EDGE_LOOP('',(#3784,#3786,#3788,#3790,#3792,#3794));
#3796=FACE_OUTER_BOUND('',#3795,.F.);
#3798=CARTESIAN_POINT('',(2.286E1,0.E0,0.E0));
#3799=DIRECTION('',(0.E0,0.E0,1.E0));
#3800=DIRECTION('',(1.E0,0.E0,0.E0));
#3801=AXIS2_PLACEMENT_3D('',#3798,#3799,#3800);
#3802=PLANE('',#3801);
#3803=ORIENTED_EDGE('',*,*,#3774,.F.);
#3804=ORIENTED_EDGE('',*,*,#3755,.F.);
#3806=ORIENTED_EDGE('',*,*,#3805,.F.);
#3807=ORIENTED_EDGE('',*,*,#3785,.F.);
#3808=EDGE_LOOP('',(#3803,#3804,#3806,#3807));
#3809=FACE_OUTER_BOUND('',#3808,.F.);
#3811=ORIENTED_EDGE('',*,*,#3810,.F.);
#3813=ORIENTED_EDGE('',*,*,#3812,.T.);
#3815=ORIENTED_EDGE('',*,*,#3814,.T.);
#3817=ORIENTED_EDGE('',*,*,#3816,.F.);
#3818=EDGE_LOOP('',(#3811,#3813,#3815,#3817));
#3819=FACE_BOUND('',#3818,.F.);
#3821=CARTESIAN_POINT('',(-2.855E0,0.E0,0.E0));
#3822=DIRECTION('',(1.E0,0.E0,0.E0));
#3823=DIRECTION('',(0.E0,0.E0,-1.E0));
#3824=AXIS2_PLACEMENT_3D('',#3821,#3822,#3823);
#3825=PLANE('',#3824);
#3827=ORIENTED_EDGE('',*,*,#3826,.T.);
#3829=ORIENTED_EDGE('',*,*,#3828,.T.);
#3831=ORIENTED_EDGE('',*,*,#3830,.T.);
#3832=ORIENTED_EDGE('',*,*,#3810,.T.);
#3833=EDGE_LOOP('',(#3827,#3829,#3831,#3832));
#3834=FACE_OUTER_BOUND('',#3833,.F.);
#3836=CARTESIAN_POINT('',(-2.855E0,0.E0,0.E0));
#3837=DIRECTION('',(1.E0,0.E0,0.E0));
#3838=DIRECTION('',(0.E0,0.E0,-1.E0));
#3839=AXIS2_PLACEMENT_3D('',#3836,#3837,#3838);
#3840=PLANE('',#3839);
#3842=ORIENTED_EDGE('',*,*,#3841,.T.);
#3844=ORIENTED_EDGE('',*,*,#3843,.T.);
#3846=ORIENTED_EDGE('',*,*,#3845,.T.);
#3848=ORIENTED_EDGE('',*,*,#3847,.F.);
#3849=EDGE_LOOP('',(#3842,#3844,#3846,#3848));
#3850=FACE_OUTER_BOUND('',#3849,.F.);
#3852=CARTESIAN_POINT('',(-2.855E0,3.15E-1,0.E0));
#3853=DIRECTION('',(0.E0,1.E0,0.E0));
#3854=DIRECTION('',(0.E0,0.E0,1.E0));
#3855=AXIS2_PLACEMENT_3D('',#3852,#3853,#3854);
#3856=PLANE('',#3855);
#3857=ORIENTED_EDGE('',*,*,#3826,.F.);
#3858=ORIENTED_EDGE('',*,*,#3816,.T.);
#3860=ORIENTED_EDGE('',*,*,#3859,.T.);
#3862=ORIENTED_EDGE('',*,*,#3861,.F.);
#3863=EDGE_LOOP('',(#3857,#3858,#3860,#3862));
#3864=FACE_OUTER_BOUND('',#3863,.F.);
#3866=CARTESIAN_POINT('',(-2.225E0,0.E0,0.E0));
#3867=DIRECTION('',(1.E0,0.E0,0.E0));
#3868=DIRECTION('',(0.E0,0.E0,-1.E0));
#3869=AXIS2_PLACEMENT_3D('',#3866,#3867,#3868);
#3870=PLANE('',#3869);
#3871=ORIENTED_EDGE('',*,*,#3859,.F.);
#3872=ORIENTED_EDGE('',*,*,#3814,.F.);
#3874=ORIENTED_EDGE('',*,*,#3873,.F.);
#3876=ORIENTED_EDGE('',*,*,#3875,.F.);
#3877=EDGE_LOOP('',(#3871,#3872,#3874,#3876));
#3878=FACE_OUTER_BOUND('',#3877,.F.);
#3880=CARTESIAN_POINT('',(-2.225E0,0.E0,0.E0));
#3881=DIRECTION('',(1.E0,0.E0,0.E0));
#3882=DIRECTION('',(0.E0,0.E0,-1.E0));
#3883=AXIS2_PLACEMENT_3D('',#3880,#3881,#3882);
#3884=PLANE('',#3883);
#3886=ORIENTED_EDGE('',*,*,#3885,.F.);
#3888=ORIENTED_EDGE('',*,*,#3887,.T.);
#3890=ORIENTED_EDGE('',*,*,#3889,.F.);
#3892=ORIENTED_EDGE('',*,*,#3891,.F.);
#3893=EDGE_LOOP('',(#3886,#3888,#3890,#3892));
#3894=FACE_OUTER_BOUND('',#3893,.F.);
#3896=CARTESIAN_POINT('',(-2.855E0,-3.15E-1,5.8E0));
#3897=DIRECTION('',(0.E0,-1.E0,0.E0));
#3898=DIRECTION('',(0.E0,0.E0,-1.E0));
#3899=AXIS2_PLACEMENT_3D('',#3896,#3897,#3898);
#3900=PLANE('',#3899);
#3901=ORIENTED_EDGE('',*,*,#3830,.F.);
#3903=ORIENTED_EDGE('',*,*,#3902,.T.);
#3904=ORIENTED_EDGE('',*,*,#3873,.T.);
#3905=ORIENTED_EDGE('',*,*,#3812,.F.);
#3906=EDGE_LOOP('',(#3901,#3903,#3904,#3905));
#3907=FACE_OUTER_BOUND('',#3906,.F.);
#3909=CARTESIAN_POINT('',(-2.855E0,3.15E-1,5.8E0));
#3910=DIRECTION('',(0.E0,0.E0,1.E0));
#3911=DIRECTION('',(0.E0,-1.E0,0.E0));
#3912=AXIS2_PLACEMENT_3D('',#3909,#3910,#3911);
#3913=PLANE('',#3912);
#3914=ORIENTED_EDGE('',*,*,#3828,.F.);
#3915=ORIENTED_EDGE('',*,*,#3861,.T.);
#3916=ORIENTED_EDGE('',*,*,#3875,.T.);
#3917=ORIENTED_EDGE('',*,*,#3902,.F.);
#3918=EDGE_LOOP('',(#3914,#3915,#3916,#3917));
#3919=FACE_OUTER_BOUND('',#3918,.F.);
#3921=CARTESIAN_POINT('',(-2.855E0,-3.15E-1,-2.8E0));
#3922=DIRECTION('',(0.E0,-1.E0,0.E0));
#3923=DIRECTION('',(0.E0,0.E0,-1.E0));
#3924=AXIS2_PLACEMENT_3D('',#3921,#3922,#3923);
#3925=PLANE('',#3924);
#3926=ORIENTED_EDGE('',*,*,#3841,.F.);
#3928=ORIENTED_EDGE('',*,*,#3927,.T.);
#3929=ORIENTED_EDGE('',*,*,#3885,.T.);
#3931=ORIENTED_EDGE('',*,*,#3930,.F.);
#3932=EDGE_LOOP('',(#3926,#3928,#3929,#3931));
#3933=FACE_OUTER_BOUND('',#3932,.F.);
#3935=CARTESIAN_POINT('',(2.286E1,0.E0,-2.8E0));
#3936=DIRECTION('',(0.E0,0.E0,1.E0));
#3937=DIRECTION('',(1.E0,0.E0,0.E0));
#3938=AXIS2_PLACEMENT_3D('',#3935,#3936,#3937);
#3939=PLANE('',#3938);
#3941=ORIENTED_EDGE('',*,*,#3940,.F.);
#3943=ORIENTED_EDGE('',*,*,#3942,.T.);
#3945=ORIENTED_EDGE('',*,*,#3944,.F.);
#3947=ORIENTED_EDGE('',*,*,#3946,.T.);
#3948=EDGE_LOOP('',(#3941,#3943,#3945,#3947));
#3949=FACE_OUTER_BOUND('',#3948,.F.);
#3950=ORIENTED_EDGE('',*,*,#3847,.T.);
#3952=ORIENTED_EDGE('',*,*,#3951,.T.);
#3953=ORIENTED_EDGE('',*,*,#3887,.F.);
#3954=ORIENTED_EDGE('',*,*,#3927,.F.);
#3955=EDGE_LOOP('',(#3950,#3952,#3953,#3954));
#3956=FACE_BOUND('',#3955,.F.);
#3958=CARTESIAN_POINT('',(-2.855E0,3.15E-1,-6.E0));
#3959=DIRECTION('',(0.E0,1.E0,0.E0));
#3960=DIRECTION('',(0.E0,0.E0,1.E0));
#3961=AXIS2_PLACEMENT_3D('',#3958,#3959,#3960);
#3962=PLANE('',#3961);
#3963=ORIENTED_EDGE('',*,*,#3845,.F.);
#3965=ORIENTED_EDGE('',*,*,#3964,.T.);
#3966=ORIENTED_EDGE('',*,*,#3889,.T.);
#3967=ORIENTED_EDGE('',*,*,#3951,.F.);
#3968=EDGE_LOOP('',(#3963,#3965,#3966,#3967));
#3969=FACE_OUTER_BOUND('',#3968,.F.);
#3971=CARTESIAN_POINT('',(-2.855E0,-3.15E-1,-6.E0));
#3972=DIRECTION('',(0.E0,0.E0,-1.E0));
#3973=DIRECTION('',(0.E0,1.E0,0.E0));
#3974=AXIS2_PLACEMENT_3D('',#3971,#3972,#3973);
#3975=PLANE('',#3974);
#3976=ORIENTED_EDGE('',*,*,#3843,.F.);
#3977=ORIENTED_EDGE('',*,*,#3930,.T.);
#3978=ORIENTED_EDGE('',*,*,#3891,.T.);
#3979=ORIENTED_EDGE('',*,*,#3964,.F.);
#3980=EDGE_LOOP('',(#3976,#3977,#3978,#3979));
#3981=FACE_OUTER_BOUND('',#3980,.F.);
#3983=CARTESIAN_POINT('',(-1.395E0,0.E0,-2.675E0));
#3984=DIRECTION('',(7.071067811865E-1,0.E0,-7.071067811865E-1));
#3985=DIRECTION('',(0.E0,-1.E0,0.E0));
#3986=AXIS2_PLACEMENT_3D('',#3983,#3984,#3985);
#3987=PLANE('',#3986);
#3989=ORIENTED_EDGE('',*,*,#3988,.F.);
#3991=ORIENTED_EDGE('',*,*,#3990,.F.);
#3993=ORIENTED_EDGE('',*,*,#3992,.T.);
#3994=ORIENTED_EDGE('',*,*,#3940,.T.);
#3995=EDGE_LOOP('',(#3989,#3991,#3993,#3994));
#3996=FACE_OUTER_BOUND('',#3995,.F.);
#3998=CARTESIAN_POINT('',(-1.395E0,-1.125E0,-1.4E0));
#3999=DIRECTION('',(7.071067811865E-1,-7.071067811865E-1,0.E0));
#4000=DIRECTION('',(0.E0,0.E0,-1.E0));
#4001=AXIS2_PLACEMENT_3D('',#3998,#3999,#4000);
#4002=PLANE('',#4001);
#4003=ORIENTED_EDGE('',*,*,#3767,.F.);
#4004=ORIENTED_EDGE('',*,*,#3793,.F.);
#4006=ORIENTED_EDGE('',*,*,#4005,.T.);
#4007=ORIENTED_EDGE('',*,*,#3988,.T.);
#4009=ORIENTED_EDGE('',*,*,#4008,.F.);
#4010=EDGE_LOOP('',(#4003,#4004,#4006,#4007,#4009));
#4011=FACE_OUTER_BOUND('',#4010,.F.);
#4013=CARTESIAN_POINT('',(-1.27E0,-1.25E0,0.E0));
#4014=DIRECTION('',(1.E0,0.E0,0.E0));
#4015=DIRECTION('',(0.E0,1.E0,0.E0));
#4016=AXIS2_PLACEMENT_3D('',#4013,#4014,#4015);
#4017=PLANE('',#4016);
#4018=ORIENTED_EDGE('',*,*,#3990,.T.);
#4019=ORIENTED_EDGE('',*,*,#4005,.F.);
#4020=ORIENTED_EDGE('',*,*,#3791,.T.);
#4022=ORIENTED_EDGE('',*,*,#4021,.T.);
#4023=EDGE_LOOP('',(#4018,#4019,#4020,#4022));
#4024=FACE_OUTER_BOUND('',#4023,.F.);
#4026=CARTESIAN_POINT('',(-1.395E0,1.125E0,-1.4E0));
#4027=DIRECTION('',(7.071067811865E-1,7.071067811865E-1,0.E0));
#4028=DIRECTION('',(0.E0,0.E0,-1.E0));
#4029=AXIS2_PLACEMENT_3D('',#4026,#4027,#4028);
#4030=PLANE('',#4029);
#4032=ORIENTED_EDGE('',*,*,#4031,.F.);
#4034=ORIENTED_EDGE('',*,*,#4033,.T.);
#4035=ORIENTED_EDGE('',*,*,#3992,.F.);
#4036=ORIENTED_EDGE('',*,*,#4021,.F.);
#4037=ORIENTED_EDGE('',*,*,#3789,.F.);
#4038=EDGE_LOOP('',(#4032,#4034,#4035,#4036,#4037));
#4039=FACE_OUTER_BOUND('',#4038,.F.);
#4041=CARTESIAN_POINT('',(-1.476436251523E0,1.05E0,-2.E-1));
#4042=DIRECTION('',(-1.E0,0.E0,0.E0));
#4043=DIRECTION('',(0.E0,0.E0,1.E0));
#4044=AXIS2_PLACEMENT_3D('',#4041,#4042,#4043);
#4045=CYLINDRICAL_SURFACE('',#4044,2.E-1);
#4046=ORIENTED_EDGE('',*,*,#3753,.T.);
#4048=ORIENTED_EDGE('',*,*,#4047,.T.);
#4050=ORIENTED_EDGE('',*,*,#4049,.F.);
#4051=ORIENTED_EDGE('',*,*,#4031,.T.);
#4052=ORIENTED_EDGE('',*,*,#3787,.T.);
#4053=ORIENTED_EDGE('',*,*,#3805,.T.);
#4054=EDGE_LOOP('',(#4046,#4048,#4050,#4051,#4052,#4053));
#4055=FACE_OUTER_BOUND('',#4054,.F.);
#4057=CARTESIAN_POINT('',(-3.685E0,1.125E0,-1.4E0));
#4058=DIRECTION('',(-7.071067811865E-1,7.071067811865E-1,0.E0));
#4059=DIRECTION('',(0.E0,0.E0,-1.E0));
#4060=AXIS2_PLACEMENT_3D('',#4057,#4058,#4059);
#4061=PLANE('',#4060);
#4062=ORIENTED_EDGE('',*,*,#4047,.F.);
#4063=ORIENTED_EDGE('',*,*,#3751,.F.);
#4065=ORIENTED_EDGE('',*,*,#4064,.T.);
#4067=ORIENTED_EDGE('',*,*,#4066,.F.);
#4069=ORIENTED_EDGE('',*,*,#4068,.F.);
#4070=EDGE_LOOP('',(#4062,#4063,#4065,#4067,#4069));
#4071=FACE_OUTER_BOUND('',#4070,.F.);
#4073=CARTESIAN_POINT('',(-3.935E0,1.125E0,-1.4E0));
#4074=DIRECTION('',(7.071067811865E-1,7.071067811865E-1,0.E0));
#4075=DIRECTION('',(0.E0,0.E0,-1.E0));
#4076=AXIS2_PLACEMENT_3D('',#4073,#4074,#4075);
#4077=PLANE('',#4076);
#4078=ORIENTED_EDGE('',*,*,#4064,.F.);
#4079=ORIENTED_EDGE('',*,*,#3736,.F.);
#4081=ORIENTED_EDGE('',*,*,#4080,.F.);
#4083=ORIENTED_EDGE('',*,*,#4082,.T.);
#4085=ORIENTED_EDGE('',*,*,#4084,.F.);
#4086=EDGE_LOOP('',(#4078,#4079,#4081,#4083,#4085));
#4087=FACE_OUTER_BOUND('',#4086,.F.);
#4089=CARTESIAN_POINT('',(-4.016436251523E0,1.05E0,-2.E-1));
#4090=DIRECTION('',(-1.E0,0.E0,0.E0));
#4091=DIRECTION('',(0.E0,0.E0,1.E0));
#4092=AXIS2_PLACEMENT_3D('',#4089,#4090,#4091);
#4093=CYLINDRICAL_SURFACE('',#4092,2.E-1);
#4094=ORIENTED_EDGE('',*,*,#3696,.T.);
#4096=ORIENTED_EDGE('',*,*,#4095,.T.);
#4098=ORIENTED_EDGE('',*,*,#4097,.F.);
#4099=ORIENTED_EDGE('',*,*,#4080,.T.);
#4100=ORIENTED_EDGE('',*,*,#3734,.T.);
#4102=ORIENTED_EDGE('',*,*,#4101,.T.);
#4103=EDGE_LOOP('',(#4094,#4096,#4098,#4099,#4100,#4102));
#4104=FACE_OUTER_BOUND('',#4103,.F.);
#4106=CARTESIAN_POINT('',(-6.225E0,1.125E0,-1.4E0));
#4107=DIRECTION('',(-7.071067811865E-1,7.071067811865E-1,0.E0));
#4108=DIRECTION('',(0.E0,0.E0,-1.E0));
#4109=AXIS2_PLACEMENT_3D('',#4106,#4107,#4108);
#4110=PLANE('',#4109);
#4111=ORIENTED_EDGE('',*,*,#4095,.F.);
#4112=ORIENTED_EDGE('',*,*,#3694,.F.);
#4114=ORIENTED_EDGE('',*,*,#4113,.T.);
#4116=ORIENTED_EDGE('',*,*,#4115,.F.);
#4118=ORIENTED_EDGE('',*,*,#4117,.F.);
#4119=EDGE_LOOP('',(#4111,#4112,#4114,#4116,#4118));
#4120=FACE_OUTER_BOUND('',#4119,.F.);
#4122=CARTESIAN_POINT('',(-6.475E0,1.125E0,-1.4E0));
#4123=DIRECTION('',(7.071067811865E-1,7.071067811865E-1,0.E0));
#4124=DIRECTION('',(0.E0,0.E0,-1.E0));
#4125=AXIS2_PLACEMENT_3D('',#4122,#4123,#4124);
#4126=PLANE('',#4125);
#4127=ORIENTED_EDGE('',*,*,#4113,.F.);
#4128=ORIENTED_EDGE('',*,*,#3679,.F.);
#4130=ORIENTED_EDGE('',*,*,#4129,.F.);
#4132=ORIENTED_EDGE('',*,*,#4131,.T.);
#4134=ORIENTED_EDGE('',*,*,#4133,.F.);
#4135=EDGE_LOOP('',(#4127,#4128,#4130,#4132,#4134));
#4136=FACE_OUTER_BOUND('',#4135,.F.);
#4138=CARTESIAN_POINT('',(-6.556436251523E0,1.05E0,-2.E-1));
#4139=DIRECTION('',(-1.E0,0.E0,0.E0));
#4140=DIRECTION('',(0.E0,0.E0,1.E0));
#4141=AXIS2_PLACEMENT_3D('',#4138,#4139,#4140);
#4142=CYLINDRICAL_SURFACE('',#4141,2.E-1);
#4143=ORIENTED_EDGE('',*,*,#3639,.T.);
#4145=ORIENTED_EDGE('',*,*,#4144,.T.);
#4147=ORIENTED_EDGE('',*,*,#4146,.F.);
#4148=ORIENTED_EDGE('',*,*,#4129,.T.);
#4149=ORIENTED_EDGE('',*,*,#3677,.T.);
#4151=ORIENTED_EDGE('',*,*,#4150,.T.);
#4152=EDGE_LOOP('',(#4143,#4145,#4147,#4148,#4149,#4151));
#4153=FACE_OUTER_BOUND('',#4152,.F.);
#4155=CARTESIAN_POINT('',(-8.765E0,1.125E0,-1.4E0));
#4156=DIRECTION('',(-7.071067811865E-1,7.071067811865E-1,0.E0));
#4157=DIRECTION('',(0.E0,0.E0,-1.E0));
#4158=AXIS2_PLACEMENT_3D('',#4155,#4156,#4157);
#4159=PLANE('',#4158);
#4160=ORIENTED_EDGE('',*,*,#4144,.F.);
#4161=ORIENTED_EDGE('',*,*,#3637,.F.);
#4163=ORIENTED_EDGE('',*,*,#4162,.T.);
#4165=ORIENTED_EDGE('',*,*,#4164,.F.);
#4167=ORIENTED_EDGE('',*,*,#4166,.F.);
#4168=EDGE_LOOP('',(#4160,#4161,#4163,#4165,#4167));
#4169=FACE_OUTER_BOUND('',#4168,.F.);
#4171=CARTESIAN_POINT('',(-9.015E0,1.125E0,-1.4E0));
#4172=DIRECTION('',(7.071067811865E-1,7.071067811865E-1,0.E0));
#4173=DIRECTION('',(0.E0,0.E0,-1.E0));
#4174=AXIS2_PLACEMENT_3D('',#4171,#4172,#4173);
#4175=PLANE('',#4174);
#4176=ORIENTED_EDGE('',*,*,#4162,.F.);
#4177=ORIENTED_EDGE('',*,*,#3622,.F.);
#4179=ORIENTED_EDGE('',*,*,#4178,.F.);
#4181=ORIENTED_EDGE('',*,*,#4180,.T.);
#4183=ORIENTED_EDGE('',*,*,#4182,.F.);
#4184=EDGE_LOOP('',(#4176,#4177,#4179,#4181,#4183));
#4185=FACE_OUTER_BOUND('',#4184,.F.);
#4187=CARTESIAN_POINT('',(-9.096436251523E0,1.05E0,-2.E-1));
#4188=DIRECTION('',(-1.E0,0.E0,0.E0));
#4189=DIRECTION('',(0.E0,0.E0,1.E0));
#4190=AXIS2_PLACEMENT_3D('',#4187,#4188,#4189);
#4191=CYLINDRICAL_SURFACE('',#4190,2.E-1);
#4192=ORIENTED_EDGE('',*,*,#3582,.T.);
#4194=ORIENTED_EDGE('',*,*,#4193,.T.);
#4196=ORIENTED_EDGE('',*,*,#4195,.F.);
#4197=ORIENTED_EDGE('',*,*,#4178,.T.);
#4198=ORIENTED_EDGE('',*,*,#3620,.T.);
#4200=ORIENTED_EDGE('',*,*,#4199,.T.);
#4201=EDGE_LOOP('',(#4192,#4194,#4196,#4197,#4198,#4200));
#4202=FACE_OUTER_BOUND('',#4201,.F.);
#4204=CARTESIAN_POINT('',(-1.1305E1,1.125E0,-1.4E0));
#4205=DIRECTION('',(-7.071067811865E-1,7.071067811865E-1,0.E0));
#4206=DIRECTION('',(0.E0,0.E0,-1.E0));
#4207=AXIS2_PLACEMENT_3D('',#4204,#4205,#4206);
#4208=PLANE('',#4207);
#4209=ORIENTED_EDGE('',*,*,#4193,.F.);
#4210=ORIENTED_EDGE('',*,*,#3580,.F.);
#4212=ORIENTED_EDGE('',*,*,#4211,.T.);
#4214=ORIENTED_EDGE('',*,*,#4213,.F.);
#4216=ORIENTED_EDGE('',*,*,#4215,.F.);
#4217=EDGE_LOOP('',(#4209,#4210,#4212,#4214,#4216));
#4218=FACE_OUTER_BOUND('',#4217,.F.);
#4220=CARTESIAN_POINT('',(-1.1555E1,1.125E0,-1.4E0));
#4221=DIRECTION('',(7.071067811865E-1,7.071067811865E-1,0.E0));
#4222=DIRECTION('',(0.E0,0.E0,-1.E0));
#4223=AXIS2_PLACEMENT_3D('',#4220,#4221,#4222);
#4224=PLANE('',#4223);
#4225=ORIENTED_EDGE('',*,*,#4211,.F.);
#4226=ORIENTED_EDGE('',*,*,#3565,.F.);
#4228=ORIENTED_EDGE('',*,*,#4227,.F.);
#4230=ORIENTED_EDGE('',*,*,#4229,.T.);
#4232=ORIENTED_EDGE('',*,*,#4231,.F.);
#4233=EDGE_LOOP('',(#4225,#4226,#4228,#4230,#4232));
#4234=FACE_OUTER_BOUND('',#4233,.F.);
#4236=CARTESIAN_POINT('',(-1.163643625152E1,1.05E0,-2.E-1));
#4237=DIRECTION('',(-1.E0,0.E0,0.E0));
#4238=DIRECTION('',(0.E0,0.E0,1.E0));
#4239=AXIS2_PLACEMENT_3D('',#4236,#4237,#4238);
#4240=CYLINDRICAL_SURFACE('',#4239,2.E-1);
#4241=ORIENTED_EDGE('',*,*,#3525,.T.);
#4243=ORIENTED_EDGE('',*,*,#4242,.T.);
#4245=ORIENTED_EDGE('',*,*,#4244,.F.);
#4246=ORIENTED_EDGE('',*,*,#4227,.T.);
#4247=ORIENTED_EDGE('',*,*,#3563,.T.);
#4249=ORIENTED_EDGE('',*,*,#4248,.T.);
#4250=EDGE_LOOP('',(#4241,#4243,#4245,#4246,#4247,#4249));
#4251=FACE_OUTER_BOUND('',#4250,.F.);
#4253=CARTESIAN_POINT('',(-1.3845E1,1.125E0,-1.4E0));
#4254=DIRECTION('',(-7.071067811865E-1,7.071067811865E-1,0.E0));
#4255=DIRECTION('',(0.E0,0.E0,-1.E0));
#4256=AXIS2_PLACEMENT_3D('',#4253,#4254,#4255);
#4257=PLANE('',#4256);
#4258=ORIENTED_EDGE('',*,*,#4242,.F.);
#4259=ORIENTED_EDGE('',*,*,#3523,.F.);
#4261=ORIENTED_EDGE('',*,*,#4260,.T.);
#4263=ORIENTED_EDGE('',*,*,#4262,.F.);
#4265=ORIENTED_EDGE('',*,*,#4264,.F.);
#4266=EDGE_LOOP('',(#4258,#4259,#4261,#4263,#4265));
#4267=FACE_OUTER_BOUND('',#4266,.F.);
#4269=CARTESIAN_POINT('',(-1.4095E1,1.125E0,-1.4E0));
#4270=DIRECTION('',(7.071067811865E-1,7.071067811865E-1,0.E0));
#4271=DIRECTION('',(0.E0,0.E0,-1.E0));
#4272=AXIS2_PLACEMENT_3D('',#4269,#4270,#4271);
#4273=PLANE('',#4272);
#4274=ORIENTED_EDGE('',*,*,#4260,.F.);
#4275=ORIENTED_EDGE('',*,*,#3508,.F.);
#4277=ORIENTED_EDGE('',*,*,#4276,.F.);
#4279=ORIENTED_EDGE('',*,*,#4278,.T.);
#4281=ORIENTED_EDGE('',*,*,#4280,.F.);
#4282=EDGE_LOOP('',(#4274,#4275,#4277,#4279,#4281));
#4283=FACE_OUTER_BOUND('',#4282,.F.);
#4285=CARTESIAN_POINT('',(-1.417643625152E1,1.05E0,-2.E-1));
#4286=DIRECTION('',(-1.E0,0.E0,0.E0));
#4287=DIRECTION('',(0.E0,0.E0,1.E0));
#4288=AXIS2_PLACEMENT_3D('',#4285,#4286,#4287);
#4289=CYLINDRICAL_SURFACE('',#4288,2.E-1);
#4290=ORIENTED_EDGE('',*,*,#3468,.T.);
#4292=ORIENTED_EDGE('',*,*,#4291,.T.);
#4294=ORIENTED_EDGE('',*,*,#4293,.F.);
#4295=ORIENTED_EDGE('',*,*,#4276,.T.);
#4296=ORIENTED_EDGE('',*,*,#3506,.T.);
#4298=ORIENTED_EDGE('',*,*,#4297,.T.);
#4299=EDGE_LOOP('',(#4290,#4292,#4294,#4295,#4296,#4298));
#4300=FACE_OUTER_BOUND('',#4299,.F.);
#4302=CARTESIAN_POINT('',(-1.6385E1,1.125E0,-1.4E0));
#4303=DIRECTION('',(-7.071067811865E-1,7.071067811865E-1,0.E0));
#4304=DIRECTION('',(0.E0,0.E0,-1.E0));
#4305=AXIS2_PLACEMENT_3D('',#4302,#4303,#4304);
#4306=PLANE('',#4305);
#4307=ORIENTED_EDGE('',*,*,#4291,.F.);
#4308=ORIENTED_EDGE('',*,*,#3466,.F.);
#4310=ORIENTED_EDGE('',*,*,#4309,.T.);
#4312=ORIENTED_EDGE('',*,*,#4311,.F.);
#4314=ORIENTED_EDGE('',*,*,#4313,.F.);
#4315=EDGE_LOOP('',(#4307,#4308,#4310,#4312,#4314));
#4316=FACE_OUTER_BOUND('',#4315,.F.);
#4318=CARTESIAN_POINT('',(-1.6635E1,1.125E0,-1.4E0));
#4319=DIRECTION('',(7.071067811865E-1,7.071067811865E-1,0.E0));
#4320=DIRECTION('',(0.E0,0.E0,-1.E0));
#4321=AXIS2_PLACEMENT_3D('',#4318,#4319,#4320);
#4322=PLANE('',#4321);
#4323=ORIENTED_EDGE('',*,*,#4309,.F.);
#4324=ORIENTED_EDGE('',*,*,#3451,.F.);
#4326=ORIENTED_EDGE('',*,*,#4325,.F.);
#4328=ORIENTED_EDGE('',*,*,#4327,.T.);
#4330=ORIENTED_EDGE('',*,*,#4329,.F.);
#4331=EDGE_LOOP('',(#4323,#4324,#4326,#4328,#4330));
#4332=FACE_OUTER_BOUND('',#4331,.F.);
#4334=CARTESIAN_POINT('',(-1.671643625152E1,1.05E0,-2.E-1));
#4335=DIRECTION('',(-1.E0,0.E0,0.E0));
#4336=DIRECTION('',(0.E0,0.E0,1.E0));
#4337=AXIS2_PLACEMENT_3D('',#4334,#4335,#4336);
#4338=CYLINDRICAL_SURFACE('',#4337,2.E-1);
#4339=ORIENTED_EDGE('',*,*,#3411,.T.);
#4341=ORIENTED_EDGE('',*,*,#4340,.T.);
#4343=ORIENTED_EDGE('',*,*,#4342,.F.);
#4344=ORIENTED_EDGE('',*,*,#4325,.T.);
#4345=ORIENTED_EDGE('',*,*,#3449,.T.);
#4347=ORIENTED_EDGE('',*,*,#4346,.T.);
#4348=EDGE_LOOP('',(#4339,#4341,#4343,#4344,#4345,#4347));
#4349=FACE_OUTER_BOUND('',#4348,.F.);
#4351=CARTESIAN_POINT('',(-1.8925E1,1.125E0,-1.4E0));
#4352=DIRECTION('',(-7.071067811865E-1,7.071067811865E-1,0.E0));
#4353=DIRECTION('',(0.E0,0.E0,-1.E0));
#4354=AXIS2_PLACEMENT_3D('',#4351,#4352,#4353);
#4355=PLANE('',#4354);
#4356=ORIENTED_EDGE('',*,*,#4340,.F.);
#4357=ORIENTED_EDGE('',*,*,#3409,.F.);
#4359=ORIENTED_EDGE('',*,*,#4358,.T.);
#4361=ORIENTED_EDGE('',*,*,#4360,.F.);
#4363=ORIENTED_EDGE('',*,*,#4362,.F.);
#4364=EDGE_LOOP('',(#4356,#4357,#4359,#4361,#4363));
#4365=FACE_OUTER_BOUND('',#4364,.F.);
#4367=CARTESIAN_POINT('',(-1.9175E1,1.125E0,-1.4E0));
#4368=DIRECTION('',(7.071067811865E-1,7.071067811865E-1,0.E0));
#4369=DIRECTION('',(0.E0,0.E0,-1.E0));
#4370=AXIS2_PLACEMENT_3D('',#4367,#4368,#4369);
#4371=PLANE('',#4370);
#4372=ORIENTED_EDGE('',*,*,#4358,.F.);
#4373=ORIENTED_EDGE('',*,*,#3394,.F.);
#4375=ORIENTED_EDGE('',*,*,#4374,.F.);
#4377=ORIENTED_EDGE('',*,*,#4376,.T.);
#4379=ORIENTED_EDGE('',*,*,#4378,.F.);
#4380=EDGE_LOOP('',(#4372,#4373,#4375,#4377,#4379));
#4381=FACE_OUTER_BOUND('',#4380,.F.);
#4383=CARTESIAN_POINT('',(-1.925643625152E1,1.05E0,-2.E-1));
#4384=DIRECTION('',(-1.E0,0.E0,0.E0));
#4385=DIRECTION('',(0.E0,0.E0,1.E0));
#4386=AXIS2_PLACEMENT_3D('',#4383,#4384,#4385);
#4387=CYLINDRICAL_SURFACE('',#4386,2.E-1);
#4388=ORIENTED_EDGE('',*,*,#3354,.T.);
#4390=ORIENTED_EDGE('',*,*,#4389,.T.);
#4392=ORIENTED_EDGE('',*,*,#4391,.F.);
#4393=ORIENTED_EDGE('',*,*,#4374,.T.);
#4394=ORIENTED_EDGE('',*,*,#3392,.T.);
#4396=ORIENTED_EDGE('',*,*,#4395,.T.);
#4397=EDGE_LOOP('',(#4388,#4390,#4392,#4393,#4394,#4396));
#4398=FACE_OUTER_BOUND('',#4397,.F.);
#4400=CARTESIAN_POINT('',(-2.1465E1,1.125E0,-1.4E0));
#4401=DIRECTION('',(-7.071067811866E-1,7.071067811865E-1,0.E0));
#4402=DIRECTION('',(0.E0,0.E0,-1.E0));
#4403=AXIS2_PLACEMENT_3D('',#4400,#4401,#4402);
#4404=PLANE('',#4403);
#4405=ORIENTED_EDGE('',*,*,#4389,.F.);
#4406=ORIENTED_EDGE('',*,*,#3352,.F.);
#4408=ORIENTED_EDGE('',*,*,#4407,.T.);
#4410=ORIENTED_EDGE('',*,*,#4409,.F.);
#4412=ORIENTED_EDGE('',*,*,#4411,.F.);
#4413=EDGE_LOOP('',(#4405,#4406,#4408,#4410,#4412));
#4414=FACE_OUTER_BOUND('',#4413,.F.);
#4416=CARTESIAN_POINT('',(-2.1715E1,1.125E0,-1.4E0));
#4417=DIRECTION('',(7.071067811865E-1,7.071067811865E-1,0.E0));
#4418=DIRECTION('',(0.E0,0.E0,-1.E0));
#4419=AXIS2_PLACEMENT_3D('',#4416,#4417,#4418);
#4420=PLANE('',#4419);
#4421=ORIENTED_EDGE('',*,*,#4407,.F.);
#4422=ORIENTED_EDGE('',*,*,#3337,.F.);
#4424=ORIENTED_EDGE('',*,*,#4423,.F.);
#4426=ORIENTED_EDGE('',*,*,#4425,.T.);
#4428=ORIENTED_EDGE('',*,*,#4427,.F.);
#4429=EDGE_LOOP('',(#4421,#4422,#4424,#4426,#4428));
#4430=FACE_OUTER_BOUND('',#4429,.F.);
#4432=CARTESIAN_POINT('',(-2.179643625152E1,1.05E0,-2.E-1));
#4433=DIRECTION('',(-1.E0,0.E0,0.E0));
#4434=DIRECTION('',(0.E0,0.E0,1.E0));
#4435=AXIS2_PLACEMENT_3D('',#4432,#4433,#4434);
#4436=CYLINDRICAL_SURFACE('',#4435,2.E-1);
#4437=ORIENTED_EDGE('',*,*,#3297,.T.);
#4439=ORIENTED_EDGE('',*,*,#4438,.T.);
#4441=ORIENTED_EDGE('',*,*,#4440,.F.);
#4442=ORIENTED_EDGE('',*,*,#4423,.T.);
#4443=ORIENTED_EDGE('',*,*,#3335,.T.);
#4445=ORIENTED_EDGE('',*,*,#4444,.T.);
#4446=EDGE_LOOP('',(#4437,#4439,#4441,#4442,#4443,#4445));
#4447=FACE_OUTER_BOUND('',#4446,.F.);
#4449=CARTESIAN_POINT('',(-2.4005E1,1.125E0,-1.4E0));
#4450=DIRECTION('',(-7.071067811866E-1,7.071067811865E-1,0.E0));
#4451=DIRECTION('',(0.E0,0.E0,-1.E0));
#4452=AXIS2_PLACEMENT_3D('',#4449,#4450,#4451);
#4453=PLANE('',#4452);
#4454=ORIENTED_EDGE('',*,*,#4438,.F.);
#4455=ORIENTED_EDGE('',*,*,#3295,.F.);
#4457=ORIENTED_EDGE('',*,*,#4456,.T.);
#4459=ORIENTED_EDGE('',*,*,#4458,.F.);
#4461=ORIENTED_EDGE('',*,*,#4460,.F.);
#4462=EDGE_LOOP('',(#4454,#4455,#4457,#4459,#4461));
#4463=FACE_OUTER_BOUND('',#4462,.F.);
#4465=CARTESIAN_POINT('',(-2.4255E1,1.125E0,-1.4E0));
#4466=DIRECTION('',(7.071067811865E-1,7.071067811865E-1,0.E0));
#4467=DIRECTION('',(0.E0,0.E0,-1.E0));
#4468=AXIS2_PLACEMENT_3D('',#4465,#4466,#4467);
#4469=PLANE('',#4468);
#4470=ORIENTED_EDGE('',*,*,#4456,.F.);
#4471=ORIENTED_EDGE('',*,*,#3280,.F.);
#4473=ORIENTED_EDGE('',*,*,#4472,.F.);
#4475=ORIENTED_EDGE('',*,*,#4474,.T.);
#4477=ORIENTED_EDGE('',*,*,#4476,.F.);
#4478=EDGE_LOOP('',(#4470,#4471,#4473,#4475,#4477));
#4479=FACE_OUTER_BOUND('',#4478,.F.);
#4481=CARTESIAN_POINT('',(-2.433643625152E1,1.05E0,-2.E-1));
#4482=DIRECTION('',(-1.E0,0.E0,0.E0));
#4483=DIRECTION('',(0.E0,0.E0,1.E0));
#4484=AXIS2_PLACEMENT_3D('',#4481,#4482,#4483);
#4485=CYLINDRICAL_SURFACE('',#4484,2.E-1);
#4487=ORIENTED_EDGE('',*,*,#4486,.T.);
#4489=ORIENTED_EDGE('',*,*,#4488,.T.);
#4491=ORIENTED_EDGE('',*,*,#4490,.F.);
#4492=ORIENTED_EDGE('',*,*,#4472,.T.);
#4493=ORIENTED_EDGE('',*,*,#3278,.T.);
#4494=ORIENTED_EDGE('',*,*,#3055,.T.);
#4495=EDGE_LOOP('',(#4487,#4489,#4491,#4492,#4493,#4494));
#4496=FACE_OUTER_BOUND('',#4495,.F.);
#4498=CARTESIAN_POINT('',(-2.6545E1,0.E0,-1.25E-1));
#4499=DIRECTION('',(-7.071067811865E-1,0.E0,7.071067811865E-1));
#4500=DIRECTION('',(0.E0,-1.E0,0.E0));
#4501=AXIS2_PLACEMENT_3D('',#4498,#4499,#4500);
#4502=PLANE('',#4501);
#4503=ORIENTED_EDGE('',*,*,#3261,.F.);
#4505=ORIENTED_EDGE('',*,*,#4504,.T.);
#4507=ORIENTED_EDGE('',*,*,#4506,.F.);
#4509=ORIENTED_EDGE('',*,*,#4508,.T.);
#4510=ORIENTED_EDGE('',*,*,#4486,.F.);
#4511=ORIENTED_EDGE('',*,*,#3053,.T.);
#4512=EDGE_LOOP('',(#4503,#4505,#4507,#4509,#4510,#4511));
#4513=FACE_OUTER_BOUND('',#4512,.F.);
#4515=CARTESIAN_POINT('',(-2.6545E1,-1.125E0,-1.4E0));
#4516=DIRECTION('',(-7.071067811865E-1,-7.071067811865E-1,0.E0));
#4517=DIRECTION('',(0.E0,0.E0,-1.E0));
#4518=AXIS2_PLACEMENT_3D('',#4515,#4516,#4517);
#4519=PLANE('',#4518);
#4520=ORIENTED_EDGE('',*,*,#3259,.F.);
#4521=ORIENTED_EDGE('',*,*,#3244,.T.);
#4523=ORIENTED_EDGE('',*,*,#4522,.F.);
#4525=ORIENTED_EDGE('',*,*,#4524,.F.);
#4526=ORIENTED_EDGE('',*,*,#4504,.F.);
#4527=EDGE_LOOP('',(#4520,#4521,#4523,#4525,#4526));
#4528=FACE_OUTER_BOUND('',#4527,.F.);
#4530=CARTESIAN_POINT('',(-2.6545E1,0.E0,-2.675E0));
#4531=DIRECTION('',(-7.071067811865E-1,0.E0,-7.071067811865E-1));
#4532=DIRECTION('',(0.E0,-1.E0,0.E0));
#4533=AXIS2_PLACEMENT_3D('',#4530,#4531,#4532);
#4534=PLANE('',#4533);
#4536=ORIENTED_EDGE('',*,*,#4535,.F.);
#4537=ORIENTED_EDGE('',*,*,#4522,.T.);
#4538=ORIENTED_EDGE('',*,*,#3183,.T.);
#4540=ORIENTED_EDGE('',*,*,#4539,.T.);
#4541=EDGE_LOOP('',(#4536,#4537,#4538,#4540));
#4542=FACE_OUTER_BOUND('',#4541,.F.);
#4544=CARTESIAN_POINT('',(-2.667E1,1.25E0,0.E0));
#4545=DIRECTION('',(-1.E0,0.E0,0.E0));
#4546=DIRECTION('',(0.E0,-1.E0,0.E0));
#4547=AXIS2_PLACEMENT_3D('',#4544,#4545,#4546);
#4548=PLANE('',#4547);
#4549=ORIENTED_EDGE('',*,*,#4524,.T.);
#4550=ORIENTED_EDGE('',*,*,#4535,.T.);
#4552=ORIENTED_EDGE('',*,*,#4551,.F.);
#4553=ORIENTED_EDGE('',*,*,#4506,.T.);
#4554=EDGE_LOOP('',(#4549,#4550,#4552,#4553));
#4555=FACE_OUTER_BOUND('',#4554,.F.);
#4557=CARTESIAN_POINT('',(-2.6545E1,1.125E0,-1.4E0));
#4558=DIRECTION('',(-7.071067811865E-1,7.071067811865E-1,0.E0));
#4559=DIRECTION('',(0.E0,0.E0,-1.E0));
#4560=AXIS2_PLACEMENT_3D('',#4557,#4558,#4559);
#4561=PLANE('',#4560);
#4562=ORIENTED_EDGE('',*,*,#4488,.F.);
#4563=ORIENTED_EDGE('',*,*,#4508,.F.);
#4564=ORIENTED_EDGE('',*,*,#4551,.T.);
#4565=ORIENTED_EDGE('',*,*,#4539,.F.);
#4567=ORIENTED_EDGE('',*,*,#4566,.F.);
#4568=EDGE_LOOP('',(#4562,#4563,#4564,#4565,#4567));
#4569=FACE_OUTER_BOUND('',#4568,.F.);
#4571=CARTESIAN_POINT('',(-2.413E1,1.25E0,0.E0));
#4572=DIRECTION('',(0.E0,1.E0,0.E0));
#4573=DIRECTION('',(-1.E0,0.E0,0.E0));
#4574=AXIS2_PLACEMENT_3D('',#4571,#4572,#4573);
#4575=PLANE('',#4574);
#4576=ORIENTED_EDGE('',*,*,#4490,.T.);
#4577=ORIENTED_EDGE('',*,*,#4566,.T.);
#4578=ORIENTED_EDGE('',*,*,#3181,.F.);
#4579=ORIENTED_EDGE('',*,*,#4474,.F.);
#4580=EDGE_LOOP('',(#4576,#4577,#4578,#4579));
#4581=FACE_OUTER_BOUND('',#4580,.F.);
#4583=CARTESIAN_POINT('',(-2.4255E1,0.E0,-2.675E0));
#4584=DIRECTION('',(7.071067811865E-1,0.E0,-7.071067811865E-1));
#4585=DIRECTION('',(0.E0,-1.E0,0.E0));
#4586=AXIS2_PLACEMENT_3D('',#4583,#4584,#4585);
#4587=PLANE('',#4586);
#4589=ORIENTED_EDGE('',*,*,#4588,.T.);
#4590=ORIENTED_EDGE('',*,*,#4476,.T.);
#4591=ORIENTED_EDGE('',*,*,#3179,.T.);
#4593=ORIENTED_EDGE('',*,*,#4592,.F.);
#4594=EDGE_LOOP('',(#4589,#4590,#4591,#4593));
#4595=FACE_OUTER_BOUND('',#4594,.F.);
#4597=CARTESIAN_POINT('',(-2.4005E1,0.E0,-2.675E0));
#4598=DIRECTION('',(-7.071067811865E-1,0.E0,-7.071067811865E-1));
#4599=DIRECTION('',(0.E0,-1.E0,0.E0));
#4600=AXIS2_PLACEMENT_3D('',#4597,#4598,#4599);
#4601=PLANE('',#4600);
#4602=ORIENTED_EDGE('',*,*,#4588,.F.);
#4604=ORIENTED_EDGE('',*,*,#4603,.T.);
#4606=ORIENTED_EDGE('',*,*,#4605,.T.);
#4607=ORIENTED_EDGE('',*,*,#4458,.T.);
#4608=EDGE_LOOP('',(#4602,#4604,#4606,#4607));
#4609=FACE_OUTER_BOUND('',#4608,.F.);
#4611=CARTESIAN_POINT('',(-2.4005E1,-1.125E0,-1.4E0));
#4612=DIRECTION('',(-7.071067811865E-1,-7.071067811865E-1,0.E0));
#4613=DIRECTION('',(0.E0,0.E0,-1.E0));
#4614=AXIS2_PLACEMENT_3D('',#4611,#4612,#4613);
#4615=PLANE('',#4614);
#4616=ORIENTED_EDGE('',*,*,#3315,.F.);
#4618=ORIENTED_EDGE('',*,*,#4617,.T.);
#4619=ORIENTED_EDGE('',*,*,#4603,.F.);
#4621=ORIENTED_EDGE('',*,*,#4620,.F.);
#4622=ORIENTED_EDGE('',*,*,#3292,.F.);
#4623=EDGE_LOOP('',(#4616,#4618,#4619,#4621,#4622));
#4624=FACE_OUTER_BOUND('',#4623,.F.);
#4626=CARTESIAN_POINT('',(-2.413E1,-1.25E0,0.E0));
#4627=DIRECTION('',(0.E0,-1.E0,0.E0));
#4628=DIRECTION('',(1.E0,0.E0,0.E0));
#4629=AXIS2_PLACEMENT_3D('',#4626,#4627,#4628);
#4630=PLANE('',#4629);
#4631=ORIENTED_EDGE('',*,*,#3313,.T.);
#4633=ORIENTED_EDGE('',*,*,#4632,.T.);
#4635=ORIENTED_EDGE('',*,*,#4634,.F.);
#4636=ORIENTED_EDGE('',*,*,#4617,.F.);
#4637=EDGE_LOOP('',(#4631,#4633,#4635,#4636));
#4638=FACE_OUTER_BOUND('',#4637,.F.);
#4640=CARTESIAN_POINT('',(-2.1715E1,-1.125E0,-1.4E0));
#4641=DIRECTION('',(7.071067811865E-1,-7.071067811865E-1,0.E0));
#4642=DIRECTION('',(0.E0,0.E0,-1.E0));
#4643=AXIS2_PLACEMENT_3D('',#4640,#4641,#4642);
#4644=PLANE('',#4643);
#4646=ORIENTED_EDGE('',*,*,#4645,.T.);
#4648=ORIENTED_EDGE('',*,*,#4647,.T.);
#4649=ORIENTED_EDGE('',*,*,#4632,.F.);
#4650=ORIENTED_EDGE('',*,*,#3311,.F.);
#4651=ORIENTED_EDGE('',*,*,#3330,.F.);
#4652=EDGE_LOOP('',(#4646,#4648,#4649,#4650,#4651));
#4653=FACE_OUTER_BOUND('',#4652,.F.);
#4655=CARTESIAN_POINT('',(-2.1465E1,-1.125E0,-1.4E0));
#4656=DIRECTION('',(-7.071067811865E-1,-7.071067811865E-1,0.E0));
#4657=DIRECTION('',(0.E0,0.E0,-1.E0));
#4658=AXIS2_PLACEMENT_3D('',#4655,#4656,#4657);
#4659=PLANE('',#4658);
#4660=ORIENTED_EDGE('',*,*,#3372,.F.);
#4662=ORIENTED_EDGE('',*,*,#4661,.T.);
#4664=ORIENTED_EDGE('',*,*,#4663,.F.);
#4665=ORIENTED_EDGE('',*,*,#4645,.F.);
#4666=ORIENTED_EDGE('',*,*,#3349,.F.);
#4667=EDGE_LOOP('',(#4660,#4662,#4664,#4665,#4666));
#4668=FACE_OUTER_BOUND('',#4667,.F.);
#4670=CARTESIAN_POINT('',(-2.159E1,-1.25E0,0.E0));
#4671=DIRECTION('',(0.E0,-1.E0,0.E0));
#4672=DIRECTION('',(1.E0,0.E0,0.E0));
#4673=AXIS2_PLACEMENT_3D('',#4670,#4671,#4672);
#4674=PLANE('',#4673);
#4675=ORIENTED_EDGE('',*,*,#3370,.T.);
#4677=ORIENTED_EDGE('',*,*,#4676,.T.);
#4679=ORIENTED_EDGE('',*,*,#4678,.F.);
#4680=ORIENTED_EDGE('',*,*,#4661,.F.);
#4681=EDGE_LOOP('',(#4675,#4677,#4679,#4680));
#4682=FACE_OUTER_BOUND('',#4681,.F.);
#4684=CARTESIAN_POINT('',(-1.9175E1,-1.125E0,-1.4E0));
#4685=DIRECTION('',(7.071067811865E-1,-7.071067811865E-1,0.E0));
#4686=DIRECTION('',(0.E0,0.E0,-1.E0));
#4687=AXIS2_PLACEMENT_3D('',#4684,#4685,#4686);
#4688=PLANE('',#4687);
#4690=ORIENTED_EDGE('',*,*,#4689,.T.);
#4692=ORIENTED_EDGE('',*,*,#4691,.T.);
#4693=ORIENTED_EDGE('',*,*,#4676,.F.);
#4694=ORIENTED_EDGE('',*,*,#3368,.F.);
#4695=ORIENTED_EDGE('',*,*,#3387,.F.);
#4696=EDGE_LOOP('',(#4690,#4692,#4693,#4694,#4695));
#4697=FACE_OUTER_BOUND('',#4696,.F.);
#4699=CARTESIAN_POINT('',(-1.8925E1,-1.125E0,-1.4E0));
#4700=DIRECTION('',(-7.071067811865E-1,-7.071067811865E-1,0.E0));
#4701=DIRECTION('',(0.E0,0.E0,-1.E0));
#4702=AXIS2_PLACEMENT_3D('',#4699,#4700,#4701);
#4703=PLANE('',#4702);
#4704=ORIENTED_EDGE('',*,*,#3429,.F.);
#4706=ORIENTED_EDGE('',*,*,#4705,.T.);
#4708=ORIENTED_EDGE('',*,*,#4707,.F.);
#4709=ORIENTED_EDGE('',*,*,#4689,.F.);
#4710=ORIENTED_EDGE('',*,*,#3406,.F.);
#4711=EDGE_LOOP('',(#4704,#4706,#4708,#4709,#4710));
#4712=FACE_OUTER_BOUND('',#4711,.F.);
#4714=CARTESIAN_POINT('',(-1.905E1,-1.25E0,0.E0));
#4715=DIRECTION('',(0.E0,-1.E0,0.E0));
#4716=DIRECTION('',(1.E0,0.E0,0.E0));
#4717=AXIS2_PLACEMENT_3D('',#4714,#4715,#4716);
#4718=PLANE('',#4717);
#4719=ORIENTED_EDGE('',*,*,#3427,.T.);
#4721=ORIENTED_EDGE('',*,*,#4720,.T.);
#4723=ORIENTED_EDGE('',*,*,#4722,.F.);
#4724=ORIENTED_EDGE('',*,*,#4705,.F.);
#4725=EDGE_LOOP('',(#4719,#4721,#4723,#4724));
#4726=FACE_OUTER_BOUND('',#4725,.F.);
#4728=CARTESIAN_POINT('',(-1.6635E1,-1.125E0,-1.4E0));
#4729=DIRECTION('',(7.071067811866E-1,-7.071067811865E-1,0.E0));
#4730=DIRECTION('',(0.E0,0.E0,-1.E0));
#4731=AXIS2_PLACEMENT_3D('',#4728,#4729,#4730);
#4732=PLANE('',#4731);
#4734=ORIENTED_EDGE('',*,*,#4733,.T.);
#4736=ORIENTED_EDGE('',*,*,#4735,.T.);
#4737=ORIENTED_EDGE('',*,*,#4720,.F.);
#4738=ORIENTED_EDGE('',*,*,#3425,.F.);
#4739=ORIENTED_EDGE('',*,*,#3444,.F.);
#4740=EDGE_LOOP('',(#4734,#4736,#4737,#4738,#4739));
#4741=FACE_OUTER_BOUND('',#4740,.F.);
#4743=CARTESIAN_POINT('',(-1.6385E1,-1.125E0,-1.4E0));
#4744=DIRECTION('',(-7.071067811865E-1,-7.071067811865E-1,0.E0));
#4745=DIRECTION('',(0.E0,0.E0,-1.E0));
#4746=AXIS2_PLACEMENT_3D('',#4743,#4744,#4745);
#4747=PLANE('',#4746);
#4748=ORIENTED_EDGE('',*,*,#3486,.F.);
#4750=ORIENTED_EDGE('',*,*,#4749,.T.);
#4752=ORIENTED_EDGE('',*,*,#4751,.F.);
#4753=ORIENTED_EDGE('',*,*,#4733,.F.);
#4754=ORIENTED_EDGE('',*,*,#3463,.F.);
#4755=EDGE_LOOP('',(#4748,#4750,#4752,#4753,#4754));
#4756=FACE_OUTER_BOUND('',#4755,.F.);
#4758=CARTESIAN_POINT('',(-1.651E1,-1.25E0,0.E0));
#4759=DIRECTION('',(0.E0,-1.E0,0.E0));
#4760=DIRECTION('',(1.E0,0.E0,0.E0));
#4761=AXIS2_PLACEMENT_3D('',#4758,#4759,#4760);
#4762=PLANE('',#4761);
#4763=ORIENTED_EDGE('',*,*,#3484,.T.);
#4765=ORIENTED_EDGE('',*,*,#4764,.T.);
#4767=ORIENTED_EDGE('',*,*,#4766,.F.);
#4768=ORIENTED_EDGE('',*,*,#4749,.F.);
#4769=EDGE_LOOP('',(#4763,#4765,#4767,#4768));
#4770=FACE_OUTER_BOUND('',#4769,.F.);
#4772=CARTESIAN_POINT('',(-1.4095E1,-1.125E0,-1.4E0));
#4773=DIRECTION('',(7.071067811865E-1,-7.071067811865E-1,0.E0));
#4774=DIRECTION('',(0.E0,0.E0,-1.E0));
#4775=AXIS2_PLACEMENT_3D('',#4772,#4773,#4774);
#4776=PLANE('',#4775);
#4778=ORIENTED_EDGE('',*,*,#4777,.T.);
#4780=ORIENTED_EDGE('',*,*,#4779,.T.);
#4781=ORIENTED_EDGE('',*,*,#4764,.F.);
#4782=ORIENTED_EDGE('',*,*,#3482,.F.);
#4783=ORIENTED_EDGE('',*,*,#3501,.F.);
#4784=EDGE_LOOP('',(#4778,#4780,#4781,#4782,#4783));
#4785=FACE_OUTER_BOUND('',#4784,.F.);
#4787=CARTESIAN_POINT('',(-1.3845E1,-1.125E0,-1.4E0));
#4788=DIRECTION('',(-7.071067811865E-1,-7.071067811865E-1,0.E0));
#4789=DIRECTION('',(0.E0,0.E0,-1.E0));
#4790=AXIS2_PLACEMENT_3D('',#4787,#4788,#4789);
#4791=PLANE('',#4790);
#4792=ORIENTED_EDGE('',*,*,#3543,.F.);
#4794=ORIENTED_EDGE('',*,*,#4793,.T.);
#4796=ORIENTED_EDGE('',*,*,#4795,.F.);
#4797=ORIENTED_EDGE('',*,*,#4777,.F.);
#4798=ORIENTED_EDGE('',*,*,#3520,.F.);
#4799=EDGE_LOOP('',(#4792,#4794,#4796,#4797,#4798));
#4800=FACE_OUTER_BOUND('',#4799,.F.);
#4802=CARTESIAN_POINT('',(-1.397E1,-1.25E0,0.E0));
#4803=DIRECTION('',(0.E0,-1.E0,0.E0));
#4804=DIRECTION('',(1.E0,0.E0,0.E0));
#4805=AXIS2_PLACEMENT_3D('',#4802,#4803,#4804);
#4806=PLANE('',#4805);
#4807=ORIENTED_EDGE('',*,*,#3541,.T.);
#4809=ORIENTED_EDGE('',*,*,#4808,.T.);
#4811=ORIENTED_EDGE('',*,*,#4810,.F.);
#4812=ORIENTED_EDGE('',*,*,#4793,.F.);
#4813=EDGE_LOOP('',(#4807,#4809,#4811,#4812));
#4814=FACE_OUTER_BOUND('',#4813,.F.);
#4816=CARTESIAN_POINT('',(-1.1555E1,-1.125E0,-1.4E0));
#4817=DIRECTION('',(7.071067811865E-1,-7.071067811865E-1,0.E0));
#4818=DIRECTION('',(0.E0,0.E0,-1.E0));
#4819=AXIS2_PLACEMENT_3D('',#4816,#4817,#4818);
#4820=PLANE('',#4819);
#4822=ORIENTED_EDGE('',*,*,#4821,.T.);
#4824=ORIENTED_EDGE('',*,*,#4823,.T.);
#4825=ORIENTED_EDGE('',*,*,#4808,.F.);
#4826=ORIENTED_EDGE('',*,*,#3539,.F.);
#4827=ORIENTED_EDGE('',*,*,#3558,.F.);
#4828=EDGE_LOOP('',(#4822,#4824,#4825,#4826,#4827));
#4829=FACE_OUTER_BOUND('',#4828,.F.);
#4831=CARTESIAN_POINT('',(-1.1305E1,-1.125E0,-1.4E0));
#4832=DIRECTION('',(-7.071067811865E-1,-7.071067811865E-1,0.E0));
#4833=DIRECTION('',(0.E0,0.E0,-1.E0));
#4834=AXIS2_PLACEMENT_3D('',#4831,#4832,#4833);
#4835=PLANE('',#4834);
#4836=ORIENTED_EDGE('',*,*,#3600,.F.);
#4838=ORIENTED_EDGE('',*,*,#4837,.T.);
#4840=ORIENTED_EDGE('',*,*,#4839,.F.);
#4841=ORIENTED_EDGE('',*,*,#4821,.F.);
#4842=ORIENTED_EDGE('',*,*,#3577,.F.);
#4843=EDGE_LOOP('',(#4836,#4838,#4840,#4841,#4842));
#4844=FACE_OUTER_BOUND('',#4843,.F.);
#4846=CARTESIAN_POINT('',(-1.143E1,-1.25E0,0.E0));
#4847=DIRECTION('',(0.E0,-1.E0,0.E0));
#4848=DIRECTION('',(1.E0,0.E0,0.E0));
#4849=AXIS2_PLACEMENT_3D('',#4846,#4847,#4848);
#4850=PLANE('',#4849);
#4851=ORIENTED_EDGE('',*,*,#3598,.T.);
#4853=ORIENTED_EDGE('',*,*,#4852,.T.);
#4855=ORIENTED_EDGE('',*,*,#4854,.F.);
#4856=ORIENTED_EDGE('',*,*,#4837,.F.);
#4857=EDGE_LOOP('',(#4851,#4853,#4855,#4856));
#4858=FACE_OUTER_BOUND('',#4857,.F.);
#4860=CARTESIAN_POINT('',(-9.015E0,-1.125E0,-1.4E0));
#4861=DIRECTION('',(7.071067811865E-1,-7.071067811865E-1,0.E0));
#4862=DIRECTION('',(0.E0,0.E0,-1.E0));
#4863=AXIS2_PLACEMENT_3D('',#4860,#4861,#4862);
#4864=PLANE('',#4863);
#4866=ORIENTED_EDGE('',*,*,#4865,.T.);
#4868=ORIENTED_EDGE('',*,*,#4867,.T.);
#4869=ORIENTED_EDGE('',*,*,#4852,.F.);
#4870=ORIENTED_EDGE('',*,*,#3596,.F.);
#4871=ORIENTED_EDGE('',*,*,#3615,.F.);
#4872=EDGE_LOOP('',(#4866,#4868,#4869,#4870,#4871));
#4873=FACE_OUTER_BOUND('',#4872,.F.);
#4875=CARTESIAN_POINT('',(-8.765E0,-1.125E0,-1.4E0));
#4876=DIRECTION('',(-7.071067811865E-1,-7.071067811865E-1,0.E0));
#4877=DIRECTION('',(0.E0,0.E0,-1.E0));
#4878=AXIS2_PLACEMENT_3D('',#4875,#4876,#4877);
#4879=PLANE('',#4878);
#4880=ORIENTED_EDGE('',*,*,#3657,.F.);
#4882=ORIENTED_EDGE('',*,*,#4881,.T.);
#4884=ORIENTED_EDGE('',*,*,#4883,.F.);
#4885=ORIENTED_EDGE('',*,*,#4865,.F.);
#4886=ORIENTED_EDGE('',*,*,#3634,.F.);
#4887=EDGE_LOOP('',(#4880,#4882,#4884,#4885,#4886));
#4888=FACE_OUTER_BOUND('',#4887,.F.);
#4890=CARTESIAN_POINT('',(-8.89E0,-1.25E0,0.E0));
#4891=DIRECTION('',(0.E0,-1.E0,0.E0));
#4892=DIRECTION('',(1.E0,0.E0,0.E0));
#4893=AXIS2_PLACEMENT_3D('',#4890,#4891,#4892);
#4894=PLANE('',#4893);
#4895=ORIENTED_EDGE('',*,*,#3655,.T.);
#4897=ORIENTED_EDGE('',*,*,#4896,.T.);
#4899=ORIENTED_EDGE('',*,*,#4898,.F.);
#4900=ORIENTED_EDGE('',*,*,#4881,.F.);
#4901=EDGE_LOOP('',(#4895,#4897,#4899,#4900));
#4902=FACE_OUTER_BOUND('',#4901,.F.);
#4904=CARTESIAN_POINT('',(-6.475E0,-1.125E0,-1.4E0));
#4905=DIRECTION('',(7.071067811865E-1,-7.071067811865E-1,0.E0));
#4906=DIRECTION('',(0.E0,0.E0,-1.E0));
#4907=AXIS2_PLACEMENT_3D('',#4904,#4905,#4906);
#4908=PLANE('',#4907);
#4910=ORIENTED_EDGE('',*,*,#4909,.T.);
#4912=ORIENTED_EDGE('',*,*,#4911,.T.);
#4913=ORIENTED_EDGE('',*,*,#4896,.F.);
#4914=ORIENTED_EDGE('',*,*,#3653,.F.);
#4915=ORIENTED_EDGE('',*,*,#3672,.F.);
#4916=EDGE_LOOP('',(#4910,#4912,#4913,#4914,#4915));
#4917=FACE_OUTER_BOUND('',#4916,.F.);
#4919=CARTESIAN_POINT('',(-6.225E0,-1.125E0,-1.4E0));
#4920=DIRECTION('',(-7.071067811865E-1,-7.071067811865E-1,0.E0));
#4921=DIRECTION('',(0.E0,0.E0,-1.E0));
#4922=AXIS2_PLACEMENT_3D('',#4919,#4920,#4921);
#4923=PLANE('',#4922);
#4924=ORIENTED_EDGE('',*,*,#3714,.F.);
#4926=ORIENTED_EDGE('',*,*,#4925,.T.);
#4928=ORIENTED_EDGE('',*,*,#4927,.F.);
#4929=ORIENTED_EDGE('',*,*,#4909,.F.);
#4930=ORIENTED_EDGE('',*,*,#3691,.F.);
#4931=EDGE_LOOP('',(#4924,#4926,#4928,#4929,#4930));
#4932=FACE_OUTER_BOUND('',#4931,.F.);
#4934=CARTESIAN_POINT('',(-6.35E0,-1.25E0,0.E0));
#4935=DIRECTION('',(0.E0,-1.E0,0.E0));
#4936=DIRECTION('',(1.E0,0.E0,0.E0));
#4937=AXIS2_PLACEMENT_3D('',#4934,#4935,#4936);
#4938=PLANE('',#4937);
#4939=ORIENTED_EDGE('',*,*,#3712,.T.);
#4941=ORIENTED_EDGE('',*,*,#4940,.T.);
#4943=ORIENTED_EDGE('',*,*,#4942,.F.);
#4944=ORIENTED_EDGE('',*,*,#4925,.F.);
#4945=EDGE_LOOP('',(#4939,#4941,#4943,#4944));
#4946=FACE_OUTER_BOUND('',#4945,.F.);
#4948=CARTESIAN_POINT('',(-3.935E0,-1.125E0,-1.4E0));
#4949=DIRECTION('',(7.071067811865E-1,-7.071067811865E-1,0.E0));
#4950=DIRECTION('',(0.E0,0.E0,-1.E0));
#4951=AXIS2_PLACEMENT_3D('',#4948,#4949,#4950);
#4952=PLANE('',#4951);
#4954=ORIENTED_EDGE('',*,*,#4953,.T.);
#4956=ORIENTED_EDGE('',*,*,#4955,.T.);
#4957=ORIENTED_EDGE('',*,*,#4940,.F.);
#4958=ORIENTED_EDGE('',*,*,#3710,.F.);
#4959=ORIENTED_EDGE('',*,*,#3729,.F.);
#4960=EDGE_LOOP('',(#4954,#4956,#4957,#4958,#4959));
#4961=FACE_OUTER_BOUND('',#4960,.F.);
#4963=CARTESIAN_POINT('',(-3.685E0,-1.125E0,-1.4E0));
#4964=DIRECTION('',(-7.071067811865E-1,-7.071067811865E-1,0.E0));
#4965=DIRECTION('',(0.E0,0.E0,-1.E0));
#4966=AXIS2_PLACEMENT_3D('',#4963,#4964,#4965);
#4967=PLANE('',#4966);
#4968=ORIENTED_EDGE('',*,*,#3771,.F.);
#4970=ORIENTED_EDGE('',*,*,#4969,.T.);
#4972=ORIENTED_EDGE('',*,*,#4971,.F.);
#4973=ORIENTED_EDGE('',*,*,#4953,.F.);
#4974=ORIENTED_EDGE('',*,*,#3748,.F.);
#4975=EDGE_LOOP('',(#4968,#4970,#4972,#4973,#4974));
#4976=FACE_OUTER_BOUND('',#4975,.F.);
#4978=CARTESIAN_POINT('',(-3.81E0,-1.25E0,0.E0));
#4979=DIRECTION('',(0.E0,-1.E0,0.E0));
#4980=DIRECTION('',(1.E0,0.E0,0.E0));
#4981=AXIS2_PLACEMENT_3D('',#4978,#4979,#4980);
#4982=PLANE('',#4981);
#4983=ORIENTED_EDGE('',*,*,#3769,.T.);
#4984=ORIENTED_EDGE('',*,*,#4008,.T.);
#4985=ORIENTED_EDGE('',*,*,#3946,.F.);
#4986=ORIENTED_EDGE('',*,*,#4969,.F.);
#4987=EDGE_LOOP('',(#4983,#4984,#4985,#4986));
#4988=FACE_OUTER_BOUND('',#4987,.F.);
#4990=CARTESIAN_POINT('',(-3.685E0,0.E0,-2.675E0));
#4991=DIRECTION('',(-7.071067811865E-1,0.E0,-7.071067811865E-1));
#4992=DIRECTION('',(0.E0,-1.E0,0.E0));
#4993=AXIS2_PLACEMENT_3D('',#4990,#4991,#4992);
#4994=PLANE('',#4993);
#4995=ORIENTED_EDGE('',*,*,#4971,.T.);
#4996=ORIENTED_EDGE('',*,*,#3944,.T.);
#4997=ORIENTED_EDGE('',*,*,#4066,.T.);
#4999=ORIENTED_EDGE('',*,*,#4998,.F.);
#5000=EDGE_LOOP('',(#4995,#4996,#4997,#4999));
#5001=FACE_OUTER_BOUND('',#5000,.F.);
#5003=CARTESIAN_POINT('',(-3.935E0,0.E0,-2.675E0));
#5004=DIRECTION('',(7.071067811865E-1,0.E0,-7.071067811865E-1));
#5005=DIRECTION('',(0.E0,-1.E0,0.E0));
#5006=AXIS2_PLACEMENT_3D('',#5003,#5004,#5005);
#5007=PLANE('',#5006);
#5008=ORIENTED_EDGE('',*,*,#4998,.T.);
#5009=ORIENTED_EDGE('',*,*,#4084,.T.);
#5011=ORIENTED_EDGE('',*,*,#5010,.T.);
#5012=ORIENTED_EDGE('',*,*,#4955,.F.);
#5013=EDGE_LOOP('',(#5008,#5009,#5011,#5012));
#5014=FACE_OUTER_BOUND('',#5013,.F.);
#5016=CARTESIAN_POINT('',(2.032E1,0.E0,-2.8E0));
#5017=DIRECTION('',(0.E0,0.E0,1.E0));
#5018=DIRECTION('',(1.E0,0.E0,0.E0));
#5019=AXIS2_PLACEMENT_3D('',#5016,#5017,#5018);
#5020=PLANE('',#5019);
#5021=ORIENTED_EDGE('',*,*,#5010,.F.);
#5023=ORIENTED_EDGE('',*,*,#5022,.T.);
#5025=ORIENTED_EDGE('',*,*,#5024,.F.);
#5026=ORIENTED_EDGE('',*,*,#4942,.T.);
#5027=EDGE_LOOP('',(#5021,#5023,#5025,#5026));
#5028=FACE_OUTER_BOUND('',#5027,.F.);
#5030=ORIENTED_EDGE('',*,*,#5029,.T.);
#5032=ORIENTED_EDGE('',*,*,#5031,.T.);
#5034=ORIENTED_EDGE('',*,*,#5033,.F.);
#5036=ORIENTED_EDGE('',*,*,#5035,.F.);
#5037=EDGE_LOOP('',(#5030,#5032,#5034,#5036));
#5038=FACE_BOUND('',#5037,.F.);
#5040=CARTESIAN_POINT('',(-5.395E0,0.E0,0.E0));
#5041=DIRECTION('',(1.E0,0.E0,0.E0));
#5042=DIRECTION('',(0.E0,0.E0,-1.E0));
#5043=AXIS2_PLACEMENT_3D('',#5040,#5041,#5042);
#5044=PLANE('',#5043);
#5046=ORIENTED_EDGE('',*,*,#5045,.T.);
#5048=ORIENTED_EDGE('',*,*,#5047,.T.);
#5050=ORIENTED_EDGE('',*,*,#5049,.T.);
#5052=ORIENTED_EDGE('',*,*,#5051,.T.);
#5053=EDGE_LOOP('',(#5046,#5048,#5050,#5052));
#5054=FACE_OUTER_BOUND('',#5053,.F.);
#5056=CARTESIAN_POINT('',(-5.395E0,0.E0,0.E0));
#5057=DIRECTION('',(1.E0,0.E0,0.E0));
#5058=DIRECTION('',(0.E0,0.E0,-1.E0));
#5059=AXIS2_PLACEMENT_3D('',#5056,#5057,#5058);
#5060=PLANE('',#5059);
#5062=ORIENTED_EDGE('',*,*,#5061,.T.);
#5064=ORIENTED_EDGE('',*,*,#5063,.T.);
#5066=ORIENTED_EDGE('',*,*,#5065,.T.);
#5067=ORIENTED_EDGE('',*,*,#5029,.F.);
#5068=EDGE_LOOP('',(#5062,#5064,#5066,#5067));
#5069=FACE_OUTER_BOUND('',#5068,.F.);
#5071=CARTESIAN_POINT('',(-5.395E0,3.15E-1,0.E0));
#5072=DIRECTION('',(0.E0,1.E0,0.E0));
#5073=DIRECTION('',(0.E0,0.E0,1.E0));
#5074=AXIS2_PLACEMENT_3D('',#5071,#5072,#5073);
#5075=PLANE('',#5074);
#5076=ORIENTED_EDGE('',*,*,#5045,.F.);
#5078=ORIENTED_EDGE('',*,*,#5077,.T.);
#5080=ORIENTED_EDGE('',*,*,#5079,.T.);
#5082=ORIENTED_EDGE('',*,*,#5081,.F.);
#5083=EDGE_LOOP('',(#5076,#5078,#5080,#5082));
#5084=FACE_OUTER_BOUND('',#5083,.F.);
#5086=CARTESIAN_POINT('',(2.032E1,0.E0,0.E0));
#5087=DIRECTION('',(0.E0,0.E0,1.E0));
#5088=DIRECTION('',(1.E0,0.E0,0.E0));
#5089=AXIS2_PLACEMENT_3D('',#5086,#5087,#5088);
#5090=PLANE('',#5089);
#5091=ORIENTED_EDGE('',*,*,#3717,.F.);
#5092=ORIENTED_EDGE('',*,*,#3698,.F.);
#5093=ORIENTED_EDGE('',*,*,#4101,.F.);
#5094=ORIENTED_EDGE('',*,*,#3732,.F.);
#5095=EDGE_LOOP('',(#5091,#5092,#5093,#5094));
#5096=FACE_OUTER_BOUND('',#5095,.F.);
#5097=ORIENTED_EDGE('',*,*,#5051,.F.);
#5099=ORIENTED_EDGE('',*,*,#5098,.T.);
#5101=ORIENTED_EDGE('',*,*,#5100,.T.);
#5102=ORIENTED_EDGE('',*,*,#5077,.F.);
#5103=EDGE_LOOP('',(#5097,#5099,#5101,#5102));
#5104=FACE_BOUND('',#5103,.F.);
#5106=CARTESIAN_POINT('',(-5.395E0,-3.15E-1,5.8E0));
#5107=DIRECTION('',(0.E0,-1.E0,0.E0));
#5108=DIRECTION('',(0.E0,0.E0,-1.E0));
#5109=AXIS2_PLACEMENT_3D('',#5106,#5107,#5108);
#5110=PLANE('',#5109);
#5111=ORIENTED_EDGE('',*,*,#5049,.F.);
#5113=ORIENTED_EDGE('',*,*,#5112,.T.);
#5115=ORIENTED_EDGE('',*,*,#5114,.T.);
#5116=ORIENTED_EDGE('',*,*,#5098,.F.);
#5117=EDGE_LOOP('',(#5111,#5113,#5115,#5116));
#5118=FACE_OUTER_BOUND('',#5117,.F.);
#5120=CARTESIAN_POINT('',(-5.395E0,3.15E-1,5.8E0));
#5121=DIRECTION('',(0.E0,0.E0,1.E0));
#5122=DIRECTION('',(0.E0,-1.E0,0.E0));
#5123=AXIS2_PLACEMENT_3D('',#5120,#5121,#5122);
#5124=PLANE('',#5123);
#5125=ORIENTED_EDGE('',*,*,#5047,.F.);
#5126=ORIENTED_EDGE('',*,*,#5081,.T.);
#5128=ORIENTED_EDGE('',*,*,#5127,.T.);
#5129=ORIENTED_EDGE('',*,*,#5112,.F.);
#5130=EDGE_LOOP('',(#5125,#5126,#5128,#5129));
#5131=FACE_OUTER_BOUND('',#5130,.F.);
#5133=CARTESIAN_POINT('',(-4.765E0,0.E0,0.E0));
#5134=DIRECTION('',(1.E0,0.E0,0.E0));
#5135=DIRECTION('',(0.E0,0.E0,-1.E0));
#5136=AXIS2_PLACEMENT_3D('',#5133,#5134,#5135);
#5137=PLANE('',#5136);
#5138=ORIENTED_EDGE('',*,*,#5079,.F.);
#5139=ORIENTED_EDGE('',*,*,#5100,.F.);
#5140=ORIENTED_EDGE('',*,*,#5114,.F.);
#5141=ORIENTED_EDGE('',*,*,#5127,.F.);
#5142=EDGE_LOOP('',(#5138,#5139,#5140,#5141));
#5143=FACE_OUTER_BOUND('',#5142,.F.);
#5145=CARTESIAN_POINT('',(-4.765E0,0.E0,0.E0));
#5146=DIRECTION('',(1.E0,0.E0,0.E0));
#5147=DIRECTION('',(0.E0,0.E0,-1.E0));
#5148=AXIS2_PLACEMENT_3D('',#5145,#5146,#5147);
#5149=PLANE('',#5148);
#5151=ORIENTED_EDGE('',*,*,#5150,.F.);
#5152=ORIENTED_EDGE('',*,*,#5033,.T.);
#5154=ORIENTED_EDGE('',*,*,#5153,.F.);
#5156=ORIENTED_EDGE('',*,*,#5155,.F.);
#5157=EDGE_LOOP('',(#5151,#5152,#5154,#5156));
#5158=FACE_OUTER_BOUND('',#5157,.F.);
#5160=CARTESIAN_POINT('',(-5.395E0,-3.15E-1,-2.8E0));
#5161=DIRECTION('',(0.E0,-1.E0,0.E0));
#5162=DIRECTION('',(0.E0,0.E0,-1.E0));
#5163=AXIS2_PLACEMENT_3D('',#5160,#5161,#5162);
#5164=PLANE('',#5163);
#5165=ORIENTED_EDGE('',*,*,#5061,.F.);
#5166=ORIENTED_EDGE('',*,*,#5035,.T.);
#5167=ORIENTED_EDGE('',*,*,#5150,.T.);
#5169=ORIENTED_EDGE('',*,*,#5168,.F.);
#5170=EDGE_LOOP('',(#5165,#5166,#5167,#5169));
#5171=FACE_OUTER_BOUND('',#5170,.F.);
#5173=CARTESIAN_POINT('',(-5.395E0,-3.15E-1,-6.E0));
#5174=DIRECTION('',(0.E0,0.E0,-1.E0));
#5175=DIRECTION('',(0.E0,1.E0,0.E0));
#5176=AXIS2_PLACEMENT_3D('',#5173,#5174,#5175);
#5177=PLANE('',#5176);
#5178=ORIENTED_EDGE('',*,*,#5063,.F.);
#5179=ORIENTED_EDGE('',*,*,#5168,.T.);
#5180=ORIENTED_EDGE('',*,*,#5155,.T.);
#5182=ORIENTED_EDGE('',*,*,#5181,.F.);
#5183=EDGE_LOOP('',(#5178,#5179,#5180,#5182));
#5184=FACE_OUTER_BOUND('',#5183,.F.);
#5186=CARTESIAN_POINT('',(-5.395E0,3.15E-1,-6.E0));
#5187=DIRECTION('',(0.E0,1.E0,0.E0));
#5188=DIRECTION('',(0.E0,0.E0,1.E0));
#5189=AXIS2_PLACEMENT_3D('',#5186,#5187,#5188);
#5190=PLANE('',#5189);
#5191=ORIENTED_EDGE('',*,*,#5065,.F.);
#5192=ORIENTED_EDGE('',*,*,#5181,.T.);
#5193=ORIENTED_EDGE('',*,*,#5153,.T.);
#5194=ORIENTED_EDGE('',*,*,#5031,.F.);
#5195=EDGE_LOOP('',(#5191,#5192,#5193,#5194));
#5196=FACE_OUTER_BOUND('',#5195,.F.);
#5198=CARTESIAN_POINT('',(-3.81E0,1.25E0,0.E0));
#5199=DIRECTION('',(0.E0,1.E0,0.E0));
#5200=DIRECTION('',(-1.E0,0.E0,0.E0));
#5201=AXIS2_PLACEMENT_3D('',#5198,#5199,#5200);
#5202=PLANE('',#5201);
#5203=ORIENTED_EDGE('',*,*,#4097,.T.);
#5204=ORIENTED_EDGE('',*,*,#4117,.T.);
#5205=ORIENTED_EDGE('',*,*,#5022,.F.);
#5206=ORIENTED_EDGE('',*,*,#4082,.F.);
#5207=EDGE_LOOP('',(#5203,#5204,#5205,#5206));
#5208=FACE_OUTER_BOUND('',#5207,.F.);
#5210=CARTESIAN_POINT('',(-6.225E0,0.E0,-2.675E0));
#5211=DIRECTION('',(-7.071067811865E-1,0.E0,-7.071067811865E-1));
#5212=DIRECTION('',(0.E0,-1.E0,0.E0));
#5213=AXIS2_PLACEMENT_3D('',#5210,#5211,#5212);
#5214=PLANE('',#5213);
#5215=ORIENTED_EDGE('',*,*,#4927,.T.);
#5216=ORIENTED_EDGE('',*,*,#5024,.T.);
#5217=ORIENTED_EDGE('',*,*,#4115,.T.);
#5219=ORIENTED_EDGE('',*,*,#5218,.F.);
#5220=EDGE_LOOP('',(#5215,#5216,#5217,#5219));
#5221=FACE_OUTER_BOUND('',#5220,.F.);
#5223=CARTESIAN_POINT('',(-6.475E0,0.E0,-2.675E0));
#5224=DIRECTION('',(7.071067811865E-1,0.E0,-7.071067811865E-1));
#5225=DIRECTION('',(0.E0,-1.E0,0.E0));
#5226=AXIS2_PLACEMENT_3D('',#5223,#5224,#5225);
#5227=PLANE('',#5226);
#5228=ORIENTED_EDGE('',*,*,#5218,.T.);
#5229=ORIENTED_EDGE('',*,*,#4133,.T.);
#5231=ORIENTED_EDGE('',*,*,#5230,.T.);
#5232=ORIENTED_EDGE('',*,*,#4911,.F.);
#5233=EDGE_LOOP('',(#5228,#5229,#5231,#5232));
#5234=FACE_OUTER_BOUND('',#5233,.F.);
#5236=CARTESIAN_POINT('',(1.778E1,0.E0,-2.8E0));
#5237=DIRECTION('',(0.E0,0.E0,1.E0));
#5238=DIRECTION('',(1.E0,0.E0,0.E0));
#5239=AXIS2_PLACEMENT_3D('',#5236,#5237,#5238);
#5240=PLANE('',#5239);
#5241=ORIENTED_EDGE('',*,*,#5230,.F.);
#5243=ORIENTED_EDGE('',*,*,#5242,.T.);
#5245=ORIENTED_EDGE('',*,*,#5244,.F.);
#5246=ORIENTED_EDGE('',*,*,#4898,.T.);
#5247=EDGE_LOOP('',(#5241,#5243,#5245,#5246));
#5248=FACE_OUTER_BOUND('',#5247,.F.);
#5250=ORIENTED_EDGE('',*,*,#5249,.T.);
#5252=ORIENTED_EDGE('',*,*,#5251,.T.);
#5254=ORIENTED_EDGE('',*,*,#5253,.F.);
#5256=ORIENTED_EDGE('',*,*,#5255,.F.);
#5257=EDGE_LOOP('',(#5250,#5252,#5254,#5256));
#5258=FACE_BOUND('',#5257,.F.);
#5260=CARTESIAN_POINT('',(-7.935E0,0.E0,0.E0));
#5261=DIRECTION('',(1.E0,0.E0,0.E0));
#5262=DIRECTION('',(0.E0,0.E0,-1.E0));
#5263=AXIS2_PLACEMENT_3D('',#5260,#5261,#5262);
#5264=PLANE('',#5263);
#5266=ORIENTED_EDGE('',*,*,#5265,.T.);
#5268=ORIENTED_EDGE('',*,*,#5267,.T.);
#5270=ORIENTED_EDGE('',*,*,#5269,.T.);
#5272=ORIENTED_EDGE('',*,*,#5271,.T.);
#5273=EDGE_LOOP('',(#5266,#5268,#5270,#5272));
#5274=FACE_OUTER_BOUND('',#5273,.F.);
#5276=CARTESIAN_POINT('',(-7.935E0,0.E0,0.E0));
#5277=DIRECTION('',(1.E0,0.E0,0.E0));
#5278=DIRECTION('',(0.E0,0.E0,-1.E0));
#5279=AXIS2_PLACEMENT_3D('',#5276,#5277,#5278);
#5280=PLANE('',#5279);
#5282=ORIENTED_EDGE('',*,*,#5281,.T.);
#5284=ORIENTED_EDGE('',*,*,#5283,.T.);
#5286=ORIENTED_EDGE('',*,*,#5285,.T.);
#5287=ORIENTED_EDGE('',*,*,#5249,.F.);
#5288=EDGE_LOOP('',(#5282,#5284,#5286,#5287));
#5289=FACE_OUTER_BOUND('',#5288,.F.);
#5291=CARTESIAN_POINT('',(-7.935E0,3.15E-1,0.E0));
#5292=DIRECTION('',(0.E0,1.E0,0.E0));
#5293=DIRECTION('',(0.E0,0.E0,1.E0));
#5294=AXIS2_PLACEMENT_3D('',#5291,#5292,#5293);
#5295=PLANE('',#5294);
#5296=ORIENTED_EDGE('',*,*,#5265,.F.);
#5298=ORIENTED_EDGE('',*,*,#5297,.T.);
#5300=ORIENTED_EDGE('',*,*,#5299,.T.);
#5302=ORIENTED_EDGE('',*,*,#5301,.F.);
#5303=EDGE_LOOP('',(#5296,#5298,#5300,#5302));
#5304=FACE_OUTER_BOUND('',#5303,.F.);
#5306=CARTESIAN_POINT('',(1.778E1,0.E0,0.E0));
#5307=DIRECTION('',(0.E0,0.E0,1.E0));
#5308=DIRECTION('',(1.E0,0.E0,0.E0));
#5309=AXIS2_PLACEMENT_3D('',#5306,#5307,#5308);
#5310=PLANE('',#5309);
#5311=ORIENTED_EDGE('',*,*,#3660,.F.);
#5312=ORIENTED_EDGE('',*,*,#3641,.F.);
#5313=ORIENTED_EDGE('',*,*,#4150,.F.);
#5314=ORIENTED_EDGE('',*,*,#3675,.F.);
#5315=EDGE_LOOP('',(#5311,#5312,#5313,#5314));
#5316=FACE_OUTER_BOUND('',#5315,.F.);
#5317=ORIENTED_EDGE('',*,*,#5271,.F.);
#5319=ORIENTED_EDGE('',*,*,#5318,.T.);
#5321=ORIENTED_EDGE('',*,*,#5320,.T.);
#5322=ORIENTED_EDGE('',*,*,#5297,.F.);
#5323=EDGE_LOOP('',(#5317,#5319,#5321,#5322));
#5324=FACE_BOUND('',#5323,.F.);
#5326=CARTESIAN_POINT('',(-7.935E0,-3.15E-1,5.8E0));
#5327=DIRECTION('',(0.E0,-1.E0,0.E0));
#5328=DIRECTION('',(0.E0,0.E0,-1.E0));
#5329=AXIS2_PLACEMENT_3D('',#5326,#5327,#5328);
#5330=PLANE('',#5329);
#5331=ORIENTED_EDGE('',*,*,#5269,.F.);
#5333=ORIENTED_EDGE('',*,*,#5332,.T.);
#5335=ORIENTED_EDGE('',*,*,#5334,.T.);
#5336=ORIENTED_EDGE('',*,*,#5318,.F.);
#5337=EDGE_LOOP('',(#5331,#5333,#5335,#5336));
#5338=FACE_OUTER_BOUND('',#5337,.F.);
#5340=CARTESIAN_POINT('',(-7.935E0,3.15E-1,5.8E0));
#5341=DIRECTION('',(0.E0,0.E0,1.E0));
#5342=DIRECTION('',(0.E0,-1.E0,0.E0));
#5343=AXIS2_PLACEMENT_3D('',#5340,#5341,#5342);
#5344=PLANE('',#5343);
#5345=ORIENTED_EDGE('',*,*,#5267,.F.);
#5346=ORIENTED_EDGE('',*,*,#5301,.T.);
#5348=ORIENTED_EDGE('',*,*,#5347,.T.);
#5349=ORIENTED_EDGE('',*,*,#5332,.F.);
#5350=EDGE_LOOP('',(#5345,#5346,#5348,#5349));
#5351=FACE_OUTER_BOUND('',#5350,.F.);
#5353=CARTESIAN_POINT('',(-7.305E0,0.E0,0.E0));
#5354=DIRECTION('',(1.E0,0.E0,0.E0));
#5355=DIRECTION('',(0.E0,0.E0,-1.E0));
#5356=AXIS2_PLACEMENT_3D('',#5353,#5354,#5355);
#5357=PLANE('',#5356);
#5358=ORIENTED_EDGE('',*,*,#5299,.F.);
#5359=ORIENTED_EDGE('',*,*,#5320,.F.);
#5360=ORIENTED_EDGE('',*,*,#5334,.F.);
#5361=ORIENTED_EDGE('',*,*,#5347,.F.);
#5362=EDGE_LOOP('',(#5358,#5359,#5360,#5361));
#5363=FACE_OUTER_BOUND('',#5362,.F.);
#5365=CARTESIAN_POINT('',(-7.305E0,0.E0,0.E0));
#5366=DIRECTION('',(1.E0,0.E0,0.E0));
#5367=DIRECTION('',(0.E0,0.E0,-1.E0));
#5368=AXIS2_PLACEMENT_3D('',#5365,#5366,#5367);
#5369=PLANE('',#5368);
#5371=ORIENTED_EDGE('',*,*,#5370,.F.);
#5372=ORIENTED_EDGE('',*,*,#5253,.T.);
#5374=ORIENTED_EDGE('',*,*,#5373,.F.);
#5376=ORIENTED_EDGE('',*,*,#5375,.F.);
#5377=EDGE_LOOP('',(#5371,#5372,#5374,#5376));
#5378=FACE_OUTER_BOUND('',#5377,.F.);
#5380=CARTESIAN_POINT('',(-7.935E0,-3.15E-1,-2.8E0));
#5381=DIRECTION('',(0.E0,-1.E0,0.E0));
#5382=DIRECTION('',(0.E0,0.E0,-1.E0));
#5383=AXIS2_PLACEMENT_3D('',#5380,#5381,#5382);
#5384=PLANE('',#5383);
#5385=ORIENTED_EDGE('',*,*,#5281,.F.);
#5386=ORIENTED_EDGE('',*,*,#5255,.T.);
#5387=ORIENTED_EDGE('',*,*,#5370,.T.);
#5389=ORIENTED_EDGE('',*,*,#5388,.F.);
#5390=EDGE_LOOP('',(#5385,#5386,#5387,#5389));
#5391=FACE_OUTER_BOUND('',#5390,.F.);
#5393=CARTESIAN_POINT('',(-7.935E0,-3.15E-1,-6.E0));
#5394=DIRECTION('',(0.E0,0.E0,-1.E0));
#5395=DIRECTION('',(0.E0,1.E0,0.E0));
#5396=AXIS2_PLACEMENT_3D('',#5393,#5394,#5395);
#5397=PLANE('',#5396);
#5398=ORIENTED_EDGE('',*,*,#5283,.F.);
#5399=ORIENTED_EDGE('',*,*,#5388,.T.);
#5400=ORIENTED_EDGE('',*,*,#5375,.T.);
#5402=ORIENTED_EDGE('',*,*,#5401,.F.);
#5403=EDGE_LOOP('',(#5398,#5399,#5400,#5402));
#5404=FACE_OUTER_BOUND('',#5403,.F.);
#5406=CARTESIAN_POINT('',(-7.935E0,3.15E-1,-6.E0));
#5407=DIRECTION('',(0.E0,1.E0,0.E0));
#5408=DIRECTION('',(0.E0,0.E0,1.E0));
#5409=AXIS2_PLACEMENT_3D('',#5406,#5407,#5408);
#5410=PLANE('',#5409);
#5411=ORIENTED_EDGE('',*,*,#5285,.F.);
#5412=ORIENTED_EDGE('',*,*,#5401,.T.);
#5413=ORIENTED_EDGE('',*,*,#5373,.T.);
#5414=ORIENTED_EDGE('',*,*,#5251,.F.);
#5415=EDGE_LOOP('',(#5411,#5412,#5413,#5414));
#5416=FACE_OUTER_BOUND('',#5415,.F.);
#5418=CARTESIAN_POINT('',(-6.35E0,1.25E0,0.E0));
#5419=DIRECTION('',(0.E0,1.E0,0.E0));
#5420=DIRECTION('',(-1.E0,0.E0,0.E0));
#5421=AXIS2_PLACEMENT_3D('',#5418,#5419,#5420);
#5422=PLANE('',#5421);
#5423=ORIENTED_EDGE('',*,*,#4146,.T.);
#5424=ORIENTED_EDGE('',*,*,#4166,.T.);
#5425=ORIENTED_EDGE('',*,*,#5242,.F.);
#5426=ORIENTED_EDGE('',*,*,#4131,.F.);
#5427=EDGE_LOOP('',(#5423,#5424,#5425,#5426));
#5428=FACE_OUTER_BOUND('',#5427,.F.);
#5430=CARTESIAN_POINT('',(-8.765E0,0.E0,-2.675E0));
#5431=DIRECTION('',(-7.071067811865E-1,0.E0,-7.071067811865E-1));
#5432=DIRECTION('',(0.E0,-1.E0,0.E0));
#5433=AXIS2_PLACEMENT_3D('',#5430,#5431,#5432);
#5434=PLANE('',#5433);
#5435=ORIENTED_EDGE('',*,*,#4883,.T.);
#5436=ORIENTED_EDGE('',*,*,#5244,.T.);
#5437=ORIENTED_EDGE('',*,*,#4164,.T.);
#5439=ORIENTED_EDGE('',*,*,#5438,.F.);
#5440=EDGE_LOOP('',(#5435,#5436,#5437,#5439));
#5441=FACE_OUTER_BOUND('',#5440,.F.);
#5443=CARTESIAN_POINT('',(-9.015E0,0.E0,-2.675E0));
#5444=DIRECTION('',(7.071067811865E-1,0.E0,-7.071067811865E-1));
#5445=DIRECTION('',(0.E0,-1.E0,0.E0));
#5446=AXIS2_PLACEMENT_3D('',#5443,#5444,#5445);
#5447=PLANE('',#5446);
#5448=ORIENTED_EDGE('',*,*,#5438,.T.);
#5449=ORIENTED_EDGE('',*,*,#4182,.T.);
#5451=ORIENTED_EDGE('',*,*,#5450,.T.);
#5452=ORIENTED_EDGE('',*,*,#4867,.F.);
#5453=EDGE_LOOP('',(#5448,#5449,#5451,#5452));
#5454=FACE_OUTER_BOUND('',#5453,.F.);
#5456=CARTESIAN_POINT('',(1.524E1,0.E0,-2.8E0));
#5457=DIRECTION('',(0.E0,0.E0,1.E0));
#5458=DIRECTION('',(1.E0,0.E0,0.E0));
#5459=AXIS2_PLACEMENT_3D('',#5456,#5457,#5458);
#5460=PLANE('',#5459);
#5461=ORIENTED_EDGE('',*,*,#5450,.F.);
#5463=ORIENTED_EDGE('',*,*,#5462,.T.);
#5465=ORIENTED_EDGE('',*,*,#5464,.F.);
#5466=ORIENTED_EDGE('',*,*,#4854,.T.);
#5467=EDGE_LOOP('',(#5461,#5463,#5465,#5466));
#5468=FACE_OUTER_BOUND('',#5467,.F.);
#5470=ORIENTED_EDGE('',*,*,#5469,.T.);
#5472=ORIENTED_EDGE('',*,*,#5471,.T.);
#5474=ORIENTED_EDGE('',*,*,#5473,.F.);
#5476=ORIENTED_EDGE('',*,*,#5475,.F.);
#5477=EDGE_LOOP('',(#5470,#5472,#5474,#5476));
#5478=FACE_BOUND('',#5477,.F.);
#5480=CARTESIAN_POINT('',(-1.0475E1,0.E0,0.E0));
#5481=DIRECTION('',(1.E0,0.E0,0.E0));
#5482=DIRECTION('',(0.E0,0.E0,-1.E0));
#5483=AXIS2_PLACEMENT_3D('',#5480,#5481,#5482);
#5484=PLANE('',#5483);
#5486=ORIENTED_EDGE('',*,*,#5485,.T.);
#5488=ORIENTED_EDGE('',*,*,#5487,.T.);
#5490=ORIENTED_EDGE('',*,*,#5489,.T.);
#5492=ORIENTED_EDGE('',*,*,#5491,.T.);
#5493=EDGE_LOOP('',(#5486,#5488,#5490,#5492));
#5494=FACE_OUTER_BOUND('',#5493,.F.);
#5496=CARTESIAN_POINT('',(-1.0475E1,0.E0,0.E0));
#5497=DIRECTION('',(1.E0,0.E0,0.E0));
#5498=DIRECTION('',(0.E0,0.E0,-1.E0));
#5499=AXIS2_PLACEMENT_3D('',#5496,#5497,#5498);
#5500=PLANE('',#5499);
#5502=ORIENTED_EDGE('',*,*,#5501,.T.);
#5504=ORIENTED_EDGE('',*,*,#5503,.T.);
#5506=ORIENTED_EDGE('',*,*,#5505,.T.);
#5507=ORIENTED_EDGE('',*,*,#5469,.F.);
#5508=EDGE_LOOP('',(#5502,#5504,#5506,#5507));
#5509=FACE_OUTER_BOUND('',#5508,.F.);
#5511=CARTESIAN_POINT('',(-1.0475E1,3.15E-1,0.E0));
#5512=DIRECTION('',(0.E0,1.E0,0.E0));
#5513=DIRECTION('',(0.E0,0.E0,1.E0));
#5514=AXIS2_PLACEMENT_3D('',#5511,#5512,#5513);
#5515=PLANE('',#5514);
#5516=ORIENTED_EDGE('',*,*,#5485,.F.);
#5518=ORIENTED_EDGE('',*,*,#5517,.T.);
#5520=ORIENTED_EDGE('',*,*,#5519,.T.);
#5522=ORIENTED_EDGE('',*,*,#5521,.F.);
#5523=EDGE_LOOP('',(#5516,#5518,#5520,#5522));
#5524=FACE_OUTER_BOUND('',#5523,.F.);
#5526=CARTESIAN_POINT('',(1.524E1,0.E0,0.E0));
#5527=DIRECTION('',(0.E0,0.E0,1.E0));
#5528=DIRECTION('',(1.E0,0.E0,0.E0));
#5529=AXIS2_PLACEMENT_3D('',#5526,#5527,#5528);
#5530=PLANE('',#5529);
#5531=ORIENTED_EDGE('',*,*,#3603,.F.);
#5532=ORIENTED_EDGE('',*,*,#3584,.F.);
#5533=ORIENTED_EDGE('',*,*,#4199,.F.);
#5534=ORIENTED_EDGE('',*,*,#3618,.F.);
#5535=EDGE_LOOP('',(#5531,#5532,#5533,#5534));
#5536=FACE_OUTER_BOUND('',#5535,.F.);
#5537=ORIENTED_EDGE('',*,*,#5491,.F.);
#5539=ORIENTED_EDGE('',*,*,#5538,.T.);
#5541=ORIENTED_EDGE('',*,*,#5540,.T.);
#5542=ORIENTED_EDGE('',*,*,#5517,.F.);
#5543=EDGE_LOOP('',(#5537,#5539,#5541,#5542));
#5544=FACE_BOUND('',#5543,.F.);
#5546=CARTESIAN_POINT('',(-1.0475E1,-3.15E-1,5.8E0));
#5547=DIRECTION('',(0.E0,-1.E0,0.E0));
#5548=DIRECTION('',(0.E0,0.E0,-1.E0));
#5549=AXIS2_PLACEMENT_3D('',#5546,#5547,#5548);
#5550=PLANE('',#5549);
#5551=ORIENTED_EDGE('',*,*,#5489,.F.);
#5553=ORIENTED_EDGE('',*,*,#5552,.T.);
#5555=ORIENTED_EDGE('',*,*,#5554,.T.);
#5556=ORIENTED_EDGE('',*,*,#5538,.F.);
#5557=EDGE_LOOP('',(#5551,#5553,#5555,#5556));
#5558=FACE_OUTER_BOUND('',#5557,.F.);
#5560=CARTESIAN_POINT('',(-1.0475E1,3.15E-1,5.8E0));
#5561=DIRECTION('',(0.E0,0.E0,1.E0));
#5562=DIRECTION('',(0.E0,-1.E0,0.E0));
#5563=AXIS2_PLACEMENT_3D('',#5560,#5561,#5562);
#5564=PLANE('',#5563);
#5565=ORIENTED_EDGE('',*,*,#5487,.F.);
#5566=ORIENTED_EDGE('',*,*,#5521,.T.);
#5568=ORIENTED_EDGE('',*,*,#5567,.T.);
#5569=ORIENTED_EDGE('',*,*,#5552,.F.);
#5570=EDGE_LOOP('',(#5565,#5566,#5568,#5569));
#5571=FACE_OUTER_BOUND('',#5570,.F.);
#5573=CARTESIAN_POINT('',(-9.845E0,0.E0,0.E0));
#5574=DIRECTION('',(1.E0,0.E0,0.E0));
#5575=DIRECTION('',(0.E0,0.E0,-1.E0));
#5576=AXIS2_PLACEMENT_3D('',#5573,#5574,#5575);
#5577=PLANE('',#5576);
#5578=ORIENTED_EDGE('',*,*,#5519,.F.);
#5579=ORIENTED_EDGE('',*,*,#5540,.F.);
#5580=ORIENTED_EDGE('',*,*,#5554,.F.);
#5581=ORIENTED_EDGE('',*,*,#5567,.F.);
#5582=EDGE_LOOP('',(#5578,#5579,#5580,#5581));
#5583=FACE_OUTER_BOUND('',#5582,.F.);
#5585=CARTESIAN_POINT('',(-9.845E0,0.E0,0.E0));
#5586=DIRECTION('',(1.E0,0.E0,0.E0));
#5587=DIRECTION('',(0.E0,0.E0,-1.E0));
#5588=AXIS2_PLACEMENT_3D('',#5585,#5586,#5587);
#5589=PLANE('',#5588);
#5591=ORIENTED_EDGE('',*,*,#5590,.F.);
#5592=ORIENTED_EDGE('',*,*,#5473,.T.);
#5594=ORIENTED_EDGE('',*,*,#5593,.F.);
#5596=ORIENTED_EDGE('',*,*,#5595,.F.);
#5597=EDGE_LOOP('',(#5591,#5592,#5594,#5596));
#5598=FACE_OUTER_BOUND('',#5597,.F.);
#5600=CARTESIAN_POINT('',(-1.0475E1,-3.15E-1,-2.8E0));
#5601=DIRECTION('',(0.E0,-1.E0,0.E0));
#5602=DIRECTION('',(0.E0,0.E0,-1.E0));
#5603=AXIS2_PLACEMENT_3D('',#5600,#5601,#5602);
#5604=PLANE('',#5603);
#5605=ORIENTED_EDGE('',*,*,#5501,.F.);
#5606=ORIENTED_EDGE('',*,*,#5475,.T.);
#5607=ORIENTED_EDGE('',*,*,#5590,.T.);
#5609=ORIENTED_EDGE('',*,*,#5608,.F.);
#5610=EDGE_LOOP('',(#5605,#5606,#5607,#5609));
#5611=FACE_OUTER_BOUND('',#5610,.F.);
#5613=CARTESIAN_POINT('',(-1.0475E1,-3.15E-1,-6.E0));
#5614=DIRECTION('',(0.E0,0.E0,-1.E0));
#5615=DIRECTION('',(0.E0,1.E0,0.E0));
#5616=AXIS2_PLACEMENT_3D('',#5613,#5614,#5615);
#5617=PLANE('',#5616);
#5618=ORIENTED_EDGE('',*,*,#5503,.F.);
#5619=ORIENTED_EDGE('',*,*,#5608,.T.);
#5620=ORIENTED_EDGE('',*,*,#5595,.T.);
#5622=ORIENTED_EDGE('',*,*,#5621,.F.);
#5623=EDGE_LOOP('',(#5618,#5619,#5620,#5622));
#5624=FACE_OUTER_BOUND('',#5623,.F.);
#5626=CARTESIAN_POINT('',(-1.0475E1,3.15E-1,-6.E0));
#5627=DIRECTION('',(0.E0,1.E0,0.E0));
#5628=DIRECTION('',(0.E0,0.E0,1.E0));
#5629=AXIS2_PLACEMENT_3D('',#5626,#5627,#5628);
#5630=PLANE('',#5629);
#5631=ORIENTED_EDGE('',*,*,#5505,.F.);
#5632=ORIENTED_EDGE('',*,*,#5621,.T.);
#5633=ORIENTED_EDGE('',*,*,#5593,.T.);
#5634=ORIENTED_EDGE('',*,*,#5471,.F.);
#5635=EDGE_LOOP('',(#5631,#5632,#5633,#5634));
#5636=FACE_OUTER_BOUND('',#5635,.F.);
#5638=CARTESIAN_POINT('',(-8.89E0,1.25E0,0.E0));
#5639=DIRECTION('',(0.E0,1.E0,0.E0));
#5640=DIRECTION('',(-1.E0,0.E0,0.E0));
#5641=AXIS2_PLACEMENT_3D('',#5638,#5639,#5640);
#5642=PLANE('',#5641);
#5643=ORIENTED_EDGE('',*,*,#4195,.T.);
#5644=ORIENTED_EDGE('',*,*,#4215,.T.);
#5645=ORIENTED_EDGE('',*,*,#5462,.F.);
#5646=ORIENTED_EDGE('',*,*,#4180,.F.);
#5647=EDGE_LOOP('',(#5643,#5644,#5645,#5646));
#5648=FACE_OUTER_BOUND('',#5647,.F.);
#5650=CARTESIAN_POINT('',(-1.1305E1,0.E0,-2.675E0));
#5651=DIRECTION('',(-7.071067811865E-1,0.E0,-7.071067811865E-1));
#5652=DIRECTION('',(0.E0,-1.E0,0.E0));
#5653=AXIS2_PLACEMENT_3D('',#5650,#5651,#5652);
#5654=PLANE('',#5653);
#5655=ORIENTED_EDGE('',*,*,#4839,.T.);
#5656=ORIENTED_EDGE('',*,*,#5464,.T.);
#5657=ORIENTED_EDGE('',*,*,#4213,.T.);
#5659=ORIENTED_EDGE('',*,*,#5658,.F.);
#5660=EDGE_LOOP('',(#5655,#5656,#5657,#5659));
#5661=FACE_OUTER_BOUND('',#5660,.F.);
#5663=CARTESIAN_POINT('',(-1.1555E1,0.E0,-2.675E0));
#5664=DIRECTION('',(7.071067811865E-1,0.E0,-7.071067811865E-1));
#5665=DIRECTION('',(0.E0,-1.E0,0.E0));
#5666=AXIS2_PLACEMENT_3D('',#5663,#5664,#5665);
#5667=PLANE('',#5666);
#5668=ORIENTED_EDGE('',*,*,#5658,.T.);
#5669=ORIENTED_EDGE('',*,*,#4231,.T.);
#5671=ORIENTED_EDGE('',*,*,#5670,.T.);
#5672=ORIENTED_EDGE('',*,*,#4823,.F.);
#5673=EDGE_LOOP('',(#5668,#5669,#5671,#5672));
#5674=FACE_OUTER_BOUND('',#5673,.F.);
#5676=CARTESIAN_POINT('',(1.27E1,0.E0,-2.8E0));
#5677=DIRECTION('',(0.E0,0.E0,1.E0));
#5678=DIRECTION('',(1.E0,0.E0,0.E0));
#5679=AXIS2_PLACEMENT_3D('',#5676,#5677,#5678);
#5680=PLANE('',#5679);
#5681=ORIENTED_EDGE('',*,*,#5670,.F.);
#5683=ORIENTED_EDGE('',*,*,#5682,.T.);
#5685=ORIENTED_EDGE('',*,*,#5684,.F.);
#5686=ORIENTED_EDGE('',*,*,#4810,.T.);
#5687=EDGE_LOOP('',(#5681,#5683,#5685,#5686));
#5688=FACE_OUTER_BOUND('',#5687,.F.);
#5690=ORIENTED_EDGE('',*,*,#5689,.T.);
#5692=ORIENTED_EDGE('',*,*,#5691,.T.);
#5694=ORIENTED_EDGE('',*,*,#5693,.F.);
#5696=ORIENTED_EDGE('',*,*,#5695,.F.);
#5697=EDGE_LOOP('',(#5690,#5692,#5694,#5696));
#5698=FACE_BOUND('',#5697,.F.);
#5700=CARTESIAN_POINT('',(-1.3015E1,0.E0,0.E0));
#5701=DIRECTION('',(1.E0,0.E0,0.E0));
#5702=DIRECTION('',(0.E0,0.E0,-1.E0));
#5703=AXIS2_PLACEMENT_3D('',#5700,#5701,#5702);
#5704=PLANE('',#5703);
#5706=ORIENTED_EDGE('',*,*,#5705,.T.);
#5708=ORIENTED_EDGE('',*,*,#5707,.T.);
#5710=ORIENTED_EDGE('',*,*,#5709,.T.);
#5712=ORIENTED_EDGE('',*,*,#5711,.T.);
#5713=EDGE_LOOP('',(#5706,#5708,#5710,#5712));
#5714=FACE_OUTER_BOUND('',#5713,.F.);
#5716=CARTESIAN_POINT('',(-1.3015E1,0.E0,0.E0));
#5717=DIRECTION('',(1.E0,0.E0,0.E0));
#5718=DIRECTION('',(0.E0,0.E0,-1.E0));
#5719=AXIS2_PLACEMENT_3D('',#5716,#5717,#5718);
#5720=PLANE('',#5719);
#5722=ORIENTED_EDGE('',*,*,#5721,.T.);
#5724=ORIENTED_EDGE('',*,*,#5723,.T.);
#5726=ORIENTED_EDGE('',*,*,#5725,.T.);
#5727=ORIENTED_EDGE('',*,*,#5689,.F.);
#5728=EDGE_LOOP('',(#5722,#5724,#5726,#5727));
#5729=FACE_OUTER_BOUND('',#5728,.F.);
#5731=CARTESIAN_POINT('',(-1.3015E1,3.15E-1,0.E0));
#5732=DIRECTION('',(0.E0,1.E0,0.E0));
#5733=DIRECTION('',(0.E0,0.E0,1.E0));
#5734=AXIS2_PLACEMENT_3D('',#5731,#5732,#5733);
#5735=PLANE('',#5734);
#5736=ORIENTED_EDGE('',*,*,#5705,.F.);
#5738=ORIENTED_EDGE('',*,*,#5737,.T.);
#5740=ORIENTED_EDGE('',*,*,#5739,.T.);
#5742=ORIENTED_EDGE('',*,*,#5741,.F.);
#5743=EDGE_LOOP('',(#5736,#5738,#5740,#5742));
#5744=FACE_OUTER_BOUND('',#5743,.F.);
#5746=CARTESIAN_POINT('',(1.27E1,0.E0,0.E0));
#5747=DIRECTION('',(0.E0,0.E0,1.E0));
#5748=DIRECTION('',(1.E0,0.E0,0.E0));
#5749=AXIS2_PLACEMENT_3D('',#5746,#5747,#5748);
#5750=PLANE('',#5749);
#5751=ORIENTED_EDGE('',*,*,#3546,.F.);
#5752=ORIENTED_EDGE('',*,*,#3527,.F.);
#5753=ORIENTED_EDGE('',*,*,#4248,.F.);
#5754=ORIENTED_EDGE('',*,*,#3561,.F.);
#5755=EDGE_LOOP('',(#5751,#5752,#5753,#5754));
#5756=FACE_OUTER_BOUND('',#5755,.F.);
#5757=ORIENTED_EDGE('',*,*,#5711,.F.);
#5759=ORIENTED_EDGE('',*,*,#5758,.T.);
#5761=ORIENTED_EDGE('',*,*,#5760,.T.);
#5762=ORIENTED_EDGE('',*,*,#5737,.F.);
#5763=EDGE_LOOP('',(#5757,#5759,#5761,#5762));
#5764=FACE_BOUND('',#5763,.F.);
#5766=CARTESIAN_POINT('',(-1.3015E1,-3.15E-1,5.8E0));
#5767=DIRECTION('',(0.E0,-1.E0,0.E0));
#5768=DIRECTION('',(0.E0,0.E0,-1.E0));
#5769=AXIS2_PLACEMENT_3D('',#5766,#5767,#5768);
#5770=PLANE('',#5769);
#5771=ORIENTED_EDGE('',*,*,#5709,.F.);
#5773=ORIENTED_EDGE('',*,*,#5772,.T.);
#5775=ORIENTED_EDGE('',*,*,#5774,.T.);
#5776=ORIENTED_EDGE('',*,*,#5758,.F.);
#5777=EDGE_LOOP('',(#5771,#5773,#5775,#5776));
#5778=FACE_OUTER_BOUND('',#5777,.F.);
#5780=CARTESIAN_POINT('',(-1.3015E1,3.15E-1,5.8E0));
#5781=DIRECTION('',(0.E0,0.E0,1.E0));
#5782=DIRECTION('',(0.E0,-1.E0,0.E0));
#5783=AXIS2_PLACEMENT_3D('',#5780,#5781,#5782);
#5784=PLANE('',#5783);
#5785=ORIENTED_EDGE('',*,*,#5707,.F.);
#5786=ORIENTED_EDGE('',*,*,#5741,.T.);
#5788=ORIENTED_EDGE('',*,*,#5787,.T.);
#5789=ORIENTED_EDGE('',*,*,#5772,.F.);
#5790=EDGE_LOOP('',(#5785,#5786,#5788,#5789));
#5791=FACE_OUTER_BOUND('',#5790,.F.);
#5793=CARTESIAN_POINT('',(-1.2385E1,0.E0,0.E0));
#5794=DIRECTION('',(1.E0,0.E0,0.E0));
#5795=DIRECTION('',(0.E0,0.E0,-1.E0));
#5796=AXIS2_PLACEMENT_3D('',#5793,#5794,#5795);
#5797=PLANE('',#5796);
#5798=ORIENTED_EDGE('',*,*,#5739,.F.);
#5799=ORIENTED_EDGE('',*,*,#5760,.F.);
#5800=ORIENTED_EDGE('',*,*,#5774,.F.);
#5801=ORIENTED_EDGE('',*,*,#5787,.F.);
#5802=EDGE_LOOP('',(#5798,#5799,#5800,#5801));
#5803=FACE_OUTER_BOUND('',#5802,.F.);
#5805=CARTESIAN_POINT('',(-1.2385E1,0.E0,0.E0));
#5806=DIRECTION('',(1.E0,0.E0,0.E0));
#5807=DIRECTION('',(0.E0,0.E0,-1.E0));
#5808=AXIS2_PLACEMENT_3D('',#5805,#5806,#5807);
#5809=PLANE('',#5808);
#5811=ORIENTED_EDGE('',*,*,#5810,.F.);
#5812=ORIENTED_EDGE('',*,*,#5693,.T.);
#5814=ORIENTED_EDGE('',*,*,#5813,.F.);
#5816=ORIENTED_EDGE('',*,*,#5815,.F.);
#5817=EDGE_LOOP('',(#5811,#5812,#5814,#5816));
#5818=FACE_OUTER_BOUND('',#5817,.F.);
#5820=CARTESIAN_POINT('',(-1.3015E1,-3.15E-1,-2.8E0));
#5821=DIRECTION('',(0.E0,-1.E0,0.E0));
#5822=DIRECTION('',(0.E0,0.E0,-1.E0));
#5823=AXIS2_PLACEMENT_3D('',#5820,#5821,#5822);
#5824=PLANE('',#5823);
#5825=ORIENTED_EDGE('',*,*,#5721,.F.);
#5826=ORIENTED_EDGE('',*,*,#5695,.T.);
#5827=ORIENTED_EDGE('',*,*,#5810,.T.);
#5829=ORIENTED_EDGE('',*,*,#5828,.F.);
#5830=EDGE_LOOP('',(#5825,#5826,#5827,#5829));
#5831=FACE_OUTER_BOUND('',#5830,.F.);
#5833=CARTESIAN_POINT('',(-1.3015E1,-3.15E-1,-6.E0));
#5834=DIRECTION('',(0.E0,0.E0,-1.E0));
#5835=DIRECTION('',(0.E0,1.E0,0.E0));
#5836=AXIS2_PLACEMENT_3D('',#5833,#5834,#5835);
#5837=PLANE('',#5836);
#5838=ORIENTED_EDGE('',*,*,#5723,.F.);
#5839=ORIENTED_EDGE('',*,*,#5828,.T.);
#5840=ORIENTED_EDGE('',*,*,#5815,.T.);
#5842=ORIENTED_EDGE('',*,*,#5841,.F.);
#5843=EDGE_LOOP('',(#5838,#5839,#5840,#5842));
#5844=FACE_OUTER_BOUND('',#5843,.F.);
#5846=CARTESIAN_POINT('',(-1.3015E1,3.15E-1,-6.E0));
#5847=DIRECTION('',(0.E0,1.E0,0.E0));
#5848=DIRECTION('',(0.E0,0.E0,1.E0));
#5849=AXIS2_PLACEMENT_3D('',#5846,#5847,#5848);
#5850=PLANE('',#5849);
#5851=ORIENTED_EDGE('',*,*,#5725,.F.);
#5852=ORIENTED_EDGE('',*,*,#5841,.T.);
#5853=ORIENTED_EDGE('',*,*,#5813,.T.);
#5854=ORIENTED_EDGE('',*,*,#5691,.F.);
#5855=EDGE_LOOP('',(#5851,#5852,#5853,#5854));
#5856=FACE_OUTER_BOUND('',#5855,.F.);
#5858=CARTESIAN_POINT('',(-1.143E1,1.25E0,0.E0));
#5859=DIRECTION('',(0.E0,1.E0,0.E0));
#5860=DIRECTION('',(-1.E0,0.E0,0.E0));
#5861=AXIS2_PLACEMENT_3D('',#5858,#5859,#5860);
#5862=PLANE('',#5861);
#5863=ORIENTED_EDGE('',*,*,#4244,.T.);
#5864=ORIENTED_EDGE('',*,*,#4264,.T.);
#5865=ORIENTED_EDGE('',*,*,#5682,.F.);
#5866=ORIENTED_EDGE('',*,*,#4229,.F.);
#5867=EDGE_LOOP('',(#5863,#5864,#5865,#5866));
#5868=FACE_OUTER_BOUND('',#5867,.F.);
#5870=CARTESIAN_POINT('',(-1.3845E1,0.E0,-2.675E0));
#5871=DIRECTION('',(-7.071067811865E-1,0.E0,-7.071067811865E-1));
#5872=DIRECTION('',(0.E0,-1.E0,0.E0));
#5873=AXIS2_PLACEMENT_3D('',#5870,#5871,#5872);
#5874=PLANE('',#5873);
#5875=ORIENTED_EDGE('',*,*,#4795,.T.);
#5876=ORIENTED_EDGE('',*,*,#5684,.T.);
#5877=ORIENTED_EDGE('',*,*,#4262,.T.);
#5879=ORIENTED_EDGE('',*,*,#5878,.F.);
#5880=EDGE_LOOP('',(#5875,#5876,#5877,#5879));
#5881=FACE_OUTER_BOUND('',#5880,.F.);
#5883=CARTESIAN_POINT('',(-1.4095E1,0.E0,-2.675E0));
#5884=DIRECTION('',(7.071067811865E-1,0.E0,-7.071067811865E-1));
#5885=DIRECTION('',(0.E0,-1.E0,0.E0));
#5886=AXIS2_PLACEMENT_3D('',#5883,#5884,#5885);
#5887=PLANE('',#5886);
#5888=ORIENTED_EDGE('',*,*,#5878,.T.);
#5889=ORIENTED_EDGE('',*,*,#4280,.T.);
#5891=ORIENTED_EDGE('',*,*,#5890,.T.);
#5892=ORIENTED_EDGE('',*,*,#4779,.F.);
#5893=EDGE_LOOP('',(#5888,#5889,#5891,#5892));
#5894=FACE_OUTER_BOUND('',#5893,.F.);
#5896=CARTESIAN_POINT('',(1.016E1,0.E0,-2.8E0));
#5897=DIRECTION('',(0.E0,0.E0,1.E0));
#5898=DIRECTION('',(1.E0,0.E0,0.E0));
#5899=AXIS2_PLACEMENT_3D('',#5896,#5897,#5898);
#5900=PLANE('',#5899);
#5901=ORIENTED_EDGE('',*,*,#5890,.F.);
#5903=ORIENTED_EDGE('',*,*,#5902,.T.);
#5905=ORIENTED_EDGE('',*,*,#5904,.F.);
#5906=ORIENTED_EDGE('',*,*,#4766,.T.);
#5907=EDGE_LOOP('',(#5901,#5903,#5905,#5906));
#5908=FACE_OUTER_BOUND('',#5907,.F.);
#5910=ORIENTED_EDGE('',*,*,#5909,.T.);
#5912=ORIENTED_EDGE('',*,*,#5911,.T.);
#5914=ORIENTED_EDGE('',*,*,#5913,.F.);
#5916=ORIENTED_EDGE('',*,*,#5915,.F.);
#5917=EDGE_LOOP('',(#5910,#5912,#5914,#5916));
#5918=FACE_BOUND('',#5917,.F.);
#5920=CARTESIAN_POINT('',(-1.5555E1,0.E0,0.E0));
#5921=DIRECTION('',(1.E0,0.E0,0.E0));
#5922=DIRECTION('',(0.E0,0.E0,-1.E0));
#5923=AXIS2_PLACEMENT_3D('',#5920,#5921,#5922);
#5924=PLANE('',#5923);
#5926=ORIENTED_EDGE('',*,*,#5925,.T.);
#5928=ORIENTED_EDGE('',*,*,#5927,.T.);
#5930=ORIENTED_EDGE('',*,*,#5929,.T.);
#5932=ORIENTED_EDGE('',*,*,#5931,.T.);
#5933=EDGE_LOOP('',(#5926,#5928,#5930,#5932));
#5934=FACE_OUTER_BOUND('',#5933,.F.);
#5936=CARTESIAN_POINT('',(-1.5555E1,0.E0,0.E0));
#5937=DIRECTION('',(1.E0,0.E0,0.E0));
#5938=DIRECTION('',(0.E0,0.E0,-1.E0));
#5939=AXIS2_PLACEMENT_3D('',#5936,#5937,#5938);
#5940=PLANE('',#5939);
#5942=ORIENTED_EDGE('',*,*,#5941,.T.);
#5944=ORIENTED_EDGE('',*,*,#5943,.T.);
#5946=ORIENTED_EDGE('',*,*,#5945,.T.);
#5947=ORIENTED_EDGE('',*,*,#5909,.F.);
#5948=EDGE_LOOP('',(#5942,#5944,#5946,#5947));
#5949=FACE_OUTER_BOUND('',#5948,.F.);
#5951=CARTESIAN_POINT('',(-1.5555E1,3.15E-1,0.E0));
#5952=DIRECTION('',(0.E0,1.E0,0.E0));
#5953=DIRECTION('',(0.E0,0.E0,1.E0));
#5954=AXIS2_PLACEMENT_3D('',#5951,#5952,#5953);
#5955=PLANE('',#5954);
#5956=ORIENTED_EDGE('',*,*,#5925,.F.);
#5958=ORIENTED_EDGE('',*,*,#5957,.T.);
#5960=ORIENTED_EDGE('',*,*,#5959,.T.);
#5962=ORIENTED_EDGE('',*,*,#5961,.F.);
#5963=EDGE_LOOP('',(#5956,#5958,#5960,#5962));
#5964=FACE_OUTER_BOUND('',#5963,.F.);
#5966=CARTESIAN_POINT('',(1.016E1,0.E0,0.E0));
#5967=DIRECTION('',(0.E0,0.E0,1.E0));
#5968=DIRECTION('',(1.E0,0.E0,0.E0));
#5969=AXIS2_PLACEMENT_3D('',#5966,#5967,#5968);
#5970=PLANE('',#5969);
#5971=ORIENTED_EDGE('',*,*,#3489,.F.);
#5972=ORIENTED_EDGE('',*,*,#3470,.F.);
#5973=ORIENTED_EDGE('',*,*,#4297,.F.);
#5974=ORIENTED_EDGE('',*,*,#3504,.F.);
#5975=EDGE_LOOP('',(#5971,#5972,#5973,#5974));
#5976=FACE_OUTER_BOUND('',#5975,.F.);
#5977=ORIENTED_EDGE('',*,*,#5931,.F.);
#5979=ORIENTED_EDGE('',*,*,#5978,.T.);
#5981=ORIENTED_EDGE('',*,*,#5980,.T.);
#5982=ORIENTED_EDGE('',*,*,#5957,.F.);
#5983=EDGE_LOOP('',(#5977,#5979,#5981,#5982));
#5984=FACE_BOUND('',#5983,.F.);
#5986=CARTESIAN_POINT('',(-1.5555E1,-3.15E-1,5.8E0));
#5987=DIRECTION('',(0.E0,-1.E0,0.E0));
#5988=DIRECTION('',(0.E0,0.E0,-1.E0));
#5989=AXIS2_PLACEMENT_3D('',#5986,#5987,#5988);
#5990=PLANE('',#5989);
#5991=ORIENTED_EDGE('',*,*,#5929,.F.);
#5993=ORIENTED_EDGE('',*,*,#5992,.T.);
#5995=ORIENTED_EDGE('',*,*,#5994,.T.);
#5996=ORIENTED_EDGE('',*,*,#5978,.F.);
#5997=EDGE_LOOP('',(#5991,#5993,#5995,#5996));
#5998=FACE_OUTER_BOUND('',#5997,.F.);
#6000=CARTESIAN_POINT('',(-1.5555E1,3.15E-1,5.8E0));
#6001=DIRECTION('',(0.E0,0.E0,1.E0));
#6002=DIRECTION('',(0.E0,-1.E0,0.E0));
#6003=AXIS2_PLACEMENT_3D('',#6000,#6001,#6002);
#6004=PLANE('',#6003);
#6005=ORIENTED_EDGE('',*,*,#5927,.F.);
#6006=ORIENTED_EDGE('',*,*,#5961,.T.);
#6008=ORIENTED_EDGE('',*,*,#6007,.T.);
#6009=ORIENTED_EDGE('',*,*,#5992,.F.);
#6010=EDGE_LOOP('',(#6005,#6006,#6008,#6009));
#6011=FACE_OUTER_BOUND('',#6010,.F.);
#6013=CARTESIAN_POINT('',(-1.4925E1,0.E0,0.E0));
#6014=DIRECTION('',(1.E0,0.E0,0.E0));
#6015=DIRECTION('',(0.E0,0.E0,-1.E0));
#6016=AXIS2_PLACEMENT_3D('',#6013,#6014,#6015);
#6017=PLANE('',#6016);
#6018=ORIENTED_EDGE('',*,*,#5959,.F.);
#6019=ORIENTED_EDGE('',*,*,#5980,.F.);
#6020=ORIENTED_EDGE('',*,*,#5994,.F.);
#6021=ORIENTED_EDGE('',*,*,#6007,.F.);
#6022=EDGE_LOOP('',(#6018,#6019,#6020,#6021));
#6023=FACE_OUTER_BOUND('',#6022,.F.);
#6025=CARTESIAN_POINT('',(-1.4925E1,0.E0,0.E0));
#6026=DIRECTION('',(1.E0,0.E0,0.E0));
#6027=DIRECTION('',(0.E0,0.E0,-1.E0));
#6028=AXIS2_PLACEMENT_3D('',#6025,#6026,#6027);
#6029=PLANE('',#6028);
#6031=ORIENTED_EDGE('',*,*,#6030,.F.);
#6032=ORIENTED_EDGE('',*,*,#5913,.T.);
#6034=ORIENTED_EDGE('',*,*,#6033,.F.);
#6036=ORIENTED_EDGE('',*,*,#6035,.F.);
#6037=EDGE_LOOP('',(#6031,#6032,#6034,#6036));
#6038=FACE_OUTER_BOUND('',#6037,.F.);
#6040=CARTESIAN_POINT('',(-1.5555E1,-3.15E-1,-2.8E0));
#6041=DIRECTION('',(0.E0,-1.E0,0.E0));
#6042=DIRECTION('',(0.E0,0.E0,-1.E0));
#6043=AXIS2_PLACEMENT_3D('',#6040,#6041,#6042);
#6044=PLANE('',#6043);
#6045=ORIENTED_EDGE('',*,*,#5941,.F.);
#6046=ORIENTED_EDGE('',*,*,#5915,.T.);
#6047=ORIENTED_EDGE('',*,*,#6030,.T.);
#6049=ORIENTED_EDGE('',*,*,#6048,.F.);
#6050=EDGE_LOOP('',(#6045,#6046,#6047,#6049));
#6051=FACE_OUTER_BOUND('',#6050,.F.);
#6053=CARTESIAN_POINT('',(-1.5555E1,-3.15E-1,-6.E0));
#6054=DIRECTION('',(0.E0,0.E0,-1.E0));
#6055=DIRECTION('',(0.E0,1.E0,0.E0));
#6056=AXIS2_PLACEMENT_3D('',#6053,#6054,#6055);
#6057=PLANE('',#6056);
#6058=ORIENTED_EDGE('',*,*,#5943,.F.);
#6059=ORIENTED_EDGE('',*,*,#6048,.T.);
#6060=ORIENTED_EDGE('',*,*,#6035,.T.);
#6062=ORIENTED_EDGE('',*,*,#6061,.F.);
#6063=EDGE_LOOP('',(#6058,#6059,#6060,#6062));
#6064=FACE_OUTER_BOUND('',#6063,.F.);
#6066=CARTESIAN_POINT('',(-1.5555E1,3.15E-1,-6.E0));
#6067=DIRECTION('',(0.E0,1.E0,0.E0));
#6068=DIRECTION('',(0.E0,0.E0,1.E0));
#6069=AXIS2_PLACEMENT_3D('',#6066,#6067,#6068);
#6070=PLANE('',#6069);
#6071=ORIENTED_EDGE('',*,*,#5945,.F.);
#6072=ORIENTED_EDGE('',*,*,#6061,.T.);
#6073=ORIENTED_EDGE('',*,*,#6033,.T.);
#6074=ORIENTED_EDGE('',*,*,#5911,.F.);
#6075=EDGE_LOOP('',(#6071,#6072,#6073,#6074));
#6076=FACE_OUTER_BOUND('',#6075,.F.);
#6078=CARTESIAN_POINT('',(-1.397E1,1.25E0,0.E0));
#6079=DIRECTION('',(0.E0,1.E0,0.E0));
#6080=DIRECTION('',(-1.E0,0.E0,0.E0));
#6081=AXIS2_PLACEMENT_3D('',#6078,#6079,#6080);
#6082=PLANE('',#6081);
#6083=ORIENTED_EDGE('',*,*,#4293,.T.);
#6084=ORIENTED_EDGE('',*,*,#4313,.T.);
#6085=ORIENTED_EDGE('',*,*,#5902,.F.);
#6086=ORIENTED_EDGE('',*,*,#4278,.F.);
#6087=EDGE_LOOP('',(#6083,#6084,#6085,#6086));
#6088=FACE_OUTER_BOUND('',#6087,.F.);
#6090=CARTESIAN_POINT('',(-1.6385E1,0.E0,-2.675E0));
#6091=DIRECTION('',(-7.071067811865E-1,0.E0,-7.071067811865E-1));
#6092=DIRECTION('',(0.E0,-1.E0,0.E0));
#6093=AXIS2_PLACEMENT_3D('',#6090,#6091,#6092);
#6094=PLANE('',#6093);
#6095=ORIENTED_EDGE('',*,*,#4751,.T.);
#6096=ORIENTED_EDGE('',*,*,#5904,.T.);
#6097=ORIENTED_EDGE('',*,*,#4311,.T.);
#6099=ORIENTED_EDGE('',*,*,#6098,.F.);
#6100=EDGE_LOOP('',(#6095,#6096,#6097,#6099));
#6101=FACE_OUTER_BOUND('',#6100,.F.);
#6103=CARTESIAN_POINT('',(-1.6635E1,0.E0,-2.675E0));
#6104=DIRECTION('',(7.071067811865E-1,0.E0,-7.071067811865E-1));
#6105=DIRECTION('',(0.E0,-1.E0,0.E0));
#6106=AXIS2_PLACEMENT_3D('',#6103,#6104,#6105);
#6107=PLANE('',#6106);
#6108=ORIENTED_EDGE('',*,*,#6098,.T.);
#6109=ORIENTED_EDGE('',*,*,#4329,.T.);
#6111=ORIENTED_EDGE('',*,*,#6110,.T.);
#6112=ORIENTED_EDGE('',*,*,#4735,.F.);
#6113=EDGE_LOOP('',(#6108,#6109,#6111,#6112));
#6114=FACE_OUTER_BOUND('',#6113,.F.);
#6116=CARTESIAN_POINT('',(7.62E0,0.E0,-2.8E0));
#6117=DIRECTION('',(0.E0,0.E0,1.E0));
#6118=DIRECTION('',(1.E0,0.E0,0.E0));
#6119=AXIS2_PLACEMENT_3D('',#6116,#6117,#6118);
#6120=PLANE('',#6119);
#6121=ORIENTED_EDGE('',*,*,#6110,.F.);
#6123=ORIENTED_EDGE('',*,*,#6122,.T.);
#6125=ORIENTED_EDGE('',*,*,#6124,.F.);
#6126=ORIENTED_EDGE('',*,*,#4722,.T.);
#6127=EDGE_LOOP('',(#6121,#6123,#6125,#6126));
#6128=FACE_OUTER_BOUND('',#6127,.F.);
#6130=ORIENTED_EDGE('',*,*,#6129,.T.);
#6132=ORIENTED_EDGE('',*,*,#6131,.T.);
#6134=ORIENTED_EDGE('',*,*,#6133,.F.);
#6136=ORIENTED_EDGE('',*,*,#6135,.F.);
#6137=EDGE_LOOP('',(#6130,#6132,#6134,#6136));
#6138=FACE_BOUND('',#6137,.F.);
#6140=CARTESIAN_POINT('',(-1.8095E1,0.E0,0.E0));
#6141=DIRECTION('',(1.E0,0.E0,0.E0));
#6142=DIRECTION('',(0.E0,0.E0,-1.E0));
#6143=AXIS2_PLACEMENT_3D('',#6140,#6141,#6142);
#6144=PLANE('',#6143);
#6146=ORIENTED_EDGE('',*,*,#6145,.T.);
#6148=ORIENTED_EDGE('',*,*,#6147,.T.);
#6150=ORIENTED_EDGE('',*,*,#6149,.T.);
#6152=ORIENTED_EDGE('',*,*,#6151,.T.);
#6153=EDGE_LOOP('',(#6146,#6148,#6150,#6152));
#6154=FACE_OUTER_BOUND('',#6153,.F.);
#6156=CARTESIAN_POINT('',(-1.8095E1,0.E0,0.E0));
#6157=DIRECTION('',(1.E0,0.E0,0.E0));
#6158=DIRECTION('',(0.E0,0.E0,-1.E0));
#6159=AXIS2_PLACEMENT_3D('',#6156,#6157,#6158);
#6160=PLANE('',#6159);
#6162=ORIENTED_EDGE('',*,*,#6161,.T.);
#6164=ORIENTED_EDGE('',*,*,#6163,.T.);
#6166=ORIENTED_EDGE('',*,*,#6165,.T.);
#6167=ORIENTED_EDGE('',*,*,#6129,.F.);
#6168=EDGE_LOOP('',(#6162,#6164,#6166,#6167));
#6169=FACE_OUTER_BOUND('',#6168,.F.);
#6171=CARTESIAN_POINT('',(-1.8095E1,3.15E-1,0.E0));
#6172=DIRECTION('',(0.E0,1.E0,0.E0));
#6173=DIRECTION('',(0.E0,0.E0,1.E0));
#6174=AXIS2_PLACEMENT_3D('',#6171,#6172,#6173);
#6175=PLANE('',#6174);
#6176=ORIENTED_EDGE('',*,*,#6145,.F.);
#6178=ORIENTED_EDGE('',*,*,#6177,.T.);
#6180=ORIENTED_EDGE('',*,*,#6179,.T.);
#6182=ORIENTED_EDGE('',*,*,#6181,.F.);
#6183=EDGE_LOOP('',(#6176,#6178,#6180,#6182));
#6184=FACE_OUTER_BOUND('',#6183,.F.);
#6186=CARTESIAN_POINT('',(7.62E0,0.E0,0.E0));
#6187=DIRECTION('',(0.E0,0.E0,1.E0));
#6188=DIRECTION('',(1.E0,0.E0,0.E0));
#6189=AXIS2_PLACEMENT_3D('',#6186,#6187,#6188);
#6190=PLANE('',#6189);
#6191=ORIENTED_EDGE('',*,*,#3432,.F.);
#6192=ORIENTED_EDGE('',*,*,#3413,.F.);
#6193=ORIENTED_EDGE('',*,*,#4346,.F.);
#6194=ORIENTED_EDGE('',*,*,#3447,.F.);
#6195=EDGE_LOOP('',(#6191,#6192,#6193,#6194));
#6196=FACE_OUTER_BOUND('',#6195,.F.);
#6197=ORIENTED_EDGE('',*,*,#6151,.F.);
#6199=ORIENTED_EDGE('',*,*,#6198,.T.);
#6201=ORIENTED_EDGE('',*,*,#6200,.T.);
#6202=ORIENTED_EDGE('',*,*,#6177,.F.);
#6203=EDGE_LOOP('',(#6197,#6199,#6201,#6202));
#6204=FACE_BOUND('',#6203,.F.);
#6206=CARTESIAN_POINT('',(-1.8095E1,-3.15E-1,5.8E0));
#6207=DIRECTION('',(0.E0,-1.E0,0.E0));
#6208=DIRECTION('',(0.E0,0.E0,-1.E0));
#6209=AXIS2_PLACEMENT_3D('',#6206,#6207,#6208);
#6210=PLANE('',#6209);
#6211=ORIENTED_EDGE('',*,*,#6149,.F.);
#6213=ORIENTED_EDGE('',*,*,#6212,.T.);
#6215=ORIENTED_EDGE('',*,*,#6214,.T.);
#6216=ORIENTED_EDGE('',*,*,#6198,.F.);
#6217=EDGE_LOOP('',(#6211,#6213,#6215,#6216));
#6218=FACE_OUTER_BOUND('',#6217,.F.);
#6220=CARTESIAN_POINT('',(-1.8095E1,3.15E-1,5.8E0));
#6221=DIRECTION('',(0.E0,0.E0,1.E0));
#6222=DIRECTION('',(0.E0,-1.E0,0.E0));
#6223=AXIS2_PLACEMENT_3D('',#6220,#6221,#6222);
#6224=PLANE('',#6223);
#6225=ORIENTED_EDGE('',*,*,#6147,.F.);
#6226=ORIENTED_EDGE('',*,*,#6181,.T.);
#6228=ORIENTED_EDGE('',*,*,#6227,.T.);
#6229=ORIENTED_EDGE('',*,*,#6212,.F.);
#6230=EDGE_LOOP('',(#6225,#6226,#6228,#6229));
#6231=FACE_OUTER_BOUND('',#6230,.F.);
#6233=CARTESIAN_POINT('',(-1.7465E1,0.E0,0.E0));
#6234=DIRECTION('',(1.E0,0.E0,0.E0));
#6235=DIRECTION('',(0.E0,0.E0,-1.E0));
#6236=AXIS2_PLACEMENT_3D('',#6233,#6234,#6235);
#6237=PLANE('',#6236);
#6238=ORIENTED_EDGE('',*,*,#6179,.F.);
#6239=ORIENTED_EDGE('',*,*,#6200,.F.);
#6240=ORIENTED_EDGE('',*,*,#6214,.F.);
#6241=ORIENTED_EDGE('',*,*,#6227,.F.);
#6242=EDGE_LOOP('',(#6238,#6239,#6240,#6241));
#6243=FACE_OUTER_BOUND('',#6242,.F.);
#6245=CARTESIAN_POINT('',(-1.7465E1,0.E0,0.E0));
#6246=DIRECTION('',(1.E0,0.E0,0.E0));
#6247=DIRECTION('',(0.E0,0.E0,-1.E0));
#6248=AXIS2_PLACEMENT_3D('',#6245,#6246,#6247);
#6249=PLANE('',#6248);
#6251=ORIENTED_EDGE('',*,*,#6250,.F.);
#6252=ORIENTED_EDGE('',*,*,#6133,.T.);
#6254=ORIENTED_EDGE('',*,*,#6253,.F.);
#6256=ORIENTED_EDGE('',*,*,#6255,.F.);
#6257=EDGE_LOOP('',(#6251,#6252,#6254,#6256));
#6258=FACE_OUTER_BOUND('',#6257,.F.);
#6260=CARTESIAN_POINT('',(-1.8095E1,-3.15E-1,-2.8E0));
#6261=DIRECTION('',(0.E0,-1.E0,0.E0));
#6262=DIRECTION('',(0.E0,0.E0,-1.E0));
#6263=AXIS2_PLACEMENT_3D('',#6260,#6261,#6262);
#6264=PLANE('',#6263);
#6265=ORIENTED_EDGE('',*,*,#6161,.F.);
#6266=ORIENTED_EDGE('',*,*,#6135,.T.);
#6267=ORIENTED_EDGE('',*,*,#6250,.T.);
#6269=ORIENTED_EDGE('',*,*,#6268,.F.);
#6270=EDGE_LOOP('',(#6265,#6266,#6267,#6269));
#6271=FACE_OUTER_BOUND('',#6270,.F.);
#6273=CARTESIAN_POINT('',(-1.8095E1,-3.15E-1,-6.E0));
#6274=DIRECTION('',(0.E0,0.E0,-1.E0));
#6275=DIRECTION('',(0.E0,1.E0,0.E0));
#6276=AXIS2_PLACEMENT_3D('',#6273,#6274,#6275);
#6277=PLANE('',#6276);
#6278=ORIENTED_EDGE('',*,*,#6163,.F.);
#6279=ORIENTED_EDGE('',*,*,#6268,.T.);
#6280=ORIENTED_EDGE('',*,*,#6255,.T.);
#6282=ORIENTED_EDGE('',*,*,#6281,.F.);
#6283=EDGE_LOOP('',(#6278,#6279,#6280,#6282));
#6284=FACE_OUTER_BOUND('',#6283,.F.);
#6286=CARTESIAN_POINT('',(-1.8095E1,3.15E-1,-6.E0));
#6287=DIRECTION('',(0.E0,1.E0,0.E0));
#6288=DIRECTION('',(0.E0,0.E0,1.E0));
#6289=AXIS2_PLACEMENT_3D('',#6286,#6287,#6288);
#6290=PLANE('',#6289);
#6291=ORIENTED_EDGE('',*,*,#6165,.F.);
#6292=ORIENTED_EDGE('',*,*,#6281,.T.);
#6293=ORIENTED_EDGE('',*,*,#6253,.T.);
#6294=ORIENTED_EDGE('',*,*,#6131,.F.);
#6295=EDGE_LOOP('',(#6291,#6292,#6293,#6294));
#6296=FACE_OUTER_BOUND('',#6295,.F.);
#6298=CARTESIAN_POINT('',(-1.651E1,1.25E0,0.E0));
#6299=DIRECTION('',(0.E0,1.E0,0.E0));
#6300=DIRECTION('',(-1.E0,0.E0,0.E0));
#6301=AXIS2_PLACEMENT_3D('',#6298,#6299,#6300);
#6302=PLANE('',#6301);
#6303=ORIENTED_EDGE('',*,*,#4342,.T.);
#6304=ORIENTED_EDGE('',*,*,#4362,.T.);
#6305=ORIENTED_EDGE('',*,*,#6122,.F.);
#6306=ORIENTED_EDGE('',*,*,#4327,.F.);
#6307=EDGE_LOOP('',(#6303,#6304,#6305,#6306));
#6308=FACE_OUTER_BOUND('',#6307,.F.);
#6310=CARTESIAN_POINT('',(-1.8925E1,0.E0,-2.675E0));
#6311=DIRECTION('',(-7.071067811865E-1,0.E0,-7.071067811865E-1));
#6312=DIRECTION('',(0.E0,-1.E0,0.E0));
#6313=AXIS2_PLACEMENT_3D('',#6310,#6311,#6312);
#6314=PLANE('',#6313);
#6315=ORIENTED_EDGE('',*,*,#4707,.T.);
#6316=ORIENTED_EDGE('',*,*,#6124,.T.);
#6317=ORIENTED_EDGE('',*,*,#4360,.T.);
#6319=ORIENTED_EDGE('',*,*,#6318,.F.);
#6320=EDGE_LOOP('',(#6315,#6316,#6317,#6319));
#6321=FACE_OUTER_BOUND('',#6320,.F.);
#6323=CARTESIAN_POINT('',(-1.9175E1,0.E0,-2.675E0));
#6324=DIRECTION('',(7.071067811865E-1,0.E0,-7.071067811865E-1));
#6325=DIRECTION('',(0.E0,-1.E0,0.E0));
#6326=AXIS2_PLACEMENT_3D('',#6323,#6324,#6325);
#6327=PLANE('',#6326);
#6328=ORIENTED_EDGE('',*,*,#6318,.T.);
#6329=ORIENTED_EDGE('',*,*,#4378,.T.);
#6331=ORIENTED_EDGE('',*,*,#6330,.T.);
#6332=ORIENTED_EDGE('',*,*,#4691,.F.);
#6333=EDGE_LOOP('',(#6328,#6329,#6331,#6332));
#6334=FACE_OUTER_BOUND('',#6333,.F.);
#6336=CARTESIAN_POINT('',(5.08E0,0.E0,-2.8E0));
#6337=DIRECTION('',(0.E0,0.E0,1.E0));
#6338=DIRECTION('',(1.E0,0.E0,0.E0));
#6339=AXIS2_PLACEMENT_3D('',#6336,#6337,#6338);
#6340=PLANE('',#6339);
#6341=ORIENTED_EDGE('',*,*,#6330,.F.);
#6343=ORIENTED_EDGE('',*,*,#6342,.T.);
#6345=ORIENTED_EDGE('',*,*,#6344,.F.);
#6346=ORIENTED_EDGE('',*,*,#4678,.T.);
#6347=EDGE_LOOP('',(#6341,#6343,#6345,#6346));
#6348=FACE_OUTER_BOUND('',#6347,.F.);
#6350=ORIENTED_EDGE('',*,*,#6349,.T.);
#6352=ORIENTED_EDGE('',*,*,#6351,.T.);
#6354=ORIENTED_EDGE('',*,*,#6353,.F.);
#6356=ORIENTED_EDGE('',*,*,#6355,.F.);
#6357=EDGE_LOOP('',(#6350,#6352,#6354,#6356));
#6358=FACE_BOUND('',#6357,.F.);
#6360=CARTESIAN_POINT('',(-2.0635E1,0.E0,0.E0));
#6361=DIRECTION('',(1.E0,0.E0,0.E0));
#6362=DIRECTION('',(0.E0,0.E0,-1.E0));
#6363=AXIS2_PLACEMENT_3D('',#6360,#6361,#6362);
#6364=PLANE('',#6363);
#6366=ORIENTED_EDGE('',*,*,#6365,.T.);
#6368=ORIENTED_EDGE('',*,*,#6367,.T.);
#6370=ORIENTED_EDGE('',*,*,#6369,.T.);
#6372=ORIENTED_EDGE('',*,*,#6371,.T.);
#6373=EDGE_LOOP('',(#6366,#6368,#6370,#6372));
#6374=FACE_OUTER_BOUND('',#6373,.F.);
#6376=CARTESIAN_POINT('',(-2.0635E1,0.E0,0.E0));
#6377=DIRECTION('',(1.E0,0.E0,0.E0));
#6378=DIRECTION('',(0.E0,0.E0,-1.E0));
#6379=AXIS2_PLACEMENT_3D('',#6376,#6377,#6378);
#6380=PLANE('',#6379);
#6382=ORIENTED_EDGE('',*,*,#6381,.T.);
#6384=ORIENTED_EDGE('',*,*,#6383,.T.);
#6386=ORIENTED_EDGE('',*,*,#6385,.T.);
#6387=ORIENTED_EDGE('',*,*,#6349,.F.);
#6388=EDGE_LOOP('',(#6382,#6384,#6386,#6387));
#6389=FACE_OUTER_BOUND('',#6388,.F.);
#6391=CARTESIAN_POINT('',(-2.0635E1,3.15E-1,0.E0));
#6392=DIRECTION('',(0.E0,1.E0,0.E0));
#6393=DIRECTION('',(0.E0,0.E0,1.E0));
#6394=AXIS2_PLACEMENT_3D('',#6391,#6392,#6393);
#6395=PLANE('',#6394);
#6396=ORIENTED_EDGE('',*,*,#6365,.F.);
#6398=ORIENTED_EDGE('',*,*,#6397,.T.);
#6400=ORIENTED_EDGE('',*,*,#6399,.T.);
#6402=ORIENTED_EDGE('',*,*,#6401,.F.);
#6403=EDGE_LOOP('',(#6396,#6398,#6400,#6402));
#6404=FACE_OUTER_BOUND('',#6403,.F.);
#6406=CARTESIAN_POINT('',(5.08E0,0.E0,0.E0));
#6407=DIRECTION('',(0.E0,0.E0,1.E0));
#6408=DIRECTION('',(1.E0,0.E0,0.E0));
#6409=AXIS2_PLACEMENT_3D('',#6406,#6407,#6408);
#6410=PLANE('',#6409);
#6411=ORIENTED_EDGE('',*,*,#3375,.F.);
#6412=ORIENTED_EDGE('',*,*,#3356,.F.);
#6413=ORIENTED_EDGE('',*,*,#4395,.F.);
#6414=ORIENTED_EDGE('',*,*,#3390,.F.);
#6415=EDGE_LOOP('',(#6411,#6412,#6413,#6414));
#6416=FACE_OUTER_BOUND('',#6415,.F.);
#6417=ORIENTED_EDGE('',*,*,#6371,.F.);
#6419=ORIENTED_EDGE('',*,*,#6418,.T.);
#6421=ORIENTED_EDGE('',*,*,#6420,.T.);
#6422=ORIENTED_EDGE('',*,*,#6397,.F.);
#6423=EDGE_LOOP('',(#6417,#6419,#6421,#6422));
#6424=FACE_BOUND('',#6423,.F.);
#6426=CARTESIAN_POINT('',(-2.0635E1,-3.15E-1,5.8E0));
#6427=DIRECTION('',(0.E0,-1.E0,0.E0));
#6428=DIRECTION('',(0.E0,0.E0,-1.E0));
#6429=AXIS2_PLACEMENT_3D('',#6426,#6427,#6428);
#6430=PLANE('',#6429);
#6431=ORIENTED_EDGE('',*,*,#6369,.F.);
#6433=ORIENTED_EDGE('',*,*,#6432,.T.);
#6435=ORIENTED_EDGE('',*,*,#6434,.T.);
#6436=ORIENTED_EDGE('',*,*,#6418,.F.);
#6437=EDGE_LOOP('',(#6431,#6433,#6435,#6436));
#6438=FACE_OUTER_BOUND('',#6437,.F.);
#6440=CARTESIAN_POINT('',(-2.0635E1,3.15E-1,5.8E0));
#6441=DIRECTION('',(0.E0,0.E0,1.E0));
#6442=DIRECTION('',(0.E0,-1.E0,0.E0));
#6443=AXIS2_PLACEMENT_3D('',#6440,#6441,#6442);
#6444=PLANE('',#6443);
#6445=ORIENTED_EDGE('',*,*,#6367,.F.);
#6446=ORIENTED_EDGE('',*,*,#6401,.T.);
#6448=ORIENTED_EDGE('',*,*,#6447,.T.);
#6449=ORIENTED_EDGE('',*,*,#6432,.F.);
#6450=EDGE_LOOP('',(#6445,#6446,#6448,#6449));
#6451=FACE_OUTER_BOUND('',#6450,.F.);
#6453=CARTESIAN_POINT('',(-2.0005E1,0.E0,0.E0));
#6454=DIRECTION('',(1.E0,0.E0,0.E0));
#6455=DIRECTION('',(0.E0,0.E0,-1.E0));
#6456=AXIS2_PLACEMENT_3D('',#6453,#6454,#6455);
#6457=PLANE('',#6456);
#6458=ORIENTED_EDGE('',*,*,#6399,.F.);
#6459=ORIENTED_EDGE('',*,*,#6420,.F.);
#6460=ORIENTED_EDGE('',*,*,#6434,.F.);
#6461=ORIENTED_EDGE('',*,*,#6447,.F.);
#6462=EDGE_LOOP('',(#6458,#6459,#6460,#6461));
#6463=FACE_OUTER_BOUND('',#6462,.F.);
#6465=CARTESIAN_POINT('',(-2.0005E1,0.E0,0.E0));
#6466=DIRECTION('',(1.E0,0.E0,0.E0));
#6467=DIRECTION('',(0.E0,0.E0,-1.E0));
#6468=AXIS2_PLACEMENT_3D('',#6465,#6466,#6467);
#6469=PLANE('',#6468);
#6471=ORIENTED_EDGE('',*,*,#6470,.F.);
#6472=ORIENTED_EDGE('',*,*,#6353,.T.);
#6474=ORIENTED_EDGE('',*,*,#6473,.F.);
#6476=ORIENTED_EDGE('',*,*,#6475,.F.);
#6477=EDGE_LOOP('',(#6471,#6472,#6474,#6476));
#6478=FACE_OUTER_BOUND('',#6477,.F.);
#6480=CARTESIAN_POINT('',(-2.0635E1,-3.15E-1,-2.8E0));
#6481=DIRECTION('',(0.E0,-1.E0,0.E0));
#6482=DIRECTION('',(0.E0,0.E0,-1.E0));
#6483=AXIS2_PLACEMENT_3D('',#6480,#6481,#6482);
#6484=PLANE('',#6483);
#6485=ORIENTED_EDGE('',*,*,#6381,.F.);
#6486=ORIENTED_EDGE('',*,*,#6355,.T.);
#6487=ORIENTED_EDGE('',*,*,#6470,.T.);
#6489=ORIENTED_EDGE('',*,*,#6488,.F.);
#6490=EDGE_LOOP('',(#6485,#6486,#6487,#6489));
#6491=FACE_OUTER_BOUND('',#6490,.F.);
#6493=CARTESIAN_POINT('',(-2.0635E1,-3.15E-1,-6.E0));
#6494=DIRECTION('',(0.E0,0.E0,-1.E0));
#6495=DIRECTION('',(0.E0,1.E0,0.E0));
#6496=AXIS2_PLACEMENT_3D('',#6493,#6494,#6495);
#6497=PLANE('',#6496);
#6498=ORIENTED_EDGE('',*,*,#6383,.F.);
#6499=ORIENTED_EDGE('',*,*,#6488,.T.);
#6500=ORIENTED_EDGE('',*,*,#6475,.T.);
#6502=ORIENTED_EDGE('',*,*,#6501,.F.);
#6503=EDGE_LOOP('',(#6498,#6499,#6500,#6502));
#6504=FACE_OUTER_BOUND('',#6503,.F.);
#6506=CARTESIAN_POINT('',(-2.0635E1,3.15E-1,-6.E0));
#6507=DIRECTION('',(0.E0,1.E0,0.E0));
#6508=DIRECTION('',(0.E0,0.E0,1.E0));
#6509=AXIS2_PLACEMENT_3D('',#6506,#6507,#6508);
#6510=PLANE('',#6509);
#6511=ORIENTED_EDGE('',*,*,#6385,.F.);
#6512=ORIENTED_EDGE('',*,*,#6501,.T.);
#6513=ORIENTED_EDGE('',*,*,#6473,.T.);
#6514=ORIENTED_EDGE('',*,*,#6351,.F.);
#6515=EDGE_LOOP('',(#6511,#6512,#6513,#6514));
#6516=FACE_OUTER_BOUND('',#6515,.F.);
#6518=CARTESIAN_POINT('',(-1.905E1,1.25E0,0.E0));
#6519=DIRECTION('',(0.E0,1.E0,0.E0));
#6520=DIRECTION('',(-1.E0,0.E0,0.E0));
#6521=AXIS2_PLACEMENT_3D('',#6518,#6519,#6520);
#6522=PLANE('',#6521);
#6523=ORIENTED_EDGE('',*,*,#4391,.T.);
#6524=ORIENTED_EDGE('',*,*,#4411,.T.);
#6525=ORIENTED_EDGE('',*,*,#6342,.F.);
#6526=ORIENTED_EDGE('',*,*,#4376,.F.);
#6527=EDGE_LOOP('',(#6523,#6524,#6525,#6526));
#6528=FACE_OUTER_BOUND('',#6527,.F.);
#6530=CARTESIAN_POINT('',(-2.1465E1,0.E0,-2.675E0));
#6531=DIRECTION('',(-7.071067811865E-1,0.E0,-7.071067811865E-1));
#6532=DIRECTION('',(0.E0,-1.E0,0.E0));
#6533=AXIS2_PLACEMENT_3D('',#6530,#6531,#6532);
#6534=PLANE('',#6533);
#6535=ORIENTED_EDGE('',*,*,#4663,.T.);
#6536=ORIENTED_EDGE('',*,*,#6344,.T.);
#6537=ORIENTED_EDGE('',*,*,#4409,.T.);
#6539=ORIENTED_EDGE('',*,*,#6538,.F.);
#6540=EDGE_LOOP('',(#6535,#6536,#6537,#6539));
#6541=FACE_OUTER_BOUND('',#6540,.F.);
#6543=CARTESIAN_POINT('',(-2.1715E1,0.E0,-2.675E0));
#6544=DIRECTION('',(7.071067811865E-1,0.E0,-7.071067811865E-1));
#6545=DIRECTION('',(0.E0,-1.E0,0.E0));
#6546=AXIS2_PLACEMENT_3D('',#6543,#6544,#6545);
#6547=PLANE('',#6546);
#6548=ORIENTED_EDGE('',*,*,#6538,.T.);
#6549=ORIENTED_EDGE('',*,*,#4427,.T.);
#6551=ORIENTED_EDGE('',*,*,#6550,.T.);
#6552=ORIENTED_EDGE('',*,*,#4647,.F.);
#6553=EDGE_LOOP('',(#6548,#6549,#6551,#6552));
#6554=FACE_OUTER_BOUND('',#6553,.F.);
#6556=CARTESIAN_POINT('',(2.54E0,0.E0,-2.8E0));
#6557=DIRECTION('',(0.E0,0.E0,1.E0));
#6558=DIRECTION('',(1.E0,0.E0,0.E0));
#6559=AXIS2_PLACEMENT_3D('',#6556,#6557,#6558);
#6560=PLANE('',#6559);
#6561=ORIENTED_EDGE('',*,*,#6550,.F.);
#6563=ORIENTED_EDGE('',*,*,#6562,.T.);
#6564=ORIENTED_EDGE('',*,*,#4605,.F.);
#6565=ORIENTED_EDGE('',*,*,#4634,.T.);
#6566=EDGE_LOOP('',(#6561,#6563,#6564,#6565));
#6567=FACE_OUTER_BOUND('',#6566,.F.);
#6569=ORIENTED_EDGE('',*,*,#6568,.T.);
#6571=ORIENTED_EDGE('',*,*,#6570,.T.);
#6573=ORIENTED_EDGE('',*,*,#6572,.F.);
#6575=ORIENTED_EDGE('',*,*,#6574,.F.);
#6576=EDGE_LOOP('',(#6569,#6571,#6573,#6575));
#6577=FACE_BOUND('',#6576,.F.);
#6579=CARTESIAN_POINT('',(-2.3175E1,0.E0,0.E0));
#6580=DIRECTION('',(1.E0,0.E0,0.E0));
#6581=DIRECTION('',(0.E0,0.E0,-1.E0));
#6582=AXIS2_PLACEMENT_3D('',#6579,#6580,#6581);
#6583=PLANE('',#6582);
#6585=ORIENTED_EDGE('',*,*,#6584,.T.);
#6587=ORIENTED_EDGE('',*,*,#6586,.T.);
#6589=ORIENTED_EDGE('',*,*,#6588,.T.);
#6591=ORIENTED_EDGE('',*,*,#6590,.T.);
#6592=EDGE_LOOP('',(#6585,#6587,#6589,#6591));
#6593=FACE_OUTER_BOUND('',#6592,.F.);
#6595=CARTESIAN_POINT('',(-2.3175E1,0.E0,0.E0));
#6596=DIRECTION('',(1.E0,0.E0,0.E0));
#6597=DIRECTION('',(0.E0,0.E0,-1.E0));
#6598=AXIS2_PLACEMENT_3D('',#6595,#6596,#6597);
#6599=PLANE('',#6598);
#6600=ORIENTED_EDGE('',*,*,#6568,.F.);
#6602=ORIENTED_EDGE('',*,*,#6601,.T.);
#6604=ORIENTED_EDGE('',*,*,#6603,.T.);
#6606=ORIENTED_EDGE('',*,*,#6605,.T.);
#6607=EDGE_LOOP('',(#6600,#6602,#6604,#6606));
#6608=FACE_OUTER_BOUND('',#6607,.F.);
#6610=CARTESIAN_POINT('',(2.54E0,0.E0,0.E0));
#6611=DIRECTION('',(0.E0,0.E0,1.E0));
#6612=DIRECTION('',(1.E0,0.E0,0.E0));
#6613=AXIS2_PLACEMENT_3D('',#6610,#6611,#6612);
#6614=PLANE('',#6613);
#6615=ORIENTED_EDGE('',*,*,#3318,.F.);
#6616=ORIENTED_EDGE('',*,*,#3299,.F.);
#6617=ORIENTED_EDGE('',*,*,#4444,.F.);
#6618=ORIENTED_EDGE('',*,*,#3333,.F.);
#6619=EDGE_LOOP('',(#6615,#6616,#6617,#6618));
#6620=FACE_OUTER_BOUND('',#6619,.F.);
#6621=ORIENTED_EDGE('',*,*,#6584,.F.);
#6623=ORIENTED_EDGE('',*,*,#6622,.T.);
#6625=ORIENTED_EDGE('',*,*,#6624,.T.);
#6627=ORIENTED_EDGE('',*,*,#6626,.F.);
#6628=EDGE_LOOP('',(#6621,#6623,#6625,#6627));
#6629=FACE_BOUND('',#6628,.F.);
#6631=CARTESIAN_POINT('',(-2.3175E1,-3.15E-1,5.8E0));
#6632=DIRECTION('',(0.E0,-1.E0,0.E0));
#6633=DIRECTION('',(0.E0,0.E0,-1.E0));
#6634=AXIS2_PLACEMENT_3D('',#6631,#6632,#6633);
#6635=PLANE('',#6634);
#6636=ORIENTED_EDGE('',*,*,#6622,.F.);
#6637=ORIENTED_EDGE('',*,*,#6590,.F.);
#6639=ORIENTED_EDGE('',*,*,#6638,.T.);
#6641=ORIENTED_EDGE('',*,*,#6640,.T.);
#6642=EDGE_LOOP('',(#6636,#6637,#6639,#6641));
#6643=FACE_OUTER_BOUND('',#6642,.F.);
#6645=CARTESIAN_POINT('',(-2.3175E1,3.15E-1,5.8E0));
#6646=DIRECTION('',(0.E0,0.E0,1.E0));
#6647=DIRECTION('',(0.E0,-1.E0,0.E0));
#6648=AXIS2_PLACEMENT_3D('',#6645,#6646,#6647);
#6649=PLANE('',#6648);
#6650=ORIENTED_EDGE('',*,*,#6588,.F.);
#6652=ORIENTED_EDGE('',*,*,#6651,.T.);
#6654=ORIENTED_EDGE('',*,*,#6653,.T.);
#6655=ORIENTED_EDGE('',*,*,#6638,.F.);
#6656=EDGE_LOOP('',(#6650,#6652,#6654,#6655));
#6657=FACE_OUTER_BOUND('',#6656,.F.);
#6659=CARTESIAN_POINT('',(-2.3175E1,3.15E-1,0.E0));
#6660=DIRECTION('',(0.E0,1.E0,0.E0));
#6661=DIRECTION('',(0.E0,0.E0,1.E0));
#6662=AXIS2_PLACEMENT_3D('',#6659,#6660,#6661);
#6663=PLANE('',#6662);
#6664=ORIENTED_EDGE('',*,*,#6626,.T.);
#6666=ORIENTED_EDGE('',*,*,#6665,.T.);
#6667=ORIENTED_EDGE('',*,*,#6651,.F.);
#6668=ORIENTED_EDGE('',*,*,#6586,.F.);
#6669=EDGE_LOOP('',(#6664,#6666,#6667,#6668));
#6670=FACE_OUTER_BOUND('',#6669,.F.);
#6672=CARTESIAN_POINT('',(-2.2545E1,0.E0,0.E0));
#6673=DIRECTION('',(1.E0,0.E0,0.E0));
#6674=DIRECTION('',(0.E0,0.E0,-1.E0));
#6675=AXIS2_PLACEMENT_3D('',#6672,#6673,#6674);
#6676=PLANE('',#6675);
#6677=ORIENTED_EDGE('',*,*,#6624,.F.);
#6678=ORIENTED_EDGE('',*,*,#6640,.F.);
#6679=ORIENTED_EDGE('',*,*,#6653,.F.);
#6680=ORIENTED_EDGE('',*,*,#6665,.F.);
#6681=EDGE_LOOP('',(#6677,#6678,#6679,#6680));
#6682=FACE_OUTER_BOUND('',#6681,.F.);
#6684=CARTESIAN_POINT('',(-2.2545E1,0.E0,0.E0));
#6685=DIRECTION('',(1.E0,0.E0,0.E0));
#6686=DIRECTION('',(0.E0,0.E0,-1.E0));
#6687=AXIS2_PLACEMENT_3D('',#6684,#6685,#6686);
#6688=PLANE('',#6687);
#6689=ORIENTED_EDGE('',*,*,#6572,.T.);
#6691=ORIENTED_EDGE('',*,*,#6690,.F.);
#6693=ORIENTED_EDGE('',*,*,#6692,.F.);
#6695=ORIENTED_EDGE('',*,*,#6694,.F.);
#6696=EDGE_LOOP('',(#6689,#6691,#6693,#6695));
#6697=FACE_OUTER_BOUND('',#6696,.F.);
#6699=CARTESIAN_POINT('',(-2.3175E1,3.15E-1,-6.E0));
#6700=DIRECTION('',(0.E0,1.E0,0.E0));
#6701=DIRECTION('',(0.E0,0.E0,1.E0));
#6702=AXIS2_PLACEMENT_3D('',#6699,#6700,#6701);
#6703=PLANE('',#6702);
#6704=ORIENTED_EDGE('',*,*,#6570,.F.);
#6705=ORIENTED_EDGE('',*,*,#6605,.F.);
#6707=ORIENTED_EDGE('',*,*,#6706,.T.);
#6708=ORIENTED_EDGE('',*,*,#6690,.T.);
#6709=EDGE_LOOP('',(#6704,#6705,#6707,#6708));
#6710=FACE_OUTER_BOUND('',#6709,.F.);
#6712=CARTESIAN_POINT('',(-2.3175E1,-3.15E-1,-6.E0));
#6713=DIRECTION('',(0.E0,0.E0,-1.E0));
#6714=DIRECTION('',(0.E0,1.E0,0.E0));
#6715=AXIS2_PLACEMENT_3D('',#6712,#6713,#6714);
#6716=PLANE('',#6715);
#6717=ORIENTED_EDGE('',*,*,#6603,.F.);
#6719=ORIENTED_EDGE('',*,*,#6718,.T.);
#6720=ORIENTED_EDGE('',*,*,#6692,.T.);
#6721=ORIENTED_EDGE('',*,*,#6706,.F.);
#6722=EDGE_LOOP('',(#6717,#6719,#6720,#6721));
#6723=FACE_OUTER_BOUND('',#6722,.F.);
#6725=CARTESIAN_POINT('',(-2.3175E1,-3.15E-1,-2.8E0));
#6726=DIRECTION('',(0.E0,-1.E0,0.E0));
#6727=DIRECTION('',(0.E0,0.E0,-1.E0));
#6728=AXIS2_PLACEMENT_3D('',#6725,#6726,#6727);
#6729=PLANE('',#6728);
#6730=ORIENTED_EDGE('',*,*,#6574,.T.);
#6731=ORIENTED_EDGE('',*,*,#6694,.T.);
#6732=ORIENTED_EDGE('',*,*,#6718,.F.);
#6733=ORIENTED_EDGE('',*,*,#6601,.F.);
#6734=EDGE_LOOP('',(#6730,#6731,#6732,#6733));
#6735=FACE_OUTER_BOUND('',#6734,.F.);
#6737=CARTESIAN_POINT('',(-2.159E1,1.25E0,0.E0));
#6738=DIRECTION('',(0.E0,1.E0,0.E0));
#6739=DIRECTION('',(-1.E0,0.E0,0.E0));
#6740=AXIS2_PLACEMENT_3D('',#6737,#6738,#6739);
#6741=PLANE('',#6740);
#6742=ORIENTED_EDGE('',*,*,#4440,.T.);
#6743=ORIENTED_EDGE('',*,*,#4460,.T.);
#6744=ORIENTED_EDGE('',*,*,#6562,.F.);
#6745=ORIENTED_EDGE('',*,*,#4425,.F.);
#6746=EDGE_LOOP('',(#6742,#6743,#6744,#6745));
#6747=FACE_OUTER_BOUND('',#6746,.F.);
#6749=CARTESIAN_POINT('',(-2.4255E1,-1.125E0,-1.4E0));
#6750=DIRECTION('',(7.071067811865E-1,-7.071067811865E-1,0.E0));
#6751=DIRECTION('',(0.E0,0.E0,-1.E0));
#6752=AXIS2_PLACEMENT_3D('',#6749,#6750,#6751);
#6753=PLANE('',#6752);
#6754=ORIENTED_EDGE('',*,*,#4620,.T.);
#6755=ORIENTED_EDGE('',*,*,#4592,.T.);
#6756=ORIENTED_EDGE('',*,*,#3241,.F.);
#6757=ORIENTED_EDGE('',*,*,#3256,.F.);
#6758=ORIENTED_EDGE('',*,*,#3274,.F.);
#6759=EDGE_LOOP('',(#6754,#6755,#6756,#6757,#6758));
#6760=FACE_OUTER_BOUND('',#6759,.F.);
#6762=CARTESIAN_POINT('',(-1.27E0,1.25E0,0.E0));
#6763=DIRECTION('',(0.E0,1.E0,0.E0));
#6764=DIRECTION('',(-1.E0,0.E0,0.E0));
#6765=AXIS2_PLACEMENT_3D('',#6762,#6763,#6764);
#6766=PLANE('',#6765);
#6767=ORIENTED_EDGE('',*,*,#4049,.T.);
#6768=ORIENTED_EDGE('',*,*,#4068,.T.);
#6769=ORIENTED_EDGE('',*,*,#3942,.F.);
#6770=ORIENTED_EDGE('',*,*,#4033,.F.);
#6771=EDGE_LOOP('',(#6767,#6768,#6769,#6770));
#6772=FACE_OUTER_BOUND('',#6771,.F.);
#6774=CLOSED_SHELL('',(#3071,#3086,#3102,#3116,#3130,#3146,#3159,#3171,#3195,
#3208,#3221,#3233,#3248,#3266,#3284,#3303,#3322,#3341,#3360,#3379,#3398,#3417,
#3436,#3455,#3474,#3493,#3512,#3531,#3550,#3569,#3588,#3607,#3626,#3645,#3664,
#3683,#3702,#3721,#3740,#3759,#3778,#3797,#3820,#3835,#3851,#3865,#3879,#3895,
#3908,#3920,#3934,#3957,#3970,#3982,#3997,#4012,#4025,#4040,#4056,#4072,#4088,
#4105,#4121,#4137,#4154,#4170,#4186,#4203,#4219,#4235,#4252,#4268,#4284,#4301,
#4317,#4333,#4350,#4366,#4382,#4399,#4415,#4431,#4448,#4464,#4480,#4497,#4514,
#4529,#4543,#4556,#4570,#4582,#4596,#4610,#4625,#4639,#4654,#4669,#4683,#4698,
#4713,#4727,#4742,#4757,#4771,#4786,#4801,#4815,#4830,#4845,#4859,#4874,#4889,
#4903,#4918,#4933,#4947,#4962,#4977,#4989,#5002,#5015,#5039,#5055,#5070,#5085,
#5105,#5119,#5132,#5144,#5159,#5172,#5185,#5197,#5209,#5222,#5235,#5259,#5275,
#5290,#5305,#5325,#5339,#5352,#5364,#5379,#5392,#5405,#5417,#5429,#5442,#5455,
#5479,#5495,#5510,#5525,#5545,#5559,#5572,#5584,#5599,#5612,#5625,#5637,#5649,
#5662,#5675,#5699,#5715,#5730,#5745,#5765,#5779,#5792,#5804,#5819,#5832,#5845,
#5857,#5869,#5882,#5895,#5919,#5935,#5950,#5965,#5985,#5999,#6012,#6024,#6039,
#6052,#6065,#6077,#6089,#6102,#6115,#6139,#6155,#6170,#6185,#6205,#6219,#6232,
#6244,#6259,#6272,#6285,#6297,#6309,#6322,#6335,#6359,#6375,#6390,#6405,#6425,
#6439,#6452,#6464,#6479,#6492,#6505,#6517,#6529,#6542,#6555,#6578,#6594,#6609,
#6630,#6644,#6658,#6671,#6683,#6698,#6711,#6724,#6736,#6748,#6761,#6773));
#6775=MANIFOLD_SOLID_BREP('',#6774);
#6778=PLANE_ANGLE_MEASURE_WITH_UNIT(PLANE_ANGLE_MEASURE(1.745329251994E-2),
#6777);
#6779=(CONVERSION_BASED_UNIT('DEGREE',#6778)NAMED_UNIT(*)PLANE_ANGLE_UNIT());
#6781=UNCERTAINTY_MEASURE_WITH_UNIT(LENGTH_MEASURE(2.946442961647E-3),#6776,
'distance_accuracy_value',
'Maximum model space distance between geometric entities at asserted connectivities');
#6784=APPLICATION_CONTEXT('automotive_design');
#6785=APPLICATION_PROTOCOL_DEFINITION('international standard',
'automotive_design',2001,#6784);
#6786=PRODUCT_DEFINITION_CONTEXT('part definition',#6784,'design');
#6787=PRODUCT_CONTEXT('',#6784,'mechanical');
#6788=PRODUCT('C-1-826936-0','C-1-826936-0','NOT SPECIFIED',(#6787));
#6789=PRODUCT_DEFINITION_FORMATION('1','LAST_VERSION',#6788);
#6797=DERIVED_UNIT_ELEMENT(#6796,2.E0);
#6798=DERIVED_UNIT((#6797));
#6799=MEASURE_REPRESENTATION_ITEM('surface area measure',AREA_MEASURE(
5.163846971758E2),#6798);
#6804=DERIVED_UNIT_ELEMENT(#6803,3.E0);
#6805=DERIVED_UNIT((#6804));
#6806=MEASURE_REPRESENTATION_ITEM('volume measure',VOLUME_MEASURE(
2.069561805639E2),#6805);
#6810=CARTESIAN_POINT('centre point',(-1.397000034836E1,0.E0,
-1.108144430668E0));
#6815=DERIVED_UNIT_ELEMENT(#6814,2.E0);
#6816=DERIVED_UNIT((#6815));
#6817=MEASURE_REPRESENTATION_ITEM('surface area measure',AREA_MEASURE(
5.163846971758E2),#6816);
#6822=DERIVED_UNIT_ELEMENT(#6821,3.E0);
#6823=DERIVED_UNIT((#6822));
#6824=MEASURE_REPRESENTATION_ITEM('volume measure',VOLUME_MEASURE(
2.069561805639E2),#6823);
#6828=CARTESIAN_POINT('centre point',(-1.397000034836E1,0.E0,
-1.108144430668E0));
#6833=PRODUCT_RELATED_PRODUCT_CATEGORY('part','',(#6788));
#1=COLOUR_RGB('',8.784E-1,9.49E-1,1.E0);
#150=B_SPLINE_CURVE_WITH_KNOTS('',3,(#146,#147,#148,#149),.UNSPECIFIED.,.F.,.F.,
(4,4),(0.E0,1.E0),.UNSPECIFIED.);
#155=B_SPLINE_CURVE_WITH_KNOTS('',3,(#151,#152,#153,#154),.UNSPECIFIED.,.F.,.F.,
(4,4),(0.E0,1.E0),.UNSPECIFIED.);
#160=B_SPLINE_CURVE_WITH_KNOTS('',3,(#156,#157,#158,#159),.UNSPECIFIED.,.F.,.F.,
(4,4),(0.E0,1.E0),.UNSPECIFIED.);
#165=B_SPLINE_CURVE_WITH_KNOTS('',3,(#161,#162,#163,#164),.UNSPECIFIED.,.F.,.F.,
(4,4),(0.E0,1.E0),.UNSPECIFIED.);
#174=B_SPLINE_CURVE_WITH_KNOTS('',3,(#170,#171,#172,#173),.UNSPECIFIED.,.F.,.F.,
(4,4),(0.E0,1.E0),.UNSPECIFIED.);
#179=B_SPLINE_CURVE_WITH_KNOTS('',3,(#175,#176,#177,#178),.UNSPECIFIED.,.F.,.F.,
(4,4),(0.E0,1.E0),.UNSPECIFIED.);
#184=B_SPLINE_CURVE_WITH_KNOTS('',3,(#180,#181,#182,#183),.UNSPECIFIED.,.F.,.F.,
(4,4),(0.E0,1.E0),.UNSPECIFIED.);
#189=B_SPLINE_CURVE_WITH_KNOTS('',3,(#185,#186,#187,#188),.UNSPECIFIED.,.F.,.F.,
(4,4),(0.E0,1.E0),.UNSPECIFIED.);
#198=B_SPLINE_CURVE_WITH_KNOTS('',3,(#194,#195,#196,#197),.UNSPECIFIED.,.F.,.F.,
(4,4),(0.E0,1.E0),.UNSPECIFIED.);
#203=B_SPLINE_CURVE_WITH_KNOTS('',3,(#199,#200,#201,#202),.UNSPECIFIED.,.F.,.F.,
(4,4),(0.E0,1.E0),.UNSPECIFIED.);
#208=B_SPLINE_CURVE_WITH_KNOTS('',3,(#204,#205,#206,#207),.UNSPECIFIED.,.F.,.F.,
(4,4),(0.E0,1.E0),.UNSPECIFIED.);
#213=B_SPLINE_CURVE_WITH_KNOTS('',3,(#209,#210,#211,#212),.UNSPECIFIED.,.F.,.F.,
(4,4),(0.E0,1.E0),.UNSPECIFIED.);
#222=B_SPLINE_CURVE_WITH_KNOTS('',3,(#218,#219,#220,#221),.UNSPECIFIED.,.F.,.F.,
(4,4),(0.E0,1.E0),.UNSPECIFIED.);
#227=B_SPLINE_CURVE_WITH_KNOTS('',3,(#223,#224,#225,#226),.UNSPECIFIED.,.F.,.F.,
(4,4),(0.E0,1.E0),.UNSPECIFIED.);
#232=B_SPLINE_CURVE_WITH_KNOTS('',3,(#228,#229,#230,#231),.UNSPECIFIED.,.F.,.F.,
(4,4),(0.E0,1.E0),.UNSPECIFIED.);
#237=B_SPLINE_CURVE_WITH_KNOTS('',3,(#233,#234,#235,#236),.UNSPECIFIED.,.F.,.F.,
(4,4),(0.E0,1.E0),.UNSPECIFIED.);
#246=B_SPLINE_CURVE_WITH_KNOTS('',3,(#242,#243,#244,#245),.UNSPECIFIED.,.F.,.F.,
(4,4),(0.E0,1.E0),.UNSPECIFIED.);
#251=B_SPLINE_CURVE_WITH_KNOTS('',3,(#247,#248,#249,#250),.UNSPECIFIED.,.F.,.F.,
(4,4),(0.E0,1.E0),.UNSPECIFIED.);
#256=B_SPLINE_CURVE_WITH_KNOTS('',3,(#252,#253,#254,#255),.UNSPECIFIED.,.F.,.F.,
(4,4),(0.E0,1.E0),.UNSPECIFIED.);
#261=B_SPLINE_CURVE_WITH_KNOTS('',3,(#257,#258,#259,#260),.UNSPECIFIED.,.F.,.F.,
(4,4),(0.E0,1.E0),.UNSPECIFIED.);
#270=B_SPLINE_CURVE_WITH_KNOTS('',3,(#266,#267,#268,#269),.UNSPECIFIED.,.F.,.F.,
(4,4),(0.E0,1.E0),.UNSPECIFIED.);
#275=B_SPLINE_CURVE_WITH_KNOTS('',3,(#271,#272,#273,#274),.UNSPECIFIED.,.F.,.F.,
(4,4),(0.E0,1.E0),.UNSPECIFIED.);
#280=B_SPLINE_CURVE_WITH_KNOTS('',3,(#276,#277,#278,#279),.UNSPECIFIED.,.F.,.F.,
(4,4),(0.E0,1.E0),.UNSPECIFIED.);
#285=B_SPLINE_CURVE_WITH_KNOTS('',3,(#281,#282,#283,#284),.UNSPECIFIED.,.F.,.F.,
(4,4),(0.E0,1.E0),.UNSPECIFIED.);
#294=B_SPLINE_CURVE_WITH_KNOTS('',3,(#290,#291,#292,#293),.UNSPECIFIED.,.F.,.F.,
(4,4),(0.E0,1.E0),.UNSPECIFIED.);
#299=B_SPLINE_CURVE_WITH_KNOTS('',3,(#295,#296,#297,#298),.UNSPECIFIED.,.F.,.F.,
(4,4),(0.E0,1.E0),.UNSPECIFIED.);
#304=B_SPLINE_CURVE_WITH_KNOTS('',3,(#300,#301,#302,#303),.UNSPECIFIED.,.F.,.F.,
(4,4),(0.E0,1.E0),.UNSPECIFIED.);
#309=B_SPLINE_CURVE_WITH_KNOTS('',3,(#305,#306,#307,#308),.UNSPECIFIED.,.F.,.F.,
(4,4),(0.E0,1.E0),.UNSPECIFIED.);
#318=B_SPLINE_CURVE_WITH_KNOTS('',3,(#314,#315,#316,#317),.UNSPECIFIED.,.F.,.F.,
(4,4),(0.E0,1.E0),.UNSPECIFIED.);
#323=B_SPLINE_CURVE_WITH_KNOTS('',3,(#319,#320,#321,#322),.UNSPECIFIED.,.F.,.F.,
(4,4),(0.E0,1.E0),.UNSPECIFIED.);
#328=B_SPLINE_CURVE_WITH_KNOTS('',3,(#324,#325,#326,#327),.UNSPECIFIED.,.F.,.F.,
(4,4),(0.E0,1.E0),.UNSPECIFIED.);
#333=B_SPLINE_CURVE_WITH_KNOTS('',3,(#329,#330,#331,#332),.UNSPECIFIED.,.F.,.F.,
(4,4),(0.E0,1.E0),.UNSPECIFIED.);
#342=B_SPLINE_CURVE_WITH_KNOTS('',3,(#338,#339,#340,#341),.UNSPECIFIED.,.F.,.F.,
(4,4),(0.E0,1.E0),.UNSPECIFIED.);
#347=B_SPLINE_CURVE_WITH_KNOTS('',3,(#343,#344,#345,#346),.UNSPECIFIED.,.F.,.F.,
(4,4),(0.E0,1.E0),.UNSPECIFIED.);
#352=B_SPLINE_CURVE_WITH_KNOTS('',3,(#348,#349,#350,#351),.UNSPECIFIED.,.F.,.F.,
(4,4),(0.E0,1.E0),.UNSPECIFIED.);
#357=B_SPLINE_CURVE_WITH_KNOTS('',3,(#353,#354,#355,#356),.UNSPECIFIED.,.F.,.F.,
(4,4),(0.E0,1.E0),.UNSPECIFIED.);
#362=B_SPLINE_CURVE_WITH_KNOTS('',3,(#358,#359,#360,#361),.UNSPECIFIED.,.F.,.F.,
(4,4),(0.E0,1.E0),.UNSPECIFIED.);
#367=B_SPLINE_CURVE_WITH_KNOTS('',3,(#363,#364,#365,#366),.UNSPECIFIED.,.F.,.F.,
(4,4),(0.E0,1.E0),.UNSPECIFIED.);
#504=B_SPLINE_CURVE_WITH_KNOTS('',3,(#500,#501,#502,#503),.UNSPECIFIED.,.F.,.F.,
(4,4),(0.E0,1.E0),.UNSPECIFIED.);
#529=B_SPLINE_CURVE_WITH_KNOTS('',3,(#525,#526,#527,#528),.UNSPECIFIED.,.F.,.F.,
(4,4),(0.E0,1.E0),.UNSPECIFIED.);
#542=B_SPLINE_CURVE_WITH_KNOTS('',3,(#538,#539,#540,#541),.UNSPECIFIED.,.F.,.F.,
(4,4),(0.E0,1.E0),.UNSPECIFIED.);
#563=B_SPLINE_CURVE_WITH_KNOTS('',3,(#559,#560,#561,#562),.UNSPECIFIED.,.F.,.F.,
(4,4),(0.E0,1.E0),.UNSPECIFIED.);
#572=B_SPLINE_CURVE_WITH_KNOTS('',3,(#568,#569,#570,#571),.UNSPECIFIED.,.F.,.F.,
(4,4),(0.E0,1.E0),.UNSPECIFIED.);
#593=B_SPLINE_CURVE_WITH_KNOTS('',3,(#589,#590,#591,#592),.UNSPECIFIED.,.F.,.F.,
(4,4),(0.E0,1.E0),.UNSPECIFIED.);
#602=B_SPLINE_CURVE_WITH_KNOTS('',3,(#598,#599,#600,#601),.UNSPECIFIED.,.F.,.F.,
(4,4),(0.E0,1.E0),.UNSPECIFIED.);
#623=B_SPLINE_CURVE_WITH_KNOTS('',3,(#619,#620,#621,#622),.UNSPECIFIED.,.F.,.F.,
(4,4),(0.E0,1.E0),.UNSPECIFIED.);
#632=B_SPLINE_CURVE_WITH_KNOTS('',3,(#628,#629,#630,#631),.UNSPECIFIED.,.F.,.F.,
(4,4),(0.E0,1.E0),.UNSPECIFIED.);
#653=B_SPLINE_CURVE_WITH_KNOTS('',3,(#649,#650,#651,#652),.UNSPECIFIED.,.F.,.F.,
(4,4),(0.E0,1.E0),.UNSPECIFIED.);
#662=B_SPLINE_CURVE_WITH_KNOTS('',3,(#658,#659,#660,#661),.UNSPECIFIED.,.F.,.F.,
(4,4),(0.E0,1.E0),.UNSPECIFIED.);
#683=B_SPLINE_CURVE_WITH_KNOTS('',3,(#679,#680,#681,#682),.UNSPECIFIED.,.F.,.F.,
(4,4),(0.E0,1.E0),.UNSPECIFIED.);
#692=B_SPLINE_CURVE_WITH_KNOTS('',3,(#688,#689,#690,#691),.UNSPECIFIED.,.F.,.F.,
(4,4),(0.E0,1.E0),.UNSPECIFIED.);
#713=B_SPLINE_CURVE_WITH_KNOTS('',3,(#709,#710,#711,#712),.UNSPECIFIED.,.F.,.F.,
(4,4),(0.E0,1.E0),.UNSPECIFIED.);
#722=B_SPLINE_CURVE_WITH_KNOTS('',3,(#718,#719,#720,#721),.UNSPECIFIED.,.F.,.F.,
(4,4),(0.E0,1.E0),.UNSPECIFIED.);
#743=B_SPLINE_CURVE_WITH_KNOTS('',3,(#739,#740,#741,#742),.UNSPECIFIED.,.F.,.F.,
(4,4),(0.E0,1.E0),.UNSPECIFIED.);
#752=B_SPLINE_CURVE_WITH_KNOTS('',3,(#748,#749,#750,#751),.UNSPECIFIED.,.F.,.F.,
(4,4),(0.E0,1.E0),.UNSPECIFIED.);
#773=B_SPLINE_CURVE_WITH_KNOTS('',3,(#769,#770,#771,#772),.UNSPECIFIED.,.F.,.F.,
(4,4),(0.E0,1.E0),.UNSPECIFIED.);
#782=B_SPLINE_CURVE_WITH_KNOTS('',3,(#778,#779,#780,#781),.UNSPECIFIED.,.F.,.F.,
(4,4),(0.E0,1.E0),.UNSPECIFIED.);
#803=B_SPLINE_CURVE_WITH_KNOTS('',3,(#799,#800,#801,#802),.UNSPECIFIED.,.F.,.F.,
(4,4),(0.E0,1.E0),.UNSPECIFIED.);
#812=B_SPLINE_CURVE_WITH_KNOTS('',3,(#808,#809,#810,#811),.UNSPECIFIED.,.F.,.F.,
(4,4),(0.E0,1.E0),.UNSPECIFIED.);
#817=B_SPLINE_CURVE_WITH_KNOTS('',3,(#813,#814,#815,#816),.UNSPECIFIED.,.F.,.F.,
(4,4),(0.E0,1.E0),.UNSPECIFIED.);
#822=B_SPLINE_CURVE_WITH_KNOTS('',3,(#818,#819,#820,#821),.UNSPECIFIED.,.F.,.F.,
(4,4),(0.E0,1.E0),.UNSPECIFIED.);
#851=B_SPLINE_CURVE_WITH_KNOTS('',3,(#847,#848,#849,#850),.UNSPECIFIED.,.F.,.F.,
(4,4),(0.E0,1.E0),.UNSPECIFIED.);
#884=B_SPLINE_CURVE_WITH_KNOTS('',3,(#880,#881,#882,#883),.UNSPECIFIED.,.F.,.F.,
(4,4),(0.E0,1.E0),.UNSPECIFIED.);
#913=B_SPLINE_CURVE_WITH_KNOTS('',3,(#909,#910,#911,#912),.UNSPECIFIED.,.F.,.F.,
(4,4),(0.E0,1.E0),.UNSPECIFIED.);
#922=B_SPLINE_CURVE_WITH_KNOTS('',3,(#918,#919,#920,#921),.UNSPECIFIED.,.F.,.F.,
(4,4),(0.E0,1.E0),.UNSPECIFIED.);
#951=B_SPLINE_CURVE_WITH_KNOTS('',3,(#947,#948,#949,#950),.UNSPECIFIED.,.F.,.F.,
(4,4),(0.E0,1.E0),.UNSPECIFIED.);
#960=B_SPLINE_CURVE_WITH_KNOTS('',3,(#956,#957,#958,#959),.UNSPECIFIED.,.F.,.F.,
(4,4),(0.E0,1.E0),.UNSPECIFIED.);
#989=B_SPLINE_CURVE_WITH_KNOTS('',3,(#985,#986,#987,#988),.UNSPECIFIED.,.F.,.F.,
(4,4),(0.E0,1.E0),.UNSPECIFIED.);
#998=B_SPLINE_CURVE_WITH_KNOTS('',3,(#994,#995,#996,#997),.UNSPECIFIED.,.F.,.F.,
(4,4),(0.E0,1.E0),.UNSPECIFIED.);
#1027=B_SPLINE_CURVE_WITH_KNOTS('',3,(#1023,#1024,#1025,#1026),.UNSPECIFIED.,
.F.,.F.,(4,4),(0.E0,1.E0),.UNSPECIFIED.);
#1036=B_SPLINE_CURVE_WITH_KNOTS('',3,(#1032,#1033,#1034,#1035),.UNSPECIFIED.,
.F.,.F.,(4,4),(0.E0,1.E0),.UNSPECIFIED.);
#1065=B_SPLINE_CURVE_WITH_KNOTS('',3,(#1061,#1062,#1063,#1064),.UNSPECIFIED.,
.F.,.F.,(4,4),(0.E0,1.E0),.UNSPECIFIED.);
#1074=B_SPLINE_CURVE_WITH_KNOTS('',3,(#1070,#1071,#1072,#1073),.UNSPECIFIED.,
.F.,.F.,(4,4),(0.E0,1.E0),.UNSPECIFIED.);
#1103=B_SPLINE_CURVE_WITH_KNOTS('',3,(#1099,#1100,#1101,#1102),.UNSPECIFIED.,
.F.,.F.,(4,4),(0.E0,1.E0),.UNSPECIFIED.);
#1112=B_SPLINE_CURVE_WITH_KNOTS('',3,(#1108,#1109,#1110,#1111),.UNSPECIFIED.,
.F.,.F.,(4,4),(0.E0,1.E0),.UNSPECIFIED.);
#1141=B_SPLINE_CURVE_WITH_KNOTS('',3,(#1137,#1138,#1139,#1140),.UNSPECIFIED.,
.F.,.F.,(4,4),(0.E0,1.E0),.UNSPECIFIED.);
#1150=B_SPLINE_CURVE_WITH_KNOTS('',3,(#1146,#1147,#1148,#1149),.UNSPECIFIED.,
.F.,.F.,(4,4),(0.E0,1.E0),.UNSPECIFIED.);
#1179=B_SPLINE_CURVE_WITH_KNOTS('',3,(#1175,#1176,#1177,#1178),.UNSPECIFIED.,
.F.,.F.,(4,4),(0.E0,1.E0),.UNSPECIFIED.);
#1188=B_SPLINE_CURVE_WITH_KNOTS('',3,(#1184,#1185,#1186,#1187),.UNSPECIFIED.,
.F.,.F.,(4,4),(0.E0,1.E0),.UNSPECIFIED.);
#2401=B_SPLINE_CURVE_WITH_KNOTS('',3,(#2397,#2398,#2399,#2400),.UNSPECIFIED.,
.F.,.F.,(4,4),(0.E0,1.E0),.UNSPECIFIED.);
#3051=EDGE_CURVE('',#2472,#2466,#21,.T.);
#3053=EDGE_CURVE('',#2473,#2472,#25,.T.);
#3055=EDGE_CURVE('',#2479,#2473,#29,.T.);
#3057=EDGE_CURVE('',#2466,#2479,#33,.T.);
#3061=EDGE_CURVE('',#2436,#2437,#5,.T.);
#3063=EDGE_CURVE('',#2436,#2440,#9,.T.);
#3065=EDGE_CURVE('',#2440,#2441,#13,.T.);
#3067=EDGE_CURVE('',#2437,#2441,#17,.T.);
#3071=ADVANCED_FACE('',(#3060,#3070),#3050,.T.);
#3078=EDGE_CURVE('',#2437,#2420,#37,.T.);
#3080=EDGE_CURVE('',#2420,#2421,#41,.T.);
#3082=EDGE_CURVE('',#2421,#2436,#45,.T.);
#3086=ADVANCED_FACE('',(#3085),#3076,.F.);
#3092=EDGE_CURVE('',#2444,#2445,#93,.T.);
#3094=EDGE_CURVE('',#2444,#2424,#49,.T.);
#3096=EDGE_CURVE('',#2424,#2425,#53,.T.);
#3098=EDGE_CURVE('',#2425,#2445,#57,.T.);
#3102=ADVANCED_FACE('',(#3101),#3091,.F.);
#3109=EDGE_CURVE('',#2441,#2428,#69,.T.);
#3111=EDGE_CURVE('',#2420,#2428,#89,.T.);
#3116=ADVANCED_FACE('',(#3115),#3107,.T.);
#3123=EDGE_CURVE('',#2429,#2440,#61,.T.);
#3125=EDGE_CURVE('',#2428,#2429,#65,.T.);
#3130=ADVANCED_FACE('',(#3129),#3121,.T.);
#3136=EDGE_CURVE('',#2448,#2449,#101,.T.);
#3138=EDGE_CURVE('',#2433,#2449,#73,.T.);
#3140=EDGE_CURVE('',#2432,#2433,#77,.T.);
#3142=EDGE_CURVE('',#2448,#2432,#81,.T.);
#3146=ADVANCED_FACE('',(#3145),#3135,.T.);
#3154=EDGE_CURVE('',#2421,#2429,#85,.T.);
#3159=ADVANCED_FACE('',(#3158),#3151,.T.);
#3171=ADVANCED_FACE('',(#3170),#3164,.T.);
#3177=EDGE_CURVE('',#2460,#2461,#109,.T.);
#3179=EDGE_CURVE('',#2464,#2461,#113,.T.);
#3181=EDGE_CURVE('',#2464,#2465,#117,.T.);
#3183=EDGE_CURVE('',#2460,#2465,#121,.T.);
#3188=EDGE_CURVE('',#2445,#2449,#97,.T.);
#3191=EDGE_CURVE('',#2444,#2448,#105,.T.);
#3195=ADVANCED_FACE('',(#3186,#3194),#3176,.F.);
#3203=EDGE_CURVE('',#2425,#2433,#125,.T.);
#3208=ADVANCED_FACE('',(#3207),#3200,.T.);
#3215=EDGE_CURVE('',#2424,#2432,#129,.T.);
#3221=ADVANCED_FACE('',(#3220),#3213,.T.);
#3233=ADVANCED_FACE('',(#3232),#3226,.T.);
#3239=EDGE_CURVE('',#2470,#2468,#133,.T.);
#3241=EDGE_CURVE('',#2468,#2461,#137,.T.);
#3244=EDGE_CURVE('',#2470,#2460,#141,.T.);
#3248=ADVANCED_FACE('',(#3247),#3238,.T.);
#3254=EDGE_CURVE('',#2466,#2467,#150,.T.);
#3256=EDGE_CURVE('',#2467,#2468,#2401,.T.);
#3259=EDGE_CURVE('',#2470,#2471,#822,.T.);
#3261=EDGE_CURVE('',#2471,#2472,#812,.T.);
#3266=ADVANCED_FACE('',(#3265),#3253,.T.);
#3272=EDGE_CURVE('',#2518,#2521,#145,.T.);
#3274=EDGE_CURVE('',#2521,#2467,#2405,.T.);
#3278=EDGE_CURVE('',#2478,#2479,#155,.T.);
#3280=EDGE_CURVE('',#2478,#2518,#798,.T.);
#3284=ADVANCED_FACE('',(#3283),#3271,.T.);
#3290=EDGE_CURVE('',#2533,#2534,#160,.T.);
#3292=EDGE_CURVE('',#2533,#2521,#892,.T.);
#3295=EDGE_CURVE('',#2518,#2536,#786,.T.);
#3297=EDGE_CURVE('',#2535,#2536,#165,.T.);
#3299=EDGE_CURVE('',#2535,#2534,#2332,.T.);
#3303=ADVANCED_FACE('',(#3302),#3289,.T.);
#3309=EDGE_CURVE('',#2528,#2529,#174,.T.);
#3311=EDGE_CURVE('',#2529,#2530,#913,.T.);
#3313=EDGE_CURVE('',#2532,#2530,#896,.T.);
#3315=EDGE_CURVE('',#2532,#2533,#884,.T.);
#3318=EDGE_CURVE('',#2534,#2528,#2328,.T.);
#3322=ADVANCED_FACE('',(#3321),#3308,.T.);
#3328=EDGE_CURVE('',#2875,#2877,#169,.T.);
#3330=EDGE_CURVE('',#2877,#2529,#917,.T.);
#3333=EDGE_CURVE('',#2528,#2541,#2340,.T.);
#3335=EDGE_CURVE('',#2540,#2541,#179,.T.);
#3337=EDGE_CURVE('',#2540,#2875,#768,.T.);
#3341=ADVANCED_FACE('',(#3340),#3327,.T.);
#3347=EDGE_CURVE('',#2883,#2884,#184,.T.);
#3349=EDGE_CURVE('',#2883,#2877,#930,.T.);
#3352=EDGE_CURVE('',#2875,#2886,#756,.T.);
#3354=EDGE_CURVE('',#2885,#2886,#189,.T.);
#3356=EDGE_CURVE('',#2885,#2884,#2184,.T.);
#3360=ADVANCED_FACE('',(#3359),#3346,.T.);
#3366=EDGE_CURVE('',#2878,#2879,#198,.T.);
#3368=EDGE_CURVE('',#2879,#2880,#951,.T.);
#3370=EDGE_CURVE('',#2882,#2880,#934,.T.);
#3372=EDGE_CURVE('',#2882,#2883,#922,.T.);
#3375=EDGE_CURVE('',#2884,#2878,#2180,.T.);
#3379=ADVANCED_FACE('',(#3378),#3365,.T.);
#3385=EDGE_CURVE('',#2897,#2899,#193,.T.);
#3387=EDGE_CURVE('',#2899,#2879,#955,.T.);
#3390=EDGE_CURVE('',#2878,#2891,#2192,.T.);
#3392=EDGE_CURVE('',#2890,#2891,#203,.T.);
#3394=EDGE_CURVE('',#2890,#2897,#738,.T.);
#3398=ADVANCED_FACE('',(#3397),#3384,.T.);
#3404=EDGE_CURVE('',#2905,#2906,#208,.T.);
#3406=EDGE_CURVE('',#2905,#2899,#968,.T.);
#3409=EDGE_CURVE('',#2897,#2908,#726,.T.);
#3411=EDGE_CURVE('',#2907,#2908,#213,.T.);
#3413=EDGE_CURVE('',#2907,#2906,#2036,.T.);
#3417=ADVANCED_FACE('',(#3416),#3403,.T.);
#3423=EDGE_CURVE('',#2900,#2901,#222,.T.);
#3425=EDGE_CURVE('',#2901,#2902,#989,.T.);
#3427=EDGE_CURVE('',#2904,#2902,#972,.T.);
#3429=EDGE_CURVE('',#2904,#2905,#960,.T.);
#3432=EDGE_CURVE('',#2906,#2900,#2032,.T.);
#3436=ADVANCED_FACE('',(#3435),#3422,.T.);
#3442=EDGE_CURVE('',#2919,#2921,#217,.T.);
#3444=EDGE_CURVE('',#2921,#2901,#993,.T.);
#3447=EDGE_CURVE('',#2900,#2913,#2044,.T.);
#3449=EDGE_CURVE('',#2912,#2913,#227,.T.);
#3451=EDGE_CURVE('',#2912,#2919,#708,.T.);
#3455=ADVANCED_FACE('',(#3454),#3441,.T.);
#3461=EDGE_CURVE('',#2927,#2928,#232,.T.);
#3463=EDGE_CURVE('',#2927,#2921,#1006,.T.);
#3466=EDGE_CURVE('',#2919,#2930,#696,.T.);
#3468=EDGE_CURVE('',#2929,#2930,#237,.T.);
#3470=EDGE_CURVE('',#2929,#2928,#1888,.T.);
#3474=ADVANCED_FACE('',(#3473),#3460,.T.);
#3480=EDGE_CURVE('',#2922,#2923,#246,.T.);
#3482=EDGE_CURVE('',#2923,#2924,#1027,.T.);
#3484=EDGE_CURVE('',#2926,#2924,#1010,.T.);
#3486=EDGE_CURVE('',#2926,#2927,#998,.T.);
#3489=EDGE_CURVE('',#2928,#2922,#1884,.T.);
#3493=ADVANCED_FACE('',(#3492),#3479,.T.);
#3499=EDGE_CURVE('',#2941,#2943,#241,.T.);
#3501=EDGE_CURVE('',#2943,#2923,#1031,.T.);
#3504=EDGE_CURVE('',#2922,#2935,#1896,.T.);
#3506=EDGE_CURVE('',#2934,#2935,#251,.T.);
#3508=EDGE_CURVE('',#2934,#2941,#678,.T.);
#3512=ADVANCED_FACE('',(#3511),#3498,.T.);
#3518=EDGE_CURVE('',#2949,#2950,#256,.T.);
#3520=EDGE_CURVE('',#2949,#2943,#1044,.T.);
#3523=EDGE_CURVE('',#2941,#2952,#666,.T.);
#3525=EDGE_CURVE('',#2951,#2952,#261,.T.);
#3527=EDGE_CURVE('',#2951,#2950,#1740,.T.);
#3531=ADVANCED_FACE('',(#3530),#3517,.T.);
#3537=EDGE_CURVE('',#2944,#2945,#270,.T.);
#3539=EDGE_CURVE('',#2945,#2946,#1065,.T.);
#3541=EDGE_CURVE('',#2948,#2946,#1048,.T.);
#3543=EDGE_CURVE('',#2948,#2949,#1036,.T.);
#3546=EDGE_CURVE('',#2950,#2944,#1736,.T.);
#3550=ADVANCED_FACE('',(#3549),#3536,.T.);
#3556=EDGE_CURVE('',#2963,#2965,#265,.T.);
#3558=EDGE_CURVE('',#2965,#2945,#1069,.T.);
#3561=EDGE_CURVE('',#2944,#2957,#1748,.T.);
#3563=EDGE_CURVE('',#2956,#2957,#275,.T.);
#3565=EDGE_CURVE('',#2956,#2963,#648,.T.);
#3569=ADVANCED_FACE('',(#3568),#3555,.T.);
#3575=EDGE_CURVE('',#2971,#2972,#280,.T.);
#3577=EDGE_CURVE('',#2971,#2965,#1082,.T.);
#3580=EDGE_CURVE('',#2963,#2974,#636,.T.);
#3582=EDGE_CURVE('',#2973,#2974,#285,.T.);
#3584=EDGE_CURVE('',#2973,#2972,#1592,.T.);
#3588=ADVANCED_FACE('',(#3587),#3574,.T.);
#3594=EDGE_CURVE('',#2966,#2967,#294,.T.);
#3596=EDGE_CURVE('',#2967,#2968,#1103,.T.);
#3598=EDGE_CURVE('',#2970,#2968,#1086,.T.);
#3600=EDGE_CURVE('',#2970,#2971,#1074,.T.);
#3603=EDGE_CURVE('',#2972,#2966,#1588,.T.);
#3607=ADVANCED_FACE('',(#3606),#3593,.T.);
#3613=EDGE_CURVE('',#2985,#2987,#289,.T.);
#3615=EDGE_CURVE('',#2987,#2967,#1107,.T.);
#3618=EDGE_CURVE('',#2966,#2979,#1600,.T.);
#3620=EDGE_CURVE('',#2978,#2979,#299,.T.);
#3622=EDGE_CURVE('',#2978,#2985,#618,.T.);
#3626=ADVANCED_FACE('',(#3625),#3612,.T.);
#3632=EDGE_CURVE('',#2993,#2994,#304,.T.);
#3634=EDGE_CURVE('',#2993,#2987,#1120,.T.);
#3637=EDGE_CURVE('',#2985,#2996,#606,.T.);
#3639=EDGE_CURVE('',#2995,#2996,#309,.T.);
#3641=EDGE_CURVE('',#2995,#2994,#1444,.T.);
#3645=ADVANCED_FACE('',(#3644),#3631,.T.);
#3651=EDGE_CURVE('',#2988,#2989,#318,.T.);
#3653=EDGE_CURVE('',#2989,#2990,#1141,.T.);
#3655=EDGE_CURVE('',#2992,#2990,#1124,.T.);
#3657=EDGE_CURVE('',#2992,#2993,#1112,.T.);
#3660=EDGE_CURVE('',#2994,#2988,#1440,.T.);
#3664=ADVANCED_FACE('',(#3663),#3650,.T.);
#3670=EDGE_CURVE('',#3007,#3009,#313,.T.);
#3672=EDGE_CURVE('',#3009,#2989,#1145,.T.);
#3675=EDGE_CURVE('',#2988,#3001,#1452,.T.);
#3677=EDGE_CURVE('',#3000,#3001,#323,.T.);
#3679=EDGE_CURVE('',#3000,#3007,#588,.T.);
#3683=ADVANCED_FACE('',(#3682),#3669,.T.);
#3689=EDGE_CURVE('',#3015,#3016,#328,.T.);
#3691=EDGE_CURVE('',#3015,#3009,#1158,.T.);
#3694=EDGE_CURVE('',#3007,#3018,#576,.T.);
#3696=EDGE_CURVE('',#3017,#3018,#333,.T.);
#3698=EDGE_CURVE('',#3017,#3016,#1296,.T.);
#3702=ADVANCED_FACE('',(#3701),#3688,.T.);
#3708=EDGE_CURVE('',#3010,#3011,#342,.T.);
#3710=EDGE_CURVE('',#3011,#3012,#1179,.T.);
#3712=EDGE_CURVE('',#3014,#3012,#1162,.T.);
#3714=EDGE_CURVE('',#3014,#3015,#1150,.T.);
#3717=EDGE_CURVE('',#3016,#3010,#1292,.T.);
#3721=ADVANCED_FACE('',(#3720),#3707,.T.);
#3727=EDGE_CURVE('',#3029,#3031,#337,.T.);
#3729=EDGE_CURVE('',#3031,#3011,#1183,.T.);
#3732=EDGE_CURVE('',#3010,#3023,#1304,.T.);
#3734=EDGE_CURVE('',#3022,#3023,#347,.T.);
#3736=EDGE_CURVE('',#3022,#3029,#558,.T.);
#3740=ADVANCED_FACE('',(#3739),#3726,.T.);
#3746=EDGE_CURVE('',#3037,#3038,#352,.T.);
#3748=EDGE_CURVE('',#3037,#3031,#1196,.T.);
#3751=EDGE_CURVE('',#3029,#3040,#546,.T.);
#3753=EDGE_CURVE('',#3039,#3040,#357,.T.);
#3755=EDGE_CURVE('',#3039,#3038,#391,.T.);
#3759=ADVANCED_FACE('',(#3758),#3745,.T.);
#3765=EDGE_CURVE('',#3032,#3033,#362,.T.);
#3767=EDGE_CURVE('',#3033,#3034,#504,.T.);
#3769=EDGE_CURVE('',#3036,#3034,#1200,.T.);
#3771=EDGE_CURVE('',#3036,#3037,#1188,.T.);
#3774=EDGE_CURVE('',#3038,#3032,#387,.T.);
#3778=ADVANCED_FACE('',(#3777),#3764,.T.);
#3785=EDGE_CURVE('',#3032,#3045,#399,.T.);
#3787=EDGE_CURVE('',#3044,#3045,#367,.T.);
#3789=EDGE_CURVE('',#3044,#3025,#537,.T.);
#3791=EDGE_CURVE('',#3027,#3025,#520,.T.);
#3793=EDGE_CURVE('',#3027,#3033,#508,.T.);
#3797=ADVANCED_FACE('',(#3796),#3783,.T.);
#3805=EDGE_CURVE('',#3045,#3039,#395,.T.);
#3810=EDGE_CURVE('',#2841,#2839,#371,.T.);
#3812=EDGE_CURVE('',#2841,#2849,#375,.T.);
#3814=EDGE_CURVE('',#2849,#2847,#379,.T.);
#3816=EDGE_CURVE('',#2839,#2847,#383,.T.);
#3820=ADVANCED_FACE('',(#3809,#3819),#3802,.T.);
#3826=EDGE_CURVE('',#2839,#2824,#403,.T.);
#3828=EDGE_CURVE('',#2824,#2825,#407,.T.);
#3830=EDGE_CURVE('',#2825,#2841,#411,.T.);
#3835=ADVANCED_FACE('',(#3834),#3825,.F.);
#3841=EDGE_CURVE('',#2843,#2828,#415,.T.);
#3843=EDGE_CURVE('',#2828,#2829,#419,.T.);
#3845=EDGE_CURVE('',#2829,#2845,#423,.T.);
#3847=EDGE_CURVE('',#2843,#2845,#459,.T.);
#3851=ADVANCED_FACE('',(#3850),#3840,.F.);
#3859=EDGE_CURVE('',#2847,#2832,#427,.T.);
#3861=EDGE_CURVE('',#2824,#2832,#455,.T.);
#3865=ADVANCED_FACE('',(#3864),#3856,.T.);
#3873=EDGE_CURVE('',#2833,#2849,#431,.T.);
#3875=EDGE_CURVE('',#2832,#2833,#435,.T.);
#3879=ADVANCED_FACE('',(#3878),#3870,.T.);
#3885=EDGE_CURVE('',#2851,#2836,#439,.T.);
#3887=EDGE_CURVE('',#2851,#2853,#467,.T.);
#3889=EDGE_CURVE('',#2837,#2853,#443,.T.);
#3891=EDGE_CURVE('',#2836,#2837,#447,.T.);
#3895=ADVANCED_FACE('',(#3894),#3884,.T.);
#3902=EDGE_CURVE('',#2825,#2833,#451,.T.);
#3908=ADVANCED_FACE('',(#3907),#3900,.T.);
#3920=ADVANCED_FACE('',(#3919),#3913,.T.);
#3927=EDGE_CURVE('',#2843,#2851,#471,.T.);
#3930=EDGE_CURVE('',#2828,#2836,#495,.T.);
#3934=ADVANCED_FACE('',(#3933),#3925,.T.);
#3940=EDGE_CURVE('',#2861,#2857,#475,.T.);
#3942=EDGE_CURVE('',#2861,#2868,#479,.T.);
#3944=EDGE_CURVE('',#2865,#2868,#483,.T.);
#3946=EDGE_CURVE('',#2865,#2857,#487,.T.);
#3951=EDGE_CURVE('',#2845,#2853,#463,.T.);
#3957=ADVANCED_FACE('',(#3949,#3956),#3939,.F.);
#3964=EDGE_CURVE('',#2829,#2837,#491,.T.);
#3970=ADVANCED_FACE('',(#3969),#3962,.T.);
#3982=ADVANCED_FACE('',(#3981),#3975,.T.);
#3988=EDGE_CURVE('',#2856,#2857,#499,.T.);
#3990=EDGE_CURVE('',#2860,#2856,#512,.T.);
#3992=EDGE_CURVE('',#2860,#2861,#533,.T.);
#3997=ADVANCED_FACE('',(#3996),#3987,.T.);
#4005=EDGE_CURVE('',#3027,#2856,#516,.T.);
#4008=EDGE_CURVE('',#3034,#2857,#1204,.T.);
#4012=ADVANCED_FACE('',(#4011),#4002,.T.);
#4021=EDGE_CURVE('',#3025,#2860,#524,.T.);
#4025=ADVANCED_FACE('',(#4024),#4017,.T.);
#4031=EDGE_CURVE('',#3043,#3044,#529,.T.);
#4033=EDGE_CURVE('',#3043,#2861,#2417,.T.);
#4040=ADVANCED_FACE('',(#4039),#4030,.T.);
#4047=EDGE_CURVE('',#3040,#3041,#542,.T.);
#4049=EDGE_CURVE('',#3043,#3041,#2409,.T.);
#4056=ADVANCED_FACE('',(#4055),#4045,.T.);
#4064=EDGE_CURVE('',#3029,#2869,#554,.T.);
#4066=EDGE_CURVE('',#2868,#2869,#550,.T.);
#4068=EDGE_CURVE('',#3041,#2868,#2413,.T.);
#4072=ADVANCED_FACE('',(#4071),#4061,.T.);
#4080=EDGE_CURVE('',#3021,#3022,#563,.T.);
#4082=EDGE_CURVE('',#3021,#3004,#1356,.T.);
#4084=EDGE_CURVE('',#2869,#3004,#567,.T.);
#4088=ADVANCED_FACE('',(#4087),#4077,.T.);
#4095=EDGE_CURVE('',#3018,#3019,#572,.T.);
#4097=EDGE_CURVE('',#3021,#3019,#1348,.T.);
#4101=EDGE_CURVE('',#3023,#3017,#1300,.T.);
#4105=ADVANCED_FACE('',(#4104),#4093,.T.);
#4113=EDGE_CURVE('',#3007,#2821,#584,.T.);
#4115=EDGE_CURVE('',#2820,#2821,#580,.T.);
#4117=EDGE_CURVE('',#3019,#2820,#1352,.T.);
#4121=ADVANCED_FACE('',(#4120),#4110,.T.);
#4129=EDGE_CURVE('',#2999,#3000,#593,.T.);
#4131=EDGE_CURVE('',#2999,#2982,#1504,.T.);
#4133=EDGE_CURVE('',#2821,#2982,#597,.T.);
#4137=ADVANCED_FACE('',(#4136),#4126,.T.);
#4144=EDGE_CURVE('',#2996,#2997,#602,.T.);
#4146=EDGE_CURVE('',#2999,#2997,#1496,.T.);
#4150=EDGE_CURVE('',#3001,#2995,#1448,.T.);
#4154=ADVANCED_FACE('',(#4153),#4142,.T.);
#4162=EDGE_CURVE('',#2985,#2781,#614,.T.);
#4164=EDGE_CURVE('',#2780,#2781,#610,.T.);
#4166=EDGE_CURVE('',#2997,#2780,#1500,.T.);
#4170=ADVANCED_FACE('',(#4169),#4159,.T.);
#4178=EDGE_CURVE('',#2977,#2978,#623,.T.);
#4180=EDGE_CURVE('',#2977,#2960,#1652,.T.);
#4182=EDGE_CURVE('',#2781,#2960,#627,.T.);
#4186=ADVANCED_FACE('',(#4185),#4175,.T.);
#4193=EDGE_CURVE('',#2974,#2975,#632,.T.);
#4195=EDGE_CURVE('',#2977,#2975,#1644,.T.);
#4199=EDGE_CURVE('',#2979,#2973,#1596,.T.);
#4203=ADVANCED_FACE('',(#4202),#4191,.T.);
#4211=EDGE_CURVE('',#2963,#2741,#644,.T.);
#4213=EDGE_CURVE('',#2740,#2741,#640,.T.);
#4215=EDGE_CURVE('',#2975,#2740,#1648,.T.);
#4219=ADVANCED_FACE('',(#4218),#4208,.T.);
#4227=EDGE_CURVE('',#2955,#2956,#653,.T.);
#4229=EDGE_CURVE('',#2955,#2938,#1800,.T.);
#4231=EDGE_CURVE('',#2741,#2938,#657,.T.);
#4235=ADVANCED_FACE('',(#4234),#4224,.T.);
#4242=EDGE_CURVE('',#2952,#2953,#662,.T.);
#4244=EDGE_CURVE('',#2955,#2953,#1792,.T.);
#4248=EDGE_CURVE('',#2957,#2951,#1744,.T.);
#4252=ADVANCED_FACE('',(#4251),#4240,.T.);
#4260=EDGE_CURVE('',#2941,#2701,#674,.T.);
#4262=EDGE_CURVE('',#2700,#2701,#670,.T.);
#4264=EDGE_CURVE('',#2953,#2700,#1796,.T.);
#4268=ADVANCED_FACE('',(#4267),#4257,.T.);
#4276=EDGE_CURVE('',#2933,#2934,#683,.T.);
#4278=EDGE_CURVE('',#2933,#2916,#1948,.T.);
#4280=EDGE_CURVE('',#2701,#2916,#687,.T.);
#4284=ADVANCED_FACE('',(#4283),#4273,.T.);
#4291=EDGE_CURVE('',#2930,#2931,#692,.T.);
#4293=EDGE_CURVE('',#2933,#2931,#1940,.T.);
#4297=EDGE_CURVE('',#2935,#2929,#1892,.T.);
#4301=ADVANCED_FACE('',(#4300),#4289,.T.);
#4309=EDGE_CURVE('',#2919,#2661,#704,.T.);
#4311=EDGE_CURVE('',#2660,#2661,#700,.T.);
#4313=EDGE_CURVE('',#2931,#2660,#1944,.T.);
#4317=ADVANCED_FACE('',(#4316),#4306,.T.);
#4325=EDGE_CURVE('',#2911,#2912,#713,.T.);
#4327=EDGE_CURVE('',#2911,#2894,#2096,.T.);
#4329=EDGE_CURVE('',#2661,#2894,#717,.T.);
#4333=ADVANCED_FACE('',(#4332),#4322,.T.);
#4340=EDGE_CURVE('',#2908,#2909,#722,.T.);
#4342=EDGE_CURVE('',#2911,#2909,#2088,.T.);
#4346=EDGE_CURVE('',#2913,#2907,#2040,.T.);
#4350=ADVANCED_FACE('',(#4349),#4338,.T.);
#4358=EDGE_CURVE('',#2897,#2621,#734,.T.);
#4360=EDGE_CURVE('',#2620,#2621,#730,.T.);
#4362=EDGE_CURVE('',#2909,#2620,#2092,.T.);
#4366=ADVANCED_FACE('',(#4365),#4355,.T.);
#4374=EDGE_CURVE('',#2889,#2890,#743,.T.);
#4376=EDGE_CURVE('',#2889,#2872,#2244,.T.);
#4378=EDGE_CURVE('',#2621,#2872,#747,.T.);
#4382=ADVANCED_FACE('',(#4381),#4371,.T.);
#4389=EDGE_CURVE('',#2886,#2887,#752,.T.);
#4391=EDGE_CURVE('',#2889,#2887,#2236,.T.);
#4395=EDGE_CURVE('',#2891,#2885,#2188,.T.);
#4399=ADVANCED_FACE('',(#4398),#4387,.T.);
#4407=EDGE_CURVE('',#2875,#2581,#764,.T.);
#4409=EDGE_CURVE('',#2580,#2581,#760,.T.);
#4411=EDGE_CURVE('',#2887,#2580,#2240,.T.);
#4415=ADVANCED_FACE('',(#4414),#4404,.T.);
#4423=EDGE_CURVE('',#2539,#2540,#773,.T.);
#4425=EDGE_CURVE('',#2539,#2514,#2392,.T.);
#4427=EDGE_CURVE('',#2581,#2514,#777,.T.);
#4431=ADVANCED_FACE('',(#4430),#4420,.T.);
#4438=EDGE_CURVE('',#2536,#2537,#782,.T.);
#4440=EDGE_CURVE('',#2539,#2537,#2384,.T.);
#4444=EDGE_CURVE('',#2541,#2535,#2336,.T.);
#4448=ADVANCED_FACE('',(#4447),#4436,.T.);
#4456=EDGE_CURVE('',#2518,#2519,#794,.T.);
#4458=EDGE_CURVE('',#2527,#2519,#790,.T.);
#4460=EDGE_CURVE('',#2537,#2527,#2388,.T.);
#4464=ADVANCED_FACE('',(#4463),#4453,.T.);
#4472=EDGE_CURVE('',#2477,#2478,#803,.T.);
#4474=EDGE_CURVE('',#2477,#2464,#871,.T.);
#4476=EDGE_CURVE('',#2519,#2464,#807,.T.);
#4480=ADVANCED_FACE('',(#4479),#4469,.T.);
#4486=EDGE_CURVE('',#2473,#2474,#817,.T.);
#4488=EDGE_CURVE('',#2474,#2475,#851,.T.);
#4490=EDGE_CURVE('',#2477,#2475,#863,.T.);
#4497=ADVANCED_FACE('',(#4496),#4485,.T.);
#4504=EDGE_CURVE('',#2471,#2452,#830,.T.);
#4506=EDGE_CURVE('',#2455,#2452,#846,.T.);
#4508=EDGE_CURVE('',#2455,#2474,#855,.T.);
#4514=ADVANCED_FACE('',(#4513),#4502,.T.);
#4522=EDGE_CURVE('',#2453,#2460,#826,.T.);
#4524=EDGE_CURVE('',#2452,#2453,#834,.T.);
#4529=ADVANCED_FACE('',(#4528),#4519,.T.);
#4535=EDGE_CURVE('',#2453,#2457,#838,.T.);
#4539=EDGE_CURVE('',#2465,#2457,#859,.T.);
#4543=ADVANCED_FACE('',(#4542),#4534,.T.);
#4551=EDGE_CURVE('',#2455,#2457,#842,.T.);
#4556=ADVANCED_FACE('',(#4555),#4548,.T.);
#4566=EDGE_CURVE('',#2475,#2465,#867,.T.);
#4570=ADVANCED_FACE('',(#4569),#4561,.T.);
#4582=ADVANCED_FACE('',(#4581),#4575,.T.);
#4588=EDGE_CURVE('',#2523,#2519,#875,.T.);
#4592=EDGE_CURVE('',#2523,#2461,#879,.T.);
#4596=ADVANCED_FACE('',(#4595),#4587,.T.);
#4603=EDGE_CURVE('',#2523,#2526,#888,.T.);
#4605=EDGE_CURVE('',#2526,#2527,#2280,.T.);
#4610=ADVANCED_FACE('',(#4609),#4601,.T.);
#4617=EDGE_CURVE('',#2532,#2526,#904,.T.);
#4620=EDGE_CURVE('',#2521,#2523,#2396,.T.);
#4625=ADVANCED_FACE('',(#4624),#4615,.T.);
#4632=EDGE_CURVE('',#2530,#2515,#900,.T.);
#4634=EDGE_CURVE('',#2526,#2515,#2284,.T.);
#4639=ADVANCED_FACE('',(#4638),#4630,.T.);
#4645=EDGE_CURVE('',#2877,#2576,#908,.T.);
#4647=EDGE_CURVE('',#2576,#2515,#2252,.T.);
#4654=ADVANCED_FACE('',(#4653),#4644,.T.);
#4661=EDGE_CURVE('',#2882,#2577,#942,.T.);
#4663=EDGE_CURVE('',#2576,#2577,#926,.T.);
#4669=ADVANCED_FACE('',(#4668),#4659,.T.);
#4676=EDGE_CURVE('',#2880,#2873,#938,.T.);
#4678=EDGE_CURVE('',#2577,#2873,#2136,.T.);
#4683=ADVANCED_FACE('',(#4682),#4674,.T.);
#4689=EDGE_CURVE('',#2899,#2616,#946,.T.);
#4691=EDGE_CURVE('',#2616,#2873,#2104,.T.);
#4698=ADVANCED_FACE('',(#4697),#4688,.T.);
#4705=EDGE_CURVE('',#2904,#2617,#980,.T.);
#4707=EDGE_CURVE('',#2616,#2617,#964,.T.);
#4713=ADVANCED_FACE('',(#4712),#4703,.T.);
#4720=EDGE_CURVE('',#2902,#2895,#976,.T.);
#4722=EDGE_CURVE('',#2617,#2895,#1988,.T.);
#4727=ADVANCED_FACE('',(#4726),#4718,.T.);
#4733=EDGE_CURVE('',#2921,#2656,#984,.T.);
#4735=EDGE_CURVE('',#2656,#2895,#1956,.T.);
#4742=ADVANCED_FACE('',(#4741),#4732,.T.);
#4749=EDGE_CURVE('',#2926,#2657,#1018,.T.);
#4751=EDGE_CURVE('',#2656,#2657,#1002,.T.);
#4757=ADVANCED_FACE('',(#4756),#4747,.T.);
#4764=EDGE_CURVE('',#2924,#2917,#1014,.T.);
#4766=EDGE_CURVE('',#2657,#2917,#1840,.T.);
#4771=ADVANCED_FACE('',(#4770),#4762,.T.);
#4777=EDGE_CURVE('',#2943,#2696,#1022,.T.);
#4779=EDGE_CURVE('',#2696,#2917,#1808,.T.);
#4786=ADVANCED_FACE('',(#4785),#4776,.T.);
#4793=EDGE_CURVE('',#2948,#2697,#1056,.T.);
#4795=EDGE_CURVE('',#2696,#2697,#1040,.T.);
#4801=ADVANCED_FACE('',(#4800),#4791,.T.);
#4808=EDGE_CURVE('',#2946,#2939,#1052,.T.);
#4810=EDGE_CURVE('',#2697,#2939,#1692,.T.);
#4815=ADVANCED_FACE('',(#4814),#4806,.T.);
#4821=EDGE_CURVE('',#2965,#2736,#1060,.T.);
#4823=EDGE_CURVE('',#2736,#2939,#1660,.T.);
#4830=ADVANCED_FACE('',(#4829),#4820,.T.);
#4837=EDGE_CURVE('',#2970,#2737,#1094,.T.);
#4839=EDGE_CURVE('',#2736,#2737,#1078,.T.);
#4845=ADVANCED_FACE('',(#4844),#4835,.T.);
#4852=EDGE_CURVE('',#2968,#2961,#1090,.T.);
#4854=EDGE_CURVE('',#2737,#2961,#1544,.T.);
#4859=ADVANCED_FACE('',(#4858),#4850,.T.);
#4865=EDGE_CURVE('',#2987,#2776,#1098,.T.);
#4867=EDGE_CURVE('',#2776,#2961,#1512,.T.);
#4874=ADVANCED_FACE('',(#4873),#4864,.T.);
#4881=EDGE_CURVE('',#2992,#2777,#1132,.T.);
#4883=EDGE_CURVE('',#2776,#2777,#1116,.T.);
#4889=ADVANCED_FACE('',(#4888),#4879,.T.);
#4896=EDGE_CURVE('',#2990,#2983,#1128,.T.);
#4898=EDGE_CURVE('',#2777,#2983,#1396,.T.);
#4903=ADVANCED_FACE('',(#4902),#4894,.T.);
#4909=EDGE_CURVE('',#3009,#2816,#1136,.T.);
#4911=EDGE_CURVE('',#2816,#2983,#1364,.T.);
#4918=ADVANCED_FACE('',(#4917),#4908,.T.);
#4925=EDGE_CURVE('',#3014,#2817,#1170,.T.);
#4927=EDGE_CURVE('',#2816,#2817,#1154,.T.);
#4933=ADVANCED_FACE('',(#4932),#4923,.T.);
#4940=EDGE_CURVE('',#3012,#3005,#1166,.T.);
#4942=EDGE_CURVE('',#2817,#3005,#1248,.T.);
#4947=ADVANCED_FACE('',(#4946),#4938,.T.);
#4953=EDGE_CURVE('',#3031,#2864,#1174,.T.);
#4955=EDGE_CURVE('',#2864,#3005,#1216,.T.);
#4962=ADVANCED_FACE('',(#4961),#4952,.T.);
#4969=EDGE_CURVE('',#3036,#2865,#1208,.T.);
#4971=EDGE_CURVE('',#2864,#2865,#1192,.T.);
#4977=ADVANCED_FACE('',(#4976),#4967,.T.);
#4989=ADVANCED_FACE('',(#4988),#4982,.T.);
#4998=EDGE_CURVE('',#2864,#2869,#1212,.T.);
#5002=ADVANCED_FACE('',(#5001),#4994,.T.);
#5010=EDGE_CURVE('',#3004,#3005,#1236,.T.);
#5015=ADVANCED_FACE('',(#5014),#5007,.T.);
#5022=EDGE_CURVE('',#3004,#2820,#1240,.T.);
#5024=EDGE_CURVE('',#2817,#2820,#1244,.T.);
#5029=EDGE_CURVE('',#2803,#2805,#1220,.T.);
#5031=EDGE_CURVE('',#2805,#2813,#1224,.T.);
#5033=EDGE_CURVE('',#2811,#2813,#1228,.T.);
#5035=EDGE_CURVE('',#2803,#2811,#1232,.T.);
#5039=ADVANCED_FACE('',(#5028,#5038),#5020,.F.);
#5045=EDGE_CURVE('',#2799,#2784,#1252,.T.);
#5047=EDGE_CURVE('',#2784,#2785,#1256,.T.);
#5049=EDGE_CURVE('',#2785,#2801,#1260,.T.);
#5051=EDGE_CURVE('',#2801,#2799,#1276,.T.);
#5055=ADVANCED_FACE('',(#5054),#5044,.F.);
#5061=EDGE_CURVE('',#2803,#2788,#1264,.T.);
#5063=EDGE_CURVE('',#2788,#2789,#1268,.T.);
#5065=EDGE_CURVE('',#2789,#2805,#1272,.T.);
#5070=ADVANCED_FACE('',(#5069),#5060,.F.);
#5077=EDGE_CURVE('',#2799,#2807,#1288,.T.);
#5079=EDGE_CURVE('',#2807,#2792,#1316,.T.);
#5081=EDGE_CURVE('',#2784,#2792,#1312,.T.);
#5085=ADVANCED_FACE('',(#5084),#5075,.T.);
#5098=EDGE_CURVE('',#2801,#2809,#1280,.T.);
#5100=EDGE_CURVE('',#2809,#2807,#1284,.T.);
#5105=ADVANCED_FACE('',(#5096,#5104),#5090,.T.);
#5112=EDGE_CURVE('',#2785,#2793,#1308,.T.);
#5114=EDGE_CURVE('',#2793,#2809,#1320,.T.);
#5119=ADVANCED_FACE('',(#5118),#5110,.T.);
#5127=EDGE_CURVE('',#2792,#2793,#1324,.T.);
#5132=ADVANCED_FACE('',(#5131),#5124,.T.);
#5144=ADVANCED_FACE('',(#5143),#5137,.T.);
#5150=EDGE_CURVE('',#2811,#2796,#1328,.T.);
#5153=EDGE_CURVE('',#2797,#2813,#1332,.T.);
#5155=EDGE_CURVE('',#2796,#2797,#1336,.T.);
#5159=ADVANCED_FACE('',(#5158),#5149,.T.);
#5168=EDGE_CURVE('',#2788,#2796,#1340,.T.);
#5172=ADVANCED_FACE('',(#5171),#5164,.T.);
#5181=EDGE_CURVE('',#2789,#2797,#1344,.T.);
#5185=ADVANCED_FACE('',(#5184),#5177,.T.);
#5197=ADVANCED_FACE('',(#5196),#5190,.T.);
#5209=ADVANCED_FACE('',(#5208),#5202,.T.);
#5218=EDGE_CURVE('',#2816,#2821,#1360,.T.);
#5222=ADVANCED_FACE('',(#5221),#5214,.T.);
#5230=EDGE_CURVE('',#2982,#2983,#1384,.T.);
#5235=ADVANCED_FACE('',(#5234),#5227,.T.);
#5242=EDGE_CURVE('',#2982,#2780,#1388,.T.);
#5244=EDGE_CURVE('',#2777,#2780,#1392,.T.);
#5249=EDGE_CURVE('',#2763,#2765,#1368,.T.);
#5251=EDGE_CURVE('',#2765,#2773,#1372,.T.);
#5253=EDGE_CURVE('',#2771,#2773,#1376,.T.);
#5255=EDGE_CURVE('',#2763,#2771,#1380,.T.);
#5259=ADVANCED_FACE('',(#5248,#5258),#5240,.F.);
#5265=EDGE_CURVE('',#2759,#2744,#1400,.T.);
#5267=EDGE_CURVE('',#2744,#2745,#1404,.T.);
#5269=EDGE_CURVE('',#2745,#2761,#1408,.T.);
#5271=EDGE_CURVE('',#2761,#2759,#1424,.T.);
#5275=ADVANCED_FACE('',(#5274),#5264,.F.);
#5281=EDGE_CURVE('',#2763,#2748,#1412,.T.);
#5283=EDGE_CURVE('',#2748,#2749,#1416,.T.);
#5285=EDGE_CURVE('',#2749,#2765,#1420,.T.);
#5290=ADVANCED_FACE('',(#5289),#5280,.F.);
#5297=EDGE_CURVE('',#2759,#2767,#1436,.T.);
#5299=EDGE_CURVE('',#2767,#2752,#1464,.T.);
#5301=EDGE_CURVE('',#2744,#2752,#1460,.T.);
#5305=ADVANCED_FACE('',(#5304),#5295,.T.);
#5318=EDGE_CURVE('',#2761,#2769,#1428,.T.);
#5320=EDGE_CURVE('',#2769,#2767,#1432,.T.);
#5325=ADVANCED_FACE('',(#5316,#5324),#5310,.T.);
#5332=EDGE_CURVE('',#2745,#2753,#1456,.T.);
#5334=EDGE_CURVE('',#2753,#2769,#1468,.T.);
#5339=ADVANCED_FACE('',(#5338),#5330,.T.);
#5347=EDGE_CURVE('',#2752,#2753,#1472,.T.);
#5352=ADVANCED_FACE('',(#5351),#5344,.T.);
#5364=ADVANCED_FACE('',(#5363),#5357,.T.);
#5370=EDGE_CURVE('',#2771,#2756,#1476,.T.);
#5373=EDGE_CURVE('',#2757,#2773,#1480,.T.);
#5375=EDGE_CURVE('',#2756,#2757,#1484,.T.);
#5379=ADVANCED_FACE('',(#5378),#5369,.T.);
#5388=EDGE_CURVE('',#2748,#2756,#1488,.T.);
#5392=ADVANCED_FACE('',(#5391),#5384,.T.);
#5401=EDGE_CURVE('',#2749,#2757,#1492,.T.);
#5405=ADVANCED_FACE('',(#5404),#5397,.T.);
#5417=ADVANCED_FACE('',(#5416),#5410,.T.);
#5429=ADVANCED_FACE('',(#5428),#5422,.T.);
#5438=EDGE_CURVE('',#2776,#2781,#1508,.T.);
#5442=ADVANCED_FACE('',(#5441),#5434,.T.);
#5450=EDGE_CURVE('',#2960,#2961,#1532,.T.);
#5455=ADVANCED_FACE('',(#5454),#5447,.T.);
#5462=EDGE_CURVE('',#2960,#2740,#1536,.T.);
#5464=EDGE_CURVE('',#2737,#2740,#1540,.T.);
#5469=EDGE_CURVE('',#2723,#2725,#1516,.T.);
#5471=EDGE_CURVE('',#2725,#2733,#1520,.T.);
#5473=EDGE_CURVE('',#2731,#2733,#1524,.T.);
#5475=EDGE_CURVE('',#2723,#2731,#1528,.T.);
#5479=ADVANCED_FACE('',(#5468,#5478),#5460,.F.);
#5485=EDGE_CURVE('',#2719,#2704,#1548,.T.);
#5487=EDGE_CURVE('',#2704,#2705,#1552,.T.);
#5489=EDGE_CURVE('',#2705,#2721,#1556,.T.);
#5491=EDGE_CURVE('',#2721,#2719,#1572,.T.);
#5495=ADVANCED_FACE('',(#5494),#5484,.F.);
#5501=EDGE_CURVE('',#2723,#2708,#1560,.T.);
#5503=EDGE_CURVE('',#2708,#2709,#1564,.T.);
#5505=EDGE_CURVE('',#2709,#2725,#1568,.T.);
#5510=ADVANCED_FACE('',(#5509),#5500,.F.);
#5517=EDGE_CURVE('',#2719,#2727,#1584,.T.);
#5519=EDGE_CURVE('',#2727,#2712,#1612,.T.);
#5521=EDGE_CURVE('',#2704,#2712,#1608,.T.);
#5525=ADVANCED_FACE('',(#5524),#5515,.T.);
#5538=EDGE_CURVE('',#2721,#2729,#1576,.T.);
#5540=EDGE_CURVE('',#2729,#2727,#1580,.T.);
#5545=ADVANCED_FACE('',(#5536,#5544),#5530,.T.);
#5552=EDGE_CURVE('',#2705,#2713,#1604,.T.);
#5554=EDGE_CURVE('',#2713,#2729,#1616,.T.);
#5559=ADVANCED_FACE('',(#5558),#5550,.T.);
#5567=EDGE_CURVE('',#2712,#2713,#1620,.T.);
#5572=ADVANCED_FACE('',(#5571),#5564,.T.);
#5584=ADVANCED_FACE('',(#5583),#5577,.T.);
#5590=EDGE_CURVE('',#2731,#2716,#1624,.T.);
#5593=EDGE_CURVE('',#2717,#2733,#1628,.T.);
#5595=EDGE_CURVE('',#2716,#2717,#1632,.T.);
#5599=ADVANCED_FACE('',(#5598),#5589,.T.);
#5608=EDGE_CURVE('',#2708,#2716,#1636,.T.);
#5612=ADVANCED_FACE('',(#5611),#5604,.T.);
#5621=EDGE_CURVE('',#2709,#2717,#1640,.T.);
#5625=ADVANCED_FACE('',(#5624),#5617,.T.);
#5637=ADVANCED_FACE('',(#5636),#5630,.T.);
#5649=ADVANCED_FACE('',(#5648),#5642,.T.);
#5658=EDGE_CURVE('',#2736,#2741,#1656,.T.);
#5662=ADVANCED_FACE('',(#5661),#5654,.T.);
#5670=EDGE_CURVE('',#2938,#2939,#1680,.T.);
#5675=ADVANCED_FACE('',(#5674),#5667,.T.);
#5682=EDGE_CURVE('',#2938,#2700,#1684,.T.);
#5684=EDGE_CURVE('',#2697,#2700,#1688,.T.);
#5689=EDGE_CURVE('',#2683,#2685,#1664,.T.);
#5691=EDGE_CURVE('',#2685,#2693,#1668,.T.);
#5693=EDGE_CURVE('',#2691,#2693,#1672,.T.);
#5695=EDGE_CURVE('',#2683,#2691,#1676,.T.);
#5699=ADVANCED_FACE('',(#5688,#5698),#5680,.F.);
#5705=EDGE_CURVE('',#2679,#2664,#1696,.T.);
#5707=EDGE_CURVE('',#2664,#2665,#1700,.T.);
#5709=EDGE_CURVE('',#2665,#2681,#1704,.T.);
#5711=EDGE_CURVE('',#2681,#2679,#1720,.T.);
#5715=ADVANCED_FACE('',(#5714),#5704,.F.);
#5721=EDGE_CURVE('',#2683,#2668,#1708,.T.);
#5723=EDGE_CURVE('',#2668,#2669,#1712,.T.);
#5725=EDGE_CURVE('',#2669,#2685,#1716,.T.);
#5730=ADVANCED_FACE('',(#5729),#5720,.F.);
#5737=EDGE_CURVE('',#2679,#2687,#1732,.T.);
#5739=EDGE_CURVE('',#2687,#2672,#1760,.T.);
#5741=EDGE_CURVE('',#2664,#2672,#1756,.T.);
#5745=ADVANCED_FACE('',(#5744),#5735,.T.);
#5758=EDGE_CURVE('',#2681,#2689,#1724,.T.);
#5760=EDGE_CURVE('',#2689,#2687,#1728,.T.);
#5765=ADVANCED_FACE('',(#5756,#5764),#5750,.T.);
#5772=EDGE_CURVE('',#2665,#2673,#1752,.T.);
#5774=EDGE_CURVE('',#2673,#2689,#1764,.T.);
#5779=ADVANCED_FACE('',(#5778),#5770,.T.);
#5787=EDGE_CURVE('',#2672,#2673,#1768,.T.);
#5792=ADVANCED_FACE('',(#5791),#5784,.T.);
#5804=ADVANCED_FACE('',(#5803),#5797,.T.);
#5810=EDGE_CURVE('',#2691,#2676,#1772,.T.);
#5813=EDGE_CURVE('',#2677,#2693,#1776,.T.);
#5815=EDGE_CURVE('',#2676,#2677,#1780,.T.);
#5819=ADVANCED_FACE('',(#5818),#5809,.T.);
#5828=EDGE_CURVE('',#2668,#2676,#1784,.T.);
#5832=ADVANCED_FACE('',(#5831),#5824,.T.);
#5841=EDGE_CURVE('',#2669,#2677,#1788,.T.);
#5845=ADVANCED_FACE('',(#5844),#5837,.T.);
#5857=ADVANCED_FACE('',(#5856),#5850,.T.);
#5869=ADVANCED_FACE('',(#5868),#5862,.T.);
#5878=EDGE_CURVE('',#2696,#2701,#1804,.T.);
#5882=ADVANCED_FACE('',(#5881),#5874,.T.);
#5890=EDGE_CURVE('',#2916,#2917,#1828,.T.);
#5895=ADVANCED_FACE('',(#5894),#5887,.T.);
#5902=EDGE_CURVE('',#2916,#2660,#1832,.T.);
#5904=EDGE_CURVE('',#2657,#2660,#1836,.T.);
#5909=EDGE_CURVE('',#2643,#2645,#1812,.T.);
#5911=EDGE_CURVE('',#2645,#2653,#1816,.T.);
#5913=EDGE_CURVE('',#2651,#2653,#1820,.T.);
#5915=EDGE_CURVE('',#2643,#2651,#1824,.T.);
#5919=ADVANCED_FACE('',(#5908,#5918),#5900,.F.);
#5925=EDGE_CURVE('',#2639,#2624,#1844,.T.);
#5927=EDGE_CURVE('',#2624,#2625,#1848,.T.);
#5929=EDGE_CURVE('',#2625,#2641,#1852,.T.);
#5931=EDGE_CURVE('',#2641,#2639,#1868,.T.);
#5935=ADVANCED_FACE('',(#5934),#5924,.F.);
#5941=EDGE_CURVE('',#2643,#2628,#1856,.T.);
#5943=EDGE_CURVE('',#2628,#2629,#1860,.T.);
#5945=EDGE_CURVE('',#2629,#2645,#1864,.T.);
#5950=ADVANCED_FACE('',(#5949),#5940,.F.);
#5957=EDGE_CURVE('',#2639,#2647,#1880,.T.);
#5959=EDGE_CURVE('',#2647,#2632,#1908,.T.);
#5961=EDGE_CURVE('',#2624,#2632,#1904,.T.);
#5965=ADVANCED_FACE('',(#5964),#5955,.T.);
#5978=EDGE_CURVE('',#2641,#2649,#1872,.T.);
#5980=EDGE_CURVE('',#2649,#2647,#1876,.T.);
#5985=ADVANCED_FACE('',(#5976,#5984),#5970,.T.);
#5992=EDGE_CURVE('',#2625,#2633,#1900,.T.);
#5994=EDGE_CURVE('',#2633,#2649,#1912,.T.);
#5999=ADVANCED_FACE('',(#5998),#5990,.T.);
#6007=EDGE_CURVE('',#2632,#2633,#1916,.T.);
#6012=ADVANCED_FACE('',(#6011),#6004,.T.);
#6024=ADVANCED_FACE('',(#6023),#6017,.T.);
#6030=EDGE_CURVE('',#2651,#2636,#1920,.T.);
#6033=EDGE_CURVE('',#2637,#2653,#1924,.T.);
#6035=EDGE_CURVE('',#2636,#2637,#1928,.T.);
#6039=ADVANCED_FACE('',(#6038),#6029,.T.);
#6048=EDGE_CURVE('',#2628,#2636,#1932,.T.);
#6052=ADVANCED_FACE('',(#6051),#6044,.T.);
#6061=EDGE_CURVE('',#2629,#2637,#1936,.T.);
#6065=ADVANCED_FACE('',(#6064),#6057,.T.);
#6077=ADVANCED_FACE('',(#6076),#6070,.T.);
#6089=ADVANCED_FACE('',(#6088),#6082,.T.);
#6098=EDGE_CURVE('',#2656,#2661,#1952,.T.);
#6102=ADVANCED_FACE('',(#6101),#6094,.T.);
#6110=EDGE_CURVE('',#2894,#2895,#1976,.T.);
#6115=ADVANCED_FACE('',(#6114),#6107,.T.);
#6122=EDGE_CURVE('',#2894,#2620,#1980,.T.);
#6124=EDGE_CURVE('',#2617,#2620,#1984,.T.);
#6129=EDGE_CURVE('',#2603,#2605,#1960,.T.);
#6131=EDGE_CURVE('',#2605,#2613,#1964,.T.);
#6133=EDGE_CURVE('',#2611,#2613,#1968,.T.);
#6135=EDGE_CURVE('',#2603,#2611,#1972,.T.);
#6139=ADVANCED_FACE('',(#6128,#6138),#6120,.F.);
#6145=EDGE_CURVE('',#2599,#2584,#1992,.T.);
#6147=EDGE_CURVE('',#2584,#2585,#1996,.T.);
#6149=EDGE_CURVE('',#2585,#2601,#2000,.T.);
#6151=EDGE_CURVE('',#2601,#2599,#2016,.T.);
#6155=ADVANCED_FACE('',(#6154),#6144,.F.);
#6161=EDGE_CURVE('',#2603,#2588,#2004,.T.);
#6163=EDGE_CURVE('',#2588,#2589,#2008,.T.);
#6165=EDGE_CURVE('',#2589,#2605,#2012,.T.);
#6170=ADVANCED_FACE('',(#6169),#6160,.F.);
#6177=EDGE_CURVE('',#2599,#2607,#2028,.T.);
#6179=EDGE_CURVE('',#2607,#2592,#2056,.T.);
#6181=EDGE_CURVE('',#2584,#2592,#2052,.T.);
#6185=ADVANCED_FACE('',(#6184),#6175,.T.);
#6198=EDGE_CURVE('',#2601,#2609,#2020,.T.);
#6200=EDGE_CURVE('',#2609,#2607,#2024,.T.);
#6205=ADVANCED_FACE('',(#6196,#6204),#6190,.T.);
#6212=EDGE_CURVE('',#2585,#2593,#2048,.T.);
#6214=EDGE_CURVE('',#2593,#2609,#2060,.T.);
#6219=ADVANCED_FACE('',(#6218),#6210,.T.);
#6227=EDGE_CURVE('',#2592,#2593,#2064,.T.);
#6232=ADVANCED_FACE('',(#6231),#6224,.T.);
#6244=ADVANCED_FACE('',(#6243),#6237,.T.);
#6250=EDGE_CURVE('',#2611,#2596,#2068,.T.);
#6253=EDGE_CURVE('',#2597,#2613,#2072,.T.);
#6255=EDGE_CURVE('',#2596,#2597,#2076,.T.);
#6259=ADVANCED_FACE('',(#6258),#6249,.T.);
#6268=EDGE_CURVE('',#2588,#2596,#2080,.T.);
#6272=ADVANCED_FACE('',(#6271),#6264,.T.);
#6281=EDGE_CURVE('',#2589,#2597,#2084,.T.);
#6285=ADVANCED_FACE('',(#6284),#6277,.T.);
#6297=ADVANCED_FACE('',(#6296),#6290,.T.);
#6309=ADVANCED_FACE('',(#6308),#6302,.T.);
#6318=EDGE_CURVE('',#2616,#2621,#2100,.T.);
#6322=ADVANCED_FACE('',(#6321),#6314,.T.);
#6330=EDGE_CURVE('',#2872,#2873,#2124,.T.);
#6335=ADVANCED_FACE('',(#6334),#6327,.T.);
#6342=EDGE_CURVE('',#2872,#2580,#2128,.T.);
#6344=EDGE_CURVE('',#2577,#2580,#2132,.T.);
#6349=EDGE_CURVE('',#2563,#2565,#2108,.T.);
#6351=EDGE_CURVE('',#2565,#2573,#2112,.T.);
#6353=EDGE_CURVE('',#2571,#2573,#2116,.T.);
#6355=EDGE_CURVE('',#2563,#2571,#2120,.T.);
#6359=ADVANCED_FACE('',(#6348,#6358),#6340,.F.);
#6365=EDGE_CURVE('',#2559,#2544,#2140,.T.);
#6367=EDGE_CURVE('',#2544,#2545,#2144,.T.);
#6369=EDGE_CURVE('',#2545,#2561,#2148,.T.);
#6371=EDGE_CURVE('',#2561,#2559,#2164,.T.);
#6375=ADVANCED_FACE('',(#6374),#6364,.F.);
#6381=EDGE_CURVE('',#2563,#2548,#2152,.T.);
#6383=EDGE_CURVE('',#2548,#2549,#2156,.T.);
#6385=EDGE_CURVE('',#2549,#2565,#2160,.T.);
#6390=ADVANCED_FACE('',(#6389),#6380,.F.);
#6397=EDGE_CURVE('',#2559,#2567,#2176,.T.);
#6399=EDGE_CURVE('',#2567,#2552,#2204,.T.);
#6401=EDGE_CURVE('',#2544,#2552,#2200,.T.);
#6405=ADVANCED_FACE('',(#6404),#6395,.T.);
#6418=EDGE_CURVE('',#2561,#2569,#2168,.T.);
#6420=EDGE_CURVE('',#2569,#2567,#2172,.T.);
#6425=ADVANCED_FACE('',(#6416,#6424),#6410,.T.);
#6432=EDGE_CURVE('',#2545,#2553,#2196,.T.);
#6434=EDGE_CURVE('',#2553,#2569,#2208,.T.);
#6439=ADVANCED_FACE('',(#6438),#6430,.T.);
#6447=EDGE_CURVE('',#2552,#2553,#2212,.T.);
#6452=ADVANCED_FACE('',(#6451),#6444,.T.);
#6464=ADVANCED_FACE('',(#6463),#6457,.T.);
#6470=EDGE_CURVE('',#2571,#2556,#2216,.T.);
#6473=EDGE_CURVE('',#2557,#2573,#2220,.T.);
#6475=EDGE_CURVE('',#2556,#2557,#2224,.T.);
#6479=ADVANCED_FACE('',(#6478),#6469,.T.);
#6488=EDGE_CURVE('',#2548,#2556,#2228,.T.);
#6492=ADVANCED_FACE('',(#6491),#6484,.T.);
#6501=EDGE_CURVE('',#2549,#2557,#2232,.T.);
#6505=ADVANCED_FACE('',(#6504),#6497,.T.);
#6517=ADVANCED_FACE('',(#6516),#6510,.T.);
#6529=ADVANCED_FACE('',(#6528),#6522,.T.);
#6538=EDGE_CURVE('',#2576,#2581,#2248,.T.);
#6542=ADVANCED_FACE('',(#6541),#6534,.T.);
#6550=EDGE_CURVE('',#2514,#2515,#2272,.T.);
#6555=ADVANCED_FACE('',(#6554),#6547,.T.);
#6562=EDGE_CURVE('',#2514,#2527,#2276,.T.);
#6568=EDGE_CURVE('',#2506,#2507,#2256,.T.);
#6570=EDGE_CURVE('',#2507,#2511,#2260,.T.);
#6572=EDGE_CURVE('',#2510,#2511,#2264,.T.);
#6574=EDGE_CURVE('',#2506,#2510,#2268,.T.);
#6578=ADVANCED_FACE('',(#6567,#6577),#6560,.F.);
#6584=EDGE_CURVE('',#2498,#2499,#2312,.T.);
#6586=EDGE_CURVE('',#2499,#2482,#2288,.T.);
#6588=EDGE_CURVE('',#2482,#2483,#2292,.T.);
#6590=EDGE_CURVE('',#2483,#2498,#2296,.T.);
#6594=ADVANCED_FACE('',(#6593),#6583,.F.);
#6601=EDGE_CURVE('',#2506,#2486,#2300,.T.);
#6603=EDGE_CURVE('',#2486,#2487,#2304,.T.);
#6605=EDGE_CURVE('',#2487,#2507,#2308,.T.);
#6609=ADVANCED_FACE('',(#6608),#6599,.F.);
#6622=EDGE_CURVE('',#2498,#2502,#2316,.T.);
#6624=EDGE_CURVE('',#2502,#2503,#2320,.T.);
#6626=EDGE_CURVE('',#2499,#2503,#2324,.T.);
#6630=ADVANCED_FACE('',(#6620,#6629),#6614,.T.);
#6638=EDGE_CURVE('',#2483,#2491,#2344,.T.);
#6640=EDGE_CURVE('',#2491,#2502,#2352,.T.);
#6644=ADVANCED_FACE('',(#6643),#6635,.T.);
#6651=EDGE_CURVE('',#2482,#2490,#2348,.T.);
#6653=EDGE_CURVE('',#2490,#2491,#2356,.T.);
#6658=ADVANCED_FACE('',(#6657),#6649,.T.);
#6665=EDGE_CURVE('',#2503,#2490,#2360,.T.);
#6671=ADVANCED_FACE('',(#6670),#6663,.T.);
#6683=ADVANCED_FACE('',(#6682),#6676,.T.);
#6690=EDGE_CURVE('',#2495,#2511,#2364,.T.);
#6692=EDGE_CURVE('',#2494,#2495,#2368,.T.);
#6694=EDGE_CURVE('',#2510,#2494,#2372,.T.);
#6698=ADVANCED_FACE('',(#6697),#6688,.T.);
#6706=EDGE_CURVE('',#2487,#2495,#2376,.T.);
#6711=ADVANCED_FACE('',(#6710),#6703,.T.);
#6718=EDGE_CURVE('',#2486,#2494,#2380,.T.);
#6724=ADVANCED_FACE('',(#6723),#6716,.T.);
#6736=ADVANCED_FACE('',(#6735),#6729,.T.);
#6748=ADVANCED_FACE('',(#6747),#6741,.T.);
#6761=ADVANCED_FACE('',(#6760),#6753,.T.);
#6773=ADVANCED_FACE('',(#6772),#6766,.T.);
#6776=(LENGTH_UNIT()NAMED_UNIT(*)SI_UNIT(.MILLI.,.METRE.));
#6777=(NAMED_UNIT(*)PLANE_ANGLE_UNIT()SI_UNIT($,.RADIAN.));
#6780=(NAMED_UNIT(*)SI_UNIT($,.STERADIAN.)SOLID_ANGLE_UNIT());
#6782=(GEOMETRIC_REPRESENTATION_CONTEXT(3)GLOBAL_UNCERTAINTY_ASSIGNED_CONTEXT((
#6781))GLOBAL_UNIT_ASSIGNED_CONTEXT((#6776,#6779,#6780))REPRESENTATION_CONTEXT(
'ID1','3'));
#6783=ADVANCED_BREP_SHAPE_REPRESENTATION('',(#6775),#6782);
#6790=PRODUCT_DEFINITION('part definition','',#6789,#6786);
#6791=PRODUCT_DEFINITION_SHAPE('','SHAPE FOR C-1-826936-0.',#6790);
#6792=SHAPE_ASPECT('','solid data associated with C-1-826936-0',#6791,.F.);
#6793=PROPERTY_DEFINITION('',
'shape for solid data with which properties are associated',#6792);
#6794=SHAPE_REPRESENTATION('',(#6775),#6782);
#6795=SHAPE_DEFINITION_REPRESENTATION(#6793,#6794);
#6796=(LENGTH_UNIT()NAMED_UNIT(*)SI_UNIT(.MILLI.,.METRE.));
#6800=PROPERTY_DEFINITION('geometric validation property',
'area of C-1-826936-0',#6792);
#6801=REPRESENTATION('surface area',(#6799),#6782);
#6802=PROPERTY_DEFINITION_REPRESENTATION(#6800,#6801);
#6803=(LENGTH_UNIT()NAMED_UNIT(*)SI_UNIT(.MILLI.,.METRE.));
#6807=PROPERTY_DEFINITION('geometric validation property',
'volume of C-1-826936-0',#6792);
#6808=REPRESENTATION('volume',(#6806),#6782);
#6809=PROPERTY_DEFINITION_REPRESENTATION(#6807,#6808);
#6811=PROPERTY_DEFINITION('geometric validation property',
'centroid of C-1-826936-0',#6792);
#6812=REPRESENTATION('centroid',(#6810),#6782);
#6813=PROPERTY_DEFINITION_REPRESENTATION(#6811,#6812);
#6814=(LENGTH_UNIT()NAMED_UNIT(*)SI_UNIT(.MILLI.,.METRE.));
#6818=PROPERTY_DEFINITION('geometric validation property',
'area of C-1-826936-0',#6791);
#6819=REPRESENTATION('surface area',(#6817),#6782);
#6820=PROPERTY_DEFINITION_REPRESENTATION(#6818,#6819);
#6821=(LENGTH_UNIT()NAMED_UNIT(*)SI_UNIT(.MILLI.,.METRE.));
#6825=PROPERTY_DEFINITION('geometric validation property',
'volume of C-1-826936-0',#6791);
#6826=REPRESENTATION('volume',(#6824),#6782);
#6827=PROPERTY_DEFINITION_REPRESENTATION(#6825,#6826);
#6829=PROPERTY_DEFINITION('geometric validation property',
'centroid of C-1-826936-0',#6791);
#6830=REPRESENTATION('centroid',(#6828),#6782);
#6831=PROPERTY_DEFINITION_REPRESENTATION(#6829,#6830);
#6832=SHAPE_DEFINITION_REPRESENTATION(#6791,#6783);
ENDSEC;
END-ISO-10303-21;
