ISO-10303-21;
HEADER;
FILE_DESCRIPTION (( 'STEP AP214' ),
    '1' );
FILE_NAME ('0ABA-0200-TN.STEP',
    '2020-07-02T16:44:13',
    ( '' ),
    ( '' ),
    'SwSTEP 2.0',
    'SolidWorks 2017',
    '' );
FILE_SCHEMA (( 'AUTOMOTIVE_DESIGN' ));
ENDSEC;

DATA;
#1 = DIRECTION ( 'NONE',  ( 1.000000000000000000, 0.0000000000000000000, -2.710505431213766000E-016 ) ) ;
#2 = DIRECTION ( 'NONE',  ( -0.0000000000000000000, -1.000000000000000000, -0.0000000000000000000 ) ) ;
#3 = FACE_OUTER_BOUND ( 'NONE', #210, .T. ) ;
#4 = VECTOR ( 'NONE', #1211, 1000.000000000000000 ) ;
#5 = DIRECTION ( 'NONE',  ( -2.710505431213764500E-016, 0.0000000000000000000, -1.000000000000000000 ) ) ;
#6 = AXIS2_PLACEMENT_3D ( 'NONE', #1071, #1075, #260 ) ;
#7 = PLANE ( 'NONE',  #1426 ) ;
#8 = DIRECTION ( 'NONE',  ( 0.0000000000000000000, 0.0000000000000000000, -1.000000000000000000 ) ) ;
#9 = ORIENTED_EDGE ( 'NONE', *, *, #1434, .F. ) ;
#10 = DIRECTION ( 'NONE',  ( 0.0000000000000000000, -0.0000000000000000000, 1.000000000000000000 ) ) ;
#11 = ORIENTED_EDGE ( 'NONE', *, *, #1427, .T. ) ;
#12 = DIRECTION ( 'NONE',  ( 1.000000000000000000, 0.0000000000000000000, -0.0000000000000000000 ) ) ;
#13 = ORIENTED_EDGE ( 'NONE', *, *, #269, .T. ) ;
#14 = EDGE_CURVE ( 'NONE', #535, #974, #291, .T. ) ;
#15 = DIRECTION ( 'NONE',  ( -0.0000000000000000000, -1.000000000000000000, -0.0000000000000000000 ) ) ;
#16 = ORIENTED_EDGE ( 'NONE', *, *, #703, .F. ) ;
#17 = ORIENTED_EDGE ( 'NONE', *, *, #1079, .T. ) ;
#18 = CARTESIAN_POINT ( 'NONE',  ( -0.4499999999999996800, 0.02500000000000001200, 0.2500000000000000600 ) ) ;
#19 = ORIENTED_EDGE ( 'NONE', *, *, #415, .T. ) ;
#20 = DIRECTION ( 'NONE',  ( 0.0000000000000000000, -0.0000000000000000000, -1.000000000000000000 ) ) ;
#21 = CARTESIAN_POINT ( 'NONE',  ( -0.2500000000000000000, 0.4749999999999999800, -0.2500000000000000000 ) ) ;
#22 = FACE_OUTER_BOUND ( 'NONE', #374, .T. ) ;
#23 = CARTESIAN_POINT ( 'NONE',  ( 0.2500000000000000600, 0.4500000000000000100, -0.2500000000000000000 ) ) ;
#24 = AXIS2_PLACEMENT_3D ( 'NONE', #1503, #914, #1269 ) ;
#25 = DIRECTION ( 'NONE',  ( 0.0000000000000000000, 0.0000000000000000000, 1.000000000000000000 ) ) ;
#26 = EDGE_CURVE ( 'NONE', #1156, #568, #1279, .T. ) ;
#27 = CIRCLE ( 'NONE', #1170, 0.02500000000000001200 ) ;
#28 = AXIS2_PLACEMENT_3D ( 'NONE', #1334, #636, #502 ) ;
#29 = ORIENTED_EDGE ( 'NONE', *, *, #510, .T. ) ;
#30 = DIRECTION ( 'NONE',  ( 1.000000000000000000, -0.0000000000000000000, 0.0000000000000000000 ) ) ;
#31 = ORIENTED_EDGE ( 'NONE', *, *, #340, .F. ) ;
#32 = DIRECTION ( 'NONE',  ( -0.0000000000000000000, -1.000000000000000000, -0.0000000000000000000 ) ) ;
#33 = EDGE_LOOP ( 'NONE', ( #631, #845, #157, #143 ) ) ;
#34 = UNCERTAINTY_MEASURE_WITH_UNIT (LENGTH_MEASURE( 1.000000000000000100E-005 ), #975, 'distance_accuracy_value', 'NONE');
#35 = CARTESIAN_POINT ( 'NONE',  ( -0.4749999999999999800, 0.02500000000000001200, 0.0000000000000000000 ) ) ;
#36 = CARTESIAN_POINT ( 'NONE',  ( 6.098637220230972300E-017, 0.4749999999999999800, 0.2249999999999999500 ) ) ;
#37 = DIRECTION ( 'NONE',  ( -0.0000000000000000000, -1.000000000000000000, 0.0000000000000000000 ) ) ;
#38 = CYLINDRICAL_SURFACE ( 'NONE', #1099, 0.02500000000000001200 ) ;
#39 = CIRCLE ( 'NONE', #28, 0.02499999999999998400 ) ;
#40 = CARTESIAN_POINT ( 'NONE',  ( -0.2500000000000000000, 0.02500000000000000100, -0.2500000000000000000 ) ) ;
#41 = FACE_OUTER_BOUND ( 'NONE', #1304, .T. ) ;
#42 = TOROIDAL_SURFACE ( 'NONE', #1126, 0.02500000000000002200, 0.02500000000000000100 ) ;
#43 = CARTESIAN_POINT ( 'NONE',  ( -0.2500000000000000000, 0.5000000000000000000, -0.2250000000000000300 ) ) ;
#44 = LINE ( 'NONE', #1271, #913 ) ;
#45 = EDGE_CURVE ( 'NONE', #1095, #876, #219, .T. ) ;
#46 = DIRECTION ( 'NONE',  ( 0.0000000000000000000, 1.000000000000000000, -0.0000000000000000000 ) ) ;
#47 =( NAMED_UNIT ( * ) SI_UNIT ( $, .STERADIAN. ) SOLID_ANGLE_UNIT ( ) );
#48 = CARTESIAN_POINT ( 'NONE',  ( -0.2500000000000000000, 0.5000000000000000000, 0.2500000000000000000 ) ) ;
#49 = ORIENTED_EDGE ( 'NONE', *, *, #1316, .T. ) ;
#50 = CARTESIAN_POINT ( 'NONE',  ( 0.0000000000000000000, 0.4500000000000000100, -0.2500000000000000000 ) ) ;
#51 = VERTEX_POINT ( 'NONE', #1208 ) ;
#52 = ORIENTED_EDGE ( 'NONE', *, *, #542, .T. ) ;
#53 = VERTEX_POINT ( 'NONE', #858 ) ;
#54 = DIRECTION ( 'NONE',  ( 0.0000000000000000000, 0.0000000000000000000, -1.000000000000000000 ) ) ;
#55 = ORIENTED_EDGE ( 'NONE', *, *, #645, .T. ) ;
#56 = DIRECTION ( 'NONE',  ( -0.0000000000000000000, -1.000000000000000000, -0.0000000000000000000 ) ) ;
#57 = EDGE_CURVE ( 'NONE', #1325, #385, #1153, .T. ) ;
#58 = DIRECTION ( 'NONE',  ( 1.000000000000000000, -0.0000000000000000000, 0.0000000000000000000 ) ) ;
#59 = AXIS2_PLACEMENT_3D ( 'NONE', #1365, #791, #918 ) ;
#60 = VECTOR ( 'NONE', #601, 1000.000000000000000 ) ;
#61 = CARTESIAN_POINT ( 'NONE',  ( 0.2500000000000000600, 0.0000000000000000000, 0.0000000000000000000 ) ) ;
#62 = FACE_OUTER_BOUND ( 'NONE', #496, .T. ) ;
#63 = PLANE ( 'NONE',  #1452 ) ;
#64 = DIRECTION ( 'NONE',  ( 1.000000000000000000, -0.0000000000000000000, 0.0000000000000000000 ) ) ;
#65 = CIRCLE ( 'NONE', #700, 0.02500000000000001200 ) ;
#66 = AXIS2_PLACEMENT_3D ( 'NONE', #1044, #1155, #451 ) ;
#67 = ADVANCED_FACE ( 'NONE', ( #121 ), #1120, .F. ) ;
#68 =( LENGTH_UNIT ( ) NAMED_UNIT ( * ) SI_UNIT ( .MILLI., .METRE. ) );
#69 = EDGE_CURVE ( 'NONE', #738, #1486, #934, .T. ) ;
#70 = ORIENTED_EDGE ( 'NONE', *, *, #1186, .T. ) ;
#71 = CARTESIAN_POINT ( 'NONE',  ( 0.2500000000000000600, 0.4749999999999999800, -0.2500000000000000000 ) ) ;
#72 = VERTEX_POINT ( 'NONE', #977 ) ;
#73 = DIRECTION ( 'NONE',  ( -1.000000000000000000, 0.0000000000000000000, 0.0000000000000000000 ) ) ;
#74 = ORIENTED_EDGE ( 'NONE', *, *, #1306, .F. ) ;
#75 = ADVANCED_FACE ( 'NONE', ( #1480 ), #1106, .F. ) ;
#76 = EDGE_LOOP ( 'NONE', ( #1430, #332, #1378, #95 ) ) ;
#77 = PRESENTATION_LAYER_ASSIGNMENT (  '', '', ( #1520 ) ) ;
#78 = PLANE ( 'NONE',  #1475 ) ;
#79 = CARTESIAN_POINT ( 'NONE',  ( -0.2500000000000000000, 0.02500000000000001200, -0.2500000000000000000 ) ) ;
#80 = CYLINDRICAL_SURFACE ( 'NONE', #1259, 0.05000000000000002400 ) ;
#81 = CYLINDRICAL_SURFACE ( 'NONE', #430, 0.02500000000000001200 ) ;
#82 = AXIS2_PLACEMENT_3D ( 'NONE', #467, #931, #1277 ) ;
#83 = TOROIDAL_SURFACE ( 'NONE', #1236, 0.02500000000000002200, 0.02500000000000000100 ) ;
#84 = CARTESIAN_POINT ( 'NONE',  ( -0.4749999999999999800, 0.02500000000000000100, -0.1999999999999998700 ) ) ;
#85 = AXIS2_PLACEMENT_3D ( 'NONE', #1179, #930, #232 ) ;
#86 = CARTESIAN_POINT ( 'NONE',  ( 0.0000000000000000000, 0.5000000000000000000, 0.0000000000000000000 ) ) ;
#87 = EDGE_CURVE ( 'NONE', #1189, #1057, #365, .T. ) ;
#88 = ORIENTED_EDGE ( 'NONE', *, *, #542, .F. ) ;
#89 = AXIS2_PLACEMENT_3D ( 'NONE', #1298, #1432, #373 ) ;
#90 = EDGE_LOOP ( 'NONE', ( #1004, #476, #922, #1015 ) ) ;
#91 = EDGE_LOOP ( 'NONE', ( #1336, #186, #896, #1076 ) ) ;
#92 = CARTESIAN_POINT ( 'NONE',  ( 0.2500000000000000600, 0.5000000000000000000, -0.2500000000000000000 ) ) ;
#93 = EDGE_LOOP ( 'NONE', ( #812, #281, #126, #574 ) ) ;
#94 = DIRECTION ( 'NONE',  ( 0.0000000000000000000, 0.0000000000000000000, -1.000000000000000000 ) ) ;
#95 = ORIENTED_EDGE ( 'NONE', *, *, #873, .F. ) ;
#96 = FILL_AREA_STYLE ('',( #1029 ) ) ;
#97 = DIRECTION ( 'NONE',  ( -1.000000000000000000, 0.0000000000000000000, 0.0000000000000000000 ) ) ;
#98 = EDGE_CURVE ( 'NONE', #1323, #1073, #1171, .T. ) ;
#99 = LINE ( 'NONE', #1061, #1163 ) ;
#100 = EDGE_CURVE ( 'NONE', #729, #708, #953, .T. ) ;
#101 = CIRCLE ( 'NONE', #626, 0.02500000000000001200 ) ;
#102 = CARTESIAN_POINT ( 'NONE',  ( 0.4749999999999999800, 0.5000000000000000000, -0.1999999999999998200 ) ) ;
#103 = CARTESIAN_POINT ( 'NONE',  ( 0.2500000000000000600, 0.4500000000000000100, 0.2500000000000000000 ) ) ;
#104 = PRODUCT_DEFINITION_FORMATION_WITH_SPECIFIED_SOURCE ( 'ANY', '', #491, .NOT_KNOWN. ) ;
#105 = CARTESIAN_POINT ( 'NONE',  ( -0.2500000000000000000, 0.0000000000000000000, 0.2250000000000000300 ) ) ;
#106 = EDGE_LOOP ( 'NONE', ( #446, #282, #1417, #1522, #956, #1212 ) ) ;
#107 = EDGE_CURVE ( 'NONE', #1301, #367, #1049, .T. ) ;
#108 = AXIS2_PLACEMENT_3D ( 'NONE', #333, #1481, #898 ) ;
#109 = CARTESIAN_POINT ( 'NONE',  ( 0.2500000000000000600, 0.02500000000000001200, 0.2500000000000000000 ) ) ;
#110 = ORIENTED_EDGE ( 'NONE', *, *, #1215, .F. ) ;
#111 = DIRECTION ( 'NONE',  ( 3.686287386450713200E-014, 0.0000000000000000000, 1.000000000000000000 ) ) ;
#112 = ORIENTED_EDGE ( 'NONE', *, *, #1203, .F. ) ;
#113 =( LENGTH_UNIT ( ) NAMED_UNIT ( * ) SI_UNIT ( .MILLI., .METRE. ) );
#114 = AXIS2_PLACEMENT_3D ( 'NONE', #731, #724, #973 ) ;
#115 = DIRECTION ( 'NONE',  ( 0.0000000000000000000, 0.0000000000000000000, 1.000000000000000000 ) ) ;
#116 = FACE_OUTER_BOUND ( 'NONE', #900, .T. ) ;
#117 = CIRCLE ( 'NONE', #655, 0.05000000000000002400 ) ;
#118 =( NAMED_UNIT ( * ) PLANE_ANGLE_UNIT ( ) SI_UNIT ( $, .RADIAN. ) );
#119 = CARTESIAN_POINT ( 'NONE',  ( 0.2500000000000000600, 0.5000000000000000000, -0.2500000000000000000 ) ) ;
#120 = CARTESIAN_POINT ( 'NONE',  ( -0.2500000000000000000, 0.02500000000000001200, 0.2500000000000000000 ) ) ;
#121 = FACE_OUTER_BOUND ( 'NONE', #420, .T. ) ;
#122 = AXIS2_PLACEMENT_3D ( 'NONE', #1450, #144, #1442 ) ;
#123 = VERTEX_POINT ( 'NONE', #43 ) ;
#124 = EDGE_CURVE ( 'NONE', #351, #1433, #419, .T. ) ;
#125 = CARTESIAN_POINT ( 'NONE',  ( 0.2500000000000000600, 0.0000000000000000000, 0.2250000000000000100 ) ) ;
#126 = ORIENTED_EDGE ( 'NONE', *, *, #14, .T. ) ;
#127 = VERTEX_POINT ( 'NONE', #272 ) ;
#128 = CARTESIAN_POINT ( 'NONE',  ( 0.0000000000000000000, 0.4500000000000000100, 0.2500000000000000000 ) ) ;
#129 = ORIENTED_EDGE ( 'NONE', *, *, #846, .T. ) ;
#130 = ORIENTED_EDGE ( 'NONE', *, *, #45, .T. ) ;
#131 = CARTESIAN_POINT ( 'NONE',  ( 0.4499999999999996800, 0.02500000000000001200, 0.2250000000000000100 ) ) ;
#132 = MANIFOLD_SOLID_BREP ( 'Fillet4', #1053 ) ;
#133 = DIRECTION ( 'NONE',  ( 0.0000000000000000000, 1.000000000000000000, -0.0000000000000000000 ) ) ;
#134 = EDGE_CURVE ( 'NONE', #650, #1189, #859, .T. ) ;
#135 = AXIS2_PLACEMENT_3D ( 'NONE', #1491, #912, #546 ) ;
#136 = FACE_OUTER_BOUND ( 'NONE', #90, .T. ) ;
#137 = EDGE_LOOP ( 'NONE', ( #1187, #920, #1501, #649 ) ) ;
#138 = AXIS2_PLACEMENT_3D ( 'NONE', #616, #141, #1431 ) ;
#139 = ORIENTED_EDGE ( 'NONE', *, *, #645, .F. ) ;
#140 = EDGE_CURVE ( 'NONE', #353, #995, #526, .T. ) ;
#141 = DIRECTION ( 'NONE',  ( -1.000000000000000000, 0.0000000000000000000, 0.0000000000000000000 ) ) ;
#142 = ORIENTED_EDGE ( 'NONE', *, *, #734, .T. ) ;
#143 = ORIENTED_EDGE ( 'NONE', *, *, #87, .T. ) ;
#144 = DIRECTION ( 'NONE',  ( 0.0000000000000000000, 0.0000000000000000000, -1.000000000000000000 ) ) ;
#145 = CARTESIAN_POINT ( 'NONE',  ( -0.4500000000000000100, 0.5000000000000000000, 0.2000000000000000400 ) ) ;
#146 = LINE ( 'NONE', #406, #1255 ) ;
#147 = SURFACE_STYLE_USAGE ( .BOTH. , #857 ) ;
#148 = FACE_OUTER_BOUND ( 'NONE', #865, .T. ) ;
#149 = DIRECTION ( 'NONE',  ( -1.000000000000000000, 6.505213034913023400E-015, 6.505213034913023400E-015 ) ) ;
#150 = AXIS2_PLACEMENT_3D ( 'NONE', #972, #1314, #737 ) ;
#151 = FACE_OUTER_BOUND ( 'NONE', #884, .T. ) ;
#152 = DIRECTION ( 'NONE',  ( -0.0000000000000000000, -1.000000000000000000, -0.0000000000000000000 ) ) ;
#153 = MECHANICAL_DESIGN_GEOMETRIC_PRESENTATION_REPRESENTATION (  '', ( #1520 ), #317 ) ;
#154 = PLANE ( 'NONE',  #964 ) ;
#155 = AXIS2_PLACEMENT_3D ( 'NONE', #1286, #231, #1050 ) ;
#156 = CARTESIAN_POINT ( 'NONE',  ( -0.5000000000000000000, 0.02500000000000001200, 0.1999999999999996800 ) ) ;
#157 = ORIENTED_EDGE ( 'NONE', *, *, #134, .T. ) ;
#158 = CARTESIAN_POINT ( 'NONE',  ( 0.4499999999999996800, 0.0000000000000000000, 0.2250000000000000100 ) ) ;
#159 = FILL_AREA_STYLE_COLOUR ( '', #1297 ) ;
#160 = AXIS2_PLACEMENT_3D ( 'NONE', #968, #735, #25 ) ;
#161 = ORIENTED_EDGE ( 'NONE', *, *, #98, .T. ) ;
#162 = FILL_AREA_STYLE_COLOUR ( '', #253 ) ;
#163 = ORIENTED_EDGE ( 'NONE', *, *, #198, .F. ) ;
#164 = ADVANCED_FACE ( 'NONE', ( #567 ), #585, .T. ) ;
#165 = EDGE_CURVE ( 'NONE', #72, #338, #969, .T. ) ;
#166 = AXIS2_PLACEMENT_3D ( 'NONE', #1412, #606, #1192 ) ;
#167 = ORIENTED_EDGE ( 'NONE', *, *, #1490, .F. ) ;
#168 = CARTESIAN_POINT ( 'NONE',  ( 0.4749999999999999800, 0.5000000000000000000, 0.0000000000000000000 ) ) ;
#169 = FACE_OUTER_BOUND ( 'NONE', #1375, .T. ) ;
#170 = CIRCLE ( 'NONE', #300, 0.02500000000000001200 ) ;
#171 =( GEOMETRIC_REPRESENTATION_CONTEXT ( 3 ) GLOBAL_UNCERTAINTY_ASSIGNED_CONTEXT ( ( #179 ) ) GLOBAL_UNIT_ASSIGNED_CONTEXT ( ( #68, #667, #786 ) ) REPRESENTATION_CONTEXT ( 'NONE', 'WORKASPACE' ) );
#172 = ADVANCED_FACE ( 'NONE', ( #136 ), #1408, .T. ) ;
#173 = CIRCLE ( 'NONE', #643, 0.02500000000000001200 ) ;
#174 = PLANE ( 'NONE',  #878 ) ;
#175 = CIRCLE ( 'NONE', #811, 0.02500000000000001200 ) ;
#176 = EDGE_CURVE ( 'NONE', #318, #572, #235, .T. ) ;
#177 = DIRECTION ( 'NONE',  ( -1.000000000000000000, 0.0000000000000000000, 0.0000000000000000000 ) ) ;
#178 = ORIENTED_EDGE ( 'NONE', *, *, #1041, .F. ) ;
#179 = UNCERTAINTY_MEASURE_WITH_UNIT (LENGTH_MEASURE( 1.000000000000000100E-005 ), #68, 'distance_accuracy_value', 'NONE');
#180 = CARTESIAN_POINT ( 'NONE',  ( 6.776263578034413800E-017, 0.5000000000000000000, 0.2499999999999999400 ) ) ;
#181 = ORIENTED_EDGE ( 'NONE', *, *, #1406, .T. ) ;
#182 = ADVANCED_FACE ( 'NONE', ( #347 ), #174, .F. ) ;
#183 = DIRECTION ( 'NONE',  ( -0.0000000000000000000, -1.000000000000000000, -0.0000000000000000000 ) ) ;
#184 = ORIENTED_EDGE ( 'NONE', *, *, #462, .F. ) ;
#185 = ORIENTED_EDGE ( 'NONE', *, *, #657, .T. ) ;
#186 = ORIENTED_EDGE ( 'NONE', *, *, #1395, .T. ) ;
#187 = CARTESIAN_POINT ( 'NONE',  ( 0.5000000000000000000, 0.02500000000000001200, -0.1999999999999996500 ) ) ;
#188 = EDGE_CURVE ( 'NONE', #576, #280, #27, .T. ) ;
#189 = ORIENTED_EDGE ( 'NONE', *, *, #1374, .T. ) ;
#190 = AXIS2_PLACEMENT_3D ( 'NONE', #1113, #1197, #402 ) ;
#191 = LINE ( 'NONE', #1182, #1330 ) ;
#192 = DIRECTION ( 'NONE',  ( 0.0000000000000000000, 0.0000000000000000000, -1.000000000000000000 ) ) ;
#193 = VECTOR ( 'NONE', #676, 1000.000000000000000 ) ;
#194 = CARTESIAN_POINT ( 'NONE',  ( 0.5000000000000000000, 0.4749999999999999800, 0.1999999999999996500 ) ) ;
#195 = FACE_OUTER_BOUND ( 'NONE', #1260, .T. ) ;
#196 = DIRECTION ( 'NONE',  ( -0.0000000000000000000, -1.000000000000000000, -0.0000000000000000000 ) ) ;
#197 = DIRECTION ( 'NONE',  ( 1.000000000000000000, 0.0000000000000000000, 0.0000000000000000000 ) ) ;
#198 = EDGE_CURVE ( 'NONE', #239, #127, #1136, .T. ) ;
#199 = ADVANCED_FACE ( 'NONE', ( #771 ), #288, .T. ) ;
#200 = PLANE ( 'NONE',  #1017 ) ;
#201 = ORIENTED_EDGE ( 'NONE', *, *, #1103, .T. ) ;
#202 = DIRECTION ( 'NONE',  ( -0.0000000000000000000, -1.000000000000000000, -0.0000000000000000000 ) ) ;
#203 = ORIENTED_EDGE ( 'NONE', *, *, #754, .T. ) ;
#204 = APPLICATION_CONTEXT ( 'automotive_design' ) ;
#205 = DIRECTION ( 'NONE',  ( 1.000000000000000000, -0.0000000000000000000, 0.0000000000000000000 ) ) ;
#206 = AXIS2_PLACEMENT_3D ( 'NONE', #1115, #403, #1098 ) ;
#207 = ORIENTED_EDGE ( 'NONE', *, *, #1385, .T. ) ;
#208 = DIRECTION ( 'NONE',  ( 0.0000000000000000000, 0.0000000000000000000, -1.000000000000000000 ) ) ;
#209 = EDGE_CURVE ( 'NONE', #243, #738, #399, .T. ) ;
#210 = EDGE_LOOP ( 'NONE', ( #1319, #1498, #142, #279 ) ) ;
#211 = CARTESIAN_POINT ( 'NONE',  ( 0.2500000000000000600, 0.5000000000000000000, -0.2250000000000000100 ) ) ;
#212 = DIRECTION ( 'NONE',  ( -0.0000000000000000000, 0.0000000000000000000, 1.000000000000000000 ) ) ;
#213 = LINE ( 'NONE', #688, #1290 ) ;
#214 = CYLINDRICAL_SURFACE ( 'NONE', #458, 0.02500000000000001200 ) ;
#215 = DIRECTION ( 'NONE',  ( -0.0000000000000000000, 0.0000000000000000000, 1.000000000000000000 ) ) ;
#216 = LINE ( 'NONE', #1511, #1423 ) ;
#217 = CARTESIAN_POINT ( 'NONE',  ( 6.776263578034413800E-017, 0.4749999999999999800, 0.2499999999999999400 ) ) ;
#218 = DIRECTION ( 'NONE',  ( 0.0000000000000000000, -0.0000000000000000000, -1.000000000000000000 ) ) ;
#219 = LINE ( 'NONE', #284, #661 ) ;
#220 = DIRECTION ( 'NONE',  ( -0.0000000000000000000, -0.0000000000000000000, -1.000000000000000000 ) ) ;
#221 = ORIENTED_EDGE ( 'NONE', *, *, #595, .F. ) ;
#222 = STYLED_ITEM ( 'NONE', ( #691 ), #1514 ) ;
#223 = DIRECTION ( 'NONE',  ( 0.0000000000000000000, 0.0000000000000000000, -1.000000000000000000 ) ) ;
#224 = ORIENTED_EDGE ( 'NONE', *, *, #693, .F. ) ;
#225 = VERTEX_POINT ( 'NONE', #1037 ) ;
#226 = CARTESIAN_POINT ( 'NONE',  ( -0.2500000000000000000, 0.4749999999999999800, 0.2500000000000000000 ) ) ;
#227 = DIRECTION ( 'NONE',  ( 1.000000000000000000, 0.0000000000000000000, 0.0000000000000000000 ) ) ;
#228 = ORIENTED_EDGE ( 'NONE', *, *, #427, .F. ) ;
#229 = AXIS2_PLACEMENT_3D ( 'NONE', #131, #963, #1307 ) ;
#230 = ORIENTED_EDGE ( 'NONE', *, *, #69, .T. ) ;
#231 = DIRECTION ( 'NONE',  ( -1.000000000000000000, 0.0000000000000000000, 0.0000000000000000000 ) ) ;
#232 = DIRECTION ( 'NONE',  ( 0.0000000000000000000, 0.0000000000000000000, -1.000000000000000000 ) ) ;
#233 = SURFACE_STYLE_FILL_AREA ( #1345 ) ;
#234 = DIRECTION ( 'NONE',  ( 0.0000000000000000000, 0.0000000000000000000, 1.000000000000000000 ) ) ;
#235 = LINE ( 'NONE', #885, #289 ) ;
#236 = CARTESIAN_POINT ( 'NONE',  ( 0.2500000000000000600, 0.4500000000000000100, 0.2500000000000000000 ) ) ;
#237 = AXIS2_PLACEMENT_3D ( 'NONE', #274, #37, #1445 ) ;
#238 = DIRECTION ( 'NONE',  ( 0.0000000000000000000, 0.0000000000000000000, -1.000000000000000000 ) ) ;
#239 = VERTEX_POINT ( 'NONE', #1150 ) ;
#240 = CARTESIAN_POINT ( 'NONE',  ( -0.4749999999999999800, 0.4749999999999999800, 0.1999999999999998400 ) ) ;
#241 = ORIENTED_EDGE ( 'NONE', *, *, #308, .T. ) ;
#242 = ORIENTED_EDGE ( 'NONE', *, *, #936, .T. ) ;
#243 = VERTEX_POINT ( 'NONE', #1379 ) ;
#244 = PRODUCT_DEFINITION_CONTEXT ( 'detailed design', #1268, 'design' ) ;
#245 = CARTESIAN_POINT ( 'NONE',  ( 0.2500000000000000600, 0.4749999999999999800, -0.2250000000000000100 ) ) ;
#246 = CARTESIAN_POINT ( 'NONE',  ( -0.2500000000000000000, 0.4500000000000000100, 0.2500000000000000000 ) ) ;
#247 = AXIS2_PLACEMENT_3D ( 'NONE', #321, #1250, #1031 ) ;
#248 = CARTESIAN_POINT ( 'NONE',  ( -0.2500000000000000000, 0.5000000000000000000, 0.2500000000000000000 ) ) ;
#249 = EDGE_CURVE ( 'NONE', #51, #1301, #1275, .T. ) ;
#250 = LINE ( 'NONE', #1399, #1064 ) ;
#251 = VECTOR ( 'NONE', #532, 1000.000000000000000 ) ;
#252 = DIRECTION ( 'NONE',  ( 1.000000000000000000, -0.0000000000000000000, -0.0000000000000000000 ) ) ;
#253 = COLOUR_RGB ( '',0.7921568627450980000, 0.8196078431372548800, 0.9333333333333333500 ) ;
#254 = CARTESIAN_POINT ( 'NONE',  ( -0.4499999999999998400, 0.5000000000000000000, 0.2250000000000000900 ) ) ;
#255 = CARTESIAN_POINT ( 'NONE',  ( -0.2500000000000000000, 0.02500000000000001200, -0.2250000000000000300 ) ) ;
#256 = ORIENTED_EDGE ( 'NONE', *, *, #1048, .T. ) ;
#257 = EDGE_CURVE ( 'NONE', #389, #1323, #65, .T. ) ;
#258 = CLOSED_SHELL ( 'NONE', ( #872, #653, #597, #75, #357, #1175, #292, #996, #767, #780, #941, #1472, #1366, #664, #1218, #828, #1265, #1343 ) ) ;
#259 = ORIENTED_EDGE ( 'NONE', *, *, #124, .F. ) ;
#260 = DIRECTION ( 'NONE',  ( 0.0000000000000000000, 0.0000000000000000000, 1.000000000000000000 ) ) ;
#261 = EDGE_LOOP ( 'NONE', ( #723, #1393, #1002, #201, #1523, #1191 ) ) ;
#262 = CARTESIAN_POINT ( 'NONE',  ( -0.2500000000000000000, 0.5000000000000000000, -0.2500000000000000000 ) ) ;
#263 = VERTEX_POINT ( 'NONE', #1383 ) ;
#264 = CARTESIAN_POINT ( 'NONE',  ( 0.2500000000000000600, 0.0000000000000000000, 0.0000000000000000000 ) ) ;
#265 = ORIENTED_EDGE ( 'NONE', *, *, #435, .T. ) ;
#266 = DIRECTION ( 'NONE',  ( 1.000000000000000000, -6.505213034913023400E-015, 6.505213034913023400E-015 ) ) ;
#267 = SURFACE_STYLE_FILL_AREA ( #1448 ) ;
#268 = LINE ( 'NONE', #283, #1438 ) ;
#269 = EDGE_CURVE ( 'NONE', #1160, #1057, #44, .T. ) ;
#270 = VECTOR ( 'NONE', #307, 1000.000000000000000 ) ;
#271 = CIRCLE ( 'NONE', #395, 0.02500000000000001200 ) ;
#272 = CARTESIAN_POINT ( 'NONE',  ( -0.4749999999999999800, 0.5000000000000000000, 0.1999999999999996800 ) ) ;
#273 = MECHANICAL_DESIGN_GEOMETRIC_PRESENTATION_REPRESENTATION (  '', ( #222 ), #1138 ) ;
#274 = CARTESIAN_POINT ( 'NONE',  ( 0.4500000000000000100, 0.0000000000000000000, -0.1999999999999999800 ) ) ;
#275 = VECTOR ( 'NONE', #990, 1000.000000000000000 ) ;
#276 = CARTESIAN_POINT ( 'NONE',  ( -0.5000000000000000000, 0.4749999999999999800, -0.1999999999999997100 ) ) ;
#277 = VECTOR ( 'NONE', #398, 1000.000000000000000 ) ;
#278 = AXIS2_PLACEMENT_3D ( 'NONE', #1234, #1146, #908 ) ;
#279 = ORIENTED_EDGE ( 'NONE', *, *, #1186, .F. ) ;
#280 = VERTEX_POINT ( 'NONE', #926 ) ;
#281 = ORIENTED_EDGE ( 'NONE', *, *, #1264, .F. ) ;
#282 = ORIENTED_EDGE ( 'NONE', *, *, #1224, .T. ) ;
#283 = CARTESIAN_POINT ( 'NONE',  ( -0.2500000000000000000, 0.4500000000000000100, -0.2500000000000000000 ) ) ;
#284 = CARTESIAN_POINT ( 'NONE',  ( -0.2500000000000000000, 0.5000000000000000000, -0.2250000000000000100 ) ) ;
#285 = VECTOR ( 'NONE', #938, 1000.000000000000000 ) ;
#286 = EDGE_CURVE ( 'NONE', #708, #776, #988, .T. ) ;
#287 = DIRECTION ( 'NONE',  ( -1.000000000000000000, 0.0000000000000000000, 0.0000000000000000000 ) ) ;
#288 = CYLINDRICAL_SURFACE ( 'NONE', #1369, 0.02500000000000001200 ) ;
#289 = VECTOR ( 'NONE', #1012, 1000.000000000000000 ) ;
#290 = DIRECTION ( 'NONE',  ( 0.0000000000000000000, 0.0000000000000000000, -1.000000000000000000 ) ) ;
#291 = CIRCLE ( 'NONE', #440, 0.02500000000000001200 ) ;
#292 = ADVANCED_FACE ( 'NONE', ( #870 ), #1261, .T. ) ;
#293 = ORIENTED_EDGE ( 'NONE', *, *, #1091, .F. ) ;
#294 = ORIENTED_EDGE ( 'NONE', *, *, #359, .T. ) ;
#295 = DIRECTION ( 'NONE',  ( 2.710505431213766000E-016, -0.0000000000000000000, 1.000000000000000000 ) ) ;
#296 = VERTEX_POINT ( 'NONE', #697 ) ;
#297 = EDGE_CURVE ( 'NONE', #474, #389, #602, .T. ) ;
#298 = CARTESIAN_POINT ( 'NONE',  ( 0.4499999999999996800, 0.02500000000000001200, -0.2500000000000000000 ) ) ;
#299 = EDGE_LOOP ( 'NONE', ( #11, #590, #1145, #757, #778, #919 ) ) ;
#300 = AXIS2_PLACEMENT_3D ( 'NONE', #552, #73, #431 ) ;
#301 = DIRECTION ( 'NONE',  ( -0.0000000000000000000, -1.000000000000000000, -0.0000000000000000000 ) ) ;
#302 = DIRECTION ( 'NONE',  ( -0.0000000000000000000, -1.000000000000000000, -0.0000000000000000000 ) ) ;
#303 = DIRECTION ( 'NONE',  ( 0.0000000000000000000, 1.000000000000000000, 6.505213034913026600E-015 ) ) ;
#304 = LINE ( 'NONE', #716, #1384 ) ;
#305 = VECTOR ( 'NONE', #669, 1000.000000000000000 ) ;
#306 = FACE_OUTER_BOUND ( 'NONE', #924, .T. ) ;
#307 = DIRECTION ( 'NONE',  ( 0.0000000000000000000, 0.0000000000000000000, -1.000000000000000000 ) ) ;
#308 = EDGE_CURVE ( 'NONE', #729, #836, #1183, .T. ) ;
#309 = ADVANCED_FACE ( 'NONE', ( #659 ), #1027, .T. ) ;
#310 = DIRECTION ( 'NONE',  ( -0.0000000000000000000, 0.0000000000000000000, 1.000000000000000000 ) ) ;
#311 = CARTESIAN_POINT ( 'NONE',  ( 0.0000000000000000000, 0.4749999999999999800, -0.2500000000000000000 ) ) ;
#312 = ORIENTED_EDGE ( 'NONE', *, *, #967, .T. ) ;
#313 = UNCERTAINTY_MEASURE_WITH_UNIT (LENGTH_MEASURE( 1.000000000000000100E-005 ), #656, 'distance_accuracy_value', 'NONE');
#314 = ORIENTED_EDGE ( 'NONE', *, *, #1070, .F. ) ;
#315 = ADVANCED_FACE ( 'NONE', ( #1458 ), #524, .T. ) ;
#316 = CARTESIAN_POINT ( 'NONE',  ( 6.098637220230972300E-017, 0.02500000000000001200, -0.2249999999999999500 ) ) ;
#317 =( GEOMETRIC_REPRESENTATION_CONTEXT ( 3 ) GLOBAL_UNCERTAINTY_ASSIGNED_CONTEXT ( ( #1122 ) ) GLOBAL_UNIT_ASSIGNED_CONTEXT ( ( #113, #591, #1410 ) ) REPRESENTATION_CONTEXT ( 'NONE', 'WORKASPACE' ) );
#318 = VERTEX_POINT ( 'NONE', #1416 ) ;
#319 = VERTEX_POINT ( 'NONE', #358 ) ;
#320 = CARTESIAN_POINT ( 'NONE',  ( -0.2500000000000000000, 0.5000000000000000000, 0.0000000000000000000 ) ) ;
#321 = CARTESIAN_POINT ( 'NONE',  ( -0.2500000000000000000, 0.4500000000000000100, 0.0000000000000000000 ) ) ;
#322 = COLOUR_RGB ( '',0.0000000000000000000, 0.5019607843137254800, 0.0000000000000000000 ) ;
#323 = DIRECTION ( 'NONE',  ( -6.505213034913024200E-015, -0.0000000000000000000, -1.000000000000000000 ) ) ;
#324 = VECTOR ( 'NONE', #538, 1000.000000000000000 ) ;
#325 = LINE ( 'NONE', #692, #674 ) ;
#326 = VECTOR ( 'NONE', #15, 1000.000000000000000 ) ;
#327 = LINE ( 'NONE', #980, #4 ) ;
#328 = AXIS2_PLACEMENT_3D ( 'NONE', #460, #1515, #111 ) ;
#329 = DIRECTION ( 'NONE',  ( 0.0000000000000000000, 0.0000000000000000000, 1.000000000000000000 ) ) ;
#330 = VECTOR ( 'NONE', #690, 1000.000000000000000 ) ;
#331 = EDGE_CURVE ( 'NONE', #319, #263, #488, .T. ) ;
#332 = ORIENTED_EDGE ( 'NONE', *, *, #1011, .F. ) ;
#333 = CARTESIAN_POINT ( 'NONE',  ( 0.4500000000000000100, 0.4749999999999999800, 0.1999999999999999800 ) ) ;
#334 = ADVANCED_FACE ( 'NONE', ( #1123 ), #416, .T. ) ;
#335 = ORIENTED_EDGE ( 'NONE', *, *, #386, .T. ) ;
#336 = PRODUCT_CONTEXT ( 'NONE', #204, 'mechanical' ) ;
#337 = DIRECTION ( 'NONE',  ( 0.0000000000000000000, 0.0000000000000000000, -1.000000000000000000 ) ) ;
#338 = VERTEX_POINT ( 'NONE', #473 ) ;
#339 = EDGE_LOOP ( 'NONE', ( #49, #163, #405, #439 ) ) ;
#340 = EDGE_CURVE ( 'NONE', #389, #1125, #345, .T. ) ;
#341 = CARTESIAN_POINT ( 'NONE',  ( 0.0000000000000000000, 0.02500000000000001200, 0.2250000000000000100 ) ) ;
#342 = ORIENTED_EDGE ( 'NONE', *, *, #249, .T. ) ;
#343 = CARTESIAN_POINT ( 'NONE',  ( -0.4749999999999999800, 0.4749999999999999800, -0.1999999999999997100 ) ) ;
#344 = CYLINDRICAL_SURFACE ( 'NONE', #155, 0.02500000000000001200 ) ;
#345 = LINE ( 'NONE', #248, #770 ) ;
#346 = DIRECTION ( 'NONE',  ( 0.0000000000000000000, 0.0000000000000000000, 1.000000000000000000 ) ) ;
#347 = FACE_OUTER_BOUND ( 'NONE', #997, .T. ) ;
#348 = CARTESIAN_POINT ( 'NONE',  ( 0.2500000000000000600, 0.5000000000000000000, 0.2500000000000000000 ) ) ;
#349 = EDGE_CURVE ( 'NONE', #1090, #958, #733, .T. ) ;
#350 =( GEOMETRIC_REPRESENTATION_CONTEXT ( 3 ) GLOBAL_UNCERTAINTY_ASSIGNED_CONTEXT ( ( #1495 ) ) GLOBAL_UNIT_ASSIGNED_CONTEXT ( ( #555, #565, #665 ) ) REPRESENTATION_CONTEXT ( 'NONE', 'WORKASPACE' ) );
#351 = VERTEX_POINT ( 'NONE', #1069 ) ;
#352 = DIRECTION ( 'NONE',  ( 0.0000000000000000000, 0.0000000000000000000, 1.000000000000000000 ) ) ;
#353 = VERTEX_POINT ( 'NONE', #125 ) ;
#354 = CARTESIAN_POINT ( 'NONE',  ( -0.2500000000000000000, 0.5000000000000000000, 0.2250000000000000100 ) ) ;
#355 = ORIENTED_EDGE ( 'NONE', *, *, #209, .F. ) ;
#356 = AXIS2_PLACEMENT_3D ( 'NONE', #316, #880, #1003 ) ;
#357 = ADVANCED_FACE ( 'NONE', ( #1350 ), #639, .T. ) ;
#358 = CARTESIAN_POINT ( 'NONE',  ( -0.4499999999999996800, 0.02500000000000001200, -0.2500000000000000600 ) ) ;
#359 = EDGE_CURVE ( 'NONE', #876, #729, #382, .T. ) ;
#360 = DIRECTION ( 'NONE',  ( 1.000000000000000000, -0.0000000000000000000, -2.710505431213766000E-016 ) ) ;
#361 = CIRCLE ( 'NONE', #1524, 0.02500000000000001200 ) ;
#362 = CARTESIAN_POINT ( 'NONE',  ( -0.2500000000000000000, 0.5000000000000000000, 0.0000000000000000000 ) ) ;
#363 = DIRECTION ( 'NONE',  ( -1.000000000000000000, 0.0000000000000000000, -2.710505431213766000E-016 ) ) ;
#364 = EDGE_CURVE ( 'NONE', #409, #593, #1476, .T. ) ;
#365 = LINE ( 'NONE', #517, #1238 ) ;
#366 = CARTESIAN_POINT ( 'NONE',  ( 0.4500000000000000100, 0.5000000000000000000, 0.1999999999999999800 ) ) ;
#367 = VERTEX_POINT ( 'NONE', #1521 ) ;
#368 = DIRECTION ( 'NONE',  ( 0.0000000000000000000, 0.0000000000000000000, -1.000000000000000000 ) ) ;
#369 = ORIENTED_EDGE ( 'NONE', *, *, #905, .F. ) ;
#370 = ORIENTED_EDGE ( 'NONE', *, *, #673, .T. ) ;
#371 = DIRECTION ( 'NONE',  ( -1.000000000000000000, 0.0000000000000000000, 2.710505431213766000E-016 ) ) ;
#372 = ORIENTED_EDGE ( 'NONE', *, *, #1021, .F. ) ;
#373 = DIRECTION ( 'NONE',  ( 0.0000000000000000000, 0.0000000000000000000, 1.000000000000000000 ) ) ;
#374 = EDGE_LOOP ( 'NONE', ( #1396, #110, #1488, #1302 ) ) ;
#375 = LINE ( 'NONE', #103, #60 ) ;
#376 = DIRECTION ( 'NONE',  ( 0.0000000000000000000, 0.0000000000000000000, 1.000000000000000000 ) ) ;
#377 = EDGE_CURVE ( 'NONE', #353, #830, #694, .T. ) ;
#378 = DIRECTION ( 'NONE',  ( 0.0000000000000000000, 0.0000000000000000000, -1.000000000000000000 ) ) ;
#379 = FACE_OUTER_BOUND ( 'NONE', #261, .T. ) ;
#380 = AXIS2_PLACEMENT_3D ( 'NONE', #787, #1373, #1040 ) ;
#381 = VECTOR ( 'NONE', #1477, 1000.000000000000000 ) ;
#382 = CIRCLE ( 'NONE', #85, 0.02500000000000001200 ) ;
#383 = PLANE ( 'NONE',  #160 ) ;
#384 = AXIS2_PLACEMENT_3D ( 'NONE', #1081, #388, #1185 ) ;
#385 = VERTEX_POINT ( 'NONE', #581 ) ;
#386 = EDGE_CURVE ( 'NONE', #263, #958, #250, .T. ) ;
#387 = EDGE_LOOP ( 'NONE', ( #1226, #429, #1030, #1193, #1391, #646, #571, #1112 ) ) ;
#388 = DIRECTION ( 'NONE',  ( -0.0000000000000000000, -1.000000000000000000, 0.0000000000000000000 ) ) ;
#389 = VERTEX_POINT ( 'NONE', #394 ) ;
#390 = CARTESIAN_POINT ( 'NONE',  ( 0.5000000000000000000, 0.5000000000000000000, 0.1999999999999996500 ) ) ;
#391 = EDGE_LOOP ( 'NONE', ( #1262, #1210, #1159, #940 ) ) ;
#392 = DIRECTION ( 'NONE',  ( -0.0000000000000000000, -1.000000000000000000, -0.0000000000000000000 ) ) ;
#393 = EDGE_LOOP ( 'NONE', ( #942, #16, #224, #861 ) ) ;
#394 = CARTESIAN_POINT ( 'NONE',  ( -0.2500000000000000000, 0.4749999999999999800, 0.2500000000000000000 ) ) ;
#395 = AXIS2_PLACEMENT_3D ( 'NONE', #1461, #1339, #1005 ) ;
#396 = FACE_OUTER_BOUND ( 'NONE', #550, .T. ) ;
#397 = FACE_OUTER_BOUND ( 'NONE', #33, .T. ) ;
#398 = DIRECTION ( 'NONE',  ( -0.0000000000000000000, -1.000000000000000000, -0.0000000000000000000 ) ) ;
#399 = CIRCLE ( 'NONE', #539, 0.02499999999999998400 ) ;
#400 = DIRECTION ( 'NONE',  ( -1.000000000000000000, 0.0000000000000000000, 0.0000000000000000000 ) ) ;
#401 = CARTESIAN_POINT ( 'NONE',  ( 0.2500000000000000600, 0.5000000000000000000, 0.0000000000000000000 ) ) ;
#402 = DIRECTION ( 'NONE',  ( 0.0000000000000000000, 0.0000000000000000000, 1.000000000000000000 ) ) ;
#403 = DIRECTION ( 'NONE',  ( -1.000000000000000000, -6.505213034913023400E-015, 0.0000000000000000000 ) ) ;
#404 = AXIS2_PLACEMENT_3D ( 'NONE', #970, #1315, #744 ) ;
#405 = ORIENTED_EDGE ( 'NONE', *, *, #831, .F. ) ;
#406 = CARTESIAN_POINT ( 'NONE',  ( 0.4499999999999996800, 0.5000000000000000000, 0.2500000000000000000 ) ) ;
#407 = ORIENTED_EDGE ( 'NONE', *, *, #1203, .T. ) ;
#408 = EDGE_CURVE ( 'NONE', #1429, #319, #625, .T. ) ;
#409 = VERTEX_POINT ( 'NONE', #1097 ) ;
#410 = ORIENTED_EDGE ( 'NONE', *, *, #1500, .F. ) ;
#411 = ORIENTED_EDGE ( 'NONE', *, *, #427, .T. ) ;
#412 = CARTESIAN_POINT ( 'NONE',  ( 0.2500000000000000600, 0.02500000000000001200, 0.2500000000000000000 ) ) ;
#413 = EDGE_CURVE ( 'NONE', #553, #1341, #1493, .T. ) ;
#414 = DIRECTION ( 'NONE',  ( -0.0000000000000000000, -1.000000000000000000, -0.0000000000000000000 ) ) ;
#415 = EDGE_CURVE ( 'NONE', #1130, #1189, #117, .T. ) ;
#416 = CYLINDRICAL_SURFACE ( 'NONE', #478, 0.02500000000000001200 ) ;
#417 = CARTESIAN_POINT ( 'NONE',  ( 0.0000000000000000000, 0.4749999999999999800, 0.2250000000000000100 ) ) ;
#418 = CARTESIAN_POINT ( 'NONE',  ( -0.4749999999999999800, 0.0000000000000000000, 0.1999999999999996800 ) ) ;
#419 = CIRCLE ( 'NONE', #206, 0.02500000000000001200 ) ;
#420 = EDGE_LOOP ( 'NONE', ( #178, #1270, #962, #242 ) ) ;
#421 = CARTESIAN_POINT ( 'NONE',  ( 0.0000000000000000000, 0.4500000000000000100, 0.2500000000000000000 ) ) ;
#422 = ORIENTED_EDGE ( 'NONE', *, *, #917, .F. ) ;
#423 = ADVANCED_FACE ( 'NONE', ( #195 ), #383, .F. ) ;
#424 = AXIS2_PLACEMENT_3D ( 'NONE', #255, #490, #829 ) ;
#425 = DIRECTION ( 'NONE',  ( -1.000000000000000000, 0.0000000000000000000, -0.0000000000000000000 ) ) ;
#426 = EDGE_LOOP ( 'NONE', ( #312, #185, #528, #663 ) ) ;
#427 = EDGE_CURVE ( 'NONE', #1130, #593, #522, .T. ) ;
#428 = DIRECTION ( 'NONE',  ( -0.0000000000000000000, -1.000000000000000000, 0.0000000000000000000 ) ) ;
#429 = ORIENTED_EDGE ( 'NONE', *, *, #1196, .T. ) ;
#430 = AXIS2_PLACEMENT_3D ( 'NONE', #36, #1217, #1322 ) ;
#431 = DIRECTION ( 'NONE',  ( 0.0000000000000000000, 0.0000000000000000000, 1.000000000000000000 ) ) ;
#432 = CIRCLE ( 'NONE', #6, 0.02500000000000001200 ) ;
#433 = VECTOR ( 'NONE', #1351, 1000.000000000000000 ) ;
#434 = DIRECTION ( 'NONE',  ( 1.000000000000000000, -0.0000000000000000000, -2.710505431213766000E-016 ) ) ;
#435 = EDGE_CURVE ( 'NONE', #1228, #1090, #1455, .T. ) ;
#436 = ADVANCED_FACE ( 'NONE', ( #806 ), #1312, .F. ) ;
#437 = CARTESIAN_POINT ( 'NONE',  ( -0.2500000000000000000, 0.4749999999999999800, 0.2250000000000000300 ) ) ;
#438 = CARTESIAN_POINT ( 'NONE',  ( 0.2500000000000000600, 0.02500000000000000100, -0.2500000000000000000 ) ) ;
#439 = ORIENTED_EDGE ( 'NONE', *, *, #443, .F. ) ;
#440 = AXIS2_PLACEMENT_3D ( 'NONE', #1453, #149, #1443 ) ;
#441 = ORIENTED_EDGE ( 'NONE', *, *, #1326, .F. ) ;
#442 = DIRECTION ( 'NONE',  ( -0.0000000000000000000, -1.000000000000000000, -0.0000000000000000000 ) ) ;
#443 = EDGE_CURVE ( 'NONE', #479, #1020, #1459, .T. ) ;
#444 = ORIENTED_EDGE ( 'NONE', *, *, #349, .F. ) ;
#445 = CARTESIAN_POINT ( 'NONE',  ( -0.2500000000000000000, 0.4500000000000000100, 0.2500000000000000000 ) ) ;
#446 = ORIENTED_EDGE ( 'NONE', *, *, #140, .T. ) ;
#447 = ORIENTED_EDGE ( 'NONE', *, *, #573, .F. ) ;
#448 = CARTESIAN_POINT ( 'NONE',  ( -0.2500000000000000000, 0.5000000000000000000, -0.2500000000000000000 ) ) ;
#449 = CIRCLE ( 'NONE', #1205, 0.02500000000000001200 ) ;
#450 = CARTESIAN_POINT ( 'NONE',  ( -0.2500000000000000000, 0.0000000000000000000, -0.0000000000000000000 ) ) ;
#451 = DIRECTION ( 'NONE',  ( 0.0000000000000000000, 0.0000000000000000000, 1.000000000000000000 ) ) ;
#452 = PLANE ( 'NONE',  #747 ) ;
#453 = EDGE_CURVE ( 'NONE', #1033, #123, #175, .T. ) ;
#454 = AXIS2_PLACEMENT_3D ( 'NONE', #583, #1046, #1157 ) ;
#455 = DIRECTION ( 'NONE',  ( 0.0000000000000000000, 1.000000000000000000, -6.505213034913023400E-015 ) ) ;
#456 = ORIENTED_EDGE ( 'NONE', *, *, #1462, .F. ) ;
#457 = CARTESIAN_POINT ( 'NONE',  ( 0.0000000000000000000, 0.02500000000000001200, 0.2250000000000000100 ) ) ;
#458 = AXIS2_PLACEMENT_3D ( 'NONE', #793, #549, #1467 ) ;
#459 = ORIENTED_EDGE ( 'NONE', *, *, #1434, .T. ) ;
#460 = CARTESIAN_POINT ( 'NONE',  ( 0.4500000000000000100, 0.0000000000000000000, 0.1999999999999999800 ) ) ;
#461 = ORIENTED_EDGE ( 'NONE', *, *, #1079, .F. ) ;
#462 = EDGE_CURVE ( 'NONE', #739, #1228, #1235, .T. ) ;
#463 = DIRECTION ( 'NONE',  ( 6.505213034913023400E-015, -6.505213034913023400E-015, -1.000000000000000000 ) ) ;
#464 = ORIENTED_EDGE ( 'NONE', *, *, #1357, .F. ) ;
#465 = CARTESIAN_POINT ( 'NONE',  ( 0.2500000000000000600, 0.4749999999999999800, -0.2250000000000000100 ) ) ;
#466 = VECTOR ( 'NONE', #613, 1000.000000000000000 ) ;
#467 = CARTESIAN_POINT ( 'NONE',  ( 0.4500000000000000100, 0.5000000000000000000, 0.1999999999999999800 ) ) ;
#468 =( NAMED_UNIT ( * ) SI_UNIT ( $, .STERADIAN. ) SOLID_ANGLE_UNIT ( ) );
#469 = DIRECTION ( 'NONE',  ( 0.0000000000000000000, 0.0000000000000000000, 1.000000000000000000 ) ) ;
#470 = DIRECTION ( 'NONE',  ( -1.000000000000000000, 0.0000000000000000000, 0.0000000000000000000 ) ) ;
#471 = DIRECTION ( 'NONE',  ( -1.000000000000000000, 0.0000000000000000000, 6.505213034913023400E-015 ) ) ;
#472 = ORIENTED_EDGE ( 'NONE', *, *, #297, .F. ) ;
#473 = CARTESIAN_POINT ( 'NONE',  ( 0.2500000000000000600, 0.02500000000000001200, -0.2500000000000000000 ) ) ;
#474 = VERTEX_POINT ( 'NONE', #844 ) ;
#475 = CARTESIAN_POINT ( 'NONE',  ( -0.4500000000000000100, 0.02500000000000001200, -0.2000000000000000400 ) ) ;
#476 = ORIENTED_EDGE ( 'NONE', *, *, #1510, .F. ) ;
#477 = DIRECTION ( 'NONE',  ( 1.000000000000000000, 0.0000000000000000000, 0.0000000000000000000 ) ) ;
#478 = AXIS2_PLACEMENT_3D ( 'NONE', #947, #605, #719 ) ;
#479 = VERTEX_POINT ( 'NONE', #501 ) ;
#480 = CARTESIAN_POINT ( 'NONE',  ( -0.4500000000000000100, 0.02500000000000001200, -0.2000000000000000400 ) ) ;
#481 = EDGE_CURVE ( 'NONE', #1020, #1429, #1424, .T. ) ;
#482 = CARTESIAN_POINT ( 'NONE',  ( -0.4499999999999998400, 0.4749999999999999800, -0.2250000000000000600 ) ) ;
#483 = VECTOR ( 'NONE', #579, 1000.000000000000000 ) ;
#484 = DIRECTION ( 'NONE',  ( 0.0000000000000000000, 0.0000000000000000000, -1.000000000000000000 ) ) ;
#485 = LINE ( 'NONE', #421, #1082 ) ;
#486 = FACE_OUTER_BOUND ( 'NONE', #612, .T. ) ;
#487 = CARTESIAN_POINT ( 'NONE',  ( -0.4500000000000000100, 0.5000000000000000000, -0.2000000000000000400 ) ) ;
#488 = CIRCLE ( 'NONE', #982, 0.05000000000000002400 ) ;
#489 = VECTOR ( 'NONE', #20, 1000.000000000000000 ) ;
#490 = DIRECTION ( 'NONE',  ( 1.000000000000000000, -0.0000000000000000000, -0.0000000000000000000 ) ) ;
#491 = PRODUCT ( '0ABA-0200-TN', '0ABA-0200-TN', '', ( #336 ) ) ;
#492 = EDGE_CURVE ( 'NONE', #1305, #239, #1293, .T. ) ;
#493 = DIRECTION ( 'NONE',  ( 0.0000000000000000000, 1.000000000000000000, -0.0000000000000000000 ) ) ;
#494 = EDGE_LOOP ( 'NONE', ( #816, #684, #1117, #698 ) ) ;
#495 = DIRECTION ( 'NONE',  ( 0.0000000000000000000, 1.000000000000000000, -0.0000000000000000000 ) ) ;
#496 = EDGE_LOOP ( 'NONE', ( #1506, #1483, #514, #701, #725, #955, #230, #1321 ) ) ;
#497 = PLANE ( 'NONE',  #150 ) ;
#498 = ORIENTED_EDGE ( 'NONE', *, *, #331, .F. ) ;
#499 = ORIENTED_EDGE ( 'NONE', *, *, #107, .F. ) ;
#500 = AXIS2_PLACEMENT_3D ( 'NONE', #827, #133, #939 ) ;
#501 = CARTESIAN_POINT ( 'NONE',  ( -0.5000000000000000000, 0.4749999999999999800, 0.1999999999999996800 ) ) ;
#502 = DIRECTION ( 'NONE',  ( 6.505213034913030500E-015, 0.0000000000000000000, 1.000000000000000000 ) ) ;
#503 = COLOUR_RGB ( '',0.7921568627450980000, 0.8196078431372548800, 0.9333333333333333500 ) ;
#504 = PRODUCT_DEFINITION ( 'UNKNOWN', '', #104, #244 ) ;
#505 = VECTOR ( 'NONE', #559, 1000.000000000000000 ) ;
#506 = DIRECTION ( 'NONE',  ( 0.0000000000000000000, 0.0000000000000000000, -1.000000000000000000 ) ) ;
#507 = VECTOR ( 'NONE', #371, 1000.000000000000000 ) ;
#508 = AXIS2_PLACEMENT_3D ( 'NONE', #119, #1425, #12 ) ;
#509 = ORIENTED_EDGE ( 'NONE', *, *, #1451, .T. ) ;
#510 = EDGE_CURVE ( 'NONE', #877, #576, #1065, .T. ) ;
#511 = ORIENTED_EDGE ( 'NONE', *, *, #1048, .F. ) ;
#512 = DIRECTION ( 'NONE',  ( 0.0000000000000000000, 0.0000000000000000000, -1.000000000000000000 ) ) ;
#513 = CARTESIAN_POINT ( 'NONE',  ( 0.2500000000000000600, 0.4749999999999999800, -0.2500000000000000000 ) ) ;
#514 = ORIENTED_EDGE ( 'NONE', *, *, #967, .F. ) ;
#515 = ORIENTED_EDGE ( 'NONE', *, *, #1500, .T. ) ;
#516 = ORIENTED_EDGE ( 'NONE', *, *, #1347, .F. ) ;
#517 = CARTESIAN_POINT ( 'NONE',  ( 0.5000000000000000000, 0.02500000000000000100, -0.1999999999999996500 ) ) ;
#518 = PLANE ( 'NONE',  #1001 ) ;
#519 = EDGE_CURVE ( 'NONE', #1156, #318, #985, .T. ) ;
#520 = DIRECTION ( 'NONE',  ( 0.0000000000000000000, 0.0000000000000000000, 1.000000000000000000 ) ) ;
#521 = PRESENTATION_STYLE_ASSIGNMENT (( #871 ) ) ;
#522 = CIRCLE ( 'NONE', #229, 0.02500000000000001200 ) ;
#523 = VECTOR ( 'NONE', #864, 1000.000000000000000 ) ;
#524 = CYLINDRICAL_SURFACE ( 'NONE', #901, 0.02500000000000001200 ) ;
#525 = CARTESIAN_POINT ( 'NONE',  ( 0.2500000000000000600, 0.4500000000000000100, -0.2500000000000000000 ) ) ;
#526 = LINE ( 'NONE', #61, #545 ) ;
#527 = CARTESIAN_POINT ( 'NONE',  ( 0.4499999999999996800, 0.5000000000000000000, 0.2250000000000000100 ) ) ;
#528 = ORIENTED_EDGE ( 'NONE', *, *, #408, .F. ) ;
#529 = SURFACE_SIDE_STYLE ('',( #233 ) ) ;
#530 = ORIENTED_EDGE ( 'NONE', *, *, #188, .F. ) ;
#531 = EDGE_CURVE ( 'NONE', #553, #367, #675, .T. ) ;
#532 = DIRECTION ( 'NONE',  ( -0.0000000000000000000, -1.000000000000000000, -0.0000000000000000000 ) ) ;
#533 = AXIS2_PLACEMENT_3D ( 'NONE', #1092, #378, #470 ) ;
#534 = EDGE_LOOP ( 'NONE', ( #1000, #472, #1176, #1466 ) ) ;
#535 = VERTEX_POINT ( 'NONE', #298 ) ;
#536 = DIRECTION ( 'NONE',  ( 1.000000000000000000, 0.0000000000000000000, -2.710505431213766000E-016 ) ) ;
#537 = ADVANCED_FACE ( 'NONE', ( #1457 ), #154, .F. ) ;
#538 = DIRECTION ( 'NONE',  ( -0.0000000000000000000, -1.000000000000000000, -0.0000000000000000000 ) ) ;
#539 = AXIS2_PLACEMENT_3D ( 'NONE', #437, #790, #329 ) ;
#540 = UNCERTAINTY_MEASURE_WITH_UNIT (LENGTH_MEASURE( 1.000000000000000100E-005 ), #1502, 'distance_accuracy_value', 'NONE');
#541 = LINE ( 'NONE', #21, #784 ) ;
#542 = EDGE_CURVE ( 'NONE', #280, #594, #911, .T. ) ;
#543 = TOROIDAL_SURFACE ( 'NONE', #108, 0.02500000000000002200, 0.02500000000000000100 ) ;
#544 = DIRECTION ( 'NONE',  ( 0.0000000000000000000, 0.0000000000000000000, 1.000000000000000000 ) ) ;
#545 = VECTOR ( 'NONE', #54, 1000.000000000000000 ) ;
#546 = DIRECTION ( 'NONE',  ( 0.0000000000000000000, 0.0000000000000000000, 1.000000000000000000 ) ) ;
#547 = PRESENTATION_STYLE_ASSIGNMENT (( #1019 ) ) ;
#548 = VECTOR ( 'NONE', #30, 1000.000000000000000 ) ;
#549 = DIRECTION ( 'NONE',  ( -1.000000000000000000, 0.0000000000000000000, 0.0000000000000000000 ) ) ;
#550 = EDGE_LOOP ( 'NONE', ( #31, #1389, #447, #294, #241, #181 ) ) ;
#551 = ORIENTED_EDGE ( 'NONE', *, *, #1490, .T. ) ;
#552 = CARTESIAN_POINT ( 'NONE',  ( 0.2500000000000000600, 0.02500000000000000100, -0.2250000000000000100 ) ) ;
#553 = VERTEX_POINT ( 'NONE', #751 ) ;
#554 = ADVANCED_FACE ( 'NONE', ( #1332 ), #640, .T. ) ;
#555 =( LENGTH_UNIT ( ) NAMED_UNIT ( * ) SI_UNIT ( .MILLI., .METRE. ) );
#556 = CARTESIAN_POINT ( 'NONE',  ( -0.5000000000000000000, 0.5000000000000000000, 0.1999999999999996800 ) ) ;
#557 = ORIENTED_EDGE ( 'NONE', *, *, #999, .T. ) ;
#558 = DIRECTION ( 'NONE',  ( 0.0000000000000000000, 0.0000000000000000000, 1.000000000000000000 ) ) ;
#559 = DIRECTION ( 'NONE',  ( 1.000000000000000000, -0.0000000000000000000, 0.0000000000000000000 ) ) ;
#560 = DIRECTION ( 'NONE',  ( -1.000000000000000000, -0.0000000000000000000, -0.0000000000000000000 ) ) ;
#561 = LINE ( 'NONE', #1362, #1168 ) ;
#562 = EDGE_CURVE ( 'NONE', #1341, #1301, #327, .T. ) ;
#563 = VECTOR ( 'NONE', #560, 1000.000000000000000 ) ;
#564 = STYLED_ITEM ( 'NONE', ( #1421 ), #1202 ) ;
#565 =( NAMED_UNIT ( * ) PLANE_ANGLE_UNIT ( ) SI_UNIT ( $, .RADIAN. ) );
#566 = CARTESIAN_POINT ( 'NONE',  ( 0.2500000000000000600, 0.4500000000000000100, -0.2500000000000000000 ) ) ;
#567 = FACE_OUTER_BOUND ( 'NONE', #534, .T. ) ;
#568 = VERTEX_POINT ( 'NONE', #1108 ) ;
#569 = DIRECTION ( 'NONE',  ( 0.0000000000000000000, 0.0000000000000000000, 1.000000000000000000 ) ) ;
#570 = AXIS2_PLACEMENT_3D ( 'NONE', #487, #493, #1464 ) ;
#571 = ORIENTED_EDGE ( 'NONE', *, *, #1161, .T. ) ;
#572 = VERTEX_POINT ( 'NONE', #412 ) ;
#573 = EDGE_CURVE ( 'NONE', #876, #1323, #950, .T. ) ;
#574 = ORIENTED_EDGE ( 'NONE', *, *, #1224, .F. ) ;
#575 = DIRECTION ( 'NONE',  ( -1.000000000000000000, 0.0000000000000000000, 0.0000000000000000000 ) ) ;
#576 = VERTEX_POINT ( 'NONE', #1221 ) ;
#577 = CIRCLE ( 'NONE', #714, 0.05000000000000002400 ) ;
#578 = FACE_OUTER_BOUND ( 'NONE', #76, .T. ) ;
#579 = DIRECTION ( 'NONE',  ( 0.0000000000000000000, 0.0000000000000000000, -1.000000000000000000 ) ) ;
#580 = CIRCLE ( 'NONE', #380, 0.05000000000000002400 ) ;
#581 = CARTESIAN_POINT ( 'NONE',  ( -0.4499999999999996800, 0.0000000000000000000, -0.2250000000000000600 ) ) ;
#582 = FACE_OUTER_BOUND ( 'NONE', #387, .T. ) ;
#583 = CARTESIAN_POINT ( 'NONE',  ( 0.0000000000000000000, 0.4749999999999999800, -0.2250000000000000100 ) ) ;
#584 = EDGE_CURVE ( 'NONE', #1240, #51, #1200, .T. ) ;
#585 = CYLINDRICAL_SURFACE ( 'NONE', #1213, 0.02500000000000001200 ) ;
#586 = FACE_OUTER_BOUND ( 'NONE', #299, .T. ) ;
#587 = AXIS2_PLACEMENT_3D ( 'NONE', #1356, #302, #290 ) ;
#588 = SURFACE_STYLE_USAGE ( .BOTH. , #1254 ) ;
#589 = DIRECTION ( 'NONE',  ( 0.0000000000000000000, 0.0000000000000000000, -1.000000000000000000 ) ) ;
#590 = ORIENTED_EDGE ( 'NONE', *, *, #883, .T. ) ;
#591 =( NAMED_UNIT ( * ) PLANE_ANGLE_UNIT ( ) SI_UNIT ( $, .RADIAN. ) );
#592 = AXIS2_PLACEMENT_3D ( 'NONE', #366, #715, #238 ) ;
#593 = VERTEX_POINT ( 'NONE', #158 ) ;
#594 = VERTEX_POINT ( 'NONE', #1353 ) ;
#595 = EDGE_CURVE ( 'NONE', #1338, #296, #173, .T. ) ;
#596 = CARTESIAN_POINT ( 'NONE',  ( 0.2500000000000000600, 0.4500000000000000100, 0.2500000000000000000 ) ) ;
#597 = ADVANCED_FACE ( 'NONE', ( #582 ), #1111, .T. ) ;
#598 = DIRECTION ( 'NONE',  ( 2.710505431213764500E-016, 0.0000000000000000000, -1.000000000000000000 ) ) ;
#599 = DIRECTION ( 'NONE',  ( 0.0000000000000000000, 0.0000000000000000000, 1.000000000000000000 ) ) ;
#600 = VECTOR ( 'NONE', #360, 1000.000000000000000 ) ;
#601 = DIRECTION ( 'NONE',  ( -0.0000000000000000000, -1.000000000000000000, -0.0000000000000000000 ) ) ;
#602 = LINE ( 'NONE', #226, #563 ) ;
#603 = ADVANCED_FACE ( 'NONE', ( #306 ), #42, .T. ) ;
#604 = EDGE_CURVE ( 'NONE', #225, #1160, #1134, .T. ) ;
#605 = DIRECTION ( 'NONE',  ( 1.000000000000000000, 0.0000000000000000000, -0.0000000000000000000 ) ) ;
#606 = DIRECTION ( 'NONE',  ( 0.0000000000000000000, 1.000000000000000000, -0.0000000000000000000 ) ) ;
#607 = ORIENTED_EDGE ( 'NONE', *, *, #604, .F. ) ;
#608 = PLANE ( 'NONE',  #508 ) ;
#609 = ORIENTED_EDGE ( 'NONE', *, *, #917, .T. ) ;
#610 = EDGE_LOOP ( 'NONE', ( #817, #615, #668, #499 ) ) ;
#611 = DIRECTION ( 'NONE',  ( 0.0000000000000000000, 1.000000000000000000, -0.0000000000000000000 ) ) ;
#612 = EDGE_LOOP ( 'NONE', ( #654, #161, #652, #130 ) ) ;
#613 = DIRECTION ( 'NONE',  ( 0.0000000000000000000, 0.0000000000000000000, -1.000000000000000000 ) ) ;
#614 = ORIENTED_EDGE ( 'NONE', *, *, #1264, .T. ) ;
#615 = ORIENTED_EDGE ( 'NONE', *, *, #584, .F. ) ;
#616 = CARTESIAN_POINT ( 'NONE',  ( 0.2500000000000000600, 0.02500000000000001200, 0.2250000000000000100 ) ) ;
#617 = EDGE_CURVE ( 'NONE', #225, #535, #825, .T. ) ;
#618 = CARTESIAN_POINT ( 'NONE',  ( 0.2500000000000000600, 0.5000000000000000000, 0.2500000000000000000 ) ) ;
#619 = AXIS2_PLACEMENT_3D ( 'NONE', #341, #227, #1387 ) ;
#620 = CIRCLE ( 'NONE', #1354, 0.02500000000000000100 ) ;
#621 = TOROIDAL_SURFACE ( 'NONE', #166, 0.02500000000000002200, 0.02500000000000000100 ) ;
#622 = CARTESIAN_POINT ( 'NONE',  ( 0.2500000000000000600, 0.4749999999999999800, 0.2500000000000000000 ) ) ;
#623 = VECTOR ( 'NONE', #414, 1000.000000000000000 ) ;
#624 = DIRECTION ( 'NONE',  ( 1.000000000000000000, -0.0000000000000000000, 6.505213034913023400E-015 ) ) ;
#625 = LINE ( 'NONE', #1207, #326 ) ;
#626 = AXIS2_PLACEMENT_3D ( 'NONE', #465, #805, #1382 ) ;
#627 = CARTESIAN_POINT ( 'NONE',  ( -0.5000000000000000000, 0.4749999999999999800, -0.1999999999999997100 ) ) ;
#628 = EDGE_CURVE ( 'NONE', #385, #319, #1232, .T. ) ;
#629 = DIRECTION ( 'NONE',  ( -0.0000000000000000000, 0.0000000000000000000, 1.000000000000000000 ) ) ;
#630 = DIRECTION ( 'NONE',  ( -1.000000000000000000, 0.0000000000000000000, 0.0000000000000000000 ) ) ;
#631 = ORIENTED_EDGE ( 'NONE', *, *, #269, .F. ) ;
#632 = EDGE_LOOP ( 'NONE', ( #862, #1285, #1504, #1342 ) ) ;
#633 = AXIS2_PLACEMENT_3D ( 'NONE', #145, #152, #506 ) ;
#634 = ORIENTED_EDGE ( 'NONE', *, *, #107, .T. ) ;
#635 = CIRCLE ( 'NONE', #424, 0.02500000000000001200 ) ;
#636 = DIRECTION ( 'NONE',  ( -1.000000000000000000, 0.0000000000000000000, 6.505213034913031300E-015 ) ) ;
#637 = CYLINDRICAL_SURFACE ( 'NONE', #1318, 0.02500000000000001200 ) ;
#638 = CARTESIAN_POINT ( 'NONE',  ( 0.2500000000000000600, 0.4500000000000000100, 0.2500000000000000000 ) ) ;
#639 = CYLINDRICAL_SURFACE ( 'NONE', #592, 0.05000000000000002400 ) ;
#640 = CYLINDRICAL_SURFACE ( 'NONE', #1047, 0.02500000000000001200 ) ;
#641 = DIRECTION ( 'NONE',  ( -0.0000000000000000000, 0.0000000000000000000, 1.000000000000000000 ) ) ;
#642 = SURFACE_SIDE_STYLE ('',( #717 ) ) ;
#643 = AXIS2_PLACEMENT_3D ( 'NONE', #993, #46, #866 ) ;
#644 = DIRECTION ( 'NONE',  ( 0.0000000000000000000, 0.0000000000000000000, -1.000000000000000000 ) ) ;
#645 = EDGE_CURVE ( 'NONE', #479, #958, #785, .T. ) ;
#646 = ORIENTED_EDGE ( 'NONE', *, *, #188, .T. ) ;
#647 = DIRECTION ( 'NONE',  ( 1.000000000000000000, 0.0000000000000000000, 0.0000000000000000000 ) ) ;
#648 = MECHANICAL_DESIGN_GEOMETRIC_PRESENTATION_REPRESENTATION (  '', ( #564 ), #804 ) ;
#649 = ORIENTED_EDGE ( 'NONE', *, *, #986, .T. ) ;
#650 = VERTEX_POINT ( 'NONE', #194 ) ;
#651 = CARTESIAN_POINT ( 'NONE',  ( -0.4499999999999996800, 0.5000000000000000000, 0.2500000000000000600 ) ) ;
#652 = ORIENTED_EDGE ( 'NONE', *, *, #814, .T. ) ;
#653 = ADVANCED_FACE ( 'NONE', ( #1249 ), #1364, .T. ) ;
#654 = ORIENTED_EDGE ( 'NONE', *, *, #573, .T. ) ;
#655 = AXIS2_PLACEMENT_3D ( 'NONE', #856, #611, #1190 ) ;
#656 =( LENGTH_UNIT ( ) NAMED_UNIT ( * ) SI_UNIT ( .MILLI., .METRE. ) );
#657 = EDGE_CURVE ( 'NONE', #705, #319, #1045, .T. ) ;
#658 = CIRCLE ( 'NONE', #82, 0.02500000000000001200 ) ;
#659 = FACE_OUTER_BOUND ( 'NONE', #1039, .T. ) ;
#660 = CIRCLE ( 'NONE', #237, 0.02500000000000001200 ) ;
#661 = VECTOR ( 'NONE', #630, 1000.000000000000000 ) ;
#662 = PLANE ( 'NONE',  #1300 ) ;
#663 = ORIENTED_EDGE ( 'NONE', *, *, #1473, .T. ) ;
#664 = ADVANCED_FACE ( 'NONE', ( #888 ), #214, .T. ) ;
#665 =( NAMED_UNIT ( * ) SI_UNIT ( $, .STERADIAN. ) SOLID_ANGLE_UNIT ( ) );
#666 = ORIENTED_EDGE ( 'NONE', *, *, #413, .F. ) ;
#667 =( NAMED_UNIT ( * ) PLANE_ANGLE_UNIT ( ) SI_UNIT ( $, .RADIAN. ) );
#668 = ORIENTED_EDGE ( 'NONE', *, *, #783, .F. ) ;
#669 = DIRECTION ( 'NONE',  ( 1.000000000000000000, 0.0000000000000000000, 0.0000000000000000000 ) ) ;
#670 = AXIS2_PLACEMENT_3D ( 'NONE', #894, #428, #544 ) ;
#671 = FACE_OUTER_BOUND ( 'NONE', #393, .T. ) ;
#672 = LINE ( 'NONE', #618, #1231 ) ;
#673 = EDGE_CURVE ( 'NONE', #568, #1243, #1405, .T. ) ;
#674 = VECTOR ( 'NONE', #1516, 1000.000000000000000 ) ;
#675 = LINE ( 'NONE', #264, #1386 ) ;
#676 = DIRECTION ( 'NONE',  ( -1.000000000000000000, -0.0000000000000000000, -0.0000000000000000000 ) ) ;
#677 = DIRECTION ( 'NONE',  ( -1.000000000000000000, 0.0000000000000000000, 2.710505431213766000E-016 ) ) ;
#678 = DIRECTION ( 'NONE',  ( 0.0000000000000000000, 0.0000000000000000000, 1.000000000000000000 ) ) ;
#679 = EDGE_CURVE ( 'NONE', #1156, #863, #485, .T. ) ;
#680 = ORIENTED_EDGE ( 'NONE', *, *, #435, .F. ) ;
#681 = ORIENTED_EDGE ( 'NONE', *, *, #584, .T. ) ;
#682 = APPLICATION_PROTOCOL_DEFINITION ( 'draft international standard', 'automotive_design', 1998, #204 ) ;
#683 = DIRECTION ( 'NONE',  ( 0.0000000000000000000, 0.0000000000000000000, 1.000000000000000000 ) ) ;
#684 = ORIENTED_EDGE ( 'NONE', *, *, #1326, .T. ) ;
#685 = DIRECTION ( 'NONE',  ( 0.0000000000000000000, 1.000000000000000000, -0.0000000000000000000 ) ) ;
#686 = ORIENTED_EDGE ( 'NONE', *, *, #831, .T. ) ;
#687 = CARTESIAN_POINT ( 'NONE',  ( -0.4499999999999996800, 0.5000000000000000000, -0.2250000000000000600 ) ) ;
#688 = CARTESIAN_POINT ( 'NONE',  ( 0.0000000000000000000, 0.5000000000000000000, -0.2250000000000000100 ) ) ;
#689 = CIRCLE ( 'NONE', #933, 0.02500000000000001200 ) ;
#690 = DIRECTION ( 'NONE',  ( -0.0000000000000000000, -1.000000000000000000, -0.0000000000000000000 ) ) ;
#691 = PRESENTATION_STYLE_ASSIGNMENT (( #147 ) ) ;
#692 = CARTESIAN_POINT ( 'NONE',  ( 0.0000000000000000000, 0.0000000000000000000, 0.2250000000000000100 ) ) ;
#693 = EDGE_CURVE ( 'NONE', #1057, #53, #620, .T. ) ;
#694 = CIRCLE ( 'NONE', #138, 0.02500000000000001200 ) ;
#695 = PRESENTATION_LAYER_ASSIGNMENT (  '', '', ( #564 ) ) ;
#696 = CARTESIAN_POINT ( 'NONE',  ( -0.2500000000000000000, 0.4749999999999999800, -0.2500000000000000000 ) ) ;
#697 = CARTESIAN_POINT ( 'NONE',  ( 0.4499999999999996800, 0.5000000000000000000, -0.2250000000000000100 ) ) ;
#698 = ORIENTED_EDGE ( 'NONE', *, *, #772, .T. ) ;
#699 = PLANE ( 'NONE',  #853 ) ;
#700 = AXIS2_PLACEMENT_3D ( 'NONE', #795, #921, #208 ) ;
#701 = ORIENTED_EDGE ( 'NONE', *, *, #453, .T. ) ;
#702 = DIRECTION ( 'NONE',  ( 0.0000000000000000000, 1.000000000000000000, -0.0000000000000000000 ) ) ;
#703 = EDGE_CURVE ( 'NONE', #53, #409, #769, .T. ) ;
#704 = ORIENTED_EDGE ( 'NONE', *, *, #873, .T. ) ;
#705 = VERTEX_POINT ( 'NONE', #79 ) ;
#706 = APPLICATION_PROTOCOL_DEFINITION ( 'draft international standard', 'automotive_design', 1998, #1268 ) ;
#707 = DIRECTION ( 'NONE',  ( -1.000000000000000000, 0.0000000000000000000, -0.0000000000000000000 ) ) ;
#708 = VERTEX_POINT ( 'NONE', #71 ) ;
#709 = DIRECTION ( 'NONE',  ( 0.0000000000000000000, 1.000000000000000000, 0.0000000000000000000 ) ) ;
#710 = LINE ( 'NONE', #954, #1328 ) ;
#711 = CIRCLE ( 'NONE', #826, 0.02500000000000001200 ) ;
#712 = STYLED_ITEM ( 'NONE', ( #521 ), #1094 ) ;
#713 = LINE ( 'NONE', #450, #983 ) ;
#714 = AXIS2_PLACEMENT_3D ( 'NONE', #1184, #1403, #1413 ) ;
#715 = DIRECTION ( 'NONE',  ( -0.0000000000000000000, -1.000000000000000000, -0.0000000000000000000 ) ) ;
#716 = CARTESIAN_POINT ( 'NONE',  ( 6.098637220230972300E-017, 0.0000000000000000000, -0.2249999999999999500 ) ) ;
#717 = SURFACE_STYLE_FILL_AREA ( #1219 ) ;
#718 = CARTESIAN_POINT ( 'NONE',  ( 0.4749999999999999800, 0.02500000000000000100, 0.0000000000000000000 ) ) ;
#719 = DIRECTION ( 'NONE',  ( 0.0000000000000000000, 0.0000000000000000000, -1.000000000000000000 ) ) ;
#720 = ORIENTED_EDGE ( 'NONE', *, *, #1276, .T. ) ;
#721 = DIRECTION ( 'NONE',  ( 1.000000000000000000, -0.0000000000000000000, 2.710505431213766000E-016 ) ) ;
#722 = ADVANCED_FACE ( 'NONE', ( #62 ), #200, .F. ) ;
#723 = ORIENTED_EDGE ( 'NONE', *, *, #814, .F. ) ;
#724 = DIRECTION ( 'NONE',  ( -2.710505431213766000E-016, 0.0000000000000000000, 1.000000000000000000 ) ) ;
#725 = ORIENTED_EDGE ( 'NONE', *, *, #1427, .F. ) ;
#726 = EDGE_CURVE ( 'NONE', #1188, #72, #101, .T. ) ;
#727 = DIRECTION ( 'NONE',  ( 0.0000000000000000000, 1.000000000000000000, 0.0000000000000000000 ) ) ;
#728 = ORIENTED_EDGE ( 'NONE', *, *, #1131, .F. ) ;
#729 = VERTEX_POINT ( 'NONE', #696 ) ;
#730 = CARTESIAN_POINT ( 'NONE',  ( 0.4500000000000000100, 0.5000000000000000000, -0.1999999999999999800 ) ) ;
#731 = CARTESIAN_POINT ( 'NONE',  ( 6.776263578034413800E-017, 0.5000000000000000000, -0.2499999999999999400 ) ) ;
#732 = CARTESIAN_POINT ( 'NONE',  ( 6.098637220230972300E-017, 0.02500000000000000100, 0.2249999999999999500 ) ) ;
#733 = CIRCLE ( 'NONE', #1478, 0.02500000000000001200 ) ;
#734 = EDGE_CURVE ( 'NONE', #296, #225, #1006, .T. ) ;
#735 = DIRECTION ( 'NONE',  ( -1.000000000000000000, 0.0000000000000000000, 0.0000000000000000000 ) ) ;
#736 = DIRECTION ( 'NONE',  ( 0.0000000000000000000, 0.0000000000000000000, 1.000000000000000000 ) ) ;
#737 = DIRECTION ( 'NONE',  ( 0.0000000000000000000, 0.0000000000000000000, 1.000000000000000000 ) ) ;
#738 = VERTEX_POINT ( 'NONE', #1278 ) ;
#739 = VERTEX_POINT ( 'NONE', #105 ) ;
#740 = DIRECTION ( 'NONE',  ( -1.000000000000000000, -0.0000000000000000000, -0.0000000000000000000 ) ) ;
#741 = AXIS2_PLACEMENT_3D ( 'NONE', #843, #984, #1310 ) ;
#742 = EDGE_LOOP ( 'NONE', ( #937, #815, #459, #1340 ) ) ;
#743 = ORIENTED_EDGE ( 'NONE', *, *, #1233, .T. ) ;
#744 = DIRECTION ( 'NONE',  ( 0.0000000000000000000, 0.0000000000000000000, 1.000000000000000000 ) ) ;
#745 = DIRECTION ( 'NONE',  ( 1.000000000000000000, -0.0000000000000000000, 2.710505431213766000E-016 ) ) ;
#746 = CARTESIAN_POINT ( 'NONE',  ( -0.2500000000000000000, 0.4500000000000000100, 0.0000000000000000000 ) ) ;
#747 = AXIS2_PLACEMENT_3D ( 'NONE', #348, #575, #234 ) ;
#748 = LINE ( 'NONE', #23, #1289 ) ;
#749 = PLANE ( 'NONE',  #971 ) ;
#750 = CYLINDRICAL_SURFACE ( 'NONE', #89, 0.02500000000000001200 ) ;
#751 = CARTESIAN_POINT ( 'NONE',  ( 0.2500000000000000600, 0.0000000000000000000, 0.2250000000000000100 ) ) ;
#752 = CIRCLE ( 'NONE', #1368, 0.05000000000000002400 ) ;
#753 = DIRECTION ( 'NONE',  ( -0.0000000000000000000, -1.000000000000000000, 0.0000000000000000000 ) ) ;
#754 = EDGE_CURVE ( 'NONE', #296, #1188, #213, .T. ) ;
#755 = ORIENTED_EDGE ( 'NONE', *, *, #377, .F. ) ;
#756 = DIRECTION ( 'NONE',  ( -0.0000000000000000000, -1.000000000000000000, -0.0000000000000000000 ) ) ;
#757 = ORIENTED_EDGE ( 'NONE', *, *, #198, .T. ) ;
#758 = ADVANCED_FACE ( 'NONE', ( #396 ), #699, .F. ) ;
#759 = ORIENTED_EDGE ( 'NONE', *, *, #783, .T. ) ;
#760 = EDGE_LOOP ( 'NONE', ( #848, #634, #1110, #850 ) ) ;
#761 = DIRECTION ( 'NONE',  ( 0.0000000000000000000, 0.0000000000000000000, -1.000000000000000000 ) ) ;
#762 = EDGE_LOOP ( 'NONE', ( #1355, #441, #167, #184 ) ) ;
#763 = ORIENTED_EDGE ( 'NONE', *, *, #531, .T. ) ;
#764 = FACE_OUTER_BOUND ( 'NONE', #1463, .T. ) ;
#765 = CARTESIAN_POINT ( 'NONE',  ( -0.2500000000000000000, 0.4500000000000000100, 0.2500000000000000000 ) ) ;
#766 = FACE_OUTER_BOUND ( 'NONE', #1051, .T. ) ;
#767 = ADVANCED_FACE ( 'NONE', ( #1346 ), #38, .T. ) ;
#768 = DIRECTION ( 'NONE',  ( 0.0000000000000000000, -0.0000000000000000000, -1.000000000000000000 ) ) ;
#769 = LINE ( 'NONE', #1016, #1008 ) ;
#770 = VECTOR ( 'NONE', #1165, 1000.000000000000000 ) ;
#771 = FACE_OUTER_BOUND ( 'NONE', #339, .T. ) ;
#772 = EDGE_CURVE ( 'NONE', #738, #351, #981, .T. ) ;
#773 = ORIENTED_EDGE ( 'NONE', *, *, #1161, .F. ) ;
#774 = DIRECTION ( 'NONE',  ( 0.0000000000000000000, 0.0000000000000000000, 1.000000000000000000 ) ) ;
#775 = CLOSED_SHELL ( 'NONE', ( #758, #67, #1352, #897, #1245, #1479, #164, #334 ) ) ;
#776 = VERTEX_POINT ( 'NONE', #566 ) ;
#777 = CARTESIAN_POINT ( 'NONE',  ( 0.4749999999999999800, 0.02500000000000000100, -0.1999999999999996500 ) ) ;
#778 = ORIENTED_EDGE ( 'NONE', *, *, #1215, .T. ) ;
#779 = AXIS2_PLACEMENT_3D ( 'NONE', #1283, #97, #683 ) ;
#780 = ADVANCED_FACE ( 'NONE', ( #766 ), #1247, .T. ) ;
#781 = CLOSED_SHELL ( 'NONE', ( #436, #1139, #537, #1036, #1132, #722, #1007, #182, #1487, #603, #554, #1409, #172, #1519, #1371, #199, #1230, #315 ) ) ;
#782 = CARTESIAN_POINT ( 'NONE',  ( 0.2500000000000000600, 0.4749999999999999800, 0.2250000000000000100 ) ) ;
#783 = EDGE_CURVE ( 'NONE', #367, #1240, #689, .T. ) ;
#784 = VECTOR ( 'NONE', #721, 1000.000000000000000 ) ;
#785 = LINE ( 'NONE', #556, #324 ) ;
#786 =( NAMED_UNIT ( * ) SI_UNIT ( $, .STERADIAN. ) SOLID_ANGLE_UNIT ( ) );
#787 = CARTESIAN_POINT ( 'NONE',  ( 0.4500000000000000100, 0.4749999999999999800, 0.1999999999999999800 ) ) ;
#788 = VECTOR ( 'NONE', #1204, 1000.000000000000000 ) ;
#789 = PRESENTATION_LAYER_ASSIGNMENT (  '', '', ( #712 ) ) ;
#790 = DIRECTION ( 'NONE',  ( 1.000000000000000000, -0.0000000000000000000, -0.0000000000000000000 ) ) ;
#791 = DIRECTION ( 'NONE',  ( 0.0000000000000000000, 1.000000000000000000, -0.0000000000000000000 ) ) ;
#792 = EDGE_LOOP ( 'NONE', ( #1363, #203, #773, #52, #976, #1380 ) ) ;
#793 = CARTESIAN_POINT ( 'NONE',  ( 0.0000000000000000000, 0.4749999999999999800, 0.2250000000000000100 ) ) ;
#794 = ORIENTED_EDGE ( 'NONE', *, *, #1510, .T. ) ;
#795 = CARTESIAN_POINT ( 'NONE',  ( -0.2500000000000000000, 0.4749999999999999800, 0.2250000000000000100 ) ) ;
#796 = ORIENTED_EDGE ( 'NONE', *, *, #846, .F. ) ;
#797 = CARTESIAN_POINT ( 'NONE',  ( 0.4499999999999996800, 0.0000000000000000000, -0.2250000000000000100 ) ) ;
#798 = ORIENTED_EDGE ( 'NONE', *, *, #443, .T. ) ;
#799 = PLANE ( 'NONE',  #24 ) ;
#800 = LINE ( 'NONE', #525, #1068 ) ;
#801 = DIRECTION ( 'NONE',  ( 0.0000000000000000000, 1.000000000000000000, -0.0000000000000000000 ) ) ;
#802 = CARTESIAN_POINT ( 'NONE',  ( 0.2500000000000000600, 0.02500000000000001200, -0.2500000000000000000 ) ) ;
#803 = CYLINDRICAL_SURFACE ( 'NONE', #619, 0.02500000000000001200 ) ;
#804 =( GEOMETRIC_REPRESENTATION_CONTEXT ( 3 ) GLOBAL_UNCERTAINTY_ASSIGNED_CONTEXT ( ( #540 ) ) GLOBAL_UNIT_ASSIGNED_CONTEXT ( ( #1502, #118, #468 ) ) REPRESENTATION_CONTEXT ( 'NONE', 'WORKASPACE' ) );
#805 = DIRECTION ( 'NONE',  ( -1.000000000000000000, 0.0000000000000000000, 0.0000000000000000000 ) ) ;
#806 = FACE_OUTER_BOUND ( 'NONE', #426, .T. ) ;
#807 = VECTOR ( 'NONE', #58, 1000.000000000000000 ) ;
#808 = CARTESIAN_POINT ( 'NONE',  ( 0.2500000000000000600, 0.4749999999999999800, 0.2250000000000000100 ) ) ;
#809 = CARTESIAN_POINT ( 'NONE',  ( 0.4500000000000000100, 0.4749999999999999800, -0.1999999999999999800 ) ) ;
#810 = CARTESIAN_POINT ( 'NONE',  ( -0.2500000000000000000, 0.5000000000000000000, -0.2500000000000000000 ) ) ;
#811 = AXIS2_PLACEMENT_3D ( 'NONE', #1087, #1435, #376 ) ;
#812 = ORIENTED_EDGE ( 'NONE', *, *, #1196, .F. ) ;
#813 = DIRECTION ( 'NONE',  ( -1.000000000000000000, 0.0000000000000000000, 0.0000000000000000000 ) ) ;
#814 = EDGE_CURVE ( 'NONE', #1073, #1095, #1119, .T. ) ;
#815 = ORIENTED_EDGE ( 'NONE', *, *, #1473, .F. ) ;
#816 = ORIENTED_EDGE ( 'NONE', *, *, #1131, .T. ) ;
#817 = ORIENTED_EDGE ( 'NONE', *, *, #249, .F. ) ;
#818 = CARTESIAN_POINT ( 'NONE',  ( -0.2500000000000000000, 0.0000000000000000000, 0.2250000000000000100 ) ) ;
#819 = ORIENTED_EDGE ( 'NONE', *, *, #1374, .F. ) ;
#820 = DIRECTION ( 'NONE',  ( 1.000000000000000000, 0.0000000000000000000, 0.0000000000000000000 ) ) ;
#821 = ADVANCED_FACE ( 'NONE', ( #946 ), #799, .F. ) ;
#822 = AXIS2_PLACEMENT_3D ( 'NONE', #1419, #252, #469 ) ;
#823 = CARTESIAN_POINT ( 'NONE',  ( 0.5000000000000000000, 0.4749999999999999800, 0.0000000000000000000 ) ) ;
#824 = LINE ( 'NONE', #797, #505 ) ;
#825 = LINE ( 'NONE', #1246, #1024 ) ;
#826 = AXIS2_PLACEMENT_3D ( 'NONE', #245, #1313, #599 ) ;
#827 = CARTESIAN_POINT ( 'NONE',  ( 0.0000000000000000000, 0.4500000000000000100, 0.0000000000000000000 ) ) ;
#828 = ADVANCED_FACE ( 'NONE', ( #1214 ), #1309, .T. ) ;
#829 = DIRECTION ( 'NONE',  ( 0.0000000000000000000, 0.0000000000000000000, 1.000000000000000000 ) ) ;
#830 = VERTEX_POINT ( 'NONE', #109 ) ;
#831 = EDGE_CURVE ( 'NONE', #1020, #239, #449, .T. ) ;
#832 = EDGE_LOOP ( 'NONE', ( #55, #557, #728, #1299 ) ) ;
#833 = DIRECTION ( 'NONE',  ( -0.0000000000000000000, -1.000000000000000000, -0.0000000000000000000 ) ) ;
#834 = ORIENTED_EDGE ( 'NONE', *, *, #510, .F. ) ;
#835 = DIRECTION ( 'NONE',  ( -6.505213034913023400E-015, -0.0000000000000000000, -1.000000000000000000 ) ) ;
#836 = VERTEX_POINT ( 'NONE', #932 ) ;
#837 = SURFACE_STYLE_USAGE ( .BOTH. , #1078 ) ;
#838 = CIRCLE ( 'NONE', #1060, 0.02500000000000001200 ) ;
#839 = EDGE_CURVE ( 'NONE', #875, #705, #635, .T. ) ;
#840 = CARTESIAN_POINT ( 'NONE',  ( 0.2500000000000000600, 0.4500000000000000100, 0.0000000000000000000 ) ) ;
#841 = VECTOR ( 'NONE', #196, 1000.000000000000000 ) ;
#842 = ORIENTED_EDGE ( 'NONE', *, *, #999, .F. ) ;
#843 = CARTESIAN_POINT ( 'NONE',  ( -0.4500000000000000100, 0.02500000000000001200, 0.2000000000000000400 ) ) ;
#844 = CARTESIAN_POINT ( 'NONE',  ( 0.2500000000000000600, 0.4749999999999999800, 0.2500000000000000000 ) ) ;
#845 = ORIENTED_EDGE ( 'NONE', *, *, #1347, .T. ) ;
#846 = EDGE_CURVE ( 'NONE', #863, #572, #375, .T. ) ;
#847 = PLANE ( 'NONE',  #895 ) ;
#848 = ORIENTED_EDGE ( 'NONE', *, *, #562, .T. ) ;
#849 = DIRECTION ( 'NONE',  ( -1.000000000000000000, 0.0000000000000000000, 0.0000000000000000000 ) ) ;
#850 = ORIENTED_EDGE ( 'NONE', *, *, #413, .T. ) ;
#851 = CYLINDRICAL_SURFACE ( 'NONE', #891, 0.02500000000000001200 ) ;
#852 = DIRECTION ( 'NONE',  ( 0.0000000000000000000, 0.0000000000000000000, 1.000000000000000000 ) ) ;
#853 = AXIS2_PLACEMENT_3D ( 'NONE', #810, #1496, #223 ) ;
#854 = CARTESIAN_POINT ( 'NONE',  ( 0.0000000000000000000, 0.0000000000000000000, 0.0000000000000000000 ) ) ;
#855 = EDGE_CURVE ( 'NONE', #1486, #739, #1272, .T. ) ;
#856 = CARTESIAN_POINT ( 'NONE',  ( 0.4500000000000000100, 0.02500000000000001200, 0.1999999999999999800 ) ) ;
#857 = SURFACE_SIDE_STYLE ('',( #267 ) ) ;
#858 = CARTESIAN_POINT ( 'NONE',  ( 0.4749999999999999800, 0.0000000000000000000, -0.1999999999999998200 ) ) ;
#859 = LINE ( 'NONE', #390, #841 ) ;
#860 = MANIFOLD_SOLID_BREP ( 'Fillet3', #775 ) ;
#861 = ORIENTED_EDGE ( 'NONE', *, *, #87, .F. ) ;
#862 = ORIENTED_EDGE ( 'NONE', *, *, #1406, .F. ) ;
#863 = VERTEX_POINT ( 'NONE', #236 ) ;
#864 = DIRECTION ( 'NONE',  ( 0.0000000000000000000, 0.0000000000000000000, 1.000000000000000000 ) ) ;
#865 = EDGE_LOOP ( 'NONE', ( #355, #1244, #259, #1154 ) ) ;
#866 = DIRECTION ( 'NONE',  ( 0.0000000000000000000, 0.0000000000000000000, 1.000000000000000000 ) ) ;
#867 = LINE ( 'NONE', #638, #270 ) ;
#868 = DIRECTION ( 'NONE',  ( 0.0000000000000000000, 0.0000000000000000000, -1.000000000000000000 ) ) ;
#869 = AXIS2_PLACEMENT_3D ( 'NONE', #401, #287, #520 ) ;
#870 = FACE_OUTER_BOUND ( 'NONE', #792, .T. ) ;
#871 = SURFACE_STYLE_USAGE ( .BOTH. , #529 ) ;
#872 = ADVANCED_FACE ( 'NONE', ( #169 ), #80, .T. ) ;
#873 = EDGE_CURVE ( 'NONE', #1057, #535, #577, .T. ) ;
#874 = VECTOR ( 'NONE', #301, 1000.000000000000000 ) ;
#875 = VERTEX_POINT ( 'NONE', #1085 ) ;
#876 = VERTEX_POINT ( 'NONE', #1525 ) ;
#877 = VERTEX_POINT ( 'NONE', #1517 ) ;
#878 = AXIS2_PLACEMENT_3D ( 'NONE', #1241, #801, #1505 ) ;
#879 = ORIENTED_EDGE ( 'NONE', *, *, #481, .T. ) ;
#880 = DIRECTION ( 'NONE',  ( -1.000000000000000000, 0.0000000000000000000, -2.710505431213766000E-016 ) ) ;
#881 = ORIENTED_EDGE ( 'NONE', *, *, #679, .F. ) ;
#882 = CARTESIAN_POINT ( 'NONE',  ( -0.2500000000000000000, 0.4500000000000000100, 0.2500000000000000000 ) ) ;
#883 = EDGE_CURVE ( 'NONE', #123, #1305, #710, .T. ) ;
#884 = EDGE_LOOP ( 'NONE', ( #410, #666, #819, #1444 ) ) ;
#885 = CARTESIAN_POINT ( 'NONE',  ( 0.0000000000000000000, 0.02500000000000001200, 0.2500000000000000000 ) ) ;
#886 = FACE_OUTER_BOUND ( 'NONE', #632, .T. ) ;
#887 = ADVANCED_FACE ( 'NONE', ( #764 ), #7, .F. ) ;
#888 = FACE_OUTER_BOUND ( 'NONE', #992, .T. ) ;
#889 = DIRECTION ( 'NONE',  ( 0.0000000000000000000, 6.505213034913026600E-015, -1.000000000000000000 ) ) ;
#890 = VECTOR ( 'NONE', #987, 1000.000000000000000 ) ;
#891 = AXIS2_PLACEMENT_3D ( 'NONE', #718, #1072, #400 ) ;
#892 = DIRECTION ( 'NONE',  ( 1.000000000000000000, -0.0000000000000000000, -0.0000000000000000000 ) ) ;
#893 = CIRCLE ( 'NONE', #741, 0.05000000000000002400 ) ;
#894 = CARTESIAN_POINT ( 'NONE',  ( 0.4500000000000000100, 0.4749999999999999800, -0.1999999999999999800 ) ) ;
#895 = AXIS2_PLACEMENT_3D ( 'NONE', #1083, #727, #10 ) ;
#896 = ORIENTED_EDGE ( 'NONE', *, *, #673, .F. ) ;
#897 = ADVANCED_FACE ( 'NONE', ( #1471 ), #608, .F. ) ;
#898 = DIRECTION ( 'NONE',  ( 0.0000000000000000000, 0.0000000000000000000, 1.000000000000000000 ) ) ;
#899 = EDGE_LOOP ( 'NONE', ( #1411, #19, #1096, #407 ) ) ;
#900 = EDGE_LOOP ( 'NONE', ( #17, #607, #1018, #221 ) ) ;
#901 = AXIS2_PLACEMENT_3D ( 'NONE', #902, #1141, #598 ) ;
#902 = CARTESIAN_POINT ( 'NONE',  ( 6.098637220230972300E-017, 0.4749999999999999800, -0.2249999999999999500 ) ) ;
#903 = ORIENTED_EDGE ( 'NONE', *, *, #519, .F. ) ;
#904 = CARTESIAN_POINT ( 'NONE',  ( 6.098637220230972300E-017, 0.5000000000000000000, 0.2249999999999999500 ) ) ;
#905 = EDGE_CURVE ( 'NONE', #1189, #409, #1118, .T. ) ;
#906 = VECTOR ( 'NONE', #32, 1000.000000000000000 ) ;
#907 = ADVANCED_FACE ( 'NONE', ( #1400 ), #1172, .T. ) ;
#908 = DIRECTION ( 'NONE',  ( -1.000000000000000000, 0.0000000000000000000, -0.0000000000000000000 ) ) ;
#909 = SURFACE_STYLE_FILL_AREA ( #925 ) ;
#910 = CIRCLE ( 'NONE', #135, 0.02500000000000001200 ) ;
#911 = LINE ( 'NONE', #527, #807 ) ;
#912 = DIRECTION ( 'NONE',  ( 0.0000000000000000000, 1.000000000000000000, -0.0000000000000000000 ) ) ;
#913 = VECTOR ( 'NONE', #442, 1000.000000000000000 ) ;
#914 = DIRECTION ( 'NONE',  ( 0.0000000000000000000, 1.000000000000000000, -0.0000000000000000000 ) ) ;
#915 = AXIS2_PLACEMENT_3D ( 'NONE', #1460, #868, #1223 ) ;
#916 = CARTESIAN_POINT ( 'NONE',  ( -0.4749999999999999800, 0.5000000000000000000, 0.1999999999999996800 ) ) ;
#917 = EDGE_CURVE ( 'NONE', #1020, #263, #1180, .T. ) ;
#918 = DIRECTION ( 'NONE',  ( 0.0000000000000000000, 0.0000000000000000000, 1.000000000000000000 ) ) ;
#919 = ORIENTED_EDGE ( 'NONE', *, *, #1151, .T. ) ;
#920 = ORIENTED_EDGE ( 'NONE', *, *, #100, .T. ) ;
#921 = DIRECTION ( 'NONE',  ( -1.000000000000000000, -0.0000000000000000000, -0.0000000000000000000 ) ) ;
#922 = ORIENTED_EDGE ( 'NONE', *, *, #628, .T. ) ;
#923 = DIRECTION ( 'NONE',  ( -1.000000000000000000, 0.0000000000000000000, -6.505213034913023400E-015 ) ) ;
#924 = EDGE_LOOP ( 'NONE', ( #551, #842, #444, #680 ) ) ;
#925 = FILL_AREA_STYLE ('',( #1390 ) ) ;
#926 = CARTESIAN_POINT ( 'NONE',  ( 0.2500000000000000600, 0.5000000000000000000, 0.2250000000000000100 ) ) ;
#927 = DIRECTION ( 'NONE',  ( 0.0000000000000000000, 1.000000000000000000, -0.0000000000000000000 ) ) ;
#928 = EDGE_CURVE ( 'NONE', #830, #1130, #99, .T. ) ;
#929 = LINE ( 'NONE', #362, #466 ) ;
#930 = DIRECTION ( 'NONE',  ( -1.000000000000000000, -0.0000000000000000000, -0.0000000000000000000 ) ) ;
#931 = DIRECTION ( 'NONE',  ( 0.0000000000000000000, 1.000000000000000000, -0.0000000000000000000 ) ) ;
#932 = CARTESIAN_POINT ( 'NONE',  ( -0.2500000000000000000, 0.4500000000000000100, -0.2500000000000000000 ) ) ;
#933 = AXIS2_PLACEMENT_3D ( 'NONE', #1043, #1513, #346 ) ;
#934 = LINE ( 'NONE', #48, #277 ) ;
#935 = DIRECTION ( 'NONE',  ( -1.000000000000000000, 0.0000000000000000000, 0.0000000000000000000 ) ) ;
#936 = EDGE_CURVE ( 'NONE', #1125, #1465, #1327, .T. ) ;
#937 = ORIENTED_EDGE ( 'NONE', *, *, #453, .F. ) ;
#938 = DIRECTION ( 'NONE',  ( -0.0000000000000000000, 0.0000000000000000000, 1.000000000000000000 ) ) ;
#939 = DIRECTION ( 'NONE',  ( 0.0000000000000000000, 0.0000000000000000000, 1.000000000000000000 ) ) ;
#940 = ORIENTED_EDGE ( 'NONE', *, *, #1276, .F. ) ;
#941 = ADVANCED_FACE ( 'NONE', ( #671 ), #851, .T. ) ;
#942 = ORIENTED_EDGE ( 'NONE', *, *, #905, .T. ) ;
#943 = DIRECTION ( 'NONE',  ( 0.0000000000000000000, 0.0000000000000000000, -1.000000000000000000 ) ) ;
#944 = VERTEX_POINT ( 'NONE', #18 ) ;
#945 = LINE ( 'NONE', #262, #906 ) ;
#946 = FACE_OUTER_BOUND ( 'NONE', #760, .T. ) ;
#947 = CARTESIAN_POINT ( 'NONE',  ( 0.0000000000000000000, 0.4749999999999999800, -0.2250000000000000100 ) ) ;
#948 = SHAPE_DEFINITION_REPRESENTATION ( #1088, #1202 ) ;
#949 = CARTESIAN_POINT ( 'NONE',  ( -0.4499999999999996800, 0.4749999999999999800, -0.2500000000000000600 ) ) ;
#950 = LINE ( 'NONE', #1446, #523 ) ;
#951 = PRODUCT_RELATED_PRODUCT_CATEGORY ( 'part', '', ( #491 ) ) ;
#952 = DIRECTION ( 'NONE',  ( 6.505213034913023400E-015, 0.0000000000000000000, -1.000000000000000000 ) ) ;
#953 = LINE ( 'NONE', #513, #275 ) ;
#954 = CARTESIAN_POINT ( 'NONE',  ( -0.4499999999999996800, 0.5000000000000000000, -0.2250000000000000900 ) ) ;
#955 = ORIENTED_EDGE ( 'NONE', *, *, #209, .T. ) ;
#956 = ORIENTED_EDGE ( 'NONE', *, *, #364, .T. ) ;
#957 = DIRECTION ( 'NONE',  ( -1.000000000000000000, -0.0000000000000000000, -0.0000000000000000000 ) ) ;
#958 = VERTEX_POINT ( 'NONE', #156 ) ;
#959 = CARTESIAN_POINT ( 'NONE',  ( 0.4749999999999999800, 0.5000000000000000000, 0.1999999999999996500 ) ) ;
#960 = AXIS2_PLACEMENT_3D ( 'NONE', #1394, #1056, #1167 ) ;
#961 = ORIENTED_EDGE ( 'NONE', *, *, #415, .F. ) ;
#962 = ORIENTED_EDGE ( 'NONE', *, *, #340, .T. ) ;
#963 = DIRECTION ( 'NONE',  ( 1.000000000000000000, 0.0000000000000000000, -0.0000000000000000000 ) ) ;
#964 = AXIS2_PLACEMENT_3D ( 'NONE', #1229, #647, #512 ) ;
#965 = PRESENTATION_STYLE_ASSIGNMENT (( #837 ) ) ;
#966 = FACE_OUTER_BOUND ( 'NONE', #1468, .T. ) ;
#967 = EDGE_CURVE ( 'NONE', #1033, #705, #945, .T. ) ;
#968 = CARTESIAN_POINT ( 'NONE',  ( 0.2500000000000000600, 0.4500000000000000100, 0.0000000000000000000 ) ) ;
#969 = LINE ( 'NONE', #1010, #874 ) ;
#970 = CARTESIAN_POINT ( 'NONE',  ( -0.4500000000000000100, 0.0000000000000000000, 0.2000000000000000400 ) ) ;
#971 = AXIS2_PLACEMENT_3D ( 'NONE', #854, #1320, #1107 ) ;
#972 = CARTESIAN_POINT ( 'NONE',  ( 0.0000000000000000000, 0.5000000000000000000, 0.0000000000000000000 ) ) ;
#973 = DIRECTION ( 'NONE',  ( 1.000000000000000000, 0.0000000000000000000, 2.710505431213766000E-016 ) ) ;
#974 = VERTEX_POINT ( 'NONE', #979 ) ;
#975 =( LENGTH_UNIT ( ) NAMED_UNIT ( * ) SI_UNIT ( .MILLI., .METRE. ) );
#976 = ORIENTED_EDGE ( 'NONE', *, *, #1357, .T. ) ;
#977 = CARTESIAN_POINT ( 'NONE',  ( 0.2500000000000000600, 0.4749999999999999800, -0.2500000000000000000 ) ) ;
#978 = AXIS2_PLACEMENT_3D ( 'NONE', #1422, #624, #1441 ) ;
#979 = CARTESIAN_POINT ( 'NONE',  ( 0.4499999999999996800, 0.0000000000000000000, -0.2250000000000000100 ) ) ;
#980 = CARTESIAN_POINT ( 'NONE',  ( -0.2500000000000000000, 0.0000000000000000000, -0.0000000000000000000 ) ) ;
#981 = LINE ( 'NONE', #217, #1420 ) ;
#982 = AXIS2_PLACEMENT_3D ( 'NONE', #480, #702, #352 ) ;
#983 = VECTOR ( 'NONE', #943, 1000.000000000000000 ) ;
#984 = DIRECTION ( 'NONE',  ( 0.0000000000000000000, 1.000000000000000000, -0.0000000000000000000 ) ) ;
#985 = LINE ( 'NONE', #765, #251 ) ;
#986 = EDGE_CURVE ( 'NONE', #776, #836, #748, .T. ) ;
#987 = DIRECTION ( 'NONE',  ( -1.000000000000000000, -0.0000000000000000000, -0.0000000000000000000 ) ) ;
#988 = LINE ( 'NONE', #92, #330 ) ;
#989 =( NAMED_UNIT ( * ) PLANE_ANGLE_UNIT ( ) SI_UNIT ( $, .RADIAN. ) );
#990 = DIRECTION ( 'NONE',  ( 1.000000000000000000, -0.0000000000000000000, -0.0000000000000000000 ) ) ;
#991 = VECTOR ( 'NONE', #761, 1000.000000000000000 ) ;
#992 = EDGE_LOOP ( 'NONE', ( #530, #834, #1173, #88 ) ) ;
#993 = CARTESIAN_POINT ( 'NONE',  ( 0.4500000000000000100, 0.5000000000000000000, -0.1999999999999999800 ) ) ;
#994 = STYLED_ITEM ( 'NONE', ( #547 ), #132 ) ;
#995 = VERTEX_POINT ( 'NONE', #1101 ) ;
#996 = ADVANCED_FACE ( 'NONE', ( #1100 ), #749, .F. ) ;
#997 = EDGE_LOOP ( 'NONE', ( #1256, #794, #1518, #1178, #265, #720 ) ) ;
#998 = CARTESIAN_POINT ( 'NONE',  ( 0.4499999999999996800, 0.02500000000000001200, 0.2500000000000000000 ) ) ;
#999 = EDGE_CURVE ( 'NONE', #958, #944, #893, .T. ) ;
#1000 = ORIENTED_EDGE ( 'NONE', *, *, #257, .F. ) ;
#1001 = AXIS2_PLACEMENT_3D ( 'NONE', #50, #644, #425 ) ;
#1002 = ORIENTED_EDGE ( 'NONE', *, *, #1041, .T. ) ;
#1003 = DIRECTION ( 'NONE',  ( -2.710505431213764500E-016, 0.0000000000000000000, 1.000000000000000000 ) ) ;
#1004 = ORIENTED_EDGE ( 'NONE', *, *, #839, .F. ) ;
#1005 = DIRECTION ( 'NONE',  ( -1.000000000000000000, 0.0000000000000000000, -6.505213034913023400E-015 ) ) ;
#1006 = CIRCLE ( 'NONE', #779, 0.02500000000000001200 ) ;
#1007 = ADVANCED_FACE ( 'NONE', ( #586 ), #497, .T. ) ;
#1008 = VECTOR ( 'NONE', #310, 1000.000000000000000 ) ;
#1009 = CIRCLE ( 'NONE', #533, 0.02500000000000001200 ) ;
#1010 = CARTESIAN_POINT ( 'NONE',  ( 0.2500000000000000600, 0.5000000000000000000, -0.2500000000000000000 ) ) ;
#1011 = EDGE_CURVE ( 'NONE', #974, #53, #660, .T. ) ;
#1012 = DIRECTION ( 'NONE',  ( 1.000000000000000000, 0.0000000000000000000, 0.0000000000000000000 ) ) ;
#1013 = EDGE_LOOP ( 'NONE', ( #509, #516, #461, #314 ) ) ;
#1014 = DIRECTION ( 'NONE',  ( -0.0000000000000000000, -1.000000000000000000, -0.0000000000000000000 ) ) ;
#1015 = ORIENTED_EDGE ( 'NONE', *, *, #657, .F. ) ;
#1016 = CARTESIAN_POINT ( 'NONE',  ( 0.4749999999999999800, 0.0000000000000000000, 0.1999999999999996500 ) ) ;
#1017 = AXIS2_PLACEMENT_3D ( 'NONE', #320, #1377, #569 ) ;
#1018 = ORIENTED_EDGE ( 'NONE', *, *, #734, .F. ) ;
#1019 = SURFACE_STYLE_USAGE ( .BOTH. , #642 ) ;
#1020 = VERTEX_POINT ( 'NONE', #627 ) ;
#1021 = EDGE_CURVE ( 'NONE', #568, #51, #268, .T. ) ;
#1022 = CYLINDRICAL_SURFACE ( 'NONE', #633, 0.05000000000000002400 ) ;
#1023 = FACE_OUTER_BOUND ( 'NONE', #762, .T. ) ;
#1024 = VECTOR ( 'NONE', #183, 1000.000000000000000 ) ;
#1025 = LINE ( 'NONE', #823, #285 ) ;
#1026 = MECHANICAL_DESIGN_GEOMETRIC_PRESENTATION_REPRESENTATION (  '', ( #712 ), #1109 ) ;
#1027 = PLANE ( 'NONE',  #247 ) ;
#1028 = CARTESIAN_POINT ( 'NONE',  ( 0.5000000000000000000, 0.4749999999999999800, -0.1999999999999996500 ) ) ;
#1029 = FILL_AREA_STYLE_COLOUR ( '', #503 ) ;
#1030 = ORIENTED_EDGE ( 'NONE', *, *, #140, .F. ) ;
#1031 = DIRECTION ( 'NONE',  ( 0.0000000000000000000, 0.0000000000000000000, 1.000000000000000000 ) ) ;
#1032 = CARTESIAN_POINT ( 'NONE',  ( -0.4500000000000000100, 0.4749999999999999800, 0.2000000000000000400 ) ) ;
#1033 = VERTEX_POINT ( 'NONE', #1195 ) ;
#1034 = CARTESIAN_POINT ( 'NONE',  ( 0.2500000000000000600, 0.5000000000000000000, 0.2500000000000000000 ) ) ;
#1035 = ORIENTED_EDGE ( 'NONE', *, *, #45, .F. ) ;
#1036 = ADVANCED_FACE ( 'NONE', ( #1273 ), #1022, .T. ) ;
#1037 = CARTESIAN_POINT ( 'NONE',  ( 0.4499999999999996800, 0.4749999999999999800, -0.2500000000000000000 ) ) ;
#1038 = ORIENTED_EDGE ( 'NONE', *, *, #928, .T. ) ;
#1039 = EDGE_LOOP ( 'NONE', ( #1127, #342, #1358, #515, #903, #1372 ) ) ;
#1040 = DIRECTION ( 'NONE',  ( 1.626303258728256000E-014, 0.0000000000000000000, 1.000000000000000000 ) ) ;
#1041 = EDGE_CURVE ( 'NONE', #474, #1465, #1164, .T. ) ;
#1042 = VECTOR ( 'NONE', #2, 1000.000000000000000 ) ;
#1043 = CARTESIAN_POINT ( 'NONE',  ( 0.2500000000000000600, 0.02500000000000000100, -0.2250000000000000100 ) ) ;
#1044 = CARTESIAN_POINT ( 'NONE',  ( -0.2500000000000000000, 0.02500000000000000100, -0.2250000000000000100 ) ) ;
#1045 = LINE ( 'NONE', #1474, #381 ) ;
#1046 = DIRECTION ( 'NONE',  ( 1.000000000000000000, 0.0000000000000000000, 0.0000000000000000000 ) ) ;
#1047 = AXIS2_PLACEMENT_3D ( 'NONE', #35, #641, #1348 ) ;
#1048 = EDGE_CURVE ( 'NONE', #1243, #1240, #800, .T. ) ;
#1049 = LINE ( 'NONE', #1344, #788 ) ;
#1050 = DIRECTION ( 'NONE',  ( 0.0000000000000000000, 0.0000000000000000000, 1.000000000000000000 ) ) ;
#1051 = EDGE_LOOP ( 'NONE', ( #411, #1209, #369, #961 ) ) ;
#1052 = DIRECTION ( 'NONE',  ( 0.0000000000000000000, 0.0000000000000000000, 1.000000000000000000 ) ) ;
#1053 = CLOSED_SHELL ( 'NONE', ( #887, #423, #1124, #309, #907, #821, #1456, #1282 ) ) ;
#1054 = DIRECTION ( 'NONE',  ( -0.0000000000000000000, -0.0000000000000000000, -1.000000000000000000 ) ) ;
#1055 = EDGE_LOOP ( 'NONE', ( #1361, #112, #1074, #464 ) ) ;
#1056 = DIRECTION ( 'NONE',  ( 0.0000000000000000000, 1.000000000000000000, -0.0000000000000000000 ) ) ;
#1057 = VERTEX_POINT ( 'NONE', #187 ) ;
#1058 = CARTESIAN_POINT ( 'NONE',  ( 0.4500000000000000100, 0.02500000000000001200, 0.1999999999999999800 ) ) ;
#1059 = TOROIDAL_SURFACE ( 'NONE', #1267, 0.02500000000000002200, 0.02500000000000000100 ) ;
#1060 = AXIS2_PLACEMENT_3D ( 'NONE', #782, #892, #1237 ) ;
#1061 = CARTESIAN_POINT ( 'NONE',  ( 0.0000000000000000000, 0.02500000000000001200, 0.2500000000000000000 ) ) ;
#1062 = VECTOR ( 'NONE', #205, 1000.000000000000000 ) ;
#1063 = CYLINDRICAL_SURFACE ( 'NONE', #587, 0.05000000000000002400 ) ;
#1064 = VECTOR ( 'NONE', #629, 1000.000000000000000 ) ;
#1065 = LINE ( 'NONE', #622, #1494 ) ;
#1066 = CARTESIAN_POINT ( 'NONE',  ( -0.4749999999999999800, 0.0000000000000000000, -0.1999999999999998700 ) ) ;
#1067 = DIRECTION ( 'NONE',  ( 1.000000000000000000, 0.0000000000000000000, 0.0000000000000000000 ) ) ;
#1068 = VECTOR ( 'NONE', #756, 1000.000000000000000 ) ;
#1069 = CARTESIAN_POINT ( 'NONE',  ( -0.4499999999999996800, 0.4749999999999999800, 0.2500000000000000600 ) ) ;
#1070 = EDGE_CURVE ( 'NONE', #1418, #1338, #1086, .T. ) ;
#1071 = CARTESIAN_POINT ( 'NONE',  ( 0.2500000000000000600, 0.02500000000000001200, 0.2250000000000000100 ) ) ;
#1072 = DIRECTION ( 'NONE',  ( 0.0000000000000000000, -0.0000000000000000000, -1.000000000000000000 ) ) ;
#1073 = VERTEX_POINT ( 'NONE', #1128 ) ;
#1074 = ORIENTED_EDGE ( 'NONE', *, *, #1451, .F. ) ;
#1075 = DIRECTION ( 'NONE',  ( 1.000000000000000000, -0.0000000000000000000, -0.0000000000000000000 ) ) ;
#1076 = ORIENTED_EDGE ( 'NONE', *, *, #26, .F. ) ;
#1077 = PRESENTATION_LAYER_ASSIGNMENT (  '', '', ( #994 ) ) ;
#1078 = SURFACE_SIDE_STYLE ('',( #909 ) ) ;
#1079 = EDGE_CURVE ( 'NONE', #1338, #1160, #271, .T. ) ;
#1080 = VECTOR ( 'NONE', #56, 1000.000000000000000 ) ;
#1081 = CARTESIAN_POINT ( 'NONE',  ( -0.4500000000000000100, 0.4749999999999999800, -0.2000000000000000400 ) ) ;
#1082 = VECTOR ( 'NONE', #64, 1000.000000000000000 ) ;
#1083 = CARTESIAN_POINT ( 'NONE',  ( 0.0000000000000000000, 0.4500000000000000100, 0.0000000000000000000 ) ) ;
#1084 = VECTOR ( 'NONE', #368, 1000.000000000000000 ) ;
#1085 = CARTESIAN_POINT ( 'NONE',  ( -0.2500000000000000000, 0.0000000000000000000, -0.2250000000000000300 ) ) ;
#1086 = LINE ( 'NONE', #168, #433 ) ;
#1087 = CARTESIAN_POINT ( 'NONE',  ( -0.2500000000000000000, 0.4749999999999999800, -0.2250000000000000300 ) ) ;
#1088 = PRODUCT_DEFINITION_SHAPE ( 'NONE', 'NONE',  #504 ) ;
#1089 = EDGE_LOOP ( 'NONE', ( #207, #1038, #293, #29 ) ) ;
#1090 = VERTEX_POINT ( 'NONE', #418 ) ;
#1091 = EDGE_CURVE ( 'NONE', #877, #1130, #146, .T. ) ;
#1092 = CARTESIAN_POINT ( 'NONE',  ( 0.4749999999999999800, 0.4749999999999999800, 0.1999999999999996500 ) ) ;
#1093 = AXIS2_PLACEMENT_3D ( 'NONE', #84, #323, #1152 ) ;
#1094 = MANIFOLD_SOLID_BREP ( 'Fillet2', #258 ) ;
#1095 = VERTEX_POINT ( 'NONE', #1116 ) ;
#1096 = ORIENTED_EDGE ( 'NONE', *, *, #134, .F. ) ;
#1097 = CARTESIAN_POINT ( 'NONE',  ( 0.4749999999999999800, 0.0000000000000000000, 0.1999999999999998200 ) ) ;
#1098 = DIRECTION ( 'NONE',  ( 6.505213034913023400E-015, -1.000000000000000000, 0.0000000000000000000 ) ) ;
#1099 = AXIS2_PLACEMENT_3D ( 'NONE', #457, #1257, #337 ) ;
#1100 = FACE_OUTER_BOUND ( 'NONE', #106, .T. ) ;
#1101 = CARTESIAN_POINT ( 'NONE',  ( 0.2500000000000000600, 0.0000000000000000000, -0.2250000000000000100 ) ) ;
#1102 = FACE_OUTER_BOUND ( 'NONE', #93, .T. ) ;
#1103 = EDGE_CURVE ( 'NONE', #1465, #776, #867, .T. ) ;
#1104 = CARTESIAN_POINT ( 'NONE',  ( 0.0000000000000000000, 0.0000000000000000000, 0.2250000000000000100 ) ) ;
#1105 = FACE_OUTER_BOUND ( 'NONE', #494, .T. ) ;
#1106 = PLANE ( 'NONE',  #915 ) ;
#1107 = DIRECTION ( 'NONE',  ( 0.0000000000000000000, 0.0000000000000000000, 1.000000000000000000 ) ) ;
#1108 = CARTESIAN_POINT ( 'NONE',  ( -0.2500000000000000000, 0.4500000000000000100, -0.2500000000000000000 ) ) ;
#1109 =( GEOMETRIC_REPRESENTATION_CONTEXT ( 3 ) GLOBAL_UNCERTAINTY_ASSIGNED_CONTEXT ( ( #313 ) ) GLOBAL_UNIT_ASSIGNED_CONTEXT ( ( #656, #1470, #1220 ) ) REPRESENTATION_CONTEXT ( 'NONE', 'WORKASPACE' ) );
#1110 = ORIENTED_EDGE ( 'NONE', *, *, #531, .F. ) ;
#1111 = PLANE ( 'NONE',  #869 ) ;
#1112 = ORIENTED_EDGE ( 'NONE', *, *, #726, .T. ) ;
#1113 = CARTESIAN_POINT ( 'NONE',  ( -0.2500000000000000000, 0.02500000000000001200, 0.2250000000000000100 ) ) ;
#1114 = ORIENTED_EDGE ( 'NONE', *, *, #617, .T. ) ;
#1115 = CARTESIAN_POINT ( 'NONE',  ( -0.4499999999999996800, 0.4749999999999999800, 0.2250000000000000600 ) ) ;
#1116 = CARTESIAN_POINT ( 'NONE',  ( 0.2500000000000000600, 0.5000000000000000000, -0.2250000000000000100 ) ) ;
#1117 = ORIENTED_EDGE ( 'NONE', *, *, #69, .F. ) ;
#1118 = CIRCLE ( 'NONE', #1497, 0.02500000000000001200 ) ;
#1119 = LINE ( 'NONE', #1034, #483 ) ;
#1120 = PLANE ( 'NONE',  #122 ) ;
#1121 = LINE ( 'NONE', #651, #623 ) ;
#1122 = UNCERTAINTY_MEASURE_WITH_UNIT (LENGTH_MEASURE( 1.000000000000000100E-005 ), #113, 'distance_accuracy_value', 'NONE');
#1123 = FACE_OUTER_BOUND ( 'NONE', #1469, .T. ) ;
#1124 = ADVANCED_FACE ( 'NONE', ( #41 ), #518, .T. ) ;
#1125 = VERTEX_POINT ( 'NONE', #882 ) ;
#1126 = AXIS2_PLACEMENT_3D ( 'NONE', #1489, #1484, #774 ) ;
#1127 = ORIENTED_EDGE ( 'NONE', *, *, #1021, .T. ) ;
#1128 = CARTESIAN_POINT ( 'NONE',  ( 0.2500000000000000600, 0.5000000000000000000, 0.2250000000000000100 ) ) ;
#1129 = DIRECTION ( 'NONE',  ( 1.000000000000000000, 0.0000000000000000000, 0.0000000000000000000 ) ) ;
#1130 = VERTEX_POINT ( 'NONE', #998 ) ;
#1131 = EDGE_CURVE ( 'NONE', #351, #944, #1121, .T. ) ;
#1132 = ADVANCED_FACE ( 'NONE', ( #1105 ), #63, .T. ) ;
#1133 = DIRECTION ( 'NONE',  ( 0.0000000000000000000, 0.0000000000000000000, 1.000000000000000000 ) ) ;
#1134 = CIRCLE ( 'NONE', #670, 0.05000000000000002400 ) ;
#1135 = CARTESIAN_POINT ( 'NONE',  ( 0.5000000000000000000, 0.5000000000000000000, 0.0000000000000000000 ) ) ;
#1136 = LINE ( 'NONE', #916, #1333 ) ;
#1137 = CARTESIAN_POINT ( 'NONE',  ( -0.4499999999999996800, 0.02500000000000000100, -0.2250000000000000600 ) ) ;
#1138 =( GEOMETRIC_REPRESENTATION_CONTEXT ( 3 ) GLOBAL_UNCERTAINTY_ASSIGNED_CONTEXT ( ( #34 ) ) GLOBAL_UNIT_ASSIGNED_CONTEXT ( ( #975, #989, #47 ) ) REPRESENTATION_CONTEXT ( 'NONE', 'WORKASPACE' ) );
#1139 = ADVANCED_FACE ( 'NONE', ( #1454 ), #1063, .T. ) ;
#1140 = ORIENTED_EDGE ( 'NONE', *, *, #492, .F. ) ;
#1141 = DIRECTION ( 'NONE',  ( 1.000000000000000000, 0.0000000000000000000, 2.710505431213766000E-016 ) ) ;
#1142 = ORIENTED_EDGE ( 'NONE', *, *, #617, .F. ) ;
#1143 = CARTESIAN_POINT ( 'NONE',  ( 0.5000000000000000000, 0.02500000000000001200, 0.1999999999999996500 ) ) ;
#1144 = EDGE_CURVE ( 'NONE', #1073, #474, #838, .T. ) ;
#1145 = ORIENTED_EDGE ( 'NONE', *, *, #492, .T. ) ;
#1146 = DIRECTION ( 'NONE',  ( 0.0000000000000000000, 0.0000000000000000000, -1.000000000000000000 ) ) ;
#1147 = DIRECTION ( 'NONE',  ( -0.0000000000000000000, -1.000000000000000000, 0.0000000000000000000 ) ) ;
#1148 = TOROIDAL_SURFACE ( 'NONE', #59, 0.02500000000000002200, 0.02500000000000000100 ) ;
#1149 = VECTOR ( 'NONE', #957, 1000.000000000000000 ) ;
#1150 = CARTESIAN_POINT ( 'NONE',  ( -0.4749999999999999800, 0.5000000000000000000, -0.1999999999999998700 ) ) ;
#1151 = EDGE_CURVE ( 'NONE', #1433, #243, #1331, .T. ) ;
#1152 = DIRECTION ( 'NONE',  ( -1.000000000000000000, 0.0000000000000000000, 6.505213034913023400E-015 ) ) ;
#1153 = CIRCLE ( 'NONE', #1440, 0.02500000000000001200 ) ;
#1154 = ORIENTED_EDGE ( 'NONE', *, *, #772, .F. ) ;
#1155 = DIRECTION ( 'NONE',  ( -1.000000000000000000, 0.0000000000000000000, 0.0000000000000000000 ) ) ;
#1156 = VERTEX_POINT ( 'NONE', #445 ) ;
#1157 = DIRECTION ( 'NONE',  ( 0.0000000000000000000, 0.0000000000000000000, -1.000000000000000000 ) ) ;
#1158 = DIRECTION ( 'NONE',  ( -0.0000000000000000000, -6.505213034913023400E-015, -1.000000000000000000 ) ) ;
#1159 = ORIENTED_EDGE ( 'NONE', *, *, #1233, .F. ) ;
#1160 = VERTEX_POINT ( 'NONE', #1028 ) ;
#1161 = EDGE_CURVE ( 'NONE', #280, #1188, #561, .T. ) ;
#1162 = CARTESIAN_POINT ( 'NONE',  ( 0.4749999999999999800, 0.4749999999999999800, 0.0000000000000000000 ) ) ;
#1163 = VECTOR ( 'NONE', #1067, 1000.000000000000000 ) ;
#1164 = LINE ( 'NONE', #1335, #1080 ) ;
#1165 = DIRECTION ( 'NONE',  ( -0.0000000000000000000, -1.000000000000000000, -0.0000000000000000000 ) ) ;
#1166 = LINE ( 'NONE', #840, #1084 ) ;
#1167 = DIRECTION ( 'NONE',  ( 0.0000000000000000000, 0.0000000000000000000, 1.000000000000000000 ) ) ;
#1168 = VECTOR ( 'NONE', #94, 1000.000000000000000 ) ;
#1169 = DIRECTION ( 'NONE',  ( 0.0000000000000000000, 1.000000000000000000, -0.0000000000000000000 ) ) ;
#1170 = AXIS2_PLACEMENT_3D ( 'NONE', #808, #813, #558 ) ;
#1171 = LINE ( 'NONE', #1337, #548 ) ;
#1172 = PLANE ( 'NONE',  #500 ) ;
#1173 = ORIENTED_EDGE ( 'NONE', *, *, #1482, .F. ) ;
#1174 = EDGE_LOOP ( 'NONE', ( #755, #74, #228, #1370 ) ) ;
#1175 = ADVANCED_FACE ( 'NONE', ( #397 ), #662, .T. ) ;
#1176 = ORIENTED_EDGE ( 'NONE', *, *, #1144, .F. ) ;
#1177 = CARTESIAN_POINT ( 'NONE',  ( 0.4749999999999999800, 0.02500000000000001200, 0.1999999999999998200 ) ) ;
#1178 = ORIENTED_EDGE ( 'NONE', *, *, #462, .T. ) ;
#1179 = CARTESIAN_POINT ( 'NONE',  ( -0.2500000000000000000, 0.4749999999999999800, -0.2250000000000000100 ) ) ;
#1180 = LINE ( 'NONE', #1294, #1042 ) ;
#1181 = DIRECTION ( 'NONE',  ( -0.0000000000000000000, -1.000000000000000000, -0.0000000000000000000 ) ) ;
#1182 = CARTESIAN_POINT ( 'NONE',  ( -0.2500000000000000000, 0.4500000000000000100, -0.2500000000000000000 ) ) ;
#1183 = LINE ( 'NONE', #448, #1253 ) ;
#1184 = CARTESIAN_POINT ( 'NONE',  ( 0.4500000000000000100, 0.02500000000000001200, -0.1999999999999999800 ) ) ;
#1185 = DIRECTION ( 'NONE',  ( 0.0000000000000000000, 0.0000000000000000000, 1.000000000000000000 ) ) ;
#1186 = EDGE_CURVE ( 'NONE', #72, #225, #1251, .T. ) ;
#1187 = ORIENTED_EDGE ( 'NONE', *, *, #308, .F. ) ;
#1188 = VERTEX_POINT ( 'NONE', #211 ) ;
#1189 = VERTEX_POINT ( 'NONE', #1143 ) ;
#1190 = DIRECTION ( 'NONE',  ( 0.0000000000000000000, 0.0000000000000000000, 1.000000000000000000 ) ) ;
#1191 = ORIENTED_EDGE ( 'NONE', *, *, #1462, .T. ) ;
#1192 = DIRECTION ( 'NONE',  ( 0.0000000000000000000, 0.0000000000000000000, 1.000000000000000000 ) ) ;
#1193 = ORIENTED_EDGE ( 'NONE', *, *, #377, .T. ) ;
#1194 = AXIS2_PLACEMENT_3D ( 'NONE', #1137, #1129, #1239 ) ;
#1195 = CARTESIAN_POINT ( 'NONE',  ( -0.2500000000000000000, 0.4749999999999999800, -0.2500000000000000000 ) ) ;
#1196 = EDGE_CURVE ( 'NONE', #338, #995, #170, .T. ) ;
#1197 = DIRECTION ( 'NONE',  ( -1.000000000000000000, 0.0000000000000000000, 0.0000000000000000000 ) ) ;
#1198 = COLOUR_RGB ( '',0.7921568627450980000, 0.8196078431372548800, 0.9333333333333333500 ) ;
#1199 = FACE_OUTER_BOUND ( 'NONE', #1055, .T. ) ;
#1200 = LINE ( 'NONE', #40, #890 ) ;
#1201 = CARTESIAN_POINT ( 'NONE',  ( -0.4499999999999996800, 0.0000000000000000000, 0.2250000000000000900 ) ) ;
#1202 = ADVANCED_BREP_SHAPE_REPRESENTATION ( '0ABA-0200-TN', ( #1094, #1514, #132, #860, #1349 ), #350 ) ;
#1203 = EDGE_CURVE ( 'NONE', #650, #877, #580, .T. ) ;
#1204 = DIRECTION ( 'NONE',  ( 1.000000000000000000, -0.0000000000000000000, 0.0000000000000000000 ) ) ;
#1205 = AXIS2_PLACEMENT_3D ( 'NONE', #343, #1158, #455 ) ;
#1206 = ORIENTED_EDGE ( 'NONE', *, *, #165, .F. ) ;
#1207 = CARTESIAN_POINT ( 'NONE',  ( -0.4499999999999996800, 0.5000000000000000000, -0.2500000000000000600 ) ) ;
#1208 = CARTESIAN_POINT ( 'NONE',  ( -0.2500000000000000000, 0.02500000000000001200, -0.2500000000000000000 ) ) ;
#1209 = ORIENTED_EDGE ( 'NONE', *, *, #364, .F. ) ;
#1210 = ORIENTED_EDGE ( 'NONE', *, *, #386, .F. ) ;
#1211 = DIRECTION ( 'NONE',  ( 0.0000000000000000000, 0.0000000000000000000, -1.000000000000000000 ) ) ;
#1212 = ORIENTED_EDGE ( 'NONE', *, *, #1306, .T. ) ;
#1213 = AXIS2_PLACEMENT_3D ( 'NONE', #417, #177, #1133 ) ;
#1214 = FACE_OUTER_BOUND ( 'NONE', #1013, .T. ) ;
#1215 = EDGE_CURVE ( 'NONE', #127, #1433, #910, .T. ) ;
#1216 = LINE ( 'NONE', #1281, #600 ) ;
#1217 = DIRECTION ( 'NONE',  ( -1.000000000000000000, 0.0000000000000000000, 2.710505431213766000E-016 ) ) ;
#1218 = ADVANCED_FACE ( 'NONE', ( #1199 ), #543, .T. ) ;
#1219 = FILL_AREA_STYLE ('',( #159 ) ) ;
#1220 =( NAMED_UNIT ( * ) SI_UNIT ( $, .STERADIAN. ) SOLID_ANGLE_UNIT ( ) );
#1221 = CARTESIAN_POINT ( 'NONE',  ( 0.2500000000000000600, 0.4749999999999999800, 0.2500000000000000000 ) ) ;
#1222 = MECHANICAL_DESIGN_GEOMETRIC_PRESENTATION_REPRESENTATION (  '', ( #994 ), #171 ) ;
#1223 = DIRECTION ( 'NONE',  ( -1.000000000000000000, 0.0000000000000000000, -0.0000000000000000000 ) ) ;
#1224 = EDGE_CURVE ( 'NONE', #995, #974, #824, .T. ) ;
#1225 = EDGE_LOOP ( 'NONE', ( #1507, #1447, #422, #879 ) ) ;
#1226 = ORIENTED_EDGE ( 'NONE', *, *, #165, .T. ) ;
#1227 = ORIENTED_EDGE ( 'NONE', *, *, #1395, .F. ) ;
#1228 = VERTEX_POINT ( 'NONE', #1381 ) ;
#1229 = CARTESIAN_POINT ( 'NONE',  ( -0.5000000000000000000, 0.5000000000000000000, 0.0000000000000000000 ) ) ;
#1230 = ADVANCED_FACE ( 'NONE', ( #1439 ), #1148, .T. ) ;
#1231 = VECTOR ( 'NONE', #833, 1000.000000000000000 ) ;
#1232 = CIRCLE ( 'NONE', #1194, 0.02500000000000001200 ) ;
#1233 = EDGE_CURVE ( 'NONE', #1325, #263, #1292, .T. ) ;
#1234 = CARTESIAN_POINT ( 'NONE',  ( 0.0000000000000000000, 0.5000000000000000000, -0.2500000000000000000 ) ) ;
#1235 = LINE ( 'NONE', #1201, #507 ) ;
#1236 = AXIS2_PLACEMENT_3D ( 'NONE', #809, #927, #115 ) ;
#1237 = DIRECTION ( 'NONE',  ( 0.0000000000000000000, 0.0000000000000000000, 1.000000000000000000 ) ) ;
#1238 = VECTOR ( 'NONE', #768, 1000.000000000000000 ) ;
#1239 = DIRECTION ( 'NONE',  ( 0.0000000000000000000, 0.0000000000000000000, -1.000000000000000000 ) ) ;
#1240 = VERTEX_POINT ( 'NONE', #802 ) ;
#1241 = CARTESIAN_POINT ( 'NONE',  ( 0.0000000000000000000, 0.0000000000000000000, 0.0000000000000000000 ) ) ;
#1242 = EDGE_CURVE ( 'NONE', #351, #479, #752, .T. ) ;
#1243 = VERTEX_POINT ( 'NONE', #1252 ) ;
#1244 = ORIENTED_EDGE ( 'NONE', *, *, #1151, .F. ) ;
#1245 = ADVANCED_FACE ( 'NONE', ( #486 ), #78, .T. ) ;
#1246 = CARTESIAN_POINT ( 'NONE',  ( 0.4499999999999996800, 0.5000000000000000000, -0.2500000000000000000 ) ) ;
#1247 = TOROIDAL_SURFACE ( 'NONE', #1295, 0.02500000000000002200, 0.02500000000000000100 ) ;
#1248 = CIRCLE ( 'NONE', #978, 0.02500000000000001200 ) ;
#1249 = FACE_OUTER_BOUND ( 'NONE', #1485, .T. ) ;
#1250 = DIRECTION ( 'NONE',  ( -1.000000000000000000, 0.0000000000000000000, 0.0000000000000000000 ) ) ;
#1251 = LINE ( 'NONE', #311, #305 ) ;
#1252 = CARTESIAN_POINT ( 'NONE',  ( 0.2500000000000000600, 0.4500000000000000100, -0.2500000000000000000 ) ) ;
#1253 = VECTOR ( 'NONE', #202, 1000.000000000000000 ) ;
#1254 = SURFACE_SIDE_STYLE ('',( #1508 ) ) ;
#1255 = VECTOR ( 'NONE', #1014, 1000.000000000000000 ) ;
#1256 = ORIENTED_EDGE ( 'NONE', *, *, #57, .T. ) ;
#1257 = DIRECTION ( 'NONE',  ( 1.000000000000000000, 0.0000000000000000000, 0.0000000000000000000 ) ) ;
#1258 = ORIENTED_EDGE ( 'NONE', *, *, #604, .T. ) ;
#1259 = AXIS2_PLACEMENT_3D ( 'NONE', #730, #1181, #589 ) ;
#1260 = EDGE_LOOP ( 'NONE', ( #763, #759, #511, #1227, #129, #189 ) ) ;
#1261 = PLANE ( 'NONE',  #1404 ) ;
#1262 = ORIENTED_EDGE ( 'NONE', *, *, #349, .T. ) ;
#1263 = CARTESIAN_POINT ( 'NONE',  ( -0.2500000000000000000, 0.0000000000000000000, -0.2250000000000000100 ) ) ;
#1264 = EDGE_CURVE ( 'NONE', #535, #338, #1367, .T. ) ;
#1265 = ADVANCED_FACE ( 'NONE', ( #116 ), #83, .T. ) ;
#1266 = ORIENTED_EDGE ( 'NONE', *, *, #100, .F. ) ;
#1267 = AXIS2_PLACEMENT_3D ( 'NONE', #475, #495, #1308 ) ;
#1268 = APPLICATION_CONTEXT ( 'automotive_design' ) ;
#1269 = DIRECTION ( 'NONE',  ( 0.0000000000000000000, 0.0000000000000000000, 1.000000000000000000 ) ) ;
#1270 = ORIENTED_EDGE ( 'NONE', *, *, #297, .T. ) ;
#1271 = CARTESIAN_POINT ( 'NONE',  ( 0.5000000000000000000, 0.5000000000000000000, -0.1999999999999996500 ) ) ;
#1272 = CIRCLE ( 'NONE', #822, 0.02499999999999998400 ) ;
#1273 = FACE_OUTER_BOUND ( 'NONE', #832, .T. ) ;
#1274 = CARTESIAN_POINT ( 'NONE',  ( 0.0000000000000000000, 0.5000000000000000000, 0.0000000000000000000 ) ) ;
#1275 = CIRCLE ( 'NONE', #66, 0.02500000000000001200 ) ;
#1276 = EDGE_CURVE ( 'NONE', #1090, #1325, #216, .T. ) ;
#1277 = DIRECTION ( 'NONE',  ( 0.0000000000000000000, 0.0000000000000000000, 1.000000000000000000 ) ) ;
#1278 = CARTESIAN_POINT ( 'NONE',  ( -0.2500000000000000000, 0.4749999999999999800, 0.2500000000000000000 ) ) ;
#1279 = LINE ( 'NONE', #746, #991 ) ;
#1280 = ORIENTED_EDGE ( 'NONE', *, *, #628, .F. ) ;
#1281 = CARTESIAN_POINT ( 'NONE',  ( -0.2500000000000000000, 0.02500000000000000100, 0.2500000000000000000 ) ) ;
#1282 = ADVANCED_FACE ( 'NONE', ( #151 ), #803, .T. ) ;
#1283 = CARTESIAN_POINT ( 'NONE',  ( 0.4499999999999996800, 0.4749999999999999800, -0.2250000000000000100 ) ) ;
#1284 = EDGE_LOOP ( 'NONE', ( #609, #335, #139, #798 ) ) ;
#1285 = ORIENTED_EDGE ( 'NONE', *, *, #986, .F. ) ;
#1286 = CARTESIAN_POINT ( 'NONE',  ( 0.0000000000000000000, 0.02500000000000000100, -0.2250000000000000100 ) ) ;
#1287 = EDGE_LOOP ( 'NONE', ( #686, #1140, #9, #1360 ) ) ;
#1288 = DIRECTION ( 'NONE',  ( 1.000000000000000000, 0.0000000000000000000, 0.0000000000000000000 ) ) ;
#1289 = VECTOR ( 'NONE', #849, 1000.000000000000000 ) ;
#1290 = VECTOR ( 'NONE', #1398, 1000.000000000000000 ) ;
#1291 = CARTESIAN_POINT ( 'NONE',  ( -0.4749999999999999800, 0.02500000000000000100, 0.1999999999999996800 ) ) ;
#1292 = CIRCLE ( 'NONE', #1093, 0.02500000000000001200 ) ;
#1293 = CIRCLE ( 'NONE', #570, 0.02500000000000001200 ) ;
#1294 = CARTESIAN_POINT ( 'NONE',  ( -0.5000000000000000000, 0.5000000000000000000, -0.1999999999999997100 ) ) ;
#1295 = AXIS2_PLACEMENT_3D ( 'NONE', #1058, #1169, #1052 ) ;
#1296 = EDGE_CURVE ( 'NONE', #739, #875, #713, .T. ) ;
#1297 = COLOUR_RGB ( '',1.000000000000000000, 1.000000000000000000, 1.000000000000000000 ) ;
#1298 = CARTESIAN_POINT ( 'NONE',  ( 0.0000000000000000000, 0.02500000000000000100, -0.2250000000000000100 ) ) ;
#1299 = ORIENTED_EDGE ( 'NONE', *, *, #1242, .T. ) ;
#1300 = AXIS2_PLACEMENT_3D ( 'NONE', #1135, #197, #192 ) ;
#1301 = VERTEX_POINT ( 'NONE', #1263 ) ;
#1302 = ORIENTED_EDGE ( 'NONE', *, *, #1242, .F. ) ;
#1303 = ORIENTED_EDGE ( 'NONE', *, *, #359, .F. ) ;
#1304 = EDGE_LOOP ( 'NONE', ( #256, #681, #372, #370 ) ) ;
#1305 = VERTEX_POINT ( 'NONE', #687 ) ;
#1306 = EDGE_CURVE ( 'NONE', #593, #353, #325, .T. ) ;
#1307 = DIRECTION ( 'NONE',  ( 0.0000000000000000000, 0.0000000000000000000, -1.000000000000000000 ) ) ;
#1308 = DIRECTION ( 'NONE',  ( 0.0000000000000000000, 0.0000000000000000000, 1.000000000000000000 ) ) ;
#1309 = CYLINDRICAL_SURFACE ( 'NONE', #1415, 0.02500000000000001200 ) ;
#1310 = DIRECTION ( 'NONE',  ( 0.0000000000000000000, 0.0000000000000000000, 1.000000000000000000 ) ) ;
#1311 = TOROIDAL_SURFACE ( 'NONE', #960, 0.02500000000000002200, 0.02500000000000000100 ) ;
#1312 = PLANE ( 'NONE',  #114 ) ;
#1313 = DIRECTION ( 'NONE',  ( 1.000000000000000000, -0.0000000000000000000, -0.0000000000000000000 ) ) ;
#1314 = DIRECTION ( 'NONE',  ( 0.0000000000000000000, 1.000000000000000000, -0.0000000000000000000 ) ) ;
#1315 = DIRECTION ( 'NONE',  ( -0.0000000000000000000, -1.000000000000000000, 0.0000000000000000000 ) ) ;
#1316 = EDGE_CURVE ( 'NONE', #479, #127, #361, .T. ) ;
#1317 = ORIENTED_EDGE ( 'NONE', *, *, #57, .F. ) ;
#1318 = AXIS2_PLACEMENT_3D ( 'NONE', #732, #1, #5 ) ;
#1319 = ORIENTED_EDGE ( 'NONE', *, *, #726, .F. ) ;
#1320 = DIRECTION ( 'NONE',  ( 0.0000000000000000000, 1.000000000000000000, -0.0000000000000000000 ) ) ;
#1321 = ORIENTED_EDGE ( 'NONE', *, *, #855, .T. ) ;
#1322 = DIRECTION ( 'NONE',  ( 2.710505431213764500E-016, 0.0000000000000000000, 1.000000000000000000 ) ) ;
#1323 = VERTEX_POINT ( 'NONE', #354 ) ;
#1324 = CARTESIAN_POINT ( 'NONE',  ( -0.4500000000000000100, 0.0000000000000000000, -0.2000000000000000400 ) ) ;
#1325 = VERTEX_POINT ( 'NONE', #1066 ) ;
#1326 = EDGE_CURVE ( 'NONE', #944, #1486, #1216, .T. ) ;
#1327 = LINE ( 'NONE', #246, #1436 ) ;
#1328 = VECTOR ( 'NONE', #363, 1000.000000000000000 ) ;
#1329 = FILL_AREA_STYLE_COLOUR ( '', #1198 ) ;
#1330 = VECTOR ( 'NONE', #736, 1000.000000000000000 ) ;
#1331 = LINE ( 'NONE', #904, #1512 ) ;
#1332 = FACE_OUTER_BOUND ( 'NONE', #391, .T. ) ;
#1333 = VECTOR ( 'NONE', #215, 1000.000000000000000 ) ;
#1334 = CARTESIAN_POINT ( 'NONE',  ( -0.4499999999999998400, 0.02500000000000000100, 0.2250000000000000900 ) ) ;
#1335 = CARTESIAN_POINT ( 'NONE',  ( 0.2500000000000000600, 0.5000000000000000000, 0.2500000000000000000 ) ) ;
#1336 = ORIENTED_EDGE ( 'NONE', *, *, #679, .T. ) ;
#1337 = CARTESIAN_POINT ( 'NONE',  ( 0.2500000000000000600, 0.5000000000000000000, 0.2250000000000000100 ) ) ;
#1338 = VERTEX_POINT ( 'NONE', #102 ) ;
#1339 = DIRECTION ( 'NONE',  ( 6.505213034913023400E-015, 0.0000000000000000000, -1.000000000000000000 ) ) ;
#1340 = ORIENTED_EDGE ( 'NONE', *, *, #883, .F. ) ;
#1341 = VERTEX_POINT ( 'NONE', #818 ) ;
#1342 = ORIENTED_EDGE ( 'NONE', *, *, #936, .F. ) ;
#1343 = ADVANCED_FACE ( 'NONE', ( #3 ), #1492, .T. ) ;
#1344 = CARTESIAN_POINT ( 'NONE',  ( 0.2500000000000000600, 0.0000000000000000000, -0.2250000000000000100 ) ) ;
#1345 = FILL_AREA_STYLE ('',( #162 ) ) ;
#1346 = FACE_OUTER_BOUND ( 'NONE', #1174, .T. ) ;
#1347 = EDGE_CURVE ( 'NONE', #1160, #650, #1025, .T. ) ;
#1348 = DIRECTION ( 'NONE',  ( 1.000000000000000000, 0.0000000000000000000, 0.0000000000000000000 ) ) ;
#1349 = AXIS2_PLACEMENT_3D ( 'NONE', #1376, #1402, #1288 ) ;
#1350 = FACE_OUTER_BOUND ( 'NONE', #899, .T. ) ;
#1351 = DIRECTION ( 'NONE',  ( -0.0000000000000000000, -0.0000000000000000000, -1.000000000000000000 ) ) ;
#1352 = ADVANCED_FACE ( 'NONE', ( #379 ), #452, .F. ) ;
#1353 = CARTESIAN_POINT ( 'NONE',  ( 0.4499999999999998400, 0.5000000000000000000, 0.2250000000000000100 ) ) ;
#1354 = AXIS2_PLACEMENT_3D ( 'NONE', #777, #889, #303 ) ;
#1355 = ORIENTED_EDGE ( 'NONE', *, *, #855, .F. ) ;
#1356 = CARTESIAN_POINT ( 'NONE',  ( -0.4500000000000000100, 0.5000000000000000000, -0.2000000000000000400 ) ) ;
#1357 = EDGE_CURVE ( 'NONE', #594, #1418, #658, .T. ) ;
#1358 = ORIENTED_EDGE ( 'NONE', *, *, #562, .F. ) ;
#1359 = CARTESIAN_POINT ( 'NONE',  ( 0.0000000000000000000, 0.4500000000000000100, -0.2500000000000000000 ) ) ;
#1360 = ORIENTED_EDGE ( 'NONE', *, *, #481, .F. ) ;
#1361 = ORIENTED_EDGE ( 'NONE', *, *, #1482, .T. ) ;
#1362 = CARTESIAN_POINT ( 'NONE',  ( 0.2500000000000000600, 0.5000000000000000000, 0.0000000000000000000 ) ) ;
#1363 = ORIENTED_EDGE ( 'NONE', *, *, #595, .T. ) ;
#1364 = PLANE ( 'NONE',  #278 ) ;
#1365 = CARTESIAN_POINT ( 'NONE',  ( -0.4500000000000000100, 0.4749999999999999800, -0.2000000000000000400 ) ) ;
#1366 = ADVANCED_FACE ( 'NONE', ( #1102 ), #344, .T. ) ;
#1367 = LINE ( 'NONE', #438, #193 ) ;
#1368 = AXIS2_PLACEMENT_3D ( 'NONE', #1032, #1147, #1407 ) ;
#1369 = AXIS2_PLACEMENT_3D ( 'NONE', #1388, #218, #1392 ) ;
#1370 = ORIENTED_EDGE ( 'NONE', *, *, #928, .F. ) ;
#1371 = ADVANCED_FACE ( 'NONE', ( #22 ), #1311, .T. ) ;
#1372 = ORIENTED_EDGE ( 'NONE', *, *, #26, .T. ) ;
#1373 = DIRECTION ( 'NONE',  ( -0.0000000000000000000, -1.000000000000000000, 0.0000000000000000000 ) ) ;
#1374 = EDGE_CURVE ( 'NONE', #572, #553, #432, .T. ) ;
#1375 = EDGE_LOOP ( 'NONE', ( #13, #704, #1142, #1258 ) ) ;
#1376 = CARTESIAN_POINT ( 'NONE',  ( 0.0000000000000000000, 0.0000000000000000000, 0.0000000000000000000 ) ) ;
#1377 = DIRECTION ( 'NONE',  ( -1.000000000000000000, 0.0000000000000000000, 0.0000000000000000000 ) ) ;
#1378 = ORIENTED_EDGE ( 'NONE', *, *, #14, .F. ) ;
#1379 = CARTESIAN_POINT ( 'NONE',  ( -0.2500000000000000000, 0.5000000000000000000, 0.2250000000000000300 ) ) ;
#1380 = ORIENTED_EDGE ( 'NONE', *, *, #1070, .T. ) ;
#1381 = CARTESIAN_POINT ( 'NONE',  ( -0.4499999999999998400, 0.0000000000000000000, 0.2250000000000000900 ) ) ;
#1382 = DIRECTION ( 'NONE',  ( 0.0000000000000000000, 0.0000000000000000000, 1.000000000000000000 ) ) ;
#1383 = CARTESIAN_POINT ( 'NONE',  ( -0.5000000000000000000, 0.02500000000000001200, -0.1999999999999997100 ) ) ;
#1384 = VECTOR ( 'NONE', #745, 1000.000000000000000 ) ;
#1385 = EDGE_CURVE ( 'NONE', #576, #830, #672, .T. ) ;
#1386 = VECTOR ( 'NONE', #8, 1000.000000000000000 ) ;
#1387 = DIRECTION ( 'NONE',  ( 0.0000000000000000000, 0.0000000000000000000, -1.000000000000000000 ) ) ;
#1388 = CARTESIAN_POINT ( 'NONE',  ( -0.4749999999999999800, 0.4749999999999999800, 0.0000000000000000000 ) ) ;
#1389 = ORIENTED_EDGE ( 'NONE', *, *, #257, .T. ) ;
#1390 = FILL_AREA_STYLE_COLOUR ( '', #322 ) ;
#1391 = ORIENTED_EDGE ( 'NONE', *, *, #1385, .F. ) ;
#1392 = DIRECTION ( 'NONE',  ( -1.000000000000000000, 0.0000000000000000000, 0.0000000000000000000 ) ) ;
#1393 = ORIENTED_EDGE ( 'NONE', *, *, #1144, .T. ) ;
#1394 = CARTESIAN_POINT ( 'NONE',  ( -0.4500000000000000100, 0.4749999999999999800, 0.2000000000000000400 ) ) ;
#1395 = EDGE_CURVE ( 'NONE', #863, #1243, #1166, .T. ) ;
#1396 = ORIENTED_EDGE ( 'NONE', *, *, #124, .T. ) ;
#1397 = AXIS2_PLACEMENT_3D ( 'NONE', #482, #266, #952 ) ;
#1398 = DIRECTION ( 'NONE',  ( -1.000000000000000000, -0.0000000000000000000, -0.0000000000000000000 ) ) ;
#1399 = CARTESIAN_POINT ( 'NONE',  ( -0.5000000000000000000, 0.02500000000000001200, 0.0000000000000000000 ) ) ;
#1400 = FACE_OUTER_BOUND ( 'NONE', #91, .T. ) ;
#1401 = CIRCLE ( 'NONE', #1397, 0.02500000000000001200 ) ;
#1402 = DIRECTION ( 'NONE',  ( 0.0000000000000000000, 0.0000000000000000000, 1.000000000000000000 ) ) ;
#1403 = DIRECTION ( 'NONE',  ( 0.0000000000000000000, 1.000000000000000000, -0.0000000000000000000 ) ) ;
#1404 = AXIS2_PLACEMENT_3D ( 'NONE', #1274, #685, #678 ) ;
#1405 = LINE ( 'NONE', #1359, #1062 ) ;
#1406 = EDGE_CURVE ( 'NONE', #836, #1125, #191, .T. ) ;
#1407 = DIRECTION ( 'NONE',  ( 0.0000000000000000000, 0.0000000000000000000, 1.000000000000000000 ) ) ;
#1408 = CYLINDRICAL_SURFACE ( 'NONE', #356, 0.02500000000000001200 ) ;
#1409 = ADVANCED_FACE ( 'NONE', ( #966 ), #1059, .T. ) ;
#1410 =( NAMED_UNIT ( * ) SI_UNIT ( $, .STERADIAN. ) SOLID_ANGLE_UNIT ( ) );
#1411 = ORIENTED_EDGE ( 'NONE', *, *, #1091, .T. ) ;
#1412 = CARTESIAN_POINT ( 'NONE',  ( 0.4500000000000000100, 0.02500000000000001200, -0.1999999999999999800 ) ) ;
#1413 = DIRECTION ( 'NONE',  ( 0.0000000000000000000, 0.0000000000000000000, 1.000000000000000000 ) ) ;
#1414 = ORIENTED_EDGE ( 'NONE', *, *, #519, .T. ) ;
#1415 = AXIS2_PLACEMENT_3D ( 'NONE', #1162, #212, #820 ) ;
#1416 = CARTESIAN_POINT ( 'NONE',  ( -0.2500000000000000000, 0.02500000000000001200, 0.2500000000000000000 ) ) ;
#1417 = ORIENTED_EDGE ( 'NONE', *, *, #1011, .T. ) ;
#1418 = VERTEX_POINT ( 'NONE', #959 ) ;
#1419 = CARTESIAN_POINT ( 'NONE',  ( -0.2500000000000000000, 0.02500000000000000100, 0.2250000000000000300 ) ) ;
#1420 = VECTOR ( 'NONE', #677, 1000.000000000000000 ) ;
#1421 = PRESENTATION_STYLE_ASSIGNMENT (( #588 ) ) ;
#1422 = CARTESIAN_POINT ( 'NONE',  ( 0.4499999999999998400, 0.4749999999999999800, 0.2250000000000000100 ) ) ;
#1423 = VECTOR ( 'NONE', #220, 1000.000000000000000 ) ;
#1424 = CIRCLE ( 'NONE', #384, 0.05000000000000002400 ) ;
#1425 = DIRECTION ( 'NONE',  ( 0.0000000000000000000, -0.0000000000000000000, 1.000000000000000000 ) ) ;
#1426 = AXIS2_PLACEMENT_3D ( 'NONE', #128, #484, #707 ) ;
#1427 = EDGE_CURVE ( 'NONE', #243, #123, #929, .T. ) ;
#1428 = PRESENTATION_LAYER_ASSIGNMENT (  '', '', ( #222 ) ) ;
#1429 = VERTEX_POINT ( 'NONE', #949 ) ;
#1430 = ORIENTED_EDGE ( 'NONE', *, *, #693, .T. ) ;
#1431 = DIRECTION ( 'NONE',  ( 0.0000000000000000000, 0.0000000000000000000, 1.000000000000000000 ) ) ;
#1432 = DIRECTION ( 'NONE',  ( -1.000000000000000000, 0.0000000000000000000, 0.0000000000000000000 ) ) ;
#1433 = VERTEX_POINT ( 'NONE', #254 ) ;
#1434 = EDGE_CURVE ( 'NONE', #1429, #1305, #1401, .T. ) ;
#1435 = DIRECTION ( 'NONE',  ( 1.000000000000000000, -0.0000000000000000000, -0.0000000000000000000 ) ) ;
#1436 = VECTOR ( 'NONE', #477, 1000.000000000000000 ) ;
#1437 = FACE_OUTER_BOUND ( 'NONE', #610, .T. ) ;
#1438 = VECTOR ( 'NONE', #392, 1000.000000000000000 ) ;
#1439 = FACE_OUTER_BOUND ( 'NONE', #1287, .T. ) ;
#1440 = AXIS2_PLACEMENT_3D ( 'NONE', #1324, #753, #852 ) ;
#1441 = DIRECTION ( 'NONE',  ( 6.505213034913023400E-015, 0.0000000000000000000, -1.000000000000000000 ) ) ;
#1442 = DIRECTION ( 'NONE',  ( -1.000000000000000000, 0.0000000000000000000, -0.0000000000000000000 ) ) ;
#1443 = DIRECTION ( 'NONE',  ( 6.505213034913023400E-015, 0.0000000000000000000, 1.000000000000000000 ) ) ;
#1444 = ORIENTED_EDGE ( 'NONE', *, *, #176, .F. ) ;
#1445 = DIRECTION ( 'NONE',  ( 0.0000000000000000000, 0.0000000000000000000, 1.000000000000000000 ) ) ;
#1446 = CARTESIAN_POINT ( 'NONE',  ( -0.2500000000000000000, 0.5000000000000000000, -0.2500000000000000000 ) ) ;
#1447 = ORIENTED_EDGE ( 'NONE', *, *, #331, .T. ) ;
#1448 = FILL_AREA_STYLE ('',( #1329 ) ) ;
#1449 = ORIENTED_EDGE ( 'NONE', *, *, #176, .T. ) ;
#1450 = CARTESIAN_POINT ( 'NONE',  ( -0.2500000000000000000, 0.5000000000000000000, 0.2500000000000000000 ) ) ;
#1451 = EDGE_CURVE ( 'NONE', #1418, #650, #1009, .T. ) ;
#1452 = AXIS2_PLACEMENT_3D ( 'NONE', #180, #295, #536 ) ;
#1453 = CARTESIAN_POINT ( 'NONE',  ( 0.4499999999999998400, 0.02500000000000001200, -0.2250000000000000100 ) ) ;
#1454 = FACE_OUTER_BOUND ( 'NONE', #1225, .T. ) ;
#1455 = CIRCLE ( 'NONE', #404, 0.02500000000000001200 ) ;
#1456 = ADVANCED_FACE ( 'NONE', ( #1437 ), #750, .T. ) ;
#1457 = FACE_OUTER_BOUND ( 'NONE', #1284, .T. ) ;
#1458 = FACE_OUTER_BOUND ( 'NONE', #742, .T. ) ;
#1459 = LINE ( 'NONE', #276, #489 ) ;
#1460 = CARTESIAN_POINT ( 'NONE',  ( 0.0000000000000000000, 0.5000000000000000000, 0.2500000000000000000 ) ) ;
#1461 = CARTESIAN_POINT ( 'NONE',  ( 0.4749999999999999800, 0.4749999999999999800, -0.1999999999999998200 ) ) ;
#1462 = EDGE_CURVE ( 'NONE', #708, #1095, #711, .T. ) ;
#1463 = EDGE_LOOP ( 'NONE', ( #1414, #1449, #796, #881 ) ) ;
#1464 = DIRECTION ( 'NONE',  ( 0.0000000000000000000, 0.0000000000000000000, 1.000000000000000000 ) ) ;
#1465 = VERTEX_POINT ( 'NONE', #596 ) ;
#1466 = ORIENTED_EDGE ( 'NONE', *, *, #98, .F. ) ;
#1467 = DIRECTION ( 'NONE',  ( 0.0000000000000000000, 0.0000000000000000000, 1.000000000000000000 ) ) ;
#1468 = EDGE_LOOP ( 'NONE', ( #743, #498, #1280, #1317 ) ) ;
#1469 = EDGE_LOOP ( 'NONE', ( #456, #1266, #1303, #1035 ) ) ;
#1470 =( NAMED_UNIT ( * ) PLANE_ANGLE_UNIT ( ) SI_UNIT ( $, .RADIAN. ) );
#1471 = FACE_OUTER_BOUND ( 'NONE', #137, .T. ) ;
#1472 = ADVANCED_FACE ( 'NONE', ( #578 ), #621, .T. ) ;
#1473 = EDGE_CURVE ( 'NONE', #1429, #1033, #541, .T. ) ;
#1474 = CARTESIAN_POINT ( 'NONE',  ( 6.776263578034413800E-017, 0.02500000000000001200, -0.2499999999999999400 ) ) ;
#1475 = AXIS2_PLACEMENT_3D ( 'NONE', #86, #709, #1499 ) ;
#1476 = CIRCLE ( 'NONE', #328, 0.02500000000000001200 ) ;
#1477 = DIRECTION ( 'NONE',  ( -1.000000000000000000, 0.0000000000000000000, -2.710505431213766000E-016 ) ) ;
#1478 = AXIS2_PLACEMENT_3D ( 'NONE', #1291, #1054, #935 ) ;
#1479 = ADVANCED_FACE ( 'NONE', ( #886 ), #847, .F. ) ;
#1480 = FACE_OUTER_BOUND ( 'NONE', #1089, .T. ) ;
#1481 = DIRECTION ( 'NONE',  ( 0.0000000000000000000, 1.000000000000000000, -0.0000000000000000000 ) ) ;
#1482 = EDGE_CURVE ( 'NONE', #594, #877, #1248, .T. ) ;
#1483 = ORIENTED_EDGE ( 'NONE', *, *, #839, .T. ) ;
#1484 = DIRECTION ( 'NONE',  ( 0.0000000000000000000, 1.000000000000000000, -0.0000000000000000000 ) ) ;
#1485 = EDGE_LOOP ( 'NONE', ( #1114, #614, #1206, #70 ) ) ;
#1486 = VERTEX_POINT ( 'NONE', #120 ) ;
#1487 = ADVANCED_FACE ( 'NONE', ( #1023 ), #637, .T. ) ;
#1488 = ORIENTED_EDGE ( 'NONE', *, *, #1316, .F. ) ;
#1489 = CARTESIAN_POINT ( 'NONE',  ( -0.4500000000000000100, 0.02500000000000001200, 0.2000000000000000400 ) ) ;
#1490 = EDGE_CURVE ( 'NONE', #1228, #944, #39, .T. ) ;
#1491 = CARTESIAN_POINT ( 'NONE',  ( -0.4500000000000000100, 0.5000000000000000000, 0.2000000000000000400 ) ) ;
#1492 = CYLINDRICAL_SURFACE ( 'NONE', #454, 0.02500000000000001200 ) ;
#1493 = LINE ( 'NONE', #1104, #1149 ) ;
#1494 = VECTOR ( 'NONE', #740, 1000.000000000000000 ) ;
#1495 = UNCERTAINTY_MEASURE_WITH_UNIT (LENGTH_MEASURE( 1.000000000000000100E-005 ), #555, 'distance_accuracy_value', 'NONE');
#1496 = DIRECTION ( 'NONE',  ( 1.000000000000000000, 0.0000000000000000000, 0.0000000000000000000 ) ) ;
#1497 = AXIS2_PLACEMENT_3D ( 'NONE', #1177, #835, #471 ) ;
#1498 = ORIENTED_EDGE ( 'NONE', *, *, #754, .F. ) ;
#1499 = DIRECTION ( 'NONE',  ( 0.0000000000000000000, -0.0000000000000000000, 1.000000000000000000 ) ) ;
#1500 = EDGE_CURVE ( 'NONE', #1341, #318, #1509, .T. ) ;
#1501 = ORIENTED_EDGE ( 'NONE', *, *, #286, .T. ) ;
#1502 =( LENGTH_UNIT ( ) NAMED_UNIT ( * ) SI_UNIT ( .MILLI., .METRE. ) );
#1503 = CARTESIAN_POINT ( 'NONE',  ( 0.0000000000000000000, 0.0000000000000000000, 0.0000000000000000000 ) ) ;
#1504 = ORIENTED_EDGE ( 'NONE', *, *, #1103, .F. ) ;
#1505 = DIRECTION ( 'NONE',  ( 0.0000000000000000000, 0.0000000000000000000, 1.000000000000000000 ) ) ;
#1506 = ORIENTED_EDGE ( 'NONE', *, *, #1296, .T. ) ;
#1507 = ORIENTED_EDGE ( 'NONE', *, *, #408, .T. ) ;
#1508 = SURFACE_STYLE_FILL_AREA ( #96 ) ;
#1509 = CIRCLE ( 'NONE', #190, 0.02500000000000001200 ) ;
#1510 = EDGE_CURVE ( 'NONE', #385, #875, #304, .T. ) ;
#1511 = CARTESIAN_POINT ( 'NONE',  ( -0.4749999999999999800, 0.0000000000000000000, 0.0000000000000000000 ) ) ;
#1512 = VECTOR ( 'NONE', #434, 1000.000000000000000 ) ;
#1513 = DIRECTION ( 'NONE',  ( 1.000000000000000000, -0.0000000000000000000, -0.0000000000000000000 ) ) ;
#1514 = MANIFOLD_SOLID_BREP ( 'Fillet1', #781 ) ;
#1515 = DIRECTION ( 'NONE',  ( -0.0000000000000000000, -1.000000000000000000, 0.0000000000000000000 ) ) ;
#1516 = DIRECTION ( 'NONE',  ( -1.000000000000000000, -0.0000000000000000000, -0.0000000000000000000 ) ) ;
#1517 = CARTESIAN_POINT ( 'NONE',  ( 0.4499999999999996800, 0.4749999999999999800, 0.2500000000000000000 ) ) ;
#1518 = ORIENTED_EDGE ( 'NONE', *, *, #1296, .F. ) ;
#1519 = ADVANCED_FACE ( 'NONE', ( #148 ), #81, .T. ) ;
#1520 = STYLED_ITEM ( 'NONE', ( #965 ), #860 ) ;
#1521 = CARTESIAN_POINT ( 'NONE',  ( 0.2500000000000000600, 0.0000000000000000000, -0.2250000000000000100 ) ) ;
#1522 = ORIENTED_EDGE ( 'NONE', *, *, #703, .T. ) ;
#1523 = ORIENTED_EDGE ( 'NONE', *, *, #286, .F. ) ;
#1524 = AXIS2_PLACEMENT_3D ( 'NONE', #240, #463, #923 ) ;
#1525 = CARTESIAN_POINT ( 'NONE',  ( -0.2500000000000000000, 0.5000000000000000000, -0.2250000000000000100 ) ) ;
ENDSEC;
END-ISO-10303-21;
