ISO-10303-21;
HEADER;
FILE_DESCRIPTION (( 'STEP AP214' ),
    '1' );
FILE_NAME ('PowerPAK_SO8_single.STEP',
    '2024-09-20T08:54:52',
    ( '' ),
    ( '' ),
    'SwSTEP 2.0',
    'SolidWorks 2024',
    '' );
FILE_SCHEMA (( 'AUTOMOTIVE_DESIGN' ));
ENDSEC;

DATA;
#1 = MECHANICAL_DESIGN_GEOMETRIC_PRESENTATION_REPRESENTATION (  '', ( #5789 ), #4190 ) ;
#2 = CARTESIAN_POINT ( 'NONE',  ( 2.995000000000000107, 0.000000000000000000, -2.499999999999999556 ) ) ;
#3 =( GEOMETRIC_REPRESENTATION_CONTEXT ( 3 ) GLOBAL_UNCERTAINTY_ASSIGNED_CONTEXT ( ( #4148 ) ) GLOBAL_UNIT_ASSIGNED_CONTEXT ( ( #6297, #3218, #1624 ) ) REPRESENTATION_CONTEXT ( 'NONE', 'WORKASPACE' ) );
#4 = UNCERTAINTY_MEASURE_WITH_UNIT (LENGTH_MEASURE( 1.000000000000000082E-05 ), #5697, 'distance_accuracy_value', 'NONE');
#5 = EDGE_LOOP ( 'NONE', ( #2515, #2393, #2199, #4205 ) ) ;
#6 = PRESENTATION_LAYER_ASSIGNMENT (  '', '', ( #1116 ) ) ;
#7 = PRESENTATION_STYLE_ASSIGNMENT (( #5738 ) ) ;
#8 = ORIENTED_EDGE ( 'NONE', *, *, #4385, .F. ) ;
#9 = LINE ( 'NONE', #2070, #4877 ) ;
#10 = DIRECTION ( 'NONE',  ( -1.000000000000000000, 0.000000000000000000, 0.000000000000000000 ) ) ;
#11 =( GEOMETRIC_REPRESENTATION_CONTEXT ( 3 ) GLOBAL_UNCERTAINTY_ASSIGNED_CONTEXT ( ( #5822 ) ) GLOBAL_UNIT_ASSIGNED_CONTEXT ( ( #2013, #4496, #3039 ) ) REPRESENTATION_CONTEXT ( 'NONE', 'WORKASPACE' ) );
#12 = ORIENTED_EDGE ( 'NONE', *, *, #1548, .F. ) ;
#13 = UNCERTAINTY_MEASURE_WITH_UNIT (LENGTH_MEASURE( 1.000000000000000082E-05 ), #5927, 'distance_accuracy_value', 'NONE');
#14 = PRESENTATION_STYLE_ASSIGNMENT (( #529 ) ) ;
#15 = VECTOR ( 'NONE', #6216, 1000.000000000000000 ) ;
#16 = PRESENTATION_LAYER_ASSIGNMENT (  '', '', ( #1337 ) ) ;
#17 = AXIS2_PLACEMENT_3D ( 'NONE', #1008, #2917, #2448 ) ;
#18 = PRESENTATION_LAYER_ASSIGNMENT (  '', '', ( #1552 ) ) ;
#19 =( LENGTH_UNIT ( ) NAMED_UNIT ( * ) SI_UNIT ( .MILLI., .METRE. ) );
#20 = CARTESIAN_POINT ( 'NONE',  ( -2.994999999999999662, -0.2799999999999999711, -1.696210189691350401 ) ) ;
#21 = ORIENTED_EDGE ( 'NONE', *, *, #1345, .F. ) ;
#22 = LINE ( 'NONE', #3530, #3663 ) ;
#23 = STYLED_ITEM ( 'NONE', ( #6591 ), #3826 ) ;
#24 = CIRCLE ( 'NONE', #5599, 0.04999999999999991257 ) ;
#25 = DIRECTION ( 'NONE',  ( 0.000000000000000000, 0.000000000000000000, -1.000000000000000000 ) ) ;
#26 = ADVANCED_FACE ( 'NONE', ( #491 ), #2519, .T. ) ;
#27 = VERTEX_POINT ( 'NONE', #6595 ) ;
#28 = SURFACE_STYLE_FILL_AREA ( #513 ) ;
#29 = EDGE_LOOP ( 'NONE', ( #525, #5309, #4438, #2427 ) ) ;
#30 = VECTOR ( 'NONE', #5304, 1000.000000000000227 ) ;
#31 =( LENGTH_UNIT ( ) NAMED_UNIT ( * ) SI_UNIT ( .MILLI., .METRE. ) );
#32 = ORIENTED_EDGE ( 'NONE', *, *, #5963, .F. ) ;
#33 = FACE_OUTER_BOUND ( 'NONE', #1039, .T. ) ;
#34 = SURFACE_STYLE_USAGE ( .BOTH. , #633 ) ;
#35 = EDGE_CURVE ( 'NONE', #4679, #298, #3628, .T. ) ;
#36 = COLOUR_RGB ( '',0.2941176470588235392, 0.2941176470588235392, 0.2941176470588235392 ) ;
#37 = COLOUR_RGB ( '',0.7686274509803920907, 0.7686274509803920907, 0.7686274509803920907 ) ;
#38 = LINE ( 'NONE', #1638, #3797 ) ;
#39 = EDGE_LOOP ( 'NONE', ( #4347, #2105, #3270, #1726 ) ) ;
#40 = SURFACE_STYLE_USAGE ( .BOTH. , #110 ) ;
#41 = ADVANCED_FACE ( 'NONE', ( #1510 ), #1055, .F. ) ;
#42 = ORIENTED_EDGE ( 'NONE', *, *, #994, .T. ) ;
#43 = DIRECTION ( 'NONE',  ( -1.000000000000000000, 0.000000000000000000, 7.826832626985198385E-16 ) ) ;
#44 = ORIENTED_EDGE ( 'NONE', *, *, #3410, .T. ) ;
#45 = EDGE_CURVE ( 'NONE', #1454, #4012, #4481, .T. ) ;
#46 = VECTOR ( 'NONE', #2218, 1000.000000000000000 ) ;
#47 = ORIENTED_EDGE ( 'NONE', *, *, #5963, .T. ) ;
#48 =( LENGTH_UNIT ( ) NAMED_UNIT ( * ) SI_UNIT ( .MILLI., .METRE. ) );
#49 = DIRECTION ( 'NONE',  ( -1.000000000000000000, 0.000000000000000000, 0.000000000000000000 ) ) ;
#50 = UNCERTAINTY_MEASURE_WITH_UNIT (LENGTH_MEASURE( 1.000000000000000082E-05 ), #1727, 'distance_accuracy_value', 'NONE');
#51 = EDGE_CURVE ( 'NONE', #1598, #4526, #2955, .T. ) ;
#52 = PRESENTATION_STYLE_ASSIGNMENT (( #2207 ) ) ;
#53 = DIRECTION ( 'NONE',  ( -1.000000000000000000, 0.000000000000000000, 0.000000000000000000 ) ) ;
#54 =( NAMED_UNIT ( * ) PLANE_ANGLE_UNIT ( ) SI_UNIT ( $, .RADIAN. ) );
#55 = SURFACE_SIDE_STYLE ('',( #5650 ) ) ;
#56 = ORIENTED_EDGE ( 'NONE', *, *, #2246, .T. ) ;
#57 = AXIS2_PLACEMENT_3D ( 'NONE', #2805, #650, #4792 ) ;
#58 =( NAMED_UNIT ( * ) SI_UNIT ( $, .STERADIAN. ) SOLID_ANGLE_UNIT ( ) );
#59 = EDGE_CURVE ( 'NONE', #3613, #4163, #4512, .T. ) ;
#60 = CARTESIAN_POINT ( 'NONE',  ( 2.964094982814913237, -0.3300000000000000155, -0.3550000000132058631 ) ) ;
#61 = UNCERTAINTY_MEASURE_WITH_UNIT (LENGTH_MEASURE( 1.000000000000000082E-05 ), #2341, 'distance_accuracy_value', 'NONE');
#62 = CARTESIAN_POINT ( 'NONE',  ( -2.964094982814913237, -0.3300000000000000155, 2.135000000009767973 ) ) ;
#63 = COLOUR_RGB ( '',0.7686274509803920907, 0.7686274509803920907, 0.7686274509803920907 ) ;
#64 = ORIENTED_EDGE ( 'NONE', *, *, #2296, .F. ) ;
#65 = CARTESIAN_POINT ( 'NONE',  ( 2.431353811107150875, 0.7699999999999999067, 2.129507486452488774 ) ) ;
#66 = ORIENTED_EDGE ( 'NONE', *, *, #2009, .F. ) ;
#67 =( LENGTH_UNIT ( ) NAMED_UNIT ( * ) SI_UNIT ( .MILLI., .METRE. ) );
#68 = DIRECTION ( 'NONE',  ( -1.000000000000000000, 0.000000000000000000, 0.000000000000000000 ) ) ;
#69 = ORIENTED_EDGE ( 'NONE', *, *, #5310, .F. ) ;
#70 = SURFACE_STYLE_FILL_AREA ( #6274 ) ;
#71 =( NAMED_UNIT ( * ) PLANE_ANGLE_UNIT ( ) SI_UNIT ( $, .RADIAN. ) );
#72 = CARTESIAN_POINT ( 'NONE',  ( -3.014094982814587986, -0.3300000000000000155, -0.3799999999999995048 ) ) ;
#73 = ADVANCED_FACE ( 'NONE', ( #555 ), #5761, .T. ) ;
#74 = CARTESIAN_POINT ( 'NONE',  ( 3.014094982814587986, -0.2800000000000000266, -2.109999999999999876 ) ) ;
#75 = ORIENTED_EDGE ( 'NONE', *, *, #5564, .F. ) ;
#76 = LINE ( 'NONE', #5765, #310 ) ;
#77 = ORIENTED_EDGE ( 'NONE', *, *, #4464, .F. ) ;
#78 = AXIS2_PLACEMENT_3D ( 'NONE', #5112, #1641, #4675 ) ;
#79 = DIRECTION ( 'NONE',  ( 0.000000000000000000, 0.000000000000000000, -1.000000000000000000 ) ) ;
#80 = ORIENTED_EDGE ( 'NONE', *, *, #2449, .T. ) ;
#81 = LINE ( 'NONE', #2168, #1043 ) ;
#82 = CARTESIAN_POINT ( 'NONE',  ( -3.014094982814586210, -0.3300000000000000155, 2.110000000000000764 ) ) ;
#83 = SURFACE_SIDE_STYLE ('',( #5773 ) ) ;
#84 = ORIENTED_EDGE ( 'NONE', *, *, #35, .F. ) ;
#85 = VECTOR ( 'NONE', #3973, 1000.000000000000000 ) ;
#86 = PLANE ( 'NONE',  #6000 ) ;
#87 = LINE ( 'NONE', #1959, #15 ) ;
#88 = COLOUR_RGB ( '',0.7686274509803920907, 0.7686274509803920907, 0.7686274509803920907 ) ;
#89 = DIRECTION ( 'NONE',  ( 0.000000000000000000, -0.000000000000000000, 1.000000000000000000 ) ) ;
#90 = PRESENTATION_LAYER_ASSIGNMENT (  '', '', ( #3311 ) ) ;
#91 = CARTESIAN_POINT ( 'NONE',  ( 0.8849700567452600808, -0.3300000000000000155, -2.625000000023192115 ) ) ;
#92 = DIRECTION ( 'NONE',  ( 0.000000000000000000, 1.000000000000000000, 0.000000000000000000 ) ) ;
#93 = ORIENTED_EDGE ( 'NONE', *, *, #1057, .F. ) ;
#94 = LINE ( 'NONE', #2712, #4934 ) ;
#95 = FILL_AREA_STYLE_COLOUR ( '', #1948 ) ;
#96 = DIRECTION ( 'NONE',  ( -1.000000000000000000, 0.000000000000000000, 0.000000000000000000 ) ) ;
#97 = DIRECTION ( 'NONE',  ( 0.000000000000000000, 1.000000000000000000, 0.000000000000000000 ) ) ;
#98 =( LENGTH_UNIT ( ) NAMED_UNIT ( * ) SI_UNIT ( .MILLI., .METRE. ) );
#99 = ORIENTED_EDGE ( 'NONE', *, *, #861, .F. ) ;
#100 = DIRECTION ( 'NONE',  ( -0.000000000000000000, -1.000000000000000000, -0.000000000000000000 ) ) ;
#101 = ORIENTED_EDGE ( 'NONE', *, *, #6081, .T. ) ;
#102 = SURFACE_SIDE_STYLE ('',( #4699 ) ) ;
#103 = ORIENTED_EDGE ( 'NONE', *, *, #6280, .T. ) ;
#104 = DIRECTION ( 'NONE',  ( 0.000000000000000000, 1.000000000000000000, 0.000000000000000000 ) ) ;
#105 = FILL_AREA_STYLE ('',( #4779 ) ) ;
#106 = STYLED_ITEM ( 'NONE', ( #5680 ), #5778 ) ;
#107 = PLANE ( 'NONE',  #6022 ) ;
#108 = COLOUR_RGB ( '',0.7686274509803920907, 0.7686274509803920907, 0.7686274509803920907 ) ;
#109 = ORIENTED_EDGE ( 'NONE', *, *, #1170, .F. ) ;
#110 = SURFACE_SIDE_STYLE ('',( #4132 ) ) ;
#111 = EDGE_CURVE ( 'NONE', #639, #2324, #1677, .T. ) ;
#112 = STYLED_ITEM ( 'NONE', ( #1784 ), #5219 ) ;
#113 = ORIENTED_EDGE ( 'NONE', *, *, #2790, .T. ) ;
#114 = VECTOR ( 'NONE', #3519, 1000.000000000000000 ) ;
#115 = LINE ( 'NONE', #568, #6225 ) ;
#116 = VERTEX_POINT ( 'NONE', #1602 ) ;
#117 = EDGE_CURVE ( 'NONE', #5617, #485, #1209, .T. ) ;
#118 = DIRECTION ( 'NONE',  ( 1.000000000000000000, 0.000000000000000000, 0.000000000000000000 ) ) ;
#119 = DIRECTION ( 'NONE',  ( -1.000000000000000000, 0.000000000000000000, -0.000000000000000000 ) ) ;
#120 = DIRECTION ( 'NONE',  ( -1.000000000000000000, 0.000000000000000000, 4.094998334544767289E-15 ) ) ;
#121 = MECHANICAL_DESIGN_GEOMETRIC_PRESENTATION_REPRESENTATION (  '', ( #6321 ), #1535 ) ;
#122 = ORIENTED_EDGE ( 'NONE', *, *, #4882, .T. ) ;
#123 = VECTOR ( 'NONE', #1391, 1000.000000000000000 ) ;
#124 = COLOUR_RGB ( '',0.7686274509803920907, 0.7686274509803920907, 0.7686274509803920907 ) ;
#125 = CARTESIAN_POINT ( 'NONE',  ( 2.994999999999999218, 0.000000000000000000, 1.696210189691349957 ) ) ;
#126 = DIRECTION ( 'NONE',  ( 0.000000000000000000, 1.000000000000000000, 0.000000000000000000 ) ) ;
#127 = EDGE_CURVE ( 'NONE', #4748, #3514, #5205, .T. ) ;
#128 = COLOUR_RGB ( '',0.7686274509803920907, 0.7686274509803920907, 0.7686274509803920907 ) ;
#129 =( GEOMETRIC_REPRESENTATION_CONTEXT ( 3 ) GLOBAL_UNCERTAINTY_ASSIGNED_CONTEXT ( ( #2552 ) ) GLOBAL_UNIT_ASSIGNED_CONTEXT ( ( #6007, #519, #5502 ) ) REPRESENTATION_CONTEXT ( 'NONE', 'WORKASPACE' ) );
#130 = EDGE_CURVE ( 'NONE', #4616, #1376, #1179, .T. ) ;
#131 =( NAMED_UNIT ( * ) PLANE_ANGLE_UNIT ( ) SI_UNIT ( $, .RADIAN. ) );
#132 = CARTESIAN_POINT ( 'NONE',  ( -3.120000000023992470, 0.000000000000000000, 0.7899999999949613994 ) ) ;
#133 = FILL_AREA_STYLE ('',( #5190 ) ) ;
#134 = ORIENTED_EDGE ( 'NONE', *, *, #4960, .F. ) ;
#135 = DIRECTION ( 'NONE',  ( 0.000000000000000000, 1.000000000000000000, 0.000000000000000000 ) ) ;
#136 = MECHANICAL_DESIGN_GEOMETRIC_PRESENTATION_REPRESENTATION (  '', ( #1337 ), #922 ) ;
#137 = VECTOR ( 'NONE', #619, 1000.000000000000000 ) ;
#138 = MECHANICAL_DESIGN_GEOMETRIC_PRESENTATION_REPRESENTATION (  '', ( #3900 ), #1026 ) ;
#139 = CARTESIAN_POINT ( 'NONE',  ( -399999.9999999993597, -0.3300000000000000155, 0.7899999991991535353 ) ) ;
#140 = SURFACE_SIDE_STYLE ('',( #5009 ) ) ;
#141 = EDGE_LOOP ( 'NONE', ( #2130, #5243, #996, #21, #4808, #6313, #5224, #6306, #6001, #3737 ) ) ;
#142 = ORIENTED_EDGE ( 'NONE', *, *, #1973, .F. ) ;
#143 = PRESENTATION_LAYER_ASSIGNMENT (  '', '', ( #5806 ) ) ;
#144 = CARTESIAN_POINT ( 'NONE',  ( -3.014094982814587986, -0.3300000000000000155, 0.8400000000000005240 ) ) ;
#145 = PLANE ( 'NONE',  #3817 ) ;
#146 = ORIENTED_EDGE ( 'NONE', *, *, #4309, .T. ) ;
#147 = SURFACE_STYLE_USAGE ( .BOTH. , #1208 ) ;
#148 = PLANE ( 'NONE',  #1607 ) ;
#149 = EDGE_CURVE ( 'NONE', #4616, #5588, #5660, .T. ) ;
#150 = SURFACE_STYLE_FILL_AREA ( #252 ) ;
#151 = ORIENTED_EDGE ( 'NONE', *, *, #4385, .T. ) ;
#152 =( NAMED_UNIT ( * ) SI_UNIT ( $, .STERADIAN. ) SOLID_ANGLE_UNIT ( ) );
#153 = CIRCLE ( 'NONE', #4212, 0.04999999999999991257 ) ;
#154 = ORIENTED_EDGE ( 'NONE', *, *, #2414, .T. ) ;
#155 = VECTOR ( 'NONE', #625, 1000.000000000000000 ) ;
#156 = FILL_AREA_STYLE_COLOUR ( '', #1357 ) ;
#157 =( GEOMETRIC_REPRESENTATION_CONTEXT ( 3 ) GLOBAL_UNCERTAINTY_ASSIGNED_CONTEXT ( ( #3537 ) ) GLOBAL_UNIT_ASSIGNED_CONTEXT ( ( #1924, #4061, #5598 ) ) REPRESENTATION_CONTEXT ( 'NONE', 'WORKASPACE' ) );
#158 = VERTEX_POINT ( 'NONE', #6275 ) ;
#159 = DIRECTION ( 'NONE',  ( 1.000000000000000000, 0.000000000000000000, -2.047499167272383645E-15 ) ) ;
#160 = VECTOR ( 'NONE', #4144, 1000.000000000000000 ) ;
#161 = COLOUR_RGB ( '',0.7686274509803920907, 0.7686274509803920907, 0.7686274509803920907 ) ;
#162 = DIRECTION ( 'NONE',  ( 1.000000000000000000, 0.000000000000000000, -0.000000000000000000 ) ) ;
#163 = EDGE_CURVE ( 'NONE', #6169, #5241, #881, .T. ) ;
#164 = ADVANCED_FACE ( 'NONE', ( #1111 ), #148, .T. ) ;
#165 = LINE ( 'NONE', #5350, #1375 ) ;
#166 = SURFACE_SIDE_STYLE ('',( #3210 ) ) ;
#167 = PLANE ( 'NONE',  #5565 ) ;
#168 = PRESENTATION_STYLE_ASSIGNMENT (( #5222 ) ) ;
#169 =( NAMED_UNIT ( * ) PLANE_ANGLE_UNIT ( ) SI_UNIT ( $, .RADIAN. ) );
#170 = SURFACE_STYLE_USAGE ( .BOTH. , #6296 ) ;
#171 = DIRECTION ( 'NONE',  ( 3.401418580346680918E-15, 0.000000000000000000, -1.000000000000000000 ) ) ;
#172 = PRESENTATION_STYLE_ASSIGNMENT (( #5853 ) ) ;
#173 = ORIENTED_EDGE ( 'NONE', *, *, #3493, .T. ) ;
#174 = FILL_AREA_STYLE_COLOUR ( '', #1137 ) ;
#175 = ORIENTED_EDGE ( 'NONE', *, *, #1277, .F. ) ;
#176 = PLANE ( 'NONE',  #1424 ) ;
#177 = SURFACE_STYLE_FILL_AREA ( #1730 ) ;
#178 = CARTESIAN_POINT ( 'NONE',  ( -2.994999999999997886, -0.3300000000000000155, 1.696210189691350623 ) ) ;
#179 = ORIENTED_EDGE ( 'NONE', *, *, #5301, .T. ) ;
#180 = FILL_AREA_STYLE ('',( #4777 ) ) ;
#181 = LINE ( 'NONE', #2124, #6218 ) ;
#182 = VECTOR ( 'NONE', #2101, 1000.000000000000000 ) ;
#183 = CARTESIAN_POINT ( 'NONE',  ( -2.409999999997580744, -0.3300000000000000155, -1.624999999989995558 ) ) ;
#184 = ORIENTED_EDGE ( 'NONE', *, *, #850, .T. ) ;
#185 = FACE_OUTER_BOUND ( 'NONE', #4047, .T. ) ;
#186 = VERTEX_POINT ( 'NONE', #4809 ) ;
#187 = EDGE_CURVE ( 'NONE', #6153, #3372, #4151, .T. ) ;
#188 = VERTEX_POINT ( 'NONE', #4296 ) ;
#189 = LINE ( 'NONE', #3722, #4760 ) ;
#190 = SURFACE_SIDE_STYLE ('',( #2234 ) ) ;
#191 = STYLED_ITEM ( 'NONE', ( #3768 ), #586 ) ;
#192 = CARTESIAN_POINT ( 'NONE',  ( -3.014094982814587098, -0.2800000000000000266, -1.649999999999999467 ) ) ;
#193 = MECHANICAL_DESIGN_GEOMETRIC_PRESENTATION_REPRESENTATION (  '', ( #870 ), #5221 ) ;
#194 = FACE_OUTER_BOUND ( 'NONE', #5504, .T. ) ;
#195 = ADVANCED_FACE ( 'NONE', ( #3909 ), #1242, .F. ) ;
#196 = VECTOR ( 'NONE', #6232, 1000.000000000000000 ) ;
#197 = SURFACE_STYLE_USAGE ( .BOTH. , #307 ) ;
#198 = SURFACE_STYLE_FILL_AREA ( #2241 ) ;
#199 = PRESENTATION_STYLE_ASSIGNMENT (( #4280 ) ) ;
#200 = COLOUR_RGB ( '',0.2941176470588235392, 0.2941176470588235392, 0.2941176470588235392 ) ;
#201 = CARTESIAN_POINT ( 'NONE',  ( -2.994999999999997442, -0.2800000000000000266, 2.500000000000000444 ) ) ;
#202 = EDGE_CURVE ( 'NONE', #960, #627, #5937, .T. ) ;
#203 = CARTESIAN_POINT ( 'NONE',  ( -2.409999999997580744, -0.3300000000000000155, 291550.0000000000000 ) ) ;
#204 = FILL_AREA_STYLE ('',( #5793 ) ) ;
#205 = ADVANCED_FACE ( 'NONE', ( #3841 ), #2220, .T. ) ;
#206 = LINE ( 'NONE', #4873, #1051 ) ;
#207 = VECTOR ( 'NONE', #1735, 1000.000000000000000 ) ;
#208 =( LENGTH_UNIT ( ) NAMED_UNIT ( * ) SI_UNIT ( .MILLI., .METRE. ) );
#209 = SURFACE_STYLE_FILL_AREA ( #1792 ) ;
#210 = CARTESIAN_POINT ( 'NONE',  ( 2.964094982814913237, -0.2800000000000000266, -2.499999999999999556 ) ) ;
#211 = EDGE_LOOP ( 'NONE', ( #1974, #4663, #3949, #5972 ) ) ;
#212 = CARTESIAN_POINT ( 'NONE',  ( 2.995000000000000107, -0.3300000000000000155, -2.063789810308649386 ) ) ;
#213 = CARTESIAN_POINT ( 'NONE',  ( 2.994999999999999218, -0.2800000000000000266, 2.499999999999998668 ) ) ;
#214 = ORIENTED_EDGE ( 'NONE', *, *, #59, .F. ) ;
#215 = EDGE_CURVE ( 'NONE', #1800, #895, #4261, .T. ) ;
#216 = SURFACE_SIDE_STYLE ('',( #5406 ) ) ;
#217 = VERTEX_POINT ( 'NONE', #5801 ) ;
#218 = CARTESIAN_POINT ( 'NONE',  ( -2.994999999999997442, -0.2800000000000000266, 2.500000000000000444 ) ) ;
#219 = ORIENTED_EDGE ( 'NONE', *, *, #4892, .F. ) ;
#220 = AXIS2_PLACEMENT_3D ( 'NONE', #4845, #3840, #3323 ) ;
#221 = CARTESIAN_POINT ( 'NONE',  ( 2.964094982814913237, -0.3300000000000000155, -0.8649999999761348590 ) ) ;
#222 = ORIENTED_EDGE ( 'NONE', *, *, #6255, .F. ) ;
#223 = DIRECTION ( 'NONE',  ( -4.773003671468901982E-16, 0.000000000000000000, 1.000000000000000000 ) ) ;
#224 = VECTOR ( 'NONE', #759, 1000.000000000000000 ) ;
#225 = CARTESIAN_POINT ( 'NONE',  ( 2.994999999999999662, -0.2799999999999999711, -0.4262101896913504384 ) ) ;
#226 = FILL_AREA_STYLE_COLOUR ( '', #1344 ) ;
#227 = VECTOR ( 'NONE', #171, 1000.000000000000000 ) ;
#228 = VECTOR ( 'NONE', #2739, 1000.000000000000000 ) ;
#229 = DIRECTION ( 'NONE',  ( 0.000000000000000000, 0.000000000000000000, 1.000000000000000000 ) ) ;
#230 = MECHANICAL_DESIGN_GEOMETRIC_PRESENTATION_REPRESENTATION (  '', ( #4842 ), #3229 ) ;
#231 = PLANE ( 'NONE',  #1747 ) ;
#232 = COLOUR_RGB ( '',0.7686274509803920907, 0.7686274509803920907, 0.7686274509803920907 ) ;
#233 = SURFACE_STYLE_FILL_AREA ( #4831 ) ;
#234 = DIRECTION ( 'NONE',  ( 0.000000000000000000, 1.000000000000000000, 0.000000000000000000 ) ) ;
#235 = CARTESIAN_POINT ( 'NONE',  ( -3.014094982814587986, -0.2800000000000000266, -0.3799999999999995048 ) ) ;
#236 = CARTESIAN_POINT ( 'NONE',  ( -2.409999999997580744, -0.3300000000000000155, -0.8649999999761348590 ) ) ;
#237 = STYLED_ITEM ( 'NONE', ( #2893 ), #3152 ) ;
#238 = PRESENTATION_LAYER_ASSIGNMENT (  '', '', ( #4416 ) ) ;
#239 = CARTESIAN_POINT ( 'NONE',  ( 0.8849700567452600808, -0.3300000000000000155, 291550.0000000000000 ) ) ;
#240 = SURFACE_STYLE_FILL_AREA ( #5953 ) ;
#241 = CARTESIAN_POINT ( 'NONE',  ( 3.014094982802362210, -0.3300000000000000155, 2.060000000000000053 ) ) ;
#242 = VECTOR ( 'NONE', #453, 1000.000000000000000 ) ;
#243 = PLANE ( 'NONE',  #2888 ) ;
#244 = CARTESIAN_POINT ( 'NONE',  ( 3.014094982802362210, 0.000000000000000000, 1.700000000004814327 ) ) ;
#245 = ORIENTED_EDGE ( 'NONE', *, *, #6480, .T. ) ;
#246 = PRESENTATION_STYLE_ASSIGNMENT (( #3908 ) ) ;
#247 = CARTESIAN_POINT ( 'NONE',  ( -400000.0000000000000, -0.2800000000000000266, -2.135000000009767973 ) ) ;
#248 = LINE ( 'NONE', #3399, #1549 ) ;
#249 = ORIENTED_EDGE ( 'NONE', *, *, #2016, .F. ) ;
#250 = AXIS2_PLACEMENT_3D ( 'NONE', #4672, #3125, #5173 ) ;
#251 = COLOUR_RGB ( '',0.7686274509803920907, 0.7686274509803920907, 0.7686274509803920907 ) ;
#252 = FILL_AREA_STYLE ('',( #4851 ) ) ;
#253 = VECTOR ( 'NONE', #3665, 1000.000000000000000 ) ;
#254 = EDGE_LOOP ( 'NONE', ( #741, #6064, #2578, #2128, #5412, #3257 ) ) ;
#255 = LINE ( 'NONE', #2862, #3234 ) ;
#256 = ORIENTED_EDGE ( 'NONE', *, *, #1546, .T. ) ;
#257 = PRESENTATION_STYLE_ASSIGNMENT (( #5343 ) ) ;
#258 = EDGE_CURVE ( 'NONE', #3907, #2544, #3265, .T. ) ;
#259 = STYLED_ITEM ( 'NONE', ( #2198 ), #2577 ) ;
#260 =( NAMED_UNIT ( * ) PLANE_ANGLE_UNIT ( ) SI_UNIT ( $, .RADIAN. ) );
#261 = VECTOR ( 'NONE', #4123, 1000.000000000000000 ) ;
#262 = ORIENTED_EDGE ( 'NONE', *, *, #5076, .T. ) ;
#263 = LINE ( 'NONE', #2891, #2397 ) ;
#264 = DIRECTION ( 'NONE',  ( 0.000000000000000000, 0.000000000000000000, 1.000000000000000000 ) ) ;
#265 = AXIS2_PLACEMENT_3D ( 'NONE', #4237, #3303, #3852 ) ;
#266 = EDGE_CURVE ( 'NONE', #2258, #6534, #2289, .T. ) ;
#267 = STYLED_ITEM ( 'NONE', ( #2193 ), #3845 ) ;
#268 = FILL_AREA_STYLE ('',( #4755 ) ) ;
#269 = SURFACE_SIDE_STYLE ('',( #4757 ) ) ;
#270 = ADVANCED_FACE ( 'NONE', ( #442 ), #4030, .T. ) ;
#271 = CARTESIAN_POINT ( 'NONE',  ( 3.120000000044309996, -0.3300000000000000155, 1.700000000028012437 ) ) ;
#272 = MECHANICAL_DESIGN_GEOMETRIC_PRESENTATION_REPRESENTATION (  '', ( #601 ), #1776 ) ;
#273 = DIRECTION ( 'NONE',  ( 1.000000000000000000, -0.000000000000000000, -2.896032514151599311E-16 ) ) ;
#274 = CARTESIAN_POINT ( 'NONE',  ( -400000.0000000000000, 0.000000000000000000, -0.7899999999949613994 ) ) ;
#275 = EDGE_CURVE ( 'NONE', #639, #5088, #6520, .T. ) ;
#276 = APPLICATION_PROTOCOL_DEFINITION ( 'draft international standard', 'automotive_design', 1998, #4511 ) ;
#277 = UNCERTAINTY_MEASURE_WITH_UNIT (LENGTH_MEASURE( 1.000000000000000082E-05 ), #3558, 'distance_accuracy_value', 'NONE');
#278 = PRODUCT_DEFINITION ( 'UNKNOWN', '', #6247, #2627 ) ;
#279 = SURFACE_STYLE_USAGE ( .BOTH. , #933 ) ;
#280 = PRESENTATION_STYLE_ASSIGNMENT (( #4871 ) ) ;
#281 = PRESENTATION_STYLE_ASSIGNMENT (( #1820 ) ) ;
#282 = CARTESIAN_POINT ( 'NONE',  ( 2.994999999999999218, -0.2800000000000000266, 2.499999999999998668 ) ) ;
#283 = CARTESIAN_POINT ( 'NONE',  ( -2.964094982814587276, -0.2800000000000000266, -1.649999999983720045 ) ) ;
#284 = CARTESIAN_POINT ( 'NONE',  ( -3.014094982814587986, 0.000000000000000000, -0.3799999999999995048 ) ) ;
#285 = FACE_OUTER_BOUND ( 'NONE', #4266, .T. ) ;
#286 = ORIENTED_EDGE ( 'NONE', *, *, #6058, .F. ) ;
#287 = DIRECTION ( 'NONE',  ( 0.000000000000000000, 1.000000000000000000, 0.000000000000000000 ) ) ;
#288 = SURFACE_SIDE_STYLE ('',( #2821 ) ) ;
#289 = CARTESIAN_POINT ( 'NONE',  ( 1.430000000141262717, -0.3300000000000000155, 1.989978533370868163 ) ) ;
#290 = ORIENTED_EDGE ( 'NONE', *, *, #545, .F. ) ;
#291 = VECTOR ( 'NONE', #2326, 1000.000000000000000 ) ;
#292 =( NAMED_UNIT ( * ) PLANE_ANGLE_UNIT ( ) SI_UNIT ( $, .RADIAN. ) );
#293 = ORIENTED_EDGE ( 'NONE', *, *, #2235, .F. ) ;
#294 = SURFACE_SIDE_STYLE ('',( #1832 ) ) ;
#295 = STYLED_ITEM ( 'NONE', ( #4721 ), #1775 ) ;
#296 = ADVANCED_FACE ( 'NONE', ( #1432 ), #2977, .F. ) ;
#297 = CARTESIAN_POINT ( 'NONE',  ( 2.409999999485989974, -0.3300000000000000155, 291550.0000000006985 ) ) ;
#298 = VERTEX_POINT ( 'NONE', #4441 ) ;
#299 = CARTESIAN_POINT ( 'NONE',  ( -3.014094982802362210, -0.3300000000000000155, -1.700000000051198112 ) ) ;
#300 = PLANE ( 'NONE',  #3298 ) ;
#301 = UNCERTAINTY_MEASURE_WITH_UNIT (LENGTH_MEASURE( 1.000000000000000082E-05 ), #6349, 'distance_accuracy_value', 'NONE');
#302 = CARTESIAN_POINT ( 'NONE',  ( -2.409999999997580744, -0.2800000000000000266, -0.8649999999761348590 ) ) ;
#303 = LINE ( 'NONE', #5472, #3670 ) ;
#304 = UNCERTAINTY_MEASURE_WITH_UNIT (LENGTH_MEASURE( 1.000000000000000082E-05 ), #1406, 'distance_accuracy_value', 'NONE');
#305 = CARTESIAN_POINT ( 'NONE',  ( 3.120000000023992470, -0.3300000000000000155, -2.059999999971751095 ) ) ;
#306 = VERTEX_POINT ( 'NONE', #5522 ) ;
#307 = SURFACE_SIDE_STYLE ('',( #4763 ) ) ;
#308 = DIRECTION ( 'NONE',  ( 1.000000000000000000, -0.000000000000000000, 0.000000000000000000 ) ) ;
#309 = CARTESIAN_POINT ( 'NONE',  ( 3.120000000023992470, 0.000000000000000000, 291550.0000000000000 ) ) ;
#310 = VECTOR ( 'NONE', #1183, 1000.000000000000114 ) ;
#311 =( LENGTH_UNIT ( ) NAMED_UNIT ( * ) SI_UNIT ( .MILLI., .METRE. ) );
#312 = FACE_OUTER_BOUND ( 'NONE', #991, .T. ) ;
#313 =( LENGTH_UNIT ( ) NAMED_UNIT ( * ) SI_UNIT ( .MILLI., .METRE. ) );
#314 = CARTESIAN_POINT ( 'NONE',  ( 3.120000000023992470, 0.000000000000000000, -0.4299999999711811571 ) ) ;
#315 = DIRECTION ( 'NONE',  ( 0.000000000000000000, 1.000000000000000000, 0.000000000000000000 ) ) ;
#316 = ORIENTED_EDGE ( 'NONE', *, *, #5277, .F. ) ;
#317 = CARTESIAN_POINT ( 'NONE',  ( 0.8849700567452600808, -0.3300000000000000155, -2.625000000023192115 ) ) ;
#318 = ORIENTED_EDGE ( 'NONE', *, *, #4464, .T. ) ;
#319 = LINE ( 'NONE', #3874, #6581 ) ;
#320 = VECTOR ( 'NONE', #4605, 1000.000000000000000 ) ;
#321 = MECHANICAL_DESIGN_GEOMETRIC_PRESENTATION_REPRESENTATION (  '', ( #5230 ), #3307 ) ;
#322 = FILL_AREA_STYLE ('',( #4910 ) ) ;
#323 = ORIENTED_EDGE ( 'NONE', *, *, #275, .T. ) ;
#324 = CARTESIAN_POINT ( 'NONE',  ( -3.014094982802362210, 0.000000000000000000, -0.4300000000175649428 ) ) ;
#325 = EDGE_LOOP ( 'NONE', ( #1029, #2939, #1836, #660 ) ) ;
#326 = FILL_AREA_STYLE ('',( #2390 ) ) ;
#327 =( LENGTH_UNIT ( ) NAMED_UNIT ( * ) SI_UNIT ( .MILLI., .METRE. ) );
#328 = ORIENTED_EDGE ( 'NONE', *, *, #2630, .T. ) ;
#329 = FILL_AREA_STYLE_COLOUR ( '', #3588 ) ;
#330 = ADVANCED_FACE ( 'NONE', ( #6030 ), #2295, .T. ) ;
#331 = EDGE_CURVE ( 'NONE', #3063, #823, #2921, .T. ) ;
#332 = EDGE_CURVE ( 'NONE', #4373, #5044, #255, .T. ) ;
#333 = SURFACE_SIDE_STYLE ('',( #401 ) ) ;
#334 = EDGE_CURVE ( 'NONE', #2040, #2585, #918, .T. ) ;
#335 = PLANE ( 'NONE',  #4405 ) ;
#336 = VECTOR ( 'NONE', #1860, 1000.000000000000000 ) ;
#337 = ORIENTED_EDGE ( 'NONE', *, *, #6132, .F. ) ;
#338 = SURFACE_STYLE_FILL_AREA ( #3388 ) ;
#339 = DIRECTION ( 'NONE',  ( -4.773003671468901982E-16, 0.000000000000000000, 1.000000000000000000 ) ) ;
#340 = DIRECTION ( 'NONE',  ( 1.000000000000000000, -0.000000000000000000, 0.000000000000000000 ) ) ;
#341 = CARTESIAN_POINT ( 'NONE',  ( 2.410000000013325039, -0.2800000000000000266, -2.500000000000008882 ) ) ;
#342 = COLOUR_RGB ( '',0.7686274509803920907, 0.7686274509803920907, 0.7686274509803920907 ) ;
#343 = MECHANICAL_DESIGN_GEOMETRIC_PRESENTATION_REPRESENTATION (  '', ( #5252 ), #5037 ) ;
#344 = EDGE_CURVE ( 'NONE', #1598, #4751, #3951, .T. ) ;
#345 = FILL_AREA_STYLE ('',( #4902 ) ) ;
#346 = SURFACE_STYLE_FILL_AREA ( #2558 ) ;
#347 = ADVANCED_FACE ( 'NONE', ( #4886 ), #2828, .F. ) ;
#348 = VECTOR ( 'NONE', #5713, 1000.000000000000114 ) ;
#349 = EDGE_CURVE ( 'NONE', #968, #4751, #4342, .T. ) ;
#350 = MECHANICAL_DESIGN_GEOMETRIC_PRESENTATION_REPRESENTATION (  '', ( #448 ), #682 ) ;
#351 = DIRECTION ( 'NONE',  ( 0.000000000000000000, 0.000000000000000000, -1.000000000000000000 ) ) ;
#352 =( GEOMETRIC_REPRESENTATION_CONTEXT ( 3 ) GLOBAL_UNCERTAINTY_ASSIGNED_CONTEXT ( ( #3579 ) ) GLOBAL_UNIT_ASSIGNED_CONTEXT ( ( #2895, #2399, #6479 ) ) REPRESENTATION_CONTEXT ( 'NONE', 'WORKASPACE' ) );
#353 = ORIENTED_EDGE ( 'NONE', *, *, #4173, .F. ) ;
#354 = CARTESIAN_POINT ( 'NONE',  ( -2.964094982814913237, -0.2800000000000000266, -0.8649999999761348590 ) ) ;
#355 = PRESENTATION_LAYER_ASSIGNMENT (  '', '', ( #6105 ) ) ;
#356 = DIRECTION ( 'NONE',  ( 0.000000000000000000, 1.000000000000000000, 0.000000000000000000 ) ) ;
#357 = CARTESIAN_POINT ( 'NONE',  ( -400000.0000000000000, -0.3300000000000000155, -0.7899999999949613994 ) ) ;
#358 = ADVANCED_FACE ( 'NONE', ( #6409 ), #4410, .T. ) ;
#359 = AXIS2_PLACEMENT_3D ( 'NONE', #3376, #1868, #6470 ) ;
#360 =( GEOMETRIC_REPRESENTATION_CONTEXT ( 3 ) GLOBAL_UNCERTAINTY_ASSIGNED_CONTEXT ( ( #1058 ) ) GLOBAL_UNIT_ASSIGNED_CONTEXT ( ( #2830, #5944, #3850 ) ) REPRESENTATION_CONTEXT ( 'NONE', 'WORKASPACE' ) );
#361 = EDGE_LOOP ( 'NONE', ( #606, #1216, #2644, #3583, #122, #3304 ) ) ;
#362 = SURFACE_SIDE_STYLE ('',( #1281 ) ) ;
#363 = EDGE_LOOP ( 'NONE', ( #6159, #748, #2762, #5276 ) ) ;
#364 = COLOUR_RGB ( '',0.7686274509803920907, 0.7686274509803920907, 0.7686274509803920907 ) ;
#365 = EDGE_CURVE ( 'NONE', #1685, #2433, #6093, .T. ) ;
#366 = PLANE ( 'NONE',  #5683 ) ;
#367 = MECHANICAL_DESIGN_GEOMETRIC_PRESENTATION_REPRESENTATION (  '', ( #1230 ), #2482 ) ;
#368 = PRESENTATION_STYLE_ASSIGNMENT (( #3926 ) ) ;
#369 = ORIENTED_EDGE ( 'NONE', *, *, #3782, .T. ) ;
#370 = VECTOR ( 'NONE', #4594, 1000.000000000000000 ) ;
#371 = LINE ( 'NONE', #299, #1985 ) ;
#372 = CARTESIAN_POINT ( 'NONE',  ( 0.9599700567264335405, -0.2800000000000000266, 1.989980509506494855 ) ) ;
#373 = COLOUR_RGB ( '',0.7686274509803920907, 0.7686274509803920907, 0.7686274509803920907 ) ;
#374 = PRESENTATION_LAYER_ASSIGNMENT (  '', '', ( #2179 ) ) ;
#375 = ORIENTED_EDGE ( 'NONE', *, *, #3706, .T. ) ;
#376 =( GEOMETRIC_REPRESENTATION_CONTEXT ( 3 ) GLOBAL_UNCERTAINTY_ASSIGNED_CONTEXT ( ( #3288 ) ) GLOBAL_UNIT_ASSIGNED_CONTEXT ( ( #4774, #6336, #2676 ) ) REPRESENTATION_CONTEXT ( 'NONE', 'WORKASPACE' ) );
#377 = CARTESIAN_POINT ( 'NONE',  ( -2.409999999997580744, -0.3300000000000000155, 0.8649999999761348590 ) ) ;
#378 = VECTOR ( 'NONE', #234, 1000.000000000000000 ) ;
#379 = VECTOR ( 'NONE', #2736, 1000.000000000000000 ) ;
#380 = VECTOR ( 'NONE', #1296, 1000.000000000000000 ) ;
#381 = LINE ( 'NONE', #4618, #1844 ) ;
#382 = DIRECTION ( 'NONE',  ( -1.000000000000000000, 0.000000000000000000, 0.000000000000000000 ) ) ;
#383 = VECTOR ( 'NONE', #3219, 1000.000000000000000 ) ;
#384 = FILL_AREA_STYLE ('',( #1857 ) ) ;
#385 = CARTESIAN_POINT ( 'NONE',  ( 2.964094982814589052, -0.2800000000000000266, 0.3800000000069303496 ) ) ;
#386 = ORIENTED_EDGE ( 'NONE', *, *, #2502, .F. ) ;
#387 = CARTESIAN_POINT ( 'NONE',  ( 2.994999999999999218, -0.2800000000000000266, 2.499999999999998668 ) ) ;
#388 =( NAMED_UNIT ( * ) SI_UNIT ( $, .STERADIAN. ) SOLID_ANGLE_UNIT ( ) );
#389 = SURFACE_STYLE_USAGE ( .BOTH. , #4977 ) ;
#390 = EDGE_LOOP ( 'NONE', ( #6139, #4154, #353, #6565, #1865, #3138 ) ) ;
#391 = DIRECTION ( 'NONE',  ( -0.000000000000000000, 1.000000000000000000, 0.000000000000000000 ) ) ;
#392 = CARTESIAN_POINT ( 'NONE',  ( -2.409999999997580744, -0.3300000000000000155, -0.8649999999761348590 ) ) ;
#393 = CARTESIAN_POINT ( 'NONE',  ( 2.964094982814913237, -0.3300000000000000155, 2.135000000009767973 ) ) ;
#394 =( NAMED_UNIT ( * ) SI_UNIT ( $, .STERADIAN. ) SOLID_ANGLE_UNIT ( ) );
#395 = ORIENTED_EDGE ( 'NONE', *, *, #1815, .T. ) ;
#396 = DIRECTION ( 'NONE',  ( 3.081905450724545422E-16, 0.000000000000000000, -1.000000000000000000 ) ) ;
#397 = UNCERTAINTY_MEASURE_WITH_UNIT (LENGTH_MEASURE( 1.000000000000000082E-05 ), #313, 'distance_accuracy_value', 'NONE');
#398 = ADVANCED_FACE ( 'NONE', ( #6592 ), #6066, .T. ) ;
#399 = VECTOR ( 'NONE', #2322, 1000.000000000000000 ) ;
#400 = EDGE_LOOP ( 'NONE', ( #1862, #1156, #3943, #6044, #4055, #2351 ) ) ;
#401 = SURFACE_STYLE_FILL_AREA ( #4958 ) ;
#402 =( LENGTH_UNIT ( ) NAMED_UNIT ( * ) SI_UNIT ( .MILLI., .METRE. ) );
#403 = ORIENTED_EDGE ( 'NONE', *, *, #3361, .F. ) ;
#404 = PRESENTATION_LAYER_ASSIGNMENT (  '', '', ( #1069 ) ) ;
#405 = FILL_AREA_STYLE_COLOUR ( '', #63 ) ;
#406 = PRESENTATION_STYLE_ASSIGNMENT (( #1557 ) ) ;
#407 = VERTEX_POINT ( 'NONE', #392 ) ;
#408 = PLANE ( 'NONE',  #3328 ) ;
#409 = EDGE_CURVE ( 'NONE', #4461, #4131, #2986, .T. ) ;
#410 =( NAMED_UNIT ( * ) SI_UNIT ( $, .STERADIAN. ) SOLID_ANGLE_UNIT ( ) );
#411 = DIRECTION ( 'NONE',  ( 0.000000000000000000, 1.000000000000000000, 0.000000000000000000 ) ) ;
#412 = VERTEX_POINT ( 'NONE', #5036 ) ;
#413 = DIRECTION ( 'NONE',  ( 4.204298578504837834E-06, -0.000000000000000000, 0.9999999999911619586 ) ) ;
#414 =( GEOMETRIC_REPRESENTATION_CONTEXT ( 3 ) GLOBAL_UNCERTAINTY_ASSIGNED_CONTEXT ( ( #531 ) ) GLOBAL_UNIT_ASSIGNED_CONTEXT ( ( #3982, #1545, #6070 ) ) REPRESENTATION_CONTEXT ( 'NONE', 'WORKASPACE' ) );
#415 = DIRECTION ( 'NONE',  ( 0.000000000000000000, 0.000000000000000000, -1.000000000000000000 ) ) ;
#416 = SURFACE_SIDE_STYLE ('',( #1401 ) ) ;
#417 = EDGE_CURVE ( 'NONE', #5337, #1598, #1474, .T. ) ;
#418 = EDGE_LOOP ( 'NONE', ( #151, #3643, #3300, #4472 ) ) ;
#419 =( NAMED_UNIT ( * ) PLANE_ANGLE_UNIT ( ) SI_UNIT ( $, .RADIAN. ) );
#420 = STYLED_ITEM ( 'NONE', ( #3533 ), #3539 ) ;
#421 = FILL_AREA_STYLE_COLOUR ( '', #1193 ) ;
#422 =( NAMED_UNIT ( * ) SI_UNIT ( $, .STERADIAN. ) SOLID_ANGLE_UNIT ( ) );
#423 = DIRECTION ( 'NONE',  ( 0.000000000000000000, 0.000000000000000000, 1.000000000000000000 ) ) ;
#424 = CARTESIAN_POINT ( 'NONE',  ( 2.964094982814913237, -0.3300000000000000155, 0.8650000000041196957 ) ) ;
#425 = EDGE_CURVE ( 'NONE', #750, #3012, #5002, .T. ) ;
#426 = VECTOR ( 'NONE', #1438, 1000.000000000000000 ) ;
#427 = SURFACE_STYLE_USAGE ( .BOTH. , #2357 ) ;
#428 = ORIENTED_EDGE ( 'NONE', *, *, #2531, .F. ) ;
#429 = CARTESIAN_POINT ( 'NONE',  ( -399999.9999999993597, -0.3300000000000000155, 1.699999999232204573 ) ) ;
#430 = CARTESIAN_POINT ( 'NONE',  ( 0.5249700567701494069, -0.2800000000000000266, -2.499999999999999556 ) ) ;
#431 = ORIENTED_EDGE ( 'NONE', *, *, #3135, .F. ) ;
#432 = ORIENTED_EDGE ( 'NONE', *, *, #2365, .T. ) ;
#433 = SURFACE_STYLE_USAGE ( .BOTH. , #863 ) ;
#434 = ORIENTED_EDGE ( 'NONE', *, *, #2718, .T. ) ;
#435 = FILL_AREA_STYLE_COLOUR ( '', #2467 ) ;
#436 = PLANE ( 'NONE',  #4453 ) ;
#437 = STYLED_ITEM ( 'NONE', ( #2216 ), #5705 ) ;
#438 = AXIS2_PLACEMENT_3D ( 'NONE', #1812, #757, #5914 ) ;
#439 = DIRECTION ( 'NONE',  ( 0.000000000000000000, 0.000000000000000000, 1.000000000000000000 ) ) ;
#440 = PRESENTATION_LAYER_ASSIGNMENT (  '', '', ( #6097 ) ) ;
#441 = VERTEX_POINT ( 'NONE', #5071 ) ;
#442 = FACE_OUTER_BOUND ( 'NONE', #2617, .T. ) ;
#443 = CARTESIAN_POINT ( 'NONE',  ( -2.964094982814913237, -0.3300000000000000155, -0.3550000000132058631 ) ) ;
#444 = CARTESIAN_POINT ( 'NONE',  ( -3.014094982802362210, -0.3300000000000000155, -2.060000000000000053 ) ) ;
#445 = STYLED_ITEM ( 'NONE', ( #3207 ), #6188 ) ;
#446 = VERTEX_POINT ( 'NONE', #1542 ) ;
#447 = SURFACE_STYLE_USAGE ( .BOTH. , #2885 ) ;
#448 = STYLED_ITEM ( 'NONE', ( #678 ), #3067 ) ;
#449 = VECTOR ( 'NONE', #533, 1000.000000000000000 ) ;
#450 = EDGE_CURVE ( 'NONE', #1133, #823, #489, .T. ) ;
#451 = SURFACE_SIDE_STYLE ('',( #1999 ) ) ;
#452 = SURFACE_STYLE_USAGE ( .BOTH. , #1925 ) ;
#453 = DIRECTION ( 'NONE',  ( 0.000000000000000000, 1.000000000000000000, 0.000000000000000000 ) ) ;
#454 =( GEOMETRIC_REPRESENTATION_CONTEXT ( 3 ) GLOBAL_UNCERTAINTY_ASSIGNED_CONTEXT ( ( #6611 ) ) GLOBAL_UNIT_ASSIGNED_CONTEXT ( ( #1780, #1312, #1806 ) ) REPRESENTATION_CONTEXT ( 'NONE', 'WORKASPACE' ) );
#455 = AXIS2_PLACEMENT_3D ( 'NONE', #4915, #3378, #5410 ) ;
#456 = FILL_AREA_STYLE ('',( #2991 ) ) ;
#457 = PRESENTATION_STYLE_ASSIGNMENT (( #3666 ) ) ;
#458 = PRESENTATION_STYLE_ASSIGNMENT (( #5041 ) ) ;
#459 = UNCERTAINTY_MEASURE_WITH_UNIT (LENGTH_MEASURE( 1.000000000000000082E-05 ), #2195, 'distance_accuracy_value', 'NONE');
#460 = VECTOR ( 'NONE', #2445, 1000.000000000000000 ) ;
#461 = ORIENTED_EDGE ( 'NONE', *, *, #2204, .F. ) ;
#462 = CARTESIAN_POINT ( 'NONE',  ( -400000.0000000006403, 0.000000000000000000, 0.4300000007901871868 ) ) ;
#463 =( GEOMETRIC_REPRESENTATION_CONTEXT ( 3 ) GLOBAL_UNCERTAINTY_ASSIGNED_CONTEXT ( ( #4063 ) ) GLOBAL_UNIT_ASSIGNED_CONTEXT ( ( #5993, #3011, #5454 ) ) REPRESENTATION_CONTEXT ( 'NONE', 'WORKASPACE' ) );
#464 = ORIENTED_EDGE ( 'NONE', *, *, #1528, .T. ) ;
#465 = AXIS2_PLACEMENT_3D ( 'NONE', #2881, #4937, #5890 ) ;
#466 = SURFACE_STYLE_FILL_AREA ( #1517 ) ;
#467 = CARTESIAN_POINT ( 'NONE',  ( 2.409999999981836449, -0.2800000000000000266, -2.499999999999990674 ) ) ;
#468 = ORIENTED_EDGE ( 'NONE', *, *, #990, .T. ) ;
#469 = COLOUR_RGB ( '',0.7686274509803920907, 0.7686274509803920907, 0.7686274509803920907 ) ;
#470 = SURFACE_SIDE_STYLE ('',( #2940 ) ) ;
#471 = SURFACE_STYLE_FILL_AREA ( #1033 ) ;
#472 = EDGE_CURVE ( 'NONE', #5053, #4234, #4510, .T. ) ;
#473 = COLOUR_RGB ( '',0.7686274509803920907, 0.7686274509803920907, 0.7686274509803920907 ) ;
#474 = PRESENTATION_LAYER_ASSIGNMENT (  '', '', ( #23 ) ) ;
#475 = LINE ( 'NONE', #5646, #449 ) ;
#476 = COLOUR_RGB ( '',0.7686274509803920907, 0.7686274509803920907, 0.7686274509803920907 ) ;
#477 = PRESENTATION_STYLE_ASSIGNMENT (( #1526 ) ) ;
#478 = CARTESIAN_POINT ( 'NONE',  ( 3.120000000023992470, -0.3300000000000000155, 0.7900000000181596205 ) ) ;
#479 = ORIENTED_EDGE ( 'NONE', *, *, #4555, .T. ) ;
#480 = LINE ( 'NONE', #2412, #1102 ) ;
#481 = VECTOR ( 'NONE', #1295, 1000.000000000000000 ) ;
#482 = VECTOR ( 'NONE', #1837, 1000.000000000000000 ) ;
#483 = CARTESIAN_POINT ( 'NONE',  ( 0.4499700569908782199, -0.3300000000000000155, 291549.9999999995925 ) ) ;
#484 = DIRECTION ( 'NONE',  ( 0.000000000000000000, 0.000000000000000000, 1.000000000000000000 ) ) ;
#485 = VERTEX_POINT ( 'NONE', #5527 ) ;
#486 = STYLED_ITEM ( 'NONE', ( #2973 ), #4026 ) ;
#487 = DIRECTION ( 'NONE',  ( 0.000000000000000000, 0.000000000000000000, -1.000000000000000000 ) ) ;
#488 = FILL_AREA_STYLE_COLOUR ( '', #2496 ) ;
#489 = LINE ( 'NONE', #6037, #3590 ) ;
#490 = DIRECTION ( 'NONE',  ( 1.000000000000000000, 0.000000000000000000, -0.000000000000000000 ) ) ;
#491 = FACE_OUTER_BOUND ( 'NONE', #629, .T. ) ;
#492 = PLANE ( 'NONE',  #2687 ) ;
#493 = DIRECTION ( 'NONE',  ( 0.000000000000000000, 0.000000000000000000, 1.000000000000000000 ) ) ;
#494 = EDGE_CURVE ( 'NONE', #1632, #3721, #2484, .T. ) ;
#495 = EDGE_LOOP ( 'NONE', ( #4911, #80, #1609, #1571 ) ) ;
#496 = LINE ( 'NONE', #3137, #826 ) ;
#497 = ORIENTED_EDGE ( 'NONE', *, *, #3915, .T. ) ;
#498 = DIRECTION ( 'NONE',  ( 5.204170427930421283E-16, -0.000000000000000000, 1.000000000000000000 ) ) ;
#499 =( NAMED_UNIT ( * ) SI_UNIT ( $, .STERADIAN. ) SOLID_ANGLE_UNIT ( ) );
#500 = DIRECTION ( 'NONE',  ( -1.000000000000000000, 0.000000000000000000, 0.000000000000000000 ) ) ;
#501 = ORIENTED_EDGE ( 'NONE', *, *, #4166, .T. ) ;
#502 = COLOUR_RGB ( '',0.7686274509803920907, 0.7686274509803920907, 0.7686274509803920907 ) ;
#503 = CARTESIAN_POINT ( 'NONE',  ( -3.014094982814587986, -0.3300000000000000155, 0.8400000000000005240 ) ) ;
#504 = LINE ( 'NONE', #2473, #6449 ) ;
#505 = LINE ( 'NONE', #5489, #3795 ) ;
#506 = ORIENTED_EDGE ( 'NONE', *, *, #6602, .T. ) ;
#507 = DIRECTION ( 'NONE',  ( 0.000000000000000000, 1.000000000000000000, 0.000000000000000000 ) ) ;
#508 =( NAMED_UNIT ( * ) PLANE_ANGLE_UNIT ( ) SI_UNIT ( $, .RADIAN. ) );
#509 = DIRECTION ( 'NONE',  ( -2.179310204677306062E-16, 0.000000000000000000, -1.000000000000000000 ) ) ;
#510 =( NAMED_UNIT ( * ) PLANE_ANGLE_UNIT ( ) SI_UNIT ( $, .RADIAN. ) );
#511 = DIRECTION ( 'NONE',  ( 1.000000000000000000, 0.000000000000000000, -1.700709290173341642E-15 ) ) ;
#512 = ORIENTED_EDGE ( 'NONE', *, *, #4378, .T. ) ;
#513 = FILL_AREA_STYLE ('',( #5108 ) ) ;
#514 = ORIENTED_EDGE ( 'NONE', *, *, #712, .T. ) ;
#515 = DIRECTION ( 'NONE',  ( -0.000000000000000000, 1.000000000000000000, 0.000000000000000000 ) ) ;
#516 = CARTESIAN_POINT ( 'NONE',  ( 2.409999999997580744, -0.3300000000000000155, 0.3549999999992132227 ) ) ;
#517 = DIRECTION ( 'NONE',  ( -2.047499167272383645E-15, 0.000000000000000000, -1.000000000000000000 ) ) ;
#518 = PRESENTATION_STYLE_ASSIGNMENT (( #452 ) ) ;
#519 =( NAMED_UNIT ( * ) PLANE_ANGLE_UNIT ( ) SI_UNIT ( $, .RADIAN. ) );
#520 =( NAMED_UNIT ( * ) PLANE_ANGLE_UNIT ( ) SI_UNIT ( $, .RADIAN. ) );
#521 = CARTESIAN_POINT ( 'NONE',  ( -2.994999999999998330, -0.2799999999999999711, 0.7937898103086508117 ) ) ;
#522 = ORIENTED_EDGE ( 'NONE', *, *, #3930, .T. ) ;
#523 = DIRECTION ( 'NONE',  ( 0.000000000000000000, 1.000000000000000000, 0.000000000000000000 ) ) ;
#524 = EDGE_CURVE ( 'NONE', #1454, #1176, #3535, .T. ) ;
#525 = ORIENTED_EDGE ( 'NONE', *, *, #3921, .F. ) ;
#526 = LINE ( 'NONE', #570, #1458 ) ;
#527 =( NAMED_UNIT ( * ) PLANE_ANGLE_UNIT ( ) SI_UNIT ( $, .RADIAN. ) );
#528 = ORIENTED_EDGE ( 'NONE', *, *, #5423, .T. ) ;
#529 = SURFACE_STYLE_USAGE ( .BOTH. , #4658 ) ;
#530 = CARTESIAN_POINT ( 'NONE',  ( 2.995000000000000107, 0.000000000000000000, -2.499999999999999556 ) ) ;
#531 = UNCERTAINTY_MEASURE_WITH_UNIT (LENGTH_MEASURE( 1.000000000000000082E-05 ), #3982, 'distance_accuracy_value', 'NONE');
#532 = EDGE_CURVE ( 'NONE', #4571, #5085, #3082, .T. ) ;
#533 = DIRECTION ( 'NONE',  ( 0.000000000000000000, 1.000000000000000000, 0.000000000000000000 ) ) ;
#534 = LINE ( 'NONE', #1619, #1101 ) ;
#535 =( NAMED_UNIT ( * ) SI_UNIT ( $, .STERADIAN. ) SOLID_ANGLE_UNIT ( ) );
#536 =( LENGTH_UNIT ( ) NAMED_UNIT ( * ) SI_UNIT ( .MILLI., .METRE. ) );
#537 = UNCERTAINTY_MEASURE_WITH_UNIT (LENGTH_MEASURE( 1.000000000000000082E-05 ), #536, 'distance_accuracy_value', 'NONE');
#538 = EDGE_CURVE ( 'NONE', #5729, #1616, #3021, .T. ) ;
#539 = ORIENTED_EDGE ( 'NONE', *, *, #4747, .T. ) ;
#540 = DIRECTION ( 'NONE',  ( -1.000000000000000000, 0.000000000000000000, 7.826832626985198385E-16 ) ) ;
#541 = COLOUR_RGB ( '',0.7686274509803920907, 0.7686274509803920907, 0.7686274509803920907 ) ;
#542 = UNCERTAINTY_MEASURE_WITH_UNIT (LENGTH_MEASURE( 1.000000000000000082E-05 ), #311, 'distance_accuracy_value', 'NONE');
#543 = DIRECTION ( 'NONE',  ( 9.245716352173637744E-16, 0.000000000000000000, 1.000000000000000000 ) ) ;
#544 = EDGE_CURVE ( 'NONE', #3747, #4194, #1080, .T. ) ;
#545 = EDGE_CURVE ( 'NONE', #2585, #6573, #6305, .T. ) ;
#546 = CARTESIAN_POINT ( 'NONE',  ( 3.014094982814587986, 0.000000000000000000, -1.649999999999999467 ) ) ;
#547 = ORIENTED_EDGE ( 'NONE', *, *, #1068, .T. ) ;
#548 = SURFACE_STYLE_USAGE ( .BOTH. , #1628 ) ;
#549 = ORIENTED_EDGE ( 'NONE', *, *, #1755, .F. ) ;
#550 = STYLED_ITEM ( 'NONE', ( #2208 ), #5984 ) ;
#551 = CARTESIAN_POINT ( 'NONE',  ( 3.014094982814588874, -0.3300000000000000155, 0.8399999999999996358 ) ) ;
#552 = FILL_AREA_STYLE ('',( #4229 ) ) ;
#553 = EDGE_LOOP ( 'NONE', ( #3199, #1745, #1778, #6375, #6014, #2223, #2937, #2293, #262, #3673, #5160, #2537, #3054, #5965, #949, #2182, #4514, #4888, #3034, #614, #323, #3225, #1160, #3166, #1187, #3091, #1581, #6177, #5236, #432, #2020, #4340, #6484, #6283, #2542, #4491, #4641, #5366, #4972, #930, #3206, #1437, #4092, #3717, #5573, #3815, #3783, #6383, #834, #249, #6429, #5231, #2975, #6315, #1212, #4228, #5456, #5799, #2386, #1065 ) ) ;
#554 = CARTESIAN_POINT ( 'NONE',  ( 2.994999999999999218, 0.000000000000000000, 2.499999999999998668 ) ) ;
#555 = FACE_OUTER_BOUND ( 'NONE', #1701, .T. ) ;
#556 =( NAMED_UNIT ( * ) PLANE_ANGLE_UNIT ( ) SI_UNIT ( $, .RADIAN. ) );
#557 = EDGE_CURVE ( 'NONE', #884, #6169, #704, .T. ) ;
#558 = STYLED_ITEM ( 'NONE', ( #1159 ), #5439 ) ;
#559 = STYLED_ITEM ( 'NONE', ( #6530 ), #6258 ) ;
#560 = MECHANICAL_DESIGN_GEOMETRIC_PRESENTATION_REPRESENTATION (  '', ( #3661 ), #3553 ) ;
#561 = FILL_AREA_STYLE_COLOUR ( '', #3143 ) ;
#562 = COLOUR_RGB ( '',0.7686274509803920907, 0.7686274509803920907, 0.7686274509803920907 ) ;
#563 = EDGE_CURVE ( 'NONE', #4263, #6162, #821, .T. ) ;
#564 = UNCERTAINTY_MEASURE_WITH_UNIT (LENGTH_MEASURE( 1.000000000000000082E-05 ), #3745, 'distance_accuracy_value', 'NONE');
#565 = VECTOR ( 'NONE', #1218, 1000.000000000000000 ) ;
#566 = ORIENTED_EDGE ( 'NONE', *, *, #2235, .T. ) ;
#567 = MECHANICAL_DESIGN_GEOMETRIC_PRESENTATION_REPRESENTATION (  '', ( #1954 ), #3008 ) ;
#568 = CARTESIAN_POINT ( 'NONE',  ( 2.409999999031242623, -0.3300000000000000155, 291550.0000000013970 ) ) ;
#569 = ORIENTED_EDGE ( 'NONE', *, *, #2557, .F. ) ;
#570 = CARTESIAN_POINT ( 'NONE',  ( -399999.9999999993597, 0.000000000000000000, 1.699999999232204573 ) ) ;
#571 = FACE_OUTER_BOUND ( 'NONE', #2553, .T. ) ;
#572 = DIRECTION ( 'NONE',  ( 0.000000000000000000, 1.000000000000000000, 0.000000000000000000 ) ) ;
#573 = COLOUR_RGB ( '',0.7686274509803920907, 0.7686274509803920907, 0.7686274509803920907 ) ;
#574 = ORIENTED_EDGE ( 'NONE', *, *, #4796, .T. ) ;
#575 = UNCERTAINTY_MEASURE_WITH_UNIT (LENGTH_MEASURE( 1.000000000000000082E-05 ), #6109, 'distance_accuracy_value', 'NONE');
#576 = ADVANCED_FACE ( 'NONE', ( #2120 ), #5272, .T. ) ;
#577 = CARTESIAN_POINT ( 'NONE',  ( 2.995000000000000107, -0.2800000000000000266, -2.499999999999999556 ) ) ;
#578 = VECTOR ( 'NONE', #6046, 1000.000000000000000 ) ;
#579 = VECTOR ( 'NONE', #25, 1000.000000000000000 ) ;
#580 = PRESENTATION_STYLE_ASSIGNMENT (( #689 ) ) ;
#581 = VECTOR ( 'NONE', #4971, 1000.000000000000227 ) ;
#582 = FACE_OUTER_BOUND ( 'NONE', #1599, .T. ) ;
#583 = SURFACE_STYLE_FILL_AREA ( #1566 ) ;
#584 = CARTESIAN_POINT ( 'NONE',  ( 0.9599700567548552499, -0.3300000000000000155, 2.055898026412705804 ) ) ;
#585 = ORIENTED_EDGE ( 'NONE', *, *, #5004, .F. ) ;
#586 = ADVANCED_FACE ( 'NONE', ( #1600 ), #145, .T. ) ;
#587 = LINE ( 'NONE', #2612, #4846 ) ;
#588 = AXIS2_PLACEMENT_3D ( 'NONE', #1333, #4772, #4803 ) ;
#589 = VECTOR ( 'NONE', #3820, 1000.000000000000000 ) ;
#590 = DIRECTION ( 'NONE',  ( -1.700709290173341642E-15, 0.000000000000000000, -1.000000000000000000 ) ) ;
#591 = DIRECTION ( 'NONE',  ( 1.000000000000000000, 0.000000000000000000, 2.047499167272383645E-15 ) ) ;
#592 = ORIENTED_EDGE ( 'NONE', *, *, #3193, .F. ) ;
#593 = CARTESIAN_POINT ( 'NONE',  ( -2.409999999997580744, -0.3300000000000000155, 1.624999999989995558 ) ) ;
#594 = VERTEX_POINT ( 'NONE', #597 ) ;
#595 = MECHANICAL_DESIGN_GEOMETRIC_PRESENTATION_REPRESENTATION (  '', ( #4440 ), #1246 ) ;
#596 = FILL_AREA_STYLE_COLOUR ( '', #4543 ) ;
#597 = CARTESIAN_POINT ( 'NONE',  ( -3.120000000023992470, -0.3300000000000000155, 1.700000000051197890 ) ) ;
#598 = VERTEX_POINT ( 'NONE', #5202 ) ;
#599 = SURFACE_STYLE_USAGE ( .BOTH. , #1704 ) ;
#600 = FACE_OUTER_BOUND ( 'NONE', #2887, .T. ) ;
#601 = STYLED_ITEM ( 'NONE', ( #4764 ), #4162 ) ;
#602 = STYLED_ITEM ( 'NONE', ( #3887 ), #2210 ) ;
#603 = DIRECTION ( 'NONE',  ( 0.000000000000000000, 0.000000000000000000, -1.000000000000000000 ) ) ;
#604 = MECHANICAL_DESIGN_GEOMETRIC_PRESENTATION_REPRESENTATION (  '', ( #1459 ), #3920 ) ;
#605 = ORIENTED_EDGE ( 'NONE', *, *, #4299, .F. ) ;
#606 = ORIENTED_EDGE ( 'NONE', *, *, #3858, .F. ) ;
#607 = CARTESIAN_POINT ( 'NONE',  ( -2.964094982814913237, -0.2800000000000000266, -2.499999999999999556 ) ) ;
#608 = ORIENTED_EDGE ( 'NONE', *, *, #1748, .T. ) ;
#609 =( GEOMETRIC_REPRESENTATION_CONTEXT ( 3 ) GLOBAL_UNCERTAINTY_ASSIGNED_CONTEXT ( ( #5073 ) ) GLOBAL_UNIT_ASSIGNED_CONTEXT ( ( #1765, #5428, #1794 ) ) REPRESENTATION_CONTEXT ( 'NONE', 'WORKASPACE' ) );
#610 = CARTESIAN_POINT ( 'NONE',  ( -2.409999999997580744, -0.3300000000000000155, 0.3550000000132058631 ) ) ;
#611 = PRESENTATION_STYLE_ASSIGNMENT (( #5741 ) ) ;
#612 = LINE ( 'NONE', #4241, #4288 ) ;
#613 = EDGE_CURVE ( 'NONE', #4819, #1176, #4193, .T. ) ;
#614 = ORIENTED_EDGE ( 'NONE', *, *, #1470, .T. ) ;
#615 = DIRECTION ( 'NONE',  ( -0.000000000000000000, 1.000000000000000000, 0.000000000000000000 ) ) ;
#616 = FILL_AREA_STYLE_COLOUR ( '', #2894 ) ;
#617 =( NAMED_UNIT ( * ) PLANE_ANGLE_UNIT ( ) SI_UNIT ( $, .RADIAN. ) );
#618 =( LENGTH_UNIT ( ) NAMED_UNIT ( * ) SI_UNIT ( .MILLI., .METRE. ) );
#619 = DIRECTION ( 'NONE',  ( -1.000000000000000000, 0.000000000000000000, 0.000000000000000000 ) ) ;
#620 = VERTEX_POINT ( 'NONE', #4258 ) ;
#621 = CARTESIAN_POINT ( 'NONE',  ( -400000.0000000000000, -0.3300000000000000155, -0.8649999999761348590 ) ) ;
#622 = UNCERTAINTY_MEASURE_WITH_UNIT (LENGTH_MEASURE( 1.000000000000000082E-05 ), #1908, 'distance_accuracy_value', 'NONE');
#623 = LINE ( 'NONE', #3664, #4411 ) ;
#624 = PRESENTATION_STYLE_ASSIGNMENT (( #5689 ) ) ;
#625 = DIRECTION ( 'NONE',  ( -0.000000000000000000, -1.000000000000000000, -0.000000000000000000 ) ) ;
#626 = EDGE_CURVE ( 'NONE', #116, #2572, #5798, .T. ) ;
#627 = VERTEX_POINT ( 'NONE', #4437 ) ;
#628 = SURFACE_SIDE_STYLE ('',( #28 ) ) ;
#629 = EDGE_LOOP ( 'NONE', ( #6027, #1481, #1645, #4884 ) ) ;
#630 = LINE ( 'NONE', #1764, #5491 ) ;
#631 = SURFACE_SIDE_STYLE ('',( #3672 ) ) ;
#632 = VERTEX_POINT ( 'NONE', #5305 ) ;
#633 = SURFACE_SIDE_STYLE ('',( #4644 ) ) ;
#634 = ADVANCED_FACE ( 'NONE', ( #285 ), #5934, .T. ) ;
#635 = DIRECTION ( 'NONE',  ( 0.2142384203776572238, 0.000000000000000000, 0.9767813978747169612 ) ) ;
#636 = VERTEX_POINT ( 'NONE', #3293 ) ;
#637 = FACE_OUTER_BOUND ( 'NONE', #211, .T. ) ;
#638 = EDGE_CURVE ( 'NONE', #2324, #6300, #5858, .T. ) ;
#639 = VERTEX_POINT ( 'NONE', #1891 ) ;
#640 = EDGE_CURVE ( 'NONE', #6121, #672, #6136, .T. ) ;
#641 = COLOUR_RGB ( '',0.7686274509803920907, 0.7686274509803920907, 0.7686274509803920907 ) ;
#642 = LINE ( 'NONE', #4708, #1551 ) ;
#643 = ORIENTED_EDGE ( 'NONE', *, *, #5371, .T. ) ;
#644 = CARTESIAN_POINT ( 'NONE',  ( -400000.0000000000000, -0.3300000000000000155, -0.8649999999761348590 ) ) ;
#645 = DIRECTION ( 'NONE',  ( 0.000000000000000000, -0.000000000000000000, 1.000000000000000000 ) ) ;
#646 = ORIENTED_EDGE ( 'NONE', *, *, #3135, .T. ) ;
#647 = DIRECTION ( 'NONE',  ( 0.000000000000000000, -0.000000000000000000, 1.000000000000000000 ) ) ;
#648 = LINE ( 'NONE', #3796, #5058 ) ;
#649 = MECHANICAL_DESIGN_GEOMETRIC_PRESENTATION_REPRESENTATION (  '', ( #985 ), #1513 ) ;
#650 = DIRECTION ( 'NONE',  ( 0.000000000000000000, 0.000000000000000000, -1.000000000000000000 ) ) ;
#651 = DIRECTION ( 'NONE',  ( 0.000000000000000000, 0.000000000000000000, -1.000000000000000000 ) ) ;
#652 = PLANE ( 'NONE',  #3650 ) ;
#653 = CARTESIAN_POINT ( 'NONE',  ( -79370.19065866491292, -0.3300000000000000155, 361874.0500164473196 ) ) ;
#654 = DIRECTION ( 'NONE',  ( 0.000000000000000000, 1.000000000000000000, 0.000000000000000000 ) ) ;
#655 = ORIENTED_EDGE ( 'NONE', *, *, #1810, .F. ) ;
#656 = PRESENTATION_STYLE_ASSIGNMENT (( #6264 ) ) ;
#657 = CARTESIAN_POINT ( 'NONE',  ( 3.014094982802362210, -0.3300000000000000155, 0.4299999999711813792 ) ) ;
#658 = SURFACE_STYLE_FILL_AREA ( #2282 ) ;
#659 = EDGE_LOOP ( 'NONE', ( #655, #3684, #44, #146 ) ) ;
#660 = ORIENTED_EDGE ( 'NONE', *, *, #5289, .T. ) ;
#661 = DIRECTION ( 'NONE',  ( 0.000000000000000000, 1.000000000000000000, 0.000000000000000000 ) ) ;
#662 = EDGE_LOOP ( 'NONE', ( #569, #5757, #184, #113 ) ) ;
#663 = PRESENTATION_STYLE_ASSIGNMENT (( #147 ) ) ;
#664 = DIRECTION ( 'NONE',  ( 1.000000000000000000, 0.000000000000000000, 0.000000000000000000 ) ) ;
#665 =( NAMED_UNIT ( * ) SI_UNIT ( $, .STERADIAN. ) SOLID_ANGLE_UNIT ( ) );
#666 =( GEOMETRIC_REPRESENTATION_CONTEXT ( 3 ) GLOBAL_UNCERTAINTY_ASSIGNED_CONTEXT ( ( #1547 ) ) GLOBAL_UNIT_ASSIGNED_CONTEXT ( ( #3497, #6460, #3965 ) ) REPRESENTATION_CONTEXT ( 'NONE', 'WORKASPACE' ) );
#667 = PRESENTATION_STYLE_ASSIGNMENT (( #5240 ) ) ;
#668 = ORIENTED_EDGE ( 'NONE', *, *, #1456, .T. ) ;
#669 = SURFACE_SIDE_STYLE ('',( #4161 ) ) ;
#670 = EDGE_CURVE ( 'NONE', #3721, #1446, #6370, .T. ) ;
#671 = PRESENTATION_LAYER_ASSIGNMENT (  '', '', ( #112 ) ) ;
#672 = VERTEX_POINT ( 'NONE', #244 ) ;
#673 = VECTOR ( 'NONE', #4172, 1000.000000000000000 ) ;
#674 =( NAMED_UNIT ( * ) PLANE_ANGLE_UNIT ( ) SI_UNIT ( $, .RADIAN. ) );
#675 = ORIENTED_EDGE ( 'NONE', *, *, #4121, .F. ) ;
#676 = CARTESIAN_POINT ( 'NONE',  ( 2.994999999999999218, 0.000000000000000000, 2.499999999999998668 ) ) ;
#677 = VECTOR ( 'NONE', #2749, 1000.000000000000000 ) ;
#678 = PRESENTATION_STYLE_ASSIGNMENT (( #2632 ) ) ;
#679 =( NAMED_UNIT ( * ) SI_UNIT ( $, .STERADIAN. ) SOLID_ANGLE_UNIT ( ) );
#680 =( GEOMETRIC_REPRESENTATION_CONTEXT ( 3 ) GLOBAL_UNCERTAINTY_ASSIGNED_CONTEXT ( ( #6071 ) ) GLOBAL_UNIT_ASSIGNED_CONTEXT ( ( #3536, #4097, #422 ) ) REPRESENTATION_CONTEXT ( 'NONE', 'WORKASPACE' ) );
#681 = ORIENTED_EDGE ( 'NONE', *, *, #1259, .T. ) ;
#682 =( GEOMETRIC_REPRESENTATION_CONTEXT ( 3 ) GLOBAL_UNCERTAINTY_ASSIGNED_CONTEXT ( ( #3565 ) ) GLOBAL_UNIT_ASSIGNED_CONTEXT ( ( #1584, #3646, #6174 ) ) REPRESENTATION_CONTEXT ( 'NONE', 'WORKASPACE' ) );
#683 = AXIS2_PLACEMENT_3D ( 'NONE', #871, #3937, #3833 ) ;
#684 = STYLED_ITEM ( 'NONE', ( #2338 ), #1094 ) ;
#685 = CARTESIAN_POINT ( 'NONE',  ( -399999.9999999993597, -0.3300000000000000155, -1.700000000823820301 ) ) ;
#686 = CARTESIAN_POINT ( 'NONE',  ( 2.994999999999999218, 6.776263578034402713E-18, 2.063789810308649830 ) ) ;
#687 = PRESENTATION_LAYER_ASSIGNMENT (  '', '', ( #3127 ) ) ;
#688 = PLANE ( 'NONE',  #1168 ) ;
#689 = SURFACE_STYLE_USAGE ( .BOTH. , #3176 ) ;
#690 = DIRECTION ( 'NONE',  ( 1.734723475976807587E-16, 0.000000000000000000, -1.000000000000000000 ) ) ;
#691 = LINE ( 'NONE', #5223, #4532 ) ;
#692 = VECTOR ( 'NONE', #3244, 1000.000000000000000 ) ;
#693 = EDGE_LOOP ( 'NONE', ( #713, #4363, #6599, #2251 ) ) ;
#694 = SURFACE_STYLE_FILL_AREA ( #5127 ) ;
#695 =( NAMED_UNIT ( * ) SI_UNIT ( $, .STERADIAN. ) SOLID_ANGLE_UNIT ( ) );
#696 = VECTOR ( 'NONE', #4249, 1000.000000000000000 ) ;
#697 = DIRECTION ( 'NONE',  ( 0.000000000000000000, 1.000000000000000000, 0.000000000000000000 ) ) ;
#698 = CYLINDRICAL_SURFACE ( 'NONE', #1539, 0.05000000000000012768 ) ;
#699 = PRESENTATION_STYLE_ASSIGNMENT (( #1760 ) ) ;
#700 = ORIENTED_EDGE ( 'NONE', *, *, #1403, .T. ) ;
#701 = PRESENTATION_STYLE_ASSIGNMENT (( #2851 ) ) ;
#702 = ORIENTED_EDGE ( 'NONE', *, *, #726, .T. ) ;
#703 = EDGE_CURVE ( 'NONE', #2165, #6573, #842, .T. ) ;
#704 = LINE ( 'NONE', #1731, #2817 ) ;
#705 = ORIENTED_EDGE ( 'NONE', *, *, #5289, .F. ) ;
#706 = VECTOR ( 'NONE', #1205, 1000.000000000000000 ) ;
#707 =( LENGTH_UNIT ( ) NAMED_UNIT ( * ) SI_UNIT ( .MILLI., .METRE. ) );
#708 = DIRECTION ( 'NONE',  ( 0.000000000000000000, 0.000000000000000000, 1.000000000000000000 ) ) ;
#709 = ORIENTED_EDGE ( 'NONE', *, *, #2414, .F. ) ;
#710 = COLOUR_RGB ( '',0.7686274509803920907, 0.7686274509803920907, 0.7686274509803920907 ) ;
#711 = CARTESIAN_POINT ( 'NONE',  ( -2.409999999997580744, -0.2800000000000000266, -0.3550000000132058631 ) ) ;
#712 = EDGE_CURVE ( 'NONE', #4526, #5379, #2818, .T. ) ;
#713 = ORIENTED_EDGE ( 'NONE', *, *, #773, .F. ) ;
#714 = MECHANICAL_DESIGN_GEOMETRIC_PRESENTATION_REPRESENTATION (  '', ( #486 ), #1150 ) ;
#715 = VECTOR ( 'NONE', #159, 1000.000000000000000 ) ;
#716 = VECTOR ( 'NONE', #2442, 1000.000000000000000 ) ;
#717 = SURFACE_STYLE_FILL_AREA ( #5279 ) ;
#718 = VECTOR ( 'NONE', #1575, 1000.000000000000000 ) ;
#719 = VERTEX_POINT ( 'NONE', #5885 ) ;
#720 = CYLINDRICAL_SURFACE ( 'NONE', #4332, 0.05000000000000012768 ) ;
#721 = FILL_AREA_STYLE_COLOUR ( '', #3337 ) ;
#722 = LINE ( 'NONE', #2694, #3103 ) ;
#723 = EDGE_CURVE ( 'NONE', #4983, #1962, #1338, .T. ) ;
#724 = MECHANICAL_DESIGN_GEOMETRIC_PRESENTATION_REPRESENTATION (  '', ( #3593 ), #5174 ) ;
#725 = LINE ( 'NONE', #4791, #4746 ) ;
#726 = EDGE_CURVE ( 'NONE', #2640, #2660, #2854, .T. ) ;
#727 = SURFACE_SIDE_STYLE ('',( #2776 ) ) ;
#728 =( NAMED_UNIT ( * ) SI_UNIT ( $, .STERADIAN. ) SOLID_ANGLE_UNIT ( ) );
#729 = CARTESIAN_POINT ( 'NONE',  ( -400000.0000000001164, -0.3300000000000000155, 0.3550000001837361197 ) ) ;
#730 = DIRECTION ( 'NONE',  ( -0.000000000000000000, 1.000000000000000000, 0.000000000000000000 ) ) ;
#731 = FILL_AREA_STYLE_COLOUR ( '', #124 ) ;
#732 = EDGE_CURVE ( 'NONE', #1800, #4682, #4933, .T. ) ;
#733 = PLANE ( 'NONE',  #3009 ) ;
#734 = DIRECTION ( 'NONE',  ( 0.000000000000000000, 0.000000000000000000, 1.000000000000000000 ) ) ;
#735 = LINE ( 'NONE', #4286, #1321 ) ;
#736 = FACE_OUTER_BOUND ( 'NONE', #39, .T. ) ;
#737 = CARTESIAN_POINT ( 'NONE',  ( 0.9599700567264335405, -0.2800000000000000266, -2.499999999999999556 ) ) ;
#738 = STYLED_ITEM ( 'NONE', ( #368 ), #1618 ) ;
#739 = DIRECTION ( 'NONE',  ( -0.000000000000000000, 1.000000000000000000, 0.000000000000000000 ) ) ;
#740 = CYLINDRICAL_SURFACE ( 'NONE', #827, 0.04999999999999991257 ) ;
#741 = ORIENTED_EDGE ( 'NONE', *, *, #3915, .F. ) ;
#742 = FACE_OUTER_BOUND ( 'NONE', #1803, .T. ) ;
#743 = DIRECTION ( 'NONE',  ( 0.000000000000000000, 0.000000000000000000, -1.000000000000000000 ) ) ;
#744 = SURFACE_STYLE_USAGE ( .BOTH. , #5308 ) ;
#745 = ORIENTED_EDGE ( 'NONE', *, *, #2139, .F. ) ;
#746 = VERTEX_POINT ( 'NONE', #2378 ) ;
#747 = PLANE ( 'NONE',  #2434 ) ;
#748 = ORIENTED_EDGE ( 'NONE', *, *, #4667, .F. ) ;
#749 = SURFACE_STYLE_FILL_AREA ( #6411 ) ;
#750 = VERTEX_POINT ( 'NONE', #3942 ) ;
#751 = DIRECTION ( 'NONE',  ( 1.000000000000000000, -0.000000000000000000, -2.896032514151599311E-16 ) ) ;
#752 = SURFACE_SIDE_STYLE ('',( #5840 ) ) ;
#753 =( LENGTH_UNIT ( ) NAMED_UNIT ( * ) SI_UNIT ( .MILLI., .METRE. ) );
#754 = COLOUR_RGB ( '',0.7686274509803920907, 0.7686274509803920907, 0.7686274509803920907 ) ;
#755 = DIRECTION ( 'NONE',  ( 0.000000000000000000, 1.000000000000000000, 0.000000000000000000 ) ) ;
#756 = LINE ( 'NONE', #6358, #4784 ) ;
#757 = DIRECTION ( 'NONE',  ( 0.000000000000000000, 1.000000000000000000, 0.000000000000000000 ) ) ;
#758 = MECHANICAL_DESIGN_GEOMETRIC_PRESENTATION_REPRESENTATION (  '', ( #1603 ), #3521 ) ;
#759 = DIRECTION ( 'NONE',  ( 1.734723475976807587E-16, 0.000000000000000000, -1.000000000000000000 ) ) ;
#760 = DIRECTION ( 'NONE',  ( 0.2142384203776569462, 0.000000000000000000, -0.9767813978747170722 ) ) ;
#761 =( GEOMETRIC_REPRESENTATION_CONTEXT ( 3 ) GLOBAL_UNCERTAINTY_ASSIGNED_CONTEXT ( ( #1317 ) ) GLOBAL_UNIT_ASSIGNED_CONTEXT ( ( #707, #71, #1577 ) ) REPRESENTATION_CONTEXT ( 'NONE', 'WORKASPACE' ) );
#762 = UNCERTAINTY_MEASURE_WITH_UNIT (LENGTH_MEASURE( 1.000000000000000082E-05 ), #2028, 'distance_accuracy_value', 'NONE');
#763 = SURFACE_SIDE_STYLE ('',( #5330 ) ) ;
#764 = CARTESIAN_POINT ( 'NONE',  ( 2.994999999999999218, 0.000000000000000000, 2.499999999999998668 ) ) ;
#765 = FILL_AREA_STYLE ('',( #5267 ) ) ;
#766 = MECHANICAL_DESIGN_GEOMETRIC_PRESENTATION_REPRESENTATION (  '', ( #5122 ), #2447 ) ;
#767 = EDGE_CURVE ( 'NONE', #1927, #811, #6337, .T. ) ;
#768 = FACE_OUTER_BOUND ( 'NONE', #1500, .T. ) ;
#769 = ORIENTED_EDGE ( 'NONE', *, *, #3407, .F. ) ;
#770 =( NAMED_UNIT ( * ) PLANE_ANGLE_UNIT ( ) SI_UNIT ( $, .RADIAN. ) );
#771 = LINE ( 'NONE', #2320, #1229 ) ;
#772 = EDGE_LOOP ( 'NONE', ( #3895, #5316, #6167, #2287, #5141, #3922, #6312, #4668, #5693, #245 ) ) ;
#773 = EDGE_CURVE ( 'NONE', #895, #4045, #4806, .T. ) ;
#774 =( NAMED_UNIT ( * ) PLANE_ANGLE_UNIT ( ) SI_UNIT ( $, .RADIAN. ) );
#775 = ORIENTED_EDGE ( 'NONE', *, *, #5487, .F. ) ;
#776 = FACE_OUTER_BOUND ( 'NONE', #1115, .T. ) ;
#777 = EDGE_CURVE ( 'NONE', #636, #1118, #3809, .T. ) ;
#778 = ORIENTED_EDGE ( 'NONE', *, *, #1876, .F. ) ;
#779 = VECTOR ( 'NONE', #1565, 1000.000000000000000 ) ;
#780 = MECHANICAL_DESIGN_GEOMETRIC_PRESENTATION_REPRESENTATION (  '', ( #4277 ), #2889 ) ;
#781 = FILL_AREA_STYLE_COLOUR ( '', #476 ) ;
#782 = ORIENTED_EDGE ( 'NONE', *, *, #524, .F. ) ;
#783 = DIRECTION ( 'NONE',  ( 0.000000000000000000, 0.000000000000000000, -1.000000000000000000 ) ) ;
#784 = DIRECTION ( 'NONE',  ( 0.000000000000000000, 0.000000000000000000, 1.000000000000000000 ) ) ;
#785 = EDGE_CURVE ( 'NONE', #2961, #5210, #2909, .T. ) ;
#786 = COLOUR_RGB ( '',0.7686274509803920907, 0.7686274509803920907, 0.7686274509803920907 ) ;
#787 = COLOUR_RGB ( '',0.7686274509803920907, 0.7686274509803920907, 0.7686274509803920907 ) ;
#788 = EDGE_CURVE ( 'NONE', #3752, #6578, #4993, .T. ) ;
#789 = UNCERTAINTY_MEASURE_WITH_UNIT (LENGTH_MEASURE( 1.000000000000000082E-05 ), #5945, 'distance_accuracy_value', 'NONE');
#790 = SURFACE_STYLE_USAGE ( .BOTH. , #6319 ) ;
#791 = CARTESIAN_POINT ( 'NONE',  ( -3.014094982802362210, -0.3300000000000000155, -0.7899999999999999245 ) ) ;
#792 = CIRCLE ( 'NONE', #4079, 0.05000000000000012768 ) ;
#793 =( GEOMETRIC_REPRESENTATION_CONTEXT ( 3 ) GLOBAL_UNCERTAINTY_ASSIGNED_CONTEXT ( ( #3481 ) ) GLOBAL_UNIT_ASSIGNED_CONTEXT ( ( #4243, #3794, #3276 ) ) REPRESENTATION_CONTEXT ( 'NONE', 'WORKASPACE' ) );
#794 = SURFACE_STYLE_USAGE ( .BOTH. , #727 ) ;
#795 = VECTOR ( 'NONE', #5358, 1000.000000000000000 ) ;
#796 = SURFACE_STYLE_USAGE ( .BOTH. , #5351 ) ;
#797 = MECHANICAL_DESIGN_GEOMETRIC_PRESENTATION_REPRESENTATION (  '', ( #5675 ), #5888 ) ;
#798 = DIRECTION ( 'NONE',  ( 3.913416313492608067E-16, -0.000000000000000000, 1.000000000000000000 ) ) ;
#799 = LINE ( 'NONE', #2808, #3040 ) ;
#800 = DIRECTION ( 'NONE',  ( 1.000000000000000000, 0.000000000000000000, 0.000000000000000000 ) ) ;
#801 = AXIS2_PLACEMENT_3D ( 'NONE', #1158, #4711, #119 ) ;
#802 = DIRECTION ( 'NONE',  ( 1.000000000000000000, 0.000000000000000000, -0.000000000000000000 ) ) ;
#803 = CARTESIAN_POINT ( 'NONE',  ( 0.4499700567066611256, -0.3300000000000000155, 1.880000000024491413 ) ) ;
#804 = CARTESIAN_POINT ( 'NONE',  ( 2.994999999999999662, -0.3300000000000000155, 0.4262101896913494947 ) ) ;
#805 =( NAMED_UNIT ( * ) PLANE_ANGLE_UNIT ( ) SI_UNIT ( $, .RADIAN. ) );
#806 = VECTOR ( 'NONE', #5900, 1000.000000000000000 ) ;
#807 = EDGE_CURVE ( 'NONE', #1383, #2918, #2510, .T. ) ;
#808 = PRESENTATION_STYLE_ASSIGNMENT (( #840 ) ) ;
#809 = DIRECTION ( 'NONE',  ( 0.000000000000000000, 0.000000000000000000, -1.000000000000000000 ) ) ;
#810 = SURFACE_STYLE_USAGE ( .BOTH. , #6463 ) ;
#811 = VERTEX_POINT ( 'NONE', #5587 ) ;
#812 = LINE ( 'NONE', #1823, #2250 ) ;
#813 = LINE ( 'NONE', #1960, #3279 ) ;
#814 = MECHANICAL_DESIGN_GEOMETRIC_PRESENTATION_REPRESENTATION (  '', ( #1552 ), #463 ) ;
#815 = PRESENTATION_LAYER_ASSIGNMENT (  '', '', ( #5583 ) ) ;
#816 = ORIENTED_EDGE ( 'NONE', *, *, #3639, .F. ) ;
#817 =( NAMED_UNIT ( * ) SI_UNIT ( $, .STERADIAN. ) SOLID_ANGLE_UNIT ( ) );
#818 = VERTEX_POINT ( 'NONE', #2974 ) ;
#819 = LINE ( 'NONE', #393, #2062 ) ;
#820 = PRESENTATION_LAYER_ASSIGNMENT (  '', '', ( #259 ) ) ;
#821 = CIRCLE ( 'NONE', #1975, 0.04999999999999991257 ) ;
#822 = CARTESIAN_POINT ( 'NONE',  ( -3.014094982814587986, -0.3300000000000000155, 0.8400000000000005240 ) ) ;
#823 = VERTEX_POINT ( 'NONE', #4085 ) ;
#824 = LINE ( 'NONE', #4420, #6135 ) ;
#825 =( NAMED_UNIT ( * ) SI_UNIT ( $, .STERADIAN. ) SOLID_ANGLE_UNIT ( ) );
#826 = VECTOR ( 'NONE', #4204, 1000.000000000000000 ) ;
#827 = AXIS2_PLACEMENT_3D ( 'NONE', #144, #4192, #4805 ) ;
#828 = LINE ( 'NONE', #3243, #228 ) ;
#829 = PRESENTATION_LAYER_ASSIGNMENT (  '', '', ( #2827 ) ) ;
#830 = DIRECTION ( 'NONE',  ( -4.773003671468901982E-16, 0.000000000000000000, -1.000000000000000000 ) ) ;
#831 = DIRECTION ( 'NONE',  ( 0.000000000000000000, 1.000000000000000000, 0.000000000000000000 ) ) ;
#832 = STYLED_ITEM ( 'NONE', ( #168 ), #4050 ) ;
#833 = MECHANICAL_DESIGN_GEOMETRIC_PRESENTATION_REPRESENTATION (  '', ( #5932 ), #5300 ) ;
#834 = ORIENTED_EDGE ( 'NONE', *, *, #1755, .T. ) ;
#835 = CARTESIAN_POINT ( 'NONE',  ( 2.994999999999999218, 0.000000000000000000, 2.499999999999998668 ) ) ;
#836 = DIRECTION ( 'NONE',  ( 0.000000000000000000, 1.000000000000000000, 0.000000000000000000 ) ) ;
#837 = LINE ( 'NONE', #803, #123 ) ;
#838 = CARTESIAN_POINT ( 'NONE',  ( 2.409999999997580744, -0.2800000000000000266, 0.3549999999992132227 ) ) ;
#839 = FACE_OUTER_BOUND ( 'NONE', #851, .T. ) ;
#840 = SURFACE_STYLE_USAGE ( .BOTH. , #1856 ) ;
#841 = DIRECTION ( 'NONE',  ( -1.700709290173341445E-15, 0.000000000000000000, -1.000000000000000000 ) ) ;
#842 = LINE ( 'NONE', #1271, #4447 ) ;
#843 = EDGE_LOOP ( 'NONE', ( #3991, #5833, #2677, #512 ) ) ;
#844 = DIRECTION ( 'NONE',  ( 5.204170427930421283E-16, -0.000000000000000000, 1.000000000000000000 ) ) ;
#845 = PRESENTATION_STYLE_ASSIGNMENT (( #879 ) ) ;
#846 = ORIENTED_EDGE ( 'NONE', *, *, #6287, .T. ) ;
#847 = DIRECTION ( 'NONE',  ( 0.000000000000000000, 1.000000000000000000, 0.000000000000000000 ) ) ;
#848 = ADVANCED_FACE ( 'NONE', ( #3999 ), #1989, .T. ) ;
#849 = SURFACE_STYLE_USAGE ( .BOTH. , #1278 ) ;
#850 = EDGE_CURVE ( 'NONE', #6534, #4189, #4535, .T. ) ;
#851 = EDGE_LOOP ( 'NONE', ( #4165, #5139, #4157, #1167 ) ) ;
#852 = LINE ( 'NONE', #2861, #5852 ) ;
#853 = SURFACE_SIDE_STYLE ('',( #3435 ) ) ;
#854 = EDGE_CURVE ( 'NONE', #4461, #5130, #1396, .T. ) ;
#855 = ORIENTED_EDGE ( 'NONE', *, *, #2566, .F. ) ;
#856 = CIRCLE ( 'NONE', #6054, 0.05000000000000012768 ) ;
#857 = CARTESIAN_POINT ( 'NONE',  ( -3.014094982814587986, 0.000000000000000000, -0.8399999999999998579 ) ) ;
#858 = ORIENTED_EDGE ( 'NONE', *, *, #4536, .F. ) ;
#859 = SURFACE_STYLE_FILL_AREA ( #2301 ) ;
#860 = EDGE_CURVE ( 'NONE', #5807, #3238, #5099, .T. ) ;
#861 = EDGE_CURVE ( 'NONE', #1199, #4507, #2410, .T. ) ;
#862 = UNCERTAINTY_MEASURE_WITH_UNIT (LENGTH_MEASURE( 1.000000000000000082E-05 ), #1340, 'distance_accuracy_value', 'NONE');
#863 = SURFACE_SIDE_STYLE ('',( #2742 ) ) ;
#864 =( NAMED_UNIT ( * ) PLANE_ANGLE_UNIT ( ) SI_UNIT ( $, .RADIAN. ) );
#865 = VERTEX_POINT ( 'NONE', #3526 ) ;
#866 = CARTESIAN_POINT ( 'NONE',  ( 3.014094982814587986, -0.3300000000000000155, -2.109999999999999876 ) ) ;
#867 = CARTESIAN_POINT ( 'NONE',  ( 2.994999999999999218, 0.000000000000000000, 2.499999999999998668 ) ) ;
#868 = EDGE_CURVE ( 'NONE', #1454, #3372, #3044, .T. ) ;
#869 = LINE ( 'NONE', #2875, #4552 ) ;
#870 = STYLED_ITEM ( 'NONE', ( #6201 ), #3401 ) ;
#871 = CARTESIAN_POINT ( 'NONE',  ( 3.014094982814587986, -0.2800000000000000266, -1.649999999999999467 ) ) ;
#872 = DIRECTION ( 'NONE',  ( 0.000000000000000000, 0.000000000000000000, -1.000000000000000000 ) ) ;
#873 = EDGE_CURVE ( 'NONE', #6534, #1087, #505, .T. ) ;
#874 = SURFACE_STYLE_USAGE ( .BOTH. , #5427 ) ;
#875 = CARTESIAN_POINT ( 'NONE',  ( 0.5249700567192066014, -0.2800000000000000266, -2.500000000000001332 ) ) ;
#876 = DIRECTION ( 'NONE',  ( 0.000000000000000000, 1.000000000000000000, 0.000000000000000000 ) ) ;
#877 = VERTEX_POINT ( 'NONE', #6609 ) ;
#878 = SURFACE_SIDE_STYLE ('',( #5430 ) ) ;
#879 = SURFACE_STYLE_USAGE ( .BOTH. , #2755 ) ;
#880 = CARTESIAN_POINT ( 'NONE',  ( -2.964094982814913237, -0.3300000000000000155, 291550.0000000000000 ) ) ;
#881 = CIRCLE ( 'NONE', #4492, 0.05000000000000012768 ) ;
#882 = CYLINDRICAL_SURFACE ( 'NONE', #17, 0.04999999999999991257 ) ;
#883 = VERTEX_POINT ( 'NONE', #1464 ) ;
#884 = VERTEX_POINT ( 'NONE', #2046 ) ;
#885 = FILL_AREA_STYLE_COLOUR ( '', #2715 ) ;
#886 = ORIENTED_EDGE ( 'NONE', *, *, #6602, .F. ) ;
#887 = CARTESIAN_POINT ( 'NONE',  ( -3.014094982802362210, -0.3300000000000000155, 2.059999999971751095 ) ) ;
#888 = PRESENTATION_STYLE_ASSIGNMENT (( #4919 ) ) ;
#889 = EDGE_CURVE ( 'NONE', #4131, #3721, #3424, .T. ) ;
#890 =( GEOMETRIC_REPRESENTATION_CONTEXT ( 3 ) GLOBAL_UNCERTAINTY_ASSIGNED_CONTEXT ( ( #6597 ) ) GLOBAL_UNIT_ASSIGNED_CONTEXT ( ( #6372, #3944, #3264 ) ) REPRESENTATION_CONTEXT ( 'NONE', 'WORKASPACE' ) );
#891 = FILL_AREA_STYLE ('',( #1359 ) ) ;
#892 = AXIS2_PLACEMENT_3D ( 'NONE', #4354, #5784, #2308 ) ;
#893 =( LENGTH_UNIT ( ) NAMED_UNIT ( * ) SI_UNIT ( .MILLI., .METRE. ) );
#894 = MECHANICAL_DESIGN_GEOMETRIC_PRESENTATION_REPRESENTATION (  '', ( #3652 ), #1521 ) ;
#895 = VERTEX_POINT ( 'NONE', #385 ) ;
#896 = DIRECTION ( 'NONE',  ( 1.734723475976807587E-16, 0.000000000000000000, -1.000000000000000000 ) ) ;
#897 = STYLED_ITEM ( 'NONE', ( #52 ), #5194 ) ;
#898 = COLOUR_RGB ( '',0.2941176470588235392, 0.2941176470588235392, 0.2941176470588235392 ) ;
#899 = VECTOR ( 'NONE', #6110, 1000.000000000000000 ) ;
#900 =( NAMED_UNIT ( * ) PLANE_ANGLE_UNIT ( ) SI_UNIT ( $, .RADIAN. ) );
#901 = CARTESIAN_POINT ( 'NONE',  ( 2.995000000000000107, -0.2800000000000000266, -2.063789810308649386 ) ) ;
#902 = MECHANICAL_DESIGN_GEOMETRIC_PRESENTATION_REPRESENTATION (  '', ( #3552 ), #5255 ) ;
#903 = VECTOR ( 'NONE', #4862, 1000.000000000000000 ) ;
#904 = LINE ( 'NONE', #971, #6197 ) ;
#905 = LINE ( 'NONE', #875, #481 ) ;
#906 = SURFACE_STYLE_USAGE ( .BOTH. , #2474 ) ;
#907 = AXIS2_PLACEMENT_3D ( 'NONE', #503, #3594, #5614 ) ;
#908 = ORIENTED_EDGE ( 'NONE', *, *, #5082, .F. ) ;
#909 = FILL_AREA_STYLE ('',( #4502 ) ) ;
#910 = MECHANICAL_DESIGN_GEOMETRIC_PRESENTATION_REPRESENTATION (  '', ( #684 ), #4731 ) ;
#911 = DIRECTION ( 'NONE',  ( 0.000000000000000000, 0.000000000000000000, 1.000000000000000000 ) ) ;
#912 = DIRECTION ( 'NONE',  ( -1.000000000000000000, 0.000000000000000000, -0.000000000000000000 ) ) ;
#913 = FACE_OUTER_BOUND ( 'NONE', #2011, .T. ) ;
#914 = AXIS2_PLACEMENT_3D ( 'NONE', #6133, #6532, #5005 ) ;
#915 = SURFACE_STYLE_FILL_AREA ( #322 ) ;
#916 = VERTEX_POINT ( 'NONE', #3967 ) ;
#917 =( LENGTH_UNIT ( ) NAMED_UNIT ( * ) SI_UNIT ( .MILLI., .METRE. ) );
#918 = LINE ( 'NONE', #5375, #4083 ) ;
#919 =( LENGTH_UNIT ( ) NAMED_UNIT ( * ) SI_UNIT ( .MILLI., .METRE. ) );
#920 = AXIS2_PLACEMENT_3D ( 'NONE', #72, #4703, #6165 ) ;
#921 = LINE ( 'NONE', #2328, #806 ) ;
#922 =( GEOMETRIC_REPRESENTATION_CONTEXT ( 3 ) GLOBAL_UNCERTAINTY_ASSIGNED_CONTEXT ( ( #1314 ) ) GLOBAL_UNIT_ASSIGNED_CONTEXT ( ( #2211, #5791, #4252 ) ) REPRESENTATION_CONTEXT ( 'NONE', 'WORKASPACE' ) );
#923 = DIRECTION ( 'NONE',  ( 0.000000000000000000, 0.000000000000000000, 1.000000000000000000 ) ) ;
#924 = AXIS2_PLACEMENT_3D ( 'NONE', #3114, #511, #590 ) ;
#925 = ORIENTED_EDGE ( 'NONE', *, *, #5849, .T. ) ;
#926 = VECTOR ( 'NONE', #2018, 1000.000000000000000 ) ;
#927 = DIRECTION ( 'NONE',  ( 0.000000000000000000, -0.000000000000000000, 1.000000000000000000 ) ) ;
#928 = EDGE_CURVE ( 'NONE', #5576, #2150, #948, .T. ) ;
#929 = CIRCLE ( 'NONE', #4646, 0.04999999999999969746 ) ;
#930 = ORIENTED_EDGE ( 'NONE', *, *, #854, .F. ) ;
#931 = PRESENTATION_LAYER_ASSIGNMENT (  '', '', ( #5069 ) ) ;
#932 = CARTESIAN_POINT ( 'NONE',  ( -2.964094982814913237, -0.3300000000000000155, 291550.0000000000000 ) ) ;
#933 = SURFACE_SIDE_STYLE ('',( #2811 ) ) ;
#934 = STYLED_ITEM ( 'NONE', ( #5530 ), #1608 ) ;
#935 = FILL_AREA_STYLE ('',( #405 ) ) ;
#936 = EDGE_CURVE ( 'NONE', #1616, #441, #3213, .T. ) ;
#937 = LINE ( 'NONE', #6078, #6207 ) ;
#938 = ORIENTED_EDGE ( 'NONE', *, *, #4098, .F. ) ;
#939 = CIRCLE ( 'NONE', #5180, 0.05000000000000012768 ) ;
#940 = DIRECTION ( 'NONE',  ( 0.000000000000000000, 1.000000000000000000, 0.000000000000000000 ) ) ;
#941 = LINE ( 'NONE', #1325, #1680 ) ;
#942 = EDGE_CURVE ( 'NONE', #6146, #4771, #4218, .T. ) ;
#943 = MECHANICAL_DESIGN_GEOMETRIC_PRESENTATION_REPRESENTATION (  '', ( #4109 ), #6459 ) ;
#944 = DIRECTION ( 'NONE',  ( 0.000000000000000000, 1.000000000000000000, 0.000000000000000000 ) ) ;
#945 = EDGE_CURVE ( 'NONE', #2634, #6518, #5258, .T. ) ;
#946 = SURFACE_STYLE_FILL_AREA ( #4969 ) ;
#947 = CARTESIAN_POINT ( 'NONE',  ( 2.964094982814913237, -0.2800000000000000266, -1.624999999989995558 ) ) ;
#948 = LINE ( 'NONE', #2142, #1232 ) ;
#949 = ORIENTED_EDGE ( 'NONE', *, *, #1679, .F. ) ;
#950 = FACE_OUTER_BOUND ( 'NONE', #5119, .T. ) ;
#951 =( LENGTH_UNIT ( ) NAMED_UNIT ( * ) SI_UNIT ( .MILLI., .METRE. ) );
#952 = SURFACE_SIDE_STYLE ('',( #1044 ) ) ;
#953 = DIRECTION ( 'NONE',  ( -4.773003671468901982E-16, 0.000000000000000000, -1.000000000000000000 ) ) ;
#954 = COLOUR_RGB ( '',0.7686274509803920907, 0.7686274509803920907, 0.7686274509803920907 ) ;
#955 = CARTESIAN_POINT ( 'NONE',  ( 0.4499700566828281900, -0.2800000000000000266, -2.499999999999998668 ) ) ;
#956 = VERTEX_POINT ( 'NONE', #5682 ) ;
#957 = SURFACE_STYLE_FILL_AREA ( #4038 ) ;
#958 = DIRECTION ( 'NONE',  ( -0.000000000000000000, 1.000000000000000000, 0.000000000000000000 ) ) ;
#959 = DIRECTION ( 'NONE',  ( -1.000000000000000000, 0.000000000000000000, -0.000000000000000000 ) ) ;
#960 = VERTEX_POINT ( 'NONE', #5721 ) ;
#961 = CARTESIAN_POINT ( 'NONE',  ( 3.014094982814588874, 0.000000000000000000, -0.8400000000000006350 ) ) ;
#962 = UNCERTAINTY_MEASURE_WITH_UNIT (LENGTH_MEASURE( 1.000000000000000082E-05 ), #4364, 'distance_accuracy_value', 'NONE');
#963 = ORIENTED_EDGE ( 'NONE', *, *, #5239, .T. ) ;
#964 = CARTESIAN_POINT ( 'NONE',  ( -3.014094982802362210, 0.000000000000000000, -1.700000000051198112 ) ) ;
#965 = ORIENTED_EDGE ( 'NONE', *, *, #1478, .F. ) ;
#966 = AXIS2_PLACEMENT_3D ( 'NONE', #2938, #5874, #4988 ) ;
#967 = DIRECTION ( 'NONE',  ( 0.000000000000000000, 0.000000000000000000, 1.000000000000000000 ) ) ;
#968 = VERTEX_POINT ( 'NONE', #4687 ) ;
#969 = DIRECTION ( 'NONE',  ( -2.047499167272383645E-15, 0.000000000000000000, 1.000000000000000000 ) ) ;
#970 = LINE ( 'NONE', #4527, #1224 ) ;
#971 = CARTESIAN_POINT ( 'NONE',  ( -400000.0000000000000, -0.3300000000000000155, -0.7899999999949613994 ) ) ;
#972 = DIRECTION ( 'NONE',  ( 0.000000000000000000, 1.000000000000000000, 0.000000000000000000 ) ) ;
#973 = VERTEX_POINT ( 'NONE', #1166 ) ;
#974 = DIRECTION ( 'NONE',  ( -2.409338161078896419E-15, 0.000000000000000000, -1.000000000000000000 ) ) ;
#975 = CARTESIAN_POINT ( 'NONE',  ( 2.964094982814913237, -0.3300000000000000155, 0.3550000000132058631 ) ) ;
#976 = SURFACE_STYLE_USAGE ( .BOTH. , #6563 ) ;
#977 = DIRECTION ( 'NONE',  ( -0.000000000000000000, 1.000000000000000000, 0.000000000000000000 ) ) ;
#978 = ORIENTED_EDGE ( 'NONE', *, *, #861, .T. ) ;
#979 = SURFACE_STYLE_FILL_AREA ( #2417 ) ;
#980 = VECTOR ( 'NONE', #2190, 1000.000000000000000 ) ;
#981 = DIRECTION ( 'NONE',  ( 0.000000000000000000, 0.000000000000000000, 1.000000000000000000 ) ) ;
#982 = DIRECTION ( 'NONE',  ( -1.000000000000000000, 0.000000000000000000, -3.913416313492608067E-16 ) ) ;
#983 = EDGE_CURVE ( 'NONE', #632, #2656, #3467, .T. ) ;
#984 = LINE ( 'NONE', #6095, #6223 ) ;
#985 = STYLED_ITEM ( 'NONE', ( #4606 ), #26 ) ;
#986 = DIRECTION ( 'NONE',  ( -0.000000000000000000, 1.000000000000000000, 0.000000000000000000 ) ) ;
#987 = ORIENTED_EDGE ( 'NONE', *, *, #1848, .T. ) ;
#988 = DIRECTION ( 'NONE',  ( 0.000000000000000000, 1.000000000000000000, 0.000000000000000000 ) ) ;
#989 = CARTESIAN_POINT ( 'NONE',  ( -3.014094982814586210, 0.000000000000000000, 2.110000000000000764 ) ) ;
#990 = EDGE_CURVE ( 'NONE', #1199, #6203, #6222, .T. ) ;
#991 = EDGE_LOOP ( 'NONE', ( #6351, #4484, #2134, #1147, #6072, #2983, #3268, #1671 ) ) ;
#992 =( NAMED_UNIT ( * ) SI_UNIT ( $, .STERADIAN. ) SOLID_ANGLE_UNIT ( ) );
#993 = ORIENTED_EDGE ( 'NONE', *, *, #4882, .F. ) ;
#994 = EDGE_CURVE ( 'NONE', #1383, #4373, #1693, .T. ) ;
#995 = DIRECTION ( 'NONE',  ( 1.000000000000000000, -0.000000000000000000, 0.000000000000000000 ) ) ;
#996 = ORIENTED_EDGE ( 'NONE', *, *, #1390, .T. ) ;
#997 = PRESENTATION_STYLE_ASSIGNMENT (( #5982 ) ) ;
#998 = MECHANICAL_DESIGN_GEOMETRIC_PRESENTATION_REPRESENTATION (  '', ( #106 ), #6511 ) ;
#999 = CARTESIAN_POINT ( 'NONE',  ( 3.014094982814588874, -0.3300000000000000155, 1.649999999999999467 ) ) ;
#1000 = CIRCLE ( 'NONE', #6202, 0.04999999999999991257 ) ;
#1001 = DIRECTION ( 'NONE',  ( 0.000000000000000000, -0.000000000000000000, 1.000000000000000000 ) ) ;
#1002 = DIRECTION ( 'NONE',  ( -0.000000000000000000, 1.000000000000000000, 0.000000000000000000 ) ) ;
#1003 = VERTEX_POINT ( 'NONE', #3657 ) ;
#1004 = CYLINDRICAL_SURFACE ( 'NONE', #4171, 0.04999999999999969746 ) ;
#1005 = SURFACE_STYLE_USAGE ( .BOTH. , #5553 ) ;
#1006 = LINE ( 'NONE', #6086, #4198 ) ;
#1007 = VECTOR ( 'NONE', #5144, 1000.000000000000000 ) ;
#1008 = CARTESIAN_POINT ( 'NONE',  ( -3.014094982814587986, -0.3300000000000000155, -0.8399999999999998579 ) ) ;
#1009 = MECHANICAL_DESIGN_GEOMETRIC_PRESENTATION_REPRESENTATION (  '', ( #559 ), #5259 ) ;
#1010 = EDGE_CURVE ( 'NONE', #4989, #2443, #2081, .T. ) ;
#1011 = VERTEX_POINT ( 'NONE', #20 ) ;
#1012 = COLOUR_RGB ( '',0.2941176470588235392, 0.2941176470588235392, 0.2941176470588235392 ) ;
#1013 = PRESENTATION_LAYER_ASSIGNMENT (  '', '', ( #684 ) ) ;
#1014 =( NAMED_UNIT ( * ) SI_UNIT ( $, .STERADIAN. ) SOLID_ANGLE_UNIT ( ) );
#1015 = CARTESIAN_POINT ( 'NONE',  ( -3.120000000023992470, -0.3300000000000000155, -2.059999999971751095 ) ) ;
#1016 = UNCERTAINTY_MEASURE_WITH_UNIT (LENGTH_MEASURE( 1.000000000000000082E-05 ), #2646, 'distance_accuracy_value', 'NONE');
#1017 = PRESENTATION_LAYER_ASSIGNMENT (  '', '', ( #1850 ) ) ;
#1018 =( GEOMETRIC_REPRESENTATION_CONTEXT ( 3 ) GLOBAL_UNCERTAINTY_ASSIGNED_CONTEXT ( ( #5633 ) ) GLOBAL_UNIT_ASSIGNED_CONTEXT ( ( #1512, #3086, #5563 ) ) REPRESENTATION_CONTEXT ( 'NONE', 'WORKASPACE' ) );
#1019 = DIRECTION ( 'NONE',  ( 2.047499167272383645E-15, 0.000000000000000000, -1.000000000000000000 ) ) ;
#1020 = DIRECTION ( 'NONE',  ( -0.000000000000000000, 1.000000000000000000, 0.000000000000000000 ) ) ;
#1021 = UNCERTAINTY_MEASURE_WITH_UNIT (LENGTH_MEASURE( 1.000000000000000082E-05 ), #753, 'distance_accuracy_value', 'NONE');
#1022 = ORIENTED_EDGE ( 'NONE', *, *, #5698, .T. ) ;
#1023 = FILL_AREA_STYLE_COLOUR ( '', #5901 ) ;
#1024 = AXIS2_PLACEMENT_3D ( 'NONE', #5615, #1073, #5125 ) ;
#1025 = ORIENTED_EDGE ( 'NONE', *, *, #5433, .T. ) ;
#1026 =( GEOMETRIC_REPRESENTATION_CONTEXT ( 3 ) GLOBAL_UNCERTAINTY_ASSIGNED_CONTEXT ( ( #2034 ) ) GLOBAL_UNIT_ASSIGNED_CONTEXT ( ( #1654, #1162, #6256 ) ) REPRESENTATION_CONTEXT ( 'NONE', 'WORKASPACE' ) );
#1027 = DIRECTION ( 'NONE',  ( 0.000000000000000000, 0.000000000000000000, 1.000000000000000000 ) ) ;
#1028 = PLANE ( 'NONE',  #2260 ) ;
#1029 = ORIENTED_EDGE ( 'NONE', *, *, #2823, .F. ) ;
#1030 = MECHANICAL_DESIGN_GEOMETRIC_PRESENTATION_REPRESENTATION (  '', ( #3246 ), #6234 ) ;
#1031 =( GEOMETRIC_REPRESENTATION_CONTEXT ( 3 ) GLOBAL_UNCERTAINTY_ASSIGNED_CONTEXT ( ( #762 ) ) GLOBAL_UNIT_ASSIGNED_CONTEXT ( ( #2028, #1079, #5131 ) ) REPRESENTATION_CONTEXT ( 'NONE', 'WORKASPACE' ) );
#1032 = PLANE ( 'NONE',  #4619 ) ;
#1033 = FILL_AREA_STYLE ('',( #5022 ) ) ;
#1034 =( GEOMETRIC_REPRESENTATION_CONTEXT ( 3 ) GLOBAL_UNCERTAINTY_ASSIGNED_CONTEXT ( ( #4835 ) ) GLOBAL_UNIT_ASSIGNED_CONTEXT ( ( #6489, #4878, #410 ) ) REPRESENTATION_CONTEXT ( 'NONE', 'WORKASPACE' ) );
#1035 = FILL_AREA_STYLE ('',( #1949 ) ) ;
#1036 =( GEOMETRIC_REPRESENTATION_CONTEXT ( 3 ) GLOBAL_UNCERTAINTY_ASSIGNED_CONTEXT ( ( #301 ) ) GLOBAL_UNIT_ASSIGNED_CONTEXT ( ( #6349, #260, #2201 ) ) REPRESENTATION_CONTEXT ( 'NONE', 'WORKASPACE' ) );
#1037 =( NAMED_UNIT ( * ) SI_UNIT ( $, .STERADIAN. ) SOLID_ANGLE_UNIT ( ) );
#1038 = CARTESIAN_POINT ( 'NONE',  ( 2.994999999999999218, 0.000000000000000000, 2.499999999999998668 ) ) ;
#1039 = EDGE_LOOP ( 'NONE', ( #4669, #1387, #6263, #6412, #6613, #4559 ) ) ;
#1040 = CARTESIAN_POINT ( 'NONE',  ( -3.014094982814587098, 0.000000000000000000, 1.650000000000000355 ) ) ;
#1041 = STYLED_ITEM ( 'NONE', ( #3829 ), #4322 ) ;
#1042 =( NAMED_UNIT ( * ) SI_UNIT ( $, .STERADIAN. ) SOLID_ANGLE_UNIT ( ) );
#1043 = VECTOR ( 'NONE', #6249, 1000.000000000000000 ) ;
#1044 = SURFACE_STYLE_FILL_AREA ( #4540 ) ;
#1045 = VECTOR ( 'NONE', #1963, 1000.000000000000000 ) ;
#1046 = UNCERTAINTY_MEASURE_WITH_UNIT (LENGTH_MEASURE( 1.000000000000000082E-05 ), #2759, 'distance_accuracy_value', 'NONE');
#1047 = CARTESIAN_POINT ( 'NONE',  ( 2.994999999999999662, -0.2799999999999999711, -0.7937898103086508117 ) ) ;
#1048 = CARTESIAN_POINT ( 'NONE',  ( -2.964094982814913237, -0.3300000000000000155, 291550.0000000000000 ) ) ;
#1049 = ORIENTED_EDGE ( 'NONE', *, *, #149, .F. ) ;
#1050 = LINE ( 'NONE', #5129, #6552 ) ;
#1051 = VECTOR ( 'NONE', #4903, 1000.000000000000000 ) ;
#1052 = SURFACE_SIDE_STYLE ('',( #957 ) ) ;
#1053 = EDGE_CURVE ( 'NONE', #1962, #6051, #691, .T. ) ;
#1054 = CARTESIAN_POINT ( 'NONE',  ( 2.964094982814913237, -0.3300000000000000155, -0.8649999999761348590 ) ) ;
#1055 = PLANE ( 'NONE',  #2874 ) ;
#1056 = CARTESIAN_POINT ( 'NONE',  ( 42651.70822918969498, -0.3300000000000000155, 194462.7674269482959 ) ) ;
#1057 = EDGE_CURVE ( 'NONE', #4488, #632, #2111, .T. ) ;
#1058 = UNCERTAINTY_MEASURE_WITH_UNIT (LENGTH_MEASURE( 1.000000000000000082E-05 ), #2830, 'distance_accuracy_value', 'NONE');
#1059 = ORIENTED_EDGE ( 'NONE', *, *, #4589, .F. ) ;
#1060 = CARTESIAN_POINT ( 'NONE',  ( 2.964094982814913237, -0.3300000000000000155, 291550.0000000000000 ) ) ;
#1061 = EDGE_LOOP ( 'NONE', ( #1567, #6248, #3719, #5943 ) ) ;
#1062 = CARTESIAN_POINT ( 'NONE',  ( 3.014094982814588874, -0.3300000000000000155, 0.3799999999999993938 ) ) ;
#1063 = ADVANCED_FACE ( 'NONE', ( #1593 ), #1198, .T. ) ;
#1064 = MECHANICAL_DESIGN_GEOMETRIC_PRESENTATION_REPRESENTATION (  '', ( #4673 ), #2523 ) ;
#1065 = ORIENTED_EDGE ( 'NONE', *, *, #2710, .T. ) ;
#1066 = LINE ( 'NONE', #2635, #1941 ) ;
#1067 = ADVANCED_FACE ( 'NONE', ( #2570 ), #4629, .T. ) ;
#1068 = EDGE_CURVE ( 'NONE', #5207, #636, #2310, .T. ) ;
#1069 = STYLED_ITEM ( 'NONE', ( #4896 ), #1895 ) ;
#1070 = FACE_OUTER_BOUND ( 'NONE', #325, .T. ) ;
#1071 = EDGE_CURVE ( 'NONE', #5507, #3133, #1262, .T. ) ;
#1072 = CARTESIAN_POINT ( 'NONE',  ( 2.964094982814913237, -0.3300000000000000155, 291550.0000000000000 ) ) ;
#1073 = DIRECTION ( 'NONE',  ( 0.000000000000000000, 0.000000000000000000, -1.000000000000000000 ) ) ;
#1074 = ORIENTED_EDGE ( 'NONE', *, *, #4611, .F. ) ;
#1075 = EDGE_CURVE ( 'NONE', #4194, #4488, #3555, .T. ) ;
#1076 = ORIENTED_EDGE ( 'NONE', *, *, #4608, .F. ) ;
#1077 = LINE ( 'NONE', #593, #1085 ) ;
#1078 = ORIENTED_EDGE ( 'NONE', *, *, #1973, .T. ) ;
#1079 =( NAMED_UNIT ( * ) PLANE_ANGLE_UNIT ( ) SI_UNIT ( $, .RADIAN. ) );
#1080 = LINE ( 'NONE', #2418, #3688 ) ;
#1081 = VECTOR ( 'NONE', #5177, 1000.000000000000000 ) ;
#1082 = ORIENTED_EDGE ( 'NONE', *, *, #5164, .F. ) ;
#1083 = DIRECTION ( 'NONE',  ( -1.000000000000000000, 0.000000000000000000, 5.204170427930421283E-16 ) ) ;
#1084 = FACE_OUTER_BOUND ( 'NONE', #2732, .T. ) ;
#1085 = VECTOR ( 'NONE', #4603, 1000.000000000000000 ) ;
#1086 = DIRECTION ( 'NONE',  ( -0.000000000000000000, 1.000000000000000000, 0.000000000000000000 ) ) ;
#1087 = VERTEX_POINT ( 'NONE', #1814 ) ;
#1088 =( LENGTH_UNIT ( ) NAMED_UNIT ( * ) SI_UNIT ( .MILLI., .METRE. ) );
#1089 = EDGE_LOOP ( 'NONE', ( #3168, #2863, #2532, #2711 ) ) ;
#1090 = VECTOR ( 'NONE', #743, 1000.000000000000000 ) ;
#1091 =( NAMED_UNIT ( * ) SI_UNIT ( $, .STERADIAN. ) SOLID_ANGLE_UNIT ( ) );
#1092 = CARTESIAN_POINT ( 'NONE',  ( -2.964094982814587276, -0.3300000000000000155, 1.649999999983720045 ) ) ;
#1093 = ORIENTED_EDGE ( 'NONE', *, *, #4921, .F. ) ;
#1094 = ADVANCED_FACE ( 'NONE', ( #5354 ), #5326, .F. ) ;
#1095 =( NAMED_UNIT ( * ) PLANE_ANGLE_UNIT ( ) SI_UNIT ( $, .RADIAN. ) );
#1096 = UNCERTAINTY_MEASURE_WITH_UNIT (LENGTH_MEASURE( 1.000000000000000082E-05 ), #3847, 'distance_accuracy_value', 'NONE');
#1097 = FILL_AREA_STYLE_COLOUR ( '', #3101 ) ;
#1098 = SURFACE_STYLE_FILL_AREA ( #2709 ) ;
#1099 = ORIENTED_EDGE ( 'NONE', *, *, #6255, .T. ) ;
#1100 = SURFACE_STYLE_FILL_AREA ( #5652 ) ;
#1101 = VECTOR ( 'NONE', #1591, 1000.000000000000000 ) ;
#1102 = VECTOR ( 'NONE', #3528, 1000.000000000000000 ) ;
#1103 = PRESENTATION_STYLE_ASSIGNMENT (( #976 ) ) ;
#1104 = ORIENTED_EDGE ( 'NONE', *, *, #4264, .T. ) ;
#1105 =( GEOMETRIC_REPRESENTATION_CONTEXT ( 3 ) GLOBAL_UNCERTAINTY_ASSIGNED_CONTEXT ( ( #1171 ) ) GLOBAL_UNIT_ASSIGNED_CONTEXT ( ( #5517, #4025, #3556 ) ) REPRESENTATION_CONTEXT ( 'NONE', 'WORKASPACE' ) );
#1106 = ORIENTED_EDGE ( 'NONE', *, *, #3496, .T. ) ;
#1107 = AXIS2_PLACEMENT_3D ( 'NONE', #2872, #940, #2968 ) ;
#1108 = DIRECTION ( 'NONE',  ( 0.000000000000000000, -0.000000000000000000, 1.000000000000000000 ) ) ;
#1109 = VERTEX_POINT ( 'NONE', #1786 ) ;
#1110 = PLANE ( 'NONE',  #3115 ) ;
#1111 = FACE_OUTER_BOUND ( 'NONE', #1089, .T. ) ;
#1112 = STYLED_ITEM ( 'NONE', ( #4769 ), #5584 ) ;
#1113 = PRESENTATION_LAYER_ASSIGNMENT (  '', '', ( #6524 ) ) ;
#1114 = CARTESIAN_POINT ( 'NONE',  ( 2.964094982814913237, -0.3300000000000000155, 291550.0000000000000 ) ) ;
#1115 = EDGE_LOOP ( 'NONE', ( #2555, #6475, #1486, #4152, #501, #5706, #4058, #6281, #2595, #3221, #3713, #5981 ) ) ;
#1116 = STYLED_ITEM ( 'NONE', ( #6612 ), #1204 ) ;
#1117 = CARTESIAN_POINT ( 'NONE',  ( -3.014094982814587098, 0.000000000000000000, -2.109999999999999876 ) ) ;
#1118 = VERTEX_POINT ( 'NONE', #4927 ) ;
#1119 = AXIS2_PLACEMENT_3D ( 'NONE', #6422, #6487, #1366 ) ;
#1120 = LINE ( 'NONE', #1060, #3690 ) ;
#1121 = ORIENTED_EDGE ( 'NONE', *, *, #6355, .T. ) ;
#1122 = DIRECTION ( 'NONE',  ( 0.000000000000000000, 0.000000000000000000, 1.000000000000000000 ) ) ;
#1123 = SURFACE_SIDE_STYLE ('',( #3240 ) ) ;
#1124 = AXIS2_PLACEMENT_3D ( 'NONE', #4397, #6474, #3336 ) ;
#1125 = ORIENTED_EDGE ( 'NONE', *, *, #3361, .T. ) ;
#1126 = UNCERTAINTY_MEASURE_WITH_UNIT (LENGTH_MEASURE( 1.000000000000000082E-05 ), #1188, 'distance_accuracy_value', 'NONE');
#1127 = COLOUR_RGB ( '',0.7686274509803920907, 0.7686274509803920907, 0.7686274509803920907 ) ;
#1128 = ADVANCED_FACE ( 'NONE', ( #5786 ), #2513, .T. ) ;
#1129 =( NAMED_UNIT ( * ) PLANE_ANGLE_UNIT ( ) SI_UNIT ( $, .RADIAN. ) );
#1130 = EDGE_CURVE ( 'NONE', #3186, #3505, #1597, .T. ) ;
#1131 = FILL_AREA_STYLE ('',( #3727 ) ) ;
#1132 = LINE ( 'NONE', #2708, #5497 ) ;
#1133 = VERTEX_POINT ( 'NONE', #1047 ) ;
#1134 = PRESENTATION_STYLE_ASSIGNMENT (( #4727 ) ) ;
#1135 = STYLED_ITEM ( 'NONE', ( #5663 ), #2525 ) ;
#1136 = VECTOR ( 'NONE', #3603, 1000.000000000000000 ) ;
#1137 = COLOUR_RGB ( '',0.2941176470588235392, 0.2941176470588235392, 0.2941176470588235392 ) ;
#1138 = DIRECTION ( 'NONE',  ( 0.000000000000000000, 0.000000000000000000, -1.000000000000000000 ) ) ;
#1139 = EDGE_CURVE ( 'NONE', #5607, #4488, #22, .T. ) ;
#1140 = PRESENTATION_STYLE_ASSIGNMENT (( #6069 ) ) ;
#1141 = ORIENTED_EDGE ( 'NONE', *, *, #1901, .F. ) ;
#1142 = FACE_OUTER_BOUND ( 'NONE', #6616, .T. ) ;
#1143 = ORIENTED_EDGE ( 'NONE', *, *, #4582, .F. ) ;
#1144 =( GEOMETRIC_REPRESENTATION_CONTEXT ( 3 ) GLOBAL_UNCERTAINTY_ASSIGNED_CONTEXT ( ( #1291 ) ) GLOBAL_UNIT_ASSIGNED_CONTEXT ( ( #3223, #3260, #5334 ) ) REPRESENTATION_CONTEXT ( 'NONE', 'WORKASPACE' ) );
#1145 = FILL_AREA_STYLE_COLOUR ( '', #2927 ) ;
#1146 = FILL_AREA_STYLE_COLOUR ( '', #3953 ) ;
#1147 = ORIENTED_EDGE ( 'NONE', *, *, #1810, .T. ) ;
#1148 = CIRCLE ( 'NONE', #5294, 0.05000000000000012768 ) ;
#1149 = DIRECTION ( 'NONE',  ( 0.000000000000000000, -0.9781476007338055778, 0.2079116908177597867 ) ) ;
#1150 =( GEOMETRIC_REPRESENTATION_CONTEXT ( 3 ) GLOBAL_UNCERTAINTY_ASSIGNED_CONTEXT ( ( #4357 ) ) GLOBAL_UNIT_ASSIGNED_CONTEXT ( ( #2045, #54, #1037 ) ) REPRESENTATION_CONTEXT ( 'NONE', 'WORKASPACE' ) );
#1151 = VECTOR ( 'NONE', #2867, 1000.000000000000000 ) ;
#1152 = ORIENTED_EDGE ( 'NONE', *, *, #1210, .F. ) ;
#1153 = FACE_OUTER_BOUND ( 'NONE', #29, .T. ) ;
#1154 = ORIENTED_EDGE ( 'NONE', *, *, #670, .T. ) ;
#1155 = PLANE ( 'NONE',  #265 ) ;
#1156 = ORIENTED_EDGE ( 'NONE', *, *, #6176, .T. ) ;
#1157 = SURFACE_SIDE_STYLE ('',( #2265 ) ) ;
#1158 = CARTESIAN_POINT ( 'NONE',  ( -400000.0000000000000, -0.3300000000000000155, -1.624999999989995558 ) ) ;
#1159 = PRESENTATION_STYLE_ASSIGNMENT (( #2659 ) ) ;
#1160 = ORIENTED_EDGE ( 'NONE', *, *, #3620, .F. ) ;
#1161 = DIRECTION ( 'NONE',  ( 1.000000000000000000, 0.000000000000000000, -3.913416313492608067E-16 ) ) ;
#1162 =( NAMED_UNIT ( * ) PLANE_ANGLE_UNIT ( ) SI_UNIT ( $, .RADIAN. ) );
#1163 = CARTESIAN_POINT ( 'NONE',  ( 3.120000000023992470, 0.000000000000000000, -2.059999999971751095 ) ) ;
#1164 = SURFACE_STYLE_USAGE ( .BOTH. , #4660 ) ;
#1165 = SURFACE_SIDE_STYLE ('',( #3699 ) ) ;
#1166 = CARTESIAN_POINT ( 'NONE',  ( -2.964094982814587276, -0.3300000000000000155, 1.649999999983720045 ) ) ;
#1167 = ORIENTED_EDGE ( 'NONE', *, *, #2892, .T. ) ;
#1168 = AXIS2_PLACEMENT_3D ( 'NONE', #3312, #2273, #3280 ) ;
#1169 = PLANE ( 'NONE',  #5924 ) ;
#1170 = EDGE_CURVE ( 'NONE', #4461, #6129, #4089, .T. ) ;
#1171 = UNCERTAINTY_MEASURE_WITH_UNIT (LENGTH_MEASURE( 1.000000000000000082E-05 ), #5517, 'distance_accuracy_value', 'NONE');
#1172 = SURFACE_SIDE_STYLE ('',( #4800 ) ) ;
#1173 = DIRECTION ( 'NONE',  ( -0.000000000000000000, 1.000000000000000000, 0.000000000000000000 ) ) ;
#1174 = EDGE_LOOP ( 'NONE', ( #5281, #3116, #2122, #978 ) ) ;
#1175 =( LENGTH_UNIT ( ) NAMED_UNIT ( * ) SI_UNIT ( .MILLI., .METRE. ) );
#1176 = VERTEX_POINT ( 'NONE', #3015 ) ;
#1177 = SURFACE_STYLE_USAGE ( .BOTH. , #1673 ) ;
#1178 = ORIENTED_EDGE ( 'NONE', *, *, #4968, .T. ) ;
#1179 = LINE ( 'NONE', #6621, #3749 ) ;
#1180 = SURFACE_SIDE_STYLE ('',( #4645 ) ) ;
#1181 = FILL_AREA_STYLE ('',( #561 ) ) ;
#1182 = ORIENTED_EDGE ( 'NONE', *, *, #4121, .T. ) ;
#1183 = DIRECTION ( 'NONE',  ( 0.9999999999911618476, 0.000000000000000000, -4.204298578504836987E-06 ) ) ;
#1184 = ORIENTED_EDGE ( 'NONE', *, *, #4091, .F. ) ;
#1185 = COLOUR_RGB ( '',0.2941176470588235392, 0.2941176470588235392, 0.2941176470588235392 ) ;
#1186 = MANIFOLD_SOLID_BREP ( 'Cut-Extrude1', #5863 ) ;
#1187 = ORIENTED_EDGE ( 'NONE', *, *, #3410, .F. ) ;
#1188 =( LENGTH_UNIT ( ) NAMED_UNIT ( * ) SI_UNIT ( .MILLI., .METRE. ) );
#1189 =( LENGTH_UNIT ( ) NAMED_UNIT ( * ) SI_UNIT ( .MILLI., .METRE. ) );
#1190 = ORIENTED_EDGE ( 'NONE', *, *, #4830, .T. ) ;
#1191 = SURFACE_STYLE_FILL_AREA ( #2271 ) ;
#1192 = DIRECTION ( 'NONE',  ( 0.000000000000000000, 0.000000000000000000, 1.000000000000000000 ) ) ;
#1193 = COLOUR_RGB ( '',0.7686274509803920907, 0.7686274509803920907, 0.7686274509803920907 ) ;
#1194 = MECHANICAL_DESIGN_GEOMETRIC_PRESENTATION_REPRESENTATION (  '', ( #2236 ), #5540 ) ;
#1195 =( LENGTH_UNIT ( ) NAMED_UNIT ( * ) SI_UNIT ( .MILLI., .METRE. ) );
#1196 = FACE_OUTER_BOUND ( 'NONE', #2503, .T. ) ;
#1197 = CARTESIAN_POINT ( 'NONE',  ( 0.9599700568969637970, -0.3300000000000000155, -1.989980509560923538 ) ) ;
#1198 = PLANE ( 'NONE',  #1024 ) ;
#1199 = VERTEX_POINT ( 'NONE', #2979 ) ;
#1200 = FACE_OUTER_BOUND ( 'NONE', #4044, .T. ) ;
#1201 = CARTESIAN_POINT ( 'NONE',  ( 2.964094982814588164, -0.3300000000000000155, -1.649999999983720045 ) ) ;
#1202 = LINE ( 'NONE', #3866, #1422 ) ;
#1203 = VERTEX_POINT ( 'NONE', #444 ) ;
#1204 = ADVANCED_FACE ( 'NONE', ( #5064 ), #2087, .T. ) ;
#1205 = DIRECTION ( 'NONE',  ( 0.000000000000000000, 0.000000000000000000, -1.000000000000000000 ) ) ;
#1206 = ORIENTED_EDGE ( 'NONE', *, *, #4309, .F. ) ;
#1207 = ORIENTED_EDGE ( 'NONE', *, *, #1724, .F. ) ;
#1208 = SURFACE_SIDE_STYLE ('',( #2620 ) ) ;
#1209 = LINE ( 'NONE', #3714, #2541 ) ;
#1210 = EDGE_CURVE ( 'NONE', #3935, #5241, #587, .T. ) ;
#1211 = PRESENTATION_LAYER_ASSIGNMENT (  '', '', ( #4715 ) ) ;
#1212 = ORIENTED_EDGE ( 'NONE', *, *, #4100, .F. ) ;
#1213 = MECHANICAL_DESIGN_GEOMETRIC_PRESENTATION_REPRESENTATION (  '', ( #112 ), #3875 ) ;
#1214 = VERTEX_POINT ( 'NONE', #60 ) ;
#1215 = COLOUR_RGB ( '',0.7686274509803920907, 0.7686274509803920907, 0.7686274509803920907 ) ;
#1216 = ORIENTED_EDGE ( 'NONE', *, *, #4033, .T. ) ;
#1217 = STYLED_ITEM ( 'NONE', ( #4272 ), #5556 ) ;
#1218 = DIRECTION ( 'NONE',  ( 0.000000000000000000, 1.000000000000000000, 0.000000000000000000 ) ) ;
#1219 = VECTOR ( 'NONE', #6285, 1000.000000000000000 ) ;
#1220 = COLOUR_RGB ( '',0.7686274509803920907, 0.7686274509803920907, 0.7686274509803920907 ) ;
#1221 = FACE_OUTER_BOUND ( 'NONE', #1061, .T. ) ;
#1222 = LINE ( 'NONE', #4863, #692 ) ;
#1223 = VECTOR ( 'NONE', #1305, 1000.000000000000000 ) ;
#1224 = VECTOR ( 'NONE', #6549, 1000.000000000000000 ) ;
#1225 = FILL_AREA_STYLE ('',( #5780 ) ) ;
#1226 = FILL_AREA_STYLE_COLOUR ( '', #5138 ) ;
#1227 =( LENGTH_UNIT ( ) NAMED_UNIT ( * ) SI_UNIT ( .MILLI., .METRE. ) );
#1228 = FILL_AREA_STYLE_COLOUR ( '', #4418 ) ;
#1229 = VECTOR ( 'NONE', #356, 1000.000000000000000 ) ;
#1230 = STYLED_ITEM ( 'NONE', ( #2936 ), #1372 ) ;
#1231 = CARTESIAN_POINT ( 'NONE',  ( -2.994999999999998330, -0.2800000000000000266, -2.499999999999999556 ) ) ;
#1232 = VECTOR ( 'NONE', #654, 1000.000000000000000 ) ;
#1233 = CARTESIAN_POINT ( 'NONE',  ( 2.410000000022934685, -0.2800000000000000266, -2.499999999999981348 ) ) ;
#1234 = SURFACE_SIDE_STYLE ('',( #2213 ) ) ;
#1235 = ORIENTED_EDGE ( 'NONE', *, *, #1889, .F. ) ;
#1236 = AXIS2_PLACEMENT_3D ( 'NONE', #5621, #97, #3049 ) ;
#1237 = FILL_AREA_STYLE ('',( #6335 ) ) ;
#1238 = CARTESIAN_POINT ( 'NONE',  ( 0.4499700566828266357, -0.3300000000000000155, 2.055898026412705804 ) ) ;
#1239 = ORIENTED_EDGE ( 'NONE', *, *, #2688, .T. ) ;
#1240 =( LENGTH_UNIT ( ) NAMED_UNIT ( * ) SI_UNIT ( .MILLI., .METRE. ) );
#1241 = MECHANICAL_DESIGN_GEOMETRIC_PRESENTATION_REPRESENTATION (  '', ( #2920 ), #3689 ) ;
#1242 = CYLINDRICAL_SURFACE ( 'NONE', #5868, 0.05000000000000012768 ) ;
#1243 = PRESENTATION_STYLE_ASSIGNMENT (( #2650 ) ) ;
#1244 = DIRECTION ( 'NONE',  ( 0.000000000000000000, 1.000000000000000000, 0.000000000000000000 ) ) ;
#1245 = EDGE_LOOP ( 'NONE', ( #1740, #4000, #3821, #5013 ) ) ;
#1246 =( GEOMETRIC_REPRESENTATION_CONTEXT ( 3 ) GLOBAL_UNCERTAINTY_ASSIGNED_CONTEXT ( ( #277 ) ) GLOBAL_UNIT_ASSIGNED_CONTEXT ( ( #3558, #6150, #535 ) ) REPRESENTATION_CONTEXT ( 'NONE', 'WORKASPACE' ) );
#1247 = PRESENTATION_STYLE_ASSIGNMENT (( #2352 ) ) ;
#1248 = EDGE_LOOP ( 'NONE', ( #2202, #5551, #1285, #6185 ) ) ;
#1249 = VECTOR ( 'NONE', #896, 1000.000000000000000 ) ;
#1250 = AXIS2_PLACEMENT_3D ( 'NONE', #1805, #5380, #6443 ) ;
#1251 = VECTOR ( 'NONE', #3261, 1000.000000000000000 ) ;
#1252 = DIRECTION ( 'NONE',  ( -0.000000000000000000, -1.000000000000000000, -0.000000000000000000 ) ) ;
#1253 =( GEOMETRIC_REPRESENTATION_CONTEXT ( 3 ) GLOBAL_UNCERTAINTY_ASSIGNED_CONTEXT ( ( #6538 ) ) GLOBAL_UNIT_ASSIGNED_CONTEXT ( ( #5685, #6186, #58 ) ) REPRESENTATION_CONTEXT ( 'NONE', 'WORKASPACE' ) );
#1254 = ORIENTED_EDGE ( 'NONE', *, *, #6393, .F. ) ;
#1255 = CARTESIAN_POINT ( 'NONE',  ( 3.120000000023992470, -0.3300000000000000155, -1.700000000004814105 ) ) ;
#1256 = ADVANCED_FACE ( 'NONE', ( #6032 ), #733, .F. ) ;
#1257 = LINE ( 'NONE', #4717, #4081 ) ;
#1258 = ADVANCED_FACE ( 'NONE', ( #4183 ), #3181, .F. ) ;
#1259 = EDGE_CURVE ( 'NONE', #2640, #1109, #4798, .T. ) ;
#1260 = FACE_OUTER_BOUND ( 'NONE', #4017, .T. ) ;
#1261 = CARTESIAN_POINT ( 'NONE',  ( -3.014094982814587986, 0.000000000000000000, 0.8400000000000005240 ) ) ;
#1262 = LINE ( 'NONE', #6293, #4428 ) ;
#1263 = ADVANCED_FACE ( 'NONE', ( #1200 ), #2184, .T. ) ;
#1264 = DIRECTION ( 'NONE',  ( 0.000000000000000000, 0.000000000000000000, 1.000000000000000000 ) ) ;
#1265 = SURFACE_STYLE_USAGE ( .BOTH. , #6328 ) ;
#1266 = CARTESIAN_POINT ( 'NONE',  ( -400000.0000000006403, -0.3300000000000000155, 1.700000000823820301 ) ) ;
#1267 = SURFACE_STYLE_USAGE ( .BOTH. , #4358 ) ;
#1268 = EDGE_CURVE ( 'NONE', #1011, #217, #5047, .T. ) ;
#1269 = DIRECTION ( 'NONE',  ( -0.000000000000000000, 1.000000000000000000, 0.000000000000000000 ) ) ;
#1270 = VECTOR ( 'NONE', #4475, 1000.000000000000227 ) ;
#1271 = CARTESIAN_POINT ( 'NONE',  ( -2.409999999997580744, -0.2800000000000000266, -2.499999999999999556 ) ) ;
#1272 = ORIENTED_EDGE ( 'NONE', *, *, #3921, .T. ) ;
#1273 = SURFACE_STYLE_FILL_AREA ( #6401 ) ;
#1274 = SURFACE_STYLE_FILL_AREA ( #3367 ) ;
#1275 = SURFACE_STYLE_FILL_AREA ( #6403 ) ;
#1276 = VERTEX_POINT ( 'NONE', #964 ) ;
#1277 = EDGE_CURVE ( 'NONE', #1616, #3962, #6506, .T. ) ;
#1278 = SURFACE_SIDE_STYLE ('',( #150 ) ) ;
#1279 = ORIENTED_EDGE ( 'NONE', *, *, #4804, .F. ) ;
#1280 =( NAMED_UNIT ( * ) SI_UNIT ( $, .STERADIAN. ) SOLID_ANGLE_UNIT ( ) );
#1281 = SURFACE_STYLE_FILL_AREA ( #5834 ) ;
#1282 = ORIENTED_EDGE ( 'NONE', *, *, #5076, .F. ) ;
#1283 = FILL_AREA_STYLE ('',( #3437 ) ) ;
#1284 = EDGE_CURVE ( 'NONE', #5869, #186, #1449, .T. ) ;
#1285 = ORIENTED_EDGE ( 'NONE', *, *, #1666, .T. ) ;
#1286 = PRESENTATION_LAYER_ASSIGNMENT (  '', '', ( #3619 ) ) ;
#1287 = SURFACE_STYLE_FILL_AREA ( #3827 ) ;
#1288 = EDGE_CURVE ( 'NONE', #5588, #1621, #6540, .T. ) ;
#1289 = CARTESIAN_POINT ( 'NONE',  ( -400000.0000000002328, -0.3300000000000000155, 1.625000000331056071 ) ) ;
#1290 = DIRECTION ( 'NONE',  ( 1.000000000000000000, 0.000000000000000000, 0.000000000000000000 ) ) ;
#1291 = UNCERTAINTY_MEASURE_WITH_UNIT (LENGTH_MEASURE( 1.000000000000000082E-05 ), #3223, 'distance_accuracy_value', 'NONE');
#1292 = CARTESIAN_POINT ( 'NONE',  ( -2.964094982814913237, -0.3300000000000000155, 291550.0000000000000 ) ) ;
#1293 = FACE_OUTER_BOUND ( 'NONE', #3725, .T. ) ;
#1294 = LINE ( 'NONE', #2816, #5247 ) ;
#1295 = DIRECTION ( 'NONE',  ( -4.773003671468901982E-16, 0.000000000000000000, -1.000000000000000000 ) ) ;
#1296 = DIRECTION ( 'NONE',  ( 1.734723475976807834E-16, -0.000000000000000000, -1.000000000000000000 ) ) ;
#1297 = ORIENTED_EDGE ( 'NONE', *, *, #1945, .T. ) ;
#1298 = CARTESIAN_POINT ( 'NONE',  ( 3.014094982814587986, -0.3300000000000000155, 2.109999999999999876 ) ) ;
#1299 = DIRECTION ( 'NONE',  ( 0.000000000000000000, 0.000000000000000000, -1.000000000000000000 ) ) ;
#1300 = ORIENTED_EDGE ( 'NONE', *, *, #2777, .T. ) ;
#1301 = CARTESIAN_POINT ( 'NONE',  ( 2.964094982814913237, -0.3300000000000000155, -0.3550000000132058631 ) ) ;
#1302 = DIRECTION ( 'NONE',  ( 0.000000000000000000, 0.000000000000000000, 1.000000000000000000 ) ) ;
#1303 = ORIENTED_EDGE ( 'NONE', *, *, #2019, .T. ) ;
#1304 = DIRECTION ( 'NONE',  ( 0.000000000000000000, 1.000000000000000000, 0.000000000000000000 ) ) ;
#1305 = DIRECTION ( 'NONE',  ( 0.000000000000000000, 1.000000000000000000, 0.000000000000000000 ) ) ;
#1306 = VERTEX_POINT ( 'NONE', #3486 ) ;
#1307 = VECTOR ( 'NONE', #2375, 1000.000000000000000 ) ;
#1308 = MECHANICAL_DESIGN_GEOMETRIC_PRESENTATION_REPRESENTATION (  '', ( #5449 ), #6199 ) ;
#1309 = DIRECTION ( 'NONE',  ( 0.000000000000000000, 1.000000000000000000, 0.000000000000000000 ) ) ;
#1310 = ORIENTED_EDGE ( 'NONE', *, *, #2419, .F. ) ;
#1311 =( NAMED_UNIT ( * ) SI_UNIT ( $, .STERADIAN. ) SOLID_ANGLE_UNIT ( ) );
#1312 =( NAMED_UNIT ( * ) PLANE_ANGLE_UNIT ( ) SI_UNIT ( $, .RADIAN. ) );
#1313 = PRESENTATION_LAYER_ASSIGNMENT (  '', '', ( #5252 ) ) ;
#1314 = UNCERTAINTY_MEASURE_WITH_UNIT (LENGTH_MEASURE( 1.000000000000000082E-05 ), #2211, 'distance_accuracy_value', 'NONE');
#1315 = DIRECTION ( 'NONE',  ( 0.000000000000000000, 1.000000000000000000, 0.000000000000000000 ) ) ;
#1316 = LINE ( 'NONE', #6505, #4949 ) ;
#1317 = UNCERTAINTY_MEASURE_WITH_UNIT (LENGTH_MEASURE( 1.000000000000000082E-05 ), #707, 'distance_accuracy_value', 'NONE');
#1318 =( GEOMETRIC_REPRESENTATION_CONTEXT ( 3 ) GLOBAL_UNCERTAINTY_ASSIGNED_CONTEXT ( ( #2613 ) ) GLOBAL_UNIT_ASSIGNED_CONTEXT ( ( #4107, #1648, #679 ) ) REPRESENTATION_CONTEXT ( 'NONE', 'WORKASPACE' ) );
#1319 = VECTOR ( 'NONE', #4575, 1000.000000000000000 ) ;
#1320 = CARTESIAN_POINT ( 'NONE',  ( -3.014094982814587098, -0.2800000000000000266, 1.650000000000000355 ) ) ;
#1321 = VECTOR ( 'NONE', #2779, 1000.000000000000000 ) ;
#1322 = AXIS2_PLACEMENT_3D ( 'NONE', #1292, #1887, #5424 ) ;
#1323 = STYLED_ITEM ( 'NONE', ( #5821 ), #1128 ) ;
#1324 = CARTESIAN_POINT ( 'NONE',  ( -2.994999999999998330, -0.2800000000000000266, -0.3550000000132058631 ) ) ;
#1325 = CARTESIAN_POINT ( 'NONE',  ( -2.964094982814913237, -0.3300000000000000155, -1.624999999989995558 ) ) ;
#1326 =( NAMED_UNIT ( * ) PLANE_ANGLE_UNIT ( ) SI_UNIT ( $, .RADIAN. ) );
#1327 = CARTESIAN_POINT ( 'NONE',  ( -3.120000000023992470, -0.3300000000000000155, -0.4299999999943793227 ) ) ;
#1328 = ADVANCED_FACE ( 'NONE', ( #1977 ), #5015, .T. ) ;
#1329 = CIRCLE ( 'NONE', #5466, 0.05000000000000012768 ) ;
#1330 = CARTESIAN_POINT ( 'NONE',  ( 2.410000000013326815, -0.3300000000000000155, -1.624999999989995558 ) ) ;
#1331 = EDGE_CURVE ( 'NONE', #956, #4705, #1817, .T. ) ;
#1332 =( LENGTH_UNIT ( ) NAMED_UNIT ( * ) SI_UNIT ( .MILLI., .METRE. ) );
#1333 = CARTESIAN_POINT ( 'NONE',  ( -400000.0000000000000, -0.3300000000000000155, -1.880000000028303475 ) ) ;
#1334 = VECTOR ( 'NONE', #6561, 1000.000000000000000 ) ;
#1335 = DIRECTION ( 'NONE',  ( 0.000000000000000000, 1.000000000000000000, 0.000000000000000000 ) ) ;
#1336 = DIRECTION ( 'NONE',  ( 0.000000000000000000, 0.000000000000000000, 1.000000000000000000 ) ) ;
#1338 = LINE ( 'NONE', #5401, #380 ) ;
#1337 = STYLED_ITEM ( 'NONE', ( #2669 ), #1258 ) ;
#1339 = ORIENTED_EDGE ( 'NONE', *, *, #6606, .T. ) ;
#1340 =( LENGTH_UNIT ( ) NAMED_UNIT ( * ) SI_UNIT ( .MILLI., .METRE. ) );
#1341 = PLANE ( 'NONE',  #3131 ) ;
#1342 = LINE ( 'NONE', #4443, #1270 ) ;
#1343 = COLOUR_RGB ( '',0.7686274509803920907, 0.7686274509803920907, 0.7686274509803920907 ) ;
#1344 = COLOUR_RGB ( '',0.2941176470588235392, 0.2941176470588235392, 0.2941176470588235392 ) ;
#1345 = EDGE_CURVE ( 'NONE', #2468, #1643, #3543, .T. ) ;
#1346 = CARTESIAN_POINT ( 'NONE',  ( 2.994999999999999218, -0.2800000000000000266, 2.499999999999998668 ) ) ;
#1347 = EDGE_CURVE ( 'NONE', #4108, #5130, #6016, .T. ) ;
#1348 = MECHANICAL_DESIGN_GEOMETRIC_PRESENTATION_REPRESENTATION (  '', ( #5382 ), #1968 ) ;
#1349 = ORIENTED_EDGE ( 'NONE', *, *, #5213, .T. ) ;
#1350 = CARTESIAN_POINT ( 'NONE',  ( -2.409999999997580744, -0.3300000000000000155, 1.624999999989995558 ) ) ;
#1351 =( NAMED_UNIT ( * ) PLANE_ANGLE_UNIT ( ) SI_UNIT ( $, .RADIAN. ) );
#1352 = ORIENTED_EDGE ( 'NONE', *, *, #6480, .F. ) ;
#1353 = DIRECTION ( 'NONE',  ( 0.000000000000000000, 0.000000000000000000, 1.000000000000000000 ) ) ;
#1354 =( LENGTH_UNIT ( ) NAMED_UNIT ( * ) SI_UNIT ( .MILLI., .METRE. ) );
#1355 = ORIENTED_EDGE ( 'NONE', *, *, #860, .F. ) ;
#1356 = CARTESIAN_POINT ( 'NONE',  ( -3.120000000023992470, -0.3300000000000000155, -0.7899999999949613994 ) ) ;
#1357 = COLOUR_RGB ( '',0.7686274509803920907, 0.7686274509803920907, 0.7686274509803920907 ) ;
#1358 = COLOUR_RGB ( '',0.2941176470588235392, 0.2941176470588235392, 0.2941176470588235392 ) ;
#1359 = FILL_AREA_STYLE_COLOUR ( '', #5045 ) ;
#1360 = AXIS2_PLACEMENT_3D ( 'NONE', #2337, #5848, #4390 ) ;
#1361 = AXIS2_PLACEMENT_3D ( 'NONE', #2719, #4329, #5795 ) ;
#1362 = CARTESIAN_POINT ( 'NONE',  ( 3.014094982814588874, 0.000000000000000000, 0.8399999999999996358 ) ) ;
#1363 = ORIENTED_EDGE ( 'NONE', *, *, #6458, .F. ) ;
#1364 =( LENGTH_UNIT ( ) NAMED_UNIT ( * ) SI_UNIT ( .MILLI., .METRE. ) );
#1365 = LINE ( 'NONE', #309, #5188 ) ;
#1366 = DIRECTION ( 'NONE',  ( 1.000000000000000000, 0.000000000000000000, -2.047499167272383645E-15 ) ) ;
#1367 =( LENGTH_UNIT ( ) NAMED_UNIT ( * ) SI_UNIT ( .MILLI., .METRE. ) );
#1368 = DIRECTION ( 'NONE',  ( -4.773003671468901982E-16, 0.000000000000000000, 1.000000000000000000 ) ) ;
#1369 = ORIENTED_EDGE ( 'NONE', *, *, #6346, .T. ) ;
#1370 = FACE_OUTER_BOUND ( 'NONE', #5764, .T. ) ;
#1371 = PRESENTATION_STYLE_ASSIGNMENT (( #2319 ) ) ;
#1372 = ADVANCED_FACE ( 'NONE', ( #4325 ), #6363, .F. ) ;
#1373 = LINE ( 'NONE', #5432, #5948 ) ;
#1374 = EDGE_CURVE ( 'NONE', #6074, #5896, #2067, .T. ) ;
#1375 = VECTOR ( 'NONE', #4864, 1000.000000000000000 ) ;
#1376 = VERTEX_POINT ( 'NONE', #3683 ) ;
#1377 = PLANE ( 'NONE',  #5859 ) ;
#1378 =( NAMED_UNIT ( * ) SI_UNIT ( $, .STERADIAN. ) SOLID_ANGLE_UNIT ( ) );
#1379 = ORIENTED_EDGE ( 'NONE', *, *, #5501, .F. ) ;
#1380 = SURFACE_STYLE_FILL_AREA ( #1283 ) ;
#1381 = VECTOR ( 'NONE', #831, 1000.000000000000000 ) ;
#1382 = CARTESIAN_POINT ( 'NONE',  ( -3.014094982814586210, -0.3300000000000000155, 2.110000000000000764 ) ) ;
#1383 = VERTEX_POINT ( 'NONE', #5181 ) ;
#1384 = DIRECTION ( 'NONE',  ( 1.000000000000000000, 0.000000000000000000, 0.000000000000000000 ) ) ;
#1385 =( NAMED_UNIT ( * ) SI_UNIT ( $, .STERADIAN. ) SOLID_ANGLE_UNIT ( ) );
#1386 = SURFACE_SIDE_STYLE ('',( #4959 ) ) ;
#1387 = ORIENTED_EDGE ( 'NONE', *, *, #5975, .T. ) ;
#1388 = FILL_AREA_STYLE ('',( #435 ) ) ;
#1389 = FILL_AREA_STYLE_COLOUR ( '', #3258 ) ;
#1390 = EDGE_CURVE ( 'NONE', #4907, #1643, #115, .T. ) ;
#1391 = DIRECTION ( 'NONE',  ( 0.000000000000000000, 1.000000000000000000, 0.000000000000000000 ) ) ;
#1392 =( NAMED_UNIT ( * ) SI_UNIT ( $, .STERADIAN. ) SOLID_ANGLE_UNIT ( ) );
#1393 = COLOUR_RGB ( '',0.7686274509803920907, 0.7686274509803920907, 0.7686274509803920907 ) ;
#1394 = CARTESIAN_POINT ( 'NONE',  ( -3.119999999341871444, -0.3300000000000000155, 291549.9999999990687 ) ) ;
#1395 = DIRECTION ( 'NONE',  ( 0.000000000000000000, 0.000000000000000000, 1.000000000000000000 ) ) ;
#1396 = LINE ( 'NONE', #4565, #6442 ) ;
#1397 = EDGE_LOOP ( 'NONE', ( #4029, #3769, #4311, #5755 ) ) ;
#1398 =( LENGTH_UNIT ( ) NAMED_UNIT ( * ) SI_UNIT ( .MILLI., .METRE. ) );
#1399 = SURFACE_STYLE_FILL_AREA ( #4996 ) ;
#1400 = FILL_AREA_STYLE ('',( #2382 ) ) ;
#1401 = SURFACE_STYLE_FILL_AREA ( #3947 ) ;
#1402 = AXIS2_PLACEMENT_3D ( 'NONE', #5996, #413, #1893 ) ;
#1403 = EDGE_CURVE ( 'NONE', #4852, #968, #1684, .T. ) ;
#1404 = VERTEX_POINT ( 'NONE', #4135 ) ;
#1405 = LINE ( 'NONE', #1923, #85 ) ;
#1406 =( LENGTH_UNIT ( ) NAMED_UNIT ( * ) SI_UNIT ( .MILLI., .METRE. ) );
#1407 = CARTESIAN_POINT ( 'NONE',  ( 0.8849700567452600808, -0.3300000000000000155, 291550.0000000000000 ) ) ;
#1408 = DIRECTION ( 'NONE',  ( 1.000000000000000000, 0.000000000000000000, -2.896032514151599311E-16 ) ) ;
#1409 = EDGE_CURVE ( 'NONE', #3060, #4907, #2526, .T. ) ;
#1410 = ORIENTED_EDGE ( 'NONE', *, *, #2823, .T. ) ;
#1411 = LINE ( 'NONE', #4348, #1151 ) ;
#1412 = PLANE ( 'NONE',  #3411 ) ;
#1413 = EDGE_CURVE ( 'NONE', #4682, #4045, #6246, .T. ) ;
#1414 = UNCERTAINTY_MEASURE_WITH_UNIT (LENGTH_MEASURE( 1.000000000000000082E-05 ), #2140, 'distance_accuracy_value', 'NONE');
#1415 = MECHANICAL_DESIGN_GEOMETRIC_PRESENTATION_REPRESENTATION (  '', ( #3990 ), #3432 ) ;
#1416 = DIRECTION ( 'NONE',  ( 0.000000000000000000, 0.000000000000000000, 1.000000000000000000 ) ) ;
#1417 = EDGE_CURVE ( 'NONE', #5269, #1087, #642, .T. ) ;
#1418 = CARTESIAN_POINT ( 'NONE',  ( 3.014094982814588874, 0.000000000000000000, -0.8400000000000006350 ) ) ;
#1419 = CARTESIAN_POINT ( 'NONE',  ( -2.409999999997580744, -0.2800000000000000266, -1.880000000028303475 ) ) ;
#1420 = ORIENTED_EDGE ( 'NONE', *, *, #275, .F. ) ;
#1421 = AXIS2_PLACEMENT_3D ( 'NONE', #4208, #4681, #645 ) ;
#1422 = VECTOR ( 'NONE', #4801, 1000.000000000000000 ) ;
#1423 = FACE_OUTER_BOUND ( 'NONE', #553, .T. ) ;
#1424 = AXIS2_PLACEMENT_3D ( 'NONE', #2852, #4256, #1368 ) ;
#1425 = STYLED_ITEM ( 'NONE', ( #5204 ), #6270 ) ;
#1426 =( NAMED_UNIT ( * ) SI_UNIT ( $, .STERADIAN. ) SOLID_ANGLE_UNIT ( ) );
#1427 = SURFACE_SIDE_STYLE ('',( #2946 ) ) ;
#1428 = DIRECTION ( 'NONE',  ( -0.000000000000000000, -1.000000000000000000, -0.000000000000000000 ) ) ;
#1429 = STYLED_ITEM ( 'NONE', ( #4991 ), #5096 ) ;
#1430 = VERTEX_POINT ( 'NONE', #1610 ) ;
#1431 = DIRECTION ( 'NONE',  ( 0.000000000000000000, 0.000000000000000000, 1.000000000000000000 ) ) ;
#1432 = FACE_OUTER_BOUND ( 'NONE', #3487, .T. ) ;
#1433 = FILL_AREA_STYLE_COLOUR ( '', #1127 ) ;
#1434 = CARTESIAN_POINT ( 'NONE',  ( -2.994999999999998330, 0.7900000000000000355, -2.499999999999999556 ) ) ;
#1435 = STYLED_ITEM ( 'NONE', ( #2001 ), #4522 ) ;
#1436 = CARTESIAN_POINT ( 'NONE',  ( -2.994999999999998330, -0.2800000000000000266, -1.880000000028303475 ) ) ;
#1437 = ORIENTED_EDGE ( 'NONE', *, *, #889, .T. ) ;
#1438 = DIRECTION ( 'NONE',  ( -5.204170427930421283E-16, 0.000000000000000000, -1.000000000000000000 ) ) ;
#1439 = PRESENTATION_LAYER_ASSIGNMENT (  '', '', ( #4090 ) ) ;
#1440 = CARTESIAN_POINT ( 'NONE',  ( 3.014094982802362210, -0.3300000000000000155, -0.4300000000000004929 ) ) ;
#1441 = VECTOR ( 'NONE', #2281, 1000.000000000000000 ) ;
#1442 = VECTOR ( 'NONE', #5964, 1000.000000000000000 ) ;
#1443 = ORIENTED_EDGE ( 'NONE', *, *, #4173, .T. ) ;
#1444 = DIRECTION ( 'NONE',  ( -1.000000000000000000, 0.000000000000000000, 2.047499167272383645E-15 ) ) ;
#1445 =( GEOMETRIC_REPRESENTATION_CONTEXT ( 3 ) GLOBAL_UNCERTAINTY_ASSIGNED_CONTEXT ( ( #1587 ) ) GLOBAL_UNIT_ASSIGNED_CONTEXT ( ( #2682, #520, #3088 ) ) REPRESENTATION_CONTEXT ( 'NONE', 'WORKASPACE' ) );
#1446 = VERTEX_POINT ( 'NONE', #6141 ) ;
#1447 =( GEOMETRIC_REPRESENTATION_CONTEXT ( 3 ) GLOBAL_UNCERTAINTY_ASSIGNED_CONTEXT ( ( #2603 ) ) GLOBAL_UNIT_ASSIGNED_CONTEXT ( ( #1175, #5232, #6158 ) ) REPRESENTATION_CONTEXT ( 'NONE', 'WORKASPACE' ) );
#1448 = DIRECTION ( 'NONE',  ( 0.000000000000000000, 1.000000000000000000, 0.000000000000000000 ) ) ;
#1449 = LINE ( 'NONE', #462, #578 ) ;
#1450 = STYLED_ITEM ( 'NONE', ( #4785 ), #1554 ) ;
#1451 = ORIENTED_EDGE ( 'NONE', *, *, #6342, .F. ) ;
#1452 =( NAMED_UNIT ( * ) SI_UNIT ( $, .STERADIAN. ) SOLID_ANGLE_UNIT ( ) );
#1453 = FILL_AREA_STYLE_COLOUR ( '', #5462 ) ;
#1454 = VERTEX_POINT ( 'NONE', #4070 ) ;
#1455 = SURFACE_SIDE_STYLE ('',( #1983 ) ) ;
#1456 = EDGE_CURVE ( 'NONE', #3441, #4677, #496, .T. ) ;
#1457 = VECTOR ( 'NONE', #2309, 1000.000000000000000 ) ;
#1458 = VECTOR ( 'NONE', #4137, 1000.000000000000000 ) ;
#1459 = STYLED_ITEM ( 'NONE', ( #656 ), #6477 ) ;
#1460 =( NAMED_UNIT ( * ) SI_UNIT ( $, .STERADIAN. ) SOLID_ANGLE_UNIT ( ) );
#1461 = EDGE_CURVE ( 'NONE', #2961, #2468, #1120, .T. ) ;
#1462 = CARTESIAN_POINT ( 'NONE',  ( -2.964094982814587276, -0.3300000000000000155, -1.649999999983720045 ) ) ;
#1463 = PLANE ( 'NONE',  #2396 ) ;
#1464 = CARTESIAN_POINT ( 'NONE',  ( 2.964094982814588608, -0.2800000000000000266, 2.110000000016043487 ) ) ;
#1465 = ORIENTED_EDGE ( 'NONE', *, *, #149, .T. ) ;
#1466 = CARTESIAN_POINT ( 'NONE',  ( -2.964094982814586388, -0.3300000000000000155, 2.110000000016043487 ) ) ;
#1467 = SURFACE_SIDE_STYLE ('',( #1399 ) ) ;
#1468 = PLANE ( 'NONE',  #1655 ) ;
#1469 = SURFACE_STYLE_FILL_AREA ( #3599 ) ;
#1470 = EDGE_CURVE ( 'NONE', #5994, #639, #24, .T. ) ;
#1471 =( NAMED_UNIT ( * ) SI_UNIT ( $, .STERADIAN. ) SOLID_ANGLE_UNIT ( ) );
#1472 = ORIENTED_EDGE ( 'NONE', *, *, #990, .F. ) ;
#1473 = FILL_AREA_STYLE ('',( #2984 ) ) ;
#1474 = LINE ( 'NONE', #2452, #6456 ) ;
#1475 = FACE_OUTER_BOUND ( 'NONE', #1892, .T. ) ;
#1476 = EDGE_CURVE ( 'NONE', #4679, #1118, #1644, .T. ) ;
#1477 = PRESENTATION_STYLE_ASSIGNMENT (( #2421 ) ) ;
#1478 = EDGE_CURVE ( 'NONE', #5130, #1650, #6106, .T. ) ;
#1479 = FILL_AREA_STYLE ('',( #885 ) ) ;
#1480 =( GEOMETRIC_REPRESENTATION_CONTEXT ( 3 ) GLOBAL_UNCERTAINTY_ASSIGNED_CONTEXT ( ( #304 ) ) GLOBAL_UNIT_ASSIGNED_CONTEXT ( ( #1406, #292, #1378 ) ) REPRESENTATION_CONTEXT ( 'NONE', 'WORKASPACE' ) );
#1481 = ORIENTED_EDGE ( 'NONE', *, *, #1413, .F. ) ;
#1482 = LINE ( 'NONE', #6571, #1878 ) ;
#1483 = FACE_OUTER_BOUND ( 'NONE', #5027, .T. ) ;
#1484 = UNCERTAINTY_MEASURE_WITH_UNIT (LENGTH_MEASURE( 1.000000000000000082E-05 ), #3731, 'distance_accuracy_value', 'NONE');
#1485 = VECTOR ( 'NONE', #2446, 1000.000000000000000 ) ;
#1486 = ORIENTED_EDGE ( 'NONE', *, *, #3649, .T. ) ;
#1487 = FACE_OUTER_BOUND ( 'NONE', #3381, .T. ) ;
#1488 =( NAMED_UNIT ( * ) SI_UNIT ( $, .STERADIAN. ) SOLID_ANGLE_UNIT ( ) );
#1489 = EDGE_LOOP ( 'NONE', ( #5684, #3972, #2760, #5418 ) ) ;
#1490 = LINE ( 'NONE', #5541, #5187 ) ;
#1491 = DIRECTION ( 'NONE',  ( 1.000000000000000000, -0.000000000000000000, 0.000000000000000000 ) ) ;
#1492 = ORIENTED_EDGE ( 'NONE', *, *, #2835, .F. ) ;
#1493 =( NAMED_UNIT ( * ) PLANE_ANGLE_UNIT ( ) SI_UNIT ( $, .RADIAN. ) );
#1494 = LINE ( 'NONE', #5055, #3455 ) ;
#1495 = ADVANCED_FACE ( 'NONE', ( #5635 ), #1155, .F. ) ;
#1496 = PLANE ( 'NONE',  #4073 ) ;
#1497 = FACE_OUTER_BOUND ( 'NONE', #6509, .T. ) ;
#1498 = FACE_OUTER_BOUND ( 'NONE', #1773, .T. ) ;
#1499 = DIRECTION ( 'NONE',  ( 0.000000000000000000, 1.000000000000000000, 0.000000000000000000 ) ) ;
#1500 = EDGE_LOOP ( 'NONE', ( #5313, #2619, #5809, #2494, #1078, #4620 ) ) ;
#1501 = FILL_AREA_STYLE_COLOUR ( '', #2981 ) ;
#1502 = PRESENTATION_LAYER_ASSIGNMENT (  '', '', ( #870 ) ) ;
#1503 = CARTESIAN_POINT ( 'NONE',  ( -400000.0000000000000, -0.3300000000000000155, -2.135000000009767973 ) ) ;
#1504 = LINE ( 'NONE', #2952, #5590 ) ;
#1505 = ORIENTED_EDGE ( 'NONE', *, *, #332, .F. ) ;
#1506 = CARTESIAN_POINT ( 'NONE',  ( 0.5249700566878345853, -0.3300000000000000155, 2.397846985473961468 ) ) ;
#1507 = PRESENTATION_LAYER_ASSIGNMENT (  '', '', ( #420 ) ) ;
#1508 = DIRECTION ( 'NONE',  ( 1.734723475976807587E-16, 0.000000000000000000, -1.000000000000000000 ) ) ;
#1509 = DIRECTION ( 'NONE',  ( 0.000000000000000000, 0.000000000000000000, -1.000000000000000000 ) ) ;
#1510 = FACE_OUTER_BOUND ( 'NONE', #1903, .T. ) ;
#1511 = PRESENTATION_LAYER_ASSIGNMENT (  '', '', ( #6377 ) ) ;
#1512 =( LENGTH_UNIT ( ) NAMED_UNIT ( * ) SI_UNIT ( .MILLI., .METRE. ) );
#1513 =( GEOMETRIC_REPRESENTATION_CONTEXT ( 3 ) GLOBAL_UNCERTAINTY_ASSIGNED_CONTEXT ( ( #4923 ) ) GLOBAL_UNIT_ASSIGNED_CONTEXT ( ( #919, #2486, #5500 ) ) REPRESENTATION_CONTEXT ( 'NONE', 'WORKASPACE' ) );
#1514 = VERTEX_POINT ( 'NONE', #5344 ) ;
#1515 = DIRECTION ( 'NONE',  ( 0.000000000000000000, 0.000000000000000000, 1.000000000000000000 ) ) ;
#1516 = EDGE_LOOP ( 'NONE', ( #4783, #646, #2227, #528 ) ) ;
#1517 = FILL_AREA_STYLE ('',( #5638 ) ) ;
#1518 = CARTESIAN_POINT ( 'NONE',  ( 2.410000000509171514, -0.2800000000000000266, 291549.9999999993015 ) ) ;
#1519 = ORIENTED_EDGE ( 'NONE', *, *, #3327, .F. ) ;
#1520 =( NAMED_UNIT ( * ) PLANE_ANGLE_UNIT ( ) SI_UNIT ( $, .RADIAN. ) );
#1521 =( GEOMETRIC_REPRESENTATION_CONTEXT ( 3 ) GLOBAL_UNCERTAINTY_ASSIGNED_CONTEXT ( ( #4068 ) ) GLOBAL_UNIT_ASSIGNED_CONTEXT ( ( #1398, #1957, #3464 ) ) REPRESENTATION_CONTEXT ( 'NONE', 'WORKASPACE' ) );
#1522 = EDGE_CURVE ( 'NONE', #2116, #1306, #3474, .T. ) ;
#1523 = EDGE_CURVE ( 'NONE', #6610, #1011, #1744, .T. ) ;
#1524 =( GEOMETRIC_REPRESENTATION_CONTEXT ( 3 ) GLOBAL_UNCERTAINTY_ASSIGNED_CONTEXT ( ( #6226 ) ) GLOBAL_UNIT_ASSIGNED_CONTEXT ( ( #5782, #6291, #728 ) ) REPRESENTATION_CONTEXT ( 'NONE', 'WORKASPACE' ) );
#1525 = PRESENTATION_STYLE_ASSIGNMENT (( #6082 ) ) ;
#1526 = SURFACE_STYLE_USAGE ( .BOTH. , #5649 ) ;
#1527 = PRESENTATION_LAYER_ASSIGNMENT (  '', '', ( #3548 ) ) ;
#1528 = EDGE_CURVE ( 'NONE', #4209, #6051, #2765, .T. ) ;
#1529 = ORIENTED_EDGE ( 'NONE', *, *, #2777, .F. ) ;
#1530 = SURFACE_SIDE_STYLE ('',( #5589 ) ) ;
#1531 = CARTESIAN_POINT ( 'NONE',  ( -2.964094982814913237, -0.3300000000000000155, 291550.0000000000000 ) ) ;
#1532 = FILL_AREA_STYLE_COLOUR ( '', #2369 ) ;
#1533 = PRESENTATION_LAYER_ASSIGNMENT (  '', '', ( #1112 ) ) ;
#1534 = DIRECTION ( 'NONE',  ( 1.000000000000000000, -0.000000000000000000, 0.000000000000000000 ) ) ;
#1535 =( GEOMETRIC_REPRESENTATION_CONTEXT ( 3 ) GLOBAL_UNCERTAINTY_ASSIGNED_CONTEXT ( ( #5083 ) ) GLOBAL_UNIT_ASSIGNED_CONTEXT ( ( #2661, #1520, #2305 ) ) REPRESENTATION_CONTEXT ( 'NONE', 'WORKASPACE' ) );
#1536 = EDGE_CURVE ( 'NONE', #3629, #485, #153, .T. ) ;
#1537 = ORIENTED_EDGE ( 'NONE', *, *, #5970, .F. ) ;
#1538 = CARTESIAN_POINT ( 'NONE',  ( -3.014094982802362210, 0.000000000000000000, 2.059999999971751095 ) ) ;
#1539 = AXIS2_PLACEMENT_3D ( 'NONE', #2407, #3584, #3457 ) ;
#1540 = MECHANICAL_DESIGN_GEOMETRIC_PRESENTATION_REPRESENTATION (  '', ( #5678 ), #5373 ) ;
#1541 = CARTESIAN_POINT ( 'NONE',  ( -3.014094982814587986, 0.000000000000000000, 0.8400000000000005240 ) ) ;
#1542 = CARTESIAN_POINT ( 'NONE',  ( 3.014094982802362210, -0.3300000000000000155, -0.4300000000000004929 ) ) ;
#1543 = DIRECTION ( 'NONE',  ( 0.000000000000000000, 0.000000000000000000, 1.000000000000000000 ) ) ;
#1544 = EDGE_CURVE ( 'NONE', #6191, #4127, #1835, .T. ) ;
#1545 =( NAMED_UNIT ( * ) PLANE_ANGLE_UNIT ( ) SI_UNIT ( $, .RADIAN. ) );
#1546 = EDGE_CURVE ( 'NONE', #3408, #1685, #6282, .T. ) ;
#1547 = UNCERTAINTY_MEASURE_WITH_UNIT (LENGTH_MEASURE( 1.000000000000000082E-05 ), #3497, 'distance_accuracy_value', 'NONE');
#1548 = EDGE_CURVE ( 'NONE', #4566, #5200, #2329, .T. ) ;
#1549 = VECTOR ( 'NONE', #1861, 1000.000000000000000 ) ;
#1550 = VERTEX_POINT ( 'NONE', #3201 ) ;
#1551 = VECTOR ( 'NONE', #5606, 1000.000000000000000 ) ;
#1552 = STYLED_ITEM ( 'NONE', ( #1953 ), #848 ) ;
#1553 = ORIENTED_EDGE ( 'NONE', *, *, #1544, .F. ) ;
#1554 = ADVANCED_FACE ( 'NONE', ( #1710 ), #4346, .F. ) ;
#1555 = CARTESIAN_POINT ( 'NONE',  ( 3.014094982802362210, -0.3300000000000000155, -1.699999999999999734 ) ) ;
#1556 = LINE ( 'NONE', #4467, #2366 ) ;
#1557 = SURFACE_STYLE_USAGE ( .BOTH. , #1940 ) ;
#1558 = ORIENTED_EDGE ( 'NONE', *, *, #785, .T. ) ;
#1559 =( GEOMETRIC_REPRESENTATION_CONTEXT ( 3 ) GLOBAL_UNCERTAINTY_ASSIGNED_CONTEXT ( ( #2539 ) ) GLOBAL_UNIT_ASSIGNED_CONTEXT ( ( #4004, #3948, #5030 ) ) REPRESENTATION_CONTEXT ( 'NONE', 'WORKASPACE' ) );
#1560 = CARTESIAN_POINT ( 'NONE',  ( 2.964094982814913237, -0.3300000000000000155, -1.624999999989995558 ) ) ;
#1561 = DIRECTION ( 'NONE',  ( 0.000000000000000000, 0.9781476007338054668, 0.2079116908177597867 ) ) ;
#1562 = UNCERTAINTY_MEASURE_WITH_UNIT (LENGTH_MEASURE( 1.000000000000000082E-05 ), #3630, 'distance_accuracy_value', 'NONE');
#1563 = ADVANCED_FACE ( 'NONE', ( #4750 ), #3884, .F. ) ;
#1564 = VECTOR ( 'NONE', #4118, 1000.000000000000000 ) ;
#1565 = DIRECTION ( 'NONE',  ( 0.000000000000000000, 0.000000000000000000, 1.000000000000000000 ) ) ;
#1566 = FILL_AREA_STYLE ('',( #6583 ) ) ;
#1567 = ORIENTED_EDGE ( 'NONE', *, *, #1889, .T. ) ;
#1568 =( GEOMETRIC_REPRESENTATION_CONTEXT ( 3 ) GLOBAL_UNCERTAINTY_ASSIGNED_CONTEXT ( ( #1816 ) ) GLOBAL_UNIT_ASSIGNED_CONTEXT ( ( #618, #3728, #4279 ) ) REPRESENTATION_CONTEXT ( 'NONE', 'WORKASPACE' ) );
#1569 = VECTOR ( 'NONE', #315, 1000.000000000000000 ) ;
#1570 = UNCERTAINTY_MEASURE_WITH_UNIT (LENGTH_MEASURE( 1.000000000000000082E-05 ), #4477, 'distance_accuracy_value', 'NONE');
#1571 = ORIENTED_EDGE ( 'NONE', *, *, #2047, .F. ) ;
#1572 = COLOUR_RGB ( '',0.7686274509803920907, 0.7686274509803920907, 0.7686274509803920907 ) ;
#1573 = SURFACE_STYLE_FILL_AREA ( #2919 ) ;
#1574 = ORIENTED_EDGE ( 'NONE', *, *, #3831, .F. ) ;
#1575 = DIRECTION ( 'NONE',  ( 5.204170427930421283E-16, -0.000000000000000000, 1.000000000000000000 ) ) ;
#1576 = LINE ( 'NONE', #5111, #5363 ) ;
#1577 =( NAMED_UNIT ( * ) SI_UNIT ( $, .STERADIAN. ) SOLID_ANGLE_UNIT ( ) );
#1578 = SURFACE_SIDE_STYLE ('',( #4577 ) ) ;
#1579 = FILL_AREA_STYLE ('',( #6137 ) ) ;
#1580 = UNCERTAINTY_MEASURE_WITH_UNIT (LENGTH_MEASURE( 1.000000000000000082E-05 ), #1870, 'distance_accuracy_value', 'NONE');
#1581 = ORIENTED_EDGE ( 'NONE', *, *, #945, .F. ) ;
#1582 = CARTESIAN_POINT ( 'NONE',  ( 0.8849700567452600808, -0.3300000000000000155, -2.397846985502383177 ) ) ;
#1583 = ORIENTED_EDGE ( 'NONE', *, *, #6287, .F. ) ;
#1584 =( LENGTH_UNIT ( ) NAMED_UNIT ( * ) SI_UNIT ( .MILLI., .METRE. ) );
#1585 = LINE ( 'NONE', #5742, #2567 ) ;
#1586 = ORIENTED_EDGE ( 'NONE', *, *, #332, .T. ) ;
#1587 = UNCERTAINTY_MEASURE_WITH_UNIT (LENGTH_MEASURE( 1.000000000000000082E-05 ), #2682, 'distance_accuracy_value', 'NONE');
#1588 = FILL_AREA_STYLE_COLOUR ( '', #2565 ) ;
#1589 = MECHANICAL_DESIGN_GEOMETRIC_PRESENTATION_REPRESENTATION (  '', ( #3606 ), #1902 ) ;
#1590 = FACE_OUTER_BOUND ( 'NONE', #141, .T. ) ;
#1591 = DIRECTION ( 'NONE',  ( 0.000000000000000000, 1.000000000000000000, 0.000000000000000000 ) ) ;
#1592 = FACE_OUTER_BOUND ( 'NONE', #363, .T. ) ;
#1593 = FACE_OUTER_BOUND ( 'NONE', #418, .T. ) ;
#1594 = EDGE_CURVE ( 'NONE', #6347, #4781, #3798, .T. ) ;
#1595 = VERTEX_POINT ( 'NONE', #6500 ) ;
#1596 = FILL_AREA_STYLE_COLOUR ( '', #2043 ) ;
#1597 = LINE ( 'NONE', #1503, #5265 ) ;
#1598 = VERTEX_POINT ( 'NONE', #6440 ) ;
#1599 = EDGE_LOOP ( 'NONE', ( #3708, #2789, #1982, #4444 ) ) ;
#1600 = FACE_OUTER_BOUND ( 'NONE', #254, .T. ) ;
#1601 = ORIENTED_EDGE ( 'NONE', *, *, #2095, .F. ) ;
#1602 = CARTESIAN_POINT ( 'NONE',  ( 0.4499700566828266357, -0.3300000000000000155, 2.055898026412705804 ) ) ;
#1603 = STYLED_ITEM ( 'NONE', ( #3950 ), #3523 ) ;
#1604 = PLANE ( 'NONE',  #2815 ) ;
#1605 = ORIENTED_EDGE ( 'NONE', *, *, #5567, .F. ) ;
#1606 =( LENGTH_UNIT ( ) NAMED_UNIT ( * ) SI_UNIT ( .MILLI., .METRE. ) );
#1607 = AXIS2_PLACEMENT_3D ( 'NONE', #3085, #6339, #3771 ) ;
#1608 = ADVANCED_FACE ( 'NONE', ( #5006 ), #2391, .T. ) ;
#1609 = ORIENTED_EDGE ( 'NONE', *, *, #6533, .F. ) ;
#1610 = CARTESIAN_POINT ( 'NONE',  ( 2.409999999997580744, -0.2800000000000000266, 1.624999999989995558 ) ) ;
#1611 = ORIENTED_EDGE ( 'NONE', *, *, #5878, .F. ) ;
#1612 = EDGE_CURVE ( 'NONE', #4698, #1766, #6154, .T. ) ;
#1613 = CARTESIAN_POINT ( 'NONE',  ( 42651.70822918969498, -0.3300000000000000155, 194462.7674269482959 ) ) ;
#1614 = LINE ( 'NONE', #6250, #4291 ) ;
#1615 = PLANE ( 'NONE',  #5143 ) ;
#1616 = VERTEX_POINT ( 'NONE', #4549 ) ;
#1617 = DIRECTION ( 'NONE',  ( 0.000000000000000000, 0.000000000000000000, 1.000000000000000000 ) ) ;
#1618 = ADVANCED_FACE ( 'NONE', ( #4417 ), #4950, .F. ) ;
#1619 = CARTESIAN_POINT ( 'NONE',  ( -2.964094982814913237, -0.3300000000000000155, -0.8649999999761348590 ) ) ;
#1620 = CARTESIAN_POINT ( 'NONE',  ( -400000.0000000000000, 0.000000000000000000, -0.7899999999949613994 ) ) ;
#1621 = VERTEX_POINT ( 'NONE', #2858 ) ;
#1622 = PRESENTATION_LAYER_ASSIGNMENT (  '', '', ( #3652 ) ) ;
#1623 = UNCERTAINTY_MEASURE_WITH_UNIT (LENGTH_MEASURE( 1.000000000000000082E-05 ), #4761, 'distance_accuracy_value', 'NONE');
#1624 =( NAMED_UNIT ( * ) SI_UNIT ( $, .STERADIAN. ) SOLID_ANGLE_UNIT ( ) );
#1625 = CARTESIAN_POINT ( 'NONE',  ( -2.964094982814913237, -0.3300000000000000155, -0.3550000000132058631 ) ) ;
#1626 = ORIENTED_EDGE ( 'NONE', *, *, #5501, .T. ) ;
#1627 = CIRCLE ( 'NONE', #6096, 0.2215481472247725347 ) ;
#1628 = SURFACE_SIDE_STYLE ('',( #1573 ) ) ;
#1629 = ORIENTED_EDGE ( 'NONE', *, *, #2892, .F. ) ;
#1630 = VECTOR ( 'NONE', #5256, 1000.000000000000000 ) ;
#1631 = FILL_AREA_STYLE ('',( #1146 ) ) ;
#1632 = VERTEX_POINT ( 'NONE', #289 ) ;
#1633 = CARTESIAN_POINT ( 'NONE',  ( -400000.0000000000000, -0.3300000000000000155, 0.8649999999761348590 ) ) ;
#1634 =( NAMED_UNIT ( * ) PLANE_ANGLE_UNIT ( ) SI_UNIT ( $, .RADIAN. ) );
#1635 =( GEOMETRIC_REPRESENTATION_CONTEXT ( 3 ) GLOBAL_UNCERTAINTY_ASSIGNED_CONTEXT ( ( #4692 ) ) GLOBAL_UNIT_ASSIGNED_CONTEXT ( ( #4387, #527, #3585 ) ) REPRESENTATION_CONTEXT ( 'NONE', 'WORKASPACE' ) );
#1636 = VECTOR ( 'NONE', #5954, 1000.000000000000000 ) ;
#1637 = COLOUR_RGB ( '',0.7686274509803920907, 0.7686274509803920907, 0.7686274509803920907 ) ;
#1638 = CARTESIAN_POINT ( 'NONE',  ( -2.994999999999997442, 0.000000000000000000, 2.500000000000000444 ) ) ;
#1639 = EDGE_LOOP ( 'NONE', ( #5233, #2007, #4815, #337 ) ) ;
#1640 =( GEOMETRIC_REPRESENTATION_CONTEXT ( 3 ) GLOBAL_UNCERTAINTY_ASSIGNED_CONTEXT ( ( #4630 ) ) GLOBAL_UNIT_ASSIGNED_CONTEXT ( ( #3503, #510, #4541 ) ) REPRESENTATION_CONTEXT ( 'NONE', 'WORKASPACE' ) );
#1641 = DIRECTION ( 'NONE',  ( -0.000000000000000000, 1.000000000000000000, 0.000000000000000000 ) ) ;
#1642 = AXIS2_PLACEMENT_3D ( 'NONE', #5347, #4271, #6353 ) ;
#1643 = VERTEX_POINT ( 'NONE', #3400 ) ;
#1644 = LINE ( 'NONE', #5115, #1771 ) ;
#1645 = ORIENTED_EDGE ( 'NONE', *, *, #3269, .T. ) ;
#1646 = LINE ( 'NONE', #3685, #3484 ) ;
#1647 = SURFACE_STYLE_FILL_AREA ( #4138 ) ;
#1648 =( NAMED_UNIT ( * ) PLANE_ANGLE_UNIT ( ) SI_UNIT ( $, .RADIAN. ) );
#1649 = STYLED_ITEM ( 'NONE', ( #3819 ), #4393 ) ;
#1650 = VERTEX_POINT ( 'NONE', #4909 ) ;
#1651 = SURFACE_STYLE_USAGE ( .BOTH. , #6215 ) ;
#1652 = EDGE_CURVE ( 'NONE', #3408, #4987, #1373, .T. ) ;
#1653 = STYLED_ITEM ( 'NONE', ( #4145 ), #1063 ) ;
#1654 =( LENGTH_UNIT ( ) NAMED_UNIT ( * ) SI_UNIT ( .MILLI., .METRE. ) );
#1655 = AXIS2_PLACEMENT_3D ( 'NONE', #2512, #2950, #2914 ) ;
#1656 =( GEOMETRIC_REPRESENTATION_CONTEXT ( 3 ) GLOBAL_UNCERTAINTY_ASSIGNED_CONTEXT ( ( #1570 ) ) GLOBAL_UNIT_ASSIGNED_CONTEXT ( ( #4477, #3402, #1471 ) ) REPRESENTATION_CONTEXT ( 'NONE', 'WORKASPACE' ) );
#1657 =( NAMED_UNIT ( * ) PLANE_ANGLE_UNIT ( ) SI_UNIT ( $, .RADIAN. ) );
#1658 = CARTESIAN_POINT ( 'NONE',  ( 3.014094982814587986, -0.3300000000000000155, 2.109999999999999876 ) ) ;
#1659 = DIRECTION ( 'NONE',  ( 1.000000000000000000, 0.000000000000000000, -2.047499167272383645E-15 ) ) ;
#1660 = ORIENTED_EDGE ( 'NONE', *, *, #5770, .T. ) ;
#1661 = LINE ( 'NONE', #4632, #5034 ) ;
#1662 =( GEOMETRIC_REPRESENTATION_CONTEXT ( 3 ) GLOBAL_UNCERTAINTY_ASSIGNED_CONTEXT ( ( #1046 ) ) GLOBAL_UNIT_ASSIGNED_CONTEXT ( ( #2759, #774, #1705 ) ) REPRESENTATION_CONTEXT ( 'NONE', 'WORKASPACE' ) );
#1663 = STYLED_ITEM ( 'NONE', ( #3189 ), #576 ) ;
#1664 = SURFACE_STYLE_FILL_AREA ( #5823 ) ;
#1665 = LINE ( 'NONE', #5725, #5361 ) ;
#1666 = EDGE_CURVE ( 'NONE', #6146, #4781, #2383, .T. ) ;
#1667 = DIRECTION ( 'NONE',  ( -0.000000000000000000, 1.000000000000000000, 0.000000000000000000 ) ) ;
#1668 = DIRECTION ( 'NONE',  ( -0.000000000000000000, 1.000000000000000000, 0.000000000000000000 ) ) ;
#1669 = ORIENTED_EDGE ( 'NONE', *, *, #5601, .T. ) ;
#1670 = LINE ( 'NONE', #6190, #6124 ) ;
#1671 = ORIENTED_EDGE ( 'NONE', *, *, #638, .F. ) ;
#1672 = MECHANICAL_DESIGN_GEOMETRIC_PRESENTATION_REPRESENTATION (  '', ( #4550 ), #1144 ) ;
#1673 = SURFACE_SIDE_STYLE ('',( #4700 ) ) ;
#1674 = ORIENTED_EDGE ( 'NONE', *, *, #6112, .F. ) ;
#1675 = VECTOR ( 'NONE', #6295, 1000.000000000000000 ) ;
#1676 = SURFACE_SIDE_STYLE ('',( #1734 ) ) ;
#1677 = LINE ( 'NONE', #4128, #1715 ) ;
#1678 = SURFACE_STYLE_USAGE ( .BOTH. , #6237 ) ;
#1679 = EDGE_CURVE ( 'NONE', #3747, #2766, #3369, .T. ) ;
#1680 = VECTOR ( 'NONE', #3861, 1000.000000000000000 ) ;
#1681 =( NAMED_UNIT ( * ) SI_UNIT ( $, .STERADIAN. ) SOLID_ANGLE_UNIT ( ) );
#1682 = ORIENTED_EDGE ( 'NONE', *, *, #1139, .T. ) ;
#1683 = ORIENTED_EDGE ( 'NONE', *, *, #1945, .F. ) ;
#1684 = LINE ( 'NONE', #607, #2065 ) ;
#1685 = VERTEX_POINT ( 'NONE', #2882 ) ;
#1686 = LINE ( 'NONE', #644, #379 ) ;
#1687 = LINE ( 'NONE', #3611, #6324 ) ;
#1688 = ORIENTED_EDGE ( 'NONE', *, *, #5404, .F. ) ;
#1689 = CARTESIAN_POINT ( 'NONE',  ( 0.9599700567264335405, -0.2800000000000000266, -2.055898026469549222 ) ) ;
#1690 = DIRECTION ( 'NONE',  ( 0.000000000000000000, 0.000000000000000000, 1.000000000000000000 ) ) ;
#1691 = CARTESIAN_POINT ( 'NONE',  ( -2.409999999997580744, -0.2800000000000000266, -2.499999999999999556 ) ) ;
#1692 = DIRECTION ( 'NONE',  ( 0.000000000000000000, 1.000000000000000000, 0.000000000000000000 ) ) ;
#1693 = LINE ( 'NONE', #584, #4201 ) ;
#1694 = ORIENTED_EDGE ( 'NONE', *, *, #5152, .F. ) ;
#1695 = EDGE_CURVE ( 'NONE', #6539, #6205, #813, .T. ) ;
#1696 = FILL_AREA_STYLE_COLOUR ( '', #1756 ) ;
#1697 = CARTESIAN_POINT ( 'NONE',  ( 42653.05527247403370, -0.3300000000000000155, 194462.4719786260684 ) ) ;
#1698 =( NAMED_UNIT ( * ) SI_UNIT ( $, .STERADIAN. ) SOLID_ANGLE_UNIT ( ) );
#1699 = ORIENTED_EDGE ( 'NONE', *, *, #3913, .T. ) ;
#1700 = SURFACE_STYLE_FILL_AREA ( #3836 ) ;
#1701 = EDGE_LOOP ( 'NONE', ( #290, #2455, #2069, #395 ) ) ;
#1702 = FILL_AREA_STYLE_COLOUR ( '', #5078 ) ;
#1703 = ORIENTED_EDGE ( 'NONE', *, *, #3706, .F. ) ;
#1704 = SURFACE_SIDE_STYLE ('',( #5172 ) ) ;
#1705 =( NAMED_UNIT ( * ) SI_UNIT ( $, .STERADIAN. ) SOLID_ANGLE_UNIT ( ) );
#1706 = ORIENTED_EDGE ( 'NONE', *, *, #2780, .T. ) ;
#1707 =( NAMED_UNIT ( * ) PLANE_ANGLE_UNIT ( ) SI_UNIT ( $, .RADIAN. ) );
#1708 = ORIENTED_EDGE ( 'NONE', *, *, #1738, .T. ) ;
#1709 = PRESENTATION_LAYER_ASSIGNMENT (  '', '', ( #6391 ) ) ;
#1710 = FACE_OUTER_BOUND ( 'NONE', #5802, .T. ) ;
#1711 = ORIENTED_EDGE ( 'NONE', *, *, #732, .F. ) ;
#1712 = DIRECTION ( 'NONE',  ( 0.000000000000000000, 1.000000000000000000, 0.000000000000000000 ) ) ;
#1713 =( NAMED_UNIT ( * ) PLANE_ANGLE_UNIT ( ) SI_UNIT ( $, .RADIAN. ) );
#1714 = FACE_OUTER_BOUND ( 'NONE', #5165, .T. ) ;
#1715 = VECTOR ( 'NONE', #6164, 1000.000000000000000 ) ;
#1716 = CARTESIAN_POINT ( 'NONE',  ( -2.964094982814913237, -0.3300000000000000155, -2.109999999959200068 ) ) ;
#1717 = MECHANICAL_DESIGN_GEOMETRIC_PRESENTATION_REPRESENTATION (  '', ( #3419 ), #4267 ) ;
#1718 = DIRECTION ( 'NONE',  ( 0.000000000000000000, 1.000000000000000000, 0.000000000000000000 ) ) ;
#1719 = CARTESIAN_POINT ( 'NONE',  ( 0.5249700567192092659, -0.2800000000000000266, 2.499999999999999556 ) ) ;
#1720 = DIRECTION ( 'NONE',  ( 1.000000000000000000, 0.000000000000000000, -2.047499167272383645E-15 ) ) ;
#1721 = DIRECTION ( 'NONE',  ( 0.000000000000000000, 0.000000000000000000, -1.000000000000000000 ) ) ;
#1722 =( NAMED_UNIT ( * ) PLANE_ANGLE_UNIT ( ) SI_UNIT ( $, .RADIAN. ) );
#1723 =( NAMED_UNIT ( * ) PLANE_ANGLE_UNIT ( ) SI_UNIT ( $, .RADIAN. ) );
#1724 = EDGE_CURVE ( 'NONE', #1118, #4012, #856, .T. ) ;
#1725 = CARTESIAN_POINT ( 'NONE',  ( 2.409999999031242623, -0.3300000000000000155, 291550.0000000013970 ) ) ;
#1726 = ORIENTED_EDGE ( 'NONE', *, *, #1390, .F. ) ;
#1727 =( LENGTH_UNIT ( ) NAMED_UNIT ( * ) SI_UNIT ( .MILLI., .METRE. ) );
#1728 = EDGE_LOOP ( 'NONE', ( #2871, #4726, #4713, #5116 ) ) ;
#1729 = MECHANICAL_DESIGN_GEOMETRIC_PRESENTATION_REPRESENTATION (  '', ( #2995 ), #666 ) ;
#1730 = FILL_AREA_STYLE ('',( #5758 ) ) ;
#1731 = CARTESIAN_POINT ( 'NONE',  ( 2.994999999999999218, -0.2800000000000000266, 2.499999999999998668 ) ) ;
#1732 = COLOUR_RGB ( '',0.7686274509803920907, 0.7686274509803920907, 0.7686274509803920907 ) ;
#1733 = ORIENTED_EDGE ( 'NONE', *, *, #3617, .T. ) ;
#1734 = SURFACE_STYLE_FILL_AREA ( #180 ) ;
#1735 = DIRECTION ( 'NONE',  ( 0.000000000000000000, 1.000000000000000000, 0.000000000000000000 ) ) ;
#1736 = SURFACE_STYLE_USAGE ( .BOTH. , #1180 ) ;
#1737 = EDGE_LOOP ( 'NONE', ( #4501, #1297, #3739, #3743, #3416, #6269, #2797, #3036, #4136, #4844, #4580, #3569, #1363, #4235, #2100, #3668, #2300, #1272, #369, #75, #3165, #64, #6468, #1074, #3122, #5067, #1505, #375, #1125, #3818, #4226, #6371, #4412, #6273, #8, #2092, #3322, #4255, #6224, #6267, #4773, #4952, #4160, #4602 ) ) ;
#1738 = EDGE_CURVE ( 'NONE', #1214, #5048, #4938, .T. ) ;
#1739 =( GEOMETRIC_REPRESENTATION_CONTEXT ( 3 ) GLOBAL_UNCERTAINTY_ASSIGNED_CONTEXT ( ( #3540 ) ) GLOBAL_UNIT_ASSIGNED_CONTEXT ( ( #48, #3145, #3064 ) ) REPRESENTATION_CONTEXT ( 'NONE', 'WORKASPACE' ) );
#1740 = ORIENTED_EDGE ( 'NONE', *, *, #4251, .T. ) ;
#1741 = PRESENTATION_LAYER_ASSIGNMENT (  '', '', ( #5779 ) ) ;
#1742 = ORIENTED_EDGE ( 'NONE', *, *, #5089, .T. ) ;
#1743 = EDGE_CURVE ( 'NONE', #6129, #1650, #319, .T. ) ;
#1744 = LINE ( 'NONE', #1777, #4009 ) ;
#1745 = ORIENTED_EDGE ( 'NONE', *, *, #5878, .T. ) ;
#1746 = EDGE_CURVE ( 'NONE', #2258, #5994, #1894, .T. ) ;
#1747 = AXIS2_PLACEMENT_3D ( 'NONE', #2466, #1491, #2039 ) ;
#1748 = EDGE_CURVE ( 'NONE', #5807, #1632, #1342, .T. ) ;
#1749 = AXIS2_PLACEMENT_3D ( 'NONE', #192, #1315, #2837 ) ;
#1750 = AXIS2_PLACEMENT_3D ( 'NONE', #2176, #3310, #5349 ) ;
#1751 = PRODUCT_DEFINITION_SHAPE ( 'NONE', 'NONE',  #278 ) ;
#1752 = ADVANCED_FACE ( 'NONE', ( #1919, #913 ), #5457, .T. ) ;
#1753 = LINE ( 'NONE', #2807, #3654 ) ;
#1754 = LINE ( 'NONE', #6261, #5398 ) ;
#1755 = EDGE_CURVE ( 'NONE', #4616, #3608, #5939, .T. ) ;
#1756 = COLOUR_RGB ( '',0.2941176470588235392, 0.2941176470588235392, 0.2941176470588235392 ) ;
#1757 = FILL_AREA_STYLE ('',( #95 ) ) ;
#1758 = CIRCLE ( 'NONE', #2592, 0.05000000000000012768 ) ;
#1759 = VECTOR ( 'NONE', #1659, 1000.000000000000000 ) ;
#1760 = SURFACE_STYLE_USAGE ( .BOTH. , #2314 ) ;
#1761 = LINE ( 'NONE', #737, #706 ) ;
#1762 = MECHANICAL_DESIGN_GEOMETRIC_PRESENTATION_REPRESENTATION (  '', ( #1135 ), #2284 ) ;
#1763 =( NAMED_UNIT ( * ) PLANE_ANGLE_UNIT ( ) SI_UNIT ( $, .RADIAN. ) );
#1764 = CARTESIAN_POINT ( 'NONE',  ( -2.994999999999999218, -0.3300000000000000155, -0.7937898103086497015 ) ) ;
#1765 =( LENGTH_UNIT ( ) NAMED_UNIT ( * ) SI_UNIT ( .MILLI., .METRE. ) );
#1766 = VERTEX_POINT ( 'NONE', #2951 ) ;
#1767 = ADVANCED_FACE ( 'NONE', ( #4998 ), #2703, .F. ) ;
#1768 = CYLINDRICAL_SURFACE ( 'NONE', #5877, 0.05000000000000012768 ) ;
#1769 =( GEOMETRIC_REPRESENTATION_CONTEXT ( 3 ) GLOBAL_UNCERTAINTY_ASSIGNED_CONTEXT ( ( #2077 ) ) GLOBAL_UNIT_ASSIGNED_CONTEXT ( ( #208, #805, #5855 ) ) REPRESENTATION_CONTEXT ( 'NONE', 'WORKASPACE' ) );
#1770 = FILL_AREA_STYLE_COLOUR ( '', #364 ) ;
#1771 = VECTOR ( 'NONE', #5709, 1000.000000000000000 ) ;
#1772 = ORIENTED_EDGE ( 'NONE', *, *, #638, .T. ) ;
#1773 = EDGE_LOOP ( 'NONE', ( #3886, #5581, #3968, #2162 ) ) ;
#1774 = CARTESIAN_POINT ( 'NONE',  ( 2.994999999999999218, -0.2800000000000000266, 2.499999999999998668 ) ) ;
#1775 = ADVANCED_FACE ( 'NONE', ( #2663 ), #688, .T. ) ;
#1776 =( GEOMETRIC_REPRESENTATION_CONTEXT ( 3 ) GLOBAL_UNCERTAINTY_ASSIGNED_CONTEXT ( ( #2279 ) ) GLOBAL_UNIT_ASSIGNED_CONTEXT ( ( #5785, #2902, #3899 ) ) REPRESENTATION_CONTEXT ( 'NONE', 'WORKASPACE' ) );
#1777 = CARTESIAN_POINT ( 'NONE',  ( -2.994999999999999662, -0.3300000000000000155, -1.696210189691350401 ) ) ;
#1778 = ORIENTED_EDGE ( 'NONE', *, *, #3126, .T. ) ;
#1779 = CARTESIAN_POINT ( 'NONE',  ( 2.410000000509171514, -0.3300000000000000155, 291549.9999999993015 ) ) ;
#1780 =( LENGTH_UNIT ( ) NAMED_UNIT ( * ) SI_UNIT ( .MILLI., .METRE. ) );
#1781 = UNCERTAINTY_MEASURE_WITH_UNIT (LENGTH_MEASURE( 1.000000000000000082E-05 ), #1354, 'distance_accuracy_value', 'NONE');
#1782 = LINE ( 'NONE', #791, #3567 ) ;
#1783 =( LENGTH_UNIT ( ) NAMED_UNIT ( * ) SI_UNIT ( .MILLI., .METRE. ) );
#1784 = PRESENTATION_STYLE_ASSIGNMENT (( #4828 ) ) ;
#1785 = PLANE ( 'NONE',  #3482 ) ;
#1786 = CARTESIAN_POINT ( 'NONE',  ( -2.409999999997580744, -0.3300000000000000155, 1.880000000028303475 ) ) ;
#1787 = LINE ( 'NONE', #341, #4657 ) ;
#1788 = SURFACE_SIDE_STYLE ('',( #4558 ) ) ;
#1789 = FILL_AREA_STYLE_COLOUR ( '', #3110 ) ;
#1790 = LINE ( 'NONE', #5302, #2730 ) ;
#1791 = MECHANICAL_DESIGN_GEOMETRIC_PRESENTATION_REPRESENTATION (  '', ( #738 ), #3504 ) ;
#1792 = FILL_AREA_STYLE ('',( #5399 ) ) ;
#1793 = LINE ( 'NONE', #3160, #3146 ) ;
#1794 =( NAMED_UNIT ( * ) SI_UNIT ( $, .STERADIAN. ) SOLID_ANGLE_UNIT ( ) );
#1795 = ORIENTED_EDGE ( 'NONE', *, *, #3275, .F. ) ;
#1796 =( NAMED_UNIT ( * ) PLANE_ANGLE_UNIT ( ) SI_UNIT ( $, .RADIAN. ) );
#1797 = EDGE_LOOP ( 'NONE', ( #3512, #858, #5865, #3079 ) ) ;
#1798 = PRESENTATION_LAYER_ASSIGNMENT (  '', '', ( #5319 ) ) ;
#1799 = DIRECTION ( 'NONE',  ( 0.000000000000000000, 1.000000000000000000, 0.000000000000000000 ) ) ;
#1800 = VERTEX_POINT ( 'NONE', #4758 ) ;
#1801 =( LENGTH_UNIT ( ) NAMED_UNIT ( * ) SI_UNIT ( .MILLI., .METRE. ) );
#1802 = SURFACE_STYLE_USAGE ( .BOTH. , #362 ) ;
#1803 = EDGE_LOOP ( 'NONE', ( #5060, #1829, #908, #5946, #1352, #1847 ) ) ;
#1804 = ORIENTED_EDGE ( 'NONE', *, *, #2292, .F. ) ;
#1805 = CARTESIAN_POINT ( 'NONE',  ( -2.994999999999997442, -0.2800000000000000266, 2.500000000000000444 ) ) ;
#1806 =( NAMED_UNIT ( * ) SI_UNIT ( $, .STERADIAN. ) SOLID_ANGLE_UNIT ( ) );
#1807 = EDGE_CURVE ( 'NONE', #4230, #4108, #756, .T. ) ;
#1808 = PRESENTATION_STYLE_ASSIGNMENT (( #5249 ) ) ;
#1809 = VECTOR ( 'NONE', #1905, 1000.000000000000000 ) ;
#1810 = EDGE_CURVE ( 'NONE', #5658, #4989, #6259, .T. ) ;
#1811 =( NAMED_UNIT ( * ) SI_UNIT ( $, .STERADIAN. ) SOLID_ANGLE_UNIT ( ) );
#1812 = CARTESIAN_POINT ( 'NONE',  ( -2.994999999999998330, -0.2800000000000000266, -2.499999999999999556 ) ) ;
#1813 = LINE ( 'NONE', #3282, #6318 ) ;
#1814 = CARTESIAN_POINT ( 'NONE',  ( -3.120000000023992470, 0.000000000000000000, -0.4299999999943793227 ) ) ;
#1815 = EDGE_CURVE ( 'NONE', #4219, #6573, #165, .T. ) ;
#1816 = UNCERTAINTY_MEASURE_WITH_UNIT (LENGTH_MEASURE( 1.000000000000000082E-05 ), #618, 'distance_accuracy_value', 'NONE');
#1817 = LINE ( 'NONE', #1936, #3134 ) ;
#1818 =( NAMED_UNIT ( * ) SI_UNIT ( $, .STERADIAN. ) SOLID_ANGLE_UNIT ( ) );
#1819 = CARTESIAN_POINT ( 'NONE',  ( 2.964094982814913237, -0.3300000000000000155, 291550.0000000000000 ) ) ;
#1820 = SURFACE_STYLE_USAGE ( .BOTH. , #2814 ) ;
#1821 = CARTESIAN_POINT ( 'NONE',  ( -2.409999999997580744, -0.3300000000000000155, -1.880000000028303475 ) ) ;
#1822 = VERTEX_POINT ( 'NONE', #271 ) ;
#1823 = CARTESIAN_POINT ( 'NONE',  ( 2.964094982814913237, -0.3300000000000000155, 291550.0000000000000 ) ) ;
#1824 = DIRECTION ( 'NONE',  ( -1.000000000000000000, 0.000000000000000000, -0.000000000000000000 ) ) ;
#1825 =( NAMED_UNIT ( * ) PLANE_ANGLE_UNIT ( ) SI_UNIT ( $, .RADIAN. ) );
#1826 = ORIENTED_EDGE ( 'NONE', *, *, #868, .T. ) ;
#1827 = DIRECTION ( 'NONE',  ( -0.000000000000000000, 1.000000000000000000, 0.000000000000000000 ) ) ;
#1828 = CARTESIAN_POINT ( 'NONE',  ( -3.014094982802362210, 0.000000000000000000, 1.700000000000000622 ) ) ;
#1829 = ORIENTED_EDGE ( 'NONE', *, *, #331, .T. ) ;
#1830 = FILL_AREA_STYLE ('',( #3374 ) ) ;
#1831 = ORIENTED_EDGE ( 'NONE', *, *, #4432, .F. ) ;
#1832 = SURFACE_STYLE_FILL_AREA ( #326 ) ;
#1833 = COLOUR_RGB ( '',0.2941176470588235392, 0.2941176470588235392, 0.2941176470588235392 ) ;
#1834 = PRESENTATION_LAYER_ASSIGNMENT (  '', '', ( #4277 ) ) ;
#1835 = LINE ( 'NONE', #221, #3370 ) ;
#1836 = ORIENTED_EDGE ( 'NONE', *, *, #2430, .T. ) ;
#1837 = DIRECTION ( 'NONE',  ( 1.000000000000000000, -0.000000000000000000, -2.896032514151599311E-16 ) ) ;
#1838 = PRESENTATION_LAYER_ASSIGNMENT (  '', '', ( #897 ) ) ;
#1839 = CARTESIAN_POINT ( 'NONE',  ( 0.5249700567446780042, 0.000000000000000000, -2.625000000023192115 ) ) ;
#1840 = UNCERTAINTY_MEASURE_WITH_UNIT (LENGTH_MEASURE( 1.000000000000000082E-05 ), #2857, 'distance_accuracy_value', 'NONE');
#1841 = VECTOR ( 'NONE', #5512, 1000.000000000000000 ) ;
#1842 = CIRCLE ( 'NONE', #1749, 0.05000000000000012768 ) ;
#1843 = SURFACE_STYLE_FILL_AREA ( #6414 ) ;
#1844 = VECTOR ( 'NONE', #872, 1000.000000000000000 ) ;
#1845 = DIRECTION ( 'NONE',  ( 0.000000000000000000, 1.000000000000000000, 0.000000000000000000 ) ) ;
#1846 = PRESENTATION_LAYER_ASSIGNMENT (  '', '', ( #1954 ) ) ;
#1847 = ORIENTED_EDGE ( 'NONE', *, *, #2009, .T. ) ;
#1848 = EDGE_CURVE ( 'NONE', #4263, #719, #2206, .T. ) ;
#1849 = SURFACE_SIDE_STYLE ('',( #233 ) ) ;
#1850 = STYLED_ITEM ( 'NONE', ( #5063 ), #330 ) ;
#1851 = DIRECTION ( 'NONE',  ( -1.700709290173341642E-15, 0.000000000000000000, -1.000000000000000000 ) ) ;
#1852 = MECHANICAL_DESIGN_GEOMETRIC_PRESENTATION_REPRESENTATION (  '', ( #3127 ), #1018 ) ;
#1853 = SURFACE_SIDE_STYLE ('',( #1911 ) ) ;
#1854 = LINE ( 'NONE', #1330, #2574 ) ;
#1855 = COLOUR_RGB ( '',0.7686274509803920907, 0.7686274509803920907, 0.7686274509803920907 ) ;
#1856 = SURFACE_SIDE_STYLE ('',( #209 ) ) ;
#1857 = FILL_AREA_STYLE_COLOUR ( '', #3037 ) ;
#1858 = PRESENTATION_STYLE_ASSIGNMENT (( #810 ) ) ;
#1859 = ORIENTED_EDGE ( 'NONE', *, *, #4965, .F. ) ;
#1860 = DIRECTION ( 'NONE',  ( 0.000000000000000000, 1.000000000000000000, 0.000000000000000000 ) ) ;
#1861 = DIRECTION ( 'NONE',  ( 0.000000000000000000, 1.000000000000000000, 0.000000000000000000 ) ) ;
#1862 = ORIENTED_EDGE ( 'NONE', *, *, #6013, .T. ) ;
#1863 = FILL_AREA_STYLE ('',( #6434 ) ) ;
#1864 = PRESENTATION_LAYER_ASSIGNMENT (  '', '', ( #6123 ) ) ;
#1865 = ORIENTED_EDGE ( 'NONE', *, *, #2906, .T. ) ;
#1866 = LINE ( 'NONE', #4341, #6170 ) ;
#1867 = MECHANICAL_DESIGN_GEOMETRIC_PRESENTATION_REPRESENTATION (  '', ( #2288 ), #1447 ) ;
#1868 = DIRECTION ( 'NONE',  ( 1.000000000000000000, -0.000000000000000000, 0.000000000000000000 ) ) ;
#1869 = ORIENTED_EDGE ( 'NONE', *, *, #5979, .T. ) ;
#1870 =( LENGTH_UNIT ( ) NAMED_UNIT ( * ) SI_UNIT ( .MILLI., .METRE. ) );
#1871 =( NAMED_UNIT ( * ) SI_UNIT ( $, .STERADIAN. ) SOLID_ANGLE_UNIT ( ) );
#1872 = MECHANICAL_DESIGN_GEOMETRIC_PRESENTATION_REPRESENTATION (  '', ( #4974 ), #2192 ) ;
#1873 = ORIENTED_EDGE ( 'NONE', *, *, #928, .T. ) ;
#1874 = CARTESIAN_POINT ( 'NONE',  ( 2.964094982814913237, -0.2800000000000000266, -2.499999999999999556 ) ) ;
#1875 = CARTESIAN_POINT ( 'NONE',  ( 3.120000000023992470, -0.3300000000000000155, 291550.0000000000000 ) ) ;
#1876 = EDGE_CURVE ( 'NONE', #2634, #4916, #6290, .T. ) ;
#1877 = MECHANICAL_DESIGN_GEOMETRIC_PRESENTATION_REPRESENTATION (  '', ( #1041 ), #3587 ) ;
#1878 = VECTOR ( 'NONE', #5080, 1000.000000000000000 ) ;
#1879 = DIRECTION ( 'NONE',  ( 1.000000000000000000, 0.000000000000000000, -4.773003671468901982E-16 ) ) ;
#1880 = VECTOR ( 'NONE', #4359, 1000.000000000000000 ) ;
#1881 = FACE_OUTER_BOUND ( 'NONE', #2607, .T. ) ;
#1882 = ORIENTED_EDGE ( 'NONE', *, *, #1130, .T. ) ;
#1883 = PRESENTATION_STYLE_ASSIGNMENT (( #4429 ) ) ;
#1884 = DIRECTION ( 'NONE',  ( 0.000000000000000000, 1.000000000000000000, 0.000000000000000000 ) ) ;
#1885 =( NAMED_UNIT ( * ) PLANE_ANGLE_UNIT ( ) SI_UNIT ( $, .RADIAN. ) );
#1886 = ADVANCED_FACE ( 'NONE', ( #3692 ), #5220, .T. ) ;
#1887 = DIRECTION ( 'NONE',  ( 1.000000000000000000, -0.000000000000000000, 0.000000000000000000 ) ) ;
#1888 = CARTESIAN_POINT ( 'NONE',  ( 0.8849700567452600808, -0.3300000000000000155, 2.397846985445539758 ) ) ;
#1889 = EDGE_CURVE ( 'NONE', #5337, #968, #5511, .T. ) ;
#1890 = CARTESIAN_POINT ( 'NONE',  ( -3.014094982814587986, 0.000000000000000000, 0.8400000000000005240 ) ) ;
#1891 = CARTESIAN_POINT ( 'NONE',  ( -2.964094982814913237, -0.3300000000000000155, -0.8399999999824103725 ) ) ;
#1892 = EDGE_LOOP ( 'NONE', ( #5513, #32, #1254, #3059 ) ) ;
#1893 = DIRECTION ( 'NONE',  ( 0.9999999999911618476, 0.000000000000000000, -4.204298578504836987E-06 ) ) ;
#1894 = LINE ( 'NONE', #357, #399 ) ;
#1895 = ADVANCED_FACE ( 'NONE', ( #2898 ), #5475, .F. ) ;
#1896 = CARTESIAN_POINT ( 'NONE',  ( -2.964094982814913237, -0.2800000000000000266, 0.3800000000069303496 ) ) ;
#1897 = VECTOR ( 'NONE', #229, 1000.000000000000000 ) ;
#1898 = ORIENTED_EDGE ( 'NONE', *, *, #3639, .T. ) ;
#1899 = SURFACE_STYLE_FILL_AREA ( #1473 ) ;
#1900 = SURFACE_STYLE_FILL_AREA ( #2000 ) ;
#1901 = EDGE_CURVE ( 'NONE', #4819, #4035, #3939, .T. ) ;
#1902 =( GEOMETRIC_REPRESENTATION_CONTEXT ( 3 ) GLOBAL_UNCERTAINTY_ASSIGNED_CONTEXT ( ( #2561 ) ) GLOBAL_UNIT_ASSIGNED_CONTEXT ( ( #3385, #6018, #2008 ) ) REPRESENTATION_CONTEXT ( 'NONE', 'WORKASPACE' ) );
#1903 = EDGE_LOOP ( 'NONE', ( #3877, #5898, #965, #2524, #103, #668 ) ) ;
#1904 = DIRECTION ( 'NONE',  ( 1.000000000000000000, 0.000000000000000000, 2.047499167272383645E-15 ) ) ;
#1905 = DIRECTION ( 'NONE',  ( 1.000000000000000000, -0.000000000000000000, -2.896032514151599311E-16 ) ) ;
#1906 =( LENGTH_UNIT ( ) NAMED_UNIT ( * ) SI_UNIT ( .MILLI., .METRE. ) );
#1907 =( GEOMETRIC_REPRESENTATION_CONTEXT ( 3 ) GLOBAL_UNCERTAINTY_ASSIGNED_CONTEXT ( ( #1016 ) ) GLOBAL_UNIT_ASSIGNED_CONTEXT ( ( #2646, #5235, #3633 ) ) REPRESENTATION_CONTEXT ( 'NONE', 'WORKASPACE' ) );
#1908 =( LENGTH_UNIT ( ) NAMED_UNIT ( * ) SI_UNIT ( .MILLI., .METRE. ) );
#1909 = ORIENTED_EDGE ( 'NONE', *, *, #5355, .F. ) ;
#1910 = COLOUR_RGB ( '',0.2941176470588235392, 0.2941176470588235392, 0.2941176470588235392 ) ;
#1911 = SURFACE_STYLE_FILL_AREA ( #345 ) ;
#1912 = LINE ( 'NONE', #4395, #2159 ) ;
#1913 = DIRECTION ( 'NONE',  ( 0.000000000000000000, 0.000000000000000000, -1.000000000000000000 ) ) ;
#1914 = CARTESIAN_POINT ( 'NONE',  ( -399998.7742213124875, -0.3300000000000000155, -3.671698823438873660 ) ) ;
#1915 = ORIENTED_EDGE ( 'NONE', *, *, #1075, .T. ) ;
#1916 = SURFACE_STYLE_FILL_AREA ( #909 ) ;
#1917 = SURFACE_STYLE_FILL_AREA ( #3427 ) ;
#1918 = DIRECTION ( 'NONE',  ( 1.000000000000000000, 0.000000000000000000, 0.000000000000000000 ) ) ;
#1919 = FACE_BOUND ( 'NONE', #3161, .T. ) ;
#1920 = VECTOR ( 'NONE', #4056, 1000.000000000000000 ) ;
#1921 = SURFACE_STYLE_USAGE ( .BOTH. , #6063 ) ;
#1922 = ORIENTED_EDGE ( 'NONE', *, *, #349, .F. ) ;
#1923 = CARTESIAN_POINT ( 'NONE',  ( 2.995000000000000107, -0.2800000000000000266, -2.499999999999999556 ) ) ;
#1924 =( LENGTH_UNIT ( ) NAMED_UNIT ( * ) SI_UNIT ( .MILLI., .METRE. ) );
#1925 = SURFACE_SIDE_STYLE ('',( #3436 ) ) ;
#1926 = FILL_AREA_STYLE ('',( #5600 ) ) ;
#1927 = VERTEX_POINT ( 'NONE', #305 ) ;
#1928 = SURFACE_STYLE_USAGE ( .BOTH. , #3854 ) ;
#1929 =( NAMED_UNIT ( * ) SI_UNIT ( $, .STERADIAN. ) SOLID_ANGLE_UNIT ( ) );
#1930 = UNCERTAINTY_MEASURE_WITH_UNIT (LENGTH_MEASURE( 1.000000000000000082E-05 ), #5847, 'distance_accuracy_value', 'NONE');
#1931 = ADVANCED_FACE ( 'NONE', ( #4386 ), #2965, .T. ) ;
#1932 = AXIS2_PLACEMENT_3D ( 'NONE', #1394, #3423, #5956 ) ;
#1933 = ORIENTED_EDGE ( 'NONE', *, *, #6606, .F. ) ;
#1934 = PRESENTATION_LAYER_ASSIGNMENT (  '', '', ( #4400 ) ) ;
#1935 = LINE ( 'NONE', #2462, #5154 ) ;
#1936 = CARTESIAN_POINT ( 'NONE',  ( 3.120000000023992470, -0.3300000000000000155, 2.059999999982197849 ) ) ;
#1937 = ORIENTED_EDGE ( 'NONE', *, *, #4312, .F. ) ;
#1938 = ADVANCED_FACE ( 'NONE', ( #4584 ), #6077, .F. ) ;
#1939 = MECHANICAL_DESIGN_GEOMETRIC_PRESENTATION_REPRESENTATION (  '', ( #897 ), #4282 ) ;
#1940 = SURFACE_SIDE_STYLE ('',( #2501 ) ) ;
#1941 = VECTOR ( 'NONE', #1161, 1000.000000000000000 ) ;
#1942 = EDGE_LOOP ( 'NONE', ( #5952, #3853, #1605, #1143 ) ) ;
#1943 = LINE ( 'NONE', #4462, #114 ) ;
#1944 = CARTESIAN_POINT ( 'NONE',  ( 2.964094982814913237, -0.3300000000000000155, 291550.0000000000000 ) ) ;
#1945 = EDGE_CURVE ( 'NONE', #412, #4127, #6601, .T. ) ;
#1946 = PRESENTATION_LAYER_ASSIGNMENT (  '', '', ( #558 ) ) ;
#1947 = VECTOR ( 'NONE', #2373, 1000.000000000000000 ) ;
#1948 = COLOUR_RGB ( '',0.7686274509803920907, 0.7686274509803920907, 0.7686274509803920907 ) ;
#1949 = FILL_AREA_STYLE_COLOUR ( '', #786 ) ;
#1950 = EDGE_CURVE ( 'NONE', #1927, #6074, #3545, .T. ) ;
#1951 = SURFACE_STYLE_USAGE ( .BOTH. , #5059 ) ;
#1952 =( LENGTH_UNIT ( ) NAMED_UNIT ( * ) SI_UNIT ( .MILLI., .METRE. ) );
#1953 = PRESENTATION_STYLE_ASSIGNMENT (( #906 ) ) ;
#1954 = STYLED_ITEM ( 'NONE', ( #6457 ), #5077 ) ;
#1955 = EDGE_CURVE ( 'NONE', #5835, #5242, #3139, .T. ) ;
#1956 = EDGE_LOOP ( 'NONE', ( #5769, #5114, #4146, #539 ) ) ;
#1957 =( NAMED_UNIT ( * ) PLANE_ANGLE_UNIT ( ) SI_UNIT ( $, .RADIAN. ) );
#1958 = PRESENTATION_STYLE_ASSIGNMENT (( #4975 ) ) ;
#1959 = CARTESIAN_POINT ( 'NONE',  ( 1.430000000141262717, -0.3300000000000000155, 1.989978533370868163 ) ) ;
#1960 = CARTESIAN_POINT ( 'NONE',  ( -2.994999999999998330, -0.2800000000000000266, 2.135000000009767973 ) ) ;
#1961 = MECHANICAL_DESIGN_GEOMETRIC_PRESENTATION_REPRESENTATION (  '', ( #3784 ), #360 ) ;
#1962 = VERTEX_POINT ( 'NONE', #4072 ) ;
#1963 = DIRECTION ( 'NONE',  ( 1.000000000000000000, 0.000000000000000000, -3.913416313492608067E-16 ) ) ;
#1964 = PLANE ( 'NONE',  #3007 ) ;
#1965 = CARTESIAN_POINT ( 'NONE',  ( 2.431353811107150875, 0.7699999999999999067, 2.129507486452488774 ) ) ;
#1966 = SURFACE_STYLE_FILL_AREA ( #1926 ) ;
#1967 = CARTESIAN_POINT ( 'NONE',  ( -400000.0000000000000, -0.3300000000000000155, -1.624999999989995558 ) ) ;
#1968 =( GEOMETRIC_REPRESENTATION_CONTEXT ( 3 ) GLOBAL_UNCERTAINTY_ASSIGNED_CONTEXT ( ( #2024 ) ) GLOBAL_UNIT_ASSIGNED_CONTEXT ( ( #4694, #6187, #2540 ) ) REPRESENTATION_CONTEXT ( 'NONE', 'WORKASPACE' ) );
#1969 = ORIENTED_EDGE ( 'NONE', *, *, #5508, .F. ) ;
#1970 = DIRECTION ( 'NONE',  ( 1.000000000000000000, -0.000000000000000000, 0.000000000000000000 ) ) ;
#1971 = LINE ( 'NONE', #2960, #1809 ) ;
#1973 = EDGE_CURVE ( 'NONE', #5203, #5342, #3515, .T. ) ;
#1972 = VECTOR ( 'NONE', #1302, 1000.000000000000000 ) ;
#1974 = ORIENTED_EDGE ( 'NONE', *, *, #1268, .T. ) ;
#1975 = AXIS2_PLACEMENT_3D ( 'NONE', #5731, #6161, #4156 ) ;
#1976 = FILL_AREA_STYLE_COLOUR ( '', #2681 ) ;
#1977 = FACE_OUTER_BOUND ( 'NONE', #1248, .T. ) ;
#1978 =( GEOMETRIC_REPRESENTATION_CONTEXT ( 3 ) GLOBAL_UNCERTAINTY_ASSIGNED_CONTEXT ( ( #789 ) ) GLOBAL_UNIT_ASSIGNED_CONTEXT ( ( #5945, #5038, #3380 ) ) REPRESENTATION_CONTEXT ( 'NONE', 'WORKASPACE' ) );
#1979 = EDGE_LOOP ( 'NONE', ( #431, #2948, #6496, #6525, #987, #1349 ) ) ;
#1980 = CARTESIAN_POINT ( 'NONE',  ( -3.120000000023992470, -0.3300000000000000155, 291550.0000000000000 ) ) ;
#1981 = DIRECTION ( 'NONE',  ( 0.000000000000000000, 1.000000000000000000, 0.000000000000000000 ) ) ;
#1982 = ORIENTED_EDGE ( 'NONE', *, *, #4413, .T. ) ;
#1983 = SURFACE_STYLE_FILL_AREA ( #4622 ) ;
#1984 = AXIS2_PLACEMENT_3D ( 'NONE', #5124, #1002, #6556 ) ;
#1985 = VECTOR ( 'NONE', #2834, 1000.000000000000000 ) ;
#1986 = FILL_AREA_STYLE ('',( #4116 ) ) ;
#1987 = CARTESIAN_POINT ( 'NONE',  ( -2.964094982814913237, -0.2800000000000000266, 1.625000000017985169 ) ) ;
#1988 = FILL_AREA_STYLE_COLOUR ( '', #710 ) ;
#1989 = PLANE ( 'NONE',  #6345 ) ;
#1990 = ORIENTED_EDGE ( 'NONE', *, *, #2173, .T. ) ;
#1991 =( NAMED_UNIT ( * ) PLANE_ANGLE_UNIT ( ) SI_UNIT ( $, .RADIAN. ) );
#1992 = CARTESIAN_POINT ( 'NONE',  ( -3.120000000044309107, 0.000000000000000000, 2.059999999971751095 ) ) ;
#1993 = DIRECTION ( 'NONE',  ( -1.000000000000000000, 0.000000000000000000, 0.000000000000000000 ) ) ;
#1994 = PLANE ( 'NONE',  #2489 ) ;
#1995 = ORIENTED_EDGE ( 'NONE', *, *, #2839, .F. ) ;
#1996 = LINE ( 'NONE', #5461, #2764 ) ;
#1997 = CARTESIAN_POINT ( 'NONE',  ( -2.994999999999998330, -0.2800000000000000266, 1.624999999989995558 ) ) ;
#1998 = PRESENTATION_STYLE_ASSIGNMENT (( #3473 ) ) ;
#1999 = SURFACE_STYLE_FILL_AREA ( #2517 ) ;
#2000 = FILL_AREA_STYLE ('',( #6570 ) ) ;
#2001 = PRESENTATION_STYLE_ASSIGNMENT (( #4040 ) ) ;
#2002 = UNCERTAINTY_MEASURE_WITH_UNIT (LENGTH_MEASURE( 1.000000000000000082E-05 ), #4964, 'distance_accuracy_value', 'NONE');
#2003 = COLOUR_RGB ( '',0.7686274509803920907, 0.7686274509803920907, 0.7686274509803920907 ) ;
#2004 = VERTEX_POINT ( 'NONE', #2556 ) ;
#2005 =( LENGTH_UNIT ( ) NAMED_UNIT ( * ) SI_UNIT ( .MILLI., .METRE. ) );
#2006 = EDGE_CURVE ( 'NONE', #4571, #2634, #5142, .T. ) ;
#2007 = ORIENTED_EDGE ( 'NONE', *, *, #6458, .T. ) ;
#2008 =( NAMED_UNIT ( * ) SI_UNIT ( $, .STERADIAN. ) SOLID_ANGLE_UNIT ( ) );
#2009 = EDGE_CURVE ( 'NONE', #5896, #3927, #2037, .T. ) ;
#2010 = EDGE_CURVE ( 'NONE', #2464, #2648, #526, .T. ) ;
#2011 = EDGE_LOOP ( 'NONE', ( #5268, #2829, #5732, #4596 ) ) ;
#2012 = PLANE ( 'NONE',  #4836 ) ;
#2013 =( LENGTH_UNIT ( ) NAMED_UNIT ( * ) SI_UNIT ( .MILLI., .METRE. ) );
#2014 = EDGE_CURVE ( 'NONE', #2443, #6189, #9, .T. ) ;
#2015 =( LENGTH_UNIT ( ) NAMED_UNIT ( * ) SI_UNIT ( .MILLI., .METRE. ) );
#2016 = EDGE_CURVE ( 'NONE', #116, #3608, #6173, .T. ) ;
#2017 = LINE ( 'NONE', #2945, #1307 ) ;
#2018 = DIRECTION ( 'NONE',  ( 0.000000000000000000, 1.000000000000000000, 0.000000000000000000 ) ) ;
#2019 = EDGE_CURVE ( 'NONE', #4209, #5342, #3038, .T. ) ;
#2020 = ORIENTED_EDGE ( 'NONE', *, *, #2331, .T. ) ;
#2021 = PRESENTATION_STYLE_ASSIGNMENT (( #5995 ) ) ;
#2022 =( LENGTH_UNIT ( ) NAMED_UNIT ( * ) SI_UNIT ( .MILLI., .METRE. ) );
#2023 = FACE_OUTER_BOUND ( 'NONE', #2910, .T. ) ;
#2024 = UNCERTAINTY_MEASURE_WITH_UNIT (LENGTH_MEASURE( 1.000000000000000082E-05 ), #4694, 'distance_accuracy_value', 'NONE');
#2025 = FILL_AREA_STYLE_COLOUR ( '', #1220 ) ;
#2026 = DIRECTION ( 'NONE',  ( 0.000000000000000000, 0.000000000000000000, 1.000000000000000000 ) ) ;
#2027 = ORIENTED_EDGE ( 'NONE', *, *, #2924, .F. ) ;
#2028 =( LENGTH_UNIT ( ) NAMED_UNIT ( * ) SI_UNIT ( .MILLI., .METRE. ) );
#2029 = SURFACE_STYLE_USAGE ( .BOTH. , #451 ) ;
#2030 = CARTESIAN_POINT ( 'NONE',  ( -3.014094982814587986, -0.3300000000000000155, 0.3800000000000002265 ) ) ;
#2031 =( GEOMETRIC_REPRESENTATION_CONTEXT ( 3 ) GLOBAL_UNCERTAINTY_ASSIGNED_CONTEXT ( ( #2518 ) ) GLOBAL_UNIT_ASSIGNED_CONTEXT ( ( #5867, #1351, #4450 ) ) REPRESENTATION_CONTEXT ( 'NONE', 'WORKASPACE' ) );
#2032 = FACE_OUTER_BOUND ( 'NONE', #693, .T. ) ;
#2033 = EDGE_CURVE ( 'NONE', #5607, #1766, #1490, .T. ) ;
#2034 = UNCERTAINTY_MEASURE_WITH_UNIT (LENGTH_MEASURE( 1.000000000000000082E-05 ), #1654, 'distance_accuracy_value', 'NONE');
#2035 = ORIENTED_EDGE ( 'NONE', *, *, #3061, .T. ) ;
#2036 = ORIENTED_EDGE ( 'NONE', *, *, #187, .F. ) ;
#2037 = LINE ( 'NONE', #1555, #3918 ) ;
#2038 = LINE ( 'NONE', #4930, #899 ) ;
#2039 = DIRECTION ( 'NONE',  ( 0.000000000000000000, 0.000000000000000000, -1.000000000000000000 ) ) ;
#2040 = VERTEX_POINT ( 'NONE', #3203 ) ;
#2041 = FILL_AREA_STYLE ('',( #5676 ) ) ;
#2042 = FACE_OUTER_BOUND ( 'NONE', #5434, .T. ) ;
#2043 = COLOUR_RGB ( '',0.7686274509803920907, 0.7686274509803920907, 0.7686274509803920907 ) ;
#2044 = AXIS2_PLACEMENT_3D ( 'NONE', #2638, #4276, #4684 ) ;
#2045 =( LENGTH_UNIT ( ) NAMED_UNIT ( * ) SI_UNIT ( .MILLI., .METRE. ) );
#2047 = EDGE_CURVE ( 'NONE', #5088, #407, #1686, .T. ) ;
#2046 = CARTESIAN_POINT ( 'NONE',  ( 2.994999999999999662, -0.2799999999999999711, 0.4262101896913494947 ) ) ;
#2048 = AXIS2_PLACEMENT_3D ( 'NONE', #5717, #2601, #1617 ) ;
#2049 = ORIENTED_EDGE ( 'NONE', *, *, #5750, .F. ) ;
#2050 = CARTESIAN_POINT ( 'NONE',  ( 2.994999999999999218, 0.000000000000000000, 2.499999999999998668 ) ) ;
#2051 = STYLED_ITEM ( 'NONE', ( #2876 ), #3022 ) ;
#2052 =( NAMED_UNIT ( * ) PLANE_ANGLE_UNIT ( ) SI_UNIT ( $, .RADIAN. ) );
#2053 = MECHANICAL_DESIGN_GEOMETRIC_PRESENTATION_REPRESENTATION (  '', ( #558 ), #1318 ) ;
#2054 = LINE ( 'NONE', #3600, #579 ) ;
#2055 = STYLED_ITEM ( 'NONE', ( #663 ), #6266 ) ;
#2056 = VERTEX_POINT ( 'NONE', #5740 ) ;
#2057 = VERTEX_POINT ( 'NONE', #4680 ) ;
#2058 = COLOUR_RGB ( '',0.7686274509803920907, 0.7686274509803920907, 0.7686274509803920907 ) ;
#2059 = MECHANICAL_DESIGN_GEOMETRIC_PRESENTATION_REPRESENTATION (  '', ( #1323 ), #6214 ) ;
#2060 = DIRECTION ( 'NONE',  ( 0.000000000000000000, 0.000000000000000000, 1.000000000000000000 ) ) ;
#2061 = DIRECTION ( 'NONE',  ( 0.000000000000000000, 0.000000000000000000, -1.000000000000000000 ) ) ;
#2062 = VECTOR ( 'NONE', #4415, 1000.000000000000000 ) ;
#2063 = DIRECTION ( 'NONE',  ( 1.000000000000000000, 0.000000000000000000, 0.000000000000000000 ) ) ;
#2064 = ORIENTED_EDGE ( 'NONE', *, *, #4099, .T. ) ;
#2065 = VECTOR ( 'NONE', #2655, 1000.000000000000000 ) ;
#2066 = AXIS2_PLACEMENT_3D ( 'NONE', #2256, #4302, #4369 ) ;
#2067 = LINE ( 'NONE', #5087, #2698 ) ;
#2068 = VECTOR ( 'NONE', #2666, 1000.000000000000000 ) ;
#2069 = ORIENTED_EDGE ( 'NONE', *, *, #2072, .T. ) ;
#2070 = CARTESIAN_POINT ( 'NONE',  ( -2.409999999997580744, -0.2800000000000000266, -2.499999999999999556 ) ) ;
#2071 = FILL_AREA_STYLE ('',( #2633 ) ) ;
#2072 = EDGE_CURVE ( 'NONE', #2040, #4219, #4787, .T. ) ;
#2073 = ORIENTED_EDGE ( 'NONE', *, *, #1548, .T. ) ;
#2074 = CIRCLE ( 'NONE', #4640, 0.05000000000000012768 ) ;
#2075 =( GEOMETRIC_REPRESENTATION_CONTEXT ( 3 ) GLOBAL_UNCERTAINTY_ASSIGNED_CONTEXT ( ( #4140 ) ) GLOBAL_UNIT_ASSIGNED_CONTEXT ( ( #1367, #5753, #1014 ) ) REPRESENTATION_CONTEXT ( 'NONE', 'WORKASPACE' ) );
#2076 = SURFACE_STYLE_USAGE ( .BOTH. , #4078 ) ;
#2077 = UNCERTAINTY_MEASURE_WITH_UNIT (LENGTH_MEASURE( 1.000000000000000082E-05 ), #208, 'distance_accuracy_value', 'NONE');
#2078 = AXIS2_PLACEMENT_3D ( 'NONE', #5157, #4593, #4628 ) ;
#2079 = EDGE_CURVE ( 'NONE', #3133, #6010, #189, .T. ) ;
#2080 = CARTESIAN_POINT ( 'NONE',  ( -2.994999999999998774, 0.000000000000000000, 0.4262101896913502719 ) ) ;
#2081 = LINE ( 'NONE', #3072, #2068 ) ;
#2082 = UNCERTAINTY_MEASURE_WITH_UNIT (LENGTH_MEASURE( 1.000000000000000082E-05 ), #5593, 'distance_accuracy_value', 'NONE');
#2083 = ORIENTED_EDGE ( 'NONE', *, *, #4312, .T. ) ;
#2084 = PRESENTATION_LAYER_ASSIGNMENT (  '', '', ( #4109 ) ) ;
#2085 = VECTOR ( 'NONE', #2528, 1000.000000000000000 ) ;
#2086 = VECTOR ( 'NONE', #4323, 1000.000000000000000 ) ;
#2087 = PLANE ( 'NONE',  #4184 ) ;
#2088 = LINE ( 'NONE', #6155, #4314 ) ;
#2089 = ADVANCED_FACE ( 'NONE', ( #2657 ), #720, .F. ) ;
#2090 = ORIENTED_EDGE ( 'NONE', *, *, #5767, .F. ) ;
#2091 = CARTESIAN_POINT ( 'NONE',  ( -2.964094982814588164, -0.3300000000000000155, 0.8399999999824103725 ) ) ;
#2092 = ORIENTED_EDGE ( 'NONE', *, *, #2636, .F. ) ;
#2093 = SURFACE_STYLE_USAGE ( .BOTH. , #4544 ) ;
#2094 = ORIENTED_EDGE ( 'NONE', *, *, #3568, .F. ) ;
#2095 = EDGE_CURVE ( 'NONE', #4916, #1276, #6206, .T. ) ;
#2096 = EDGE_LOOP ( 'NONE', ( #3151, #1909, #5000, #702 ) ) ;
#2097 = EDGE_CURVE ( 'NONE', #865, #4124, #5813, .T. ) ;
#2098 = ORIENTED_EDGE ( 'NONE', *, *, #3923, .T. ) ;
#2099 = DIRECTION ( 'NONE',  ( -1.000000000000000000, 0.000000000000000000, -2.047499167272383645E-15 ) ) ;
#2100 = ORIENTED_EDGE ( 'NONE', *, *, #1522, .F. ) ;
#2101 = DIRECTION ( 'NONE',  ( 0.000000000000000000, 0.000000000000000000, -1.000000000000000000 ) ) ;
#2102 = CARTESIAN_POINT ( 'NONE',  ( 2.964094982814589052, -0.3300000000000000155, -0.8399999999824103725 ) ) ;
#2103 = DIRECTION ( 'NONE',  ( 0.000000000000000000, 1.000000000000000000, 0.000000000000000000 ) ) ;
#2104 =( GEOMETRIC_REPRESENTATION_CONTEXT ( 3 ) GLOBAL_UNCERTAINTY_ASSIGNED_CONTEXT ( ( #4861 ) ) GLOBAL_UNIT_ASSIGNED_CONTEXT ( ( #4404, #3911, #388 ) ) REPRESENTATION_CONTEXT ( 'NONE', 'WORKASPACE' ) );
#2105 = ORIENTED_EDGE ( 'NONE', *, *, #5564, .T. ) ;
#2106 = UNCERTAINTY_MEASURE_WITH_UNIT (LENGTH_MEASURE( 1.000000000000000082E-05 ), #5040, 'distance_accuracy_value', 'NONE');
#2107 = CARTESIAN_POINT ( 'NONE',  ( 2.431353811107150875, 0.7699999999999999067, 1.686411192002943649 ) ) ;
#2108 = COLOUR_RGB ( '',0.7686274509803920907, 0.7686274509803920907, 0.7686274509803920907 ) ;
#2109 = CARTESIAN_POINT ( 'NONE',  ( 0.9599700567264335405, -0.3300000000000000155, 1.989980509506494855 ) ) ;
#2110 = LINE ( 'NONE', #2141, #5291 ) ;
#2111 = LINE ( 'NONE', #3729, #4642 ) ;
#2112 = ORIENTED_EDGE ( 'NONE', *, *, #1053, .T. ) ;
#2113 = FACE_OUTER_BOUND ( 'NONE', #5656, .T. ) ;
#2114 = PRESENTATION_STYLE_ASSIGNMENT (( #1265 ) ) ;
#2115 = SURFACE_STYLE_USAGE ( .BOTH. , #763 ) ;
#2116 = VERTEX_POINT ( 'NONE', #5214 ) ;
#2117 = CARTESIAN_POINT ( 'NONE',  ( 0.8849700567452600808, -0.2800000000000000266, -2.499999999999999556 ) ) ;
#2118 = EDGE_LOOP ( 'NONE', ( #2172, #5886, #1859, #5525, #47, #3910 ) ) ;
#2119 = DIRECTION ( 'NONE',  ( 0.000000000000000000, 1.000000000000000000, 0.000000000000000000 ) ) ;
#2120 = FACE_OUTER_BOUND ( 'NONE', #5, .T. ) ;
#2121 = VECTOR ( 'NONE', #3297, 1000.000000000000000 ) ;
#2122 = ORIENTED_EDGE ( 'NONE', *, *, #2905, .F. ) ;
#2123 =( NAMED_UNIT ( * ) PLANE_ANGLE_UNIT ( ) SI_UNIT ( $, .RADIAN. ) );
#2124 = CARTESIAN_POINT ( 'NONE',  ( -2.964094982814913237, -0.3300000000000000155, 291550.0000000000000 ) ) ;
#2125 = PRESENTATION_LAYER_ASSIGNMENT (  '', '', ( #3302 ) ) ;
#2126 = ORIENTED_EDGE ( 'NONE', *, *, #2903, .F. ) ;
#2127 =( LENGTH_UNIT ( ) NAMED_UNIT ( * ) SI_UNIT ( .MILLI., .METRE. ) );
#2128 = ORIENTED_EDGE ( 'NONE', *, *, #4211, .F. ) ;
#2129 = CARTESIAN_POINT ( 'NONE',  ( -3.014094982814587986, -0.3300000000000000155, -0.8399999999999998579 ) ) ;
#2130 = ORIENTED_EDGE ( 'NONE', *, *, #6342, .T. ) ;
#2131 =( GEOMETRIC_REPRESENTATION_CONTEXT ( 3 ) GLOBAL_UNCERTAINTY_ASSIGNED_CONTEXT ( ( #862 ) ) GLOBAL_UNIT_ASSIGNED_CONTEXT ( ( #1340, #770, #5403 ) ) REPRESENTATION_CONTEXT ( 'NONE', 'WORKASPACE' ) );
#2132 = DIRECTION ( 'NONE',  ( 0.000000000000000000, 1.000000000000000000, 0.000000000000000000 ) ) ;
#2133 = DIRECTION ( 'NONE',  ( 0.000000000000000000, -0.000000000000000000, 1.000000000000000000 ) ) ;
#2134 = ORIENTED_EDGE ( 'NONE', *, *, #6176, .F. ) ;
#2135 = LINE ( 'NONE', #6114, #673 ) ;
#2136 = DIRECTION ( 'NONE',  ( 0.000000000000000000, 0.000000000000000000, 1.000000000000000000 ) ) ;
#2137 = EDGE_CURVE ( 'NONE', #6074, #746, #2692, .T. ) ;
#2138 = CARTESIAN_POINT ( 'NONE',  ( -400000.0000000002328, -0.3300000000000000155, 1.625000000331056071 ) ) ;
#2139 = EDGE_CURVE ( 'NONE', #2057, #818, #3273, .T. ) ;
#2140 =( LENGTH_UNIT ( ) NAMED_UNIT ( * ) SI_UNIT ( .MILLI., .METRE. ) );
#2141 = CARTESIAN_POINT ( 'NONE',  ( -2.409999999997580744, -0.3300000000000000155, -0.3550000000132058631 ) ) ;
#2142 = CARTESIAN_POINT ( 'NONE',  ( 2.409999999997580744, -0.3300000000000000155, -0.8649999999761348590 ) ) ;
#2143 = ORIENTED_EDGE ( 'NONE', *, *, #6303, .T. ) ;
#2144 = FACE_OUTER_BOUND ( 'NONE', #2855, .T. ) ;
#2145 = UNCERTAINTY_MEASURE_WITH_UNIT (LENGTH_MEASURE( 1.000000000000000082E-05 ), #3420, 'distance_accuracy_value', 'NONE');
#2146 =( LENGTH_UNIT ( ) NAMED_UNIT ( * ) SI_UNIT ( .MILLI., .METRE. ) );
#2147 = EDGE_CURVE ( 'NONE', #6490, #5576, #2767, .T. ) ;
#2148 = VERTEX_POINT ( 'NONE', #3822 ) ;
#2149 = MECHANICAL_DESIGN_GEOMETRIC_PRESENTATION_REPRESENTATION (  '', ( #2673 ), #2362 ) ;
#2150 = VERTEX_POINT ( 'NONE', #2631 ) ;
#2151 = EDGE_CURVE ( 'NONE', #4230, #916, #1646, .T. ) ;
#2152 = PRESENTATION_STYLE_ASSIGNMENT (( #3767 ) ) ;
#2153 = DIRECTION ( 'NONE',  ( 0.000000000000000000, 0.000000000000000000, 1.000000000000000000 ) ) ;
#2154 = ORIENTED_EDGE ( 'NONE', *, *, #1544, .T. ) ;
#2155 = SURFACE_SIDE_STYLE ('',( #70 ) ) ;
#2156 = DIRECTION ( 'NONE',  ( 0.000000000000000000, 0.000000000000000000, 1.000000000000000000 ) ) ;
#2157 = SURFACE_STYLE_FILL_AREA ( #105 ) ;
#2158 = VECTOR ( 'NONE', #5542, 1000.000000000000000 ) ;
#2159 = VECTOR ( 'NONE', #5884, 1000.000000000000114 ) ;
#2160 = STYLED_ITEM ( 'NONE', ( #5395 ), #5072 ) ;
#2161 = FILL_AREA_STYLE_COLOUR ( '', #473 ) ;
#2162 = ORIENTED_EDGE ( 'NONE', *, *, #1288, .T. ) ;
#2163 = CARTESIAN_POINT ( 'NONE',  ( 2.964094982814589052, -0.3300000000000000155, -0.8399999999824103725 ) ) ;
#2164 = STYLED_ITEM ( 'NONE', ( #2886 ), #347 ) ;
#2165 = VERTEX_POINT ( 'NONE', #5839 ) ;
#2166 = STYLED_ITEM ( 'NONE', ( #5734 ), #4595 ) ;
#2167 = ORIENTED_EDGE ( 'NONE', *, *, #3710, .F. ) ;
#2168 = CARTESIAN_POINT ( 'NONE',  ( -400000.0000000000000, -0.3300000000000000155, -1.624999999989995558 ) ) ;
#2169 = CARTESIAN_POINT ( 'NONE',  ( 0.4499700567213176239, -0.3300000000000000155, -1.880000000028303475 ) ) ;
#2170 = CARTESIAN_POINT ( 'NONE',  ( -400000.0000000006403, -0.3300000000000000155, 0.4300000007901871868 ) ) ;
#2171 = AXIS2_PLACEMENT_3D ( 'NONE', #3502, #4003, #1690 ) ;
#2172 = ORIENTED_EDGE ( 'NONE', *, *, #2229, .F. ) ;
#2173 = EDGE_CURVE ( 'NONE', #865, #4234, #3305, .T. ) ;
#2174 = VECTOR ( 'NONE', #2963, 1000.000000000000000 ) ;
#2175 = CARTESIAN_POINT ( 'NONE',  ( -400000.0000000000000, -0.3300000000000000155, -2.135000000009767973 ) ) ;
#2176 = CARTESIAN_POINT ( 'NONE',  ( 2.994999999999999218, -0.2800000000000000266, 2.499999999999998668 ) ) ;
#2177 = PRESENTATION_LAYER_ASSIGNMENT (  '', '', ( #3900 ) ) ;
#2178 = FILL_AREA_STYLE ('',( #1097 ) ) ;
#2179 = STYLED_ITEM ( 'NONE', ( #701 ), #3762 ) ;
#2180 = CARTESIAN_POINT ( 'NONE',  ( -2.827080316280682126, 0.7900000000000000355, -2.332080316280681576 ) ) ;
#2181 = CARTESIAN_POINT ( 'NONE',  ( -3.120000000044309107, -0.3300000000000000155, 2.059999999971751095 ) ) ;
#2182 = ORIENTED_EDGE ( 'NONE', *, *, #2729, .T. ) ;
#2183 = SURFACE_SIDE_STYLE ('',( #1100 ) ) ;
#2184 = PLANE ( 'NONE',  #6439 ) ;
#2185 = AXIS2_PLACEMENT_3D ( 'NONE', #5362, #1269, #4289 ) ;
#2186 = PRESENTATION_LAYER_ASSIGNMENT (  '', '', ( #4867 ) ) ;
#2187 = DIRECTION ( 'NONE',  ( 0.000000000000000000, 1.000000000000000000, 0.000000000000000000 ) ) ;
#2188 = SURFACE_STYLE_FILL_AREA ( #6230 ) ;
#2189 = ORIENTED_EDGE ( 'NONE', *, *, #1950, .F. ) ;
#2190 = DIRECTION ( 'NONE',  ( 0.000000000000000000, 0.000000000000000000, 1.000000000000000000 ) ) ;
#2191 = ORIENTED_EDGE ( 'NONE', *, *, #928, .F. ) ;
#2192 =( GEOMETRIC_REPRESENTATION_CONTEXT ( 3 ) GLOBAL_UNCERTAINTY_ASSIGNED_CONTEXT ( ( #2810 ) ) GLOBAL_UNIT_ASSIGNED_CONTEXT ( ( #1952, #5933, #5400 ) ) REPRESENTATION_CONTEXT ( 'NONE', 'WORKASPACE' ) );
#2193 = PRESENTATION_STYLE_ASSIGNMENT (( #5234 ) ) ;
#2194 = ORIENTED_EDGE ( 'NONE', *, *, #3407, .T. ) ;
#2195 =( LENGTH_UNIT ( ) NAMED_UNIT ( * ) SI_UNIT ( .MILLI., .METRE. ) );
#2196 = FILL_AREA_STYLE_COLOUR ( '', #200 ) ;
#2197 =( GEOMETRIC_REPRESENTATION_CONTEXT ( 3 ) GLOBAL_UNCERTAINTY_ASSIGNED_CONTEXT ( ( #5120 ) ) GLOBAL_UNIT_ASSIGNED_CONTEXT ( ( #1332, #2751, #4287 ) ) REPRESENTATION_CONTEXT ( 'NONE', 'WORKASPACE' ) );
#2198 = PRESENTATION_STYLE_ASSIGNMENT (( #849 ) ) ;
#2199 = ORIENTED_EDGE ( 'NONE', *, *, #2006, .T. ) ;
#2200 = ORIENTED_EDGE ( 'NONE', *, *, #3620, .T. ) ;
#2201 =( NAMED_UNIT ( * ) SI_UNIT ( $, .STERADIAN. ) SOLID_ANGLE_UNIT ( ) );
#2202 = ORIENTED_EDGE ( 'NONE', *, *, #3733, .F. ) ;
#2203 =( NAMED_UNIT ( * ) PLANE_ANGLE_UNIT ( ) SI_UNIT ( $, .RADIAN. ) );
#2204 = EDGE_CURVE ( 'NONE', #6103, #5016, #81, .T. ) ;
#2205 = VECTOR ( 'NONE', #4246, 1000.000000000000000 ) ;
#2206 = LINE ( 'NONE', #6219, #2205 ) ;
#2207 = SURFACE_STYLE_USAGE ( .BOTH. , #3695 ) ;
#2208 = PRESENTATION_STYLE_ASSIGNMENT (( #2275 ) ) ;
#2209 = CARTESIAN_POINT ( 'NONE',  ( -3.014094982814587986, -0.2800000000000000266, 0.3800000000000002265 ) ) ;
#2210 = ADVANCED_FACE ( 'NONE', ( #3928 ), #6502, .T. ) ;
#2211 =( LENGTH_UNIT ( ) NAMED_UNIT ( * ) SI_UNIT ( .MILLI., .METRE. ) );
#2212 = ORIENTED_EDGE ( 'NONE', *, *, #613, .F. ) ;
#2213 = SURFACE_STYLE_FILL_AREA ( #6367 ) ;
#2214 = ORIENTED_EDGE ( 'NONE', *, *, #5474, .F. ) ;
#2215 = EDGE_CURVE ( 'NONE', #4104, #188, #263, .T. ) ;
#2216 = PRESENTATION_STYLE_ASSIGNMENT (( #874 ) ) ;
#2217 = DIRECTION ( 'NONE',  ( 0.000000000000000000, 0.000000000000000000, -1.000000000000000000 ) ) ;
#2218 = DIRECTION ( 'NONE',  ( 0.000000000000000000, 1.000000000000000000, 0.000000000000000000 ) ) ;
#2219 = ORIENTED_EDGE ( 'NONE', *, *, #4891, .T. ) ;
#2220 = PLANE ( 'NONE',  #2772 ) ;
#2221 = FILL_AREA_STYLE ('',( #3227 ) ) ;
#2222 = EDGE_CURVE ( 'NONE', #594, #158, #3981, .T. ) ;
#2223 = ORIENTED_EDGE ( 'NONE', *, *, #1536, .T. ) ;
#2224 = EDGE_CURVE ( 'NONE', #877, #1003, #4953, .T. ) ;
#2225 = AXIS2_PLACEMENT_3D ( 'NONE', #6192, #68, #2153 ) ;
#2226 =( LENGTH_UNIT ( ) NAMED_UNIT ( * ) SI_UNIT ( .MILLI., .METRE. ) );
#2227 = ORIENTED_EDGE ( 'NONE', *, *, #4245, .F. ) ;
#2228 = VECTOR ( 'NONE', #6503, 1000.000000000000000 ) ;
#2229 = EDGE_CURVE ( 'NONE', #1514, #5242, #824, .T. ) ;
#2230 = ORIENTED_EDGE ( 'NONE', *, *, #3923, .F. ) ;
#2231 = AXIS2_PLACEMENT_3D ( 'NONE', #3641, #2626, #3196 ) ;
#2232 = EDGE_LOOP ( 'NONE', ( #6240, #705, #1669, #5558 ) ) ;
#2233 = FILL_AREA_STYLE ('',( #5711 ) ) ;
#2234 = SURFACE_STYLE_FILL_AREA ( #5185 ) ;
#2235 = EDGE_CURVE ( 'NONE', #632, #4012, #1411, .T. ) ;
#2236 = STYLED_ITEM ( 'NONE', ( #5696 ), #73 ) ;
#2237 = PLANE ( 'NONE',  #4517 ) ;
#2238 = CARTESIAN_POINT ( 'NONE',  ( 3.120000000044309996, 0.000000000000000000, 1.700000000028012437 ) ) ;
#2239 =( NAMED_UNIT ( * ) SI_UNIT ( $, .STERADIAN. ) SOLID_ANGLE_UNIT ( ) );
#2240 = CARTESIAN_POINT ( 'NONE',  ( -3.014094982802362210, -0.3300000000000000155, -2.060000000000000053 ) ) ;
#2241 = FILL_AREA_STYLE ('',( #5549 ) ) ;
#2242 = CARTESIAN_POINT ( 'NONE',  ( -2.994999999999999662, 0.000000000000000000, -1.696210189691350401 ) ) ;
#2243 = FILL_AREA_STYLE_COLOUR ( '', #4639 ) ;
#2244 = LINE ( 'NONE', #1201, #2470 ) ;
#2245 = CARTESIAN_POINT ( 'NONE',  ( 2.995000000000000107, 0.000000000000000000, -2.499999999999999556 ) ) ;
#2246 = EDGE_CURVE ( 'NONE', #6518, #1276, #371, .T. ) ;
#2247 =( GEOMETRIC_REPRESENTATION_CONTEXT ( 3 ) GLOBAL_UNCERTAINTY_ASSIGNED_CONTEXT ( ( #2994 ) ) GLOBAL_UNIT_ASSIGNED_CONTEXT ( ( #4027, #5548, #6183 ) ) REPRESENTATION_CONTEXT ( 'NONE', 'WORKASPACE' ) );
#2248 = FACE_OUTER_BOUND ( 'NONE', #1728, .T. ) ;
#2249 = DIRECTION ( 'NONE',  ( 0.000000000000000000, 0.000000000000000000, -1.000000000000000000 ) ) ;
#2250 = VECTOR ( 'NONE', #5887, 1000.000000000000000 ) ;
#2251 = ORIENTED_EDGE ( 'NONE', *, *, #1413, .T. ) ;
#2252 = DIRECTION ( 'NONE',  ( 0.000000000000000000, 0.000000000000000000, 1.000000000000000000 ) ) ;
#2253 =( LENGTH_UNIT ( ) NAMED_UNIT ( * ) SI_UNIT ( .MILLI., .METRE. ) );
#2254 = ORIENTED_EDGE ( 'NONE', *, *, #3182, .F. ) ;
#2255 = MECHANICAL_DESIGN_GEOMETRIC_PRESENTATION_REPRESENTATION (  '', ( #3000 ), #1524 ) ;
#2256 = CARTESIAN_POINT ( 'NONE',  ( 2.410000000509171514, -0.3300000000000000155, 291549.9999999993015 ) ) ;
#2257 = STYLED_ITEM ( 'NONE', ( #2844 ), #5908 ) ;
#2258 = VERTEX_POINT ( 'NONE', #1356 ) ;
#2259 = DIRECTION ( 'NONE',  ( 5.204170427930421283E-16, 0.000000000000000000, 1.000000000000000000 ) ) ;
#2260 = AXIS2_PLACEMENT_3D ( 'NONE', #3035, #10, #967 ) ;
#2261 = VERTEX_POINT ( 'NONE', #4984 ) ;
#2262 = PRESENTATION_LAYER_ASSIGNMENT (  '', '', ( #6321 ) ) ;
#2263 = VECTOR ( 'NONE', #2671, 1000.000000000000000 ) ;
#2264 = VERTEX_POINT ( 'NONE', #2394 ) ;
#2265 = SURFACE_STYLE_FILL_AREA ( #2233 ) ;
#2266 = STYLED_ITEM ( 'NONE', ( #4149 ), #5632 ) ;
#2267 = SURFACE_STYLE_FILL_AREA ( #2333 ) ;
#2268 = MECHANICAL_DESIGN_GEOMETRIC_PRESENTATION_REPRESENTATION (  '', ( #1425 ), #2356 ) ;
#2269 = MECHANICAL_DESIGN_GEOMETRIC_PRESENTATION_REPRESENTATION (  '', ( #6217 ), #454 ) ;
#2270 = MECHANICAL_DESIGN_GEOMETRIC_PRESENTATION_REPRESENTATION (  '', ( #6104 ), #3120 ) ;
#2271 = FILL_AREA_STYLE ('',( #6356 ) ) ;
#2272 = COLOUR_RGB ( '',0.7686274509803920907, 0.7686274509803920907, 0.7686274509803920907 ) ;
#2273 = DIRECTION ( 'NONE',  ( 0.000000000000000000, 0.000000000000000000, 1.000000000000000000 ) ) ;
#2274 = FILL_AREA_STYLE_COLOUR ( '', #342 ) ;
#2275 = SURFACE_STYLE_USAGE ( .BOTH. , #1849 ) ;
#2276 = SURFACE_STYLE_USAGE ( .BOTH. , #6387 ) ;
#2277 =( NAMED_UNIT ( * ) PLANE_ANGLE_UNIT ( ) SI_UNIT ( $, .RADIAN. ) );
#2278 = MECHANICAL_DESIGN_GEOMETRIC_PRESENTATION_REPRESENTATION (  '', ( #3016 ), #6228 ) ;
#2279 = UNCERTAINTY_MEASURE_WITH_UNIT (LENGTH_MEASURE( 1.000000000000000082E-05 ), #5785, 'distance_accuracy_value', 'NONE');
#2280 =( GEOMETRIC_REPRESENTATION_CONTEXT ( 3 ) GLOBAL_UNCERTAINTY_ASSIGNED_CONTEXT ( ( #5383 ) ) GLOBAL_UNIT_ASSIGNED_CONTEXT ( ( #5264, #3662, #992 ) ) REPRESENTATION_CONTEXT ( 'NONE', 'WORKASPACE' ) );
#2281 = DIRECTION ( 'NONE',  ( 0.000000000000000000, 0.000000000000000000, 1.000000000000000000 ) ) ;
#2282 = FILL_AREA_STYLE ('',( #3760 ) ) ;
#2283 = FACE_OUTER_BOUND ( 'NONE', #4338, .T. ) ;
#2284 =( GEOMETRIC_REPRESENTATION_CONTEXT ( 3 ) GLOBAL_UNCERTAINTY_ASSIGNED_CONTEXT ( ( #4110 ) ) GLOBAL_UNIT_ASSIGNED_CONTEXT ( ( #6239, #2550, #1681 ) ) REPRESENTATION_CONTEXT ( 'NONE', 'WORKASPACE' ) );
#2285 = FACE_OUTER_BOUND ( 'NONE', #5133, .T. ) ;
#2286 = CARTESIAN_POINT ( 'NONE',  ( -2.409999999997580744, -0.3300000000000000155, 2.135000000009767973 ) ) ;
#2287 = ORIENTED_EDGE ( 'NONE', *, *, #1130, .F. ) ;
#2288 = STYLED_ITEM ( 'NONE', ( #2643 ), #3697 ) ;
#2289 = LINE ( 'NONE', #6492, #4497 ) ;
#2290 =( NAMED_UNIT ( * ) SI_UNIT ( $, .STERADIAN. ) SOLID_ANGLE_UNIT ( ) );
#2291 = PRESENTATION_LAYER_ASSIGNMENT (  '', '', ( #934 ) ) ;
#2292 = EDGE_CURVE ( 'NONE', #4781, #3648, #3409, .T. ) ;
#2293 = ORIENTED_EDGE ( 'NONE', *, *, #2934, .T. ) ;
#2294 = DIRECTION ( 'NONE',  ( -0.9781476007338055778, 0.2079116908177597867, 5.090446817889963425E-16 ) ) ;
#2295 = PLANE ( 'NONE',  #359 ) ;
#2296 = EDGE_CURVE ( 'NONE', #883, #6539, #4858, .T. ) ;
#2297 = ORIENTED_EDGE ( 'NONE', *, *, #6346, .F. ) ;
#2298 = VECTOR ( 'NONE', #2745, 1000.000000000000000 ) ;
#2299 = AXIS2_PLACEMENT_3D ( 'NONE', #6544, #4022, #6048 ) ;
#2300 = ORIENTED_EDGE ( 'NONE', *, *, #4824, .F. ) ;
#2301 = FILL_AREA_STYLE ('',( #329 ) ) ;
#2302 = DIRECTION ( 'NONE',  ( -0.000000000000000000, 1.000000000000000000, 0.000000000000000000 ) ) ;
#2303 = EDGE_CURVE ( 'NONE', #4914, #672, #4457, .T. ) ;
#2304 = UNCERTAINTY_MEASURE_WITH_UNIT (LENGTH_MEASURE( 1.000000000000000082E-05 ), #1783, 'distance_accuracy_value', 'NONE');
#2305 =( NAMED_UNIT ( * ) SI_UNIT ( $, .STERADIAN. ) SOLID_ANGLE_UNIT ( ) );
#2306 = DIRECTION ( 'NONE',  ( 0.000000000000000000, 1.000000000000000000, 0.000000000000000000 ) ) ;
#2307 = CARTESIAN_POINT ( 'NONE',  ( -3.120000000023992470, 0.000000000000000000, -0.7899999999949613994 ) ) ;
#2308 = DIRECTION ( 'NONE',  ( 0.000000000000000000, 0.000000000000000000, 1.000000000000000000 ) ) ;
#2309 = DIRECTION ( 'NONE',  ( 5.204170427930421283E-16, -0.000000000000000000, 1.000000000000000000 ) ) ;
#2310 = LINE ( 'NONE', #2746, #696 ) ;
#2311 = PRODUCT_CONTEXT ( 'NONE', #4511, 'mechanical' ) ;
#2312 = DIRECTION ( 'NONE',  ( 1.000000000000000000, 0.000000000000000000, 2.047499167272383645E-15 ) ) ;
#2313 =( NAMED_UNIT ( * ) PLANE_ANGLE_UNIT ( ) SI_UNIT ( $, .RADIAN. ) );
#2314 = SURFACE_SIDE_STYLE ('',( #6331 ) ) ;
#2315 = AXIS2_PLACEMENT_3D ( 'NONE', #857, #986, #923 ) ;
#2316 = DIRECTION ( 'NONE',  ( 1.000000000000000000, -0.000000000000000000, 1.734723475976807587E-16 ) ) ;
#2317 = SURFACE_STYLE_FILL_AREA ( #5335 ) ;
#2318 = ORIENTED_EDGE ( 'NONE', *, *, #4968, .F. ) ;
#2319 = SURFACE_STYLE_USAGE ( .BOTH. , #288 ) ;
#2320 = CARTESIAN_POINT ( 'NONE',  ( 2.409999999997580744, -0.3300000000000000155, -2.135000000009767973 ) ) ;
#2321 = VERTEX_POINT ( 'NONE', #5346 ) ;
#2322 = DIRECTION ( 'NONE',  ( 1.000000000000000000, 0.000000000000000000, 0.000000000000000000 ) ) ;
#2323 = FACE_OUTER_BOUND ( 'NONE', #5436, .T. ) ;
#2324 = VERTEX_POINT ( 'NONE', #5441 ) ;
#2325 = DIRECTION ( 'NONE',  ( 1.000000000000000000, 0.000000000000000000, 0.000000000000000000 ) ) ;
#2326 = DIRECTION ( 'NONE',  ( 1.000000000000000000, 0.000000000000000000, 0.000000000000000000 ) ) ;
#2327 = ORIENTED_EDGE ( 'NONE', *, *, #2718, .F. ) ;
#2328 = CARTESIAN_POINT ( 'NONE',  ( 2.995000000000000107, -0.2800000000000000266, -2.499999999999999556 ) ) ;
#2329 = LINE ( 'NONE', #2734, #4318 ) ;
#2330 = EDGE_LOOP ( 'NONE', ( #1104, #2674, #5665, #4093 ) ) ;
#2331 = EDGE_CURVE ( 'NONE', #4542, #5337, #5469, .T. ) ;
#2332 = DIRECTION ( 'NONE',  ( 0.000000000000000000, 0.000000000000000000, 1.000000000000000000 ) ) ;
#2333 = FILL_AREA_STYLE ('',( #6317 ) ) ;
#2334 = MECHANICAL_DESIGN_GEOMETRIC_PRESENTATION_REPRESENTATION (  '', ( #6391 ), #414 ) ;
#2335 = PRESENTATION_STYLE_ASSIGNMENT (( #796 ) ) ;
#2336 = ORIENTED_EDGE ( 'NONE', *, *, #2137, .F. ) ;
#2337 = CARTESIAN_POINT ( 'NONE',  ( -400000.0000000012224, -0.3300000000000000155, 2.060000001620210242 ) ) ;
#2338 = PRESENTATION_STYLE_ASSIGNMENT (( #3862 ) ) ;
#2339 = STYLED_ITEM ( 'NONE', ( #1998 ), #398 ) ;
#2340 = DIRECTION ( 'NONE',  ( -1.000000000000000000, -0.000000000000000000, -0.000000000000000000 ) ) ;
#2341 =( LENGTH_UNIT ( ) NAMED_UNIT ( * ) SI_UNIT ( .MILLI., .METRE. ) );
#2342 = DIRECTION ( 'NONE',  ( -5.204170427930421283E-16, 0.000000000000000000, -1.000000000000000000 ) ) ;
#2343 =( NAMED_UNIT ( * ) PLANE_ANGLE_UNIT ( ) SI_UNIT ( $, .RADIAN. ) );
#2344 = SURFACE_STYLE_FILL_AREA ( #5928 ) ;
#2345 = DIRECTION ( 'NONE',  ( 0.000000000000000000, 0.000000000000000000, 1.000000000000000000 ) ) ;
#2346 = ORIENTED_EDGE ( 'NONE', *, *, #538, .F. ) ;
#2347 = LINE ( 'NONE', #212, #4829 ) ;
#2348 = FILL_AREA_STYLE_COLOUR ( '', #4129 ) ;
#2349 = LINE ( 'NONE', #955, #1442 ) ;
#2350 = ADVANCED_FACE ( 'NONE', ( #2801 ), #4377, .F. ) ;
#2351 = ORIENTED_EDGE ( 'NONE', *, *, #3549, .F. ) ;
#2352 = SURFACE_STYLE_USAGE ( .BOTH. , #3233 ) ;
#2353 = DIRECTION ( 'NONE',  ( 0.000000000000000000, 0.000000000000000000, 1.000000000000000000 ) ) ;
#2354 = ORIENTED_EDGE ( 'NONE', *, *, #5547, .F. ) ;
#2355 = CYLINDRICAL_SURFACE ( 'NONE', #914, 0.05000000000000012768 ) ;
#2356 =( GEOMETRIC_REPRESENTATION_CONTEXT ( 3 ) GLOBAL_UNCERTAINTY_ASSIGNED_CONTEXT ( ( #4554 ) ) GLOBAL_UNIT_ASSIGNED_CONTEXT ( ( #5800, #2123, #3192 ) ) REPRESENTATION_CONTEXT ( 'NONE', 'WORKASPACE' ) );
#2357 = SURFACE_SIDE_STYLE ('',( #2422 ) ) ;
#2358 = ORIENTED_EDGE ( 'NONE', *, *, #2492, .F. ) ;
#2359 = CARTESIAN_POINT ( 'NONE',  ( -399999.9999999993597, -0.3300000000000000155, 1.699999999232204573 ) ) ;
#2360 = FACE_OUTER_BOUND ( 'NONE', #3490, .T. ) ;
#2361 = EDGE_CURVE ( 'NONE', #6578, #750, #1482, .T. ) ;
#2362 =( GEOMETRIC_REPRESENTATION_CONTEXT ( 3 ) GLOBAL_UNCERTAINTY_ASSIGNED_CONTEXT ( ( #622 ) ) GLOBAL_UNIT_ASSIGNED_CONTEXT ( ( #1908, #5324, #3828 ) ) REPRESENTATION_CONTEXT ( 'NONE', 'WORKASPACE' ) );
#2363 = VECTOR ( 'NONE', #3451, 1000.000000000000000 ) ;
#2364 = STYLED_ITEM ( 'NONE', ( #4039 ), #6257 ) ;
#2365 = EDGE_CURVE ( 'NONE', #1203, #4542, #5923, .T. ) ;
#2366 = VECTOR ( 'NONE', #2342, 1000.000000000000000 ) ;
#2367 = VECTOR ( 'NONE', #1448, 1000.000000000000000 ) ;
#2368 = VERTEX_POINT ( 'NONE', #62 ) ;
#2369 = COLOUR_RGB ( '',0.7529411764705882248, 0.7529411764705882248, 0.7529411764705882248 ) ;
#2370 = CARTESIAN_POINT ( 'NONE',  ( -399999.9999999993597, -0.3300000000000000155, 0.4299999991985714587 ) ) ;
#2371 = CARTESIAN_POINT ( 'NONE',  ( 2.431353811107150875, 0.7900000000000000355, 2.129507486452488774 ) ) ;
#2372 =( GEOMETRIC_REPRESENTATION_CONTEXT ( 3 ) GLOBAL_UNCERTAINTY_ASSIGNED_CONTEXT ( ( #3090 ) ) GLOBAL_UNIT_ASSIGNED_CONTEXT ( ( #5661, #1634, #665 ) ) REPRESENTATION_CONTEXT ( 'NONE', 'WORKASPACE' ) );
#2373 = DIRECTION ( 'NONE',  ( 0.000000000000000000, 1.000000000000000000, 0.000000000000000000 ) ) ;
#2374 =( GEOMETRIC_REPRESENTATION_CONTEXT ( 3 ) GLOBAL_UNCERTAINTY_ASSIGNED_CONTEXT ( ( #5113 ) ) GLOBAL_UNIT_ASSIGNED_CONTEXT ( ( #2788, #1796, #4366 ) ) REPRESENTATION_CONTEXT ( 'NONE', 'WORKASPACE' ) );
#2375 = DIRECTION ( 'NONE',  ( 1.000000000000000000, 0.000000000000000000, -1.516382550836134908E-16 ) ) ;
#2376 = DIRECTION ( 'NONE',  ( 0.000000000000000000, 0.000000000000000000, -1.000000000000000000 ) ) ;
#2378 = CARTESIAN_POINT ( 'NONE',  ( 3.120000000023992470, 0.000000000000000000, -1.700000000004814105 ) ) ;
#2377 = STYLED_ITEM ( 'NONE', ( #6073 ), #1328 ) ;
#2379 = EDGE_LOOP ( 'NONE', ( #5217, #5536, #2721, #286 ) ) ;
#2380 = SURFACE_STYLE_USAGE ( .BOTH. , #2880 ) ;
#2381 = CARTESIAN_POINT ( 'NONE',  ( 3.014094982814588874, -0.3300000000000000155, -0.8400000000000006350 ) ) ;
#2382 = FILL_AREA_STYLE_COLOUR ( '', #4741 ) ;
#2383 = LINE ( 'NONE', #6466, #1485 ) ;
#2384 = VECTOR ( 'NONE', #1428, 1000.000000000000000 ) ;
#2385 =( GEOMETRIC_REPRESENTATION_CONTEXT ( 3 ) GLOBAL_UNCERTAINTY_ASSIGNED_CONTEXT ( ( #3077 ) ) GLOBAL_UNIT_ASSIGNED_CONTEXT ( ( #2146, #5653, #5066 ) ) REPRESENTATION_CONTEXT ( 'NONE', 'WORKASPACE' ) );
#2386 = ORIENTED_EDGE ( 'NONE', *, *, #2222, .T. ) ;
#2387 = CARTESIAN_POINT ( 'NONE',  ( -3.014094982814587098, -0.3300000000000000155, -1.649999999999999467 ) ) ;
#2388 = VECTOR ( 'NONE', #4037, 1000.000000000000000 ) ;
#2389 = EDGE_LOOP ( 'NONE', ( #5490, #3173, #6417, #5345 ) ) ;
#2390 = FILL_AREA_STYLE_COLOUR ( '', #5894 ) ;
#2391 = PLANE ( 'NONE',  #6381 ) ;
#2392 = PRESENTATION_LAYER_ASSIGNMENT (  '', '', ( #4440 ) ) ;
#2393 = ORIENTED_EDGE ( 'NONE', *, *, #532, .F. ) ;
#2394 = CARTESIAN_POINT ( 'NONE',  ( 3.014094982802362210, 0.000000000000000000, 2.060000000000000053 ) ) ;
#2395 = DIRECTION ( 'NONE',  ( 0.000000000000000000, 1.000000000000000000, 0.000000000000000000 ) ) ;
#2396 = AXIS2_PLACEMENT_3D ( 'NONE', #1072, #3043, #3498 ) ;
#2397 = VECTOR ( 'NONE', #4918, 1000.000000000000000 ) ;
#2398 = VECTOR ( 'NONE', #4362, 1000.000000000000000 ) ;
#2399 =( NAMED_UNIT ( * ) PLANE_ANGLE_UNIT ( ) SI_UNIT ( $, .RADIAN. ) );
#2400 = PRESENTATION_STYLE_ASSIGNMENT (( #433 ) ) ;
#2401 = PRESENTATION_LAYER_ASSIGNMENT (  '', '', ( #5299 ) ) ;
#2402 = PRESENTATION_LAYER_ASSIGNMENT (  '', '', ( #2508 ) ) ;
#2403 = CARTESIAN_POINT ( 'NONE',  ( -2.995000000000000107, 0.000000000000000000, -2.063789810308648942 ) ) ;
#2404 = ORIENTED_EDGE ( 'NONE', *, *, #5550, .F. ) ;
#2405 = CARTESIAN_POINT ( 'NONE',  ( -400000.0000000000000, -0.3300000000000000155, -0.3550000000132058631 ) ) ;
#2406 = CARTESIAN_POINT ( 'NONE',  ( 0.5249700567446780042, -0.3300000000000000155, -2.625000000023192115 ) ) ;
#2407 = CARTESIAN_POINT ( 'NONE',  ( -3.014094982814587986, -0.3300000000000000155, 0.3800000000000002265 ) ) ;
#2408 = EDGE_CURVE ( 'NONE', #3012, #1133, #3029, .T. ) ;
#2409 = CARTESIAN_POINT ( 'NONE',  ( 0.9599700567264335405, -0.3300000000000000155, 291550.0000000000000 ) ) ;
#2410 = LINE ( 'NONE', #478, #926 ) ;
#2411 = ORIENTED_EDGE ( 'NONE', *, *, #2651, .F. ) ;
#2412 = CARTESIAN_POINT ( 'NONE',  ( -400000.0000000000000, -0.3300000000000000155, -2.059999999971751095 ) ) ;
#2413 =( LENGTH_UNIT ( ) NAMED_UNIT ( * ) SI_UNIT ( .MILLI., .METRE. ) );
#2414 = EDGE_CURVE ( 'NONE', #5617, #5207, #3480, .T. ) ;
#2415 = VECTOR ( 'NONE', #4368, 1000.000000000000000 ) ;
#2416 = ORIENTED_EDGE ( 'NONE', *, *, #3913, .F. ) ;
#2417 = FILL_AREA_STYLE ('',( #6590 ) ) ;
#2418 = CARTESIAN_POINT ( 'NONE',  ( -2.964094982814588164, -0.3300000000000000155, -0.3800000000069303496 ) ) ;
#2419 = EDGE_CURVE ( 'NONE', #3012, #441, #6454, .T. ) ;
#2420 = ADVANCED_FACE ( 'NONE', ( #3707 ), #2641, .F. ) ;
#2421 = SURFACE_STYLE_USAGE ( .BOTH. , #4607 ) ;
#2422 = SURFACE_STYLE_FILL_AREA ( #1479 ) ;
#2423 = ORIENTED_EDGE ( 'NONE', *, *, #545, .T. ) ;
#2424 = CARTESIAN_POINT ( 'NONE',  ( 2.994999999999999218, 0.000000000000000000, 2.499999999999998668 ) ) ;
#2425 = CARTESIAN_POINT ( 'NONE',  ( 0.4499700565929742879, -0.3300000000000000155, 291550.0000000001164 ) ) ;
#2426 = ADVANCED_FACE ( 'NONE', ( #2615 ), #5505, .T. ) ;
#2427 = ORIENTED_EDGE ( 'NONE', *, *, #4921, .T. ) ;
#2428 = CARTESIAN_POINT ( 'NONE',  ( -400000.0000000000000, -0.3300000000000000155, 2.059999999971751095 ) ) ;
#2429 = ORIENTED_EDGE ( 'NONE', *, *, #4391, .F. ) ;
#2430 = EDGE_CURVE ( 'NONE', #956, #1822, #5360, .T. ) ;
#2431 = DIRECTION ( 'NONE',  ( 0.000000000000000000, 0.000000000000000000, 1.000000000000000000 ) ) ;
#2432 = DIRECTION ( 'NONE',  ( 0.000000000000000000, 1.000000000000000000, 0.000000000000000000 ) ) ;
#2433 = VERTEX_POINT ( 'NONE', #838 ) ;
#2434 = AXIS2_PLACEMENT_3D ( 'NONE', #4816, #2294, #4371 ) ;
#2435 = DIRECTION ( 'NONE',  ( 1.000000000000000000, 0.000000000000000000, 2.047499167272383645E-15 ) ) ;
#2436 =( NAMED_UNIT ( * ) SI_UNIT ( $, .STERADIAN. ) SOLID_ANGLE_UNIT ( ) );
#2437 = AXIS2_PLACEMENT_3D ( 'NONE', #6035, #5068, #5966 ) ;
#2438 = ADVANCED_FACE ( 'NONE', ( #736 ), #5854, .F. ) ;
#2439 = COLOUR_RGB ( '',0.7686274509803920907, 0.7686274509803920907, 0.7686274509803920907 ) ;
#2440 = PLANE ( 'NONE',  #3216 ) ;
#2441 = PRESENTATION_STYLE_ASSIGNMENT (( #5365 ) ) ;
#2442 = DIRECTION ( 'NONE',  ( 1.000000000000000000, 0.000000000000000000, 2.047499167272383645E-15 ) ) ;
#2443 = VERTEX_POINT ( 'NONE', #3290 ) ;
#2444 = DIRECTION ( 'NONE',  ( 0.000000000000000000, 0.000000000000000000, 1.000000000000000000 ) ) ;
#2445 = DIRECTION ( 'NONE',  ( 1.734723475976807587E-16, 0.000000000000000000, -1.000000000000000000 ) ) ;
#2446 = DIRECTION ( 'NONE',  ( 1.000000000000000000, 0.000000000000000000, 0.000000000000000000 ) ) ;
#2447 =( GEOMETRIC_REPRESENTATION_CONTEXT ( 3 ) GLOBAL_UNCERTAINTY_ASSIGNED_CONTEXT ( ( #1840 ) ) GLOBAL_UNIT_ASSIGNED_CONTEXT ( ( #2857, #2787, #4402 ) ) REPRESENTATION_CONTEXT ( 'NONE', 'WORKASPACE' ) );
#2448 = DIRECTION ( 'NONE',  ( 0.000000000000000000, 0.000000000000000000, 1.000000000000000000 ) ) ;
#2449 = EDGE_CURVE ( 'NONE', #6300, #6189, #1790, .T. ) ;
#2450 = ORIENTED_EDGE ( 'NONE', *, *, #4378, .F. ) ;
#2451 = CARTESIAN_POINT ( 'NONE',  ( -2.409999999997580744, -0.2800000000000000266, -2.499999999999999556 ) ) ;
#2452 = CARTESIAN_POINT ( 'NONE',  ( -400000.0000000000000, -0.3300000000000000155, -2.135000000009767973 ) ) ;
#2453 = FILL_AREA_STYLE ('',( #6038 ) ) ;
#2454 = LINE ( 'NONE', #1440, #242 ) ;
#2455 = ORIENTED_EDGE ( 'NONE', *, *, #334, .F. ) ;
#2456 = FILL_AREA_STYLE_COLOUR ( '', #3041 ) ;
#2457 = DIRECTION ( 'NONE',  ( 1.000000000000000000, -0.000000000000000000, 1.700709290173339867E-15 ) ) ;
#2458 = UNCERTAINTY_MEASURE_WITH_UNIT (LENGTH_MEASURE( 1.000000000000000082E-05 ), #19, 'distance_accuracy_value', 'NONE');
#2459 = MECHANICAL_DESIGN_GEOMETRIC_PRESENTATION_REPRESENTATION (  '', ( #3541 ), #6614 ) ;
#2460 = EDGE_LOOP ( 'NONE', ( #1574, #316, #5170, #1410, #4006, #2932 ) ) ;
#2461 = PRESENTATION_LAYER_ASSIGNMENT (  '', '', ( #5449 ) ) ;
#2462 = CARTESIAN_POINT ( 'NONE',  ( 0.3847870753862395188, -0.2800000000000000266, -1.758707991553663863 ) ) ;
#2463 = DIRECTION ( 'NONE',  ( 1.000000000000000000, 0.000000000000000000, 0.000000000000000000 ) ) ;
#2464 = VERTEX_POINT ( 'NONE', #3319 ) ;
#2465 = CARTESIAN_POINT ( 'NONE',  ( 2.964094982814913237, -0.2800000000000000266, -2.499999999999999556 ) ) ;
#2466 = CARTESIAN_POINT ( 'NONE',  ( -2.409999999997580744, -0.3300000000000000155, 291550.0000000000000 ) ) ;
#2467 = COLOUR_RGB ( '',0.7686274509803920907, 0.7686274509803920907, 0.7686274509803920907 ) ;
#2468 = VERTEX_POINT ( 'NONE', #2850 ) ;
#2469 = CARTESIAN_POINT ( 'NONE',  ( 0.4499700567213176239, -0.2800000000000000266, -1.880000000028303475 ) ) ;
#2470 = VECTOR ( 'NONE', #697, 1000.000000000000000 ) ;
#2471 = MECHANICAL_DESIGN_GEOMETRIC_PRESENTATION_REPRESENTATION (  '', ( #2364 ), #680 ) ;
#2472 = COLOUR_RGB ( '',0.7686274509803920907, 0.7686274509803920907, 0.7686274509803920907 ) ;
#2473 = CARTESIAN_POINT ( 'NONE',  ( -2.964094982814913237, -0.3300000000000000155, 0.3550000000272006129 ) ) ;
#2474 = SURFACE_SIDE_STYLE ('',( #6026 ) ) ;
#2475 = VECTOR ( 'NONE', #708, 1000.000000000000000 ) ;
#2476 = ORIENTED_EDGE ( 'NONE', *, *, #936, .F. ) ;
#2477 = CARTESIAN_POINT ( 'NONE',  ( -3.014094982814587098, -0.3300000000000000155, -2.109999999999999876 ) ) ;
#2478 = CARTESIAN_POINT ( 'NONE',  ( 0.9599700567264335405, -0.3300000000000000155, -2.055898026469549222 ) ) ;
#2479 = LINE ( 'NONE', #1436, #3028 ) ;
#2480 = ORIENTED_EDGE ( 'NONE', *, *, #4956, .T. ) ;
#2481 = CARTESIAN_POINT ( 'NONE',  ( -3.120000000023992470, -0.3300000000000000155, 291550.0000000000000 ) ) ;
#2482 =( GEOMETRIC_REPRESENTATION_CONTEXT ( 3 ) GLOBAL_UNCERTAINTY_ASSIGNED_CONTEXT ( ( #3308 ) ) GLOBAL_UNIT_ASSIGNED_CONTEXT ( ( #402, #5668, #4678 ) ) REPRESENTATION_CONTEXT ( 'NONE', 'WORKASPACE' ) );
#2483 = CARTESIAN_POINT ( 'NONE',  ( -400000.0000000000000, -0.3300000000000000155, 2.135000000009767973 ) ) ;
#2484 = LINE ( 'NONE', #4545, #4762 ) ;
#2485 = PRESENTATION_LAYER_ASSIGNMENT (  '', '', ( #1653 ) ) ;
#2486 =( NAMED_UNIT ( * ) PLANE_ANGLE_UNIT ( ) SI_UNIT ( $, .RADIAN. ) );
#2487 = FILL_AREA_STYLE ('',( #5075 ) ) ;
#2488 = EDGE_CURVE ( 'NONE', #1621, #877, #206, .T. ) ;
#2489 = AXIS2_PLACEMENT_3D ( 'NONE', #1048, #1534, #1138 ) ;
#2490 =( NAMED_UNIT ( * ) PLANE_ANGLE_UNIT ( ) SI_UNIT ( $, .RADIAN. ) );
#2491 =( LENGTH_UNIT ( ) NAMED_UNIT ( * ) SI_UNIT ( .MILLI., .METRE. ) );
#2492 = EDGE_CURVE ( 'NONE', #3368, #5835, #5332, .T. ) ;
#2493 = STYLED_ITEM ( 'NONE', ( #667 ), #2564 ) ;
#2494 = ORIENTED_EDGE ( 'NONE', *, *, #6495, .F. ) ;
#2495 = MECHANICAL_DESIGN_GEOMETRIC_PRESENTATION_REPRESENTATION (  '', ( #1663 ), #1907 ) ;
#2496 = COLOUR_RGB ( '',0.7686274509803920907, 0.7686274509803920907, 0.7686274509803920907 ) ;
#2497 = FILL_AREA_STYLE ('',( #1023 ) ) ;
#2498 = AXIS2_PLACEMENT_3D ( 'NONE', #3751, #1309, #5378 ) ;
#2499 = ORIENTED_EDGE ( 'NONE', *, *, #945, .T. ) ;
#2500 = ADVANCED_FACE ( 'NONE', ( #312 ), #107, .F. ) ;
#2501 = SURFACE_STYLE_FILL_AREA ( #6111 ) ;
#2502 = EDGE_CURVE ( 'NONE', #4879, #2057, #38, .T. ) ;
#2503 = EDGE_LOOP ( 'NONE', ( #2667, #3425, #6107, #2429, #6059, #173, #5531, #2073, #2411, #3095 ) ) ;
#2504 = CIRCLE ( 'NONE', #6244, 0.05000000000000012768 ) ;
#2505 = AXIS2_PLACEMENT_3D ( 'NONE', #5197, #1970, #6042 ) ;
#2506 = CARTESIAN_POINT ( 'NONE',  ( 2.995000000000000107, 0.000000000000000000, -2.499999999999999556 ) ) ;
#2507 = DIRECTION ( 'NONE',  ( 0.000000000000000000, 0.2079116908177598144, -0.9781476007338055778 ) ) ;
#2508 = STYLED_ITEM ( 'NONE', ( #6535 ), #2426 ) ;
#2509 = PLANE ( 'NONE',  #6314 ) ;
#2510 = LINE ( 'NONE', #3462, #2594 ) ;
#2511 = ORIENTED_EDGE ( 'NONE', *, *, #4100, .T. ) ;
#2512 = CARTESIAN_POINT ( 'NONE',  ( 0.9599700567264335405, -0.3300000000000000155, 291550.0000000000000 ) ) ;
#2513 = PLANE ( 'NONE',  #6431 ) ;
#2514 = DIRECTION ( 'NONE',  ( -0.000000000000000000, 1.000000000000000000, 0.000000000000000000 ) ) ;
#2515 = ORIENTED_EDGE ( 'NONE', *, *, #4956, .F. ) ;
#2516 = SURFACE_SIDE_STYLE ('',( #4125 ) ) ;
#2517 = FILL_AREA_STYLE ('',( #3890 ) ) ;
#2518 = UNCERTAINTY_MEASURE_WITH_UNIT (LENGTH_MEASURE( 1.000000000000000082E-05 ), #5867, 'distance_accuracy_value', 'NONE');
#2519 = PLANE ( 'NONE',  #5645 ) ;
#2520 = AXIS2_PLACEMENT_3D ( 'NONE', #1434, #2824, #3466 ) ;
#2521 = FILL_AREA_STYLE_COLOUR ( '', #754 ) ;
#2522 = UNCERTAINTY_MEASURE_WITH_UNIT (LENGTH_MEASURE( 1.000000000000000082E-05 ), #3084, 'distance_accuracy_value', 'NONE');
#2523 =( GEOMETRIC_REPRESENTATION_CONTEXT ( 3 ) GLOBAL_UNCERTAINTY_ASSIGNED_CONTEXT ( ( #2304 ) ) GLOBAL_UNIT_ASSIGNED_CONTEXT ( ( #1783, #131, #5846 ) ) REPRESENTATION_CONTEXT ( 'NONE', 'WORKASPACE' ) );
#2524 = ORIENTED_EDGE ( 'NONE', *, *, #1347, .F. ) ;
#2525 = ADVANCED_FACE ( 'NONE', ( #3676 ), #5206, .T. ) ;
#2526 = LINE ( 'NONE', #3582, #4199 ) ;
#2527 = ORIENTED_EDGE ( 'NONE', *, *, #334, .T. ) ;
#2528 = DIRECTION ( 'NONE',  ( 0.000000000000000000, 0.000000000000000000, 1.000000000000000000 ) ) ;
#2529 = DIRECTION ( 'NONE',  ( -1.000000000000000000, 0.000000000000000000, 5.204170427930421283E-16 ) ) ;
#2530 = LINE ( 'NONE', #5476, #3444 ) ;
#2531 = EDGE_CURVE ( 'NONE', #2964, #4260, #929, .T. ) ;
#2532 = ORIENTED_EDGE ( 'NONE', *, *, #450, .T. ) ;
#2533 = FILL_AREA_STYLE_COLOUR ( '', #36 ) ;
#2534 = DIRECTION ( 'NONE',  ( 1.000000000000000000, -0.000000000000000000, 1.734723475976807587E-16 ) ) ;
#2535 = LINE ( 'NONE', #5025, #1564 ) ;
#2536 = DIRECTION ( 'NONE',  ( -0.2142384203776566687, 0.000000000000000000, -0.9767813978747170722 ) ) ;
#2537 = ORIENTED_EDGE ( 'NONE', *, *, #6058, .T. ) ;
#2538 = PRESENTATION_LAYER_ASSIGNMENT (  '', '', ( #4588 ) ) ;
#2539 = UNCERTAINTY_MEASURE_WITH_UNIT (LENGTH_MEASURE( 1.000000000000000082E-05 ), #4004, 'distance_accuracy_value', 'NONE');
#2540 =( NAMED_UNIT ( * ) SI_UNIT ( $, .STERADIAN. ) SOLID_ANGLE_UNIT ( ) );
#2541 = VECTOR ( 'NONE', #3635, 1000.000000000000000 ) ;
#2542 = ORIENTED_EDGE ( 'NONE', *, *, #1071, .F. ) ;
#2543 = SURFACE_STYLE_USAGE ( .BOTH. , #628 ) ;
#2544 = VERTEX_POINT ( 'NONE', #2652 ) ;
#2545 = DIRECTION ( 'NONE',  ( 0.000000000000000000, 0.000000000000000000, -1.000000000000000000 ) ) ;
#2546 = FACE_OUTER_BOUND ( 'NONE', #2591, .T. ) ;
#2547 =( NAMED_UNIT ( * ) PLANE_ANGLE_UNIT ( ) SI_UNIT ( $, .RADIAN. ) );
#2548 = FACE_OUTER_BOUND ( 'NONE', #5128, .T. ) ;
#2549 = PRESENTATION_LAYER_ASSIGNMENT (  '', '', ( #5442 ) ) ;
#2550 =( NAMED_UNIT ( * ) PLANE_ANGLE_UNIT ( ) SI_UNIT ( $, .RADIAN. ) );
#2551 = CARTESIAN_POINT ( 'NONE',  ( 0.5249700567701492959, 0.000000000000000000, -2.499999999997726263 ) ) ;
#2552 = UNCERTAINTY_MEASURE_WITH_UNIT (LENGTH_MEASURE( 1.000000000000000082E-05 ), #6007, 'distance_accuracy_value', 'NONE');
#2553 = EDGE_LOOP ( 'NONE', ( #3980, #3272, #461, #2884 ) ) ;
#2554 = DIRECTION ( 'NONE',  ( 0.000000000000000000, 0.000000000000000000, 1.000000000000000000 ) ) ;
#2555 = ORIENTED_EDGE ( 'NONE', *, *, #1955, .T. ) ;
#2556 = CARTESIAN_POINT ( 'NONE',  ( -2.964094982814586388, -0.2800000000000000266, 2.110000000016043487 ) ) ;
#2557 = EDGE_CURVE ( 'NONE', #1087, #3509, #3716, .T. ) ;
#2558 = FILL_AREA_STYLE ('',( #4434 ) ) ;
#2559 = ORIENTED_EDGE ( 'NONE', *, *, #1476, .F. ) ;
#2560 = STYLED_ITEM ( 'NONE', ( #2972 ), #5774 ) ;
#2561 = UNCERTAINTY_MEASURE_WITH_UNIT (LENGTH_MEASURE( 1.000000000000000082E-05 ), #3385, 'distance_accuracy_value', 'NONE');
#2562 = MECHANICAL_DESIGN_GEOMETRIC_PRESENTATION_REPRESENTATION (  '', ( #4715 ), #5248 ) ;
#2563 = LINE ( 'NONE', #2107, #4720 ) ;
#2564 = ADVANCED_FACE ( 'NONE', ( #2032 ), #1604, .T. ) ;
#2565 = COLOUR_RGB ( '',0.7686274509803920907, 0.7686274509803920907, 0.7686274509803920907 ) ;
#2566 = EDGE_CURVE ( 'NONE', #4907, #6205, #2624, .T. ) ;
#2567 = VECTOR ( 'NONE', #3205, 1000.000000000000000 ) ;
#2568 = SURFACE_SIDE_STYLE ('',( #3595 ) ) ;
#2569 = PLANE ( 'NONE',  #2078 ) ;
#2570 = FACE_OUTER_BOUND ( 'NONE', #3544, .T. ) ;
#2571 = COLOUR_RGB ( '',0.2941176470588235392, 0.2941176470588235392, 0.2941176470588235392 ) ;
#2572 = VERTEX_POINT ( 'NONE', #5275 ) ;
#2573 = SURFACE_STYLE_USAGE ( .BOTH. , #2183 ) ;
#2574 = VECTOR ( 'NONE', #4585, 1000.000000000000000 ) ;
#2575 = FILL_AREA_STYLE ('',( #3156 ) ) ;
#2576 = AXIS2_PLACEMENT_3D ( 'NONE', #2175, #5287, #162 ) ;
#2577 = ADVANCED_FACE ( 'NONE', ( #5311 ), #3814, .F. ) ;
#2578 = ORIENTED_EDGE ( 'NONE', *, *, #1612, .F. ) ;
#2579 =( NAMED_UNIT ( * ) PLANE_ANGLE_UNIT ( ) SI_UNIT ( $, .RADIAN. ) );
#2580 = ORIENTED_EDGE ( 'NONE', *, *, #3782, .F. ) ;
#2581 = AXIS2_PLACEMENT_3D ( 'NONE', #2802, #4379, #264 ) ;
#2582 = AXIS2_PLACEMENT_3D ( 'NONE', #932, #5976, #1416 ) ;
#2583 = CARTESIAN_POINT ( 'NONE',  ( 2.964094982814588608, -0.3300000000000000155, 2.110000000016043487 ) ) ;
#2584 = SURFACE_STYLE_USAGE ( .BOTH. , #631 ) ;
#2585 = VERTEX_POINT ( 'NONE', #3746 ) ;
#2586 = FILL_AREA_STYLE_COLOUR ( '', #4298 ) ;
#2587 =( NAMED_UNIT ( * ) SI_UNIT ( $, .STERADIAN. ) SOLID_ANGLE_UNIT ( ) );
#2588 = CIRCLE ( 'NONE', #1124, 0.04999999999999969746 ) ;
#2589 = SURFACE_STYLE_USAGE ( .BOTH. , #669 ) ;
#2590 = MECHANICAL_DESIGN_GEOMETRIC_PRESENTATION_REPRESENTATION (  '', ( #4090 ), #3891 ) ;
#2591 = EDGE_LOOP ( 'NONE', ( #3645, #566, #5710, #1682 ) ) ;
#2592 = AXIS2_PLACEMENT_3D ( 'NONE', #546, #4569, #2026 ) ;
#2593 = CARTESIAN_POINT ( 'NONE',  ( -400000.0000000002328, -0.3300000000000000155, 0.8650000003171953722 ) ) ;
#2594 = VECTOR ( 'NONE', #5519, 1000.000000000000000 ) ;
#2595 = ORIENTED_EDGE ( 'NONE', *, *, #2502, .T. ) ;
#2596 =( NAMED_UNIT ( * ) SI_UNIT ( $, .STERADIAN. ) SOLID_ANGLE_UNIT ( ) );
#2597 = CARTESIAN_POINT ( 'NONE',  ( -400000.0000000012224, -0.3300000000000000155, 2.060000001620210242 ) ) ;
#2598 = ORIENTED_EDGE ( 'NONE', *, *, #5826, .F. ) ;
#2599 = VECTOR ( 'NONE', #5136, 1000.000000000000000 ) ;
#2600 = VECTOR ( 'NONE', #5597, 1000.000000000000000 ) ;
#2601 = DIRECTION ( 'NONE',  ( -0.000000000000000000, 1.000000000000000000, -0.000000000000000000 ) ) ;
#2602 = LINE ( 'NONE', #4659, #3344 ) ;
#2603 = UNCERTAINTY_MEASURE_WITH_UNIT (LENGTH_MEASURE( 1.000000000000000082E-05 ), #1175, 'distance_accuracy_value', 'NONE');
#2604 = MECHANICAL_DESIGN_GEOMETRIC_PRESENTATION_REPRESENTATION (  '', ( #2922 ), #6024 ) ;
#2605 = CARTESIAN_POINT ( 'NONE',  ( 0.8849700567452600808, -0.2800000000000000266, -2.499999999999999556 ) ) ;
#2606 = FILL_AREA_STYLE_COLOUR ( '', #5904 ) ;
#2607 = EDGE_LOOP ( 'NONE', ( #3365, #1933, #3631, #5828, #2318, #2954, #3849, #2598, #1922, #4408 ) ) ;
#2608 = PRESENTATION_STYLE_ASSIGNMENT (( #2573 ) ) ;
#2609 = AXIS2_PLACEMENT_3D ( 'NONE', #1261, #730, #3283 ) ;
#2610 = VECTOR ( 'NONE', #783, 1000.000000000000000 ) ;
#2611 =( GEOMETRIC_REPRESENTATION_CONTEXT ( 3 ) GLOBAL_UNCERTAINTY_ASSIGNED_CONTEXT ( ( #3642 ) ) GLOBAL_UNIT_ASSIGNED_CONTEXT ( ( #5327, #1722, #3757 ) ) REPRESENTATION_CONTEXT ( 'NONE', 'WORKASPACE' ) );
#2612 = CARTESIAN_POINT ( 'NONE',  ( 2.964094982814589052, -0.3300000000000000155, -0.3800000000069303496 ) ) ;
#2613 = UNCERTAINTY_MEASURE_WITH_UNIT (LENGTH_MEASURE( 1.000000000000000082E-05 ), #4107, 'distance_accuracy_value', 'NONE');
#2614 = PRESENTATION_STYLE_ASSIGNMENT (( #389 ) ) ;
#2615 = FACE_OUTER_BOUND ( 'NONE', #1956, .T. ) ;
#2616 = EDGE_LOOP ( 'NONE', ( #2094, #3074, #681, #2733 ) ) ;
#2617 = EDGE_LOOP ( 'NONE', ( #403, #1355, #608, #574 ) ) ;
#2618 = DIRECTION ( 'NONE',  ( 0.000000000000000000, 1.000000000000000000, 0.000000000000000000 ) ) ;
#2619 = ORIENTED_EDGE ( 'NONE', *, *, #2763, .F. ) ;
#2620 = SURFACE_STYLE_FILL_AREA ( #4738 ) ;
#2621 = CARTESIAN_POINT ( 'NONE',  ( 2.964094982814913237, -0.3300000000000000155, 291550.0000000000000 ) ) ;
#2622 = STYLED_ITEM ( 'NONE', ( #1858 ), #634 ) ;
#2623 = EDGE_CURVE ( 'NONE', #2004, #4889, #4883, .T. ) ;
#2624 = LINE ( 'NONE', #6277, #5699 ) ;
#2625 = VERTEX_POINT ( 'NONE', #4814 ) ;
#2626 = DIRECTION ( 'NONE',  ( 1.000000000000000000, -0.000000000000000000, 0.000000000000000000 ) ) ;
#2627 = PRODUCT_DEFINITION_CONTEXT ( 'detailed design', #5772, 'design' ) ;
#2628 = VERTEX_POINT ( 'NONE', #183 ) ;
#2629 = ORIENTED_EDGE ( 'NONE', *, *, #425, .T. ) ;
#2630 = EDGE_CURVE ( 'NONE', #158, #2648, #6311, .T. ) ;
#2631 = CARTESIAN_POINT ( 'NONE',  ( 2.409999999997580744, -0.2800000000000000266, -0.8649999999761348590 ) ) ;
#2632 = SURFACE_STYLE_USAGE ( .BOTH. , #1123 ) ;
#2633 = FILL_AREA_STYLE_COLOUR ( '', #5042 ) ;
#2634 = VERTEX_POINT ( 'NONE', #2731 ) ;
#2635 = CARTESIAN_POINT ( 'NONE',  ( -400000.0000000001164, -0.3300000000000000155, 0.3550000001837361197 ) ) ;
#2636 = EDGE_CURVE ( 'NONE', #2964, #5543, #3844, .T. ) ;
#2637 = ADVANCED_FACE ( 'NONE', ( #2323 ), #4780, .F. ) ;
#2638 = CARTESIAN_POINT ( 'NONE',  ( -2.964094982814913237, -0.3300000000000000155, 291550.0000000000000 ) ) ;
#2639 = DIRECTION ( 'NONE',  ( -1.000000000000000000, 0.000000000000000000, 0.000000000000000000 ) ) ;
#2640 = VERTEX_POINT ( 'NONE', #6406 ) ;
#2641 = PLANE ( 'NONE',  #4454 ) ;
#2642 = ORIENTED_EDGE ( 'NONE', *, *, #266, .T. ) ;
#2643 = PRESENTATION_STYLE_ASSIGNMENT (( #2543 ) ) ;
#2644 = ORIENTED_EDGE ( 'NONE', *, *, #111, .F. ) ;
#2645 = FILL_AREA_STYLE ('',( #1145 ) ) ;
#2646 =( LENGTH_UNIT ( ) NAMED_UNIT ( * ) SI_UNIT ( .MILLI., .METRE. ) );
#2647 = AXIS2_PLACEMENT_3D ( 'NONE', #989, #1020, #4516 ) ;
#2648 = VERTEX_POINT ( 'NONE', #1828 ) ;
#2649 =( LENGTH_UNIT ( ) NAMED_UNIT ( * ) SI_UNIT ( .MILLI., .METRE. ) );
#2650 = SURFACE_STYLE_USAGE ( .BOTH. , #6309 ) ;
#2651 = EDGE_CURVE ( 'NONE', #2572, #5200, #2349, .T. ) ;
#2652 = CARTESIAN_POINT ( 'NONE',  ( 2.964094982814913237, -0.2800000000000000266, -1.649999999983720045 ) ) ;
#2653 = ORIENTED_EDGE ( 'NONE', *, *, #4533, .T. ) ;
#2654 = ORIENTED_EDGE ( 'NONE', *, *, #777, .F. ) ;
#2655 = DIRECTION ( 'NONE',  ( 0.000000000000000000, 0.000000000000000000, -1.000000000000000000 ) ) ;
#2656 = VERTEX_POINT ( 'NONE', #1896 ) ;
#2657 = FACE_OUTER_BOUND ( 'NONE', #3003, .T. ) ;
#2658 = SURFACE_SIDE_STYLE ('',( #1647 ) ) ;
#2659 = SURFACE_STYLE_USAGE ( .BOTH. , #83 ) ;
#2660 = VERTEX_POINT ( 'NONE', #3468 ) ;
#2661 =( LENGTH_UNIT ( ) NAMED_UNIT ( * ) SI_UNIT ( .MILLI., .METRE. ) );
#2662 = LINE ( 'NONE', #5250, #2695 ) ;
#2663 = FACE_OUTER_BOUND ( 'NONE', #4139, .T. ) ;
#2664 = SURFACE_STYLE_FILL_AREA ( #3726 ) ;
#2665 = CARTESIAN_POINT ( 'NONE',  ( -2.964094982814913237, -0.3300000000000000155, 291550.0000000000000 ) ) ;
#2666 = DIRECTION ( 'NONE',  ( 1.000000000000000000, 0.000000000000000000, 0.000000000000000000 ) ) ;
#2667 = ORIENTED_EDGE ( 'NONE', *, *, #3930, .F. ) ;
#2668 = AXIS2_PLACEMENT_3D ( 'NONE', #4876, #739, #6427 ) ;
#2669 = PRESENTATION_STYLE_ASSIGNMENT (( #2713 ) ) ;
#2670 = LINE ( 'NONE', #1233, #227 ) ;
#2671 = DIRECTION ( 'NONE',  ( 1.734723475976807587E-16, 0.000000000000000000, -1.000000000000000000 ) ) ;
#2672 = EDGE_LOOP ( 'NONE', ( #2793, #2254, #4021, #963 ) ) ;
#2673 = STYLED_ITEM ( 'NONE', ( #3386 ), #5209 ) ;
#2674 = ORIENTED_EDGE ( 'NONE', *, *, #3412, .T. ) ;
#2675 = COLOUR_RGB ( '',0.7686274509803920907, 0.7686274509803920907, 0.7686274509803920907 ) ;
#2676 =( NAMED_UNIT ( * ) SI_UNIT ( $, .STERADIAN. ) SOLID_ANGLE_UNIT ( ) );
#2677 = ORIENTED_EDGE ( 'NONE', *, *, #2016, .T. ) ;
#2678 = PRESENTATION_STYLE_ASSIGNMENT (( #5171 ) ) ;
#2679 = CARTESIAN_POINT ( 'NONE',  ( 0.5249700567192091549, -0.3300000000000000155, 2.625000000023192115 ) ) ;
#2680 = MECHANICAL_DESIGN_GEOMETRIC_PRESENTATION_REPRESENTATION (  '', ( #5571 ), #4947 ) ;
#2681 = COLOUR_RGB ( '',0.7686274509803920907, 0.7686274509803920907, 0.7686274509803920907 ) ;
#2682 =( LENGTH_UNIT ( ) NAMED_UNIT ( * ) SI_UNIT ( .MILLI., .METRE. ) );
#2683 = ORIENTED_EDGE ( 'NONE', *, *, #2296, .T. ) ;
#2684 = ADVANCED_FACE ( 'NONE', ( #4034 ), #882, .F. ) ;
#2685 = EDGE_CURVE ( 'NONE', #5379, #6010, #2479, .T. ) ;
#2686 = ORIENTED_EDGE ( 'NONE', *, *, #5355, .T. ) ;
#2687 = AXIS2_PLACEMENT_3D ( 'NONE', #4482, #6499, #3508 ) ;
#2688 = EDGE_CURVE ( 'NONE', #6338, #4260, #1504, .T. ) ;
#2689 = DIRECTION ( 'NONE',  ( 0.000000000000000000, 1.000000000000000000, 0.000000000000000000 ) ) ;
#2690 = ORIENTED_EDGE ( 'NONE', *, *, #703, .F. ) ;
#2691 = ADVANCED_FACE ( 'NONE', ( #4406 ), #2982, .T. ) ;
#2692 = LINE ( 'NONE', #1255, #3259 ) ;
#2693 = LINE ( 'NONE', #2737, #3446 ) ;
#2694 = CARTESIAN_POINT ( 'NONE',  ( -399999.9999999993597, 0.000000000000000000, -1.700000000823820301 ) ) ;
#2695 = VECTOR ( 'NONE', #2740, 1000.000000000000000 ) ;
#2696 = ORIENTED_EDGE ( 'NONE', *, *, #2934, .F. ) ;
#2697 = ADVANCED_FACE ( 'NONE', ( #5557 ), #1994, .F. ) ;
#2698 = VECTOR ( 'NONE', #2099, 1000.000000000000000 ) ;
#2699 = DIRECTION ( 'NONE',  ( -1.000000000000000000, 0.000000000000000000, -2.047499167272383645E-15 ) ) ;
#2700 =( GEOMETRIC_REPRESENTATION_CONTEXT ( 3 ) GLOBAL_UNCERTAINTY_ASSIGNED_CONTEXT ( ( #3073 ) ) GLOBAL_UNIT_ASSIGNED_CONTEXT ( ( #5880, #1326, #5920 ) ) REPRESENTATION_CONTEXT ( 'NONE', 'WORKASPACE' ) );
#2701 = SURFACE_STYLE_USAGE ( .BOTH. , #269 ) ;
#2702 = EDGE_CURVE ( 'NONE', #1514, #4852, #5909, .T. ) ;
#2703 = PLANE ( 'NONE',  #57 ) ;
#2704 = MECHANICAL_DESIGN_GEOMETRIC_PRESENTATION_REPRESENTATION (  '', ( #5806 ), #2385 ) ;
#2705 = AXIS2_PLACEMENT_3D ( 'NONE', #6333, #3738, #6301 ) ;
#2706 = ADVANCED_FACE ( 'NONE', ( #4665 ), #6089, .F. ) ;
#2707 = FILL_AREA_STYLE ('',( #2774 ) ) ;
#2708 = CARTESIAN_POINT ( 'NONE',  ( -400000.0000000000000, -0.3300000000000000155, -0.3550000000132058631 ) ) ;
#2709 = FILL_AREA_STYLE ('',( #2606 ) ) ;
#2710 = EDGE_CURVE ( 'NONE', #158, #973, #3136, .T. ) ;
#2711 = ORIENTED_EDGE ( 'NONE', *, *, #331, .F. ) ;
#2712 = CARTESIAN_POINT ( 'NONE',  ( 2.994999999999999662, -0.3300000000000000155, -0.4262101896913504384 ) ) ;
#2713 = SURFACE_STYLE_USAGE ( .BOTH. , #4691 ) ;
#2714 = AXIS2_PLACEMENT_3D ( 'NONE', #5730, #2782, #2217 ) ;
#2715 = COLOUR_RGB ( '',0.7686274509803920907, 0.7686274509803920907, 0.7686274509803920907 ) ;
#2716 = FACE_OUTER_BOUND ( 'NONE', #5812, .T. ) ;
#2717 = SURFACE_STYLE_FILL_AREA ( #3834 ) ;
#2718 = EDGE_CURVE ( 'NONE', #6191, #5576, #6125, .T. ) ;
#2719 = CARTESIAN_POINT ( 'NONE',  ( -2.964094982814913237, -0.3300000000000000155, 291550.0000000000000 ) ) ;
#2720 = VERTEX_POINT ( 'NONE', #3017 ) ;
#2721 = ORIENTED_EDGE ( 'NONE', *, *, #2173, .F. ) ;
#2722 = VECTOR ( 'NONE', #6011, 1000.000000000000000 ) ;
#2723 = PLANE ( 'NONE',  #2714 ) ;
#2724 = AXIS2_PLACEMENT_3D ( 'NONE', #6529, #6130, #3506 ) ;
#2725 = ORIENTED_EDGE ( 'NONE', *, *, #3285, .T. ) ;
#2726 =( NAMED_UNIT ( * ) SI_UNIT ( $, .STERADIAN. ) SOLID_ANGLE_UNIT ( ) );
#2727 = FILL_AREA_STYLE ('',( #2196 ) ) ;
#2728 = CARTESIAN_POINT ( 'NONE',  ( -3.120000000023992470, -0.3300000000000000155, -2.059999999971751095 ) ) ;
#2729 = EDGE_CURVE ( 'NONE', #3747, #4189, #2074, .T. ) ;
#2730 = VECTOR ( 'NONE', #3736, 1000.000000000000000 ) ;
#2731 = CARTESIAN_POINT ( 'NONE',  ( -3.120000000023992470, -0.3300000000000000155, -1.700000000028012437 ) ) ;
#2732 = EDGE_LOOP ( 'NONE', ( #3659, #993, #5374, #506 ) ) ;
#2733 = ORIENTED_EDGE ( 'NONE', *, *, #3333, .T. ) ;
#2734 = CARTESIAN_POINT ( 'NONE',  ( -2.994999999999997442, -0.2800000000000000266, 1.880000000024492302 ) ) ;
#2735 = EDGE_LOOP ( 'NONE', ( #3396, #2336, #2189, #6047 ) ) ;
#2736 = DIRECTION ( 'NONE',  ( 1.000000000000000000, 0.000000000000000000, 0.000000000000000000 ) ) ;
#2737 = CARTESIAN_POINT ( 'NONE',  ( -2.409999999997580744, -0.3300000000000000155, 291550.0000000000000 ) ) ;
#2738 = DIRECTION ( 'NONE',  ( -0.000000000000000000, 1.000000000000000000, 0.000000000000000000 ) ) ;
#2739 = DIRECTION ( 'NONE',  ( 0.000000000000000000, 0.000000000000000000, 1.000000000000000000 ) ) ;
#2740 = DIRECTION ( 'NONE',  ( 0.000000000000000000, 1.000000000000000000, 0.000000000000000000 ) ) ;
#2741 = PRESENTATION_LAYER_ASSIGNMENT (  '', '', ( #4990 ) ) ;
#2742 = SURFACE_STYLE_FILL_AREA ( #1225 ) ;
#2743 = DIRECTION ( 'NONE',  ( 7.826832626985216134E-16, -0.000000000000000000, 1.000000000000000000 ) ) ;
#2744 = DIRECTION ( 'NONE',  ( 1.000000000000000000, 0.000000000000000000, -3.913416313492608067E-16 ) ) ;
#2745 = DIRECTION ( 'NONE',  ( 0.000000000000000000, 0.000000000000000000, 1.000000000000000000 ) ) ;
#2746 = CARTESIAN_POINT ( 'NONE',  ( -3.120000000023992470, 0.000000000000000000, 291550.0000000000000 ) ) ;
#2747 = VECTOR ( 'NONE', #498, 1000.000000000000000 ) ;
#2748 = DIRECTION ( 'NONE',  ( 0.000000000000000000, -0.000000000000000000, 1.000000000000000000 ) ) ;
#2749 = DIRECTION ( 'NONE',  ( -1.000000000000000000, 0.000000000000000000, 2.047499167272383645E-15 ) ) ;
#2750 = LINE ( 'NONE', #764, #2263 ) ;
#2751 =( NAMED_UNIT ( * ) PLANE_ANGLE_UNIT ( ) SI_UNIT ( $, .RADIAN. ) );
#2752 =( LENGTH_UNIT ( ) NAMED_UNIT ( * ) SI_UNIT ( .MILLI., .METRE. ) );
#2753 = FACE_OUTER_BOUND ( 'NONE', #6017, .T. ) ;
#2754 = ORIENTED_EDGE ( 'NONE', *, *, #2924, .T. ) ;
#2755 = SURFACE_SIDE_STYLE ('',( #1274 ) ) ;
#2756 = PRESENTATION_STYLE_ASSIGNMENT (( #744 ) ) ;
#2757 = EDGE_LOOP ( 'NONE', ( #4556, #5743, #585, #175, #2843, #1310 ) ) ;
#2758 =( GEOMETRIC_REPRESENTATION_CONTEXT ( 3 ) GLOBAL_UNCERTAINTY_ASSIGNED_CONTEXT ( ( #6594 ) ) GLOBAL_UNIT_ASSIGNED_CONTEXT ( ( #31, #3224, #5759 ) ) REPRESENTATION_CONTEXT ( 'NONE', 'WORKASPACE' ) );
#2759 =( LENGTH_UNIT ( ) NAMED_UNIT ( * ) SI_UNIT ( .MILLI., .METRE. ) );
#2760 = ORIENTED_EDGE ( 'NONE', *, *, #5089, .F. ) ;
#2761 = MECHANICAL_DESIGN_GEOMETRIC_PRESENTATION_REPRESENTATION (  '', ( #4588 ), #5329 ) ;
#2762 = ORIENTED_EDGE ( 'NONE', *, *, #6180, .F. ) ;
#2763 = EDGE_CURVE ( 'NONE', #3927, #3063, #1758, .T. ) ;
#2764 = VECTOR ( 'NONE', #4036, 1000.000000000000000 ) ;
#2765 = LINE ( 'NONE', #2832, #589 ) ;
#2766 = VERTEX_POINT ( 'NONE', #1625 ) ;
#2767 = LINE ( 'NONE', #1779, #3375 ) ;
#2768 = DIRECTION ( 'NONE',  ( -1.000000000000000000, 0.000000000000000000, 0.000000000000000000 ) ) ;
#2769 = MECHANICAL_DESIGN_GEOMETRIC_PRESENTATION_REPRESENTATION (  '', ( #4591 ), #761 ) ;
#2770 =( NAMED_UNIT ( * ) SI_UNIT ( $, .STERADIAN. ) SOLID_ANGLE_UNIT ( ) );
#2771 = CARTESIAN_POINT ( 'NONE',  ( 2.410000000022919142, -0.3300000000000000155, 2.135000000009767973 ) ) ;
#2772 = AXIS2_PLACEMENT_3D ( 'NONE', #4847, #1299, #1824 ) ;
#2773 = CARTESIAN_POINT ( 'NONE',  ( -2.964094982814913237, -0.2800000000000000266, -2.499999999999999556 ) ) ;
#2774 = FILL_AREA_STYLE_COLOUR ( '', #2675 ) ;
#2775 = CARTESIAN_POINT ( 'NONE',  ( -2.995000000000000107, -0.2800000000000000266, -2.499999999999999556 ) ) ;
#2776 = SURFACE_STYLE_FILL_AREA ( #4881 ) ;
#2777 = EDGE_CURVE ( 'NONE', #4234, #3514, #2054, .T. ) ;
#2778 = DIRECTION ( 'NONE',  ( 0.000000000000000000, 0.000000000000000000, -1.000000000000000000 ) ) ;
#2779 = DIRECTION ( 'NONE',  ( 0.000000000000000000, 1.000000000000000000, 0.000000000000000000 ) ) ;
#2780 = EDGE_CURVE ( 'NONE', #4946, #2628, #4601, .T. ) ;
#2781 = CARTESIAN_POINT ( 'NONE',  ( 1.430000000020881235, -0.3300000000000000155, -1.989978533401881577 ) ) ;
#2782 = DIRECTION ( 'NONE',  ( 1.000000000000000000, -0.000000000000000000, 0.000000000000000000 ) ) ;
#2783 = CARTESIAN_POINT ( 'NONE',  ( -400000.0000000000582, -0.3300000000000000155, 1.880000000085146894 ) ) ;
#2784 = CIRCLE ( 'NONE', #6617, 0.04999999999999991257 ) ;
#2785 = ORIENTED_EDGE ( 'NONE', *, *, #4960, .T. ) ;
#2786 = PLANE ( 'NONE',  #220 ) ;
#2787 =( NAMED_UNIT ( * ) PLANE_ANGLE_UNIT ( ) SI_UNIT ( $, .RADIAN. ) );
#2788 =( LENGTH_UNIT ( ) NAMED_UNIT ( * ) SI_UNIT ( .MILLI., .METRE. ) );
#2789 = ORIENTED_EDGE ( 'NONE', *, *, #2636, .T. ) ;
#2790 = EDGE_CURVE ( 'NONE', #4189, #3509, #2088, .T. ) ;
#2791 = VECTOR ( 'NONE', #651, 1000.000000000000000 ) ;
#2792 =( GEOMETRIC_REPRESENTATION_CONTEXT ( 3 ) GLOBAL_UNCERTAINTY_ASSIGNED_CONTEXT ( ( #5535 ) ) GLOBAL_UNIT_ASSIGNED_CONTEXT ( ( #1227, #4319, #3249 ) ) REPRESENTATION_CONTEXT ( 'NONE', 'WORKASPACE' ) );
#2793 = ORIENTED_EDGE ( 'NONE', *, *, #6081, .F. ) ;
#2794 = SURFACE_STYLE_FILL_AREA ( #3781 ) ;
#2795 = DIRECTION ( 'NONE',  ( -0.2142384203776561136, 0.000000000000000000, 0.9767813978747172943 ) ) ;
#2796 =( GEOMETRIC_REPRESENTATION_CONTEXT ( 3 ) GLOBAL_UNCERTAINTY_ASSIGNED_CONTEXT ( ( #5471 ) ) GLOBAL_UNIT_ASSIGNED_CONTEXT ( ( #5195, #5751, #3289 ) ) REPRESENTATION_CONTEXT ( 'NONE', 'WORKASPACE' ) );
#2797 = ORIENTED_EDGE ( 'NONE', *, *, #163, .F. ) ;
#2798 = VECTOR ( 'NONE', #4074, 1000.000000000000000 ) ;
#2799 = PRESENTATION_LAYER_ASSIGNMENT (  '', '', ( #5675 ) ) ;
#2800 = EDGE_LOOP ( 'NONE', ( #3431, #3377, #816, #5175, #1804, #5429 ) ) ;
#2801 = FACE_OUTER_BOUND ( 'NONE', #4376, .T. ) ;
#2802 = CARTESIAN_POINT ( 'NONE',  ( 2.431353811107150875, 0.7699999999999999067, 1.907959339227716100 ) ) ;
#2803 = DIRECTION ( 'NONE',  ( 2.047499167272383645E-15, 0.000000000000000000, -1.000000000000000000 ) ) ;
#2804 = CARTESIAN_POINT ( 'NONE',  ( -2.994999999999997442, 0.000000000000000000, 2.063789810308650718 ) ) ;
#2805 = CARTESIAN_POINT ( 'NONE',  ( -400000.0000000000000, -0.3300000000000000155, -0.3550000000132058631 ) ) ;
#2806 = VECTOR ( 'NONE', #3596, 1000.000000000000000 ) ;
#2807 = CARTESIAN_POINT ( 'NONE',  ( 0.5249700567446780042, -0.3300000000000000155, -2.625000000023192115 ) ) ;
#2808 = CARTESIAN_POINT ( 'NONE',  ( -2.964094982814913237, -0.2800000000000000266, -2.499999999999999556 ) ) ;
#2809 =( GEOMETRIC_REPRESENTATION_CONTEXT ( 3 ) GLOBAL_UNCERTAINTY_ASSIGNED_CONTEXT ( ( #4579 ) ) GLOBAL_UNIT_ASSIGNED_CONTEXT ( ( #2413, #4997, #5492 ) ) REPRESENTATION_CONTEXT ( 'NONE', 'WORKASPACE' ) );
#2810 = UNCERTAINTY_MEASURE_WITH_UNIT (LENGTH_MEASURE( 1.000000000000000082E-05 ), #1952, 'distance_accuracy_value', 'NONE');
#2811 = SURFACE_STYLE_FILL_AREA ( #5977 ) ;
#2812 = SURFACE_SIDE_STYLE ('',( #6364 ) ) ;
#2813 = DIRECTION ( 'NONE',  ( 0.000000000000000000, 1.000000000000000000, 0.000000000000000000 ) ) ;
#2814 = SURFACE_SIDE_STYLE ('',( #3867 ) ) ;
#2815 = AXIS2_PLACEMENT_3D ( 'NONE', #1114, #3056, #603 ) ;
#2816 = CARTESIAN_POINT ( 'NONE',  ( -2.964094982814588164, -0.3300000000000000155, 0.8399999999824103725 ) ) ;
#2817 = VECTOR ( 'NONE', #5132, 1000.000000000000000 ) ;
#2818 = LINE ( 'NONE', #1821, #3262 ) ;
#2819 = VERTEX_POINT ( 'NONE', #6365 ) ;
#2820 = DIRECTION ( 'NONE',  ( 0.000000000000000000, 1.000000000000000000, 0.000000000000000000 ) ) ;
#2821 = SURFACE_STYLE_FILL_AREA ( #4778 ) ;
#2822 = PLANE ( 'NONE',  #465 ) ;
#2823 = EDGE_CURVE ( 'NONE', #4705, #4914, #5331, .T. ) ;
#2824 = DIRECTION ( 'NONE',  ( 0.000000000000000000, 1.000000000000000000, 0.000000000000000000 ) ) ;
#2825 = ORIENTED_EDGE ( 'NONE', *, *, #4114, .T. ) ;
#2826 = MECHANICAL_DESIGN_GEOMETRIC_PRESENTATION_REPRESENTATION (  '', ( #267 ), #376 ) ;
#2827 = STYLED_ITEM ( 'NONE', ( #1140 ), #2350 ) ;
#2828 = PLANE ( 'NONE',  #5201 ) ;
#2829 = ORIENTED_EDGE ( 'NONE', *, *, #5616, .T. ) ;
#2830 =( LENGTH_UNIT ( ) NAMED_UNIT ( * ) SI_UNIT ( .MILLI., .METRE. ) );
#2831 = CIRCLE ( 'NONE', #1984, 0.05000000000000012768 ) ;
#2832 = CARTESIAN_POINT ( 'NONE',  ( 2.994999999999999218, 0.000000000000000000, 2.499999999999998668 ) ) ;
#2833 = ORIENTED_EDGE ( 'NONE', *, *, #2980, .F. ) ;
#2834 = DIRECTION ( 'NONE',  ( 0.000000000000000000, 1.000000000000000000, 0.000000000000000000 ) ) ;
#2835 = EDGE_CURVE ( 'NONE', #5691, #2057, #735, .T. ) ;
#2836 = UNCERTAINTY_MEASURE_WITH_UNIT (LENGTH_MEASURE( 1.000000000000000082E-05 ), #1088, 'distance_accuracy_value', 'NONE');
#2837 = DIRECTION ( 'NONE',  ( 0.000000000000000000, 0.000000000000000000, 1.000000000000000000 ) ) ;
#2838 = FACE_OUTER_BOUND ( 'NONE', #6501, .T. ) ;
#2839 = EDGE_CURVE ( 'NONE', #5625, #186, #1202, .T. ) ;
#2840 = UNCERTAINTY_MEASURE_WITH_UNIT (LENGTH_MEASURE( 1.000000000000000082E-05 ), #951, 'distance_accuracy_value', 'NONE');
#2841 = SURFACE_STYLE_USAGE ( .BOTH. , #1386 ) ;
#2842 = DIRECTION ( 'NONE',  ( -0.000000000000000000, 1.000000000000000000, 0.000000000000000000 ) ) ;
#2843 = ORIENTED_EDGE ( 'NONE', *, *, #936, .T. ) ;
#2844 = PRESENTATION_STYLE_ASSIGNMENT (( #197 ) ) ;
#2845 = CARTESIAN_POINT ( 'NONE',  ( 0.5249700566309911665, 0.000000000000000000, 291550.0000000001746 ) ) ;
#2846 =( NAMED_UNIT ( * ) SI_UNIT ( $, .STERADIAN. ) SOLID_ANGLE_UNIT ( ) );
#2847 = LINE ( 'NONE', #3252, #4449 ) ;
#2848 =( NAMED_UNIT ( * ) PLANE_ANGLE_UNIT ( ) SI_UNIT ( $, .RADIAN. ) );
#2849 = CARTESIAN_POINT ( 'NONE',  ( -3.120000000023992470, -0.3300000000000000155, 291550.0000000000000 ) ) ;
#2850 = CARTESIAN_POINT ( 'NONE',  ( 2.964094982814913237, -0.3300000000000000155, 1.624999999989995558 ) ) ;
#2851 = SURFACE_STYLE_USAGE ( .BOTH. , #1234 ) ;
#2852 = CARTESIAN_POINT ( 'NONE',  ( 0.5249700566309911665, -0.3300000000000000155, 291550.0000000001746 ) ) ;
#2853 = CARTESIAN_POINT ( 'NONE',  ( 3.014094982802362210, -0.3300000000000000155, -0.7899999999949613994 ) ) ;
#2854 = LINE ( 'NONE', #2286, #1569 ) ;
#2855 = EDGE_LOOP ( 'NONE', ( #2476, #2346, #4495, #1699 ) ) ;
#2856 = FILL_AREA_STYLE ('',( #4295 ) ) ;
#2857 =( LENGTH_UNIT ( ) NAMED_UNIT ( * ) SI_UNIT ( .MILLI., .METRE. ) );
#2858 = CARTESIAN_POINT ( 'NONE',  ( 0.8849700567452600808, 0.000000000000000000, 2.625000000023192115 ) ) ;
#2859 = PRESENTATION_STYLE_ASSIGNMENT (( #5864 ) ) ;
#2860 = ORIENTED_EDGE ( 'NONE', *, *, #6471, .F. ) ;
#2861 = CARTESIAN_POINT ( 'NONE',  ( -2.994999999999998330, -0.2800000000000000266, 2.135000000009767973 ) ) ;
#2862 = CARTESIAN_POINT ( 'NONE',  ( 1.731830359753693926, -0.2800000000000000266, -1.463259669082411119 ) ) ;
#2863 = ORIENTED_EDGE ( 'NONE', *, *, #2408, .T. ) ;
#2864 = FACE_OUTER_BOUND ( 'NONE', #3561, .T. ) ;
#2865 = ADVANCED_FACE ( 'NONE', ( #1293 ), #5229, .F. ) ;
#2866 = ORIENTED_EDGE ( 'NONE', *, *, #860, .T. ) ;
#2867 = DIRECTION ( 'NONE',  ( 0.000000000000000000, 1.000000000000000000, 0.000000000000000000 ) ) ;
#2868 = FILL_AREA_STYLE ('',( #3929 ) ) ;
#2869 = DIRECTION ( 'NONE',  ( -0.000000000000000000, 1.000000000000000000, 0.000000000000000000 ) ) ;
#2870 = SURFACE_STYLE_FILL_AREA ( #3281 ) ;
#2871 = ORIENTED_EDGE ( 'NONE', *, *, #6389, .T. ) ;
#2872 = CARTESIAN_POINT ( 'NONE',  ( 3.014094982814587986, -0.2800000000000000266, 2.109999999999999876 ) ) ;
#2873 = LINE ( 'NONE', #6486, #3379 ) ;
#2874 = AXIS2_PLACEMENT_3D ( 'NONE', #1407, #5463, #4981 ) ;
#2875 = CARTESIAN_POINT ( 'NONE',  ( -3.120000000023992470, -0.3300000000000000155, -0.7899999999949613994 ) ) ;
#2876 = PRESENTATION_STYLE_ASSIGNMENT (( #5988 ) ) ;
#2877 = SURFACE_SIDE_STYLE ('',( #2344 ) ) ;
#2878 = CARTESIAN_POINT ( 'NONE',  ( 1.430000000020881235, -0.3300000000000000155, -1.989978533401881577 ) ) ;
#2879 = EDGE_LOOP ( 'NONE', ( #2653, #5179, #2354, #6379 ) ) ;
#2880 = SURFACE_SIDE_STYLE ('',( #1273 ) ) ;
#2881 = CARTESIAN_POINT ( 'NONE',  ( -399999.9999999993597, -0.3300000000000000155, 0.7899999991991535353 ) ) ;
#2882 = CARTESIAN_POINT ( 'NONE',  ( 2.409999999997580744, -0.3300000000000000155, 0.3549999999992132227 ) ) ;
#2883 = SURFACE_STYLE_USAGE ( .BOTH. , #4506 ) ;
#2884 = ORIENTED_EDGE ( 'NONE', *, *, #5295, .T. ) ;
#2885 = SURFACE_SIDE_STYLE ('',( #1899 ) ) ;
#2886 = PRESENTATION_STYLE_ASSIGNMENT (( #3299 ) ) ;
#2887 = EDGE_LOOP ( 'NONE', ( #6127, #1915, #4613, #497, #3542, #4064 ) ) ;
#2888 = AXIS2_PLACEMENT_3D ( 'NONE', #5856, #5797, #4904 ) ;
#2889 =( GEOMETRIC_REPRESENTATION_CONTEXT ( 3 ) GLOBAL_UNCERTAINTY_ASSIGNED_CONTEXT ( ( #962 ) ) GLOBAL_UNIT_ASSIGNED_CONTEXT ( ( #4364, #3295, #6430 ) ) REPRESENTATION_CONTEXT ( 'NONE', 'WORKASPACE' ) );
#2890 = EDGE_LOOP ( 'NONE', ( #4696, #1206, #1706, #2754 ) ) ;
#2891 = CARTESIAN_POINT ( 'NONE',  ( -2.827080316280679462, 0.7900000000000000355, 2.500000000000000444 ) ) ;
#2892 = EDGE_CURVE ( 'NONE', #6578, #884, #6330, .T. ) ;
#2893 = PRESENTATION_STYLE_ASSIGNMENT (( #3855 ) ) ;
#2894 = COLOUR_RGB ( '',0.7686274509803920907, 0.7686274509803920907, 0.7686274509803920907 ) ;
#2895 =( LENGTH_UNIT ( ) NAMED_UNIT ( * ) SI_UNIT ( .MILLI., .METRE. ) );
#2896 = VECTOR ( 'NONE', #5744, 1000.000000000000000 ) ;
#2897 = EDGE_CURVE ( 'NONE', #3063, #4209, #2750, .T. ) ;
#2898 = FACE_OUTER_BOUND ( 'NONE', #4122, .T. ) ;
#2899 = COLOUR_RGB ( '',0.7686274509803920907, 0.7686274509803920907, 0.7686274509803920907 ) ;
#2900 = DIRECTION ( 'NONE',  ( 0.000000000000000000, 0.000000000000000000, 1.000000000000000000 ) ) ;
#2901 = ORIENTED_EDGE ( 'NONE', *, *, #6533, .T. ) ;
#2902 =( NAMED_UNIT ( * ) PLANE_ANGLE_UNIT ( ) SI_UNIT ( $, .RADIAN. ) );
#2903 = EDGE_CURVE ( 'NONE', #1550, #3613, #5043, .T. ) ;
#2904 = SURFACE_SIDE_STYLE ('',( #346 ) ) ;
#2905 = EDGE_CURVE ( 'NONE', #1199, #4263, #3184, .T. ) ;
#2906 = EDGE_CURVE ( 'NONE', #4294, #2264, #3735, .T. ) ;
#2907 = CARTESIAN_POINT ( 'NONE',  ( 0.8849700567452600808, -0.3300000000000000155, 2.625000000023192115 ) ) ;
#2909 = LINE ( 'NONE', #4471, #3679 ) ;
#2908 = PRESENTATION_LAYER_ASSIGNMENT (  '', '', ( #1230 ) ) ;
#2910 = EDGE_LOOP ( 'NONE', ( #3709, #3463, #1519, #6193 ) ) ;
#2911 = SURFACE_STYLE_USAGE ( .BOTH. , #1530 ) ;
#2912 = PRESENTATION_LAYER_ASSIGNMENT (  '', '', ( #5382 ) ) ;
#2913 = DIRECTION ( 'NONE',  ( 0.000000000000000000, 1.000000000000000000, 0.000000000000000000 ) ) ;
#2914 = DIRECTION ( 'NONE',  ( 0.000000000000000000, 0.000000000000000000, 1.000000000000000000 ) ) ;
#2915 =( GEOMETRIC_REPRESENTATION_CONTEXT ( 3 ) GLOBAL_UNCERTAINTY_ASSIGNED_CONTEXT ( ( #537 ) ) GLOBAL_UNIT_ASSIGNED_CONTEXT ( ( #536, #169, #5158 ) ) REPRESENTATION_CONTEXT ( 'NONE', 'WORKASPACE' ) );
#2916 = ADVANCED_FACE ( 'NONE', ( #4328 ), #698, .F. ) ;
#2917 = DIRECTION ( 'NONE',  ( 0.000000000000000000, 1.000000000000000000, 0.000000000000000000 ) ) ;
#2918 = VERTEX_POINT ( 'NONE', #1888 ) ;
#2919 = FILL_AREA_STYLE ('',( #3404 ) ) ;
#2920 = STYLED_ITEM ( 'NONE', ( #4155 ), #3791 ) ;
#2921 = LINE ( 'NONE', #5341, #6108 ) ;
#2922 = STYLED_ITEM ( 'NONE', ( #7 ), #1495 ) ;
#2923 =( LENGTH_UNIT ( ) NAMED_UNIT ( * ) SI_UNIT ( .MILLI., .METRE. ) );
#2924 = EDGE_CURVE ( 'NONE', #2628, #2443, #3938, .T. ) ;
#2925 = CARTESIAN_POINT ( 'NONE',  ( 2.964094982814913237, -0.3300000000000000155, 291550.0000000000000 ) ) ;
#2926 = SURFACE_SIDE_STYLE ('',( #3979 ) ) ;
#2927 = COLOUR_RGB ( '',0.7686274509803920907, 0.7686274509803920907, 0.7686274509803920907 ) ;
#2928 = ORIENTED_EDGE ( 'NONE', *, *, #2630, .F. ) ;
#2929 = FACE_OUTER_BOUND ( 'NONE', #772, .T. ) ;
#2930 = UNCERTAINTY_MEASURE_WITH_UNIT (LENGTH_MEASURE( 1.000000000000000082E-05 ), #4292, 'distance_accuracy_value', 'NONE');
#2931 = AXIS2_PLACEMENT_3D ( 'NONE', #5518, #972, #439 ) ;
#2932 = ORIENTED_EDGE ( 'NONE', *, *, #640, .F. ) ;
#2933 = VECTOR ( 'NONE', #4206, 1000.000000000000000 ) ;
#2934 = EDGE_CURVE ( 'NONE', #5617, #6343, #5926, .T. ) ;
#2935 =( LENGTH_UNIT ( ) NAMED_UNIT ( * ) SI_UNIT ( .MILLI., .METRE. ) );
#2936 = PRESENTATION_STYLE_ASSIGNMENT (( #279 ) ) ;
#2937 = ORIENTED_EDGE ( 'NONE', *, *, #117, .F. ) ;
#2938 = CARTESIAN_POINT ( 'NONE',  ( 2.964094982814913237, -0.3300000000000000155, 291550.0000000000000 ) ) ;
#2939 = ORIENTED_EDGE ( 'NONE', *, *, #1331, .F. ) ;
#2940 = SURFACE_STYLE_FILL_AREA ( #1388 ) ;
#2941 = SURFACE_STYLE_FILL_AREA ( #3417 ) ;
#2942 = AXIS2_PLACEMENT_3D ( 'NONE', #2783, #4333, #3838 ) ;
#2943 = EDGE_CURVE ( 'NONE', #4879, #1176, #1556, .T. ) ;
#2944 = CARTESIAN_POINT ( 'NONE',  ( 3.120000000023992470, -0.3300000000000000155, -2.059999999971751095 ) ) ;
#2945 = CARTESIAN_POINT ( 'NONE',  ( -400000.0000000000582, -0.3300000000000000155, 1.880000000085146894 ) ) ;
#2946 = SURFACE_STYLE_FILL_AREA ( #384 ) ;
#2947 = DIRECTION ( 'NONE',  ( 0.000000000000000000, 1.000000000000000000, 0.000000000000000000 ) ) ;
#2948 = ORIENTED_EDGE ( 'NONE', *, *, #1522, .T. ) ;
#2949 = FILL_AREA_STYLE_COLOUR ( '', #5560 ) ;
#2950 = DIRECTION ( 'NONE',  ( -1.000000000000000000, 0.000000000000000000, 0.000000000000000000 ) ) ;
#2951 = CARTESIAN_POINT ( 'NONE',  ( -2.994999999999999218, 0.000000000000000000, -0.7937898103086497015 ) ) ;
#2952 = CARTESIAN_POINT ( 'NONE',  ( 2.964094982814588164, -0.3300000000000000155, -2.110000000016043487 ) ) ;
#2953 = COLOUR_RGB ( '',0.7686274509803920907, 0.7686274509803920907, 0.7686274509803920907 ) ;
#2954 = ORIENTED_EDGE ( 'NONE', *, *, #3278, .T. ) ;
#2955 = LINE ( 'NONE', #5003, #6181 ) ;
#2956 =( GEOMETRIC_REPRESENTATION_CONTEXT ( 3 ) GLOBAL_UNCERTAINTY_ASSIGNED_CONTEXT ( ( #5641 ) ) GLOBAL_UNIT_ASSIGNED_CONTEXT ( ( #3933, #4459, #1811 ) ) REPRESENTATION_CONTEXT ( 'NONE', 'WORKASPACE' ) );
#2957 = DIRECTION ( 'NONE',  ( 0.000000000000000000, 0.000000000000000000, 1.000000000000000000 ) ) ;
#2958 = ORIENTED_EDGE ( 'NONE', *, *, #983, .T. ) ;
#2959 =( NAMED_UNIT ( * ) PLANE_ANGLE_UNIT ( ) SI_UNIT ( $, .RADIAN. ) );
#2960 = CARTESIAN_POINT ( 'NONE',  ( 2.994999999999999218, -0.2800000000000000266, 2.499999999999998668 ) ) ;
#2961 = VERTEX_POINT ( 'NONE', #3358 ) ;
#2962 = PLANE ( 'NONE',  #3230 ) ;
#2963 = DIRECTION ( 'NONE',  ( 0.000000000000000000, 0.000000000000000000, 1.000000000000000000 ) ) ;
#2964 = VERTEX_POINT ( 'NONE', #901 ) ;
#2965 = PLANE ( 'NONE',  #4468 ) ;
#2966 = ORIENTED_EDGE ( 'NONE', *, *, #3107, .T. ) ;
#2967 = VECTOR ( 'NONE', #6279, 1000.000000000000000 ) ;
#2968 = DIRECTION ( 'NONE',  ( 0.000000000000000000, 0.000000000000000000, 1.000000000000000000 ) ) ;
#2969 = PRESENTATION_STYLE_ASSIGNMENT (( #3065 ) ) ;
#2970 = CARTESIAN_POINT ( 'NONE',  ( 1.430000000141262717, -0.2800000000000000266, 1.989978533370868163 ) ) ;
#2971 = EDGE_CURVE ( 'NONE', #6084, #1446, #1912, .T. ) ;
#2972 = PRESENTATION_STYLE_ASSIGNMENT (( #1951 ) ) ;
#2973 = PRESENTATION_STYLE_ASSIGNMENT (( #4661 ) ) ;
#2974 = CARTESIAN_POINT ( 'NONE',  ( 0.5249700567192091549, 0.000000000000000000, 2.499999999997726263 ) ) ;
#2975 = ORIENTED_EDGE ( 'NONE', *, *, #1259, .F. ) ;
#2976 = PRESENTATION_STYLE_ASSIGNMENT (( #2911 ) ) ;
#2977 = CYLINDRICAL_SURFACE ( 'NONE', #4734, 0.04999999999999991257 ) ;
#2978 = LINE ( 'NONE', #5554, #5473 ) ;
#2979 = CARTESIAN_POINT ( 'NONE',  ( 3.120000000023992470, -0.3300000000000000155, 0.7900000000181596205 ) ) ;
#2980 = EDGE_CURVE ( 'NONE', #1927, #5203, #5425, .T. ) ;
#2981 = COLOUR_RGB ( '',0.7686274509803920907, 0.7686274509803920907, 0.7686274509803920907 ) ;
#2982 = PLANE ( 'NONE',  #4203 ) ;
#2983 = ORIENTED_EDGE ( 'NONE', *, *, #2014, .T. ) ;
#2984 = FILL_AREA_STYLE_COLOUR ( '', #6399 ) ;
#2985 =( NAMED_UNIT ( * ) SI_UNIT ( $, .STERADIAN. ) SOLID_ANGLE_UNIT ( ) );
#2986 = LINE ( 'NONE', #6619, #4448 ) ;
#2987 = DIRECTION ( 'NONE',  ( -1.000000000000000000, 0.000000000000000000, 2.047499167272383645E-15 ) ) ;
#2988 = SURFACE_SIDE_STYLE ('',( #1900 ) ) ;
#2989 = CARTESIAN_POINT ( 'NONE',  ( -2.409999999997580744, -0.3300000000000000155, -1.880000000028303475 ) ) ;
#2990 = EDGE_CURVE ( 'NONE', #5588, #818, #3421, .T. ) ;
#2991 = FILL_AREA_STYLE_COLOUR ( '', #2003 ) ;
#2992 = ORIENTED_EDGE ( 'NONE', *, *, #187, .T. ) ;
#2993 = FILL_AREA_STYLE ('',( #2521 ) ) ;
#2994 = UNCERTAINTY_MEASURE_WITH_UNIT (LENGTH_MEASURE( 1.000000000000000082E-05 ), #4027, 'distance_accuracy_value', 'NONE');
#2995 = STYLED_ITEM ( 'NONE', ( #1525 ), #5762 ) ;
#2996 = ORIENTED_EDGE ( 'NONE', *, *, #1284, .F. ) ;
#2997 = DIRECTION ( 'NONE',  ( 5.204170427930421283E-16, -0.000000000000000000, 1.000000000000000000 ) ) ;
#2998 = EDGE_LOOP ( 'NONE', ( #318, #3032, #855, #3602 ) ) ;
#2999 =( NAMED_UNIT ( * ) PLANE_ANGLE_UNIT ( ) SI_UNIT ( $, .RADIAN. ) );
#3000 = STYLED_ITEM ( 'NONE', ( #580 ), #5156 ) ;
#3001 =( NAMED_UNIT ( * ) SI_UNIT ( $, .STERADIAN. ) SOLID_ANGLE_UNIT ( ) );
#3002 = PRESENTATION_LAYER_ASSIGNMENT (  '', '', ( #550 ) ) ;
#3003 = EDGE_LOOP ( 'NONE', ( #1558, #3527, #4254, #3954, #3403, #5278 ) ) ;
#3004 = DIRECTION ( 'NONE',  ( -0.000000000000000000, 1.000000000000000000, 0.000000000000000000 ) ) ;
#3005 = FACE_OUTER_BOUND ( 'NONE', #1245, .T. ) ;
#3006 = VECTOR ( 'NONE', #3723, 1000.000000000000000 ) ;
#3007 = AXIS2_PLACEMENT_3D ( 'NONE', #3507, #981, #490 ) ;
#3008 =( GEOMETRIC_REPRESENTATION_CONTEXT ( 3 ) GLOBAL_UNCERTAINTY_ASSIGNED_CONTEXT ( ( #61 ) ) GLOBAL_UNIT_ASSIGNED_CONTEXT ( ( #2341, #900, #4466 ) ) REPRESENTATION_CONTEXT ( 'NONE', 'WORKASPACE' ) );
#3009 = AXIS2_PLACEMENT_3D ( 'NONE', #621, #3803, #4768 ) ;
#3010 = DIRECTION ( 'NONE',  ( -0.000000000000000000, 1.000000000000000000, 0.000000000000000000 ) ) ;
#3011 =( NAMED_UNIT ( * ) PLANE_ANGLE_UNIT ( ) SI_UNIT ( $, .RADIAN. ) );
#3012 = VERTEX_POINT ( 'NONE', #5396 ) ;
#3013 = FILL_AREA_STYLE ('',( #2949 ) ) ;
#3014 = CARTESIAN_POINT ( 'NONE',  ( 1.430000000020880790, -0.2800000000000000266, -2.500000000000000444 ) ) ;
#3015 = CARTESIAN_POINT ( 'NONE',  ( -2.994999999999997886, 0.000000000000000000, 1.696210189691350623 ) ) ;
#3016 = STYLED_ITEM ( 'NONE', ( #3946 ), #4671 ) ;
#3017 = CARTESIAN_POINT ( 'NONE',  ( 2.431353811107150875, 0.7900000000000000355, 1.686411192002943649 ) ) ;
#3018 = ORIENTED_EDGE ( 'NONE', *, *, #5629, .T. ) ;
#3019 = AXIS2_PLACEMENT_3D ( 'NONE', #2593, #4164, #43 ) ;
#3020 = LINE ( 'NONE', #1997, #2600 ) ;
#3021 = LINE ( 'NONE', #4574, #5700 ) ;
#3022 = ADVANCED_FACE ( 'NONE', ( #5451 ), #4967, .T. ) ;
#3023 = VECTOR ( 'NONE', #1499, 1000.000000000000000 ) ;
#3024 = DIRECTION ( 'NONE',  ( 3.913416313492608067E-16, 0.000000000000000000, -1.000000000000000000 ) ) ;
#3025 = VECTOR ( 'NONE', #2306, 1000.000000000000000 ) ;
#3026 = PLANE ( 'NONE',  #5159 ) ;
#3027 = DIRECTION ( 'NONE',  ( -1.000000000000000000, 0.000000000000000000, -2.047499167272383645E-15 ) ) ;
#3028 = VECTOR ( 'NONE', #6564, 1000.000000000000000 ) ;
#3029 = LINE ( 'NONE', #5533, #155 ) ;
#3030 = AXIS2_PLACEMENT_3D ( 'NONE', #1541, #515, #5168 ) ;
#3031 = LINE ( 'NONE', #6043, #3955 ) ;
#3032 = ORIENTED_EDGE ( 'NONE', *, *, #1695, .T. ) ;
#3033 = DIRECTION ( 'NONE',  ( -1.000000000000000000, 0.000000000000000000, 0.000000000000000000 ) ) ;
#3034 = ORIENTED_EDGE ( 'NONE', *, *, #1746, .T. ) ;
#3035 = CARTESIAN_POINT ( 'NONE',  ( 2.964094982814913237, -0.3300000000000000155, 291550.0000000000000 ) ) ;
#3036 = ORIENTED_EDGE ( 'NONE', *, *, #557, .F. ) ;
#3037 = COLOUR_RGB ( '',0.2941176470588235392, 0.2941176470588235392, 0.2941176470588235392 ) ;
#3038 = CIRCLE ( 'NONE', #2299, 0.04999999999999969746 ) ;
#3039 =( NAMED_UNIT ( * ) SI_UNIT ( $, .STERADIAN. ) SOLID_ANGLE_UNIT ( ) );
#3040 = VECTOR ( 'NONE', #4355, 1000.000000000000000 ) ;
#3041 = COLOUR_RGB ( '',0.7686274509803920907, 0.7686274509803920907, 0.7686274509803920907 ) ;
#3042 =( NAMED_UNIT ( * ) SI_UNIT ( $, .STERADIAN. ) SOLID_ANGLE_UNIT ( ) );
#3043 = DIRECTION ( 'NONE',  ( -1.000000000000000000, 0.000000000000000000, 0.000000000000000000 ) ) ;
#3044 = LINE ( 'NONE', #4500, #2384 ) ;
#3045 = ORIENTED_EDGE ( 'NONE', *, *, #6180, .T. ) ;
#3046 = CARTESIAN_POINT ( 'NONE',  ( 0.5249700567701492959, -0.2800000000000000266, -2.397846985445539758 ) ) ;
#3047 = SURFACE_STYLE_USAGE ( .BOTH. , #952 ) ;
#3048 = FILL_AREA_STYLE ('',( #2025 ) ) ;
#3049 = DIRECTION ( 'NONE',  ( 0.000000000000000000, 0.000000000000000000, 1.000000000000000000 ) ) ;
#3050 = ORIENTED_EDGE ( 'NONE', *, *, #2971, .T. ) ;
#3051 = CARTESIAN_POINT ( 'NONE',  ( -2.994999999999997442, 0.000000000000000000, 2.500000000000000444 ) ) ;
#3052 = CARTESIAN_POINT ( 'NONE',  ( 2.994999999999999218, 0.000000000000000000, 2.499999999999998668 ) ) ;
#3053 = CARTESIAN_POINT ( 'NONE',  ( 3.120000000023992470, -0.3300000000000000155, 0.4299999999943793227 ) ) ;
#3054 = ORIENTED_EDGE ( 'NONE', *, *, #2097, .T. ) ;
#3055 = EDGE_CURVE ( 'NONE', #4507, #5869, #381, .T. ) ;
#3056 = DIRECTION ( 'NONE',  ( 1.000000000000000000, -0.000000000000000000, 0.000000000000000000 ) ) ;
#3057 =( NAMED_UNIT ( * ) PLANE_ANGLE_UNIT ( ) SI_UNIT ( $, .RADIAN. ) );
#3058 = EDGE_CURVE ( 'NONE', #5016, #2148, #1854, .T. ) ;
#3059 = ORIENTED_EDGE ( 'NONE', *, *, #532, .T. ) ;
#3060 = VERTEX_POINT ( 'NONE', #6603 ) ;
#3061 = EDGE_CURVE ( 'NONE', #27, #446, #2038, .T. ) ;
#3062 =( NAMED_UNIT ( * ) PLANE_ANGLE_UNIT ( ) SI_UNIT ( $, .RADIAN. ) );
#3063 = VERTEX_POINT ( 'NONE', #5118 ) ;
#3064 =( NAMED_UNIT ( * ) SI_UNIT ( $, .STERADIAN. ) SOLID_ANGLE_UNIT ( ) );
#3065 = SURFACE_STYLE_USAGE ( .BOTH. , #1455 ) ;
#3066 = UNCERTAINTY_MEASURE_WITH_UNIT (LENGTH_MEASURE( 1.000000000000000082E-05 ), #917, 'distance_accuracy_value', 'NONE');
#3067 = ADVANCED_FACE ( 'NONE', ( #6144 ), #5283, .F. ) ;
#3068 = MECHANICAL_DESIGN_GEOMETRIC_PRESENTATION_REPRESENTATION (  '', ( #191 ), #2758 ) ;
#3069 = SURFACE_STYLE_FILL_AREA ( #1035 ) ;
#3070 = VECTOR ( 'NONE', #5010, 1000.000000000000000 ) ;
#3071 = DIRECTION ( 'NONE',  ( -0.000000000000000000, 1.000000000000000000, 0.000000000000000000 ) ) ;
#3072 = CARTESIAN_POINT ( 'NONE',  ( -2.994999999999998330, -0.2800000000000000266, -1.624999999989995558 ) ) ;
#3073 = UNCERTAINTY_MEASURE_WITH_UNIT (LENGTH_MEASURE( 1.000000000000000082E-05 ), #5880, 'distance_accuracy_value', 'NONE');
#3074 = ORIENTED_EDGE ( 'NONE', *, *, #726, .F. ) ;
#3075 = PLANE ( 'NONE',  #4335 ) ;
#3076 =( GEOMETRIC_REPRESENTATION_CONTEXT ( 3 ) GLOBAL_UNCERTAINTY_ASSIGNED_CONTEXT ( ( #1562 ) ) GLOBAL_UNIT_ASSIGNED_CONTEXT ( ( #3630, #2579, #5655 ) ) REPRESENTATION_CONTEXT ( 'NONE', 'WORKASPACE' ) );
#3077 = UNCERTAINTY_MEASURE_WITH_UNIT (LENGTH_MEASURE( 1.000000000000000082E-05 ), #2146, 'distance_accuracy_value', 'NONE');
#3078 = CARTESIAN_POINT ( 'NONE',  ( -400000.0000000000000, -0.3300000000000000155, -0.8649999999761348590 ) ) ;
#3079 = ORIENTED_EDGE ( 'NONE', *, *, #4667, .T. ) ;
#3080 = LINE ( 'NONE', #4637, #4690 ) ;
#3081 = ORIENTED_EDGE ( 'NONE', *, *, #5433, .F. ) ;
#3082 = LINE ( 'NONE', #1015, #1136 ) ;
#3083 = ORIENTED_EDGE ( 'NONE', *, *, #4582, .T. ) ;
#3084 =( LENGTH_UNIT ( ) NAMED_UNIT ( * ) SI_UNIT ( .MILLI., .METRE. ) );
#3085 = CARTESIAN_POINT ( 'NONE',  ( 2.994999999999999218, -0.2800000000000000266, 2.499999999999998668 ) ) ;
#3086 =( NAMED_UNIT ( * ) PLANE_ANGLE_UNIT ( ) SI_UNIT ( $, .RADIAN. ) );
#3087 = COLOUR_RGB ( '',0.2941176470588235392, 0.2941176470588235392, 0.2941176470588235392 ) ;
#3088 =( NAMED_UNIT ( * ) SI_UNIT ( $, .STERADIAN. ) SOLID_ANGLE_UNIT ( ) );
#3089 = CARTESIAN_POINT ( 'NONE',  ( 2.409999999981830232, -0.3300000000000000155, 0.8649999999761348590 ) ) ;
#3090 = UNCERTAINTY_MEASURE_WITH_UNIT (LENGTH_MEASURE( 1.000000000000000082E-05 ), #5661, 'distance_accuracy_value', 'NONE');
#3091 = ORIENTED_EDGE ( 'NONE', *, *, #3549, .T. ) ;
#3092 = ORIENTED_EDGE ( 'NONE', *, *, #5970, .T. ) ;
#3093 = DIRECTION ( 'NONE',  ( -1.000000000000000000, 0.000000000000000000, 0.000000000000000000 ) ) ;
#3094 = DIRECTION ( 'NONE',  ( -0.000000000000000000, 1.000000000000000000, 0.000000000000000000 ) ) ;
#3095 = ORIENTED_EDGE ( 'NONE', *, *, #3691, .T. ) ;
#3096 = PRESENTATION_LAYER_ASSIGNMENT (  '', '', ( #2995 ) ) ;
#3097 = UNCERTAINTY_MEASURE_WITH_UNIT (LENGTH_MEASURE( 1.000000000000000082E-05 ), #1906, 'distance_accuracy_value', 'NONE');
#3098 = CIRCLE ( 'NONE', #5664, 0.05000000000000012768 ) ;
#3099 = CARTESIAN_POINT ( 'NONE',  ( 3.014094982814588874, 0.000000000000000000, 1.649999999999999467 ) ) ;
#3100 = DIRECTION ( 'NONE',  ( 0.000000000000000000, 0.000000000000000000, -1.000000000000000000 ) ) ;
#3101 = COLOUR_RGB ( '',0.2941176470588235392, 0.2941176470588235392, 0.2941176470588235392 ) ;
#3102 = DIRECTION ( 'NONE',  ( 0.000000000000000000, 1.000000000000000000, 0.000000000000000000 ) ) ;
#3103 = VECTOR ( 'NONE', #3171, 1000.000000000000000 ) ;
#3104 = DIRECTION ( 'NONE',  ( 0.000000000000000000, 0.000000000000000000, 1.000000000000000000 ) ) ;
#3105 = DIRECTION ( 'NONE',  ( 0.000000000000000000, 1.000000000000000000, 0.000000000000000000 ) ) ;
#3106 = DIRECTION ( 'NONE',  ( 0.000000000000000000, 1.000000000000000000, 0.000000000000000000 ) ) ;
#3107 = EDGE_CURVE ( 'NONE', #916, #6373, #4651, .T. ) ;
#3108 = ORIENTED_EDGE ( 'NONE', *, *, #1068, .F. ) ;
#3109 = SURFACE_SIDE_STYLE ('',( #694 ) ) ;
#3110 = COLOUR_RGB ( '',0.7686274509803920907, 0.7686274509803920907, 0.7686274509803920907 ) ;
#3111 = DIRECTION ( 'NONE',  ( -1.000000000000000000, 0.000000000000000000, 9.245716352173637744E-16 ) ) ;
#3112 =( GEOMETRIC_REPRESENTATION_CONTEXT ( 3 ) GLOBAL_UNCERTAINTY_ASSIGNED_CONTEXT ( ( #2930 ) ) GLOBAL_UNIT_ASSIGNED_CONTEXT ( ( #4292, #5333, #4843 ) ) REPRESENTATION_CONTEXT ( 'NONE', 'WORKASPACE' ) );
#3113 = EDGE_CURVE ( 'NONE', #594, #2464, #1614, .T. ) ;
#3114 = CARTESIAN_POINT ( 'NONE',  ( 2.410000000509171514, -0.3300000000000000155, 291549.9999999993015 ) ) ;
#3115 = AXIS2_PLACEMENT_3D ( 'NONE', #554, #5134, #1149 ) ;
#3116 = ORIENTED_EDGE ( 'NONE', *, *, #1848, .F. ) ;
#3117 = CARTESIAN_POINT ( 'NONE',  ( -2.994999999999995666, -0.2800000000000000266, 1.625000000017985391 ) ) ;
#3118 = ORIENTED_EDGE ( 'NONE', *, *, #2488, .F. ) ;
#3119 = MECHANICAL_DESIGN_GEOMETRIC_PRESENTATION_REPRESENTATION (  '', ( #3450 ), #5677 ) ;
#3120 =( GEOMETRIC_REPRESENTATION_CONTEXT ( 3 ) GLOBAL_UNCERTAINTY_ASSIGNED_CONTEXT ( ( #6101 ) ) GLOBAL_UNIT_ASSIGNED_CONTEXT ( ( #2935, #6446, #1385 ) ) REPRESENTATION_CONTEXT ( 'NONE', 'WORKASPACE' ) );
#3121 =( NAMED_UNIT ( * ) PLANE_ANGLE_UNIT ( ) SI_UNIT ( $, .RADIAN. ) );
#3122 = ORIENTED_EDGE ( 'NONE', *, *, #5301, .F. ) ;
#3123 =( NAMED_UNIT ( * ) SI_UNIT ( $, .STERADIAN. ) SOLID_ANGLE_UNIT ( ) );
#3124 = DIRECTION ( 'NONE',  ( 0.000000000000000000, 0.000000000000000000, 1.000000000000000000 ) ) ;
#3125 = DIRECTION ( 'NONE',  ( 1.000000000000000000, 0.000000000000000000, -2.179310204677306062E-16 ) ) ;
#3126 = EDGE_CURVE ( 'NONE', #3499, #4219, #2693, .T. ) ;
#3127 = STYLED_ITEM ( 'NONE', ( #1477 ), #4528 ) ;
#3128 = SURFACE_SIDE_STYLE ('',( #5603 ) ) ;
#3129 = VERTEX_POINT ( 'NONE', #2102 ) ;
#3130 = FILL_AREA_STYLE_COLOUR ( '', #641 ) ;
#3131 = AXIS2_PLACEMENT_3D ( 'NONE', #4976, #415, #912 ) ;
#3132 = ADVANCED_FACE ( 'NONE', ( #571 ), #5712, .F. ) ;
#3133 = VERTEX_POINT ( 'NONE', #2169 ) ;
#3134 = VECTOR ( 'NONE', #3989, 1000.000000000000000 ) ;
#3135 = EDGE_CURVE ( 'NONE', #2116, #3752, #3170, .T. ) ;
#3136 = CIRCLE ( 'NONE', #6444, 0.05000000000000012768 ) ;
#3137 = CARTESIAN_POINT ( 'NONE',  ( 0.8849700567452600808, 0.000000000000000000, 291550.0000000000000 ) ) ;
#3138 = ORIENTED_EDGE ( 'NONE', *, *, #5277, .T. ) ;
#3139 = LINE ( 'NONE', #5117, #2747 ) ;
#3140 = CARTESIAN_POINT ( 'NONE',  ( 0.5249700567701492959, -0.3300000000000000155, -2.397846985445539758 ) ) ;
#3141 = DIRECTION ( 'NONE',  ( 0.000000000000000000, 0.000000000000000000, 1.000000000000000000 ) ) ;
#3142 = ORIENTED_EDGE ( 'NONE', *, *, #3269, .F. ) ;
#3143 = COLOUR_RGB ( '',0.7686274509803920907, 0.7686274509803920907, 0.7686274509803920907 ) ;
#3144 = AXIS2_PLACEMENT_3D ( 'NONE', #282, #4360, #4227 ) ;
#3145 =( NAMED_UNIT ( * ) PLANE_ANGLE_UNIT ( ) SI_UNIT ( $, .RADIAN. ) );
#3146 = VECTOR ( 'NONE', #661, 1000.000000000000000 ) ;
#3147 = FACE_OUTER_BOUND ( 'NONE', #5007, .T. ) ;
#3148 = CARTESIAN_POINT ( 'NONE',  ( -2.995000000000000107, 0.000000000000000000, -2.499999999999999556 ) ) ;
#3149 = LINE ( 'NONE', #5720, #160 ) ;
#3150 = SURFACE_STYLE_USAGE ( .BOTH. , #4662 ) ;
#3151 = ORIENTED_EDGE ( 'NONE', *, *, #3493, .F. ) ;
#3152 = ADVANCED_FACE ( 'NONE', ( #5215 ), #5244, .F. ) ;
#3153 = VECTOR ( 'NONE', #760, 1000.000000000000000 ) ;
#3154 = MECHANICAL_DESIGN_GEOMETRIC_PRESENTATION_REPRESENTATION (  '', ( #602 ), #6560 ) ;
#3155 = UNCERTAINTY_MEASURE_WITH_UNIT (LENGTH_MEASURE( 1.000000000000000082E-05 ), #2015, 'distance_accuracy_value', 'NONE');
#3156 = FILL_AREA_STYLE_COLOUR ( '', #3793 ) ;
#3157 = ORIENTED_EDGE ( 'NONE', *, *, #4830, .F. ) ;
#3158 = PLANE ( 'NONE',  #2705 ) ;
#3159 = ORIENTED_EDGE ( 'NONE', *, *, #6405, .T. ) ;
#3160 = CARTESIAN_POINT ( 'NONE',  ( 0.8849700567452600808, -0.2800000000000000266, -2.499999999999999556 ) ) ;
#3161 = EDGE_LOOP ( 'NONE', ( #4334, #605 ) ) ;
#3162 = FILL_AREA_STYLE_COLOUR ( '', #6100 ) ;
#3163 = FILL_AREA_STYLE ('',( #3772 ) ) ;
#3164 = DIRECTION ( 'NONE',  ( 5.204170427930421283E-16, -0.000000000000000000, 1.000000000000000000 ) ) ;
#3165 = ORIENTED_EDGE ( 'NONE', *, *, #1695, .F. ) ;
#3166 = ORIENTED_EDGE ( 'NONE', *, *, #2780, .F. ) ;
#3167 = FILL_AREA_STYLE_COLOUR ( '', #6354 ) ;
#3168 = ORIENTED_EDGE ( 'NONE', *, *, #5979, .F. ) ;
#3169 = PRESENTATION_STYLE_ASSIGNMENT (( #3239 ) ) ;
#3170 = LINE ( 'NONE', #3204, #565 ) ;
#3171 = DIRECTION ( 'NONE',  ( -1.000000000000000000, 0.000000000000000000, -2.047499167272383645E-15 ) ) ;
#3172 = COLOUR_RGB ( '',0.7686274509803920907, 0.7686274509803920907, 0.7686274509803920907 ) ;
#3173 = ORIENTED_EDGE ( 'NONE', *, *, #703, .T. ) ;
#3174 = CARTESIAN_POINT ( 'NONE',  ( -2.964094982814913237, -0.3300000000000000155, -1.624999999989995558 ) ) ;
#3175 = DIRECTION ( 'NONE',  ( 1.000000000000000000, 0.000000000000000000, 0.000000000000000000 ) ) ;
#3176 = SURFACE_SIDE_STYLE ('',( #4141 ) ) ;
#3177 = SURFACE_SIDE_STYLE ('',( #198 ) ) ;
#3178 = DIRECTION ( 'NONE',  ( 0.000000000000000000, 1.000000000000000000, 0.000000000000000000 ) ) ;
#3179 = EDGE_LOOP ( 'NONE', ( #5478, #5634, #3335, #3813 ) ) ;
#3180 = FILL_AREA_STYLE_COLOUR ( '', #1358 ) ;
#3181 = PLANE ( 'NONE',  #5585 ) ;
#3182 = EDGE_CURVE ( 'NONE', #3613, #1550, #5153, .T. ) ;
#3183 = SURFACE_STYLE_USAGE ( .BOTH. , #1172 ) ;
#3184 = LINE ( 'NONE', #139, #6002 ) ;
#3185 = ADVANCED_FACE ( 'NONE', ( #3888 ), #3306, .F. ) ;
#3186 = VERTEX_POINT ( 'NONE', #3342 ) ;
#3187 = EDGE_LOOP ( 'NONE', ( #2860, #5838, #1152, #1379, #4776, #925 ) ) ;
#3188 = EDGE_CURVE ( 'NONE', #298, #306, #3274, .T. ) ;
#3189 = PRESENTATION_STYLE_ASSIGNMENT (( #1177 ) ) ;
#3190 = PRESENTATION_LAYER_ASSIGNMENT (  '', '', ( #6068 ) ) ;
#3191 = ORIENTED_EDGE ( 'NONE', *, *, #5892, .F. ) ;
#3192 =( NAMED_UNIT ( * ) SI_UNIT ( $, .STERADIAN. ) SOLID_ANGLE_UNIT ( ) );
#3193 = EDGE_CURVE ( 'NONE', #1800, #5625, #1329, .T. ) ;
#3194 = SURFACE_STYLE_USAGE ( .BOTH. , #3128 ) ;
#3195 = ORIENTED_EDGE ( 'NONE', *, *, #873, .T. ) ;
#3196 = DIRECTION ( 'NONE',  ( 0.000000000000000000, 0.000000000000000000, -1.000000000000000000 ) ) ;
#3197 = MECHANICAL_DESIGN_GEOMETRIC_PRESENTATION_REPRESENTATION (  '', ( #2339 ), #157 ) ;
#3198 = EDGE_CURVE ( 'NONE', #2766, #4124, #4890, .T. ) ;
#3199 = ORIENTED_EDGE ( 'NONE', *, *, #4589, .T. ) ;
#3200 = ADVANCED_FACE ( 'NONE', ( #2360 ), #300, .F. ) ;
#3201 = CARTESIAN_POINT ( 'NONE',  ( 2.431353811107150875, 0.7699999999999999067, 1.686411192002943649 ) ) ;
#3202 = ORIENTED_EDGE ( 'NONE', *, *, #3333, .F. ) ;
#3203 = CARTESIAN_POINT ( 'NONE',  ( -2.964094982814913237, -0.3300000000000000155, 0.8649999999761348590 ) ) ;
#3204 = CARTESIAN_POINT ( 'NONE',  ( 2.994999999999999662, -0.3300000000000000155, 0.7937898103086497015 ) ) ;
#3205 = DIRECTION ( 'NONE',  ( 0.000000000000000000, 0.000000000000000000, 1.000000000000000000 ) ) ;
#3206 = ORIENTED_EDGE ( 'NONE', *, *, #409, .T. ) ;
#3207 = PRESENTATION_STYLE_ASSIGNMENT (( #790 ) ) ;
#3208 = DIRECTION ( 'NONE',  ( -0.000000000000000000, 1.000000000000000000, 0.000000000000000000 ) ) ;
#3209 = SURFACE_STYLE_USAGE ( .BOTH. , #4826 ) ;
#3210 = SURFACE_STYLE_FILL_AREA ( #2178 ) ;
#3211 = DIRECTION ( 'NONE',  ( 0.000000000000000000, 1.000000000000000000, 0.000000000000000000 ) ) ;
#3212 = PLANE ( 'NONE',  #1360 ) ;
#3213 = LINE ( 'NONE', #1620, #137 ) ;
#3214 = EDGE_CURVE ( 'NONE', #116, #1595, #6476, .T. ) ;
#3215 = ORIENTED_EDGE ( 'NONE', *, *, #2222, .F. ) ;
#3216 = AXIS2_PLACEMENT_3D ( 'NONE', #1890, #5024, #1001 ) ;
#3217 = AXIS2_PLACEMENT_3D ( 'NONE', #3702, #4147, #5192 ) ;
#3218 =( NAMED_UNIT ( * ) PLANE_ANGLE_UNIT ( ) SI_UNIT ( $, .RADIAN. ) );
#3219 = DIRECTION ( 'NONE',  ( 2.409338161078896419E-15, 0.000000000000000000, -1.000000000000000000 ) ) ;
#3220 = ORIENTED_EDGE ( 'NONE', *, *, #1210, .T. ) ;
#3221 = ORIENTED_EDGE ( 'NONE', *, *, #3675, .F. ) ;
#3222 = MECHANICAL_DESIGN_GEOMETRIC_PRESENTATION_REPRESENTATION (  '', ( #3548 ), #1739 ) ;
#3223 =( LENGTH_UNIT ( ) NAMED_UNIT ( * ) SI_UNIT ( .MILLI., .METRE. ) );
#3224 =( NAMED_UNIT ( * ) PLANE_ANGLE_UNIT ( ) SI_UNIT ( $, .RADIAN. ) );
#3225 = ORIENTED_EDGE ( 'NONE', *, *, #2047, .T. ) ;
#3226 = PRESENTATION_STYLE_ASSIGNMENT (( #599 ) ) ;
#3227 = FILL_AREA_STYLE_COLOUR ( '', #5270 ) ;
#3228 = COLOUR_RGB ( '',0.7686274509803920907, 0.7686274509803920907, 0.7686274509803920907 ) ;
#3229 =( GEOMETRIC_REPRESENTATION_CONTEXT ( 3 ) GLOBAL_UNCERTAINTY_ASSIGNED_CONTEXT ( ( #6087 ) ) GLOBAL_UNIT_ASSIGNED_CONTEXT ( ( #6298, #4872, #1392 ) ) REPRESENTATION_CONTEXT ( 'NONE', 'WORKASPACE' ) );
#3230 = AXIS2_PLACEMENT_3D ( 'NONE', #3959, #1879, #830 ) ;
#3231 =( NAMED_UNIT ( * ) PLANE_ANGLE_UNIT ( ) SI_UNIT ( $, .RADIAN. ) );
#3232 = ORIENTED_EDGE ( 'NONE', *, *, #3055, .F. ) ;
#3233 = SURFACE_SIDE_STYLE ('',( #2794 ) ) ;
#3234 = VECTOR ( 'NONE', #2795, 1000.000000000000000 ) ;
#3235 = ORIENTED_EDGE ( 'NONE', *, *, #2229, .T. ) ;
#3236 = EDGE_CURVE ( 'NONE', #5691, #5760, #1971, .T. ) ;
#3237 = AXIS2_PLACEMENT_3D ( 'NONE', #1944, #3997, #5514 ) ;
#3238 = VERTEX_POINT ( 'NONE', #372 ) ;
#3239 = SURFACE_STYLE_USAGE ( .BOTH. , #1157 ) ;
#3240 = SURFACE_STYLE_FILL_AREA ( #4240 ) ;
#3241 = LINE ( 'NONE', #1092, #6099 ) ;
#3242 = MECHANICAL_DESIGN_GEOMETRIC_PRESENTATION_REPRESENTATION (  '', ( #4425 ), #2374 ) ;
#3243 = CARTESIAN_POINT ( 'NONE',  ( 3.120000000023992470, -0.3300000000000000155, 291550.0000000000000 ) ) ;
#3244 = DIRECTION ( 'NONE',  ( 1.000000000000000000, 0.000000000000000000, 0.000000000000000000 ) ) ;
#3245 = PRESENTATION_STYLE_ASSIGNMENT (( #794 ) ) ;
#3246 = STYLED_ITEM ( 'NONE', ( #2859 ), #2637 ) ;
#3247 = CARTESIAN_POINT ( 'NONE',  ( 0.8849700567452600808, -0.3300000000000000155, -2.397846985502383177 ) ) ;
#3248 =( GEOMETRIC_REPRESENTATION_CONTEXT ( 3 ) GLOBAL_UNCERTAINTY_ASSIGNED_CONTEXT ( ( #50 ) ) GLOBAL_UNIT_ASSIGNED_CONTEXT ( ( #1727, #3807, #5397 ) ) REPRESENTATION_CONTEXT ( 'NONE', 'WORKASPACE' ) );
#3249 =( NAMED_UNIT ( * ) SI_UNIT ( $, .STERADIAN. ) SOLID_ANGLE_UNIT ( ) );
#3250 = CARTESIAN_POINT ( 'NONE',  ( 0.8849700567452600808, -0.3300000000000000155, 2.397846985445539758 ) ) ;
#3251 = SURFACE_SIDE_STYLE ('',( #3801 ) ) ;
#3252 = CARTESIAN_POINT ( 'NONE',  ( 2.995000000000000107, 0.7900000000000000355, -2.332080316280681576 ) ) ;
#3253 = CARTESIAN_POINT ( 'NONE',  ( 2.409999999997580744, -0.3300000000000000155, -0.8649999999761348590 ) ) ;
#3254 = CARTESIAN_POINT ( 'NONE',  ( 2.431353811107150875, 0.7699999999999999067, 1.907959339227716100 ) ) ;
#3255 = DIRECTION ( 'NONE',  ( 1.000000000000000000, -0.000000000000000000, 3.401418580346680918E-15 ) ) ;
#3256 = DIRECTION ( 'NONE',  ( 1.000000000000000000, 0.000000000000000000, 0.000000000000000000 ) ) ;
#3257 = ORIENTED_EDGE ( 'NONE', *, *, #2557, .T. ) ;
#3258 = COLOUR_RGB ( '',0.2941176470588235392, 0.2941176470588235392, 0.2941176470588235392 ) ;
#3259 = VECTOR ( 'NONE', #4710, 1000.000000000000000 ) ;
#3260 =( NAMED_UNIT ( * ) PLANE_ANGLE_UNIT ( ) SI_UNIT ( $, .RADIAN. ) );
#3261 = DIRECTION ( 'NONE',  ( -1.000000000000000000, 0.000000000000000000, 0.000000000000000000 ) ) ;
#3262 = VECTOR ( 'NONE', #4906, 1000.000000000000000 ) ;
#3263 = EDGE_LOOP ( 'NONE', ( #4087, #4401, #3517, #1882 ) ) ;
#3264 =( NAMED_UNIT ( * ) SI_UNIT ( $, .STERADIAN. ) SOLID_ANGLE_UNIT ( ) );
#3265 = LINE ( 'NONE', #5307, #1090 ) ;
#3266 = EDGE_LOOP ( 'NONE', ( #5737, #66, #3880, #5510 ) ) ;
#3267 = MECHANICAL_DESIGN_GEOMETRIC_PRESENTATION_REPRESENTATION (  '', ( #2508 ), #4222 ) ;
#3268 = ORIENTED_EDGE ( 'NONE', *, *, #2449, .F. ) ;
#3269 = EDGE_CURVE ( 'NONE', #4682, #1685, #5569, .T. ) ;
#3270 = ORIENTED_EDGE ( 'NONE', *, *, #3488, .F. ) ;
#3271 = PRESENTATION_STYLE_ASSIGNMENT (( #3785 ) ) ;
#3272 = ORIENTED_EDGE ( 'NONE', *, *, #3058, .F. ) ;
#3273 = LINE ( 'NONE', #676, #3808 ) ;
#3274 = LINE ( 'NONE', #5318, #5372 ) ;
#3275 = EDGE_CURVE ( 'NONE', #4879, #3648, #4259, .T. ) ;
#3276 =( NAMED_UNIT ( * ) SI_UNIT ( $, .STERADIAN. ) SOLID_ANGLE_UNIT ( ) );
#3277 = CARTESIAN_POINT ( 'NONE',  ( 2.964094982814589052, -0.3300000000000000155, 0.8399999999824103725 ) ) ;
#3278 = EDGE_CURVE ( 'NONE', #2261, #6010, #5974, .T. ) ;
#3279 = VECTOR ( 'NONE', #3429, 1000.000000000000000 ) ;
#3280 = DIRECTION ( 'NONE',  ( 1.000000000000000000, 0.000000000000000000, -0.000000000000000000 ) ) ;
#3281 = FILL_AREA_STYLE ('',( #3934 ) ) ;
#3282 = CARTESIAN_POINT ( 'NONE',  ( 2.994999999999999218, 0.000000000000000000, 2.499999999999998668 ) ) ;
#3283 = DIRECTION ( 'NONE',  ( 0.000000000000000000, -0.000000000000000000, 1.000000000000000000 ) ) ;
#3284 = FILL_AREA_STYLE ('',( #731 ) ) ;
#3285 = EDGE_CURVE ( 'NONE', #3629, #2040, #5506, .T. ) ;
#3286 = MECHANICAL_DESIGN_GEOMETRIC_PRESENTATION_REPRESENTATION (  '', ( #1069 ), #4133 ) ;
#3287 = CARTESIAN_POINT ( 'NONE',  ( 0.5249700567701494069, -0.2800000000000000266, -2.499999999999999556 ) ) ;
#3288 = UNCERTAINTY_MEASURE_WITH_UNIT (LENGTH_MEASURE( 1.000000000000000082E-05 ), #4774, 'distance_accuracy_value', 'NONE');
#3289 =( NAMED_UNIT ( * ) SI_UNIT ( $, .STERADIAN. ) SOLID_ANGLE_UNIT ( ) );
#3290 = CARTESIAN_POINT ( 'NONE',  ( -2.409999999997580744, -0.2800000000000000266, -1.624999999989995558 ) ) ;
#3291 = PRESENTATION_STYLE_ASSIGNMENT (( #6395 ) ) ;
#3292 = SURFACE_SIDE_STYLE ('',( #177 ) ) ;
#3293 = CARTESIAN_POINT ( 'NONE',  ( -3.120000000023992470, 0.000000000000000000, 0.4300000000175647208 ) ) ;
#3294 = ORIENTED_EDGE ( 'NONE', *, *, #854, .T. ) ;
#3295 =( NAMED_UNIT ( * ) PLANE_ANGLE_UNIT ( ) SI_UNIT ( $, .RADIAN. ) );
#3296 = ORIENTED_EDGE ( 'NONE', *, *, #4299, .T. ) ;
#3297 = DIRECTION ( 'NONE',  ( -1.000000000000000000, 0.000000000000000000, -3.913416313492608067E-16 ) ) ;
#3298 = AXIS2_PLACEMENT_3D ( 'NONE', #6536, #2457, #5470 ) ;
#3299 = SURFACE_STYLE_USAGE ( .BOTH. , #853 ) ;
#3300 = ORIENTED_EDGE ( 'NONE', *, *, #5371, .F. ) ;
#3301 =( NAMED_UNIT ( * ) PLANE_ANGLE_UNIT ( ) SI_UNIT ( $, .RADIAN. ) );
#3302 = STYLED_ITEM ( 'NONE', ( #6128 ), #3612 ) ;
#3303 = DIRECTION ( 'NONE',  ( 1.000000000000000000, -0.000000000000000000, 3.081905450724545422E-16 ) ) ;
#3304 = ORIENTED_EDGE ( 'NONE', *, *, #1612, .T. ) ;
#3305 = LINE ( 'NONE', #610, #2933 ) ;
#3306 = PLANE ( 'NONE',  #1642 ) ;
#3307 =( GEOMETRIC_REPRESENTATION_CONTEXT ( 3 ) GLOBAL_UNCERTAINTY_ASSIGNED_CONTEXT ( ( #3857 ) ) GLOBAL_UNIT_ASSIGNED_CONTEXT ( ( #2923, #2547, #4576 ) ) REPRESENTATION_CONTEXT ( 'NONE', 'WORKASPACE' ) );
#3308 = UNCERTAINTY_MEASURE_WITH_UNIT (LENGTH_MEASURE( 1.000000000000000082E-05 ), #402, 'distance_accuracy_value', 'NONE');
#3309 = CARTESIAN_POINT ( 'NONE',  ( -400000.0000000002328, -0.3300000000000000155, 0.8650000003171953722 ) ) ;
#3310 = DIRECTION ( 'NONE',  ( 2.896032514151599311E-16, -0.000000000000000000, 1.000000000000000000 ) ) ;
#3311 = STYLED_ITEM ( 'NONE', ( #1958 ), #296 ) ;
#3312 = CARTESIAN_POINT ( 'NONE',  ( -400000.0000000000000, -0.3300000000000000155, 2.625000000023192115 ) ) ;
#3313 = FILL_AREA_STYLE ('',( #2274 ) ) ;
#3314 = CARTESIAN_POINT ( 'NONE',  ( 3.014094982802362210, -0.3300000000000000155, 0.7899999999999997025 ) ) ;
#3315 = DIRECTION ( 'NONE',  ( 9.245716352173637744E-16, 0.000000000000000000, 1.000000000000000000 ) ) ;
#3316 = DIRECTION ( 'NONE',  ( 0.000000000000000000, 0.000000000000000000, 1.000000000000000000 ) ) ;
#3317 = CARTESIAN_POINT ( 'NONE',  ( -399999.9999999993597, -0.3300000000000000155, 0.4299999991985714587 ) ) ;
#3318 = DIRECTION ( 'NONE',  ( 2.409338161078896419E-15, 0.000000000000000000, -1.000000000000000000 ) ) ;
#3319 = CARTESIAN_POINT ( 'NONE',  ( -3.120000000023992470, 0.000000000000000000, 1.700000000051197890 ) ) ;
#3320 = DIRECTION ( 'NONE',  ( 1.734723475976807587E-16, 0.000000000000000000, -1.000000000000000000 ) ) ;
#3321 = CARTESIAN_POINT ( 'NONE',  ( -2.964094982814913237, -0.2800000000000000266, -2.499999999999999556 ) ) ;
#3322 = ORIENTED_EDGE ( 'NONE', *, *, #2531, .T. ) ;
#3323 = DIRECTION ( 'NONE',  ( 0.000000000000000000, 0.000000000000000000, 1.000000000000000000 ) ) ;
#3324 = DIRECTION ( 'NONE',  ( -1.000000000000000000, 0.000000000000000000, -0.000000000000000000 ) ) ;
#3325 = ORIENTED_EDGE ( 'NONE', *, *, #2623, .F. ) ;
#3326 = SURFACE_STYLE_USAGE ( .BOTH. , #416 ) ;
#3327 = EDGE_CURVE ( 'NONE', #4131, #6084, #3031, .T. ) ;
#3328 = AXIS2_PLACEMENT_3D ( 'NONE', #4563, #5586, #5546 ) ;
#3329 = CIRCLE ( 'NONE', #4075, 0.04999999999999969746 ) ;
#3330 = EDGE_LOOP ( 'NONE', ( #6200, #5938, #1629, #1022, #1995, #592 ) ) ;
#3331 = PRESENTATION_STYLE_ASSIGNMENT (( #5808 ) ) ;
#3332 = CARTESIAN_POINT ( 'NONE',  ( -2.994999999999998330, -0.2800000000000000266, -2.135000000009767973 ) ) ;
#3333 = EDGE_CURVE ( 'NONE', #1109, #4566, #6572, .T. ) ;
#3334 = VECTOR ( 'NONE', #120, 1000.000000000000000 ) ;
#3335 = ORIENTED_EDGE ( 'NONE', *, *, #1807, .F. ) ;
#3336 = DIRECTION ( 'NONE',  ( 0.000000000000000000, 0.000000000000000000, 1.000000000000000000 ) ) ;
#3337 = COLOUR_RGB ( '',0.7686274509803920907, 0.7686274509803920907, 0.7686274509803920907 ) ;
#3338 = PRESENTATION_LAYER_ASSIGNMENT (  '', '', ( #5678 ) ) ;
#3339 =( NAMED_UNIT ( * ) SI_UNIT ( $, .STERADIAN. ) SOLID_ANGLE_UNIT ( ) );
#3340 = VERTEX_POINT ( 'NONE', #430 ) ;
#3341 = DIRECTION ( 'NONE',  ( 0.000000000000000000, 1.000000000000000000, 0.000000000000000000 ) ) ;
#3342 = CARTESIAN_POINT ( 'NONE',  ( 2.964094982814913237, -0.3300000000000000155, -2.135000000009767973 ) ) ;
#3343 = ADVANCED_FACE ( 'NONE', ( #1483 ), #1412, .F. ) ;
#3344 = VECTOR ( 'NONE', #3100, 1000.000000000000000 ) ;
#3345 = ADVANCED_FACE ( 'NONE', ( #2929 ), #4745, .F. ) ;
#3346 = CARTESIAN_POINT ( 'NONE',  ( 2.964094982814589052, -0.3300000000000000155, 0.8399999999824103725 ) ) ;
#3347 = SURFACE_STYLE_FILL_AREA ( #891 ) ;
#3348 = MECHANICAL_DESIGN_GEOMETRIC_PRESENTATION_REPRESENTATION (  '', ( #5583 ), #2809 ) ;
#3349 = FILL_AREA_STYLE_COLOUR ( '', #502 ) ;
#3350 = MECHANICAL_DESIGN_GEOMETRIC_PRESENTATION_REPRESENTATION (  '', ( #4961 ), #2280 ) ;
#3351 = PRESENTATION_LAYER_ASSIGNMENT (  '', '', ( #5480 ) ) ;
#3352 = CARTESIAN_POINT ( 'NONE',  ( 3.014094982802362210, -0.3300000000000000155, -1.699999999999999734 ) ) ;
#3353 = LINE ( 'NONE', #3936, #378 ) ;
#3354 = SURFACE_STYLE_FILL_AREA ( #3284 ) ;
#3355 = VECTOR ( 'NONE', #5592, 1000.000000000000000 ) ;
#3356 = VECTOR ( 'NONE', #5895, 1000.000000000000000 ) ;
#3357 = CARTESIAN_POINT ( 'NONE',  ( -3.120000000023992470, 0.000000000000000000, -2.059999999971751095 ) ) ;
#3358 = CARTESIAN_POINT ( 'NONE',  ( 2.964094982814589052, -0.3300000000000000155, 1.649999999983720045 ) ) ;
#3359 =( LENGTH_UNIT ( ) NAMED_UNIT ( * ) SI_UNIT ( .MILLI., .METRE. ) );
#3360 = CARTESIAN_POINT ( 'NONE',  ( -2.964094982814588164, -0.3300000000000000155, -0.3800000000069303496 ) ) ;
#3361 = EDGE_CURVE ( 'NONE', #3238, #5092, #76, .T. ) ;
#3362 = CARTESIAN_POINT ( 'NONE',  ( -2.994999999999997442, -0.2800000000000000266, 2.500000000000000444 ) ) ;
#3363 = DIRECTION ( 'NONE',  ( -0.000000000000000000, 1.000000000000000000, 0.000000000000000000 ) ) ;
#3364 = DIRECTION ( 'NONE',  ( -0.000000000000000000, 1.000000000000000000, 0.000000000000000000 ) ) ;
#3365 = ORIENTED_EDGE ( 'NONE', *, *, #2702, .F. ) ;
#3366 = CARTESIAN_POINT ( 'NONE',  ( -3.120000000023992470, -0.3300000000000000155, 0.4300000000175647208 ) ) ;
#3367 = FILL_AREA_STYLE ('',( #5830 ) ) ;
#3368 = VERTEX_POINT ( 'NONE', #2551 ) ;
#3369 = LINE ( 'NONE', #880, #2415 ) ;
#3370 = VECTOR ( 'NONE', #5870, 1000.000000000000000 ) ;
#3371 = FILL_AREA_STYLE_COLOUR ( '', #3682 ) ;
#3372 = VERTEX_POINT ( 'NONE', #521 ) ;
#3373 = VECTOR ( 'NONE', #3395, 1000.000000000000000 ) ;
#3374 = FILL_AREA_STYLE_COLOUR ( '', #1185 ) ;
#3375 = VECTOR ( 'NONE', #4822, 1000.000000000000000 ) ;
#3376 = CARTESIAN_POINT ( 'NONE',  ( 0.9599700567264335405, -0.3300000000000000155, 291550.0000000000000 ) ) ;
#3377 = ORIENTED_EDGE ( 'NONE', *, *, #4391, .T. ) ;
#3378 = DIRECTION ( 'NONE',  ( -0.000000000000000000, 1.000000000000000000, -0.000000000000000000 ) ) ;
#3379 = VECTOR ( 'NONE', #4926, 1000.000000000000000 ) ;
#3380 =( NAMED_UNIT ( * ) SI_UNIT ( $, .STERADIAN. ) SOLID_ANGLE_UNIT ( ) );
#3381 = EDGE_LOOP ( 'NONE', ( #1601, #778, #2499, #56 ) ) ;
#3382 = FILL_AREA_STYLE_COLOUR ( '', #6359 ) ;
#3383 =( NAMED_UNIT ( * ) SI_UNIT ( $, .STERADIAN. ) SOLID_ANGLE_UNIT ( ) );
#3384 = UNCERTAINTY_MEASURE_WITH_UNIT (LENGTH_MEASURE( 1.000000000000000082E-05 ), #2022, 'distance_accuracy_value', 'NONE');
#3385 =( LENGTH_UNIT ( ) NAMED_UNIT ( * ) SI_UNIT ( .MILLI., .METRE. ) );
#3386 = PRESENTATION_STYLE_ASSIGNMENT (( #4247 ) ) ;
#3387 = ORIENTED_EDGE ( 'NONE', *, *, #5550, .T. ) ;
#3388 = FILL_AREA_STYLE ('',( #5918 ) ) ;
#3389 = CARTESIAN_POINT ( 'NONE',  ( 2.964094982814588608, -0.3300000000000000155, 2.110000000016043487 ) ) ;
#3390 = CARTESIAN_POINT ( 'NONE',  ( -2.964094982814913237, -0.3300000000000000155, 291550.0000000000000 ) ) ;
#3391 =( GEOMETRIC_REPRESENTATION_CONTEXT ( 3 ) GLOBAL_UNCERTAINTY_ASSIGNED_CONTEXT ( ( #3856 ) ) GLOBAL_UNIT_ASSIGNED_CONTEXT ( ( #1195, #5253, #5322 ) ) REPRESENTATION_CONTEXT ( 'NONE', 'WORKASPACE' ) );
#3392 = CARTESIAN_POINT ( 'NONE',  ( -2.994999999999997442, -0.2800000000000000266, 2.500000000000000444 ) ) ;
#3393 = FILL_AREA_STYLE_COLOUR ( '', #5280 ) ;
#3394 = PLANE ( 'NONE',  #1932 ) ;
#3395 = DIRECTION ( 'NONE',  ( 0.000000000000000000, 1.000000000000000000, 0.000000000000000000 ) ) ;
#3396 = ORIENTED_EDGE ( 'NONE', *, *, #6495, .T. ) ;
#3397 = FILL_AREA_STYLE_COLOUR ( '', #5776 ) ;
#3398 = CARTESIAN_POINT ( 'NONE',  ( -3.014094982814587098, -0.3300000000000000155, 1.650000000000000355 ) ) ;
#3399 = CARTESIAN_POINT ( 'NONE',  ( 3.120000000023992470, -0.3300000000000000155, -0.4299999999711811571 ) ) ;
#3400 = CARTESIAN_POINT ( 'NONE',  ( 2.409999999997580744, -0.3300000000000000155, 1.624999999989995558 ) ) ;
#3401 = ADVANCED_FACE ( 'NONE', ( #1153 ), #5631, .T. ) ;
#3402 =( NAMED_UNIT ( * ) PLANE_ANGLE_UNIT ( ) SI_UNIT ( $, .RADIAN. ) );
#3403 = ORIENTED_EDGE ( 'NONE', *, *, #4718, .F. ) ;
#3404 = FILL_AREA_STYLE_COLOUR ( '', #6179 ) ;
#3405 = ORIENTED_EDGE ( 'NONE', *, *, #2331, .F. ) ;
#3406 = LINE ( 'NONE', #4452, #4423 ) ;
#3407 = EDGE_CURVE ( 'NONE', #3129, #412, #5208, .T. ) ;
#3408 = VERTEX_POINT ( 'NONE', #3089 ) ;
#3409 = LINE ( 'NONE', #887, #2722 ) ;
#3410 = EDGE_CURVE ( 'NONE', #5766, #4946, #3748, .T. ) ;
#3411 = AXIS2_PLACEMENT_3D ( 'NONE', #3511, #3443, #927 ) ;
#3412 = EDGE_CURVE ( 'NONE', #3368, #4677, #3678, .T. ) ;
#3413 = EDGE_CURVE ( 'NONE', #5728, #5242, #6493, .T. ) ;
#3414 = DIRECTION ( 'NONE',  ( 0.000000000000000000, 1.000000000000000000, 0.000000000000000000 ) ) ;
#3415 = DIRECTION ( 'NONE',  ( 0.000000000000000000, -0.000000000000000000, 1.000000000000000000 ) ) ;
#3416 = ORIENTED_EDGE ( 'NONE', *, *, #5929, .F. ) ;
#3417 = FILL_AREA_STYLE ('',( #1389 ) ) ;
#3418 = ADVANCED_FACE ( 'NONE', ( #637 ), #4885, .T. ) ;
#3419 = STYLED_ITEM ( 'NONE', ( #3945 ), #270 ) ;
#3420 =( LENGTH_UNIT ( ) NAMED_UNIT ( * ) SI_UNIT ( .MILLI., .METRE. ) );
#3421 = LINE ( 'NONE', #6423, #2798 ) ;
#3422 = ADVANCED_FACE ( 'NONE', ( #776 ), #747, .T. ) ;
#3423 = DIRECTION ( 'NONE',  ( 1.000000000000000000, 0.000000000000000000, -2.409338161078896419E-15 ) ) ;
#3424 = LINE ( 'NONE', #1914, #581 ) ;
#3425 = ORIENTED_EDGE ( 'NONE', *, *, #3236, .F. ) ;
#3426 = DIRECTION ( 'NONE',  ( 0.9781476007338055778, 0.2079116908177597867, 1.696815605963321470E-16 ) ) ;
#3427 = FILL_AREA_STYLE ('',( #5961 ) ) ;
#3428 = LINE ( 'NONE', #6587, #6341 ) ;
#3429 = DIRECTION ( 'NONE',  ( -1.000000000000000000, 0.000000000000000000, 0.000000000000000000 ) ) ;
#3430 = FILL_AREA_STYLE_COLOUR ( '', #469 ) ;
#3431 = ORIENTED_EDGE ( 'NONE', *, *, #5508, .T. ) ;
#3432 =( GEOMETRIC_REPRESENTATION_CONTEXT ( 3 ) GLOBAL_UNCERTAINTY_ASSIGNED_CONTEXT ( ( #397 ) ) GLOBAL_UNIT_ASSIGNED_CONTEXT ( ( #313, #6396, #3868 ) ) REPRESENTATION_CONTEXT ( 'NONE', 'WORKASPACE' ) );
#3433 = CARTESIAN_POINT ( 'NONE',  ( -2.964094982814913237, -0.3300000000000000155, 1.625000000017985169 ) ) ;
#3434 = COLOUR_RGB ( '',0.7686274509803920907, 0.7686274509803920907, 0.7686274509803920907 ) ;
#3435 = SURFACE_STYLE_FILL_AREA ( #4913 ) ;
#3436 = SURFACE_STYLE_FILL_AREA ( #5562 ) ;
#3437 = FILL_AREA_STYLE_COLOUR ( '', #573 ) ;
#3438 = MECHANICAL_DESIGN_GEOMETRIC_PRESENTATION_REPRESENTATION (  '', ( #5779 ), #1635 ) ;
#3439 = MECHANICAL_DESIGN_GEOMETRIC_PRESENTATION_REPRESENTATION (  '', ( #550 ), #3978 ) ;
#3440 = DIRECTION ( 'NONE',  ( 0.000000000000000000, 0.000000000000000000, 1.000000000000000000 ) ) ;
#3441 = VERTEX_POINT ( 'NONE', #4304 ) ;
#3442 = CARTESIAN_POINT ( 'NONE',  ( -2.964094982814913237, -0.3300000000000000155, 291550.0000000000000 ) ) ;
#3443 = DIRECTION ( 'NONE',  ( -0.000000000000000000, 1.000000000000000000, 0.000000000000000000 ) ) ;
#3444 = VECTOR ( 'NONE', #2432, 1000.000000000000000 ) ;
#3445 = PRESENTATION_LAYER_ASSIGNMENT (  '', '', ( #2364 ) ) ;
#3446 = VECTOR ( 'NONE', #4207, 1000.000000000000000 ) ;
#3447 = DIRECTION ( 'NONE',  ( 0.000000000000000000, 1.000000000000000000, 0.000000000000000000 ) ) ;
#3448 = DIRECTION ( 'NONE',  ( -1.000000000000000000, 0.000000000000000000, 0.000000000000000000 ) ) ;
#3449 = MECHANICAL_DESIGN_GEOMETRIC_PRESENTATION_REPRESENTATION (  '', ( #2266 ), #3112 ) ;
#3450 = STYLED_ITEM ( 'NONE', ( #888 ), #3200 ) ;
#3451 = DIRECTION ( 'NONE',  ( 1.000000000000000000, -0.000000000000000000, -2.896032514151599311E-16 ) ) ;
#3452 = VERTEX_POINT ( 'NONE', #6344 ) ;
#3453 = CARTESIAN_POINT ( 'NONE',  ( -2.409999999997580744, -0.2800000000000000266, 0.3550000000132058631 ) ) ;
#3454 = ADVANCED_BREP_SHAPE_REPRESENTATION ( 'PowerPAK_SO8_single', ( #1186, #6562 ), #2611 ) ;
#3455 = VECTOR ( 'NONE', #6080, 1000.000000000000000 ) ;
#3456 = PLANE ( 'NONE',  #907 ) ;
#3457 = DIRECTION ( 'NONE',  ( 0.000000000000000000, 0.000000000000000000, 1.000000000000000000 ) ) ;
#3458 = VECTOR ( 'NONE', #5831, 1000.000000000000000 ) ;
#3459 = DIRECTION ( 'NONE',  ( 0.000000000000000000, 1.000000000000000000, 0.000000000000000000 ) ) ;
#3460 = DIRECTION ( 'NONE',  ( 0.000000000000000000, 0.000000000000000000, 1.000000000000000000 ) ) ;
#3462 = CARTESIAN_POINT ( 'NONE',  ( -79368.84361538017401, -0.3300000000000000155, 361874.3454647695762 ) ) ;
#3461 = VECTOR ( 'NONE', #2997, 1000.000000000000000 ) ;
#3463 = ORIENTED_EDGE ( 'NONE', *, *, #4753, .T. ) ;
#3464 =( NAMED_UNIT ( * ) SI_UNIT ( $, .STERADIAN. ) SOLID_ANGLE_UNIT ( ) );
#3465 = PRESENTATION_LAYER_ASSIGNMENT (  '', '', ( #4749 ) ) ;
#3466 = DIRECTION ( 'NONE',  ( 0.000000000000000000, -0.000000000000000000, 1.000000000000000000 ) ) ;
#3467 = CIRCLE ( 'NONE', #3896, 0.05000000000000012768 ) ;
#3468 = CARTESIAN_POINT ( 'NONE',  ( -2.409999999997580744, -0.2800000000000000266, 2.135000000009767973 ) ) ;
#3469 = EDGE_CURVE ( 'NONE', #4045, #2433, #5340, .T. ) ;
#3470 = MECHANICAL_DESIGN_GEOMETRIC_PRESENTATION_REPRESENTATION (  '', ( #2493 ), #1445 ) ;
#3471 = EDGE_LOOP ( 'NONE', ( #782, #1826, #846, #5246 ) ) ;
#3472 =( NAMED_UNIT ( * ) SI_UNIT ( $, .STERADIAN. ) SOLID_ANGLE_UNIT ( ) );
#3473 = SURFACE_STYLE_USAGE ( .BOTH. , #1052 ) ;
#3474 = CIRCLE ( 'NONE', #2498, 0.04999999999999991257 ) ;
#3475 = ORIENTED_EDGE ( 'NONE', *, *, #365, .F. ) ;
#3476 = CARTESIAN_POINT ( 'NONE',  ( -2.994999999999998774, -0.2799999999999999711, -0.4262101896913496057 ) ) ;
#3477 =( NAMED_UNIT ( * ) PLANE_ANGLE_UNIT ( ) SI_UNIT ( $, .RADIAN. ) );
#3478 = AXIS2_PLACEMENT_3D ( 'NONE', #284, #4905, #1336 ) ;
#3479 = EDGE_LOOP ( 'NONE', ( #1279, #5376, #5446, #1154 ) ) ;
#3480 = LINE ( 'NONE', #4666, #5602 ) ;
#3481 = UNCERTAINTY_MEASURE_WITH_UNIT (LENGTH_MEASURE( 1.000000000000000082E-05 ), #4243, 'distance_accuracy_value', 'NONE');
#3482 = AXIS2_PLACEMENT_3D ( 'NONE', #5545, #3551, #6605 ) ;
#3483 = EDGE_LOOP ( 'NONE', ( #5198, #1106, #3191, #2230 ) ) ;
#3484 = VECTOR ( 'NONE', #223, 1000.000000000000000 ) ;
#3485 = PRESENTATION_STYLE_ASSIGNMENT (( #6385 ) ) ;
#3486 = CARTESIAN_POINT ( 'NONE',  ( 2.964094982814589052, -0.2800000000000000266, 0.8399999999824103725 ) ) ;
#3487 = EDGE_LOOP ( 'NONE', ( #2194, #3159, #5212, #3550, #2416, #134 ) ) ;
#3488 = EDGE_CURVE ( 'NONE', #1643, #1430, #1866, .T. ) ;
#3489 = CARTESIAN_POINT ( 'NONE',  ( 2.994999999999999218, -0.3300000000000000155, 1.696210189691349512 ) ) ;
#3490 = EDGE_LOOP ( 'NONE', ( #5440, #6604, #3475, #5191 ) ) ;
#3491 =( NAMED_UNIT ( * ) PLANE_ANGLE_UNIT ( ) SI_UNIT ( $, .RADIAN. ) );
#3492 =( NAMED_UNIT ( * ) SI_UNIT ( $, .STERADIAN. ) SOLID_ANGLE_UNIT ( ) );
#3493 = EDGE_CURVE ( 'NONE', #4889, #2660, #852, .T. ) ;
#3494 = VECTOR ( 'NONE', #876, 1000.000000000000000 ) ;
#3495 = SURFACE_SIDE_STYLE ('',( #4627 ) ) ;
#3496 = EDGE_CURVE ( 'NONE', #598, #4908, #6408, .T. ) ;
#3497 =( LENGTH_UNIT ( ) NAMED_UNIT ( * ) SI_UNIT ( .MILLI., .METRE. ) );
#3498 = DIRECTION ( 'NONE',  ( 0.000000000000000000, 0.000000000000000000, 1.000000000000000000 ) ) ;
#3499 = VERTEX_POINT ( 'NONE', #1350 ) ;
#3500 = LINE ( 'NONE', #5552, #4610 ) ;
#3501 =( NAMED_UNIT ( * ) SI_UNIT ( $, .STERADIAN. ) SOLID_ANGLE_UNIT ( ) );
#3502 = CARTESIAN_POINT ( 'NONE',  ( 3.014094982814588874, -0.2800000000000000266, 1.649999999999999467 ) ) ;
#3503 =( LENGTH_UNIT ( ) NAMED_UNIT ( * ) SI_UNIT ( .MILLI., .METRE. ) );
#3504 =( GEOMETRIC_REPRESENTATION_CONTEXT ( 3 ) GLOBAL_UNCERTAINTY_ASSIGNED_CONTEXT ( ( #4382 ) ) GLOBAL_UNIT_ASSIGNED_CONTEXT ( ( #327, #5971, #394 ) ) REPRESENTATION_CONTEXT ( 'NONE', 'WORKASPACE' ) );
#3505 = VERTEX_POINT ( 'NONE', #4912 ) ;
#3506 = DIRECTION ( 'NONE',  ( 0.000000000000000000, -0.000000000000000000, 1.000000000000000000 ) ) ;
#3507 = CARTESIAN_POINT ( 'NONE',  ( -400000.0000000000000, -0.3300000000000000155, -2.059999999971751095 ) ) ;
#3508 = DIRECTION ( 'NONE',  ( 1.000000000000000000, 0.000000000000000000, -0.000000000000000000 ) ) ;
#3509 = VERTEX_POINT ( 'NONE', #324 ) ;
#3510 = CARTESIAN_POINT ( 'NONE',  ( -3.014094982814587098, -0.3300000000000000155, -2.109999999999999876 ) ) ;
#3511 = CARTESIAN_POINT ( 'NONE',  ( 3.014094982814588874, -0.3300000000000000155, -0.8400000000000006350 ) ) ;
#3512 = ORIENTED_EDGE ( 'NONE', *, *, #5004, .T. ) ;
#3513 = DIRECTION ( 'NONE',  ( 0.000000000000000000, 0.000000000000000000, 1.000000000000000000 ) ) ;
#3514 = VERTEX_POINT ( 'NONE', #711 ) ;
#3515 = LINE ( 'NONE', #4106, #3694 ) ;
#3516 = CARTESIAN_POINT ( 'NONE',  ( 2.994999999999999218, -0.2800000000000000266, 2.499999999999998668 ) ) ;
#3517 = ORIENTED_EDGE ( 'NONE', *, *, #4251, .F. ) ;
#3518 =( GEOMETRIC_REPRESENTATION_CONTEXT ( 3 ) GLOBAL_UNCERTAINTY_ASSIGNED_CONTEXT ( ( #5613 ) ) GLOBAL_UNIT_ASSIGNED_CONTEXT ( ( #2127, #3718, #4647 ) ) REPRESENTATION_CONTEXT ( 'NONE', 'WORKASPACE' ) );
#3519 = DIRECTION ( 'NONE',  ( 0.000000000000000000, 1.000000000000000000, 0.000000000000000000 ) ) ;
#3520 =( NAMED_UNIT ( * ) PLANE_ANGLE_UNIT ( ) SI_UNIT ( $, .RADIAN. ) );
#3521 =( GEOMETRIC_REPRESENTATION_CONTEXT ( 3 ) GLOBAL_UNCERTAINTY_ASSIGNED_CONTEXT ( ( #3066 ) ) GLOBAL_UNIT_ASSIGNED_CONTEXT ( ( #917, #419, #3472 ) ) REPRESENTATION_CONTEXT ( 'NONE', 'WORKASPACE' ) );
#3522 = SURFACE_STYLE_USAGE ( .BOTH. , #3495 ) ;
#3523 = ADVANCED_FACE ( 'NONE', ( #185 ), #5498, .T. ) ;
#3524 = PRESENTATION_LAYER_ASSIGNMENT (  '', '', ( #985 ) ) ;
#3525 = SURFACE_STYLE_FILL_AREA ( #6120 ) ;
#3526 = CARTESIAN_POINT ( 'NONE',  ( -2.409999999997580744, -0.3300000000000000155, 0.3550000000132058631 ) ) ;
#3527 = ORIENTED_EDGE ( 'NONE', *, *, #4824, .T. ) ;
#3528 = DIRECTION ( 'NONE',  ( 1.000000000000000000, 0.000000000000000000, 0.000000000000000000 ) ) ;
#3529 = FILL_AREA_STYLE ('',( #5028 ) ) ;
#3530 = CARTESIAN_POINT ( 'NONE',  ( -2.994999999999998774, -0.3300000000000000155, -0.4262101896913496057 ) ) ;
#3531 = DIRECTION ( 'NONE',  ( 0.000000000000000000, -0.000000000000000000, 1.000000000000000000 ) ) ;
#3532 = ORIENTED_EDGE ( 'NONE', *, *, #2079, .F. ) ;
#3533 = PRESENTATION_STYLE_ASSIGNMENT (( #4943 ) ) ;
#3534 = PLANE ( 'NONE',  #3030 ) ;
#3535 = LINE ( 'NONE', #5110, #718 ) ;
#3536 =( LENGTH_UNIT ( ) NAMED_UNIT ( * ) SI_UNIT ( .MILLI., .METRE. ) );
#3537 = UNCERTAINTY_MEASURE_WITH_UNIT (LENGTH_MEASURE( 1.000000000000000082E-05 ), #1924, 'distance_accuracy_value', 'NONE');
#3538 = FILL_AREA_STYLE_COLOUR ( '', #4265 ) ;
#3539 = ADVANCED_FACE ( 'NONE', ( #5526 ), #5001, .T. ) ;
#3540 = UNCERTAINTY_MEASURE_WITH_UNIT (LENGTH_MEASURE( 1.000000000000000082E-05 ), #48, 'distance_accuracy_value', 'NONE');
#3541 = STYLED_ITEM ( 'NONE', ( #5719 ), #5842 ) ;
#3542 = ORIENTED_EDGE ( 'NONE', *, *, #2790, .F. ) ;
#3543 = LINE ( 'NONE', #5575, #4313 ) ;
#3544 = EDGE_LOOP ( 'NONE', ( #3232, #99, #468, #3916 ) ) ;
#3545 = LINE ( 'NONE', #4617, #5622 ) ;
#3546 = PRESENTATION_LAYER_ASSIGNMENT (  '', '', ( #5458 ) ) ;
#3547 = DIRECTION ( 'NONE',  ( 0.000000000000000000, 1.000000000000000000, 0.000000000000000000 ) ) ;
#3548 = STYLED_ITEM ( 'NONE', ( #14 ), #6119 ) ;
#3549 = EDGE_CURVE ( 'NONE', #5766, #6518, #4489, .T. ) ;
#3550 = ORIENTED_EDGE ( 'NONE', *, *, #2419, .T. ) ;
#3551 = DIRECTION ( 'NONE',  ( 0.000000000000000000, 1.000000000000000000, 0.000000000000000000 ) ) ;
#3552 = STYLED_ITEM ( 'NONE', ( #406 ), #5359 ) ;
#3553 =( GEOMETRIC_REPRESENTATION_CONTEXT ( 3 ) GLOBAL_UNCERTAINTY_ASSIGNED_CONTEXT ( ( #5619 ) ) GLOBAL_UNIT_ASSIGNED_CONTEXT ( ( #5794, #2313, #1698 ) ) REPRESENTATION_CONTEXT ( 'NONE', 'WORKASPACE' ) );
#3554 =( GEOMETRIC_REPRESENTATION_CONTEXT ( 3 ) GLOBAL_UNCERTAINTY_ASSIGNED_CONTEXT ( ( #2145 ) ) GLOBAL_UNIT_ASSIGNED_CONTEXT ( ( #3420, #2848, #1818 ) ) REPRESENTATION_CONTEXT ( 'NONE', 'WORKASPACE' ) );
#3555 = CIRCLE ( 'NONE', #3885, 0.05000000000000012768 ) ;
#3556 =( NAMED_UNIT ( * ) SI_UNIT ( $, .STERADIAN. ) SOLID_ANGLE_UNIT ( ) );
#3557 = EDGE_CURVE ( 'NONE', #3340, #4119, #1405, .T. ) ;
#3558 =( LENGTH_UNIT ( ) NAMED_UNIT ( * ) SI_UNIT ( .MILLI., .METRE. ) );
#3559 = DIRECTION ( 'NONE',  ( -1.000000000000000000, 0.000000000000000000, 2.047499167272383645E-15 ) ) ;
#3560 = MECHANICAL_DESIGN_GEOMETRIC_PRESENTATION_REPRESENTATION (  '', ( #2166 ), #2372 ) ;
#3561 = EDGE_LOOP ( 'NONE', ( #2126, #101, #3296, #214 ) ) ;
#3562 = PLANE ( 'NONE',  #3755 ) ;
#3563 =( NAMED_UNIT ( * ) PLANE_ANGLE_UNIT ( ) SI_UNIT ( $, .RADIAN. ) );
#3564 = CARTESIAN_POINT ( 'NONE',  ( 0.9599700567264335405, -0.2800000000000000266, -2.499999999999999556 ) ) ;
#3565 = UNCERTAINTY_MEASURE_WITH_UNIT (LENGTH_MEASURE( 1.000000000000000082E-05 ), #1584, 'distance_accuracy_value', 'NONE');
#3566 = SURFACE_SIDE_STYLE ('',( #5162 ) ) ;
#3567 = VECTOR ( 'NONE', #4825, 1000.000000000000000 ) ;
#3568 = EDGE_CURVE ( 'NONE', #2660, #4566, #6566, .T. ) ;
#3569 = ORIENTED_EDGE ( 'NONE', *, *, #5323, .F. ) ;
#3570 = CARTESIAN_POINT ( 'NONE',  ( -2.746797751540891674, 1.167699771340961590, 2.251797751540894232 ) ) ;
#3571 = CYLINDRICAL_SURFACE ( 'NONE', #5393, 0.04999999999999991257 ) ;
#3572 = DIRECTION ( 'NONE',  ( 1.734723475976807587E-16, 0.000000000000000000, -1.000000000000000000 ) ) ;
#3573 = AXIS2_PLACEMENT_3D ( 'NONE', #3830, #308, #1721 ) ;
#3574 = PLANE ( 'NONE',  #4414 ) ;
#3575 = CARTESIAN_POINT ( 'NONE',  ( -2.409999999997580744, -0.2800000000000000266, 1.880000000028303475 ) ) ;
#3576 = VECTOR ( 'NONE', #5105, 1000.000000000000000 ) ;
#3577 = FILL_AREA_STYLE ('',( #2161 ) ) ;
#3578 = CIRCLE ( 'NONE', #2185, 0.04999999999999991257 ) ;
#3579 = UNCERTAINTY_MEASURE_WITH_UNIT (LENGTH_MEASURE( 1.000000000000000082E-05 ), #2895, 'distance_accuracy_value', 'NONE');
#3580 = ORIENTED_EDGE ( 'NONE', *, *, #3236, .T. ) ;
#3581 = VECTOR ( 'NONE', #809, 1000.000000000000000 ) ;
#3582 = CARTESIAN_POINT ( 'NONE',  ( -400000.0000000000000, -0.3300000000000000155, 2.135000000009767973 ) ) ;
#3583 = ORIENTED_EDGE ( 'NONE', *, *, #1470, .F. ) ;
#3584 = DIRECTION ( 'NONE',  ( 0.000000000000000000, 1.000000000000000000, 0.000000000000000000 ) ) ;
#3585 =( NAMED_UNIT ( * ) SI_UNIT ( $, .STERADIAN. ) SOLID_ANGLE_UNIT ( ) );
#3586 = VERTEX_POINT ( 'NONE', #6526 ) ;
#3587 =( GEOMETRIC_REPRESENTATION_CONTEXT ( 3 ) GLOBAL_UNCERTAINTY_ASSIGNED_CONTEXT ( ( #6362 ) ) GLOBAL_UNIT_ASSIGNED_CONTEXT ( ( #5391, #3520, #2436 ) ) REPRESENTATION_CONTEXT ( 'NONE', 'WORKASPACE' ) );
#3588 = COLOUR_RGB ( '',0.2941176470588235392, 0.2941176470588235392, 0.2941176470588235392 ) ;
#3589 = VECTOR ( 'NONE', #2249, 1000.000000000000000 ) ;
#3590 = VECTOR ( 'NONE', #3572, 1000.000000000000000 ) ;
#3591 = PRESENTATION_LAYER_ASSIGNMENT (  '', '', ( #3696 ) ) ;
#3592 = CARTESIAN_POINT ( 'NONE',  ( 0.9599700568969637970, -0.2800000000000000266, -1.989980509560923538 ) ) ;
#3593 = STYLED_ITEM ( 'NONE', ( #699 ), #2500 ) ;
#3594 = DIRECTION ( 'NONE',  ( -0.000000000000000000, 1.000000000000000000, 0.000000000000000000 ) ) ;
#3595 = SURFACE_STYLE_FILL_AREA ( #1131 ) ;
#3596 = DIRECTION ( 'NONE',  ( 0.000000000000000000, 0.000000000000000000, -1.000000000000000000 ) ) ;
#3597 = VERTEX_POINT ( 'NONE', #3433 ) ;
#3598 = DIRECTION ( 'NONE',  ( -1.000000000000000000, 0.000000000000000000, -0.000000000000000000 ) ) ;
#3599 = FILL_AREA_STYLE ('',( #1532 ) ) ;
#3600 = CARTESIAN_POINT ( 'NONE',  ( -2.409999999997580744, -0.2800000000000000266, -2.499999999999999556 ) ) ;
#3601 = ORIENTED_EDGE ( 'NONE', *, *, #5787, .F. ) ;
#3602 = ORIENTED_EDGE ( 'NONE', *, *, #1409, .F. ) ;
#3603 = DIRECTION ( 'NONE',  ( 0.000000000000000000, 1.000000000000000000, 0.000000000000000000 ) ) ;
#3604 = DIRECTION ( 'NONE',  ( 5.204170427930421283E-16, 0.000000000000000000, 1.000000000000000000 ) ) ;
#3605 = STYLED_ITEM ( 'NONE', ( #2400 ), #1886 ) ;
#3606 = STYLED_ITEM ( 'NONE', ( #3892 ), #1931 ) ;
#3607 = EDGE_CURVE ( 'NONE', #5085, #5728, #1996, .T. ) ;
#3608 = VERTEX_POINT ( 'NONE', #1506 ) ;
#3609 = ORIENTED_EDGE ( 'NONE', *, *, #5698, .F. ) ;
#3610 = SURFACE_STYLE_USAGE ( .BOTH. , #5183 ) ;
#3611 = CARTESIAN_POINT ( 'NONE',  ( -2.964094982814586388, -0.3300000000000000155, 2.110000000016043487 ) ) ;
#3612 = ADVANCED_FACE ( 'NONE', ( #4059 ), #1377, .F. ) ;
#3613 = VERTEX_POINT ( 'NONE', #65 ) ;
#3614 = SURFACE_STYLE_FILL_AREA ( #4077 ) ;
#3615 = EDGE_CURVE ( 'NONE', #5100, #1650, #5624, .T. ) ;
#3616 = UNCERTAINTY_MEASURE_WITH_UNIT (LENGTH_MEASURE( 1.000000000000000082E-05 ), #1606, 'distance_accuracy_value', 'NONE');
#3617 = EDGE_CURVE ( 'NONE', #5714, #2165, #4188, .T. ) ;
#3618 = CARTESIAN_POINT ( 'NONE',  ( 0.8849700567452600808, -0.2800000000000000266, -2.499999999999999556 ) ) ;
#3619 = STYLED_ITEM ( 'NONE', ( #3331 ), #3418 ) ;
#3620 = EDGE_CURVE ( 'NONE', #2628, #407, #3080, .T. ) ;
#3621 = FILL_AREA_STYLE ('',( #6151 ) ) ;
#3622 = UNCERTAINTY_MEASURE_WITH_UNIT (LENGTH_MEASURE( 1.000000000000000082E-05 ), #4321, 'distance_accuracy_value', 'NONE');
#3623 = ORIENTED_EDGE ( 'NONE', *, *, #45, .T. ) ;
#3624 = FILL_AREA_STYLE_COLOUR ( '', #108 ) ;
#3625 = MECHANICAL_DESIGN_GEOMETRIC_PRESENTATION_REPRESENTATION (  '', ( #420 ), #5642 ) ;
#3626 = DIRECTION ( 'NONE',  ( 0.000000000000000000, 0.000000000000000000, 1.000000000000000000 ) ) ;
#3627 = EDGE_CURVE ( 'NONE', #3499, #2165, #1077, .T. ) ;
#3628 = CIRCLE ( 'NONE', #3960, 0.05000000000000012768 ) ;
#3629 = VERTEX_POINT ( 'NONE', #2091 ) ;
#3630 =( LENGTH_UNIT ( ) NAMED_UNIT ( * ) SI_UNIT ( .MILLI., .METRE. ) );
#3631 = ORIENTED_EDGE ( 'NONE', *, *, #3557, .F. ) ;
#3632 = LINE ( 'NONE', #5657, #2388 ) ;
#3633 =( NAMED_UNIT ( * ) SI_UNIT ( $, .STERADIAN. ) SOLID_ANGLE_UNIT ( ) );
#3634 = ORIENTED_EDGE ( 'NONE', *, *, #4917, .T. ) ;
#3635 = DIRECTION ( 'NONE',  ( 1.000000000000000000, 0.000000000000000000, -2.047499167272383645E-15 ) ) ;
#3636 = CYLINDRICAL_SURFACE ( 'NONE', #920, 0.05000000000000012768 ) ;
#3637 = COLOUR_RGB ( '',0.7686274509803920907, 0.7686274509803920907, 0.7686274509803920907 ) ;
#3638 = DIRECTION ( 'NONE',  ( -0.9767813978747169612, 0.000000000000000000, 0.2142384203776572238 ) ) ;
#3639 = EDGE_CURVE ( 'NONE', #4879, #3586, #1050, .T. ) ;
#3640 = ORIENTED_EDGE ( 'NONE', *, *, #723, .F. ) ;
#3641 = CARTESIAN_POINT ( 'NONE',  ( 2.964094982814913237, -0.3300000000000000155, 291550.0000000000000 ) ) ;
#3642 = UNCERTAINTY_MEASURE_WITH_UNIT (LENGTH_MEASURE( 1.000000000000000082E-05 ), #5327, 'distance_accuracy_value', 'NONE');
#3643 = ORIENTED_EDGE ( 'NONE', *, *, #3843, .T. ) ;
#3644 = DIRECTION ( 'NONE',  ( 0.000000000000000000, 1.000000000000000000, 0.000000000000000000 ) ) ;
#3645 = ORIENTED_EDGE ( 'NONE', *, *, #1057, .T. ) ;
#3646 =( NAMED_UNIT ( * ) PLANE_ANGLE_UNIT ( ) SI_UNIT ( $, .RADIAN. ) );
#3647 = FILL_AREA_STYLE_COLOUR ( '', #5783 ) ;
#3648 = VERTEX_POINT ( 'NONE', #1538 ) ;
#3649 = EDGE_CURVE ( 'NONE', #6610, #1766, #6615, .T. ) ;
#3650 = AXIS2_PLACEMENT_3D ( 'NONE', #4722, #2534, #4592 ) ;
#3651 = UNCERTAINTY_MEASURE_WITH_UNIT (LENGTH_MEASURE( 1.000000000000000082E-05 ), #3359, 'distance_accuracy_value', 'NONE');
#3652 = STYLED_ITEM ( 'NONE', ( #2021 ), #6415 ) ;
#3653 =( NAMED_UNIT ( * ) SI_UNIT ( $, .STERADIAN. ) SOLID_ANGLE_UNIT ( ) );
#3654 = VECTOR ( 'NONE', #3211, 1000.000000000000000 ) ;
#3655 = AXIS2_PLACEMENT_3D ( 'NONE', #6329, #96, #734 ) ;
#3656 = DIRECTION ( 'NONE',  ( -0.000000000000000000, 1.000000000000000000, 0.000000000000000000 ) ) ;
#3657 = CARTESIAN_POINT ( 'NONE',  ( 2.994999999999999218, 0.000000000000000000, 2.499999999999998668 ) ) ;
#3658 =( GEOMETRIC_REPRESENTATION_CONTEXT ( 3 ) GLOBAL_UNCERTAINTY_ASSIGNED_CONTEXT ( ( #1021 ) ) GLOBAL_UNIT_ASSIGNED_CONTEXT ( ( #753, #4350, #2770 ) ) REPRESENTATION_CONTEXT ( 'NONE', 'WORKASPACE' ) );
#3659 = ORIENTED_EDGE ( 'NONE', *, *, #4211, .T. ) ;
#3660 = CARTESIAN_POINT ( 'NONE',  ( -400000.0000000000000, -0.3300000000000000155, -0.7899999999949613994 ) ) ;
#3661 = STYLED_ITEM ( 'NONE', ( #6265 ), #2865 ) ;
#3662 =( NAMED_UNIT ( * ) PLANE_ANGLE_UNIT ( ) SI_UNIT ( $, .RADIAN. ) );
#3663 = VECTOR ( 'NONE', #6088, 1000.000000000000000 ) ;
#3664 = CARTESIAN_POINT ( 'NONE',  ( 2.964094982814913237, -0.3300000000000000155, 0.8650000000041196957 ) ) ;
#3665 = DIRECTION ( 'NONE',  ( 1.000000000000000000, 0.000000000000000000, 0.000000000000000000 ) ) ;
#3666 = SURFACE_STYLE_USAGE ( .BOTH. , #140 ) ;
#3667 = ORIENTED_EDGE ( 'NONE', *, *, #4264, .F. ) ;
#3668 = ORIENTED_EDGE ( 'NONE', *, *, #4817, .F. ) ;
#3669 = COLOUR_RGB ( '',0.7686274509803920907, 0.7686274509803920907, 0.7686274509803920907 ) ;
#3670 = VECTOR ( 'NONE', #5384, 1000.000000000000000 ) ;
#3671 = LINE ( 'NONE', #3837, #30 ) ;
#3672 = SURFACE_STYLE_FILL_AREA ( #1631 ) ;
#3673 = ORIENTED_EDGE ( 'NONE', *, *, #35, .T. ) ;
#3674 = FILL_AREA_STYLE_COLOUR ( '', #1393 ) ;
#3675 = EDGE_CURVE ( 'NONE', #188, #2057, #5199, .T. ) ;
#3676 = FACE_OUTER_BOUND ( 'NONE', #843, .T. ) ;
#3677 = EDGE_LOOP ( 'NONE', ( #1703, #5736, #1660, #2866 ) ) ;
#3678 = LINE ( 'NONE', #2, #3742 ) ;
#3679 = VECTOR ( 'NONE', #411, 1000.000000000000000 ) ;
#3680 = PRESENTATION_LAYER_ASSIGNMENT (  '', '', ( #5899 ) ) ;
#3681 = ORIENTED_EDGE ( 'NONE', *, *, #4381, .T. ) ;
#3682 = COLOUR_RGB ( '',0.7686274509803920907, 0.7686274509803920907, 0.7686274509803920907 ) ;
#3683 = CARTESIAN_POINT ( 'NONE',  ( 0.8849700567452600808, -0.3300000000000000155, 2.625000000023192115 ) ) ;
#3684 = ORIENTED_EDGE ( 'NONE', *, *, #6013, .F. ) ;
#3685 = CARTESIAN_POINT ( 'NONE',  ( 0.5249700566309911665, -0.3300000000000000155, 291550.0000000001746 ) ) ;
#3686 = LINE ( 'NONE', #5284, #348 ) ;
#3687 = ORIENTED_EDGE ( 'NONE', *, *, #4082, .T. ) ;
#3688 = VECTOR ( 'NONE', #2618, 1000.000000000000000 ) ;
#3689 =( GEOMETRIC_REPRESENTATION_CONTEXT ( 3 ) GLOBAL_UNCERTAINTY_ASSIGNED_CONTEXT ( ( #5357 ) ) GLOBAL_UNIT_ASSIGNED_CONTEXT ( ( #67, #3121, #2985 ) ) REPRESENTATION_CONTEXT ( 'NONE', 'WORKASPACE' ) );
#3690 = VECTOR ( 'NONE', #79, 1000.000000000000000 ) ;
#3691 = EDGE_CURVE ( 'NONE', #2572, #2321, #1670, .T. ) ;
#3692 = FACE_OUTER_BOUND ( 'NONE', #2757, .T. ) ;
#3693 = CIRCLE ( 'NONE', #3478, 0.05000000000000012768 ) ;
#3694 = VECTOR ( 'NONE', #3093, 1000.000000000000000 ) ;
#3695 = SURFACE_SIDE_STYLE ('',( #2664 ) ) ;
#3696 = STYLED_ITEM ( 'NONE', ( #2608 ), #6473 ) ;
#3697 = ADVANCED_FACE ( 'NONE', ( #1142 ), #3158, .T. ) ;
#3698 =( NAMED_UNIT ( * ) SI_UNIT ( $, .STERADIAN. ) SOLID_ANGLE_UNIT ( ) );
#3699 = SURFACE_STYLE_FILL_AREA ( #133 ) ;
#3700 = CARTESIAN_POINT ( 'NONE',  ( 3.120000000023992470, -0.3300000000000000155, 291550.0000000000000 ) ) ;
#3701 = ORIENTED_EDGE ( 'NONE', *, *, #6537, .T. ) ;
#3702 = CARTESIAN_POINT ( 'NONE',  ( -399998.7742213124875, -0.3300000000000000155, -3.671698823438873660 ) ) ;
#3703 = AXIS2_PLACEMENT_3D ( 'NONE', #1658, #3656, #5681 ) ;
#3704 = UNCERTAINTY_MEASURE_WITH_UNIT (LENGTH_MEASURE( 1.000000000000000082E-05 ), #3961, 'distance_accuracy_value', 'NONE');
#3705 = DIRECTION ( 'NONE',  ( 0.9767813978747171832, 0.000000000000000000, -0.2142384203776566964 ) ) ;
#3706 = EDGE_CURVE ( 'NONE', #4373, #3238, #1761, .T. ) ;
#3707 = FACE_OUTER_BOUND ( 'NONE', #6407, .T. ) ;
#3708 = ORIENTED_EDGE ( 'NONE', *, *, #6303, .F. ) ;
#3709 = ORIENTED_EDGE ( 'NONE', *, *, #1170, .T. ) ;
#3710 = EDGE_CURVE ( 'NONE', #1454, #4737, #3578, .T. ) ;
#3711 = SURFACE_STYLE_FILL_AREA ( #5271 ) ;
#3712 = CARTESIAN_POINT ( 'NONE',  ( -2.994999999999998330, -0.2800000000000000266, 0.8649999999761348590 ) ) ;
#3713 = ORIENTED_EDGE ( 'NONE', *, *, #2215, .F. ) ;
#3714 = CARTESIAN_POINT ( 'NONE',  ( -400000.0000000006403, -0.3300000000000000155, 0.7900000007907692634 ) ) ;
#3715 = FACE_OUTER_BOUND ( 'NONE', #6507, .T. ) ;
#3716 = LINE ( 'NONE', #5735, #2599 ) ;
#3717 = ORIENTED_EDGE ( 'NONE', *, *, #1748, .F. ) ;
#3718 =( NAMED_UNIT ( * ) PLANE_ANGLE_UNIT ( ) SI_UNIT ( $, .RADIAN. ) );
#3719 = ORIENTED_EDGE ( 'NONE', *, *, #344, .F. ) ;
#3720 = SURFACE_SIDE_STYLE ('',( #5211 ) ) ;
#3721 = VERTEX_POINT ( 'NONE', #2781 ) ;
#3722 = CARTESIAN_POINT ( 'NONE',  ( 0.4499700567213176239, -0.3300000000000000155, -1.880000000028303475 ) ) ;
#3723 = DIRECTION ( 'NONE',  ( -1.000000000000000000, 0.000000000000000000, 2.047499167272383645E-15 ) ) ;
#3724 = AXIS2_PLACEMENT_3D ( 'NONE', #5566, #1019, #3027 ) ;
#3725 = EDGE_LOOP ( 'NONE', ( #4735, #5145, #4069, #3018 ) ) ;
#3726 = FILL_AREA_STYLE ('',( #1226 ) ) ;
#3727 = FILL_AREA_STYLE_COLOUR ( '', #1833 ) ;
#3728 =( NAMED_UNIT ( * ) PLANE_ANGLE_UNIT ( ) SI_UNIT ( $, .RADIAN. ) );
#3729 = CARTESIAN_POINT ( 'NONE',  ( -2.994999999999997442, -0.2800000000000000266, 2.500000000000000444 ) ) ;
#3730 = ORIENTED_EDGE ( 'NONE', *, *, #3327, .T. ) ;
#3731 =( LENGTH_UNIT ( ) NAMED_UNIT ( * ) SI_UNIT ( .MILLI., .METRE. ) );
#3732 = DIRECTION ( 'NONE',  ( 0.000000000000000000, 1.000000000000000000, 0.000000000000000000 ) ) ;
#3733 = EDGE_CURVE ( 'NONE', #4771, #3648, #4840, .T. ) ;
#3734 = DIRECTION ( 'NONE',  ( -0.2142384203776566964, 0.000000000000000000, -0.9767813978747171832 ) ) ;
#3735 = LINE ( 'NONE', #241, #795 ) ;
#3736 = DIRECTION ( 'NONE',  ( 1.000000000000000000, 0.000000000000000000, 0.000000000000000000 ) ) ;
#3737 = ORIENTED_EDGE ( 'NONE', *, *, #4130, .T. ) ;
#3738 = DIRECTION ( 'NONE',  ( 2.047499167272383645E-15, -0.000000000000000000, 1.000000000000000000 ) ) ;
#3739 = ORIENTED_EDGE ( 'NONE', *, *, #4892, .T. ) ;
#3740 = ADVANCED_FACE ( 'NONE', ( #2283 ), #4330, .F. ) ;
#3741 = SURFACE_SIDE_STYLE ('',( #3711 ) ) ;
#3742 = VECTOR ( 'NONE', #2063, 1000.000000000000000 ) ;
#3743 = ORIENTED_EDGE ( 'NONE', *, *, #6537, .F. ) ;
#3744 =( NAMED_UNIT ( * ) SI_UNIT ( $, .STERADIAN. ) SOLID_ANGLE_UNIT ( ) );
#3745 =( LENGTH_UNIT ( ) NAMED_UNIT ( * ) SI_UNIT ( .MILLI., .METRE. ) );
#3746 = CARTESIAN_POINT ( 'NONE',  ( -2.964094982814913237, -0.2800000000000000266, 0.8649999999761348590 ) ) ;
#3747 = VERTEX_POINT ( 'NONE', #3360 ) ;
#3748 = LINE ( 'NONE', #5666, #1081 ) ;
#3749 = VECTOR ( 'NONE', #664, 1000.000000000000000 ) ;
#3750 = ORIENTED_EDGE ( 'NONE', *, *, #2079, .T. ) ;
#3751 = CARTESIAN_POINT ( 'NONE',  ( 3.014094982814588874, -0.2800000000000000266, 0.8399999999999996358 ) ) ;
#3752 = VERTEX_POINT ( 'NONE', #3763 ) ;
#3753 = DIRECTION ( 'NONE',  ( 0.000000000000000000, 0.000000000000000000, 1.000000000000000000 ) ) ;
#3754 = PLANE ( 'NONE',  #2044 ) ;
#3755 = AXIS2_PLACEMENT_3D ( 'NONE', #2050, #3426, #4973 ) ;
#3756 = DIRECTION ( 'NONE',  ( 0.000000000000000000, 1.000000000000000000, 0.000000000000000000 ) ) ;
#3757 =( NAMED_UNIT ( * ) SI_UNIT ( $, .STERADIAN. ) SOLID_ANGLE_UNIT ( ) );
#3758 = CIRCLE ( 'NONE', #892, 0.05000000000000012768 ) ;
#3759 = PLANE ( 'NONE',  #3655 ) ;
#3760 = FILL_AREA_STYLE_COLOUR ( '', #5146 ) ;
#3761 = FILL_AREA_STYLE ('',( #6394 ) ) ;
#3762 = ADVANCED_FACE ( 'NONE', ( #839 ), #4874, .T. ) ;
#3763 = CARTESIAN_POINT ( 'NONE',  ( 2.994999999999999662, 0.000000000000000000, 0.7937898103086498125 ) ) ;
#3764 = ORIENTED_EDGE ( 'NONE', *, *, #3607, .F. ) ;
#3765 = VECTOR ( 'NONE', #5352, 1000.000000000000000 ) ;
#3766 = VECTOR ( 'NONE', #3318, 1000.000000000000000 ) ;
#3767 = SURFACE_STYLE_USAGE ( .BOTH. , #102 ) ;
#3768 = PRESENTATION_STYLE_ASSIGNMENT (( #2584 ) ) ;
#3769 = ORIENTED_EDGE ( 'NONE', *, *, #5826, .T. ) ;
#3770 =( NAMED_UNIT ( * ) PLANE_ANGLE_UNIT ( ) SI_UNIT ( $, .RADIAN. ) );
#3771 = DIRECTION ( 'NONE',  ( 1.734723475976807587E-16, 0.000000000000000000, -1.000000000000000000 ) ) ;
#3772 = FILL_AREA_STYLE_COLOUR ( '', #1855 ) ;
#3773 = VECTOR ( 'NONE', #1981, 1000.000000000000000 ) ;
#3774 = MECHANICAL_DESIGN_GEOMETRIC_PRESENTATION_REPRESENTATION (  '', ( #2055 ), #6006 ) ;
#3775 = ADVANCED_FACE ( 'NONE', ( #6268 ), #5109, .T. ) ;
#3776 = PRESENTATION_LAYER_ASSIGNMENT (  '', '', ( #6217 ) ) ;
#3777 = PRESENTATION_LAYER_ASSIGNMENT (  '', '', ( #6104 ) ) ;
#3778 = CARTESIAN_POINT ( 'NONE',  ( 3.014094982814588874, -0.3300000000000000155, -0.3800000000000003375 ) ) ;
#3779 = VERTEX_POINT ( 'NONE', #2583 ) ;
#3780 = MECHANICAL_DESIGN_GEOMETRIC_PRESENTATION_REPRESENTATION (  '', ( #1116 ), #5368 ) ;
#3781 = FILL_AREA_STYLE ('',( #6376 ) ) ;
#3782 = EDGE_CURVE ( 'NONE', #6400, #1430, #3020, .T. ) ;
#3783 = ORIENTED_EDGE ( 'NONE', *, *, #6211, .F. ) ;
#3784 = STYLED_ITEM ( 'NONE', ( #257 ), #4483 ) ;
#3785 = SURFACE_STYLE_USAGE ( .BOTH. , #4269 ) ;
#3786 = ORIENTED_EDGE ( 'NONE', *, *, #807, .F. ) ;
#3787 = CARTESIAN_POINT ( 'NONE',  ( -400000.0000000006403, 0.000000000000000000, -1.699999999232204573 ) ) ;
#3788 = SURFACE_STYLE_FILL_AREA ( #4788 ) ;
#3789 = SURFACE_STYLE_USAGE ( .BOTH. , #190 ) ;
#3790 = VECTOR ( 'NONE', #509, 1000.000000000000000 ) ;
#3791 = ADVANCED_FACE ( 'NONE', ( #4060 ), #3534, .T. ) ;
#3792 = VECTOR ( 'NONE', #2778, 1000.000000000000000 ) ;
#3793 = COLOUR_RGB ( '',0.7686274509803920907, 0.7686274509803920907, 0.7686274509803920907 ) ;
#3794 =( NAMED_UNIT ( * ) PLANE_ANGLE_UNIT ( ) SI_UNIT ( $, .RADIAN. ) );
#3795 = VECTOR ( 'NONE', #2947, 1000.000000000000000 ) ;
#3796 = CARTESIAN_POINT ( 'NONE',  ( -2.994999999999998330, -0.2800000000000000266, -0.8649999999761348590 ) ) ;
#3797 = VECTOR ( 'NONE', #3164, 1000.000000000000000 ) ;
#3798 = CIRCLE ( 'NONE', #4756, 0.04999999999999969746 ) ;
#3799 = LINE ( 'NONE', #6386, #3765 ) ;
#3800 = CARTESIAN_POINT ( 'NONE',  ( -400000.0000000006403, 0.000000000000000000, 0.7900000007907692634 ) ) ;
#3801 = SURFACE_STYLE_FILL_AREA ( #4833 ) ;
#3802 = CARTESIAN_POINT ( 'NONE',  ( 2.994999999999999662, 0.000000000000000000, 0.4262101896913492172 ) ) ;
#3803 = DIRECTION ( 'NONE',  ( 0.000000000000000000, 0.000000000000000000, 1.000000000000000000 ) ) ;
#3804 = PRESENTATION_LAYER_ASSIGNMENT (  '', '', ( #4974 ) ) ;
#3805 = FILL_AREA_STYLE_COLOUR ( '', #562 ) ;
#3806 = DIRECTION ( 'NONE',  ( -0.000000000000000000, -1.000000000000000000, -0.000000000000000000 ) ) ;
#3807 =( NAMED_UNIT ( * ) PLANE_ANGLE_UNIT ( ) SI_UNIT ( $, .RADIAN. ) );
#3808 = VECTOR ( 'NONE', #751, 1000.000000000000000 ) ;
#3809 = LINE ( 'NONE', #5827, #716 ) ;
#3810 = ORIENTED_EDGE ( 'NONE', *, *, #3992, .T. ) ;
#3811 = DIRECTION ( 'NONE',  ( 0.000000000000000000, 1.000000000000000000, 0.000000000000000000 ) ) ;
#3812 = DIRECTION ( 'NONE',  ( 0.000000000000000000, 1.000000000000000000, 0.000000000000000000 ) ) ;
#3813 = ORIENTED_EDGE ( 'NONE', *, *, #5978, .T. ) ;
#3814 = CYLINDRICAL_SURFACE ( 'NONE', #5062, 0.05000000000000012768 ) ;
#3815 = ORIENTED_EDGE ( 'NONE', *, *, #807, .T. ) ;
#3816 = CARTESIAN_POINT ( 'NONE',  ( -2.994999999999999662, -0.2800000000000000266, 0.3549999999992110022 ) ) ;
#3817 = AXIS2_PLACEMENT_3D ( 'NONE', #4126, #4775, #1108 ) ;
#3818 = ORIENTED_EDGE ( 'NONE', *, *, #4804, .T. ) ;
#3819 = PRESENTATION_STYLE_ASSIGNMENT (( #5437 ) ) ;
#3820 = DIRECTION ( 'NONE',  ( 1.734723475976807587E-16, 0.000000000000000000, -1.000000000000000000 ) ) ;
#3821 = ORIENTED_EDGE ( 'NONE', *, *, #2688, .F. ) ;
#3822 = CARTESIAN_POINT ( 'NONE',  ( 2.410000000013326815, -0.2800000000000000266, -1.624999999989995558 ) ) ;
#3823 = DIRECTION ( 'NONE',  ( 0.000000000000000000, 0.000000000000000000, -1.000000000000000000 ) ) ;
#3824 = SURFACE_STYLE_FILL_AREA ( #268 ) ;
#3825 = CARTESIAN_POINT ( 'NONE',  ( -3.120000000023992470, 0.000000000000000000, -1.700000000028012437 ) ) ;
#3826 = ADVANCED_FACE ( 'NONE', ( #5035 ), #3571, .F. ) ;
#3827 = FILL_AREA_STYLE ('',( #5817 ) ) ;
#3828 =( NAMED_UNIT ( * ) SI_UNIT ( $, .STERADIAN. ) SOLID_ANGLE_UNIT ( ) );
#3829 = PRESENTATION_STYLE_ASSIGNMENT (( #2276 ) ) ;
#3830 = CARTESIAN_POINT ( 'NONE',  ( 3.120000000023992470, -0.3300000000000000155, 291550.0000000000000 ) ) ;
#3831 = EDGE_CURVE ( 'NONE', #4908, #6121, #3632, .T. ) ;
#3832 = UNCERTAINTY_MEASURE_WITH_UNIT (LENGTH_MEASURE( 1.000000000000000082E-05 ), #5094, 'distance_accuracy_value', 'NONE');
#3833 = DIRECTION ( 'NONE',  ( 0.000000000000000000, 0.000000000000000000, 1.000000000000000000 ) ) ;
#3834 = FILL_AREA_STYLE ('',( #1789 ) ) ;
#3835 = EDGE_CURVE ( 'NONE', #4983, #1003, #3671, .T. ) ;
#3836 = FILL_AREA_STYLE ('',( #5303 ) ) ;
#3837 = CARTESIAN_POINT ( 'NONE',  ( 2.994999999999999218, 0.000000000000000000, 2.499999999999998668 ) ) ;
#3838 = DIRECTION ( 'NONE',  ( 1.000000000000000000, 0.000000000000000000, -1.516382550836134908E-16 ) ) ;
#3839 = ORIENTED_EDGE ( 'NONE', *, *, #2685, .T. ) ;
#3840 = DIRECTION ( 'NONE',  ( -1.000000000000000000, 0.000000000000000000, 0.000000000000000000 ) ) ;
#3841 = FACE_OUTER_BOUND ( 'NONE', #5339, .T. ) ;
#3842 =( NAMED_UNIT ( * ) SI_UNIT ( $, .STERADIAN. ) SOLID_ANGLE_UNIT ( ) );
#3843 = EDGE_CURVE ( 'NONE', #5100, #4677, #1793, .T. ) ;
#3844 = LINE ( 'NONE', #1346, #3356 ) ;
#3845 = ADVANCED_FACE ( 'NONE', ( #2753 ), #740, .F. ) ;
#3846 = ORIENTED_EDGE ( 'NONE', *, *, #3193, .T. ) ;
#3847 =( LENGTH_UNIT ( ) NAMED_UNIT ( * ) SI_UNIT ( .MILLI., .METRE. ) );
#3848 = COLOUR_RGB ( '',0.7686274509803920907, 0.7686274509803920907, 0.7686274509803920907 ) ;
#3849 = ORIENTED_EDGE ( 'NONE', *, *, #2685, .F. ) ;
#3850 =( NAMED_UNIT ( * ) SI_UNIT ( $, .STERADIAN. ) SOLID_ANGLE_UNIT ( ) );
#3851 = VECTOR ( 'NONE', #487, 1000.000000000000000 ) ;
#3852 = DIRECTION ( 'NONE',  ( 3.081905450724545422E-16, 0.000000000000000000, -1.000000000000000000 ) ) ;
#3853 = ORIENTED_EDGE ( 'NONE', *, *, #5845, .T. ) ;
#3854 = SURFACE_SIDE_STYLE ('',( #859 ) ) ;
#3855 = SURFACE_STYLE_USAGE ( .BOTH. , #4421 ) ;
#3856 = UNCERTAINTY_MEASURE_WITH_UNIT (LENGTH_MEASURE( 1.000000000000000082E-05 ), #1195, 'distance_accuracy_value', 'NONE');
#3857 = UNCERTAINTY_MEASURE_WITH_UNIT (LENGTH_MEASURE( 1.000000000000000082E-05 ), #2923, 'distance_accuracy_value', 'NONE');
#3858 = EDGE_CURVE ( 'NONE', #217, #1766, #630, .T. ) ;
#3859 = DIRECTION ( 'NONE',  ( 0.000000000000000000, 1.000000000000000000, 0.000000000000000000 ) ) ;
#3860 = PLANE ( 'NONE',  #5455 ) ;
#3861 = DIRECTION ( 'NONE',  ( 0.000000000000000000, 1.000000000000000000, 0.000000000000000000 ) ) ;
#3862 = SURFACE_STYLE_USAGE ( .BOTH. , #6326 ) ;
#3863 = CARTESIAN_POINT ( 'NONE',  ( 2.994999999999999218, -0.2800000000000000266, 2.499999999999998668 ) ) ;
#3864 =( NAMED_UNIT ( * ) PLANE_ANGLE_UNIT ( ) SI_UNIT ( $, .RADIAN. ) );
#3865 = PLANE ( 'NONE',  #1119 ) ;
#3866 = CARTESIAN_POINT ( 'NONE',  ( 3.014094982802362210, -0.3300000000000000155, 0.4299999999711813792 ) ) ;
#3867 = SURFACE_STYLE_FILL_AREA ( #3761 ) ;
#3868 =( NAMED_UNIT ( * ) SI_UNIT ( $, .STERADIAN. ) SOLID_ANGLE_UNIT ( ) );
#3869 = DIRECTION ( 'NONE',  ( 0.000000000000000000, 1.000000000000000000, 0.000000000000000000 ) ) ;
#3870 = DIRECTION ( 'NONE',  ( 0.000000000000000000, 0.000000000000000000, -1.000000000000000000 ) ) ;
#3871 = EDGE_LOOP ( 'NONE', ( #1190, #1178, #5636, #5595 ) ) ;
#3872 = CARTESIAN_POINT ( 'NONE',  ( -3.014094982814587986, -0.2800000000000000266, 0.8400000000000005240 ) ) ;
#3873 = EDGE_LOOP ( 'NONE', ( #386, #1898, #1121, #3987 ) ) ;
#3874 = CARTESIAN_POINT ( 'NONE',  ( 0.6855098410915422269, -0.2800000000000000266, -3.307249827090795957 ) ) ;
#3875 =( GEOMETRIC_REPRESENTATION_CONTEXT ( 3 ) GLOBAL_UNCERTAINTY_ASSIGNED_CONTEXT ( ( #5227 ) ) GLOBAL_UNIT_ASSIGNED_CONTEXT ( ( #893, #864, #6360 ) ) REPRESENTATION_CONTEXT ( 'NONE', 'WORKASPACE' ) );
#3876 =( GEOMETRIC_REPRESENTATION_CONTEXT ( 3 ) GLOBAL_UNCERTAINTY_ASSIGNED_CONTEXT ( ( #6012 ) ) GLOBAL_UNIT_ASSIGNED_CONTEXT ( ( #1364, #1493, #6548 ) ) REPRESENTATION_CONTEXT ( 'NONE', 'WORKASPACE' ) );
#3877 = ORIENTED_EDGE ( 'NONE', *, *, #3843, .F. ) ;
#3878 = CARTESIAN_POINT ( 'NONE',  ( 2.994999999999999218, -0.3300000000000000155, 2.063789810308649830 ) ) ;
#3879 = VECTOR ( 'NONE', #5090, 1000.000000000000000 ) ;
#3880 = ORIENTED_EDGE ( 'NONE', *, *, #1374, .F. ) ;
#3881 =( NAMED_UNIT ( * ) SI_UNIT ( $, .STERADIAN. ) SOLID_ANGLE_UNIT ( ) );
#3882 = AXIS2_PLACEMENT_3D ( 'NONE', #3254, #2813, #4733 ) ;
#3883 = PRESENTATION_LAYER_ASSIGNMENT (  '', '', ( #1429 ) ) ;
#3884 = PLANE ( 'NONE',  #5917 ) ;
#3885 = AXIS2_PLACEMENT_3D ( 'NONE', #235, #3756, #6388 ) ;
#3886 = ORIENTED_EDGE ( 'NONE', *, *, #2488, .T. ) ;
#3887 = PRESENTATION_STYLE_ASSIGNMENT (( #1928 ) ) ;
#3888 = FACE_OUTER_BOUND ( 'NONE', #4701, .T. ) ;
#3889 = MECHANICAL_DESIGN_GEOMETRIC_PRESENTATION_REPRESENTATION (  '', ( #2164 ), #1480 ) ;
#3890 = FILL_AREA_STYLE_COLOUR ( '', #2571 ) ;
#3891 =( GEOMETRIC_REPRESENTATION_CONTEXT ( 3 ) GLOBAL_UNCERTAINTY_ASSIGNED_CONTEXT ( ( #564 ) ) GLOBAL_UNIT_ASSIGNED_CONTEXT ( ( #3745, #1825, #3842 ) ) REPRESENTATION_CONTEXT ( 'NONE', 'WORKASPACE' ) );
#3892 = PRESENTATION_STYLE_ASSIGNMENT (( #4493 ) ) ;
#3893 = CARTESIAN_POINT ( 'NONE',  ( -2.994999999999998330, -0.2800000000000000266, -2.499999999999999556 ) ) ;
#3894 = VECTOR ( 'NONE', #2463, 1000.000000000000000 ) ;
#3895 = ORIENTED_EDGE ( 'NONE', *, *, #5482, .T. ) ;
#3896 = AXIS2_PLACEMENT_3D ( 'NONE', #2209, #3106, #4178 ) ;
#3897 = ADVANCED_FACE ( 'NONE', ( #6272 ), #2723, .F. ) ;
#3898 = LINE ( 'NONE', #2240, #6517 ) ;
#3899 =( NAMED_UNIT ( * ) SI_UNIT ( $, .STERADIAN. ) SOLID_ANGLE_UNIT ( ) );
#3900 = STYLED_ITEM ( 'NONE', ( #4274 ), #4941 ) ;
#3901 = LINE ( 'NONE', #3287, #5604 ) ;
#3902 = ADVANCED_FACE ( 'NONE', ( #2285 ), #6369, .T. ) ;
#3903 = EDGE_CURVE ( 'NONE', #6610, #1276, #939, .T. ) ;
#3904 = EDGE_CURVE ( 'NONE', #895, #884, #2504, .T. ) ;
#3905 = DIRECTION ( 'NONE',  ( 0.000000000000000000, 0.000000000000000000, -1.000000000000000000 ) ) ;
#3906 = LINE ( 'NONE', #6462, #4214 ) ;
#3907 = VERTEX_POINT ( 'NONE', #947 ) ;
#3908 = SURFACE_STYLE_USAGE ( .BOTH. , #878 ) ;
#3909 = FACE_OUTER_BOUND ( 'NONE', #6542, .T. ) ;
#3910 = ORIENTED_EDGE ( 'NONE', *, *, #3413, .T. ) ;
#3911 =( NAMED_UNIT ( * ) PLANE_ANGLE_UNIT ( ) SI_UNIT ( $, .RADIAN. ) );
#3912 = VECTOR ( 'NONE', #4310, 1000.000000000000000 ) ;
#3913 = EDGE_CURVE ( 'NONE', #2819, #441, #5957, .T. ) ;
#3914 = PRESENTATION_STYLE_ASSIGNMENT (( #2883 ) ) ;
#3915 = EDGE_CURVE ( 'NONE', #5607, #3509, #3693, .T. ) ;
#3916 = ORIENTED_EDGE ( 'NONE', *, *, #5404, .T. ) ;
#3917 = MECHANICAL_DESIGN_GEOMETRIC_PRESENTATION_REPRESENTATION (  '', ( #832 ), #1568 ) ;
#3918 = VECTOR ( 'NONE', #5608, 1000.000000000000000 ) ;
#3919 = VECTOR ( 'NONE', #1508, 1000.000000000000000 ) ;
#3920 =( GEOMETRIC_REPRESENTATION_CONTEXT ( 3 ) GLOBAL_UNCERTAINTY_ASSIGNED_CONTEXT ( ( #1484 ) ) GLOBAL_UNIT_ASSIGNED_CONTEXT ( ( #3731, #4392, #5921 ) ) REPRESENTATION_CONTEXT ( 'NONE', 'WORKASPACE' ) );
#3921 = EDGE_CURVE ( 'NONE', #5210, #6400, #4436, .T. ) ;
#3922 = ORIENTED_EDGE ( 'NONE', *, *, #6049, .T. ) ;
#3923 = EDGE_CURVE ( 'NONE', #5722, #1003, #4970, .T. ) ;
#3924 = CYLINDRICAL_SURFACE ( 'NONE', #455, 0.2215481472247725347 ) ;
#3925 = CIRCLE ( 'NONE', #3703, 0.04999999999999969746 ) ;
#3926 = SURFACE_STYLE_USAGE ( .BOTH. , #2926 ) ;
#3927 = VERTEX_POINT ( 'NONE', #6397 ) ;
#3928 = FACE_OUTER_BOUND ( 'NONE', #3873, .T. ) ;
#3929 = FILL_AREA_STYLE_COLOUR ( '', #2472 ) ;
#3930 = EDGE_CURVE ( 'NONE', #5760, #2321, #905, .T. ) ;
#3931 = PLANE ( 'NONE',  #2582 ) ;
#3932 = EDGE_CURVE ( 'NONE', #5016, #3505, #3906, .T. ) ;
#3933 =( LENGTH_UNIT ( ) NAMED_UNIT ( * ) SI_UNIT ( .MILLI., .METRE. ) );
#3934 = FILL_AREA_STYLE_COLOUR ( '', #6421 ) ;
#3935 = VERTEX_POINT ( 'NONE', #5992 ) ;
#3936 = CARTESIAN_POINT ( 'NONE',  ( -2.995000000000000107, -0.2800000000000000266, -2.499999999999999556 ) ) ;
#3937 = DIRECTION ( 'NONE',  ( -0.000000000000000000, -1.000000000000000000, -0.000000000000000000 ) ) ;
#3938 = LINE ( 'NONE', #5485, #3986 ) ;
#3939 = CIRCLE ( 'NONE', #6481, 0.05000000000000012768 ) ;
#3940 = FILL_AREA_STYLE_COLOUR ( '', #5448 ) ;
#3941 = DIRECTION ( 'NONE',  ( -1.000000000000000000, 0.000000000000000000, -0.000000000000000000 ) ) ;
#3942 = CARTESIAN_POINT ( 'NONE',  ( 2.995000000000000107, 0.000000000000000000, -0.4262101896913504939 ) ) ;
#3943 = ORIENTED_EDGE ( 'NONE', *, *, #1523, .F. ) ;
#3944 =( NAMED_UNIT ( * ) PLANE_ANGLE_UNIT ( ) SI_UNIT ( $, .RADIAN. ) );
#3945 = PRESENTATION_STYLE_ASSIGNMENT (( #4503 ) ) ;
#3946 = PRESENTATION_STYLE_ASSIGNMENT (( #6340 ) ) ;
#3947 = FILL_AREA_STYLE ('',( #2348 ) ) ;
#3948 =( NAMED_UNIT ( * ) PLANE_ANGLE_UNIT ( ) SI_UNIT ( $, .RADIAN. ) );
#3949 = ORIENTED_EDGE ( 'NONE', *, *, #3649, .F. ) ;
#3950 = PRESENTATION_STYLE_ASSIGNMENT (( #447 ) ) ;
#3951 = LINE ( 'NONE', #4372, #1223 ) ;
#3952 = CARTESIAN_POINT ( 'NONE',  ( 3.014094982802362210, -0.3300000000000000155, 1.700000000004814327 ) ) ;
#3953 = COLOUR_RGB ( '',0.7686274509803920907, 0.7686274509803920907, 0.7686274509803920907 ) ;
#3954 = ORIENTED_EDGE ( 'NONE', *, *, #640, .T. ) ;
#3955 = VECTOR ( 'NONE', #2395, 1000.000000000000000 ) ;
#3956 =( LENGTH_UNIT ( ) NAMED_UNIT ( * ) SI_UNIT ( .MILLI., .METRE. ) );
#3957 = UNCERTAINTY_MEASURE_WITH_UNIT (LENGTH_MEASURE( 1.000000000000000082E-05 ), #5061, 'distance_accuracy_value', 'NONE');
#3958 = COLOUR_RGB ( '',0.7686274509803920907, 0.7686274509803920907, 0.7686274509803920907 ) ;
#3959 = CARTESIAN_POINT ( 'NONE',  ( 0.5249700568583648419, -0.3300000000000000155, 291549.9999999998254 ) ) ;
#3960 = AXIS2_PLACEMENT_3D ( 'NONE', #2030, #958, #6067 ) ;
#3961 =( LENGTH_UNIT ( ) NAMED_UNIT ( * ) SI_UNIT ( .MILLI., .METRE. ) );
#3962 = VERTEX_POINT ( 'NONE', #314 ) ;
#3963 = DIRECTION ( 'NONE',  ( 0.000000000000000000, 1.000000000000000000, 0.000000000000000000 ) ) ;
#3964 = MECHANICAL_DESIGN_GEOMETRIC_PRESENTATION_REPRESENTATION (  '', ( #5442 ), #2131 ) ;
#3965 =( NAMED_UNIT ( * ) SI_UNIT ( $, .STERADIAN. ) SOLID_ANGLE_UNIT ( ) );
#3966 = CARTESIAN_POINT ( 'NONE',  ( 2.964094982814913237, -0.2800000000000000266, -2.499999999999999556 ) ) ;
#3967 = CARTESIAN_POINT ( 'NONE',  ( 0.5249700567701492959, -0.3300000000000000155, -2.397846985445539758 ) ) ;
#3968 = ORIENTED_EDGE ( 'NONE', *, *, #2990, .F. ) ;
#3969 = SURFACE_SIDE_STYLE ('',( #1916 ) ) ;
#3970 =( NAMED_UNIT ( * ) PLANE_ANGLE_UNIT ( ) SI_UNIT ( $, .RADIAN. ) );
#3971 = LINE ( 'NONE', #443, #1334 ) ;
#3972 = ORIENTED_EDGE ( 'NONE', *, *, #2651, .T. ) ;
#3973 = DIRECTION ( 'NONE',  ( -1.000000000000000000, 0.000000000000000000, 0.000000000000000000 ) ) ;
#3974 = VECTOR ( 'NONE', #974, 1000.000000000000000 ) ;
#3975 = DIRECTION ( 'NONE',  ( 1.000000000000000000, 0.000000000000000000, 0.000000000000000000 ) ) ;
#3976 = LINE ( 'NONE', #4010, #6433 ) ;
#3977 = ADVANCED_FACE ( 'NONE', ( #5488 ), #4992, .T. ) ;
#3978 =( GEOMETRIC_REPRESENTATION_CONTEXT ( 3 ) GLOBAL_UNCERTAINTY_ASSIGNED_CONTEXT ( ( #1930 ) ) GLOBAL_UNIT_ASSIGNED_CONTEXT ( ( #5847, #3491, #5419 ) ) REPRESENTATION_CONTEXT ( 'NONE', 'WORKASPACE' ) );
#3979 = SURFACE_STYLE_FILL_AREA ( #456 ) ;
#3980 = ORIENTED_EDGE ( 'NONE', *, *, #4380, .F. ) ;
#3981 = LINE ( 'NONE', #2359, #4018 ) ;
#3982 =( LENGTH_UNIT ( ) NAMED_UNIT ( * ) SI_UNIT ( .MILLI., .METRE. ) );
#3983 = EDGE_CURVE ( 'NONE', #306, #5053, #504, .T. ) ;
#3984 = COLOUR_RGB ( '',0.7686274509803920907, 0.7686274509803920907, 0.7686274509803920907 ) ;
#3985 = COLOUR_RGB ( '',0.7686274509803920907, 0.7686274509803920907, 0.7686274509803920907 ) ;
#3986 = VECTOR ( 'NONE', #944, 1000.000000000000000 ) ;
#3987 = ORIENTED_EDGE ( 'NONE', *, *, #2835, .T. ) ;
#3988 = CARTESIAN_POINT ( 'NONE',  ( -2.964094982814913237, -0.2800000000000000266, -1.624999999989995558 ) ) ;
#3989 = DIRECTION ( 'NONE',  ( 0.000000000000000000, 1.000000000000000000, 0.000000000000000000 ) ) ;
#3990 = STYLED_ITEM ( 'NONE', ( #808 ), #5644 ) ;
#3991 = ORIENTED_EDGE ( 'NONE', *, *, #3691, .F. ) ;
#3992 = EDGE_CURVE ( 'NONE', #6610, #5242, #2535, .T. ) ;
#3993 =( NAMED_UNIT ( * ) PLANE_ANGLE_UNIT ( ) SI_UNIT ( $, .RADIAN. ) );
#3994 = LINE ( 'NONE', #5610, #3879 ) ;
#3995 = MECHANICAL_DESIGN_GEOMETRIC_PRESENTATION_REPRESENTATION (  '', ( #4416 ), #352 ) ;
#3996 = ORIENTED_EDGE ( 'NONE', *, *, #6543, .F. ) ;
#3997 = DIRECTION ( 'NONE',  ( 1.000000000000000000, -0.000000000000000000, 0.000000000000000000 ) ) ;
#3998 = PRESENTATION_LAYER_ASSIGNMENT (  '', '', ( #1435 ) ) ;
#3999 = FACE_OUTER_BOUND ( 'NONE', #2232, .T. ) ;
#4000 = ORIENTED_EDGE ( 'NONE', *, *, #4810, .T. ) ;
#4001 = FACE_OUTER_BOUND ( 'NONE', #2118, .T. ) ;
#4002 =( NAMED_UNIT ( * ) SI_UNIT ( $, .STERADIAN. ) SOLID_ANGLE_UNIT ( ) );
#4003 = DIRECTION ( 'NONE',  ( 0.000000000000000000, 1.000000000000000000, 0.000000000000000000 ) ) ;
#4004 =( LENGTH_UNIT ( ) NAMED_UNIT ( * ) SI_UNIT ( .MILLI., .METRE. ) );
#4005 = MECHANICAL_DESIGN_GEOMETRIC_PRESENTATION_REPRESENTATION (  '', ( #259 ), #1662 ) ;
#4006 = ORIENTED_EDGE ( 'NONE', *, *, #2303, .T. ) ;
#4007 =( NAMED_UNIT ( * ) SI_UNIT ( $, .STERADIAN. ) SOLID_ANGLE_UNIT ( ) );
#4008 = CARTESIAN_POINT ( 'NONE',  ( 2.964094982814913237, -0.3300000000000000155, 291550.0000000000000 ) ) ;
#4009 = VECTOR ( 'NONE', #1252, 1000.000000000000000 ) ;
#4010 = CARTESIAN_POINT ( 'NONE',  ( -400000.0000000012224, 0.000000000000000000, 2.060000001620210242 ) ) ;
#4011 = DIRECTION ( 'NONE',  ( 0.9767813978747170722, -0.000000000000000000, 0.2142384203776569185 ) ) ;
#4012 = VERTEX_POINT ( 'NONE', #2080 ) ;
#4013 = MECHANICAL_DESIGN_GEOMETRIC_PRESENTATION_REPRESENTATION (  '', ( #3696 ), #1253 ) ;
#4014 = CARTESIAN_POINT ( 'NONE',  ( -399999.9999999998836, -0.3300000000000000155, 0.3549999998426756065 ) ) ;
#4015 = UNCERTAINTY_MEASURE_WITH_UNIT (LENGTH_MEASURE( 1.000000000000000082E-05 ), #1240, 'distance_accuracy_value', 'NONE');
#4016 = AXIS2_PLACEMENT_3D ( 'NONE', #5353, #3963, #5983 ) ;
#4017 = EDGE_LOOP ( 'NONE', ( #6589, #2559, #1282, #5611 ) ) ;
#4018 = VECTOR ( 'NONE', #1904, 1000.000000000000000 ) ;
#4019 = CARTESIAN_POINT ( 'NONE',  ( 0.8849700567452600808, -0.2800000000000000266, 2.397846985445539758 ) ) ;
#4020 = ADVANCED_FACE ( 'NONE', ( #1592 ), #2569, .F. ) ;
#4021 = ORIENTED_EDGE ( 'NONE', *, *, #59, .T. ) ;
#4022 = DIRECTION ( 'NONE',  ( -0.000000000000000000, 1.000000000000000000, 0.000000000000000000 ) ) ;
#4023 = LINE ( 'NONE', #1518, #2158 ) ;
#4024 = ORIENTED_EDGE ( 'NONE', *, *, #1901, .T. ) ;
#4025 =( NAMED_UNIT ( * ) PLANE_ANGLE_UNIT ( ) SI_UNIT ( $, .RADIAN. ) );
#4026 = ADVANCED_FACE ( 'NONE', ( #6608 ), #1463, .F. ) ;
#4027 =( LENGTH_UNIT ( ) NAMED_UNIT ( * ) SI_UNIT ( .MILLI., .METRE. ) );
#4028 = CARTESIAN_POINT ( 'NONE',  ( -400000.0000000006403, -0.3300000000000000155, -0.4299999991985714587 ) ) ;
#4029 = ORIENTED_EDGE ( 'NONE', *, *, #344, .T. ) ;
#4030 = PLANE ( 'NONE',  #1402 ) ;
#4031 = COLOUR_RGB ( '',0.7686274509803920907, 0.7686274509803920907, 0.7686274509803920907 ) ;
#4032 = LINE ( 'NONE', #3014, #3790 ) ;
#4033 = EDGE_CURVE ( 'NONE', #217, #2324, #5930, .T. ) ;
#4034 = FACE_OUTER_BOUND ( 'NONE', #361, .T. ) ;
#4035 = VERTEX_POINT ( 'NONE', #4564 ) ;
#4036 = DIRECTION ( 'NONE',  ( 1.000000000000000000, 0.000000000000000000, 0.000000000000000000 ) ) ;
#4037 = DIRECTION ( 'NONE',  ( 1.734723475976807587E-16, 0.000000000000000000, -1.000000000000000000 ) ) ;
#4038 = FILL_AREA_STYLE ('',( #421 ) ) ;
#4039 = PRESENTATION_STYLE_ASSIGNMENT (( #2029 ) ) ;
#4040 = SURFACE_STYLE_USAGE ( .BOTH. , #1578 ) ;
#4041 = EDGE_CURVE ( 'NONE', #2961, #4478, #2831, .T. ) ;
#4042 = CARTESIAN_POINT ( 'NONE',  ( -79370.19065866491292, -0.3300000000000000155, 361874.0500164473196 ) ) ;
#4043 =( NAMED_UNIT ( * ) SI_UNIT ( $, .STERADIAN. ) SOLID_ANGLE_UNIT ( ) );
#4044 = EDGE_LOOP ( 'NONE', ( #1184, #6252, #2725, #2527 ) ) ;
#4045 = VERTEX_POINT ( 'NONE', #6056 ) ;
#4046 = CARTESIAN_POINT ( 'NONE',  ( -2.964094982814913237, -0.3300000000000000155, -2.135000000009767973 ) ) ;
#4047 = EDGE_LOOP ( 'NONE', ( #4898, #886, #2642, #3195 ) ) ;
#4048 = AXIS2_PLACEMENT_3D ( 'NONE', #1117, #1086, #5137 ) ;
#4049 = PLANE ( 'NONE',  #3237 ) ;
#4050 = ADVANCED_FACE ( 'NONE', ( #1498 ), #5098, .T. ) ;
#4051 = AXIS2_PLACEMENT_3D ( 'NONE', #6004, #4480, #2545 ) ;
#4052 = VECTOR ( 'NONE', #6039, 1000.000000000000000 ) ;
#4053 = SURFACE_SIDE_STYLE ('',( #946 ) ) ;
#4054 = DIRECTION ( 'NONE',  ( 1.734723475976807587E-16, 0.000000000000000000, -1.000000000000000000 ) ) ;
#4055 = ORIENTED_EDGE ( 'NONE', *, *, #2246, .F. ) ;
#4056 = DIRECTION ( 'NONE',  ( 0.000000000000000000, 0.000000000000000000, -1.000000000000000000 ) ) ;
#4057 = LINE ( 'NONE', #387, #460 ) ;
#4058 = ORIENTED_EDGE ( 'NONE', *, *, #524, .T. ) ;
#4059 = FACE_OUTER_BOUND ( 'NONE', #4306, .T. ) ;
#4060 = FACE_OUTER_BOUND ( 'NONE', #2330, .T. ) ;
#4061 =( NAMED_UNIT ( * ) PLANE_ANGLE_UNIT ( ) SI_UNIT ( $, .RADIAN. ) );
#4062 = FACE_OUTER_BOUND ( 'NONE', #3471, .T. ) ;
#4063 = UNCERTAINTY_MEASURE_WITH_UNIT (LENGTH_MEASURE( 1.000000000000000082E-05 ), #5993, 'distance_accuracy_value', 'NONE');
#4064 = ORIENTED_EDGE ( 'NONE', *, *, #2729, .F. ) ;
#4065 = CARTESIAN_POINT ( 'NONE',  ( -400000.0000000000000, -0.3300000000000000155, 1.624999999989995558 ) ) ;
#4066 = SURFACE_SIDE_STYLE ('',( #6166 ) ) ;
#4067 = SURFACE_SIDE_STYLE ('',( #4458 ) ) ;
#4068 = UNCERTAINTY_MEASURE_WITH_UNIT (LENGTH_MEASURE( 1.000000000000000082E-05 ), #1398, 'distance_accuracy_value', 'NONE');
#4069 = ORIENTED_EDGE ( 'NONE', *, *, #5482, .F. ) ;
#4070 = CARTESIAN_POINT ( 'NONE',  ( -2.994999999999998330, 0.000000000000000000, 0.7937898103086508117 ) ) ;
#4071 = ORIENTED_EDGE ( 'NONE', *, *, #3488, .T. ) ;
#4072 = CARTESIAN_POINT ( 'NONE',  ( 2.827080316280682126, 0.7900000000000000355, -2.332080316280681576 ) ) ;
#4073 = AXIS2_PLACEMENT_3D ( 'NONE', #999, #3010, #89 ) ;
#4074 = DIRECTION ( 'NONE',  ( -4.773003671468901982E-16, 0.000000000000000000, -1.000000000000000000 ) ) ;
#4075 = AXIS2_PLACEMENT_3D ( 'NONE', #866, #3004, #5054 ) ;
#4076 = EDGE_LOOP ( 'NONE', ( #6472, #3157, #4170, #3750 ) ) ;
#4077 = FILL_AREA_STYLE ('',( #1588 ) ) ;
#4078 = SURFACE_SIDE_STYLE ('',( #471 ) ) ;
#4079 = AXIS2_PLACEMENT_3D ( 'NONE', #4652, #2738, #3141 ) ;
#4080 = PRESENTATION_LAYER_ASSIGNMENT (  '', '', ( #4842 ) ) ;
#4081 = VECTOR ( 'NONE', #5321, 1000.000000000000000 ) ;
#4082 = EDGE_CURVE ( 'NONE', #4124, #3514, #2110, .T. ) ;
#4083 = VECTOR ( 'NONE', #4305, 1000.000000000000000 ) ;
#4084 = CARTESIAN_POINT ( 'NONE',  ( 3.014094982814588874, 0.000000000000000000, 0.3799999999999993938 ) ) ;
#4085 = CARTESIAN_POINT ( 'NONE',  ( 2.995000000000000107, -0.2800000000000000266, -1.696210189691350179 ) ) ;
#4086 = COLOUR_RGB ( '',0.7686274509803920907, 0.7686274509803920907, 0.7686274509803920907 ) ;
#4087 = ORIENTED_EDGE ( 'NONE', *, *, #4608, .T. ) ;
#4088 = UNCERTAINTY_MEASURE_WITH_UNIT (LENGTH_MEASURE( 1.000000000000000082E-05 ), #2226, 'distance_accuracy_value', 'NONE');
#4089 = LINE ( 'NONE', #2478, #5792 ) ;
#4090 = STYLED_ITEM ( 'NONE', ( #4232 ), #4600 ) ;
#4091 = EDGE_CURVE ( 'NONE', #6153, #2585, #1754, .T. ) ;
#4092 = ORIENTED_EDGE ( 'NONE', *, *, #494, .F. ) ;
#4093 = ORIENTED_EDGE ( 'NONE', *, *, #6182, .F. ) ;
#4094 = MECHANICAL_DESIGN_GEOMETRIC_PRESENTATION_REPRESENTATION (  '', ( #2377 ), #4742 ) ;
#4095 = CARTESIAN_POINT ( 'NONE',  ( -2.994999999999997442, -0.2800000000000000266, 0.3550000000272007239 ) ) ;
#4096 = VECTOR ( 'NONE', #4054, 1000.000000000000000 ) ;
#4097 =( NAMED_UNIT ( * ) PLANE_ANGLE_UNIT ( ) SI_UNIT ( $, .RADIAN. ) );
#4098 = EDGE_CURVE ( 'NONE', #2918, #5044, #4723, .T. ) ;
#4099 = EDGE_CURVE ( 'NONE', #5207, #4737, #6221, .T. ) ;
#4100 = EDGE_CURVE ( 'NONE', #6347, #2368, #5747, .T. ) ;
#4101 = UNCERTAINTY_MEASURE_WITH_UNIT (LENGTH_MEASURE( 1.000000000000000082E-05 ), #2253, 'distance_accuracy_value', 'NONE');
#4102 = ORIENTED_EDGE ( 'NONE', *, *, #3710, .T. ) ;
#4103 = DIRECTION ( 'NONE',  ( 3.401418580346680523E-15, 0.000000000000000000, -1.000000000000000000 ) ) ;
#4104 = VERTEX_POINT ( 'NONE', #2180 ) ;
#4105 = EDGE_CURVE ( 'NONE', #5507, #916, #5820, .T. ) ;
#4106 = CARTESIAN_POINT ( 'NONE',  ( -400000.0000000000000, 0.000000000000000000, -2.059999999971751095 ) ) ;
#4107 =( LENGTH_UNIT ( ) NAMED_UNIT ( * ) SI_UNIT ( .MILLI., .METRE. ) );
#4108 = VERTEX_POINT ( 'NONE', #91 ) ;
#4109 = STYLED_ITEM ( 'NONE', ( #2969 ), #4324 ) ;
#4110 = UNCERTAINTY_MEASURE_WITH_UNIT (LENGTH_MEASURE( 1.000000000000000082E-05 ), #6239, 'distance_accuracy_value', 'NONE');
#4111 =( GEOMETRIC_REPRESENTATION_CONTEXT ( 3 ) GLOBAL_UNCERTAINTY_ASSIGNED_CONTEXT ( ( #1126 ) ) GLOBAL_UNIT_ASSIGNED_CONTEXT ( ( #1188, #2203, #5282 ) ) REPRESENTATION_CONTEXT ( 'NONE', 'WORKASPACE' ) );
#4112 = VECTOR ( 'NONE', #351, 1000.000000000000000 ) ;
#4113 = FACE_OUTER_BOUND ( 'NONE', #3266, .T. ) ;
#4114 = EDGE_CURVE ( 'NONE', #1214, #6490, #1132, .T. ) ;
#4115 = STYLED_ITEM ( 'NONE', ( #281 ), #2438 ) ;
#4116 = FILL_AREA_STYLE_COLOUR ( '', #4182 ) ;
#4117 = FILL_AREA_STYLE_COLOUR ( '', #5985 ) ;
#4118 = DIRECTION ( 'NONE',  ( -5.204170427930421283E-16, 0.000000000000000000, -1.000000000000000000 ) ) ;
#4119 = VERTEX_POINT ( 'NONE', #2775 ) ;
#4120 =( NAMED_UNIT ( * ) PLANE_ANGLE_UNIT ( ) SI_UNIT ( $, .RADIAN. ) );
#4121 = EDGE_CURVE ( 'NONE', #6490, #3452, #3149, .T. ) ;
#4122 = EDGE_LOOP ( 'NONE', ( #3220, #479, #5032, #1831 ) ) ;
#4123 = DIRECTION ( 'NONE',  ( 5.204170427930421283E-16, -0.000000000000000000, 1.000000000000000000 ) ) ;
#4124 = VERTEX_POINT ( 'NONE', #4832 ) ;
#4125 = SURFACE_STYLE_FILL_AREA ( #5694 ) ;
#4126 = CARTESIAN_POINT ( 'NONE',  ( -3.014094982814587986, 0.000000000000000000, 0.8400000000000005240 ) ) ;
#4127 = VERTEX_POINT ( 'NONE', #6184 ) ;
#4128 = CARTESIAN_POINT ( 'NONE',  ( -2.964094982814913237, -0.3300000000000000155, -0.8399999999824103725 ) ) ;
#4129 = COLOUR_RGB ( '',0.2941176470588235392, 0.2941176470588235392, 0.2941176470588235392 ) ;
#4130 = EDGE_CURVE ( 'NONE', #4294, #3779, #3925, .T. ) ;
#4131 = VERTEX_POINT ( 'NONE', #1197 ) ;
#4132 = SURFACE_STYLE_FILL_AREA ( #1579 ) ;
#4133 =( GEOMETRIC_REPRESENTATION_CONTEXT ( 3 ) GLOBAL_UNCERTAINTY_ASSIGNED_CONTEXT ( ( #3097 ) ) GLOBAL_UNIT_ASSIGNED_CONTEXT ( ( #1906, #3993, #1452 ) ) REPRESENTATION_CONTEXT ( 'NONE', 'WORKASPACE' ) );
#4134 = ORIENTED_EDGE ( 'NONE', *, *, #1536, .F. ) ;
#4135 = CARTESIAN_POINT ( 'NONE',  ( 2.994999999999999218, -0.2799999999999999711, 1.696210189691349512 ) ) ;
#4136 = ORIENTED_EDGE ( 'NONE', *, *, #3904, .F. ) ;
#4137 = DIRECTION ( 'NONE',  ( 1.000000000000000000, 0.000000000000000000, 2.047499167272383645E-15 ) ) ;
#4138 = FILL_AREA_STYLE ('',( #5184 ) ) ;
#4139 = EDGE_LOOP ( 'NONE', ( #4709, #1049, #5623, #6210 ) ) ;
#4140 = UNCERTAINTY_MEASURE_WITH_UNIT (LENGTH_MEASURE( 1.000000000000000082E-05 ), #1367, 'distance_accuracy_value', 'NONE');
#4141 = SURFACE_STYLE_FILL_AREA ( #5155 ) ;
#4142 = VECTOR ( 'NONE', #396, 1000.000000000000000 ) ;
#4143 = DIRECTION ( 'NONE',  ( 0.000000000000000000, -0.000000000000000000, 1.000000000000000000 ) ) ;
#4144 = DIRECTION ( 'NONE',  ( 0.000000000000000000, 1.000000000000000000, 0.000000000000000000 ) ) ;
#4145 = PRESENTATION_STYLE_ASSIGNMENT (( #3150 ) ) ;
#4146 = ORIENTED_EDGE ( 'NONE', *, *, #1679, .T. ) ;
#4147 = DIRECTION ( 'NONE',  ( -4.204298578504837834E-06, 0.000000000000000000, 0.9999999999911619586 ) ) ;
#4148 = UNCERTAINTY_MEASURE_WITH_UNIT (LENGTH_MEASURE( 1.000000000000000082E-05 ), #6297, 'distance_accuracy_value', 'NONE');
#4149 = PRESENTATION_STYLE_ASSIGNMENT (( #2115 ) ) ;
#4150 = CARTESIAN_POINT ( 'NONE',  ( -3.014094982814587986, -0.3300000000000000155, -0.3799999999999995048 ) ) ;
#4151 = CIRCLE ( 'NONE', #5338, 0.04999999999999991257 ) ;
#4152 = ORIENTED_EDGE ( 'NONE', *, *, #2033, .F. ) ;
#4153 = DIRECTION ( 'NONE',  ( -0.2035585949527792260, -0.9576678948579725459, 0.2035585949527793925 ) ) ;
#4154 = ORIENTED_EDGE ( 'NONE', *, *, #5989, .T. ) ;
#4155 = PRESENTATION_STYLE_ASSIGNMENT (( #6618 ) ) ;
#4156 = DIRECTION ( 'NONE',  ( 0.000000000000000000, 0.000000000000000000, 1.000000000000000000 ) ) ;
#4157 = ORIENTED_EDGE ( 'NONE', *, *, #2361, .F. ) ;
#4158 = DIRECTION ( 'NONE',  ( 1.000000000000000000, 0.000000000000000000, 0.000000000000000000 ) ) ;
#4159 = MECHANICAL_DESIGN_GEOMETRIC_PRESENTATION_REPRESENTATION (  '', ( #3311 ), #4422 ) ;
#4160 = ORIENTED_EDGE ( 'NONE', *, *, #5082, .T. ) ;
#4161 = SURFACE_STYLE_FILL_AREA ( #5703 ) ;
#4162 = ADVANCED_FACE ( 'NONE', ( #4686 ), #3212, .F. ) ;
#4163 = VERTEX_POINT ( 'NONE', #2371 ) ;
#4164 = DIRECTION ( 'NONE',  ( -7.826832626985198385E-16, 0.000000000000000000, -1.000000000000000000 ) ) ;
#4165 = ORIENTED_EDGE ( 'NONE', *, *, #557, .T. ) ;
#4166 = EDGE_CURVE ( 'NONE', #5607, #4012, #6418, .T. ) ;
#4167 = CARTESIAN_POINT ( 'NONE',  ( 3.014094982814588874, -0.3300000000000000155, 1.649999999999999467 ) ) ;
#4168 = DIRECTION ( 'NONE',  ( 0.000000000000000000, 0.000000000000000000, 1.000000000000000000 ) ) ;
#4169 = CARTESIAN_POINT ( 'NONE',  ( 3.014094982814588874, -0.3300000000000000155, 0.3799999999999993938 ) ) ;
#4170 = ORIENTED_EDGE ( 'NONE', *, *, #1071, .T. ) ;
#4171 = AXIS2_PLACEMENT_3D ( 'NONE', #2477, #507, #6028 ) ;
#4172 = DIRECTION ( 'NONE',  ( -4.773003671468901982E-16, 0.000000000000000000, 1.000000000000000000 ) ) ;
#4173 = EDGE_CURVE ( 'NONE', #3779, #883, #5919, .T. ) ;
#4174 = MECHANICAL_DESIGN_GEOMETRIC_PRESENTATION_REPRESENTATION (  '', ( #6097 ), #3876 ) ;
#4175 = CARTESIAN_POINT ( 'NONE',  ( 0.4499700567066611256, -0.2800000000000000266, 1.880000000024491413 ) ) ;
#4176 = VECTOR ( 'NONE', #6050, 1000.000000000000000 ) ;
#4177 = CARTESIAN_POINT ( 'NONE',  ( -2.409999999997580744, -0.3300000000000000155, 291550.0000000000000 ) ) ;
#4178 = DIRECTION ( 'NONE',  ( 0.000000000000000000, 0.000000000000000000, 1.000000000000000000 ) ) ;
#4179 = PRESENTATION_LAYER_ASSIGNMENT (  '', '', ( #559 ) ) ;
#4180 = ORIENTED_EDGE ( 'NONE', *, *, #2492, .T. ) ;
#4181 = AXIS2_PLACEMENT_3D ( 'NONE', #1819, #4224, #5266 ) ;
#4182 = COLOUR_RGB ( '',0.7686274509803920907, 0.7686274509803920907, 0.7686274509803920907 ) ;
#4183 = FACE_OUTER_BOUND ( 'NONE', #4583, .T. ) ;
#4184 = AXIS2_PLACEMENT_3D ( 'NONE', #483, #3111, #543 ) ;
#4185 = LINE ( 'NONE', #1266, #677 ) ;
#4186 = DIRECTION ( 'NONE',  ( -2.047499167272383645E-15, 0.000000000000000000, 1.000000000000000000 ) ) ;
#4187 = EDGE_LOOP ( 'NONE', ( #1025, #3681, #6598, #1059 ) ) ;
#4188 = LINE ( 'NONE', #3117, #196 ) ;
#4189 = VERTEX_POINT ( 'NONE', #4900 ) ;
#4190 =( GEOMETRIC_REPRESENTATION_CONTEXT ( 3 ) GLOBAL_UNCERTAINTY_ASSIGNED_CONTEXT ( ( #4568 ) ) GLOBAL_UNIT_ASSIGNED_CONTEXT ( ( #1189, #1713, #2596 ) ) REPRESENTATION_CONTEXT ( 'NONE', 'WORKASPACE' ) );
#4191 = PRESENTATION_LAYER_ASSIGNMENT (  '', '', ( #2166 ) ) ;
#4192 = DIRECTION ( 'NONE',  ( 0.000000000000000000, 1.000000000000000000, 0.000000000000000000 ) ) ;
#4193 = LINE ( 'NONE', #178, #46 ) ;
#4194 = VERTEX_POINT ( 'NONE', #5420 ) ;
#4195 = CARTESIAN_POINT ( 'NONE',  ( -2.994999999999997442, -0.2800000000000000266, 2.500000000000000444 ) ) ;
#4196 = FILL_AREA_STYLE ('',( #3674 ) ) ;
#4197 = PLANE ( 'NONE',  #5688 ) ;
#4198 = VECTOR ( 'NONE', #1918, 1000.000000000000000 ) ;
#4199 = VECTOR ( 'NONE', #4581, 1000.000000000000000 ) ;
#4200 = EDGE_LOOP ( 'NONE', ( #1683, #769, #1099, #2154 ) ) ;
#4201 = VECTOR ( 'NONE', #3178, 1000.000000000000000 ) ;
#4202 = ORIENTED_EDGE ( 'NONE', *, *, #2010, .T. ) ;
#4203 = AXIS2_PLACEMENT_3D ( 'NONE', #5524, #977, #3531 ) ;
#4204 = DIRECTION ( 'NONE',  ( 0.000000000000000000, 0.000000000000000000, 1.000000000000000000 ) ) ;
#4205 = ORIENTED_EDGE ( 'NONE', *, *, #1876, .T. ) ;
#4206 = DIRECTION ( 'NONE',  ( 0.000000000000000000, 1.000000000000000000, 0.000000000000000000 ) ) ;
#4207 = DIRECTION ( 'NONE',  ( 0.000000000000000000, 0.000000000000000000, -1.000000000000000000 ) ) ;
#4208 = CARTESIAN_POINT ( 'NONE',  ( 2.431353811107150875, 0.7699999999999999067, 1.907959339227716100 ) ) ;
#4209 = VERTEX_POINT ( 'NONE', #4320 ) ;
#4210 = CARTESIAN_POINT ( 'NONE',  ( -400000.0000000000000, 0.000000000000000000, -2.625000000023192115 ) ) ;
#4211 = EDGE_CURVE ( 'NONE', #5269, #4698, #5447, .T. ) ;
#4212 = AXIS2_PLACEMENT_3D ( 'NONE', #822, #4375, #5768 ) ;
#4213 = FILL_AREA_STYLE ('',( #226 ) ) ;
#4214 = VECTOR ( 'NONE', #841, 1000.000000000000000 ) ;
#4215 = DIRECTION ( 'NONE',  ( 1.000000000000000000, 0.000000000000000000, -7.826832626985216134E-16 ) ) ;
#4216 = PRESENTATION_LAYER_ASSIGNMENT (  '', '', ( #1459 ) ) ;
#4217 = PLANE ( 'NONE',  #4714 ) ;
#4218 = LINE ( 'NONE', #2181, #6541 ) ;
#4219 = VERTEX_POINT ( 'NONE', #377 ) ;
#4220 =( LENGTH_UNIT ( ) NAMED_UNIT ( * ) SI_UNIT ( .MILLI., .METRE. ) );
#4221 = CIRCLE ( 'NONE', #4016, 0.2215481472247725347 ) ;
#4222 =( GEOMETRIC_REPRESENTATION_CONTEXT ( 3 ) GLOBAL_UNCERTAINTY_ASSIGNED_CONTEXT ( ( #3651 ) ) GLOBAL_UNIT_ASSIGNED_CONTEXT ( ( #3359, #2343, #4802 ) ) REPRESENTATION_CONTEXT ( 'NONE', 'WORKASPACE' ) );
#4223 = DIRECTION ( 'NONE',  ( 1.000000000000000000, -0.000000000000000000, -2.896032514151599311E-16 ) ) ;
#4224 = DIRECTION ( 'NONE',  ( -1.000000000000000000, 0.000000000000000000, 0.000000000000000000 ) ) ;
#4225 = SURFACE_SIDE_STYLE ('',( #2188 ) ) ;
#4226 = ORIENTED_EDGE ( 'NONE', *, *, #2971, .F. ) ;
#4227 = DIRECTION ( 'NONE',  ( 1.734723475976807587E-16, 0.000000000000000000, -1.000000000000000000 ) ) ;
#4228 = ORIENTED_EDGE ( 'NONE', *, *, #1594, .T. ) ;
#4229 = FILL_AREA_STYLE_COLOUR ( '', #6551 ) ;
#4230 = VERTEX_POINT ( 'NONE', #2406 ) ;
#4231 = FACE_OUTER_BOUND ( 'NONE', #390, .T. ) ;
#4232 = PRESENTATION_STYLE_ASSIGNMENT (( #1678 ) ) ;
#4233 = CARTESIAN_POINT ( 'NONE',  ( -3.014094982802362210, -0.3300000000000000155, 1.700000000000000622 ) ) ;
#4234 = VERTEX_POINT ( 'NONE', #3453 ) ;
#4235 = ORIENTED_EDGE ( 'NONE', *, *, #5845, .F. ) ;
#4236 =( GEOMETRIC_REPRESENTATION_CONTEXT ( 3 ) GLOBAL_UNCERTAINTY_ASSIGNED_CONTEXT ( ( #1781 ) ) GLOBAL_UNIT_ASSIGNED_CONTEXT ( ( #1354, #3477, #1871 ) ) REPRESENTATION_CONTEXT ( 'NONE', 'WORKASPACE' ) );
#4237 = CARTESIAN_POINT ( 'NONE',  ( 0.4499700565929742879, -0.3300000000000000155, 291550.0000000001164 ) ) ;
#4238 = ORIENTED_EDGE ( 'NONE', *, *, #5687, .T. ) ;
#4239 = DIRECTION ( 'NONE',  ( 0.000000000000000000, 0.000000000000000000, 1.000000000000000000 ) ) ;
#4240 = FILL_AREA_STYLE ('',( #721 ) ) ;
#4241 = CARTESIAN_POINT ( 'NONE',  ( -3.014094982802362210, -0.3300000000000000155, 0.7899999999717757238 ) ) ;
#4242 = PRESENTATION_LAYER_ASSIGNMENT (  '', '', ( #3606 ) ) ;
#4243 =( LENGTH_UNIT ( ) NAMED_UNIT ( * ) SI_UNIT ( .MILLI., .METRE. ) );
#4244 = LINE ( 'NONE', #5816, #3025 ) ;
#4245 = EDGE_CURVE ( 'NONE', #6121, #3752, #4463, .T. ) ;
#4246 = DIRECTION ( 'NONE',  ( 0.000000000000000000, 1.000000000000000000, 0.000000000000000000 ) ) ;
#4247 = SURFACE_STYLE_USAGE ( .BOTH. , #166 ) ;
#4248 = LINE ( 'NONE', #835, #224 ) ;
#4249 = DIRECTION ( 'NONE',  ( 0.000000000000000000, 0.000000000000000000, -1.000000000000000000 ) ) ;
#4250 = LINE ( 'NONE', #201, #1675 ) ;
#4251 = EDGE_CURVE ( 'NONE', #3186, #627, #2873, .T. ) ;
#4252 =( NAMED_UNIT ( * ) SI_UNIT ( $, .STERADIAN. ) SOLID_ANGLE_UNIT ( ) );
#4253 = DIRECTION ( 'NONE',  ( 3.401418580346680918E-15, 0.000000000000000000, -1.000000000000000000 ) ) ;
#4254 = ORIENTED_EDGE ( 'NONE', *, *, #5423, .F. ) ;
#4255 = ORIENTED_EDGE ( 'NONE', *, *, #4810, .F. ) ;
#4256 = DIRECTION ( 'NONE',  ( -1.000000000000000000, 0.000000000000000000, -4.773003671468901982E-16 ) ) ;
#4257 = DIRECTION ( 'NONE',  ( 0.000000000000000000, 1.000000000000000000, 0.000000000000000000 ) ) ;
#4258 = CARTESIAN_POINT ( 'NONE',  ( 3.014094982802362210, 0.000000000000000000, -0.4300000000000004929 ) ) ;
#4259 = CIRCLE ( 'NONE', #2647, 0.04999999999999969746 ) ;
#4260 = VERTEX_POINT ( 'NONE', #6361 ) ;
#4261 = LINE ( 'NONE', #6308, #207 ) ;
#4262 = PLANE ( 'NONE',  #250 ) ;
#4263 = VERTEX_POINT ( 'NONE', #3314 ) ;
#4264 = EDGE_CURVE ( 'NONE', #4985, #3368, #5481, .T. ) ;
#4265 = COLOUR_RGB ( '',0.7686274509803920907, 0.7686274509803920907, 0.7686274509803920907 ) ;
#4266 = EDGE_LOOP ( 'NONE', ( #12, #3202, #5468, #1742 ) ) ;
#4267 =( GEOMETRIC_REPRESENTATION_CONTEXT ( 3 ) GLOBAL_UNCERTAINTY_ASSIGNED_CONTEXT ( ( #6447 ) ) GLOBAL_UNIT_ASSIGNED_CONTEXT ( ( #5591, #3970, #3501 ) ) REPRESENTATION_CONTEXT ( 'NONE', 'WORKASPACE' ) );
#4268 = ORIENTED_EDGE ( 'NONE', *, *, #2897, .T. ) ;
#4269 = SURFACE_SIDE_STYLE ('',( #717 ) ) ;
#4270 = ORIENTED_EDGE ( 'NONE', *, *, #4114, .F. ) ;
#4271 = DIRECTION ( 'NONE',  ( -0.9767813978747172943, 0.000000000000000000, -0.2142384203776561136 ) ) ;
#4272 = PRESENTATION_STYLE_ASSIGNMENT (( #3789 ) ) ;
#4273 = FACE_OUTER_BOUND ( 'NONE', #4857, .T. ) ;
#4274 = PRESENTATION_STYLE_ASSIGNMENT (( #2701 ) ) ;
#4275 = MECHANICAL_DESIGN_GEOMETRIC_PRESENTATION_REPRESENTATION (  '', ( #437 ), #5559 ) ;
#4276 = DIRECTION ( 'NONE',  ( 1.000000000000000000, -0.000000000000000000, 0.000000000000000000 ) ) ;
#4277 = STYLED_ITEM ( 'NONE', ( #246 ), #6276 ) ;
#4278 = LINE ( 'NONE', #6325, #5140 ) ;
#4279 =( NAMED_UNIT ( * ) SI_UNIT ( $, .STERADIAN. ) SOLID_ANGLE_UNIT ( ) );
#4280 = SURFACE_STYLE_USAGE ( .BOTH. , #55 ) ;
#4281 = DIRECTION ( 'NONE',  ( 0.000000000000000000, 0.000000000000000000, 1.000000000000000000 ) ) ;
#4282 =( GEOMETRIC_REPRESENTATION_CONTEXT ( 3 ) GLOBAL_UNCERTAINTY_ASSIGNED_CONTEXT ( ( #1623 ) ) GLOBAL_UNIT_ASSIGNED_CONTEXT ( ( #4761, #1129, #2239 ) ) REPRESENTATION_CONTEXT ( 'NONE', 'WORKASPACE' ) );
#4283 = VECTOR ( 'NONE', #4899, 1000.000000000000000 ) ;
#4284 = FILL_AREA_STYLE ('',( #2243 ) ) ;
#4285 = CARTESIAN_POINT ( 'NONE',  ( 0.5249700567192091549, 0.000000000000000000, 2.625000000023192115 ) ) ;
#4286 = CARTESIAN_POINT ( 'NONE',  ( -2.994999999999997442, -0.2800000000000000266, 2.500000000000000444 ) ) ;
#4287 =( NAMED_UNIT ( * ) SI_UNIT ( $, .STERADIAN. ) SOLID_ANGLE_UNIT ( ) );
#4288 = VECTOR ( 'NONE', #6286, 1000.000000000000000 ) ;
#4289 = DIRECTION ( 'NONE',  ( 0.000000000000000000, 0.000000000000000000, 1.000000000000000000 ) ) ;
#4290 = COLOUR_RGB ( '',0.2941176470588235392, 0.2941176470588235392, 0.2941176470588235392 ) ;
#4291 = VECTOR ( 'NONE', #6208, 1000.000000000000000 ) ;
#4292 =( LENGTH_UNIT ( ) NAMED_UNIT ( * ) SI_UNIT ( .MILLI., .METRE. ) );
#4293 = CARTESIAN_POINT ( 'NONE',  ( 3.014094982814588874, 0.000000000000000000, 1.649999999999999467 ) ) ;
#4294 = VERTEX_POINT ( 'NONE', #4430 ) ;
#4295 = FILL_AREA_STYLE_COLOUR ( '', #3434 ) ;
#4296 = CARTESIAN_POINT ( 'NONE',  ( -2.827080316280679906, 0.7900000000000000355, 2.332080316280682464 ) ) ;
#4297 = SURFACE_STYLE_FILL_AREA ( #1400 ) ;
#4298 = COLOUR_RGB ( '',0.7686274509803920907, 0.7686274509803920907, 0.7686274509803920907 ) ;
#4299 = EDGE_CURVE ( 'NONE', #2720, #4163, #4221, .T. ) ;
#4300 =( GEOMETRIC_REPRESENTATION_CONTEXT ( 3 ) GLOBAL_UNCERTAINTY_ASSIGNED_CONTEXT ( ( #5103 ) ) GLOBAL_UNIT_ASSIGNED_CONTEXT ( ( #5872, #4954, #825 ) ) REPRESENTATION_CONTEXT ( 'NONE', 'WORKASPACE' ) );
#4301 = MECHANICAL_DESIGN_GEOMETRIC_PRESENTATION_REPRESENTATION (  '', ( #2160 ), #3554 ) ;
#4302 = DIRECTION ( 'NONE',  ( 1.000000000000000000, 0.000000000000000000, -1.700709290173341642E-15 ) ) ;
#4303 = ORIENTED_EDGE ( 'NONE', *, *, #3617, .F. ) ;
#4304 = CARTESIAN_POINT ( 'NONE',  ( 0.8849700567452600808, 0.000000000000000000, -2.625000000023192115 ) ) ;
#4305 = DIRECTION ( 'NONE',  ( 0.000000000000000000, 1.000000000000000000, 0.000000000000000000 ) ) ;
#4306 = EDGE_LOOP ( 'NONE', ( #1990, #1300, #4370, #5528 ) ) ;
#4307 = PRESENTATION_LAYER_ASSIGNMENT (  '', '', ( #3784 ) ) ;
#4308 = SURFACE_SIDE_STYLE ('',( #1380 ) ) ;
#4309 = EDGE_CURVE ( 'NONE', #4946, #4989, #941, .T. ) ;
#4310 = DIRECTION ( 'NONE',  ( 1.700709290173339867E-15, 0.000000000000000000, -1.000000000000000000 ) ) ;
#4311 = ORIENTED_EDGE ( 'NONE', *, *, #712, .F. ) ;
#4312 = EDGE_CURVE ( 'NONE', #4119, #5835, #3353, .T. ) ;
#4313 = VECTOR ( 'NONE', #3033, 1000.000000000000000 ) ;
#4314 = VECTOR ( 'NONE', #2187, 1000.000000000000000 ) ;
#4315 = SURFACE_SIDE_STYLE ('',( #3824 ) ) ;
#4316 = EDGE_CURVE ( 'NONE', #2656, #5053, #799, .T. ) ;
#4317 = DIRECTION ( 'NONE',  ( 0.000000000000000000, 0.000000000000000000, 1.000000000000000000 ) ) ;
#4318 = VECTOR ( 'NONE', #5315, 1000.000000000000000 ) ;
#4319 =( NAMED_UNIT ( * ) PLANE_ANGLE_UNIT ( ) SI_UNIT ( $, .RADIAN. ) );
#4320 = CARTESIAN_POINT ( 'NONE',  ( 2.995000000000000107, 0.000000000000000000, -2.063789810308649386 ) ) ;
#4321 =( LENGTH_UNIT ( ) NAMED_UNIT ( * ) SI_UNIT ( .MILLI., .METRE. ) );
#4322 = ADVANCED_FACE ( 'NONE', ( #4869 ), #1785, .F. ) ;
#4323 = DIRECTION ( 'NONE',  ( 0.000000000000000000, 1.000000000000000000, 0.000000000000000000 ) ) ;
#4324 = ADVANCED_FACE ( 'NONE', ( #2042 ), #436, .T. ) ;
#4325 = FACE_OUTER_BOUND ( 'NONE', #1639, .T. ) ;
#4326 = COLOUR_RGB ( '',0.7686274509803920907, 0.7686274509803920907, 0.7686274509803920907 ) ;
#4327 = CARTESIAN_POINT ( 'NONE',  ( -2.964094982814913237, -0.3300000000000000155, -0.8649999999761348590 ) ) ;
#4328 = FACE_OUTER_BOUND ( 'NONE', #6558, .T. ) ;
#4329 = DIRECTION ( 'NONE',  ( -1.000000000000000000, 0.000000000000000000, 0.000000000000000000 ) ) ;
#4330 = PLANE ( 'NONE',  #588 ) ;
#4331 = VECTOR ( 'NONE', #1290, 1000.000000000000000 ) ;
#4332 = AXIS2_PLACEMENT_3D ( 'NONE', #4167, #1712, #4239 ) ;
#4333 = DIRECTION ( 'NONE',  ( 1.516382550836134908E-16, -0.000000000000000000, 1.000000000000000000 ) ) ;
#4334 = ORIENTED_EDGE ( 'NONE', *, *, #5239, .F. ) ;
#4335 = AXIS2_PLACEMENT_3D ( 'NONE', #3660, #5723, #3598 ) ;
#4336 = DIRECTION ( 'NONE',  ( 0.000000000000000000, 1.000000000000000000, 0.000000000000000000 ) ) ;
#4337 = FACE_OUTER_BOUND ( 'NONE', #2998, .T. ) ;
#4338 = EDGE_LOOP ( 'NONE', ( #514, #3839, #3532, #5903 ) ) ;
#4339 = DIRECTION ( 'NONE',  ( 0.000000000000000000, 1.000000000000000000, 0.000000000000000000 ) ) ;
#4340 = ORIENTED_EDGE ( 'NONE', *, *, #417, .T. ) ;
#4341 = CARTESIAN_POINT ( 'NONE',  ( 2.409999999997580744, -0.3300000000000000155, 1.624999999989995558 ) ) ;
#4342 = LINE ( 'NONE', #3332, #291 ) ;
#4343 = PRESENTATION_LAYER_ASSIGNMENT (  '', '', ( #2622 ) ) ;
#4344 = ORIENTED_EDGE ( 'NONE', *, *, #3835, .T. ) ;
#4345 = ADVANCED_FACE ( 'NONE', ( #3005 ), #4049, .T. ) ;
#4346 = CYLINDRICAL_SURFACE ( 'NONE', #6554, 0.04999999999999969746 ) ;
#4347 = ORIENTED_EDGE ( 'NONE', *, *, #2566, .T. ) ;
#4348 = CARTESIAN_POINT ( 'NONE',  ( -2.994999999999998774, -0.3300000000000000155, 0.4262101896913503829 ) ) ;
#4349 = DIRECTION ( 'NONE',  ( 0.000000000000000000, 0.000000000000000000, 1.000000000000000000 ) ) ;
#4350 =( NAMED_UNIT ( * ) PLANE_ANGLE_UNIT ( ) SI_UNIT ( $, .RADIAN. ) );
#4351 = LINE ( 'NONE', #3277, #6438 ) ;
#4352 = PRESENTATION_LAYER_ASSIGNMENT (  '', '', ( #738 ) ) ;
#4353 = FACE_OUTER_BOUND ( 'NONE', #2616, .T. ) ;
#4354 = CARTESIAN_POINT ( 'NONE',  ( 3.014094982814588874, 0.000000000000000000, -0.3800000000000003375 ) ) ;
#4355 = DIRECTION ( 'NONE',  ( 0.000000000000000000, 0.000000000000000000, -1.000000000000000000 ) ) ;
#4356 = APPLICATION_PROTOCOL_DEFINITION ( 'draft international standard', 'automotive_design', 1998, #5772 ) ;
#4357 = UNCERTAINTY_MEASURE_WITH_UNIT (LENGTH_MEASURE( 1.000000000000000082E-05 ), #2045, 'distance_accuracy_value', 'NONE');
#4358 = SURFACE_SIDE_STYLE ('',( #658 ) ) ;
#4359 = DIRECTION ( 'NONE',  ( -1.000000000000000000, 0.000000000000000000, 0.000000000000000000 ) ) ;
#4360 = DIRECTION ( 'NONE',  ( 1.000000000000000000, -0.000000000000000000, 1.734723475976807587E-16 ) ) ;
#4361 = DIRECTION ( 'NONE',  ( 0.000000000000000000, 1.000000000000000000, 0.000000000000000000 ) ) ;
#4362 = DIRECTION ( 'NONE',  ( 0.000000000000000000, 1.000000000000000000, 0.000000000000000000 ) ) ;
#4363 = ORIENTED_EDGE ( 'NONE', *, *, #215, .F. ) ;
#4364 =( LENGTH_UNIT ( ) NAMED_UNIT ( * ) SI_UNIT ( .MILLI., .METRE. ) );
#4365 = DIRECTION ( 'NONE',  ( 0.000000000000000000, 0.000000000000000000, 1.000000000000000000 ) ) ;
#4366 =( NAMED_UNIT ( * ) SI_UNIT ( $, .STERADIAN. ) SOLID_ANGLE_UNIT ( ) );
#4367 = ORIENTED_EDGE ( 'NONE', *, *, #4316, .T. ) ;
#4368 = DIRECTION ( 'NONE',  ( 0.000000000000000000, 0.000000000000000000, 1.000000000000000000 ) ) ;
#4369 = DIRECTION ( 'NONE',  ( -1.700709290173341642E-15, 0.000000000000000000, -1.000000000000000000 ) ) ;
#4370 = ORIENTED_EDGE ( 'NONE', *, *, #4082, .F. ) ;
#4371 = DIRECTION ( 'NONE',  ( -0.2079116908177597867, -0.9781476007338055778, 0.000000000000000000 ) ) ;
#4372 = CARTESIAN_POINT ( 'NONE',  ( -2.409999999997580744, -0.3300000000000000155, -2.135000000009767973 ) ) ;
#4373 = VERTEX_POINT ( 'NONE', #6052 ) ;
#4374 = PRESENTATION_LAYER_ASSIGNMENT (  '', '', ( #1603 ) ) ;
#4375 = DIRECTION ( 'NONE',  ( -0.000000000000000000, 1.000000000000000000, 0.000000000000000000 ) ) ;
#4376 = EDGE_LOOP ( 'NONE', ( #547, #4821, #2696, #154 ) ) ;
#4377 = PLANE ( 'NONE',  #2505 ) ;
#4378 = EDGE_CURVE ( 'NONE', #3608, #2321, #970, .T. ) ;
#4379 = DIRECTION ( 'NONE',  ( 0.000000000000000000, 1.000000000000000000, 0.000000000000000000 ) ) ;
#4380 = EDGE_CURVE ( 'NONE', #2148, #3907, #1494, .T. ) ;
#4381 = EDGE_CURVE ( 'NONE', #4035, #5714, #2602, .T. ) ;
#4382 = UNCERTAINTY_MEASURE_WITH_UNIT (LENGTH_MEASURE( 1.000000000000000082E-05 ), #327, 'distance_accuracy_value', 'NONE');
#4383 = CARTESIAN_POINT ( 'NONE',  ( 2.410000000022919142, -0.2800000000000000266, 2.135000000009767973 ) ) ;
#4384 = SURFACE_STYLE_USAGE ( .BOTH. , #5949 ) ;
#4385 = EDGE_CURVE ( 'NONE', #5543, #5100, #5148, .T. ) ;
#4386 = FACE_OUTER_BOUND ( 'NONE', #6437, .T. ) ;
#4387 =( LENGTH_UNIT ( ) NAMED_UNIT ( * ) SI_UNIT ( .MILLI., .METRE. ) );
#4388 = ORIENTED_EDGE ( 'NONE', *, *, #6132, .T. ) ;
#4389 = LINE ( 'NONE', #1289, #4283 ) ;
#4390 = DIRECTION ( 'NONE',  ( -1.000000000000000000, 0.000000000000000000, 4.094998334544767289E-15 ) ) ;
#4391 = EDGE_CURVE ( 'NONE', #2004, #3586, #2588, .T. ) ;
#4392 =( NAMED_UNIT ( * ) PLANE_ANGLE_UNIT ( ) SI_UNIT ( $, .RADIAN. ) );
#4393 = ADVANCED_FACE ( 'NONE', ( #6380 ), #366, .T. ) ;
#4394 = SURFACE_STYLE_USAGE ( .BOTH. , #1853 ) ;
#4395 = CARTESIAN_POINT ( 'NONE',  ( -2.995002144204308880, -0.2800000000000000266, -1.989997137444927233 ) ) ;
#4396 = CARTESIAN_POINT ( 'NONE',  ( 3.119999999341871444, -0.3300000000000000155, 291550.0000000009895 ) ) ;
#4397 = CARTESIAN_POINT ( 'NONE',  ( -3.014094982814586210, -0.2800000000000000266, 2.110000000000000764 ) ) ;
#4398 = PRESENTATION_LAYER_ASSIGNMENT (  '', '', ( #437 ) ) ;
#4399 = FILL_AREA_STYLE_COLOUR ( '', #954 ) ;
#4400 = STYLED_ITEM ( 'NONE', ( #4439 ), #6332 ) ;
#4401 = ORIENTED_EDGE ( 'NONE', *, *, #202, .T. ) ;
#4402 =( NAMED_UNIT ( * ) SI_UNIT ( $, .STERADIAN. ) SOLID_ANGLE_UNIT ( ) );
#4403 = SURFACE_SIDE_STYLE ('',( #1275 ) ) ;
#4404 =( LENGTH_UNIT ( ) NAMED_UNIT ( * ) SI_UNIT ( .MILLI., .METRE. ) );
#4405 = AXIS2_PLACEMENT_3D ( 'NONE', #3893, #1845, #3415 ) ;
#4406 = FACE_OUTER_BOUND ( 'NONE', #5654, .T. ) ;
#4407 = CIRCLE ( 'NONE', #1107, 0.04999999999999969746 ) ;
#4408 = ORIENTED_EDGE ( 'NONE', *, *, #1403, .F. ) ;
#4409 = SURFACE_STYLE_FILL_AREA ( #1830 ) ;
#4410 = PLANE ( 'NONE',  #4051 ) ;
#4411 = VECTOR ( 'NONE', #4732, 1000.000000000000000 ) ;
#4412 = ORIENTED_EDGE ( 'NONE', *, *, #1743, .T. ) ;
#4413 = EDGE_CURVE ( 'NONE', #5543, #6051, #921, .T. ) ;
#4414 = AXIS2_PLACEMENT_3D ( 'NONE', #4195, #6163, #5659 ) ;
#4415 = DIRECTION ( 'NONE',  ( 0.000000000000000000, 1.000000000000000000, 0.000000000000000000 ) ) ;
#4416 = STYLED_ITEM ( 'NONE', ( #5014 ), #5017 ) ;
#4417 = FACE_OUTER_BOUND ( 'NONE', #1797, .T. ) ;
#4418 = COLOUR_RGB ( '',0.7686274509803920907, 0.7686274509803920907, 0.7686274509803920907 ) ;
#4419 = ORIENTED_EDGE ( 'NONE', *, *, #127, .T. ) ;
#4420 = CARTESIAN_POINT ( 'NONE',  ( -2.995000000000000107, -0.3300000000000000155, -2.063789810308648942 ) ) ;
#4421 = SURFACE_SIDE_STYLE ('',( #3788 ) ) ;
#4422 =( GEOMETRIC_REPRESENTATION_CONTEXT ( 3 ) GLOBAL_UNCERTAINTY_ASSIGNED_CONTEXT ( ( #2840 ) ) GLOBAL_UNIT_ASSIGNED_CONTEXT ( ( #951, #3563, #4002 ) ) REPRESENTATION_CONTEXT ( 'NONE', 'WORKASPACE' ) );
#4423 = VECTOR ( 'NONE', #5377, 1000.000000000000000 ) ;
#4424 = FACE_OUTER_BOUND ( 'NONE', #5935, .T. ) ;
#4425 = STYLED_ITEM ( 'NONE', ( #2756 ), #4676 ) ;
#4426 = VECTOR ( 'NONE', #3644, 1000.000000000000000 ) ;
#4427 = ORIENTED_EDGE ( 'NONE', *, *, #4316, .F. ) ;
#4428 = VECTOR ( 'NONE', #3315, 1000.000000000000000 ) ;
#4429 = SURFACE_STYLE_USAGE ( .BOTH. , #4925 ) ;
#4430 = CARTESIAN_POINT ( 'NONE',  ( 3.014094982802362210, -0.3300000000000000155, 2.060000000000000053 ) ) ;
#4431 =( NAMED_UNIT ( * ) SI_UNIT ( $, .STERADIAN. ) SOLID_ANGLE_UNIT ( ) );
#4432 = EDGE_CURVE ( 'NONE', #3935, #1214, #4856, .T. ) ;
#4433 = VECTOR ( 'NONE', #3256, 1000.000000000000000 ) ;
#4434 = FILL_AREA_STYLE_COLOUR ( '', #1012 ) ;
#4435 = CARTESIAN_POINT ( 'NONE',  ( 0.5249700567192092659, -0.2800000000000000266, 2.499999999999999556 ) ) ;
#4436 = LINE ( 'NONE', #3966, #3581 ) ;
#4437 = CARTESIAN_POINT ( 'NONE',  ( 2.964094982814913237, -0.2800000000000000266, -2.135000000009767973 ) ) ;
#4438 = ORIENTED_EDGE ( 'NONE', *, *, #1461, .T. ) ;
#4439 = PRESENTATION_STYLE_ASSIGNMENT (( #2380 ) ) ;
#4440 = STYLED_ITEM ( 'NONE', ( #477 ), #4020 ) ;
#4441 = CARTESIAN_POINT ( 'NONE',  ( -2.964094982814913237, -0.3300000000000000155, 0.3800000000069303496 ) ) ;
#4442 = CARTESIAN_POINT ( 'NONE',  ( -400000.0000000000000, -0.3300000000000000155, -2.059999999971751095 ) ) ;
#4443 = CARTESIAN_POINT ( 'NONE',  ( -400001.2257478136453, -0.3300000000000000155, 3.671709130344424921 ) ) ;
#4444 = ORIENTED_EDGE ( 'NONE', *, *, #1528, .F. ) ;
#4445 = COLOUR_RGB ( '',0.7686274509803920907, 0.7686274509803920907, 0.7686274509803920907 ) ;
#4446 = DIRECTION ( 'NONE',  ( 0.000000000000000000, 0.000000000000000000, 1.000000000000000000 ) ) ;
#4447 = VECTOR ( 'NONE', #6398, 1000.000000000000000 ) ;
#4448 = VECTOR ( 'NONE', #2060, 1000.000000000000000 ) ;
#4449 = VECTOR ( 'NONE', #2340, 1000.000000000000000 ) ;
#4450 =( NAMED_UNIT ( * ) SI_UNIT ( $, .STERADIAN. ) SOLID_ANGLE_UNIT ( ) );
#4451 = ORIENTED_EDGE ( 'NONE', *, *, #1478, .T. ) ;
#4452 = CARTESIAN_POINT ( 'NONE',  ( 3.014094982802362210, -0.3300000000000000155, -2.059999999971751095 ) ) ;
#4453 = AXIS2_PLACEMENT_3D ( 'NONE', #530, #2507, #1561 ) ;
#4454 = AXIS2_PLACEMENT_3D ( 'NONE', #429, #4186, #591 ) ;
#4455 = DIRECTION ( 'NONE',  ( -0.000000000000000000, 1.000000000000000000, 0.000000000000000000 ) ) ;
#4456 = ORIENTED_EDGE ( 'NONE', *, *, #889, .F. ) ;
#4457 = LINE ( 'NONE', #4486, #5499 ) ;
#4458 = SURFACE_STYLE_FILL_AREA ( #2993 ) ;
#4459 =( NAMED_UNIT ( * ) PLANE_ANGLE_UNIT ( ) SI_UNIT ( $, .RADIAN. ) );
#4460 = CARTESIAN_POINT ( 'NONE',  ( 3.014094982814587986, 0.000000000000000000, 2.109999999999999876 ) ) ;
#4461 = VERTEX_POINT ( 'NONE', #5836 ) ;
#4462 = CARTESIAN_POINT ( 'NONE',  ( -2.964094982814587276, -0.3300000000000000155, -1.649999999983720045 ) ) ;
#4463 = LINE ( 'NONE', #867, #1249 ) ;
#4464 = EDGE_CURVE ( 'NONE', #3060, #6539, #819, .T. ) ;
#4465 = MECHANICAL_DESIGN_GEOMETRIC_PRESENTATION_REPRESENTATION (  '', ( #3605 ), #2956 ) ;
#4466 =( NAMED_UNIT ( * ) SI_UNIT ( $, .STERADIAN. ) SOLID_ANGLE_UNIT ( ) );
#4467 = CARTESIAN_POINT ( 'NONE',  ( -2.994999999999997442, 0.000000000000000000, 2.500000000000000444 ) ) ;
#4468 = AXIS2_PLACEMENT_3D ( 'NONE', #5050, #995, #5670 ) ;
#4469 = EDGE_CURVE ( 'NONE', #811, #5342, #3406, .T. ) ;
#4470 = CARTESIAN_POINT ( 'NONE',  ( 3.014094982814588874, -0.2800000000000000266, 0.3799999999999993938 ) ) ;
#4471 = CARTESIAN_POINT ( 'NONE',  ( 2.964094982814589052, -0.3300000000000000155, 1.649999999983720045 ) ) ;
#4472 = ORIENTED_EDGE ( 'NONE', *, *, #4413, .F. ) ;
#4473 = LINE ( 'NONE', #5101, #3974 ) ;
#4474 = CARTESIAN_POINT ( 'NONE',  ( -3.014094982802362210, 0.000000000000000000, 0.7899999999717757238 ) ) ;
#4475 = DIRECTION ( 'NONE',  ( 0.9999999999911618476, 0.000000000000000000, -4.204298578504836987E-06 ) ) ;
#4476 = ADVANCED_FACE ( 'NONE', ( #2864 ), #3924, .F. ) ;
#4477 =( LENGTH_UNIT ( ) NAMED_UNIT ( * ) SI_UNIT ( .MILLI., .METRE. ) );
#4478 = VERTEX_POINT ( 'NONE', #3952 ) ;
#4479 = PRODUCT ( 'PowerPAK_SO8_single', 'PowerPAK_SO8_single', '', ( #2311 ) ) ;
#4480 = DIRECTION ( 'NONE',  ( 1.000000000000000000, -0.000000000000000000, 0.000000000000000000 ) ) ;
#4481 = LINE ( 'NONE', #6005, #426 ) ;
#4482 = CARTESIAN_POINT ( 'NONE',  ( -400000.0000000000000, -0.3300000000000000155, -0.7899999999949613994 ) ) ;
#4483 = ADVANCED_FACE ( 'NONE', ( #5969 ), #2355, .F. ) ;
#4484 = ORIENTED_EDGE ( 'NONE', *, *, #1268, .F. ) ;
#4485 = AXIS2_PLACEMENT_3D ( 'NONE', #218, #4782, #2259 ) ;
#4486 = CARTESIAN_POINT ( 'NONE',  ( -400000.0000000006403, 0.000000000000000000, 1.700000000823820301 ) ) ;
#4487 = UNCERTAINTY_MEASURE_WITH_UNIT (LENGTH_MEASURE( 1.000000000000000082E-05 ), #2752, 'distance_accuracy_value', 'NONE');
#4488 = VERTEX_POINT ( 'NONE', #3476 ) ;
#4489 = CIRCLE ( 'NONE', #5537, 0.05000000000000012768 ) ;
#4490 = CARTESIAN_POINT ( 'NONE',  ( -2.994999999999997442, -0.2800000000000000266, 2.500000000000000444 ) ) ;
#4491 = ORIENTED_EDGE ( 'NONE', *, *, #4105, .T. ) ;
#4492 = AXIS2_PLACEMENT_3D ( 'NONE', #4739, #6195, #3124 ) ;
#4493 = SURFACE_STYLE_USAGE ( .BOTH. , #5444 ) ;
#4494 = CARTESIAN_POINT ( 'NONE',  ( 2.995000000000000107, 0.000000000000000000, -2.499999999999999556 ) ) ;
#4495 = ORIENTED_EDGE ( 'NONE', *, *, #5767, .T. ) ;
#4496 =( NAMED_UNIT ( * ) PLANE_ANGLE_UNIT ( ) SI_UNIT ( $, .RADIAN. ) );
#4497 = VECTOR ( 'NONE', #911, 1000.000000000000000 ) ;
#4498 = PRESENTATION_STYLE_ASSIGNMENT (( #4531 ) ) ;
#4499 = LINE ( 'NONE', #2409, #5662 ) ;
#4500 = CARTESIAN_POINT ( 'NONE',  ( -2.994999999999998330, -0.3300000000000000155, 0.7937898103086508117 ) ) ;
#4501 = ORIENTED_EDGE ( 'NONE', *, *, #6405, .F. ) ;
#4502 = FILL_AREA_STYLE_COLOUR ( '', #1732 ) ;
#4503 = SURFACE_STYLE_USAGE ( .BOTH. , #1467 ) ;
#4504 = CARTESIAN_POINT ( 'NONE',  ( -2.994999999999997886, -0.2799999999999999711, 1.696210189691350623 ) ) ;
#4505 = PRESENTATION_STYLE_ASSIGNMENT (( #3326 ) ) ;
#4506 = SURFACE_SIDE_STYLE ('',( #6523 ) ) ;
#4507 = VERTEX_POINT ( 'NONE', #5628 ) ;
#4508 = PRESENTATION_LAYER_ASSIGNMENT (  '', '', ( #106 ) ) ;
#4509 =( LENGTH_UNIT ( ) NAMED_UNIT ( * ) SI_UNIT ( .MILLI., .METRE. ) );
#4510 = LINE ( 'NONE', #4095, #1045 ) ;
#4511 = APPLICATION_CONTEXT ( 'automotive_design' ) ;
#4512 = LINE ( 'NONE', #1965, #4052 ) ;
#4513 = PRESENTATION_LAYER_ASSIGNMENT (  '', '', ( #2257 ) ) ;
#4514 = ORIENTED_EDGE ( 'NONE', *, *, #850, .F. ) ;
#4515 = SURFACE_STYLE_USAGE ( .BOTH. , #4225 ) ;
#4516 = DIRECTION ( 'NONE',  ( 0.000000000000000000, 0.000000000000000000, 1.000000000000000000 ) ) ;
#4517 = AXIS2_PLACEMENT_3D ( 'NONE', #6593, #517, #2987 ) ;
#4518 = ORIENTED_EDGE ( 'NONE', *, *, #6543, .T. ) ;
#4519 = CARTESIAN_POINT ( 'NONE',  ( 2.964094982814913237, -0.2800000000000000266, -0.3550000000132058631 ) ) ;
#4520 = SURFACE_STYLE_USAGE ( .BOTH. , #1788 ) ;
#4521 = ORIENTED_EDGE ( 'NONE', *, *, #4917, .F. ) ;
#4522 = ADVANCED_FACE ( 'NONE', ( #2548 ), #3026, .T. ) ;
#4523 = DIRECTION ( 'NONE',  ( 0.2142384203776572515, 0.000000000000000000, 0.9767813978747170722 ) ) ;
#4524 = PRESENTATION_LAYER_ASSIGNMENT (  '', '', ( #237 ) ) ;
#4525 = CARTESIAN_POINT ( 'NONE',  ( 2.964094982814913237, -0.3300000000000000155, -1.624999999989995558 ) ) ;
#4526 = VERTEX_POINT ( 'NONE', #2989 ) ;
#4527 = CARTESIAN_POINT ( 'NONE',  ( 0.5249700566878345853, -0.3300000000000000155, 2.397846985473961468 ) ) ;
#4528 = ADVANCED_FACE ( 'NONE', ( #1084 ), #492, .F. ) ;
#4529 = SHAPE_DEFINITION_REPRESENTATION ( #1751, #3454 ) ;
#4530 = VECTOR ( 'NONE', #49, 1000.000000000000000 ) ;
#4531 = SURFACE_STYLE_USAGE ( .BOTH. , #6582 ) ;
#4532 = VECTOR ( 'NONE', #4724, 1000.000000000000114 ) ;
#4533 = EDGE_CURVE ( 'NONE', #4705, #2264, #3976, .T. ) ;
#4534 = FILL_AREA_STYLE ('',( #6514 ) ) ;
#4535 = LINE ( 'NONE', #4028, #370 ) ;
#4536 = EDGE_CURVE ( 'NONE', #446, #620, #2454, .T. ) ;
#4537 = VERTEX_POINT ( 'NONE', #424 ) ;
#4538 = MECHANICAL_DESIGN_GEOMETRIC_PRESENTATION_REPRESENTATION (  '', ( #4749 ), #1656 ) ;
#4539 = SURFACE_SIDE_STYLE ('',( #1917 ) ) ;
#4540 = FILL_AREA_STYLE ('',( #1433 ) ) ;
#4541 =( NAMED_UNIT ( * ) SI_UNIT ( $, .STERADIAN. ) SOLID_ANGLE_UNIT ( ) );
#4542 = VERTEX_POINT ( 'NONE', #5529 ) ;
#4543 = COLOUR_RGB ( '',0.7686274509803920907, 0.7686274509803920907, 0.7686274509803920907 ) ;
#4544 = SURFACE_SIDE_STYLE ('',( #5561 ) ) ;
#4545 = CARTESIAN_POINT ( 'NONE',  ( 1.430000000084419298, -0.3300000000000000155, 291549.9999999998836 ) ) ;
#4546 = PLANE ( 'NONE',  #6426 ) ;
#4547 = PRESENTATION_LAYER_ASSIGNMENT (  '', '', ( #1450 ) ) ;
#4548 = DIRECTION ( 'NONE',  ( -1.000000000000000000, 0.000000000000000000, 4.094998334544767289E-15 ) ) ;
#4549 = CARTESIAN_POINT ( 'NONE',  ( 3.120000000023992470, 0.000000000000000000, -0.7899999999949613994 ) ) ;
#4550 = STYLED_ITEM ( 'NONE', ( #6304 ), #3897 ) ;
#4551 = MECHANICAL_DESIGN_GEOMETRIC_PRESENTATION_REPRESENTATION (  '', ( #2827 ), #5394 ) ;
#4552 = VECTOR ( 'NONE', #4797, 1000.000000000000000 ) ;
#4553 = DIRECTION ( 'NONE',  ( 0.000000000000000000, 0.000000000000000000, 1.000000000000000000 ) ) ;
#4554 = UNCERTAINTY_MEASURE_WITH_UNIT (LENGTH_MEASURE( 1.000000000000000082E-05 ), #5800, 'distance_accuracy_value', 'NONE');
#4555 = EDGE_CURVE ( 'NONE', #5241, #5048, #984, .T. ) ;
#4556 = ORIENTED_EDGE ( 'NONE', *, *, #425, .F. ) ;
#4557 = AXIS2_PLACEMENT_3D ( 'NONE', #961, #1173, #4553 ) ;
#4558 = SURFACE_STYLE_FILL_AREA ( #2497 ) ;
#4559 = ORIENTED_EDGE ( 'NONE', *, *, #3675, .T. ) ;
#4560 = PRESENTATION_STYLE_ASSIGNMENT (( #3610 ) ) ;
#4561 = EDGE_LOOP ( 'NONE', ( #4786, #4631, #2214, #5520, #5749, #3609 ) ) ;
#4562 = FACE_OUTER_BOUND ( 'NONE', #6435, .T. ) ;
#4563 = CARTESIAN_POINT ( 'NONE',  ( 3.119999999341871444, -0.3300000000000000155, 291550.0000000009895 ) ) ;
#4564 = CARTESIAN_POINT ( 'NONE',  ( -2.964094982814587276, -0.2800000000000000266, 1.649999999983720045 ) ) ;
#4565 = CARTESIAN_POINT ( 'NONE',  ( 42653.05527247403370, -0.3300000000000000155, 194462.4719786260684 ) ) ;
#4566 = VERTEX_POINT ( 'NONE', #3575 ) ;
#4567 = CARTESIAN_POINT ( 'NONE',  ( -3.014094982802362210, 0.000000000000000000, -0.7899999999999999245 ) ) ;
#4568 = UNCERTAINTY_MEASURE_WITH_UNIT (LENGTH_MEASURE( 1.000000000000000082E-05 ), #1189, 'distance_accuracy_value', 'NONE');
#4569 = DIRECTION ( 'NONE',  ( -0.000000000000000000, 1.000000000000000000, 0.000000000000000000 ) ) ;
#4570 = PRESENTATION_LAYER_ASSIGNMENT (  '', '', ( #4673 ) ) ;
#4571 = VERTEX_POINT ( 'NONE', #2728 ) ;
#4572 = DIRECTION ( 'NONE',  ( -1.000000000000000000, 0.000000000000000000, 0.000000000000000000 ) ) ;
#4573 = FILL_AREA_STYLE ('',( #596 ) ) ;
#4574 = CARTESIAN_POINT ( 'NONE',  ( 3.120000000023992470, -0.3300000000000000155, -0.7899999999949613994 ) ) ;
#4575 = DIRECTION ( 'NONE',  ( 0.000000000000000000, 0.000000000000000000, -1.000000000000000000 ) ) ;
#4576 =( NAMED_UNIT ( * ) SI_UNIT ( $, .STERADIAN. ) SOLID_ANGLE_UNIT ( ) );
#4577 = SURFACE_STYLE_FILL_AREA ( #2487 ) ;
#4578 = CARTESIAN_POINT ( 'NONE',  ( -2.409999999997580744, -0.3300000000000000155, 1.880000000028303475 ) ) ;
#4579 = UNCERTAINTY_MEASURE_WITH_UNIT (LENGTH_MEASURE( 1.000000000000000082E-05 ), #2413, 'distance_accuracy_value', 'NONE');
#4580 = ORIENTED_EDGE ( 'NONE', *, *, #3469, .T. ) ;
#4581 = DIRECTION ( 'NONE',  ( -1.000000000000000000, 0.000000000000000000, 0.000000000000000000 ) ) ;
#4582 = EDGE_CURVE ( 'NONE', #6162, #4537, #5274, .T. ) ;
#4583 = EDGE_LOOP ( 'NONE', ( #2036, #6113, #2423, #2690, #4303, #6310, #1141, #1583 ) ) ;
#4584 = FACE_OUTER_BOUND ( 'NONE', #3330, .T. ) ;
#4585 = DIRECTION ( 'NONE',  ( 0.000000000000000000, 1.000000000000000000, 0.000000000000000000 ) ) ;
#4586 = LINE ( 'NONE', #4525, #3773 ) ;
#4587 = ORIENTED_EDGE ( 'NONE', *, *, #2151, .T. ) ;
#4588 = STYLED_ITEM ( 'NONE', ( #1247 ), #3422 ) ;
#4589 = EDGE_CURVE ( 'NONE', #973, #3597, #181, .T. ) ;
#4590 =( NAMED_UNIT ( * ) PLANE_ANGLE_UNIT ( ) SI_UNIT ( $, .RADIAN. ) );
#4591 = STYLED_ITEM ( 'NONE', ( #3226 ), #164 ) ;
#4592 = DIRECTION ( 'NONE',  ( 1.734723475976807587E-16, 0.000000000000000000, -1.000000000000000000 ) ) ;
#4593 = DIRECTION ( 'NONE',  ( -1.000000000000000000, 0.000000000000000000, 0.000000000000000000 ) ) ;
#4594 = DIRECTION ( 'NONE',  ( 1.000000000000000000, 0.000000000000000000, -2.047499167272383645E-15 ) ) ;
#4595 = ADVANCED_FACE ( 'NONE', ( #5238 ), #4262, .T. ) ;
#4596 = ORIENTED_EDGE ( 'NONE', *, *, #6574, .T. ) ;
#4597 = DIRECTION ( 'NONE',  ( -0.000000000000000000, 1.000000000000000000, 0.000000000000000000 ) ) ;
#4598 = CARTESIAN_POINT ( 'NONE',  ( -3.014094982802362210, -0.3300000000000000155, 2.059999999971751095 ) ) ;
#4599 = ADVANCED_FACE ( 'NONE', ( #600 ), #3636, .F. ) ;
#4600 = ADVANCED_FACE ( 'NONE', ( #3715 ), #4197, .T. ) ;
#4601 = LINE ( 'NONE', #4635, #253 ) ;
#4602 = ORIENTED_EDGE ( 'NONE', *, *, #450, .F. ) ;
#4603 = DIRECTION ( 'NONE',  ( 0.000000000000000000, 1.000000000000000000, 0.000000000000000000 ) ) ;
#4604 = ORIENTED_EDGE ( 'NONE', *, *, #3932, .F. ) ;
#4605 = DIRECTION ( 'NONE',  ( 0.000000000000000000, 1.000000000000000000, 0.000000000000000000 ) ) ;
#4606 = PRESENTATION_STYLE_ASSIGNMENT (( #6531 ) ) ;
#4607 = SURFACE_SIDE_STYLE ('',( #1966 ) ) ;
#4608 = EDGE_CURVE ( 'NONE', #3505, #960, #771, .T. ) ;
#4609 = PRESENTATION_LAYER_ASSIGNMENT (  '', '', ( #3990 ) ) ;
#4610 = VECTOR ( 'NONE', #4995, 1000.000000000000000 ) ;
#4611 = EDGE_CURVE ( 'NONE', #5722, #598, #6432, .T. ) ;
#4612 = CIRCLE ( 'NONE', #2668, 0.05000000000000012768 ) ;
#4613 = ORIENTED_EDGE ( 'NONE', *, *, #1139, .F. ) ;
#4614 = MECHANICAL_DESIGN_GEOMETRIC_PRESENTATION_REPRESENTATION (  '', ( #2257 ), #2792 ) ;
#4615 = FILL_AREA_STYLE ('',( #3167 ) ) ;
#4616 = VERTEX_POINT ( 'NONE', #4880 ) ;
#4617 = CARTESIAN_POINT ( 'NONE',  ( 3.120000000023992470, -0.3300000000000000155, 291550.0000000000000 ) ) ;
#4618 = CARTESIAN_POINT ( 'NONE',  ( 3.120000000023992470, 0.000000000000000000, 291550.0000000000000 ) ) ;
#4619 = AXIS2_PLACEMENT_3D ( 'NONE', #3099, #615, #4683 ) ;
#4620 = ORIENTED_EDGE ( 'NONE', *, *, #2019, .F. ) ;
#4621 = CARTESIAN_POINT ( 'NONE',  ( 3.120000000023992470, -0.3300000000000000155, -1.700000000004814105 ) ) ;
#4622 = FILL_AREA_STYLE ('',( #2533 ) ) ;
#4623 = UNCERTAINTY_MEASURE_WITH_UNIT (LENGTH_MEASURE( 1.000000000000000082E-05 ), #1801, 'distance_accuracy_value', 'NONE');
#4624 = AXIS2_PLACEMENT_3D ( 'NONE', #4169, #3094, #2133 ) ;
#4625 = COLOUR_RGB ( '',0.7686274509803920907, 0.7686274509803920907, 0.7686274509803920907 ) ;
#4626 = MECHANICAL_DESIGN_GEOMETRIC_PRESENTATION_REPRESENTATION (  '', ( #237 ), #4300 ) ;
#4627 = SURFACE_STYLE_FILL_AREA ( #1986 ) ;
#4628 = DIRECTION ( 'NONE',  ( 0.000000000000000000, 0.000000000000000000, 1.000000000000000000 ) ) ;
#4629 = PLANE ( 'NONE',  #3573 ) ;
#4630 = UNCERTAINTY_MEASURE_WITH_UNIT (LENGTH_MEASURE( 1.000000000000000082E-05 ), #3503, 'distance_accuracy_value', 'NONE');
#4631 = ORIENTED_EDGE ( 'NONE', *, *, #5213, .F. ) ;
#4632 = CARTESIAN_POINT ( 'NONE',  ( -2.994999999999996110, -0.2800000000000000266, 0.8650000000041245807 ) ) ;
#4633 = SURFACE_STYLE_USAGE ( .BOTH. , #3566 ) ;
#4634 = MECHANICAL_DESIGN_GEOMETRIC_PRESENTATION_REPRESENTATION (  '', ( #5899 ), #5803 ) ;
#4635 = CARTESIAN_POINT ( 'NONE',  ( -400000.0000000000000, -0.3300000000000000155, -1.624999999989995558 ) ) ;
#4636 = ORIENTED_EDGE ( 'NONE', *, *, #1075, .F. ) ;
#4637 = CARTESIAN_POINT ( 'NONE',  ( -2.409999999997580744, -0.3300000000000000155, 291550.0000000000000 ) ) ;
#4638 = ORIENTED_EDGE ( 'NONE', *, *, #3182, .T. ) ;
#4639 = COLOUR_RGB ( '',0.7686274509803920907, 0.7686274509803920907, 0.7686274509803920907 ) ;
#4640 = AXIS2_PLACEMENT_3D ( 'NONE', #4150, #2514, #484 ) ;
#4641 = ORIENTED_EDGE ( 'NONE', *, *, #2151, .F. ) ;
#4642 = VECTOR ( 'NONE', #5748, 1000.000000000000000 ) ;
#4643 =( NAMED_UNIT ( * ) PLANE_ANGLE_UNIT ( ) SI_UNIT ( $, .RADIAN. ) );
#4644 = SURFACE_STYLE_FILL_AREA ( #4196 ) ;
#4645 = SURFACE_STYLE_FILL_AREA ( #2221 ) ;
#4646 = AXIS2_PLACEMENT_3D ( 'NONE', #74, #5630, #6198 ) ;
#4647 =( NAMED_UNIT ( * ) SI_UNIT ( $, .STERADIAN. ) SOLID_ANGLE_UNIT ( ) );
#4648 = ORIENTED_EDGE ( 'NONE', *, *, #1955, .F. ) ;
#4649 = MECHANICAL_DESIGN_GEOMETRIC_PRESENTATION_REPRESENTATION (  '', ( #5922 ), #1034 ) ;
#4650 = ORIENTED_EDGE ( 'NONE', *, *, #117, .T. ) ;
#4651 = LINE ( 'NONE', #3140, #1219 ) ;
#4652 = CARTESIAN_POINT ( 'NONE',  ( 3.014094982814588874, -0.3300000000000000155, -0.3800000000000003375 ) ) ;
#4653 = ORIENTED_EDGE ( 'NONE', *, *, #4747, .F. ) ;
#4654 = PRESENTATION_LAYER_ASSIGNMENT (  '', '', ( #486 ) ) ;
#4655 = UNCERTAINTY_MEASURE_WITH_UNIT (LENGTH_MEASURE( 1.000000000000000082E-05 ), #3956, 'distance_accuracy_value', 'NONE');
#4656 = VECTOR ( 'NONE', #2332, 1000.000000000000000 ) ;
#4657 = VECTOR ( 'NONE', #1851, 1000.000000000000000 ) ;
#4658 = SURFACE_SIDE_STYLE ('',( #4716 ) ) ;
#4659 = CARTESIAN_POINT ( 'NONE',  ( -2.964094982814913237, -0.2800000000000000266, -2.499999999999999556 ) ) ;
#4660 = SURFACE_SIDE_STYLE ('',( #5123 ) ) ;
#4661 = SURFACE_STYLE_USAGE ( .BOTH. , #6083 ) ;
#4662 = SURFACE_SIDE_STYLE ('',( #1098 ) ) ;
#4663 = ORIENTED_EDGE ( 'NONE', *, *, #3858, .T. ) ;
#4664 = DIRECTION ( 'NONE',  ( 0.000000000000000000, 1.000000000000000000, 0.000000000000000000 ) ) ;
#4665 = FACE_OUTER_BOUND ( 'NONE', #6079, .T. ) ;
#4666 = CARTESIAN_POINT ( 'NONE',  ( -3.120000000023992470, -0.3300000000000000155, 0.7899999999949613994 ) ) ;
#4667 = EDGE_CURVE ( 'NONE', #27, #3962, #248, .T. ) ;
#4668 = ORIENTED_EDGE ( 'NONE', *, *, #1950, .T. ) ;
#4669 = ORIENTED_EDGE ( 'NONE', *, *, #2139, .T. ) ;
#4670 = ORIENTED_EDGE ( 'NONE', *, *, #3903, .F. ) ;
#4671 = ADVANCED_FACE ( 'NONE', ( #5431 ), #2822, .F. ) ;
#4672 = CARTESIAN_POINT ( 'NONE',  ( 1.430000000084419298, -0.3300000000000000155, 291549.9999999998836 ) ) ;
#4673 = STYLED_ITEM ( 'NONE', ( #3245 ), #1767 ) ;
#4674 = ORIENTED_EDGE ( 'NONE', *, *, #1743, .F. ) ;
#4675 = DIRECTION ( 'NONE',  ( 0.000000000000000000, -0.000000000000000000, 1.000000000000000000 ) ) ;
#4676 = ADVANCED_FACE ( 'NONE', ( #4337 ), #1341, .F. ) ;
#4677 = VERTEX_POINT ( 'NONE', #5523 ) ;
#4678 =( NAMED_UNIT ( * ) SI_UNIT ( $, .STERADIAN. ) SOLID_ANGLE_UNIT ( ) );
#4679 = VERTEX_POINT ( 'NONE', #6494 ) ;
#4680 = CARTESIAN_POINT ( 'NONE',  ( -2.994999999999997442, 0.000000000000000000, 2.500000000000000444 ) ) ;
#4681 = DIRECTION ( 'NONE',  ( 0.000000000000000000, 1.000000000000000000, 0.000000000000000000 ) ) ;
#4682 = VERTEX_POINT ( 'NONE', #975 ) ;
#4683 = DIRECTION ( 'NONE',  ( 0.000000000000000000, -0.000000000000000000, 1.000000000000000000 ) ) ;
#4684 = DIRECTION ( 'NONE',  ( 0.000000000000000000, 0.000000000000000000, -1.000000000000000000 ) ) ;
#4685 = FILL_AREA_STYLE ('',( #4117 ) ) ;
#4686 = FACE_OUTER_BOUND ( 'NONE', #2879, .T. ) ;
#4687 = CARTESIAN_POINT ( 'NONE',  ( -2.964094982814913237, -0.2800000000000000266, -2.135000000009767973 ) ) ;
#4688 = ORIENTED_EDGE ( 'NONE', *, *, #2014, .F. ) ;
#4689 = PLANE ( 'NONE',  #3217 ) ;
#4690 = VECTOR ( 'NONE', #5166, 1000.000000000000000 ) ;
#4691 = SURFACE_SIDE_STYLE ('',( #1664 ) ) ;
#4692 = UNCERTAINTY_MEASURE_WITH_UNIT (LENGTH_MEASURE( 1.000000000000000082E-05 ), #4387, 'distance_accuracy_value', 'NONE');
#4693 = FACE_OUTER_BOUND ( 'NONE', #659, .T. ) ;
#4694 =( LENGTH_UNIT ( ) NAMED_UNIT ( * ) SI_UNIT ( .MILLI., .METRE. ) );
#4695 = FILL_AREA_STYLE ('',( #5568 ) ) ;
#4696 = ORIENTED_EDGE ( 'NONE', *, *, #1010, .F. ) ;
#4697 = DIRECTION ( 'NONE',  ( 0.2142384203776572238, 0.000000000000000000, 0.9767813978747169612 ) ) ;
#4698 = VERTEX_POINT ( 'NONE', #4567 ) ;
#4699 = SURFACE_STYLE_FILL_AREA ( #2645 ) ;
#4700 = SURFACE_STYLE_FILL_AREA ( #552 ) ;
#4701 = EDGE_LOOP ( 'NONE', ( #42, #1586, #938, #3786 ) ) ;
#4702 = DIRECTION ( 'NONE',  ( 1.000000000000000000, 0.000000000000000000, -0.000000000000000000 ) ) ;
#4703 = DIRECTION ( 'NONE',  ( 0.000000000000000000, 1.000000000000000000, 0.000000000000000000 ) ) ;
#4704 = DIRECTION ( 'NONE',  ( 0.000000000000000000, 1.000000000000000000, 0.000000000000000000 ) ) ;
#4705 = VERTEX_POINT ( 'NONE', #6521 ) ;
#4706 = EDGE_CURVE ( 'NONE', #2368, #2640, #1006, .T. ) ;
#4707 = EDGE_LOOP ( 'NONE', ( #1339, #3235, #4648, #1937 ) ) ;
#4708 = CARTESIAN_POINT ( 'NONE',  ( -3.120000000023992470, 0.000000000000000000, 291550.0000000000000 ) ) ;
#4709 = ORIENTED_EDGE ( 'NONE', *, *, #1288, .F. ) ;
#4710 = DIRECTION ( 'NONE',  ( 0.000000000000000000, 1.000000000000000000, 0.000000000000000000 ) ) ;
#4711 = DIRECTION ( 'NONE',  ( 0.000000000000000000, 0.000000000000000000, -1.000000000000000000 ) ) ;
#4712 = CARTESIAN_POINT ( 'NONE',  ( -399999.9999999993597, 0.000000000000000000, 0.7899999991991535353 ) ) ;
#4713 = ORIENTED_EDGE ( 'NONE', *, *, #4999, .F. ) ;
#4714 = AXIS2_PLACEMENT_3D ( 'NONE', #4084, #3071, #4143 ) ;
#4715 = STYLED_ITEM ( 'NONE', ( #1134 ), #6467 ) ;
#4716 = SURFACE_STYLE_FILL_AREA ( #2041 ) ;
#4717 = CARTESIAN_POINT ( 'NONE',  ( -3.120000000023992470, 0.000000000000000000, 291550.0000000000000 ) ) ;
#4718 = EDGE_CURVE ( 'NONE', #4478, #672, #2978, .T. ) ;
#4719 = MECHANICAL_DESIGN_GEOMETRIC_PRESENTATION_REPRESENTATION (  '', ( #5458 ), #4939 ) ;
#4720 = VECTOR ( 'NONE', #5582, 1000.000000000000000 ) ;
#4721 = PRESENTATION_STYLE_ASSIGNMENT (( #3209 ) ) ;
#4722 = CARTESIAN_POINT ( 'NONE',  ( 2.994999999999999218, -0.2800000000000000266, 2.499999999999998668 ) ) ;
#4723 = LINE ( 'NONE', #3250, #4875 ) ;
#4724 = DIRECTION ( 'NONE',  ( 0.2035585949527793648, -0.9576678948579724349, -0.2035585949527793648 ) ) ;
#4725 = PRESENTATION_LAYER_ASSIGNMENT (  '', '', ( #5571 ) ) ;
#4726 = ORIENTED_EDGE ( 'NONE', *, *, #3113, .F. ) ;
#4727 = SURFACE_STYLE_USAGE ( .BOTH. , #3109 ) ;
#4728 = PRESENTATION_LAYER_ASSIGNMENT (  '', '', ( #2051 ) ) ;
#4729 = MECHANICAL_DESIGN_GEOMETRIC_PRESENTATION_REPRESENTATION (  '', ( #1429 ), #1105 ) ;
#4730 =( LENGTH_UNIT ( ) NAMED_UNIT ( * ) SI_UNIT ( .MILLI., .METRE. ) );
#4731 =( GEOMETRIC_REPRESENTATION_CONTEXT ( 3 ) GLOBAL_UNCERTAINTY_ASSIGNED_CONTEXT ( ( #6152 ) ) GLOBAL_UNIT_ASSIGNED_CONTEXT ( ( #6419, #2277, #2846 ) ) REPRESENTATION_CONTEXT ( 'NONE', 'WORKASPACE' ) );
#4732 = DIRECTION ( 'NONE',  ( 0.000000000000000000, 1.000000000000000000, 0.000000000000000000 ) ) ;
#4733 = DIRECTION ( 'NONE',  ( 0.000000000000000000, 0.000000000000000000, 1.000000000000000000 ) ) ;
#4734 = AXIS2_PLACEMENT_3D ( 'NONE', #2381, #2913, #2444 ) ;
#4735 = ORIENTED_EDGE ( 'NONE', *, *, #258, .F. ) ;
#4736 = ORIENTED_EDGE ( 'NONE', *, *, #5164, .T. ) ;
#4737 = VERTEX_POINT ( 'NONE', #4474 ) ;
#4738 = FILL_AREA_STYLE ('',( #3162 ) ) ;
#4739 = CARTESIAN_POINT ( 'NONE',  ( 3.014094982814588874, -0.2800000000000000266, -0.3800000000000003375 ) ) ;
#4740 = SURFACE_STYLE_FILL_AREA ( #3163 ) ;
#4741 = COLOUR_RGB ( '',0.7686274509803920907, 0.7686274509803920907, 0.7686274509803920907 ) ;
#4742 =( GEOMETRIC_REPRESENTATION_CONTEXT ( 3 ) GLOBAL_UNCERTAINTY_ASSIGNED_CONTEXT ( ( #5843 ) ) GLOBAL_UNIT_ASSIGNED_CONTEXT ( ( #2005, #3864, #1488 ) ) REPRESENTATION_CONTEXT ( 'NONE', 'WORKASPACE' ) );
#4743 = CARTESIAN_POINT ( 'NONE',  ( -2.994999999999998330, -0.2800000000000000266, -2.499999999999999556 ) ) ;
#4744 = EDGE_LOOP ( 'NONE', ( #4670, #3810, #6302, #3764, #2480, #5167 ) ) ;
#4745 = PLANE ( 'NONE',  #78 ) ;
#4746 = VECTOR ( 'NONE', #1192, 1000.000000000000000 ) ;
#4747 = EDGE_CURVE ( 'NONE', #2766, #4748, #3971, .T. ) ;
#4748 = VERTEX_POINT ( 'NONE', #6031 ) ;
#4749 = STYLED_ITEM ( 'NONE', ( #3914 ), #2691 ) ;
#4750 = FACE_OUTER_BOUND ( 'NONE', #3871, .T. ) ;
#4751 = VERTEX_POINT ( 'NONE', #5997 ) ;
#4752 = FILL_AREA_STYLE_COLOUR ( '', #3669 ) ;
#4753 = EDGE_CURVE ( 'NONE', #6129, #6084, #5102, .T. ) ;
#4754 = AXIS2_PLACEMENT_3D ( 'NONE', #6515, #2316, #3320 ) ;
#4755 = FILL_AREA_STYLE_COLOUR ( '', #4625 ) ;
#4756 = AXIS2_PLACEMENT_3D ( 'NONE', #1382, #4455, #2957 ) ;
#4757 = SURFACE_STYLE_FILL_AREA ( #4213 ) ;
#4758 = CARTESIAN_POINT ( 'NONE',  ( 2.964094982814589052, -0.3300000000000000155, 0.3800000000069303496 ) ) ;
#4759 = PRESENTATION_LAYER_ASSIGNMENT (  '', '', ( #1041 ) ) ;
#4760 = VECTOR ( 'NONE', #5771, 1000.000000000000000 ) ;
#4761 =( LENGTH_UNIT ( ) NAMED_UNIT ( * ) SI_UNIT ( .MILLI., .METRE. ) );
#4762 = VECTOR ( 'NONE', #6497, 1000.000000000000000 ) ;
#4763 = SURFACE_STYLE_FILL_AREA ( #2707 ) ;
#4764 = PRESENTATION_STYLE_ASSIGNMENT (( #5257 ) ) ;
#4765 = FILL_AREA_STYLE ('',( #3180 ) ) ;
#4766 = MECHANICAL_DESIGN_GEOMETRIC_PRESENTATION_REPRESENTATION (  '', ( #5299 ), #11 ) ;
#4767 = PRESENTATION_LAYER_ASSIGNMENT (  '', '', ( #3593 ) ) ;
#4768 = DIRECTION ( 'NONE',  ( 1.000000000000000000, 0.000000000000000000, -0.000000000000000000 ) ) ;
#4769 = PRESENTATION_STYLE_ASSIGNMENT (( #3183 ) ) ;
#4770 = SURFACE_SIDE_STYLE ('',( #2717 ) ) ;
#4771 = VERTEX_POINT ( 'NONE', #1992 ) ;
#4772 = DIRECTION ( 'NONE',  ( 0.000000000000000000, 0.000000000000000000, 1.000000000000000000 ) ) ;
#4773 = ORIENTED_EDGE ( 'NONE', *, *, #4380, .T. ) ;
#4774 =( LENGTH_UNIT ( ) NAMED_UNIT ( * ) SI_UNIT ( .MILLI., .METRE. ) );
#4775 = DIRECTION ( 'NONE',  ( -0.000000000000000000, 1.000000000000000000, 0.000000000000000000 ) ) ;
#4776 = ORIENTED_EDGE ( 'NONE', *, *, #4536, .T. ) ;
#4777 = FILL_AREA_STYLE_COLOUR ( '', #4290 ) ;
#4778 = FILL_AREA_STYLE ('',( #5889 ) ) ;
#4779 = FILL_AREA_STYLE_COLOUR ( '', #5381 ) ;
#4780 = PLANE ( 'NONE',  #2066 ) ;
#4781 = VERTEX_POINT ( 'NONE', #4598 ) ;
#4782 = DIRECTION ( 'NONE',  ( -1.000000000000000000, 0.000000000000000000, 5.204170427930421283E-16 ) ) ;
#4783 = ORIENTED_EDGE ( 'NONE', *, *, #4817, .T. ) ;
#4784 = VECTOR ( 'NONE', #3175, 1000.000000000000000 ) ;
#4785 = PRESENTATION_STYLE_ASSIGNMENT (( #5902 ) ) ;
#4786 = ORIENTED_EDGE ( 'NONE', *, *, #788, .F. ) ;
#4787 = LINE ( 'NONE', #5317, #6036 ) ;
#4788 = FILL_AREA_STYLE ('',( #4752 ) ) ;
#4789 = FACE_OUTER_BOUND ( 'NONE', #6448, .T. ) ;
#4790 = AXIS2_PLACEMENT_3D ( 'NONE', #1062, #5578, #1122 ) ;
#4791 = CARTESIAN_POINT ( 'NONE',  ( -2.964094982814913237, -0.2800000000000000266, -2.499999999999999556 ) ) ;
#4792 = DIRECTION ( 'NONE',  ( -1.000000000000000000, 0.000000000000000000, -0.000000000000000000 ) ) ;
#4793 = LINE ( 'NONE', #1719, #5251 ) ;
#4794 = DIRECTION ( 'NONE',  ( 0.000000000000000000, 1.000000000000000000, 0.000000000000000000 ) ) ;
#4795 = DIRECTION ( 'NONE',  ( 0.000000000000000000, 0.000000000000000000, 1.000000000000000000 ) ) ;
#4796 = EDGE_CURVE ( 'NONE', #1632, #5092, #87, .T. ) ;
#4797 = DIRECTION ( 'NONE',  ( 0.000000000000000000, 1.000000000000000000, 0.000000000000000000 ) ) ;
#4798 = LINE ( 'NONE', #203, #3792 ) ;
#4799 =( GEOMETRIC_REPRESENTATION_CONTEXT ( 3 ) GLOBAL_UNCERTAINTY_ASSIGNED_CONTEXT ( ( #4623 ) ) GLOBAL_UNIT_ASSIGNED_CONTEXT ( ( #1801, #5408, #817 ) ) REPRESENTATION_CONTEXT ( 'NONE', 'WORKASPACE' ) );
#4800 = SURFACE_STYLE_FILL_AREA ( #204 ) ;
#4801 = DIRECTION ( 'NONE',  ( 0.000000000000000000, 1.000000000000000000, 0.000000000000000000 ) ) ;
#4802 =( NAMED_UNIT ( * ) SI_UNIT ( $, .STERADIAN. ) SOLID_ANGLE_UNIT ( ) );
#4803 = DIRECTION ( 'NONE',  ( 1.000000000000000000, 0.000000000000000000, -0.000000000000000000 ) ) ;
#4804 = EDGE_CURVE ( 'NONE', #5092, #1446, #4032, .T. ) ;
#4805 = DIRECTION ( 'NONE',  ( 0.000000000000000000, 0.000000000000000000, 1.000000000000000000 ) ) ;
#4806 = LINE ( 'NONE', #210, #3589 ) ;
#4807 = VECTOR ( 'NONE', #5897, 1000.000000000000000 ) ;
#4808 = ORIENTED_EDGE ( 'NONE', *, *, #1461, .F. ) ;
#4809 = CARTESIAN_POINT ( 'NONE',  ( 3.014094982802362210, 0.000000000000000000, 0.4299999999711813792 ) ) ;
#4810 = EDGE_CURVE ( 'NONE', #627, #4260, #3428, .T. ) ;
#4811 = EDGE_LOOP ( 'NONE', ( #6172, #700, #1235, #3405 ) ) ;
#4812 = ADVANCED_FACE ( 'NONE', ( #2023 ), #1468, .F. ) ;
#4813 = PRESENTATION_LAYER_ASSIGNMENT (  '', '', ( #5230 ) ) ;
#4814 = CARTESIAN_POINT ( 'NONE',  ( 2.964094982814913237, -0.2800000000000000266, 0.8650000000041196957 ) ) ;
#4815 = ORIENTED_EDGE ( 'NONE', *, *, #1652, .F. ) ;
#4816 = CARTESIAN_POINT ( 'NONE',  ( -2.994999999999997442, 0.000000000000000000, 2.500000000000000444 ) ) ;
#4817 = EDGE_CURVE ( 'NONE', #1404, #2116, #4057, .T. ) ;
#4818 = PRESENTATION_LAYER_ASSIGNMENT (  '', '', ( #3419 ) ) ;
#4819 = VERTEX_POINT ( 'NONE', #4504 ) ;
#4820 = SURFACE_SIDE_STYLE ('',( #749 ) ) ;
#4821 = ORIENTED_EDGE ( 'NONE', *, *, #5031, .F. ) ;
#4822 = DIRECTION ( 'NONE',  ( -1.700709290173341445E-15, 0.000000000000000000, -1.000000000000000000 ) ) ;
#4823 = CARTESIAN_POINT ( 'NONE',  ( -400000.0000000000000, -0.3300000000000000155, -0.3550000000132058631 ) ) ;
#4824 = EDGE_CURVE ( 'NONE', #5210, #1404, #5056, .T. ) ;
#4825 = DIRECTION ( 'NONE',  ( 0.000000000000000000, 1.000000000000000000, 0.000000000000000000 ) ) ;
#4826 = SURFACE_SIDE_STYLE ('',( #1287 ) ) ;
#4827 = PRESENTATION_LAYER_ASSIGNMENT (  '', '', ( #3541 ) ) ;
#4828 = SURFACE_STYLE_USAGE ( .BOTH. , #5951 ) ;
#4829 = VECTOR ( 'NONE', #2820, 1000.000000000000000 ) ;
#4830 = EDGE_CURVE ( 'NONE', #5507, #2261, #2662, .T. ) ;
#4831 = FILL_AREA_STYLE ('',( #5879 ) ) ;
#4832 = CARTESIAN_POINT ( 'NONE',  ( -2.409999999997580744, -0.3300000000000000155, -0.3550000000132058631 ) ) ;
#4833 = FILL_AREA_STYLE ('',( #1228 ) ) ;
#4834 = PRESENTATION_LAYER_ASSIGNMENT (  '', '', ( #3000 ) ) ;
#4835 = UNCERTAINTY_MEASURE_WITH_UNIT (LENGTH_MEASURE( 1.000000000000000082E-05 ), #6489, 'distance_accuracy_value', 'NONE');
#4836 = AXIS2_PLACEMENT_3D ( 'NONE', #5643, #6147, #647 ) ;
#4837 = SURFACE_STYLE_FILL_AREA ( #4284 ) ;
#4838 = FILL_AREA_STYLE ('',( #5484 ) ) ;
#4839 = DIRECTION ( 'NONE',  ( -1.000000000000000000, 0.000000000000000000, -2.047499167272383645E-15 ) ) ;
#4840 = LINE ( 'NONE', #5825, #4433 ) ;
#4841 = EDGE_CURVE ( 'NONE', #6162, #1306, #4351, .T. ) ;
#4842 = STYLED_ITEM ( 'NONE', ( #172 ), #2916 ) ;
#4843 =( NAMED_UNIT ( * ) SI_UNIT ( $, .STERADIAN. ) SOLID_ANGLE_UNIT ( ) );
#4844 = ORIENTED_EDGE ( 'NONE', *, *, #773, .T. ) ;
#4845 = CARTESIAN_POINT ( 'NONE',  ( -2.409999999997580744, -0.3300000000000000155, 291550.0000000000000 ) ) ;
#4846 = VECTOR ( 'NONE', #4664, 1000.000000000000000 ) ;
#4847 = CARTESIAN_POINT ( 'NONE',  ( 2.995000000000000107, -0.2800000000000000266, -2.499999999999999556 ) ) ;
#4848 = PRESENTATION_LAYER_ASSIGNMENT (  '', '', ( #2266 ) ) ;
#4849 = AXIS2_PLACEMENT_3D ( 'NONE', #1875, #2768, #784 ) ;
#4850 = VECTOR ( 'NONE', #2312, 1000.000000000000000 ) ;
#4851 = FILL_AREA_STYLE_COLOUR ( '', #6550 ) ;
#4852 = VERTEX_POINT ( 'NONE', #5844 ) ;
#4853 = CARTESIAN_POINT ( 'NONE',  ( -400000.0000000000000, -0.3300000000000000155, -2.625000000023192115 ) ) ;
#4854 = ORIENTED_EDGE ( 'NONE', *, *, #2990, .T. ) ;
#4855 = VECTOR ( 'NONE', #1353, 1000.000000000000000 ) ;
#4856 = LINE ( 'NONE', #2925, #4855 ) ;
#4857 = EDGE_LOOP ( 'NONE', ( #2996, #1688, #3387, #5669 ) ) ;
#4858 = LINE ( 'NONE', #1874, #4656 ) ;
#4859 = CARTESIAN_POINT ( 'NONE',  ( 3.014094982814588874, -0.3300000000000000155, 0.3799999999999993938 ) ) ;
#4860 = MECHANICAL_DESIGN_GEOMETRIC_PRESENTATION_REPRESENTATION (  '', ( #6123 ), #1559 ) ;
#4861 = UNCERTAINTY_MEASURE_WITH_UNIT (LENGTH_MEASURE( 1.000000000000000082E-05 ), #4404, 'distance_accuracy_value', 'NONE');
#4862 = DIRECTION ( 'NONE',  ( -1.000000000000000000, 0.000000000000000000, 7.826832626985197399E-16 ) ) ;
#4863 = CARTESIAN_POINT ( 'NONE',  ( -400000.0000000000000, -0.3300000000000000155, -1.880000000028303475 ) ) ;
#4864 = DIRECTION ( 'NONE',  ( 0.000000000000000000, 1.000000000000000000, 0.000000000000000000 ) ) ;
#4865 = PRESENTATION_LAYER_ASSIGNMENT (  '', '', ( #1663 ) ) ;
#4866 = PRESENTATION_LAYER_ASSIGNMENT (  '', '', ( #5176 ) ) ;
#4867 = STYLED_ITEM ( 'NONE', ( #3271 ), #1563 ) ;
#4868 = DIRECTION ( 'NONE',  ( 0.000000000000000000, 0.000000000000000000, 1.000000000000000000 ) ) ;
#4869 = FACE_OUTER_BOUND ( 'NONE', #1737, .T. ) ;
#4870 = DIRECTION ( 'NONE',  ( 1.000000000000000000, -0.000000000000000000, 1.734723475976807587E-16 ) ) ;
#4871 = SURFACE_STYLE_USAGE ( .BOTH. , #2812 ) ;
#4872 =( NAMED_UNIT ( * ) PLANE_ANGLE_UNIT ( ) SI_UNIT ( $, .RADIAN. ) );
#4873 = CARTESIAN_POINT ( 'NONE',  ( 0.8849700567452600808, 0.000000000000000000, 291550.0000000000000 ) ) ;
#4874 = PLANE ( 'NONE',  #3144 ) ;
#4875 = VECTOR ( 'NONE', #5296, 1000.000000000000000 ) ;
#4876 = CARTESIAN_POINT ( 'NONE',  ( 3.014094982814588874, 0.000000000000000000, 0.3799999999999993938 ) ) ;
#4877 = VECTOR ( 'NONE', #6143, 1000.000000000000000 ) ;
#4878 =( NAMED_UNIT ( * ) PLANE_ANGLE_UNIT ( ) SI_UNIT ( $, .RADIAN. ) );
#4879 = VERTEX_POINT ( 'NONE', #2804 ) ;
#4880 = CARTESIAN_POINT ( 'NONE',  ( 0.5249700567192091549, -0.3300000000000000155, 2.625000000023192115 ) ) ;
#4881 = FILL_AREA_STYLE ('',( #5862 ) ) ;
#4882 = EDGE_CURVE ( 'NONE', #5994, #4698, #1782, .T. ) ;
#4883 = LINE ( 'NONE', #6374, #1972 ) ;
#4884 = ORIENTED_EDGE ( 'NONE', *, *, #365, .T. ) ;
#4885 = PLANE ( 'NONE',  #4485 ) ;
#4886 = FACE_OUTER_BOUND ( 'NONE', #3179, .T. ) ;
#4887 = EDGE_CURVE ( 'NONE', #4526, #3133, #1222, .T. ) ;
#4888 = ORIENTED_EDGE ( 'NONE', *, *, #266, .F. ) ;
#4889 = VERTEX_POINT ( 'NONE', #5288 ) ;
#4890 = LINE ( 'NONE', #4823, #5051 ) ;
#4891 = EDGE_CURVE ( 'NONE', #4194, #4748, #725, .T. ) ;
#4892 = EDGE_CURVE ( 'NONE', #4127, #2150, #648, .T. ) ;
#4893 = CARTESIAN_POINT ( 'NONE',  ( -2.964094982814588164, -0.2800000000000000266, 0.8399999999824103725 ) ) ;
#4894 = CARTESIAN_POINT ( 'NONE',  ( 2.827080316280681238, 0.7900000000000000355, 2.332080316280681132 ) ) ;
#4895 = VECTOR ( 'NONE', #1718, 1000.000000000000000 ) ;
#4896 = PRESENTATION_STYLE_ASSIGNMENT (( #2841 ) ) ;
#4897 = CARTESIAN_POINT ( 'NONE',  ( 2.964094982814589052, -0.2800000000000000266, -0.3800000000069303496 ) ) ;
#4898 = ORIENTED_EDGE ( 'NONE', *, *, #1417, .F. ) ;
#4899 = DIRECTION ( 'NONE',  ( 1.000000000000000000, 0.000000000000000000, -7.826832626985216134E-16 ) ) ;
#4900 = CARTESIAN_POINT ( 'NONE',  ( -3.014094982802362210, -0.3300000000000000155, -0.4300000000175649428 ) ) ;
#4901 = CARTESIAN_POINT ( 'NONE',  ( 2.410000000013329036, -0.3300000000000000155, -0.3550000000132058631 ) ) ;
#4902 = FILL_AREA_STYLE_COLOUR ( '', #6327 ) ;
#4903 = DIRECTION ( 'NONE',  ( 0.000000000000000000, 0.000000000000000000, -1.000000000000000000 ) ) ;
#4904 = DIRECTION ( 'NONE',  ( 0.000000000000000000, -0.000000000000000000, 1.000000000000000000 ) ) ;
#4905 = DIRECTION ( 'NONE',  ( -0.000000000000000000, 1.000000000000000000, 0.000000000000000000 ) ) ;
#4906 = DIRECTION ( 'NONE',  ( 0.000000000000000000, 1.000000000000000000, 0.000000000000000000 ) ) ;
#4907 = VERTEX_POINT ( 'NONE', #2771 ) ;
#4908 = VERTEX_POINT ( 'NONE', #686 ) ;
#4909 = CARTESIAN_POINT ( 'NONE',  ( 0.8849700567452600808, -0.2800000000000000266, -2.397846985502383177 ) ) ;
#4910 = FILL_AREA_STYLE_COLOUR ( '', #373 ) ;
#4911 = ORIENTED_EDGE ( 'NONE', *, *, #5787, .T. ) ;
#4912 = CARTESIAN_POINT ( 'NONE',  ( 2.409999999997580744, -0.3300000000000000155, -2.135000000009767973 ) ) ;
#4913 = FILL_AREA_STYLE ('',( #5968 ) ) ;
#4914 = VERTEX_POINT ( 'NONE', #2238 ) ;
#4915 = CARTESIAN_POINT ( 'NONE',  ( 2.431353811107150875, 0.7699999999999999067, 1.907959339227716100 ) ) ;
#4916 = VERTEX_POINT ( 'NONE', #3825 ) ;
#4917 = EDGE_CURVE ( 'NONE', #298, #2656, #5745, .T. ) ;
#4918 = DIRECTION ( 'NONE',  ( 5.204170427930421283E-16, -0.000000000000000000, 1.000000000000000000 ) ) ;
#4919 = SURFACE_STYLE_USAGE ( .BOTH. , #5414 ) ;
#4920 = MECHANICAL_DESIGN_GEOMETRIC_PRESENTATION_REPRESENTATION (  '', ( #6377 ), #2031 ) ;
#4921 = EDGE_CURVE ( 'NONE', #2468, #6400, #4244, .T. ) ;
#4922 = DIRECTION ( 'NONE',  ( -2.409338161078896419E-15, 0.000000000000000000, -1.000000000000000000 ) ) ;
#4923 = UNCERTAINTY_MEASURE_WITH_UNIT (LENGTH_MEASURE( 1.000000000000000082E-05 ), #919, 'distance_accuracy_value', 'NONE');
#4924 = ORIENTED_EDGE ( 'NONE', *, *, #6211, .T. ) ;
#4925 = SURFACE_SIDE_STYLE ('',( #338 ) ) ;
#4926 = DIRECTION ( 'NONE',  ( 0.000000000000000000, 1.000000000000000000, 0.000000000000000000 ) ) ;
#4927 = CARTESIAN_POINT ( 'NONE',  ( -3.014094982802362210, 0.000000000000000000, 0.4300000000000003819 ) ) ;
#4928 = LINE ( 'NONE', #236, #2086 ) ;
#4929 = LINE ( 'NONE', #3317, #4850 ) ;
#4930 = CARTESIAN_POINT ( 'NONE',  ( -399999.9999999993597, -0.3300000000000000155, -0.4300000007901871868 ) ) ;
#4931 = SURFACE_STYLE_FILL_AREA ( #4534 ) ;
#4932 = CARTESIAN_POINT ( 'NONE',  ( -3.014094982814587098, 0.000000000000000000, -1.649999999999999467 ) ) ;
#4933 = LINE ( 'NONE', #6428, #4112 ) ;
#4934 = VECTOR ( 'NONE', #135, 1000.000000000000000 ) ;
#4935 = EDGE_LOOP ( 'NONE', ( #4638, #5640 ) ) ;
#4936 = LINE ( 'NONE', #6465, #5986 ) ;
#4937 = DIRECTION ( 'NONE',  ( 2.047499167272383645E-15, 0.000000000000000000, -1.000000000000000000 ) ) ;
#4938 = LINE ( 'NONE', #1301, #5837 ) ;
#4939 =( GEOMETRIC_REPRESENTATION_CONTEXT ( 3 ) GLOBAL_UNCERTAINTY_ASSIGNED_CONTEXT ( ( #3155 ) ) GLOBAL_UNIT_ASSIGNED_CONTEXT ( ( #2015, #4590, #1460 ) ) REPRESENTATION_CONTEXT ( 'NONE', 'WORKASPACE' ) );
#4940 = DIRECTION ( 'NONE',  ( 0.000000000000000000, 1.000000000000000000, 0.000000000000000000 ) ) ;
#4941 = ADVANCED_FACE ( 'NONE', ( #194 ), #5718, .T. ) ;
#4942 = ORIENTED_EDGE ( 'NONE', *, *, #1476, .T. ) ;
#4943 = SURFACE_STYLE_USAGE ( .BOTH. , #5435 ) ;
#4944 = FILL_AREA_STYLE_COLOUR ( '', #4031 ) ;
#4945 = MECHANICAL_DESIGN_GEOMETRIC_PRESENTATION_REPRESENTATION (  '', ( #1217 ), #3 ) ;
#4946 = VERTEX_POINT ( 'NONE', #3174 ) ;
#4947 =( GEOMETRIC_REPRESENTATION_CONTEXT ( 3 ) GLOBAL_UNCERTAINTY_ASSIGNED_CONTEXT ( ( #4015 ) ) GLOBAL_UNIT_ASSIGNED_CONTEXT ( ( #1240, #4643, #3123 ) ) REPRESENTATION_CONTEXT ( 'NONE', 'WORKASPACE' ) );
#4948 = AXIS2_PLACEMENT_3D ( 'NONE', #82, #2132, #4168 ) ;
#4949 = VECTOR ( 'NONE', #3447, 1000.000000000000000 ) ;
#4950 = PLANE ( 'NONE',  #3724 ) ;
#4951 = MECHANICAL_DESIGN_GEOMETRIC_PRESENTATION_REPRESENTATION (  '', ( #6105 ), #1640 ) ;
#4952 = ORIENTED_EDGE ( 'NONE', *, *, #258, .T. ) ;
#4953 = LINE ( 'NONE', #2424, #482 ) ;
#4954 =( NAMED_UNIT ( * ) PLANE_ANGLE_UNIT ( ) SI_UNIT ( $, .RADIAN. ) );
#4955 = MECHANICAL_DESIGN_GEOMETRIC_PRESENTATION_REPRESENTATION (  '', ( #1850 ), #5577 ) ;
#4956 = EDGE_CURVE ( 'NONE', #5085, #4916, #1257, .T. ) ;
#4957 = MECHANICAL_DESIGN_GEOMETRIC_PRESENTATION_REPRESENTATION (  '', ( #1435 ), #129 ) ;
#4958 = FILL_AREA_STYLE ('',( #5912 ) ) ;
#4959 = SURFACE_STYLE_FILL_AREA ( #935 ) ;
#4960 = EDGE_CURVE ( 'NONE', #3129, #2819, #5263, .T. ) ;
#4961 = STYLED_ITEM ( 'NONE', ( #2114 ), #1263 ) ;
#4962 = ORIENTED_EDGE ( 'NONE', *, *, #4099, .F. ) ;
#4963 = MECHANICAL_DESIGN_GEOMETRIC_PRESENTATION_REPRESENTATION (  '', ( #1653 ), #2915 ) ;
#4964 =( LENGTH_UNIT ( ) NAMED_UNIT ( * ) SI_UNIT ( .MILLI., .METRE. ) );
#4965 = EDGE_CURVE ( 'NONE', #4542, #4852, #6289, .T. ) ;
#4966 = COLOUR_RGB ( '',0.7686274509803920907, 0.7686274509803920907, 0.7686274509803920907 ) ;
#4967 = PLANE ( 'NONE',  #6102 ) ;
#4968 = EDGE_CURVE ( 'NONE', #2261, #6373, #1935, .T. ) ;
#4969 = FILL_AREA_STYLE ('',( #3940 ) ) ;
#4970 = LINE ( 'NONE', #5453, #3373 ) ;
#4971 = DIRECTION ( 'NONE',  ( 0.9999999999911618476, 0.000000000000000000, 4.204298578504836987E-06 ) ) ;
#4972 = ORIENTED_EDGE ( 'NONE', *, *, #1347, .T. ) ;
#4973 = DIRECTION ( 'NONE',  ( -0.2079116908177597867, 0.9781476007338055778, 0.000000000000000000 ) ) ;
#4974 = STYLED_ITEM ( 'NONE', ( #2152 ), #3902 ) ;
#4975 = SURFACE_STYLE_USAGE ( .BOTH. , #4539 ) ;
#4976 = CARTESIAN_POINT ( 'NONE',  ( -400000.0000000000000, -0.3300000000000000155, 2.135000000009767973 ) ) ;
#4977 = SURFACE_SIDE_STYLE ('',( #915 ) ) ;
#4978 = ORIENTED_EDGE ( 'NONE', *, *, #3188, .F. ) ;
#4979 = STYLED_ITEM ( 'NONE', ( #3169 ), #2089 ) ;
#4980 = DIRECTION ( 'NONE',  ( -0.000000000000000000, -1.000000000000000000, -0.000000000000000000 ) ) ;
#4981 = DIRECTION ( 'NONE',  ( 0.000000000000000000, 0.000000000000000000, 1.000000000000000000 ) ) ;
#4982 = PRESENTATION_LAYER_ASSIGNMENT (  '', '', ( #4115 ) ) ;
#4983 = VERTEX_POINT ( 'NONE', #4894 ) ;
#4984 = CARTESIAN_POINT ( 'NONE',  ( 0.4499700567208719804, -0.2800000000000000266, -2.055898026412705804 ) ) ;
#4985 = VERTEX_POINT ( 'NONE', #1839 ) ;
#4986 = LINE ( 'NONE', #6015, #6009 ) ;
#4987 = VERTEX_POINT ( 'NONE', #5873 ) ;
#4988 = DIRECTION ( 'NONE',  ( 0.000000000000000000, 0.000000000000000000, 1.000000000000000000 ) ) ;
#4989 = VERTEX_POINT ( 'NONE', #3988 ) ;
#4990 = STYLED_ITEM ( 'NONE', ( #4505 ), #1752 ) ;
#4991 = PRESENTATION_STYLE_ASSIGNMENT (( #3522 ) ) ;
#4992 = PLANE ( 'NONE',  #4754 ) ;
#4993 = LINE ( 'NONE', #1038, #4096 ) ;
#4994 = ORIENTED_EDGE ( 'NONE', *, *, #3983, .F. ) ;
#4995 = DIRECTION ( 'NONE',  ( 5.204170427930421283E-16, -0.000000000000000000, 1.000000000000000000 ) ) ;
#4996 = FILL_AREA_STYLE ('',( #1501 ) ) ;
#4997 =( NAMED_UNIT ( * ) PLANE_ANGLE_UNIT ( ) SI_UNIT ( $, .RADIAN. ) );
#4998 = FACE_OUTER_BOUND ( 'NONE', #6504, .T. ) ;
#4999 = EDGE_CURVE ( 'NONE', #6146, #594, #4986, .T. ) ;
#5000 = ORIENTED_EDGE ( 'NONE', *, *, #4706, .T. ) ;
#5001 = PLANE ( 'NONE',  #2437 ) ;
#5002 = LINE ( 'NONE', #3052, #3919 ) ;
#5003 = CARTESIAN_POINT ( 'NONE',  ( -2.409999999997580744, -0.3300000000000000155, 291550.0000000000000 ) ) ;
#5004 = EDGE_CURVE ( 'NONE', #3962, #620, #303, .T. ) ;
#5005 = DIRECTION ( 'NONE',  ( 0.000000000000000000, 0.000000000000000000, 1.000000000000000000 ) ) ;
#5006 = FACE_OUTER_BOUND ( 'NONE', #2890, .T. ) ;
#5007 = EDGE_LOOP ( 'NONE', ( #5039, #1772, #3601, #1420 ) ) ;
#5008 = MECHANICAL_DESIGN_GEOMETRIC_PRESENTATION_REPRESENTATION (  '', ( #3619 ), #4799 ) ;
#5009 = SURFACE_STYLE_FILL_AREA ( #4695 ) ;
#5010 = DIRECTION ( 'NONE',  ( 0.000000000000000000, 1.000000000000000000, 0.000000000000000000 ) ) ;
#5011 = ADVANCED_FACE ( 'NONE', ( #4424 ), #2962, .F. ) ;
#5012 = UNCERTAINTY_MEASURE_WITH_UNIT (LENGTH_MEASURE( 1.000000000000000082E-05 ), #4220, 'distance_accuracy_value', 'NONE');
#5013 = ORIENTED_EDGE ( 'NONE', *, *, #5637, .T. ) ;
#5014 = PRESENTATION_STYLE_ASSIGNMENT (( #4384 ) ) ;
#5015 = PLANE ( 'NONE',  #5477 ) ;
#5016 = VERTEX_POINT ( 'NONE', #5443 ) ;
#5017 = ADVANCED_FACE ( 'NONE', ( #2838 ), #3931, .T. ) ;
#5018 =( NAMED_UNIT ( * ) PLANE_ANGLE_UNIT ( ) SI_UNIT ( $, .RADIAN. ) );
#5019 = PRODUCT_RELATED_PRODUCT_CATEGORY ( 'part', '', ( #4479 ) ) ;
#5020 = ORIENTED_EDGE ( 'NONE', *, *, #6049, .F. ) ;
#5021 = DIRECTION ( 'NONE',  ( 0.000000000000000000, 0.000000000000000000, 1.000000000000000000 ) ) ;
#5022 = FILL_AREA_STYLE_COLOUR ( '', #1572 ) ;
#5023 =( LENGTH_UNIT ( ) NAMED_UNIT ( * ) SI_UNIT ( .MILLI., .METRE. ) );
#5024 = DIRECTION ( 'NONE',  ( -0.000000000000000000, 1.000000000000000000, 0.000000000000000000 ) ) ;
#5025 = CARTESIAN_POINT ( 'NONE',  ( -2.994999999999997442, 0.000000000000000000, 2.500000000000000444 ) ) ;
#5026 = FILL_AREA_STYLE_COLOUR ( '', #6118 ) ;
#5027 = EDGE_LOOP ( 'NONE', ( #6278, #2825, #6233, #2327, #222, #2785, #2090, #3045, #2035, #1626 ) ) ;
#5028 = FILL_AREA_STYLE_COLOUR ( '', #128 ) ;
#5029 = DIRECTION ( 'NONE',  ( 0.000000000000000000, 1.000000000000000000, 0.000000000000000000 ) ) ;
#5030 =( NAMED_UNIT ( * ) SI_UNIT ( $, .STERADIAN. ) SOLID_ANGLE_UNIT ( ) );
#5031 = EDGE_CURVE ( 'NONE', #6343, #636, #1316, .T. ) ;
#5032 = ORIENTED_EDGE ( 'NONE', *, *, #1738, .F. ) ;
#5033 = MECHANICAL_DESIGN_GEOMETRIC_PRESENTATION_REPRESENTATION (  '', ( #2560 ), #2247 ) ;
#5034 = VECTOR ( 'NONE', #540, 1000.000000000000000 ) ;
#5035 = FACE_OUTER_BOUND ( 'NONE', #1979, .T. ) ;
#5036 = CARTESIAN_POINT ( 'NONE',  ( 2.964094982814589052, -0.2800000000000000266, -0.8399999999824103725 ) ) ;
#5037 =( GEOMETRIC_REPRESENTATION_CONTEXT ( 3 ) GLOBAL_UNCERTAINTY_ASSIGNED_CONTEXT ( ( #2002 ) ) GLOBAL_UNIT_ASSIGNED_CONTEXT ( ( #4964, #6485, #3653 ) ) REPRESENTATION_CONTEXT ( 'NONE', 'WORKASPACE' ) );
#5038 =( NAMED_UNIT ( * ) PLANE_ANGLE_UNIT ( ) SI_UNIT ( $, .RADIAN. ) );
#5039 = ORIENTED_EDGE ( 'NONE', *, *, #111, .T. ) ;
#5040 =( LENGTH_UNIT ( ) NAMED_UNIT ( * ) SI_UNIT ( .MILLI., .METRE. ) );
#5041 = SURFACE_STYLE_USAGE ( .BOTH. , #4067 ) ;
#5042 = COLOUR_RGB ( '',0.7686274509803920907, 0.7686274509803920907, 0.7686274509803920907 ) ;
#5043 = CIRCLE ( 'NONE', #3882, 0.2215481472247725347 ) ;
#5044 = VERTEX_POINT ( 'NONE', #4019 ) ;
#5045 = COLOUR_RGB ( '',0.7686274509803920907, 0.7686274509803920907, 0.7686274509803920907 ) ;
#5046 = AXIS2_PLACEMENT_3D ( 'NONE', #3390, #340, #5421 ) ;
#5047 = LINE ( 'NONE', #4490, #3461 ) ;
#5048 = VERTEX_POINT ( 'NONE', #4519 ) ;
#5049 = COLOUR_RGB ( '',0.7686274509803920907, 0.7686274509803920907, 0.7686274509803920907 ) ;
#5050 = CARTESIAN_POINT ( 'NONE',  ( 0.8849700567452600808, -0.3300000000000000155, 291550.0000000000000 ) ) ;
#5051 = VECTOR ( 'NONE', #1384, 1000.000000000000000 ) ;
#5052 =( GEOMETRIC_REPRESENTATION_CONTEXT ( 3 ) GLOBAL_UNCERTAINTY_ASSIGNED_CONTEXT ( ( #1580 ) ) GLOBAL_UNIT_ASSIGNED_CONTEXT ( ( #1870, #3301, #3881 ) ) REPRESENTATION_CONTEXT ( 'NONE', 'WORKASPACE' ) );
#5053 = VERTEX_POINT ( 'NONE', #6045 ) ;
#5054 = DIRECTION ( 'NONE',  ( 0.000000000000000000, 0.000000000000000000, 1.000000000000000000 ) ) ;
#5055 = CARTESIAN_POINT ( 'NONE',  ( -400000.0000000000000, -0.2800000000000000266, -1.624999999989995558 ) ) ;
#5056 = CIRCLE ( 'NONE', #2171, 0.05000000000000012768 ) ;
#5057 = MECHANICAL_DESIGN_GEOMETRIC_PRESENTATION_REPRESENTATION (  '', ( #5480 ), #2700 ) ;
#5058 = VECTOR ( 'NONE', #5218, 1000.000000000000000 ) ;
#5059 = SURFACE_SIDE_STYLE ('',( #4931 ) ) ;
#5060 = ORIENTED_EDGE ( 'NONE', *, *, #2763, .T. ) ;
#5061 =( LENGTH_UNIT ( ) NAMED_UNIT ( * ) SI_UNIT ( .MILLI., .METRE. ) );
#5062 = AXIS2_PLACEMENT_3D ( 'NONE', #3778, #4339, #5832 ) ;
#5063 = PRESENTATION_STYLE_ASSIGNMENT (( #1005 ) ) ;
#5064 = FACE_OUTER_BOUND ( 'NONE', #4076, .T. ) ;
#5065 = COLOUR_RGB ( '',0.7686274509803920907, 0.7686274509803920907, 0.7686274509803920907 ) ;
#5066 =( NAMED_UNIT ( * ) SI_UNIT ( $, .STERADIAN. ) SOLID_ANGLE_UNIT ( ) );
#5067 = ORIENTED_EDGE ( 'NONE', *, *, #5152, .T. ) ;
#5068 = DIRECTION ( 'NONE',  ( 0.000000000000000000, 0.000000000000000000, -1.000000000000000000 ) ) ;
#5069 = STYLED_ITEM ( 'NONE', ( #3291 ), #3740 ) ;
#5070 = DIRECTION ( 'NONE',  ( 0.000000000000000000, 0.000000000000000000, 1.000000000000000000 ) ) ;
#5071 = CARTESIAN_POINT ( 'NONE',  ( 3.014094982802362210, 0.000000000000000000, -0.7899999999949613994 ) ) ;
#5072 = ADVANCED_FACE ( 'NONE', ( #1487 ), #3865, .T. ) ;
#5073 = UNCERTAINTY_MEASURE_WITH_UNIT (LENGTH_MEASURE( 1.000000000000000082E-05 ), #1765, 'distance_accuracy_value', 'NONE');
#5074 = ORIENTED_EDGE ( 'NONE', *, *, #5095, .T. ) ;
#5075 = FILL_AREA_STYLE_COLOUR ( '', #4086 ) ;
#5076 = EDGE_CURVE ( 'NONE', #6343, #4679, #4929, .T. ) ;
#5077 = ADVANCED_FACE ( 'NONE', ( #6392 ), #5925, .F. ) ;
#5078 = COLOUR_RGB ( '',0.7686274509803920907, 0.7686274509803920907, 0.7686274509803920907 ) ;
#5079 = VECTOR ( 'NONE', #6284, 1000.000000000000000 ) ;
#5080 = DIRECTION ( 'NONE',  ( 1.734723475976807587E-16, 0.000000000000000000, -1.000000000000000000 ) ) ;
#5081 = CARTESIAN_POINT ( 'NONE',  ( -2.964094982814913237, -0.3300000000000000155, 291550.0000000000000 ) ) ;
#5082 = EDGE_CURVE ( 'NONE', #2544, #823, #5467, .T. ) ;
#5083 = UNCERTAINTY_MEASURE_WITH_UNIT (LENGTH_MEASURE( 1.000000000000000082E-05 ), #2661, 'distance_accuracy_value', 'NONE');
#5084 = VECTOR ( 'NONE', #339, 1000.000000000000000 ) ;
#5085 = VERTEX_POINT ( 'NONE', #3357 ) ;
#5086 = MECHANICAL_DESIGN_GEOMETRIC_PRESENTATION_REPRESENTATION (  '', ( #4115 ), #2197 ) ;
#5087 = CARTESIAN_POINT ( 'NONE',  ( -399999.9999999993597, -0.3300000000000000155, -1.700000000823820301 ) ) ;
#5088 = VERTEX_POINT ( 'NONE', #4327 ) ;
#5089 = EDGE_CURVE ( 'NONE', #1595, #5200, #837, .T. ) ;
#5090 = DIRECTION ( 'NONE',  ( 0.000000000000000000, 1.000000000000000000, 0.000000000000000000 ) ) ;
#5091 = ADVANCED_FACE ( 'NONE', ( #1423 ), #3456, .F. ) ;
#5092 = VERTEX_POINT ( 'NONE', #2970 ) ;
#5093 = FACE_OUTER_BOUND ( 'NONE', #2460, .T. ) ;
#5094 =( LENGTH_UNIT ( ) NAMED_UNIT ( * ) SI_UNIT ( .MILLI., .METRE. ) );
#5095 = EDGE_CURVE ( 'NONE', #3597, #5714, #475, .T. ) ;
#5096 = ADVANCED_FACE ( 'NONE', ( #1070 ), #408, .T. ) ;
#5097 = LINE ( 'NONE', #1691, #779 ) ;
#5098 = PLANE ( 'NONE',  #2609 ) ;
#5099 = LINE ( 'NONE', #6057, #3023 ) ;
#5100 = VERTEX_POINT ( 'NONE', #3618 ) ;
#5101 = CARTESIAN_POINT ( 'NONE',  ( -3.119999999341871444, 0.000000000000000000, 291549.9999999990687 ) ) ;
#5102 = LINE ( 'NONE', #3564, #3355 ) ;
#5103 = UNCERTAINTY_MEASURE_WITH_UNIT (LENGTH_MEASURE( 1.000000000000000082E-05 ), #5872, 'distance_accuracy_value', 'NONE');
#5104 = DIRECTION ( 'NONE',  ( 2.047499167272383645E-15, -0.000000000000000000, 1.000000000000000000 ) ) ;
#5105 = DIRECTION ( 'NONE',  ( -1.000000000000000000, 0.000000000000000000, 0.000000000000000000 ) ) ;
#5106 = ADVANCED_FACE ( 'NONE', ( #1590 ), #1496, .F. ) ;
#5107 = ORIENTED_EDGE ( 'NONE', *, *, #3627, .F. ) ;
#5108 = FILL_AREA_STYLE_COLOUR ( '', #6445 ) ;
#5109 = PLANE ( 'NONE',  #5702 ) ;
#5110 = CARTESIAN_POINT ( 'NONE',  ( -2.994999999999997442, 0.000000000000000000, 2.500000000000000444 ) ) ;
#5111 = CARTESIAN_POINT ( 'NONE',  ( 0.8849700567452600808, -0.3300000000000000155, 291550.0000000000000 ) ) ;
#5112 = CARTESIAN_POINT ( 'NONE',  ( 3.014094982814587986, -0.3300000000000000155, -2.109999999999999876 ) ) ;
#5113 = UNCERTAINTY_MEASURE_WITH_UNIT (LENGTH_MEASURE( 1.000000000000000082E-05 ), #2788, 'distance_accuracy_value', 'NONE');
#5114 = ORIENTED_EDGE ( 'NONE', *, *, #544, .F. ) ;
#5115 = CARTESIAN_POINT ( 'NONE',  ( -3.014094982802362210, -0.3300000000000000155, 0.4300000000000003819 ) ) ;
#5116 = ORIENTED_EDGE ( 'NONE', *, *, #942, .T. ) ;
#5117 = CARTESIAN_POINT ( 'NONE',  ( -2.994999999999997442, 0.000000000000000000, 2.500000000000000444 ) ) ;
#5118 = CARTESIAN_POINT ( 'NONE',  ( 2.995000000000000107, 0.000000000000000000, -1.696210189691350179 ) ) ;
#5119 = EDGE_LOOP ( 'NONE', ( #5460, #6585, #5959, #5739, #5186, #2629, #1869, #4268, #464, #5796, #3640, #4344 ) ) ;
#5120 = UNCERTAINTY_MEASURE_WITH_UNIT (LENGTH_MEASURE( 1.000000000000000082E-05 ), #1332, 'distance_accuracy_value', 'NONE');
#5121 = CYLINDRICAL_SURFACE ( 'NONE', #2048, 0.2215481472247725347 ) ;
#5122 = STYLED_ITEM ( 'NONE', ( #845 ), #205 ) ;
#5123 = SURFACE_STYLE_FILL_AREA ( #4685 ) ;
#5124 = CARTESIAN_POINT ( 'NONE',  ( 3.014094982814588874, -0.3300000000000000155, 1.649999999999999467 ) ) ;
#5125 = DIRECTION ( 'NONE',  ( -1.000000000000000000, 0.000000000000000000, -0.000000000000000000 ) ) ;
#5126 = ORIENTED_EDGE ( 'NONE', *, *, #3412, .F. ) ;
#5127 = FILL_AREA_STYLE ('',( #3624 ) ) ;
#5128 = EDGE_LOOP ( 'NONE', ( #2580, #1093, #6041, #4071 ) ) ;
#5129 = CARTESIAN_POINT ( 'NONE',  ( -2.994999999999997442, -0.3300000000000000155, 2.063789810308650718 ) ) ;
#5130 = VERTEX_POINT ( 'NONE', #3247 ) ;
#5131 =( NAMED_UNIT ( * ) SI_UNIT ( $, .STERADIAN. ) SOLID_ANGLE_UNIT ( ) );
#5132 = DIRECTION ( 'NONE',  ( 1.734723475976807587E-16, 0.000000000000000000, -1.000000000000000000 ) ) ;
#5133 = EDGE_LOOP ( 'NONE', ( #219, #1553, #434, #1873 ) ) ;
#5134 = DIRECTION ( 'NONE',  ( 2.832747255364476548E-16, 0.2079116908177597867, 0.9781476007338055778 ) ) ;
#5135 = PRESENTATION_LAYER_ASSIGNMENT (  '', '', ( #2560 ) ) ;
#5136 = DIRECTION ( 'NONE',  ( 1.000000000000000000, 0.000000000000000000, -2.047499167272383645E-15 ) ) ;
#5137 = DIRECTION ( 'NONE',  ( 0.000000000000000000, 0.000000000000000000, 1.000000000000000000 ) ) ;
#5138 = COLOUR_RGB ( '',0.7686274509803920907, 0.7686274509803920907, 0.7686274509803920907 ) ;
#5139 = ORIENTED_EDGE ( 'NONE', *, *, #6471, .T. ) ;
#5140 = VECTOR ( 'NONE', #273, 1000.000000000000000 ) ;
#5141 = ORIENTED_EDGE ( 'NONE', *, *, #5637, .F. ) ;
#5142 = LINE ( 'NONE', #1980, #2085 ) ;
#5143 = AXIS2_PLACEMENT_3D ( 'NONE', #1697, #3705, #3734 ) ;
#5144 = DIRECTION ( 'NONE',  ( -1.000000000000000000, 0.000000000000000000, -2.047499167272383645E-15 ) ) ;
#5145 = ORIENTED_EDGE ( 'NONE', *, *, #5295, .F. ) ;
#5146 = COLOUR_RGB ( '',0.7686274509803920907, 0.7686274509803920907, 0.7686274509803920907 ) ;
#5147 = FACE_OUTER_BOUND ( 'NONE', #2672, .T. ) ;
#5148 = LINE ( 'NONE', #577, #4530 ) ;
#5149 = UNCERTAINTY_MEASURE_WITH_UNIT (LENGTH_MEASURE( 1.000000000000000082E-05 ), #4509, 'distance_accuracy_value', 'NONE');
#5150 = VECTOR ( 'NONE', #3905, 1000.000000000000000 ) ;
#5151 = PRESENTATION_LAYER_ASSIGNMENT (  '', '', ( #1425 ) ) ;
#5152 = EDGE_CURVE ( 'NONE', #6033, #5044, #5254, .T. ) ;
#5153 = CIRCLE ( 'NONE', #2581, 0.2215481472247725347 ) ;
#5154 = VECTOR ( 'NONE', #5415, 1000.000000000000114 ) ;
#5155 = FILL_AREA_STYLE ('',( #616 ) ) ;
#5156 = ADVANCED_FACE ( 'NONE', ( #6220 ), #5679, .F. ) ;
#5157 = CARTESIAN_POINT ( 'NONE',  ( 3.120000000023992470, -0.3300000000000000155, 291550.0000000000000 ) ) ;
#5158 =( NAMED_UNIT ( * ) SI_UNIT ( $, .STERADIAN. ) SOLID_ANGLE_UNIT ( ) );
#5159 = AXIS2_PLACEMENT_3D ( 'NONE', #4065, #2061, #959 ) ;
#5160 = ORIENTED_EDGE ( 'NONE', *, *, #3188, .T. ) ;
#5161 =( NAMED_UNIT ( * ) SI_UNIT ( $, .STERADIAN. ) SOLID_ANGLE_UNIT ( ) );
#5162 = SURFACE_STYLE_FILL_AREA ( #3048 ) ;
#5163 = PRESENTATION_LAYER_ASSIGNMENT (  '', '', ( #3016 ) ) ;
#5164 = EDGE_CURVE ( 'NONE', #5760, #818, #4793, .T. ) ;
#5165 = EDGE_LOOP ( 'NONE', ( #4674, #109, #3294, #4451 ) ) ;
#5166 = DIRECTION ( 'NONE',  ( 0.000000000000000000, 0.000000000000000000, 1.000000000000000000 ) ) ;
#5167 = ORIENTED_EDGE ( 'NONE', *, *, #2095, .T. ) ;
#5168 = DIRECTION ( 'NONE',  ( 0.000000000000000000, -0.000000000000000000, 1.000000000000000000 ) ) ;
#5169 = DIRECTION ( 'NONE',  ( 1.000000000000000000, 0.000000000000000000, 0.000000000000000000 ) ) ;
#5170 = ORIENTED_EDGE ( 'NONE', *, *, #4533, .F. ) ;
#5171 = SURFACE_STYLE_USAGE ( .BOTH. , #1676 ) ;
#5172 = SURFACE_STYLE_FILL_AREA ( #2727 ) ;
#5173 = DIRECTION ( 'NONE',  ( -2.179310204677306062E-16, 0.000000000000000000, -1.000000000000000000 ) ) ;
#5174 =( GEOMETRIC_REPRESENTATION_CONTEXT ( 3 ) GLOBAL_UNCERTAINTY_ASSIGNED_CONTEXT ( ( #13 ) ) GLOBAL_UNIT_ASSIGNED_CONTEXT ( ( #5927, #6424, #6522 ) ) REPRESENTATION_CONTEXT ( 'NONE', 'WORKASPACE' ) );
#5175 = ORIENTED_EDGE ( 'NONE', *, *, #3275, .T. ) ;
#5176 = STYLED_ITEM ( 'NONE', ( #5426 ), #3775 ) ;
#5177 = DIRECTION ( 'NONE',  ( 0.000000000000000000, 0.000000000000000000, 1.000000000000000000 ) ) ;
#5178 = MECHANICAL_DESIGN_GEOMETRIC_PRESENTATION_REPRESENTATION (  '', ( #4867 ), #1978 ) ;
#5179 = ORIENTED_EDGE ( 'NONE', *, *, #2906, .F. ) ;
#5180 = AXIS2_PLACEMENT_3D ( 'NONE', #4932, #3363, #1395 ) ;
#5181 = CARTESIAN_POINT ( 'NONE',  ( 0.9599700567548552499, -0.3300000000000000155, 2.055898026412705804 ) ) ;
#5182 = ORIENTED_EDGE ( 'NONE', *, *, #3198, .T. ) ;
#5183 = SURFACE_SIDE_STYLE ('',( #466 ) ) ;
#5184 = FILL_AREA_STYLE_COLOUR ( '', #2058 ) ;
#5185 = FILL_AREA_STYLE ('',( #3647 ) ) ;
#5186 = ORIENTED_EDGE ( 'NONE', *, *, #2361, .T. ) ;
#5187 = VECTOR ( 'NONE', #6316, 1000.000000000000000 ) ;
#5188 = VECTOR ( 'NONE', #1264, 1000.000000000000000 ) ;
#5189 = SURFACE_STYLE_USAGE ( .BOTH. , #2568 ) ;
#5190 = FILL_AREA_STYLE_COLOUR ( '', #6134 ) ;
#5191 = ORIENTED_EDGE ( 'NONE', *, *, #1546, .F. ) ;
#5192 = DIRECTION ( 'NONE',  ( 0.9999999999911618476, 0.000000000000000000, 4.204298578504836987E-06 ) ) ;
#5193 = SURFACE_STYLE_FILL_AREA ( #1757 ) ;
#5194 = ADVANCED_FACE ( 'NONE', ( #3147 ), #3754, .F. ) ;
#5195 =( LENGTH_UNIT ( ) NAMED_UNIT ( * ) SI_UNIT ( .MILLI., .METRE. ) );
#5196 = SURFACE_SIDE_STYLE ('',( #5726 ) ) ;
#5197 = CARTESIAN_POINT ( 'NONE',  ( -3.120000000023992470, -0.3300000000000000155, 291550.0000000000000 ) ) ;
#5198 = ORIENTED_EDGE ( 'NONE', *, *, #4611, .T. ) ;
#5199 = LINE ( 'NONE', #3570, #6350 ) ;
#5200 = VERTEX_POINT ( 'NONE', #4175 ) ;
#5201 = AXIS2_PLACEMENT_3D ( 'NONE', #4853, #2353, #6378 ) ;
#5202 = CARTESIAN_POINT ( 'NONE',  ( 2.994999999999999218, -0.2799999999999999711, 2.063789810308649830 ) ) ;
#5203 = VERTEX_POINT ( 'NONE', #1163 ) ;
#5204 = PRESENTATION_STYLE_ASSIGNMENT (( #6307 ) ) ;
#5205 = LINE ( 'NONE', #5733, #6600 ) ;
#5206 = PLANE ( 'NONE',  #5483 ) ;
#5207 = VERTEX_POINT ( 'NONE', #132 ) ;
#5208 = LINE ( 'NONE', #2163, #2967 ) ;
#5209 = ADVANCED_FACE ( 'NONE', ( #1196 ), #6323, .F. ) ;
#5210 = VERTEX_POINT ( 'NONE', #5819 ) ;
#5211 = SURFACE_STYLE_FILL_AREA ( #4615 ) ;
#5212 = ORIENTED_EDGE ( 'NONE', *, *, #2408, .F. ) ;
#5213 = EDGE_CURVE ( 'NONE', #719, #3752, #1000, .T. ) ;
#5214 = CARTESIAN_POINT ( 'NONE',  ( 2.994999999999999662, -0.2799999999999999711, 0.7937898103086497015 ) ) ;
#5215 = FACE_OUTER_BOUND ( 'NONE', #2735, .T. ) ;
#5216 = FACE_OUTER_BOUND ( 'NONE', #4935, .T. ) ;
#5217 = ORIENTED_EDGE ( 'NONE', *, *, #3983, .T. ) ;
#5218 = DIRECTION ( 'NONE',  ( -1.000000000000000000, 0.000000000000000000, 0.000000000000000000 ) ) ;
#5219 = ADVANCED_FACE ( 'NONE', ( #1881 ), #335, .F. ) ;
#5220 = PLANE ( 'NONE',  #6156 ) ;
#5221 =( GEOMETRIC_REPRESENTATION_CONTEXT ( 3 ) GLOBAL_UNCERTAINTY_ASSIGNED_CONTEXT ( ( #3616 ) ) GLOBAL_UNIT_ASSIGNED_CONTEXT ( ( #1606, #1707, #152 ) ) REPRESENTATION_CONTEXT ( 'NONE', 'WORKASPACE' ) );
#5222 = SURFACE_STYLE_USAGE ( .BOTH. , #3177 ) ;
#5223 = CARTESIAN_POINT ( 'NONE',  ( 2.995000000000000107, -1.919156842409240353E-32, -2.499999999999999556 ) ) ;
#5224 = ORIENTED_EDGE ( 'NONE', *, *, #5601, .F. ) ;
#5225 = SURFACE_STYLE_FILL_AREA ( #4765 ) ;
#5226 = MECHANICAL_DESIGN_GEOMETRIC_PRESENTATION_REPRESENTATION (  '', ( #3302 ), #3076 ) ;
#5227 = UNCERTAINTY_MEASURE_WITH_UNIT (LENGTH_MEASURE( 1.000000000000000082E-05 ), #893, 'distance_accuracy_value', 'NONE');
#5228 = CARTESIAN_POINT ( 'NONE',  ( -3.120000000023992470, -0.3300000000000000155, 0.7899999999949613994 ) ) ;
#5229 = PLANE ( 'NONE',  #4181 ) ;
#5230 = STYLED_ITEM ( 'NONE', ( #518 ), #41 ) ;
#5231 = ORIENTED_EDGE ( 'NONE', *, *, #5724, .F. ) ;
#5232 =( NAMED_UNIT ( * ) PLANE_ANGLE_UNIT ( ) SI_UNIT ( $, .RADIAN. ) );
#5233 = ORIENTED_EDGE ( 'NONE', *, *, #5567, .T. ) ;
#5234 = SURFACE_STYLE_USAGE ( .BOTH. , #3292 ) ;
#5235 =( NAMED_UNIT ( * ) PLANE_ANGLE_UNIT ( ) SI_UNIT ( $, .RADIAN. ) );
#5236 = ORIENTED_EDGE ( 'NONE', *, *, #6393, .T. ) ;
#5237 =( NAMED_UNIT ( * ) PLANE_ANGLE_UNIT ( ) SI_UNIT ( $, .RADIAN. ) );
#5238 = FACE_OUTER_BOUND ( 'NONE', #3479, .T. ) ;
#5239 = EDGE_CURVE ( 'NONE', #4163, #2720, #1627, .T. ) ;
#5240 = SURFACE_STYLE_USAGE ( .BOTH. , #4066 ) ;
#5241 = VERTEX_POINT ( 'NONE', #4897 ) ;
#5242 = VERTEX_POINT ( 'NONE', #2403 ) ;
#5243 = ORIENTED_EDGE ( 'NONE', *, *, #1409, .T. ) ;
#5244 = PLANE ( 'NONE',  #4849 ) ;
#5245 = CARTESIAN_POINT ( 'NONE',  ( 0.4499700567208719804, -0.3300000000000000155, -2.055898026412705804 ) ) ;
#5246 = ORIENTED_EDGE ( 'NONE', *, *, #613, .T. ) ;
#5247 = VECTOR ( 'NONE', #1335, 1000.000000000000000 ) ;
#5248 =( GEOMETRIC_REPRESENTATION_CONTEXT ( 3 ) GLOBAL_UNCERTAINTY_ASSIGNED_CONTEXT ( ( #5012 ) ) GLOBAL_UNIT_ASSIGNED_CONTEXT ( ( #4220, #4120, #5161 ) ) REPRESENTATION_CONTEXT ( 'NONE', 'WORKASPACE' ) );
#5249 = SURFACE_STYLE_USAGE ( .BOTH. , #4315 ) ;
#5250 = CARTESIAN_POINT ( 'NONE',  ( 0.4499700567208719804, -0.3300000000000000155, -2.055898026412705804 ) ) ;
#5251 = VECTOR ( 'NONE', #3102, 1000.000000000000000 ) ;
#5252 = STYLED_ITEM ( 'NONE', ( #1883 ), #6053 ) ;
#5253 =( NAMED_UNIT ( * ) PLANE_ANGLE_UNIT ( ) SI_UNIT ( $, .RADIAN. ) );
#5254 = LINE ( 'NONE', #2605, #2791 ) ;
#5255 =( GEOMETRIC_REPRESENTATION_CONTEXT ( 3 ) GLOBAL_UNCERTAINTY_ASSIGNED_CONTEXT ( ( #3704 ) ) GLOBAL_UNIT_ASSIGNED_CONTEXT ( ( #3961, #5018, #3001 ) ) REPRESENTATION_CONTEXT ( 'NONE', 'WORKASPACE' ) );
#5256 = DIRECTION ( 'NONE',  ( -1.000000000000000000, 0.000000000000000000, 0.000000000000000000 ) ) ;
#5257 = SURFACE_STYLE_USAGE ( .BOTH. , #1165 ) ;
#5258 = LINE ( 'NONE', #6262, #1759 ) ;
#5259 =( GEOMETRIC_REPRESENTATION_CONTEXT ( 3 ) GLOBAL_UNCERTAINTY_ASSIGNED_CONTEXT ( ( #2522 ) ) GLOBAL_UNIT_ASSIGNED_CONTEXT ( ( #3084, #5910, #3383 ) ) REPRESENTATION_CONTEXT ( 'NONE', 'WORKASPACE' ) );
#5260 = EDGE_LOOP ( 'NONE', ( #1443, #2683, #77, #1451 ) ) ;
#5261 = SURFACE_SIDE_STYLE ('',( #5225 ) ) ;
#5262 = PRESENTATION_LAYER_ASSIGNMENT (  '', '', ( #3661 ) ) ;
#5263 = CIRCLE ( 'NONE', #6213, 0.04999999999999991257 ) ;
#5264 =( LENGTH_UNIT ( ) NAMED_UNIT ( * ) SI_UNIT ( .MILLI., .METRE. ) );
#5265 = VECTOR ( 'NONE', #1993, 1000.000000000000000 ) ;
#5266 = DIRECTION ( 'NONE',  ( 0.000000000000000000, 0.000000000000000000, 1.000000000000000000 ) ) ;
#5267 = FILL_AREA_STYLE_COLOUR ( '', #6567 ) ;
#5268 = ORIENTED_EDGE ( 'NONE', *, *, #2215, .T. ) ;
#5269 = VERTEX_POINT ( 'NONE', #2307 ) ;
#5270 = COLOUR_RGB ( '',0.7686274509803920907, 0.7686274509803920907, 0.7686274509803920907 ) ;
#5271 = FILL_AREA_STYLE ('',( #1702 ) ) ;
#5272 = PLANE ( 'NONE',  #2225 ) ;
#5273 = ORIENTED_EDGE ( 'NONE', *, *, #1724, .T. ) ;
#5274 = LINE ( 'NONE', #2621, #2475 ) ;
#5275 = CARTESIAN_POINT ( 'NONE',  ( 0.4499700566828266357, -0.2800000000000000266, 2.055898026412705804 ) ) ;
#5276 = ORIENTED_EDGE ( 'NONE', *, *, #538, .T. ) ;
#5277 = EDGE_CURVE ( 'NONE', #2264, #4908, #5882, .T. ) ;
#5278 = ORIENTED_EDGE ( 'NONE', *, *, #4041, .F. ) ;
#5279 = FILL_AREA_STYLE ('',( #156 ) ) ;
#5280 = COLOUR_RGB ( '',0.7686274509803920907, 0.7686274509803920907, 0.7686274509803920907 ) ;
#5281 = ORIENTED_EDGE ( 'NONE', *, *, #5474, .T. ) ;
#5282 =( NAMED_UNIT ( * ) SI_UNIT ( $, .STERADIAN. ) SOLID_ANGLE_UNIT ( ) );
#5283 = CYLINDRICAL_SURFACE ( 'NONE', #4948, 0.04999999999999969746 ) ;
#5284 = CARTESIAN_POINT ( 'NONE',  ( -2.787819492104251395, 0.9747076555433751288, -2.292819492104250401 ) ) ;
#5285 = ADVANCED_FACE ( 'NONE', ( #4353 ), #231, .T. ) ;
#5286 = PRESENTATION_LAYER_ASSIGNMENT (  '', '', ( #4550 ) ) ;
#5287 = DIRECTION ( 'NONE',  ( 0.000000000000000000, 0.000000000000000000, 1.000000000000000000 ) ) ;
#5288 = CARTESIAN_POINT ( 'NONE',  ( -2.964094982814913237, -0.2800000000000000266, 2.135000000009767973 ) ) ;
#5289 = EDGE_CURVE ( 'NONE', #1822, #4914, #937, .T. ) ;
#5290 = CARTESIAN_POINT ( 'NONE',  ( -3.120000000023992470, -0.3300000000000000155, -1.700000000028012437 ) ) ;
#5291 = VECTOR ( 'NONE', #1692, 1000.000000000000000 ) ;
#5292 = PRESENTATION_LAYER_ASSIGNMENT (  '', '', ( #602 ) ) ;
#5293 = AXIS2_PLACEMENT_3D ( 'NONE', #4293, #3364, #2345 ) ;
#5294 = AXIS2_PLACEMENT_3D ( 'NONE', #5422, #5298, #4281 ) ;
#5295 = EDGE_CURVE ( 'NONE', #6103, #3907, #4586, .T. ) ;
#5296 = DIRECTION ( 'NONE',  ( 0.000000000000000000, 1.000000000000000000, 0.000000000000000000 ) ) ;
#5297 = SURFACE_STYLE_USAGE ( .BOTH. , #3251 ) ;
#5298 = DIRECTION ( 'NONE',  ( -0.000000000000000000, 1.000000000000000000, 0.000000000000000000 ) ) ;
#5299 = STYLED_ITEM ( 'NONE', ( #6580 ), #4345 ) ;
#5300 =( GEOMETRIC_REPRESENTATION_CONTEXT ( 3 ) GLOBAL_UNCERTAINTY_ASSIGNED_CONTEXT ( ( #6178 ) ) GLOBAL_UNIT_ASSIGNED_CONTEXT ( ( #98, #2490, #4043 ) ) REPRESENTATION_CONTEXT ( 'NONE', 'WORKASPACE' ) );
#5301 = EDGE_CURVE ( 'NONE', #6033, #5722, #6577, .T. ) ;
#5302 = CARTESIAN_POINT ( 'NONE',  ( -2.994999999999998330, -0.2800000000000000266, -0.8649999999761348590 ) ) ;
#5303 = FILL_AREA_STYLE_COLOUR ( '', #5065 ) ;
#5304 = DIRECTION ( 'NONE',  ( 0.2035585949527793093, -0.9576678948579724349, 0.2035585949527792815 ) ) ;
#5305 = CARTESIAN_POINT ( 'NONE',  ( -2.994999999999998774, -0.2799999999999999711, 0.4262101896913503829 ) ) ;
#5306 = ORIENTED_EDGE ( 'NONE', *, *, #4098, .T. ) ;
#5307 = CARTESIAN_POINT ( 'NONE',  ( 2.964094982814913237, -0.2800000000000000266, 291550.0000000000000 ) ) ;
#5308 = SURFACE_SIDE_STYLE ('',( #4297 ) ) ;
#5309 = ORIENTED_EDGE ( 'NONE', *, *, #785, .F. ) ;
#5310 = EDGE_CURVE ( 'NONE', #960, #2148, #4023, .T. ) ;
#5311 = FACE_OUTER_BOUND ( 'NONE', #3187, .T. ) ;
#5312 = ORIENTED_EDGE ( 'NONE', *, *, #3058, .T. ) ;
#5313 = ORIENTED_EDGE ( 'NONE', *, *, #2897, .F. ) ;
#5314 = VECTOR ( 'NONE', #953, 1000.000000000000000 ) ;
#5315 = DIRECTION ( 'NONE',  ( 1.000000000000000000, 0.000000000000000000, -1.516382550836134908E-16 ) ) ;
#5316 = ORIENTED_EDGE ( 'NONE', *, *, #2204, .T. ) ;
#5317 = CARTESIAN_POINT ( 'NONE',  ( -400000.0000000000000, -0.3300000000000000155, 0.8649999999761348590 ) ) ;
#5318 = CARTESIAN_POINT ( 'NONE',  ( -2.964094982814913237, -0.3300000000000000155, 291550.0000000000000 ) ) ;
#5319 = STYLED_ITEM ( 'NONE', ( #4560 ), #1938 ) ;
#5320 = LINE ( 'NONE', #3309, #903 ) ;
#5321 = DIRECTION ( 'NONE',  ( 0.000000000000000000, 0.000000000000000000, 1.000000000000000000 ) ) ;
#5322 =( NAMED_UNIT ( * ) SI_UNIT ( $, .STERADIAN. ) SOLID_ANGLE_UNIT ( ) );
#5323 = EDGE_CURVE ( 'NONE', #4987, #2433, #6508, .T. ) ;
#5324 =( NAMED_UNIT ( * ) PLANE_ANGLE_UNIT ( ) SI_UNIT ( $, .RADIAN. ) );
#5325 = CARTESIAN_POINT ( 'NONE',  ( 3.120000000023992470, 0.000000000000000000, 0.4299999999943793227 ) ) ;
#5326 = PLANE ( 'NONE',  #5046 ) ;
#5327 =( LENGTH_UNIT ( ) NAMED_UNIT ( * ) SI_UNIT ( .MILLI., .METRE. ) );
#5328 = PRESENTATION_STYLE_ASSIGNMENT (( #170 ) ) ;
#5329 =( GEOMETRIC_REPRESENTATION_CONTEXT ( 3 ) GLOBAL_UNCERTAINTY_ASSIGNED_CONTEXT ( ( #1096 ) ) GLOBAL_UNIT_ASSIGNED_CONTEXT ( ( #3847, #5866, #1280 ) ) REPRESENTATION_CONTEXT ( 'NONE', 'WORKASPACE' ) );
#5330 = SURFACE_STYLE_FILL_AREA ( #5824 ) ;
#5331 = LINE ( 'NONE', #5752, #3766 ) ;
#5332 = LINE ( 'NONE', #2245, #1880 ) ;
#5333 =( NAMED_UNIT ( * ) PLANE_ANGLE_UNIT ( ) SI_UNIT ( $, .RADIAN. ) );
#5334 =( NAMED_UNIT ( * ) SI_UNIT ( $, .STERADIAN. ) SOLID_ANGLE_UNIT ( ) );
#5335 = FILL_AREA_STYLE ('',( #4399 ) ) ;
#5336 = AXIS2_PLACEMENT_3D ( 'NONE', #2481, #4572, #6469 ) ;
#5337 = VERTEX_POINT ( 'NONE', #4046 ) ;
#5338 = AXIS2_PLACEMENT_3D ( 'NONE', #3872, #4336, #5369 ) ;
#5339 = EDGE_LOOP ( 'NONE', ( #3996, #6410, #2083, #2358 ) ) ;
#5340 = LINE ( 'NONE', #3816, #2121 ) ;
#5341 = CARTESIAN_POINT ( 'NONE',  ( 2.995000000000000107, -0.3300000000000000155, -1.696210189691350179 ) ) ;
#5342 = VERTEX_POINT ( 'NONE', #6545 ) ;
#5343 = SURFACE_STYLE_USAGE ( .BOTH. , #4308 ) ;
#5344 = CARTESIAN_POINT ( 'NONE',  ( -2.995000000000000107, -0.2799999999999999711, -2.063789810308648942 ) ) ;
#5345 = ORIENTED_EDGE ( 'NONE', *, *, #3126, .F. ) ;
#5346 = CARTESIAN_POINT ( 'NONE',  ( 0.5249700566878345853, -0.2800000000000000266, 2.397846985473961468 ) ) ;
#5347 = CARTESIAN_POINT ( 'NONE',  ( -79368.84361538017401, -0.3300000000000000155, 361874.3454647695762 ) ) ;
#5348 = PLANE ( 'NONE',  #2576 ) ;
#5349 = DIRECTION ( 'NONE',  ( 1.000000000000000000, 0.000000000000000000, -2.896032514151599311E-16 ) ) ;
#5350 = CARTESIAN_POINT ( 'NONE',  ( -2.409999999997580744, -0.3300000000000000155, 0.8649999999761348590 ) ) ;
#5351 = SURFACE_SIDE_STYLE ('',( #5876 ) ) ;
#5352 = DIRECTION ( 'NONE',  ( 0.000000000000000000, 1.000000000000000000, 0.000000000000000000 ) ) ;
#5353 = CARTESIAN_POINT ( 'NONE',  ( 2.431353811107150875, 0.7900000000000000355, 1.907959339227716100 ) ) ;
#5354 = FACE_OUTER_BOUND ( 'NONE', #4811, .T. ) ;
#5355 = EDGE_CURVE ( 'NONE', #2368, #4889, #3994, .T. ) ;
#5356 = AXIS2_PLACEMENT_3D ( 'NONE', #4460, #6483, #4317 ) ;
#5357 = UNCERTAINTY_MEASURE_WITH_UNIT (LENGTH_MEASURE( 1.000000000000000082E-05 ), #67, 'distance_accuracy_value', 'NONE');
#5358 = DIRECTION ( 'NONE',  ( 0.000000000000000000, 1.000000000000000000, 0.000000000000000000 ) ) ;
#5359 = ADVANCED_FACE ( 'NONE', ( #5579 ), #1028, .F. ) ;
#5360 = LINE ( 'NONE', #4396, #383 ) ;
#5361 = VECTOR ( 'NONE', #4223, 1000.000000000000000 ) ;
#5362 = CARTESIAN_POINT ( 'NONE',  ( -3.014094982814587986, 0.000000000000000000, 0.8400000000000005240 ) ) ;
#5363 = VECTOR ( 'NONE', #1509, 1000.000000000000000 ) ;
#5364 = LINE ( 'NONE', #6368, #5150 ) ;
#5365 = SURFACE_STYLE_USAGE ( .BOTH. , #1427 ) ;
#5366 = ORIENTED_EDGE ( 'NONE', *, *, #1807, .T. ) ;
#5367 = CARTESIAN_POINT ( 'NONE',  ( 2.964094982814588164, -0.3300000000000000155, -2.110000000016043487 ) ) ;
#5368 =( GEOMETRIC_REPRESENTATION_CONTEXT ( 3 ) GLOBAL_UNCERTAINTY_ASSIGNED_CONTEXT ( ( #2082 ) ) GLOBAL_UNIT_ASSIGNED_CONTEXT ( ( #5593, #2052, #5620 ) ) REPRESENTATION_CONTEXT ( 'NONE', 'WORKASPACE' ) );
#5369 = DIRECTION ( 'NONE',  ( 0.000000000000000000, 0.000000000000000000, 1.000000000000000000 ) ) ;
#5370 =( NAMED_UNIT ( * ) PLANE_ANGLE_UNIT ( ) SI_UNIT ( $, .RADIAN. ) );
#5371 = EDGE_CURVE ( 'NONE', #6051, #4677, #5980, .T. ) ;
#5372 = VECTOR ( 'NONE', #3823, 1000.000000000000000 ) ;
#5373 =( GEOMETRIC_REPRESENTATION_CONTEXT ( 3 ) GLOBAL_UNCERTAINTY_ASSIGNED_CONTEXT ( ( #5686 ) ) GLOBAL_UNIT_ASSIGNED_CONTEXT ( ( #5023, #6553, #6117 ) ) REPRESENTATION_CONTEXT ( 'NONE', 'WORKASPACE' ) );
#5374 = ORIENTED_EDGE ( 'NONE', *, *, #1746, .F. ) ;
#5375 = CARTESIAN_POINT ( 'NONE',  ( -2.964094982814913237, -0.3300000000000000155, 0.8649999999761348590 ) ) ;
#5376 = ORIENTED_EDGE ( 'NONE', *, *, #4796, .F. ) ;
#5377 = DIRECTION ( 'NONE',  ( 0.000000000000000000, 1.000000000000000000, 0.000000000000000000 ) ) ;
#5378 = DIRECTION ( 'NONE',  ( 0.000000000000000000, 0.000000000000000000, 1.000000000000000000 ) ) ;
#5379 = VERTEX_POINT ( 'NONE', #1419 ) ;
#5380 = DIRECTION ( 'NONE',  ( -1.000000000000000000, 0.000000000000000000, 5.204170427930421283E-16 ) ) ;
#5381 = COLOUR_RGB ( '',0.7686274509803920907, 0.7686274509803920907, 0.7686274509803920907 ) ;
#5382 = STYLED_ITEM ( 'NONE', ( #2614 ), #2697 ) ;
#5383 = UNCERTAINTY_MEASURE_WITH_UNIT (LENGTH_MEASURE( 1.000000000000000082E-05 ), #5264, 'distance_accuracy_value', 'NONE');
#5384 = DIRECTION ( 'NONE',  ( -1.000000000000000000, 0.000000000000000000, -2.047499167272383645E-15 ) ) ;
#5385 = UNCERTAINTY_MEASURE_WITH_UNIT (LENGTH_MEASURE( 1.000000000000000082E-05 ), #2649, 'distance_accuracy_value', 'NONE');
#5386 = VECTOR ( 'NONE', #5169, 1000.000000000000000 ) ;
#5387 = ORIENTED_EDGE ( 'NONE', *, *, #670, .F. ) ;
#5388 = MECHANICAL_DESIGN_GEOMETRIC_PRESENTATION_REPRESENTATION (  '', ( #23 ), #1031 ) ;
#5389 = VECTOR ( 'NONE', #523, 1000.000000000000000 ) ;
#5390 = LINE ( 'NONE', #1324, #1630 ) ;
#5391 =( LENGTH_UNIT ( ) NAMED_UNIT ( * ) SI_UNIT ( .MILLI., .METRE. ) );
#5392 = CARTESIAN_POINT ( 'NONE',  ( 2.964094982814913237, -0.2800000000000000266, 2.135000000009767973 ) ) ;
#5393 = AXIS2_PLACEMENT_3D ( 'NONE', #551, #2119, #6160 ) ;
#5394 =( GEOMETRIC_REPRESENTATION_CONTEXT ( 3 ) GLOBAL_UNCERTAINTY_ASSIGNED_CONTEXT ( ( #2106 ) ) GLOBAL_UNIT_ASSIGNED_CONTEXT ( ( #5040, #2959, #5690 ) ) REPRESENTATION_CONTEXT ( 'NONE', 'WORKASPACE' ) );
#5395 = PRESENTATION_STYLE_ASSIGNMENT (( #5450 ) ) ;
#5396 = CARTESIAN_POINT ( 'NONE',  ( 2.994999999999999662, 0.000000000000000000, -0.7937898103086492574 ) ) ;
#5397 =( NAMED_UNIT ( * ) SI_UNIT ( $, .STERADIAN. ) SOLID_ANGLE_UNIT ( ) );
#5398 = VECTOR ( 'NONE', #4795, 1000.000000000000000 ) ;
#5399 = FILL_AREA_STYLE_COLOUR ( '', #232 ) ;
#5400 =( NAMED_UNIT ( * ) SI_UNIT ( $, .STERADIAN. ) SOLID_ANGLE_UNIT ( ) );
#5401 = CARTESIAN_POINT ( 'NONE',  ( 2.827080316280681238, 0.7900000000000000355, 2.499999999999998668 ) ) ;
#5402 = EDGE_LOOP ( 'NONE', ( #3634, #4367, #4994, #4978 ) ) ;
#5403 =( NAMED_UNIT ( * ) SI_UNIT ( $, .STERADIAN. ) SOLID_ANGLE_UNIT ( ) );
#5404 = EDGE_CURVE ( 'NONE', #6203, #5869, #2530, .T. ) ;
#5405 = CARTESIAN_POINT ( 'NONE',  ( -3.014094982814587986, 0.000000000000000000, 0.3800000000000002265 ) ) ;
#5406 = SURFACE_STYLE_FILL_AREA ( #5763 ) ;
#5407 = ORIENTED_EDGE ( 'NONE', *, *, #5516, .F. ) ;
#5408 =( NAMED_UNIT ( * ) PLANE_ANGLE_UNIT ( ) SI_UNIT ( $, .RADIAN. ) );
#5409 = ORIENTED_EDGE ( 'NONE', *, *, #3733, .T. ) ;
#5410 = DIRECTION ( 'NONE',  ( 0.000000000000000000, 0.000000000000000000, 1.000000000000000000 ) ) ;
#5411 = DIRECTION ( 'NONE',  ( 0.2142384203776569185, 0.000000000000000000, -0.9767813978747170722 ) ) ;
#5412 = ORIENTED_EDGE ( 'NONE', *, *, #1417, .T. ) ;
#5413 = SURFACE_SIDE_STYLE ('',( #5905 ) ) ;
#5414 = SURFACE_SIDE_STYLE ('',( #2267 ) ) ;
#5415 = DIRECTION ( 'NONE',  ( 0.2142384203776569185, 0.000000000000000000, -0.9767813978747170722 ) ) ;
#5416 = MECHANICAL_DESIGN_GEOMETRIC_PRESENTATION_REPRESENTATION (  '', ( #4990 ), #2104 ) ;
#5417 = DIRECTION ( 'NONE',  ( 0.000000000000000000, 0.000000000000000000, 1.000000000000000000 ) ) ;
#5418 = ORIENTED_EDGE ( 'NONE', *, *, #3214, .F. ) ;
#5419 =( NAMED_UNIT ( * ) SI_UNIT ( $, .STERADIAN. ) SOLID_ANGLE_UNIT ( ) );
#5420 = CARTESIAN_POINT ( 'NONE',  ( -2.964094982814588164, -0.2800000000000000266, -0.3800000000069303496 ) ) ;
#5421 = DIRECTION ( 'NONE',  ( 0.000000000000000000, 0.000000000000000000, -1.000000000000000000 ) ) ;
#5422 = CARTESIAN_POINT ( 'NONE',  ( 3.014094982814587986, -0.3300000000000000155, -1.649999999999999467 ) ) ;
#5423 = EDGE_CURVE ( 'NONE', #6121, #1404, #6019, .T. ) ;
#5424 = DIRECTION ( 'NONE',  ( 0.000000000000000000, 0.000000000000000000, -1.000000000000000000 ) ) ;
#5425 = LINE ( 'NONE', #2944, #1947 ) ;
#5426 = PRESENTATION_STYLE_ASSIGNMENT (( #6425 ) ) ;
#5427 = SURFACE_SIDE_STYLE ('',( #5931 ) ) ;
#5428 =( NAMED_UNIT ( * ) PLANE_ANGLE_UNIT ( ) SI_UNIT ( $, .RADIAN. ) );
#5429 = ORIENTED_EDGE ( 'NONE', *, *, #1594, .F. ) ;
#5430 = SURFACE_STYLE_FILL_AREA ( #2856 ) ;
#5431 = FACE_OUTER_BOUND ( 'NONE', #1174, .T. ) ;
#5432 = CARTESIAN_POINT ( 'NONE',  ( 2.409999999981830232, -0.3300000000000000155, 0.8649999999761348590 ) ) ;
#5433 = EDGE_CURVE ( 'NONE', #973, #4035, #3241, .T. ) ;
#5434 = EDGE_LOOP ( 'NONE', ( #643, #5126, #4180, #775, #5674, #2112 ) ) ;
#5435 = SURFACE_SIDE_STYLE ('',( #979 ) ) ;
#5436 = EDGE_LOOP ( 'NONE', ( #1182, #3701, #2191, #5667 ) ) ;
#5437 = SURFACE_STYLE_USAGE ( .BOTH. , #294 ) ;
#5438 = PRESENTATION_LAYER_ASSIGNMENT (  '', '', ( #4591 ) ) ;
#5439 = ADVANCED_FACE ( 'NONE', ( #4789 ), #6251, .F. ) ;
#5440 = ORIENTED_EDGE ( 'NONE', *, *, #1652, .T. ) ;
#5441 = CARTESIAN_POINT ( 'NONE',  ( -2.964094982814913237, -0.2800000000000000266, -0.8399999999824103725 ) ) ;
#5442 = STYLED_ITEM ( 'NONE', ( #1371 ), #195 ) ;
#5443 = CARTESIAN_POINT ( 'NONE',  ( 2.410000000013326815, -0.3300000000000000155, -1.624999999989995558 ) ) ;
#5444 = SURFACE_SIDE_STYLE ('',( #1843 ) ) ;
#5445 = CARTESIAN_POINT ( 'NONE',  ( 2.431353811107150875, 0.7900000000000000355, 1.907959339227716100 ) ) ;
#5446 = ORIENTED_EDGE ( 'NONE', *, *, #494, .T. ) ;
#5447 = LINE ( 'NONE', #274, #4331 ) ;
#5448 = COLOUR_RGB ( '',0.7686274509803920907, 0.7686274509803920907, 0.7686274509803920907 ) ;
#5449 = STYLED_ITEM ( 'NONE', ( #2976 ), #6450 ) ;
#5450 = SURFACE_STYLE_USAGE ( .BOTH. , #5987 ) ;
#5451 = FACE_OUTER_BOUND ( 'NONE', #4707, .T. ) ;
#5452 = CARTESIAN_POINT ( 'NONE',  ( 2.994999999999999218, -0.2800000000000000266, 2.499999999999998668 ) ) ;
#5453 = CARTESIAN_POINT ( 'NONE',  ( 2.994999999999999218, -0.2800000000000000266, 2.499999999999998668 ) ) ;
#5454 =( NAMED_UNIT ( * ) SI_UNIT ( $, .STERADIAN. ) SOLID_ANGLE_UNIT ( ) );
#5455 = AXIS2_PLACEMENT_3D ( 'NONE', #2370, #969, #2435 ) ;
#5456 = ORIENTED_EDGE ( 'NONE', *, *, #1666, .F. ) ;
#5457 = PLANE ( 'NONE',  #2520 ) ;
#5458 = STYLED_ITEM ( 'NONE', ( #4498 ), #5106 ) ;
#5459 = MECHANICAL_DESIGN_GEOMETRIC_PRESENTATION_REPRESENTATION (  '', ( #445 ), #793 ) ;
#5460 = ORIENTED_EDGE ( 'NONE', *, *, #5892, .T. ) ;
#5461 = CARTESIAN_POINT ( 'NONE',  ( -400000.0000000000000, 0.000000000000000000, -2.059999999971751095 ) ) ;
#5462 = COLOUR_RGB ( '',0.7686274509803920907, 0.7686274509803920907, 0.7686274509803920907 ) ;
#5463 = DIRECTION ( 'NONE',  ( -1.000000000000000000, 0.000000000000000000, 0.000000000000000000 ) ) ;
#5464 = PRESENTATION_LAYER_ASSIGNMENT (  '', '', ( #445 ) ) ;
#5465 = DIRECTION ( 'NONE',  ( 2.896032514151599311E-16, -0.000000000000000000, 1.000000000000000000 ) ) ;
#5466 = AXIS2_PLACEMENT_3D ( 'NONE', #4859, #2302, #4349 ) ;
#5467 = CIRCLE ( 'NONE', #683, 0.05000000000000012768 ) ;
#5468 = ORIENTED_EDGE ( 'NONE', *, *, #5724, .T. ) ;
#5469 = LINE ( 'NONE', #3442, #2610 ) ;
#5470 = DIRECTION ( 'NONE',  ( 1.700709290173339867E-15, 0.000000000000000000, -1.000000000000000000 ) ) ;
#5471 = UNCERTAINTY_MEASURE_WITH_UNIT (LENGTH_MEASURE( 1.000000000000000082E-05 ), #5195, 'distance_accuracy_value', 'NONE');
#5472 = CARTESIAN_POINT ( 'NONE',  ( -399999.9999999993597, 0.000000000000000000, -0.4300000007901871868 ) ) ;
#5473 = VECTOR ( 'NONE', #5029, 1000.000000000000000 ) ;
#5474 = EDGE_CURVE ( 'NONE', #4507, #719, #6145, .T. ) ;
#5475 = PLANE ( 'NONE',  #966 ) ;
#5476 = CARTESIAN_POINT ( 'NONE',  ( 3.120000000023992470, -0.3300000000000000155, 0.4299999999943793227 ) ) ;
#5477 = AXIS2_PLACEMENT_3D ( 'NONE', #2428, #3513, #802 ) ;
#5478 = ORIENTED_EDGE ( 'NONE', *, *, #6182, .T. ) ;
#5479 = PRESENTATION_LAYER_ASSIGNMENT (  '', '', ( #3246 ) ) ;
#5480 = STYLED_ITEM ( 'NONE', ( #199 ), #1067 ) ;
#5481 = LINE ( 'NONE', #2845, #5084 ) ;
#5482 = EDGE_CURVE ( 'NONE', #2056, #6103, #1585, .T. ) ;
#5483 = AXIS2_PLACEMENT_3D ( 'NONE', #1056, #3638, #635 ) ;
#5484 = FILL_AREA_STYLE_COLOUR ( '', #5574 ) ;
#5485 = CARTESIAN_POINT ( 'NONE',  ( -2.409999999997580744, -0.3300000000000000155, -1.624999999989995558 ) ) ;
#5486 = PRESENTATION_LAYER_ASSIGNMENT (  '', '', ( #2922 ) ) ;
#5487 = EDGE_CURVE ( 'NONE', #4104, #5835, #3686, .T. ) ;
#5488 = FACE_OUTER_BOUND ( 'NONE', #1516, .T. ) ;
#5489 = CARTESIAN_POINT ( 'NONE',  ( -3.120000000023992470, -0.3300000000000000155, -0.4299999999943793227 ) ) ;
#5490 = ORIENTED_EDGE ( 'NONE', *, *, #3627, .T. ) ;
#5491 = VECTOR ( 'NONE', #4257, 1000.000000000000000 ) ;
#5492 =( NAMED_UNIT ( * ) SI_UNIT ( $, .STERADIAN. ) SOLID_ANGLE_UNIT ( ) );
#5493 = CARTESIAN_POINT ( 'NONE',  ( 0.5249700568583648419, -0.3300000000000000155, 291549.9999999998254 ) ) ;
#5494 = EDGE_CURVE ( 'NONE', #746, #3927, #722, .T. ) ;
#5495 = PRESENTATION_STYLE_ASSIGNMENT (( #1921 ) ) ;
#5496 = ORIENTED_EDGE ( 'NONE', *, *, #127, .F. ) ;
#5497 = VECTOR ( 'NONE', #2639, 1000.000000000000000 ) ;
#5498 = PLANE ( 'NONE',  #5336 ) ;
#5499 = VECTOR ( 'NONE', #1444, 1000.000000000000000 ) ;
#5500 =( NAMED_UNIT ( * ) SI_UNIT ( $, .STERADIAN. ) SOLID_ANGLE_UNIT ( ) );
#5501 = EDGE_CURVE ( 'NONE', #446, #3935, #792, .T. ) ;
#5502 =( NAMED_UNIT ( * ) SI_UNIT ( $, .STERADIAN. ) SOLID_ANGLE_UNIT ( ) );
#5503 = ADVANCED_FACE ( 'NONE', ( #5216 ), #6175, .T. ) ;
#5504 = EDGE_LOOP ( 'NONE', ( #3580, #4736, #745, #1492 ) ) ;
#5505 = PLANE ( 'NONE',  #1361 ) ;
#5506 = LINE ( 'NONE', #5081, #5967 ) ;
#5507 = VERTEX_POINT ( 'NONE', #5245 ) ;
#5508 = EDGE_CURVE ( 'NONE', #6347, #2004, #1687, .T. ) ;
#5509 = CARTESIAN_POINT ( 'NONE',  ( -2.964094982814913237, -0.3300000000000000155, 291550.0000000000000 ) ) ;
#5510 = ORIENTED_EDGE ( 'NONE', *, *, #2137, .T. ) ;
#5511 = LINE ( 'NONE', #5913, #1381 ) ;
#5512 = DIRECTION ( 'NONE',  ( -0.000000000000000000, -1.000000000000000000, -0.000000000000000000 ) ) ;
#5513 = ORIENTED_EDGE ( 'NONE', *, *, #3607, .T. ) ;
#5514 = DIRECTION ( 'NONE',  ( 0.000000000000000000, 0.000000000000000000, -1.000000000000000000 ) ) ;
#5515 = MECHANICAL_DESIGN_GEOMETRIC_PRESENTATION_REPRESENTATION (  '', ( #295 ), #3391 ) ;
#5516 = EDGE_CURVE ( 'NONE', #485, #4737, #612, .T. ) ;
#5517 =( LENGTH_UNIT ( ) NAMED_UNIT ( * ) SI_UNIT ( .MILLI., .METRE. ) );
#5518 = CARTESIAN_POINT ( 'NONE',  ( -3.014094982814587986, -0.2800000000000000266, -0.8399999999999998579 ) ) ;
#5519 = DIRECTION ( 'NONE',  ( -0.2142384203776561136, 0.000000000000000000, 0.9767813978747172943 ) ) ;
#5520 = ORIENTED_EDGE ( 'NONE', *, *, #3055, .T. ) ;
#5521 = DIRECTION ( 'NONE',  ( 0.000000000000000000, 1.000000000000000000, 0.000000000000000000 ) ) ;
#5522 = CARTESIAN_POINT ( 'NONE',  ( -2.964094982814913237, -0.3300000000000000155, 0.3550000000272006129 ) ) ;
#5523 = CARTESIAN_POINT ( 'NONE',  ( 0.8849700567452600808, 0.000000000000000000, -2.499999999997726263 ) ) ;
#5524 = CARTESIAN_POINT ( 'NONE',  ( -3.014094982814587986, 0.000000000000000000, 0.8400000000000005240 ) ) ;
#5525 = ORIENTED_EDGE ( 'NONE', *, *, #2365, .F. ) ;
#5526 = FACE_OUTER_BOUND ( 'NONE', #3263, .T. ) ;
#5527 = CARTESIAN_POINT ( 'NONE',  ( -3.014094982802362210, -0.3300000000000000155, 0.7899999999717757238 ) ) ;
#5528 = ORIENTED_EDGE ( 'NONE', *, *, #2097, .F. ) ;
#5529 = CARTESIAN_POINT ( 'NONE',  ( -2.964094982814913237, -0.3300000000000000155, -2.109999999959200068 ) ) ;
#5530 = PRESENTATION_STYLE_ASSIGNMENT (( #427 ) ) ;
#5531 = ORIENTED_EDGE ( 'NONE', *, *, #3568, .T. ) ;
#5532 = VECTOR ( 'NONE', #5534, 1000.000000000000000 ) ;
#5533 = CARTESIAN_POINT ( 'NONE',  ( 2.994999999999999662, -0.3300000000000000155, -0.7937898103086508117 ) ) ;
#5534 = DIRECTION ( 'NONE',  ( -1.000000000000000000, 0.000000000000000000, -3.913416313492608067E-16 ) ) ;
#5535 = UNCERTAINTY_MEASURE_WITH_UNIT (LENGTH_MEASURE( 1.000000000000000082E-05 ), #1227, 'distance_accuracy_value', 'NONE');
#5536 = ORIENTED_EDGE ( 'NONE', *, *, #472, .T. ) ;
#5537 = AXIS2_PLACEMENT_3D ( 'NONE', #2387, #391, #4446 ) ;
#5538 = CARTESIAN_POINT ( 'NONE',  ( -400000.0000000000000, 0.000000000000000000, 2.625000000023192115 ) ) ;
#5539 = ORIENTED_EDGE ( 'NONE', *, *, #983, .F. ) ;
#5540 =( GEOMETRIC_REPRESENTATION_CONTEXT ( 3 ) GLOBAL_UNCERTAINTY_ASSIGNED_CONTEXT ( ( #5385 ) ) GLOBAL_UNIT_ASSIGNED_CONTEXT ( ( #2649, #5237, #3744 ) ) REPRESENTATION_CONTEXT ( 'NONE', 'WORKASPACE' ) );
#5541 = CARTESIAN_POINT ( 'NONE',  ( -2.994999999999997442, 0.000000000000000000, 2.500000000000000444 ) ) ;
#5542 = DIRECTION ( 'NONE',  ( 1.700709290173341642E-15, 0.000000000000000000, 1.000000000000000000 ) ) ;
#5543 = VERTEX_POINT ( 'NONE', #5639 ) ;
#5544 = CARTESIAN_POINT ( 'NONE',  ( 0.8849700567452600808, -0.2800000000000000266, 2.499999999999999112 ) ) ;
#5545 = CARTESIAN_POINT ( 'NONE',  ( -2.994999999999998330, -0.2800000000000000266, -2.499999999999999556 ) ) ;
#5546 = DIRECTION ( 'NONE',  ( 2.409338161078896419E-15, 0.000000000000000000, -1.000000000000000000 ) ) ;
#5547 = EDGE_CURVE ( 'NONE', #956, #4294, #6209, .T. ) ;
#5548 =( NAMED_UNIT ( * ) PLANE_ANGLE_UNIT ( ) SI_UNIT ( $, .RADIAN. ) );
#5549 = FILL_AREA_STYLE_COLOUR ( '', #4445 ) ;
#5550 = EDGE_CURVE ( 'NONE', #6203, #5625, #5672, .T. ) ;
#5551 = ORIENTED_EDGE ( 'NONE', *, *, #942, .F. ) ;
#5552 = CARTESIAN_POINT ( 'NONE',  ( -2.994999999999997442, -0.2800000000000000266, 2.500000000000000444 ) ) ;
#5553 = SURFACE_SIDE_STYLE ('',( #6586 ) ) ;
#5554 = CARTESIAN_POINT ( 'NONE',  ( 3.014094982802362210, -0.3300000000000000155, 1.700000000004814327 ) ) ;
#5555 = DIRECTION ( 'NONE',  ( 0.000000000000000000, 1.000000000000000000, 0.000000000000000000 ) ) ;
#5556 = ADVANCED_FACE ( 'NONE', ( #1714 ), #1615, .T. ) ;
#5557 = FACE_OUTER_BOUND ( 'NONE', #4187, .T. ) ;
#5558 = ORIENTED_EDGE ( 'NONE', *, *, #4718, .T. ) ;
#5559 =( GEOMETRIC_REPRESENTATION_CONTEXT ( 3 ) GLOBAL_UNCERTAINTY_ASSIGNED_CONTEXT ( ( #4487 ) ) GLOBAL_UNIT_ASSIGNED_CONTEXT ( ( #2752, #1763, #1426 ) ) REPRESENTATION_CONTEXT ( 'NONE', 'WORKASPACE' ) );
#5560 = COLOUR_RGB ( '',0.2941176470588235392, 0.2941176470588235392, 0.2941176470588235392 ) ;
#5561 = SURFACE_STYLE_FILL_AREA ( #4573 ) ;
#5562 = FILL_AREA_STYLE ('',( #3538 ) ) ;
#5563 =( NAMED_UNIT ( * ) SI_UNIT ( $, .STERADIAN. ) SOLID_ANGLE_UNIT ( ) );
#5564 = EDGE_CURVE ( 'NONE', #6205, #1430, #2670, .T. ) ;
#5565 = AXIS2_PLACEMENT_3D ( 'NONE', #729, #798, #2744 ) ;
#5566 = CARTESIAN_POINT ( 'NONE',  ( -399999.9999999993597, -0.3300000000000000155, -0.4300000007901871868 ) ) ;
#5567 = EDGE_CURVE ( 'NONE', #4537, #2625, #623, .T. ) ;
#5568 = FILL_AREA_STYLE_COLOUR ( '', #6254 ) ;
#5569 = LINE ( 'NONE', #4014, #5532 ) ;
#5570 = PRESENTATION_LAYER_ASSIGNMENT (  '', '', ( #3552 ) ) ;
#5571 = STYLED_ITEM ( 'NONE', ( #2678 ), #6260 ) ;
#5572 = PRESENTATION_LAYER_ASSIGNMENT (  '', '', ( #448 ) ) ;
#5573 = ORIENTED_EDGE ( 'NONE', *, *, #5770, .F. ) ;
#5574 = COLOUR_RGB ( '',0.7686274509803920907, 0.7686274509803920907, 0.7686274509803920907 ) ;
#5575 = CARTESIAN_POINT ( 'NONE',  ( -400000.0000000000000, -0.3300000000000000155, 1.624999999989995558 ) ) ;
#5576 = VERTEX_POINT ( 'NONE', #3253 ) ;
#5577 =( GEOMETRIC_REPRESENTATION_CONTEXT ( 3 ) GLOBAL_UNCERTAINTY_ASSIGNED_CONTEXT ( ( #3384 ) ) GLOBAL_UNIT_ASSIGNED_CONTEXT ( ( #2022, #508, #1042 ) ) REPRESENTATION_CONTEXT ( 'NONE', 'WORKASPACE' ) );
#5578 = DIRECTION ( 'NONE',  ( 0.000000000000000000, 1.000000000000000000, 0.000000000000000000 ) ) ;
#5579 = FACE_OUTER_BOUND ( 'NONE', #5260, .T. ) ;
#5580 = MECHANICAL_DESIGN_GEOMETRIC_PRESENTATION_REPRESENTATION (  '', ( #1649 ), #5052 ) ;
#5581 = ORIENTED_EDGE ( 'NONE', *, *, #5975, .F. ) ;
#5582 = DIRECTION ( 'NONE',  ( -0.000000000000000000, 1.000000000000000000, -0.000000000000000000 ) ) ;
#5583 = STYLED_ITEM ( 'NONE', ( #6061 ), #4812 ) ;
#5584 = ADVANCED_FACE ( 'NONE', ( #4693 ), #3759, .T. ) ;
#5585 = AXIS2_PLACEMENT_3D ( 'NONE', #1231, #3732, #2748 ) ;
#5586 = DIRECTION ( 'NONE',  ( 1.000000000000000000, -0.000000000000000000, 2.409338161078896419E-15 ) ) ;
#5587 = CARTESIAN_POINT ( 'NONE',  ( 3.014094982802362210, -0.3300000000000000155, -2.059999999971751095 ) ) ;
#5588 = VERTEX_POINT ( 'NONE', #4285 ) ;
#5589 = SURFACE_STYLE_FILL_AREA ( #3013 ) ;
#5590 = VECTOR ( 'NONE', #4940, 1000.000000000000000 ) ;
#5591 =( LENGTH_UNIT ( ) NAMED_UNIT ( * ) SI_UNIT ( .MILLI., .METRE. ) );
#5592 = DIRECTION ( 'NONE',  ( 0.000000000000000000, 0.000000000000000000, 1.000000000000000000 ) ) ;
#5593 =( LENGTH_UNIT ( ) NAMED_UNIT ( * ) SI_UNIT ( .MILLI., .METRE. ) );
#5594 = PRESENTATION_LAYER_ASSIGNMENT (  '', '', ( #2288 ) ) ;
#5595 = ORIENTED_EDGE ( 'NONE', *, *, #4105, .F. ) ;
#5596 = DIRECTION ( 'NONE',  ( 1.000000000000000000, -0.000000000000000000, 0.000000000000000000 ) ) ;
#5597 = DIRECTION ( 'NONE',  ( -1.000000000000000000, 0.000000000000000000, 0.000000000000000000 ) ) ;
#5598 =( NAMED_UNIT ( * ) SI_UNIT ( $, .STERADIAN. ) SOLID_ANGLE_UNIT ( ) );
#5599 = AXIS2_PLACEMENT_3D ( 'NONE', #2129, #6204, #2554 ) ;
#5600 = FILL_AREA_STYLE_COLOUR ( '', #2272 ) ;
#5601 = EDGE_CURVE ( 'NONE', #1822, #4478, #4185, .T. ) ;
#5602 = VECTOR ( 'NONE', #988, 1000.000000000000000 ) ;
#5603 = SURFACE_STYLE_FILL_AREA ( #3577 ) ;
#5604 = VECTOR ( 'NONE', #836, 1000.000000000000000 ) ;
#5605 = EDGE_LOOP ( 'NONE', ( #5074, #1733, #5107, #1611 ) ) ;
#5606 = DIRECTION ( 'NONE',  ( 0.000000000000000000, 0.000000000000000000, 1.000000000000000000 ) ) ;
#5607 = VERTEX_POINT ( 'NONE', #6227 ) ;
#5608 = DIRECTION ( 'NONE',  ( 0.000000000000000000, 1.000000000000000000, 0.000000000000000000 ) ) ;
#5609 = DIRECTION ( 'NONE',  ( 5.204170427930421283E-16, 0.000000000000000000, 1.000000000000000000 ) ) ;
#5610 = CARTESIAN_POINT ( 'NONE',  ( -2.964094982814913237, -0.3300000000000000155, 2.135000000009767973 ) ) ;
#5611 = ORIENTED_EDGE ( 'NONE', *, *, #5031, .T. ) ;
#5612 = PRESENTATION_STYLE_ASSIGNMENT (( #1651 ) ) ;
#5613 = UNCERTAINTY_MEASURE_WITH_UNIT (LENGTH_MEASURE( 1.000000000000000082E-05 ), #2127, 'distance_accuracy_value', 'NONE');
#5614 = DIRECTION ( 'NONE',  ( 0.000000000000000000, -0.000000000000000000, 1.000000000000000000 ) ) ;
#5615 = CARTESIAN_POINT ( 'NONE',  ( 2.995000000000000107, -0.2800000000000000266, -2.499999999999999556 ) ) ;
#5616 = EDGE_CURVE ( 'NONE', #188, #4983, #1665, .T. ) ;
#5617 = VERTEX_POINT ( 'NONE', #5228 ) ;
#5618 = COLOUR_RGB ( '',0.7686274509803920907, 0.7686274509803920907, 0.7686274509803920907 ) ;
#5619 = UNCERTAINTY_MEASURE_WITH_UNIT (LENGTH_MEASURE( 1.000000000000000082E-05 ), #5794, 'distance_accuracy_value', 'NONE');
#5620 =( NAMED_UNIT ( * ) SI_UNIT ( $, .STERADIAN. ) SOLID_ANGLE_UNIT ( ) );
#5621 = CARTESIAN_POINT ( 'NONE',  ( -3.014094982814587098, -0.2800000000000000266, -2.109999999999999876 ) ) ;
#5622 = VECTOR ( 'NONE', #1027, 1000.000000000000000 ) ;
#5623 = ORIENTED_EDGE ( 'NONE', *, *, #130, .T. ) ;
#5624 = LINE ( 'NONE', #2117, #980 ) ;
#5625 = VERTEX_POINT ( 'NONE', #657 ) ;
#5626 = DIRECTION ( 'NONE',  ( 0.000000000000000000, 1.000000000000000000, 0.000000000000000000 ) ) ;
#5627 = SURFACE_STYLE_USAGE ( .BOTH. , #6094 ) ;
#5628 = CARTESIAN_POINT ( 'NONE',  ( 3.120000000023992470, 0.000000000000000000, 0.7900000000181596205 ) ) ;
#5629 = EDGE_CURVE ( 'NONE', #2056, #2544, #2244, .T. ) ;
#5630 = DIRECTION ( 'NONE',  ( -0.000000000000000000, -1.000000000000000000, -0.000000000000000000 ) ) ;
#5631 = PLANE ( 'NONE',  #2231 ) ;
#5632 = ADVANCED_FACE ( 'NONE', ( #2716 ), #176, .T. ) ;
#5633 = UNCERTAINTY_MEASURE_WITH_UNIT (LENGTH_MEASURE( 1.000000000000000082E-05 ), #1512, 'distance_accuracy_value', 'NONE');
#5634 = ORIENTED_EDGE ( 'NONE', *, *, #6280, .F. ) ;
#5635 = FACE_OUTER_BOUND ( 'NONE', #1489, .T. ) ;
#5636 = ORIENTED_EDGE ( 'NONE', *, *, #3107, .F. ) ;
#5637 = EDGE_CURVE ( 'NONE', #6338, #3186, #5364, .T. ) ;
#5638 = FILL_AREA_STYLE_COLOUR ( '', #2108 ) ;
#5639 = CARTESIAN_POINT ( 'NONE',  ( 2.995000000000000107, -0.2800000000000000266, -2.499999999999999556 ) ) ;
#5640 = ORIENTED_EDGE ( 'NONE', *, *, #2903, .T. ) ;
#5641 = UNCERTAINTY_MEASURE_WITH_UNIT (LENGTH_MEASURE( 1.000000000000000082E-05 ), #3933, 'distance_accuracy_value', 'NONE');
#5642 =( GEOMETRIC_REPRESENTATION_CONTEXT ( 3 ) GLOBAL_UNCERTAINTY_ASSIGNED_CONTEXT ( ( #5149 ) ) GLOBAL_UNIT_ASSIGNED_CONTEXT ( ( #4509, #6065, #4007 ) ) REPRESENTATION_CONTEXT ( 'NONE', 'WORKASPACE' ) );
#5643 = CARTESIAN_POINT ( 'NONE',  ( -2.994999999999998330, -0.2800000000000000266, -2.499999999999999556 ) ) ;
#5644 = ADVANCED_FACE ( 'NONE', ( #768 ), #243, .T. ) ;
#5645 = AXIS2_PLACEMENT_3D ( 'NONE', #6498, #3024, #982 ) ;
#5646 = CARTESIAN_POINT ( 'NONE',  ( -2.964094982814913237, -0.3300000000000000155, 1.625000000017985169 ) ) ;
#5647 = PRESENTATION_LAYER_ASSIGNMENT (  '', '', ( #5122 ) ) ;
#5648 = FACE_OUTER_BOUND ( 'NONE', #4561, .T. ) ;
#5649 = SURFACE_SIDE_STYLE ('',( #3525 ) ) ;
#5650 = SURFACE_STYLE_FILL_AREA ( #3621 ) ;
#5651 = ORIENTED_EDGE ( 'NONE', *, *, #2943, .T. ) ;
#5652 = FILL_AREA_STYLE ('',( #1596 ) ) ;
#5653 =( NAMED_UNIT ( * ) PLANE_ANGLE_UNIT ( ) SI_UNIT ( $, .RADIAN. ) );
#5654 = EDGE_LOOP ( 'NONE', ( #2167, #3623, #1207, #2654, #3108, #2064 ) ) ;
#5655 =( NAMED_UNIT ( * ) SI_UNIT ( $, .STERADIAN. ) SOLID_ANGLE_UNIT ( ) );
#5656 = EDGE_LOOP ( 'NONE', ( #3730, #3050, #5387, #4456 ) ) ;
#5657 = CARTESIAN_POINT ( 'NONE',  ( 2.994999999999999218, 0.000000000000000000, 2.499999999999998668 ) ) ;
#5658 = VERTEX_POINT ( 'NONE', #283 ) ;
#5659 = DIRECTION ( 'NONE',  ( 5.204170427930421283E-16, 0.000000000000000000, 1.000000000000000000 ) ) ;
#5660 = LINE ( 'NONE', #2679, #6294 ) ;
#5661 =( LENGTH_UNIT ( ) NAMED_UNIT ( * ) SI_UNIT ( .MILLI., .METRE. ) );
#5662 = VECTOR ( 'NONE', #1913, 1000.000000000000000 ) ;
#5663 = PRESENTATION_STYLE_ASSIGNMENT (( #3194 ) ) ;
#5664 = AXIS2_PLACEMENT_3D ( 'NONE', #1040, #4597, #1431 ) ;
#5665 = ORIENTED_EDGE ( 'NONE', *, *, #1456, .F. ) ;
#5666 = CARTESIAN_POINT ( 'NONE',  ( -2.964094982814913237, -0.3300000000000000155, 291550.0000000000000 ) ) ;
#5667 = ORIENTED_EDGE ( 'NONE', *, *, #2147, .F. ) ;
#5668 =( NAMED_UNIT ( * ) PLANE_ANGLE_UNIT ( ) SI_UNIT ( $, .RADIAN. ) );
#5669 = ORIENTED_EDGE ( 'NONE', *, *, #2839, .T. ) ;
#5670 = DIRECTION ( 'NONE',  ( 0.000000000000000000, 0.000000000000000000, -1.000000000000000000 ) ) ;
#5671 = MECHANICAL_DESIGN_GEOMETRIC_PRESENTATION_REPRESENTATION (  '', ( #1112 ), #2796 ) ;
#5672 = LINE ( 'NONE', #2170, #3006 ) ;
#5673 = MECHANICAL_DESIGN_GEOMETRIC_PRESENTATION_REPRESENTATION (  '', ( #6524 ), #3658 ) ;
#5674 = ORIENTED_EDGE ( 'NONE', *, *, #6574, .F. ) ;
#5675 = STYLED_ITEM ( 'NONE', ( #5328 ), #1256 ) ;
#5676 = FILL_AREA_STYLE_COLOUR ( '', #1215 ) ;
#5677 =( GEOMETRIC_REPRESENTATION_CONTEXT ( 3 ) GLOBAL_UNCERTAINTY_ASSIGNED_CONTEXT ( ( #6148 ) ) GLOBAL_UNIT_ASSIGNED_CONTEXT ( ( #2491, #3057, #1929 ) ) REPRESENTATION_CONTEXT ( 'NONE', 'WORKASPACE' ) );
#5678 = STYLED_ITEM ( 'NONE', ( #280 ), #5091 ) ;
#5679 = PLANE ( 'NONE',  #5990 ) ;
#5680 = PRESENTATION_STYLE_ASSIGNMENT (( #1164 ) ) ;
#5681 = DIRECTION ( 'NONE',  ( 0.000000000000000000, 0.000000000000000000, 1.000000000000000000 ) ) ;
#5682 = CARTESIAN_POINT ( 'NONE',  ( 3.120000000023992470, -0.3300000000000000155, 2.059999999982197849 ) ) ;
#5683 = AXIS2_PLACEMENT_3D ( 'NONE', #1774, #5465, #1408 ) ;
#5684 = ORIENTED_EDGE ( 'NONE', *, *, #626, .T. ) ;
#5685 =( LENGTH_UNIT ( ) NAMED_UNIT ( * ) SI_UNIT ( .MILLI., .METRE. ) );
#5686 = UNCERTAINTY_MEASURE_WITH_UNIT (LENGTH_MEASURE( 1.000000000000000082E-05 ), #5023, 'distance_accuracy_value', 'NONE');
#5687 = EDGE_CURVE ( 'NONE', #3629, #6153, #1294, .T. ) ;
#5688 = AXIS2_PLACEMENT_3D ( 'NONE', #4442, #5861, #3324 ) ;
#5689 = SURFACE_STYLE_USAGE ( .BOTH. , #5196 ) ;
#5690 =( NAMED_UNIT ( * ) SI_UNIT ( $, .STERADIAN. ) SOLID_ANGLE_UNIT ( ) );
#5691 = VERTEX_POINT ( 'NONE', #3362 ) ;
#5692 = CARTESIAN_POINT ( 'NONE',  ( -2.409999999997580744, -0.3300000000000000155, 291550.0000000000000 ) ) ;
#5693 = ORIENTED_EDGE ( 'NONE', *, *, #1374, .T. ) ;
#5694 = FILL_AREA_STYLE ('',( #488 ) ) ;
#5695 = ORIENTED_EDGE ( 'NONE', *, *, #6389, .F. ) ;
#5696 = PRESENTATION_STYLE_ASSIGNMENT (( #34 ) ) ;
#5697 =( LENGTH_UNIT ( ) NAMED_UNIT ( * ) SI_UNIT ( .MILLI., .METRE. ) );
#5698 = EDGE_CURVE ( 'NONE', #6578, #186, #4612, .T. ) ;
#5699 = VECTOR ( 'NONE', #1244, 1000.000000000000000 ) ;
#5700 = VECTOR ( 'NONE', #5626, 1000.000000000000000 ) ;
#5701 = ORIENTED_EDGE ( 'NONE', *, *, #4469, .T. ) ;
#5702 = AXIS2_PLACEMENT_3D ( 'NONE', #2483, #5070, #6568 ) ;
#5703 = FILL_AREA_STYLE ('',( #3130 ) ) ;
#5704 = MECHANICAL_DESIGN_GEOMETRIC_PRESENTATION_REPRESENTATION (  '', ( #934 ), #4236 ) ;
#5705 = ADVANCED_FACE ( 'NONE', ( #2248 ), #3394, .F. ) ;
#5706 = ORIENTED_EDGE ( 'NONE', *, *, #45, .F. ) ;
#5707 = AXIS2_PLACEMENT_3D ( 'NONE', #5857, #2376, #3941 ) ;
#5708 = MECHANICAL_DESIGN_GEOMETRIC_PRESENTATION_REPRESENTATION (  '', ( #4979 ), #4111 ) ;
#5709 = DIRECTION ( 'NONE',  ( 0.000000000000000000, 1.000000000000000000, 0.000000000000000000 ) ) ;
#5710 = ORIENTED_EDGE ( 'NONE', *, *, #4166, .F. ) ;
#5711 = FILL_AREA_STYLE_COLOUR ( '', #37 ) ;
#5712 = PLANE ( 'NONE',  #801 ) ;
#5713 = DIRECTION ( 'NONE',  ( -0.2035585949527794758, -0.9576678948579724349, -0.2035585949527793648 ) ) ;
#5714 = VERTEX_POINT ( 'NONE', #1987 ) ;
#5715 = PRESENTATION_LAYER_ASSIGNMENT (  '', '', ( #832 ) ) ;
#5716 = VECTOR ( 'NONE', #4523, 999.9999999999998863 ) ;
#5717 = CARTESIAN_POINT ( 'NONE',  ( 2.431353811107150875, 0.7699999999999999067, 1.907959339227716100 ) ) ;
#5718 = PLANE ( 'NONE',  #1750 ) ;
#5719 = PRESENTATION_STYLE_ASSIGNMENT (( #5189 ) ) ;
#5720 = CARTESIAN_POINT ( 'NONE',  ( 2.410000000013329036, -0.3300000000000000155, -0.3550000000132058631 ) ) ;
#5721 = CARTESIAN_POINT ( 'NONE',  ( 2.409999999997580744, -0.2800000000000000266, -2.135000000009767973 ) ) ;
#5722 = VERTEX_POINT ( 'NONE', #5452 ) ;
#5723 = DIRECTION ( 'NONE',  ( 0.000000000000000000, 0.000000000000000000, -1.000000000000000000 ) ) ;
#5724 = EDGE_CURVE ( 'NONE', #1109, #1595, #2017, .T. ) ;
#5725 = CARTESIAN_POINT ( 'NONE',  ( 2.994999999999999218, 0.7900000000000000355, 2.332080316280680687 ) ) ;
#5726 = SURFACE_STYLE_FILL_AREA ( #2575 ) ;
#5727 = DIRECTION ( 'NONE',  ( 0.000000000000000000, 0.000000000000000000, 1.000000000000000000 ) ) ;
#5728 = VERTEX_POINT ( 'NONE', #6025 ) ;
#5729 = VERTEX_POINT ( 'NONE', #5991 ) ;
#5730 = CARTESIAN_POINT ( 'NONE',  ( -2.409999999997580744, -0.3300000000000000155, 291550.0000000000000 ) ) ;
#5731 = CARTESIAN_POINT ( 'NONE',  ( 3.014094982814588874, -0.3300000000000000155, 0.8399999999999996358 ) ) ;
#5732 = ORIENTED_EDGE ( 'NONE', *, *, #723, .T. ) ;
#5733 = CARTESIAN_POINT ( 'NONE',  ( -2.994999999999998330, -0.2800000000000000266, -0.3550000000132058631 ) ) ;
#5734 = PRESENTATION_STYLE_ASSIGNMENT (( #1736 ) ) ;
#5735 = CARTESIAN_POINT ( 'NONE',  ( -400000.0000000006403, 0.000000000000000000, -0.4299999991985714587 ) ) ;
#5736 = ORIENTED_EDGE ( 'NONE', *, *, #994, .F. ) ;
#5737 = ORIENTED_EDGE ( 'NONE', *, *, #5494, .T. ) ;
#5738 = SURFACE_STYLE_USAGE ( .BOTH. , #3720 ) ;
#5739 = ORIENTED_EDGE ( 'NONE', *, *, #788, .T. ) ;
#5740 = CARTESIAN_POINT ( 'NONE',  ( 2.964094982814588164, -0.3300000000000000155, -1.649999999983720045 ) ) ;
#5741 = SURFACE_STYLE_USAGE ( .BOTH. , #2658 ) ;
#5742 = CARTESIAN_POINT ( 'NONE',  ( 2.964094982814913237, -0.3300000000000000155, 291550.0000000000000 ) ) ;
#5743 = ORIENTED_EDGE ( 'NONE', *, *, #5849, .F. ) ;
#5744 = DIRECTION ( 'NONE',  ( 1.000000000000000000, 0.000000000000000000, 0.000000000000000000 ) ) ;
#5745 = LINE ( 'NONE', #5777, #5907 ) ;
#5746 = MECHANICAL_DESIGN_GEOMETRIC_PRESENTATION_REPRESENTATION (  '', ( #6068 ), #3518 ) ;
#5747 = LINE ( 'NONE', #2665, #2298 ) ;
#5748 = DIRECTION ( 'NONE',  ( 5.204170427930421283E-16, -0.000000000000000000, 1.000000000000000000 ) ) ;
#5749 = ORIENTED_EDGE ( 'NONE', *, *, #1284, .T. ) ;
#5750 = EDGE_CURVE ( 'NONE', #1376, #1621, #6555, .T. ) ;
#5751 =( NAMED_UNIT ( * ) PLANE_ANGLE_UNIT ( ) SI_UNIT ( $, .RADIAN. ) );
#5752 = CARTESIAN_POINT ( 'NONE',  ( 3.119999999341871444, 0.000000000000000000, 291550.0000000009895 ) ) ;
#5753 =( NAMED_UNIT ( * ) PLANE_ANGLE_UNIT ( ) SI_UNIT ( $, .RADIAN. ) );
#5754 = AXIS2_PLACEMENT_3D ( 'NONE', #1633, #2156, #4702 ) ;
#5755 = ORIENTED_EDGE ( 'NONE', *, *, #51, .F. ) ;
#5756 = SURFACE_SIDE_STYLE ('',( #1700 ) ) ;
#5757 = ORIENTED_EDGE ( 'NONE', *, *, #873, .F. ) ;
#5758 = FILL_AREA_STYLE_COLOUR ( '', #4326 ) ;
#5759 =( NAMED_UNIT ( * ) SI_UNIT ( $, .STERADIAN. ) SOLID_ANGLE_UNIT ( ) );
#5760 = VERTEX_POINT ( 'NONE', #4435 ) ;
#5761 = PLANE ( 'NONE',  #5754 ) ;
#5762 = ADVANCED_FACE ( 'NONE', ( #1497 ), #2440, .T. ) ;
#5763 = FILL_AREA_STYLE ('',( #3371 ) ) ;
#5764 = EDGE_LOOP ( 'NONE', ( #4688, #2027, #2200, #2901 ) ) ;
#5765 = CARTESIAN_POINT ( 'NONE',  ( -2.994981122711416255, -0.2800000000000000266, 1.989997137312713660 ) ) ;
#5766 = VERTEX_POINT ( 'NONE', #1462 ) ;
#5767 = EDGE_CURVE ( 'NONE', #5729, #2819, #904, .T. ) ;
#5768 = DIRECTION ( 'NONE',  ( 0.000000000000000000, 0.000000000000000000, 1.000000000000000000 ) ) ;
#5769 = ORIENTED_EDGE ( 'NONE', *, *, #4891, .F. ) ;
#5770 = EDGE_CURVE ( 'NONE', #1383, #5807, #4499, .T. ) ;
#5771 = DIRECTION ( 'NONE',  ( 0.000000000000000000, 1.000000000000000000, 0.000000000000000000 ) ) ;
#5772 = APPLICATION_CONTEXT ( 'automotive_design' ) ;
#5773 = SURFACE_STYLE_FILL_AREA ( #2071 ) ;
#5774 = ADVANCED_FACE ( 'NONE', ( #6488 ), #2509, .F. ) ;
#5775 = VECTOR ( 'NONE', #4868, 1000.000000000000000 ) ;
#5776 = COLOUR_RGB ( '',0.7686274509803920907, 0.7686274509803920907, 0.7686274509803920907 ) ;
#5777 = CARTESIAN_POINT ( 'NONE',  ( -2.964094982814913237, -0.3300000000000000155, 0.3800000000069303496 ) ) ;
#5778 = ADVANCED_FACE ( 'NONE', ( #5648 ), #4217, .T. ) ;
#5779 = STYLED_ITEM ( 'NONE', ( #2335 ), #5285 ) ;
#5780 = FILL_AREA_STYLE_COLOUR ( '', #5618 ) ;
#5781 = PRESENTATION_LAYER_ASSIGNMENT (  '', '', ( #5789 ) ) ;
#5782 =( LENGTH_UNIT ( ) NAMED_UNIT ( * ) SI_UNIT ( .MILLI., .METRE. ) );
#5783 = COLOUR_RGB ( '',0.7686274509803920907, 0.7686274509803920907, 0.7686274509803920907 ) ;
#5784 = DIRECTION ( 'NONE',  ( -0.000000000000000000, 1.000000000000000000, 0.000000000000000000 ) ) ;
#5785 =( LENGTH_UNIT ( ) NAMED_UNIT ( * ) SI_UNIT ( .MILLI., .METRE. ) );
#5786 = FACE_OUTER_BOUND ( 'NONE', #662, .T. ) ;
#5787 = EDGE_CURVE ( 'NONE', #5088, #6300, #534, .T. ) ;
#5788 = PRESENTATION_LAYER_ASSIGNMENT (  '', '', ( #2055 ) ) ;
#5789 = STYLED_ITEM ( 'NONE', ( #611 ), #3132 ) ;
#5790 = PRESENTATION_LAYER_ASSIGNMENT (  '', '', ( #2160 ) ) ;
#5791 =( NAMED_UNIT ( * ) PLANE_ANGLE_UNIT ( ) SI_UNIT ( $, .RADIAN. ) );
#5792 = VECTOR ( 'NONE', #5555, 1000.000000000000000 ) ;
#5793 = FILL_AREA_STYLE_COLOUR ( '', #3984 ) ;
#5794 =( LENGTH_UNIT ( ) NAMED_UNIT ( * ) SI_UNIT ( .MILLI., .METRE. ) );
#5795 = DIRECTION ( 'NONE',  ( 0.000000000000000000, 0.000000000000000000, 1.000000000000000000 ) ) ;
#5796 = ORIENTED_EDGE ( 'NONE', *, *, #1053, .F. ) ;
#5797 = DIRECTION ( 'NONE',  ( -0.000000000000000000, 1.000000000000000000, 0.000000000000000000 ) ) ;
#5798 = LINE ( 'NONE', #1238, #3494 ) ;
#5799 = ORIENTED_EDGE ( 'NONE', *, *, #4999, .T. ) ;
#5800 =( LENGTH_UNIT ( ) NAMED_UNIT ( * ) SI_UNIT ( .MILLI., .METRE. ) );
#5801 = CARTESIAN_POINT ( 'NONE',  ( -2.994999999999999218, -0.2799999999999999711, -0.7937898103086497015 ) ) ;
#5802 = EDGE_LOOP ( 'NONE', ( #428, #2143, #1303, #6576, #5020, #1239 ) ) ;
#5803 =( GEOMETRIC_REPRESENTATION_CONTEXT ( 3 ) GLOBAL_UNCERTAINTY_ASSIGNED_CONTEXT ( ( #4 ) ) GLOBAL_UNIT_ASSIGNED_CONTEXT ( ( #5697, #556, #2587 ) ) REPRESENTATION_CONTEXT ( 'NONE', 'WORKASPACE' ) );
#5804 = PRESENTATION_LAYER_ASSIGNMENT (  '', '', ( #4961 ) ) ;
#5805 =( NAMED_UNIT ( * ) SI_UNIT ( $, .STERADIAN. ) SOLID_ANGLE_UNIT ( ) );
#5806 = STYLED_ITEM ( 'NONE', ( #624 ), #2706 ) ;
#5807 = VERTEX_POINT ( 'NONE', #2109 ) ;
#5808 = SURFACE_STYLE_USAGE ( .BOTH. , #5942 ) ;
#5809 = ORIENTED_EDGE ( 'NONE', *, *, #5494, .F. ) ;
#5810 = CARTESIAN_POINT ( 'NONE',  ( 3.014094982814587986, -0.3300000000000000155, -2.109999999999999876 ) ) ;
#5811 = MECHANICAL_DESIGN_GEOMETRIC_PRESENTATION_REPRESENTATION (  '', ( #5176 ), #2075 ) ;
#5812 = EDGE_LOOP ( 'NONE', ( #1674, #4518, #3667, #5915, #4587, #2966 ) ) ;
#5813 = LINE ( 'NONE', #6352, #5079 ) ;
#5814 = COLOUR_RGB ( '',0.7686274509803920907, 0.7686274509803920907, 0.7686274509803920907 ) ;
#5815 = LINE ( 'NONE', #4210, #2896 ) ;
#5816 = CARTESIAN_POINT ( 'NONE',  ( 2.964094982814913237, -0.3300000000000000155, 1.624999999989995558 ) ) ;
#5817 = FILL_AREA_STYLE_COLOUR ( '', #3172 ) ;
#5818 = PRESENTATION_LAYER_ASSIGNMENT (  '', '', ( #4979 ) ) ;
#5819 = CARTESIAN_POINT ( 'NONE',  ( 2.964094982814589052, -0.2800000000000000266, 1.649999999983720045 ) ) ;
#5820 = LINE ( 'NONE', #653, #3153 ) ;
#5821 = PRESENTATION_STYLE_ASSIGNMENT (( #5297 ) ) ;
#5822 = UNCERTAINTY_MEASURE_WITH_UNIT (LENGTH_MEASURE( 1.000000000000000082E-05 ), #2013, 'distance_accuracy_value', 'NONE');
#5823 = FILL_AREA_STYLE ('',( #1696 ) ) ;
#5824 = FILL_AREA_STYLE ('',( #3805 ) ) ;
#5825 = CARTESIAN_POINT ( 'NONE',  ( -400000.0000000000000, 0.000000000000000000, 2.059999999971751095 ) ) ;
#5826 = EDGE_CURVE ( 'NONE', #4751, #5379, #5097, .T. ) ;
#5827 = CARTESIAN_POINT ( 'NONE',  ( -399999.9999999993597, 0.000000000000000000, 0.4299999991985714587 ) ) ;
#5828 = ORIENTED_EDGE ( 'NONE', *, *, #6112, .T. ) ;
#5829 = LINE ( 'NONE', #317, #336 ) ;
#5830 = FILL_AREA_STYLE_COLOUR ( '', #3087 ) ;
#5831 = DIRECTION ( 'NONE',  ( 1.734723475976807587E-16, 0.000000000000000000, -1.000000000000000000 ) ) ;
#5832 = DIRECTION ( 'NONE',  ( 0.000000000000000000, 0.000000000000000000, 1.000000000000000000 ) ) ;
#5833 = ORIENTED_EDGE ( 'NONE', *, *, #626, .F. ) ;
#5834 = FILL_AREA_STYLE ('',( #4944 ) ) ;
#5835 = VERTEX_POINT ( 'NONE', #3148 ) ;
#5836 = CARTESIAN_POINT ( 'NONE',  ( 0.9599700567264335405, -0.3300000000000000155, -2.055898026469549222 ) ) ;
#5837 = VECTOR ( 'NONE', #847, 1000.000000000000000 ) ;
#5838 = ORIENTED_EDGE ( 'NONE', *, *, #163, .T. ) ;
#5839 = CARTESIAN_POINT ( 'NONE',  ( -2.409999999997580744, -0.2800000000000000266, 1.624999999989995558 ) ) ;
#5840 = SURFACE_STYLE_FILL_AREA ( #2868 ) ;
#5841 = MECHANICAL_DESIGN_GEOMETRIC_PRESENTATION_REPRESENTATION (  '', ( #5319 ), #5950 ) ;
#5842 = ADVANCED_FACE ( 'NONE', ( #582 ), #652, .T. ) ;
#5843 = UNCERTAINTY_MEASURE_WITH_UNIT (LENGTH_MEASURE( 1.000000000000000082E-05 ), #2005, 'distance_accuracy_value', 'NONE');
#5844 = CARTESIAN_POINT ( 'NONE',  ( -2.964094982814913237, -0.2800000000000000266, -2.109999999959200068 ) ) ;
#5845 = EDGE_CURVE ( 'NONE', #1306, #2625, #6607, .T. ) ;
#5846 =( NAMED_UNIT ( * ) SI_UNIT ( $, .STERADIAN. ) SOLID_ANGLE_UNIT ( ) );
#5847 =( LENGTH_UNIT ( ) NAMED_UNIT ( * ) SI_UNIT ( .MILLI., .METRE. ) );
#5848 = DIRECTION ( 'NONE',  ( -4.094998334544767289E-15, 0.000000000000000000, -1.000000000000000000 ) ) ;
#5849 = EDGE_CURVE ( 'NONE', #620, #750, #3758, .T. ) ;
#5850 = CARTESIAN_POINT ( 'NONE',  ( 0.000000000000000000, 0.000000000000000000, 0.000000000000000000 ) ) ;
#5851 = FILL_AREA_STYLE_COLOUR ( '', #251 ) ;
#5852 = VECTOR ( 'NONE', #2325, 1000.000000000000000 ) ;
#5853 = SURFACE_STYLE_USAGE ( .BOTH. , #4770 ) ;
#5854 = PLANE ( 'NONE',  #6461 ) ;
#5855 =( NAMED_UNIT ( * ) SI_UNIT ( $, .STERADIAN. ) SOLID_ANGLE_UNIT ( ) );
#5856 = CARTESIAN_POINT ( 'NONE',  ( 3.014094982814587986, 0.000000000000000000, -2.109999999999999876 ) ) ;
#5857 = CARTESIAN_POINT ( 'NONE',  ( -400000.0000000000000, -0.3300000000000000155, -0.8649999999761348590 ) ) ;
#5858 = LINE ( 'NONE', #3321, #6455 ) ;
#5859 = AXIS2_PLACEMENT_3D ( 'NONE', #5692, #5596, #6091 ) ;
#5860 = ORIENTED_EDGE ( 'NONE', *, *, #2905, .T. ) ;
#5861 = DIRECTION ( 'NONE',  ( 0.000000000000000000, 0.000000000000000000, -1.000000000000000000 ) ) ;
#5862 = FILL_AREA_STYLE_COLOUR ( '', #2953 ) ;
#5863 = CLOSED_SHELL ( 'NONE', ( #4476, #4322, #164, #3762, #3977, #6477, #6053, #2500, #5219, #5209, #1258, #6260, #6257, #3418, #3022, #2210, #1063, #4941, #3132, #2706, #3539, #4345, #2865, #5644, #1554, #4600, #3152, #6126, #6276, #3345, #5842, #3422, #6266, #6450, #4324, #1752, #205, #4393, #2697, #5156, #3897, #73, #1263, #5077, #5908, #3612, #6003, #2426, #5194, #1256, #6332, #1608, #5584, #1094, #6138, #5774, #3740, #1204, #1563, #5556, #4812, #6467, #4595, #270, #330, #3185, #2525, #1495, #634, #5285, #3775, #5017, #3845, #2916, #4599, #2684, #4483, #6415, #3067, #195, #5632, #41, #1931, #5011, #5762, #2691, #586, #398, #3791, #3697, #2350, #5984, #1128, #3523, #4528, #5072, #576, #6258, #347, #1775, #1328, #5705, #2420, #5091, #4050, #5359, #4676, #2438, #4522, #3401, #6119, #2089, #6270, #848, #5096, #4162, #5106, #4026, #1372, #3200, #26, #2564, #1938, #3826, #5778, #6188, #1067, #4671, #5439, #1767, #2637, #3902, #358, #1895, #1886, #296, #2577, #6473, #4020, #1618, #3343, #6055, #5503 ) ) ;
#5864 = SURFACE_STYLE_USAGE ( .BOTH. , #216 ) ;
#5865 = ORIENTED_EDGE ( 'NONE', *, *, #3061, .F. ) ;
#5866 =( NAMED_UNIT ( * ) PLANE_ANGLE_UNIT ( ) SI_UNIT ( $, .RADIAN. ) );
#5867 =( LENGTH_UNIT ( ) NAMED_UNIT ( * ) SI_UNIT ( .MILLI., .METRE. ) );
#5868 = AXIS2_PLACEMENT_3D ( 'NONE', #3398, #3812, #4365 ) ;
#5869 = VERTEX_POINT ( 'NONE', #5325 ) ;
#5870 = DIRECTION ( 'NONE',  ( 0.000000000000000000, 1.000000000000000000, 0.000000000000000000 ) ) ;
#5871 = ORIENTED_EDGE ( 'NONE', *, *, #2224, .F. ) ;
#5872 =( LENGTH_UNIT ( ) NAMED_UNIT ( * ) SI_UNIT ( .MILLI., .METRE. ) );
#5873 = CARTESIAN_POINT ( 'NONE',  ( 2.409999999981830232, -0.2800000000000000266, 0.8649999999761348590 ) ) ;
#5874 = DIRECTION ( 'NONE',  ( -1.000000000000000000, 0.000000000000000000, 0.000000000000000000 ) ) ;
#5875 = VECTOR ( 'NONE', #3459, 1000.000000000000000 ) ;
#5876 = SURFACE_STYLE_FILL_AREA ( #3313 ) ;
#5877 = AXIS2_PLACEMENT_3D ( 'NONE', #5936, #3811, #5960 ) ;
#5878 = EDGE_CURVE ( 'NONE', #3597, #3499, #4389, .T. ) ;
#5879 = FILL_AREA_STYLE_COLOUR ( '', #787 ) ;
#5880 =( LENGTH_UNIT ( ) NAMED_UNIT ( * ) SI_UNIT ( .MILLI., .METRE. ) );
#5881 = CARTESIAN_POINT ( 'NONE',  ( -3.014094982802362210, -0.3300000000000000155, -1.700000000051198112 ) ) ;
#5882 = CIRCLE ( 'NONE', #5356, 0.04999999999999969746 ) ;
#5883 = AXIS2_PLACEMENT_3D ( 'NONE', #2405, #5021, #6510 ) ;
#5884 = DIRECTION ( 'NONE',  ( 0.9999999999911618476, 0.000000000000000000, 4.204298578504836987E-06 ) ) ;
#5885 = CARTESIAN_POINT ( 'NONE',  ( 3.014094982802362210, 0.000000000000000000, 0.7899999999999997025 ) ) ;
#5886 = ORIENTED_EDGE ( 'NONE', *, *, #2702, .T. ) ;
#5887 = DIRECTION ( 'NONE',  ( 0.000000000000000000, 0.000000000000000000, 1.000000000000000000 ) ) ;
#5888 =( GEOMETRIC_REPRESENTATION_CONTEXT ( 3 ) GLOBAL_UNCERTAINTY_ASSIGNED_CONTEXT ( ( #6384 ) ) GLOBAL_UNIT_ASSIGNED_CONTEXT ( ( #4730, #1723, #695 ) ) REPRESENTATION_CONTEXT ( 'NONE', 'WORKASPACE' ) );
#5889 = FILL_AREA_STYLE_COLOUR ( '', #2439 ) ;
#5890 = DIRECTION ( 'NONE',  ( -1.000000000000000000, 0.000000000000000000, -2.047499167272383645E-15 ) ) ;
#5891 = DIRECTION ( 'NONE',  ( -0.2142384203776566964, 0.000000000000000000, -0.9767813978747171832 ) ) ;
#5892 = EDGE_CURVE ( 'NONE', #1003, #4908, #4248, .T. ) ;
#5893 = PRESENTATION_LAYER_ASSIGNMENT (  '', '', ( #2164 ) ) ;
#5894 = COLOUR_RGB ( '',0.2941176470588235392, 0.2941176470588235392, 0.2941176470588235392 ) ;
#5895 = DIRECTION ( 'NONE',  ( 1.734723475976807587E-16, 0.000000000000000000, -1.000000000000000000 ) ) ;
#5896 = VERTEX_POINT ( 'NONE', #3352 ) ;
#5897 = DIRECTION ( 'NONE',  ( 0.000000000000000000, 1.000000000000000000, 0.000000000000000000 ) ) ;
#5898 = ORIENTED_EDGE ( 'NONE', *, *, #3615, .T. ) ;
#5899 = STYLED_ITEM ( 'NONE', ( #1243 ), #4599 ) ;
#5900 = DIRECTION ( 'NONE',  ( 0.000000000000000000, 1.000000000000000000, 0.000000000000000000 ) ) ;
#5901 = COLOUR_RGB ( '',0.7686274509803920907, 0.7686274509803920907, 0.7686274509803920907 ) ;
#5902 = SURFACE_STYLE_USAGE ( .BOTH. , #4820 ) ;
#5903 = ORIENTED_EDGE ( 'NONE', *, *, #4887, .F. ) ;
#5904 = COLOUR_RGB ( '',0.2941176470588235392, 0.2941176470588235392, 0.2941176470588235392 ) ;
#5905 = SURFACE_STYLE_FILL_AREA ( #6413 ) ;
#5906 = SURFACE_STYLE_USAGE ( .BOTH. , #752 ) ;
#5907 = VECTOR ( 'NONE', #126, 1000.000000000000000 ) ;
#5908 = ADVANCED_FACE ( 'NONE', ( #6292 ), #167, .F. ) ;
#5909 = CIRCLE ( 'NONE', #1236, 0.04999999999999969746 ) ;
#5910 =( NAMED_UNIT ( * ) PLANE_ANGLE_UNIT ( ) SI_UNIT ( $, .RADIAN. ) );
#5911 = MECHANICAL_DESIGN_GEOMETRIC_PRESENTATION_REPRESENTATION (  '', ( #5069 ), #3248 ) ;
#5912 = FILL_AREA_STYLE_COLOUR ( '', #1637 ) ;
#5913 = CARTESIAN_POINT ( 'NONE',  ( -2.964094982814913237, -0.3300000000000000155, -2.135000000009767973 ) ) ;
#5914 = DIRECTION ( 'NONE',  ( 0.000000000000000000, -0.000000000000000000, 1.000000000000000000 ) ) ;
#5915 = ORIENTED_EDGE ( 'NONE', *, *, #5978, .F. ) ;
#5916 = PRESENTATION_LAYER_ASSIGNMENT (  '', '', ( #5922 ) ) ;
#5917 = AXIS2_PLACEMENT_3D ( 'NONE', #4042, #4011, #5411 ) ;
#5918 = FILL_AREA_STYLE_COLOUR ( '', #898 ) ;
#5919 = LINE ( 'NONE', #3389, #6034 ) ;
#5920 =( NAMED_UNIT ( * ) SI_UNIT ( $, .STERADIAN. ) SOLID_ANGLE_UNIT ( ) );
#5921 =( NAMED_UNIT ( * ) SI_UNIT ( $, .STERADIAN. ) SOLID_ANGLE_UNIT ( ) );
#5922 = STYLED_ITEM ( 'NONE', ( #2441 ), #3977 ) ;
#5923 = CIRCLE ( 'NONE', #6245, 0.04999999999999969746 ) ;
#5924 = AXIS2_PLACEMENT_3D ( 'NONE', #3863, #4870, #6390 ) ;
#5925 = PLANE ( 'NONE',  #1322 ) ;
#5926 = LINE ( 'NONE', #2849, #1636 ) ;
#5927 =( LENGTH_UNIT ( ) NAMED_UNIT ( * ) SI_UNIT ( .MILLI., .METRE. ) );
#5928 = FILL_AREA_STYLE ('',( #3393 ) ) ;
#5929 = EDGE_CURVE ( 'NONE', #5048, #3452, #5390, .T. ) ;
#5930 = CIRCLE ( 'NONE', #2931, 0.04999999999999991257 ) ;
#5931 = SURFACE_STYLE_FILL_AREA ( #1237 ) ;
#5932 = STYLED_ITEM ( 'NONE', ( #457 ), #2420 ) ;
#5933 =( NAMED_UNIT ( * ) PLANE_ANGLE_UNIT ( ) SI_UNIT ( $, .RADIAN. ) );
#5934 = PLANE ( 'NONE',  #2942 ) ;
#5935 = EDGE_LOOP ( 'NONE', ( #1082, #522, #2450, #549, #1465, #4854 ) ) ;
#5936 = CARTESIAN_POINT ( 'NONE',  ( 3.014094982814587986, -0.3300000000000000155, -1.649999999999999467 ) ) ;
#5937 = LINE ( 'NONE', #247, #6299 ) ;
#5938 = ORIENTED_EDGE ( 'NONE', *, *, #3904, .T. ) ;
#5939 = LINE ( 'NONE', #5493, #5314 ) ;
#5940 = FILL_AREA_STYLE ('',( #3430 ) ) ;
#5941 = EDGE_LOOP ( 'NONE', ( #5496, #4653, #5182, #3687 ) ) ;
#5942 = SURFACE_SIDE_STYLE ('',( #4409 ) ) ;
#5943 = ORIENTED_EDGE ( 'NONE', *, *, #417, .F. ) ;
#5944 =( NAMED_UNIT ( * ) PLANE_ANGLE_UNIT ( ) SI_UNIT ( $, .RADIAN. ) );
#5945 =( LENGTH_UNIT ( ) NAMED_UNIT ( * ) SI_UNIT ( .MILLI., .METRE. ) );
#5946 = ORIENTED_EDGE ( 'NONE', *, *, #5629, .F. ) ;
#5947 = PRESENTATION_STYLE_ASSIGNMENT (( #5906 ) ) ;
#5948 = VECTOR ( 'NONE', #5962, 1000.000000000000000 ) ;
#5949 = SURFACE_SIDE_STYLE ('',( #3347 ) ) ;
#5950 =( GEOMETRIC_REPRESENTATION_CONTEXT ( 3 ) GLOBAL_UNCERTAINTY_ASSIGNED_CONTEXT ( ( #575 ) ) GLOBAL_UNIT_ASSIGNED_CONTEXT ( ( #6109, #2999, #1091 ) ) REPRESENTATION_CONTEXT ( 'NONE', 'WORKASPACE' ) );
#5951 = SURFACE_SIDE_STYLE ('',( #2870 ) ) ;
#5952 = ORIENTED_EDGE ( 'NONE', *, *, #4841, .T. ) ;
#5953 = FILL_AREA_STYLE ('',( #1976 ) ) ;
#5954 = DIRECTION ( 'NONE',  ( 0.000000000000000000, 0.000000000000000000, -1.000000000000000000 ) ) ;
#5955 = PRESENTATION_LAYER_ASSIGNMENT (  '', '', ( #191 ) ) ;
#5956 = DIRECTION ( 'NONE',  ( -2.409338161078896419E-15, 0.000000000000000000, -1.000000000000000000 ) ) ;
#5957 = LINE ( 'NONE', #2853, #6559 ) ;
#5958 = CARTESIAN_POINT ( 'NONE',  ( -400000.0000000000000, -0.3300000000000000155, -2.059999999971751095 ) ) ;
#5959 = ORIENTED_EDGE ( 'NONE', *, *, #4245, .T. ) ;
#5960 = DIRECTION ( 'NONE',  ( 0.000000000000000000, 0.000000000000000000, 1.000000000000000000 ) ) ;
#5961 = FILL_AREA_STYLE_COLOUR ( '', #3637 ) ;
#5962 = DIRECTION ( 'NONE',  ( 0.000000000000000000, 1.000000000000000000, 0.000000000000000000 ) ) ;
#5963 = EDGE_CURVE ( 'NONE', #1203, #5728, #3898, .T. ) ;
#5964 = DIRECTION ( 'NONE',  ( 3.081905450724545422E-16, 0.000000000000000000, -1.000000000000000000 ) ) ;
#5965 = ORIENTED_EDGE ( 'NONE', *, *, #3198, .F. ) ;
#5966 = DIRECTION ( 'NONE',  ( -1.000000000000000000, 0.000000000000000000, -0.000000000000000000 ) ) ;
#5967 = VECTOR ( 'NONE', #493, 1000.000000000000000 ) ;
#5968 = FILL_AREA_STYLE_COLOUR ( '', #5049 ) ;
#5969 = FACE_OUTER_BOUND ( 'NONE', #400, .T. ) ;
#5970 = EDGE_CURVE ( 'NONE', #6033, #877, #3799, .T. ) ;
#5971 =( NAMED_UNIT ( * ) PLANE_ANGLE_UNIT ( ) SI_UNIT ( $, .RADIAN. ) );
#5972 = ORIENTED_EDGE ( 'NONE', *, *, #1523, .T. ) ;
#5973 =( NAMED_UNIT ( * ) PLANE_ANGLE_UNIT ( ) SI_UNIT ( $, .RADIAN. ) );
#5974 = LINE ( 'NONE', #6596, #2228 ) ;
#5975 = EDGE_CURVE ( 'NONE', #818, #877, #4278, .T. ) ;
#5976 = DIRECTION ( 'NONE',  ( -1.000000000000000000, 0.000000000000000000, 0.000000000000000000 ) ) ;
#5977 = FILL_AREA_STYLE ('',( #5851 ) ) ;
#5978 = EDGE_CURVE ( 'NONE', #4230, #4985, #1753, .T. ) ;
#5979 = EDGE_CURVE ( 'NONE', #3012, #3063, #1813, .T. ) ;
#5980 = LINE ( 'NONE', #4494, #6320 ) ;
#5981 = ORIENTED_EDGE ( 'NONE', *, *, #5487, .T. ) ;
#5982 = SURFACE_STYLE_USAGE ( .BOTH. , #470 ) ;
#5983 = DIRECTION ( 'NONE',  ( 0.000000000000000000, 0.000000000000000000, 1.000000000000000000 ) ) ;
#5984 = ADVANCED_FACE ( 'NONE', ( #1260 ), #3860, .F. ) ;
#5985 = COLOUR_RGB ( '',0.7686274509803920907, 0.7686274509803920907, 0.7686274509803920907 ) ;
#5986 = VECTOR ( 'NONE', #844, 1000.000000000000000 ) ;
#5987 = SURFACE_SIDE_STYLE ('',( #240 ) ) ;
#5988 = SURFACE_STYLE_USAGE ( .BOTH. , #2904 ) ;
#5989 = EDGE_CURVE ( 'NONE', #598, #883, #4407, .T. ) ;
#5990 = AXIS2_PLACEMENT_3D ( 'NONE', #2138, #2743, #4215 ) ;
#5991 = CARTESIAN_POINT ( 'NONE',  ( 3.120000000023992470, -0.3300000000000000155, -0.7899999999949613994 ) ) ;
#5992 = CARTESIAN_POINT ( 'NONE',  ( 2.964094982814589052, -0.3300000000000000155, -0.3800000000069303496 ) ) ;
#5993 =( LENGTH_UNIT ( ) NAMED_UNIT ( * ) SI_UNIT ( .MILLI., .METRE. ) );
#5994 = VERTEX_POINT ( 'NONE', #6451 ) ;
#5995 = SURFACE_STYLE_USAGE ( .BOTH. , #3969 ) ;
#5996 = CARTESIAN_POINT ( 'NONE',  ( -400001.2257478136453, -0.3300000000000000155, 3.671709130344424921 ) ) ;
#5997 = CARTESIAN_POINT ( 'NONE',  ( -2.409999999997580744, -0.2800000000000000266, -2.135000000009767973 ) ) ;
#5998 = PRESENTATION_LAYER_ASSIGNMENT (  '', '', ( #1217 ) ) ;
#5999 = SURFACE_STYLE_FILL_AREA ( #1863 ) ;
#6000 = AXIS2_PLACEMENT_3D ( 'NONE', #685, #2803, #2699 ) ;
#6001 = ORIENTED_EDGE ( 'NONE', *, *, #5547, .T. ) ;
#6002 = VECTOR ( 'NONE', #4839, 1000.000000000000000 ) ;
#6003 = ADVANCED_FACE ( 'NONE', ( #6021 ), #6579, .T. ) ;
#6004 = CARTESIAN_POINT ( 'NONE',  ( 2.964094982814913237, -0.3300000000000000155, 291550.0000000000000 ) ) ;
#6005 = CARTESIAN_POINT ( 'NONE',  ( -2.994999999999997442, 0.000000000000000000, 2.500000000000000444 ) ) ;
#6006 =( GEOMETRIC_REPRESENTATION_CONTEXT ( 3 ) GLOBAL_UNCERTAINTY_ASSIGNED_CONTEXT ( ( #459 ) ) GLOBAL_UNIT_ASSIGNED_CONTEXT ( ( #2195, #3770, #2726 ) ) REPRESENTATION_CONTEXT ( 'NONE', 'WORKASPACE' ) );
#6007 =( LENGTH_UNIT ( ) NAMED_UNIT ( * ) SI_UNIT ( .MILLI., .METRE. ) );
#6008 = PRESENTATION_LAYER_ASSIGNMENT (  '', '', ( #3450 ) ) ;
#6009 = VECTOR ( 'NONE', #4922, 1000.000000000000000 ) ;
#6010 = VERTEX_POINT ( 'NONE', #2469 ) ;
#6011 = DIRECTION ( 'NONE',  ( 0.000000000000000000, 1.000000000000000000, 0.000000000000000000 ) ) ;
#6012 = UNCERTAINTY_MEASURE_WITH_UNIT (LENGTH_MEASURE( 1.000000000000000082E-05 ), #1364, 'distance_accuracy_value', 'NONE');
#6013 = EDGE_CURVE ( 'NONE', #5766, #5658, #1943, .T. ) ;
#6014 = ORIENTED_EDGE ( 'NONE', *, *, #3285, .F. ) ;
#6015 = CARTESIAN_POINT ( 'NONE',  ( -3.119999999341871444, -0.3300000000000000155, 291549.9999999990687 ) ) ;
#6016 = LINE ( 'NONE', #239, #1441 ) ;
#6017 = EDGE_LOOP ( 'NONE', ( #4238, #2992, #6142, #4102, #5407, #4134 ) ) ;
#6018 =( NAMED_UNIT ( * ) PLANE_ANGLE_UNIT ( ) SI_UNIT ( $, .RADIAN. ) );
#6019 = LINE ( 'NONE', #3489, #1841 ) ;
#6020 = ORIENTED_EDGE ( 'NONE', *, *, #3113, .T. ) ;
#6021 = FACE_OUTER_BOUND ( 'NONE', #5941, .T. ) ;
#6022 = AXIS2_PLACEMENT_3D ( 'NONE', #4743, #4704, #6098 ) ;
#6023 = MECHANICAL_DESIGN_GEOMETRIC_PRESENTATION_REPRESENTATION (  '', ( #2179 ), #1769 ) ;
#6024 =( GEOMETRIC_REPRESENTATION_CONTEXT ( 3 ) GLOBAL_UNCERTAINTY_ASSIGNED_CONTEXT ( ( #2836 ) ) GLOBAL_UNIT_ASSIGNED_CONTEXT ( ( #1088, #674, #3339 ) ) REPRESENTATION_CONTEXT ( 'NONE', 'WORKASPACE' ) );
#6025 = CARTESIAN_POINT ( 'NONE',  ( -3.014094982802362210, 0.000000000000000000, -2.060000000000000053 ) ) ;
#6026 = SURFACE_STYLE_FILL_AREA ( #6516 ) ;
#6027 = ORIENTED_EDGE ( 'NONE', *, *, #3469, .F. ) ;
#6028 = DIRECTION ( 'NONE',  ( 0.000000000000000000, 0.000000000000000000, 1.000000000000000000 ) ) ;
#6029 = PRESENTATION_LAYER_ASSIGNMENT (  '', '', ( #267 ) ) ;
#6030 = FACE_OUTER_BOUND ( 'NONE', #3677, .T. ) ;
#6031 = CARTESIAN_POINT ( 'NONE',  ( -2.964094982814913237, -0.2800000000000000266, -0.3550000000132058631 ) ) ;
#6032 = FACE_OUTER_BOUND ( 'NONE', #495, .T. ) ;
#6033 = VERTEX_POINT ( 'NONE', #5544 ) ;
#6034 = VECTOR ( 'NONE', #1884, 1000.000000000000000 ) ;
#6035 = CARTESIAN_POINT ( 'NONE',  ( -400000.0000000000000, -0.3300000000000000155, -2.135000000009767973 ) ) ;
#6036 = VECTOR ( 'NONE', #118, 1000.000000000000000 ) ;
#6037 = CARTESIAN_POINT ( 'NONE',  ( 2.994999999999999218, -0.2800000000000000266, 2.499999999999998668 ) ) ;
#6038 = FILL_AREA_STYLE_COLOUR ( '', #3228 ) ;
#6039 = DIRECTION ( 'NONE',  ( -0.000000000000000000, 1.000000000000000000, -0.000000000000000000 ) ) ;
#6040 = DIRECTION ( 'NONE',  ( 1.000000000000000000, 0.000000000000000000, -0.000000000000000000 ) ) ;
#6041 = ORIENTED_EDGE ( 'NONE', *, *, #1345, .T. ) ;
#6042 = DIRECTION ( 'NONE',  ( 0.000000000000000000, 0.000000000000000000, -1.000000000000000000 ) ) ;
#6043 = CARTESIAN_POINT ( 'NONE',  ( 0.9599700568969637970, -0.3300000000000000155, -1.989980509560923538 ) ) ;
#6044 = ORIENTED_EDGE ( 'NONE', *, *, #3903, .T. ) ;
#6045 = CARTESIAN_POINT ( 'NONE',  ( -2.964094982814913237, -0.2800000000000000266, 0.3550000000272006129 ) ) ;
#6046 = DIRECTION ( 'NONE',  ( -1.000000000000000000, 0.000000000000000000, 2.047499167272383645E-15 ) ) ;
#6047 = ORIENTED_EDGE ( 'NONE', *, *, #2980, .T. ) ;
#6048 = DIRECTION ( 'NONE',  ( 0.000000000000000000, 0.000000000000000000, 1.000000000000000000 ) ) ;
#6049 = EDGE_CURVE ( 'NONE', #6338, #811, #3329, .T. ) ;
#6050 = DIRECTION ( 'NONE',  ( 1.700709290173339867E-15, 0.000000000000000000, -1.000000000000000000 ) ) ;
#6051 = VERTEX_POINT ( 'NONE', #2506 ) ;
#6052 = CARTESIAN_POINT ( 'NONE',  ( 0.9599700567548552499, -0.2800000000000000266, 2.055898026412705804 ) ) ;
#6053 = ADVANCED_FACE ( 'NONE', ( #4562 ), #2012, .F. ) ;
#6054 = AXIS2_PLACEMENT_3D ( 'NONE', #5405, #1827, #6404 ) ;
#6055 = ADVANCED_FACE ( 'NONE', ( #5147 ), #5121, .F. ) ;
#6056 = CARTESIAN_POINT ( 'NONE',  ( 2.964094982814913237, -0.2800000000000000266, 0.3550000000132058631 ) ) ;
#6057 = CARTESIAN_POINT ( 'NONE',  ( 0.9599700567264335405, -0.3300000000000000155, 1.989980509506494855 ) ) ;
#6058 = EDGE_CURVE ( 'NONE', #306, #865, #1066, .T. ) ;
#6059 = ORIENTED_EDGE ( 'NONE', *, *, #2623, .T. ) ;
#6060 =( NAMED_UNIT ( * ) SI_UNIT ( $, .STERADIAN. ) SOLID_ANGLE_UNIT ( ) );
#6061 = PRESENTATION_STYLE_ASSIGNMENT (( #3047 ) ) ;
#6062 = DIRECTION ( 'NONE',  ( 1.000000000000000000, 0.000000000000000000, -2.047499167272383645E-15 ) ) ;
#6063 = SURFACE_SIDE_STYLE ('',( #5999 ) ) ;
#6064 = ORIENTED_EDGE ( 'NONE', *, *, #2033, .T. ) ;
#6065 =( NAMED_UNIT ( * ) PLANE_ANGLE_UNIT ( ) SI_UNIT ( $, .RADIAN. ) );
#6066 = PLANE ( 'NONE',  #2724 ) ;
#6067 = DIRECTION ( 'NONE',  ( 0.000000000000000000, 0.000000000000000000, 1.000000000000000000 ) ) ;
#6068 = STYLED_ITEM ( 'NONE', ( #6168 ), #3345 ) ;
#6069 = SURFACE_STYLE_USAGE ( .BOTH. , #5413 ) ;
#6070 =( NAMED_UNIT ( * ) SI_UNIT ( $, .STERADIAN. ) SOLID_ANGLE_UNIT ( ) );
#6071 = UNCERTAINTY_MEASURE_WITH_UNIT (LENGTH_MEASURE( 1.000000000000000082E-05 ), #3536, 'distance_accuracy_value', 'NONE');
#6072 = ORIENTED_EDGE ( 'NONE', *, *, #1010, .T. ) ;
#6073 = PRESENTATION_STYLE_ASSIGNMENT (( #4520 ) ) ;
#6074 = VERTEX_POINT ( 'NONE', #4621 ) ;
#6075 = PRESENTATION_LAYER_ASSIGNMENT (  '', '', ( #2339 ) ) ;
#6076 = PRESENTATION_LAYER_ASSIGNMENT (  '', '', ( #2236 ) ) ;
#6077 = CYLINDRICAL_SURFACE ( 'NONE', #4790, 0.05000000000000012768 ) ;
#6078 = CARTESIAN_POINT ( 'NONE',  ( 3.120000000044309996, -0.3300000000000000155, 1.700000000028012437 ) ) ;
#6079 = EDGE_LOOP ( 'NONE', ( #69, #1076, #4604, #5312 ) ) ;
#6080 = DIRECTION ( 'NONE',  ( 1.000000000000000000, 0.000000000000000000, 0.000000000000000000 ) ) ;
#6081 = EDGE_CURVE ( 'NONE', #1550, #2720, #2563, .T. ) ;
#6082 = SURFACE_STYLE_USAGE ( .BOTH. , #4053 ) ;
#6083 = SURFACE_SIDE_STYLE ('',( #583 ) ) ;
#6084 = VERTEX_POINT ( 'NONE', #3592 ) ;
#6085 = DIRECTION ( 'NONE',  ( 0.000000000000000000, 0.000000000000000000, 1.000000000000000000 ) ) ;
#6086 = CARTESIAN_POINT ( 'NONE',  ( -400000.0000000000000, -0.3300000000000000155, 2.135000000009767973 ) ) ;
#6087 = UNCERTAINTY_MEASURE_WITH_UNIT (LENGTH_MEASURE( 1.000000000000000082E-05 ), #6298, 'distance_accuracy_value', 'NONE');
#6088 = DIRECTION ( 'NONE',  ( -0.000000000000000000, -1.000000000000000000, -0.000000000000000000 ) ) ;
#6089 = PLANE ( 'NONE',  #924 ) ;
#6090 = ORIENTED_EDGE ( 'NONE', *, *, #472, .F. ) ;
#6091 = DIRECTION ( 'NONE',  ( 0.000000000000000000, 0.000000000000000000, -1.000000000000000000 ) ) ;
#6092 = MECHANICAL_DESIGN_GEOMETRIC_PRESENTATION_REPRESENTATION (  '', ( #4400 ), #890 ) ;
#6093 = LINE ( 'NONE', #516, #320 ) ;
#6094 = SURFACE_SIDE_STYLE ('',( #6569 ) ) ;
#6095 = CARTESIAN_POINT ( 'NONE',  ( 2.964094982814913237, -0.2800000000000000266, -2.499999999999999556 ) ) ;
#6096 = AXIS2_PLACEMENT_3D ( 'NONE', #5445, #3859, #2900 ) ;
#6097 = STYLED_ITEM ( 'NONE', ( #997 ), #6003 ) ;
#6098 = DIRECTION ( 'NONE',  ( 0.000000000000000000, -0.000000000000000000, 1.000000000000000000 ) ) ;
#6099 = VECTOR ( 'NONE', #2103, 1000.000000000000000 ) ;
#6100 = COLOUR_RGB ( '',0.2941176470588235392, 0.2941176470588235392, 0.2941176470588235392 ) ;
#6101 = UNCERTAINTY_MEASURE_WITH_UNIT (LENGTH_MEASURE( 1.000000000000000082E-05 ), #2935, 'distance_accuracy_value', 'NONE');
#6102 = AXIS2_PLACEMENT_3D ( 'NONE', #3392, #2529, #5609 ) ;
#6103 = VERTEX_POINT ( 'NONE', #1560 ) ;
#6104 = STYLED_ITEM ( 'NONE', ( #3485 ), #5011 ) ;
#6105 = STYLED_ITEM ( 'NONE', ( #1103 ), #1186 ) ;
#6106 = LINE ( 'NONE', #1582, #5389 ) ;
#6107 = ORIENTED_EDGE ( 'NONE', *, *, #6355, .F. ) ;
#6108 = VECTOR ( 'NONE', #4980, 1000.000000000000000 ) ;
#6109 =( LENGTH_UNIT ( ) NAMED_UNIT ( * ) SI_UNIT ( .MILLI., .METRE. ) );
#6110 = DIRECTION ( 'NONE',  ( -1.000000000000000000, 0.000000000000000000, -2.047499167272383645E-15 ) ) ;
#6111 = FILL_AREA_STYLE ('',( #1453 ) ) ;
#6112 = EDGE_CURVE ( 'NONE', #3340, #6373, #2135, .T. ) ;
#6113 = ORIENTED_EDGE ( 'NONE', *, *, #4091, .T. ) ;
#6114 = CARTESIAN_POINT ( 'NONE',  ( 0.5249700567701494069, -0.2800000000000000266, -2.499999999999997780 ) ) ;
#6115 = PRESENTATION_LAYER_ASSIGNMENT (  '', '', ( #4425 ) ) ;
#6116 = PRESENTATION_LAYER_ASSIGNMENT (  '', '', ( #2377 ) ) ;
#6117 =( NAMED_UNIT ( * ) SI_UNIT ( $, .STERADIAN. ) SOLID_ANGLE_UNIT ( ) );
#6118 = COLOUR_RGB ( '',0.7686274509803920907, 0.7686274509803920907, 0.7686274509803920907 ) ;
#6119 = ADVANCED_FACE ( 'NONE', ( #5093 ), #1032, .T. ) ;
#6120 = FILL_AREA_STYLE ('',( #1988 ) ) ;
#6121 = VERTEX_POINT ( 'NONE', #125 ) ;
#6122 = FACE_OUTER_BOUND ( 'NONE', #3483, .T. ) ;
#6123 = STYLED_ITEM ( 'NONE', ( #5495 ), #2684 ) ;
#6124 = VECTOR ( 'NONE', #4697, 1000.000000000000227 ) ;
#6125 = LINE ( 'NONE', #3078, #3576 ) ;
#6126 = ADVANCED_FACE ( 'NONE', ( #4113 ), #86, .F. ) ;
#6127 = ORIENTED_EDGE ( 'NONE', *, *, #544, .T. ) ;
#6128 = PRESENTATION_STYLE_ASSIGNMENT (( #548 ) ) ;
#6129 = VERTEX_POINT ( 'NONE', #1689 ) ;
#6130 = DIRECTION ( 'NONE',  ( -0.000000000000000000, 1.000000000000000000, 0.000000000000000000 ) ) ;
#6131 = CARTESIAN_POINT ( 'NONE',  ( -2.994999999999997442, -0.2800000000000000266, 2.500000000000000444 ) ) ;
#6132 = EDGE_CURVE ( 'NONE', #4537, #3408, #5320, .T. ) ;
#6133 = CARTESIAN_POINT ( 'NONE',  ( -3.014094982814587098, -0.3300000000000000155, -1.649999999999999467 ) ) ;
#6134 = COLOUR_RGB ( '',0.7686274509803920907, 0.7686274509803920907, 0.7686274509803920907 ) ;
#6135 = VECTOR ( 'NONE', #3341, 1000.000000000000000 ) ;
#6136 = CIRCLE ( 'NONE', #5293, 0.05000000000000012768 ) ;
#6137 = FILL_AREA_STYLE_COLOUR ( '', #3848 ) ;
#6138 = ADVANCED_FACE ( 'NONE', ( #1221 ), #5348, .F. ) ;
#6139 = ORIENTED_EDGE ( 'NONE', *, *, #3496, .F. ) ;
#6140 = PRESENTATION_LAYER_ASSIGNMENT (  '', '', ( #5932 ) ) ;
#6141 = CARTESIAN_POINT ( 'NONE',  ( 1.430000000020881235, -0.2800000000000000266, -1.989978533401881577 ) ) ;
#6142 = ORIENTED_EDGE ( 'NONE', *, *, #868, .F. ) ;
#6143 = DIRECTION ( 'NONE',  ( 0.000000000000000000, 0.000000000000000000, 1.000000000000000000 ) ) ;
#6144 = FACE_OUTER_BOUND ( 'NONE', #2800, .T. ) ;
#6145 = LINE ( 'NONE', #4712, #1007 ) ;
#6146 = VERTEX_POINT ( 'NONE', #6288 ) ;
#6147 = DIRECTION ( 'NONE',  ( 0.000000000000000000, 1.000000000000000000, 0.000000000000000000 ) ) ;
#6148 = UNCERTAINTY_MEASURE_WITH_UNIT (LENGTH_MEASURE( 1.000000000000000082E-05 ), #2491, 'distance_accuracy_value', 'NONE');
#6149 = CARTESIAN_POINT ( 'NONE',  ( 2.964094982814913237, -0.2800000000000000266, -2.499999999999999556 ) ) ;
#6150 =( NAMED_UNIT ( * ) PLANE_ANGLE_UNIT ( ) SI_UNIT ( $, .RADIAN. ) );
#6151 = FILL_AREA_STYLE_COLOUR ( '', #1343 ) ;
#6152 = UNCERTAINTY_MEASURE_WITH_UNIT (LENGTH_MEASURE( 1.000000000000000082E-05 ), #6419, 'distance_accuracy_value', 'NONE');
#6153 = VERTEX_POINT ( 'NONE', #4893 ) ;
#6154 = CIRCLE ( 'NONE', #2315, 0.04999999999999991257 ) ;
#6155 = CARTESIAN_POINT ( 'NONE',  ( -3.014094982802362210, -0.3300000000000000155, -0.4300000000175649428 ) ) ;
#6156 = AXIS2_PLACEMENT_3D ( 'NONE', #1418, #2869, #6482 ) ;
#6157 = ORIENTED_EDGE ( 'NONE', *, *, #2710, .F. ) ;
#6158 =( NAMED_UNIT ( * ) SI_UNIT ( $, .STERADIAN. ) SOLID_ANGLE_UNIT ( ) );
#6159 = ORIENTED_EDGE ( 'NONE', *, *, #1277, .T. ) ;
#6160 = DIRECTION ( 'NONE',  ( 0.000000000000000000, 0.000000000000000000, 1.000000000000000000 ) ) ;
#6161 = DIRECTION ( 'NONE',  ( -0.000000000000000000, 1.000000000000000000, 0.000000000000000000 ) ) ;
#6162 = VERTEX_POINT ( 'NONE', #3346 ) ;
#6163 = DIRECTION ( 'NONE',  ( -1.000000000000000000, 0.000000000000000000, 5.204170427930421283E-16 ) ) ;
#6164 = DIRECTION ( 'NONE',  ( 0.000000000000000000, 1.000000000000000000, 0.000000000000000000 ) ) ;
#6165 = DIRECTION ( 'NONE',  ( 0.000000000000000000, 0.000000000000000000, 1.000000000000000000 ) ) ;
#6166 = SURFACE_STYLE_FILL_AREA ( #1181 ) ;
#6167 = ORIENTED_EDGE ( 'NONE', *, *, #3932, .T. ) ;
#6168 = PRESENTATION_STYLE_ASSIGNMENT (( #2589 ) ) ;
#6169 = VERTEX_POINT ( 'NONE', #225 ) ;
#6170 = VECTOR ( 'NONE', #1304, 1000.000000000000000 ) ;
#6171 = CARTESIAN_POINT ( 'NONE',  ( 2.964094982814913237, -0.3300000000000000155, 0.3550000000132058631 ) ) ;
#6172 = ORIENTED_EDGE ( 'NONE', *, *, #4965, .T. ) ;
#6173 = LINE ( 'NONE', #1613, #5716 ) ;
#6174 =( NAMED_UNIT ( * ) SI_UNIT ( $, .STERADIAN. ) SOLID_ANGLE_UNIT ( ) );
#6175 = PLANE ( 'NONE',  #1421 ) ;
#6176 = EDGE_CURVE ( 'NONE', #5658, #1011, #1842, .T. ) ;
#6177 = ORIENTED_EDGE ( 'NONE', *, *, #2006, .F. ) ;
#6178 = UNCERTAINTY_MEASURE_WITH_UNIT (LENGTH_MEASURE( 1.000000000000000082E-05 ), #98, 'distance_accuracy_value', 'NONE');
#6179 = COLOUR_RGB ( '',0.7686274509803920907, 0.7686274509803920907, 0.7686274509803920907 ) ;
#6180 = EDGE_CURVE ( 'NONE', #5729, #27, #828, .T. ) ;
#6181 = VECTOR ( 'NONE', #423, 1000.000000000000000 ) ;
#6182 = EDGE_CURVE ( 'NONE', #4985, #3441, #5815, .T. ) ;
#6183 =( NAMED_UNIT ( * ) SI_UNIT ( $, .STERADIAN. ) SOLID_ANGLE_UNIT ( ) );
#6184 = CARTESIAN_POINT ( 'NONE',  ( 2.964094982814913237, -0.2800000000000000266, -0.8649999999761348590 ) ) ;
#6185 = ORIENTED_EDGE ( 'NONE', *, *, #2292, .T. ) ;
#6186 =( NAMED_UNIT ( * ) PLANE_ANGLE_UNIT ( ) SI_UNIT ( $, .RADIAN. ) );
#6187 =( NAMED_UNIT ( * ) PLANE_ANGLE_UNIT ( ) SI_UNIT ( $, .RADIAN. ) );
#6188 = ADVANCED_FACE ( 'NONE', ( #4273 ), #2237, .T. ) ;
#6189 = VERTEX_POINT ( 'NONE', #302 ) ;
#6190 = CARTESIAN_POINT ( 'NONE',  ( -0.6615334433036730299, -0.2800000000000000266, -3.011801504613452085 ) ) ;
#6191 = VERTEX_POINT ( 'NONE', #1054 ) ;
#6192 = CARTESIAN_POINT ( 'NONE',  ( -3.120000000023992470, -0.3300000000000000155, 291550.0000000000000 ) ) ;
#6193 = ORIENTED_EDGE ( 'NONE', *, *, #409, .F. ) ;
#6194 = CYLINDRICAL_SURFACE ( 'NONE', #6512, 0.04999999999999969746 ) ;
#6195 = DIRECTION ( 'NONE',  ( 0.000000000000000000, 1.000000000000000000, 0.000000000000000000 ) ) ;
#6196 = DIRECTION ( 'NONE',  ( 0.000000000000000000, 0.000000000000000000, -1.000000000000000000 ) ) ;
#6197 = VECTOR ( 'NONE', #382, 1000.000000000000000 ) ;
#6198 = DIRECTION ( 'NONE',  ( 0.000000000000000000, 0.000000000000000000, 1.000000000000000000 ) ) ;
#6199 =( GEOMETRIC_REPRESENTATION_CONTEXT ( 3 ) GLOBAL_UNCERTAINTY_ASSIGNED_CONTEXT ( ( #3957 ) ) GLOBAL_UNIT_ASSIGNED_CONTEXT ( ( #5061, #1991, #6060 ) ) REPRESENTATION_CONTEXT ( 'NONE', 'WORKASPACE' ) );
#6200 = ORIENTED_EDGE ( 'NONE', *, *, #215, .T. ) ;
#6201 = PRESENTATION_STYLE_ASSIGNMENT (( #40 ) ) ;
#6202 = AXIS2_PLACEMENT_3D ( 'NONE', #1362, #2842, #5417 ) ;
#6203 = VERTEX_POINT ( 'NONE', #3053 ) ;
#6204 = DIRECTION ( 'NONE',  ( -0.000000000000000000, 1.000000000000000000, 0.000000000000000000 ) ) ;
#6205 = VERTEX_POINT ( 'NONE', #4383 ) ;
#6206 = LINE ( 'NONE', #3787, #715 ) ;
#6207 = VECTOR ( 'NONE', #3547, 1000.000000000000000 ) ;
#6208 = DIRECTION ( 'NONE',  ( 0.000000000000000000, 1.000000000000000000, 0.000000000000000000 ) ) ;
#6209 = LINE ( 'NONE', #2597, #3334 ) ;
#6210 = ORIENTED_EDGE ( 'NONE', *, *, #5750, .T. ) ;
#6211 = EDGE_CURVE ( 'NONE', #1376, #2918, #1576, .T. ) ;
#6212 =( GEOMETRIC_REPRESENTATION_CONTEXT ( 3 ) GLOBAL_UNCERTAINTY_ASSIGNED_CONTEXT ( ( #542 ) ) GLOBAL_UNIT_ASSIGNED_CONTEXT ( ( #311, #3062, #499 ) ) REPRESENTATION_CONTEXT ( 'NONE', 'WORKASPACE' ) );
#6213 = AXIS2_PLACEMENT_3D ( 'NONE', #6357, #3208, #3753 ) ;
#6214 =( GEOMETRIC_REPRESENTATION_CONTEXT ( 3 ) GLOBAL_UNCERTAINTY_ASSIGNED_CONTEXT ( ( #3622 ) ) GLOBAL_UNIT_ASSIGNED_CONTEXT ( ( #4321, #1885, #4431 ) ) REPRESENTATION_CONTEXT ( 'NONE', 'WORKASPACE' ) );
#6215 = SURFACE_SIDE_STYLE ('',( #3614 ) ) ;
#6216 = DIRECTION ( 'NONE',  ( 0.000000000000000000, 1.000000000000000000, 0.000000000000000000 ) ) ;
#6217 = STYLED_ITEM ( 'NONE', ( #5947 ), #3185 ) ;
#6218 = VECTOR ( 'NONE', #6196, 1000.000000000000000 ) ;
#6219 = CARTESIAN_POINT ( 'NONE',  ( 3.014094982802362210, -0.3300000000000000155, 0.7899999999999997025 ) ) ;
#6220 = FACE_OUTER_BOUND ( 'NONE', #5605, .T. ) ;
#6221 = LINE ( 'NONE', #3800, #6453 ) ;
#6222 = LINE ( 'NONE', #3700, #2806 ) ;
#6223 = VECTOR ( 'NONE', #1543, 1000.000000000000000 ) ;
#6224 = ORIENTED_EDGE ( 'NONE', *, *, #202, .F. ) ;
#6225 = VECTOR ( 'NONE', #4103, 1000.000000000000000 ) ;
#6226 = UNCERTAINTY_MEASURE_WITH_UNIT (LENGTH_MEASURE( 1.000000000000000082E-05 ), #5782, 'distance_accuracy_value', 'NONE');
#6227 = CARTESIAN_POINT ( 'NONE',  ( -2.994999999999998774, 0.000000000000000000, -0.4262101896913496613 ) ) ;
#6228 =( GEOMETRIC_REPRESENTATION_CONTEXT ( 3 ) GLOBAL_UNCERTAINTY_ASSIGNED_CONTEXT ( ( #4101 ) ) GLOBAL_UNIT_ASSIGNED_CONTEXT ( ( #2253, #5370, #2290 ) ) REPRESENTATION_CONTEXT ( 'NONE', 'WORKASPACE' ) );
#6229 = CARTESIAN_POINT ( 'NONE',  ( -3.014094982814587098, -0.3300000000000000155, 1.650000000000000355 ) ) ;
#6230 = FILL_AREA_STYLE ('',( #2456 ) ) ;
#6231 = ORIENTED_EDGE ( 'NONE', *, *, #5516, .T. ) ;
#6232 = DIRECTION ( 'NONE',  ( 1.000000000000000000, 0.000000000000000000, -7.826832626985216134E-16 ) ) ;
#6233 = ORIENTED_EDGE ( 'NONE', *, *, #2147, .T. ) ;
#6234 =( GEOMETRIC_REPRESENTATION_CONTEXT ( 3 ) GLOBAL_UNCERTAINTY_ASSIGNED_CONTEXT ( ( #4088 ) ) GLOBAL_UNIT_ASSIGNED_CONTEXT ( ( #2226, #3231, #5805 ) ) REPRESENTATION_CONTEXT ( 'NONE', 'WORKASPACE' ) );
#6235 = SURFACE_STYLE_USAGE ( .BOTH. , #3741 ) ;
#6236 = ORIENTED_EDGE ( 'NONE', *, *, #767, .T. ) ;
#6237 = SURFACE_SIDE_STYLE ('',( #2157 ) ) ;
#6238 = PRESENTATION_LAYER_ASSIGNMENT (  '', '', ( #1135 ) ) ;
#6239 =( LENGTH_UNIT ( ) NAMED_UNIT ( * ) SI_UNIT ( .MILLI., .METRE. ) );
#6240 = ORIENTED_EDGE ( 'NONE', *, *, #2303, .F. ) ;
#6241 = PRESENTATION_LAYER_ASSIGNMENT (  '', '', ( #2920 ) ) ;
#6242 = MECHANICAL_DESIGN_GEOMETRIC_PRESENTATION_REPRESENTATION (  '', ( #1450 ), #1036 ) ;
#6243 = ORIENTED_EDGE ( 'NONE', *, *, #563, .T. ) ;
#6244 = AXIS2_PLACEMENT_3D ( 'NONE', #4470, #4361, #3460 ) ;
#6245 = AXIS2_PLACEMENT_3D ( 'NONE', #3510, #1668, #5727 ) ;
#6246 = LINE ( 'NONE', #6171, #4426 ) ;
#6247 = PRODUCT_DEFINITION_FORMATION_WITH_SPECIFIED_SOURCE ( 'ANY', '', #4479, .NOT_KNOWN. ) ;
#6248 = ORIENTED_EDGE ( 'NONE', *, *, #349, .T. ) ;
#6249 = DIRECTION ( 'NONE',  ( -1.000000000000000000, 0.000000000000000000, 0.000000000000000000 ) ) ;
#6250 = CARTESIAN_POINT ( 'NONE',  ( -3.120000000023992470, -0.3300000000000000155, 1.700000000051197890 ) ) ;
#6251 = PLANE ( 'NONE',  #4624 ) ;
#6252 = ORIENTED_EDGE ( 'NONE', *, *, #5687, .F. ) ;
#6253 = PRESENTATION_LAYER_ASSIGNMENT (  '', '', ( #601 ) ) ;
#6254 = COLOUR_RGB ( '',0.7686274509803920907, 0.7686274509803920907, 0.7686274509803920907 ) ;
#6255 = EDGE_CURVE ( 'NONE', #3129, #6191, #6620, .T. ) ;
#6256 =( NAMED_UNIT ( * ) SI_UNIT ( $, .STERADIAN. ) SOLID_ANGLE_UNIT ( ) );
#6257 = ADVANCED_FACE ( 'NONE', ( #2546 ), #4546, .T. ) ;
#6258 = ADVANCED_FACE ( 'NONE', ( #1475 ), #1964, .F. ) ;
#6259 = LINE ( 'NONE', #2773, #1897 ) ;
#6260 = ADVANCED_FACE ( 'NONE', ( #4062 ), #3574, .T. ) ;
#6261 = CARTESIAN_POINT ( 'NONE',  ( -2.964094982814913237, -0.2800000000000000266, -2.499999999999999556 ) ) ;
#6262 = CARTESIAN_POINT ( 'NONE',  ( -400000.0000000006403, -0.3300000000000000155, -1.699999999232204573 ) ) ;
#6263 = ORIENTED_EDGE ( 'NONE', *, *, #2224, .T. ) ;
#6264 = SURFACE_STYLE_USAGE ( .BOTH. , #5261 ) ;
#6265 = PRESENTATION_STYLE_ASSIGNMENT (( #1267 ) ) ;
#6266 = ADVANCED_FACE ( 'NONE', ( #33 ), #1110, .T. ) ;
#6267 = ORIENTED_EDGE ( 'NONE', *, *, #5310, .T. ) ;
#6268 = FACE_OUTER_BOUND ( 'NONE', #2096, .T. ) ;
#6269 = ORIENTED_EDGE ( 'NONE', *, *, #4555, .F. ) ;
#6270 = ADVANCED_FACE ( 'NONE', ( #4231 ), #6194, .F. ) ;
#6271 = PRESENTATION_LAYER_ASSIGNMENT (  '', '', ( #295 ) ) ;
#6272 = FACE_OUTER_BOUND ( 'NONE', #2389, .T. ) ;
#6273 = ORIENTED_EDGE ( 'NONE', *, *, #3615, .F. ) ;
#6274 = FILL_AREA_STYLE ('',( #2586 ) ) ;
#6275 = CARTESIAN_POINT ( 'NONE',  ( -3.014094982802362210, -0.3300000000000000155, 1.700000000000000622 ) ) ;
#6276 = ADVANCED_FACE ( 'NONE', ( #742 ), #1768, .F. ) ;
#6277 = CARTESIAN_POINT ( 'NONE',  ( 2.410000000022919142, -0.3300000000000000155, 2.135000000009767973 ) ) ;
#6278 = ORIENTED_EDGE ( 'NONE', *, *, #4432, .T. ) ;
#6279 = DIRECTION ( 'NONE',  ( 0.000000000000000000, 1.000000000000000000, 0.000000000000000000 ) ) ;
#6280 = EDGE_CURVE ( 'NONE', #4108, #3441, #5829, .T. ) ;
#6281 = ORIENTED_EDGE ( 'NONE', *, *, #2943, .F. ) ;
#6282 = LINE ( 'NONE', #297, #3912 ) ;
#6283 = ORIENTED_EDGE ( 'NONE', *, *, #4887, .T. ) ;
#6284 = DIRECTION ( 'NONE',  ( 0.000000000000000000, 0.000000000000000000, -1.000000000000000000 ) ) ;
#6285 = DIRECTION ( 'NONE',  ( 0.000000000000000000, 1.000000000000000000, 0.000000000000000000 ) ) ;
#6286 = DIRECTION ( 'NONE',  ( 0.000000000000000000, 1.000000000000000000, 0.000000000000000000 ) ) ;
#6287 = EDGE_CURVE ( 'NONE', #3372, #4819, #4936, .T. ) ;
#6288 = CARTESIAN_POINT ( 'NONE',  ( -3.120000000044309107, -0.3300000000000000155, 2.059999999971751095 ) ) ;
#6289 = LINE ( 'NONE', #1716, #2367 ) ;
#6290 = LINE ( 'NONE', #5290, #4895 ) ;
#6291 =( NAMED_UNIT ( * ) PLANE_ANGLE_UNIT ( ) SI_UNIT ( $, .RADIAN. ) );
#6292 = FACE_OUTER_BOUND ( 'NONE', #2379, .T. ) ;
#6293 = CARTESIAN_POINT ( 'NONE',  ( 0.4499700569908782199, -0.3300000000000000155, 291549.9999999995925 ) ) ;
#6294 = VECTOR ( 'NONE', #104, 1000.000000000000000 ) ;
#6295 = DIRECTION ( 'NONE',  ( 5.204170427930421283E-16, -0.000000000000000000, 1.000000000000000000 ) ) ;
#6296 = SURFACE_SIDE_STYLE ('',( #5193 ) ) ;
#6297 =( LENGTH_UNIT ( ) NAMED_UNIT ( * ) SI_UNIT ( .MILLI., .METRE. ) );
#6298 =( LENGTH_UNIT ( ) NAMED_UNIT ( * ) SI_UNIT ( .MILLI., .METRE. ) );
#6299 = VECTOR ( 'NONE', #6402, 1000.000000000000000 ) ;
#6300 = VERTEX_POINT ( 'NONE', #354 ) ;
#6301 = DIRECTION ( 'NONE',  ( 1.000000000000000000, 0.000000000000000000, -2.047499167272383645E-15 ) ) ;
#6302 = ORIENTED_EDGE ( 'NONE', *, *, #3413, .F. ) ;
#6303 = EDGE_CURVE ( 'NONE', #2964, #4209, #2347, .T. ) ;
#6304 = PRESENTATION_STYLE_ASSIGNMENT (( #6235 ) ) ;
#6305 = LINE ( 'NONE', #3712, #5386 ) ;
#6306 = ORIENTED_EDGE ( 'NONE', *, *, #2430, .F. ) ;
#6307 = SURFACE_STYLE_USAGE ( .BOTH. , #2155 ) ;
#6308 = CARTESIAN_POINT ( 'NONE',  ( 2.964094982814589052, -0.3300000000000000155, 0.3800000000069303496 ) ) ;
#6309 = SURFACE_SIDE_STYLE ('',( #4740 ) ) ;
#6310 = ORIENTED_EDGE ( 'NONE', *, *, #4381, .F. ) ;
#6311 = LINE ( 'NONE', #4233, #6547 ) ;
#6312 = ORIENTED_EDGE ( 'NONE', *, *, #767, .F. ) ;
#6313 = ORIENTED_EDGE ( 'NONE', *, *, #4041, .T. ) ;
#6314 = AXIS2_PLACEMENT_3D ( 'NONE', #4177, #53, #3104 ) ;
#6315 = ORIENTED_EDGE ( 'NONE', *, *, #4706, .F. ) ;
#6316 = DIRECTION ( 'NONE',  ( -5.204170427930421283E-16, 0.000000000000000000, -1.000000000000000000 ) ) ;
#6317 = FILL_AREA_STYLE_COLOUR ( '', #2899 ) ;
#6318 = VECTOR ( 'NONE', #690, 1000.000000000000000 ) ;
#6319 = SURFACE_SIDE_STYLE ('',( #1191 ) ) ;
#6320 = VECTOR ( 'NONE', #500, 1000.000000000000000 ) ;
#6321 = STYLED_ITEM ( 'NONE', ( #5612 ), #6126 ) ;
#6322 = VECTOR ( 'NONE', #3806, 1000.000000000000000 ) ;
#6323 = PLANE ( 'NONE',  #438 ) ;
#6324 = VECTOR ( 'NONE', #572, 1000.000000000000000 ) ;
#6325 = CARTESIAN_POINT ( 'NONE',  ( 2.994999999999999218, 0.000000000000000000, 2.499999999999998668 ) ) ;
#6326 = SURFACE_SIDE_STYLE ('',( #3354 ) ) ;
#6327 = COLOUR_RGB ( '',0.7686274509803920907, 0.7686274509803920907, 0.7686274509803920907 ) ;
#6328 = SURFACE_SIDE_STYLE ('',( #4837 ) ) ;
#6329 = CARTESIAN_POINT ( 'NONE',  ( -2.964094982814913237, -0.3300000000000000155, 291550.0000000000000 ) ) ;
#6330 = LINE ( 'NONE', #804, #6322 ) ;
#6331 = SURFACE_STYLE_FILL_AREA ( #765 ) ;
#6332 = ADVANCED_FACE ( 'NONE', ( #1370 ), #2786, .T. ) ;
#6333 = CARTESIAN_POINT ( 'NONE',  ( -400000.0000000006403, -0.3300000000000000155, 0.7900000007907692634 ) ) ;
#6334 = PRESENTATION_LAYER_ASSIGNMENT (  '', '', ( #1649 ) ) ;
#6335 = FILL_AREA_STYLE_COLOUR ( '', #541 ) ;
#6336 =( NAMED_UNIT ( * ) PLANE_ANGLE_UNIT ( ) SI_UNIT ( $, .RADIAN. ) );
#6337 = LINE ( 'NONE', #5958, #1251 ) ;
#6338 = VERTEX_POINT ( 'NONE', #5367 ) ;
#6339 = DIRECTION ( 'NONE',  ( 1.000000000000000000, -0.000000000000000000, 1.734723475976807587E-16 ) ) ;
#6340 = SURFACE_STYLE_USAGE ( .BOTH. , #4403 ) ;
#6341 = VECTOR ( 'NONE', #2136, 1000.000000000000000 ) ;
#6342 = EDGE_CURVE ( 'NONE', #3779, #3060, #812, .T. ) ;
#6343 = VERTEX_POINT ( 'NONE', #3366 ) ;
#6344 = CARTESIAN_POINT ( 'NONE',  ( 2.410000000013329036, -0.2800000000000000266, -0.3550000000132058631 ) ) ;
#6345 = AXIS2_PLACEMENT_3D ( 'NONE', #6557, #6584, #3559 ) ;
#6346 = EDGE_CURVE ( 'NONE', #2648, #1176, #3098, .T. ) ;
#6347 = VERTEX_POINT ( 'NONE', #1466 ) ;
#6348 = PRESENTATION_LAYER_ASSIGNMENT (  '', '', ( #2493 ) ) ;
#6349 =( LENGTH_UNIT ( ) NAMED_UNIT ( * ) SI_UNIT ( .MILLI., .METRE. ) );
#6350 = VECTOR ( 'NONE', #4153, 999.9999999999998863 ) ;
#6351 = ORIENTED_EDGE ( 'NONE', *, *, #4033, .F. ) ;
#6352 = CARTESIAN_POINT ( 'NONE',  ( -2.409999999997580744, -0.3300000000000000155, 291550.0000000000000 ) ) ;
#6353 = DIRECTION ( 'NONE',  ( -0.2142384203776561136, 0.000000000000000000, 0.9767813978747172943 ) ) ;
#6354 = COLOUR_RGB ( '',0.7686274509803920907, 0.7686274509803920907, 0.7686274509803920907 ) ;
#6355 = EDGE_CURVE ( 'NONE', #3586, #5691, #3500, .T. ) ;
#6356 = FILL_AREA_STYLE_COLOUR ( '', #3985 ) ;
#6357 = CARTESIAN_POINT ( 'NONE',  ( 3.014094982814588874, -0.3300000000000000155, -0.8400000000000006350 ) ) ;
#6358 = CARTESIAN_POINT ( 'NONE',  ( -400000.0000000000000, -0.3300000000000000155, -2.625000000023192115 ) ) ;
#6359 = COLOUR_RGB ( '',0.7686274509803920907, 0.7686274509803920907, 0.7686274509803920907 ) ;
#6360 =( NAMED_UNIT ( * ) SI_UNIT ( $, .STERADIAN. ) SOLID_ANGLE_UNIT ( ) );
#6361 = CARTESIAN_POINT ( 'NONE',  ( 2.964094982814588164, -0.2800000000000000266, -2.110000000016043487 ) ) ;
#6362 = UNCERTAINTY_MEASURE_WITH_UNIT (LENGTH_MEASURE( 1.000000000000000082E-05 ), #5391, 'distance_accuracy_value', 'NONE');
#6363 = PLANE ( 'NONE',  #3019 ) ;
#6364 = SURFACE_STYLE_FILL_AREA ( #4838 ) ;
#6365 = CARTESIAN_POINT ( 'NONE',  ( 3.014094982802362210, -0.3300000000000000155, -0.7899999999949613994 ) ) ;
#6366 = MECHANICAL_DESIGN_GEOMETRIC_PRESENTATION_REPRESENTATION (  '', ( #2622 ), #609 ) ;
#6367 = FILL_AREA_STYLE ('',( #174 ) ) ;
#6368 = CARTESIAN_POINT ( 'NONE',  ( 2.964094982814913237, -0.3300000000000000155, 291550.0000000000000 ) ) ;
#6369 = PLANE ( 'NONE',  #5707 ) ;
#6370 = LINE ( 'NONE', #2878, #2398 ) ;
#6371 = ORIENTED_EDGE ( 'NONE', *, *, #4753, .F. ) ;
#6372 =( LENGTH_UNIT ( ) NAMED_UNIT ( * ) SI_UNIT ( .MILLI., .METRE. ) );
#6373 = VERTEX_POINT ( 'NONE', #3046 ) ;
#6374 = CARTESIAN_POINT ( 'NONE',  ( -2.964094982814913237, -0.2800000000000000266, -2.499999999999999556 ) ) ;
#6375 = ORIENTED_EDGE ( 'NONE', *, *, #2072, .F. ) ;
#6376 = FILL_AREA_STYLE_COLOUR ( '', #1910 ) ;
#6377 = STYLED_ITEM ( 'NONE', ( #6436 ), #358 ) ;
#6378 = DIRECTION ( 'NONE',  ( 1.000000000000000000, 0.000000000000000000, -0.000000000000000000 ) ) ;
#6379 = ORIENTED_EDGE ( 'NONE', *, *, #1331, .T. ) ;
#6380 = FACE_OUTER_BOUND ( 'NONE', #6546, .T. ) ;
#6381 = AXIS2_PLACEMENT_3D ( 'NONE', #1967, #3440, #6040 ) ;
#6382 = DIRECTION ( 'NONE',  ( 0.000000000000000000, 0.000000000000000000, 1.000000000000000000 ) ) ;
#6383 = ORIENTED_EDGE ( 'NONE', *, *, #130, .F. ) ;
#6384 = UNCERTAINTY_MEASURE_WITH_UNIT (LENGTH_MEASURE( 1.000000000000000082E-05 ), #4730, 'distance_accuracy_value', 'NONE');
#6385 = SURFACE_STYLE_USAGE ( .BOTH. , #333 ) ;
#6386 = CARTESIAN_POINT ( 'NONE',  ( 0.8849700567452600808, -0.2800000000000000266, 2.499999999999999112 ) ) ;
#6387 = SURFACE_SIDE_STYLE ('',( #2941 ) ) ;
#6388 = DIRECTION ( 'NONE',  ( 0.000000000000000000, 0.000000000000000000, 1.000000000000000000 ) ) ;
#6389 = EDGE_CURVE ( 'NONE', #4771, #2464, #4473, .T. ) ;
#6390 = DIRECTION ( 'NONE',  ( 1.734723475976807587E-16, 0.000000000000000000, -1.000000000000000000 ) ) ;
#6391 = STYLED_ITEM ( 'NONE', ( #458 ), #3343 ) ;
#6392 = FACE_OUTER_BOUND ( 'NONE', #5402, .T. ) ;
#6393 = EDGE_CURVE ( 'NONE', #4571, #1203, #480, .T. ) ;
#6394 = FILL_AREA_STYLE_COLOUR ( '', #161 ) ;
#6395 = SURFACE_STYLE_USAGE ( .BOTH. , #5756 ) ;
#6396 =( NAMED_UNIT ( * ) PLANE_ANGLE_UNIT ( ) SI_UNIT ( $, .RADIAN. ) );
#6397 = CARTESIAN_POINT ( 'NONE',  ( 3.014094982802362210, 0.000000000000000000, -1.699999999999999734 ) ) ;
#6398 = DIRECTION ( 'NONE',  ( 0.000000000000000000, 0.000000000000000000, -1.000000000000000000 ) ) ;
#6399 = COLOUR_RGB ( '',0.7686274509803920907, 0.7686274509803920907, 0.7686274509803920907 ) ;
#6400 = VERTEX_POINT ( 'NONE', #6491 ) ;
#6401 = FILL_AREA_STYLE ('',( #3397 ) ) ;
#6402 = DIRECTION ( 'NONE',  ( 1.000000000000000000, 0.000000000000000000, 0.000000000000000000 ) ) ;
#6403 = FILL_AREA_STYLE ('',( #1770 ) ) ;
#6404 = DIRECTION ( 'NONE',  ( 0.000000000000000000, 0.000000000000000000, 1.000000000000000000 ) ) ;
#6405 = EDGE_CURVE ( 'NONE', #412, #1133, #2784, .T. ) ;
#6406 = CARTESIAN_POINT ( 'NONE',  ( -2.409999999997580744, -0.3300000000000000155, 2.135000000009767973 ) ) ;
#6407 = EDGE_LOOP ( 'NONE', ( #4202, #2928, #3215, #6020 ) ) ;
#6408 = LINE ( 'NONE', #3878, #4807 ) ;
#6409 = FACE_OUTER_BOUND ( 'NONE', #4200, .T. ) ;
#6410 = ORIENTED_EDGE ( 'NONE', *, *, #3557, .T. ) ;
#6411 = FILL_AREA_STYLE ('',( #781 ) ) ;
#6412 = ORIENTED_EDGE ( 'NONE', *, *, #3835, .F. ) ;
#6413 = FILL_AREA_STYLE ('',( #3382 ) ) ;
#6414 = FILL_AREA_STYLE ('',( #3349 ) ) ;
#6415 = ADVANCED_FACE ( 'NONE', ( #4001 ), #1004, .F. ) ;
#6416 = COLOUR_RGB ( '',0.7686274509803920907, 0.7686274509803920907, 0.7686274509803920907 ) ;
#6417 = ORIENTED_EDGE ( 'NONE', *, *, #1815, .F. ) ;
#6418 = LINE ( 'NONE', #6452, #1457 ) ;
#6419 =( LENGTH_UNIT ( ) NAMED_UNIT ( * ) SI_UNIT ( .MILLI., .METRE. ) );
#6420 = CARTESIAN_POINT ( 'NONE',  ( -2.409999999997580744, -0.2800000000000000266, 0.8649999999761348590 ) ) ;
#6421 = COLOUR_RGB ( '',0.2941176470588235392, 0.2941176470588235392, 0.2941176470588235392 ) ;
#6422 = CARTESIAN_POINT ( 'NONE',  ( -400000.0000000006403, -0.3300000000000000155, -1.699999999232204573 ) ) ;
#6423 = CARTESIAN_POINT ( 'NONE',  ( 0.5249700568583648419, 0.000000000000000000, 291549.9999999998254 ) ) ;
#6424 =( NAMED_UNIT ( * ) PLANE_ANGLE_UNIT ( ) SI_UNIT ( $, .RADIAN. ) );
#6425 = SURFACE_STYLE_USAGE ( .BOTH. , #2877 ) ;
#6426 = AXIS2_PLACEMENT_3D ( 'NONE', #6131, #1083, #3604 ) ;
#6427 = DIRECTION ( 'NONE',  ( 0.000000000000000000, 0.000000000000000000, 1.000000000000000000 ) ) ;
#6428 = CARTESIAN_POINT ( 'NONE',  ( 2.964094982814913237, -0.3300000000000000155, 291550.0000000000000 ) ) ;
#6429 = ORIENTED_EDGE ( 'NONE', *, *, #3214, .T. ) ;
#6430 =( NAMED_UNIT ( * ) SI_UNIT ( $, .STERADIAN. ) SOLID_ANGLE_UNIT ( ) );
#6431 = AXIS2_PLACEMENT_3D ( 'NONE', #6588, #5104, #6062 ) ;
#6432 = LINE ( 'NONE', #213, #3458 ) ;
#6433 = VECTOR ( 'NONE', #4548, 1000.000000000000000 ) ;
#6434 = FILL_AREA_STYLE_COLOUR ( '', #4966 ) ;
#6435 = EDGE_LOOP ( 'NONE', ( #5539, #93, #4636, #2219, #4419, #1529, #6090, #4427 ) ) ;
#6436 = PRESENTATION_STYLE_ASSIGNMENT (( #1802 ) ) ;
#6437 = EDGE_LOOP ( 'NONE', ( #1694, #3092, #3118, #2049, #4924, #5306 ) ) ;
#6438 = VECTOR ( 'NONE', #755, 1000.000000000000000 ) ;
#6439 = AXIS2_PLACEMENT_3D ( 'NONE', #5509, #3448, #1515 ) ;
#6440 = CARTESIAN_POINT ( 'NONE',  ( -2.409999999997580744, -0.3300000000000000155, -2.135000000009767973 ) ) ;
#6441 = ORIENTED_EDGE ( 'NONE', *, *, #5929, .T. ) ;
#6442 = VECTOR ( 'NONE', #2536, 1000.000000000000227 ) ;
#6443 = DIRECTION ( 'NONE',  ( 5.204170427930421283E-16, 0.000000000000000000, 1.000000000000000000 ) ) ;
#6444 = AXIS2_PLACEMENT_3D ( 'NONE', #6229, #1667, #3626 ) ;
#6445 = COLOUR_RGB ( '',0.7686274509803920907, 0.7686274509803920907, 0.7686274509803920907 ) ;
#6446 =( NAMED_UNIT ( * ) PLANE_ANGLE_UNIT ( ) SI_UNIT ( $, .RADIAN. ) );
#6447 = UNCERTAINTY_MEASURE_WITH_UNIT (LENGTH_MEASURE( 1.000000000000000082E-05 ), #5591, 'distance_accuracy_value', 'NONE');
#6448 = EDGE_LOOP ( 'NONE', ( #3083, #4388, #256, #3142, #1711, #3846, #2404, #1472, #5860, #6243 ) ) ;
#6449 = VECTOR ( 'NONE', #3105, 1000.000000000000000 ) ;
#6450 = ADVANCED_FACE ( 'NONE', ( #950 ), #3562, .T. ) ;
#6451 = CARTESIAN_POINT ( 'NONE',  ( -3.014094982802362210, -0.3300000000000000155, -0.7899999999999999245 ) ) ;
#6452 = CARTESIAN_POINT ( 'NONE',  ( -2.994999999999997442, 0.000000000000000000, 2.500000000000000444 ) ) ;
#6453 = VECTOR ( 'NONE', #1720, 1000.000000000000000 ) ;
#6454 = CIRCLE ( 'NONE', #4557, 0.04999999999999991257 ) ;
#6455 = VECTOR ( 'NONE', #3870, 1000.000000000000000 ) ;
#6456 = VECTOR ( 'NONE', #3975, 1000.000000000000000 ) ;
#6457 = PRESENTATION_STYLE_ASSIGNMENT (( #4394 ) ) ;
#6458 = EDGE_CURVE ( 'NONE', #2625, #4987, #1661, .T. ) ;
#6459 =( GEOMETRIC_REPRESENTATION_CONTEXT ( 3 ) GLOBAL_UNCERTAINTY_ASSIGNED_CONTEXT ( ( #3832 ) ) GLOBAL_UNIT_ASSIGNED_CONTEXT ( ( #5094, #1095, #3492 ) ) REPRESENTATION_CONTEXT ( 'NONE', 'WORKASPACE' ) );
#6460 =( NAMED_UNIT ( * ) PLANE_ANGLE_UNIT ( ) SI_UNIT ( $, .RADIAN. ) );
#6461 = AXIS2_PLACEMENT_3D ( 'NONE', #1725, #3255, #4253 ) ;
#6462 = CARTESIAN_POINT ( 'NONE',  ( 2.410000000509171514, -0.3300000000000000155, 291549.9999999993015 ) ) ;
#6463 = SURFACE_SIDE_STYLE ('',( #2317 ) ) ;
#6464 = ORIENTED_EDGE ( 'NONE', *, *, #2010, .F. ) ;
#6465 = CARTESIAN_POINT ( 'NONE',  ( -2.994999999999997442, -0.2800000000000000266, 2.500000000000000444 ) ) ;
#6466 = CARTESIAN_POINT ( 'NONE',  ( -400000.0000000000000, -0.3300000000000000155, 2.059999999971751095 ) ) ;
#6467 = ADVANCED_FACE ( 'NONE', ( #2113 ), #4689, .F. ) ;
#6468 = ORIENTED_EDGE ( 'NONE', *, *, #5989, .F. ) ;
#6469 = DIRECTION ( 'NONE',  ( 0.000000000000000000, 0.000000000000000000, 1.000000000000000000 ) ) ;
#6470 = DIRECTION ( 'NONE',  ( 0.000000000000000000, 0.000000000000000000, -1.000000000000000000 ) ) ;
#6471 = EDGE_CURVE ( 'NONE', #6169, #750, #94, .T. ) ;
#6472 = ORIENTED_EDGE ( 'NONE', *, *, #3278, .F. ) ;
#6473 = ADVANCED_FACE ( 'NONE', ( #2144 ), #3075, .T. ) ;
#6474 = DIRECTION ( 'NONE',  ( 0.000000000000000000, 1.000000000000000000, 0.000000000000000000 ) ) ;
#6475 = ORIENTED_EDGE ( 'NONE', *, *, #3992, .F. ) ;
#6476 = LINE ( 'NONE', #2425, #4142 ) ;
#6477 = ADVANCED_FACE ( 'NONE', ( #6122 ), #1169, .T. ) ;
#6478 = PRESENTATION_LAYER_ASSIGNMENT (  '', '', ( #3605 ) ) ;
#6479 =( NAMED_UNIT ( * ) SI_UNIT ( $, .STERADIAN. ) SOLID_ANGLE_UNIT ( ) );
#6480 = EDGE_CURVE ( 'NONE', #5896, #2056, #1148, .T. ) ;
#6481 = AXIS2_PLACEMENT_3D ( 'NONE', #1320, #3414, #2431 ) ;
#6482 = DIRECTION ( 'NONE',  ( 0.000000000000000000, -0.000000000000000000, 1.000000000000000000 ) ) ;
#6483 = DIRECTION ( 'NONE',  ( -0.000000000000000000, 1.000000000000000000, 0.000000000000000000 ) ) ;
#6484 = ORIENTED_EDGE ( 'NONE', *, *, #51, .T. ) ;
#6485 =( NAMED_UNIT ( * ) PLANE_ANGLE_UNIT ( ) SI_UNIT ( $, .RADIAN. ) );
#6486 = CARTESIAN_POINT ( 'NONE',  ( 2.964094982814913237, -0.3300000000000000155, -2.135000000009767973 ) ) ;
#6487 = DIRECTION ( 'NONE',  ( 2.047499167272383645E-15, -0.000000000000000000, 1.000000000000000000 ) ) ;
#6488 = FACE_OUTER_BOUND ( 'NONE', #1397, .T. ) ;
#6489 =( LENGTH_UNIT ( ) NAMED_UNIT ( * ) SI_UNIT ( .MILLI., .METRE. ) );
#6490 = VERTEX_POINT ( 'NONE', #4901 ) ;
#6491 = CARTESIAN_POINT ( 'NONE',  ( 2.964094982814913237, -0.2800000000000000266, 1.624999999989995558 ) ) ;
#6492 = CARTESIAN_POINT ( 'NONE',  ( -3.120000000023992470, -0.3300000000000000155, 291550.0000000000000 ) ) ;
#6493 = CIRCLE ( 'NONE', #4048, 0.04999999999999969746 ) ;
#6494 = CARTESIAN_POINT ( 'NONE',  ( -3.014094982802362210, -0.3300000000000000155, 0.4300000000000003819 ) ) ;
#6495 = EDGE_CURVE ( 'NONE', #5203, #746, #1365, .T. ) ;
#6496 = ORIENTED_EDGE ( 'NONE', *, *, #4841, .F. ) ;
#6497 = DIRECTION ( 'NONE',  ( -2.179310204677305816E-16, 0.000000000000000000, -1.000000000000000000 ) ) ;
#6498 = CARTESIAN_POINT ( 'NONE',  ( -399999.9999999998836, -0.3300000000000000155, 0.3549999998426756065 ) ) ;
#6499 = DIRECTION ( 'NONE',  ( 0.000000000000000000, 0.000000000000000000, 1.000000000000000000 ) ) ;
#6500 = CARTESIAN_POINT ( 'NONE',  ( 0.4499700567066611256, -0.3300000000000000155, 1.880000000024491413 ) ) ;
#6501 = EDGE_LOOP ( 'NONE', ( #3325, #1969, #2511, #2686 ) ) ;
#6502 = PLANE ( 'NONE',  #1250 ) ;
#6503 = DIRECTION ( 'NONE',  ( 9.245716352173637744E-16, 0.000000000000000000, 1.000000000000000000 ) ) ;
#6504 = EDGE_LOOP ( 'NONE', ( #1708, #6441, #675, #4270 ) ) ;
#6505 = CARTESIAN_POINT ( 'NONE',  ( -3.120000000023992470, -0.3300000000000000155, 0.4300000000175647208 ) ) ;
#6506 = LINE ( 'NONE', #6575, #2174 ) ;
#6507 = EDGE_LOOP ( 'NONE', ( #142, #2833, #6236, #5701 ) ) ;
#6508 = LINE ( 'NONE', #467, #4176 ) ;
#6509 = EDGE_LOOP ( 'NONE', ( #1795, #5651, #2297, #6464, #5695, #5409 ) ) ;
#6510 = DIRECTION ( 'NONE',  ( 1.000000000000000000, 0.000000000000000000, -0.000000000000000000 ) ) ;
#6511 =( GEOMETRIC_REPRESENTATION_CONTEXT ( 3 ) GLOBAL_UNCERTAINTY_ASSIGNED_CONTEXT ( ( #2458 ) ) GLOBAL_UNIT_ASSIGNED_CONTEXT ( ( #19, #617, #3042 ) ) REPRESENTATION_CONTEXT ( 'NONE', 'WORKASPACE' ) );
#6512 = AXIS2_PLACEMENT_3D ( 'NONE', #1298, #287, #2252 ) ;
#6513 = PRESENTATION_LAYER_ASSIGNMENT (  '', '', ( #2673 ) ) ;
#6514 = FILL_AREA_STYLE_COLOUR ( '', #6416 ) ;
#6515 = CARTESIAN_POINT ( 'NONE',  ( 2.994999999999999218, -0.2800000000000000266, 2.499999999999998668 ) ) ;
#6516 = FILL_AREA_STYLE ('',( #5026 ) ) ;
#6517 = VECTOR ( 'NONE', #4794, 1000.000000000000000 ) ;
#6518 = VERTEX_POINT ( 'NONE', #5881 ) ;
#6519 = CARTESIAN_POINT ( 'NONE',  ( 3.014094982814588874, -0.2800000000000000266, -0.8400000000000006350 ) ) ;
#6520 = LINE ( 'NONE', #1531, #1920 ) ;
#6521 = CARTESIAN_POINT ( 'NONE',  ( 3.120000000023992470, 0.000000000000000000, 2.059999999982197849 ) ) ;
#6522 =( NAMED_UNIT ( * ) SI_UNIT ( $, .STERADIAN. ) SOLID_ANGLE_UNIT ( ) );
#6523 = SURFACE_STYLE_FILL_AREA ( #5940 ) ;
#6524 = STYLED_ITEM ( 'NONE', ( #1808 ), #6138 ) ;
#6525 = ORIENTED_EDGE ( 'NONE', *, *, #563, .F. ) ;
#6526 = CARTESIAN_POINT ( 'NONE',  ( -2.994999999999997442, -0.2799999999999999711, 2.063789810308650718 ) ) ;
#6527 = MECHANICAL_DESIGN_GEOMETRIC_PRESENTATION_REPRESENTATION (  '', ( #2051 ), #6212 ) ;
#6528 = PRESENTATION_LAYER_ASSIGNMENT (  '', '', ( #1323 ) ) ;
#6529 = CARTESIAN_POINT ( 'NONE',  ( -3.014094982814587986, 0.000000000000000000, 0.8400000000000005240 ) ) ;
#6530 = PRESENTATION_STYLE_ASSIGNMENT (( #5627 ) ) ;
#6531 = SURFACE_STYLE_USAGE ( .BOTH. , #2988 ) ;
#6532 = DIRECTION ( 'NONE',  ( 0.000000000000000000, 1.000000000000000000, 0.000000000000000000 ) ) ;
#6533 = EDGE_CURVE ( 'NONE', #407, #6189, #4928, .T. ) ;
#6534 = VERTEX_POINT ( 'NONE', #1327 ) ;
#6535 = PRESENTATION_STYLE_ASSIGNMENT (( #4515 ) ) ;
#6536 = CARTESIAN_POINT ( 'NONE',  ( 2.409999999485989974, -0.3300000000000000155, 291550.0000000006985 ) ) ;
#6537 = EDGE_CURVE ( 'NONE', #3452, #2150, #1787, .T. ) ;
#6538 = UNCERTAINTY_MEASURE_WITH_UNIT (LENGTH_MEASURE( 1.000000000000000082E-05 ), #5685, 'distance_accuracy_value', 'NONE');
#6539 = VERTEX_POINT ( 'NONE', #5392 ) ;
#6540 = LINE ( 'NONE', #5538, #3894 ) ;
#6541 = VECTOR ( 'NONE', #92, 1000.000000000000000 ) ;
#6542 = EDGE_LOOP ( 'NONE', ( #2212, #4024, #3081, #6157, #328, #1369 ) ) ;
#6543 = EDGE_CURVE ( 'NONE', #3340, #3368, #3901, .T. ) ;
#6544 = CARTESIAN_POINT ( 'NONE',  ( 3.014094982814587986, 0.000000000000000000, -2.109999999999999876 ) ) ;
#6545 = CARTESIAN_POINT ( 'NONE',  ( 3.014094982802362210, 0.000000000000000000, -2.059999999971751095 ) ) ;
#6546 = EDGE_LOOP ( 'NONE', ( #1537, #179, #2098, #5871 ) ) ;
#6547 = VECTOR ( 'NONE', #1799, 1000.000000000000000 ) ;
#6548 =( NAMED_UNIT ( * ) SI_UNIT ( $, .STERADIAN. ) SOLID_ANGLE_UNIT ( ) );
#6549 = DIRECTION ( 'NONE',  ( 0.000000000000000000, 1.000000000000000000, 0.000000000000000000 ) ) ;
#6550 = COLOUR_RGB ( '',0.7686274509803920907, 0.7686274509803920907, 0.7686274509803920907 ) ;
#6551 = COLOUR_RGB ( '',0.7686274509803920907, 0.7686274509803920907, 0.7686274509803920907 ) ;
#6552 = VECTOR ( 'NONE', #100, 1000.000000000000000 ) ;
#6553 =( NAMED_UNIT ( * ) PLANE_ANGLE_UNIT ( ) SI_UNIT ( $, .RADIAN. ) );
#6554 = AXIS2_PLACEMENT_3D ( 'NONE', #5810, #2689, #6382 ) ;
#6555 = LINE ( 'NONE', #2907, #5875 ) ;
#6556 = DIRECTION ( 'NONE',  ( 0.000000000000000000, 0.000000000000000000, 1.000000000000000000 ) ) ;
#6557 = CARTESIAN_POINT ( 'NONE',  ( -400000.0000000006403, -0.3300000000000000155, 1.700000000823820301 ) ) ;
#6558 = EDGE_LOOP ( 'NONE', ( #293, #2958, #4521, #84, #4942, #5273 ) ) ;
#6559 = VECTOR ( 'NONE', #3869, 1000.000000000000000 ) ;
#6560 =( GEOMETRIC_REPRESENTATION_CONTEXT ( 3 ) GLOBAL_UNCERTAINTY_ASSIGNED_CONTEXT ( ( #4655 ) ) GLOBAL_UNIT_ASSIGNED_CONTEXT ( ( #3956, #5973, #1311 ) ) REPRESENTATION_CONTEXT ( 'NONE', 'WORKASPACE' ) );
#6561 = DIRECTION ( 'NONE',  ( 0.000000000000000000, 1.000000000000000000, 0.000000000000000000 ) ) ;
#6562 = AXIS2_PLACEMENT_3D ( 'NONE', #5850, #3316, #800 ) ;
#6563 = SURFACE_SIDE_STYLE ('',( #1469 ) ) ;
#6564 = DIRECTION ( 'NONE',  ( 1.000000000000000000, 0.000000000000000000, 0.000000000000000000 ) ) ;
#6565 = ORIENTED_EDGE ( 'NONE', *, *, #4130, .F. ) ;
#6566 = LINE ( 'NONE', #2451, #3851 ) ;
#6567 = COLOUR_RGB ( '',0.2941176470588235392, 0.2941176470588235392, 0.2941176470588235392 ) ;
#6568 = DIRECTION ( 'NONE',  ( 1.000000000000000000, 0.000000000000000000, -0.000000000000000000 ) ) ;
#6569 = SURFACE_STYLE_FILL_AREA ( #2453 ) ;
#6570 = FILL_AREA_STYLE_COLOUR ( '', #88 ) ;
#6571 = CARTESIAN_POINT ( 'NONE',  ( 2.994999999999999218, 0.000000000000000000, 2.499999999999998668 ) ) ;
#6572 = LINE ( 'NONE', #4578, #3070 ) ;
#6573 = VERTEX_POINT ( 'NONE', #6420 ) ;
#6574 = EDGE_CURVE ( 'NONE', #1962, #4104, #2847, .T. ) ;
#6575 = CARTESIAN_POINT ( 'NONE',  ( 3.120000000023992470, 0.000000000000000000, 291550.0000000000000 ) ) ;
#6576 = ORIENTED_EDGE ( 'NONE', *, *, #4469, .F. ) ;
#6577 = LINE ( 'NONE', #3516, #2363 ) ;
#6578 = VERTEX_POINT ( 'NONE', #3802 ) ;
#6579 = PLANE ( 'NONE',  #5883 ) ;
#6580 = PRESENTATION_STYLE_ASSIGNMENT (( #2076 ) ) ;
#6581 = VECTOR ( 'NONE', #5891, 1000.000000000000000 ) ;
#6582 = SURFACE_SIDE_STYLE ('',( #3069 ) ) ;
#6583 = FILL_AREA_STYLE_COLOUR ( '', #5814 ) ;
#6584 = DIRECTION ( 'NONE',  ( -2.047499167272383645E-15, 0.000000000000000000, -1.000000000000000000 ) ) ;
#6585 = ORIENTED_EDGE ( 'NONE', *, *, #3831, .T. ) ;
#6586 = SURFACE_STYLE_FILL_AREA ( #3529 ) ;
#6587 = CARTESIAN_POINT ( 'NONE',  ( 2.964094982814913237, -0.2800000000000000266, 291550.0000000000000 ) ) ;
#6588 = CARTESIAN_POINT ( 'NONE',  ( -400000.0000000006403, -0.3300000000000000155, -0.4299999991985714587 ) ) ;
#6589 = ORIENTED_EDGE ( 'NONE', *, *, #777, .T. ) ;
#6590 = FILL_AREA_STYLE_COLOUR ( '', #3958 ) ;
#6591 = PRESENTATION_STYLE_ASSIGNMENT (( #2093 ) ) ;
#6592 = FACE_OUTER_BOUND ( 'NONE', #4744, .T. ) ;
#6593 = CARTESIAN_POINT ( 'NONE',  ( -400000.0000000006403, -0.3300000000000000155, 0.4300000007901871868 ) ) ;
#6594 = UNCERTAINTY_MEASURE_WITH_UNIT (LENGTH_MEASURE( 1.000000000000000082E-05 ), #31, 'distance_accuracy_value', 'NONE');
#6595 = CARTESIAN_POINT ( 'NONE',  ( 3.120000000023992470, -0.3300000000000000155, -0.4299999999711811571 ) ) ;
#6596 = CARTESIAN_POINT ( 'NONE',  ( 0.4499700567213169577, -0.2800000000000000266, -2.500000000000002665 ) ) ;
#6597 = UNCERTAINTY_MEASURE_WITH_UNIT (LENGTH_MEASURE( 1.000000000000000082E-05 ), #6372, 'distance_accuracy_value', 'NONE');
#6598 = ORIENTED_EDGE ( 'NONE', *, *, #5095, .F. ) ;
#6599 = ORIENTED_EDGE ( 'NONE', *, *, #732, .T. ) ;
#6600 = VECTOR ( 'NONE', #4158, 1000.000000000000000 ) ;
#6601 = LINE ( 'NONE', #2465, #182 ) ;
#6602 = EDGE_CURVE ( 'NONE', #2258, #5269, #869, .T. ) ;
#6603 = CARTESIAN_POINT ( 'NONE',  ( 2.964094982814913237, -0.3300000000000000155, 2.135000000009767973 ) ) ;
#6604 = ORIENTED_EDGE ( 'NONE', *, *, #5323, .T. ) ;
#6605 = DIRECTION ( 'NONE',  ( 0.000000000000000000, -0.000000000000000000, 1.000000000000000000 ) ) ;
#6606 = EDGE_CURVE ( 'NONE', #4119, #1514, #4250, .T. ) ;
#6607 = LINE ( 'NONE', #6149, #5775 ) ;
#6608 = FACE_OUTER_BOUND ( 'NONE', #1942, .T. ) ;
#6609 = CARTESIAN_POINT ( 'NONE',  ( 0.8849700567452600808, 0.000000000000000000, 2.499999999999999112 ) ) ;
#6610 = VERTEX_POINT ( 'NONE', #2242 ) ;
#6611 = UNCERTAINTY_MEASURE_WITH_UNIT (LENGTH_MEASURE( 1.000000000000000082E-05 ), #1780, 'distance_accuracy_value', 'NONE');
#6612 = PRESENTATION_STYLE_ASSIGNMENT (( #4633 ) ) ;
#6613 = ORIENTED_EDGE ( 'NONE', *, *, #5616, .F. ) ;
#6614 =( GEOMETRIC_REPRESENTATION_CONTEXT ( 3 ) GLOBAL_UNCERTAINTY_ASSIGNED_CONTEXT ( ( #1414 ) ) GLOBAL_UNIT_ASSIGNED_CONTEXT ( ( #2140, #1657, #3698 ) ) REPRESENTATION_CONTEXT ( 'NONE', 'WORKASPACE' ) );
#6615 = LINE ( 'NONE', #3051, #261 ) ;
#6616 = EDGE_LOOP ( 'NONE', ( #4962, #709, #4650, #6231 ) ) ;
#6617 = AXIS2_PLACEMENT_3D ( 'NONE', #6519, #5521, #6085 ) ;
#6618 = SURFACE_STYLE_USAGE ( .BOTH. , #2516 ) ;
#6619 = CARTESIAN_POINT ( 'NONE',  ( 0.9599700567264335405, -0.3300000000000000155, 291550.0000000000000 ) ) ;
#6620 = LINE ( 'NONE', #4008, #1319 ) ;
#6621 = CARTESIAN_POINT ( 'NONE',  ( -400000.0000000000000, -0.3300000000000000155, 2.625000000023192115 ) ) ;
ENDSEC;
END-ISO-10303-21;
