ISO-10303-21;
HEADER;
FILE_DESCRIPTION (( 'STEP AP214' ),
    '1' );
FILE_NAME ('T543X687M2R5AHE006.STEP',
    '2021-08-02T09:35:33',
    ( '' ),
    ( '' ),
    'SwSTEP 2.0',
    'SolidWorks 2020',
    '' );
FILE_SCHEMA (( 'AUTOMOTIVE_DESIGN' ));
ENDSEC;

DATA;
#1 = COLOUR_RGB ( '',0.7921568627450980005, 0.8196078431372548767, 0.9333333333333333481 ) ;
#2 = ORIENTED_EDGE ( 'NONE', *, *, #1453, .F. ) ;
#3 = FACE_OUTER_BOUND ( 'NONE', #1446, .T. ) ;
#4 = DIRECTION ( 'NONE',  ( 1.000000000000000000, 0.000000000000000000, -1.239088197126290817E-16 ) ) ;
#5 = APPLICATION_CONTEXT ( 'automotive_design' ) ;
#6 = LINE ( 'NONE', #442, #258 ) ;
#7 = DIRECTION ( 'NONE',  ( 0.000000000000000000, -0.000000000000000000, 1.000000000000000000 ) ) ;
#8 = ORIENTED_EDGE ( 'NONE', *, *, #993, .F. ) ;
#9 = EDGE_CURVE ( 'NONE', #1429, #1864, #676, .T. ) ;
#10 = EDGE_LOOP ( 'NONE', ( #55, #2204, #832, #1019 ) ) ;
#11 = EDGE_CURVE ( 'NONE', #2072, #1641, #1271, .T. ) ;
#12 = DIRECTION ( 'NONE',  ( 1.000000000000000000, -0.000000000000000000, 0.000000000000000000 ) ) ;
#13 = CARTESIAN_POINT ( 'NONE',  ( -2.350000000000000089, 0.000000000000000000, 1.199999999999999734 ) ) ;
#14 = ORIENTED_EDGE ( 'NONE', *, *, #215, .T. ) ;
#15 = AXIS2_PLACEMENT_3D ( 'NONE', #2053, #1485, #2265 ) ;
#16 = VECTOR ( 'NONE', #1106, 1000.000000000000000 ) ;
#17 = FACE_OUTER_BOUND ( 'NONE', #284, .T. ) ;
#18 = VECTOR ( 'NONE', #1266, 1000.000000000000114 ) ;
#19 = AXIS2_PLACEMENT_3D ( 'NONE', #240, #1005, #1175 ) ;
#20 = VERTEX_POINT ( 'NONE', #2303 ) ;
#21 = CARTESIAN_POINT ( 'NONE',  ( -2.820648239771855081, 4.299999999999999822, 1.920648239771855836 ) ) ;
#22 = CARTESIAN_POINT ( 'NONE',  ( -2.820648239771855970, 4.200000000000000178, -1.920648239771855836 ) ) ;
#23 = DIRECTION ( 'NONE',  ( 0.000000000000000000, -1.000000000000000000, 0.000000000000000000 ) ) ;
#24 = EDGE_CURVE ( 'NONE', #2218, #1355, #489, .T. ) ;
#25 = CARTESIAN_POINT ( 'NONE',  ( -3.500000000000000000, 2.250000000000000000, 2.149999999999999911 ) ) ;
#26 = ORIENTED_EDGE ( 'NONE', *, *, #1788, .T. ) ;
#27 = ORIENTED_EDGE ( 'NONE', *, *, #1793, .F. ) ;
#28 = DIRECTION ( 'NONE',  ( 1.000000000000000000, 0.000000000000000000, 0.000000000000000000 ) ) ;
#29 = CARTESIAN_POINT ( 'NONE',  ( -3.520000000000000018, 2.100000000000000533, -0.5000000000000004441 ) ) ;
#30 = ORIENTED_EDGE ( 'NONE', *, *, #9, .F. ) ;
#31 = VERTEX_POINT ( 'NONE', #126 ) ;
#32 =( NAMED_UNIT ( * ) SI_UNIT ( $, .STERADIAN. ) SOLID_ANGLE_UNIT ( ) );
#33 = ORIENTED_EDGE ( 'NONE', *, *, #704, .T. ) ;
#34 = CYLINDRICAL_SURFACE ( 'NONE', #424, 0.1499999999999999667 ) ;
#35 = CARTESIAN_POINT ( 'NONE',  ( 3.649999999999999911, 0.1499999999999997724, -1.199999999999999956 ) ) ;
#36 = DIRECTION ( 'NONE',  ( 1.000000000000000000, 0.000000000000000000, 0.000000000000000000 ) ) ;
#37 = CARTESIAN_POINT ( 'NONE',  ( 3.499999999999999556, 2.250000000000000000, -2.149999999999999911 ) ) ;
#38 = ORIENTED_EDGE ( 'NONE', *, *, #1591, .F. ) ;
#39 = VECTOR ( 'NONE', #1418, 1000.000000000000000 ) ;
#40 = VERTEX_POINT ( 'NONE', #1924 ) ;
#41 = CARTESIAN_POINT ( 'NONE',  ( -3.200000000000000178, 2.120000000000000995, -1.199999999999999956 ) ) ;
#42 = VECTOR ( 'NONE', #994, 1000.000000000000114 ) ;
#43 = CARTESIAN_POINT ( 'NONE',  ( -2.568901038555459149, 4.200000000000000178, -1.920648239771855836 ) ) ;
#44 = ORIENTED_EDGE ( 'NONE', *, *, #910, .T. ) ;
#45 = FILL_AREA_STYLE_COLOUR ( '', #59 ) ;
#46 = EDGE_CURVE ( 'NONE', #2504, #1422, #2345, .T. ) ;
#47 = ORIENTED_EDGE ( 'NONE', *, *, #261, .T. ) ;
#48 = ADVANCED_FACE ( 'NONE', ( #2373 ), #415, .F. ) ;
#49 = VECTOR ( 'NONE', #1830, 1000.000000000000000 ) ;
#50 = DIRECTION ( 'NONE',  ( 0.000000000000000000, -1.000000000000000000, 1.971276677246361412E-16 ) ) ;
#51 = AXIS2_PLACEMENT_3D ( 'NONE', #1228, #1834, #2199 ) ;
#52 = DIRECTION ( 'NONE',  ( -1.000000000000000000, 0.000000000000000000, -0.000000000000000000 ) ) ;
#53 = CARTESIAN_POINT ( 'NONE',  ( -3.488626473741629930, 2.120000000000000995, 1.199999999999999956 ) ) ;
#54 = ORIENTED_EDGE ( 'NONE', *, *, #46, .T. ) ;
#55 = ORIENTED_EDGE ( 'NONE', *, *, #1985, .T. ) ;
#56 = FACE_OUTER_BOUND ( 'NONE', #784, .T. ) ;
#57 = EDGE_LOOP ( 'NONE', ( #1064, #1469, #1028, #2485 ) ) ;
#58 = DIRECTION ( 'NONE',  ( 0.000000000000000000, 0.000000000000000000, 1.000000000000000000 ) ) ;
#59 = COLOUR_RGB ( '',0.7921568627450980005, 0.8196078431372548767, 0.9333333333333333481 ) ;
#60 = VERTEX_POINT ( 'NONE', #574 ) ;
#61 = VECTOR ( 'NONE', #398, 1000.000000000000000 ) ;
#62 = AXIS2_PLACEMENT_3D ( 'NONE', #121, #494, #1088 ) ;
#63 = EDGE_CURVE ( 'NONE', #1583, #706, #1189, .T. ) ;
#64 = ORIENTED_EDGE ( 'NONE', *, *, #2167, .F. ) ;
#65 = CARTESIAN_POINT ( 'NONE',  ( 3.200000000000000178, 2.250000000000000888, 3.798557292037257227 ) ) ;
#66 = LINE ( 'NONE', #1233, #49 ) ;
#67 = UNCERTAINTY_MEASURE_WITH_UNIT (LENGTH_MEASURE( 1.000000000000000082E-05 ), #1157, 'distance_accuracy_value', 'NONE');
#68 = ORIENTED_EDGE ( 'NONE', *, *, #446, .T. ) ;
#69 = LINE ( 'NONE', #1037, #1441 ) ;
#70 = LINE ( 'NONE', #1647, #39 ) ;
#71 = DIRECTION ( 'NONE',  ( -6.195440985631454085E-17, 0.000000000000000000, -1.000000000000000000 ) ) ;
#72 = MANIFOLD_SOLID_BREP ( 'Boss-Extrude4[1]', #1192 ) ;
#73 = CLOSED_SHELL ( 'NONE', ( #347, #2109, #141, #883, #2192, #1642, #584, #2034, #1716, #1979, #379, #1306, #2225, #48, #2203, #1916, #1341, #97, #2045, #2400, #1687, #2012, #552, #2386, #368, #1689, #1442, #325, #1843, #1188, #1546, #833, #2058, #2495, #1475, #2004, #1896 ) ) ;
#74 = EDGE_CURVE ( 'NONE', #1864, #777, #142, .T. ) ;
#75 = EDGE_LOOP ( 'NONE', ( #438, #427, #1880, #1680 ) ) ;
#76 = MANIFOLD_SOLID_BREP ( 'Boss-Extrude3[2]', #1968 ) ;
#77 = EDGE_CURVE ( 'NONE', #2267, #1792, #209, .T. ) ;
#78 = EDGE_LOOP ( 'NONE', ( #841, #413, #2001, #175, #1745 ) ) ;
#79 = CARTESIAN_POINT ( 'NONE',  ( 2.350000000000000089, 0.1299999999999999212, -1.199999999999999956 ) ) ;
#80 = CARTESIAN_POINT ( 'NONE',  ( -3.500000000000000000, -1.897353801849632760E-16, -1.199999999999999956 ) ) ;
#81 = ORIENTED_EDGE ( 'NONE', *, *, #563, .F. ) ;
#82 = LINE ( 'NONE', #2274, #2551 ) ;
#83 = CARTESIAN_POINT ( 'NONE',  ( -2.694774639163657337, 4.299999999999999822, 0.005421480722349813000 ) ) ;
#84 = VECTOR ( 'NONE', #2378, 1000.000000000000000 ) ;
#85 = CARTESIAN_POINT ( 'NONE',  ( -2.568901038555458261, 4.200000000000000178, 1.920648239771855836 ) ) ;
#86 = CARTESIAN_POINT ( 'NONE',  ( -3.500000000000000000, 0.1299999999999997546, 1.199999999999999734 ) ) ;
#87 = ORIENTED_EDGE ( 'NONE', *, *, #549, .F. ) ;
#88 = VERTEX_POINT ( 'NONE', #1726 ) ;
#89 = AXIS2_PLACEMENT_3D ( 'NONE', #1974, #217, #995 ) ;
#90 = LINE ( 'NONE', #465, #166 ) ;
#91 = CARTESIAN_POINT ( 'NONE',  ( -3.500000000000000000, 2.120000000000000995, 0.4999999999999995559 ) ) ;
#92 = AXIS2_PLACEMENT_3D ( 'NONE', #2281, #1098, #279 ) ;
#93 = ORIENTED_EDGE ( 'NONE', *, *, #1888, .F. ) ;
#94 = EDGE_LOOP ( 'NONE', ( #1152, #318, #1165, #1400, #1120, #752 ) ) ;
#95 = CARTESIAN_POINT ( 'NONE',  ( -2.694774639163657337, 4.299999999999999822, -0.005421480722349773101 ) ) ;
#96 = DIRECTION ( 'NONE',  ( 0.000000000000000000, -0.000000000000000000, 1.000000000000000000 ) ) ;
#97 = ADVANCED_FACE ( 'NONE', ( #1172 ), #1200, .F. ) ;
#98 = EDGE_CURVE ( 'NONE', #527, #1380, #359, .T. ) ;
#99 = LINE ( 'NONE', #2278, #1957 ) ;
#100 = CYLINDRICAL_SURFACE ( 'NONE', #15, 0.1499999999999999667 ) ;
#101 =( GEOMETRIC_REPRESENTATION_CONTEXT ( 3 ) GLOBAL_UNCERTAINTY_ASSIGNED_CONTEXT ( ( #67 ) ) GLOBAL_UNIT_ASSIGNED_CONTEXT ( ( #1157, #974, #197 ) ) REPRESENTATION_CONTEXT ( 'NONE', 'WORKASPACE' ) );
#102 = ORIENTED_EDGE ( 'NONE', *, *, #537, .T. ) ;
#103 = SHAPE_DEFINITION_REPRESENTATION ( #857, #873 ) ;
#104 = AXIS2_PLACEMENT_3D ( 'NONE', #1724, #1185, #1142 ) ;
#105 = CARTESIAN_POINT ( 'NONE',  ( -2.332489661150380034, 2.250000000000001776, 0.4999999999999997780 ) ) ;
#106 = FACE_OUTER_BOUND ( 'NONE', #1500, .T. ) ;
#107 = CIRCLE ( 'NONE', #1548, 0.02000000000000005246 ) ;
#108 = EDGE_LOOP ( 'NONE', ( #1989, #1033, #1772, #862 ) ) ;
#109 = ORIENTED_EDGE ( 'NONE', *, *, #1119, .F. ) ;
#110 = EDGE_CURVE ( 'NONE', #1048, #1804, #1259, .T. ) ;
#111 = DIRECTION ( 'NONE',  ( -0.000000000000000000, -0.000000000000000000, -1.000000000000000000 ) ) ;
#112 = DIRECTION ( 'NONE',  ( -0.000000000000000000, -0.000000000000000000, 1.000000000000000000 ) ) ;
#113 = CARTESIAN_POINT ( 'NONE',  ( -3.500000000000000000, 2.100000000000000533, -1.199999999999999956 ) ) ;
#114 = DIRECTION ( 'NONE',  ( -1.000000000000000000, 0.000000000000000000, 0.000000000000000000 ) ) ;
#115 = ORIENTED_EDGE ( 'NONE', *, *, #1076, .F. ) ;
#116 = VECTOR ( 'NONE', #1127, 1000.000000000000000 ) ;
#117 = CARTESIAN_POINT ( 'NONE',  ( 3.520000000000000018, 0.1499999999999997724, -1.199999999999999956 ) ) ;
#118 = CARTESIAN_POINT ( 'NONE',  ( 1.750000000000000000, 5.149747468305832854, 1.750000000000000222 ) ) ;
#119 = ORIENTED_EDGE ( 'NONE', *, *, #524, .F. ) ;
#120 = ORIENTED_EDGE ( 'NONE', *, *, #250, .F. ) ;
#121 = CARTESIAN_POINT ( 'NONE',  ( -2.694774639163657337, 4.299999999999999822, -0.005421480722349773101 ) ) ;
#122 = CARTESIAN_POINT ( 'NONE',  ( -2.568901038555458705, 4.299999999999999822, 0.1499999999999999667 ) ) ;
#123 = CYLINDRICAL_SURFACE ( 'NONE', #1908, 0.02000000000000005246 ) ;
#124 = FACE_OUTER_BOUND ( 'NONE', #1961, .T. ) ;
#125 = EDGE_CURVE ( 'NONE', #633, #1014, #2428, .T. ) ;
#126 = CARTESIAN_POINT ( 'NONE',  ( 3.200000000000000178, 2.120000000000000995, 1.199999999999999956 ) ) ;
#127 = EDGE_CURVE ( 'NONE', #1919, #1129, #2539, .T. ) ;
#128 = EDGE_CURVE ( 'NONE', #1832, #1864, #1629, .T. ) ;
#129 = FACE_OUTER_BOUND ( 'NONE', #1403, .T. ) ;
#130 = DIRECTION ( 'NONE',  ( 1.000000000000000000, 0.000000000000000000, 0.000000000000000000 ) ) ;
#131 = CIRCLE ( 'NONE', #461, 0.1499999999999999667 ) ;
#132 = CARTESIAN_POINT ( 'NONE',  ( -2.820648239771855970, 4.299999999999999822, 0.1500000000000000500 ) ) ;
#133 = CARTESIAN_POINT ( 'NONE',  ( -3.500000000000000000, 2.100000000000000533, 0.4999999999999995559 ) ) ;
#134 = AXIS2_PLACEMENT_3D ( 'NONE', #1779, #454, #1426 ) ;
#135 = ORIENTED_EDGE ( 'NONE', *, *, #9, .T. ) ;
#136 = VECTOR ( 'NONE', #1160, 1000.000000000000000 ) ;
#137 = LINE ( 'NONE', #535, #1996 ) ;
#138 = DIRECTION ( 'NONE',  ( -0.000000000000000000, -0.000000000000000000, -1.000000000000000000 ) ) ;
#139 = ORIENTED_EDGE ( 'NONE', *, *, #2249, .F. ) ;
#140 = VERTEX_POINT ( 'NONE', #2202 ) ;
#141 = ADVANCED_FACE ( 'NONE', ( #275 ), #1649, .T. ) ;
#142 = CIRCLE ( 'NONE', #1948, 0.1499999999999999667 ) ;
#143 = MANIFOLD_SOLID_BREP ( 'Cut-Extrude2', #1802 ) ;
#144 = LINE ( 'NONE', #963, #501 ) ;
#145 = CARTESIAN_POINT ( 'NONE',  ( -2.820648239771855081, 4.200000000000000178, 1.920648239771855836 ) ) ;
#146 = VECTOR ( 'NONE', #1518, 1000.000000000000000 ) ;
#147 = CARTESIAN_POINT ( 'NONE',  ( -2.820648239771855970, 4.200000000000000178, -0.1499999999999999389 ) ) ;
#148 = CARTESIAN_POINT ( 'NONE',  ( 2.350000000000000089, 0.000000000000000000, 3.798557292037257227 ) ) ;
#149 = ORIENTED_EDGE ( 'NONE', *, *, #1042, .T. ) ;
#150 = DIRECTION ( 'NONE',  ( 0.000000000000000000, -1.000000000000000000, 0.000000000000000000 ) ) ;
#151 = DIRECTION ( 'NONE',  ( 0.000000000000000000, -0.000000000000000000, -1.000000000000000000 ) ) ;
#152 = ORIENTED_EDGE ( 'NONE', *, *, #63, .T. ) ;
#153 = EDGE_CURVE ( 'NONE', #455, #2267, #1041, .T. ) ;
#154 = DIRECTION ( 'NONE',  ( -0.000000000000000000, -1.000000000000000000, -0.000000000000000000 ) ) ;
#155 = DIRECTION ( 'NONE',  ( 1.000000000000000000, 0.000000000000000000, 0.000000000000000000 ) ) ;
#156 = VECTOR ( 'NONE', #2095, 1000.000000000000000 ) ;
#157 = CARTESIAN_POINT ( 'NONE',  ( -3.467582913171111780, 2.620528997957346728, -2.117582913171112136 ) ) ;
#158 = DIRECTION ( 'NONE',  ( 0.000000000000000000, 1.000000000000000000, 0.000000000000000000 ) ) ;
#159 = ORIENTED_EDGE ( 'NONE', *, *, #1444, .F. ) ;
#160 = EDGE_CURVE ( 'NONE', #558, #657, #2227, .T. ) ;
#161 = LINE ( 'NONE', #1965, #355 ) ;
#162 = LINE ( 'NONE', #1936, #2111 ) ;
#163 = CARTESIAN_POINT ( 'NONE',  ( -2.350000000000000089, 0.1299999999999999212, 1.199999999999999734 ) ) ;
#164 = UNCERTAINTY_MEASURE_WITH_UNIT (LENGTH_MEASURE( 1.000000000000000082E-05 ), #463, 'distance_accuracy_value', 'NONE');
#165 = ORIENTED_EDGE ( 'NONE', *, *, #1358, .F. ) ;
#166 = VECTOR ( 'NONE', #2243, 1000.000000000000000 ) ;
#167 = CARTESIAN_POINT ( 'NONE',  ( -2.820648239771855081, 4.299999999999999822, 1.920648239771855836 ) ) ;
#168 = PLANE ( 'NONE',  #1083 ) ;
#169 = VECTOR ( 'NONE', #495, 1000.000000000000000 ) ;
#170 = LINE ( 'NONE', #1915, #1136 ) ;
#171 = PLANE ( 'NONE',  #1121 ) ;
#172 = VECTOR ( 'NONE', #350, 1000.000000000000000 ) ;
#173 = ORIENTED_EDGE ( 'NONE', *, *, #1045, .T. ) ;
#174 = ORIENTED_EDGE ( 'NONE', *, *, #1854, .F. ) ;
#175 = ORIENTED_EDGE ( 'NONE', *, *, #1735, .T. ) ;
#176 = FACE_BOUND ( 'NONE', #484, .T. ) ;
#177 = VECTOR ( 'NONE', #1718, 1000.000000000000000 ) ;
#178 = DIRECTION ( 'NONE',  ( 0.000000000000000000, -1.000000000000000000, 0.000000000000000000 ) ) ;
#179 = EDGE_CURVE ( 'NONE', #1459, #263, #237, .T. ) ;
#180 = EDGE_CURVE ( 'NONE', #1804, #1822, #1798, .T. ) ;
#181 = AXIS2_PLACEMENT_3D ( 'NONE', #591, #253, #779 ) ;
#182 = DIRECTION ( 'NONE',  ( 6.195440985631454085E-17, 0.000000000000000000, 1.000000000000000000 ) ) ;
#183 = ORIENTED_EDGE ( 'NONE', *, *, #2191, .F. ) ;
#184 = CARTESIAN_POINT ( 'NONE',  ( 3.500000000000000000, 2.250000000000000888, -1.199999999999999956 ) ) ;
#185 = CARTESIAN_POINT ( 'NONE',  ( -2.568901038555458261, 4.200000000000000178, 1.920648239771855836 ) ) ;
#186 = VERTEX_POINT ( 'NONE', #1230 ) ;
#187 = CARTESIAN_POINT ( 'NONE',  ( 3.499999999999999556, 2.250000000000000000, 2.149999999999999911 ) ) ;
#188 = DIRECTION ( 'NONE',  ( -1.000000000000000000, 0.000000000000000000, 0.000000000000000000 ) ) ;
#189 = ORIENTED_EDGE ( 'NONE', *, *, #2002, .T. ) ;
#190 = ADVANCED_FACE ( 'NONE', ( #1020 ), #251, .F. ) ;
#191 = ORIENTED_EDGE ( 'NONE', *, *, #1826, .T. ) ;
#192 = CARTESIAN_POINT ( 'NONE',  ( -2.694774639163657337, 4.200000000000000178, 0.1945785192776502692 ) ) ;
#193 = CARTESIAN_POINT ( 'NONE',  ( -2.820648239771855970, 4.200000000000000178, 0.1500000000000000500 ) ) ;
#194 = ORIENTED_EDGE ( 'NONE', *, *, #1690, .F. ) ;
#195 = CIRCLE ( 'NONE', #519, 0.1999999999999999833 ) ;
#196 = VECTOR ( 'NONE', #343, 1000.000000000000000 ) ;
#197 =( NAMED_UNIT ( * ) SI_UNIT ( $, .STERADIAN. ) SOLID_ANGLE_UNIT ( ) );
#198 = ORIENTED_EDGE ( 'NONE', *, *, #1427, .F. ) ;
#199 = ORIENTED_EDGE ( 'NONE', *, *, #931, .T. ) ;
#200 = FACE_OUTER_BOUND ( 'NONE', #1786, .T. ) ;
#201 = DIRECTION ( 'NONE',  ( -1.000000000000000000, 0.000000000000000000, 0.000000000000000000 ) ) ;
#202 = FACE_OUTER_BOUND ( 'NONE', #1229, .T. ) ;
#203 = CARTESIAN_POINT ( 'NONE',  ( -3.649999999999999911, 1.699999999999997735, -0.5000000000000004441 ) ) ;
#204 = EDGE_LOOP ( 'NONE', ( #235, #102, #805, #1330 ) ) ;
#205 = ORIENTED_EDGE ( 'NONE', *, *, #1015, .F. ) ;
#206 = CARTESIAN_POINT ( 'NONE',  ( -3.500000000000000000, 2.250000000000000000, 2.149999999999999911 ) ) ;
#207 = CARTESIAN_POINT ( 'NONE',  ( 3.200000000000000178, 2.120000000000000995, 3.798557292037257227 ) ) ;
#208 = ORIENTED_EDGE ( 'NONE', *, *, #734, .T. ) ;
#209 = LINE ( 'NONE', #1773, #672 ) ;
#210 = EDGE_CURVE ( 'NONE', #1579, #1583, #845, .T. ) ;
#211 = ORIENTED_EDGE ( 'NONE', *, *, #2270, .F. ) ;
#212 = DIRECTION ( 'NONE',  ( 0.000000000000000000, -1.000000000000000000, 0.000000000000000000 ) ) ;
#213 = PLANE ( 'NONE',  #2317 ) ;
#214 = EDGE_CURVE ( 'NONE', #1423, #1110, #858, .T. ) ;
#215 = EDGE_CURVE ( 'NONE', #633, #747, #473, .T. ) ;
#216 = CARTESIAN_POINT ( 'NONE',  ( -2.350000000000000089, 0.000000000000000000, -1.199999999999999956 ) ) ;
#217 = DIRECTION ( 'NONE',  ( 1.000000000000000000, 0.000000000000000000, -2.449277384705618321E-16 ) ) ;
#218 = ORIENTED_EDGE ( 'NONE', *, *, #74, .T. ) ;
#219 = DIRECTION ( 'NONE',  ( 0.000000000000000000, 0.000000000000000000, 1.000000000000000000 ) ) ;
#220 = LINE ( 'NONE', #958, #918 ) ;
#221 = ORIENTED_EDGE ( 'NONE', *, *, #1813, .F. ) ;
#222 = AXIS2_PLACEMENT_3D ( 'NONE', #1151, #1329, #2365 ) ;
#223 = DIRECTION ( 'NONE',  ( 1.000000000000000000, -0.000000000000000000, -0.000000000000000000 ) ) ;
#224 = AXIS2_PLACEMENT_3D ( 'NONE', #2464, #1883, #2063 ) ;
#225 = ADVANCED_FACE ( 'NONE', ( #17 ), #1497, .F. ) ;
#226 = ORIENTED_EDGE ( 'NONE', *, *, #687, .T. ) ;
#227 = LINE ( 'NONE', #793, #2525 ) ;
#228 = CARTESIAN_POINT ( 'NONE',  ( -3.520000000000000018, 0.1499999999999989397, -0.5000000000000004441 ) ) ;
#229 = DIRECTION ( 'NONE',  ( -0.000000000000000000, -1.000000000000000000, -0.000000000000000000 ) ) ;
#230 = PLANE ( 'NONE',  #1939 ) ;
#231 = VERTEX_POINT ( 'NONE', #2093 ) ;
#232 = ORIENTED_EDGE ( 'NONE', *, *, #563, .T. ) ;
#233 = DIRECTION ( 'NONE',  ( -0.000000000000000000, -1.000000000000000000, -0.000000000000000000 ) ) ;
#234 = SURFACE_STYLE_USAGE ( .BOTH. , #1810 ) ;
#235 = ORIENTED_EDGE ( 'NONE', *, *, #210, .F. ) ;
#236 = CIRCLE ( 'NONE', #637, 0.02000000000000005246 ) ;
#237 = LINE ( 'NONE', #1055, #2037 ) ;
#238 = VERTEX_POINT ( 'NONE', #2251 ) ;
#239 = CIRCLE ( 'NONE', #1681, 0.1499999999999999667 ) ;
#240 = CARTESIAN_POINT ( 'NONE',  ( -2.820648239771855970, 4.200000000000000178, -1.920648239771855836 ) ) ;
#241 = LINE ( 'NONE', #2377, #1287 ) ;
#242 = CARTESIAN_POINT ( 'NONE',  ( 3.320648239771855526, 4.299999999999999822, 2.149999999999999911 ) ) ;
#243 = PLANE ( 'NONE',  #542 ) ;
#244 = ORIENTED_EDGE ( 'NONE', *, *, #2480, .T. ) ;
#245 = ORIENTED_EDGE ( 'NONE', *, *, #899, .F. ) ;
#246 = PLANE ( 'NONE',  #2341 ) ;
#247 = CARTESIAN_POINT ( 'NONE',  ( 3.499999999999999556, 2.250000000000000000, 2.149999999999999911 ) ) ;
#248 = ORIENTED_EDGE ( 'NONE', *, *, #1474, .F. ) ;
#249 = AXIS2_PLACEMENT_3D ( 'NONE', #2051, #1281, #1482 ) ;
#250 = EDGE_CURVE ( 'NONE', #1391, #60, #697, .T. ) ;
#251 = PLANE ( 'NONE',  #1953 ) ;
#252 = ORIENTED_EDGE ( 'NONE', *, *, #524, .T. ) ;
#253 = DIRECTION ( 'NONE',  ( 0.000000000000000000, 0.000000000000000000, 1.000000000000000000 ) ) ;
#254 = LINE ( 'NONE', #269, #2315 ) ;
#255 = ORIENTED_EDGE ( 'NONE', *, *, #797, .T. ) ;
#256 = EDGE_LOOP ( 'NONE', ( #397, #664, #973, #2073, #281, #1286 ) ) ;
#257 = CYLINDRICAL_SURFACE ( 'NONE', #567, 0.1499999999999999667 ) ;
#258 = VECTOR ( 'NONE', #1232, 1000.000000000000000 ) ;
#259 = DIRECTION ( 'NONE',  ( -1.649872871173593843E-16, 1.000000000000000000, 0.000000000000000000 ) ) ;
#260 = EDGE_LOOP ( 'NONE', ( #1715, #2454, #149, #1542 ) ) ;
#261 = EDGE_CURVE ( 'NONE', #2068, #1355, #287, .T. ) ;
#262 = EDGE_CURVE ( 'NONE', #2155, #40, #99, .T. ) ;
#263 = VERTEX_POINT ( 'NONE', #2299 ) ;
#264 = AXIS2_PLACEMENT_3D ( 'NONE', #767, #1138, #1914 ) ;
#265 = FACE_OUTER_BOUND ( 'NONE', #2470, .T. ) ;
#266 = VECTOR ( 'NONE', #2405, 1000.000000000000000 ) ;
#267 = VECTOR ( 'NONE', #1733, 1000.000000000000000 ) ;
#268 = LINE ( 'NONE', #2561, #946 ) ;
#269 = CARTESIAN_POINT ( 'NONE',  ( -2.820648239771855970, 4.200000000000000178, 0.1500000000000000500 ) ) ;
#270 = ORIENTED_EDGE ( 'NONE', *, *, #2031, .T. ) ;
#271 = CARTESIAN_POINT ( 'NONE',  ( 1.750000000000000000, 5.149747468305832854, 1.750000000000000222 ) ) ;
#272 = FILL_AREA_STYLE_COLOUR ( '', #1274 ) ;
#273 = STYLED_ITEM ( 'NONE', ( #1736 ), #72 ) ;
#274 = ADVANCED_FACE ( 'NONE', ( #2079 ), #123, .F. ) ;
#275 = FACE_OUTER_BOUND ( 'NONE', #2024, .T. ) ;
#276 = EDGE_CURVE ( 'NONE', #2524, #887, #1700, .T. ) ;
#277 = EDGE_LOOP ( 'NONE', ( #1807, #467, #27, #1234, #87 ) ) ;
#278 = VECTOR ( 'NONE', #774, 1000.000000000000000 ) ;
#279 = DIRECTION ( 'NONE',  ( 1.000000000000000000, 0.000000000000000000, 0.000000000000000000 ) ) ;
#280 = CIRCLE ( 'NONE', #2211, 0.02000000000000005246 ) ;
#281 = ORIENTED_EDGE ( 'NONE', *, *, #939, .F. ) ;
#282 = CARTESIAN_POINT ( 'NONE',  ( 3.500000000000000000, 2.120000000000000995, 1.199999999999999956 ) ) ;
#283 = DIRECTION ( 'NONE',  ( 1.000000000000000000, -0.000000000000000000, -0.000000000000000000 ) ) ;
#284 = EDGE_LOOP ( 'NONE', ( #2142, #1218, #1648, #1416 ) ) ;
#285 = ORIENTED_EDGE ( 'NONE', *, *, #1615, .F. ) ;
#286 = CARTESIAN_POINT ( 'NONE',  ( 3.500000000000000000, 0.1299999999999997546, 3.798557292037257227 ) ) ;
#287 = LINE ( 'NONE', #485, #475 ) ;
#288 = CARTESIAN_POINT ( 'NONE',  ( -3.500000000000000000, 2.250000000000000888, 1.199999999999999956 ) ) ;
#289 = VERTEX_POINT ( 'NONE', #712 ) ;
#290 = CARTESIAN_POINT ( 'NONE',  ( 3.200000000000000178, 2.120000000000000995, -1.199999999999999956 ) ) ;
#291 = DIRECTION ( 'NONE',  ( -0.000000000000000000, -1.000000000000000000, 0.000000000000000000 ) ) ;
#292 = EDGE_CURVE ( 'NONE', #20, #1069, #1893, .T. ) ;
#293 = EDGE_CURVE ( 'NONE', #827, #2436, #137, .T. ) ;
#294 = ORIENTED_EDGE ( 'NONE', *, *, #980, .F. ) ;
#295 = DIRECTION ( 'NONE',  ( -1.000000000000000000, 0.000000000000000000, 0.000000000000000000 ) ) ;
#296 = LINE ( 'NONE', #2263, #814 ) ;
#297 = CARTESIAN_POINT ( 'NONE',  ( -2.820648239771855970, 4.200000000000000178, 0.1500000000000000500 ) ) ;
#298 = PLANE ( 'NONE',  #1094 ) ;
#299 = DIRECTION ( 'NONE',  ( -1.000000000000000000, 0.000000000000000000, 0.000000000000000000 ) ) ;
#300 = EDGE_CURVE ( 'NONE', #2298, #2531, #1675, .T. ) ;
#301 = ORIENTED_EDGE ( 'NONE', *, *, #300, .F. ) ;
#302 = AXIS2_PLACEMENT_3D ( 'NONE', #557, #158, #1359 ) ;
#303 = LINE ( 'NONE', #1667, #2397 ) ;
#304 = CARTESIAN_POINT ( 'NONE',  ( -2.694774639163657337, 4.200000000000000178, -0.005421480722349773101 ) ) ;
#305 = VECTOR ( 'NONE', #1089, 1000.000000000000114 ) ;
#306 = ORIENTED_EDGE ( 'NONE', *, *, #1090, .T. ) ;
#307 = CARTESIAN_POINT ( 'NONE',  ( 3.200000000000000178, 2.250000000000000888, -1.199999999999999956 ) ) ;
#308 = CARTESIAN_POINT ( 'NONE',  ( 3.500000000000000000, -1.897353801849632760E-16, 1.199999999999999734 ) ) ;
#309 = VERTEX_POINT ( 'NONE', #1269 ) ;
#310 = FACE_OUTER_BOUND ( 'NONE', #1992, .T. ) ;
#311 = CARTESIAN_POINT ( 'NONE',  ( 3.500000000000000000, 2.250000000000000888, -1.199999999999999956 ) ) ;
#312 = ORIENTED_EDGE ( 'NONE', *, *, #614, .T. ) ;
#313 = PRODUCT_CONTEXT ( 'NONE', #5, 'mechanical' ) ;
#314 = ORIENTED_EDGE ( 'NONE', *, *, #1042, .F. ) ;
#315 = VECTOR ( 'NONE', #1785, 1000.000000000000000 ) ;
#316 = DIRECTION ( 'NONE',  ( -0.000000000000000000, -1.000000000000000000, -0.000000000000000000 ) ) ;
#317 = CARTESIAN_POINT ( 'NONE',  ( -3.500000000000000000, 2.250000000000000000, 2.149999999999999911 ) ) ;
#318 = ORIENTED_EDGE ( 'NONE', *, *, #1238, .T. ) ;
#319 = ORIENTED_EDGE ( 'NONE', *, *, #2530, .F. ) ;
#320 = DIRECTION ( 'NONE',  ( 0.000000000000000000, 1.000000000000000000, 0.000000000000000000 ) ) ;
#321 = DIRECTION ( 'NONE',  ( -0.000000000000000000, -1.000000000000000000, 0.000000000000000000 ) ) ;
#322 = DIRECTION ( 'NONE',  ( 0.7057575568079518247, 0.7057575568079518247, 0.06174578541844913393 ) ) ;
#323 = CARTESIAN_POINT ( 'NONE',  ( -2.820648239771855970, 4.200000000000000178, -1.920648239771855836 ) ) ;
#324 = EDGE_CURVE ( 'NONE', #1609, #2032, #2290, .T. ) ;
#325 = ADVANCED_FACE ( 'NONE', ( #921 ), #685, .F. ) ;
#326 = ORIENTED_EDGE ( 'NONE', *, *, #127, .T. ) ;
#327 = CARTESIAN_POINT ( 'NONE',  ( 3.320648239771855526, 0.1999999999999996503, 1.970648239771855881 ) ) ;
#328 = DIRECTION ( 'NONE',  ( -0.000000000000000000, -0.000000000000000000, -1.000000000000000000 ) ) ;
#329 = FACE_OUTER_BOUND ( 'NONE', #78, .T. ) ;
#330 = PLANE ( 'NONE',  #1322 ) ;
#331 = DIRECTION ( 'NONE',  ( 4.898554769411236643E-16, 0.000000000000000000, 1.000000000000000000 ) ) ;
#332 = DIRECTION ( 'NONE',  ( -0.000000000000000000, -0.000000000000000000, -1.000000000000000000 ) ) ;
#333 = CIRCLE ( 'NONE', #2394, 0.02000000000000005246 ) ;
#334 = ORIENTED_EDGE ( 'NONE', *, *, #2480, .F. ) ;
#335 = FACE_OUTER_BOUND ( 'NONE', #854, .T. ) ;
#336 = FACE_OUTER_BOUND ( 'NONE', #765, .T. ) ;
#337 = VECTOR ( 'NONE', #1058, 1000.000000000000000 ) ;
#338 = VECTOR ( 'NONE', #2420, 1000.000000000000000 ) ;
#339 = CARTESIAN_POINT ( 'NONE',  ( -3.500000000000000000, 2.120000000000000995, 1.199999999999999734 ) ) ;
#340 = FACE_OUTER_BOUND ( 'NONE', #1311, .T. ) ;
#341 = ORIENTED_EDGE ( 'NONE', *, *, #2310, .F. ) ;
#342 = VERTEX_POINT ( 'NONE', #1711 ) ;
#343 = DIRECTION ( 'NONE',  ( -0.000000000000000000, -0.000000000000000000, 1.000000000000000000 ) ) ;
#344 = DIRECTION ( 'NONE',  ( 0.000000000000000000, 1.000000000000000000, 0.000000000000000000 ) ) ;
#345 = EDGE_CURVE ( 'NONE', #2456, #356, #1884, .T. ) ;
#346 = ORIENTED_EDGE ( 'NONE', *, *, #578, .T. ) ;
#347 = ADVANCED_FACE ( 'NONE', ( #673 ), #1065, .T. ) ;
#348 = EDGE_CURVE ( 'NONE', #2552, #1036, #2478, .T. ) ;
#349 = COLOUR_RGB ( '',0.7921568627450980005, 0.8196078431372548767, 0.9333333333333333481 ) ;
#350 = DIRECTION ( 'NONE',  ( -0.000000000000000000, -1.000000000000000000, -0.000000000000000000 ) ) ;
#351 = LINE ( 'NONE', #577, #177 ) ;
#352 = AXIS2_PLACEMENT_3D ( 'NONE', #95, #881, #1869 ) ;
#353 = FACE_OUTER_BOUND ( 'NONE', #2493, .T. ) ;
#354 = CARTESIAN_POINT ( 'NONE',  ( -3.520000000000000018, 1.699999999999997957, 3.798557292037257227 ) ) ;
#355 = VECTOR ( 'NONE', #2314, 1000.000000000000000 ) ;
#356 = VERTEX_POINT ( 'NONE', #1662 ) ;
#357 = DIRECTION ( 'NONE',  ( 1.000000000000000000, 0.000000000000000000, -0.000000000000000000 ) ) ;
#358 = CARTESIAN_POINT ( 'NONE',  ( -2.568901038555458705, 4.299999999999999822, -0.1499999999999999667 ) ) ;
#359 = LINE ( 'NONE', #2318, #2286 ) ;
#360 = ORIENTED_EDGE ( 'NONE', *, *, #215, .F. ) ;
#361 = CARTESIAN_POINT ( 'NONE',  ( 3.488626473741629486, 2.120000000000000995, 1.199999999999999956 ) ) ;
#362 = AXIS2_PLACEMENT_3D ( 'NONE', #1235, #2169, #2015 ) ;
#363 = DIRECTION ( 'NONE',  ( 4.898554769411236643E-16, 0.000000000000000000, 1.000000000000000000 ) ) ;
#364 = CIRCLE ( 'NONE', #1799, 0.02000000000000005246 ) ;
#365 = VERTEX_POINT ( 'NONE', #2452 ) ;
#366 = LINE ( 'NONE', #1162, #2126 ) ;
#367 = EDGE_CURVE ( 'NONE', #1970, #140, #236, .T. ) ;
#368 = ADVANCED_FACE ( 'NONE', ( #310 ), #1092, .T. ) ;
#369 = DIRECTION ( 'NONE',  ( 0.000000000000000000, 0.000000000000000000, 1.000000000000000000 ) ) ;
#370 = ORIENTED_EDGE ( 'NONE', *, *, #961, .F. ) ;
#371 = ORIENTED_EDGE ( 'NONE', *, *, #2092, .F. ) ;
#372 = DIRECTION ( 'NONE',  ( 0.000000000000000000, 0.000000000000000000, 1.000000000000000000 ) ) ;
#373 = DIRECTION ( 'NONE',  ( 1.000000000000000000, 0.000000000000000000, -0.000000000000000000 ) ) ;
#374 = DIRECTION ( 'NONE',  ( 0.000000000000000000, 0.000000000000000000, 1.000000000000000000 ) ) ;
#375 = ORIENTED_EDGE ( 'NONE', *, *, #477, .F. ) ;
#376 = VECTOR ( 'NONE', #2442, 1000.000000000000000 ) ;
#377 = CYLINDRICAL_SURFACE ( 'NONE', #1937, 0.2000000000000000389 ) ;
#378 = LINE ( 'NONE', #1943, #2406 ) ;
#379 = ADVANCED_FACE ( 'NONE', ( #176, #760 ), #546, .F. ) ;
#380 = EDGE_LOOP ( 'NONE', ( #936, #534, #502, #115 ) ) ;
#381 = DIRECTION ( 'NONE',  ( 0.000000000000000000, 0.000000000000000000, 1.000000000000000000 ) ) ;
#382 = DIRECTION ( 'NONE',  ( -0.000000000000000000, -0.000000000000000000, 1.000000000000000000 ) ) ;
#383 = VECTOR ( 'NONE', #2112, 1000.000000000000000 ) ;
#384 = VERTEX_POINT ( 'NONE', #585 ) ;
#385 = VERTEX_POINT ( 'NONE', #971 ) ;
#386 = DIRECTION ( 'NONE',  ( 0.000000000000000000, -0.000000000000000000, -1.000000000000000000 ) ) ;
#387 = AXIS2_PLACEMENT_3D ( 'NONE', #2084, #1303, #680 ) ;
#388 = DIRECTION ( 'NONE',  ( -0.000000000000000000, -0.000000000000000000, -1.000000000000000000 ) ) ;
#389 = ORIENTED_EDGE ( 'NONE', *, *, #261, .F. ) ;
#390 = ORIENTED_EDGE ( 'NONE', *, *, #993, .T. ) ;
#391 = DIRECTION ( 'NONE',  ( 0.000000000000000000, -1.000000000000000000, -0.000000000000000000 ) ) ;
#392 = DIRECTION ( 'NONE',  ( -0.000000000000000000, -0.000000000000000000, -1.000000000000000000 ) ) ;
#393 = DIRECTION ( 'NONE',  ( 1.221292832023147927E-31, -1.971276677246361412E-16, -1.000000000000000000 ) ) ;
#394 = DIRECTION ( 'NONE',  ( 0.08682659386424761150, -0.9924325091389669673, 0.08682659386424761150 ) ) ;
#395 = AXIS2_PLACEMENT_3D ( 'NONE', #113, #893, #2104 ) ;
#396 = ORIENTED_EDGE ( 'NONE', *, *, #1797, .F. ) ;
#397 = ORIENTED_EDGE ( 'NONE', *, *, #2282, .T. ) ;
#398 = DIRECTION ( 'NONE',  ( -1.000000000000000000, -0.000000000000000000, -0.000000000000000000 ) ) ;
#399 = CARTESIAN_POINT ( 'NONE',  ( -2.568901038555458705, 4.200000000000000178, 0.1499999999999999667 ) ) ;
#400 = ORIENTED_EDGE ( 'NONE', *, *, #2510, .F. ) ;
#401 = EDGE_CURVE ( 'NONE', #2537, #1319, #2156, .T. ) ;
#402 = EDGE_CURVE ( 'NONE', #1110, #1429, #1155, .T. ) ;
#403 = EDGE_CURVE ( 'NONE', #2032, #238, #934, .T. ) ;
#404 = ORIENTED_EDGE ( 'NONE', *, *, #2249, .T. ) ;
#405 = DIRECTION ( 'NONE',  ( -0.000000000000000000, -0.000000000000000000, -1.000000000000000000 ) ) ;
#406 = CARTESIAN_POINT ( 'NONE',  ( -2.350000000000000089, 0.1299999999999999212, 1.199999999999999734 ) ) ;
#407 = FACE_OUTER_BOUND ( 'NONE', #2168, .T. ) ;
#408 = AXIS2_PLACEMENT_3D ( 'NONE', #2308, #952, #940 ) ;
#409 = CLOSED_SHELL ( 'NONE', ( #1258, #629, #1632, #2078, #660, #1529, #715 ) ) ;
#410 = EDGE_LOOP ( 'NONE', ( #1808, #1288, #2212, #730 ) ) ;
#411 = DIRECTION ( 'NONE',  ( -1.000000000000000000, 0.000000000000000000, 0.000000000000000000 ) ) ;
#412 = LINE ( 'NONE', #1349, #2409 ) ;
#413 = ORIENTED_EDGE ( 'NONE', *, *, #990, .T. ) ;
#414 = ADVANCED_FACE ( 'NONE', ( #1758 ), #1331, .F. ) ;
#415 = PLANE ( 'NONE',  #2173 ) ;
#416 = VERTEX_POINT ( 'NONE', #1732 ) ;
#417 = CARTESIAN_POINT ( 'NONE',  ( -2.820648239771855970, 4.299999999999999822, -0.1499999999999999389 ) ) ;
#418 = VECTOR ( 'NONE', #36, 1000.000000000000000 ) ;
#419 = FACE_OUTER_BOUND ( 'NONE', #1677, .T. ) ;
#420 = ORIENTED_EDGE ( 'NONE', *, *, #1449, .F. ) ;
#421 = LINE ( 'NONE', #2224, #1340 ) ;
#422 = DIRECTION ( 'NONE',  ( 0.000000000000000000, 1.000000000000000000, 0.000000000000000000 ) ) ;
#423 = ORIENTED_EDGE ( 'NONE', *, *, #2253, .F. ) ;
#424 = AXIS2_PLACEMENT_3D ( 'NONE', #590, #405, #1203 ) ;
#425 = AXIS2_PLACEMENT_3D ( 'NONE', #148, #2513, #1222 ) ;
#426 = CARTESIAN_POINT ( 'NONE',  ( -2.694774639163657337, 4.200000000000000178, -0.005421480722349773101 ) ) ;
#427 = ORIENTED_EDGE ( 'NONE', *, *, #533, .T. ) ;
#428 = CARTESIAN_POINT ( 'NONE',  ( 3.500000000000000000, 0.1299999999999997546, -1.199999999999999956 ) ) ;
#429 = FACE_OUTER_BOUND ( 'NONE', #1605, .T. ) ;
#430 = CARTESIAN_POINT ( 'NONE',  ( -3.200000000000000178, 2.120000000000000995, -1.199999999999999956 ) ) ;
#431 = DIRECTION ( 'NONE',  ( -0.9961946980917455452, -0.08715574274765820750, 0.000000000000000000 ) ) ;
#432 = EDGE_CURVE ( 'NONE', #356, #40, #1935, .T. ) ;
#433 = ORIENTED_EDGE ( 'NONE', *, *, #1238, .F. ) ;
#434 = ORIENTED_EDGE ( 'NONE', *, *, #1719, .F. ) ;
#435 = CARTESIAN_POINT ( 'NONE',  ( -2.694774639163657337, 4.200000000000000178, 0.005421480722349813000 ) ) ;
#436 = CARTESIAN_POINT ( 'NONE',  ( -2.694774639163657337, 4.200000000000000178, 0.005421480722349813000 ) ) ;
#437 = ORIENTED_EDGE ( 'NONE', *, *, #530, .T. ) ;
#438 = ORIENTED_EDGE ( 'NONE', *, *, #1508, .F. ) ;
#439 = AXIS2_PLACEMENT_3D ( 'NONE', #426, #1405, #835 ) ;
#440 = ORIENTED_EDGE ( 'NONE', *, *, #1170, .F. ) ;
#441 = DIRECTION ( 'NONE',  ( -1.000000000000000000, -0.000000000000000000, -0.000000000000000000 ) ) ;
#442 = CARTESIAN_POINT ( 'NONE',  ( -3.500000000000000000, 0.1299999999999997546, 3.798557292037257227 ) ) ;
#443 = DIRECTION ( 'NONE',  ( 0.000000000000000000, 0.000000000000000000, 1.000000000000000000 ) ) ;
#444 = EDGE_CURVE ( 'NONE', #1517, #1423, #2327, .T. ) ;
#445 = ORIENTED_EDGE ( 'NONE', *, *, #367, .F. ) ;
#446 = EDGE_CURVE ( 'NONE', #1868, #2068, #161, .T. ) ;
#447 = DIRECTION ( 'NONE',  ( 1.000000000000000000, 0.000000000000000000, 0.000000000000000000 ) ) ;
#448 = PLANE ( 'NONE',  #1282 ) ;
#449 = VERTEX_POINT ( 'NONE', #2527 ) ;
#450 = EDGE_LOOP ( 'NONE', ( #2515, #1775, #1447, #38 ) ) ;
#451 = CARTESIAN_POINT ( 'NONE',  ( -2.568901038555458261, 4.200000000000000178, 1.920648239771855836 ) ) ;
#452 = CARTESIAN_POINT ( 'NONE',  ( 3.500000000000000000, 2.250000000000000888, 3.798557292037257227 ) ) ;
#453 = EDGE_CURVE ( 'NONE', #1301, #1337, #1527, .T. ) ;
#454 = DIRECTION ( 'NONE',  ( -1.000000000000000000, 0.000000000000000000, -0.000000000000000000 ) ) ;
#455 = VERTEX_POINT ( 'NONE', #957 ) ;
#456 = CARTESIAN_POINT ( 'NONE',  ( 3.520000000000000018, 2.100000000000000533, 3.798557292037257227 ) ) ;
#457 = EDGE_CURVE ( 'NONE', #1906, #365, #1130, .T. ) ;
#458 = CARTESIAN_POINT ( 'NONE',  ( 3.200000000000000178, 2.120000000000000995, -1.199999999999999956 ) ) ;
#459 = CARTESIAN_POINT ( 'NONE',  ( 3.649999999999999911, 2.100000000000000533, 3.798557292037257227 ) ) ;
#460 = AXIS2_PLACEMENT_3D ( 'NONE', #716, #1513, #1219 ) ;
#461 = AXIS2_PLACEMENT_3D ( 'NONE', #133, #512, #1709 ) ;
#462 = ORIENTED_EDGE ( 'NONE', *, *, #1357, .T. ) ;
#463 =( LENGTH_UNIT ( ) NAMED_UNIT ( * ) SI_UNIT ( .MILLI., .METRE. ) );
#464 = AXIS2_PLACEMENT_3D ( 'NONE', #1332, #1378, #2118 ) ;
#465 = CARTESIAN_POINT ( 'NONE',  ( 3.500000000000000000, 2.250000000000000888, 3.798557292037257227 ) ) ;
#466 = DIRECTION ( 'NONE',  ( 1.000000000000000000, 0.000000000000000000, 0.000000000000000000 ) ) ;
#467 = ORIENTED_EDGE ( 'NONE', *, *, #2136, .F. ) ;
#468 = ORIENTED_EDGE ( 'NONE', *, *, #262, .T. ) ;
#469 = LINE ( 'NONE', #569, #1385 ) ;
#470 = ORIENTED_EDGE ( 'NONE', *, *, #2120, .T. ) ;
#471 = FILL_AREA_STYLE ('',( #272 ) ) ;
#472 = ORIENTED_EDGE ( 'NONE', *, *, #734, .F. ) ;
#473 = LINE ( 'NONE', #1003, #315 ) ;
#474 = CARTESIAN_POINT ( 'NONE',  ( -3.200000000000000178, 2.120000000000000995, -1.199999999999999956 ) ) ;
#475 = VECTOR ( 'NONE', #1862, 1000.000000000000114 ) ;
#476 = EDGE_LOOP ( 'NONE', ( #521, #2433, #1820, #681 ) ) ;
#477 = EDGE_CURVE ( 'NONE', #289, #1225, #803, .T. ) ;
#478 = ADVANCED_FACE ( 'NONE', ( #560 ), #2368, .T. ) ;
#479 = LINE ( 'NONE', #1678, #337 ) ;
#480 = LINE ( 'NONE', #1253, #914 ) ;
#481 = ORIENTED_EDGE ( 'NONE', *, *, #1134, .F. ) ;
#482 = LINE ( 'NONE', #2089, #18 ) ;
#483 = CYLINDRICAL_SURFACE ( 'NONE', #249, 0.2000000000000000389 ) ;
#484 = EDGE_LOOP ( 'NONE', ( #2046, #2414, #1952, #244 ) ) ;
#485 = CARTESIAN_POINT ( 'NONE',  ( -3.500000000000000000, 2.250000000000000000, 1.199999999999999956 ) ) ;
#486 = VECTOR ( 'NONE', #219, 1000.000000000000000 ) ;
#487 = PLANE ( 'NONE',  #1586 ) ;
#488 = ADVANCED_FACE ( 'NONE', ( #1544 ), #1348, .T. ) ;
#489 = LINE ( 'NONE', #2055, #1601 ) ;
#490 = SURFACE_STYLE_USAGE ( .BOTH. , #1665 ) ;
#491 = LINE ( 'NONE', #1489, #497 ) ;
#492 = PLANE ( 'NONE',  #387 ) ;
#493 = VERTEX_POINT ( 'NONE', #1361 ) ;
#494 = DIRECTION ( 'NONE',  ( 0.000000000000000000, -1.000000000000000000, 0.000000000000000000 ) ) ;
#495 = DIRECTION ( 'NONE',  ( -6.195440985631454085E-17, 0.000000000000000000, -1.000000000000000000 ) ) ;
#496 = MECHANICAL_DESIGN_GEOMETRIC_PRESENTATION_REPRESENTATION (  '', ( #1612 ), #780 ) ;
#497 = VECTOR ( 'NONE', #2057, 1000.000000000000000 ) ;
#498 = CARTESIAN_POINT ( 'NONE',  ( 3.500000000000000000, 2.100000000000000533, -1.199999999999999956 ) ) ;
#499 = PLANE ( 'NONE',  #2245 ) ;
#500 = ORIENTED_EDGE ( 'NONE', *, *, #2543, .F. ) ;
#501 = VECTOR ( 'NONE', #2293, 1000.000000000000000 ) ;
#502 = ORIENTED_EDGE ( 'NONE', *, *, #2362, .T. ) ;
#503 = AXIS2_PLACEMENT_3D ( 'NONE', #782, #2309, #188 ) ;
#504 = DIRECTION ( 'NONE',  ( -0.000000000000000000, -1.000000000000000000, -0.000000000000000000 ) ) ;
#505 = EDGE_CURVE ( 'NONE', #1703, #263, #1167, .T. ) ;
#506 = DIRECTION ( 'NONE',  ( -0.000000000000000000, -0.000000000000000000, 1.000000000000000000 ) ) ;
#507 = ORIENTED_EDGE ( 'NONE', *, *, #861, .F. ) ;
#508 = MECHANICAL_DESIGN_GEOMETRIC_PRESENTATION_REPRESENTATION (  '', ( #1577 ), #1501 ) ;
#509 = ORIENTED_EDGE ( 'NONE', *, *, #886, .F. ) ;
#510 = FACE_OUTER_BOUND ( 'NONE', #785, .T. ) ;
#511 = EDGE_CURVE ( 'NONE', #2375, #449, #2208, .T. ) ;
#512 = DIRECTION ( 'NONE',  ( -0.000000000000000000, 0.000000000000000000, 1.000000000000000000 ) ) ;
#513 = CARTESIAN_POINT ( 'NONE',  ( -0.7232363983804166452, 6.441156173154402254, -1.783321347782295119 ) ) ;
#514 = DIRECTION ( 'NONE',  ( -0.000000000000000000, -0.000000000000000000, -1.000000000000000000 ) ) ;
#515 = ORIENTED_EDGE ( 'NONE', *, *, #821, .F. ) ;
#516 = AXIS2_PLACEMENT_3D ( 'NONE', #2401, #1598, #1639 ) ;
#517 = CARTESIAN_POINT ( 'NONE',  ( -2.568901038555458705, 4.200000000000000178, -0.1499999999999999667 ) ) ;
#518 = DIRECTION ( 'NONE',  ( 1.239088197126291063E-16, -0.000000000000000000, 1.000000000000000000 ) ) ;
#519 = AXIS2_PLACEMENT_3D ( 'NONE', #435, #829, #1823 ) ;
#520 = ORIENTED_EDGE ( 'NONE', *, *, #959, .F. ) ;
#521 = ORIENTED_EDGE ( 'NONE', *, *, #160, .F. ) ;
#522 = CARTESIAN_POINT ( 'NONE',  ( -2.568901038555459149, 4.200000000000000178, -1.920648239771855836 ) ) ;
#523 = CARTESIAN_POINT ( 'NONE',  ( -3.364392571534817744, 3.800000000000000266, -2.149999999999999911 ) ) ;
#524 = EDGE_CURVE ( 'NONE', #1129, #1693, #2564, .T. ) ;
#525 = DIRECTION ( 'NONE',  ( -0.000000000000000000, -0.000000000000000000, -1.000000000000000000 ) ) ;
#526 = PLANE ( 'NONE',  #967 ) ;
#527 = VERTEX_POINT ( 'NONE', #1990 ) ;
#528 = FACE_OUTER_BOUND ( 'NONE', #410, .T. ) ;
#529 = LINE ( 'NONE', #185, #836 ) ;
#530 = EDGE_CURVE ( 'NONE', #903, #633, #195, .T. ) ;
#531 = DIRECTION ( 'NONE',  ( -0.000000000000000000, -0.000000000000000000, -1.000000000000000000 ) ) ;
#532 = CARTESIAN_POINT ( 'NONE',  ( -3.200000000000000178, 2.120000000000000995, 3.798557292037257227 ) ) ;
#534 = ORIENTED_EDGE ( 'NONE', *, *, #180, .T. ) ;
#533 = EDGE_CURVE ( 'NONE', #493, #1751, #280, .T. ) ;
#535 = CARTESIAN_POINT ( 'NONE',  ( -3.500000000000000000, 2.120000000000000995, 1.199999999999999734 ) ) ;
#536 = CARTESIAN_POINT ( 'NONE',  ( -3.520000000000000018, 0.1499999999999997724, 0.4999999999999995559 ) ) ;
#537 = EDGE_CURVE ( 'NONE', #1579, #1562, #855, .T. ) ;
#538 = PRESENTATION_LAYER_ASSIGNMENT (  '', '', ( #1201 ) ) ;
#539 = ORIENTED_EDGE ( 'NONE', *, *, #769, .F. ) ;
#540 = LINE ( 'NONE', #167, #1655 ) ;
#541 = CARTESIAN_POINT ( 'NONE',  ( -3.200000000000000178, 2.120000000000000995, 1.199999999999999734 ) ) ;
#542 = AXIS2_PLACEMENT_3D ( 'NONE', #1450, #2220, #7 ) ;
#543 = LINE ( 'NONE', #2152, #1838 ) ;
#544 = PLANE ( 'NONE',  #2528 ) ;
#545 = EDGE_LOOP ( 'NONE', ( #2481, #2103, #649, #1388 ) ) ;
#546 = PLANE ( 'NONE',  #104 ) ;
#547 = DIRECTION ( 'NONE',  ( 0.000000000000000000, 1.000000000000000000, 0.000000000000000000 ) ) ;
#548 = MECHANICAL_DESIGN_GEOMETRIC_PRESENTATION_REPRESENTATION (  '', ( #273 ), #101 ) ;
#549 = EDGE_CURVE ( 'NONE', #1741, #1919, #1976, .T. ) ;
#550 = EDGE_CURVE ( 'NONE', #1380, #2524, #1052, .T. ) ;
#551 = VERTEX_POINT ( 'NONE', #2412 ) ;
#552 = ADVANCED_FACE ( 'NONE', ( #1607 ), #634, .F. ) ;
#553 = LINE ( 'NONE', #565, #2146 ) ;
#554 = CARTESIAN_POINT ( 'NONE',  ( 2.350000000000000089, 0.1299999999999999212, 3.798557292037257227 ) ) ;
#555 = LINE ( 'NONE', #719, #1145 ) ;
#556 = VECTOR ( 'NONE', #332, 1000.000000000000000 ) ;
#557 = CARTESIAN_POINT ( 'NONE',  ( -3.200000000000000178, 2.250000000000000888, -1.199999999999999956 ) ) ;
#558 = VERTEX_POINT ( 'NONE', #1646 ) ;
#559 = ORIENTED_EDGE ( 'NONE', *, *, #930, .T. ) ;
#560 = FACE_OUTER_BOUND ( 'NONE', #725, .T. ) ;
#561 = PLANE ( 'NONE',  #1628 ) ;
#562 = FILL_AREA_STYLE_COLOUR ( '', #1007 ) ;
#563 = EDGE_CURVE ( 'NONE', #385, #2367, #421, .T. ) ;
#564 = ORIENTED_EDGE ( 'NONE', *, *, #2510, .T. ) ;
#565 = CARTESIAN_POINT ( 'NONE',  ( -2.350000000000000089, 0.000000000000000000, 1.199999999999999734 ) ) ;
#566 = CARTESIAN_POINT ( 'NONE',  ( 3.520000000000000018, 0.1499999999999997724, 1.199999999999999734 ) ) ;
#567 = AXIS2_PLACEMENT_3D ( 'NONE', #1795, #621, #411 ) ;
#568 = ORIENTED_EDGE ( 'NONE', *, *, #46, .F. ) ;
#569 = CARTESIAN_POINT ( 'NONE',  ( -2.820648239771855970, 4.299999999999999822, -1.920648239771855836 ) ) ;
#570 = LINE ( 'NONE', #354, #1246 ) ;
#571 = VERTEX_POINT ( 'NONE', #1016 ) ;
#572 = CARTESIAN_POINT ( 'NONE',  ( -3.650000000000001243, 2.250000000000000888, 0.4999999999999997780 ) ) ;
#573 = DIRECTION ( 'NONE',  ( 0.000000000000000000, 1.000000000000000000, -0.000000000000000000 ) ) ;
#574 = CARTESIAN_POINT ( 'NONE',  ( -3.500000000000000000, 2.250000000000000000, -2.149999999999999911 ) ) ;
#575 = ORIENTED_EDGE ( 'NONE', *, *, #1844, .F. ) ;
#576 = DIRECTION ( 'NONE',  ( -0.000000000000000000, -0.000000000000000000, -1.000000000000000000 ) ) ;
#577 = CARTESIAN_POINT ( 'NONE',  ( -3.500000000000000000, 2.250000000000000888, -1.199999999999999956 ) ) ;
#578 = EDGE_CURVE ( 'NONE', #1804, #558, #239, .T. ) ;
#579 = LINE ( 'NONE', #1179, #1920 ) ;
#580 = DIRECTION ( 'NONE',  ( -0.000000000000000000, -0.000000000000000000, -1.000000000000000000 ) ) ;
#581 = VECTOR ( 'NONE', #2283, 1000.000000000000000 ) ;
#582 = EDGE_CURVE ( 'NONE', #1342, #1879, #2005, .T. ) ;
#583 = ORIENTED_EDGE ( 'NONE', *, *, #2418, .F. ) ;
#584 = ADVANCED_FACE ( 'NONE', ( #802, #2214, #1212 ), #2434, .T. ) ;
#585 = CARTESIAN_POINT ( 'NONE',  ( -3.520000000000000018, 0.1499999999999997724, 1.199999999999999734 ) ) ;
#586 = PLANE ( 'NONE',  #464 ) ;
#587 = ORIENTED_EDGE ( 'NONE', *, *, #1025, .T. ) ;
#588 = VECTOR ( 'NONE', #1561, 1000.000000000000000 ) ;
#589 = ORIENTED_EDGE ( 'NONE', *, *, #655, .F. ) ;
#590 = CARTESIAN_POINT ( 'NONE',  ( -3.500000000000000000, 2.100000000000000533, 3.798557292037257227 ) ) ;
#591 = CARTESIAN_POINT ( 'NONE',  ( 3.500000000000000000, 2.100000000000000533, -1.199999999999999956 ) ) ;
#592 = PRESENTATION_LAYER_ASSIGNMENT (  '', '', ( #273 ) ) ;
#593 = DIRECTION ( 'NONE',  ( -0.000000000000000000, -0.000000000000000000, 1.000000000000000000 ) ) ;
#594 = FACE_OUTER_BOUND ( 'NONE', #2060, .T. ) ;
#595 = AXIS2_PLACEMENT_3D ( 'NONE', #1093, #138, #1321 ) ;
#596 = ORIENTED_EDGE ( 'NONE', *, *, #2449, .F. ) ;
#597 = DIRECTION ( 'NONE',  ( 0.000000000000000000, -1.000000000000000000, 0.000000000000000000 ) ) ;
#598 = CARTESIAN_POINT ( 'NONE',  ( -3.649999999999999911, 2.100000000000000533, 3.798557292037257227 ) ) ;
#599 = ORIENTED_EDGE ( 'NONE', *, *, #886, .T. ) ;
#600 = DIRECTION ( 'NONE',  ( 1.000000000000000000, 0.000000000000000000, 0.000000000000000000 ) ) ;
#601 = ORIENTED_EDGE ( 'NONE', *, *, #748, .F. ) ;
#602 = FACE_OUTER_BOUND ( 'NONE', #1852, .T. ) ;
#603 = FILL_AREA_STYLE ('',( #1524 ) ) ;
#604 = LINE ( 'NONE', #1412, #1081 ) ;
#605 = ORIENTED_EDGE ( 'NONE', *, *, #2422, .F. ) ;
#606 = ADVANCED_FACE ( 'NONE', ( #2198 ), #257, .T. ) ;
#607 = ORIENTED_EDGE ( 'NONE', *, *, #505, .T. ) ;
#608 = CARTESIAN_POINT ( 'NONE',  ( -2.820648239771855970, 4.200000000000000178, -1.920648239771855836 ) ) ;
#609 = PLANE ( 'NONE',  #51 ) ;
#610 = ORIENTED_EDGE ( 'NONE', *, *, #910, .F. ) ;
#611 =( LENGTH_UNIT ( ) NAMED_UNIT ( * ) SI_UNIT ( .MILLI., .METRE. ) );
#612 = EDGE_CURVE ( 'NONE', #263, #2240, #896, .T. ) ;
#613 = EDGE_LOOP ( 'NONE', ( #2081, #1366, #575, #423 ) ) ;
#614 = EDGE_CURVE ( 'NONE', #2107, #231, #69, .T. ) ;
#615 = CARTESIAN_POINT ( 'NONE',  ( 3.499999999999999556, 2.250000000000000000, -2.149999999999999911 ) ) ;
#616 = DIRECTION ( 'NONE',  ( -1.000000000000000000, -0.000000000000000000, -0.000000000000000000 ) ) ;
#617 = SURFACE_STYLE_FILL_AREA ( #603 ) ;
#618 = FACE_OUTER_BOUND ( 'NONE', #545, .T. ) ;
#619 = ORIENTED_EDGE ( 'NONE', *, *, #1067, .F. ) ;
#620 = ORIENTED_EDGE ( 'NONE', *, *, #1103, .T. ) ;
#621 = DIRECTION ( 'NONE',  ( -0.000000000000000000, -0.000000000000000000, -1.000000000000000000 ) ) ;
#622 = ORIENTED_EDGE ( 'NONE', *, *, #1025, .F. ) ;
#623 = VERTEX_POINT ( 'NONE', #816 ) ;
#624 = AXIS2_PLACEMENT_3D ( 'NONE', #2059, #518, #1100 ) ;
#625 = VERTEX_POINT ( 'NONE', #608 ) ;
#626 = ORIENTED_EDGE ( 'NONE', *, *, #550, .T. ) ;
#627 = DIRECTION ( 'NONE',  ( 0.000000000000000000, 0.000000000000000000, -1.000000000000000000 ) ) ;
#628 = CARTESIAN_POINT ( 'NONE',  ( -3.520000000000000018, 1.699999999999997957, -0.5000000000000002220 ) ) ;
#629 = ADVANCED_FACE ( 'NONE', ( #56 ), #246, .T. ) ;
#630 = ADVANCED_FACE ( 'NONE', ( #2425 ), #647, .F. ) ;
#631 = CARTESIAN_POINT ( 'NONE',  ( -3.500000000000000000, -1.897353801849632760E-16, 1.199999999999999734 ) ) ;
#632 = CARTESIAN_POINT ( 'NONE',  ( -2.568901038555459149, 4.200000000000000178, -1.920648239771855836 ) ) ;
#633 = VERTEX_POINT ( 'NONE', #1197 ) ;
#634 = PLANE ( 'NONE',  #2463 ) ;
#635 = DIRECTION ( 'NONE',  ( 0.9961946980917455452, -0.08715574274765820750, 0.000000000000000000 ) ) ;
#636 = ORIENTED_EDGE ( 'NONE', *, *, #401, .T. ) ;
#637 = AXIS2_PLACEMENT_3D ( 'NONE', #498, #1471, #1283 ) ;
#638 = SURFACE_STYLE_FILL_AREA ( #1435 ) ;
#639 = VECTOR ( 'NONE', #2516, 1000.000000000000000 ) ;
#640 = EDGE_CURVE ( 'NONE', #1376, #1395, #82, .T. ) ;
#641 = VERTEX_POINT ( 'NONE', #2262 ) ;
#642 = DIRECTION ( 'NONE',  ( -1.000000000000000000, 0.000000000000000000, 0.000000000000000000 ) ) ;
#643 = EDGE_LOOP ( 'NONE', ( #2003, #420, #876, #319, #2266, #30, #1479, #2246, #371, #2250, #445, #2186 ) ) ;
#644 = DIRECTION ( 'NONE',  ( 0.000000000000000000, 0.000000000000000000, 1.000000000000000000 ) ) ;
#645 = DIRECTION ( 'NONE',  ( -0.000000000000000000, -0.000000000000000000, -1.000000000000000000 ) ) ;
#646 = ORIENTED_EDGE ( 'NONE', *, *, #505, .F. ) ;
#647 = PLANE ( 'NONE',  #1881 ) ;
#648 = PRESENTATION_STYLE_ASSIGNMENT (( #234 ) ) ;
#649 = ORIENTED_EDGE ( 'NONE', *, *, #2257, .F. ) ;
#650 = DIRECTION ( 'NONE',  ( -0.000000000000000000, 1.000000000000000000, -0.000000000000000000 ) ) ;
#651 = ORIENTED_EDGE ( 'NONE', *, *, #848, .T. ) ;
#652 = FILL_AREA_STYLE_COLOUR ( '', #1 ) ;
#653 = DIRECTION ( 'NONE',  ( -1.000000000000000000, 0.000000000000000000, 0.000000000000000000 ) ) ;
#654 = CARTESIAN_POINT ( 'NONE',  ( -3.649999999999999911, 2.100000000000000533, 1.199999999999999734 ) ) ;
#655 = EDGE_CURVE ( 'NONE', #1868, #1187, #1654, .T. ) ;
#656 = AXIS2_PLACEMENT_3D ( 'NONE', #1596, #1053, #2016 ) ;
#657 = VERTEX_POINT ( 'NONE', #2462 ) ;
#658 = DIRECTION ( 'NONE',  ( 4.898554769411236643E-16, 0.000000000000000000, 1.000000000000000000 ) ) ;
#659 = CARTESIAN_POINT ( 'NONE',  ( -2.694774639163657337, 4.299999999999999822, 0.1945785192776502692 ) ) ;
#660 = ADVANCED_FACE ( 'NONE', ( #868 ), #670, .T. ) ;
#661 = EDGE_CURVE ( 'NONE', #2411, #1879, #2486, .T. ) ;
#662 = CARTESIAN_POINT ( 'NONE',  ( 3.500000000000000000, 0.1299999999999997546, -1.199999999999999956 ) ) ;
#663 = VECTOR ( 'NONE', #363, 1000.000000000000000 ) ;
#664 = ORIENTED_EDGE ( 'NONE', *, *, #848, .F. ) ;
#665 = AXIS2_PLACEMENT_3D ( 'NONE', #711, #321, #919 ) ;
#666 = CARTESIAN_POINT ( 'NONE',  ( 3.320648239771855526, 4.299999999999999822, -1.970648239771855881 ) ) ;
#667 = CARTESIAN_POINT ( 'NONE',  ( -2.820648239771855970, 4.299999999999999822, 0.1500000000000000500 ) ) ;
#668 = ORIENTED_EDGE ( 'NONE', *, *, #125, .F. ) ;
#669 = EDGE_CURVE ( 'NONE', #1301, #1391, #1882, .T. ) ;
#670 = PLANE ( 'NONE',  #2216 ) ;
#671 = CARTESIAN_POINT ( 'NONE',  ( 3.200000000000000178, 2.250000000000000888, -1.199999999999999956 ) ) ;
#672 = VECTOR ( 'NONE', #223, 1000.000000000000000 ) ;
#673 = FACE_OUTER_BOUND ( 'NONE', #998, .T. ) ;
#674 = DIRECTION ( 'NONE',  ( 0.000000000000000000, 0.000000000000000000, -1.000000000000000000 ) ) ;
#675 = AXIS2_PLACEMENT_3D ( 'NONE', #286, #1104, #1696 ) ;
#676 = LINE ( 'NONE', #688, #1268 ) ;
#677 = VECTOR ( 'NONE', #150, 1000.000000000000000 ) ;
#678 = ORIENTED_EDGE ( 'NONE', *, *, #444, .F. ) ;
#679 = DIRECTION ( 'NONE',  ( 0.08715574274765820750, -0.9961946980917455452, 0.000000000000000000 ) ) ;
#680 = DIRECTION ( 'NONE',  ( 0.000000000000000000, -0.000000000000000000, 1.000000000000000000 ) ) ;
#681 = ORIENTED_EDGE ( 'NONE', *, *, #1046, .F. ) ;
#682 = ORIENTED_EDGE ( 'NONE', *, *, #348, .T. ) ;
#683 = CARTESIAN_POINT ( 'NONE',  ( 3.488626473741629486, 2.120000000000000995, -1.199999999999999734 ) ) ;
#684 = FACE_OUTER_BOUND ( 'NONE', #1899, .T. ) ;
#685 = PLANE ( 'NONE',  #2457 ) ;
#686 = DIRECTION ( 'NONE',  ( 0.000000000000000000, -0.000000000000000000, -1.000000000000000000 ) ) ;
#687 = EDGE_CURVE ( 'NONE', #1254, #1391, #482, .T. ) ;
#688 = CARTESIAN_POINT ( 'NONE',  ( 2.350000000000000089, 0.000000000000000000, -1.199999999999999956 ) ) ;
#689 = APPLICATION_PROTOCOL_DEFINITION ( 'draft international standard', 'automotive_design', 1998, #2255 ) ;
#690 = ADVANCED_FACE ( 'NONE', ( #510 ), #917, .T. ) ;
#691 = CARTESIAN_POINT ( 'NONE',  ( -2.820648239771855970, 4.299999999999999822, -0.1499999999999999389 ) ) ;
#692 = DIRECTION ( 'NONE',  ( -0.000000000000000000, -0.000000000000000000, -1.000000000000000000 ) ) ;
#693 = EDGE_CURVE ( 'NONE', #20, #455, #1255, .T. ) ;
#694 = ORIENTED_EDGE ( 'NONE', *, *, #1370, .F. ) ;
#695 = DIRECTION ( 'NONE',  ( -0.000000000000000000, -0.000000000000000000, -1.000000000000000000 ) ) ;
#696 = LINE ( 'NONE', #1495, #699 ) ;
#697 = LINE ( 'NONE', #908, #844 ) ;
#698 = DIRECTION ( 'NONE',  ( -0.000000000000000000, -0.000000000000000000, -1.000000000000000000 ) ) ;
#699 = VECTOR ( 'NONE', #1892, 1000.000000000000000 ) ;
#700 = ORIENTED_EDGE ( 'NONE', *, *, #153, .T. ) ;
#701 = CIRCLE ( 'NONE', #2064, 0.02000000000000005246 ) ;
#702 = DIRECTION ( 'NONE',  ( -0.000000000000000000, -0.000000000000000000, 1.000000000000000000 ) ) ;
#703 = CARTESIAN_POINT ( 'NONE',  ( -3.500000000000000000, 2.250000000000000888, -1.199999999999999956 ) ) ;
#704 = EDGE_CURVE ( 'NONE', #1337, #88, #1075, .T. ) ;
#705 = EDGE_CURVE ( 'NONE', #1846, #1693, #2460, .T. ) ;
#706 = VERTEX_POINT ( 'NONE', #1671 ) ;
#707 = AXIS2_PLACEMENT_3D ( 'NONE', #2294, #2321, #1369 ) ;
#708 = ORIENTED_EDGE ( 'NONE', *, *, #324, .T. ) ;
#709 = DIRECTION ( 'NONE',  ( -0.000000000000000000, -0.000000000000000000, 1.000000000000000000 ) ) ;
#710 = AXIS2_PLACEMENT_3D ( 'NONE', #895, #2157, #1168 ) ;
#711 = CARTESIAN_POINT ( 'NONE',  ( -2.694774639163657337, 4.200000000000000178, -0.005421480722349773101 ) ) ;
#712 = CARTESIAN_POINT ( 'NONE',  ( -2.694774639163657337, 4.299999999999999822, 0.1945785192776502692 ) ) ;
#713 = CARTESIAN_POINT ( 'NONE',  ( -3.649999999999999911, 0.1499999999999997724, 1.199999999999999734 ) ) ;
#714 = VERTEX_POINT ( 'NONE', #683 ) ;
#715 = ADVANCED_FACE ( 'NONE', ( #329 ), #1481, .F. ) ;
#716 = CARTESIAN_POINT ( 'NONE',  ( 3.200000000000000178, 2.120000000000000995, 3.798557292037257227 ) ) ;
#717 = CARTESIAN_POINT ( 'NONE',  ( -3.200000000000000178, 2.250000000000000888, 1.199999999999999956 ) ) ;
#718 = ADVANCED_FACE ( 'NONE', ( #1708 ), #1506, .T. ) ;
#719 = CARTESIAN_POINT ( 'NONE',  ( -0.7232363983804166452, 6.441156173154402254, 1.783321347782295119 ) ) ;
#720 = PRODUCT_RELATED_PRODUCT_CATEGORY ( 'part', '', ( #2322 ) ) ;
#721 = DIRECTION ( 'NONE',  ( 0.08715574274765820750, 0.9961946980917455452, 0.000000000000000000 ) ) ;
#722 = ORIENTED_EDGE ( 'NONE', *, *, #1735, .F. ) ;
#723 = CARTESIAN_POINT ( 'NONE',  ( -2.332489661150379590, 1.699999999999998623, 0.4999999999999997780 ) ) ;
#724 = CARTESIAN_POINT ( 'NONE',  ( -3.500000000000000000, -1.897353801849632760E-16, 3.798557292037257227 ) ) ;
#725 = EDGE_LOOP ( 'NONE', ( #1182, #1526, #976, #2184, #2323, #2307, #270, #2354, #1451, #1476, #2223, #346 ) ) ;
#726 = CARTESIAN_POINT ( 'NONE',  ( -3.200000000000000178, 2.250000000000000888, -1.199999999999999956 ) ) ;
#727 = DIRECTION ( 'NONE',  ( -2.449277384705618321E-16, -0.000000000000000000, -1.000000000000000000 ) ) ;
#728 = DIRECTION ( 'NONE',  ( 0.000000000000000000, -1.000000000000000000, 0.000000000000000000 ) ) ;
#729 = CARTESIAN_POINT ( 'NONE',  ( 0.000000000000000000, 0.000000000000000000, 0.000000000000000000 ) ) ;
#730 = ORIENTED_EDGE ( 'NONE', *, *, #11, .F. ) ;
#731 = CARTESIAN_POINT ( 'NONE',  ( 3.500000000000000000, 0.1299999999999997546, 3.798557292037257227 ) ) ;
#732 = PLANE ( 'NONE',  #2237 ) ;
#733 = AXIS2_PLACEMENT_3D ( 'NONE', #436, #422, #2006 ) ;
#734 = EDGE_CURVE ( 'NONE', #1166, #1688, #1296, .T. ) ;
#735 = ADVANCED_FACE ( 'NONE', ( #1114 ), #1891, .F. ) ;
#736 = VECTOR ( 'NONE', #2458, 1000.000000000000000 ) ;
#737 = DIRECTION ( 'NONE',  ( -1.000000000000000000, 0.000000000000000000, 0.000000000000000000 ) ) ;
#738 = ORIENTED_EDGE ( 'NONE', *, *, #1122, .T. ) ;
#739 = LINE ( 'NONE', #1147, #1817 ) ;
#740 = LINE ( 'NONE', #145, #2277 ) ;
#741 = ORIENTED_EDGE ( 'NONE', *, *, #1090, .F. ) ;
#742 = VECTOR ( 'NONE', #1841, 1000.000000000000000 ) ;
#743 = ORIENTED_EDGE ( 'NONE', *, *, #1826, .F. ) ;
#744 = VECTOR ( 'NONE', #2432, 1000.000000000000000 ) ;
#745 = PLANE ( 'NONE',  #2256 ) ;
#746 = DIRECTION ( 'NONE',  ( 0.000000000000000000, -0.08715574274765820750, 0.9961946980917455452 ) ) ;
#747 = VERTEX_POINT ( 'NONE', #522 ) ;
#748 = EDGE_CURVE ( 'NONE', #231, #1101, #1062, .T. ) ;
#749 = EDGE_LOOP ( 'NONE', ( #2447, #515, #622, #2545 ) ) ;
#750 = CARTESIAN_POINT ( 'NONE',  ( -3.500000000000000000, 2.100000000000000533, 1.199999999999999956 ) ) ;
#751 = DIRECTION ( 'NONE',  ( -1.000000000000000000, 0.000000000000000000, 4.898554769411236643E-16 ) ) ;
#752 = ORIENTED_EDGE ( 'NONE', *, *, #661, .F. ) ;
#753 = CARTESIAN_POINT ( 'NONE',  ( -2.694774639163657337, 4.299999999999999822, 0.005421480722349813000 ) ) ;
#754 = CARTESIAN_POINT ( 'NONE',  ( -3.200000000000000178, 2.120000000000000995, 3.798557292037257227 ) ) ;
#755 = DIRECTION ( 'NONE',  ( -0.08682659386424761150, -0.9924325091389669673, -0.08682659386424761150 ) ) ;
#756 = PLANE ( 'NONE',  #302 ) ;
#757 = VECTOR ( 'NONE', #597, 1000.000000000000000 ) ;
#758 = ORIENTED_EDGE ( 'NONE', *, *, #128, .F. ) ;
#759 = ORIENTED_EDGE ( 'NONE', *, *, #852, .T. ) ;
#760 = FACE_OUTER_BOUND ( 'NONE', #1828, .T. ) ;
#761 = LINE ( 'NONE', #399, #2029 ) ;
#762 = DIRECTION ( 'NONE',  ( -1.000000000000000000, -1.649872871173593843E-16, 0.000000000000000000 ) ) ;
#763 = EDGE_CURVE ( 'NONE', #2086, #493, #1452, .T. ) ;
#764 = UNCERTAINTY_MEASURE_WITH_UNIT (LENGTH_MEASURE( 1.000000000000000082E-05 ), #1256, 'distance_accuracy_value', 'NONE');
#765 = EDGE_LOOP ( 'NONE', ( #2319, #1723, #626, #433 ) ) ;
#766 = FACE_OUTER_BOUND ( 'NONE', #808, .T. ) ;
#767 = CARTESIAN_POINT ( 'NONE',  ( -3.500000000000000000, 2.100000000000000533, -0.5000000000000004441 ) ) ;
#768 = VECTOR ( 'NONE', #2287, 1000.000000000000000 ) ;
#769 = EDGE_CURVE ( 'NONE', #1231, #1376, #469, .T. ) ;
#770 = ADVANCED_FACE ( 'NONE', ( #2114 ), #1139, .F. ) ;
#771 = DIRECTION ( 'NONE',  ( -0.000000000000000000, -0.000000000000000000, -1.000000000000000000 ) ) ;
#772 = CARTESIAN_POINT ( 'NONE',  ( -2.820648239771855970, 4.299999999999999822, -0.1499999999999999389 ) ) ;
#773 = ORIENTED_EDGE ( 'NONE', *, *, #453, .T. ) ;
#774 = DIRECTION ( 'NONE',  ( 1.000000000000000000, 0.000000000000000000, 0.000000000000000000 ) ) ;
#775 = FACE_OUTER_BOUND ( 'NONE', #1781, .T. ) ;
#776 = EDGE_LOOP ( 'NONE', ( #2357, #1650, #1056, #2 ) ) ;
#777 = VERTEX_POINT ( 'NONE', #1729 ) ;
#778 = DIRECTION ( 'NONE',  ( -0.000000000000000000, 0.000000000000000000, -1.000000000000000000 ) ) ;
#779 = DIRECTION ( 'NONE',  ( 1.000000000000000000, 0.000000000000000000, -0.000000000000000000 ) ) ;
#780 =( GEOMETRIC_REPRESENTATION_CONTEXT ( 3 ) GLOBAL_UNCERTAINTY_ASSIGNED_CONTEXT ( ( #764 ) ) GLOBAL_UNIT_ASSIGNED_CONTEXT ( ( #1256, #2398, #831 ) ) REPRESENTATION_CONTEXT ( 'NONE', 'WORKASPACE' ) );
#781 = DIRECTION ( 'NONE',  ( -0.08715574274765820750, 0.9961946980917455452, 0.000000000000000000 ) ) ;
#782 = CARTESIAN_POINT ( 'NONE',  ( 3.500000000000000000, 2.100000000000000533, 3.798557292037257227 ) ) ;
#783 = VECTOR ( 'NONE', #328, 1000.000000000000000 ) ;
#784 = EDGE_LOOP ( 'NONE', ( #911, #986, #1243, #2393 ) ) ;
#785 = EDGE_LOOP ( 'NONE', ( #1060, #1599, #1769, #2555 ) ) ;
#786 = CIRCLE ( 'NONE', #224, 0.2000000000000000389 ) ;
#787 = DIRECTION ( 'NONE',  ( 0.000000000000000000, 1.000000000000000000, 0.000000000000000000 ) ) ;
#788 = CIRCLE ( 'NONE', #2149, 0.1499999999999999667 ) ;
#789 = PLANE ( 'NONE',  #956 ) ;
#790 = EDGE_LOOP ( 'NONE', ( #620, #1710, #2217, #33 ) ) ;
#791 = VECTOR ( 'NONE', #178, 1000.000000000000000 ) ;
#792 = ORIENTED_EDGE ( 'NONE', *, *, #1154, .F. ) ;
#793 = CARTESIAN_POINT ( 'NONE',  ( 3.499999999999999556, 2.250000000000000000, 2.149999999999999911 ) ) ;
#794 = LINE ( 'NONE', #1383, #1164 ) ;
#795 = EDGE_CURVE ( 'NONE', #20, #60, #1540, .T. ) ;
#796 = LINE ( 'NONE', #1867, #783 ) ;
#797 = EDGE_CURVE ( 'NONE', #2411, #2155, #1300, .T. ) ;
#798 = VECTOR ( 'NONE', #2264, 1000.000000000000000 ) ;
#799 = ORIENTED_EDGE ( 'NONE', *, *, #2337, .T. ) ;
#800 = EDGE_CURVE ( 'NONE', #2289, #1415, #1742, .T. ) ;
#801 = ORIENTED_EDGE ( 'NONE', *, *, #262, .F. ) ;
#802 = FACE_OUTER_BOUND ( 'NONE', #57, .T. ) ;
#803 = CIRCLE ( 'NONE', #1017, 0.2000000000000000389 ) ;
#804 = LINE ( 'NONE', #2383, #1249 ) ;
#805 = ORIENTED_EDGE ( 'NONE', *, *, #1766, .T. ) ;
#806 = VECTOR ( 'NONE', #1637, 1000.000000000000000 ) ;
#807 = ORIENTED_EDGE ( 'NONE', *, *, #1591, .T. ) ;
#808 = EDGE_LOOP ( 'NONE', ( #326, #252, #1057, #2091 ) ) ;
#809 = CARTESIAN_POINT ( 'NONE',  ( 3.520000000000000018, 2.100000000000000533, 3.798557292037257227 ) ) ;
#810 = DIRECTION ( 'NONE',  ( -0.000000000000000000, -0.000000000000000000, -1.000000000000000000 ) ) ;
#811 = DIRECTION ( 'NONE',  ( 0.000000000000000000, 1.000000000000000000, 0.000000000000000000 ) ) ;
#812 = CARTESIAN_POINT ( 'NONE',  ( -3.488626473741629930, 2.120000000000000995, -0.5000000000000003331 ) ) ;
#813 = ORIENTED_EDGE ( 'NONE', *, *, #1814, .T. ) ;
#814 = VECTOR ( 'NONE', #112, 1000.000000000000000 ) ;
#815 = ORIENTED_EDGE ( 'NONE', *, *, #2253, .T. ) ;
#816 = CARTESIAN_POINT ( 'NONE',  ( -2.820648239771855970, 4.299999999999999822, -1.920648239771855836 ) ) ;
#817 = CARTESIAN_POINT ( 'NONE',  ( -3.500000000000000000, -1.897353801849632760E-16, 3.798557292037257227 ) ) ;
#818 = ORIENTED_EDGE ( 'NONE', *, *, #1358, .T. ) ;
#819 = DIRECTION ( 'NONE',  ( 0.000000000000000000, 1.000000000000000000, -0.000000000000000000 ) ) ;
#820 = EDGE_CURVE ( 'NONE', #2436, #1980, #170, .T. ) ;
#821 = EDGE_CURVE ( 'NONE', #1257, #2218, #366, .T. ) ;
#822 = ORIENTED_EDGE ( 'NONE', *, *, #1357, .F. ) ;
#823 = LINE ( 'NONE', #1382, #2187 ) ;
#824 = CARTESIAN_POINT ( 'NONE',  ( -1.750000000000000000, 0.000000000000000000, -1.749999999999999334 ) ) ;
#825 = CARTESIAN_POINT ( 'NONE',  ( -3.491131447285698464, 2.148631978625733296, -0.5000000000000003331 ) ) ;
#826 = PLANE ( 'NONE',  #134 ) ;
#827 = VERTEX_POINT ( 'NONE', #339 ) ;
#828 = ORIENTED_EDGE ( 'NONE', *, *, #1393, .F. ) ;
#829 = DIRECTION ( 'NONE',  ( -0.000000000000000000, -1.000000000000000000, -0.000000000000000000 ) ) ;
#830 = VECTOR ( 'NONE', #1727, 1000.000000000000000 ) ;
#831 =( NAMED_UNIT ( * ) SI_UNIT ( $, .STERADIAN. ) SOLID_ANGLE_UNIT ( ) );
#832 = ORIENTED_EDGE ( 'NONE', *, *, #1333, .T. ) ;
#833 = ADVANCED_FACE ( 'NONE', ( #353 ), #2499, .T. ) ;
#834 = VECTOR ( 'NONE', #2408, 1000.000000000000000 ) ;
#835 = DIRECTION ( 'NONE',  ( 0.000000000000000000, 0.000000000000000000, -1.000000000000000000 ) ) ;
#836 = VECTOR ( 'NONE', #1740, 1000.000000000000000 ) ;
#837 = ORIENTED_EDGE ( 'NONE', *, *, #661, .T. ) ;
#838 = CARTESIAN_POINT ( 'NONE',  ( -2.820648239771855081, 4.299999999999999822, 1.920648239771855836 ) ) ;
#839 = LINE ( 'NONE', #2194, #84 ) ;
#840 = DIRECTION ( 'NONE',  ( 0.000000000000000000, 1.000000000000000000, 0.000000000000000000 ) ) ;
#841 = ORIENTED_EDGE ( 'NONE', *, *, #2544, .T. ) ;
#842 = DIRECTION ( 'NONE',  ( 1.000000000000000000, 0.000000000000000000, -0.000000000000000000 ) ) ;
#843 = CARTESIAN_POINT ( 'NONE',  ( 1.750000000000000000, 0.000000000000000000, 1.750000000000000222 ) ) ;
#844 = VECTOR ( 'NONE', #1510, 1000.000000000000000 ) ;
#845 = LINE ( 'NONE', #1836, #2328 ) ;
#846 = VECTOR ( 'NONE', #709, 1000.000000000000000 ) ;
#847 = ORIENTED_EDGE ( 'NONE', *, *, #24, .T. ) ;
#848 = EDGE_CURVE ( 'NONE', #1301, #416, #543, .T. ) ;
#849 = ORIENTED_EDGE ( 'NONE', *, *, #669, .F. ) ;
#850 = CARTESIAN_POINT ( 'NONE',  ( -2.820648239771855970, 4.200000000000000178, 0.1500000000000000777 ) ) ;
#851 = LINE ( 'NONE', #1644, #744 ) ;
#852 = EDGE_CURVE ( 'NONE', #365, #1970, #579, .T. ) ;
#853 = ADVANCED_FACE ( 'NONE', ( #1315 ), #745, .F. ) ;
#854 = EDGE_LOOP ( 'NONE', ( #232, #1898, #2429, #564 ) ) ;
#855 = LINE ( 'NONE', #271, #2331 ) ;
#856 = DIRECTION ( 'NONE',  ( 1.000000000000000000, 0.000000000000000000, 0.000000000000000000 ) ) ;
#857 = PRODUCT_DEFINITION_SHAPE ( 'NONE', 'NONE',  #2469 ) ;
#858 = LINE ( 'NONE', #662, #1095 ) ;
#859 = ORIENTED_EDGE ( 'NONE', *, *, #401, .F. ) ;
#860 = FILL_AREA_STYLE ('',( #652 ) ) ;
#861 = EDGE_CURVE ( 'NONE', #641, #455, #555, .T. ) ;
#862 = ORIENTED_EDGE ( 'NONE', *, *, #2443, .F. ) ;
#863 = CARTESIAN_POINT ( 'NONE',  ( -3.500000000000000000, -1.897353801849632760E-16, -1.199999999999999956 ) ) ;
#864 = CARTESIAN_POINT ( 'NONE',  ( -3.500000000000000000, 2.120000000000000995, 1.199999999999999956 ) ) ;
#865 = VECTOR ( 'NONE', #811, 1000.000000000000000 ) ;
#866 = UNCERTAINTY_MEASURE_WITH_UNIT (LENGTH_MEASURE( 1.000000000000000082E-05 ), #2542, 'distance_accuracy_value', 'NONE');
#867 = VERTEX_POINT ( 'NONE', #2534 ) ;
#868 = FACE_OUTER_BOUND ( 'NONE', #1975, .T. ) ;
#869 = EDGE_LOOP ( 'NONE', ( #1912, #400, #139, #1011 ) ) ;
#870 = LINE ( 'NONE', #1657, #1894 ) ;
#871 = DIRECTION ( 'NONE',  ( -2.449277384705618321E-16, 0.000000000000000000, -1.000000000000000000 ) ) ;
#872 = FACE_OUTER_BOUND ( 'NONE', #869, .T. ) ;
#873 = ADVANCED_BREP_SHAPE_REPRESENTATION ( 'T543X687M2R5AHE006', ( #76, #143, #72, #1750, #906, #92 ), #2445 ) ;
#874 = CIRCLE ( 'NONE', #2312, 0.02000000000000005246 ) ;
#875 = ORIENTED_EDGE ( 'NONE', *, *, #1901, .T. ) ;
#876 = ORIENTED_EDGE ( 'NONE', *, *, #2362, .F. ) ;
#877 = DIRECTION ( 'NONE',  ( 1.000000000000000000, 0.000000000000000000, 0.000000000000000000 ) ) ;
#878 = LINE ( 'NONE', #1293, #2189 ) ;
#879 = ORIENTED_EDGE ( 'NONE', *, *, #687, .F. ) ;
#880 = ORIENTED_EDGE ( 'NONE', *, *, #1523, .T. ) ;
#881 = DIRECTION ( 'NONE',  ( -0.000000000000000000, -1.000000000000000000, 0.000000000000000000 ) ) ;
#882 = CARTESIAN_POINT ( 'NONE',  ( 3.499999999999999556, 2.250000000000000000, -1.199999999999999734 ) ) ;
#883 = ADVANCED_FACE ( 'NONE', ( #2338 ), #1553, .T. ) ;
#884 = CARTESIAN_POINT ( 'NONE',  ( -3.200000000000000178, 2.250000000000000888, -1.199999999999999956 ) ) ;
#885 = CARTESIAN_POINT ( 'NONE',  ( -3.500000000000000000, 0.1499999999999997724, 1.199999999999999734 ) ) ;
#886 = EDGE_CURVE ( 'NONE', #1319, #1294, #364, .T. ) ;
#887 = VERTEX_POINT ( 'NONE', #2350 ) ;
#888 = DIRECTION ( 'NONE',  ( -0.000000000000000000, 0.000000000000000000, 1.000000000000000000 ) ) ;
#889 = FACE_OUTER_BOUND ( 'NONE', #256, .T. ) ;
#890 = ORIENTED_EDGE ( 'NONE', *, *, #1670, .F. ) ;
#891 = CARTESIAN_POINT ( 'NONE',  ( -3.364392571534817744, 3.800000000000000266, -2.149999999999999911 ) ) ;
#892 = CARTESIAN_POINT ( 'NONE',  ( 3.500000000000000000, -1.897353801849632760E-16, -1.199999999999999956 ) ) ;
#893 = DIRECTION ( 'NONE',  ( 0.000000000000000000, 0.000000000000000000, 1.000000000000000000 ) ) ;
#894 = ORIENTED_EDGE ( 'NONE', *, *, #2500, .T. ) ;
#895 = CARTESIAN_POINT ( 'NONE',  ( 3.500000000000000000, 0.1499999999999997724, 1.199999999999999734 ) ) ;
#896 = CIRCLE ( 'NONE', #979, 0.1499999999999999667 ) ;
#897 = ORIENTED_EDGE ( 'NONE', *, *, #2366, .T. ) ;
#898 = ADVANCED_FACE ( 'NONE', ( #202 ), #1372, .F. ) ;
#899 = EDGE_CURVE ( 'NONE', #2086, #1493, #981, .T. ) ;
#900 = CARTESIAN_POINT ( 'NONE',  ( -3.491131447285698464, 2.148631978625733296, 0.4999999999999997780 ) ) ;
#901 = FACE_OUTER_BOUND ( 'NONE', #1483, .T. ) ;
#902 = ORIENTED_EDGE ( 'NONE', *, *, #2366, .F. ) ;
#903 = VERTEX_POINT ( 'NONE', #147 ) ;
#904 = CARTESIAN_POINT ( 'NONE',  ( -2.820648239771855970, 4.200000000000000178, -0.1499999999999999389 ) ) ;
#905 = CARTESIAN_POINT ( 'NONE',  ( -3.650000000000000799, 1.699999999999997735, 0.4999999999999997780 ) ) ;
#906 = MANIFOLD_SOLID_BREP ( 'Cut-Extrude4', #73 ) ;
#907 = CIRCLE ( 'NONE', #2139, 0.1999999999999999833 ) ;
#908 = CARTESIAN_POINT ( 'NONE',  ( 3.499999999999999556, 2.250000000000000000, -2.149999999999999911 ) ) ;
#909 = CARTESIAN_POINT ( 'NONE',  ( -2.694774639163657337, 4.200000000000000178, -0.005421480722349773101 ) ) ;
#910 = EDGE_CURVE ( 'NONE', #238, #1166, #907, .T. ) ;
#911 = ORIENTED_EDGE ( 'NONE', *, *, #2544, .F. ) ;
#912 = CIRCLE ( 'NONE', #2102, 0.1999999999999999833 ) ;
#913 = EDGE_CURVE ( 'NONE', #1323, #2537, #2391, .T. ) ;
#914 = VECTOR ( 'NONE', #1652, 1000.000000000000000 ) ;
#915 = DIRECTION ( 'NONE',  ( 0.000000000000000000, 0.000000000000000000, 1.000000000000000000 ) ) ;
#916 = DIRECTION ( 'NONE',  ( 1.000000000000000000, 0.000000000000000000, 0.000000000000000000 ) ) ;
#917 = PLANE ( 'NONE',  #1096 ) ;
#918 = VECTOR ( 'NONE', #1528, 1000.000000000000000 ) ;
#919 = DIRECTION ( 'NONE',  ( 0.000000000000000000, 0.000000000000000000, -1.000000000000000000 ) ) ;
#920 = ORIENTED_EDGE ( 'NONE', *, *, #511, .F. ) ;
#921 = FACE_OUTER_BOUND ( 'NONE', #1756, .T. ) ;
#922 = DIRECTION ( 'NONE',  ( -1.000000000000000000, 0.000000000000000000, 0.000000000000000000 ) ) ;
#923 = ORIENTED_EDGE ( 'NONE', *, *, #98, .F. ) ;
#924 = AXIS2_PLACEMENT_3D ( 'NONE', #909, #1701, #686 ) ;
#925 = AXIS2_PLACEMENT_3D ( 'NONE', #1484, #2505, #1298 ) ;
#926 = VECTOR ( 'NONE', #2389, 1000.000000000000000 ) ;
#927 = CARTESIAN_POINT ( 'NONE',  ( -3.200000000000000178, 2.120000000000000995, -1.199999999999999956 ) ) ;
#928 = CARTESIAN_POINT ( 'NONE',  ( 3.200000000000000178, 2.120000000000000995, -1.199999999999999956 ) ) ;
#929 = CARTESIAN_POINT ( 'NONE',  ( -2.694774639163657337, 4.200000000000000178, 0.005421480722349813000 ) ) ;
#930 = EDGE_CURVE ( 'NONE', #903, #1994, #839, .T. ) ;
#931 = EDGE_CURVE ( 'NONE', #342, #1757, #1818, .T. ) ;
#932 = CARTESIAN_POINT ( 'NONE',  ( -3.500000000000000000, 2.100000000000000533, 3.798557292037257227 ) ) ;
#933 = ORIENTED_EDGE ( 'NONE', *, *, #1205, .F. ) ;
#934 = LINE ( 'NONE', #2538, #196 ) ;
#935 = FACE_OUTER_BOUND ( 'NONE', #2158, .T. ) ;
#936 = ORIENTED_EDGE ( 'NONE', *, *, #578, .F. ) ;
#937 = DIRECTION ( 'NONE',  ( -0.000000000000000000, -0.000000000000000000, -1.000000000000000000 ) ) ;
#938 = CARTESIAN_POINT ( 'NONE',  ( -3.500000000000000000, 2.120000000000000995, -1.199999999999999956 ) ) ;
#939 = EDGE_CURVE ( 'NONE', #1760, #1031, #1603, .T. ) ;
#940 = DIRECTION ( 'NONE',  ( 0.000000000000000000, 0.000000000000000000, 1.000000000000000000 ) ) ;
#941 = FACE_OUTER_BOUND ( 'NONE', #613, .T. ) ;
#942 = VERTEX_POINT ( 'NONE', #1008 ) ;
#943 = ORIENTED_EDGE ( 'NONE', *, *, #1720, .F. ) ;
#944 = CARTESIAN_POINT ( 'NONE',  ( -2.694774639163657337, 4.299999999999999822, -0.005421480722349773101 ) ) ;
#945 = CARTESIAN_POINT ( 'NONE',  ( -3.520000000000000018, 2.100000000000000533, 1.199999999999999734 ) ) ;
#946 = VECTOR ( 'NONE', #781, 1000.000000000000114 ) ;
#947 = SURFACE_SIDE_STYLE ('',( #1350 ) ) ;
#948 = ORIENTED_EDGE ( 'NONE', *, *, #2558, .T. ) ;
#949 = DIRECTION ( 'NONE',  ( -2.449277384705618321E-16, 0.000000000000000000, -1.000000000000000000 ) ) ;
#950 = CARTESIAN_POINT ( 'NONE',  ( -3.500000000000000000, 2.250000000000000888, 1.199999999999999734 ) ) ;
#951 = VECTOR ( 'NONE', #1878, 1000.000000000000000 ) ;
#952 = DIRECTION ( 'NONE',  ( -0.000000000000000000, 1.000000000000000000, -0.000000000000000000 ) ) ;
#953 = FACE_OUTER_BOUND ( 'NONE', #450, .T. ) ;
#954 = AXIS2_PLACEMENT_3D ( 'NONE', #1339, #1960, #2123 ) ;
#955 = ORIENTED_EDGE ( 'NONE', *, *, #1393, .T. ) ;
#956 = AXIS2_PLACEMENT_3D ( 'NONE', #1390, #972, #1567 ) ;
#957 = CARTESIAN_POINT ( 'NONE',  ( -3.364392571534817744, 3.800000000000000266, 2.014392571534817211 ) ) ;
#958 = CARTESIAN_POINT ( 'NONE',  ( -2.350000000000000089, 0.1299999999999999212, 3.798557292037257227 ) ) ;
#959 = EDGE_CURVE ( 'NONE', #2086, #1342, #1973, .T. ) ;
#960 = FILL_AREA_STYLE ('',( #562 ) ) ;
#961 = EDGE_CURVE ( 'NONE', #1187, #551, #1024, .T. ) ;
#962 = ORIENTED_EDGE ( 'NONE', *, *, #1015, .T. ) ;
#963 = CARTESIAN_POINT ( 'NONE',  ( -2.568901038555459149, 4.200000000000000178, -1.920648239771855836 ) ) ;
#964 = CARTESIAN_POINT ( 'NONE',  ( -3.500000000000000000, 2.100000000000000533, -1.199999999999999956 ) ) ;
#965 = VECTOR ( 'NONE', #755, 1000.000000000000114 ) ;
#966 = DIRECTION ( 'NONE',  ( 0.000000000000000000, 0.08715574274765820750, 0.9961946980917455452 ) ) ;
#967 = AXIS2_PLACEMENT_3D ( 'NONE', #1299, #2517, #1519 ) ;
#968 = DIRECTION ( 'NONE',  ( 0.000000000000000000, 1.000000000000000000, 0.000000000000000000 ) ) ;
#969 = AXIS2_PLACEMENT_3D ( 'NONE', #2144, #386, #1950 ) ;
#970 = ORIENTED_EDGE ( 'NONE', *, *, #550, .F. ) ;
#971 = CARTESIAN_POINT ( 'NONE',  ( -2.568901038555458261, 4.299999999999999822, 1.920648239771855836 ) ) ;
#972 = DIRECTION ( 'NONE',  ( 0.000000000000000000, 0.08715574274765820750, -0.9961946980917455452 ) ) ;
#973 = ORIENTED_EDGE ( 'NONE', *, *, #669, .T. ) ;
#974 =( NAMED_UNIT ( * ) PLANE_ANGLE_UNIT ( ) SI_UNIT ( $, .RADIAN. ) );
#975 = EDGE_CURVE ( 'NONE', #1031, #1069, #2407, .T. ) ;
#976 = ORIENTED_EDGE ( 'NONE', *, *, #457, .T. ) ;
#977 = DIRECTION ( 'NONE',  ( 1.000000000000000000, 0.000000000000000000, -0.000000000000000000 ) ) ;
#978 = DIRECTION ( 'NONE',  ( 1.000000000000000000, 0.000000000000000000, 0.000000000000000000 ) ) ;
#979 = AXIS2_PLACEMENT_3D ( 'NONE', #1401, #2382, #28 ) ;
#980 = EDGE_CURVE ( 'NONE', #1021, #867, #1221, .T. ) ;
#981 = LINE ( 'NONE', #2100, #116 ) ;
#982 = DIRECTION ( 'NONE',  ( 0.000000000000000000, 0.000000000000000000, -1.000000000000000000 ) ) ;
#983 = ORIENTED_EDGE ( 'NONE', *, *, #2120, .F. ) ;
#984 = DIRECTION ( 'NONE',  ( 0.000000000000000000, 1.000000000000000000, 0.000000000000000000 ) ) ;
#985 = LINE ( 'NONE', #2529, #1251 ) ;
#986 = ORIENTED_EDGE ( 'NONE', *, *, #2337, .F. ) ;
#987 = SURFACE_STYLE_FILL_AREA ( #2174 ) ;
#988 = EDGE_CURVE ( 'NONE', #1627, #1741, #1999, .T. ) ;
#989 = ORIENTED_EDGE ( 'NONE', *, *, #110, .F. ) ;
#990 = EDGE_CURVE ( 'NONE', #1622, #1846, #1619, .T. ) ;
#991 = FACE_OUTER_BOUND ( 'NONE', #10, .T. ) ;
#992 = LINE ( 'NONE', #228, #1213 ) ;
#993 = EDGE_CURVE ( 'NONE', #1422, #1319, #6, .T. ) ;
#994 = DIRECTION ( 'NONE',  ( -0.08715574274765820750, 0.9961946980917455452, -1.963775374344738337E-16 ) ) ;
#995 = DIRECTION ( 'NONE',  ( -2.449277384705618321E-16, 0.000000000000000000, -1.000000000000000000 ) ) ;
#996 = VECTOR ( 'NONE', #937, 1000.000000000000000 ) ;
#997 = AXIS2_PLACEMENT_3D ( 'NONE', #1478, #1890, #1842 ) ;
#998 = EDGE_LOOP ( 'NONE', ( #2360, #2228, #2326, #109 ) ) ;
#999 = ORIENTED_EDGE ( 'NONE', *, *, #2443, .T. ) ;
#1000 = DIRECTION ( 'NONE',  ( 0.000000000000000000, 0.000000000000000000, 1.000000000000000000 ) ) ;
#1001 = CARTESIAN_POINT ( 'NONE',  ( -2.568901038555458261, 4.299999999999999822, 1.920648239771855836 ) ) ;
#1002 = VERTEX_POINT ( 'NONE', #1767 ) ;
#1003 = CARTESIAN_POINT ( 'NONE',  ( -2.568901038555459149, 4.200000000000000178, -1.920648239771855836 ) ) ;
#1004 = ORIENTED_EDGE ( 'NONE', *, *, #1508, .T. ) ;
#1005 = DIRECTION ( 'NONE',  ( 0.000000000000000000, 0.000000000000000000, -1.000000000000000000 ) ) ;
#1006 =( LENGTH_UNIT ( ) NAMED_UNIT ( * ) SI_UNIT ( .MILLI., .METRE. ) );
#1007 = COLOUR_RGB ( '',0.4862745098039215619, 0.2352941176470588203, 0.01568627450980392135 ) ;
#1008 = CARTESIAN_POINT ( 'NONE',  ( -3.650000000000001243, 2.100000000000000533, -0.5000000000000003331 ) ) ;
#1009 = CARTESIAN_POINT ( 'NONE',  ( -1.750000000000000000, 0.1999999999999996503, 1.750000000000000666 ) ) ;
#1010 = VECTOR ( 'NONE', #1827, 1000.000000000000000 ) ;
#1011 = ORIENTED_EDGE ( 'NONE', *, *, #800, .T. ) ;
#1012 = VECTOR ( 'NONE', #658, 1000.000000000000000 ) ;
#1013 = ADVANCED_FACE ( 'NONE', ( #2219 ), #2011, .F. ) ;
#1014 = VERTEX_POINT ( 'NONE', #2021 ) ;
#1015 = EDGE_CURVE ( 'NONE', #1868, #2232, #268, .T. ) ;
#1016 = CARTESIAN_POINT ( 'NONE',  ( -2.820648239771855970, 4.200000000000000178, 0.1500000000000000777 ) ) ;
#1017 = AXIS2_PLACEMENT_3D ( 'NONE', #944, #2117, #2355 ) ;
#1018 = ORIENTED_EDGE ( 'NONE', *, *, #1660, .F. ) ;
#1019 = ORIENTED_EDGE ( 'NONE', *, *, #1134, .T. ) ;
#1020 = FACE_OUTER_BOUND ( 'NONE', #1593, .T. ) ;
#1021 = VERTEX_POINT ( 'NONE', #1575 ) ;
#1022 = CARTESIAN_POINT ( 'NONE',  ( 3.200000000000000178, 2.120000000000000995, -1.199999999999999956 ) ) ;
#1023 = LINE ( 'NONE', #1984, #1043 ) ;
#1024 = LINE ( 'NONE', #430, #2437 ) ;
#1025 = EDGE_CURVE ( 'NONE', #1187, #1257, #1461, .T. ) ;
#1026 = LINE ( 'NONE', #1242, #834 ) ;
#1027 = ORIENTED_EDGE ( 'NONE', *, *, #655, .T. ) ;
#1028 = ORIENTED_EDGE ( 'NONE', *, *, #939, .T. ) ;
#1029 = DIRECTION ( 'NONE',  ( 0.000000000000000000, 0.000000000000000000, 1.000000000000000000 ) ) ;
#1030 = FACE_OUTER_BOUND ( 'NONE', #1360, .T. ) ;
#1031 = VERTEX_POINT ( 'NONE', #666 ) ;
#1032 = CARTESIAN_POINT ( 'NONE',  ( 3.649999999999999911, 0.1499999999999997724, 3.798557292037257227 ) ) ;
#1033 = ORIENTED_EDGE ( 'NONE', *, *, #1149, .F. ) ;
#1034 = DIRECTION ( 'NONE',  ( -0.000000000000000000, 1.000000000000000000, -0.000000000000000000 ) ) ;
#1035 = FACE_OUTER_BOUND ( 'NONE', #2311, .T. ) ;
#1036 = VERTEX_POINT ( 'NONE', #1099 ) ;
#1037 = CARTESIAN_POINT ( 'NONE',  ( -2.820648239771855970, 4.200000000000000178, 0.1500000000000000777 ) ) ;
#1038 = AXIS2_PLACEMENT_3D ( 'NONE', #1368, #1111, #1889 ) ;
#1039 = FACE_OUTER_BOUND ( 'NONE', #1087, .T. ) ;
#1040 = AXIS2_PLACEMENT_3D ( 'NONE', #523, #2503, #1516 ) ;
#1041 = LINE ( 'NONE', #1216, #2205 ) ;
#1042 = EDGE_CURVE ( 'NONE', #2240, #1323, #1070, .T. ) ;
#1043 = VECTOR ( 'NONE', #616, 1000.000000000000000 ) ;
#1044 = EDGE_LOOP ( 'NONE', ( #601, #1113, #1250, #799 ) ) ;
#1045 = EDGE_CURVE ( 'NONE', #1879, #1493, #1643, .T. ) ;
#1046 = EDGE_CURVE ( 'NONE', #657, #2201, #2047, .T. ) ;
#1047 = DIRECTION ( 'NONE',  ( -0.000000000000000000, -0.000000000000000000, -1.000000000000000000 ) ) ;
#1048 = VERTEX_POINT ( 'NONE', #1263 ) ;
#1049 = LINE ( 'NONE', #1302, #1406 ) ;
#1050 = DIRECTION ( 'NONE',  ( 0.000000000000000000, 0.000000000000000000, -1.000000000000000000 ) ) ;
#1051 = VERTEX_POINT ( 'NONE', #2259 ) ;
#1052 = LINE ( 'NONE', #1624, #806 ) ;
#1053 = DIRECTION ( 'NONE',  ( -0.000000000000000000, -1.000000000000000000, 0.000000000000000000 ) ) ;
#1054 = VECTOR ( 'NONE', #650, 1000.000000000000000 ) ;
#1055 = CARTESIAN_POINT ( 'NONE',  ( -3.649999999999999911, 0.1499999999999997724, 3.798557292037257227 ) ) ;
#1056 = ORIENTED_EDGE ( 'NONE', *, *, #612, .T. ) ;
#1057 = ORIENTED_EDGE ( 'NONE', *, *, #705, .F. ) ;
#1058 = DIRECTION ( 'NONE',  ( -1.000000000000000000, 0.000000000000000000, 0.000000000000000000 ) ) ;
#1059 = CARTESIAN_POINT ( 'NONE',  ( -1.749999999999999778, 0.1999999999999996503, -1.749999999999999334 ) ) ;
#1060 = ORIENTED_EDGE ( 'NONE', *, *, #640, .F. ) ;
#1061 = VERTEX_POINT ( 'NONE', #290 ) ;
#1062 = LINE ( 'NONE', #132, #1012 ) ;
#1063 = SURFACE_STYLE_FILL_AREA ( #471 ) ;
#1064 = ORIENTED_EDGE ( 'NONE', *, *, #2062, .F. ) ;
#1065 = CYLINDRICAL_SURFACE ( 'NONE', #1223, 0.2000000000000000389 ) ;
#1066 = PLANE ( 'NONE',  #1226 ) ;
#1067 = EDGE_CURVE ( 'NONE', #1254, #1839, #303, .T. ) ;
#1068 = ORIENTED_EDGE ( 'NONE', *, *, #1574, .T. ) ;
#1069 = VERTEX_POINT ( 'NONE', #1855 ) ;
#1070 = LINE ( 'NONE', #863, #2182 ) ;
#1071 = EDGE_CURVE ( 'NONE', #551, #2218, #1049, .T. ) ;
#1072 = VECTOR ( 'NONE', #1991, 1000.000000000000000 ) ;
#1073 = LINE ( 'NONE', #1706, #951 ) ;
#1074 = VERTEX_POINT ( 'NONE', #117 ) ;
#1075 = LINE ( 'NONE', #307, #1831 ) ;
#1076 = EDGE_CURVE ( 'NONE', #558, #309, #90, .T. ) ;
#1077 = CARTESIAN_POINT ( 'NONE',  ( 3.499999999999999556, 2.250000000000000000, 2.149999999999999911 ) ) ;
#1078 = CARTESIAN_POINT ( 'NONE',  ( -2.820648239771855970, 4.200000000000000178, -1.920648239771855836 ) ) ;
#1079 = DIRECTION ( 'NONE',  ( -0.000000000000000000, 0.000000000000000000, 1.000000000000000000 ) ) ;
#1080 = AXIS2_PLACEMENT_3D ( 'NONE', #1587, #391, #627 ) ;
#1081 = VECTOR ( 'NONE', #2210, 1000.000000000000000 ) ;
#1082 = ORIENTED_EDGE ( 'NONE', *, *, #2558, .F. ) ;
#1083 = AXIS2_PLACEMENT_3D ( 'NONE', #938, #1927, #2306 ) ;
#1084 = ORIENTED_EDGE ( 'NONE', *, *, #1289, .F. ) ;
#1085 = FACE_OUTER_BOUND ( 'NONE', #2082, .T. ) ;
#1086 = PLANE ( 'NONE',  #624 ) ;
#1087 = EDGE_LOOP ( 'NONE', ( #396, #1555, #1865, #2388, #822, #818, #226, #849 ) ) ;
#1088 = DIRECTION ( 'NONE',  ( 0.000000000000000000, -0.000000000000000000, -1.000000000000000000 ) ) ;
#1089 = DIRECTION ( 'NONE',  ( 0.08715574274765820750, 0.9961946980917455452, 0.000000000000000000 ) ) ;
#1090 = EDGE_CURVE ( 'NONE', #1641, #1562, #491, .T. ) ;
#1091 = ADVANCED_FACE ( 'NONE', ( #1085 ), #1448, .F. ) ;
#1092 = PLANE ( 'NONE',  #395 ) ;
#1093 = CARTESIAN_POINT ( 'NONE',  ( -3.500000000000000000, 0.1499999999999997724, 3.798557292037257227 ) ) ;
#1094 = AXIS2_PLACEMENT_3D ( 'NONE', #2479, #2252, #2067 ) ;
#1095 = VECTOR ( 'NONE', #2238, 1000.000000000000000 ) ;
#1096 = AXIS2_PLACEMENT_3D ( 'NONE', #904, #295, #1280 ) ;
#1097 = EDGE_LOOP ( 'NONE', ( #999, #983, #360, #1133 ) ) ;
#1098 = DIRECTION ( 'NONE',  ( 0.000000000000000000, 0.000000000000000000, 1.000000000000000000 ) ) ;
#1099 = CARTESIAN_POINT ( 'NONE',  ( -2.568901038555458705, 4.200000000000000178, 0.1499999999999999667 ) ) ;
#1100 = DIRECTION ( 'NONE',  ( 1.000000000000000000, 0.000000000000000000, -1.239088197126291063E-16 ) ) ;
#1101 = VERTEX_POINT ( 'NONE', #2268 ) ;
#1102 = ORIENTED_EDGE ( 'NONE', *, *, #1874, .T. ) ;
#1103 = EDGE_CURVE ( 'NONE', #88, #31, #1477, .T. ) ;
#1104 = DIRECTION ( 'NONE',  ( -1.649872871173593843E-16, -1.000000000000000000, 0.000000000000000000 ) ) ;
#1105 = LINE ( 'NONE', #882, #305 ) ;
#1106 = DIRECTION ( 'NONE',  ( -1.000000000000000000, -6.195440985631447429E-16, -0.000000000000000000 ) ) ;
#1107 = DIRECTION ( 'NONE',  ( 1.000000000000000000, 0.000000000000000000, 0.000000000000000000 ) ) ;
#1108 = VECTOR ( 'NONE', #1115, 1000.000000000000000 ) ;
#1109 = ORIENTED_EDGE ( 'NONE', *, *, #1844, .T. ) ;
#1110 = VERTEX_POINT ( 'NONE', #79 ) ;
#1111 = DIRECTION ( 'NONE',  ( 1.000000000000000000, -0.000000000000000000, 0.000000000000000000 ) ) ;
#1112 = CARTESIAN_POINT ( 'NONE',  ( -2.820648239771855081, 4.200000000000000178, 1.920648239771855836 ) ) ;
#1113 = ORIENTED_EDGE ( 'NONE', *, *, #614, .F. ) ;
#1114 = FACE_OUTER_BOUND ( 'NONE', #2088, .T. ) ;
#1115 = DIRECTION ( 'NONE',  ( -0.000000000000000000, -0.000000000000000000, -1.000000000000000000 ) ) ;
#1116 = CARTESIAN_POINT ( 'NONE',  ( -3.500000000000000000, 2.100000000000000533, 3.798557292037257227 ) ) ;
#1117 = LINE ( 'NONE', #311, #2207 ) ;
#1118 = ORIENTED_EDGE ( 'NONE', *, *, #1661, .T. ) ;
#1119 = EDGE_CURVE ( 'NONE', #571, #1225, #1273, .T. ) ;
#1120 = ORIENTED_EDGE ( 'NONE', *, *, #582, .T. ) ;
#1121 = AXIS2_PLACEMENT_3D ( 'NONE', #1722, #746, #1905 ) ;
#1122 = EDGE_CURVE ( 'NONE', #1980, #2411, #479, .T. ) ;
#1123 = EDGE_CURVE ( 'NONE', #1994, #1014, #1324, .T. ) ;
#1124 = CIRCLE ( 'NONE', #1941, 0.1499999999999999667 ) ;
#1125 = CARTESIAN_POINT ( 'NONE',  ( -2.820648239771855970, 4.200000000000000178, -0.1499999999999999389 ) ) ;
#1126 = FACE_OUTER_BOUND ( 'NONE', #1682, .T. ) ;
#1127 = DIRECTION ( 'NONE',  ( 0.000000000000000000, 0.000000000000000000, 1.000000000000000000 ) ) ;
#1128 = DIRECTION ( 'NONE',  ( -1.000000000000000000, 0.000000000000000000, 0.000000000000000000 ) ) ;
#1129 = VERTEX_POINT ( 'NONE', #2070 ) ;
#1130 = LINE ( 'NONE', #1556, #278 ) ;
#1131 = CARTESIAN_POINT ( 'NONE',  ( -2.694774639163657337, 4.200000000000000178, -0.005421480722349773101 ) ) ;
#1132 = PRESENTATION_LAYER_ASSIGNMENT (  '', '', ( #1173 ) ) ;
#1133 = ORIENTED_EDGE ( 'NONE', *, *, #125, .T. ) ;
#1134 = EDGE_CURVE ( 'NONE', #31, #1291, #1292, .T. ) ;
#1135 = CIRCLE ( 'NONE', #710, 0.1499999999999999667 ) ;
#1136 = VECTOR ( 'NONE', #2324, 1000.000000000000000 ) ;
#1137 = LINE ( 'NONE', #2546, #996 ) ;
#1138 = DIRECTION ( 'NONE',  ( 1.221292832023147927E-31, -1.971276677246361412E-16, -1.000000000000000000 ) ) ;
#1139 = PLANE ( 'NONE',  #1714 ) ;
#1140 = FACE_OUTER_BOUND ( 'NONE', #2557, .T. ) ;
#1141 = ORIENTED_EDGE ( 'NONE', *, *, #2031, .F. ) ;
#1142 = DIRECTION ( 'NONE',  ( 0.000000000000000000, -0.000000000000000000, 1.000000000000000000 ) ) ;
#1143 = LINE ( 'NONE', #2145, #791 ) ;
#1144 = DIRECTION ( 'NONE',  ( 1.000000000000000000, 0.000000000000000000, 0.000000000000000000 ) ) ;
#1145 = VECTOR ( 'NONE', #2124, 1000.000000000000114 ) ;
#1146 = ORIENTED_EDGE ( 'NONE', *, *, #292, .F. ) ;
#1147 = CARTESIAN_POINT ( 'NONE',  ( -1.750000000000000000, 0.1999999999999996503, 1.750000000000000666 ) ) ;
#1148 = LINE ( 'NONE', #1764, #588 ) ;
#1149 = EDGE_CURVE ( 'NONE', #623, #1994, #1252, .T. ) ;
#1150 = DIRECTION ( 'NONE',  ( -0.000000000000000000, 1.000000000000000000, -0.000000000000000000 ) ) ;
#1151 = CARTESIAN_POINT ( 'NONE',  ( -2.350000000000000089, 0.000000000000000000, 3.798557292037257227 ) ) ;
#1152 = ORIENTED_EDGE ( 'NONE', *, *, #1122, .F. ) ;
#1153 = ORIENTED_EDGE ( 'NONE', *, *, #24, .F. ) ;
#1154 = EDGE_CURVE ( 'NONE', #942, #1964, #2431, .T. ) ;
#1155 = LINE ( 'NONE', #1377, #677 ) ;
#1156 = CARTESIAN_POINT ( 'NONE',  ( -2.568901038555458705, 4.200000000000000178, 0.1499999999999999667 ) ) ;
#1157 =( LENGTH_UNIT ( ) NAMED_UNIT ( * ) SI_UNIT ( .MILLI., .METRE. ) );
#1158 = EDGE_LOOP ( 'NONE', ( #120, #879, #1698, #1614 ) ) ;
#1159 = CARTESIAN_POINT ( 'NONE',  ( -3.500000000000000000, 2.100000000000000533, -1.199999999999999956 ) ) ;
#1160 = DIRECTION ( 'NONE',  ( -0.000000000000000000, -0.000000000000000000, -1.000000000000000000 ) ) ;
#1161 = VECTOR ( 'NONE', #2022, 1000.000000000000000 ) ;
#1162 = CARTESIAN_POINT ( 'NONE',  ( -3.200000000000000178, 2.250000000000000888, -1.199999999999999956 ) ) ;
#1163 = DIRECTION ( 'NONE',  ( 0.000000000000000000, 0.000000000000000000, 1.000000000000000000 ) ) ;
#1164 = VECTOR ( 'NONE', #2390, 1000.000000000000114 ) ;
#1165 = ORIENTED_EDGE ( 'NONE', *, *, #276, .T. ) ;
#1166 = VERTEX_POINT ( 'NONE', #517 ) ;
#1167 = LINE ( 'NONE', #1770, #757 ) ;
#1168 = DIRECTION ( 'NONE',  ( 1.000000000000000000, 0.000000000000000000, 0.000000000000000000 ) ) ;
#1169 = ORIENTED_EDGE ( 'NONE', *, *, #2226, .T. ) ;
#1170 = EDGE_CURVE ( 'NONE', #2474, #1964, #2229, .T. ) ;
#1171 = EDGE_CURVE ( 'NONE', #1415, #385, #540, .T. ) ;
#1172 = FACE_OUTER_BOUND ( 'NONE', #790, .T. ) ;
#1173 = STYLED_ITEM ( 'NONE', ( #1954 ), #76 ) ;
#1174 = EDGE_LOOP ( 'NONE', ( #68, #2381, #370, #589 ) ) ;
#1175 = DIRECTION ( 'NONE',  ( -1.000000000000000000, 0.000000000000000000, -0.000000000000000000 ) ) ;
#1176 = VECTOR ( 'NONE', #871, 1000.000000000000000 ) ;
#1177 = FACE_OUTER_BOUND ( 'NONE', #1174, .T. ) ;
#1178 = VECTOR ( 'NONE', #1581, 1000.000000000000000 ) ;
#1179 = CARTESIAN_POINT ( 'NONE',  ( 3.500000000000000000, 2.120000000000000995, 3.798557292037257227 ) ) ;
#1180 = VECTOR ( 'NONE', #674, 1000.000000000000000 ) ;
#1181 = DIRECTION ( 'NONE',  ( 0.000000000000000000, -0.000000000000000000, 1.000000000000000000 ) ) ;
#1182 = ORIENTED_EDGE ( 'NONE', *, *, #160, .T. ) ;
#1183 = EDGE_CURVE ( 'NONE', #1609, #1231, #144, .T. ) ;
#1184 = ORIENTED_EDGE ( 'NONE', *, *, #959, .T. ) ;
#1185 = DIRECTION ( 'NONE',  ( 0.000000000000000000, 1.000000000000000000, 0.000000000000000000 ) ) ;
#1186 = CARTESIAN_POINT ( 'NONE',  ( 1.750000000000000000, 0.000000000000000000, 1.750000000000000222 ) ) ;
#1187 = VERTEX_POINT ( 'NONE', #927 ) ;
#1188 = ADVANCED_FACE ( 'NONE', ( #335 ), #1326, .F. ) ;
#1189 = LINE ( 'NONE', #2330, #2511 ) ;
#1190 = ORIENTED_EDGE ( 'NONE', *, *, #2310, .T. ) ;
#1191 = DIRECTION ( 'NONE',  ( 1.649872871173593843E-16, -1.000000000000000000, 0.000000000000000000 ) ) ;
#1192 = CLOSED_SHELL ( 'NONE', ( #1734, #690, #1394, #2159, #2175, #1774 ) ) ;
#1193 = LINE ( 'NONE', #1972, #2026 ) ;
#1194 = DIRECTION ( 'NONE',  ( 1.000000000000000000, 1.649872871173593843E-16, -0.000000000000000000 ) ) ;
#1195 = PLANE ( 'NONE',  #89 ) ;
#1196 = ORIENTED_EDGE ( 'NONE', *, *, #1071, .F. ) ;
#1197 = CARTESIAN_POINT ( 'NONE',  ( -2.568901038555458705, 4.200000000000000178, -0.1499999999999999667 ) ) ;
#1198 = LINE ( 'NONE', #1156, #267 ) ;
#1199 = ORIENTED_EDGE ( 'NONE', *, *, #2543, .T. ) ;
#1200 = PLANE ( 'NONE',  #2284 ) ;
#1201 = STYLED_ITEM ( 'NONE', ( #2178 ), #906 ) ;
#1202 = ORIENTED_EDGE ( 'NONE', *, *, #693, .T. ) ;
#1203 = DIRECTION ( 'NONE',  ( -1.000000000000000000, 0.000000000000000000, 0.000000000000000000 ) ) ;
#1204 = CARTESIAN_POINT ( 'NONE',  ( -2.568901038555458261, 4.200000000000000178, 1.920648239771855836 ) ) ;
#1205 = EDGE_CURVE ( 'NONE', #60, #2232, #1521, .T. ) ;
#1206 = EDGE_CURVE ( 'NONE', #1395, #1688, #912, .T. ) ;
#1207 = ORIENTED_EDGE ( 'NONE', *, *, #1486, .T. ) ;
#1208 = DIRECTION ( 'NONE',  ( 0.000000000000000000, -0.08715574274765820750, -0.9961946980917455452 ) ) ;
#1209 = AXIS2_PLACEMENT_3D ( 'NONE', #1564, #1163, #2339 ) ;
#1210 = ORIENTED_EDGE ( 'NONE', *, *, #324, .F. ) ;
#1211 = ORIENTED_EDGE ( 'NONE', *, *, #1205, .T. ) ;
#1212 = FACE_BOUND ( 'NONE', #1958, .T. ) ;
#1213 = VECTOR ( 'NONE', #50, 1000.000000000000000 ) ;
#1214 = CARTESIAN_POINT ( 'NONE',  ( -2.568901038555458261, 4.200000000000000178, 1.920648239771855836 ) ) ;
#1215 = ORIENTED_EDGE ( 'NONE', *, *, #457, .F. ) ;
#1216 = CARTESIAN_POINT ( 'NONE',  ( -3.447227998185530495, 2.853186740860796711, 2.097227998185530851 ) ) ;
#1217 = EDGE_CURVE ( 'NONE', #1002, #2340, #2494, .T. ) ;
#1218 = ORIENTED_EDGE ( 'NONE', *, *, #1813, .T. ) ;
#1219 = DIRECTION ( 'NONE',  ( 0.000000000000000000, -0.000000000000000000, 1.000000000000000000 ) ) ;
#1220 =( NAMED_UNIT ( * ) PLANE_ANGLE_UNIT ( ) SI_UNIT ( $, .RADIAN. ) );
#1221 = LINE ( 'NONE', #1805, #1317 ) ;
#1222 = DIRECTION ( 'NONE',  ( -1.000000000000000000, 1.649872871173593843E-16, 0.000000000000000000 ) ) ;
#1223 = AXIS2_PLACEMENT_3D ( 'NONE', #1872, #1850, #2052 ) ;
#1224 = ORIENTED_EDGE ( 'NONE', *, *, #77, .F. ) ;
#1225 = VERTEX_POINT ( 'NONE', #2508 ) ;
#1226 = AXIS2_PLACEMENT_3D ( 'NONE', #1851, #977, #778 ) ;
#1227 = DIRECTION ( 'NONE',  ( -1.221292832023147927E-31, 1.971276677246361412E-16, 1.000000000000000000 ) ) ;
#1228 = CARTESIAN_POINT ( 'NONE',  ( -3.500000000000000000, 2.100000000000000533, 1.199999999999999956 ) ) ;
#1229 = EDGE_LOOP ( 'NONE', ( #1794, #440, #500, #1549, #1436, #1184, #1949 ) ) ;
#1230 = CARTESIAN_POINT ( 'NONE',  ( -2.568901038555459149, 4.299999999999999822, -1.920648239771855836 ) ) ;
#1231 = VERTEX_POINT ( 'NONE', #1313 ) ;
#1232 = DIRECTION ( 'NONE',  ( -0.000000000000000000, -0.000000000000000000, -1.000000000000000000 ) ) ;
#1233 = CARTESIAN_POINT ( 'NONE',  ( -2.694774639163657337, 4.200000000000000178, 0.1945785192776502692 ) ) ;
#1234 = ORIENTED_EDGE ( 'NONE', *, *, #127, .F. ) ;
#1235 = CARTESIAN_POINT ( 'NONE',  ( 0.000000000000000000, 4.299999999999999822, 0.000000000000000000 ) ) ;
#1236 = DIRECTION ( 'NONE',  ( -0.08682659386424761150, 0.9924325091389669673, -0.08682659386424761150 ) ) ;
#1237 = EDGE_CURVE ( 'NONE', #1337, #1061, #2320, .T. ) ;
#1238 = EDGE_CURVE ( 'NONE', #1980, #2524, #1137, .T. ) ;
#1239 = ORIENTED_EDGE ( 'NONE', *, *, #293, .T. ) ;
#1240 = EDGE_LOOP ( 'NONE', ( #294, #1876, #2221, #2241 ) ) ;
#1241 = DIRECTION ( 'NONE',  ( 0.000000000000000000, -1.000000000000000000, 0.000000000000000000 ) ) ;
#1242 = CARTESIAN_POINT ( 'NONE',  ( 3.520000000000000018, 0.1499999999999997724, 3.798557292037257227 ) ) ;
#1243 = ORIENTED_EDGE ( 'NONE', *, *, #988, .T. ) ;
#1244 = DIRECTION ( 'NONE',  ( 1.000000000000000000, 0.000000000000000000, -0.000000000000000000 ) ) ;
#1245 = VECTOR ( 'NONE', #506, 1000.000000000000000 ) ;
#1246 = VECTOR ( 'NONE', #369, 1000.000000000000000 ) ;
#1247 = EDGE_CURVE ( 'NONE', #1583, #2298, #2520, .T. ) ;
#1248 = VECTOR ( 'NONE', #392, 1000.000000000000000 ) ;
#1249 = VECTOR ( 'NONE', #1236, 1000.000000000000114 ) ;
#1250 = ORIENTED_EDGE ( 'NONE', *, *, #2136, .T. ) ;
#1251 = VECTOR ( 'NONE', #1582, 1000.000000000000000 ) ;
#1252 = LINE ( 'NONE', #691, #1413 ) ;
#1253 = CARTESIAN_POINT ( 'NONE',  ( 3.499999999999999556, 2.250000000000000000, 2.149999999999999911 ) ) ;
#1254 = VERTEX_POINT ( 'NONE', #1926 ) ;
#1255 = LINE ( 'NONE', #891, #846 ) ;
#1256 =( LENGTH_UNIT ( ) NAMED_UNIT ( * ) SI_UNIT ( .MILLI., .METRE. ) );
#1257 = VERTEX_POINT ( 'NONE', #726 ) ;
#1258 = ADVANCED_FACE ( 'NONE', ( #766 ), #377, .F. ) ;
#1259 = LINE ( 'NONE', #1812, #2076 ) ;
#1260 = LINE ( 'NONE', #1408, #2040 ) ;
#1261 = EDGE_CURVE ( 'NONE', #238, #1395, #1560, .T. ) ;
#1262 = ORIENTED_EDGE ( 'NONE', *, *, #1183, .F. ) ;
#1263 = CARTESIAN_POINT ( 'NONE',  ( 3.649999999999999911, 0.1499999999999997724, 1.199999999999999734 ) ) ;
#1264 = CARTESIAN_POINT ( 'NONE',  ( -3.520000000000000018, 0.1499999999999997724, 3.798557292037257227 ) ) ;
#1265 = VERTEX_POINT ( 'NONE', #327 ) ;
#1266 = DIRECTION ( 'NONE',  ( 0.08682659386424761150, 0.9924325091389669673, -0.08682659386424761150 ) ) ;
#1267 = LINE ( 'NONE', #905, #1573 ) ;
#1268 = VECTOR ( 'NONE', #1312, 1000.000000000000000 ) ;
#1269 = CARTESIAN_POINT ( 'NONE',  ( 3.500000000000000000, 2.250000000000000888, -1.199999999999999956 ) ) ;
#1270 = FACE_OUTER_BOUND ( 'NONE', #1780, .T. ) ;
#1271 = LINE ( 'NONE', #1473, #156 ) ;
#1272 = PRESENTATION_STYLE_ASSIGNMENT (( #490 ) ) ;
#1273 = LINE ( 'NONE', #850, #376 ) ;
#1274 = COLOUR_RGB ( '',0.4862745098039215619, 0.2352941176470588203, 0.01568627450980392135 ) ;
#1275 = DIRECTION ( 'NONE',  ( -0.000000000000000000, -0.000000000000000000, -1.000000000000000000 ) ) ;
#1276 = EDGE_CURVE ( 'NONE', #2298, #2072, #739, .T. ) ;
#1277 = EDGE_CURVE ( 'NONE', #1757, #2504, #553, .T. ) ;
#1278 = VECTOR ( 'NONE', #1194, 1000.000000000000000 ) ;
#1279 = ORIENTED_EDGE ( 'NONE', *, *, #1558, .F. ) ;
#1280 = DIRECTION ( 'NONE',  ( 0.000000000000000000, 0.000000000000000000, 1.000000000000000000 ) ) ;
#1281 = DIRECTION ( 'NONE',  ( -0.000000000000000000, 1.000000000000000000, -0.000000000000000000 ) ) ;
#1282 = AXIS2_PLACEMENT_3D ( 'NONE', #817, #259, #2236 ) ;
#1283 = DIRECTION ( 'NONE',  ( 1.000000000000000000, 0.000000000000000000, 0.000000000000000000 ) ) ;
#1284 = DIRECTION ( 'NONE',  ( -0.000000000000000000, -0.000000000000000000, -1.000000000000000000 ) ) ;
#1285 = VECTOR ( 'NONE', #1275, 1000.000000000000000 ) ;
#1286 = ORIENTED_EDGE ( 'NONE', *, *, #1981, .T. ) ;
#1287 = VECTOR ( 'NONE', #4, 1000.000000000000000 ) ;
#1288 = ORIENTED_EDGE ( 'NONE', *, *, #300, .T. ) ;
#1289 = EDGE_CURVE ( 'NONE', #2461, #527, #874, .T. ) ;
#1290 = VECTOR ( 'NONE', #573, 1000.000000000000000 ) ;
#1291 = VERTEX_POINT ( 'NONE', #361 ) ;
#1292 = LINE ( 'NONE', #282, #1699 ) ;
#1293 = CARTESIAN_POINT ( 'NONE',  ( -2.820648239771855970, 4.299999999999999822, -1.920648239771855836 ) ) ;
#1294 = VERTEX_POINT ( 'NONE', #2334 ) ;
#1295 = ORIENTED_EDGE ( 'NONE', *, *, #769, .T. ) ;
#1296 = LINE ( 'NONE', #2074, #1871 ) ;
#1297 = CARTESIAN_POINT ( 'NONE',  ( 3.649999999999999911, 2.100000000000000533, 1.199999999999999734 ) ) ;
#1298 = DIRECTION ( 'NONE',  ( 1.000000000000000000, 6.195440985631447429E-16, 0.000000000000000000 ) ) ;
#1299 = CARTESIAN_POINT ( 'NONE',  ( -2.568901038555459149, 4.200000000000000178, -1.920648239771855836 ) ) ;
#1300 = CIRCLE ( 'NONE', #2374, 0.1499999999999999667 ) ;
#1301 = VERTEX_POINT ( 'NONE', #184 ) ;
#1302 = CARTESIAN_POINT ( 'NONE',  ( -3.200000000000000178, 2.120000000000000995, 1.199999999999999956 ) ) ;
#1303 = DIRECTION ( 'NONE',  ( 0.000000000000000000, 1.000000000000000000, 0.000000000000000000 ) ) ;
#1304 = DIRECTION ( 'NONE',  ( -2.449277384705618321E-16, 0.000000000000000000, -1.000000000000000000 ) ) ;
#1305 = CARTESIAN_POINT ( 'NONE',  ( -2.568901038555459149, 4.299999999999999822, -1.920648239771855836 ) ) ;
#1306 = ADVANCED_FACE ( 'NONE', ( #528 ), #2348, .F. ) ;
#1307 = DIRECTION ( 'NONE',  ( -1.000000000000000000, 0.000000000000000000, 4.898554769411236643E-16 ) ) ;
#1308 = DIRECTION ( 'NONE',  ( 1.000000000000000000, 0.000000000000000000, 0.000000000000000000 ) ) ;
#1309 = ADVANCED_FACE ( 'NONE', ( #129 ), #1705, .F. ) ;
#1310 = ADVANCED_FACE ( 'NONE', ( #602 ), #34, .T. ) ;
#1311 = EDGE_LOOP ( 'NONE', ( #1746, #902, #1118, #191 ) ) ;
#1312 = DIRECTION ( 'NONE',  ( 1.000000000000000000, -1.649872871173593843E-16, 0.000000000000000000 ) ) ;
#1313 = CARTESIAN_POINT ( 'NONE',  ( -2.568901038555459149, 4.299999999999999822, -1.920648239771855836 ) ) ;
#1314 = CARTESIAN_POINT ( 'NONE',  ( -2.350000000000000089, 0.000000000000000000, 3.798557292037257227 ) ) ;
#1315 = FACE_OUTER_BOUND ( 'NONE', #94, .T. ) ;
#1316 = DIRECTION ( 'NONE',  ( -0.000000000000000000, -0.000000000000000000, -1.000000000000000000 ) ) ;
#1317 = VECTOR ( 'NONE', #23, 1000.000000000000000 ) ;
#1318 = ADVANCED_FACE ( 'NONE', ( #200 ), #2361, .F. ) ;
#1319 = VERTEX_POINT ( 'NONE', #1971 ) ;
#1320 = DIRECTION ( 'NONE',  ( -1.000000000000000000, 0.000000000000000000, 0.000000000000000000 ) ) ;
#1321 = DIRECTION ( 'NONE',  ( -1.000000000000000000, 0.000000000000000000, 0.000000000000000000 ) ) ;
#1322 = AXIS2_PLACEMENT_3D ( 'NONE', #83, #1848, #96 ) ;
#1323 = VERTEX_POINT ( 'NONE', #2453 ) ;
#1324 = CIRCLE ( 'NONE', #1367, 0.1999999999999999833 ) ;
#1325 = VECTOR ( 'NONE', #982, 1000.000000000000000 ) ;
#1326 = PLANE ( 'NONE',  #1496 ) ;
#1327 = DIRECTION ( 'NONE',  ( 0.000000000000000000, 0.000000000000000000, 1.000000000000000000 ) ) ;
#1328 = CARTESIAN_POINT ( 'NONE',  ( -3.200000000000000178, 2.250000000000000888, 3.798557292037257227 ) ) ;
#1329 = DIRECTION ( 'NONE',  ( -1.000000000000000000, 0.000000000000000000, 0.000000000000000000 ) ) ;
#1330 = ORIENTED_EDGE ( 'NONE', *, *, #63, .F. ) ;
#1331 = PLANE ( 'NONE',  #1470 ) ;
#1332 = CARTESIAN_POINT ( 'NONE',  ( 3.500000000000000000, 2.100000000000000533, 1.199999999999999956 ) ) ;
#1333 = EDGE_CURVE ( 'NONE', #1061, #31, #2559, .T. ) ;
#1334 = FILL_AREA_STYLE_COLOUR ( '', #349 ) ;
#1335 = PRODUCT_DEFINITION_CONTEXT ( 'detailed design', #2255, 'design' ) ;
#1336 = EDGE_CURVE ( 'NONE', #657, #1906, #823, .T. ) ;
#1337 = VERTEX_POINT ( 'NONE', #1982 ) ;
#1338 = CARTESIAN_POINT ( 'NONE',  ( 1.749999999999999778, 0.1999999999999996503, -1.749999999999999778 ) ) ;
#1339 = CARTESIAN_POINT ( 'NONE',  ( 3.500000000000000000, 2.100000000000000533, -1.199999999999999956 ) ) ;
#1340 = VECTOR ( 'NONE', #2396, 1000.000000000000000 ) ;
#1341 = ADVANCED_FACE ( 'NONE', ( #991 ), #2177, .F. ) ;
#1342 = VERTEX_POINT ( 'NONE', #1616 ) ;
#1343 = DIRECTION ( 'NONE',  ( -1.000000000000000000, 0.000000000000000000, 0.000000000000000000 ) ) ;
#1344 = CARTESIAN_POINT ( 'NONE',  ( 3.499999999999999556, 2.250000000000000000, 2.149999999999999911 ) ) ;
#1345 = ORIENTED_EDGE ( 'NONE', *, *, #128, .T. ) ;
#1346 = ORIENTED_EDGE ( 'NONE', *, *, #2301, .T. ) ;
#1347 = ORIENTED_EDGE ( 'NONE', *, *, #975, .F. ) ;
#1348 = PLANE ( 'NONE',  #1789 ) ;
#1349 = CARTESIAN_POINT ( 'NONE',  ( -3.649999999999999911, 2.100000000000000533, 3.798557292037257227 ) ) ;
#1350 = SURFACE_STYLE_FILL_AREA ( #960 ) ;
#1351 = EDGE_LOOP ( 'NONE', ( #1811, #773, #2162, #2116 ) ) ;
#1352 = CARTESIAN_POINT ( 'NONE',  ( -3.500000000000000000, 2.250000000000000000, 2.149999999999999911 ) ) ;
#1353 = DIRECTION ( 'NONE',  ( 1.000000000000000000, 0.000000000000000000, 0.000000000000000000 ) ) ;
#1354 = EDGE_LOOP ( 'NONE', ( #437, #14, #894, #1419 ) ) ;
#1355 = VERTEX_POINT ( 'NONE', #288 ) ;
#1356 = CARTESIAN_POINT ( 'NONE',  ( -3.520000000000000018, 0.1499999999999997724, 3.798557292037257227 ) ) ;
#1357 = EDGE_CURVE ( 'NONE', #1265, #1792, #227, .T. ) ;
#1358 = EDGE_CURVE ( 'NONE', #1265, #1254, #2376, .T. ) ;
#1359 = DIRECTION ( 'NONE',  ( 0.000000000000000000, -0.000000000000000000, 1.000000000000000000 ) ) ;
#1360 = EDGE_LOOP ( 'NONE', ( #1656, #1630, #44, #208 ) ) ;
#1361 = CARTESIAN_POINT ( 'NONE',  ( -3.500000000000000000, 2.120000000000000995, -0.5000000000000004441 ) ) ;
#1362 = DIRECTION ( 'NONE',  ( -0.000000000000000000, -0.000000000000000000, -1.000000000000000000 ) ) ;
#1363 = VECTOR ( 'NONE', #52, 1000.000000000000000 ) ;
#1364 = ORIENTED_EDGE ( 'NONE', *, *, #1611, .T. ) ;
#1365 = DIRECTION ( 'NONE',  ( -0.000000000000000000, -1.000000000000000000, -0.000000000000000000 ) ) ;
#1366 = ORIENTED_EDGE ( 'NONE', *, *, #511, .T. ) ;
#1367 = AXIS2_PLACEMENT_3D ( 'NONE', #1866, #504, #2472 ) ;
#1368 = CARTESIAN_POINT ( 'NONE',  ( -1.750000000000000000, 5.149747468305832854, 1.750000000000000666 ) ) ;
#1369 = DIRECTION ( 'NONE',  ( 0.000000000000000000, 0.000000000000000000, -1.000000000000000000 ) ) ;
#1370 = EDGE_CURVE ( 'NONE', #2340, #1517, #2502, .T. ) ;
#1371 = VECTOR ( 'NONE', #466, 1000.000000000000000 ) ;
#1372 = PLANE ( 'NONE',  #2128 ) ;
#1373 = CARTESIAN_POINT ( 'NONE',  ( -3.500000000000000000, 2.250000000000000000, 2.149999999999999911 ) ) ;
#1374 = AXIS2_PLACEMENT_3D ( 'NONE', #754, #201, #1551 ) ;
#1375 = ORIENTED_EDGE ( 'NONE', *, *, #1670, .T. ) ;
#1376 = VERTEX_POINT ( 'NONE', #2150 ) ;
#1377 = CARTESIAN_POINT ( 'NONE',  ( 2.350000000000000089, 0.1299999999999999212, -1.199999999999999956 ) ) ;
#1378 = DIRECTION ( 'NONE',  ( -0.000000000000000000, 0.000000000000000000, -1.000000000000000000 ) ) ;
#1379 = ORIENTED_EDGE ( 'NONE', *, *, #1901, .F. ) ;
#1380 = VERTEX_POINT ( 'NONE', #474 ) ;
#1381 = VECTOR ( 'NONE', #344, 1000.000000000000000 ) ;
#1382 = CARTESIAN_POINT ( 'NONE',  ( 3.200000000000000178, 2.250000000000000888, 1.199999999999999734 ) ) ;
#1383 = CARTESIAN_POINT ( 'NONE',  ( 3.499999999999999556, 2.250000000000000000, -2.149999999999999911 ) ) ;
#1384 = AXIS2_PLACEMENT_3D ( 'NONE', #750, #372, #357 ) ;
#1385 = VECTOR ( 'NONE', #2296, 1000.000000000000000 ) ;
#1386 = DIRECTION ( 'NONE',  ( -2.449277384705618321E-16, 0.000000000000000000, -1.000000000000000000 ) ) ;
#1387 = CARTESIAN_POINT ( 'NONE',  ( 3.200000000000000178, 2.120000000000000995, 1.199999999999999734 ) ) ;
#1388 = ORIENTED_EDGE ( 'NONE', *, *, #1615, .T. ) ;
#1389 = DIRECTION ( 'NONE',  ( -2.449277384705618321E-16, 0.000000000000000000, -1.000000000000000000 ) ) ;
#1390 = CARTESIAN_POINT ( 'NONE',  ( 3.499999999999999556, 2.250000000000000000, -2.149999999999999911 ) ) ;
#1391 = VERTEX_POINT ( 'NONE', #615 ) ;
#1392 = CARTESIAN_POINT ( 'NONE',  ( 1.750000000000000000, 5.149747468305832854, 1.750000000000000222 ) ) ;
#1393 = EDGE_CURVE ( 'NONE', #706, #2531, #1260, .T. ) ;
#1394 = ADVANCED_FACE ( 'NONE', ( #3 ), #1600, .T. ) ;
#1395 = VERTEX_POINT ( 'NONE', #417 ) ;
#1396 = CARTESIAN_POINT ( 'NONE',  ( 3.500000000000000000, 0.1499999999999997724, 1.199999999999999734 ) ) ;
#1397 = CARTESIAN_POINT ( 'NONE',  ( -2.694774639163657337, 4.200000000000000178, 0.1945785192776502692 ) ) ;
#1398 = SURFACE_SIDE_STYLE ('',( #617 ) ) ;
#1399 = CARTESIAN_POINT ( 'NONE',  ( 3.500000000000000000, 0.1499999999999997724, -1.199999999999999956 ) ) ;
#1400 = ORIENTED_EDGE ( 'NONE', *, *, #2087, .F. ) ;
#1401 = CARTESIAN_POINT ( 'NONE',  ( -3.500000000000000000, 0.1499999999999997724, -1.199999999999999956 ) ) ;
#1402 = DIRECTION ( 'NONE',  ( 0.08715574274765820750, 0.9961946980917455452, 0.000000000000000000 ) ) ;
#1403 = EDGE_LOOP ( 'NONE', ( #1215, #1364, #1568, #1438 ) ) ;
#1404 = EDGE_CURVE ( 'NONE', #641, #1760, #1787, .T. ) ;
#1405 = DIRECTION ( 'NONE',  ( -0.000000000000000000, -1.000000000000000000, 0.000000000000000000 ) ) ;
#1406 = VECTOR ( 'NONE', #2482, 1000.000000000000000 ) ;
#1407 = ORIENTED_EDGE ( 'NONE', *, *, #367, .T. ) ;
#1408 = CARTESIAN_POINT ( 'NONE',  ( 1.749999999999999778, 0.000000000000000000, -1.749999999999999778 ) ) ;
#1409 = PLANE ( 'NONE',  #181 ) ;
#1410 = ADVANCED_FACE ( 'NONE', ( #2044 ), #1066, .F. ) ;
#1411 =( NAMED_UNIT ( * ) PLANE_ANGLE_UNIT ( ) SI_UNIT ( $, .RADIAN. ) );
#1412 = CARTESIAN_POINT ( 'NONE',  ( -3.320648239771855970, 0.1999999999999996503, 0.000000000000000000 ) ) ;
#1413 = VECTOR ( 'NONE', #702, 1000.000000000000000 ) ;
#1414 = VECTOR ( 'NONE', #2288, 1000.000000000000000 ) ;
#1415 = VERTEX_POINT ( 'NONE', #21 ) ;
#1416 = ORIENTED_EDGE ( 'NONE', *, *, #1928, .F. ) ;
#1417 = DIRECTION ( 'NONE',  ( 0.000000000000000000, 1.000000000000000000, 0.000000000000000000 ) ) ;
#1418 = DIRECTION ( 'NONE',  ( 0.000000000000000000, -1.000000000000000000, 0.000000000000000000 ) ) ;
#1419 = ORIENTED_EDGE ( 'NONE', *, *, #2257, .T. ) ;
#1420 = ORIENTED_EDGE ( 'NONE', *, *, #2301, .F. ) ;
#1421 = DIRECTION ( 'NONE',  ( -0.000000000000000000, -0.000000000000000000, -1.000000000000000000 ) ) ;
#1422 = VERTEX_POINT ( 'NONE', #86 ) ;
#1423 = VERTEX_POINT ( 'NONE', #428 ) ;
#1424 = FACE_OUTER_BOUND ( 'NONE', #643, .T. ) ;
#1425 = CARTESIAN_POINT ( 'NONE',  ( -2.568901038555458261, 4.299999999999999822, 1.920648239771855836 ) ) ;
#1426 = DIRECTION ( 'NONE',  ( -0.000000000000000000, 0.000000000000000000, 1.000000000000000000 ) ) ;
#1427 = EDGE_CURVE ( 'NONE', #1002, #140, #1571, .T. ) ;
#1428 = STYLED_ITEM ( 'NONE', ( #2438 ), #143 ) ;
#1429 = VERTEX_POINT ( 'NONE', #2188 ) ;
#1430 = EDGE_LOOP ( 'NONE', ( #221, #792, #2235, #607, #1940, #943, #468, #2180 ) ) ;
#1431 = CARTESIAN_POINT ( 'NONE',  ( -3.500000000000000444, 2.250000000000000888, 0.4999999999999997780 ) ) ;
#1432 = CARTESIAN_POINT ( 'NONE',  ( 3.320648239771855526, 4.299999999999999822, 1.970648239771855881 ) ) ;
#1433 = ORIENTED_EDGE ( 'NONE', *, *, #11, .T. ) ;
#1434 = ORIENTED_EDGE ( 'NONE', *, *, #2387, .F. ) ;
#1435 = FILL_AREA_STYLE ('',( #45 ) ) ;
#1436 = ORIENTED_EDGE ( 'NONE', *, *, #763, .F. ) ;
#1437 =( NAMED_UNIT ( * ) SI_UNIT ( $, .STERADIAN. ) SOLID_ANGLE_UNIT ( ) );
#1438 = ORIENTED_EDGE ( 'NONE', *, *, #852, .F. ) ;
#1439 = CARTESIAN_POINT ( 'NONE',  ( -2.820648239771855081, 4.200000000000000178, 1.920648239771855836 ) ) ;
#1440 = LINE ( 'NONE', #632, #1161 ) ;
#1441 = VECTOR ( 'NONE', #1417, 1000.000000000000000 ) ;
#1442 = ADVANCED_FACE ( 'NONE', ( #872 ), #499, .F. ) ;
#1443 = ORIENTED_EDGE ( 'NONE', *, *, #1874, .F. ) ;
#1444 = EDGE_CURVE ( 'NONE', #1048, #777, #2094, .T. ) ;
#1445 = DIRECTION ( 'NONE',  ( 0.000000000000000000, 1.000000000000000000, 0.000000000000000000 ) ) ;
#1446 = EDGE_LOOP ( 'NONE', ( #539, #1262, #708, #880 ) ) ;
#1447 = ORIENTED_EDGE ( 'NONE', *, *, #913, .T. ) ;
#1448 = PLANE ( 'NONE',  #1932 ) ;
#1449 = EDGE_CURVE ( 'NONE', #309, #2201, #1117, .T. ) ;
#1450 = CARTESIAN_POINT ( 'NONE',  ( 3.200000000000000178, 2.250000000000000888, -1.199999999999999956 ) ) ;
#1451 = ORIENTED_EDGE ( 'NONE', *, *, #2143, .T. ) ;
#1452 = LINE ( 'NONE', #1847, #2541 ) ;
#1453 = EDGE_CURVE ( 'NONE', #342, #2240, #2491, .T. ) ;
#1454 = PLANE ( 'NONE',  #2054 ) ;
#1455 = CIRCLE ( 'NONE', #1209, 0.1499999999999999667 ) ;
#1456 = PRESENTATION_LAYER_ASSIGNMENT (  '', '', ( #1577 ) ) ;
#1457 =( NAMED_UNIT ( * ) PLANE_ANGLE_UNIT ( ) SI_UNIT ( $, .RADIAN. ) );
#1458 = DIRECTION ( 'NONE',  ( -0.000000000000000000, -0.000000000000000000, 1.000000000000000000 ) ) ;
#1459 = VERTEX_POINT ( 'NONE', #713 ) ;
#1460 = EDGE_LOOP ( 'NONE', ( #1487, #1594, #1347, #2295, #1921 ) ) ;
#1461 = LINE ( 'NONE', #1691, #736 ) ;
#1462 =( GEOMETRIC_REPRESENTATION_CONTEXT ( 3 ) GLOBAL_UNCERTAINTY_ASSIGNED_CONTEXT ( ( #866 ) ) GLOBAL_UNIT_ASSIGNED_CONTEXT ( ( #2542, #1584, #2358 ) ) REPRESENTATION_CONTEXT ( 'NONE', 'WORKASPACE' ) );
#1463 = DIRECTION ( 'NONE',  ( -1.239088197126290817E-16, 0.000000000000000000, -1.000000000000000000 ) ) ;
#1464 = ORIENTED_EDGE ( 'NONE', *, *, #1928, .T. ) ;
#1465 = DIRECTION ( 'NONE',  ( 1.000000000000000000, 0.000000000000000000, -2.449277384705618321E-16 ) ) ;
#1466 = VECTOR ( 'NONE', #1472, 1000.000000000000000 ) ;
#1467 = FACE_OUTER_BOUND ( 'NONE', #2526, .T. ) ;
#1468 = MECHANICAL_DESIGN_GEOMETRIC_PRESENTATION_REPRESENTATION (  '', ( #1428 ), #2372 ) ;
#1469 = ORIENTED_EDGE ( 'NONE', *, *, #1404, .T. ) ;
#1470 = AXIS2_PLACEMENT_3D ( 'NONE', #1922, #984, #1907 ) ;
#1471 = DIRECTION ( 'NONE',  ( -0.000000000000000000, -0.000000000000000000, -1.000000000000000000 ) ) ;
#1472 = DIRECTION ( 'NONE',  ( 0.000000000000000000, 1.000000000000000000, 0.000000000000000000 ) ) ;
#1473 = CARTESIAN_POINT ( 'NONE',  ( -1.750000000000000000, 5.149747468305832854, 1.750000000000000666 ) ) ;
#1474 = EDGE_CURVE ( 'NONE', #1422, #384, #107, .T. ) ;
#1475 = ADVANCED_FACE ( 'NONE', ( #2506 ), #526, .F. ) ;
#1476 = ORIENTED_EDGE ( 'NONE', *, *, #1558, .T. ) ;
#1477 = LINE ( 'NONE', #2083, #1492 ) ;
#1478 = CARTESIAN_POINT ( 'NONE',  ( 3.499999999999999556, 2.250000000000000000, 2.149999999999999911 ) ) ;
#1479 = ORIENTED_EDGE ( 'NONE', *, *, #402, .F. ) ;
#1480 = AXIS2_PLACEMENT_3D ( 'NONE', #187, #966, #1754 ) ;
#1481 = PLANE ( 'NONE',  #62 ) ;
#1482 = DIRECTION ( 'NONE',  ( 0.000000000000000000, 0.000000000000000000, 1.000000000000000000 ) ) ;
#1483 = EDGE_LOOP ( 'NONE', ( #1565, #152, #955, #301 ) ) ;
#1484 = CARTESIAN_POINT ( 'NONE',  ( -2.332489661150379590, 1.699999999999998623, 0.4999999999999997780 ) ) ;
#1485 = DIRECTION ( 'NONE',  ( -0.000000000000000000, -0.000000000000000000, -1.000000000000000000 ) ) ;
#1486 = EDGE_CURVE ( 'NONE', #2456, #2375, #2300, .T. ) ;
#1487 = ORIENTED_EDGE ( 'NONE', *, *, #795, .F. ) ;
#1488 = SURFACE_STYLE_FILL_AREA ( #860 ) ;
#1489 = CARTESIAN_POINT ( 'NONE',  ( 1.750000000000000000, 0.000000000000000000, 1.750000000000000222 ) ) ;
#1490 = CIRCLE ( 'NONE', #656, 0.2000000000000000389 ) ;
#1491 = CARTESIAN_POINT ( 'NONE',  ( -3.500000000000000000, 2.100000000000000533, 1.199999999999999734 ) ) ;
#1492 = VECTOR ( 'NONE', #316, 1000.000000000000000 ) ;
#1493 = VERTEX_POINT ( 'NONE', #2080 ) ;
#1494 = DIRECTION ( 'NONE',  ( -1.000000000000000000, 0.000000000000000000, 0.000000000000000000 ) ) ;
#1495 = CARTESIAN_POINT ( 'NONE',  ( -2.820648239771855970, 4.200000000000000178, 0.1500000000000000500 ) ) ;
#1496 = AXIS2_PLACEMENT_3D ( 'NONE', #1717, #1739, #949 ) ;
#1497 = PLANE ( 'NONE',  #925 ) ;
#1498 = CYLINDRICAL_SURFACE ( 'NONE', #595, 0.02000000000000005246 ) ;
#1499 = AXIS2_PLACEMENT_3D ( 'NONE', #304, #291, #2048 ) ;
#1500 = EDGE_LOOP ( 'NONE', ( #334, #1433, #306, #1738 ) ) ;
#1501 =( GEOMETRIC_REPRESENTATION_CONTEXT ( 3 ) GLOBAL_UNCERTAINTY_ASSIGNED_CONTEXT ( ( #164 ) ) GLOBAL_UNIT_ASSIGNED_CONTEXT ( ( #463, #2455, #2035 ) ) REPRESENTATION_CONTEXT ( 'NONE', 'WORKASPACE' ) );
#1502 = CARTESIAN_POINT ( 'NONE',  ( -3.650000000000001243, 2.250000000000000888, -0.5000000000000003331 ) ) ;
#1503 = ADVANCED_FACE ( 'NONE', ( #1713 ), #298, .F. ) ;
#1504 = CARTESIAN_POINT ( 'NONE',  ( 3.500000000000000000, 2.120000000000000995, -1.199999999999999956 ) ) ;
#1505 = ORIENTED_EDGE ( 'NONE', *, *, #2352, .T. ) ;
#1506 = CYLINDRICAL_SURFACE ( 'NONE', #2161, 0.1499999999999999667 ) ;
#1507 = ADVANCED_FACE ( 'NONE', ( #1895 ), #1498, .F. ) ;
#1508 = EDGE_CURVE ( 'NONE', #493, #527, #2279, .T. ) ;
#1509 = CARTESIAN_POINT ( 'NONE',  ( -3.488626473741629930, 2.120000000000000995, -1.199999999999999734 ) ) ;
#1510 = DIRECTION ( 'NONE',  ( -1.000000000000000000, 0.000000000000000000, 0.000000000000000000 ) ) ;
#1511 = CARTESIAN_POINT ( 'NONE',  ( 3.500000000000000000, 0.1299999999999997546, 1.199999999999999734 ) ) ;
#1512 = ORIENTED_EDGE ( 'NONE', *, *, #444, .T. ) ;
#1513 = DIRECTION ( 'NONE',  ( 0.000000000000000000, 1.000000000000000000, 0.000000000000000000 ) ) ;
#1514 = DIRECTION ( 'NONE',  ( 0.000000000000000000, 0.000000000000000000, 1.000000000000000000 ) ) ;
#1515 = CARTESIAN_POINT ( 'NONE',  ( -2.332489661150380034, 2.250000000000001776, -0.5000000000000003331 ) ) ;
#1516 = DIRECTION ( 'NONE',  ( 0.7071067811865474617, 0.7071067811865474617, 0.000000000000000000 ) ) ;
#1517 = VERTEX_POINT ( 'NONE', #1511 ) ;
#1518 = DIRECTION ( 'NONE',  ( -1.000000000000000000, 0.000000000000000000, 0.000000000000000000 ) ) ;
#1519 = DIRECTION ( 'NONE',  ( -2.449277384705618321E-16, 0.000000000000000000, -1.000000000000000000 ) ) ;
#1520 = ORIENTED_EDGE ( 'NONE', *, *, #1217, .F. ) ;
#1521 = LINE ( 'NONE', #1352, #830 ) ;
#1522 = DIRECTION ( 'NONE',  ( 1.000000000000000000, 0.000000000000000000, -0.000000000000000000 ) ) ;
#1523 = EDGE_CURVE ( 'NONE', #2032, #1376, #2291, .T. ) ;
#1524 = FILL_AREA_STYLE_COLOUR ( '', #2096 ) ;
#1525 = FACE_OUTER_BOUND ( 'NONE', #2423, .T. ) ;
#1526 = ORIENTED_EDGE ( 'NONE', *, *, #1336, .T. ) ;
#1527 = LINE ( 'NONE', #2553, #61 ) ;
#1528 = DIRECTION ( 'NONE',  ( -0.000000000000000000, -0.000000000000000000, -1.000000000000000000 ) ) ;
#1529 = ADVANCED_FACE ( 'NONE', ( #1676 ), #487, .T. ) ;
#1530 = DIRECTION ( 'NONE',  ( 0.000000000000000000, 0.000000000000000000, 1.000000000000000000 ) ) ;
#1531 = AXIS2_PLACEMENT_3D ( 'NONE', #1663, #1191, #1995 ) ;
#1532 = ADVANCED_FACE ( 'NONE', ( #124 ), #2466, .F. ) ;
#1533 = AXIS2_PLACEMENT_3D ( 'NONE', #1399, #645, #2195 ) ;
#1534 = ORIENTED_EDGE ( 'NONE', *, *, #180, .F. ) ;
#1535 = VECTOR ( 'NONE', #1353, 1000.000000000000000 ) ;
#1536 = DIRECTION ( 'NONE',  ( -0.000000000000000000, 0.000000000000000000, 1.000000000000000000 ) ) ;
#1537 = LINE ( 'NONE', #554, #1248 ) ;
#1538 = ORIENTED_EDGE ( 'NONE', *, *, #153, .F. ) ;
#1539 = ORIENTED_EDGE ( 'NONE', *, *, #1277, .T. ) ;
#1540 = LINE ( 'NONE', #157, #965 ) ;
#1541 = FACE_OUTER_BOUND ( 'NONE', #1645, .T. ) ;
#1542 = ORIENTED_EDGE ( 'NONE', *, *, #2451, .F. ) ;
#1543 = ORIENTED_EDGE ( 'NONE', *, *, #2172, .T. ) ;
#1544 = FACE_OUTER_BOUND ( 'NONE', #2550, .T. ) ;
#1545 = CARTESIAN_POINT ( 'NONE',  ( -3.500000000000000000, 2.100000000000000533, 1.199999999999999956 ) ) ;
#1546 = ADVANCED_FACE ( 'NONE', ( #935 ), #1725, .F. ) ;
#1547 = ADVANCED_FACE ( 'NONE', ( #1270 ), #100, .T. ) ;
#1548 = AXIS2_PLACEMENT_3D ( 'NONE', #885, #1284, #1107 ) ;
#1549 = ORIENTED_EDGE ( 'NONE', *, *, #533, .F. ) ;
#1550 = DIRECTION ( 'NONE',  ( 0.000000000000000000, 1.000000000000000000, 0.000000000000000000 ) ) ;
#1551 = DIRECTION ( 'NONE',  ( 0.000000000000000000, 0.000000000000000000, 1.000000000000000000 ) ) ;
#1552 = VECTOR ( 'NONE', #1389, 1000.000000000000000 ) ;
#1553 = PLANE ( 'NONE',  #1480 ) ;
#1554 = LINE ( 'NONE', #2138, #2023 ) ;
#1555 = ORIENTED_EDGE ( 'NONE', *, *, #1985, .F. ) ;
#1556 = CARTESIAN_POINT ( 'NONE',  ( 3.200000000000000178, 2.120000000000000995, 1.199999999999999734 ) ) ;
#1557 = PLANE ( 'NONE',  #1944 ) ;
#1558 = EDGE_CURVE ( 'NONE', #1832, #1048, #1135, .T. ) ;
#1559 = ORIENTED_EDGE ( 'NONE', *, *, #2271, .F. ) ;
#1560 = LINE ( 'NONE', #1125, #2272 ) ;
#1561 = DIRECTION ( 'NONE',  ( 0.000000000000000000, 1.000000000000000000, 0.000000000000000000 ) ) ;
#1562 = VERTEX_POINT ( 'NONE', #1186 ) ;
#1563 = DIRECTION ( 'NONE',  ( 1.000000000000000000, 0.000000000000000000, 0.000000000000000000 ) ) ;
#1564 = CARTESIAN_POINT ( 'NONE',  ( -3.500000000000000000, 0.1499999999999997724, 1.199999999999999734 ) ) ;
#1565 = ORIENTED_EDGE ( 'NONE', *, *, #1247, .F. ) ;
#1566 = DIRECTION ( 'NONE',  ( -1.000000000000000000, -1.649872871173593843E-16, 0.000000000000000000 ) ) ;
#1567 = DIRECTION ( 'NONE',  ( 0.000000000000000000, 0.9961946980917455452, 0.08715574274765820750 ) ) ;
#1568 = ORIENTED_EDGE ( 'NONE', *, *, #2351, .T. ) ;
#1569 = VECTOR ( 'NONE', #1825, 1000.000000000000114 ) ;
#1570 = ORIENTED_EDGE ( 'NONE', *, *, #1793, .T. ) ;
#1571 = LINE ( 'NONE', #809, #926 ) ;
#1572 = AXIS2_PLACEMENT_3D ( 'NONE', #2113, #1327, #1522 ) ;
#1573 = VECTOR ( 'NONE', #1860, 1000.000000000000000 ) ;
#1574 = EDGE_CURVE ( 'NONE', #867, #1429, #162, .T. ) ;
#1575 = CARTESIAN_POINT ( 'NONE',  ( 2.350000000000000089, 0.1299999999999999212, 1.199999999999999734 ) ) ;
#1576 = PLANE ( 'NONE',  #222 ) ;
#1577 = STYLED_ITEM ( 'NONE', ( #1272 ), #873 ) ;
#1578 = ADVANCED_FACE ( 'NONE', ( #1771 ), #732, .T. ) ;
#1579 = VERTEX_POINT ( 'NONE', #1759 ) ;
#1580 = EDGE_CURVE ( 'NONE', #1919, #1846, #761, .T. ) ;
#1581 = DIRECTION ( 'NONE',  ( -0.000000000000000000, -0.000000000000000000, -1.000000000000000000 ) ) ;
#1582 = DIRECTION ( 'NONE',  ( -0.000000000000000000, 1.000000000000000000, -0.000000000000000000 ) ) ;
#1583 = VERTEX_POINT ( 'NONE', #1748 ) ;
#1584 =( NAMED_UNIT ( * ) PLANE_ANGLE_UNIT ( ) SI_UNIT ( $, .RADIAN. ) );
#1585 = EDGE_LOOP ( 'NONE', ( #2014, #759, #1407, #198 ) ) ;
#1586 = AXIS2_PLACEMENT_3D ( 'NONE', #1131, #1885, #151 ) ;
#1587 = CARTESIAN_POINT ( 'NONE',  ( 3.500000000000000000, 2.120000000000000995, -1.199999999999999956 ) ) ;
#1588 = LINE ( 'NONE', #838, #266 ) ;
#1589 = VECTOR ( 'NONE', #1150, 1000.000000000000000 ) ;
#1590 = DIRECTION ( 'NONE',  ( 0.000000000000000000, -0.000000000000000000, -1.000000000000000000 ) ) ;
#1591 = EDGE_CURVE ( 'NONE', #2504, #2537, #220, .T. ) ;
#1592 = CARTESIAN_POINT ( 'NONE',  ( -3.500000000000000000, 2.250000000000000888, 3.798557292037257227 ) ) ;
#1593 = EDGE_LOOP ( 'NONE', ( #989, #2384, #2514, #1534 ) ) ;
#1594 = ORIENTED_EDGE ( 'NONE', *, *, #292, .T. ) ;
#1595 = CARTESIAN_POINT ( 'NONE',  ( -3.500000000000000000, 2.100000000000000533, -0.5000000000000004441 ) ) ;
#1596 = CARTESIAN_POINT ( 'NONE',  ( -2.694774639163657337, 4.299999999999999822, -0.005421480722349773101 ) ) ;
#1597 = EDGE_LOOP ( 'NONE', ( #248, #390, #599, #183 ) ) ;
#1598 = DIRECTION ( 'NONE',  ( -0.9961946980917455452, 0.08715574274765820750, 0.000000000000000000 ) ) ;
#1599 = ORIENTED_EDGE ( 'NONE', *, *, #1523, .F. ) ;
#1600 = PLANE ( 'NONE',  #19 ) ;
#1601 = VECTOR ( 'NONE', #299, 1000.000000000000000 ) ;
#1602 = APPLICATION_PROTOCOL_DEFINITION ( 'draft international standard', 'automotive_design', 1998, #5 ) ;
#1603 = LINE ( 'NONE', #242, #2304 ) ;
#1604 = CARTESIAN_POINT ( 'NONE',  ( -2.864392571534818632, 4.299999999999999822, 0.000000000000000000 ) ) ;
#1605 = EDGE_LOOP ( 'NONE', ( #1169, #285, #2347, #470 ) ) ;
#1606 = ORIENTED_EDGE ( 'NONE', *, *, #2110, .F. ) ;
#1607 = FACE_OUTER_BOUND ( 'NONE', #749, .T. ) ;
#1608 = LINE ( 'NONE', #843, #169 ) ;
#1609 = VERTEX_POINT ( 'NONE', #2369 ) ;
#1610 = DIRECTION ( 'NONE',  ( -1.000000000000000000, 0.000000000000000000, 0.000000000000000000 ) ) ;
#1611 = EDGE_CURVE ( 'NONE', #1906, #1695, #2356, .T. ) ;
#1612 = STYLED_ITEM ( 'NONE', ( #648 ), #1750 ) ;
#1613 = MECHANICAL_DESIGN_GEOMETRIC_PRESENTATION_REPRESENTATION (  '', ( #1201 ), #2018 ) ;
#1614 = ORIENTED_EDGE ( 'NONE', *, *, #1690, .T. ) ;
#1615 = EDGE_CURVE ( 'NONE', #625, #623, #985, .T. ) ;
#1616 = CARTESIAN_POINT ( 'NONE',  ( -3.500000000000000444, 2.250000000000000888, -0.5000000000000004441 ) ) ;
#1617 = CARTESIAN_POINT ( 'NONE',  ( -2.350000000000000089, 0.1299999999999999212, -1.199999999999999956 ) ) ;
#1618 = VECTOR ( 'NONE', #1752, 1000.000000000000000 ) ;
#1619 = LINE ( 'NONE', #1425, #2056 ) ;
#1620 = LINE ( 'NONE', #1604, #1658 ) ;
#1621 = CIRCLE ( 'NONE', #264, 0.1499999999999999667 ) ;
#1622 = VERTEX_POINT ( 'NONE', #1001 ) ;
#1623 = VERTEX_POINT ( 'NONE', #945 ) ;
#1624 = CARTESIAN_POINT ( 'NONE',  ( -3.200000000000000178, 2.120000000000000995, -1.199999999999999956 ) ) ;
#1625 = VECTOR ( 'NONE', #1816, 1000.000000000000000 ) ;
#1626 = CYLINDRICAL_SURFACE ( 'NONE', #733, 0.1999999999999999833 ) ;
#1627 = VERTEX_POINT ( 'NONE', #1951 ) ;
#1628 = AXIS2_PLACEMENT_3D ( 'NONE', #193, #751, #2170 ) ;
#1629 = LINE ( 'NONE', #2017, #2498 ) ;
#1630 = ORIENTED_EDGE ( 'NONE', *, *, #1261, .F. ) ;
#1631 = DIRECTION ( 'NONE',  ( -1.000000000000000000, 0.000000000000000000, -0.000000000000000000 ) ) ;
#1632 = ADVANCED_FACE ( 'NONE', ( #2329 ), #561, .T. ) ;
#1633 = ADVANCED_FACE ( 'NONE', ( #1783 ), #1557, .F. ) ;
#1634 = LINE ( 'NONE', #1592, #338 ) ;
#1635 = ORIENTED_EDGE ( 'NONE', *, *, #704, .F. ) ;
#1636 = ORIENTED_EDGE ( 'NONE', *, *, #582, .F. ) ;
#1637 = DIRECTION ( 'NONE',  ( 0.000000000000000000, 1.000000000000000000, 0.000000000000000000 ) ) ;
#1638 = LINE ( 'NONE', #2027, #1569 ) ;
#1639 = DIRECTION ( 'NONE',  ( -0.08715574274765820750, -0.9961946980917455452, 0.000000000000000000 ) ) ;
#1640 = EDGE_CURVE ( 'NONE', #140, #1074, #1143, .T. ) ;
#1641 = VERTEX_POINT ( 'NONE', #2565 ) ;
#1642 = ADVANCED_FACE ( 'NONE', ( #2316 ), #789, .T. ) ;
#1643 = LINE ( 'NONE', #900, #1694 ) ;
#1644 = CARTESIAN_POINT ( 'NONE',  ( 2.350000000000000089, 0.000000000000000000, 1.199999999999999734 ) ) ;
#1645 = EDGE_LOOP ( 'NONE', ( #1224, #434, #875, #462 ) ) ;
#1646 = CARTESIAN_POINT ( 'NONE',  ( 3.500000000000000000, 2.250000000000000888, 1.199999999999999734 ) ) ;
#1647 = CARTESIAN_POINT ( 'NONE',  ( -3.649999999999999911, 2.100000000000000533, 1.199999999999999734 ) ) ;
#1648 = ORIENTED_EDGE ( 'NONE', *, *, #345, .F. ) ;
#1649 = PLANE ( 'NONE',  #516 ) ;
#1650 = ORIENTED_EDGE ( 'NONE', *, *, #179, .T. ) ;
#1651 = DIRECTION ( 'NONE',  ( -0.000000000000000000, -0.000000000000000000, -1.000000000000000000 ) ) ;
#1652 = DIRECTION ( 'NONE',  ( 0.000000000000000000, 0.000000000000000000, -1.000000000000000000 ) ) ;
#1653 = EDGE_LOOP ( 'NONE', ( #1731, #2402, #813, #1925 ) ) ;
#1654 = LINE ( 'NONE', #2042, #768 ) ;
#1655 = VECTOR ( 'NONE', #1913, 1000.000000000000000 ) ;
#1656 = ORIENTED_EDGE ( 'NONE', *, *, #1206, .F. ) ;
#1657 = CARTESIAN_POINT ( 'NONE',  ( 0.000000000000000000, 0.1999999999999996503, 1.970648239771855881 ) ) ;
#1658 = VECTOR ( 'NONE', #1050, 1000.000000000000000 ) ;
#1659 = ORIENTED_EDGE ( 'NONE', *, *, #640, .T. ) ;
#1660 = EDGE_CURVE ( 'NONE', #942, #1703, #412, .T. ) ;
#1661 = EDGE_CURVE ( 'NONE', #1036, #2367, #1198, .T. ) ;
#1662 = CARTESIAN_POINT ( 'NONE',  ( -3.650000000000000799, 1.699999999999997735, 0.4999999999999997780 ) ) ;
#1663 = CARTESIAN_POINT ( 'NONE',  ( -2.350000000000000089, 0.1299999999999999212, 3.798557292037257227 ) ) ;
#1664 = ORIENTED_EDGE ( 'NONE', *, *, #549, .T. ) ;
#1665 = SURFACE_SIDE_STYLE ('',( #1488 ) ) ;
#1666 = ORIENTED_EDGE ( 'NONE', *, *, #77, .T. ) ;
#1667 = CARTESIAN_POINT ( 'NONE',  ( 0.000000000000000000, 0.1999999999999996503, -1.970648239771855881 ) ) ;
#1668 = LINE ( 'NONE', #1504, #1777 ) ;
#1669 = ORIENTED_EDGE ( 'NONE', *, *, #899, .T. ) ;
#1670 = EDGE_CURVE ( 'NONE', #384, #1623, #1977, .T. ) ;
#1671 = CARTESIAN_POINT ( 'NONE',  ( 1.749999999999999778, 0.000000000000000000, -1.749999999999999778 ) ) ;
#1672 = CARTESIAN_POINT ( 'NONE',  ( 3.649999999999999911, 2.100000000000000533, -1.199999999999999956 ) ) ;
#1673 = VECTOR ( 'NONE', #1610, 1000.000000000000000 ) ;
#1674 = AXIS2_PLACEMENT_3D ( 'NONE', #1396, #1776, #1801 ) ;
#1675 = LINE ( 'NONE', #2465, #798 ) ;
#1676 = FACE_OUTER_BOUND ( 'NONE', #277, .T. ) ;
#1677 = EDGE_LOOP ( 'NONE', ( #2395, #962, #933, #194, #2261, #2019, #2010, #389 ) ) ;
#1678 = CARTESIAN_POINT ( 'NONE',  ( -3.200000000000000178, 2.250000000000000888, 1.199999999999999734 ) ) ;
#1679 = PLANE ( 'NONE',  #2441 ) ;
#1680 = ORIENTED_EDGE ( 'NONE', *, *, #1289, .T. ) ;
#1681 = AXIS2_PLACEMENT_3D ( 'NONE', #1833, #1000, #447 ) ;
#1682 = EDGE_LOOP ( 'NONE', ( #923, #1084, #2336, #509, #859, #2133, #314, #2028, #646, #596, #1978, #970 ) ) ;
#1683 = CARTESIAN_POINT ( 'NONE',  ( -2.568901038555458261, 4.200000000000000178, 1.920648239771855836 ) ) ;
#1684 = LINE ( 'NONE', #1305, #1414 ) ;
#1685 = DIRECTION ( 'NONE',  ( -1.000000000000000000, -0.000000000000000000, -0.000000000000000000 ) ) ;
#1686 = CARTESIAN_POINT ( 'NONE',  ( 3.649999999999999911, 0.1499999999999997724, 3.798557292037257227 ) ) ;
#1687 = ADVANCED_FACE ( 'NONE', ( #775 ), #586, .T. ) ;
#1688 = VERTEX_POINT ( 'NONE', #358 ) ;
#1689 = ADVANCED_FACE ( 'NONE', ( #1923 ), #609, .F. ) ;
#1690 = EDGE_CURVE ( 'NONE', #1839, #60, #804, .T. ) ;
#1691 = CARTESIAN_POINT ( 'NONE',  ( -3.200000000000000178, 2.120000000000000995, -1.199999999999999956 ) ) ;
#1692 = LINE ( 'NONE', #1264, #1285 ) ;
#1693 = VERTEX_POINT ( 'NONE', #659 ) ;
#1694 = VECTOR ( 'NONE', #679, 1000.000000000000114 ) ;
#1695 = VERTEX_POINT ( 'NONE', #458 ) ;
#1696 = DIRECTION ( 'NONE',  ( 1.000000000000000000, -1.649872871173593843E-16, 0.000000000000000000 ) ) ;
#1697 = CARTESIAN_POINT ( 'NONE',  ( 3.499999999999999556, 2.250000000000000000, 1.199999999999999956 ) ) ;
#1698 = ORIENTED_EDGE ( 'NONE', *, *, #1067, .T. ) ;
#1699 = VECTOR ( 'NONE', #1877, 1000.000000000000000 ) ;
#1700 = LINE ( 'NONE', #884, #146 ) ;
#1701 = DIRECTION ( 'NONE',  ( 0.000000000000000000, -1.000000000000000000, 0.000000000000000000 ) ) ;
#1702 = VECTOR ( 'NONE', #1316, 1000.000000000000000 ) ;
#1703 = VERTEX_POINT ( 'NONE', #2413 ) ;
#1704 = AXIS2_PLACEMENT_3D ( 'NONE', #2417, #1047, #642 ) ;
#1705 = PLANE ( 'NONE',  #460 ) ;
#1706 = CARTESIAN_POINT ( 'NONE',  ( -3.200000000000000178, 2.250000000000000888, -1.199999999999999956 ) ) ;
#1707 = EDGE_CURVE ( 'NONE', #365, #1002, #333, .T. ) ;
#1708 = FACE_OUTER_BOUND ( 'NONE', #776, .T. ) ;
#1709 = DIRECTION ( 'NONE',  ( 1.000000000000000000, 0.000000000000000000, 0.000000000000000000 ) ) ;
#1710 = ORIENTED_EDGE ( 'NONE', *, *, #1333, .F. ) ;
#1711 = CARTESIAN_POINT ( 'NONE',  ( -3.500000000000000000, -1.897353801849632760E-16, 1.199999999999999734 ) ) ;
#1712 = PRESENTATION_LAYER_ASSIGNMENT (  '', '', ( #1428 ) ) ;
#1713 = FACE_OUTER_BOUND ( 'NONE', #1653, .T. ) ;
#1714 = AXIS2_PLACEMENT_3D ( 'NONE', #1356, #1343, #2137 ) ;
#1715 = ORIENTED_EDGE ( 'NONE', *, *, #931, .F. ) ;
#1716 = ADVANCED_FACE ( 'NONE', ( #1039 ), #1454, .T. ) ;
#1717 = CARTESIAN_POINT ( 'NONE',  ( -2.568901038555458261, 4.200000000000000178, 1.920648239771855836 ) ) ;
#1718 = DIRECTION ( 'NONE',  ( -0.000000000000000000, -0.000000000000000000, 1.000000000000000000 ) ) ;
#1719 = EDGE_CURVE ( 'NONE', #1051, #2267, #1638, .T. ) ;
#1720 = EDGE_CURVE ( 'NONE', #2155, #1459, #70, .T. ) ;
#1721 = DIRECTION ( 'NONE',  ( 1.000000000000000000, 0.000000000000000000, 0.000000000000000000 ) ) ;
#1722 = CARTESIAN_POINT ( 'NONE',  ( 3.499999999999999556, 2.250000000000000000, 2.149999999999999911 ) ) ;
#1723 = ORIENTED_EDGE ( 'NONE', *, *, #1900, .T. ) ;
#1724 = CARTESIAN_POINT ( 'NONE',  ( 0.000000000000000000, 0.1999999999999996503, 0.000000000000000000 ) ) ;
#1725 = PLANE ( 'NONE',  #924 ) ;
#1726 = CARTESIAN_POINT ( 'NONE',  ( 3.200000000000000178, 2.250000000000000888, 1.199999999999999956 ) ) ;
#1727 = DIRECTION ( 'NONE',  ( -0.000000000000000000, -0.000000000000000000, 1.000000000000000000 ) ) ;
#1728 = PLANE ( 'NONE',  #1572 ) ;
#1729 = CARTESIAN_POINT ( 'NONE',  ( 3.649999999999999911, 0.1499999999999997724, -1.199999999999999956 ) ) ;
#1730 = FACE_OUTER_BOUND ( 'NONE', #1585, .T. ) ;
#1731 = ORIENTED_EDGE ( 'NONE', *, *, #1336, .F. ) ;
#1732 = CARTESIAN_POINT ( 'NONE',  ( 3.499999999999999556, 2.250000000000000000, 1.200000000000000178 ) ) ;
#1733 = DIRECTION ( 'NONE',  ( -0.000000000000000000, 1.000000000000000000, -0.000000000000000000 ) ) ;
#1734 = ADVANCED_FACE ( 'NONE', ( #1030 ), #1626, .F. ) ;
#1735 = EDGE_CURVE ( 'NONE', #1693, #231, #1490, .T. ) ;
#1736 = PRESENTATION_STYLE_ASSIGNMENT (( #1969 ) ) ;
#1737 = VECTOR ( 'NONE', #2483, 1000.000000000000000 ) ;
#1738 = ORIENTED_EDGE ( 'NONE', *, *, #537, .F. ) ;
#1739 = DIRECTION ( 'NONE',  ( 1.000000000000000000, 0.000000000000000000, -2.449277384705618321E-16 ) ) ;
#1740 = DIRECTION ( 'NONE',  ( 0.000000000000000000, 1.000000000000000000, 0.000000000000000000 ) ) ;
#1741 = VERTEX_POINT ( 'NONE', #1214 ) ;
#1742 = LINE ( 'NONE', #2522, #1589 ) ;
#1743 = CYLINDRICAL_SURFACE ( 'NONE', #2404, 0.02000000000000005246 ) ;
#1744 = EDGE_CURVE ( 'NONE', #1166, #1609, #2435, .T. ) ;
#1745 = ORIENTED_EDGE ( 'NONE', *, *, #748, .T. ) ;
#1746 = ORIENTED_EDGE ( 'NONE', *, *, #2141, .F. ) ;
#1747 = CARTESIAN_POINT ( 'NONE',  ( -2.350000000000000089, 0.1299999999999999212, -1.199999999999999956 ) ) ;
#1748 = CARTESIAN_POINT ( 'NONE',  ( 1.749999999999999778, 0.1999999999999996503, -1.749999999999999778 ) ) ;
#1749 = VECTOR ( 'NONE', #322, 1000.000000000000114 ) ;
#1750 = MANIFOLD_SOLID_BREP ( 'Boss-Extrude4[2]', #409 ) ;
#1751 = VERTEX_POINT ( 'NONE', #29 ) ;
#1752 = DIRECTION ( 'NONE',  ( -1.000000000000000000, 0.000000000000000000, 1.239088197126291063E-16 ) ) ;
#1753 = DIRECTION ( 'NONE',  ( 0.000000000000000000, 0.000000000000000000, 1.000000000000000000 ) ) ;
#1754 = DIRECTION ( 'NONE',  ( 0.000000000000000000, -0.9961946980917455452, 0.08715574274765820750 ) ) ;
#1755 = CARTESIAN_POINT ( 'NONE',  ( -2.568901038555458705, 4.200000000000000178, 0.1499999999999999667 ) ) ;
#1756 = EDGE_LOOP ( 'NONE', ( #1346, #2196, #2049, #2370 ) ) ;
#1757 = VERTEX_POINT ( 'NONE', #13 ) ;
#1758 = FACE_OUTER_BOUND ( 'NONE', #2416, .T. ) ;
#1759 = CARTESIAN_POINT ( 'NONE',  ( 1.750000000000000000, 0.1999999999999996503, 1.750000000000000222 ) ) ;
#1760 = VERTEX_POINT ( 'NONE', #1432 ) ;
#1761 = SURFACE_STYLE_USAGE ( .BOTH. , #2119 ) ;
#1762 = ORIENTED_EDGE ( 'NONE', *, *, #432, .T. ) ;
#1763 = CARTESIAN_POINT ( 'NONE',  ( 3.320648239771855526, 0.1999999999999996503, 0.000000000000000000 ) ) ;
#1764 = CARTESIAN_POINT ( 'NONE',  ( -3.520000000000000018, 0.1499999999999997724, -1.199999999999999956 ) ) ;
#1765 = ADVANCED_FACE ( 'NONE', ( #2215 ), #448, .F. ) ;
#1766 = EDGE_CURVE ( 'NONE', #1562, #706, #1608, .T. ) ;
#1767 = CARTESIAN_POINT ( 'NONE',  ( 3.520000000000000018, 2.100000000000000533, 1.199999999999999734 ) ) ;
#1768 = PLANE ( 'NONE',  #2105 ) ;
#1769 = ORIENTED_EDGE ( 'NONE', *, *, #403, .T. ) ;
#1770 = CARTESIAN_POINT ( 'NONE',  ( -3.649999999999999911, 2.100000000000000533, -1.199999999999999956 ) ) ;
#1771 = FACE_OUTER_BOUND ( 'NONE', #2197, .T. ) ;
#1772 = ORIENTED_EDGE ( 'NONE', *, *, #2226, .F. ) ;
#1773 = CARTESIAN_POINT ( 'NONE',  ( 3.499999999999999556, 2.250000000000000000, 2.149999999999999911 ) ) ;
#1774 = ADVANCED_FACE ( 'NONE', ( #684 ), #330, .T. ) ;
#1775 = ORIENTED_EDGE ( 'NONE', *, *, #2451, .T. ) ;
#1776 = DIRECTION ( 'NONE',  ( -0.000000000000000000, -0.000000000000000000, -1.000000000000000000 ) ) ;
#1777 = VECTOR ( 'NONE', #283, 1000.000000000000000 ) ;
#1778 = DIRECTION ( 'NONE',  ( 0.000000000000000000, 0.000000000000000000, -1.000000000000000000 ) ) ;
#1779 = CARTESIAN_POINT ( 'NONE',  ( -2.820648239771855970, 4.200000000000000178, -0.1499999999999999389 ) ) ;
#1780 = EDGE_LOOP ( 'NONE', ( #1279, #1345, #218, #159 ) ) ;
#1781 = EDGE_LOOP ( 'NONE', ( #481, #2160, #1082, #2536 ) ) ;
#1782 = DIRECTION ( 'NONE',  ( 0.000000000000000000, 0.000000000000000000, -1.000000000000000000 ) ) ;
#1783 = FACE_OUTER_BOUND ( 'NONE', #1430, .T. ) ;
#1784 = ORIENTED_EDGE ( 'NONE', *, *, #2110, .T. ) ;
#1785 = DIRECTION ( 'NONE',  ( -2.449277384705618321E-16, -0.000000000000000000, -1.000000000000000000 ) ) ;
#1786 = EDGE_LOOP ( 'NONE', ( #568, #807, #636, #8 ) ) ;
#1787 = LINE ( 'NONE', #1959, #1910 ) ;
#1788 = EDGE_CURVE ( 'NONE', #571, #2289, #696, .T. ) ;
#1789 = AXIS2_PLACEMENT_3D ( 'NONE', #206, #2343, #2130 ) ;
#1790 = CARTESIAN_POINT ( 'NONE',  ( 3.499999999999999556, 4.299999999999999822, -1.970648239771855881 ) ) ;
#1791 = FACE_OUTER_BOUND ( 'NONE', #1796, .T. ) ;
#1792 = VERTEX_POINT ( 'NONE', #1077 ) ;
#1793 = EDGE_CURVE ( 'NONE', #1129, #2107, #2099, .T. ) ;
#1794 = ORIENTED_EDGE ( 'NONE', *, *, #1154, .T. ) ;
#1795 = CARTESIAN_POINT ( 'NONE',  ( 3.500000000000000000, 2.100000000000000533, 3.798557292037257227 ) ) ;
#1796 = EDGE_LOOP ( 'NONE', ( #119, #1570, #312, #722 ) ) ;
#1797 = EDGE_CURVE ( 'NONE', #714, #1301, #1105, .T. ) ;
#1798 = LINE ( 'NONE', #459, #1010 ) ;
#1799 = AXIS2_PLACEMENT_3D ( 'NONE', #2548, #771, #1563 ) ;
#1800 = ORIENTED_EDGE ( 'NONE', *, *, #1486, .F. ) ;
#1801 = DIRECTION ( 'NONE',  ( 1.000000000000000000, 0.000000000000000000, 0.000000000000000000 ) ) ;
#1802 = CLOSED_SHELL ( 'NONE', ( #1310, #274, #414, #2421, #853, #2556, #1633, #718, #1765, #1988, #1318, #1507, #770, #1917, #2302, #1578, #488, #225, #898, #1091 ) ) ;
#1803 = CARTESIAN_POINT ( 'NONE',  ( -3.520000000000000018, 2.100000000000000533, -1.199999999999999956 ) ) ;
#1804 = VERTEX_POINT ( 'NONE', #1297 ) ;
#1805 = CARTESIAN_POINT ( 'NONE',  ( 2.350000000000000089, 0.1299999999999999212, 1.199999999999999734 ) ) ;
#1806 = CARTESIAN_POINT ( 'NONE',  ( -2.694774639163657337, 4.200000000000000178, -0.005421480722349773101 ) ) ;
#1807 = ORIENTED_EDGE ( 'NONE', *, *, #988, .F. ) ;
#1808 = ORIENTED_EDGE ( 'NONE', *, *, #1276, .F. ) ;
#1809 = CARTESIAN_POINT ( 'NONE',  ( -2.568901038555458261, 4.200000000000000178, 1.920648239771855836 ) ) ;
#1810 = SURFACE_SIDE_STYLE ('',( #1063 ) ) ;
#1811 = ORIENTED_EDGE ( 'NONE', *, *, #1797, .T. ) ;
#1812 = CARTESIAN_POINT ( 'NONE',  ( 3.649999999999999911, 0.1499999999999997724, 1.199999999999999734 ) ) ;
#1813 = EDGE_CURVE ( 'NONE', #1964, #356, #1267, .T. ) ;
#1814 = EDGE_CURVE ( 'NONE', #2201, #1695, #2101, .T. ) ;
#1815 = ORIENTED_EDGE ( 'NONE', *, *, #2332, .T. ) ;
#1816 = DIRECTION ( 'NONE',  ( 0.000000000000000000, 1.000000000000000000, 0.000000000000000000 ) ) ;
#1817 = VECTOR ( 'NONE', #1536, 1000.000000000000000 ) ;
#1818 = LINE ( 'NONE', #631, #1278 ) ;
#1819 = CYLINDRICAL_SURFACE ( 'NONE', #2567, 0.2000000000000000389 ) ;
#1820 = ORIENTED_EDGE ( 'NONE', *, *, #1449, .T. ) ;
#1821 = VECTOR ( 'NONE', #130, 1000.000000000000000 ) ;
#1822 = VERTEX_POINT ( 'NONE', #1672 ) ;
#1823 = DIRECTION ( 'NONE',  ( 0.000000000000000000, 0.000000000000000000, 1.000000000000000000 ) ) ;
#1824 = CIRCLE ( 'NONE', #707, 0.2000000000000000389 ) ;
#1825 = DIRECTION ( 'NONE',  ( -0.08682659386424761150, 0.9924325091389669673, 0.08682659386424761150 ) ) ;
#1826 = EDGE_CURVE ( 'NONE', #2367, #289, #786, .T. ) ;
#1827 = DIRECTION ( 'NONE',  ( -0.000000000000000000, -0.000000000000000000, -1.000000000000000000 ) ) ;
#1828 = EDGE_LOOP ( 'NONE', ( #2475, #619, #165, #1379 ) ) ;
#1829 = DIRECTION ( 'NONE',  ( 1.000000000000000000, 1.649872871173593843E-16, 0.000000000000000000 ) ) ;
#1830 = DIRECTION ( 'NONE',  ( -0.000000000000000000, 1.000000000000000000, -0.000000000000000000 ) ) ;
#1831 = VECTOR ( 'NONE', #1858, 1000.000000000000000 ) ;
#1832 = VERTEX_POINT ( 'NONE', #308 ) ;
#1833 = CARTESIAN_POINT ( 'NONE',  ( 3.500000000000000000, 2.100000000000000533, 1.199999999999999734 ) ) ;
#1834 = DIRECTION ( 'NONE',  ( 0.000000000000000000, 0.000000000000000000, 1.000000000000000000 ) ) ;
#1835 = EDGE_LOOP ( 'NONE', ( #610, #2439, #1210, #2129 ) ) ;
#1836 = CARTESIAN_POINT ( 'NONE',  ( 1.750000000000000000, 0.1999999999999996503, 1.750000000000000222 ) ) ;
#1837 = ORIENTED_EDGE ( 'NONE', *, *, #2222, .T. ) ;
#1838 = VECTOR ( 'NONE', #2512, 1000.000000000000000 ) ;
#1839 = VERTEX_POINT ( 'NONE', #2090 ) ;
#1840 = VECTOR ( 'NONE', #762, 1000.000000000000000 ) ;
#1841 = DIRECTION ( 'NONE',  ( -1.000000000000000000, -6.195440985631447429E-16, -0.000000000000000000 ) ) ;
#1842 = DIRECTION ( 'NONE',  ( -0.08715574274765820750, 0.9961946980917455452, 0.000000000000000000 ) ) ;
#1843 = ADVANCED_FACE ( 'NONE', ( #340 ), #483, .T. ) ;
#1844 = EDGE_CURVE ( 'NONE', #827, #449, #2487, .T. ) ;
#1845 = EDGE_LOOP ( 'NONE', ( #2085, #1857, #700, #1666, #2380 ) ) ;
#1846 = VERTEX_POINT ( 'NONE', #122 ) ;
#1847 = CARTESIAN_POINT ( 'NONE',  ( -3.500000000000000000, 2.120000000000000995, -0.5000000000000004441 ) ) ;
#1848 = DIRECTION ( 'NONE',  ( 0.000000000000000000, 1.000000000000000000, 0.000000000000000000 ) ) ;
#1849 = ORIENTED_EDGE ( 'NONE', *, *, #990, .F. ) ;
#1850 = DIRECTION ( 'NONE',  ( -0.000000000000000000, 1.000000000000000000, -0.000000000000000000 ) ) ;
#1851 = CARTESIAN_POINT ( 'NONE',  ( 2.350000000000000089, 0.1299999999999999212, 3.798557292037257227 ) ) ;
#1852 = EDGE_LOOP ( 'NONE', ( #1018, #1815, #2258, #2108 ) ) ;
#1853 = AXIS2_PLACEMENT_3D ( 'NONE', #452, #1241, #1590 ) ;
#1854 = EDGE_CURVE ( 'NONE', #2531, #1641, #296, .T. ) ;
#1855 = CARTESIAN_POINT ( 'NONE',  ( -2.864392571534818188, 4.299999999999999822, -1.970648239771855881 ) ) ;
#1856 = DIRECTION ( 'NONE',  ( -1.000000000000000000, -0.000000000000000000, -0.000000000000000000 ) ) ;
#1857 = ORIENTED_EDGE ( 'NONE', *, *, #861, .T. ) ;
#1858 = DIRECTION ( 'NONE',  ( -0.000000000000000000, -0.000000000000000000, 1.000000000000000000 ) ) ;
#1859 = VECTOR ( 'NONE', #1458, 1000.000000000000000 ) ;
#1860 = DIRECTION ( 'NONE',  ( -0.000000000000000000, -0.000000000000000000, 1.000000000000000000 ) ) ;
#1861 = CIRCLE ( 'NONE', #1499, 0.2000000000000000389 ) ;
#1862 = DIRECTION ( 'NONE',  ( -0.08715574274765820750, 0.9961946980917455452, 0.000000000000000000 ) ) ;
#1863 = CARTESIAN_POINT ( 'NONE',  ( 3.500000000000000000, 0.1499999999999997724, 3.798557292037257227 ) ) ;
#1864 = VERTEX_POINT ( 'NONE', #892 ) ;
#1865 = ORIENTED_EDGE ( 'NONE', *, *, #1887, .T. ) ;
#1866 = CARTESIAN_POINT ( 'NONE',  ( -2.694774639163657337, 4.299999999999999822, 0.005421480722349813000 ) ) ;
#1867 = CARTESIAN_POINT ( 'NONE',  ( -3.520000000000000018, 2.100000000000000533, 3.798557292037257227 ) ) ;
#1868 = VERTEX_POINT ( 'NONE', #1509 ) ;
#1869 = DIRECTION ( 'NONE',  ( 0.000000000000000000, 0.000000000000000000, -1.000000000000000000 ) ) ;
#1870 = CARTESIAN_POINT ( 'NONE',  ( -3.500000000000000000, 2.120000000000000995, 3.798557292037257227 ) ) ;
#1871 = VECTOR ( 'NONE', #320, 1000.000000000000000 ) ;
#1872 = CARTESIAN_POINT ( 'NONE',  ( -2.694774639163657337, 4.200000000000000178, -0.005421480722349773101 ) ) ;
#1873 = CARTESIAN_POINT ( 'NONE',  ( -3.500000000000000000, 2.120000000000000995, 3.798557292037257227 ) ) ;
#1874 = EDGE_CURVE ( 'NONE', #1688, #1231, #1684, .T. ) ;
#1875 = ORIENTED_EDGE ( 'NONE', *, *, #2191, .T. ) ;
#1876 = ORIENTED_EDGE ( 'NONE', *, *, #2387, .T. ) ;
#1877 = DIRECTION ( 'NONE',  ( 1.000000000000000000, -0.000000000000000000, -0.000000000000000000 ) ) ;
#1878 = DIRECTION ( 'NONE',  ( -1.000000000000000000, 0.000000000000000000, 0.000000000000000000 ) ) ;
#1879 = VERTEX_POINT ( 'NONE', #2477 ) ;
#1880 = ORIENTED_EDGE ( 'NONE', *, *, #2422, .T. ) ;
#1881 = AXIS2_PLACEMENT_3D ( 'NONE', #456, #1244, #2025 ) ;
#1882 = LINE ( 'NONE', #2247, #2471 ) ;
#1883 = DIRECTION ( 'NONE',  ( -0.000000000000000000, -1.000000000000000000, 0.000000000000000000 ) ) ;
#1884 = LINE ( 'NONE', #723, #16 ) ;
#1885 = DIRECTION ( 'NONE',  ( 0.000000000000000000, -1.000000000000000000, 0.000000000000000000 ) ) ;
#1886 = ORIENTED_EDGE ( 'NONE', *, *, #795, .T. ) ;
#1887 = EDGE_CURVE ( 'NONE', #1291, #416, #2275, .T. ) ;
#1888 = EDGE_CURVE ( 'NONE', #1879, #40, #131, .T. ) ;
#1889 = DIRECTION ( 'NONE',  ( 0.000000000000000000, 0.000000000000000000, -1.000000000000000000 ) ) ;
#1890 = DIRECTION ( 'NONE',  ( 0.9961946980917455452, 0.08715574274765820750, 0.000000000000000000 ) ) ;
#1891 = PLANE ( 'NONE',  #675 ) ;
#1892 = DIRECTION ( 'NONE',  ( 4.898554769411236643E-16, 0.000000000000000000, 1.000000000000000000 ) ) ;
#1893 = LINE ( 'NONE', #513, #1749 ) ;
#1894 = VECTOR ( 'NONE', #2450, 1000.000000000000000 ) ;
#1895 = FACE_OUTER_BOUND ( 'NONE', #1597, .T. ) ;
#1896 = ADVANCED_FACE ( 'NONE', ( #1467 ), #2075, .F. ) ;
#1897 = VECTOR ( 'NONE', #2248, 1000.000000000000000 ) ;
#1898 = ORIENTED_EDGE ( 'NONE', *, *, #1661, .F. ) ;
#1899 = EDGE_LOOP ( 'NONE', ( #2273, #1102, #1295, #1659 ) ) ;
#1900 = EDGE_CURVE ( 'NONE', #2436, #1380, #2297, .T. ) ;
#1901 = EDGE_CURVE ( 'NONE', #1051, #1265, #870, .T. ) ;
#1902 = DIRECTION ( 'NONE',  ( 0.000000000000000000, 0.000000000000000000, 1.000000000000000000 ) ) ;
#1903 = LINE ( 'NONE', #928, #1535 ) ;
#1904 = DIRECTION ( 'NONE',  ( 0.000000000000000000, -0.000000000000000000, -1.000000000000000000 ) ) ;
#1905 = DIRECTION ( 'NONE',  ( 0.000000000000000000, -0.9961946980917455452, -0.08715574274765820750 ) ) ;
#1906 = VERTEX_POINT ( 'NONE', #1387 ) ;
#1907 = DIRECTION ( 'NONE',  ( 0.000000000000000000, -0.000000000000000000, 1.000000000000000000 ) ) ;
#1908 = AXIS2_PLACEMENT_3D ( 'NONE', #1116, #525, #1320 ) ;
#1909 = DIRECTION ( 'NONE',  ( -0.000000000000000000, -0.000000000000000000, -1.000000000000000000 ) ) ;
#1910 = VECTOR ( 'NONE', #2403, 1000.000000000000000 ) ;
#1911 = VECTOR ( 'NONE', #1566, 1000.000000000000000 ) ;
#1912 = ORIENTED_EDGE ( 'NONE', *, *, #1171, .T. ) ;
#1913 = DIRECTION ( 'NONE',  ( 1.000000000000000000, 0.000000000000000000, 0.000000000000000000 ) ) ;
#1914 = DIRECTION ( 'NONE',  ( 0.000000000000000000, 1.000000000000000000, 0.000000000000000000 ) ) ;
#1915 = CARTESIAN_POINT ( 'NONE',  ( -3.200000000000000178, 2.120000000000000995, 1.199999999999999734 ) ) ;
#1916 = ADVANCED_FACE ( 'NONE', ( #1525 ), #1768, .F. ) ;
#1917 = ADVANCED_FACE ( 'NONE', ( #941 ), #1743, .F. ) ;
#1918 = LINE ( 'NONE', #1373, #2488 ) ;
#1919 = VERTEX_POINT ( 'NONE', #1755 ) ;
#1920 = VECTOR ( 'NONE', #531, 1000.000000000000000 ) ;
#1921 = ORIENTED_EDGE ( 'NONE', *, *, #250, .T. ) ;
#1922 = CARTESIAN_POINT ( 'NONE',  ( -3.500000000000000000, 2.120000000000000995, 3.798557292037257227 ) ) ;
#1923 = FACE_OUTER_BOUND ( 'NONE', #2424, .T. ) ;
#1924 = CARTESIAN_POINT ( 'NONE',  ( -3.650000000000001243, 2.100000000000000533, 0.4999999999999997780 ) ) ;
#1925 = ORIENTED_EDGE ( 'NONE', *, *, #1611, .F. ) ;
#1926 = CARTESIAN_POINT ( 'NONE',  ( 3.320648239771855526, 0.1999999999999996503, -1.970648239771855881 ) ) ;
#1927 = DIRECTION ( 'NONE',  ( 0.000000000000000000, -1.000000000000000000, 0.000000000000000000 ) ) ;
#1928 = EDGE_CURVE ( 'NONE', #2474, #2456, #570, .T. ) ;
#1929 = PRESENTATION_LAYER_ASSIGNMENT (  '', '', ( #1612 ) ) ;
#1930 = CARTESIAN_POINT ( 'NONE',  ( -3.500000000000000000, 2.100000000000000533, 1.199999999999999734 ) ) ;
#1931 = LINE ( 'NONE', #2153, #1325 ) ;
#1932 = AXIS2_PLACEMENT_3D ( 'NONE', #105, #888, #877 ) ;
#1933 = ORIENTED_EDGE ( 'NONE', *, *, #214, .T. ) ;
#1934 = ORIENTED_EDGE ( 'NONE', *, *, #1183, .T. ) ;
#1935 = LINE ( 'NONE', #572, #639 ) ;
#1936 = CARTESIAN_POINT ( 'NONE',  ( 2.350000000000000089, 0.000000000000000000, 3.798557292037257227 ) ) ;
#1937 = AXIS2_PLACEMENT_3D ( 'NONE', #2122, #1550, #915 ) ;
#1938 = DIRECTION ( 'NONE',  ( -1.000000000000000000, 0.000000000000000000, 6.195440985631454085E-17 ) ) ;
#1939 = AXIS2_PLACEMENT_3D ( 'NONE', #25, #431, #2000 ) ;
#1940 = ORIENTED_EDGE ( 'NONE', *, *, #179, .F. ) ;
#1941 = AXIS2_PLACEMENT_3D ( 'NONE', #2521, #1514, #155 ) ;
#1942 = DIRECTION ( 'NONE',  ( 1.000000000000000000, 0.000000000000000000, 0.000000000000000000 ) ) ;
#1943 = CARTESIAN_POINT ( 'NONE',  ( -2.568901038555459149, 4.299999999999999822, -1.920648239771855836 ) ) ;
#1944 = AXIS2_PLACEMENT_3D ( 'NONE', #598, #2540, #1966 ) ;
#1945 = DIRECTION ( 'NONE',  ( -0.000000000000000000, -0.000000000000000000, 1.000000000000000000 ) ) ;
#1946 = DIRECTION ( 'NONE',  ( -1.000000000000000000, 1.649872871173593843E-16, 0.000000000000000000 ) ) ;
#1947 = EDGE_LOOP ( 'NONE', ( #1520, #2333, #2427, #1606 ) ) ;
#1948 = AXIS2_PLACEMENT_3D ( 'NONE', #2132, #374, #600 ) ;
#1949 = ORIENTED_EDGE ( 'NONE', *, *, #2332, .F. ) ;
#1950 = DIRECTION ( 'NONE',  ( 1.000000000000000000, 0.000000000000000000, 0.000000000000000000 ) ) ;
#1951 = CARTESIAN_POINT ( 'NONE',  ( -2.820648239771855081, 4.200000000000000178, 1.920648239771855836 ) ) ;
#1952 = ORIENTED_EDGE ( 'NONE', *, *, #1276, .T. ) ;
#1953 = AXIS2_PLACEMENT_3D ( 'NONE', #1032, #2415, #58 ) ;
#1954 = PRESENTATION_STYLE_ASSIGNMENT (( #1761 ) ) ;
#1955 = EDGE_CURVE ( 'NONE', #1355, #2267, #1918, .T. ) ;
#1956 = ADVANCED_FACE ( 'NONE', ( #1730 ), #2125, .F. ) ;
#1957 = VECTOR ( 'NONE', #2490, 1000.000000000000000 ) ;
#1958 = EDGE_LOOP ( 'NONE', ( #2200, #1420, #375, #743, #81 ) ) ;
#1959 = CARTESIAN_POINT ( 'NONE',  ( 3.499999999999999556, 4.299999999999999822, 1.970648239771855881 ) ) ;
#1960 = DIRECTION ( 'NONE',  ( -0.000000000000000000, 0.000000000000000000, -1.000000000000000000 ) ) ;
#1961 = EDGE_LOOP ( 'NONE', ( #694, #1784, #2121, #678 ) ) ;
#1962 = DIRECTION ( 'NONE',  ( 0.000000000000000000, 1.000000000000000000, -1.971276677246361412E-16 ) ) ;
#1963 = DIRECTION ( 'NONE',  ( 0.000000000000000000, -0.000000000000000000, 1.000000000000000000 ) ) ;
#1964 = VERTEX_POINT ( 'NONE', #203 ) ;
#1965 = CARTESIAN_POINT ( 'NONE',  ( -3.488626473741629930, 2.120000000000000995, 2.149999999999999911 ) ) ;
#1966 = DIRECTION ( 'NONE',  ( -0.000000000000000000, 0.000000000000000000, -1.000000000000000000 ) ) ;
#1967 = ORIENTED_EDGE ( 'NONE', *, *, #821, .T. ) ;
#1968 = CLOSED_SHELL ( 'NONE', ( #1503, #1309, #1956, #630, #1532, #735, #1410, #2033, #1547, #190, #606, #1013, #2468, #478 ) ) ;
#1969 = SURFACE_STYLE_USAGE ( .BOTH. , #947 ) ;
#1970 = VERTEX_POINT ( 'NONE', #2523 ) ;
#1971 = CARTESIAN_POINT ( 'NONE',  ( -3.500000000000000000, 0.1299999999999997546, -1.199999999999999956 ) ) ;
#1972 = CARTESIAN_POINT ( 'NONE',  ( 3.200000000000000178, 2.250000000000000888, 1.199999999999999956 ) ) ;
#1973 = LINE ( 'NONE', #825, #42 ) ;
#1974 = CARTESIAN_POINT ( 'NONE',  ( -2.568901038555459149, 4.200000000000000178, -1.920648239771855836 ) ) ;
#1975 = EDGE_LOOP ( 'NONE', ( #1849, #583, #1664, #2507 ) ) ;
#1976 = LINE ( 'NONE', #1809, #1552 ) ;
#1977 = LINE ( 'NONE', #2344, #1290 ) ;
#1978 = ORIENTED_EDGE ( 'NONE', *, *, #276, .F. ) ;
#1979 = ADVANCED_FACE ( 'NONE', ( #1541 ), #171, .T. ) ;
#1980 = VERTEX_POINT ( 'NONE', #2562 ) ;
#1981 = EDGE_CURVE ( 'NONE', #1760, #1792, #2549, .T. ) ;
#1982 = CARTESIAN_POINT ( 'NONE',  ( 3.200000000000000178, 2.250000000000000888, -1.199999999999999956 ) ) ;
#1983 = CIRCLE ( 'NONE', #1533, 0.02000000000000005246 ) ;
#1984 = CARTESIAN_POINT ( 'NONE',  ( -2.820648239771855970, 4.200000000000000178, -1.920648239771855836 ) ) ;
#1985 = EDGE_CURVE ( 'NONE', #1291, #714, #1931, .T. ) ;
#1986 = DIRECTION ( 'NONE',  ( -0.000000000000000000, -0.000000000000000000, -1.000000000000000000 ) ) ;
#1987 = DIRECTION ( 'NONE',  ( 0.000000000000000000, 0.9961946980917455452, -0.08715574274765820750 ) ) ;
#1988 = ADVANCED_FACE ( 'NONE', ( #953 ), #1576, .F. ) ;
#1989 = ORIENTED_EDGE ( 'NONE', *, *, #1123, .F. ) ;
#1990 = CARTESIAN_POINT ( 'NONE',  ( -3.500000000000000000, 2.120000000000000995, -1.199999999999999956 ) ) ;
#1991 = DIRECTION ( 'NONE',  ( -2.449277384705618321E-16, -0.000000000000000000, -1.000000000000000000 ) ) ;
#1992 = EDGE_LOOP ( 'NONE', ( #1027, #587, #2313, #205 ) ) ;
#1993 = CARTESIAN_POINT ( 'NONE',  ( 3.500000000000000000, 2.250000000000000888, 1.199999999999999734 ) ) ;
#1994 = VERTEX_POINT ( 'NONE', #772 ) ;
#1995 = DIRECTION ( 'NONE',  ( 1.000000000000000000, 1.649872871173593843E-16, 0.000000000000000000 ) ) ;
#1996 = VECTOR ( 'NONE', #2066, 1000.000000000000000 ) ;
#1997 = CYLINDRICAL_SURFACE ( 'NONE', #1704, 0.1499999999999999667 ) ;
#1998 = VECTOR ( 'NONE', #698, 1000.000000000000000 ) ;
#1999 = LINE ( 'NONE', #1439, #418 ) ;
#2000 = DIRECTION ( 'NONE',  ( 0.08715574274765820750, -0.9961946980917455452, 0.000000000000000000 ) ) ;
#2001 = ORIENTED_EDGE ( 'NONE', *, *, #705, .T. ) ;
#2002 = EDGE_CURVE ( 'NONE', #1459, #342, #1455, .T. ) ;
#2003 = ORIENTED_EDGE ( 'NONE', *, *, #1814, .F. ) ;
#2004 = ADVANCED_FACE ( 'NONE', ( #2325 ), #544, .T. ) ;
#2005 = LINE ( 'NONE', #1431, #486 ) ;
#2006 = DIRECTION ( 'NONE',  ( 0.000000000000000000, 0.000000000000000000, 1.000000000000000000 ) ) ;
#2007 = ORIENTED_EDGE ( 'NONE', *, *, #293, .F. ) ;
#2008 = DIRECTION ( 'NONE',  ( -0.000000000000000000, -0.000000000000000000, -1.000000000000000000 ) ) ;
#2009 = VECTOR ( 'NONE', #111, 1000.000000000000000 ) ;
#2010 = ORIENTED_EDGE ( 'NONE', *, *, #1955, .F. ) ;
#2011 = PLANE ( 'NONE',  #1853 ) ;
#2012 = ADVANCED_FACE ( 'NONE', ( #1140 ), #756, .F. ) ;
#2013 = DIRECTION ( 'NONE',  ( 4.898554769411236643E-16, 0.000000000000000000, 1.000000000000000000 ) ) ;
#2014 = ORIENTED_EDGE ( 'NONE', *, *, #1707, .F. ) ;
#2015 = DIRECTION ( 'NONE',  ( 0.000000000000000000, -0.000000000000000000, 1.000000000000000000 ) ) ;
#2016 = DIRECTION ( 'NONE',  ( 0.000000000000000000, 0.000000000000000000, -1.000000000000000000 ) ) ;
#2017 = CARTESIAN_POINT ( 'NONE',  ( 3.500000000000000000, -1.897353801849632760E-16, 3.798557292037257227 ) ) ;
#2018 =( GEOMETRIC_REPRESENTATION_CONTEXT ( 3 ) GLOBAL_UNCERTAINTY_ASSIGNED_CONTEXT ( ( #2231 ) ) GLOBAL_UNIT_ASSIGNED_CONTEXT ( ( #2165, #1411, #2364 ) ) REPRESENTATION_CONTEXT ( 'NONE', 'WORKASPACE' ) );
#2019 = ORIENTED_EDGE ( 'NONE', *, *, #1719, .T. ) ;
#2020 = CARTESIAN_POINT ( 'NONE',  ( -3.200000000000000178, 2.250000000000000888, -1.199999999999999956 ) ) ;
#2021 = CARTESIAN_POINT ( 'NONE',  ( -2.568901038555458705, 4.299999999999999822, -0.1499999999999999667 ) ) ;
#2022 = DIRECTION ( 'NONE',  ( -0.000000000000000000, 1.000000000000000000, -0.000000000000000000 ) ) ;
#2023 = VECTOR ( 'NONE', #1946, 1000.000000000000000 ) ;
#2024 = EDGE_LOOP ( 'NONE', ( #1538, #2041, #1886, #1211, #1190, #2036 ) ) ;
#2025 = DIRECTION ( 'NONE',  ( -0.000000000000000000, 0.000000000000000000, -1.000000000000000000 ) ) ;
#2026 = VECTOR ( 'NONE', #441, 1000.000000000000000 ) ;
#2027 = CARTESIAN_POINT ( 'NONE',  ( -3.500000000000000000, 2.250000000000000000, 2.149999999999999911 ) ) ;
#2028 = ORIENTED_EDGE ( 'NONE', *, *, #612, .F. ) ;
#2029 = VECTOR ( 'NONE', #547, 1000.000000000000000 ) ;
#2030 = DIRECTION ( 'NONE',  ( -0.08682659386424761150, -0.9924325091389669673, 0.08682659386424761150 ) ) ;
#2031 = EDGE_CURVE ( 'NONE', #1517, #1021, #1554, .T. ) ;
#2032 = VERTEX_POINT ( 'NONE', #2353 ) ;
#2033 = ADVANCED_FACE ( 'NONE', ( #594 ), #2166, .F. ) ;
#2034 = ADVANCED_FACE ( 'NONE', ( #2379 ), #2392, .T. ) ;
#2035 =( NAMED_UNIT ( * ) SI_UNIT ( $, .STERADIAN. ) SOLID_ANGLE_UNIT ( ) );
#2036 = ORIENTED_EDGE ( 'NONE', *, *, #1955, .T. ) ;
#2037 = VECTOR ( 'NONE', #2008, 1000.000000000000000 ) ;
#2038 = CARTESIAN_POINT ( 'NONE',  ( -2.332489661150379590, 1.699999999999998623, -0.5000000000000002220 ) ) ;
#2039 = CARTESIAN_POINT ( 'NONE',  ( -2.820648239771855081, 4.200000000000000178, 1.920648239771855836 ) ) ;
#2040 = VECTOR ( 'NONE', #2163, 1000.000000000000000 ) ;
#2041 = ORIENTED_EDGE ( 'NONE', *, *, #693, .F. ) ;
#2042 = CARTESIAN_POINT ( 'NONE',  ( -3.500000000000000000, 2.120000000000000995, -1.199999999999999956 ) ) ;
#2043 = SURFACE_SIDE_STYLE ('',( #638 ) ) ;
#2044 = FACE_OUTER_BOUND ( 'NONE', #1240, .T. ) ;
#2045 = ADVANCED_FACE ( 'NONE', ( #1035 ), #243, .F. ) ;
#2046 = ORIENTED_EDGE ( 'NONE', *, *, #210, .T. ) ;
#2047 = LINE ( 'NONE', #65, #2519 ) ;
#2048 = DIRECTION ( 'NONE',  ( 0.000000000000000000, 0.000000000000000000, -1.000000000000000000 ) ) ;
#2049 = ORIENTED_EDGE ( 'NONE', *, *, #1788, .F. ) ;
#2050 = CARTESIAN_POINT ( 'NONE',  ( -3.500000000000000000, 2.250000000000000888, 3.798557292037257227 ) ) ;
#2051 = CARTESIAN_POINT ( 'NONE',  ( -2.694774639163657337, 4.200000000000000178, -0.005421480722349773101 ) ) ;
#2052 = DIRECTION ( 'NONE',  ( 0.000000000000000000, 0.000000000000000000, 1.000000000000000000 ) ) ;
#2053 = CARTESIAN_POINT ( 'NONE',  ( 3.500000000000000000, 0.1499999999999997724, 3.798557292037257227 ) ) ;
#2054 = AXIS2_PLACEMENT_3D ( 'NONE', #247, #635, #1402 ) ;
#2055 = CARTESIAN_POINT ( 'NONE',  ( -3.200000000000000178, 2.250000000000000888, 1.199999999999999956 ) ) ;
#2056 = VECTOR ( 'NONE', #1386, 1000.000000000000000 ) ;
#2057 = DIRECTION ( 'NONE',  ( 1.000000000000000000, -0.000000000000000000, -1.239088197126290817E-16 ) ) ;
#2058 = ADVANCED_FACE ( 'NONE', ( #618 ), #826, .F. ) ;
#2059 = CARTESIAN_POINT ( 'NONE',  ( 1.749999999999999778, 5.149747468305832854, -1.749999999999999778 ) ) ;
#2060 = EDGE_LOOP ( 'NONE', ( #2171, #1068, #135, #758 ) ) ;
#2061 = DIRECTION ( 'NONE',  ( 0.000000000000000000, 0.000000000000000000, -1.000000000000000000 ) ) ;
#2062 = EDGE_CURVE ( 'NONE', #641, #1069, #1620, .T. ) ;
#2063 = DIRECTION ( 'NONE',  ( 0.000000000000000000, 0.000000000000000000, -1.000000000000000000 ) ) ;
#2064 = AXIS2_PLACEMENT_3D ( 'NONE', #1491, #692, #916 ) ;
#2065 = VECTOR ( 'NONE', #1034, 1000.000000000000000 ) ;
#2066 = DIRECTION ( 'NONE',  ( 1.000000000000000000, 0.000000000000000000, 0.000000000000000000 ) ) ;
#2067 = DIRECTION ( 'NONE',  ( -0.000000000000000000, 0.000000000000000000, -1.000000000000000000 ) ) ;
#2068 = VERTEX_POINT ( 'NONE', #53 ) ;
#2069 = ORIENTED_EDGE ( 'NONE', *, *, #2172, .F. ) ;
#2070 = CARTESIAN_POINT ( 'NONE',  ( -2.694774639163657337, 4.200000000000000178, 0.1945785192776502692 ) ) ;
#2071 = LINE ( 'NONE', #91, #1737 ) ;
#2072 = VERTEX_POINT ( 'NONE', #1009 ) ;
#2073 = ORIENTED_EDGE ( 'NONE', *, *, #2501, .F. ) ;
#2074 = CARTESIAN_POINT ( 'NONE',  ( -2.568901038555458705, 4.200000000000000178, -0.1499999999999999667 ) ) ;
#2075 = PLANE ( 'NONE',  #1040 ) ;
#2076 = VECTOR ( 'NONE', #819, 1000.000000000000000 ) ;
#2077 = EDGE_CURVE ( 'NONE', #1839, #1051, #604, .T. ) ;
#2078 = ADVANCED_FACE ( 'NONE', ( #1791 ), #1819, .F. ) ;
#2079 = FACE_OUTER_BOUND ( 'NONE', #75, .T. ) ;
#2080 = CARTESIAN_POINT ( 'NONE',  ( -3.488626473741629930, 2.120000000000000995, 0.4999999999999997780 ) ) ;
#2081 = ORIENTED_EDGE ( 'NONE', *, *, #2167, .T. ) ;
#2082 = EDGE_LOOP ( 'NONE', ( #173, #2069, #920, #1800, #2176, #1762, #93 ) ) ;
#2083 = CARTESIAN_POINT ( 'NONE',  ( 3.200000000000000178, 2.120000000000000995, 1.199999999999999956 ) ) ;
#2084 = CARTESIAN_POINT ( 'NONE',  ( -2.694774639163657337, 4.200000000000000178, 0.005421480722349813000 ) ) ;
#2085 = ORIENTED_EDGE ( 'NONE', *, *, #1404, .F. ) ;
#2086 = VERTEX_POINT ( 'NONE', #812 ) ;
#2087 = EDGE_CURVE ( 'NONE', #1342, #887, #1634, .T. ) ;
#2088 = EDGE_LOOP ( 'NONE', ( #1141, #1512, #1933, #1434 ) ) ;
#2089 = CARTESIAN_POINT ( 'NONE',  ( 3.467582913171111336, 1.879471002042652827, -2.117582913171112136 ) ) ;
#2090 = CARTESIAN_POINT ( 'NONE',  ( -3.320648239771855970, 0.1999999999999996503, -1.970648239771855881 ) ) ;
#2091 = ORIENTED_EDGE ( 'NONE', *, *, #1580, .F. ) ;
#2092 = EDGE_CURVE ( 'NONE', #1074, #1423, #1983, .T. ) ;
#2093 = CARTESIAN_POINT ( 'NONE',  ( -2.820648239771855970, 4.299999999999999822, 0.1500000000000000777 ) ) ;
#2094 = LINE ( 'NONE', #1686, #556 ) ;
#2095 = DIRECTION ( 'NONE',  ( -0.000000000000000000, -1.000000000000000000, -0.000000000000000000 ) ) ;
#2096 = COLOUR_RGB ( '',1.000000000000000000, 1.000000000000000000, 0.000000000000000000 ) ;
#2097 = CARTESIAN_POINT ( 'NONE',  ( 3.200000000000000178, 2.120000000000000995, -1.199999999999999956 ) ) ;
#2098 = PLANE ( 'NONE',  #954 ) ;
#2099 = CIRCLE ( 'NONE', #665, 0.2000000000000000389 ) ;
#2100 = CARTESIAN_POINT ( 'NONE',  ( -3.488626473741629930, 2.120000000000000995, 3.798557292037257227 ) ) ;
#2101 = LINE ( 'NONE', #671, #1897 ) ;
#2102 = AXIS2_PLACEMENT_3D ( 'NONE', #753, #154, #1902 ) ;
#2103 = ORIENTED_EDGE ( 'NONE', *, *, #930, .F. ) ;
#2104 = DIRECTION ( 'NONE',  ( 1.000000000000000000, 0.000000000000000000, -0.000000000000000000 ) ) ;
#2105 = AXIS2_PLACEMENT_3D ( 'NONE', #729, #968, #1963 ) ;
#2106 = CARTESIAN_POINT ( 'NONE',  ( -2.820648239771855081, 4.200000000000000178, 1.920648239771855836 ) ) ;
#2107 = VERTEX_POINT ( 'NONE', #2179 ) ;
#2108 = ORIENTED_EDGE ( 'NONE', *, *, #2449, .T. ) ;
#2109 = ADVANCED_FACE ( 'NONE', ( #419 ), #230, .T. ) ;
#2110 = EDGE_CURVE ( 'NONE', #2340, #1074, #1026, .T. ) ;
#2111 = VECTOR ( 'NONE', #388, 1000.000000000000000 ) ;
#2112 = DIRECTION ( 'NONE',  ( 0.000000000000000000, -1.000000000000000000, 0.000000000000000000 ) ) ;
#2113 = CARTESIAN_POINT ( 'NONE',  ( -3.500000000000000000, 2.100000000000000533, -1.199999999999999956 ) ) ;
#2114 = FACE_OUTER_BOUND ( 'NONE', #2430, .T. ) ;
#2115 = CARTESIAN_POINT ( 'NONE',  ( -2.694774639163657337, 4.200000000000000178, 0.005421480722349813000 ) ) ;
#2116 = ORIENTED_EDGE ( 'NONE', *, *, #2233, .T. ) ;
#2117 = DIRECTION ( 'NONE',  ( -0.000000000000000000, -1.000000000000000000, 0.000000000000000000 ) ) ;
#2118 = DIRECTION ( 'NONE',  ( -1.000000000000000000, 0.000000000000000000, 0.000000000000000000 ) ) ;
#2119 = SURFACE_SIDE_STYLE ('',( #987 ) ) ;
#2120 = EDGE_CURVE ( 'NONE', #747, #186, #1440, .T. ) ;
#2121 = ORIENTED_EDGE ( 'NONE', *, *, #2092, .T. ) ;
#2122 = CARTESIAN_POINT ( 'NONE',  ( -2.694774639163657337, 4.200000000000000178, -0.005421480722349773101 ) ) ;
#2123 = DIRECTION ( 'NONE',  ( -1.000000000000000000, 0.000000000000000000, 0.000000000000000000 ) ) ;
#2124 = DIRECTION ( 'NONE',  ( -0.7057575568079518247, -0.7057575568079518247, 0.06174578541844913393 ) ) ;
#2125 = CYLINDRICAL_SURFACE ( 'NONE', #503, 0.02000000000000005246 ) ;
#2126 = VECTOR ( 'NONE', #1945, 1000.000000000000000 ) ;
#2127 = ORIENTED_EDGE ( 'NONE', *, *, #453, .F. ) ;
#2128 = AXIS2_PLACEMENT_3D ( 'NONE', #1515, #393, #1962 ) ;
#2129 = ORIENTED_EDGE ( 'NONE', *, *, #1744, .F. ) ;
#2130 = DIRECTION ( 'NONE',  ( 0.08715574274765820750, -0.9961946980917455452, 0.000000000000000000 ) ) ;
#2131 = DIRECTION ( 'NONE',  ( 0.000000000000000000, 0.000000000000000000, 1.000000000000000000 ) ) ;
#2132 = CARTESIAN_POINT ( 'NONE',  ( 3.500000000000000000, 0.1499999999999997724, -1.199999999999999956 ) ) ;
#2133 = ORIENTED_EDGE ( 'NONE', *, *, #913, .F. ) ;
#2134 = CARTESIAN_POINT ( 'NONE',  ( 3.520000000000000018, 2.100000000000000533, 1.199999999999999734 ) ) ;
#2135 = CARTESIAN_POINT ( 'NONE',  ( -3.520000000000000018, 2.100000000000000533, 3.798557292037257227 ) ) ;
#2136 = EDGE_CURVE ( 'NONE', #2107, #1627, #254, .T. ) ;
#2137 = DIRECTION ( 'NONE',  ( 0.000000000000000000, 0.000000000000000000, 1.000000000000000000 ) ) ;
#2138 = CARTESIAN_POINT ( 'NONE',  ( 3.500000000000000000, 0.1299999999999997546, 1.199999999999999734 ) ) ;
#2139 = AXIS2_PLACEMENT_3D ( 'NONE', #929, #229, #644 ) ;
#2140 = ORIENTED_EDGE ( 'NONE', *, *, #797, .F. ) ;
#2141 = EDGE_CURVE ( 'NONE', #2566, #289, #66, .T. ) ;
#2142 = ORIENTED_EDGE ( 'NONE', *, *, #1170, .T. ) ;
#2143 = EDGE_CURVE ( 'NONE', #867, #1832, #851, .T. ) ;
#2144 = CARTESIAN_POINT ( 'NONE',  ( -3.500000000000000000, 2.100000000000000533, 0.4999999999999995559 ) ) ;
#2145 = CARTESIAN_POINT ( 'NONE',  ( 3.520000000000000018, 2.100000000000000533, -1.199999999999999956 ) ) ;
#2146 = VECTOR ( 'NONE', #2305, 1000.000000000000000 ) ;
#2147 = AXIS2_PLACEMENT_3D ( 'NONE', #37, #1208, #1987 ) ;
#2148 = ORIENTED_EDGE ( 'NONE', *, *, #1474, .T. ) ;
#2149 = AXIS2_PLACEMENT_3D ( 'NONE', #964, #1753, #978 ) ;
#2150 = CARTESIAN_POINT ( 'NONE',  ( -2.820648239771855970, 4.299999999999999822, -1.920648239771855836 ) ) ;
#2151 = CARTESIAN_POINT ( 'NONE',  ( -2.568901038555458705, 4.299999999999999822, 0.1499999999999999667 ) ) ;
#2152 = CARTESIAN_POINT ( 'NONE',  ( 3.500000000000000000, 2.250000000000000888, -1.199999999999999956 ) ) ;
#2153 = CARTESIAN_POINT ( 'NONE',  ( 3.488626473741629486, 2.120000000000000995, 2.149999999999999911 ) ) ;
#2154 = MECHANICAL_DESIGN_GEOMETRIC_PRESENTATION_REPRESENTATION (  '', ( #1173 ), #1462 ) ;
#2155 = VERTEX_POINT ( 'NONE', #654 ) ;
#2156 = LINE ( 'NONE', #1747, #1911 ) ;
#2157 = DIRECTION ( 'NONE',  ( 0.000000000000000000, 0.000000000000000000, 1.000000000000000000 ) ) ;
#2158 = EDGE_LOOP ( 'NONE', ( #404, #682, #897, #1837, #26 ) ) ;
#2159 = ADVANCED_FACE ( 'NONE', ( #407 ), #1195, .T. ) ;
#2160 = ORIENTED_EDGE ( 'NONE', *, *, #1103, .F. ) ;
#2161 = AXIS2_PLACEMENT_3D ( 'NONE', #2476, #695, #1494 ) ;
#2162 = ORIENTED_EDGE ( 'NONE', *, *, #1237, .T. ) ;
#2163 = DIRECTION ( 'NONE',  ( -1.000000000000000000, 0.000000000000000000, 1.239088197126291063E-16 ) ) ;
#2164 = CARTESIAN_POINT ( 'NONE',  ( -3.520000000000000018, 1.699999999999997957, 0.4999999999999997780 ) ) ;
#2165 =( LENGTH_UNIT ( ) NAMED_UNIT ( * ) SI_UNIT ( .MILLI., .METRE. ) );
#2166 = PLANE ( 'NONE',  #425 ) ;
#2167 = EDGE_CURVE ( 'NONE', #1623, #2375, #796, .T. ) ;
#2168 = EDGE_LOOP ( 'NONE', ( #1443, #472, #2563, #1934 ) ) ;
#2169 = DIRECTION ( 'NONE',  ( 0.000000000000000000, 1.000000000000000000, 0.000000000000000000 ) ) ;
#2170 = DIRECTION ( 'NONE',  ( 4.898554769411236643E-16, 0.000000000000000000, 1.000000000000000000 ) ) ;
#2171 = ORIENTED_EDGE ( 'NONE', *, *, #2143, .F. ) ;
#2172 = EDGE_CURVE ( 'NONE', #449, #1493, #2071, .T. ) ;
#2173 = AXIS2_PLACEMENT_3D ( 'NONE', #1392, #1938, #182 ) ;
#2174 = FILL_AREA_STYLE ('',( #1334 ) ) ;
#2175 = ADVANCED_FACE ( 'NONE', ( #2459 ), #492, .F. ) ;
#2176 = ORIENTED_EDGE ( 'NONE', *, *, #345, .T. ) ;
#2177 = PLANE ( 'NONE',  #1080 ) ;
#2178 = PRESENTATION_STYLE_ASSIGNMENT (( #2209 ) ) ;
#2179 = CARTESIAN_POINT ( 'NONE',  ( -2.820648239771855970, 4.200000000000000178, 0.1500000000000000777 ) ) ;
#2180 = ORIENTED_EDGE ( 'NONE', *, *, #432, .F. ) ;
#2181 = CARTESIAN_POINT ( 'NONE',  ( -2.820648239771855081, 4.200000000000000178, 1.920648239771855836 ) ) ;
#2182 = VECTOR ( 'NONE', #1829, 1000.000000000000000 ) ;
#2183 = CARTESIAN_POINT ( 'NONE',  ( 3.500000000000000000, 2.100000000000000533, 1.199999999999999734 ) ) ;
#2184 = ORIENTED_EDGE ( 'NONE', *, *, #1707, .T. ) ;
#2185 = CARTESIAN_POINT ( 'NONE',  ( -2.568901038555458705, 4.200000000000000178, -0.1499999999999999667 ) ) ;
#2186 = ORIENTED_EDGE ( 'NONE', *, *, #2351, .F. ) ;
#2187 = VECTOR ( 'NONE', #212, 1000.000000000000000 ) ;
#2188 = CARTESIAN_POINT ( 'NONE',  ( 2.350000000000000089, 0.000000000000000000, -1.199999999999999956 ) ) ;
#2189 = VECTOR ( 'NONE', #1856, 1000.000000000000000 ) ;
#2190 = LINE ( 'NONE', #35, #1625 ) ;
#2191 = EDGE_CURVE ( 'NONE', #384, #1294, #1692, .T. ) ;
#2192 = ADVANCED_FACE ( 'NONE', ( #889 ), #2285, .T. ) ;
#2193 = PRODUCT_DEFINITION_FORMATION_WITH_SPECIFIED_SOURCE ( 'ANY', '', #2322, .NOT_KNOWN. ) ;
#2194 = CARTESIAN_POINT ( 'NONE',  ( -2.820648239771855970, 4.200000000000000178, -0.1499999999999999389 ) ) ;
#2195 = DIRECTION ( 'NONE',  ( 1.000000000000000000, 0.000000000000000000, 0.000000000000000000 ) ) ;
#2196 = ORIENTED_EDGE ( 'NONE', *, *, #800, .F. ) ;
#2197 = EDGE_LOOP ( 'NONE', ( #815, #1239, #2399, #738, #255, #2280, #189, #199, #1539, #54, #2148, #1375 ) ) ;
#2198 = FACE_OUTER_BOUND ( 'NONE', #380, .T. ) ;
#2199 = DIRECTION ( 'NONE',  ( 1.000000000000000000, 0.000000000000000000, -0.000000000000000000 ) ) ;
#2200 = ORIENTED_EDGE ( 'NONE', *, *, #1171, .F. ) ;
#2201 = VERTEX_POINT ( 'NONE', #2260 ) ;
#2202 = CARTESIAN_POINT ( 'NONE',  ( 3.520000000000000018, 2.100000000000000533, -1.199999999999999956 ) ) ;
#2203 = ADVANCED_FACE ( 'NONE', ( #901 ), #1086, .F. ) ;
#2204 = ORIENTED_EDGE ( 'NONE', *, *, #2233, .F. ) ;
#2205 = VECTOR ( 'NONE', #2030, 1000.000000000000114 ) ;
#2206 = LINE ( 'NONE', #1204, #2065 ) ;
#2207 = VECTOR ( 'NONE', #922, 1000.000000000000000 ) ;
#2208 = CIRCLE ( 'NONE', #969, 0.02000000000000005246 ) ;
#2209 = SURFACE_STYLE_USAGE ( .BOTH. , #1398 ) ;
#2210 = DIRECTION ( 'NONE',  ( 0.000000000000000000, 0.000000000000000000, 1.000000000000000000 ) ) ;
#2211 = AXIS2_PLACEMENT_3D ( 'NONE', #1595, #1227, #1445 ) ;
#2212 = ORIENTED_EDGE ( 'NONE', *, *, #1854, .T. ) ;
#2213 = ORIENTED_EDGE ( 'NONE', *, *, #1766, .F. ) ;
#2214 = FACE_BOUND ( 'NONE', #108, .T. ) ;
#2215 = FACE_OUTER_BOUND ( 'NONE', #260, .T. ) ;
#2216 = AXIS2_PLACEMENT_3D ( 'NONE', #1683, #1465, #1304 ) ;
#2217 = ORIENTED_EDGE ( 'NONE', *, *, #1237, .F. ) ;
#2218 = VERTEX_POINT ( 'NONE', #717 ) ;
#2219 = FACE_OUTER_BOUND ( 'NONE', #476, .T. ) ;
#2220 = DIRECTION ( 'NONE',  ( -0.000000000000000000, 1.000000000000000000, 0.000000000000000000 ) ) ;
#2221 = ORIENTED_EDGE ( 'NONE', *, *, #402, .T. ) ;
#2222 = EDGE_CURVE ( 'NONE', #2566, #571, #1861, .T. ) ;
#2223 = ORIENTED_EDGE ( 'NONE', *, *, #110, .T. ) ;
#2224 = CARTESIAN_POINT ( 'NONE',  ( -2.568901038555458261, 4.299999999999999822, 1.920648239771855836 ) ) ;
#2225 = ADVANCED_FACE ( 'NONE', ( #106 ), #1679, .F. ) ;
#2226 = EDGE_CURVE ( 'NONE', #186, #623, #878, .T. ) ;
#2227 = LINE ( 'NONE', #1993, #1673 ) ;
#2228 = ORIENTED_EDGE ( 'NONE', *, *, #2141, .T. ) ;
#2229 = LINE ( 'NONE', #2038, #742 ) ;
#2230 = LINE ( 'NONE', #864, #1371 ) ;
#2231 = UNCERTAINTY_MEASURE_WITH_UNIT (LENGTH_MEASURE( 1.000000000000000082E-05 ), #2165, 'distance_accuracy_value', 'NONE');
#2232 = VERTEX_POINT ( 'NONE', #703 ) ;
#2233 = EDGE_CURVE ( 'NONE', #1061, #714, #1668, .T. ) ;
#2234 = DIRECTION ( 'NONE',  ( -1.000000000000000000, 0.000000000000000000, -1.221292832023147927E-31 ) ) ;
#2235 = ORIENTED_EDGE ( 'NONE', *, *, #1660, .T. ) ;
#2236 = DIRECTION ( 'NONE',  ( -1.000000000000000000, -1.649872871173593843E-16, 0.000000000000000000 ) ) ;
#2237 = AXIS2_PLACEMENT_3D ( 'NONE', #1545, #2131, #373 ) ;
#2238 = DIRECTION ( 'NONE',  ( -1.000000000000000000, 1.649872871173593843E-16, 0.000000000000000000 ) ) ;
#2239 = DIRECTION ( 'NONE',  ( 0.08682659386424761150, 0.9924325091389669673, 0.08682659386424761150 ) ) ;
#2240 = VERTEX_POINT ( 'NONE', #80 ) ;
#2241 = ORIENTED_EDGE ( 'NONE', *, *, #1574, .F. ) ;
#2242 = VECTOR ( 'NONE', #1685, 1000.000000000000000 ) ;
#2243 = DIRECTION ( 'NONE',  ( -0.000000000000000000, -0.000000000000000000, -1.000000000000000000 ) ) ;
#2244 = CARTESIAN_POINT ( 'NONE',  ( -2.820648239771855970, 4.200000000000000178, -0.1499999999999999389 ) ) ;
#2245 = AXIS2_PLACEMENT_3D ( 'NONE', #2106, #1079, #1308 ) ;
#2246 = ORIENTED_EDGE ( 'NONE', *, *, #214, .F. ) ;
#2247 = CARTESIAN_POINT ( 'NONE',  ( 3.499999999999999556, 2.250000000000000000, 2.149999999999999911 ) ) ;
#2248 = DIRECTION ( 'NONE',  ( 0.000000000000000000, -1.000000000000000000, 0.000000000000000000 ) ) ;
#2249 = EDGE_CURVE ( 'NONE', #2289, #2552, #2473, .T. ) ;
#2250 = ORIENTED_EDGE ( 'NONE', *, *, #1640, .F. ) ;
#2251 = CARTESIAN_POINT ( 'NONE',  ( -2.820648239771855970, 4.200000000000000178, -0.1499999999999999389 ) ) ;
#2252 = DIRECTION ( 'NONE',  ( 1.000000000000000000, 0.000000000000000000, -0.000000000000000000 ) ) ;
#2253 = EDGE_CURVE ( 'NONE', #1623, #827, #701, .T. ) ;
#2254 = ORIENTED_EDGE ( 'NONE', *, *, #98, .T. ) ;
#2255 = APPLICATION_CONTEXT ( 'automotive_design' ) ;
#2256 = AXIS2_PLACEMENT_3D ( 'NONE', #1328, #728, #1904 ) ;
#2257 = EDGE_CURVE ( 'NONE', #625, #903, #2269, .T. ) ;
#2258 = ORIENTED_EDGE ( 'NONE', *, *, #2087, .T. ) ;
#2259 = CARTESIAN_POINT ( 'NONE',  ( -3.320648239771855970, 0.1999999999999996503, 1.970648239771855881 ) ) ;
#2260 = CARTESIAN_POINT ( 'NONE',  ( 3.200000000000000178, 2.250000000000000888, -1.199999999999999956 ) ) ;
#2261 = ORIENTED_EDGE ( 'NONE', *, *, #2077, .T. ) ;
#2262 = CARTESIAN_POINT ( 'NONE',  ( -2.864392571534818188, 4.299999999999999822, 1.970648239771855881 ) ) ;
#2263 = CARTESIAN_POINT ( 'NONE',  ( -1.750000000000000000, 0.000000000000000000, 1.750000000000000666 ) ) ;
#2264 = DIRECTION ( 'NONE',  ( -0.000000000000000000, -1.000000000000000000, -0.000000000000000000 ) ) ;
#2265 = DIRECTION ( 'NONE',  ( -1.000000000000000000, 0.000000000000000000, 0.000000000000000000 ) ) ;
#2266 = ORIENTED_EDGE ( 'NONE', *, *, #74, .F. ) ;
#2267 = VERTEX_POINT ( 'NONE', #317 ) ;
#2268 = CARTESIAN_POINT ( 'NONE',  ( -2.820648239771855081, 4.299999999999999822, 1.920648239771855836 ) ) ;
#2269 = LINE ( 'NONE', #2244, #1245 ) ;
#2270 = EDGE_CURVE ( 'NONE', #1257, #2232, #1073, .T. ) ;
#2271 = EDGE_CURVE ( 'NONE', #2068, #551, #2230, .T. ) ;
#2272 = VECTOR ( 'NONE', #2532, 1000.000000000000000 ) ;
#2273 = ORIENTED_EDGE ( 'NONE', *, *, #1206, .T. ) ;
#2274 = CARTESIAN_POINT ( 'NONE',  ( -2.820648239771855970, 4.299999999999999822, -0.1499999999999999389 ) ) ;
#2275 = LINE ( 'NONE', #1697, #2359 ) ;
#2276 = VECTOR ( 'NONE', #394, 1000.000000000000114 ) ;
#2277 = VECTOR ( 'NONE', #2349, 1000.000000000000000 ) ;
#2278 = CARTESIAN_POINT ( 'NONE',  ( -3.649999999999999911, 2.100000000000000533, 3.798557292037257227 ) ) ;
#2279 = LINE ( 'NONE', #1873, #2497 ) ;
#2280 = ORIENTED_EDGE ( 'NONE', *, *, #1720, .T. ) ;
#2281 = CARTESIAN_POINT ( 'NONE',  ( 0.000000000000000000, 0.000000000000000000, 0.000000000000000000 ) ) ;
#2282 = EDGE_CURVE ( 'NONE', #1792, #416, #480, .T. ) ;
#2283 = DIRECTION ( 'NONE',  ( 7.885106708985444660E-16, -1.000000000000000000, 1.971276677246361165E-16 ) ) ;
#2284 = AXIS2_PLACEMENT_3D ( 'NONE', #2518, #737, #1530 ) ;
#2285 = PLANE ( 'NONE',  #997 ) ;
#2286 = VECTOR ( 'NONE', #1144, 1000.000000000000000 ) ;
#2287 = DIRECTION ( 'NONE',  ( 1.000000000000000000, 0.000000000000000000, 0.000000000000000000 ) ) ;
#2288 = DIRECTION ( 'NONE',  ( -2.449277384705618321E-16, -0.000000000000000000, -1.000000000000000000 ) ) ;
#2289 = VERTEX_POINT ( 'NONE', #2039 ) ;
#2290 = LINE ( 'NONE', #1078, #2242 ) ;
#2291 = LINE ( 'NONE', #323, #1381 ) ;
#2292 = ORIENTED_EDGE ( 'NONE', *, *, #763, .T. ) ;
#2293 = DIRECTION ( 'NONE',  ( 0.000000000000000000, 1.000000000000000000, 0.000000000000000000 ) ) ;
#2294 = CARTESIAN_POINT ( 'NONE',  ( -2.694774639163657337, 4.200000000000000178, -0.005421480722349773101 ) ) ;
#2295 = ORIENTED_EDGE ( 'NONE', *, *, #2501, .T. ) ;
#2296 = DIRECTION ( 'NONE',  ( -1.000000000000000000, -0.000000000000000000, -0.000000000000000000 ) ) ;
#2297 = LINE ( 'NONE', #532, #1702 ) ;
#2298 = VERTEX_POINT ( 'NONE', #1059 ) ;
#2299 = CARTESIAN_POINT ( 'NONE',  ( -3.649999999999999911, 0.1499999999999997724, -1.199999999999999956 ) ) ;
#2300 = LINE ( 'NONE', #536, #1466 ) ;
#2301 = EDGE_CURVE ( 'NONE', #1225, #1415, #2444, .T. ) ;
#2302 = ADVANCED_FACE ( 'NONE', ( #1126 ), #1728, .F. ) ;
#2303 = CARTESIAN_POINT ( 'NONE',  ( -3.364392571534817744, 3.800000000000000266, -2.014392571534817655 ) ) ;
#2304 = VECTOR ( 'NONE', #1986, 1000.000000000000000 ) ;
#2305 = DIRECTION ( 'NONE',  ( 0.000000000000000000, 1.000000000000000000, -0.000000000000000000 ) ) ;
#2306 = DIRECTION ( 'NONE',  ( 0.000000000000000000, -0.000000000000000000, -1.000000000000000000 ) ) ;
#2307 = ORIENTED_EDGE ( 'NONE', *, *, #1370, .T. ) ;
#2308 = CARTESIAN_POINT ( 'NONE',  ( -2.694774639163657337, 4.200000000000000178, 0.005421480722349813000 ) ) ;
#2309 = DIRECTION ( 'NONE',  ( -0.000000000000000000, -0.000000000000000000, -1.000000000000000000 ) ) ;
#2310 = EDGE_CURVE ( 'NONE', #2232, #1355, #351, .T. ) ;
#2311 = EDGE_LOOP ( 'NONE', ( #948, #1635, #2127, #651 ) ) ;
#2312 = AXIS2_PLACEMENT_3D ( 'NONE', #1159, #576, #1942 ) ;
#2313 = ORIENTED_EDGE ( 'NONE', *, *, #2270, .T. ) ;
#2314 = DIRECTION ( 'NONE',  ( 0.000000000000000000, 0.000000000000000000, 1.000000000000000000 ) ) ;
#2315 = VECTOR ( 'NONE', #2013, 1000.000000000000000 ) ;
#2316 = FACE_OUTER_BOUND ( 'NONE', #1460, .T. ) ;
#2317 = AXIS2_PLACEMENT_3D ( 'NONE', #22, #1778, #1631 ) ;
#2318 = CARTESIAN_POINT ( 'NONE',  ( -3.500000000000000000, 2.120000000000000995, -1.199999999999999956 ) ) ;
#2319 = ORIENTED_EDGE ( 'NONE', *, *, #820, .F. ) ;
#2320 = LINE ( 'NONE', #2097, #172 ) ;
#2321 = DIRECTION ( 'NONE',  ( -0.000000000000000000, -1.000000000000000000, 0.000000000000000000 ) ) ;
#2322 = PRODUCT ( 'T543X687M2R5AHE006', 'T543X687M2R5AHE006', '', ( #313 ) ) ;
#2323 = ORIENTED_EDGE ( 'NONE', *, *, #1217, .T. ) ;
#2324 = DIRECTION ( 'NONE',  ( 0.000000000000000000, 1.000000000000000000, -0.000000000000000000 ) ) ;
#2325 = FACE_OUTER_BOUND ( 'NONE', #1354, .T. ) ;
#2326 = ORIENTED_EDGE ( 'NONE', *, *, #477, .T. ) ;
#2327 = LINE ( 'NONE', #731, #1178 ) ;
#2328 = VECTOR ( 'NONE', #71, 1000.000000000000000 ) ;
#2329 = FACE_OUTER_BOUND ( 'NONE', #1044, .T. ) ;
#2330 = CARTESIAN_POINT ( 'NONE',  ( 1.749999999999999778, 5.149747468305832854, -1.749999999999999778 ) ) ;
#2331 = VECTOR ( 'NONE', #233, 1000.000000000000000 ) ;
#2332 = EDGE_CURVE ( 'NONE', #942, #1342, #1621, .T. ) ;
#2333 = ORIENTED_EDGE ( 'NONE', *, *, #1427, .T. ) ;
#2334 = CARTESIAN_POINT ( 'NONE',  ( -3.520000000000000018, 0.1499999999999997724, -1.199999999999999956 ) ) ;
#2335 = LINE ( 'NONE', #2135, #136 ) ;
#2336 = ORIENTED_EDGE ( 'NONE', *, *, #2352, .F. ) ;
#2337 = EDGE_CURVE ( 'NONE', #1627, #1101, #740, .T. ) ;
#2338 = FACE_OUTER_BOUND ( 'NONE', #1845, .T. ) ;
#2339 = DIRECTION ( 'NONE',  ( 1.000000000000000000, 0.000000000000000000, 0.000000000000000000 ) ) ;
#2340 = VERTEX_POINT ( 'NONE', #566 ) ;
#2341 = AXIS2_PLACEMENT_3D ( 'NONE', #2181, #1029, #842 ) ;
#2342 = ORIENTED_EDGE ( 'NONE', *, *, #1123, .T. ) ;
#2343 = DIRECTION ( 'NONE',  ( -0.9961946980917455452, -0.08715574274765820750, 0.000000000000000000 ) ) ;
#2344 = CARTESIAN_POINT ( 'NONE',  ( -3.520000000000000018, 0.1499999999999997724, 1.199999999999999734 ) ) ;
#2345 = LINE ( 'NONE', #163, #1840 ) ;
#2346 = UNCERTAINTY_MEASURE_WITH_UNIT (LENGTH_MEASURE( 1.000000000000000082E-05 ), #1006, 'distance_accuracy_value', 'NONE');
#2347 = ORIENTED_EDGE ( 'NONE', *, *, #2500, .F. ) ;
#2348 = PLANE ( 'NONE',  #1038 ) ;
#2349 = DIRECTION ( 'NONE',  ( 0.000000000000000000, 1.000000000000000000, 0.000000000000000000 ) ) ;
#2350 = CARTESIAN_POINT ( 'NONE',  ( -3.500000000000000000, 2.250000000000000888, -1.199999999999999956 ) ) ;
#2351 = EDGE_CURVE ( 'NONE', #1695, #1970, #1903, .T. ) ;
#2352 = EDGE_CURVE ( 'NONE', #1294, #2461, #1148, .T. ) ;
#2353 = CARTESIAN_POINT ( 'NONE',  ( -2.820648239771855970, 4.200000000000000178, -1.920648239771855836 ) ) ;
#2354 = ORIENTED_EDGE ( 'NONE', *, *, #980, .T. ) ;
#2355 = DIRECTION ( 'NONE',  ( 0.000000000000000000, 0.000000000000000000, -1.000000000000000000 ) ) ;
#2356 = LINE ( 'NONE', #207, #2363 ) ;
#2357 = ORIENTED_EDGE ( 'NONE', *, *, #2002, .F. ) ;
#2358 =( NAMED_UNIT ( * ) SI_UNIT ( $, .STERADIAN. ) SOLID_ANGLE_UNIT ( ) );
#2359 = VECTOR ( 'NONE', #721, 1000.000000000000114 ) ;
#2360 = ORIENTED_EDGE ( 'NONE', *, *, #2222, .F. ) ;
#2361 = PLANE ( 'NONE',  #1531 ) ;
#2362 = EDGE_CURVE ( 'NONE', #1822, #309, #1124, .T. ) ;
#2363 = VECTOR ( 'NONE', #2554, 1000.000000000000000 ) ;
#2364 =( NAMED_UNIT ( * ) SI_UNIT ( $, .STERADIAN. ) SOLID_ANGLE_UNIT ( ) );
#2365 = DIRECTION ( 'NONE',  ( 0.000000000000000000, 0.000000000000000000, 1.000000000000000000 ) ) ;
#2366 = EDGE_CURVE ( 'NONE', #1036, #2566, #1824, .T. ) ;
#2367 = VERTEX_POINT ( 'NONE', #2151 ) ;
#2368 = PLANE ( 'NONE',  #1384 ) ;
#2369 = CARTESIAN_POINT ( 'NONE',  ( -2.568901038555459149, 4.200000000000000178, -1.920648239771855836 ) ) ;
#2370 = ORIENTED_EDGE ( 'NONE', *, *, #1119, .T. ) ;
#2371 = AXIS2_PLACEMENT_3D ( 'NONE', #1863, #1909, #114 ) ;
#2372 =( GEOMETRIC_REPRESENTATION_CONTEXT ( 3 ) GLOBAL_UNCERTAINTY_ASSIGNED_CONTEXT ( ( #2446 ) ) GLOBAL_UNIT_ASSIGNED_CONTEXT ( ( #611, #1457, #32 ) ) REPRESENTATION_CONTEXT ( 'NONE', 'WORKASPACE' ) );
#2373 = FACE_OUTER_BOUND ( 'NONE', #204, .T. ) ;
#2374 = AXIS2_PLACEMENT_3D ( 'NONE', #1930, #381, #1721 ) ;
#2375 = VERTEX_POINT ( 'NONE', #2560 ) ;
#2376 = LINE ( 'NONE', #1763, #1180 ) ;
#2377 = CARTESIAN_POINT ( 'NONE',  ( 1.750000000000000000, 0.1999999999999996503, 1.750000000000000222 ) ) ;
#2378 = DIRECTION ( 'NONE',  ( -0.000000000000000000, 1.000000000000000000, -0.000000000000000000 ) ) ;
#2379 = FACE_OUTER_BOUND ( 'NONE', #1158, .T. ) ;
#2380 = ORIENTED_EDGE ( 'NONE', *, *, #1981, .F. ) ;
#2381 = ORIENTED_EDGE ( 'NONE', *, *, #2271, .T. ) ;
#2382 = DIRECTION ( 'NONE',  ( 0.000000000000000000, 0.000000000000000000, 1.000000000000000000 ) ) ;
#2383 = CARTESIAN_POINT ( 'NONE',  ( -3.447227998185530495, 1.646813259139202623, -2.097227998185530851 ) ) ;
#2384 = ORIENTED_EDGE ( 'NONE', *, *, #1444, .T. ) ;
#2385 = SURFACE_STYLE_USAGE ( .BOTH. , #2043 ) ;
#2386 = ADVANCED_FACE ( 'NONE', ( #1177 ), #168, .F. ) ;
#2387 = EDGE_CURVE ( 'NONE', #1021, #1110, #1537, .T. ) ;
#2388 = ORIENTED_EDGE ( 'NONE', *, *, #2282, .F. ) ;
#2389 = DIRECTION ( 'NONE',  ( -0.000000000000000000, -0.000000000000000000, -1.000000000000000000 ) ) ;
#2390 = DIRECTION ( 'NONE',  ( 0.08682659386424761150, -0.9924325091389669673, -0.08682659386424761150 ) ) ;
#2391 = LINE ( 'NONE', #216, #865 ) ;
#2392 = PLANE ( 'NONE',  #2147 ) ;
#2393 = ORIENTED_EDGE ( 'NONE', *, *, #2418, .T. ) ;
#2394 = AXIS2_PLACEMENT_3D ( 'NONE', #2183, #2426, #856 ) ;
#2395 = ORIENTED_EDGE ( 'NONE', *, *, #446, .F. ) ;
#2396 = DIRECTION ( 'NONE',  ( -2.449277384705618321E-16, 0.000000000000000000, -1.000000000000000000 ) ) ;
#2397 = VECTOR ( 'NONE', #653, 1000.000000000000000 ) ;
#2398 =( NAMED_UNIT ( * ) PLANE_ANGLE_UNIT ( ) SI_UNIT ( $, .RADIAN. ) );
#2399 = ORIENTED_EDGE ( 'NONE', *, *, #820, .T. ) ;
#2400 = ADVANCED_FACE ( 'NONE', ( #2509 ), #2098, .F. ) ;
#2401 = CARTESIAN_POINT ( 'NONE',  ( -3.500000000000000000, 2.250000000000000000, 2.149999999999999911 ) ) ;
#2402 = ORIENTED_EDGE ( 'NONE', *, *, #1046, .T. ) ;
#2403 = DIRECTION ( 'NONE',  ( 1.000000000000000000, -0.000000000000000000, -0.000000000000000000 ) ) ;
#2404 = AXIS2_PLACEMENT_3D ( 'NONE', #932, #580, #1128 ) ;
#2405 = DIRECTION ( 'NONE',  ( 1.000000000000000000, 0.000000000000000000, 0.000000000000000000 ) ) ;
#2406 = VECTOR ( 'NONE', #727, 1000.000000000000000 ) ;
#2407 = LINE ( 'NONE', #1790, #1363 ) ;
#2408 = DIRECTION ( 'NONE',  ( -0.000000000000000000, -0.000000000000000000, -1.000000000000000000 ) ) ;
#2409 = VECTOR ( 'NONE', #1362, 1000.000000000000000 ) ;
#2410 = ORIENTED_EDGE ( 'NONE', *, *, #1888, .T. ) ;
#2411 = VERTEX_POINT ( 'NONE', #950 ) ;
#2412 = CARTESIAN_POINT ( 'NONE',  ( -3.200000000000000178, 2.120000000000000995, 1.199999999999999956 ) ) ;
#2413 = CARTESIAN_POINT ( 'NONE',  ( -3.649999999999999911, 2.100000000000000533, -1.199999999999999956 ) ) ;
#2414 = ORIENTED_EDGE ( 'NONE', *, *, #1247, .T. ) ;
#2415 = DIRECTION ( 'NONE',  ( -1.000000000000000000, 0.000000000000000000, 0.000000000000000000 ) ) ;
#2416 = EDGE_LOOP ( 'NONE', ( #245, #2292, #1004, #2254, #2484, #2007, #1109, #1543 ) ) ;
#2417 = CARTESIAN_POINT ( 'NONE',  ( -3.500000000000000000, 2.100000000000000533, 3.798557292037257227 ) ) ;
#2418 = EDGE_CURVE ( 'NONE', #1741, #1622, #529, .T. ) ;
#2419 = VECTOR ( 'NONE', #787, 1000.000000000000000 ) ;
#2420 = DIRECTION ( 'NONE',  ( -0.000000000000000000, -0.000000000000000000, -1.000000000000000000 ) ) ;
#2421 = ADVANCED_FACE ( 'NONE', ( #336 ), #2533, .F. ) ;
#2422 = EDGE_CURVE ( 'NONE', #1751, #2461, #2335, .T. ) ;
#2423 = EDGE_LOOP ( 'NONE', ( #174, #828, #2213, #741 ) ) ;
#2424 = EDGE_LOOP ( 'NONE', ( #47, #1153, #1196, #1559 ) ) ;
#2425 = FACE_OUTER_BOUND ( 'NONE', #1947, .T. ) ;
#2426 = DIRECTION ( 'NONE',  ( -0.000000000000000000, -0.000000000000000000, -1.000000000000000000 ) ) ;
#2427 = ORIENTED_EDGE ( 'NONE', *, *, #1640, .T. ) ;
#2428 = LINE ( 'NONE', #2185, #1054 ) ;
#2429 = ORIENTED_EDGE ( 'NONE', *, *, #348, .F. ) ;
#2430 = EDGE_LOOP ( 'NONE', ( #605, #1199, #1464, #1207, #64, #890, #1875, #1505 ) ) ;
#2431 = LINE ( 'NONE', #1502, #581 ) ;
#2432 = DIRECTION ( 'NONE',  ( 1.000000000000000000, -1.649872871173593843E-16, 0.000000000000000000 ) ) ;
#2433 = ORIENTED_EDGE ( 'NONE', *, *, #1076, .T. ) ;
#2434 = PLANE ( 'NONE',  #362 ) ;
#2435 = LINE ( 'NONE', #43, #1072 ) ;
#2436 = VERTEX_POINT ( 'NONE', #541 ) ;
#2437 = VECTOR ( 'NONE', #593, 1000.000000000000000 ) ;
#2438 = PRESENTATION_STYLE_ASSIGNMENT (( #2385 ) ) ;
#2439 = ORIENTED_EDGE ( 'NONE', *, *, #403, .F. ) ;
#2440 = ORIENTED_EDGE ( 'NONE', *, *, #530, .F. ) ;
#2441 = AXIS2_PLACEMENT_3D ( 'NONE', #118, #1463, #2496 ) ;
#2442 = DIRECTION ( 'NONE',  ( -0.000000000000000000, 1.000000000000000000, -0.000000000000000000 ) ) ;
#2443 = EDGE_CURVE ( 'NONE', #1014, #186, #378, .T. ) ;
#2444 = LINE ( 'NONE', #667, #663 ) ;
#2445 =( GEOMETRIC_REPRESENTATION_CONTEXT ( 3 ) GLOBAL_UNCERTAINTY_ASSIGNED_CONTEXT ( ( #2346 ) ) GLOBAL_UNIT_ASSIGNED_CONTEXT ( ( #1006, #1220, #1437 ) ) REPRESENTATION_CONTEXT ( 'NONE', 'WORKASPACE' ) );
#2446 = UNCERTAINTY_MEASURE_WITH_UNIT (LENGTH_MEASURE( 1.000000000000000082E-05 ), #611, 'distance_accuracy_value', 'NONE');
#2447 = ORIENTED_EDGE ( 'NONE', *, *, #1071, .T. ) ;
#2448 = DIRECTION ( 'NONE',  ( -0.000000000000000000, -0.000000000000000000, 1.000000000000000000 ) ) ;
#2449 = EDGE_CURVE ( 'NONE', #887, #1703, #788, .T. ) ;
#2450 = DIRECTION ( 'NONE',  ( 1.000000000000000000, 0.000000000000000000, -0.000000000000000000 ) ) ;
#2451 = EDGE_CURVE ( 'NONE', #1757, #1323, #2547, .T. ) ;
#2452 = CARTESIAN_POINT ( 'NONE',  ( 3.500000000000000000, 2.120000000000000995, 1.199999999999999734 ) ) ;
#2453 = CARTESIAN_POINT ( 'NONE',  ( -2.350000000000000089, 0.000000000000000000, -1.199999999999999956 ) ) ;
#2454 = ORIENTED_EDGE ( 'NONE', *, *, #1453, .T. ) ;
#2455 =( NAMED_UNIT ( * ) PLANE_ANGLE_UNIT ( ) SI_UNIT ( $, .RADIAN. ) );
#2456 = VERTEX_POINT ( 'NONE', #2164 ) ;
#2457 = AXIS2_PLACEMENT_3D ( 'NONE', #297, #1307, #331 ) ;
#2458 = DIRECTION ( 'NONE',  ( 0.000000000000000000, 1.000000000000000000, 0.000000000000000000 ) ) ;
#2459 = FACE_OUTER_BOUND ( 'NONE', #1835, .T. ) ;
#2460 = CIRCLE ( 'NONE', #352, 0.2000000000000000389 ) ;
#2461 = VERTEX_POINT ( 'NONE', #1803 ) ;
#2462 = CARTESIAN_POINT ( 'NONE',  ( 3.200000000000000178, 2.250000000000000888, 1.199999999999999734 ) ) ;
#2463 = AXIS2_PLACEMENT_3D ( 'NONE', #41, #12, #1782 ) ;
#2464 = CARTESIAN_POINT ( 'NONE',  ( -2.694774639163657337, 4.299999999999999822, -0.005421480722349773101 ) ) ;
#2465 = CARTESIAN_POINT ( 'NONE',  ( -1.750000000000000000, 5.149747468305832854, -1.749999999999999334 ) ) ;
#2466 = CYLINDRICAL_SURFACE ( 'NONE', #2371, 0.02000000000000005246 ) ;
#2467 = ORIENTED_EDGE ( 'NONE', *, *, #1045, .F. ) ;
#2468 = ADVANCED_FACE ( 'NONE', ( #1424 ), #1409, .F. ) ;
#2469 = PRODUCT_DEFINITION ( 'UNKNOWN', '', #2193, #1335 ) ;
#2470 = EDGE_LOOP ( 'NONE', ( #837, #2410, #801, #2140 ) ) ;
#2471 = VECTOR ( 'NONE', #2061, 1000.000000000000000 ) ;
#2472 = DIRECTION ( 'NONE',  ( 0.000000000000000000, 0.000000000000000000, 1.000000000000000000 ) ) ;
#2473 = LINE ( 'NONE', #1112, #1821 ) ;
#2474 = VERTEX_POINT ( 'NONE', #628 ) ;
#2475 = ORIENTED_EDGE ( 'NONE', *, *, #2077, .F. ) ;
#2476 = CARTESIAN_POINT ( 'NONE',  ( -3.500000000000000000, 0.1499999999999997724, 3.798557292037257227 ) ) ;
#2477 = CARTESIAN_POINT ( 'NONE',  ( -3.500000000000000444, 2.250000000000001776, 0.4999999999999997780 ) ) ;
#2478 = LINE ( 'NONE', #85, #1176 ) ;
#2479 = CARTESIAN_POINT ( 'NONE',  ( 3.200000000000000178, 2.250000000000000888, 3.798557292037257227 ) ) ;
#2480 = EDGE_CURVE ( 'NONE', #2072, #1579, #241, .T. ) ;
#2481 = ORIENTED_EDGE ( 'NONE', *, *, #1149, .T. ) ;
#2482 = DIRECTION ( 'NONE',  ( 0.000000000000000000, 1.000000000000000000, 0.000000000000000000 ) ) ;
#2483 = DIRECTION ( 'NONE',  ( 1.000000000000000000, -0.000000000000000000, 0.000000000000000000 ) ) ;
#2484 = ORIENTED_EDGE ( 'NONE', *, *, #1900, .F. ) ;
#2485 = ORIENTED_EDGE ( 'NONE', *, *, #975, .T. ) ;
#2486 = LINE ( 'NONE', #2050, #2009 ) ;
#2487 = LINE ( 'NONE', #1870, #1108 ) ;
#2488 = VECTOR ( 'NONE', #382, 1000.000000000000000 ) ;
#2489 = VECTOR ( 'NONE', #810, 1000.000000000000000 ) ;
#2490 = DIRECTION ( 'NONE',  ( -0.000000000000000000, -0.000000000000000000, -1.000000000000000000 ) ) ;
#2491 = LINE ( 'NONE', #724, #1998 ) ;
#2492 = ORIENTED_EDGE ( 'NONE', *, *, #2062, .T. ) ;
#2493 = EDGE_LOOP ( 'NONE', ( #2342, #668, #2440, #559 ) ) ;
#2494 = LINE ( 'NONE', #2134, #383 ) ;
#2495 = ADVANCED_FACE ( 'NONE', ( #429 ), #213, .F. ) ;
#2496 = DIRECTION ( 'NONE',  ( -1.000000000000000000, 0.000000000000000000, 1.239088197126290817E-16 ) ) ;
#2497 = VECTOR ( 'NONE', #514, 1000.000000000000000 ) ;
#2498 = VECTOR ( 'NONE', #1421, 1000.000000000000000 ) ;
#2499 = CYLINDRICAL_SURFACE ( 'NONE', #408, 0.1999999999999999833 ) ;
#2500 = EDGE_CURVE ( 'NONE', #747, #625, #1023, .T. ) ;
#2501 = EDGE_CURVE ( 'NONE', #1031, #1391, #794, .T. ) ;
#2502 = CIRCLE ( 'NONE', #1674, 0.02000000000000005246 ) ;
#2503 = DIRECTION ( 'NONE',  ( 0.7071067811865475727, -0.7071067811865475727, 0.000000000000000000 ) ) ;
#2504 = VERTEX_POINT ( 'NONE', #406 ) ;
#2505 = DIRECTION ( 'NONE',  ( 6.195440985631447429E-16, -1.000000000000000000, 0.000000000000000000 ) ) ;
#2506 = FACE_OUTER_BOUND ( 'NONE', #1097, .T. ) ;
#2507 = ORIENTED_EDGE ( 'NONE', *, *, #1580, .T. ) ;
#2508 = CARTESIAN_POINT ( 'NONE',  ( -2.820648239771855970, 4.299999999999999822, 0.1500000000000000777 ) ) ;
#2509 = FACE_OUTER_BOUND ( 'NONE', #1351, .T. ) ;
#2510 = EDGE_CURVE ( 'NONE', #2552, #385, #2206, .T. ) ;
#2511 = VECTOR ( 'NONE', #1365, 1000.000000000000000 ) ;
#2512 = DIRECTION ( 'NONE',  ( -0.000000000000000000, -0.000000000000000000, 1.000000000000000000 ) ) ;
#2513 = DIRECTION ( 'NONE',  ( 1.649872871173593843E-16, 1.000000000000000000, -0.000000000000000000 ) ) ;
#2514 = ORIENTED_EDGE ( 'NONE', *, *, #2530, .T. ) ;
#2515 = ORIENTED_EDGE ( 'NONE', *, *, #1277, .F. ) ;
#2516 = DIRECTION ( 'NONE',  ( -7.885106708985444660E-16, 1.000000000000000000, -0.000000000000000000 ) ) ;
#2517 = DIRECTION ( 'NONE',  ( 1.000000000000000000, 0.000000000000000000, -2.449277384705618321E-16 ) ) ;
#2518 = CARTESIAN_POINT ( 'NONE',  ( 3.200000000000000178, 2.120000000000000995, -1.199999999999999956 ) ) ;
#2519 = VECTOR ( 'NONE', #1651, 1000.000000000000000 ) ;
#2520 = LINE ( 'NONE', #1338, #1618 ) ;
#2521 = CARTESIAN_POINT ( 'NONE',  ( 3.500000000000000000, 2.100000000000000533, -1.199999999999999956 ) ) ;
#2522 = CARTESIAN_POINT ( 'NONE',  ( -2.820648239771855081, 4.200000000000000178, 1.920648239771855836 ) ) ;
#2523 = CARTESIAN_POINT ( 'NONE',  ( 3.500000000000000000, 2.120000000000000995, -1.199999999999999956 ) ) ;
#2524 = VERTEX_POINT ( 'NONE', #2020 ) ;
#2525 = VECTOR ( 'NONE', #2239, 1000.000000000000114 ) ;
#2526 = EDGE_LOOP ( 'NONE', ( #2492, #1146, #1202, #507 ) ) ;
#2527 = CARTESIAN_POINT ( 'NONE',  ( -3.500000000000000000, 2.120000000000000995, 0.4999999999999995559 ) ) ;
#2528 = AXIS2_PLACEMENT_3D ( 'NONE', #2115, #2535, #1181 ) ;
#2529 = CARTESIAN_POINT ( 'NONE',  ( -2.820648239771855970, 4.200000000000000178, -1.920648239771855836 ) ) ;
#2530 = EDGE_CURVE ( 'NONE', #777, #1822, #2190, .T. ) ;
#2531 = VERTEX_POINT ( 'NONE', #824 ) ;
#2532 = DIRECTION ( 'NONE',  ( 0.000000000000000000, 1.000000000000000000, 0.000000000000000000 ) ) ;
#2533 = PLANE ( 'NONE',  #1374 ) ;
#2534 = CARTESIAN_POINT ( 'NONE',  ( 2.350000000000000089, 0.000000000000000000, 1.199999999999999734 ) ) ;
#2535 = DIRECTION ( 'NONE',  ( 0.000000000000000000, 1.000000000000000000, 0.000000000000000000 ) ) ;
#2536 = ORIENTED_EDGE ( 'NONE', *, *, #1887, .F. ) ;
#2537 = VERTEX_POINT ( 'NONE', #1617 ) ;
#2538 = CARTESIAN_POINT ( 'NONE',  ( -2.820648239771855970, 4.200000000000000178, -0.1499999999999999389 ) ) ;
#2539 = CIRCLE ( 'NONE', #439, 0.2000000000000000389 ) ;
#2540 = DIRECTION ( 'NONE',  ( 1.000000000000000000, 0.000000000000000000, -0.000000000000000000 ) ) ;
#2541 = VECTOR ( 'NONE', #2234, 1000.000000000000000 ) ;
#2542 =( LENGTH_UNIT ( ) NAMED_UNIT ( * ) SI_UNIT ( .MILLI., .METRE. ) );
#2543 = EDGE_CURVE ( 'NONE', #1751, #2474, #992, .T. ) ;
#2544 = EDGE_CURVE ( 'NONE', #1101, #1622, #1588, .T. ) ;
#2545 = ORIENTED_EDGE ( 'NONE', *, *, #961, .T. ) ;
#2546 = CARTESIAN_POINT ( 'NONE',  ( -3.200000000000000178, 2.250000000000000888, 3.798557292037257227 ) ) ;
#2547 = LINE ( 'NONE', #1314, #2489 ) ;
#2548 = CARTESIAN_POINT ( 'NONE',  ( -3.500000000000000000, 0.1499999999999997724, -1.199999999999999956 ) ) ;
#2549 = LINE ( 'NONE', #1344, #2276 ) ;
#2550 = EDGE_LOOP ( 'NONE', ( #1669, #2467, #1636, #520 ) ) ;
#2551 = VECTOR ( 'NONE', #2448, 1000.000000000000000 ) ;
#2552 = VERTEX_POINT ( 'NONE', #451 ) ;
#2553 = CARTESIAN_POINT ( 'NONE',  ( 3.200000000000000178, 2.250000000000000888, -1.199999999999999956 ) ) ;
#2554 = DIRECTION ( 'NONE',  ( -0.000000000000000000, -0.000000000000000000, -1.000000000000000000 ) ) ;
#2555 = ORIENTED_EDGE ( 'NONE', *, *, #1261, .T. ) ;
#2556 = ADVANCED_FACE ( 'NONE', ( #265 ), #1997, .T. ) ;
#2557 = EDGE_LOOP ( 'NONE', ( #847, #341, #211, #1967 ) ) ;
#2558 = EDGE_CURVE ( 'NONE', #416, #88, #1193, .T. ) ;
#2559 = LINE ( 'NONE', #1022, #1859 ) ;
#2560 = CARTESIAN_POINT ( 'NONE',  ( -3.520000000000000018, 2.100000000000000533, 0.4999999999999995559 ) ) ;
#2561 = CARTESIAN_POINT ( 'NONE',  ( -3.500000000000000000, 2.250000000000000000, -1.199999999999999734 ) ) ;
#2562 = CARTESIAN_POINT ( 'NONE',  ( -3.200000000000000178, 2.250000000000000888, 1.199999999999999734 ) ) ;
#2563 = ORIENTED_EDGE ( 'NONE', *, *, #1744, .T. ) ;
#2564 = LINE ( 'NONE', #192, #2419 ) ;
#2565 = CARTESIAN_POINT ( 'NONE',  ( -1.750000000000000000, 0.000000000000000000, 1.750000000000000666 ) ) ;
#2566 = VERTEX_POINT ( 'NONE', #1397 ) ;
#2567 = AXIS2_PLACEMENT_3D ( 'NONE', #1806, #840, #443 ) ;
ENDSEC;
END-ISO-10303-21;
