ISO-10303-21;
HEADER;
FILE_DESCRIPTION (( 'STEP AP214' ),
    '1' );
FILE_NAME ('36550402S2N0T.STEP',
    '2025-03-17T02:51:08',
    ( '' ),
    ( '' ),
    'SwSTEP 2.0',
    'SolidWorks 2023',
    '' );
FILE_SCHEMA (( 'AUTOMOTIVE_DESIGN' ));
ENDSEC;

DATA;
#1 = ORIENTED_EDGE ( 'NONE', *, *, #220, .T. ) ;
#2 = CARTESIAN_POINT ( 'NONE',  ( -0.2500000000000000000, 0.000000000000000000, -0.01999999999999999695 ) ) ;
#3 = VECTOR ( 'NONE', #193, 1000.000000000000000 ) ;
#4 = FILL_AREA_STYLE ('',( #162 ) ) ;
#5 = CARTESIAN_POINT ( 'NONE',  ( 0.2392529794637847651, 0.2418034671099021649, -0.0009687082163228448190 ) ) ;
#6 = MECHANICAL_DESIGN_GEOMETRIC_PRESENTATION_REPRESENTATION (  '', ( #529 ), #2328 ) ;
#7 = CIRCLE ( 'NONE', #1422, 0.01999999999999999695 ) ;
#8 = DIRECTION ( 'NONE',  ( 0.000000000000000000, 0.000000000000000000, -1.000000000000000000 ) ) ;
#9 = ORIENTED_EDGE ( 'NONE', *, *, #956, .T. ) ;
#10 = VECTOR ( 'NONE', #1351, 1000.000000000000000 ) ;
#11 = CIRCLE ( 'NONE', #325, 0.02000000000000005246 ) ;
#12 =( GEOMETRIC_REPRESENTATION_CONTEXT ( 3 ) GLOBAL_UNCERTAINTY_ASSIGNED_CONTEXT ( ( #2063 ) ) GLOBAL_UNIT_ASSIGNED_CONTEXT ( ( #186, #2465, #1529 ) ) REPRESENTATION_CONTEXT ( 'NONE', 'WORKASPACE' ) );
#13 = SURFACE_STYLE_USAGE ( .BOTH. , #574 ) ;
#14 = PRESENTATION_LAYER_ASSIGNMENT (  '', '', ( #245 ) ) ;
#15 = DIRECTION ( 'NONE',  ( 1.000000000000000000, -0.000000000000000000, -0.000000000000000000 ) ) ;
#16 = EDGE_CURVE ( 'NONE', #171, #423, #1650, .T. ) ;
#17 = CARTESIAN_POINT ( 'NONE',  ( -0.2500000000000000000, 0.2500000000000000000, -0.01999999999999999695 ) ) ;
#18 = PRESENTATION_LAYER_ASSIGNMENT (  '', '', ( #1234 ) ) ;
#19 = ORIENTED_EDGE ( 'NONE', *, *, #488, .T. ) ;
#20 = CARTESIAN_POINT ( 'NONE',  ( 0.2157252079544716705, -0.2440082230156762344, -0.02000000000000008715 ) ) ;
#21 = DIRECTION ( 'NONE',  ( 1.000000000000000000, 0.000000000000000000, 0.000000000000000000 ) ) ;
#22 =( NAMED_UNIT ( * ) SI_UNIT ( $, .STERADIAN. ) SOLID_ANGLE_UNIT ( ) );
#23 = AXIS2_PLACEMENT_3D ( 'NONE', #1652, #2213, #2009 ) ;
#24 = SURFACE_STYLE_FILL_AREA ( #774 ) ;
#25 = DIRECTION ( 'NONE',  ( 0.000000000000000000, 0.7071067811865475727, -0.7071067811865475727 ) ) ;
#26 = ORIENTED_EDGE ( 'NONE', *, *, #989, .F. ) ;
#27 =( GEOMETRIC_REPRESENTATION_CONTEXT ( 3 ) GLOBAL_UNCERTAINTY_ASSIGNED_CONTEXT ( ( #907 ) ) GLOBAL_UNIT_ASSIGNED_CONTEXT ( ( #1411, #1951, #88 ) ) REPRESENTATION_CONTEXT ( 'NONE', 'WORKASPACE' ) );
#28 = DIRECTION ( 'NONE',  ( 0.000000000000000000, 0.000000000000000000, -1.000000000000000000 ) ) ;
#29 = CARTESIAN_POINT ( 'NONE',  ( -0.2300000000000000655, 0.2300000000000000100, -0.9799999999999999822 ) ) ;
#30 = ADVANCED_FACE ( 'NONE', ( #1295 ), #2429, .T. ) ;
#31 = VERTEX_POINT ( 'NONE', #1148 ) ;
#32 = CARTESIAN_POINT ( 'NONE',  ( 0.2300000000000000100, -0.2500000000000000000, 0.000000000000000000 ) ) ;
#33 = DIRECTION ( 'NONE',  ( -1.000000000000000000, 0.000000000000000000, 0.000000000000000000 ) ) ;
#34 = DIRECTION ( 'NONE',  ( 1.000000000000000000, -0.000000000000000000, 0.000000000000000000 ) ) ;
#35 = SURFACE_STYLE_USAGE ( .BOTH. , #2343 ) ;
#36 = CARTESIAN_POINT ( 'NONE',  ( 0.2490312917836770834, -0.2418034671099021926, -0.9892529794637846541 ) ) ;
#37 = EDGE_LOOP ( 'NONE', ( #2329, #1000, #405, #855 ) ) ;
#38 = DIRECTION ( 'NONE',  ( 1.000000000000000000, 0.000000000000000000, 0.000000000000000000 ) ) ;
#39 = SHAPE_DEFINITION_REPRESENTATION ( #899, #954 ) ;
#40 = ORIENTED_EDGE ( 'NONE', *, *, #1036, .F. ) ;
#41 = FILL_AREA_STYLE_COLOUR ( '', #482 ) ;
#42 = CARTESIAN_POINT ( 'NONE',  ( 0.9018000000000000460, 0.2300000000000000100, -0.02000000000000000042 ) ) ;
#43 = ADVANCED_FACE ( 'NONE', ( #328 ), #1129, .T. ) ;
#44 = CARTESIAN_POINT ( 'NONE',  ( -0.2300000000000000100, -0.2441421356237309659, -0.005857864376269057531 ) ) ;
#45 = MECHANICAL_DESIGN_GEOMETRIC_PRESENTATION_REPRESENTATION (  '', ( #1886 ), #1375 ) ;
#46 = CARTESIAN_POINT ( 'NONE',  ( 0.2440082230156761789, 0.2157252079544716150, -0.9799999999999999822 ) ) ;
#47 = SURFACE_STYLE_FILL_AREA ( #1581 ) ;
#48 = ADVANCED_FACE ( 'NONE', ( #2460 ), #1121, .T. ) ;
#49 =( NAMED_UNIT ( * ) PLANE_ANGLE_UNIT ( ) SI_UNIT ( $, .RADIAN. ) );
#50 = CARTESIAN_POINT ( 'NONE',  ( -0.2300000000000000100, 0.2441421356237309659, -0.005857864376269057531 ) ) ;
#51 = PRESENTATION_LAYER_ASSIGNMENT (  '', '', ( #750 ) ) ;
#52 = COLOUR_RGB ( '',1.000000000000000000, 1.000000000000000000, 1.000000000000000000 ) ;
#53 =( LENGTH_UNIT ( ) NAMED_UNIT ( * ) SI_UNIT ( .MILLI., .METRE. ) );
#54 = CIRCLE ( 'NONE', #1894, 0.01999999999999999695 ) ;
#55 = DIRECTION ( 'NONE',  ( -0.000000000000000000, -0.000000000000000000, 1.000000000000000000 ) ) ;
#56 = AXIS2_PLACEMENT_3D ( 'NONE', #2074, #351, #382 ) ;
#57 = FILL_AREA_STYLE ('',( #587 ) ) ;
#58 = COLOUR_RGB ( '',0.7529411764705882248, 0.7529411764705882248, 0.7529411764705882248 ) ;
#59 = VERTEX_POINT ( 'NONE', #770 ) ;
#60 =( NAMED_UNIT ( * ) PLANE_ANGLE_UNIT ( ) SI_UNIT ( $, .RADIAN. ) );
#61 = COLOUR_RGB ( '',0.7529411764705882248, 0.7529411764705882248, 0.7529411764705882248 ) ;
#62 = FILL_AREA_STYLE ('',( #210 ) ) ;
#63 = FACE_OUTER_BOUND ( 'NONE', #564, .T. ) ;
#64 = EDGE_CURVE ( 'NONE', #2310, #1545, #229, .T. ) ;
#65 = VERTEX_POINT ( 'NONE', #1001 ) ;
#66 = MECHANICAL_DESIGN_GEOMETRIC_PRESENTATION_REPRESENTATION (  '', ( #1829 ), #814 ) ;
#67 = UNCERTAINTY_MEASURE_WITH_UNIT (LENGTH_MEASURE( 1.000000000000000082E-05 ), #2397, 'distance_accuracy_value', 'NONE');
#68 = DIRECTION ( 'NONE',  ( 0.000000000000000000, 1.000000000000000000, 0.000000000000000000 ) ) ;
#69 = ORIENTED_EDGE ( 'NONE', *, *, #1339, .F. ) ;
#70 = CARTESIAN_POINT ( 'NONE',  ( 0.2441421356237310214, -0.2441421356237310214, -0.02000000000000000042 ) ) ;
#71 =( NAMED_UNIT ( * ) SI_UNIT ( $, .STERADIAN. ) SOLID_ANGLE_UNIT ( ) );
#72 = FILL_AREA_STYLE ('',( #2126 ) ) ;
#73 = ORIENTED_EDGE ( 'NONE', *, *, #1765, .T. ) ;
#74 = SURFACE_SIDE_STYLE ('',( #2143 ) ) ;
#75 = CARTESIAN_POINT ( 'NONE',  ( -0.2300000000000001488, -0.2357958239888068019, -1.002488447258655269 ) ) ;
#76 = EDGE_LOOP ( 'NONE', ( #1081, #1215, #1061, #940 ) ) ;
#77 = CARTESIAN_POINT ( 'NONE',  ( -0.2300000000000000100, 0.2300000000000000100, -0.9800000000000002043 ) ) ;
#78 = FACE_OUTER_BOUND ( 'NONE', #863, .T. ) ;
#79 = FILL_AREA_STYLE ('',( #875 ) ) ;
#80 =( LENGTH_UNIT ( ) NAMED_UNIT ( * ) SI_UNIT ( .MILLI., .METRE. ) );
#81 =( NAMED_UNIT ( * ) SI_UNIT ( $, .STERADIAN. ) SOLID_ANGLE_UNIT ( ) );
#82 = DIRECTION ( 'NONE',  ( 1.000000000000000000, -0.000000000000000000, 0.000000000000000000 ) ) ;
#83 = ORIENTED_EDGE ( 'NONE', *, *, #1024, .T. ) ;
#84 = STYLED_ITEM ( 'NONE', ( #2090 ), #369 ) ;
#85 = DIRECTION ( 'NONE',  ( 0.000000000000000000, 0.000000000000000000, 1.000000000000000000 ) ) ;
#86 = CARTESIAN_POINT ( 'NONE',  ( -0.2369143109499561028, -0.2357958239888068297, -1.002488447258655047 ) ) ;
#87 = EDGE_CURVE ( 'NONE', #1813, #530, #2174, .T. ) ;
#88 =( NAMED_UNIT ( * ) SI_UNIT ( $, .STERADIAN. ) SOLID_ANGLE_UNIT ( ) );
#89 = MECHANICAL_DESIGN_GEOMETRIC_PRESENTATION_REPRESENTATION (  '', ( #718 ), #1534 ) ;
#90 = MECHANICAL_DESIGN_GEOMETRIC_PRESENTATION_REPRESENTATION (  '', ( #2373 ), #202 ) ;
#91 =( LENGTH_UNIT ( ) NAMED_UNIT ( * ) SI_UNIT ( .MILLI., .METRE. ) );
#92 = COLOUR_RGB ( '',0.7529411764705882248, 0.7529411764705882248, 0.7529411764705882248 ) ;
#93 =( NAMED_UNIT ( * ) PLANE_ANGLE_UNIT ( ) SI_UNIT ( $, .RADIAN. ) );
#94 = DIRECTION ( 'NONE',  ( -1.000000000000000000, 0.000000000000000000, 0.000000000000000000 ) ) ;
#95 = DIRECTION ( 'NONE',  ( 0.000000000000000000, 0.000000000000000000, 1.000000000000000000 ) ) ;
#96 = ORIENTED_EDGE ( 'NONE', *, *, #1139, .T. ) ;
#97 = STYLED_ITEM ( 'NONE', ( #1524 ), #2277 ) ;
#98 = ORIENTED_EDGE ( 'NONE', *, *, #87, .F. ) ;
#99 = FILL_AREA_STYLE_COLOUR ( '', #316 ) ;
#100 = CARTESIAN_POINT ( 'NONE',  ( 0.2157252079544715595, -0.2417152084231535547, -0.9940082230156759291 ) ) ;
#101 =( BOUNDED_SURFACE ( )  B_SPLINE_SURFACE ( 3, 3, ( 
 ( #251, #1768, #634, #1241 ),
 ( #801, #622, #2182, #1401 ),
 ( #2152, #454, #430, #260 ),
 ( #1615, #693, #677, #1814 ) ),
 .UNSPECIFIED., .F., .F., .F. ) 
 B_SPLINE_SURFACE_WITH_KNOTS ( ( 4, 4 ),
 ( 4, 4 ),
 ( 0.000000000000000000, 1.000000000000000000 ),
 ( 0.000000000000000000, 1.000000000000000000 ),
 .UNSPECIFIED. ) 
 GEOMETRIC_REPRESENTATION_ITEM ( )  RATIONAL_B_SPLINE_SURFACE ( (
 ( 1.000000000000000000, 0.8047378541243649375, 0.8047378541243649375, 1.000000000000000000),
 ( 0.8025111867385943398, 0.6458111303268139203, 0.6458111303268139203, 0.8025111867385943398),
 ( 0.8025111867385943398, 0.6458111303268139203, 0.6458111303268139203, 0.8025111867385943398),
 ( 1.000000000000000000, 0.8047378541243649375, 0.8047378541243649375, 1.000000000000000000) ) ) 
 REPRESENTATION_ITEM ( '' )  SURFACE ( )  );
#102 = EDGE_CURVE ( 'NONE', #1839, #1389, #1210, .T. ) ;
#103 = EDGE_LOOP ( 'NONE', ( #2173, #572, #2362, #990 ) ) ;
#104 = CARTESIAN_POINT ( 'NONE',  ( 0.2300000000000000100, 0.2300000000000000655, -0.02000000000000000042 ) ) ;
#105 = DIRECTION ( 'NONE',  ( 1.000000000000000000, 0.000000000000000000, 0.000000000000000000 ) ) ;
#106 = DIRECTION ( 'NONE',  ( -1.000000000000000000, 0.000000000000000000, 0.000000000000000000 ) ) ;
#107 = ORIENTED_EDGE ( 'NONE', *, *, #1339, .T. ) ;
#108 = SURFACE_STYLE_USAGE ( .BOTH. , #2371 ) ;
#109 = DIRECTION ( 'NONE',  ( -0.000000000000000000, -0.000000000000000000, -1.000000000000000000 ) ) ;
#110 = FACE_OUTER_BOUND ( 'NONE', #321, .T. ) ;
#111 =( NAMED_UNIT ( * ) PLANE_ANGLE_UNIT ( ) SI_UNIT ( $, .RADIAN. ) );
#112 = CARTESIAN_POINT ( 'NONE',  ( -0.2300000000000000377, -0.2441421356237310492, -0.9941421356237309936 ) ) ;
#113 = DIRECTION ( 'NONE',  ( 0.000000000000000000, 0.7071067811865475727, 0.7071067811865475727 ) ) ;
#114 = CARTESIAN_POINT ( 'NONE',  ( -0.2300000000000000655, 0.2157252079544715873, -0.005991776984323834987 ) ) ;
#115 = EDGE_CURVE ( 'NONE', #1305, #449, #527, .T. ) ;
#116 = FILL_AREA_STYLE ('',( #1118 ) ) ;
#117 = CARTESIAN_POINT ( 'NONE',  ( -0.2418034671099021371, 0.2441421356237309936, -0.9941421356237312157 ) ) ;
#118 = CIRCLE ( 'NONE', #748, 0.02000000000000000042 ) ;
#119 = CARTESIAN_POINT ( 'NONE',  ( -0.2500000000000000000, -0.2349999999999999589, -0.7500000000000000000 ) ) ;
#120 = CARTESIAN_POINT ( 'NONE',  ( 0.2357958239888068019, -0.2300000000000001488, -1.002488447258655269 ) ) ;
#121 = STYLED_ITEM ( 'NONE', ( #894 ), #709 ) ;
#122 = ORIENTED_EDGE ( 'NONE', *, *, #470, .T. ) ;
#123 =( NAMED_UNIT ( * ) PLANE_ANGLE_UNIT ( ) SI_UNIT ( $, .RADIAN. ) );
#124 = COLOUR_RGB ( '',0.7529411764705882248, 0.7529411764705882248, 0.7529411764705882248 ) ;
#125 = PRESENTATION_LAYER_ASSIGNMENT (  '', '', ( #2136 ) ) ;
#126 =( LENGTH_UNIT ( ) NAMED_UNIT ( * ) SI_UNIT ( .MILLI., .METRE. ) );
#127 = SURFACE_STYLE_USAGE ( .BOTH. , #1264 ) ;
#128 =( NAMED_UNIT ( * ) PLANE_ANGLE_UNIT ( ) SI_UNIT ( $, .RADIAN. ) );
#129 = VECTOR ( 'NONE', #2286, 1000.000000000000000 ) ;
#130 =( GEOMETRIC_REPRESENTATION_CONTEXT ( 3 ) GLOBAL_UNCERTAINTY_ASSIGNED_CONTEXT ( ( #883 ) ) GLOBAL_UNIT_ASSIGNED_CONTEXT ( ( #1046, #841, #1474 ) ) REPRESENTATION_CONTEXT ( 'NONE', 'WORKASPACE' ) );
#131 = EDGE_CURVE ( 'NONE', #403, #1558, #247, .T. ) ;
#132 = UNCERTAINTY_MEASURE_WITH_UNIT (LENGTH_MEASURE( 1.000000000000000082E-05 ), #2358, 'distance_accuracy_value', 'NONE');
#133 = PRODUCT_DEFINITION_CONTEXT ( 'detailed design', #1604, 'design' ) ;
#134 = SURFACE_STYLE_FILL_AREA ( #1865 ) ;
#135 = CARTESIAN_POINT ( 'NONE',  ( 0.2382126564361687349, -0.2501103551519474055, -0.9882126564361686238 ) ) ;
#136 = STYLED_ITEM ( 'NONE', ( #1667 ), #2267 ) ;
#137 = CARTESIAN_POINT ( 'NONE',  ( -0.2501103551519472945, -0.2382126564361687349, -0.01178734356383129463 ) ) ;
#138 = ORIENTED_EDGE ( 'NONE', *, *, #535, .F. ) ;
#139 = DIRECTION ( 'NONE',  ( 0.000000000000000000, 0.000000000000000000, -1.000000000000000000 ) ) ;
#140 =( LENGTH_UNIT ( ) NAMED_UNIT ( * ) SI_UNIT ( .MILLI., .METRE. ) );
#141 =( NAMED_UNIT ( * ) PLANE_ANGLE_UNIT ( ) SI_UNIT ( $, .RADIAN. ) );
#142 = DIRECTION ( 'NONE',  ( -0.7071067811865475727, 0.000000000000000000, -0.7071067811865475727 ) ) ;
#143 = SURFACE_STYLE_FILL_AREA ( #1490 ) ;
#144 =( NAMED_UNIT ( * ) SI_UNIT ( $, .STERADIAN. ) SOLID_ANGLE_UNIT ( ) );
#145 = PLANE ( 'NONE',  #2293 ) ;
#146 = SURFACE_STYLE_USAGE ( .BOTH. , #1876 ) ;
#147 = CARTESIAN_POINT ( 'NONE',  ( 0.2000000000000000111, 0.2350000000000000144, 1.303600000000000092 ) ) ;
#148 = CARTESIAN_POINT ( 'NONE',  ( -0.2418034671099020816, -0.2490312917836771667, -0.01074702053621525571 ) ) ;
#149 = EDGE_LOOP ( 'NONE', ( #1374, #185, #19 ) ) ;
#150 = SURFACE_SIDE_STYLE ('',( #565 ) ) ;
#151 = FACE_OUTER_BOUND ( 'NONE', #1600, .T. ) ;
#152 = CARTESIAN_POINT ( 'NONE',  ( 0.2239924879361568921, 0.2417803733038711433, 0.002432824936180506478 ) ) ;
#153 = UNCERTAINTY_MEASURE_WITH_UNIT (LENGTH_MEASURE( 1.000000000000000082E-05 ), #235, 'distance_accuracy_value', 'NONE');
#154 = CARTESIAN_POINT ( 'NONE',  ( -0.2500000000000000000, 0.2500000000000000000, -1.000000000000000000 ) ) ;
#155 =( LENGTH_UNIT ( ) NAMED_UNIT ( * ) SI_UNIT ( .MILLI., .METRE. ) );
#156 = LINE ( 'NONE', #1517, #461 ) ;
#157 = EDGE_CURVE ( 'NONE', #810, #1257, #1962, .T. ) ;
#158 = PRESENTATION_LAYER_ASSIGNMENT (  '', '', ( #1263 ) ) ;
#159 = ORIENTED_EDGE ( 'NONE', *, *, #1732, .F. ) ;
#160 = CARTESIAN_POINT ( 'NONE',  ( -0.2300000000000000377, -0.2440082230156762344, -0.9657252079544713652 ) ) ;
#161 = COLOUR_RGB ( '',0.7529411764705882248, 0.7529411764705882248, 0.7529411764705882248 ) ;
#162 = FILL_AREA_STYLE_COLOUR ( '', #807 ) ;
#163 = COLOUR_RGB ( '',0.7529411764705882248, 0.7529411764705882248, 0.7529411764705882248 ) ;
#164 = DIRECTION ( 'NONE',  ( -0.000000000000000000, 0.000000000000000000, 1.000000000000000000 ) ) ;
#165 = CARTESIAN_POINT ( 'NONE',  ( 0.2441421356237309659, 0.2441421356237309659, -0.9799999999999999822 ) ) ;
#166 = PRESENTATION_LAYER_ASSIGNMENT (  '', '', ( #1052 ) ) ;
#167 =( GEOMETRIC_REPRESENTATION_CONTEXT ( 3 ) GLOBAL_UNCERTAINTY_ASSIGNED_CONTEXT ( ( #484 ) ) GLOBAL_UNIT_ASSIGNED_CONTEXT ( ( #1522, #2279, #1711 ) ) REPRESENTATION_CONTEXT ( 'NONE', 'WORKASPACE' ) );
#168 =( NAMED_UNIT ( * ) SI_UNIT ( $, .STERADIAN. ) SOLID_ANGLE_UNIT ( ) );
#169 = CIRCLE ( 'NONE', #448, 0.03500000000000001027 ) ;
#170 = DIRECTION ( 'NONE',  ( 1.000000000000000000, 0.000000000000000000, 0.000000000000000000 ) ) ;
#171 = VERTEX_POINT ( 'NONE', #2351 ) ;
#172 = SURFACE_STYLE_USAGE ( .BOTH. , #355 ) ;
#173 = EDGE_CURVE ( 'NONE', #427, #2238, #2118, .T. ) ;
#174 = PRESENTATION_LAYER_ASSIGNMENT (  '', '', ( #1284 ) ) ;
#175 = FILL_AREA_STYLE ('',( #1499 ) ) ;
#176 = CARTESIAN_POINT ( 'NONE',  ( 0.2300000000000000100, 0.2500000000000000000, -0.7500000000000000000 ) ) ;
#177 = PRESENTATION_LAYER_ASSIGNMENT (  '', '', ( #2028 ) ) ;
#178 = CARTESIAN_POINT ( 'NONE',  ( 0.2349999999999999867, 0.2000000000000000111, -0.2500000000000000000 ) ) ;
#179 = SURFACE_SIDE_STYLE ('',( #2242 ) ) ;
#180 = ORIENTED_EDGE ( 'NONE', *, *, #577, .T. ) ;
#181 = DIRECTION ( 'NONE',  ( 0.000000000000000000, -1.000000000000000000, 0.000000000000000000 ) ) ;
#182 = CARTESIAN_POINT ( 'NONE',  ( -0.2417152084231535825, -0.2440082230156762066, -0.9657252079544713652 ) ) ;
#183 = CARTESIAN_POINT ( 'NONE',  ( 0.2298826745880924727, 0.2501103551519474055, -0.003457361715755070172 ) ) ;
#184 = EDGE_CURVE ( 'NONE', #1287, #543, #2127, .T. ) ;
#185 = ORIENTED_EDGE ( 'NONE', *, *, #1124, .T. ) ;
#186 =( LENGTH_UNIT ( ) NAMED_UNIT ( * ) SI_UNIT ( .MILLI., .METRE. ) );
#187 = VERTEX_POINT ( 'NONE', #2338 ) ;
#188 = CARTESIAN_POINT ( 'NONE',  ( 0.2441421356237309936, -0.2441421356237309936, -0.02000000000000000042 ) ) ;
#189 =( NAMED_UNIT ( * ) SI_UNIT ( $, .STERADIAN. ) SOLID_ANGLE_UNIT ( ) );
#190 = FILL_AREA_STYLE_COLOUR ( '', #1190 ) ;
#191 = DIRECTION ( 'NONE',  ( -0.000000000000000000, -0.000000000000000000, -1.000000000000000000 ) ) ;
#192 = VERTEX_POINT ( 'NONE', #208 ) ;
#193 = DIRECTION ( 'NONE',  ( -0.000000000000000000, -1.000000000000000000, -0.000000000000000000 ) ) ;
#194 = AXIS2_PLACEMENT_3D ( 'NONE', #1889, #933, #1707 ) ;
#195 = DIRECTION ( 'NONE',  ( 0.000000000000000000, -0.7071067811865479058, 0.7071067811865471286 ) ) ;
#196 = AXIS2_PLACEMENT_3D ( 'NONE', #1493, #1683, #2433 ) ;
#197 = FILL_AREA_STYLE ('',( #362 ) ) ;
#198 = AXIS2_PLACEMENT_3D ( 'NONE', #1530, #68, #1378 ) ;
#199 = PRESENTATION_LAYER_ASSIGNMENT (  '', '', ( #651 ) ) ;
#200 = ORIENTED_EDGE ( 'NONE', *, *, #1856, .T. ) ;
#201 = DIRECTION ( 'NONE',  ( -0.000000000000000000, 1.000000000000000000, -0.000000000000000000 ) ) ;
#202 =( GEOMETRIC_REPRESENTATION_CONTEXT ( 3 ) GLOBAL_UNCERTAINTY_ASSIGNED_CONTEXT ( ( #860 ) ) GLOBAL_UNIT_ASSIGNED_CONTEXT ( ( #1849, #887, #2386 ) ) REPRESENTATION_CONTEXT ( 'NONE', 'WORKASPACE' ) );
#203 = EDGE_CURVE ( 'NONE', #543, #2154, #1755, .T. ) ;
#204 = CIRCLE ( 'NONE', #2132, 0.02000000000000000042 ) ;
#205 = DIRECTION ( 'NONE',  ( 1.000000000000000000, 0.000000000000000000, -0.000000000000000000 ) ) ;
#206 = CARTESIAN_POINT ( 'NONE',  ( -0.2418034671099021649, 0.2392529794637848484, -0.9990312917836771112 ) ) ;
#207 = EDGE_LOOP ( 'NONE', ( #2406, #283, #1596, #2140, #290, #1208, #624, #1393 ) ) ;
#208 = CARTESIAN_POINT ( 'NONE',  ( -0.2300000000000000377, -0.2500000000000000000, -0.9799999999999999822 ) ) ;
#209 = DIRECTION ( 'NONE',  ( -0.000000000000000000, -1.000000000000000000, -0.000000000000000000 ) ) ;
#210 = FILL_AREA_STYLE_COLOUR ( '', #2011 ) ;
#211 = LINE ( 'NONE', #2121, #1910 ) ;
#212 = FACE_OUTER_BOUND ( 'NONE', #2004, .T. ) ;
#213 = SURFACE_SIDE_STYLE ('',( #2313 ) ) ;
#214 = PRESENTATION_STYLE_ASSIGNMENT (( #623 ) ) ;
#215 = ORIENTED_EDGE ( 'NONE', *, *, #2108, .T. ) ;
#216 = AXIS2_PLACEMENT_3D ( 'NONE', #2297, #191, #588 ) ;
#217 = PRESENTATION_STYLE_ASSIGNMENT (( #13 ) ) ;
#218 = CARTESIAN_POINT ( 'NONE',  ( -0.2500000000000000000, 0.2300000000000000100, -0.7500000000000000000 ) ) ;
#219 = ORIENTED_EDGE ( 'NONE', *, *, #2312, .F. ) ;
#220 = EDGE_CURVE ( 'NONE', #583, #543, #1418, .T. ) ;
#221 = DIRECTION ( 'NONE',  ( -0.7071067811865475727, 0.7071067811865475727, 0.000000000000000000 ) ) ;
#222 = DIRECTION ( 'NONE',  ( -0.000000000000000000, 0.000000000000000000, -1.000000000000000000 ) ) ;
#223 = CARTESIAN_POINT ( 'NONE',  ( 0.2524328249361805221, 0.2239924879361569754, -0.9917803733038712544 ) ) ;
#224 =( LENGTH_UNIT ( ) NAMED_UNIT ( * ) SI_UNIT ( .MILLI., .METRE. ) );
#225 = EDGE_LOOP ( 'NONE', ( #589, #794, #1344 ) ) ;
#226 = CARTESIAN_POINT ( 'NONE',  ( -0.2417152084231534992, 0.2157252079544716150, -0.9940082230156759291 ) ) ;
#227 = DIRECTION ( 'NONE',  ( 0.000000000000000000, 0.000000000000000000, 1.000000000000000000 ) ) ;
#228 = ORIENTED_EDGE ( 'NONE', *, *, #577, .F. ) ;
#229 = LINE ( 'NONE', #1394, #440 ) ;
#230 =( LENGTH_UNIT ( ) NAMED_UNIT ( * ) SI_UNIT ( .MILLI., .METRE. ) );
#231 = EDGE_CURVE ( 'NONE', #278, #423, #2356, .T. ) ;
#232 = CARTESIAN_POINT ( 'NONE',  ( 0.2298667154850739247, 0.2298667154850739802, -0.9999991117421788145 ) ) ;
#233 = FACE_OUTER_BOUND ( 'NONE', #1746, .T. ) ;
#234 = DIRECTION ( 'NONE',  ( 0.000000000000000000, 0.000000000000000000, 1.000000000000000000 ) ) ;
#235 =( LENGTH_UNIT ( ) NAMED_UNIT ( * ) SI_UNIT ( .MILLI., .METRE. ) );
#236 = CIRCLE ( 'NONE', #2288, 0.02000000000000000042 ) ;
#237 = EDGE_LOOP ( 'NONE', ( #650, #979, #40, #2159 ) ) ;
#238 = PRESENTATION_LAYER_ASSIGNMENT (  '', '', ( #1776 ) ) ;
#239 =( BOUNDED_SURFACE ( )  B_SPLINE_SURFACE ( 3, 3, ( 
 ( #441, #1977, #1225, #249 ),
 ( #1791, #1237, #866, #259 ),
 ( #1639, #1082, #1249, #1031 ),
 ( #1062, #1614, #1801, #1278 ) ),
 .UNSPECIFIED., .F., .F., .F. ) 
 B_SPLINE_SURFACE_WITH_KNOTS ( ( 4, 4 ),
 ( 4, 4 ),
 ( 0.000000000000000000, 1.000000000000000000 ),
 ( 0.000000000000000000, 1.000000000000000000 ),
 .UNSPECIFIED. ) 
 GEOMETRIC_REPRESENTATION_ITEM ( )  RATIONAL_B_SPLINE_SURFACE ( (
 ( 1.000000000000000000, 0.8047378541243653816, 0.8047378541243653816, 1.000000000000000000),
 ( 0.8025111867385934517, 0.6458111303268135872, 0.6458111303268135872, 0.8025111867385934517),
 ( 0.8025111867385934517, 0.6458111303268135872, 0.6458111303268135872, 0.8025111867385934517),
 ( 1.000000000000000000, 0.8047378541243653816, 0.8047378541243653816, 1.000000000000000000) ) ) 
 REPRESENTATION_ITEM ( '' )  SURFACE ( )  );
#240 =( NAMED_UNIT ( * ) PLANE_ANGLE_UNIT ( ) SI_UNIT ( $, .RADIAN. ) );
#241 = AXIS2_PLACEMENT_3D ( 'NONE', #462, #667, #845 ) ;
#242 =( GEOMETRIC_REPRESENTATION_CONTEXT ( 3 ) GLOBAL_UNCERTAINTY_ASSIGNED_CONTEXT ( ( #274 ) ) GLOBAL_UNIT_ASSIGNED_CONTEXT ( ( #2149, #60, #1211 ) ) REPRESENTATION_CONTEXT ( 'NONE', 'WORKASPACE' ) );
#243 = CARTESIAN_POINT ( 'NONE',  ( -0.2000000000000000111, 0.2000000000000000111, -0.2499999999999997780 ) ) ;
#244 = CIRCLE ( 'NONE', #1940, 0.02000000000000000042 ) ;
#245 = STYLED_ITEM ( 'NONE', ( #1753 ), #1088 ) ;
#246 = VERTEX_POINT ( 'NONE', #642 ) ;
#247 = LINE ( 'NONE', #1778, #962 ) ;
#248 = AXIS2_PLACEMENT_3D ( 'NONE', #905, #1047, #95 ) ;
#249 = CARTESIAN_POINT ( 'NONE',  ( 0.2441421356237309659, 0.2300000000000000377, -0.005857864376269028908 ) ) ;
#250 = DIRECTION ( 'NONE',  ( 1.000000000000000000, 0.000000000000000000, 0.000000000000000000 ) ) ;
#251 = CARTESIAN_POINT ( 'NONE',  ( 0.2441421356237309659, 0.2441421356237309659, -0.9799999999999999822 ) ) ;
#252 = CARTESIAN_POINT ( 'NONE',  ( 0.2382126564361687626, -0.2501103551519474610, -0.9882126564361686238 ) ) ;
#253 = FILL_AREA_STYLE ('',( #1214 ) ) ;
#254 = UNCERTAINTY_MEASURE_WITH_UNIT (LENGTH_MEASURE( 1.000000000000000082E-05 ), #747, 'distance_accuracy_value', 'NONE');
#255 = DIRECTION ( 'NONE',  ( -1.000000000000000000, -0.000000000000000000, -0.000000000000000000 ) ) ;
#256 = CARTESIAN_POINT ( 'NONE',  ( -0.2300000000000000655, 0.2300000000000000100, -0.9799999999999999822 ) ) ;
#257 = ORIENTED_EDGE ( 'NONE', *, *, #2141, .F. ) ;
#258 = PRESENTATION_STYLE_ASSIGNMENT (( #108 ) ) ;
#259 = CARTESIAN_POINT ( 'NONE',  ( 0.2441421356237309936, 0.2418034671099022204, -0.005857864376268975999 ) ) ;
#260 = CARTESIAN_POINT ( 'NONE',  ( 0.2239924879361569199, 0.2524328249361804666, -0.9799999999999997602 ) ) ;
#261 =( NAMED_UNIT ( * ) PLANE_ANGLE_UNIT ( ) SI_UNIT ( $, .RADIAN. ) );
#262 = ADVANCED_FACE ( 'NONE', ( #1017 ), #856, .T. ) ;
#263 = FACE_OUTER_BOUND ( 'NONE', #1824, .T. ) ;
#264 = ORIENTED_EDGE ( 'NONE', *, *, #1781, .F. ) ;
#265 = CARTESIAN_POINT ( 'NONE',  ( 0.2441421356237309659, -0.2300000000000000100, -0.9941421356237309936 ) ) ;
#266 = ORIENTED_EDGE ( 'NONE', *, *, #1659, .T. ) ;
#267 = DIRECTION ( 'NONE',  ( -1.000000000000000000, 0.000000000000000000, 0.000000000000000000 ) ) ;
#268 = SURFACE_STYLE_FILL_AREA ( #2438 ) ;
#269 = PRESENTATION_LAYER_ASSIGNMENT (  '', '', ( #2078 ) ) ;
#270 = CARTESIAN_POINT ( 'NONE',  ( -0.2300000000000000377, 0.2441421356237310492, -0.005857864376268996816 ) ) ;
#271 = CARTESIAN_POINT ( 'NONE',  ( -0.2501103551519473500, 0.2298826745880925282, -0.003457361715755081881 ) ) ;
#272 = ORIENTED_EDGE ( 'NONE', *, *, #1006, .T. ) ;
#273 =( GEOMETRIC_REPRESENTATION_CONTEXT ( 3 ) GLOBAL_UNCERTAINTY_ASSIGNED_CONTEXT ( ( #1646 ) ) GLOBAL_UNIT_ASSIGNED_CONTEXT ( ( #1324, #2082, #513 ) ) REPRESENTATION_CONTEXT ( 'NONE', 'WORKASPACE' ) );
#274 = UNCERTAINTY_MEASURE_WITH_UNIT (LENGTH_MEASURE( 1.000000000000000082E-05 ), #2149, 'distance_accuracy_value', 'NONE');
#275 = DIRECTION ( 'NONE',  ( 0.000000000000000000, 0.000000000000000000, -1.000000000000000000 ) ) ;
#276 = EDGE_CURVE ( 'NONE', #1409, #2300, #882, .T. ) ;
#277 = AXIS2_PLACEMENT_3D ( 'NONE', #1153, #2236, #322 ) ;
#278 = VERTEX_POINT ( 'NONE', #1258 ) ;
#279 =( LENGTH_UNIT ( ) NAMED_UNIT ( * ) SI_UNIT ( .MILLI., .METRE. ) );
#280 = CARTESIAN_POINT ( 'NONE',  ( 0.2441421356237309659, -0.2300000000000001765, -0.9941421356237309936 ) ) ;
#281 = CIRCLE ( 'NONE', #1816, 0.03500000000000001027 ) ;
#282 = AXIS2_PLACEMENT_3D ( 'NONE', #1184, #1779, #1382 ) ;
#283 = ORIENTED_EDGE ( 'NONE', *, *, #327, .T. ) ;
#284 =( NAMED_UNIT ( * ) SI_UNIT ( $, .STERADIAN. ) SOLID_ANGLE_UNIT ( ) );
#285 = VECTOR ( 'NONE', #1147, 1000.000000000000000 ) ;
#286 = PLANE ( 'NONE',  #1021 ) ;
#287 = AXIS2_PLACEMENT_3D ( 'NONE', #243, #1195, #780 ) ;
#288 = STYLED_ITEM ( 'NONE', ( #397 ), #1514 ) ;
#289 = CARTESIAN_POINT ( 'NONE',  ( -0.2501103551519472945, 0.2382126564361687349, -0.01178734356383131544 ) ) ;
#290 = ORIENTED_EDGE ( 'NONE', *, *, #1160, .T. ) ;
#291 = FACE_OUTER_BOUND ( 'NONE', #1170, .T. ) ;
#292 = CARTESIAN_POINT ( 'NONE',  ( -0.2369143109499558530, 0.2524884472586552131, -0.9857958239888068297 ) ) ;
#293 = FILL_AREA_STYLE ('',( #190 ) ) ;
#294 = CIRCLE ( 'NONE', #1708, 0.01999999999999999695 ) ;
#295 = ADVANCED_FACE ( 'NONE', ( #306 ), #1467, .T. ) ;
#296 = EDGE_LOOP ( 'NONE', ( #215, #508, #828, #959, #2076, #1799, #1828, #1974 ) ) ;
#297 = CARTESIAN_POINT ( 'NONE',  ( 0.000000000000000000, 0.2349999999999999867, -0.5000000000000000000 ) ) ;
#298 = EDGE_CURVE ( 'NONE', #1257, #1497, #118, .T. ) ;
#299 = ORIENTED_EDGE ( 'NONE', *, *, #2296, .F. ) ;
#300 = CARTESIAN_POINT ( 'NONE',  ( -0.2300000000000000100, 0.2300000000000000100, 1.303600000000000092 ) ) ;
#301 =( LENGTH_UNIT ( ) NAMED_UNIT ( * ) SI_UNIT ( .MILLI., .METRE. ) );
#302 = DIRECTION ( 'NONE',  ( 0.000000000000000000, 0.000000000000000000, 1.000000000000000000 ) ) ;
#303 = UNCERTAINTY_MEASURE_WITH_UNIT (LENGTH_MEASURE( 1.000000000000000082E-05 ), #675, 'distance_accuracy_value', 'NONE');
#304 = CARTESIAN_POINT ( 'NONE',  ( -0.2417152084231535547, -0.2157252079544715595, -0.9940082230156759291 ) ) ;
#305 = ORIENTED_EDGE ( 'NONE', *, *, #1645, .F. ) ;
#306 = FACE_OUTER_BOUND ( 'NONE', #414, .T. ) ;
#307 = CARTESIAN_POINT ( 'NONE',  ( 0.2500000000000000000, -0.2300000000000000100, 1.303600000000000092 ) ) ;
#308 = FILL_AREA_STYLE ('',( #467 ) ) ;
#309 = FACE_OUTER_BOUND ( 'NONE', #964, .T. ) ;
#310 = FILL_AREA_STYLE ('',( #1999 ) ) ;
#311 = EDGE_CURVE ( 'NONE', #1314, #1809, #851, .T. ) ;
#312 = FILL_AREA_STYLE_COLOUR ( '', #935 ) ;
#313 = CYLINDRICAL_SURFACE ( 'NONE', #891, 0.01999999999999999695 ) ;
#314 = DIRECTION ( 'NONE',  ( 0.000000000000000000, 0.000000000000000000, 1.000000000000000000 ) ) ;
#315 = CARTESIAN_POINT ( 'NONE',  ( -0.2417152084231534159, 0.2440082230156760956, -0.9657252079544714762 ) ) ;
#316 = COLOUR_RGB ( '',0.7529411764705882248, 0.7529411764705882248, 0.7529411764705882248 ) ;
#317 = FILL_AREA_STYLE_COLOUR ( '', #601 ) ;
#318 = MECHANICAL_DESIGN_GEOMETRIC_PRESENTATION_REPRESENTATION (  '', ( #750 ), #1891 ) ;
#319 = DIRECTION ( 'NONE',  ( 0.000000000000000000, 0.000000000000000000, -1.000000000000000000 ) ) ;
#320 = AXIS2_PLACEMENT_3D ( 'NONE', #468, #2164, #984 ) ;
#321 = EDGE_LOOP ( 'NONE', ( #973, #1543, #1556 ) ) ;
#322 = DIRECTION ( 'NONE',  ( 0.000000000000000000, 0.000000000000000000, 1.000000000000000000 ) ) ;
#323 = CARTESIAN_POINT ( 'NONE',  ( -0.2300000000000000655, -0.2524328249361806886, -0.9739924879361568921 ) ) ;
#324 = COLOUR_RGB ( '',0.7529411764705882248, 0.7529411764705882248, 0.7529411764705882248 ) ;
#325 = AXIS2_PLACEMENT_3D ( 'NONE', #1602, #209, #2119 ) ;
#326 = MECHANICAL_DESIGN_GEOMETRIC_PRESENTATION_REPRESENTATION (  '', ( #930 ), #1055 ) ;
#327 = EDGE_CURVE ( 'NONE', #423, #2310, #2031, .T. ) ;
#328 = FACE_OUTER_BOUND ( 'NONE', #2426, .T. ) ;
#329 = CARTESIAN_POINT ( 'NONE',  ( 0.2300000000000000377, 0.2300000000000000377, -1.000000000000000000 ) ) ;
#330 = UNCERTAINTY_MEASURE_WITH_UNIT (LENGTH_MEASURE( 1.000000000000000082E-05 ), #224, 'distance_accuracy_value', 'NONE');
#331 = CARTESIAN_POINT ( 'NONE',  ( 0.2000000000000000111, -0.2000000000000000111, -0.2499999999999997780 ) ) ;
#332 = CARTESIAN_POINT ( 'NONE',  ( 0.2349999999999999867, -0.2349999999999999867, -0.2500000000000000000 ) ) ;
#333 = CYLINDRICAL_SURFACE ( 'NONE', #56, 0.01999999999999999695 ) ;
#334 = ORIENTED_EDGE ( 'NONE', *, *, #1370, .F. ) ;
#335 = AXIS2_PLACEMENT_3D ( 'NONE', #768, #1712, #1685 ) ;
#336 = CARTESIAN_POINT ( 'NONE',  ( 0.000000000000000000, -0.2349999999999999867, -0.2500000000000000000 ) ) ;
#337 = CARTESIAN_POINT ( 'NONE',  ( -0.2500000000000000000, 0.2300000000000000100, 1.303600000000000092 ) ) ;
#338 = PRESENTATION_STYLE_ASSIGNMENT (( #525 ) ) ;
#339 = EDGE_CURVE ( 'NONE', #1998, #65, #1307, .T. ) ;
#340 =( NAMED_UNIT ( * ) SI_UNIT ( $, .STERADIAN. ) SOLID_ANGLE_UNIT ( ) );
#341 = DIRECTION ( 'NONE',  ( -0.000000000000000000, -0.000000000000000000, 1.000000000000000000 ) ) ;
#342 = ORIENTED_EDGE ( 'NONE', *, *, #535, .T. ) ;
#343 = FACE_OUTER_BOUND ( 'NONE', #1333, .T. ) ;
#344 = LINE ( 'NONE', #2, #2331 ) ;
#345 = FACE_OUTER_BOUND ( 'NONE', #720, .T. ) ;
#346 = DIRECTION ( 'NONE',  ( 1.000000000000000000, -0.000000000000000000, -0.000000000000000000 ) ) ;
#347 =( LENGTH_UNIT ( ) NAMED_UNIT ( * ) SI_UNIT ( .MILLI., .METRE. ) );
#348 = UNCERTAINTY_MEASURE_WITH_UNIT (LENGTH_MEASURE( 1.000000000000000082E-05 ), #80, 'distance_accuracy_value', 'NONE');
#349 = EDGE_CURVE ( 'NONE', #1512, #2015, #947, .T. ) ;
#350 = DIRECTION ( 'NONE',  ( 0.000000000000000000, 0.000000000000000000, -1.000000000000000000 ) ) ;
#351 = DIRECTION ( 'NONE',  ( 0.000000000000000000, 0.000000000000000000, 1.000000000000000000 ) ) ;
#352 = MECHANICAL_DESIGN_GEOMETRIC_PRESENTATION_REPRESENTATION (  '', ( #714 ), #2244 ) ;
#353 = AXIS2_PLACEMENT_3D ( 'NONE', #791, #2333, #1363 ) ;
#354 = ORIENTED_EDGE ( 'NONE', *, *, #2402, .F. ) ;
#355 = SURFACE_SIDE_STYLE ('',( #2106 ) ) ;
#356 = PRESENTATION_STYLE_ASSIGNMENT (( #1127 ) ) ;
#357 = CARTESIAN_POINT ( 'NONE',  ( -0.2350000000000000144, 0.2000000000000000111, -2.303599999999999870 ) ) ;
#358 = STYLED_ITEM ( 'NONE', ( #982 ), #1520 ) ;
#359 = PRESENTATION_STYLE_ASSIGNMENT (( #942 ) ) ;
#360 = STYLED_ITEM ( 'NONE', ( #591 ), #850 ) ;
#361 = DIRECTION ( 'NONE',  ( 1.000000000000000000, 0.000000000000000000, 0.000000000000000000 ) ) ;
#362 = FILL_AREA_STYLE_COLOUR ( '', #1812 ) ;
#363 = COLOUR_RGB ( '',0.7529411764705882248, 0.7529411764705882248, 0.7529411764705882248 ) ;
#364 = VERTEX_POINT ( 'NONE', #1097 ) ;
#365 = COLOUR_RGB ( '',0.7529411764705882248, 0.7529411764705882248, 0.7529411764705882248 ) ;
#366 =( GEOMETRIC_REPRESENTATION_CONTEXT ( 3 ) GLOBAL_UNCERTAINTY_ASSIGNED_CONTEXT ( ( #1670 ) ) GLOBAL_UNIT_ASSIGNED_CONTEXT ( ( #1593, #1020, #632 ) ) REPRESENTATION_CONTEXT ( 'NONE', 'WORKASPACE' ) );
#367 = SURFACE_SIDE_STYLE ('',( #1710 ) ) ;
#368 = LINE ( 'NONE', #147, #1270 ) ;
#369 = ADVANCED_FACE ( 'NONE', ( #1297 ), #2441, .T. ) ;
#370 = VERTEX_POINT ( 'NONE', #178 ) ;
#371 = MANIFOLD_SOLID_BREP ( 'Split1[1]', #678 ) ;
#372 = DIRECTION ( 'NONE',  ( 0.000000000000000000, 0.000000000000000000, -1.000000000000000000 ) ) ;
#373 = MECHANICAL_DESIGN_GEOMETRIC_PRESENTATION_REPRESENTATION (  '', ( #136 ), #1435 ) ;
#374 = FILL_AREA_STYLE_COLOUR ( '', #161 ) ;
#375 = EDGE_CURVE ( 'NONE', #370, #2029, #707, .T. ) ;
#376 = CARTESIAN_POINT ( 'NONE',  ( -0.2300000000000000377, -0.2500000000000000000, -0.02000000000000002470 ) ) ;
#377 = ORIENTED_EDGE ( 'NONE', *, *, #674, .T. ) ;
#378 = DIRECTION ( 'NONE',  ( -1.000000000000000000, 0.000000000000000000, 0.000000000000000000 ) ) ;
#379 = ORIENTED_EDGE ( 'NONE', *, *, #1482, .T. ) ;
#380 = DIRECTION ( 'NONE',  ( 0.000000000000000000, -1.000000000000000000, 0.000000000000000000 ) ) ;
#381 = CARTESIAN_POINT ( 'NONE',  ( -0.2299999999999999545, 0.2441421356237310214, -0.9941421356237309936 ) ) ;
#382 = DIRECTION ( 'NONE',  ( 1.000000000000000000, 0.000000000000000000, 0.000000000000000000 ) ) ;
#383 = DIRECTION ( 'NONE',  ( 0.000000000000000000, 0.000000000000000000, 1.000000000000000000 ) ) ;
#384 = EDGE_LOOP ( 'NONE', ( #821, #1620, #2226, #138 ) ) ;
#385 = PRESENTATION_STYLE_ASSIGNMENT (( #172 ) ) ;
#386 = ADVANCED_FACE ( 'NONE', ( #1912 ), #2330, .T. ) ;
#387 = DIRECTION ( 'NONE',  ( 0.000000000000000000, 0.000000000000000000, 1.000000000000000000 ) ) ;
#388 = CARTESIAN_POINT ( 'NONE',  ( 0.2300000000000000655, -0.2300000000000000100, -0.02000000000000000042 ) ) ;
#389 = ORIENTED_EDGE ( 'NONE', *, *, #2261, .T. ) ;
#390 = LINE ( 'NONE', #1867, #10 ) ;
#391 = CARTESIAN_POINT ( 'NONE',  ( -0.2499991117421789810, 0.2298667154850738692, -0.9798667154850737582 ) ) ;
#392 = PRESENTATION_STYLE_ASSIGNMENT (( #1407 ) ) ;
#393 = DIRECTION ( 'NONE',  ( -1.000000000000000000, 0.000000000000000000, 0.000000000000000000 ) ) ;
#394 = ORIENTED_EDGE ( 'NONE', *, *, #203, .T. ) ;
#395 = CARTESIAN_POINT ( 'NONE',  ( 0.2500000000000000000, 0.2300000000000000100, -0.5000000000000000000 ) ) ;
#396 = PRESENTATION_LAYER_ASSIGNMENT (  '', '', ( #84 ) ) ;
#397 = PRESENTATION_STYLE_ASSIGNMENT (( #2120 ) ) ;
#398 = CYLINDRICAL_SURFACE ( 'NONE', #1152, 0.03500000000000001027 ) ;
#399 = DIRECTION ( 'NONE',  ( 1.000000000000000000, 0.000000000000000000, 0.000000000000000000 ) ) ;
#400 = AXIS2_PLACEMENT_3D ( 'NONE', #944, #2287, #1130 ) ;
#401 = EDGE_CURVE ( 'NONE', #2154, #65, #961, .T. ) ;
#402 = STYLED_ITEM ( 'NONE', ( #2066 ), #733 ) ;
#403 = VERTEX_POINT ( 'NONE', #218 ) ;
#404 = CARTESIAN_POINT ( 'NONE',  ( -0.2418034671099021093, 0.2441421356237309104, -0.005857864376269070542 ) ) ;
#405 = ORIENTED_EDGE ( 'NONE', *, *, #311, .T. ) ;
#406 = VECTOR ( 'NONE', #1835, 1000.000000000000000 ) ;
#407 = AXIS2_PLACEMENT_3D ( 'NONE', #1484, #109, #2233 ) ;
#408 = COLOUR_RGB ( '',1.000000000000000000, 1.000000000000000000, 1.000000000000000000 ) ;
#409 = CARTESIAN_POINT ( 'NONE',  ( 0.2524884472586551021, -0.2357958239888068297, -0.02000000000000008715 ) ) ;
#410 = AXIS2_PLACEMENT_3D ( 'NONE', #978, #412, #227 ) ;
#411 = CARTESIAN_POINT ( 'NONE',  ( -0.2299999999999999822, 0.2441421356237310492, -0.9941421356237309936 ) ) ;
#412 = DIRECTION ( 'NONE',  ( -1.000000000000000000, 0.000000000000000000, 0.000000000000000000 ) ) ;
#413 = AXIS2_PLACEMENT_3D ( 'NONE', #1128, #2080, #2285 ) ;
#414 = EDGE_LOOP ( 'NONE', ( #1182, #2436, #1366, #769, #272 ) ) ;
#415 = CARTESIAN_POINT ( 'NONE',  ( 0.2500000000000000000, 0.2300000000000000100, -0.5000000000000000000 ) ) ;
#416 = FACE_OUTER_BOUND ( 'NONE', #2445, .T. ) ;
#417 = SURFACE_STYLE_USAGE ( .BOTH. , #631 ) ;
#418 = FACE_OUTER_BOUND ( 'NONE', #1026, .T. ) ;
#419 = CARTESIAN_POINT ( 'NONE',  ( 0.2441421356237310214, 0.2441421356237310214, -0.9799999999999997602 ) ) ;
#420 = PRESENTATION_STYLE_ASSIGNMENT (( #35 ) ) ;
#421 = SURFACE_SIDE_STYLE ('',( #24 ) ) ;
#422 = SURFACE_STYLE_FILL_AREA ( #72 ) ;
#423 = VERTEX_POINT ( 'NONE', #1178 ) ;
#424 =( GEOMETRIC_REPRESENTATION_CONTEXT ( 3 ) GLOBAL_UNCERTAINTY_ASSIGNED_CONTEXT ( ( #2241 ) ) GLOBAL_UNIT_ASSIGNED_CONTEXT ( ( #140, #1126, #2469 ) ) REPRESENTATION_CONTEXT ( 'NONE', 'WORKASPACE' ) );
#425 = LINE ( 'NONE', #1774, #1419 ) ;
#426 = EDGE_CURVE ( 'NONE', #1409, #1784, #1133, .T. ) ;
#427 = VERTEX_POINT ( 'NONE', #976 ) ;
#428 = CARTESIAN_POINT ( 'NONE',  ( 0.2239924879361569754, -0.2524328249361805221, -0.008219626696128957272 ) ) ;
#429 = SURFACE_STYLE_FILL_AREA ( #902 ) ;
#430 = CARTESIAN_POINT ( 'NONE',  ( 0.2239924879361568366, 0.2524328249361805776, -0.9917803733038709213 ) ) ;
#431 = LINE ( 'NONE', #817, #1819 ) ;
#432 = ORIENTED_EDGE ( 'NONE', *, *, #1445, .F. ) ;
#433 = UNCERTAINTY_MEASURE_WITH_UNIT (LENGTH_MEASURE( 1.000000000000000082E-05 ), #2072, 'distance_accuracy_value', 'NONE');
#434 = SURFACE_STYLE_USAGE ( .BOTH. , #74 ) ;
#435 = SURFACE_STYLE_USAGE ( .BOTH. , #2157 ) ;
#436 = CARTESIAN_POINT ( 'NONE',  ( 0.2500000000000000000, 0.000000000000000000, -0.01999999999999999695 ) ) ;
#437 =( BOUNDED_SURFACE ( )  B_SPLINE_SURFACE ( 3, 3, ( 
 ( #1643, #679, #270, #1618 ),
 ( #1294, #2229, #498, #1303 ),
 ( #2401, #2418, #2014, #704 ),
 ( #1633, #2379, #1076, #2391 ) ),
 .UNSPECIFIED., .F., .F., .F. ) 
 B_SPLINE_SURFACE_WITH_KNOTS ( ( 4, 4 ),
 ( 4, 4 ),
 ( 0.000000000000000000, 1.000000000000000000 ),
 ( 0.000000000000000000, 1.000000000000000000 ),
 .UNSPECIFIED. ) 
 GEOMETRIC_REPRESENTATION_ITEM ( )  RATIONAL_B_SPLINE_SURFACE ( (
 ( 1.000000000000000000, 0.8047378541243569439, 0.8047378541243569439, 1.000000000000000000),
 ( 0.8025111867385931186, 0.6458111303268064818, 0.6458111303268064818, 0.8025111867385931186),
 ( 0.8025111867385931186, 0.6458111303268064818, 0.6458111303268064818, 0.8025111867385931186),
 ( 1.000000000000000000, 0.8047378541243569439, 0.8047378541243569439, 1.000000000000000000) ) ) 
 REPRESENTATION_ITEM ( '' )  SURFACE ( )  );
#438 = VERTEX_POINT ( 'NONE', #1571 ) ;
#439 = CARTESIAN_POINT ( 'NONE',  ( 0.2298667154850738970, -0.2298667154850738970, -8.882578210022817194E-07 ) ) ;
#440 = VECTOR ( 'NONE', #598, 1000.000000000000000 ) ;
#441 = CARTESIAN_POINT ( 'NONE',  ( 0.2441421356237309659, 0.2300000000000000377, -0.005857864376269038449 ) ) ;
#442 = MECHANICAL_DESIGN_GEOMETRIC_PRESENTATION_REPRESENTATION (  '', ( #1971 ), #2325 ) ;
#443 = CARTESIAN_POINT ( 'NONE',  ( 0.2524884472586551576, -0.2300000000000000377, -0.9857958239888067187 ) ) ;
#444 = ORIENTED_EDGE ( 'NONE', *, *, #2432, .F. ) ;
#445 = FILL_AREA_STYLE ('',( #2169 ) ) ;
#446 = STYLED_ITEM ( 'NONE', ( #2103 ), #977 ) ;
#447 = VECTOR ( 'NONE', #1027, 1000.000000000000000 ) ;
#448 = AXIS2_PLACEMENT_3D ( 'NONE', #1235, #1787, #1599 ) ;
#449 = VERTEX_POINT ( 'NONE', #1752 ) ;
#450 = CARTESIAN_POINT ( 'NONE',  ( -0.2418034671099021093, -0.2441421356237310214, -0.005857864376269103501 ) ) ;
#451 = SURFACE_STYLE_FILL_AREA ( #1576 ) ;
#452 = VECTOR ( 'NONE', #673, 1000.000000000000000 ) ;
#453 =( GEOMETRIC_REPRESENTATION_CONTEXT ( 3 ) GLOBAL_UNCERTAINTY_ASSIGNED_CONTEXT ( ( #2420 ) ) GLOBAL_UNIT_ASSIGNED_CONTEXT ( ( #126, #2060, #742 ) ) REPRESENTATION_CONTEXT ( 'NONE', 'WORKASPACE' ) );
#454 = CARTESIAN_POINT ( 'NONE',  ( 0.2298826745880924449, 0.2465426382842449415, -1.000110355151947461 ) ) ;
#455 = EDGE_CURVE ( 'NONE', #2147, #2300, #922, .T. ) ;
#456 = FILL_AREA_STYLE_COLOUR ( '', #1701 ) ;
#457 = CARTESIAN_POINT ( 'NONE',  ( -0.2300000000000000377, 0.2441421356237309659, -0.005857864376269082685 ) ) ;
#458 = EDGE_LOOP ( 'NONE', ( #1937, #2314, #159, #971 ) ) ;
#459 = CIRCLE ( 'NONE', #1749, 0.01999999999999999695 ) ;
#460 = UNCERTAINTY_MEASURE_WITH_UNIT (LENGTH_MEASURE( 1.000000000000000082E-05 ), #230, 'distance_accuracy_value', 'NONE');
#461 = VECTOR ( 'NONE', #1181, 1000.000000000000000 ) ;
#462 = CARTESIAN_POINT ( 'NONE',  ( 0.9018000000000000460, 0.2300000000000000100, -0.9799999999999999822 ) ) ;
#463 = LINE ( 'NONE', #2366, #657 ) ;
#464 = VERTEX_POINT ( 'NONE', #996 ) ;
#465 = SURFACE_SIDE_STYLE ('',( #2372 ) ) ;
#466 = ORIENTED_EDGE ( 'NONE', *, *, #401, .F. ) ;
#467 = FILL_AREA_STYLE_COLOUR ( '', #1007 ) ;
#468 = CARTESIAN_POINT ( 'NONE',  ( 0.2500000000000000000, 0.000000000000000000, -0.5000000000000000000 ) ) ;
#469 = PRESENTATION_STYLE_ASSIGNMENT (( #879 ) ) ;
#470 = EDGE_CURVE ( 'NONE', #449, #1512, #236, .T. ) ;
#471 = CARTESIAN_POINT ( 'NONE',  ( 0.2300000000000000100, 0.2300000000000000100, -0.2499999999999997780 ) ) ;
#472 =( NAMED_UNIT ( * ) PLANE_ANGLE_UNIT ( ) SI_UNIT ( $, .RADIAN. ) );
#473 = CARTESIAN_POINT ( 'NONE',  ( -0.2299999999999999545, -0.2524884472586551021, -0.01420417601119321541 ) ) ;
#474 = EDGE_LOOP ( 'NONE', ( #1713, #702, #1648 ) ) ;
#475 = SURFACE_SIDE_STYLE ('',( #1651 ) ) ;
#476 =( LENGTH_UNIT ( ) NAMED_UNIT ( * ) SI_UNIT ( .MILLI., .METRE. ) );
#477 = MECHANICAL_DESIGN_GEOMETRIC_PRESENTATION_REPRESENTATION (  '', ( #2363 ), #999 ) ;
#478 = CARTESIAN_POINT ( 'NONE',  ( 0.2300000000000000100, -0.2500000000000000000, -0.7500000000000000000 ) ) ;
#479 = SURFACE_STYLE_FILL_AREA ( #2202 ) ;
#480 = ORIENTED_EDGE ( 'NONE', *, *, #231, .F. ) ;
#481 =( LENGTH_UNIT ( ) NAMED_UNIT ( * ) SI_UNIT ( .MILLI., .METRE. ) );
#482 = COLOUR_RGB ( '',0.7529411764705882248, 0.7529411764705882248, 0.7529411764705882248 ) ;
#483 = EDGE_CURVE ( 'NONE', #2167, #1839, #1572, .T. ) ;
#484 = UNCERTAINTY_MEASURE_WITH_UNIT (LENGTH_MEASURE( 1.000000000000000082E-05 ), #1522, 'distance_accuracy_value', 'NONE');
#485 = CARTESIAN_POINT ( 'NONE',  ( 0.2300000000000000100, -0.2500000000000000000, -0.2500000000000000000 ) ) ;
#486 = DIRECTION ( 'NONE',  ( -0.000000000000000000, -0.000000000000000000, 1.000000000000000000 ) ) ;
#487 = STYLED_ITEM ( 'NONE', ( #356 ), #765 ) ;
#488 = EDGE_CURVE ( 'NONE', #1664, #1257, #1224, .T. ) ;
#489 = AXIS2_PLACEMENT_3D ( 'NONE', #1994, #275, #1037 ) ;
#490 = AXIS2_PLACEMENT_3D ( 'NONE', #297, #701, #1276 ) ;
#491 = ORIENTED_EDGE ( 'NONE', *, *, #800, .T. ) ;
#492 = PLANE ( 'NONE',  #490 ) ;
#493 = CIRCLE ( 'NONE', #1506, 0.02000000000000002817 ) ;
#494 = VERTEX_POINT ( 'NONE', #1947 ) ;
#495 = PRESENTATION_STYLE_ASSIGNMENT (( #2374 ) ) ;
#496 = PRESENTATION_LAYER_ASSIGNMENT (  '', '', ( #2092 ) ) ;
#497 = VECTOR ( 'NONE', #82, 1000.000000000000000 ) ;
#498 = CARTESIAN_POINT ( 'NONE',  ( -0.2418034671099021926, 0.2490312917836774720, -0.01074702053621536847 ) ) ;
#499 = FILL_AREA_STYLE_COLOUR ( '', #1613 ) ;
#500 = FACE_OUTER_BOUND ( 'NONE', #1413, .T. ) ;
#501 = CARTESIAN_POINT ( 'NONE',  ( -0.2300000000000001765, -0.2441421356237309659, -0.9941421356237309936 ) ) ;
#502 = MECHANICAL_DESIGN_GEOMETRIC_PRESENTATION_REPRESENTATION (  '', ( #1284 ), #424 ) ;
#503 = ORIENTED_EDGE ( 'NONE', *, *, #504, .F. ) ;
#504 = EDGE_CURVE ( 'NONE', #1096, #370, #425, .T. ) ;
#505 = SURFACE_STYLE_FILL_AREA ( #2227 ) ;
#506 = AXIS2_PLACEMENT_3D ( 'NONE', #963, #2257, #1365 ) ;
#507 = CARTESIAN_POINT ( 'NONE',  ( 0.2392529794637847096, -0.2418034671099021649, -0.9990312917836771112 ) ) ;
#508 = ORIENTED_EDGE ( 'NONE', *, *, #698, .T. ) ;
#509 =( NAMED_UNIT ( * ) SI_UNIT ( $, .STERADIAN. ) SOLID_ANGLE_UNIT ( ) );
#510 = DIRECTION ( 'NONE',  ( 0.000000000000000000, 0.000000000000000000, -1.000000000000000000 ) ) ;
#511 = FACE_OUTER_BOUND ( 'NONE', #207, .T. ) ;
#512 =( NAMED_UNIT ( * ) SI_UNIT ( $, .STERADIAN. ) SOLID_ANGLE_UNIT ( ) );
#513 =( NAMED_UNIT ( * ) SI_UNIT ( $, .STERADIAN. ) SOLID_ANGLE_UNIT ( ) );
#514 = FACE_OUTER_BOUND ( 'NONE', #629, .T. ) ;
#515 = UNCERTAINTY_MEASURE_WITH_UNIT (LENGTH_MEASURE( 1.000000000000000082E-05 ), #2470, 'distance_accuracy_value', 'NONE');
#516 = UNCERTAINTY_MEASURE_WITH_UNIT (LENGTH_MEASURE( 1.000000000000000082E-05 ), #1475, 'distance_accuracy_value', 'NONE');
#517 =( NAMED_UNIT ( * ) SI_UNIT ( $, .STERADIAN. ) SOLID_ANGLE_UNIT ( ) );
#518 = ADVANCED_FACE ( 'NONE', ( #1586 ), #2348, .T. ) ;
#519 = ORIENTED_EDGE ( 'NONE', *, *, #1948, .T. ) ;
#520 = CARTESIAN_POINT ( 'NONE',  ( 0.2441421356237310214, -0.2441421356237310214, -0.02000000000000000042 ) ) ;
#521 =( NAMED_UNIT ( * ) SI_UNIT ( $, .STERADIAN. ) SOLID_ANGLE_UNIT ( ) );
#522 = CYLINDRICAL_SURFACE ( 'NONE', #719, 0.03500000000000001027 ) ;
#523 = DIRECTION ( 'NONE',  ( 1.000000000000000000, 0.000000000000000000, 0.000000000000000000 ) ) ;
#524 = ORIENTED_EDGE ( 'NONE', *, *, #173, .F. ) ;
#525 = SURFACE_STYLE_USAGE ( .BOTH. , #1491 ) ;
#526 = CARTESIAN_POINT ( 'NONE',  ( -0.2300000000000000100, 0.2440082230156761234, -0.9657252079544714762 ) ) ;
#527 = CIRCLE ( 'NONE', #2444, 0.02000000000000001082 ) ;
#528 =( GEOMETRIC_REPRESENTATION_CONTEXT ( 3 ) GLOBAL_UNCERTAINTY_ASSIGNED_CONTEXT ( ( #433 ) ) GLOBAL_UNIT_ASSIGNED_CONTEXT ( ( #2072, #1328, #340 ) ) REPRESENTATION_CONTEXT ( 'NONE', 'WORKASPACE' ) );
#529 = STYLED_ITEM ( 'NONE', ( #1217 ), #518 ) ;
#530 = VERTEX_POINT ( 'NONE', #536 ) ;
#531 = CARTESIAN_POINT ( 'NONE',  ( 0.2349999999999999867, -0.2349999999999999867, -0.2500000000000000000 ) ) ;
#532 = MECHANICAL_DESIGN_GEOMETRIC_PRESENTATION_REPRESENTATION (  '', ( #2447 ), #605 ) ;
#533 = AXIS2_PLACEMENT_3D ( 'NONE', #1013, #1624, #1414 ) ;
#534 = DIRECTION ( 'NONE',  ( -0.000000000000000000, -0.000000000000000000, -1.000000000000000000 ) ) ;
#535 = EDGE_CURVE ( 'NONE', #2410, #449, #1089, .T. ) ;
#536 = CARTESIAN_POINT ( 'NONE',  ( 0.2500000000000000000, 0.2300000000000000100, -0.7500000000000000000 ) ) ;
#537 = UNCERTAINTY_MEASURE_WITH_UNIT (LENGTH_MEASURE( 1.000000000000000082E-05 ), #1420, 'distance_accuracy_value', 'NONE');
#538 = SURFACE_STYLE_USAGE ( .BOTH. , #713 ) ;
#539 = CARTESIAN_POINT ( 'NONE',  ( -0.2500000000000000000, 0.2300000000000000100, -0.2500000000000000000 ) ) ;
#540 =( NAMED_UNIT ( * ) PLANE_ANGLE_UNIT ( ) SI_UNIT ( $, .RADIAN. ) );
#541 = MECHANICAL_DESIGN_GEOMETRIC_PRESENTATION_REPRESENTATION (  '', ( #1144 ), #2425 ) ;
#542 =( LENGTH_UNIT ( ) NAMED_UNIT ( * ) SI_UNIT ( .MILLI., .METRE. ) );
#543 = VERTEX_POINT ( 'NONE', #329 ) ;
#544 = AXIS2_PLACEMENT_3D ( 'NONE', #1137, #1883, #170 ) ;
#545 = SURFACE_STYLE_USAGE ( .BOTH. , #1315 ) ;
#546 = SURFACE_SIDE_STYLE ('',( #1740 ) ) ;
#547 = CARTESIAN_POINT ( 'NONE',  ( 0.2500000000000000000, -0.2300000000000000377, -0.9799999999999999822 ) ) ;
#548 = EDGE_LOOP ( 'NONE', ( #2105, #1675, #389 ) ) ;
#549 = SURFACE_STYLE_USAGE ( .BOTH. , #1716 ) ;
#550 = ADVANCED_FACE ( 'NONE', ( #291 ), #2230, .T. ) ;
#551 = FILL_AREA_STYLE_COLOUR ( '', #2087 ) ;
#552 = DIRECTION ( 'NONE',  ( 0.000000000000000000, -1.000000000000000000, 0.000000000000000000 ) ) ;
#553 = FILL_AREA_STYLE ('',( #1722 ) ) ;
#554 = ORIENTED_EDGE ( 'NONE', *, *, #173, .T. ) ;
#555 = FILL_AREA_STYLE ('',( #1498 ) ) ;
#556 = SURFACE_STYLE_FILL_AREA ( #2275 ) ;
#557 = SURFACE_STYLE_USAGE ( .BOTH. , #2069 ) ;
#558 = CARTESIAN_POINT ( 'NONE',  ( 0.2524884472586552131, -0.2357958239888067742, -0.01308568905004415736 ) ) ;
#559 = DIRECTION ( 'NONE',  ( -0.000000000000000000, -1.000000000000000000, -0.000000000000000000 ) ) ;
#560 = ADVANCED_FACE ( 'NONE', ( #514 ), #1966, .T. ) ;
#561 = CARTESIAN_POINT ( 'NONE',  ( 0.2300000000000000100, -0.2300000000000000100, -0.02000000000000005246 ) ) ;
#562 =( GEOMETRIC_REPRESENTATION_CONTEXT ( 3 ) GLOBAL_UNCERTAINTY_ASSIGNED_CONTEXT ( ( #1448 ) ) GLOBAL_UNIT_ASSIGNED_CONTEXT ( ( #155, #1392, #189 ) ) REPRESENTATION_CONTEXT ( 'NONE', 'WORKASPACE' ) );
#563 = DIRECTION ( 'NONE',  ( 1.000000000000000000, 0.000000000000000000, -0.000000000000000000 ) ) ;
#564 = EDGE_LOOP ( 'NONE', ( #1562, #2008, #1931 ) ) ;
#565 = SURFACE_STYLE_FILL_AREA ( #1116 ) ;
#566 = MECHANICAL_DESIGN_GEOMETRIC_PRESENTATION_REPRESENTATION (  '', ( #402 ), #2449 ) ;
#567 = SURFACE_STYLE_FILL_AREA ( #1715 ) ;
#568 = PRESENTATION_LAYER_ASSIGNMENT (  '', '', ( #2373 ) ) ;
#569 = COLOUR_RGB ( '',0.7529411764705882248, 0.7529411764705882248, 0.7529411764705882248 ) ;
#570 = MECHANICAL_DESIGN_GEOMETRIC_PRESENTATION_REPRESENTATION (  '', ( #2136 ), #1511 ) ;
#571 = FACE_OUTER_BOUND ( 'NONE', #37, .T. ) ;
#572 = ORIENTED_EDGE ( 'NONE', *, *, #1036, .T. ) ;
#573 = VECTOR ( 'NONE', #2446, 1000.000000000000000 ) ;
#574 = SURFACE_SIDE_STYLE ('',( #1676 ) ) ;
#575 = CARTESIAN_POINT ( 'NONE',  ( -0.2369143109499560473, 0.2357958239888068019, -1.002488447258655047 ) ) ;
#576 = CARTESIAN_POINT ( 'NONE',  ( -0.2350000000000000144, 0.2000000000000000111, -0.2499999999999998335 ) ) ;
#577 = EDGE_CURVE ( 'NONE', #1558, #1809, #2367, .T. ) ;
#578 = ORIENTED_EDGE ( 'NONE', *, *, #2073, .T. ) ;
#579 = MECHANICAL_DESIGN_GEOMETRIC_PRESENTATION_REPRESENTATION (  '', ( #1869 ), #1590 ) ;
#580 = CARTESIAN_POINT ( 'NONE',  ( -0.2300000000000000100, -0.2300000000000000655, -0.01999999999999999695 ) ) ;
#581 = CARTESIAN_POINT ( 'NONE',  ( 0.2300000000000000100, -0.2300000000000000100, -0.9799999999999999822 ) ) ;
#582 = FACE_OUTER_BOUND ( 'NONE', #912, .T. ) ;
#583 = VERTEX_POINT ( 'NONE', #165 ) ;
#584 = DIRECTION ( 'NONE',  ( 0.000000000000000000, -1.000000000000000000, 0.000000000000000000 ) ) ;
#585 = CARTESIAN_POINT ( 'NONE',  ( 0.2465426382842451081, -0.2298826745880925282, 0.0001103551519472918625 ) ) ;
#586 = CARTESIAN_POINT ( 'NONE',  ( -0.2300000000000001210, 0.2157252079544715317, -0.9940082230156760401 ) ) ;
#587 = FILL_AREA_STYLE_COLOUR ( '', #58 ) ;
#588 = DIRECTION ( 'NONE',  ( 1.000000000000000000, 4.065758146820642416E-15, 0.000000000000000000 ) ) ;
#589 = ORIENTED_EDGE ( 'NONE', *, *, #607, .F. ) ;
#590 = CARTESIAN_POINT ( 'NONE',  ( 0.2382126564361687071, -0.2382126564361687071, 0.0001103551519473010240 ) ) ;
#591 = PRESENTATION_STYLE_ASSIGNMENT (( #1591 ) ) ;
#592 = EDGE_CURVE ( 'NONE', #171, #2029, #1334, .T. ) ;
#593 = DIRECTION ( 'NONE',  ( 0.000000000000000000, 0.000000000000000000, 1.000000000000000000 ) ) ;
#594 = FILL_AREA_STYLE_COLOUR ( '', #365 ) ;
#595 = SURFACE_STYLE_USAGE ( .BOTH. , #2315 ) ;
#596 = CARTESIAN_POINT ( 'NONE',  ( -0.2499991117421789810, 0.2215828121660483319, -0.9881506188040993788 ) ) ;
#597 = VERTEX_POINT ( 'NONE', #176 ) ;
#598 = DIRECTION ( 'NONE',  ( 0.000000000000000000, -0.000000000000000000, 1.000000000000000000 ) ) ;
#599 = PRESENTATION_LAYER_ASSIGNMENT (  '', '', ( #1690 ) ) ;
#600 = FACE_OUTER_BOUND ( 'NONE', #225, .T. ) ;
#601 = COLOUR_RGB ( '',0.7529411764705882248, 0.7529411764705882248, 0.7529411764705882248 ) ;
#602 = SURFACE_STYLE_USAGE ( .BOTH. , #2322 ) ;
#603 =( NAMED_UNIT ( * ) PLANE_ANGLE_UNIT ( ) SI_UNIT ( $, .RADIAN. ) );
#604 = COLOUR_RGB ( '',0.7529411764705882248, 0.7529411764705882248, 0.7529411764705882248 ) ;
#605 =( GEOMETRIC_REPRESENTATION_CONTEXT ( 3 ) GLOBAL_UNCERTAINTY_ASSIGNED_CONTEXT ( ( #2440 ) ) GLOBAL_UNIT_ASSIGNED_CONTEXT ( ( #91, #2388, #284 ) ) REPRESENTATION_CONTEXT ( 'NONE', 'WORKASPACE' ) );
#606 = DIRECTION ( 'NONE',  ( -1.000000000000000000, 0.000000000000000000, 0.000000000000000000 ) ) ;
#607 = EDGE_CURVE ( 'NONE', #1029, #2154, #2408, .T. ) ;
#608 =( NAMED_UNIT ( * ) PLANE_ANGLE_UNIT ( ) SI_UNIT ( $, .RADIAN. ) );
#609 = ORIENTED_EDGE ( 'NONE', *, *, #735, .F. ) ;
#610 = COLOUR_RGB ( '',0.7529411764705882248, 0.7529411764705882248, 0.7529411764705882248 ) ;
#611 = VECTOR ( 'NONE', #1684, 1000.000000000000000 ) ;
#612 = UNCERTAINTY_MEASURE_WITH_UNIT (LENGTH_MEASURE( 1.000000000000000082E-05 ), #2067, 'distance_accuracy_value', 'NONE');
#613 = COLOUR_RGB ( '',0.7529411764705882248, 0.7529411764705882248, 0.7529411764705882248 ) ;
#614 = CARTESIAN_POINT ( 'NONE',  ( 0.2300000000000000100, 0.2300000000000000100, -0.7500000000000000000 ) ) ;
#615 = CIRCLE ( 'NONE', #1539, 0.02000000000000005246 ) ;
#616 = DIRECTION ( 'NONE',  ( -1.000000000000000000, 0.000000000000000000, -0.000000000000000000 ) ) ;
#617 = PRESENTATION_LAYER_ASSIGNMENT (  '', '', ( #1430 ) ) ;
#618 =( BOUNDED_SURFACE ( )  B_SPLINE_SURFACE ( 3, 3, ( 
 ( #1246, #2382, #1256, #501 ),
 ( #862, #2224, #86, #75 ),
 ( #1053, #2186, #832, #2205 ),
 ( #1836, #1449, #304, #848 ) ),
 .UNSPECIFIED., .F., .F., .F. ) 
 B_SPLINE_SURFACE_WITH_KNOTS ( ( 4, 4 ),
 ( 4, 4 ),
 ( 0.000000000000000000, 1.000000000000000000 ),
 ( 0.000000000000000000, 1.000000000000000000 ),
 .UNSPECIFIED. ) 
 GEOMETRIC_REPRESENTATION_ITEM ( )  RATIONAL_B_SPLINE_SURFACE ( (
 ( 1.000000000000000000, 0.8047378541243658256, 0.8047378541243658256, 1.000000000000000000),
 ( 0.8025111867385934517, 0.6458111303268139203, 0.6458111303268139203, 0.8025111867385934517),
 ( 0.8025111867385934517, 0.6458111303268139203, 0.6458111303268139203, 0.8025111867385934517),
 ( 1.000000000000000000, 0.8047378541243658256, 0.8047378541243658256, 1.000000000000000000) ) ) 
 REPRESENTATION_ITEM ( '' )  SURFACE ( )  );
#619 = ORIENTED_EDGE ( 'NONE', *, *, #784, .F. ) ;
#620 = CARTESIAN_POINT ( 'NONE',  ( 0.2298826745880924727, -0.2465426382842449415, 0.0001103551519473010240 ) ) ;
#621 = SURFACE_STYLE_FILL_AREA ( #1239 ) ;
#622 = CARTESIAN_POINT ( 'NONE',  ( 0.2392529794637847651, 0.2490312917836771667, -0.9918034671099017485 ) ) ;
#623 = SURFACE_STYLE_USAGE ( .BOTH. , #635 ) ;
#624 = ORIENTED_EDGE ( 'NONE', *, *, #1918, .T. ) ;
#625 = ADVANCED_FACE ( 'NONE', ( #582 ), #1515, .T. ) ;
#626 = CARTESIAN_POINT ( 'NONE',  ( -0.2500000000000000000, -0.2500000000000000000, -0.02000000000000000042 ) ) ;
#627 = FILL_AREA_STYLE ('',( #1405 ) ) ;
#628 = DIRECTION ( 'NONE',  ( 0.000000000000000000, -0.7071067811865475727, 0.7071067811865475727 ) ) ;
#629 = EDGE_LOOP ( 'NONE', ( #833, #986, #122 ) ) ;
#630 = DIRECTION ( 'NONE',  ( -1.000000000000000000, 0.000000000000000000, 0.000000000000000000 ) ) ;
#631 = SURFACE_SIDE_STYLE ('',( #429 ) ) ;
#632 =( NAMED_UNIT ( * ) SI_UNIT ( $, .STERADIAN. ) SOLID_ANGLE_UNIT ( ) );
#633 =( NAMED_UNIT ( * ) SI_UNIT ( $, .STERADIAN. ) SOLID_ANGLE_UNIT ( ) );
#634 = CARTESIAN_POINT ( 'NONE',  ( 0.2441421356237309104, 0.2441421356237311324, -0.9799999999999998712 ) ) ;
#635 = SURFACE_SIDE_STYLE ('',( #422 ) ) ;
#636 = DIRECTION ( 'NONE',  ( 0.000000000000000000, 0.000000000000000000, -1.000000000000000000 ) ) ;
#637 = ADVANCED_FACE ( 'NONE', ( #1527 ), #2098, .T. ) ;
#638 = SURFACE_SIDE_STYLE ('',( #682 ) ) ;
#639 = FACE_OUTER_BOUND ( 'NONE', #474, .T. ) ;
#640 = ORIENTED_EDGE ( 'NONE', *, *, #2156, .F. ) ;
#641 = ADVANCED_FACE ( 'NONE', ( #233 ), #787, .T. ) ;
#642 = CARTESIAN_POINT ( 'NONE',  ( 0.1999999999999999833, 0.2350000000000000144, -0.7500000000000000000 ) ) ;
#643 = SURFACE_STYLE_USAGE ( .BOTH. , #797 ) ;
#644 = CLOSED_SHELL ( 'NONE', ( #880, #1174, #1842, #661, #30, #1900, #1088, #1057, #1881, #1672, #831, #641, #2234, #43, #1415, #765, #977, #1302, #709, #386, #2160, #1072 ) ) ;
#645 =( NAMED_UNIT ( * ) SI_UNIT ( $, .STERADIAN. ) SOLID_ANGLE_UNIT ( ) );
#646 = DIRECTION ( 'NONE',  ( -1.000000000000000000, 0.000000000000000000, 0.000000000000000000 ) ) ;
#647 =( NAMED_UNIT ( * ) PLANE_ANGLE_UNIT ( ) SI_UNIT ( $, .RADIAN. ) );
#648 = AXIS2_PLACEMENT_3D ( 'NONE', #1197, #630, #1938 ) ;
#649 = PRESENTATION_LAYER_ASSIGNMENT (  '', '', ( #2171 ) ) ;
#650 = ORIENTED_EDGE ( 'NONE', *, *, #131, .F. ) ;
#651 = STYLED_ITEM ( 'NONE', ( #420 ), #641 ) ;
#652 = LINE ( 'NONE', #626, #1936 ) ;
#653 = CIRCLE ( 'NONE', #2049, 0.02000000000000000042 ) ;
#654 = VECTOR ( 'NONE', #1018, 1000.000000000000000 ) ;
#655 = LINE ( 'NONE', #871, #2181 ) ;
#656 = VECTOR ( 'NONE', #937, 1000.000000000000000 ) ;
#657 = VECTOR ( 'NONE', #1626, 1000.000000000000000 ) ;
#658 = ORIENTED_EDGE ( 'NONE', *, *, #1686, .F. ) ;
#659 = CARTESIAN_POINT ( 'NONE',  ( -0.2300000000000000100, -0.2441421356237309659, -0.005857864376269023704 ) ) ;
#660 = CIRCLE ( 'NONE', #1585, 0.02000000000000002817 ) ;
#661 = ADVANCED_FACE ( 'NONE', ( #212 ), #101, .T. ) ;
#662 = CARTESIAN_POINT ( 'NONE',  ( -0.2000000000000000111, -0.2349999999999999867, -0.2500000000000000000 ) ) ;
#663 = SURFACE_STYLE_USAGE ( .BOTH. , #2389 ) ;
#664 = SURFACE_STYLE_FILL_AREA ( #1085 ) ;
#665 = ORIENTED_EDGE ( 'NONE', *, *, #203, .F. ) ;
#666 = STYLED_ITEM ( 'NONE', ( #1200 ), #2346 ) ;
#667 = DIRECTION ( 'NONE',  ( -1.000000000000000000, 0.000000000000000000, 0.000000000000000000 ) ) ;
#668 = CARTESIAN_POINT ( 'NONE',  ( -0.2300000000000000377, 0.2300000000000000377, 0.000000000000000000 ) ) ;
#669 = SURFACE_STYLE_USAGE ( .BOTH. , #465 ) ;
#670 = EDGE_LOOP ( 'NONE', ( #578, #1884, #872, #1176 ) ) ;
#671 =( NAMED_UNIT ( * ) SI_UNIT ( $, .STERADIAN. ) SOLID_ANGLE_UNIT ( ) );
#672 = SURFACE_STYLE_USAGE ( .BOTH. , #1457 ) ;
#673 = DIRECTION ( 'NONE',  ( 0.000000000000000000, -0.000000000000000000, 1.000000000000000000 ) ) ;
#674 = EDGE_CURVE ( 'NONE', #1664, #438, #7, .T. ) ;
#675 =( LENGTH_UNIT ( ) NAMED_UNIT ( * ) SI_UNIT ( .MILLI., .METRE. ) );
#676 = CARTESIAN_POINT ( 'NONE',  ( -0.2299999999999999822, -0.2441421356237310769, -0.005857864376269059266 ) ) ;
#677 = CARTESIAN_POINT ( 'NONE',  ( 0.2157252079544715873, 0.2440082230156763177, -0.9917152084231530829 ) ) ;
#678 = CLOSED_SHELL ( 'NONE', ( #2247, #1406, #733, #683, #2203, #928, #2353, #1290, #625, #1827 ) ) ;
#679 = CARTESIAN_POINT ( 'NONE',  ( -0.2300000000000000377, 0.2441421356237310492, -0.005857864376269025439 ) ) ;
#680 = CARTESIAN_POINT ( 'NONE',  ( -0.2499991117421790088, 0.2215828121660482763, -0.01184938119590059694 ) ) ;
#681 = ORIENTED_EDGE ( 'NONE', *, *, #784, .T. ) ;
#682 = SURFACE_STYLE_FILL_AREA ( #1306 ) ;
#683 = ADVANCED_FACE ( 'NONE', ( #1488 ), #522, .T. ) ;
#684 = UNCERTAINTY_MEASURE_WITH_UNIT (LENGTH_MEASURE( 1.000000000000000082E-05 ), #1014, 'distance_accuracy_value', 'NONE');
#685 =( NAMED_UNIT ( * ) SI_UNIT ( $, .STERADIAN. ) SOLID_ANGLE_UNIT ( ) );
#686 = AXIS2_PLACEMENT_3D ( 'NONE', #2306, #139, #1486 ) ;
#687 = CIRCLE ( 'NONE', #1699, 0.01999999999999999695 ) ;
#688 = CARTESIAN_POINT ( 'NONE',  ( 0.2298667154850738414, -0.2499991117421790365, -0.9798667154850737582 ) ) ;
#689 = ORIENTED_EDGE ( 'NONE', *, *, #276, .F. ) ;
#690 = PRESENTATION_STYLE_ASSIGNMENT (( #2411 ) ) ;
#691 =( GEOMETRIC_REPRESENTATION_CONTEXT ( 3 ) GLOBAL_UNCERTAINTY_ASSIGNED_CONTEXT ( ( #1119 ) ) GLOBAL_UNIT_ASSIGNED_CONTEXT ( ( #1770, #1955, #1025 ) ) REPRESENTATION_CONTEXT ( 'NONE', 'WORKASPACE' ) );
#692 = CIRCLE ( 'NONE', #1982, 0.03500000000000001027 ) ;
#693 = CARTESIAN_POINT ( 'NONE',  ( 0.2215828121660482763, 0.2381506188040994065, -0.9999991117421790365 ) ) ;
#694 =( BOUNDED_SURFACE ( )  B_SPLINE_SURFACE ( 3, 3, ( 
 ( #1093, #895, #2222, #1286 ),
 ( #117, #861, #292, #706 ),
 ( #696, #1078, #2431, #1480 ),
 ( #2018, #2231, #315, #526 ) ),
 .UNSPECIFIED., .F., .F., .F. ) 
 B_SPLINE_SURFACE_WITH_KNOTS ( ( 4, 4 ),
 ( 4, 4 ),
 ( 0.000000000000000000, 1.000000000000000000 ),
 ( 0.000000000000000000, 1.000000000000000000 ),
 .UNSPECIFIED. ) 
 GEOMETRIC_REPRESENTATION_ITEM ( )  RATIONAL_B_SPLINE_SURFACE ( (
 ( 1.000000000000000000, 0.8047378541243653816, 0.8047378541243653816, 1.000000000000000000),
 ( 0.8025111867385934517, 0.6458111303268135872, 0.6458111303268135872, 0.8025111867385934517),
 ( 0.8025111867385934517, 0.6458111303268135872, 0.6458111303268135872, 0.8025111867385934517),
 ( 1.000000000000000000, 0.8047378541243653816, 0.8047378541243653816, 1.000000000000000000) ) ) 
 REPRESENTATION_ITEM ( '' )  SURFACE ( )  );
#695 = CARTESIAN_POINT ( 'NONE',  ( -0.2417803733038711711, 0.2239924879361569476, 0.002432824936180506912 ) ) ;
#696 = CARTESIAN_POINT ( 'NONE',  ( -0.2501103551519474055, 0.2382126564361687349, -0.9882126564361686238 ) ) ;
#697 = PRESENTATION_LAYER_ASSIGNMENT (  '', '', ( #136 ) ) ;
#698 = EDGE_CURVE ( 'NONE', #1866, #1481, #2172, .T. ) ;
#699 =( GEOMETRIC_REPRESENTATION_CONTEXT ( 3 ) GLOBAL_UNCERTAINTY_ASSIGNED_CONTEXT ( ( #936 ) ) GLOBAL_UNIT_ASSIGNED_CONTEXT ( ( #1533, #749, #2280 ) ) REPRESENTATION_CONTEXT ( 'NONE', 'WORKASPACE' ) );
#700 = PRESENTATION_STYLE_ASSIGNMENT (( #1601 ) ) ;
#701 = DIRECTION ( 'NONE',  ( 0.000000000000000000, 1.000000000000000000, 0.000000000000000000 ) ) ;
#702 = ORIENTED_EDGE ( 'NONE', *, *, #2021, .T. ) ;
#703 = FILL_AREA_STYLE ('',( #778 ) ) ;
#704 = CARTESIAN_POINT ( 'NONE',  ( -0.2501103551519474610, 0.2382126564361687626, -0.01178734356383116626 ) ) ;
#705 = CARTESIAN_POINT ( 'NONE',  ( 0.2000000000000000111, -0.2000000000000000111, -0.7500000000000000000 ) ) ;
#706 = CARTESIAN_POINT ( 'NONE',  ( -0.2299999999999998712, 0.2524884472586552131, -0.9857958239888069407 ) ) ;
#707 = LINE ( 'NONE', #332, #1772 ) ;
#708 = DIRECTION ( 'NONE',  ( 1.000000000000000000, -0.000000000000000000, 0.000000000000000000 ) ) ;
#709 = ADVANCED_FACE ( 'NONE', ( #1251 ), #1905, .T. ) ;
#710 = EDGE_LOOP ( 'NONE', ( #2380, #2190, #1041, #836 ) ) ;
#711 =( LENGTH_UNIT ( ) NAMED_UNIT ( * ) SI_UNIT ( .MILLI., .METRE. ) );
#712 = CARTESIAN_POINT ( 'NONE',  ( -0.2000000000000000111, -0.2349999999999999589, -0.7500000000000000000 ) ) ;
#713 = SURFACE_SIDE_STYLE ('',( #1504 ) ) ;
#714 = STYLED_ITEM ( 'NONE', ( #258 ), #295 ) ;
#715 = STYLED_ITEM ( 'NONE', ( #934 ), #637 ) ;
#716 = FILL_AREA_STYLE_COLOUR ( '', #124 ) ;
#717 = FACE_OUTER_BOUND ( 'NONE', #1806, .T. ) ;
#718 = STYLED_ITEM ( 'NONE', ( #217 ), #1641 ) ;
#719 = AXIS2_PLACEMENT_3D ( 'NONE', #2201, #1044, #94 ) ;
#720 = EDGE_LOOP ( 'NONE', ( #1354, #554, #96, #1851 ) ) ;
#721 = DIRECTION ( 'NONE',  ( 0.000000000000000000, 0.000000000000000000, -1.000000000000000000 ) ) ;
#722 =( NAMED_UNIT ( * ) PLANE_ANGLE_UNIT ( ) SI_UNIT ( $, .RADIAN. ) );
#723 = EDGE_CURVE ( 'NONE', #1481, #2410, #771, .T. ) ;
#724 = CARTESIAN_POINT ( 'NONE',  ( 0.2300000000000000100, -0.2500000000000000000, -0.7500000000000000000 ) ) ;
#725 = SURFACE_SIDE_STYLE ('',( #567 ) ) ;
#726 = UNCERTAINTY_MEASURE_WITH_UNIT (LENGTH_MEASURE( 1.000000000000000082E-05 ), #1004, 'distance_accuracy_value', 'NONE');
#727 = DIRECTION ( 'NONE',  ( 0.000000000000000000, 0.000000000000000000, -1.000000000000000000 ) ) ;
#728 = CARTESIAN_POINT ( 'NONE',  ( -0.2500000000000000000, -0.2300000000000000100, -0.2499999999999998890 ) ) ;
#729 = ORIENTED_EDGE ( 'NONE', *, *, #2368, .F. ) ;
#730 = LINE ( 'NONE', #2271, #2025 ) ;
#731 = FACE_OUTER_BOUND ( 'NONE', #103, .T. ) ;
#732 = DIRECTION ( 'NONE',  ( 0.7071067811865474617, 0.000000000000000000, -0.7071067811865474617 ) ) ;
#733 = ADVANCED_FACE ( 'NONE', ( #1554 ), #1172, .T. ) ;
#734 = DIRECTION ( 'NONE',  ( 0.000000000000000000, 0.000000000000000000, 1.000000000000000000 ) ) ;
#735 = EDGE_CURVE ( 'NONE', #1545, #278, #1525, .T. ) ;
#736 = DIRECTION ( 'NONE',  ( -1.000000000000000000, 0.000000000000000000, 0.000000000000000000 ) ) ;
#737 = CARTESIAN_POINT ( 'NONE',  ( 0.2300000000000000100, 0.9018000000000000460, 0.000000000000000000 ) ) ;
#738 = SURFACE_STYLE_USAGE ( .BOTH. , #1913 ) ;
#739 = CARTESIAN_POINT ( 'NONE',  ( 0.9018000000000000460, -0.2300000000000000100, 0.000000000000000000 ) ) ;
#740 = ORIENTED_EDGE ( 'NONE', *, *, #1356, .T. ) ;
#741 = CARTESIAN_POINT ( 'NONE',  ( -0.2500000000000000000, 0.000000000000000000, -0.5000000000000000000 ) ) ;
#742 =( NAMED_UNIT ( * ) SI_UNIT ( $, .STERADIAN. ) SOLID_ANGLE_UNIT ( ) );
#743 = CARTESIAN_POINT ( 'NONE',  ( 0.2298667154850738692, 0.2499991117421790365, -0.02013328451492618978 ) ) ;
#744 =( BOUNDED_SURFACE ( )  B_SPLINE_SURFACE ( 3, 3, ( 
 ( #1439, #50, #2184, #457 ),
 ( #404, #1243, #1993, #1871 ),
 ( #289, #271, #695, #1446 ),
 ( #2392, #680, #1654, #114 ) ),
 .UNSPECIFIED., .F., .F., .F. ) 
 B_SPLINE_SURFACE_WITH_KNOTS ( ( 4, 4 ),
 ( 4, 4 ),
 ( 0.000000000000000000, 1.000000000000000000 ),
 ( 0.000000000000000000, 1.000000000000000000 ),
 .UNSPECIFIED. ) 
 GEOMETRIC_REPRESENTATION_ITEM ( )  RATIONAL_B_SPLINE_SURFACE ( (
 ( 1.000000000000000000, 0.8047378541243649375, 0.8047378541243649375, 1.000000000000000000),
 ( 0.8025111867385938957, 0.6458111303268135872, 0.6458111303268135872, 0.8025111867385938957),
 ( 0.8025111867385938957, 0.6458111303268135872, 0.6458111303268135872, 0.8025111867385938957),
 ( 1.000000000000000000, 0.8047378541243649375, 0.8047378541243649375, 1.000000000000000000) ) ) 
 REPRESENTATION_ITEM ( '' )  SURFACE ( )  );
#745 = EDGE_CURVE ( 'NONE', #1664, #31, #344, .T. ) ;
#746 = CARTESIAN_POINT ( 'NONE',  ( 0.2441421356237310214, -0.2441421356237309104, -0.008196532890097885451 ) ) ;
#747 =( LENGTH_UNIT ( ) NAMED_UNIT ( * ) SI_UNIT ( .MILLI., .METRE. ) );
#748 = AXIS2_PLACEMENT_3D ( 'NONE', #1649, #1848, #2407 ) ;
#749 =( NAMED_UNIT ( * ) PLANE_ANGLE_UNIT ( ) SI_UNIT ( $, .RADIAN. ) );
#750 = STYLED_ITEM ( 'NONE', ( #338 ), #550 ) ;
#751 = ORIENTED_EDGE ( 'NONE', *, *, #401, .T. ) ;
#752 = PLANE ( 'NONE',  #1395 ) ;
#753 = SURFACE_STYLE_USAGE ( .BOTH. , #1714 ) ;
#754 = AXIS2_PLACEMENT_3D ( 'NONE', #1362, #1750, #28 ) ;
#755 =( NAMED_UNIT ( * ) PLANE_ANGLE_UNIT ( ) SI_UNIT ( $, .RADIAN. ) );
#756 = CARTESIAN_POINT ( 'NONE',  ( 0.2357958239888067742, 0.2369143109499560196, 0.002488447258655145881 ) ) ;
#757 =( GEOMETRIC_REPRESENTATION_CONTEXT ( 3 ) GLOBAL_UNCERTAINTY_ASSIGNED_CONTEXT ( ( #1503 ) ) GLOBAL_UNIT_ASSIGNED_CONTEXT ( ( #1909, #2451, #168 ) ) REPRESENTATION_CONTEXT ( 'NONE', 'WORKASPACE' ) );
#758 = AXIS2_PLACEMENT_3D ( 'NONE', #1272, #486, #106 ) ;
#759 = ORIENTED_EDGE ( 'NONE', *, *, #349, .F. ) ;
#760 = SURFACE_STYLE_FILL_AREA ( #1695 ) ;
#761 = ORIENTED_EDGE ( 'NONE', *, *, #184, .T. ) ;
#762 =( GEOMETRIC_REPRESENTATION_CONTEXT ( 3 ) GLOBAL_UNCERTAINTY_ASSIGNED_CONTEXT ( ( #516 ) ) GLOBAL_UNIT_ASSIGNED_CONTEXT ( ( #1475, #1833, #512 ) ) REPRESENTATION_CONTEXT ( 'NONE', 'WORKASPACE' ) );
#763 = STYLED_ITEM ( 'NONE', ( #1526 ), #1415 ) ;
#764 =( NAMED_UNIT ( * ) SI_UNIT ( $, .STERADIAN. ) SOLID_ANGLE_UNIT ( ) );
#765 = ADVANCED_FACE ( 'NONE', ( #731 ), #2457, .T. ) ;
#766 = CARTESIAN_POINT ( 'NONE',  ( -0.2418034671099021371, 0.2441421356237310492, -0.9941421356237308826 ) ) ;
#767 = DIRECTION ( 'NONE',  ( -1.000000000000000000, 0.000000000000000000, -0.000000000000000000 ) ) ;
#768 = CARTESIAN_POINT ( 'NONE',  ( -0.2300000000000000100, -0.2300000000000000100, -0.2499999999999997780 ) ) ;
#769 = ORIENTED_EDGE ( 'NONE', *, *, #909, .T. ) ;
#770 = CARTESIAN_POINT ( 'NONE',  ( -0.2300000000000000377, -0.2441421356237309659, -0.005857864376269043653 ) ) ;
#771 = LINE ( 'NONE', #1141, #1531 ) ;
#772 = PRESENTATION_LAYER_ASSIGNMENT (  '', '', ( #666 ) ) ;
#773 =( NAMED_UNIT ( * ) PLANE_ANGLE_UNIT ( ) SI_UNIT ( $, .RADIAN. ) );
#774 = FILL_AREA_STYLE ('',( #456 ) ) ;
#775 = VERTEX_POINT ( 'NONE', #2107 ) ;
#776 = DIRECTION ( 'NONE',  ( 0.000000000000000000, -0.7071067811865474617, -0.7071067811865474617 ) ) ;
#777 = ORIENTED_EDGE ( 'NONE', *, *, #1084, .F. ) ;
#778 = FILL_AREA_STYLE_COLOUR ( '', #324 ) ;
#779 = DIRECTION ( 'NONE',  ( 0.000000000000000000, 0.000000000000000000, 1.000000000000000000 ) ) ;
#780 = DIRECTION ( 'NONE',  ( 1.000000000000000000, 0.000000000000000000, 0.000000000000000000 ) ) ;
#781 = ORIENTED_EDGE ( 'NONE', *, *, #698, .F. ) ;
#782 = CARTESIAN_POINT ( 'NONE',  ( 0.2300000000000000100, -0.2500000000000000000, -1.000000000000000000 ) ) ;
#783 = LINE ( 'NONE', #1003, #654 ) ;
#784 = EDGE_CURVE ( 'NONE', #59, #810, #2409, .T. ) ;
#785 = SURFACE_SIDE_STYLE ('',( #1398 ) ) ;
#786 = DIRECTION ( 'NONE',  ( 0.000000000000000000, 0.000000000000000000, 1.000000000000000000 ) ) ;
#787 = PLANE ( 'NONE',  #320 ) ;
#788 = CARTESIAN_POINT ( 'NONE',  ( 0.2524328249361805776, -0.2300000000000000377, -0.9739924879361570031 ) ) ;
#789 = ORIENTED_EDGE ( 'NONE', *, *, #897, .T. ) ;
#790 = CARTESIAN_POINT ( 'NONE',  ( 0.2500000000000000000, 0.2300000000000000377, -0.9799999999999999822 ) ) ;
#791 = CARTESIAN_POINT ( 'NONE',  ( -0.2300000000000000100, 0.2300000000000000655, -0.9799999999999999822 ) ) ;
#792 = PLANE ( 'NONE',  #2295 ) ;
#793 = DIRECTION ( 'NONE',  ( 1.000000000000000000, 0.000000000000000000, 0.000000000000000000 ) ) ;
#794 = ORIENTED_EDGE ( 'NONE', *, *, #1437, .T. ) ;
#795 = DIRECTION ( 'NONE',  ( -0.000000000000000000, -0.000000000000000000, 1.000000000000000000 ) ) ;
#796 = AXIS2_PLACEMENT_3D ( 'NONE', #539, #350, #1123 ) ;
#797 = SURFACE_SIDE_STYLE ('',( #451 ) ) ;
#798 = CARTESIAN_POINT ( 'NONE',  ( -0.2299999999999998990, -0.2441421356237309659, -0.005857864376269082685 ) ) ;
#799 = VECTOR ( 'NONE', #616, 1000.000000000000000 ) ;
#800 = EDGE_CURVE ( 'NONE', #543, #1813, #11, .T. ) ;
#801 = CARTESIAN_POINT ( 'NONE',  ( 0.2441421356237309659, 0.2441421356237309659, -0.9918034671099020816 ) ) ;
#802 = PRESENTATION_LAYER_ASSIGNMENT (  '', '', ( #487 ) ) ;
#803 = COLOUR_RGB ( '',1.000000000000000000, 1.000000000000000000, 1.000000000000000000 ) ;
#804 = FILL_AREA_STYLE ('',( #594 ) ) ;
#805 = UNCERTAINTY_MEASURE_WITH_UNIT (LENGTH_MEASURE( 1.000000000000000082E-05 ), #301, 'distance_accuracy_value', 'NONE');
#806 = LINE ( 'NONE', #1796, #447 ) ;
#807 = COLOUR_RGB ( '',0.7529411764705882248, 0.7529411764705882248, 0.7529411764705882248 ) ;
#808 =( NAMED_UNIT ( * ) SI_UNIT ( $, .STERADIAN. ) SOLID_ANGLE_UNIT ( ) );
#809 = PRESENTATION_LAYER_ASSIGNMENT (  '', '', ( #763 ) ) ;
#810 = VERTEX_POINT ( 'NONE', #835 ) ;
#811 = DIRECTION ( 'NONE',  ( -0.000000000000000000, -0.000000000000000000, 1.000000000000000000 ) ) ;
#812 = CARTESIAN_POINT ( 'NONE',  ( 0.2300000000000000100, 0.2500000000000000000, -1.000000000000000000 ) ) ;
#813 =( LENGTH_UNIT ( ) NAMED_UNIT ( * ) SI_UNIT ( .MILLI., .METRE. ) );
#814 =( GEOMETRIC_REPRESENTATION_CONTEXT ( 3 ) GLOBAL_UNCERTAINTY_ASSIGNED_CONTEXT ( ( #1873 ) ) GLOBAL_UNIT_ASSIGNED_CONTEXT ( ( #1455, #93, #509 ) ) REPRESENTATION_CONTEXT ( 'NONE', 'WORKASPACE' ) );
#815 = EDGE_CURVE ( 'NONE', #597, #1287, #1564, .T. ) ;
#816 = PRESENTATION_STYLE_ASSIGNMENT (( #1967 ) ) ;
#817 = CARTESIAN_POINT ( 'NONE',  ( 0.9018000000000000460, -0.2500000000000000000, -0.9799999999999999822 ) ) ;
#818 =( GEOMETRIC_REPRESENTATION_CONTEXT ( 3 ) GLOBAL_UNCERTAINTY_ASSIGNED_CONTEXT ( ( #2464 ) ) GLOBAL_UNIT_ASSIGNED_CONTEXT ( ( #542, #1329, #2075 ) ) REPRESENTATION_CONTEXT ( 'NONE', 'WORKASPACE' ) );
#819 = EDGE_CURVE ( 'NONE', #1453, #31, #1895, .T. ) ;
#820 = DIRECTION ( 'NONE',  ( -0.000000000000000000, -1.000000000000000000, -0.000000000000000000 ) ) ;
#821 = ORIENTED_EDGE ( 'NONE', *, *, #723, .F. ) ;
#822 = SURFACE_SIDE_STYLE ('',( #1575 ) ) ;
#823 = FILL_AREA_STYLE_COLOUR ( '', #2086 ) ;
#824 = CARTESIAN_POINT ( 'NONE',  ( -0.2299999999999999267, -0.2441421356237309104, -0.005857864376269048858 ) ) ;
#825 =( NAMED_UNIT ( * ) SI_UNIT ( $, .STERADIAN. ) SOLID_ANGLE_UNIT ( ) );
#826 = CYLINDRICAL_SURFACE ( 'NONE', #23, 0.01999999999999999695 ) ;
#827 = CARTESIAN_POINT ( 'NONE',  ( 0.2441421356237309104, -0.2300000000000000933, -0.9941421356237309936 ) ) ;
#828 = ORIENTED_EDGE ( 'NONE', *, *, #723, .T. ) ;
#829 = UNCERTAINTY_MEASURE_WITH_UNIT (LENGTH_MEASURE( 1.000000000000000082E-05 ), #1149, 'distance_accuracy_value', 'NONE');
#830 =( LENGTH_UNIT ( ) NAMED_UNIT ( * ) SI_UNIT ( .MILLI., .METRE. ) );
#831 = ADVANCED_FACE ( 'NONE', ( #416 ), #2175, .T. ) ;
#832 = CARTESIAN_POINT ( 'NONE',  ( -0.2417803733038712821, -0.2239924879361569199, -1.002432824936180245 ) ) ;
#833 = ORIENTED_EDGE ( 'NONE', *, *, #1659, .F. ) ;
#834 = DIRECTION ( 'NONE',  ( -1.000000000000000000, 0.000000000000000000, 0.000000000000000000 ) ) ;
#835 = CARTESIAN_POINT ( 'NONE',  ( -0.2299999999999995659, -0.2300000000000000100, 0.000000000000000000 ) ) ;
#836 = ORIENTED_EDGE ( 'NONE', *, *, #1253, .F. ) ;
#837 = SURFACE_STYLE_FILL_AREA ( #79 ) ;
#838 = DIRECTION ( 'NONE',  ( 1.000000000000000000, -1.355252715606880740E-15, 0.000000000000000000 ) ) ;
#839 = SURFACE_STYLE_FILL_AREA ( #1567 ) ;
#840 = PRESENTATION_LAYER_ASSIGNMENT (  '', '', ( #1930 ) ) ;
#841 =( NAMED_UNIT ( * ) PLANE_ANGLE_UNIT ( ) SI_UNIT ( $, .RADIAN. ) );
#842 =( NAMED_UNIT ( * ) SI_UNIT ( $, .STERADIAN. ) SOLID_ANGLE_UNIT ( ) );
#843 = VECTOR ( 'NONE', #734, 1000.000000000000000 ) ;
#844 =( GEOMETRIC_REPRESENTATION_CONTEXT ( 3 ) GLOBAL_UNCERTAINTY_ASSIGNED_CONTEXT ( ( #829 ) ) GLOBAL_UNIT_ASSIGNED_CONTEXT ( ( #1149, #2473, #1965 ) ) REPRESENTATION_CONTEXT ( 'NONE', 'WORKASPACE' ) );
#845 = DIRECTION ( 'NONE',  ( 0.000000000000000000, 0.000000000000000000, 1.000000000000000000 ) ) ;
#846 = MECHANICAL_DESIGN_GEOMETRIC_PRESENTATION_REPRESENTATION (  '', ( #1310 ), #2292 ) ;
#847 = MECHANICAL_DESIGN_GEOMETRIC_PRESENTATION_REPRESENTATION (  '', ( #2176 ), #1188 ) ;
#848 = CARTESIAN_POINT ( 'NONE',  ( -0.2300000000000001765, -0.2157252079544715040, -0.9940082230156760401 ) ) ;
#849 = MECHANICAL_DESIGN_GEOMETRIC_PRESENTATION_REPRESENTATION (  '', ( #1698 ), #927 ) ;
#850 = ADVANCED_FACE ( 'NONE', ( #78 ), #1222, .T. ) ;
#851 = LINE ( 'NONE', #1627, #1850 ) ;
#852 = PRESENTATION_STYLE_ASSIGNMENT (( #669 ) ) ;
#853 = MECHANICAL_DESIGN_GEOMETRIC_PRESENTATION_REPRESENTATION (  '', ( #763 ), #893 ) ;
#854 = CARTESIAN_POINT ( 'NONE',  ( -0.2300000000000000100, -0.2441421356237309659, -0.005857864376269057531 ) ) ;
#855 = ORIENTED_EDGE ( 'NONE', *, *, #1209, .T. ) ;
#856 =( BOUNDED_SURFACE ( )  B_SPLINE_SURFACE ( 3, 3, ( 
 ( #659, #1442, #676, #1825 ),
 ( #1275, #1070, #2208, #450 ),
 ( #1079, #1288, #1058, #1665 ),
 ( #2022, #1433, #2196, #1451 ) ),
 .UNSPECIFIED., .F., .F., .T. ) 
 B_SPLINE_SURFACE_WITH_KNOTS ( ( 4, 4 ),
 ( 4, 4 ),
 ( 0.000000000000000000, 1.000000000000000000 ),
 ( 0.000000000000000000, 1.000000000000000000 ),
 .UNSPECIFIED. ) 
 GEOMETRIC_REPRESENTATION_ITEM ( )  RATIONAL_B_SPLINE_SURFACE ( (
 ( 1.000000000000000000, 0.8047378541243505046, 0.8047378541243505046, 1.000000000000000000),
 ( 0.8025111867385936737, 0.6458111303268018188, 0.6458111303268018188, 0.8025111867385936737),
 ( 0.8025111867385936737, 0.6458111303268018188, 0.6458111303268018188, 0.8025111867385936737),
 ( 1.000000000000000000, 0.8047378541243505046, 0.8047378541243505046, 1.000000000000000000) ) ) 
 REPRESENTATION_ITEM ( '' )  SURFACE ( )  );
#857 = DIRECTION ( 'NONE',  ( -1.000000000000000000, 0.000000000000000000, 0.000000000000000000 ) ) ;
#858 = FACE_OUTER_BOUND ( 'NONE', #1702, .T. ) ;
#859 = VERTEX_POINT ( 'NONE', #1963 ) ;
#860 = UNCERTAINTY_MEASURE_WITH_UNIT (LENGTH_MEASURE( 1.000000000000000082E-05 ), #1849, 'distance_accuracy_value', 'NONE');
#861 = CARTESIAN_POINT ( 'NONE',  ( -0.2418034671099021649, 0.2490312917836772222, -0.9892529794637847651 ) ) ;
#862 = CARTESIAN_POINT ( 'NONE',  ( -0.2418034671099021371, -0.2441421356237309936, -0.9941421356237312157 ) ) ;
#863 = EDGE_LOOP ( 'NONE', ( #2384, #865, #1914, #1443, #2117 ) ) ;
#864 =( NAMED_UNIT ( * ) SI_UNIT ( $, .STERADIAN. ) SOLID_ANGLE_UNIT ( ) );
#865 = ORIENTED_EDGE ( 'NONE', *, *, #2141, .T. ) ;
#866 = CARTESIAN_POINT ( 'NONE',  ( 0.2490312917836772222, 0.2418034671099021926, -0.01074702053621520888 ) ) ;
#867 = CARTESIAN_POINT ( 'NONE',  ( 0.2500000000000000000, 0.2300000000000000377, -0.02000000000000002470 ) ) ;
#868 = EDGE_CURVE ( 'NONE', #187, #1453, #783, .T. ) ;
#869 = FILL_AREA_STYLE ('',( #2000 ) ) ;
#870 = FILL_AREA_STYLE ('',( #908 ) ) ;
#871 = CARTESIAN_POINT ( 'NONE',  ( -0.2300000000000000100, -0.2500000000000000000, -0.7500000000000000000 ) ) ;
#872 = ORIENTED_EDGE ( 'NONE', *, *, #1024, .F. ) ;
#873 = DIRECTION ( 'NONE',  ( -1.000000000000000000, 0.000000000000000000, 0.000000000000000000 ) ) ;
#874 = DIRECTION ( 'NONE',  ( -0.000000000000000000, -0.000000000000000000, 1.000000000000000000 ) ) ;
#875 = FILL_AREA_STYLE_COLOUR ( '', #61 ) ;
#876 = FILL_AREA_STYLE ('',( #2427 ) ) ;
#877 = CARTESIAN_POINT ( 'NONE',  ( -0.2300000000000001765, -0.2441421356237310492, -0.9941421356237309936 ) ) ;
#878 = MECHANICAL_DESIGN_GEOMETRIC_PRESENTATION_REPRESENTATION (  '', ( #2078 ), #273 ) ;
#879 = SURFACE_STYLE_USAGE ( .BOTH. , #1804 ) ;
#880 = ADVANCED_FACE ( 'NONE', ( #600 ), #2225, .T. ) ;
#881 = SURFACE_SIDE_STYLE ('',( #556 ) ) ;
#882 = CIRCLE ( 'NONE', #1221, 0.01999999999999999695 ) ;
#883 = UNCERTAINTY_MEASURE_WITH_UNIT (LENGTH_MEASURE( 1.000000000000000082E-05 ), #1046, 'distance_accuracy_value', 'NONE');
#884 = COLOUR_RGB ( '',0.7529411764705882248, 0.7529411764705882248, 0.7529411764705882248 ) ;
#885 = COLOUR_RGB ( '',0.7529411764705882248, 0.7529411764705882248, 0.7529411764705882248 ) ;
#886 = PRESENTATION_LAYER_ASSIGNMENT (  '', '', ( #360 ) ) ;
#887 =( NAMED_UNIT ( * ) PLANE_ANGLE_UNIT ( ) SI_UNIT ( $, .RADIAN. ) );
#888 = AXIS2_PLACEMENT_3D ( 'NONE', #1336, #584, #727 ) ;
#889 = MECHANICAL_DESIGN_GEOMETRIC_PRESENTATION_REPRESENTATION (  '', ( #1347 ), #2417 ) ;
#890 = CYLINDRICAL_SURFACE ( 'NONE', #1469, 0.01999999999999999695 ) ;
#891 = AXIS2_PLACEMENT_3D ( 'NONE', #1086, #1634, #523 ) ;
#892 = SURFACE_STYLE_FILL_AREA ( #2200 ) ;
#893 =( GEOMETRIC_REPRESENTATION_CONTEXT ( 3 ) GLOBAL_UNCERTAINTY_ASSIGNED_CONTEXT ( ( #612 ) ) GLOBAL_UNIT_ASSIGNED_CONTEXT ( ( #2067, #1146, #1706 ) ) REPRESENTATION_CONTEXT ( 'NONE', 'WORKASPACE' ) );
#894 = PRESENTATION_STYLE_ASSIGNMENT (( #2027 ) ) ;
#895 = CARTESIAN_POINT ( 'NONE',  ( -0.2300000000000000100, 0.2441421356237309659, -0.9941421356237309936 ) ) ;
#896 = COLOUR_RGB ( '',0.7529411764705882248, 0.7529411764705882248, 0.7529411764705882248 ) ;
#897 = EDGE_CURVE ( 'NONE', #31, #2403, #2210, .T. ) ;
#898 = CARTESIAN_POINT ( 'NONE',  ( -0.2500000000000000000, 0.000000000000000000, -0.5000000000000000000 ) ) ;
#899 = PRODUCT_DEFINITION_SHAPE ( 'NONE', 'NONE',  #1565 ) ;
#900 = ORIENTED_EDGE ( 'NONE', *, *, #1482, .F. ) ;
#901 = CARTESIAN_POINT ( 'NONE',  ( 0.2524328249361804666, -0.2239924879361569476, -0.02000000000000014266 ) ) ;
#902 = FILL_AREA_STYLE ('',( #1537 ) ) ;
#903 = CARTESIAN_POINT ( 'NONE',  ( -0.2501103551519475721, -0.2382126564361687349, -0.9882126564361689569 ) ) ;
#904 = LINE ( 'NONE', #337, #1104 ) ;
#905 = CARTESIAN_POINT ( 'NONE',  ( 0.2300000000000000100, -0.2300000000000000655, -0.9799999999999999822 ) ) ;
#906 = SURFACE_STYLE_FILL_AREA ( #1872 ) ;
#907 = UNCERTAINTY_MEASURE_WITH_UNIT (LENGTH_MEASURE( 1.000000000000000082E-05 ), #1411, 'distance_accuracy_value', 'NONE');
#908 = FILL_AREA_STYLE_COLOUR ( '', #610 ) ;
#909 = EDGE_CURVE ( 'NONE', #2167, #1205, #1298, .T. ) ;
#910 = PRESENTATION_STYLE_ASSIGNMENT (( #146 ) ) ;
#911 = CARTESIAN_POINT ( 'NONE',  ( 0.2441421356237309659, -0.2300000000000000655, -0.9941421356237309936 ) ) ;
#912 = EDGE_LOOP ( 'NONE', ( #1056, #107, #1140, #1996 ) ) ;
#913 = CARTESIAN_POINT ( 'NONE',  ( 0.2300000000000000100, -0.2300000000000000100, -0.02000000000000005246 ) ) ;
#914 = CARTESIAN_POINT ( 'NONE',  ( -0.2499991117421792586, -0.2381506188040994898, -0.9715828121660484706 ) ) ;
#915 = PRESENTATION_STYLE_ASSIGNMENT (( #1087 ) ) ;
#916 = CARTESIAN_POINT ( 'NONE',  ( 0.2441421356237309936, 0.2418034671099021371, -0.005857864376269072276 ) ) ;
#917 = VECTOR ( 'NONE', #1171, 1000.000000000000000 ) ;
#918 = CARTESIAN_POINT ( 'NONE',  ( 0.2300000000000000377, -0.2300000000000000377, 0.000000000000000000 ) ) ;
#919 = MECHANICAL_DESIGN_GEOMETRIC_PRESENTATION_REPRESENTATION (  '', ( #1690 ), #562 ) ;
#920 = AXIS2_PLACEMENT_3D ( 'NONE', #1325, #1745, #593 ) ;
#921 = SURFACE_STYLE_FILL_AREA ( #2255 ) ;
#922 = CIRCLE ( 'NONE', #1379, 0.02000000000000005246 ) ;
#923 = CARTESIAN_POINT ( 'NONE',  ( 0.2500000000000000000, -0.9018000000000000460, -0.9799999999999999822 ) ) ;
#924 = PRESENTATION_LAYER_ASSIGNMENT (  '', '', ( #1858 ) ) ;
#925 = ORIENTED_EDGE ( 'NONE', *, *, #1781, .T. ) ;
#926 =( LENGTH_UNIT ( ) NAMED_UNIT ( * ) SI_UNIT ( .MILLI., .METRE. ) );
#927 =( GEOMETRIC_REPRESENTATION_CONTEXT ( 3 ) GLOBAL_UNCERTAINTY_ASSIGNED_CONTEXT ( ( #1092 ) ) GLOBAL_UNIT_ASSIGNED_CONTEXT ( ( #1846, #1671, #685 ) ) REPRESENTATION_CONTEXT ( 'NONE', 'WORKASPACE' ) );
#928 = ADVANCED_FACE ( 'NONE', ( #1071 ), #492, .T. ) ;
#929 =( GEOMETRIC_REPRESENTATION_CONTEXT ( 3 ) GLOBAL_UNCERTAINTY_ASSIGNED_CONTEXT ( ( #153 ) ) GLOBAL_UNIT_ASSIGNED_CONTEXT ( ( #235, #1034, #842 ) ) REPRESENTATION_CONTEXT ( 'NONE', 'WORKASPACE' ) );
#930 = STYLED_ITEM ( 'NONE', ( #1985 ), #1174 ) ;
#931 = SURFACE_SIDE_STYLE ('',( #1679 ) ) ;
#932 = LINE ( 'NONE', #2262, #285 ) ;
#933 = DIRECTION ( 'NONE',  ( 0.000000000000000000, 1.000000000000000000, 0.000000000000000000 ) ) ;
#934 = PRESENTATION_STYLE_ASSIGNMENT (( #549 ) ) ;
#935 = COLOUR_RGB ( '',1.000000000000000000, 1.000000000000000000, 1.000000000000000000 ) ;
#936 = UNCERTAINTY_MEASURE_WITH_UNIT (LENGTH_MEASURE( 1.000000000000000082E-05 ), #1533, 'distance_accuracy_value', 'NONE');
#937 = DIRECTION ( 'NONE',  ( 0.000000000000000000, 0.000000000000000000, -1.000000000000000000 ) ) ;
#938 = LINE ( 'NONE', #923, #2450 ) ;
#939 = DIRECTION ( 'NONE',  ( -1.000000000000000000, 0.000000000000000000, 0.000000000000000000 ) ) ;
#940 = ORIENTED_EDGE ( 'NONE', *, *, #16, .F. ) ;
#941 = DIRECTION ( 'NONE',  ( 1.000000000000000000, -0.000000000000000000, 0.000000000000000000 ) ) ;
#942 = SURFACE_STYLE_USAGE ( .BOTH. , #725 ) ;
#943 = EDGE_CURVE ( 'NONE', #449, #2238, #1507, .T. ) ;
#944 = CARTESIAN_POINT ( 'NONE',  ( -0.2000000000000000111, -0.2000000000000000111, 1.303600000000000092 ) ) ;
#945 = LINE ( 'NONE', #2276, #656 ) ;
#946 = FILL_AREA_STYLE ('',( #1734 ) ) ;
#947 = LINE ( 'NONE', #737, #1045 ) ;
#948 = CARTESIAN_POINT ( 'NONE',  ( -0.2299999999999999822, -0.2440082230156761511, -0.03427479204552844050 ) ) ;
#949 = ORIENTED_EDGE ( 'NONE', *, *, #1717, .T. ) ;
#950 = DIRECTION ( 'NONE',  ( 0.000000000000000000, -0.000000000000000000, -1.000000000000000000 ) ) ;
#951 = CARTESIAN_POINT ( 'NONE',  ( -0.2499991117421792031, -0.2298667154850738692, -0.9798667154850739802 ) ) ;
#952 = LINE ( 'NONE', #1726, #1625 ) ;
#953 =( LENGTH_UNIT ( ) NAMED_UNIT ( * ) SI_UNIT ( .MILLI., .METRE. ) );
#954 = ADVANCED_BREP_SHAPE_REPRESENTATION ( '36550402S2N0T', ( #371, #2058, #2039, #1709 ), #818 ) ;
#955 = CARTESIAN_POINT ( 'NONE',  ( 0.2157252079544715595, 0.2300000000000000655, -0.005991776984323889631 ) ) ;
#956 = EDGE_CURVE ( 'NONE', #1409, #403, #1136, .T. ) ;
#957 = ORIENTED_EDGE ( 'NONE', *, *, #1207, .T. ) ;
#958 = SURFACE_SIDE_STYLE ('',( #760 ) ) ;
#959 = ORIENTED_EDGE ( 'NONE', *, *, #1223, .T. ) ;
#960 = CARTESIAN_POINT ( 'NONE',  ( 0.2440082230156761789, -0.2157252079544716150, -0.02000000000000014613 ) ) ;
#961 = LINE ( 'NONE', #1735, #799 ) ;
#962 = VECTOR ( 'NONE', #1381, 1000.000000000000000 ) ;
#963 = CARTESIAN_POINT ( 'NONE',  ( -0.2300000000000000100, -0.2300000000000000100, -0.02000000000000000042 ) ) ;
#964 = EDGE_LOOP ( 'NONE', ( #69, #1728, #2281, #2112, #1986, #640, #777, #1283 ) ) ;
#965 = CARTESIAN_POINT ( 'NONE',  ( 0.2157252079544716428, -0.2440082230156762066, -0.008284791576846608357 ) ) ;
#966 = MECHANICAL_DESIGN_GEOMETRIC_PRESENTATION_REPRESENTATION (  '', ( #1776 ), #2369 ) ;
#967 = CYLINDRICAL_SURFACE ( 'NONE', #1657, 0.01999999999999999695 ) ;
#968 = CIRCLE ( 'NONE', #489, 0.03500000000000001027 ) ;
#969 = VECTOR ( 'NONE', #319, 1000.000000000000000 ) ;
#970 = AXIS2_PLACEMENT_3D ( 'NONE', #1874, #1492, #1682 ) ;
#971 = ORIENTED_EDGE ( 'NONE', *, *, #1240, .F. ) ;
#972 = CARTESIAN_POINT ( 'NONE',  ( -0.2300000000000000655, -0.2441421356237309659, -0.9941421356237309936 ) ) ;
#973 = ORIENTED_EDGE ( 'NONE', *, *, #1794, .F. ) ;
#974 = MECHANICAL_DESIGN_GEOMETRIC_PRESENTATION_REPRESENTATION (  '', ( #1430 ), #1743 ) ;
#975 = CARTESIAN_POINT ( 'NONE',  ( 0.2382126564361688459, -0.2382126564361687349, 0.0001103551519473142920 ) ) ;
#976 = CARTESIAN_POINT ( 'NONE',  ( 0.2500000000000000000, 0.2300000000000000100, -0.2499999999999998890 ) ) ;
#977 = ADVANCED_FACE ( 'NONE', ( #2064 ), #333, .T. ) ;
#978 = CARTESIAN_POINT ( 'NONE',  ( 0.9018000000000000460, -0.2300000000000000100, -0.9799999999999999822 ) ) ;
#979 = ORIENTED_EDGE ( 'NONE', *, *, #956, .F. ) ;
#980 = COLOUR_RGB ( '',1.000000000000000000, 1.000000000000000000, 1.000000000000000000 ) ;
#981 =( NAMED_UNIT ( * ) PLANE_ANGLE_UNIT ( ) SI_UNIT ( $, .RADIAN. ) );
#982 = PRESENTATION_STYLE_ASSIGNMENT (( #1201 ) ) ;
#983 = CARTESIAN_POINT ( 'NONE',  ( 0.2440082230156761789, 0.2157252079544716428, -0.9917152084231534159 ) ) ;
#984 = DIRECTION ( 'NONE',  ( 0.000000000000000000, 0.000000000000000000, -1.000000000000000000 ) ) ;
#985 = PRESENTATION_STYLE_ASSIGNMENT (( #2124 ) ) ;
#986 = ORIENTED_EDGE ( 'NONE', *, *, #115, .T. ) ;
#987 = CARTESIAN_POINT ( 'NONE',  ( -0.2300000000000000377, 0.2357958239888067187, -1.002488447258655269 ) ) ;
#988 = SURFACE_STYLE_FILL_AREA ( #57 ) ;
#989 = EDGE_CURVE ( 'NONE', #1813, #1485, #938, .T. ) ;
#990 = ORIENTED_EDGE ( 'NONE', *, *, #1551, .F. ) ;
#991 = DIRECTION ( 'NONE',  ( 0.000000000000000000, 0.000000000000000000, 1.000000000000000000 ) ) ;
#992 = CARTESIAN_POINT ( 'NONE',  ( 0.2524328249361805221, 0.2239924879361570031, -0.9799999999999998712 ) ) ;
#993 = CARTESIAN_POINT ( 'NONE',  ( 0.2440082230156761511, -0.2417152084231534992, -0.9657252079544714762 ) ) ;
#994 = ORIENTED_EDGE ( 'NONE', *, *, #1960, .F. ) ;
#995 = DIRECTION ( 'NONE',  ( 0.000000000000000000, 0.000000000000000000, 1.000000000000000000 ) ) ;
#996 = CARTESIAN_POINT ( 'NONE',  ( 0.2000000000000000111, 0.2350000000000000144, -0.2500000000000000000 ) ) ;
#997 = CARTESIAN_POINT ( 'NONE',  ( 0.2349999999999999589, 0.2000000000000000111, -0.7500000000000000000 ) ) ;
#998 = APPLICATION_PROTOCOL_DEFINITION ( 'draft international standard', 'automotive_design', 1998, #1604 ) ;
#999 =( GEOMETRIC_REPRESENTATION_CONTEXT ( 3 ) GLOBAL_UNCERTAINTY_ASSIGNED_CONTEXT ( ( #2017 ) ) GLOBAL_UNIT_ASSIGNED_CONTEXT ( ( #1318, #1692, #2419 ) ) REPRESENTATION_CONTEXT ( 'NONE', 'WORKASPACE' ) );
#1000 = ORIENTED_EDGE ( 'NONE', *, *, #1808, .T. ) ;
#1001 = CARTESIAN_POINT ( 'NONE',  ( -0.2300000000000000377, -0.2300000000000000377, -1.000000000000000000 ) ) ;
#1002 = VECTOR ( 'NONE', #795, 1000.000000000000000 ) ;
#1003 = CARTESIAN_POINT ( 'NONE',  ( -0.2300000000000000100, -0.2500000000000000000, -2.303599999999999870 ) ) ;
#1004 =( LENGTH_UNIT ( ) NAMED_UNIT ( * ) SI_UNIT ( .MILLI., .METRE. ) );
#1005 = FILL_AREA_STYLE_COLOUR ( '', #2012 ) ;
#1006 = EDGE_CURVE ( 'NONE', #1205, #2355, #687, .T. ) ;
#1007 = COLOUR_RGB ( '',0.7529411764705882248, 0.7529411764705882248, 0.7529411764705882248 ) ;
#1008 = CARTESIAN_POINT ( 'NONE',  ( -0.2349999999999999867, -0.2000000000000000111, -0.7500000000000000000 ) ) ;
#1009 = ORIENTED_EDGE ( 'NONE', *, *, #2390, .T. ) ;
#1010 = AXIS2_PLACEMENT_3D ( 'NONE', #1120, #1544, #1151 ) ;
#1011 = UNCERTAINTY_MEASURE_WITH_UNIT (LENGTH_MEASURE( 1.000000000000000082E-05 ), #1267, 'distance_accuracy_value', 'NONE');
#1012 = CIRCLE ( 'NONE', #248, 0.02000000000000005246 ) ;
#1013 = CARTESIAN_POINT ( 'NONE',  ( 0.2300000000000000655, 0.2300000000000000655, -0.9799999999999999822 ) ) ;
#1014 =( LENGTH_UNIT ( ) NAMED_UNIT ( * ) SI_UNIT ( .MILLI., .METRE. ) );
#1015 = LINE ( 'NONE', #436, #1273 ) ;
#1016 = EDGE_LOOP ( 'NONE', ( #1447, #1244, #1574 ) ) ;
#1017 = FACE_OUTER_BOUND ( 'NONE', #2370, .T. ) ;
#1018 = DIRECTION ( 'NONE',  ( 0.000000000000000000, 0.000000000000000000, 1.000000000000000000 ) ) ;
#1019 =( BOUNDED_SURFACE ( )  B_SPLINE_SURFACE ( 3, 3, ( 
 ( #1888, #1943, #1952, #419 ),
 ( #2163, #1369, #1792, #1990 ),
 ( #992, #223, #1766, #1757 ),
 ( #46, #983, #1579, #232 ) ),
 .UNSPECIFIED., .F., .F., .T. ) 
 B_SPLINE_SURFACE_WITH_KNOTS ( ( 4, 4 ),
 ( 4, 4 ),
 ( 0.000000000000000000, 1.000000000000000000 ),
 ( 0.000000000000000000, 1.000000000000000000 ),
 .UNSPECIFIED. ) 
 GEOMETRIC_REPRESENTATION_ITEM ( )  RATIONAL_B_SPLINE_SURFACE ( (
 ( 1.000000000000000000, 0.8047378541243649375, 0.8047378541243649375, 1.000000000000000000),
 ( 0.8025111867385934517, 0.6458111303268132541, 0.6458111303268132541, 0.8025111867385934517),
 ( 0.8025111867385934517, 0.6458111303268132541, 0.6458111303268132541, 0.8025111867385934517),
 ( 1.000000000000000000, 0.8047378541243649375, 0.8047378541243649375, 1.000000000000000000) ) ) 
 REPRESENTATION_ITEM ( '' )  SURFACE ( )  );
#1020 =( NAMED_UNIT ( * ) PLANE_ANGLE_UNIT ( ) SI_UNIT ( $, .RADIAN. ) );
#1021 = AXIS2_PLACEMENT_3D ( 'NONE', #1631, #2026, #2192 ) ;
#1022 = FACE_OUTER_BOUND ( 'NONE', #458, .T. ) ;
#1023 = CARTESIAN_POINT ( 'NONE',  ( 0.2381506188040994343, -0.2499991117421791753, -0.9715828121660483596 ) ) ;
#1024 = EDGE_CURVE ( 'NONE', #246, #464, #368, .T. ) ;
#1025 =( NAMED_UNIT ( * ) SI_UNIT ( $, .STERADIAN. ) SOLID_ANGLE_UNIT ( ) );
#1026 = EDGE_LOOP ( 'NONE', ( #1266, #342, #2263, #524 ) ) ;
#1027 = DIRECTION ( 'NONE',  ( -0.000000000000000000, 0.000000000000000000, 1.000000000000000000 ) ) ;
#1028 = CARTESIAN_POINT ( 'NONE',  ( 0.2500000000000000000, -0.2300000000000000100, -0.5000000000000000000 ) ) ;
#1029 = VERTEX_POINT ( 'NONE', #911 ) ;
#1030 =( NAMED_UNIT ( * ) SI_UNIT ( $, .STERADIAN. ) SOLID_ANGLE_UNIT ( ) );
#1031 = CARTESIAN_POINT ( 'NONE',  ( 0.2382126564361687349, 0.2501103551519473500, -0.01178734356383122003 ) ) ;
#1032 = DIRECTION ( 'NONE',  ( 0.000000000000000000, 0.000000000000000000, -1.000000000000000000 ) ) ;
#1033 = DIRECTION ( 'NONE',  ( 0.000000000000000000, -1.000000000000000000, 0.000000000000000000 ) ) ;
#1034 =( NAMED_UNIT ( * ) PLANE_ANGLE_UNIT ( ) SI_UNIT ( $, .RADIAN. ) );
#1035 = VERTEX_POINT ( 'NONE', #2434 ) ;
#1036 = EDGE_CURVE ( 'NONE', #2468, #1409, #1155, .T. ) ;
#1037 = DIRECTION ( 'NONE',  ( -1.000000000000000000, 0.000000000000000000, 0.000000000000000000 ) ) ;
#1038 = DIRECTION ( 'NONE',  ( 0.000000000000000000, 0.000000000000000000, -1.000000000000000000 ) ) ;
#1039 = CARTESIAN_POINT ( 'NONE',  ( 0.2441421356237310492, -0.2300000000000001765, -0.9941421356237309936 ) ) ;
#1040 = CLOSED_SHELL ( 'NONE', ( #2062, #2346, #48, #560, #1532, #2267, #2094, #2323, #295, #1496, #1514, #2277, #1390, #550, #262, #518, #1582, #1641, #1520, #850, #637, #369 ) ) ;
#1041 = ORIENTED_EDGE ( 'NONE', *, *, #592, .F. ) ;
#1042 = CARTESIAN_POINT ( 'NONE',  ( -0.2500000000000000000, -0.2300000000000000100, -0.7500000000000000000 ) ) ;
#1043 =( NAMED_UNIT ( * ) SI_UNIT ( $, .STERADIAN. ) SOLID_ANGLE_UNIT ( ) );
#1044 = DIRECTION ( 'NONE',  ( 0.000000000000000000, 0.000000000000000000, -1.000000000000000000 ) ) ;
#1045 = VECTOR ( 'NONE', #552, 1000.000000000000000 ) ;
#1046 =( LENGTH_UNIT ( ) NAMED_UNIT ( * ) SI_UNIT ( .MILLI., .METRE. ) );
#1047 = DIRECTION ( 'NONE',  ( 0.000000000000000000, 1.000000000000000000, 0.000000000000000000 ) ) ;
#1048 = MECHANICAL_DESIGN_GEOMETRIC_PRESENTATION_REPRESENTATION (  '', ( #715 ), #844 ) ;
#1049 = ORIENTED_EDGE ( 'NONE', *, *, #349, .T. ) ;
#1050 = AXIS2_PLACEMENT_3D ( 'NONE', #2088, #380, #2113 ) ;
#1051 = DIRECTION ( 'NONE',  ( 0.000000000000000000, 0.7071067811865480168, 0.7071067811865472397 ) ) ;
#1052 = STYLED_ITEM ( 'NONE', ( #1570 ), #1827 ) ;
#1053 = CARTESIAN_POINT ( 'NONE',  ( -0.2501103551519474055, -0.2382126564361687349, -0.9882126564361686238 ) ) ;
#1054 = VECTOR ( 'NONE', #1691, 1000.000000000000000 ) ;
#1055 =( GEOMETRIC_REPRESENTATION_CONTEXT ( 3 ) GLOBAL_UNCERTAINTY_ASSIGNED_CONTEXT ( ( #303 ) ) GLOBAL_UNIT_ASSIGNED_CONTEXT ( ( #675, #1431, #1797 ) ) REPRESENTATION_CONTEXT ( 'NONE', 'WORKASPACE' ) );
#1056 = ORIENTED_EDGE ( 'NONE', *, *, #64, .T. ) ;
#1057 = ADVANCED_FACE ( 'NONE', ( #1321 ), #1923, .F. ) ;
#1058 = CARTESIAN_POINT ( 'NONE',  ( -0.2501103551519473500, -0.2298826745880921951, -0.003457361715754704145 ) ) ;
#1059 = FILL_AREA_STYLE ('',( #1811 ) ) ;
#1060 = AXIS2_PLACEMENT_3D ( 'NONE', #1603, #34, #1173 ) ;
#1061 = ORIENTED_EDGE ( 'NONE', *, *, #231, .T. ) ;
#1062 = CARTESIAN_POINT ( 'NONE',  ( 0.2440082230156761789, 0.2300000000000000655, -0.03427479204552844050 ) ) ;
#1063 = CARTESIAN_POINT ( 'NONE',  ( -0.2300000000000000100, 0.2300000000000000100, -0.9799999999999999822 ) ) ;
#1064 = ORIENTED_EDGE ( 'NONE', *, *, #1464, .T. ) ;
#1065 =( NAMED_UNIT ( * ) SI_UNIT ( $, .STERADIAN. ) SOLID_ANGLE_UNIT ( ) );
#1066 = COLOUR_RGB ( '',0.7529411764705882248, 0.7529411764705882248, 0.7529411764705882248 ) ;
#1067 = LINE ( 'NONE', #1309, #406 ) ;
#1068 = SURFACE_STYLE_FILL_AREA ( #293 ) ;
#1069 = ORIENTED_EDGE ( 'NONE', *, *, #1918, .F. ) ;
#1070 = CARTESIAN_POINT ( 'NONE',  ( -0.2369143109499555755, -0.2357958239888065244, 0.002488447258655425171 ) ) ;
#1071 = FACE_OUTER_BOUND ( 'NONE', #670, .T. ) ;
#1072 = ADVANCED_FACE ( 'NONE', ( #2256 ), #792, .T. ) ;
#1073 = EDGE_LOOP ( 'NONE', ( #1380, #1748, #1291 ) ) ;
#1074 = DIRECTION ( 'NONE',  ( 0.000000000000000000, 0.000000000000000000, -1.000000000000000000 ) ) ;
#1075 =( NAMED_UNIT ( * ) PLANE_ANGLE_UNIT ( ) SI_UNIT ( $, .RADIAN. ) );
#1076 = CARTESIAN_POINT ( 'NONE',  ( -0.2499991117421790920, 0.2381506188040997118, -0.02841718783395189712 ) ) ;
#1077 = PRESENTATION_STYLE_ASSIGNMENT (( #2048 ) ) ;
#1078 = CARTESIAN_POINT ( 'NONE',  ( -0.2501103551519474055, 0.2465426382842449415, -0.9798826745880925282 ) ) ;
#1079 = CARTESIAN_POINT ( 'NONE',  ( -0.2299999999999988165, -0.2239924879361569754, 0.002432824936180497371 ) ) ;
#1080 = SURFACE_STYLE_FILL_AREA ( #1059 ) ;
#1081 = ORIENTED_EDGE ( 'NONE', *, *, #592, .T. ) ;
#1082 = CARTESIAN_POINT ( 'NONE',  ( 0.2524328249361805221, 0.2417803733038711433, -0.02600751206384304542 ) ) ;
#1083 = DIRECTION ( 'NONE',  ( -0.000000000000000000, -0.000000000000000000, -1.000000000000000000 ) ) ;
#1084 = EDGE_CURVE ( 'NONE', #2387, #859, #1862, .T. ) ;
#1085 = FILL_AREA_STYLE ('',( #312 ) ) ;
#1086 = CARTESIAN_POINT ( 'NONE',  ( -0.2300000000000000100, -0.2300000000000000100, -2.303599999999999870 ) ) ;
#1087 = SURFACE_STYLE_USAGE ( .BOTH. , #2036 ) ;
#1088 = ADVANCED_FACE ( 'NONE', ( #2145 ), #2131, .T. ) ;
#1089 = LINE ( 'NONE', #2430, #1091 ) ;
#1090 = UNCERTAINTY_MEASURE_WITH_UNIT (LENGTH_MEASURE( 1.000000000000000082E-05 ), #1761, 'distance_accuracy_value', 'NONE');
#1091 = VECTOR ( 'NONE', #302, 1000.000000000000000 ) ;
#1092 = UNCERTAINTY_MEASURE_WITH_UNIT (LENGTH_MEASURE( 1.000000000000000082E-05 ), #1846, 'distance_accuracy_value', 'NONE');
#1093 = CARTESIAN_POINT ( 'NONE',  ( -0.2300000000000000100, 0.2441421356237309659, -0.9941421356237309936 ) ) ;
#1094 = VECTOR ( 'NONE', #2191, 1000.000000000000000 ) ;
#1095 = MECHANICAL_DESIGN_GEOMETRIC_PRESENTATION_REPRESENTATION (  '', ( #446 ), #167 ) ;
#1096 = VERTEX_POINT ( 'NONE', #997 ) ;
#1097 = CARTESIAN_POINT ( 'NONE',  ( -0.2349999999999999867, -0.1999999999999999833, -0.7500000000000000000 ) ) ;
#1098 = SURFACE_STYLE_USAGE ( .BOTH. , #1838 ) ;
#1099 = CIRCLE ( 'NONE', #1578, 0.01999999999999999695 ) ;
#1100 = CIRCLE ( 'NONE', #1427, 0.01999999999999999695 ) ;
#1101 = ORIENTED_EDGE ( 'NONE', *, *, #2071, .T. ) ;
#1102 = FACE_OUTER_BOUND ( 'NONE', #1730, .T. ) ;
#1103 = SURFACE_STYLE_FILL_AREA ( #876 ) ;
#1104 = VECTOR ( 'NONE', #2096, 1000.000000000000000 ) ;
#1105 = CARTESIAN_POINT ( 'NONE',  ( -0.2417803733038713099, -0.2524328249361806331, -0.9739924879361567811 ) ) ;
#1106 = CARTESIAN_POINT ( 'NONE',  ( -0.2500000000000000000, 0.2300000000000000377, -0.9799999999999999822 ) ) ;
#1107 = CARTESIAN_POINT ( 'NONE',  ( -0.2500000000000000000, -0.2500000000000000000, -0.2500000000000000000 ) ) ;
#1108 = FILL_AREA_STYLE_COLOUR ( '', #1335 ) ;
#1109 = EDGE_CURVE ( 'NONE', #427, #2167, #1934, .T. ) ;
#1110 = DIRECTION ( 'NONE',  ( -0.000000000000000000, -0.000000000000000000, -1.000000000000000000 ) ) ;
#1111 = MECHANICAL_DESIGN_GEOMETRIC_PRESENTATION_REPRESENTATION (  '', ( #97 ), #2458 ) ;
#1112 = FILL_AREA_STYLE ('',( #1516 ) ) ;
#1113 = FILL_AREA_STYLE_COLOUR ( '', #1143 ) ;
#1114 = CARTESIAN_POINT ( 'NONE',  ( -0.2499991117421790365, -0.2298667154850738692, -0.02013328451492614468 ) ) ;
#1115 = ORIENTED_EDGE ( 'NONE', *, *, #1628, .T. ) ;
#1116 = FILL_AREA_STYLE ('',( #374 ) ) ;
#1117 = LINE ( 'NONE', #357, #573 ) ;
#1118 = FILL_AREA_STYLE_COLOUR ( '', #604 ) ;
#1119 = UNCERTAINTY_MEASURE_WITH_UNIT (LENGTH_MEASURE( 1.000000000000000082E-05 ), #1770, 'distance_accuracy_value', 'NONE');
#1120 = CARTESIAN_POINT ( 'NONE',  ( -0.2500000000000000000, -0.2500000000000000000, -0.7500000000000000000 ) ) ;
#1121 =( BOUNDED_SURFACE ( )  B_SPLINE_SURFACE ( 3, 3, ( 
 ( #1417, #2161, #1739, #70 ),
 ( #1950, #1926, #2311, #1763 ),
 ( #590, #620, #428, #1183 ),
 ( #439, #1553, #965, #20 ) ),
 .UNSPECIFIED., .F., .F., .F. ) 
 B_SPLINE_SURFACE_WITH_KNOTS ( ( 4, 4 ),
 ( 4, 4 ),
 ( 0.000000000000000000, 1.000000000000000000 ),
 ( 0.000000000000000000, 1.000000000000000000 ),
 .UNSPECIFIED. ) 
 GEOMETRIC_REPRESENTATION_ITEM ( )  RATIONAL_B_SPLINE_SURFACE ( (
 ( 1.000000000000000000, 0.8047378541243640493, 0.8047378541243640493, 1.000000000000000000),
 ( 0.8025111867385943398, 0.6458111303268132541, 0.6458111303268132541, 0.8025111867385943398),
 ( 0.8025111867385943398, 0.6458111303268132541, 0.6458111303268132541, 0.8025111867385943398),
 ( 1.000000000000000000, 0.8047378541243640493, 0.8047378541243640493, 1.000000000000000000) ) ) 
 REPRESENTATION_ITEM ( '' )  SURFACE ( )  );
#1122 = PRODUCT_RELATED_PRODUCT_CATEGORY ( 'part', '', ( #1731 ) ) ;
#1123 = DIRECTION ( 'NONE',  ( -1.000000000000000000, 0.000000000000000000, -0.000000000000000000 ) ) ;
#1124 = EDGE_CURVE ( 'NONE', #1497, #1664, #1462, .T. ) ;
#1125 = ORIENTED_EDGE ( 'NONE', *, *, #674, .F. ) ;
#1126 =( NAMED_UNIT ( * ) PLANE_ANGLE_UNIT ( ) SI_UNIT ( $, .RADIAN. ) );
#1127 = SURFACE_STYLE_USAGE ( .BOTH. , #150 ) ;
#1128 = CARTESIAN_POINT ( 'NONE',  ( 0.2300000000000000100, 0.2300000000000000100, -2.303599999999999870 ) ) ;
#1129 = CYLINDRICAL_SURFACE ( 'NONE', #194, 0.02000000000000005246 ) ;
#1130 = DIRECTION ( 'NONE',  ( -1.000000000000000000, 0.000000000000000000, 0.000000000000000000 ) ) ;
#1131 = COLOUR_RGB ( '',0.7529411764705882248, 0.7529411764705882248, 0.7529411764705882248 ) ;
#1132 = MECHANICAL_DESIGN_GEOMETRIC_PRESENTATION_REPRESENTATION (  '', ( #1930 ), #2003 ) ;
#1133 = CIRCLE ( 'NONE', #353, 0.02000000000000005246 ) ;
#1134 =( BOUNDED_SURFACE ( )  B_SPLINE_SURFACE ( 3, 3, ( 
 ( #854, #44, #798, #824 ),
 ( #1577, #148, #1674, #473 ),
 ( #137, #2435, #1495, #2243 ),
 ( #1114, #1877, #1157, #948 ) ),
 .UNSPECIFIED., .F., .F., .F. ) 
 B_SPLINE_SURFACE_WITH_KNOTS ( ( 4, 4 ),
 ( 4, 4 ),
 ( 0.000000000000000000, 1.000000000000000000 ),
 ( 0.000000000000000000, 1.000000000000000000 ),
 .UNSPECIFIED. ) 
 GEOMETRIC_REPRESENTATION_ITEM ( )  RATIONAL_B_SPLINE_SURFACE ( (
 ( 1.000000000000000000, 0.8047378541243656036, 0.8047378541243656036, 1.000000000000000000),
 ( 0.8025111867385938957, 0.6458111303268141423, 0.6458111303268141423, 0.8025111867385938957),
 ( 0.8025111867385938957, 0.6458111303268141423, 0.6458111303268141423, 0.8025111867385938957),
 ( 1.000000000000000000, 0.8047378541243656036, 0.8047378541243656036, 1.000000000000000000) ) ) 
 REPRESENTATION_ITEM ( '' )  SURFACE ( )  );
#1135 = SURFACE_SIDE_STYLE ('',( #921 ) ) ;
#1136 = LINE ( 'NONE', #2466, #1817 ) ;
#1137 = CARTESIAN_POINT ( 'NONE',  ( -0.2000000000000000111, 0.2000000000000000111, -2.303599999999999870 ) ) ;
#1138 = MECHANICAL_DESIGN_GEOMETRIC_PRESENTATION_REPRESENTATION (  '', ( #360 ), #242 ) ;
#1139 = EDGE_CURVE ( 'NONE', #2238, #1205, #1015, .T. ) ;
#1140 = ORIENTED_EDGE ( 'NONE', *, *, #1271, .F. ) ;
#1141 = CARTESIAN_POINT ( 'NONE',  ( -0.2500000000000000000, 0.2500000000000000000, -0.2500000000000000000 ) ) ;
#1142 = PRESENTATION_LAYER_ASSIGNMENT (  '', '', ( #1698 ) ) ;
#1143 = COLOUR_RGB ( '',0.7529411764705882248, 0.7529411764705882248, 0.7529411764705882248 ) ;
#1144 = STYLED_ITEM ( 'NONE', ( #359 ), #2160 ) ;
#1145 = MECHANICAL_DESIGN_GEOMETRIC_PRESENTATION_REPRESENTATION (  '', ( #1316 ), #453 ) ;
#1146 =( NAMED_UNIT ( * ) PLANE_ANGLE_UNIT ( ) SI_UNIT ( $, .RADIAN. ) );
#1147 = DIRECTION ( 'NONE',  ( 1.000000000000000000, 0.000000000000000000, -0.000000000000000000 ) ) ;
#1148 = CARTESIAN_POINT ( 'NONE',  ( -0.2500000000000000000, -0.2300000000000000377, -0.02000000000000002470 ) ) ;
#1149 =( LENGTH_UNIT ( ) NAMED_UNIT ( * ) SI_UNIT ( .MILLI., .METRE. ) );
#1150 = MECHANICAL_DESIGN_GEOMETRIC_PRESENTATION_REPRESENTATION (  '', ( #358 ), #366 ) ;
#1151 = DIRECTION ( 'NONE',  ( 0.000000000000000000, -0.000000000000000000, -1.000000000000000000 ) ) ;
#1152 = AXIS2_PLACEMENT_3D ( 'NONE', #1979, #786, #250 ) ;
#1153 = CARTESIAN_POINT ( 'NONE',  ( -0.2300000000000000655, -0.2300000000000000100, -0.9799999999999999822 ) ) ;
#1154 = PRESENTATION_STYLE_ASSIGNMENT (( #2037 ) ) ;
#1155 = LINE ( 'NONE', #1168, #611 ) ;
#1156 = AXIS2_PLACEMENT_3D ( 'NONE', #1471, #1083, #838 ) ;
#1157 = CARTESIAN_POINT ( 'NONE',  ( -0.2417152084231534159, -0.2440082230156761789, -0.03427479204552844744 ) ) ;
#1158 = ORIENTED_EDGE ( 'NONE', *, *, #1686, .T. ) ;
#1159 = PLANE ( 'NONE',  #2265 ) ;
#1160 = EDGE_CURVE ( 'NONE', #1035, #1584, #169, .T. ) ;
#1161 = CARTESIAN_POINT ( 'NONE',  ( -0.2300000000000000100, 0.2500000000000000000, -0.2500000000000000000 ) ) ;
#1162 = CARTESIAN_POINT ( 'NONE',  ( -0.2349999999999999867, 0.2500000000000000000, -0.7500000000000000000 ) ) ;
#1163 = FILL_AREA_STYLE ('',( #1890 ) ) ;
#1164 = ORIENTED_EDGE ( 'NONE', *, *, #2047, .T. ) ;
#1165 = PLANE ( 'NONE',  #1010 ) ;
#1166 = LINE ( 'NONE', #1546, #2332 ) ;
#1167 = CARTESIAN_POINT ( 'NONE',  ( -0.2300000000000000933, 0.2239924879361568644, -1.002432824936180467 ) ) ;
#1168 = CARTESIAN_POINT ( 'NONE',  ( -0.2500000000000000000, 0.9018000000000000460, -0.9799999999999999822 ) ) ;
#1169 = SURFACE_STYLE_FILL_AREA ( #553 ) ;
#1170 = EDGE_LOOP ( 'NONE', ( #2399, #1458, #73, #2350 ) ) ;
#1171 = DIRECTION ( 'NONE',  ( -0.000000000000000000, 0.000000000000000000, 1.000000000000000000 ) ) ;
#1172 = PLANE ( 'NONE',  #1268 ) ;
#1173 = DIRECTION ( 'NONE',  ( 0.000000000000000000, 0.000000000000000000, -1.000000000000000000 ) ) ;
#1174 = ADVANCED_FACE ( 'NONE', ( #639 ), #618, .T. ) ;
#1175 = CARTESIAN_POINT ( 'NONE',  ( -0.2349999999999999867, -0.2000000000000000111, -0.2500000000000000000 ) ) ;
#1176 = ORIENTED_EDGE ( 'NONE', *, *, #1597, .F. ) ;
#1177 =( NAMED_UNIT ( * ) PLANE_ANGLE_UNIT ( ) SI_UNIT ( $, .RADIAN. ) );
#1178 = CARTESIAN_POINT ( 'NONE',  ( 0.1999999999999999833, -0.2349999999999999589, -0.7500000000000000000 ) ) ;
#1179 = DIRECTION ( 'NONE',  ( 0.000000000000000000, 0.000000000000000000, -1.000000000000000000 ) ) ;
#1180 = VECTOR ( 'NONE', #2278, 1000.000000000000000 ) ;
#1181 = DIRECTION ( 'NONE',  ( -1.000000000000000000, 0.000000000000000000, -0.000000000000000000 ) ) ;
#1182 = ORIENTED_EDGE ( 'NONE', *, *, #2296, .T. ) ;
#1183 = CARTESIAN_POINT ( 'NONE',  ( 0.2239924879361570309, -0.2524328249361805776, -0.02000000000000008368 ) ) ;
#1184 = CARTESIAN_POINT ( 'NONE',  ( -0.2300000000000000100, -0.2300000000000000100, -0.02000000000000005246 ) ) ;
#1185 =( GEOMETRIC_REPRESENTATION_CONTEXT ( 3 ) GLOBAL_UNCERTAINTY_ASSIGNED_CONTEXT ( ( #2221 ) ) GLOBAL_UNIT_ASSIGNED_CONTEXT ( ( #1854, #141, #1642 ) ) REPRESENTATION_CONTEXT ( 'NONE', 'WORKASPACE' ) );
#1186 = FACE_OUTER_BOUND ( 'NONE', #1984, .T. ) ;
#1187 = CIRCLE ( 'NONE', #277, 0.02000000000000005246 ) ;
#1188 =( GEOMETRIC_REPRESENTATION_CONTEXT ( 3 ) GLOBAL_UNCERTAINTY_ASSIGNED_CONTEXT ( ( #1821 ) ) GLOBAL_UNIT_ASSIGNED_CONTEXT ( ( #1468, #2189, #2398 ) ) REPRESENTATION_CONTEXT ( 'NONE', 'WORKASPACE' ) );
#1189 = AXIS2_PLACEMENT_3D ( 'NONE', #1807, #2381, #1051 ) ;
#1190 = COLOUR_RGB ( '',0.7529411764705882248, 0.7529411764705882248, 0.7529411764705882248 ) ;
#1191 = EDGE_LOOP ( 'NONE', ( #2188, #2318, #432, #1536 ) ) ;
#1192 = COLOUR_RGB ( '',0.7529411764705882248, 0.7529411764705882248, 0.7529411764705882248 ) ;
#1193 = EDGE_CURVE ( 'NONE', #494, #403, #1232, .T. ) ;
#1194 = CARTESIAN_POINT ( 'NONE',  ( 0.2440082230156762066, -0.2157252079544715595, -0.008284791576846646521 ) ) ;
#1195 = DIRECTION ( 'NONE',  ( -0.000000000000000000, -0.000000000000000000, -1.000000000000000000 ) ) ;
#1196 = ORIENTED_EDGE ( 'NONE', *, *, #800, .F. ) ;
#1197 = CARTESIAN_POINT ( 'NONE',  ( 0.2300000000000000655, 0.2300000000000000100, -0.9799999999999999822 ) ) ;
#1198 = COLOUR_RGB ( '',0.7529411764705882248, 0.7529411764705882248, 0.7529411764705882248 ) ;
#1199 = FILL_AREA_STYLE ('',( #1396 ) ) ;
#1200 = PRESENTATION_STYLE_ASSIGNMENT (( #417 ) ) ;
#1201 = SURFACE_STYLE_USAGE ( .BOTH. , #1756 ) ;
#1202 =( NAMED_UNIT ( * ) SI_UNIT ( $, .STERADIAN. ) SOLID_ANGLE_UNIT ( ) );
#1203 = SURFACE_SIDE_STYLE ('',( #839 ) ) ;
#1204 =( LENGTH_UNIT ( ) NAMED_UNIT ( * ) SI_UNIT ( .MILLI., .METRE. ) );
#1205 = VERTEX_POINT ( 'NONE', #1441 ) ;
#1206 = DIRECTION ( 'NONE',  ( -0.7071067811865475727, -0.7071067811865475727, 0.000000000000000000 ) ) ;
#1207 = EDGE_CURVE ( 'NONE', #1784, #2147, #615, .T. ) ;
#1208 = ORIENTED_EDGE ( 'NONE', *, *, #1597, .T. ) ;
#1209 = EDGE_CURVE ( 'NONE', #1809, #192, #655, .T. ) ;
#1210 = LINE ( 'NONE', #32, #917 ) ;
#1211 =( NAMED_UNIT ( * ) SI_UNIT ( $, .STERADIAN. ) SOLID_ANGLE_UNIT ( ) );
#1212 = DIRECTION ( 'NONE',  ( 0.000000000000000000, 0.000000000000000000, 1.000000000000000000 ) ) ;
#1213 = CARTESIAN_POINT ( 'NONE',  ( -0.2349999999999999867, -0.2349999999999999867, -0.7500000000000000000 ) ) ;
#1214 = FILL_AREA_STYLE_COLOUR ( '', #2339 ) ;
#1215 = ORIENTED_EDGE ( 'NONE', *, *, #1875, .T. ) ;
#1216 = PLANE ( 'NONE',  #970 ) ;
#1217 = PRESENTATION_STYLE_ASSIGNMENT (( #435 ) ) ;
#1218 =( NAMED_UNIT ( * ) SI_UNIT ( $, .STERADIAN. ) SOLID_ANGLE_UNIT ( ) );
#1219 = ORIENTED_EDGE ( 'NONE', *, *, #1906, .T. ) ;
#1220 = DIRECTION ( 'NONE',  ( 0.7071067811865481278, 0.000000000000000000, 0.7071067811865467956 ) ) ;
#1221 = AXIS2_PLACEMENT_3D ( 'NONE', #77, #1038, #834 ) ;
#1222 = CYLINDRICAL_SURFACE ( 'NONE', #1658, 0.02000000000000000042 ) ;
#1223 = EDGE_CURVE ( 'NONE', #2410, #427, #1100, .T. ) ;
#1224 = CIRCLE ( 'NONE', #198, 0.02000000000000000042 ) ;
#1225 = CARTESIAN_POINT ( 'NONE',  ( 0.2441421356237309659, 0.2300000000000000100, -0.005857864376269039317 ) ) ;
#1226 =( BOUNDED_SURFACE ( )  B_SPLINE_SURFACE ( 3, 3, ( 
 ( #1852, #188, #520, #1911 ),
 ( #409, #558, #1300, #746 ),
 ( #901, #2042, #585, #975 ),
 ( #960, #1194, #1338, #2101 ) ),
 .UNSPECIFIED., .F., .F., .F. ) 
 B_SPLINE_SURFACE_WITH_KNOTS ( ( 4, 4 ),
 ( 4, 4 ),
 ( 0.000000000000000000, 1.000000000000000000 ),
 ( 0.000000000000000000, 1.000000000000000000 ),
 .UNSPECIFIED. ) 
 GEOMETRIC_REPRESENTATION_ITEM ( )  RATIONAL_B_SPLINE_SURFACE ( (
 ( 1.000000000000000000, 0.8047378541243633832, 0.8047378541243633832, 1.000000000000000000),
 ( 0.8025111867385938957, 0.6458111303268123660, 0.6458111303268123660, 0.8025111867385938957),
 ( 0.8025111867385938957, 0.6458111303268123660, 0.6458111303268123660, 0.8025111867385938957),
 ( 1.000000000000000000, 0.8047378541243633832, 0.8047378541243633832, 1.000000000000000000) ) ) 
 REPRESENTATION_ITEM ( '' )  SURFACE ( )  );
#1227 = COLOUR_RGB ( '',0.7529411764705882248, 0.7529411764705882248, 0.7529411764705882248 ) ;
#1228 = CIRCLE ( 'NONE', #686, 0.03500000000000001027 ) ;
#1229 = CARTESIAN_POINT ( 'NONE',  ( 0.2524884472586551576, -0.2369143109499560473, -0.9857958239888068297 ) ) ;
#1230 = PRESENTATION_STYLE_ASSIGNMENT (( #2153 ) ) ;
#1231 = ORIENTED_EDGE ( 'NONE', *, *, #1193, .T. ) ;
#1232 = CIRCLE ( 'NONE', #758, 0.01999999999999999695 ) ;
#1233 = DIRECTION ( 'NONE',  ( 0.000000000000000000, 0.000000000000000000, 1.000000000000000000 ) ) ;
#1234 = STYLED_ITEM ( 'NONE', ( #985 ), #1302 ) ;
#1235 = CARTESIAN_POINT ( 'NONE',  ( -0.2000000000000000111, 0.2000000000000000111, -0.7500000000000000000 ) ) ;
#1236 = ORIENTED_EDGE ( 'NONE', *, *, #2443, .F. ) ;
#1237 = CARTESIAN_POINT ( 'NONE',  ( 0.2524884472586551576, 0.2369143109499560196, -0.01420417601119319286 ) ) ;
#1238 = PRESENTATION_LAYER_ASSIGNMENT (  '', '', ( #1829 ) ) ;
#1239 = FILL_AREA_STYLE ('',( #1802 ) ) ;
#1240 = EDGE_CURVE ( 'NONE', #1261, #1485, #1463, .T. ) ;
#1241 = CARTESIAN_POINT ( 'NONE',  ( 0.2441421356237310214, 0.2441421356237310214, -0.9799999999999997602 ) ) ;
#1242 = LINE ( 'NONE', #1008, #2453 ) ;
#1243 = CARTESIAN_POINT ( 'NONE',  ( -0.2418034671099020816, 0.2392529794637847929, -0.0009687082163228659610 ) ) ;
#1244 = ORIENTED_EDGE ( 'NONE', *, *, #1327, .T. ) ;
#1245 = DIRECTION ( 'NONE',  ( 0.7071067811865474617, -0.7071067811865474617, 0.000000000000000000 ) ) ;
#1246 = CARTESIAN_POINT ( 'NONE',  ( -0.2300000000000000100, -0.2441421356237309659, -0.9941421356237309936 ) ) ;
#1247 = EDGE_LOOP ( 'NONE', ( #658, #1666, #1789, #1723, #619 ) ) ;
#1248 = CARTESIAN_POINT ( 'NONE',  ( 0.2357958239888068297, -0.2369143109499561028, -1.002488447258655047 ) ) ;
#1249 = CARTESIAN_POINT ( 'NONE',  ( 0.2465426382842449415, 0.2501103551519473500, -0.02011732541190744752 ) ) ;
#1250 =( NAMED_UNIT ( * ) PLANE_ANGLE_UNIT ( ) SI_UNIT ( $, .RADIAN. ) );
#1251 = FACE_OUTER_BOUND ( 'NONE', #548, .T. ) ;
#1252 = ORIENTED_EDGE ( 'NONE', *, *, #1124, .F. ) ;
#1253 = EDGE_CURVE ( 'NONE', #1096, #171, #463, .T. ) ;
#1254 = UNCERTAINTY_MEASURE_WITH_UNIT (LENGTH_MEASURE( 1.000000000000000082E-05 ), #813, 'distance_accuracy_value', 'NONE');
#1255 =( NAMED_UNIT ( * ) SI_UNIT ( $, .STERADIAN. ) SOLID_ANGLE_UNIT ( ) );
#1256 = CARTESIAN_POINT ( 'NONE',  ( -0.2300000000000001765, -0.2441421356237310492, -0.9941421356237309936 ) ) ;
#1257 = VERTEX_POINT ( 'NONE', #668 ) ;
#1258 = CARTESIAN_POINT ( 'NONE',  ( 0.2000000000000000111, -0.2349999999999999867, -0.2499999999999998890 ) ) ;
#1259 = CARTESIAN_POINT ( 'NONE',  ( 0.2239924879361569199, -0.2417803733038712821, -1.002432824936180245 ) ) ;
#1260 = PRESENTATION_LAYER_ASSIGNMENT (  '', '', ( #714 ) ) ;
#1261 = VERTEX_POINT ( 'NONE', #2195 ) ;
#1262 = SURFACE_STYLE_FILL_AREA ( #310 ) ;
#1263 = STYLED_ITEM ( 'NONE', ( #1908 ), #625 ) ;
#1264 = SURFACE_SIDE_STYLE ('',( #479 ) ) ;
#1265 =( GEOMETRIC_REPRESENTATION_CONTEXT ( 3 ) GLOBAL_UNCERTAINTY_ASSIGNED_CONTEXT ( ( #2364 ) ) GLOBAL_UNIT_ASSIGNED_CONTEXT ( ( #1953, #647, #1991 ) ) REPRESENTATION_CONTEXT ( 'NONE', 'WORKASPACE' ) );
#1266 = ORIENTED_EDGE ( 'NONE', *, *, #1223, .F. ) ;
#1267 =( LENGTH_UNIT ( ) NAMED_UNIT ( * ) SI_UNIT ( .MILLI., .METRE. ) );
#1268 = AXIS2_PLACEMENT_3D ( 'NONE', #531, #1332, #1725 ) ;
#1269 = AXIS2_PLACEMENT_3D ( 'NONE', #1747, #25, #776 ) ;
#1270 = VECTOR ( 'NONE', #2055, 1000.000000000000000 ) ;
#1271 = EDGE_CURVE ( 'NONE', #364, #1961, #1242, .T. ) ;
#1272 = CARTESIAN_POINT ( 'NONE',  ( -0.2300000000000000100, 0.2300000000000000100, -0.7500000000000000000 ) ) ;
#1273 = VECTOR ( 'NONE', #1972, 1000.000000000000000 ) ;
#1274 = ORIENTED_EDGE ( 'NONE', *, *, #943, .F. ) ;
#1275 = CARTESIAN_POINT ( 'NONE',  ( -0.2299999999999993161, -0.2357958239888067742, 0.002488447258655144146 ) ) ;
#1276 = DIRECTION ( 'NONE',  ( 0.000000000000000000, -0.000000000000000000, 1.000000000000000000 ) ) ;
#1277 = ORIENTED_EDGE ( 'NONE', *, *, #2261, .F. ) ;
#1278 = CARTESIAN_POINT ( 'NONE',  ( 0.2298667154850738692, 0.2499991117421790920, -0.02013328451492608223 ) ) ;
#1279 = DIRECTION ( 'NONE',  ( -1.000000000000000000, 0.000000000000000000, 0.000000000000000000 ) ) ;
#1280 = APPLICATION_CONTEXT ( 'automotive_design' ) ;
#1281 = SURFACE_STYLE_FILL_AREA ( #869 ) ;
#1282 = LINE ( 'NONE', #1680, #452 ) ;
#1283 = ORIENTED_EDGE ( 'NONE', *, *, #2177, .F. ) ;
#1284 = STYLED_ITEM ( 'NONE', ( #385 ), #2323 ) ;
#1285 = UNCERTAINTY_MEASURE_WITH_UNIT (LENGTH_MEASURE( 1.000000000000000082E-05 ), #2317, 'distance_accuracy_value', 'NONE');
#1286 = CARTESIAN_POINT ( 'NONE',  ( -0.2299999999999998990, 0.2441421356237310214, -0.9941421356237309936 ) ) ;
#1287 = VERTEX_POINT ( 'NONE', #1769 ) ;
#1288 = CARTESIAN_POINT ( 'NONE',  ( -0.2417803733038704772, -0.2239924879361564758, 0.002432824936180991767 ) ) ;
#1289 = CARTESIAN_POINT ( 'NONE',  ( 0.2441421356237309659, -0.2300000000000000100, -0.9941421356237309936 ) ) ;
#1290 = ADVANCED_FACE ( 'NONE', ( #1402 ), #2183, .T. ) ;
#1291 = ORIENTED_EDGE ( 'NONE', *, *, #426, .F. ) ;
#1292 = PLANE ( 'NONE',  #2099 ) ;
#1293 = DIRECTION ( 'NONE',  ( 0.000000000000000000, 0.000000000000000000, -1.000000000000000000 ) ) ;
#1294 = CARTESIAN_POINT ( 'NONE',  ( -0.2299999999999996214, 0.2524884472586552131, -0.01420417601119320847 ) ) ;
#1295 = FACE_OUTER_BOUND ( 'NONE', #1322, .T. ) ;
#1296 = SURFACE_SIDE_STYLE ('',( #1660 ) ) ;
#1297 = FACE_OUTER_BOUND ( 'NONE', #296, .T. ) ;
#1298 = LINE ( 'NONE', #307, #2415 ) ;
#1299 = ORIENTED_EDGE ( 'NONE', *, *, #87, .T. ) ;
#1300 = CARTESIAN_POINT ( 'NONE',  ( 0.2490312917836772499, -0.2392529794637847373, -0.008196532890097908003 ) ) ;
#1301 = CARTESIAN_POINT ( 'NONE',  ( -0.2418034671099023036, -0.2490312917836773332, -0.9892529794637849871 ) ) ;
#1302 = ADVANCED_FACE ( 'NONE', ( #63 ), #2471, .T. ) ;
#1303 = CARTESIAN_POINT ( 'NONE',  ( -0.2418034671099022759, 0.2441421356237310492, -0.005857864376268975999 ) ) ;
#1304 = LINE ( 'NONE', #1107, #129 ) ;
#1305 = VERTEX_POINT ( 'NONE', #1606 ) ;
#1306 = FILL_AREA_STYLE ('',( #499 ) ) ;
#1307 = CIRCLE ( 'NONE', #196, 0.02000000000000005246 ) ;
#1308 = UNCERTAINTY_MEASURE_WITH_UNIT (LENGTH_MEASURE( 1.000000000000000082E-05 ), #711, 'distance_accuracy_value', 'NONE');
#1309 = CARTESIAN_POINT ( 'NONE',  ( -0.2300000000000000100, 0.2500000000000000000, -1.000000000000000000 ) ) ;
#1310 = STYLED_ITEM ( 'NONE', ( #495 ), #1532 ) ;
#1311 = FILL_AREA_STYLE ('',( #1113 ) ) ;
#1312 = MECHANICAL_DESIGN_GEOMETRIC_PRESENTATION_REPRESENTATION (  '', ( #1978 ), #2135 ) ;
#1313 = MECHANICAL_DESIGN_GEOMETRIC_PRESENTATION_REPRESENTATION (  '', ( #2052 ), #1941 ) ;
#1314 = VERTEX_POINT ( 'NONE', #478 ) ;
#1315 = SURFACE_SIDE_STYLE ('',( #1677 ) ) ;
#1316 = STYLED_ITEM ( 'NONE', ( #1444 ), #1406 ) ;
#1317 = DIRECTION ( 'NONE',  ( -0.000000000000000000, 0.000000000000000000, 1.000000000000000000 ) ) ;
#1318 =( LENGTH_UNIT ( ) NAMED_UNIT ( * ) SI_UNIT ( .MILLI., .METRE. ) );
#1319 =( NAMED_UNIT ( * ) SI_UNIT ( $, .STERADIAN. ) SOLID_ANGLE_UNIT ( ) );
#1320 = PRESENTATION_STYLE_ASSIGNMENT (( #538 ) ) ;
#1321 = FACE_OUTER_BOUND ( 'NONE', #237, .T. ) ;
#1322 = EDGE_LOOP ( 'NONE', ( #2423, #1349, #900, #925, #305, #1231, #1569, #180 ) ) ;
#1323 =( NAMED_UNIT ( * ) PLANE_ANGLE_UNIT ( ) SI_UNIT ( $, .RADIAN. ) );
#1324 =( LENGTH_UNIT ( ) NAMED_UNIT ( * ) SI_UNIT ( .MILLI., .METRE. ) );
#1325 = CARTESIAN_POINT ( 'NONE',  ( 0.2300000000000000100, -0.2300000000000000655, -0.9799999999999999822 ) ) ;
#1326 = UNCERTAINTY_MEASURE_WITH_UNIT (LENGTH_MEASURE( 1.000000000000000082E-05 ), #476, 'distance_accuracy_value', 'NONE');
#1327 = EDGE_CURVE ( 'NONE', #2147, #1409, #660, .T. ) ;
#1328 =( NAMED_UNIT ( * ) PLANE_ANGLE_UNIT ( ) SI_UNIT ( $, .RADIAN. ) );
#1329 =( NAMED_UNIT ( * ) PLANE_ANGLE_UNIT ( ) SI_UNIT ( $, .RADIAN. ) );
#1330 = ORIENTED_EDGE ( 'NONE', *, *, #815, .T. ) ;
#1331 = FILL_AREA_STYLE_COLOUR ( '', #896 ) ;
#1332 = DIRECTION ( 'NONE',  ( 1.000000000000000000, -0.000000000000000000, 0.000000000000000000 ) ) ;
#1333 = EDGE_LOOP ( 'NONE', ( #949, #1945, #1359, #2065 ) ) ;
#1334 = LINE ( 'NONE', #1358, #843 ) ;
#1335 = COLOUR_RGB ( '',0.7529411764705882248, 0.7529411764705882248, 0.7529411764705882248 ) ;
#1336 = CARTESIAN_POINT ( 'NONE',  ( 0.2300000000000000100, -0.2300000000000000655, -0.02000000000000000042 ) ) ;
#1337 = COLOUR_RGB ( '',1.000000000000000000, 1.000000000000000000, 1.000000000000000000 ) ;
#1338 = CARTESIAN_POINT ( 'NONE',  ( 0.2381506188040995731, -0.2215828121660483596, -8.882578210168971671E-07 ) ) ;
#1339 = EDGE_CURVE ( 'NONE', #1545, #1961, #692, .T. ) ;
#1340 = AXIS2_PLACEMENT_3D ( 'NONE', #1916, #1538, #2302 ) ;
#1341 = DIRECTION ( 'NONE',  ( 0.000000000000000000, 0.000000000000000000, -1.000000000000000000 ) ) ;
#1342 = PRESENTATION_LAYER_ASSIGNMENT (  '', '', ( #2414 ) ) ;
#1343 = COLOUR_RGB ( '',0.7529411764705882248, 0.7529411764705882248, 0.7529411764705882248 ) ;
#1344 = ORIENTED_EDGE ( 'NONE', *, *, #2390, .F. ) ;
#1345 = DIRECTION ( 'NONE',  ( 0.000000000000000000, 1.000000000000000000, 0.000000000000000000 ) ) ;
#1346 = CIRCLE ( 'NONE', #888, 0.02000000000000000042 ) ;
#1347 = STYLED_ITEM ( 'NONE', ( #392 ), #1072 ) ;
#1348 = CARTESIAN_POINT ( 'NONE',  ( 0.2000000000000000111, 0.2000000000000000111, -0.7500000000000000000 ) ) ;
#1349 = ORIENTED_EDGE ( 'NONE', *, *, #2223, .F. ) ;
#1350 = PRESENTATION_LAYER_ASSIGNMENT (  '', '', ( #97 ) ) ;
#1351 = DIRECTION ( 'NONE',  ( 1.000000000000000000, 0.000000000000000000, 0.000000000000000000 ) ) ;
#1352 = CARTESIAN_POINT ( 'NONE',  ( 0.2300000000000000655, 0.2300000000000000100, -0.02000000000000000042 ) ) ;
#1353 = MECHANICAL_DESIGN_GEOMETRIC_PRESENTATION_REPRESENTATION (  '', ( #666 ), #27 ) ;
#1354 = ORIENTED_EDGE ( 'NONE', *, *, #1109, .F. ) ;
#1355 = DIRECTION ( 'NONE',  ( 1.000000000000000000, -0.000000000000000000, 0.000000000000000000 ) ) ;
#1356 = EDGE_CURVE ( 'NONE', #2238, #1305, #1942, .T. ) ;
#1357 = CARTESIAN_POINT ( 'NONE',  ( 0.2300000000000000377, -0.2300000000000000377, -1.000000000000000000 ) ) ;
#1358 = CARTESIAN_POINT ( 'NONE',  ( 0.2350000000000000144, -0.2000000000000000111, -2.303599999999999870 ) ) ;
#1359 = ORIENTED_EDGE ( 'NONE', *, *, #2461, .F. ) ;
#1360 = PRESENTATION_STYLE_ASSIGNMENT (( #2070 ) ) ;
#1361 = EDGE_LOOP ( 'NONE', ( #2235, #789, #444, #2258 ) ) ;
#1362 = CARTESIAN_POINT ( 'NONE',  ( 0.2300000000000000100, 0.2300000000000000655, -0.02000000000000000042 ) ) ;
#1363 = DIRECTION ( 'NONE',  ( 0.000000000000000000, 0.000000000000000000, -1.000000000000000000 ) ) ;
#1364 = SURFACE_STYLE_USAGE ( .BOTH. , #2308 ) ;
#1365 = DIRECTION ( 'NONE',  ( 0.000000000000000000, -0.7071067811865481278, 0.7071067811865467956 ) ) ;
#1366 = ORIENTED_EDGE ( 'NONE', *, *, #483, .F. ) ;
#1367 = DIRECTION ( 'NONE',  ( -0.7071067811865475727, 0.000000000000000000, 0.7071067811865475727 ) ) ;
#1368 = FILL_AREA_STYLE ('',( #2341 ) ) ;
#1369 = CARTESIAN_POINT ( 'NONE',  ( 0.2524884472586552131, 0.2357958239888068852, -0.9869143109499557420 ) ) ;
#1370 = EDGE_CURVE ( 'NONE', #1784, #543, #1489, .T. ) ;
#1371 = CARTESIAN_POINT ( 'NONE',  ( 0.2215828121660482763, 0.2499991117421790088, -0.01184938119590062122 ) ) ;
#1372 = CARTESIAN_POINT ( 'NONE',  ( 0.2524328249361805776, -0.2417803733038711711, -0.9739924879361568921 ) ) ;
#1373 = CARTESIAN_POINT ( 'NONE',  ( -0.2300000000000000100, -0.2300000000000000655, -0.9799999999999999822 ) ) ;
#1374 = ORIENTED_EDGE ( 'NONE', *, *, #298, .T. ) ;
#1375 =( GEOMETRIC_REPRESENTATION_CONTEXT ( 3 ) GLOBAL_UNCERTAINTY_ASSIGNED_CONTEXT ( ( #1771 ) ) GLOBAL_UNIT_ASSIGNED_CONTEXT ( ( #1400, #603, #1202 ) ) REPRESENTATION_CONTEXT ( 'NONE', 'WORKASPACE' ) );
#1376 = COLOUR_RGB ( '',0.7529411764705882248, 0.7529411764705882248, 0.7529411764705882248 ) ;
#1377 = PRESENTATION_STYLE_ASSIGNMENT (( #595 ) ) ;
#1378 = DIRECTION ( 'NONE',  ( 0.000000000000000000, 0.000000000000000000, 1.000000000000000000 ) ) ;
#1379 = AXIS2_PLACEMENT_3D ( 'NONE', #29, #1933, #779 ) ;
#1380 = ORIENTED_EDGE ( 'NONE', *, *, #1327, .F. ) ;
#1381 = DIRECTION ( 'NONE',  ( -0.000000000000000000, -1.000000000000000000, -0.000000000000000000 ) ) ;
#1382 = DIRECTION ( 'NONE',  ( 1.000000000000000000, -1.355252715606880740E-15, 0.000000000000000000 ) ) ;
#1383 = PRESENTATION_LAYER_ASSIGNMENT (  '', '', ( #2447 ) ) ;
#1384 = MECHANICAL_DESIGN_GEOMETRIC_PRESENTATION_REPRESENTATION (  '', ( #1858 ), #1265 ) ;
#1385 = DIRECTION ( 'NONE',  ( -0.000000000000000000, 0.000000000000000000, 1.000000000000000000 ) ) ;
#1386 = COLOUR_RGB ( '',0.7529411764705882248, 0.7529411764705882248, 0.7529411764705882248 ) ;
#1387 = AXIS2_PLACEMENT_3D ( 'NONE', #1213, #606, #234 ) ;
#1388 = CARTESIAN_POINT ( 'NONE',  ( 0.2440082230156761789, -0.2300000000000000933, -0.9657252079544714762 ) ) ;
#1389 = VERTEX_POINT ( 'NONE', #1843 ) ;
#1390 = ADVANCED_FACE ( 'NONE', ( #858 ), #437, .T. ) ;
#1391 = CARTESIAN_POINT ( 'NONE',  ( -0.2300000000000000100, -0.2500000000000000000, -0.7500000000000000000 ) ) ;
#1392 =( NAMED_UNIT ( * ) PLANE_ANGLE_UNIT ( ) SI_UNIT ( $, .RADIAN. ) );
#1393 = ORIENTED_EDGE ( 'NONE', *, *, #1253, .T. ) ;
#1394 = CARTESIAN_POINT ( 'NONE',  ( -0.2000000000000000111, -0.2349999999999999867, -0.5000000000000000000 ) ) ;
#1395 = AXIS2_PLACEMENT_3D ( 'NONE', #1885, #1345, #2057 ) ;
#1396 = FILL_AREA_STYLE_COLOUR ( '', #1343 ) ;
#1397 = VECTOR ( 'NONE', #393, 1000.000000000000000 ) ;
#1398 = SURFACE_STYLE_FILL_AREA ( #1368 ) ;
#1399 = SURFACE_SIDE_STYLE ('',( #621 ) ) ;
#1400 =( LENGTH_UNIT ( ) NAMED_UNIT ( * ) SI_UNIT ( .MILLI., .METRE. ) );
#1401 = CARTESIAN_POINT ( 'NONE',  ( 0.2357958239888068852, 0.2524884472586552131, -0.9799999999999997602 ) ) ;
#1402 = FACE_OUTER_BOUND ( 'NONE', #2133, .T. ) ;
#1403 = ORIENTED_EDGE ( 'NONE', *, *, #1551, .T. ) ;
#1404 =( NAMED_UNIT ( * ) PLANE_ANGLE_UNIT ( ) SI_UNIT ( $, .RADIAN. ) );
#1405 = FILL_AREA_STYLE_COLOUR ( '', #1855 ) ;
#1406 = ADVANCED_FACE ( 'NONE', ( #511 ), #2034, .F. ) ;
#1407 = SURFACE_STYLE_USAGE ( .BOTH. , #2354 ) ;
#1408 = PRODUCT_CONTEXT ( 'NONE', #1280, 'mechanical' ) ;
#1409 = VERTEX_POINT ( 'NONE', #1106 ) ;
#1410 = DIRECTION ( 'NONE',  ( -0.000000000000000000, 0.000000000000000000, -1.000000000000000000 ) ) ;
#1411 =( LENGTH_UNIT ( ) NAMED_UNIT ( * ) SI_UNIT ( .MILLI., .METRE. ) );
#1412 = CARTESIAN_POINT ( 'NONE',  ( 0.2441421356237309659, -0.2300000000000000655, -0.9941421356237309936 ) ) ;
#1413 = EDGE_LOOP ( 'NONE', ( #219, #200, #1878, #1330 ) ) ;
#1414 = DIRECTION ( 'NONE',  ( 0.7071067811865474617, 0.7071067811865474617, 0.000000000000000000 ) ) ;
#1415 = ADVANCED_FACE ( 'NONE', ( #2472 ), #1870, .T. ) ;
#1416 = ORIENTED_EDGE ( 'NONE', *, *, #1751, .T. ) ;
#1417 = CARTESIAN_POINT ( 'NONE',  ( 0.2441421356237309659, -0.2441421356237309659, -0.02000000000000000042 ) ) ;
#1418 = CIRCLE ( 'NONE', #2040, 0.02000000000000002817 ) ;
#1419 = VECTOR ( 'NONE', #55, 1000.000000000000000 ) ;
#1420 =( LENGTH_UNIT ( ) NAMED_UNIT ( * ) SI_UNIT ( .MILLI., .METRE. ) );
#1421 = FILL_AREA_STYLE_COLOUR ( '', #1198 ) ;
#1422 = AXIS2_PLACEMENT_3D ( 'NONE', #1456, #510, #1279 ) ;
#1423 = STYLED_ITEM ( 'NONE', ( #2357 ), #831 ) ;
#1424 = CARTESIAN_POINT ( 'NONE',  ( 0.2441421356237309659, -0.2300000000000000655, -0.9941421356237309936 ) ) ;
#1425 = ORIENTED_EDGE ( 'NONE', *, *, #1271, .T. ) ;
#1426 = VECTOR ( 'NONE', #2290, 1000.000000000000000 ) ;
#1427 = AXIS2_PLACEMENT_3D ( 'NONE', #471, #2405, #1822 ) ;
#1428 = UNCERTAINTY_MEASURE_WITH_UNIT (LENGTH_MEASURE( 1.000000000000000082E-05 ), #926, 'distance_accuracy_value', 'NONE');
#1429 = DIRECTION ( 'NONE',  ( 0.000000000000000000, 1.000000000000000000, 0.000000000000000000 ) ) ;
#1430 = STYLED_ITEM ( 'NONE', ( #2439 ), #1496 ) ;
#1431 =( NAMED_UNIT ( * ) PLANE_ANGLE_UNIT ( ) SI_UNIT ( $, .RADIAN. ) );
#1432 = EDGE_LOOP ( 'NONE', ( #377, #1219, #781, #2198 ) ) ;
#1433 = CARTESIAN_POINT ( 'NONE',  ( -0.2417152084231528331, -0.2157252079544711154, -0.005991776984323391765 ) ) ;
#1434 = CARTESIAN_POINT ( 'NONE',  ( -0.2300000000000000100, -0.2500000000000000000, -1.000000000000000000 ) ) ;
#1435 =( GEOMETRIC_REPRESENTATION_CONTEXT ( 3 ) GLOBAL_UNCERTAINTY_ASSIGNED_CONTEXT ( ( #1326 ) ) GLOBAL_UNIT_ASSIGNED_CONTEXT ( ( #476, #1250, #1043 ) ) REPRESENTATION_CONTEXT ( 'NONE', 'WORKASPACE' ) );
#1436 = DIRECTION ( 'NONE',  ( 1.000000000000000000, 0.000000000000000000, 0.000000000000000000 ) ) ;
#1437 = EDGE_CURVE ( 'NONE', #1029, #775, #2378, .T. ) ;
#1438 = CIRCLE ( 'NONE', #335, 0.01999999999999999695 ) ;
#1439 = CARTESIAN_POINT ( 'NONE',  ( -0.2300000000000000100, 0.2441421356237309659, -0.005857864376269057531 ) ) ;
#1440 = CARTESIAN_POINT ( 'NONE',  ( 0.2300000000000000100, -0.2300000000000000100, -0.02000000000000000042 ) ) ;
#1441 = CARTESIAN_POINT ( 'NONE',  ( 0.2500000000000000000, -0.2300000000000000377, -0.02000000000000002470 ) ) ;
#1442 = CARTESIAN_POINT ( 'NONE',  ( -0.2300000000000000100, -0.2441421356237309659, -0.005857864376269024571 ) ) ;
#1443 = ORIENTED_EDGE ( 'NONE', *, *, #2422, .F. ) ;
#1444 = PRESENTATION_STYLE_ASSIGNMENT (( #672 ) ) ;
#1445 = EDGE_CURVE ( 'NONE', #1866, #1664, #904, .T. ) ;
#1446 = CARTESIAN_POINT ( 'NONE',  ( -0.2300000000000000377, 0.2239924879361569476, 0.002432824936180529897 ) ) ;
#1447 = ORIENTED_EDGE ( 'NONE', *, *, #455, .F. ) ;
#1448 = UNCERTAINTY_MEASURE_WITH_UNIT (LENGTH_MEASURE( 1.000000000000000082E-05 ), #155, 'distance_accuracy_value', 'NONE');
#1449 = CARTESIAN_POINT ( 'NONE',  ( -0.2499991117421790365, -0.2215828121660483041, -0.9881506188040993788 ) ) ;
#1450 = EDGE_LOOP ( 'NONE', ( #1588, #466, #1009, #1164, #1115 ) ) ;
#1451 = CARTESIAN_POINT ( 'NONE',  ( -0.2499991117421789810, -0.2298667154850739525, -0.02013328451492618285 ) ) ;
#1452 = CARTESIAN_POINT ( 'NONE',  ( 0.2157252079544715040, -0.2300000000000001765, -0.9940082230156760401 ) ) ;
#1453 = VERTEX_POINT ( 'NONE', #376 ) ;
#1454 = FACE_OUTER_BOUND ( 'NONE', #1432, .T. ) ;
#1455 =( LENGTH_UNIT ( ) NAMED_UNIT ( * ) SI_UNIT ( .MILLI., .METRE. ) );
#1456 = CARTESIAN_POINT ( 'NONE',  ( -0.2300000000000000100, 0.2300000000000000100, -0.02000000000000005246 ) ) ;
#1457 = SURFACE_SIDE_STYLE ('',( #664 ) ) ;
#1458 = ORIENTED_EDGE ( 'NONE', *, *, #745, .T. ) ;
#1459 = CIRCLE ( 'NONE', #1189, 0.02000000000000001429 ) ;
#1460 = VECTOR ( 'NONE', #222, 1000.000000000000000 ) ;
#1461 = STYLED_ITEM ( 'NONE', ( #1360 ), #1900 ) ;
#1462 = CIRCLE ( 'NONE', #2089, 0.02000000000000001082 ) ;
#1463 = LINE ( 'NONE', #1028, #1742 ) ;
#1464 = EDGE_CURVE ( 'NONE', #1035, #2387, #1117, .T. ) ;
#1465 = PRESENTATION_LAYER_ASSIGNMENT (  '', '', ( #1144 ) ) ;
#1466 = COLOUR_RGB ( '',0.7529411764705882248, 0.7529411764705882248, 0.7529411764705882248 ) ;
#1467 = CYLINDRICAL_SURFACE ( 'NONE', #2365, 0.01999999999999999695 ) ;
#1468 =( LENGTH_UNIT ( ) NAMED_UNIT ( * ) SI_UNIT ( .MILLI., .METRE. ) );
#1469 = AXIS2_PLACEMENT_3D ( 'NONE', #300, #1074, #267 ) ;
#1470 = ORIENTED_EDGE ( 'NONE', *, *, #1240, .T. ) ;
#1471 = CARTESIAN_POINT ( 'NONE',  ( -0.2300000000000000100, -0.2300000000000000100, -0.9799999999999999822 ) ) ;
#1472 = FILL_AREA_STYLE_COLOUR ( '', #52 ) ;
#1473 =( GEOMETRIC_REPRESENTATION_CONTEXT ( 3 ) GLOBAL_UNCERTAINTY_ASSIGNED_CONTEXT ( ( #348 ) ) GLOBAL_UNIT_ASSIGNED_CONTEXT ( ( #80, #111, #521 ) ) REPRESENTATION_CONTEXT ( 'NONE', 'WORKASPACE' ) );
#1474 =( NAMED_UNIT ( * ) SI_UNIT ( $, .STERADIAN. ) SOLID_ANGLE_UNIT ( ) );
#1475 =( LENGTH_UNIT ( ) NAMED_UNIT ( * ) SI_UNIT ( .MILLI., .METRE. ) );
#1476 = SURFACE_STYLE_USAGE ( .BOTH. , #1681 ) ;
#1477 = CARTESIAN_POINT ( 'NONE',  ( 0.9018000000000000460, -0.2300000000000000100, -0.02000000000000000042 ) ) ;
#1478 = UNCERTAINTY_MEASURE_WITH_UNIT (LENGTH_MEASURE( 1.000000000000000082E-05 ), #2273, 'distance_accuracy_value', 'NONE');
#1479 = CIRCLE ( 'NONE', #506, 0.02000000000000001082 ) ;
#1480 = CARTESIAN_POINT ( 'NONE',  ( -0.2300000000000000100, 0.2524328249361805776, -0.9739924879361570031 ) ) ;
#1481 = VERTEX_POINT ( 'NONE', #1161 ) ;
#1482 = EDGE_CURVE ( 'NONE', #530, #1261, #952, .T. ) ;
#1483 = CARTESIAN_POINT ( 'NONE',  ( 0.2300000000000000100, -0.2300000000000000100, 1.303600000000000092 ) ) ;
#1484 = CARTESIAN_POINT ( 'NONE',  ( 0.2300000000000000100, 0.2300000000000000100, -0.02000000000000005246 ) ) ;
#1485 = VERTEX_POINT ( 'NONE', #547 ) ;
#1486 = DIRECTION ( 'NONE',  ( -1.000000000000000000, 0.000000000000000000, 0.000000000000000000 ) ) ;
#1487 = PRESENTATION_STYLE_ASSIGNMENT (( #602 ) ) ;
#1488 = FACE_OUTER_BOUND ( 'NONE', #1687, .T. ) ;
#1489 = LINE ( 'NONE', #2218, #497 ) ;
#1490 = FILL_AREA_STYLE ('',( #1859 ) ) ;
#1491 = SURFACE_SIDE_STYLE ('',( #1656 ) ) ;
#1492 = DIRECTION ( 'NONE',  ( 0.000000000000000000, 1.000000000000000000, 0.000000000000000000 ) ) ;
#1493 = CARTESIAN_POINT ( 'NONE',  ( -0.2300000000000000655, -0.2300000000000000100, -0.9799999999999999822 ) ) ;
#1494 = FILL_AREA_STYLE ('',( #716 ) ) ;
#1495 = CARTESIAN_POINT ( 'NONE',  ( -0.2417803733038710601, -0.2524328249361805776, -0.02600751206384310441 ) ) ;
#1496 = ADVANCED_FACE ( 'NONE', ( #345 ), #1887, .T. ) ;
#1497 = VERTEX_POINT ( 'NONE', #2137 ) ;
#1498 = FILL_AREA_STYLE_COLOUR ( '', #2347 ) ;
#1499 = FILL_AREA_STYLE_COLOUR ( '', #1192 ) ;
#1500 = CARTESIAN_POINT ( 'NONE',  ( 0.2441421356237309659, 0.2300000000000000100, -0.005857864376269057531 ) ) ;
#1501 = COLOUR_RGB ( '',1.000000000000000000, 1.000000000000000000, 1.000000000000000000 ) ;
#1502 =( GEOMETRIC_REPRESENTATION_CONTEXT ( 3 ) GLOBAL_UNCERTAINTY_ASSIGNED_CONTEXT ( ( #1623 ) ) GLOBAL_UNIT_ASSIGNED_CONTEXT ( ( #347, #2083, #22 ) ) REPRESENTATION_CONTEXT ( 'NONE', 'WORKASPACE' ) );
#1503 = UNCERTAINTY_MEASURE_WITH_UNIT (LENGTH_MEASURE( 1.000000000000000082E-05 ), #1909, 'distance_accuracy_value', 'NONE');
#1504 = SURFACE_STYLE_FILL_AREA ( #870 ) ;
#1505 = COLOUR_RGB ( '',1.000000000000000000, 1.000000000000000000, 1.000000000000000000 ) ;
#1506 = AXIS2_PLACEMENT_3D ( 'NONE', #1440, #1206, #1245 ) ;
#1507 = CIRCLE ( 'NONE', #407, 0.01999999999999999695 ) ;
#1508 =( NAMED_UNIT ( * ) SI_UNIT ( $, .STERADIAN. ) SOLID_ANGLE_UNIT ( ) );
#1509 = CARTESIAN_POINT ( 'NONE',  ( -0.2500000000000000000, -0.2300000000000000377, -0.9799999999999999822 ) ) ;
#1510 = MECHANICAL_DESIGN_GEOMETRIC_PRESENTATION_REPRESENTATION (  '', ( #1461 ), #12 ) ;
#1511 =( GEOMETRIC_REPRESENTATION_CONTEXT ( 3 ) GLOBAL_UNCERTAINTY_ASSIGNED_CONTEXT ( ( #2394 ) ) GLOBAL_UNIT_ASSIGNED_CONTEXT ( ( #2475, #540, #1508 ) ) REPRESENTATION_CONTEXT ( 'NONE', 'WORKASPACE' ) );
#1512 = VERTEX_POINT ( 'NONE', #2109 ) ;
#1513 = AXIS2_PLACEMENT_3D ( 'NONE', #581, #142, #732 ) ;
#1514 = ADVANCED_FACE ( 'NONE', ( #418 ), #967, .T. ) ;
#1515 = CYLINDRICAL_SURFACE ( 'NONE', #400, 0.03500000000000001027 ) ;
#1516 = FILL_AREA_STYLE_COLOUR ( '', #2206 ) ;
#1517 = CARTESIAN_POINT ( 'NONE',  ( -0.2500000000000000000, -0.2500000000000000000, -0.2500000000000000000 ) ) ;
#1518 = ORIENTED_EDGE ( 'NONE', *, *, #2312, .T. ) ;
#1519 = FILL_AREA_STYLE_COLOUR ( '', #1131 ) ;
#1520 = ADVANCED_FACE ( 'NONE', ( #1186 ), #239, .T. ) ;
#1521 = UNCERTAINTY_MEASURE_WITH_UNIT (LENGTH_MEASURE( 1.000000000000000082E-05 ), #830, 'distance_accuracy_value', 'NONE');
#1522 =( LENGTH_UNIT ( ) NAMED_UNIT ( * ) SI_UNIT ( .MILLI., .METRE. ) );
#1523 = ORIENTED_EDGE ( 'NONE', *, *, #1856, .F. ) ;
#1524 = PRESENTATION_STYLE_ASSIGNMENT (( #545 ) ) ;
#1525 = LINE ( 'NONE', #336, #1973 ) ;
#1526 = PRESENTATION_STYLE_ASSIGNMENT (( #753 ) ) ;
#1527 = FACE_OUTER_BOUND ( 'NONE', #2207, .T. ) ;
#1528 = AXIS2_PLACEMENT_3D ( 'NONE', #2249, #164, #2068 ) ;
#1529 =( NAMED_UNIT ( * ) SI_UNIT ( $, .STERADIAN. ) SOLID_ANGLE_UNIT ( ) );
#1530 = CARTESIAN_POINT ( 'NONE',  ( -0.2300000000000000100, 0.2300000000000000655, -0.02000000000000000042 ) ) ;
#1531 = VECTOR ( 'NONE', #941, 1000.000000000000000 ) ;
#1532 = ADVANCED_FACE ( 'NONE', ( #1454 ), #890, .T. ) ;
#1533 =( LENGTH_UNIT ( ) NAMED_UNIT ( * ) SI_UNIT ( .MILLI., .METRE. ) );
#1534 =( GEOMETRIC_REPRESENTATION_CONTEXT ( 3 ) GLOBAL_UNCERTAINTY_ASSIGNED_CONTEXT ( ( #1308 ) ) GLOBAL_UNIT_ASSIGNED_CONTEXT ( ( #711, #1177, #764 ) ) REPRESENTATION_CONTEXT ( 'NONE', 'WORKASPACE' ) );
#1535 = PRESENTATION_LAYER_ASSIGNMENT (  '', '', ( #1423 ) ) ;
#1536 = ORIENTED_EDGE ( 'NONE', *, *, #2108, .F. ) ;
#1537 = FILL_AREA_STYLE_COLOUR ( '', #1669 ) ;
#1538 = DIRECTION ( 'NONE',  ( 0.000000000000000000, -1.000000000000000000, 0.000000000000000000 ) ) ;
#1539 = AXIS2_PLACEMENT_3D ( 'NONE', #256, #2002, #2020 ) ;
#1540 = AXIS2_PLACEMENT_3D ( 'NONE', #724, #1317, #1907 ) ;
#1541 = PRESENTATION_STYLE_ASSIGNMENT (( #1767 ) ) ;
#1542 = CARTESIAN_POINT ( 'NONE',  ( 0.2357958239888068019, 0.2300000000000000933, 0.002488447258655168432 ) ) ;
#1543 = ORIENTED_EDGE ( 'NONE', *, *, #1006, .F. ) ;
#1544 = DIRECTION ( 'NONE',  ( 0.000000000000000000, -1.000000000000000000, 0.000000000000000000 ) ) ;
#1545 = VERTEX_POINT ( 'NONE', #662 ) ;
#1546 = CARTESIAN_POINT ( 'NONE',  ( -0.2500000000000000000, 0.2500000000000000000, -0.7500000000000000000 ) ) ;
#1547 = CARTESIAN_POINT ( 'NONE',  ( -0.2501103551519473500, 0.2382126564361687626, -0.9882126564361686238 ) ) ;
#1548 = FILL_AREA_STYLE_COLOUR ( '', #363 ) ;
#1549 = CIRCLE ( 'NONE', #1592, 0.02000000000000005246 ) ;
#1550 = PRESENTATION_STYLE_ASSIGNMENT (( #1935 ) ) ;
#1551 = EDGE_CURVE ( 'NONE', #65, #1784, #1840, .T. ) ;
#1552 = ORIENTED_EDGE ( 'NONE', *, *, #819, .F. ) ;
#1553 = CARTESIAN_POINT ( 'NONE',  ( 0.2215828121660482763, -0.2381506188040994620, -8.882578210022816136E-07 ) ) ;
#1554 = FACE_OUTER_BOUND ( 'NONE', #710, .T. ) ;
#1555 =( LENGTH_UNIT ( ) NAMED_UNIT ( * ) SI_UNIT ( .MILLI., .METRE. ) );
#1556 = ORIENTED_EDGE ( 'NONE', *, *, #1960, .T. ) ;
#1557 = CARTESIAN_POINT ( 'NONE',  ( 0.2350000000000000144, -0.2000000000000000111, -0.2499999999999998335 ) ) ;
#1558 = VERTEX_POINT ( 'NONE', #1042 ) ;
#1559 = SURFACE_STYLE_FILL_AREA ( #703 ) ;
#1560 = DIRECTION ( 'NONE',  ( 0.000000000000000000, 0.000000000000000000, -1.000000000000000000 ) ) ;
#1561 = SURFACE_STYLE_FILL_AREA ( #1959 ) ;
#1562 = ORIENTED_EDGE ( 'NONE', *, *, #1437, .F. ) ;
#1563 = CARTESIAN_POINT ( 'NONE',  ( 0.2300000000000000100, 0.2300000000000000100, -0.9799999999999999822 ) ) ;
#1564 = LINE ( 'NONE', #812, #1460 ) ;
#1565 = PRODUCT_DEFINITION ( 'UNKNOWN', '', #2061, #133 ) ;
#1566 = CARTESIAN_POINT ( 'NONE',  ( 0.2300000000000000100, -0.2300000000000000100, -0.7500000000000000000 ) ) ;
#1567 = FILL_AREA_STYLE ('',( #1758 ) ) ;
#1568 = CARTESIAN_POINT ( 'NONE',  ( 0.2465426382842449693, -0.2501103551519474610, -0.9798826745880924172 ) ) ;
#1569 = ORIENTED_EDGE ( 'NONE', *, *, #131, .T. ) ;
#1570 = PRESENTATION_STYLE_ASSIGNMENT (( #434 ) ) ;
#1571 = CARTESIAN_POINT ( 'NONE',  ( -0.2299999999999996769, 0.2500000000000000000, -0.02000000000000002470 ) ) ;
#1572 = CIRCLE ( 'NONE', #2209, 0.01999999999999999695 ) ;
#1573 = AXIS2_PLACEMENT_3D ( 'NONE', #1803, #1385, #1436 ) ;
#1574 = ORIENTED_EDGE ( 'NONE', *, *, #276, .T. ) ;
#1575 = SURFACE_STYLE_FILL_AREA ( #1790 ) ;
#1576 = FILL_AREA_STYLE ('',( #1976 ) ) ;
#1577 = CARTESIAN_POINT ( 'NONE',  ( -0.2418034671099021093, -0.2441421356237309104, -0.005857864376269058398 ) ) ;
#1578 = AXIS2_PLACEMENT_3D ( 'NONE', #614, #85, #38 ) ;
#1579 = CARTESIAN_POINT ( 'NONE',  ( 0.2381506188040994065, 0.2215828121660484984, -0.9999991117421789255 ) ) ;
#1580 = PRESENTATION_LAYER_ASSIGNMENT (  '', '', ( #446 ) ) ;
#1581 = FILL_AREA_STYLE ('',( #1005 ) ) ;
#1582 = ADVANCED_FACE ( 'NONE', ( #110 ), #1226, .T. ) ;
#1583 =( NAMED_UNIT ( * ) SI_UNIT ( $, .STERADIAN. ) SOLID_ANGLE_UNIT ( ) );
#1584 = VERTEX_POINT ( 'NONE', #1719 ) ;
#1585 = AXIS2_PLACEMENT_3D ( 'NONE', #1063, #113, #2428 ) ;
#1586 = FACE_OUTER_BOUND ( 'NONE', #1247, .T. ) ;
#1587 = CARTESIAN_POINT ( 'NONE',  ( 0.000000000000000000, 0.000000000000000000, 0.000000000000000000 ) ) ;
#1588 = ORIENTED_EDGE ( 'NONE', *, *, #339, .T. ) ;
#1589 = CARTESIAN_POINT ( 'NONE',  ( 0.2300000000000000100, 0.2300000000000000100, -0.02000000000000000042 ) ) ;
#1590 =( GEOMETRIC_REPRESENTATION_CONTEXT ( 3 ) GLOBAL_UNCERTAINTY_ASSIGNED_CONTEXT ( ( #726 ) ) GLOBAL_UNIT_ASSIGNED_CONTEXT ( ( #1004, #1594, #633 ) ) REPRESENTATION_CONTEXT ( 'NONE', 'WORKASPACE' ) );
#1591 = SURFACE_STYLE_USAGE ( .BOTH. , #2320 ) ;
#1592 = AXIS2_PLACEMENT_3D ( 'NONE', #2104, #939, #383 ) ;
#1593 =( LENGTH_UNIT ( ) NAMED_UNIT ( * ) SI_UNIT ( .MILLI., .METRE. ) );
#1594 =( NAMED_UNIT ( * ) PLANE_ANGLE_UNIT ( ) SI_UNIT ( $, .RADIAN. ) );
#1595 = SURFACE_STYLE_USAGE ( .BOTH. , #1619 ) ;
#1596 = ORIENTED_EDGE ( 'NONE', *, *, #1705, .T. ) ;
#1597 = EDGE_CURVE ( 'NONE', #1584, #246, #390, .T. ) ;
#1598 =( NAMED_UNIT ( * ) PLANE_ANGLE_UNIT ( ) SI_UNIT ( $, .RADIAN. ) );
#1599 = DIRECTION ( 'NONE',  ( 1.000000000000000000, 0.000000000000000000, 0.000000000000000000 ) ) ;
#1600 = EDGE_LOOP ( 'NONE', ( #2270, #1638, #1196 ) ) ;
#1601 = SURFACE_STYLE_USAGE ( .BOTH. , #822 ) ;
#1602 = CARTESIAN_POINT ( 'NONE',  ( 0.2300000000000000100, 0.2300000000000000655, -0.9799999999999999822 ) ) ;
#1603 = CARTESIAN_POINT ( 'NONE',  ( 0.2500000000000000000, 0.000000000000000000, -0.5000000000000000000 ) ) ;
#1604 = APPLICATION_CONTEXT ( 'automotive_design' ) ;
#1605 = FILL_AREA_STYLE ('',( #1421 ) ) ;
#1606 = CARTESIAN_POINT ( 'NONE',  ( 0.2441421356237309659, 0.2300000000000000655, -0.005857864376269064470 ) ) ;
#1607 = SURFACE_STYLE_FILL_AREA ( #253 ) ;
#1608 = DIRECTION ( 'NONE',  ( 0.000000000000000000, 0.000000000000000000, -1.000000000000000000 ) ) ;
#1609 = VECTOR ( 'NONE', #811, 1000.000000000000000 ) ;
#1610 = ORIENTED_EDGE ( 'NONE', *, *, #184, .F. ) ;
#1611 = EDGE_CURVE ( 'NONE', #464, #370, #1228, .T. ) ;
#1612 = MECHANICAL_DESIGN_GEOMETRIC_PRESENTATION_REPRESENTATION (  '', ( #84 ), #528 ) ;
#1613 = COLOUR_RGB ( '',0.7529411764705882248, 0.7529411764705882248, 0.7529411764705882248 ) ;
#1614 = CARTESIAN_POINT ( 'NONE',  ( 0.2440082230156761511, 0.2417152084231534992, -0.03427479204552841968 ) ) ;
#1615 = CARTESIAN_POINT ( 'NONE',  ( 0.2298667154850738970, 0.2298667154850738970, -0.9999991117421790365 ) ) ;
#1616 =( GEOMETRIC_REPRESENTATION_CONTEXT ( 3 ) GLOBAL_UNCERTAINTY_ASSIGNED_CONTEXT ( ( #1254 ) ) GLOBAL_UNIT_ASSIGNED_CONTEXT ( ( #813, #1944, #81 ) ) REPRESENTATION_CONTEXT ( 'NONE', 'WORKASPACE' ) );
#1617 =( GEOMETRIC_REPRESENTATION_CONTEXT ( 3 ) GLOBAL_UNCERTAINTY_ASSIGNED_CONTEXT ( ( #460 ) ) GLOBAL_UNIT_ASSIGNED_CONTEXT ( ( #230, #981, #1030 ) ) REPRESENTATION_CONTEXT ( 'NONE', 'WORKASPACE' ) );
#1618 = CARTESIAN_POINT ( 'NONE',  ( -0.2300000000000000655, 0.2441421356237310214, -0.005857864376268974264 ) ) ;
#1619 = SURFACE_SIDE_STYLE ('',( #1607 ) ) ;
#1620 = ORIENTED_EDGE ( 'NONE', *, *, #1906, .F. ) ;
#1621 =( GEOMETRIC_REPRESENTATION_CONTEXT ( 3 ) GLOBAL_UNCERTAINTY_ASSIGNED_CONTEXT ( ( #1521 ) ) GLOBAL_UNIT_ASSIGNED_CONTEXT ( ( #830, #240, #517 ) ) REPRESENTATION_CONTEXT ( 'NONE', 'WORKASPACE' ) );
#1622 = PRESENTATION_LAYER_ASSIGNMENT (  '', '', ( #1347 ) ) ;
#1623 = UNCERTAINTY_MEASURE_WITH_UNIT (LENGTH_MEASURE( 1.000000000000000082E-05 ), #347, 'distance_accuracy_value', 'NONE');
#1624 = DIRECTION ( 'NONE',  ( 1.665334536937734318E-16, -1.665334536937734318E-16, -1.000000000000000000 ) ) ;
#1625 = VECTOR ( 'NONE', #2260, 1000.000000000000000 ) ;
#1626 = DIRECTION ( 'NONE',  ( -0.000000000000000000, -1.000000000000000000, 0.000000000000000000 ) ) ;
#1627 = CARTESIAN_POINT ( 'NONE',  ( -0.2500000000000000000, -0.2500000000000000000, -0.7500000000000000000 ) ) ;
#1628 = EDGE_CURVE ( 'NONE', #192, #1998, #1187, .T. ) ;
#1629 = ORIENTED_EDGE ( 'NONE', *, *, #1611, .T. ) ;
#1630 = MECHANICAL_DESIGN_GEOMETRIC_PRESENTATION_REPRESENTATION (  '', ( #2142 ), #1473 ) ;
#1631 = CARTESIAN_POINT ( 'NONE',  ( -0.2500000000000000000, 0.2300000000000000100, -0.2500000000000000000 ) ) ;
#1632 = PRESENTATION_STYLE_ASSIGNMENT (( #2400 ) ) ;
#1633 = CARTESIAN_POINT ( 'NONE',  ( -0.2299999999999993439, 0.2440082230156761789, -0.03427479204552844744 ) ) ;
#1634 = DIRECTION ( 'NONE',  ( 0.000000000000000000, 0.000000000000000000, 1.000000000000000000 ) ) ;
#1635 = FILL_AREA_STYLE ('',( #2030 ) ) ;
#1636 = SURFACE_SIDE_STYLE ('',( #1068 ) ) ;
#1637 = ORIENTED_EDGE ( 'NONE', *, *, #1765, .F. ) ;
#1638 = ORIENTED_EDGE ( 'NONE', *, *, #1823, .T. ) ;
#1639 = CARTESIAN_POINT ( 'NONE',  ( 0.2524328249361805221, 0.2300000000000000933, -0.02600751206384307318 ) ) ;
#1640 = SURFACE_STYLE_USAGE ( .BOTH. , #1830 ) ;
#1641 = ADVANCED_FACE ( 'NONE', ( #1102 ), #2294, .T. ) ;
#1642 =( NAMED_UNIT ( * ) SI_UNIT ( $, .STERADIAN. ) SOLID_ANGLE_UNIT ( ) );
#1643 = CARTESIAN_POINT ( 'NONE',  ( -0.2300000000000000100, 0.2441421356237310214, -0.005857864376269025439 ) ) ;
#1644 = ORIENTED_EDGE ( 'NONE', *, *, #2125, .F. ) ;
#1645 = EDGE_CURVE ( 'NONE', #494, #597, #1166, .T. ) ;
#1646 = UNCERTAINTY_MEASURE_WITH_UNIT (LENGTH_MEASURE( 1.000000000000000082E-05 ), #1324, 'distance_accuracy_value', 'NONE');
#1647 = DIRECTION ( 'NONE',  ( 0.000000000000000000, -0.000000000000000000, -1.000000000000000000 ) ) ;
#1648 = ORIENTED_EDGE ( 'NONE', *, *, #1992, .F. ) ;
#1649 = CARTESIAN_POINT ( 'NONE',  ( -0.2300000000000000655, 0.2300000000000000100, -0.02000000000000000042 ) ) ;
#1650 = CIRCLE ( 'NONE', #2123, 0.03500000000000001027 ) ;
#1651 = SURFACE_STYLE_FILL_AREA ( #308 ) ;
#1652 = CARTESIAN_POINT ( 'NONE',  ( 0.2300000000000000100, -0.2300000000000000100, 1.303600000000000092 ) ) ;
#1653 = CARTESIAN_POINT ( 'NONE',  ( -0.2000000000000000111, -0.2000000000000000111, -0.2500000000000000000 ) ) ;
#1654 = CARTESIAN_POINT ( 'NONE',  ( -0.2417152084231534992, 0.2157252079544716428, -0.005991776984323856671 ) ) ;
#1655 = AXIS2_PLACEMENT_3D ( 'NONE', #1831, #1293, #857 ) ;
#1656 = SURFACE_STYLE_FILL_AREA ( #116 ) ;
#1657 = AXIS2_PLACEMENT_3D ( 'NONE', #1744, #1212, #21 ) ;
#1658 = AXIS2_PLACEMENT_3D ( 'NONE', #42, #33, #991 ) ;
#1659 = EDGE_CURVE ( 'NONE', #1305, #1512, #2214, .T. ) ;
#1660 = SURFACE_STYLE_FILL_AREA ( #1635 ) ;
#1661 = CIRCLE ( 'NONE', #1269, 0.02000000000000002817 ) ;
#1662 = MECHANICAL_DESIGN_GEOMETRIC_PRESENTATION_REPRESENTATION (  '', ( #245 ), #1897 ) ;
#1663 = MECHANICAL_DESIGN_GEOMETRIC_PRESENTATION_REPRESENTATION (  '', ( #1700 ), #762 ) ;
#1664 = VERTEX_POINT ( 'NONE', #1946 ) ;
#1665 = CARTESIAN_POINT ( 'NONE',  ( -0.2501103551519472945, -0.2382126564361687904, -0.01178734356383132238 ) ) ;
#1666 = ORIENTED_EDGE ( 'NONE', *, *, #1717, .F. ) ;
#1667 = PRESENTATION_STYLE_ASSIGNMENT (( #663 ) ) ;
#1668 = DIRECTION ( 'NONE',  ( 0.000000000000000000, 1.000000000000000000, 0.000000000000000000 ) ) ;
#1669 = COLOUR_RGB ( '',0.7529411764705882248, 0.7529411764705882248, 0.7529411764705882248 ) ;
#1670 = UNCERTAINTY_MEASURE_WITH_UNIT (LENGTH_MEASURE( 1.000000000000000082E-05 ), #1593, 'distance_accuracy_value', 'NONE');
#1671 =( NAMED_UNIT ( * ) PLANE_ANGLE_UNIT ( ) SI_UNIT ( $, .RADIAN. ) );
#1672 = ADVANCED_FACE ( 'NONE', ( #1921 ), #1760, .T. ) ;
#1673 = DIRECTION ( 'NONE',  ( -0.000000000000000000, -1.000000000000000000, -0.000000000000000000 ) ) ;
#1674 = CARTESIAN_POINT ( 'NONE',  ( -0.2369143109499558253, -0.2524884472586551021, -0.01420417601119323969 ) ) ;
#1675 = ORIENTED_EDGE ( 'NONE', *, *, #1628, .F. ) ;
#1676 = SURFACE_STYLE_FILL_AREA ( #946 ) ;
#1677 = SURFACE_STYLE_FILL_AREA ( #2301 ) ;
#1678 = CARTESIAN_POINT ( 'NONE',  ( -0.2418034671099022759, -0.2441421356237310214, -0.9941421356237312157 ) ) ;
#1679 = SURFACE_STYLE_FILL_AREA ( #4 ) ;
#1680 = CARTESIAN_POINT ( 'NONE',  ( -0.2000000000000000111, 0.2349999999999999867, -0.5000000000000000000 ) ) ;
#1681 = SURFACE_SIDE_STYLE ('',( #143 ) ) ;
#1682 = DIRECTION ( 'NONE',  ( 0.000000000000000000, -0.000000000000000000, 1.000000000000000000 ) ) ;
#1683 = DIRECTION ( 'NONE',  ( 1.000000000000000000, -0.000000000000000000, -0.000000000000000000 ) ) ;
#1684 = DIRECTION ( 'NONE',  ( -0.000000000000000000, 1.000000000000000000, -0.000000000000000000 ) ) ;
#1685 = DIRECTION ( 'NONE',  ( 1.000000000000000000, 0.000000000000000000, 0.000000000000000000 ) ) ;
#1686 = EDGE_CURVE ( 'NONE', #1453, #59, #653, .T. ) ;
#1687 = EDGE_LOOP ( 'NONE', ( #83, #1629, #503, #1069 ) ) ;
#1688 =( NAMED_UNIT ( * ) SI_UNIT ( $, .STERADIAN. ) SOLID_ANGLE_UNIT ( ) );
#1689 = SURFACE_STYLE_USAGE ( .BOTH. , #546 ) ;
#1690 = STYLED_ITEM ( 'NONE', ( #910 ), #386 ) ;
#1691 = DIRECTION ( 'NONE',  ( 0.000000000000000000, 1.000000000000000000, -0.000000000000000000 ) ) ;
#1692 =( NAMED_UNIT ( * ) PLANE_ANGLE_UNIT ( ) SI_UNIT ( $, .RADIAN. ) );
#1693 = PRESENTATION_LAYER_ASSIGNMENT (  '', '', ( #529 ) ) ;
#1694 = UNCERTAINTY_MEASURE_WITH_UNIT (LENGTH_MEASURE( 1.000000000000000082E-05 ), #953, 'distance_accuracy_value', 'NONE');
#1695 = FILL_AREA_STYLE ('',( #551 ) ) ;
#1696 = PRESENTATION_LAYER_ASSIGNMENT (  '', '', ( #718 ) ) ;
#1697 = PRESENTATION_LAYER_ASSIGNMENT (  '', '', ( #121 ) ) ;
#1698 = STYLED_ITEM ( 'NONE', ( #2395 ), #1842 ) ;
#1699 = AXIS2_PLACEMENT_3D ( 'NONE', #561, #1341, #2091 ) ;
#1700 = STYLED_ITEM ( 'NONE', ( #2035 ), #2094 ) ;
#1701 = COLOUR_RGB ( '',0.7529411764705882248, 0.7529411764705882248, 0.7529411764705882248 ) ;
#1702 = EDGE_LOOP ( 'NONE', ( #1252, #1416, #1125 ) ) ;
#1703 = DIRECTION ( 'NONE',  ( -1.000000000000000000, 0.000000000000000000, 0.000000000000000000 ) ) ;
#1704 =( NAMED_UNIT ( * ) PLANE_ANGLE_UNIT ( ) SI_UNIT ( $, .RADIAN. ) );
#1705 = EDGE_CURVE ( 'NONE', #2310, #364, #968, .T. ) ;
#1706 =( NAMED_UNIT ( * ) SI_UNIT ( $, .STERADIAN. ) SOLID_ANGLE_UNIT ( ) );
#1707 = DIRECTION ( 'NONE',  ( 0.000000000000000000, 0.000000000000000000, 1.000000000000000000 ) ) ;
#1708 = AXIS2_PLACEMENT_3D ( 'NONE', #913, #372, #1703 ) ;
#1709 = AXIS2_PLACEMENT_3D ( 'NONE', #1587, #2187, #793 ) ;
#1710 = SURFACE_STYLE_FILL_AREA ( #1112 ) ;
#1711 =( NAMED_UNIT ( * ) SI_UNIT ( $, .STERADIAN. ) SOLID_ANGLE_UNIT ( ) );
#1712 = DIRECTION ( 'NONE',  ( -0.000000000000000000, -0.000000000000000000, -1.000000000000000000 ) ) ;
#1713 = ORIENTED_EDGE ( 'NONE', *, *, #339, .F. ) ;
#1714 = SURFACE_SIDE_STYLE ('',( #1917 ) ) ;
#1715 = FILL_AREA_STYLE ('',( #2448 ) ) ;
#1716 = SURFACE_SIDE_STYLE ('',( #2264 ) ) ;
#1717 = EDGE_CURVE ( 'NONE', #1389, #1453, #652, .T. ) ;
#1718 = DIRECTION ( 'NONE',  ( 0.000000000000000000, -0.000000000000000000, 1.000000000000000000 ) ) ;
#1719 = CARTESIAN_POINT ( 'NONE',  ( -0.2000000000000000111, 0.2349999999999999867, -0.7500000000000000000 ) ) ;
#1720 = FILL_AREA_STYLE_COLOUR ( '', #1501 ) ;
#1721 = SURFACE_STYLE_USAGE ( .BOTH. , #179 ) ;
#1722 = FILL_AREA_STYLE_COLOUR ( '', #1988 ) ;
#1723 = ORIENTED_EDGE ( 'NONE', *, *, #2443, .T. ) ;
#1724 = FACE_OUTER_BOUND ( 'NONE', #1920, .T. ) ;
#1725 = DIRECTION ( 'NONE',  ( 0.000000000000000000, 0.000000000000000000, -1.000000000000000000 ) ) ;
#1726 = CARTESIAN_POINT ( 'NONE',  ( 0.2500000000000000000, 0.000000000000000000, -0.7500000000000000000 ) ) ;
#1727 = CARTESIAN_POINT ( 'NONE',  ( 0.2441421356237309659, 0.2300000000000000377, -0.005857864376269082685 ) ) ;
#1728 = ORIENTED_EDGE ( 'NONE', *, *, #735, .T. ) ;
#1729 = VECTOR ( 'NONE', #2134, 1000.000000000000000 ) ;
#1730 = EDGE_LOOP ( 'NONE', ( #266, #1049, #994, #2185, #740 ) ) ;
#1731 = PRODUCT ( '36550402S2N0T', '36550402S2N0T', '', ( #1408 ) ) ;
#1732 = EDGE_CURVE ( 'NONE', #1485, #775, #54, .T. ) ;
#1733 = AXIS2_PLACEMENT_3D ( 'NONE', #1834, #1668, #2239 ) ;
#1734 = FILL_AREA_STYLE_COLOUR ( '', #885 ) ;
#1735 = CARTESIAN_POINT ( 'NONE',  ( -0.2500000000000000000, -0.2300000000000000100, -1.000000000000000000 ) ) ;
#1736 = CARTESIAN_POINT ( 'NONE',  ( 0.2441421356237309659, -0.2441421356237309659, -0.02000000000000005246 ) ) ;
#1737 =( GEOMETRIC_REPRESENTATION_CONTEXT ( 3 ) GLOBAL_UNCERTAINTY_ASSIGNED_CONTEXT ( ( #2266 ) ) GLOBAL_UNIT_ASSIGNED_CONTEXT ( ( #53, #1404, #1255 ) ) REPRESENTATION_CONTEXT ( 'NONE', 'WORKASPACE' ) );
#1738 = MECHANICAL_DESIGN_GEOMETRIC_PRESENTATION_REPRESENTATION (  '', ( #1423 ), #1617 ) ;
#1739 = CARTESIAN_POINT ( 'NONE',  ( 0.2441421356237310214, -0.2441421356237310214, -0.02000000000000000042 ) ) ;
#1740 = SURFACE_STYLE_FILL_AREA ( #2079 ) ;
#1741 = PRESENTATION_LAYER_ASSIGNMENT (  '', '', ( #1461 ) ) ;
#1742 = VECTOR ( 'NONE', #1608, 1000.000000000000000 ) ;
#1743 =( GEOMETRIC_REPRESENTATION_CONTEXT ( 3 ) GLOBAL_UNCERTAINTY_ASSIGNED_CONTEXT ( ( #1478 ) ) GLOBAL_UNIT_ASSIGNED_CONTEXT ( ( #2273, #773, #825 ) ) REPRESENTATION_CONTEXT ( 'NONE', 'WORKASPACE' ) );
#1744 = CARTESIAN_POINT ( 'NONE',  ( 0.2300000000000000100, 0.2300000000000000100, -2.303599999999999870 ) ) ;
#1745 = DIRECTION ( 'NONE',  ( 0.000000000000000000, 1.000000000000000000, 0.000000000000000000 ) ) ;
#1746 = EDGE_LOOP ( 'NONE', ( #379, #1470, #26, #1299 ) ) ;
#1747 = CARTESIAN_POINT ( 'NONE',  ( -0.2300000000000000100, -0.2300000000000000100, -0.9799999999999999822 ) ) ;
#1748 = ORIENTED_EDGE ( 'NONE', *, *, #1207, .F. ) ;
#1749 = AXIS2_PLACEMENT_3D ( 'NONE', #1566, #1032, #646 ) ;
#1750 = DIRECTION ( 'NONE',  ( 0.000000000000000000, -1.000000000000000000, 0.000000000000000000 ) ) ;
#1751 = EDGE_CURVE ( 'NONE', #1497, #438, #1459, .T. ) ;
#1752 = CARTESIAN_POINT ( 'NONE',  ( 0.2300000000000000377, 0.2500000000000000000, -0.02000000000000002470 ) ) ;
#1753 = PRESENTATION_STYLE_ASSIGNMENT (( #1364 ) ) ;
#1754 = ORIENTED_EDGE ( 'NONE', *, *, #1370, .T. ) ;
#1755 = LINE ( 'NONE', #782, #3 ) ;
#1756 = SURFACE_SIDE_STYLE ('',( #2321 ) ) ;
#1757 = CARTESIAN_POINT ( 'NONE',  ( 0.2382126564361687626, 0.2382126564361687626, -1.000110355151947017 ) ) ;
#1758 = FILL_AREA_STYLE_COLOUR ( '', #884 ) ;
#1759 = ORIENTED_EDGE ( 'NONE', *, *, #1356, .F. ) ;
#1760 = CYLINDRICAL_SURFACE ( 'NONE', #241, 0.02000000000000005246 ) ;
#1761 =( LENGTH_UNIT ( ) NAMED_UNIT ( * ) SI_UNIT ( .MILLI., .METRE. ) );
#1762 = ORIENTED_EDGE ( 'NONE', *, *, #64, .F. ) ;
#1763 = CARTESIAN_POINT ( 'NONE',  ( 0.2357958239888068019, -0.2524884472586552131, -0.02000000000000004899 ) ) ;
#1764 = DIRECTION ( 'NONE',  ( 0.000000000000000000, 0.000000000000000000, -1.000000000000000000 ) ) ;
#1765 = EDGE_CURVE ( 'NONE', #31, #810, #204, .T. ) ;
#1766 = CARTESIAN_POINT ( 'NONE',  ( 0.2465426382842449415, 0.2298826745880926392, -1.000110355151947017 ) ) ;
#1767 = SURFACE_STYLE_USAGE ( .BOTH. , #881 ) ;
#1768 = CARTESIAN_POINT ( 'NONE',  ( 0.2441421356237309659, 0.2441421356237309659, -0.9799999999999999822 ) ) ;
#1769 = CARTESIAN_POINT ( 'NONE',  ( 0.2300000000000000377, 0.2500000000000000000, -0.9799999999999999822 ) ) ;
#1770 =( LENGTH_UNIT ( ) NAMED_UNIT ( * ) SI_UNIT ( .MILLI., .METRE. ) );
#1771 = UNCERTAINTY_MEASURE_WITH_UNIT (LENGTH_MEASURE( 1.000000000000000082E-05 ), #1400, 'distance_accuracy_value', 'NONE');
#1772 = VECTOR ( 'NONE', #559, 1000.000000000000000 ) ;
#1773 = CARTESIAN_POINT ( 'NONE',  ( -0.2300000000000000100, -0.2300000000000000655, -0.02000000000000000042 ) ) ;
#1774 = CARTESIAN_POINT ( 'NONE',  ( 0.2349999999999999867, 0.2000000000000000111, -0.2500000000000000000 ) ) ;
#1775 = CARTESIAN_POINT ( 'NONE',  ( 0.2500000000000000000, -0.2500000000000000000, -0.2500000000000000000 ) ) ;
#1776 = STYLED_ITEM ( 'NONE', ( #1632 ), #683 ) ;
#1777 = ORIENTED_EDGE ( 'NONE', *, *, #1794, .T. ) ;
#1778 = CARTESIAN_POINT ( 'NONE',  ( -0.2500000000000000000, 0.000000000000000000, -0.7500000000000000000 ) ) ;
#1779 = DIRECTION ( 'NONE',  ( -0.000000000000000000, -0.000000000000000000, -1.000000000000000000 ) ) ;
#1780 = CIRCLE ( 'NONE', #533, 0.02000000000000002817 ) ;
#1781 = EDGE_CURVE ( 'NONE', #530, #597, #1099, .T. ) ;
#1782 = PRESENTATION_LAYER_ASSIGNMENT (  '', '', ( #2452 ) ) ;
#1783 =( GEOMETRIC_REPRESENTATION_CONTEXT ( 3 ) GLOBAL_UNCERTAINTY_ASSIGNED_CONTEXT ( ( #132 ) ) GLOBAL_UNIT_ASSIGNED_CONTEXT ( ( #2358, #2150, #645 ) ) REPRESENTATION_CONTEXT ( 'NONE', 'WORKASPACE' ) );
#1784 = VERTEX_POINT ( 'NONE', #1785 ) ;
#1785 = CARTESIAN_POINT ( 'NONE',  ( -0.2300000000000000377, 0.2300000000000000377, -1.000000000000000000 ) ) ;
#1786 = SURFACE_STYLE_FILL_AREA ( #627 ) ;
#1787 = DIRECTION ( 'NONE',  ( -0.000000000000000000, -0.000000000000000000, -1.000000000000000000 ) ) ;
#1788 = PRESENTATION_LAYER_ASSIGNMENT (  '', '', ( #1869 ) ) ;
#1789 = ORIENTED_EDGE ( 'NONE', *, *, #1981, .T. ) ;
#1790 = FILL_AREA_STYLE ('',( #41 ) ) ;
#1791 = CARTESIAN_POINT ( 'NONE',  ( 0.2524884472586552131, 0.2300000000000000933, -0.01420417601119321714 ) ) ;
#1792 = CARTESIAN_POINT ( 'NONE',  ( 0.2490312917836772222, 0.2392529794637849316, -0.9918034671099018595 ) ) ;
#1793 = CARTESIAN_POINT ( 'NONE',  ( 0.2298667154850738692, -0.2499991117421790920, -0.9798667154850739802 ) ) ;
#1794 = EDGE_CURVE ( 'NONE', #2355, #2015, #493, .T. ) ;
#1795 = UNCERTAINTY_MEASURE_WITH_UNIT (LENGTH_MEASURE( 1.000000000000000082E-05 ), #481, 'distance_accuracy_value', 'NONE');
#1796 = CARTESIAN_POINT ( 'NONE',  ( 0.2300000000000000100, -0.2500000000000000000, -0.7500000000000000000 ) ) ;
#1797 =( NAMED_UNIT ( * ) SI_UNIT ( $, .STERADIAN. ) SOLID_ANGLE_UNIT ( ) );
#1798 = APPLICATION_PROTOCOL_DEFINITION ( 'draft international standard', 'automotive_design', 1998, #1280 ) ;
#1799 = ORIENTED_EDGE ( 'NONE', *, *, #483, .T. ) ;
#1800 = CARTESIAN_POINT ( 'NONE',  ( -0.2300000000000000100, 0.2300000000000000100, 1.303600000000000092 ) ) ;
#1801 = CARTESIAN_POINT ( 'NONE',  ( 0.2381506188040994343, 0.2499991117421790920, -0.02841718783395166120 ) ) ;
#1802 = FILL_AREA_STYLE_COLOUR ( '', #2383 ) ;
#1803 = CARTESIAN_POINT ( 'NONE',  ( -0.2500000000000000000, 0.2500000000000000000, 0.000000000000000000 ) ) ;
#1804 = SURFACE_SIDE_STYLE ('',( #1281 ) ) ;
#1805 = DIRECTION ( 'NONE',  ( -1.000000000000000000, 0.000000000000000000, 0.000000000000000000 ) ) ;
#1806 = EDGE_LOOP ( 'NONE', ( #1064, #2396, #1956, #2393 ) ) ;
#1807 = CARTESIAN_POINT ( 'NONE',  ( -0.2300000000000000377, 0.2300000000000000655, -0.02000000000000001082 ) ) ;
#1808 = EDGE_CURVE ( 'NONE', #775, #1314, #806, .T. ) ;
#1809 = VERTEX_POINT ( 'NONE', #1391 ) ;
#1810 = VECTOR ( 'NONE', #1410, 1000.000000000000000 ) ;
#1811 = FILL_AREA_STYLE_COLOUR ( '', #803 ) ;
#1812 = COLOUR_RGB ( '',0.7529411764705882248, 0.7529411764705882248, 0.7529411764705882248 ) ;
#1813 = VERTEX_POINT ( 'NONE', #790 ) ;
#1814 = CARTESIAN_POINT ( 'NONE',  ( 0.2157252079544716705, 0.2440082230156762344, -0.9799999999999997602 ) ) ;
#1815 = PRESENTATION_LAYER_ASSIGNMENT (  '', '', ( #402 ) ) ;
#1816 = AXIS2_PLACEMENT_3D ( 'NONE', #331, #1110, #105 ) ;
#1817 = VECTOR ( 'NONE', #341, 1000.000000000000000 ) ;
#1818 = FACE_OUTER_BOUND ( 'NONE', #1361, .T. ) ;
#1819 = VECTOR ( 'NONE', #1805, 1000.000000000000000 ) ;
#1820 = PRESENTATION_LAYER_ASSIGNMENT (  '', '', ( #930 ) ) ;
#1821 = UNCERTAINTY_MEASURE_WITH_UNIT (LENGTH_MEASURE( 1.000000000000000082E-05 ), #1468, 'distance_accuracy_value', 'NONE');
#1822 = DIRECTION ( 'NONE',  ( 1.000000000000000000, 0.000000000000000000, 0.000000000000000000 ) ) ;
#1823 = EDGE_CURVE ( 'NONE', #583, #1813, #1780, .T. ) ;
#1824 = EDGE_LOOP ( 'NONE', ( #2245, #480, #609, #1762 ) ) ;
#1825 = CARTESIAN_POINT ( 'NONE',  ( -0.2299999999999999545, -0.2441421356237310214, -0.005857864376269034980 ) ) ;
#1826 = CARTESIAN_POINT ( 'NONE',  ( 0.2298826745880924727, -0.2501103551519474055, -0.9965426382842448305 ) ) ;
#1827 = ADVANCED_FACE ( 'NONE', ( #263 ), #1216, .F. ) ;
#1828 = ORIENTED_EDGE ( 'NONE', *, *, #2461, .T. ) ;
#1829 = STYLED_ITEM ( 'NONE', ( #1487 ), #2234 ) ;
#1830 = SURFACE_SIDE_STYLE ('',( #1103 ) ) ;
#1831 = CARTESIAN_POINT ( 'NONE',  ( -0.2300000000000000100, 0.2300000000000000100, -0.2500000000000000000 ) ) ;
#1832 = DIRECTION ( 'NONE',  ( -1.000000000000000000, 0.000000000000000000, 0.000000000000000000 ) ) ;
#1833 =( NAMED_UNIT ( * ) PLANE_ANGLE_UNIT ( ) SI_UNIT ( $, .RADIAN. ) );
#1834 = CARTESIAN_POINT ( 'NONE',  ( -0.2300000000000000100, -0.9018000000000000460, -0.02000000000000000042 ) ) ;
#1835 = DIRECTION ( 'NONE',  ( 0.000000000000000000, -0.000000000000000000, 1.000000000000000000 ) ) ;
#1836 = CARTESIAN_POINT ( 'NONE',  ( -0.2499991117421790365, -0.2298667154850738414, -0.9798667154850737582 ) ) ;
#1837 = ORIENTED_EDGE ( 'NONE', *, *, #2402, .T. ) ;
#1838 = SURFACE_SIDE_STYLE ('',( #1080 ) ) ;
#1839 = VERTEX_POINT ( 'NONE', #485 ) ;
#1840 = LINE ( 'NONE', #1434, #1094 ) ;
#1841 = CARTESIAN_POINT ( 'NONE',  ( -0.2300000000000000655, -0.2441421356237310214, -0.9941421356237309936 ) ) ;
#1842 = ADVANCED_FACE ( 'NONE', ( #2421 ), #694, .T. ) ;
#1843 = CARTESIAN_POINT ( 'NONE',  ( 0.2300000000000000377, -0.2500000000000000000, -0.02000000000000002470 ) ) ;
#1844 =( NAMED_UNIT ( * ) PLANE_ANGLE_UNIT ( ) SI_UNIT ( $, .RADIAN. ) );
#1845 = UNCERTAINTY_MEASURE_WITH_UNIT (LENGTH_MEASURE( 1.000000000000000082E-05 ), #1555, 'distance_accuracy_value', 'NONE');
#1846 =( LENGTH_UNIT ( ) NAMED_UNIT ( * ) SI_UNIT ( .MILLI., .METRE. ) );
#1847 = ORIENTED_EDGE ( 'NONE', *, *, #815, .F. ) ;
#1848 = DIRECTION ( 'NONE',  ( -1.000000000000000000, 0.000000000000000000, 0.000000000000000000 ) ) ;
#1849 =( LENGTH_UNIT ( ) NAMED_UNIT ( * ) SI_UNIT ( .MILLI., .METRE. ) );
#1850 = VECTOR ( 'NONE', #2385, 1000.000000000000000 ) ;
#1851 = ORIENTED_EDGE ( 'NONE', *, *, #909, .F. ) ;
#1852 = CARTESIAN_POINT ( 'NONE',  ( 0.2441421356237309659, -0.2441421356237309659, -0.02000000000000000042 ) ) ;
#1853 = FILL_AREA_STYLE_COLOUR ( '', #1066 ) ;
#1854 =( LENGTH_UNIT ( ) NAMED_UNIT ( * ) SI_UNIT ( .MILLI., .METRE. ) );
#1855 = COLOUR_RGB ( '',0.7529411764705882248, 0.7529411764705882248, 0.7529411764705882248 ) ;
#1856 = EDGE_CURVE ( 'NONE', #2300, #494, #1067, .T. ) ;
#1857 = FILL_AREA_STYLE_COLOUR ( '', #1386 ) ;
#1858 = STYLED_ITEM ( 'NONE', ( #2360 ), #661 ) ;
#1859 = FILL_AREA_STYLE_COLOUR ( '', #1376 ) ;
#1860 = PRESENTATION_LAYER_ASSIGNMENT (  '', '', ( #1310 ) ) ;
#1861 = MECHANICAL_DESIGN_GEOMETRIC_PRESENTATION_REPRESENTATION (  '', ( #1896 ), #757 ) ;
#1862 = CIRCLE ( 'NONE', #287, 0.03500000000000001027 ) ;
#1863 = MECHANICAL_DESIGN_GEOMETRIC_PRESENTATION_REPRESENTATION (  '', ( #2452 ), #691 ) ;
#1864 =( GEOMETRIC_REPRESENTATION_CONTEXT ( 3 ) GLOBAL_UNCERTAINTY_ASSIGNED_CONTEXT ( ( #1845 ) ) GLOBAL_UNIT_ASSIGNED_CONTEXT ( ( #1555, #49, #1954 ) ) REPRESENTATION_CONTEXT ( 'NONE', 'WORKASPACE' ) );
#1865 = FILL_AREA_STYLE ('',( #317 ) ) ;
#1866 = VERTEX_POINT ( 'NONE', #2050 ) ;
#1867 = CARTESIAN_POINT ( 'NONE',  ( -0.2500000000000000000, 0.2349999999999999867, -0.7500000000000000000 ) ) ;
#1868 = CARTESIAN_POINT ( 'NONE',  ( -0.2501103551519476276, -0.2465426382842450526, -0.9798826745880924172 ) ) ;
#1869 = STYLED_ITEM ( 'NONE', ( #2138 ), #2203 ) ;
#1870 = CYLINDRICAL_SURFACE ( 'NONE', #413, 0.01999999999999999695 ) ;
#1871 = CARTESIAN_POINT ( 'NONE',  ( -0.2300000000000000377, 0.2357958239888068297, 0.002488447258655113788 ) ) ;
#1872 = FILL_AREA_STYLE ('',( #1108 ) ) ;
#1873 = UNCERTAINTY_MEASURE_WITH_UNIT (LENGTH_MEASURE( 1.000000000000000082E-05 ), #1455, 'distance_accuracy_value', 'NONE');
#1874 = CARTESIAN_POINT ( 'NONE',  ( 0.000000000000000000, -0.2349999999999999867, -0.5000000000000000000 ) ) ;
#1875 = EDGE_CURVE ( 'NONE', #2029, #278, #281, .T. ) ;
#1876 = SURFACE_SIDE_STYLE ('',( #134 ) ) ;
#1877 = CARTESIAN_POINT ( 'NONE',  ( -0.2499991117421790920, -0.2381506188040993788, -0.02841718783395169590 ) ) ;
#1878 = ORIENTED_EDGE ( 'NONE', *, *, #1645, .T. ) ;
#1879 = DIRECTION ( 'NONE',  ( -0.000000000000000000, -1.000000000000000000, -0.000000000000000000 ) ) ;
#1880 = PRESENTATION_STYLE_ASSIGNMENT (( #1476 ) ) ;
#1881 = ADVANCED_FACE ( 'NONE', ( #500 ), #145, .T. ) ;
#1882 =( NAMED_UNIT ( * ) SI_UNIT ( $, .STERADIAN. ) SOLID_ANGLE_UNIT ( ) );
#1883 = DIRECTION ( 'NONE',  ( 0.000000000000000000, 0.000000000000000000, 1.000000000000000000 ) ) ;
#1884 = ORIENTED_EDGE ( 'NONE', *, *, #2156, .T. ) ;
#1885 = CARTESIAN_POINT ( 'NONE',  ( -0.2500000000000000000, 0.2500000000000000000, -0.2500000000000000000 ) ) ;
#1886 = STYLED_ITEM ( 'NONE', ( #1541 ), #48 ) ;
#1887 = PLANE ( 'NONE',  #1060 ) ;
#1888 = CARTESIAN_POINT ( 'NONE',  ( 0.2441421356237310214, 0.2441421356237310214, -0.9799999999999999822 ) ) ;
#1889 = CARTESIAN_POINT ( 'NONE',  ( 0.2300000000000000100, -0.9018000000000000460, -0.9799999999999999822 ) ) ;
#1890 = FILL_AREA_STYLE_COLOUR ( '', #1337 ) ;
#1891 =( GEOMETRIC_REPRESENTATION_CONTEXT ( 3 ) GLOBAL_UNCERTAINTY_ASSIGNED_CONTEXT ( ( #1011 ) ) GLOBAL_UNIT_ASSIGNED_CONTEXT ( ( #1267, #1598, #1065 ) ) REPRESENTATION_CONTEXT ( 'NONE', 'WORKASPACE' ) );
#1892 = UNCERTAINTY_MEASURE_WITH_UNIT (LENGTH_MEASURE( 1.000000000000000082E-05 ), #2282, 'distance_accuracy_value', 'NONE');
#1893 = CARTESIAN_POINT ( 'NONE',  ( -0.2300000000000000100, 0.2500000000000000000, 1.303600000000000092 ) ) ;
#1894 = AXIS2_PLACEMENT_3D ( 'NONE', #2194, #636, #2155 ) ;
#1895 = CIRCLE ( 'NONE', #282, 0.01999999999999999695 ) ;
#1896 = STYLED_ITEM ( 'NONE', ( #1320 ), #1881 ) ;
#1897 =( GEOMETRIC_REPRESENTATION_CONTEXT ( 3 ) GLOBAL_UNCERTAINTY_ASSIGNED_CONTEXT ( ( #1285 ) ) GLOBAL_UNIT_ASSIGNED_CONTEXT ( ( #2317, #2115, #808 ) ) REPRESENTATION_CONTEXT ( 'NONE', 'WORKASPACE' ) );
#1898 = VECTOR ( 'NONE', #346, 1000.000000000000000 ) ;
#1899 = COLOUR_RGB ( '',1.000000000000000000, 1.000000000000000000, 1.000000000000000000 ) ;
#1900 = ADVANCED_FACE ( 'NONE', ( #571 ), #1165, .T. ) ;
#1901 = ORIENTED_EDGE ( 'NONE', *, *, #1823, .F. ) ;
#1902 = DIRECTION ( 'NONE',  ( 1.000000000000000000, -0.000000000000000000, -0.000000000000000000 ) ) ;
#1903 = PRESENTATION_LAYER_ASSIGNMENT (  '', '', ( #1316 ) ) ;
#1904 =( NAMED_UNIT ( * ) SI_UNIT ( $, .STERADIAN. ) SOLID_ANGLE_UNIT ( ) );
#1905 =( BOUNDED_SURFACE ( )  B_SPLINE_SURFACE ( 3, 3, ( 
 ( #1841, #112, #877, #2033 ),
 ( #2413, #2237, #1301, #1678 ),
 ( #323, #1105, #1868, #903 ),
 ( #160, #182, #914, #951 ) ),
 .UNSPECIFIED., .F., .F., .T. ) 
 B_SPLINE_SURFACE_WITH_KNOTS ( ( 4, 4 ),
 ( 4, 4 ),
 ( 0.000000000000000000, 1.000000000000000000 ),
 ( 0.000000000000000000, 1.000000000000000000 ),
 .UNSPECIFIED. ) 
 GEOMETRIC_REPRESENTATION_ITEM ( )  RATIONAL_B_SPLINE_SURFACE ( (
 ( 1.000000000000000000, 0.8047378541243647154, 0.8047378541243647154, 1.000000000000000000),
 ( 0.8025111867385910092, 0.6458111303268110337, 0.6458111303268110337, 0.8025111867385910092),
 ( 0.8025111867385910092, 0.6458111303268110337, 0.6458111303268110337, 0.8025111867385910092),
 ( 1.000000000000000000, 0.8047378541243647154, 0.8047378541243647154, 1.000000000000000000) ) ) 
 REPRESENTATION_ITEM ( '' )  SURFACE ( )  );
#1906 = EDGE_CURVE ( 'NONE', #438, #1481, #2304, .T. ) ;
#1907 = DIRECTION ( 'NONE',  ( 1.000000000000000000, 0.000000000000000000, 0.000000000000000000 ) ) ;
#1908 = PRESENTATION_STYLE_ASSIGNMENT (( #557 ) ) ;
#1909 =( LENGTH_UNIT ( ) NAMED_UNIT ( * ) SI_UNIT ( .MILLI., .METRE. ) );
#1910 = VECTOR ( 'NONE', #1964, 1000.000000000000000 ) ;
#1911 = CARTESIAN_POINT ( 'NONE',  ( 0.2441421356237310214, -0.2441421356237310214, -0.02000000000000000042 ) ) ;
#1912 = FACE_OUTER_BOUND ( 'NONE', #1073, .T. ) ;
#1913 = SURFACE_SIDE_STYLE ('',( #2269 ) ) ;
#1914 = ORIENTED_EDGE ( 'NONE', *, *, #470, .F. ) ;
#1915 = CARTESIAN_POINT ( 'NONE',  ( -0.2500000000000000000, -0.2500000000000000000, 0.000000000000000000 ) ) ;
#1916 = CARTESIAN_POINT ( 'NONE',  ( -0.2300000000000000100, 0.9018000000000000460, -0.9799999999999999822 ) ) ;
#1917 = SURFACE_STYLE_FILL_AREA ( #175 ) ;
#1918 = EDGE_CURVE ( 'NONE', #246, #1096, #2416, .T. ) ;
#1919 = CARTESIAN_POINT ( 'NONE',  ( -0.2300000000000000100, -0.2300000000000000100, -0.7500000000000000000 ) ) ;
#1920 = EDGE_LOOP ( 'NONE', ( #1158, #1837, #1552 ) ) ;
#1921 = FACE_OUTER_BOUND ( 'NONE', #2056, .T. ) ;
#1922 = CARTESIAN_POINT ( 'NONE',  ( -0.2501103551519474055, 0.2298826745880925837, -0.9965426382842448305 ) ) ;
#1923 = PLANE ( 'NONE',  #1980 ) ;
#1924 = CARTESIAN_POINT ( 'NONE',  ( 0.2300000000000000100, 0.2500000000000000000, -0.2499999999999998335 ) ) ;
#1925 = ORIENTED_EDGE ( 'NONE', *, *, #989, .T. ) ;
#1926 = CARTESIAN_POINT ( 'NONE',  ( 0.2392529794637847651, -0.2490312917836772222, -0.008196532890097899329 ) ) ;
#1927 = DIRECTION ( 'NONE',  ( -1.000000000000000000, 4.218847493575594223E-14, 4.218847493575594223E-14 ) ) ;
#1928 = CARTESIAN_POINT ( 'NONE',  ( 0.9018000000000000460, 0.2300000000000000100, 0.000000000000000000 ) ) ;
#1929 = DIRECTION ( 'NONE',  ( 0.000000000000000000, 0.000000000000000000, 1.000000000000000000 ) ) ;
#1930 = STYLED_ITEM ( 'NONE', ( #1154 ), #371 ) ;
#1931 = ORIENTED_EDGE ( 'NONE', *, *, #1732, .T. ) ;
#1932 = AXIS2_PLACEMENT_3D ( 'NONE', #1477, #2016, #314 ) ;
#1933 = DIRECTION ( 'NONE',  ( 1.000000000000000000, -0.000000000000000000, -0.000000000000000000 ) ) ;
#1934 = LINE ( 'NONE', #1775, #2217 ) ;
#1935 = SURFACE_STYLE_USAGE ( .BOTH. , #2309 ) ;
#1936 = VECTOR ( 'NONE', #255, 1000.000000000000000 ) ;
#1937 = ORIENTED_EDGE ( 'NONE', *, *, #2223, .T. ) ;
#1938 = DIRECTION ( 'NONE',  ( 0.000000000000000000, 0.000000000000000000, 1.000000000000000000 ) ) ;
#1939 = DIRECTION ( 'NONE',  ( -1.000000000000000000, 0.000000000000000000, 0.000000000000000000 ) ) ;
#1940 = AXIS2_PLACEMENT_3D ( 'NONE', #388, #378, #1929 ) ;
#1941 =( GEOMETRIC_REPRESENTATION_CONTEXT ( 3 ) GLOBAL_UNCERTAINTY_ASSIGNED_CONTEXT ( ( #2240 ) ) GLOBAL_UNIT_ASSIGNED_CONTEXT ( ( #1204, #261, #71 ) ) REPRESENTATION_CONTEXT ( 'NONE', 'WORKASPACE' ) );
#1942 = CIRCLE ( 'NONE', #2254, 0.02000000000000000042 ) ;
#1943 = CARTESIAN_POINT ( 'NONE',  ( 0.2441421356237310492, 0.2441421356237310492, -0.9799999999999999822 ) ) ;
#1944 =( NAMED_UNIT ( * ) PLANE_ANGLE_UNIT ( ) SI_UNIT ( $, .RADIAN. ) );
#1945 = ORIENTED_EDGE ( 'NONE', *, *, #868, .F. ) ;
#1946 = CARTESIAN_POINT ( 'NONE',  ( -0.2500000000000000000, 0.2300000000000000377, -0.02000000000000002470 ) ) ;
#1947 = CARTESIAN_POINT ( 'NONE',  ( -0.2300000000000000100, 0.2500000000000000000, -0.7500000000000000000 ) ) ;
#1948 = EDGE_CURVE ( 'NONE', #1558, #2468, #945, .T. ) ;
#1949 = ORIENTED_EDGE ( 'NONE', *, *, #455, .T. ) ;
#1950 = CARTESIAN_POINT ( 'NONE',  ( 0.2441421356237309659, -0.2441421356237309659, -0.008196532890097901064 ) ) ;
#1951 =( NAMED_UNIT ( * ) PLANE_ANGLE_UNIT ( ) SI_UNIT ( $, .RADIAN. ) );
#1952 = CARTESIAN_POINT ( 'NONE',  ( 0.2441421356237309104, 0.2441421356237311324, -0.9799999999999998712 ) ) ;
#1953 =( LENGTH_UNIT ( ) NAMED_UNIT ( * ) SI_UNIT ( .MILLI., .METRE. ) );
#1954 =( NAMED_UNIT ( * ) SI_UNIT ( $, .STERADIAN. ) SOLID_ANGLE_UNIT ( ) );
#1955 =( NAMED_UNIT ( * ) PLANE_ANGLE_UNIT ( ) SI_UNIT ( $, .RADIAN. ) );
#1956 = ORIENTED_EDGE ( 'NONE', *, *, #2073, .F. ) ;
#1957 = DIRECTION ( 'NONE',  ( -1.000000000000000000, 0.000000000000000000, 0.000000000000000000 ) ) ;
#1958 = CARTESIAN_POINT ( 'NONE',  ( -0.2300000000000000655, 0.2441421356237309659, -0.9941421356237309936 ) ) ;
#1959 = FILL_AREA_STYLE ('',( #1548 ) ) ;
#1960 = EDGE_CURVE ( 'NONE', #1205, #2015, #1346, .T. ) ;
#1961 = VERTEX_POINT ( 'NONE', #1175 ) ;
#1962 = LINE ( 'NONE', #2148, #1729 ) ;
#1963 = CARTESIAN_POINT ( 'NONE',  ( -0.2000000000000000111, 0.2349999999999999867, -0.2499999999999998890 ) ) ;
#1964 = DIRECTION ( 'NONE',  ( 0.000000000000000000, 1.000000000000000000, -0.000000000000000000 ) ) ;
#1965 =( NAMED_UNIT ( * ) SI_UNIT ( $, .STERADIAN. ) SOLID_ANGLE_UNIT ( ) );
#1966 =( BOUNDED_SURFACE ( )  B_SPLINE_SURFACE ( 3, 3, ( 
 ( #1500, #2404, #2250, #1727 ),
 ( #916, #5, #756, #1542 ),
 ( #2111, #183, #152, #2303 ),
 ( #743, #1371, #2462, #955 ) ),
 .UNSPECIFIED., .F., .F., .T. ) 
 B_SPLINE_SURFACE_WITH_KNOTS ( ( 4, 4 ),
 ( 4, 4 ),
 ( 0.000000000000000000, 1.000000000000000000 ),
 ( 0.000000000000000000, 1.000000000000000000 ),
 .UNSPECIFIED. ) 
 GEOMETRIC_REPRESENTATION_ITEM ( )  RATIONAL_B_SPLINE_SURFACE ( (
 ( 1.000000000000000000, 0.8047378541243649375, 0.8047378541243649375, 1.000000000000000000),
 ( 0.8025111867385934517, 0.6458111303268132541, 0.6458111303268132541, 0.8025111867385934517),
 ( 0.8025111867385934517, 0.6458111303268132541, 0.6458111303268132541, 0.8025111867385934517),
 ( 1.000000000000000000, 0.8047378541243649375, 0.8047378541243649375, 1.000000000000000000) ) ) 
 REPRESENTATION_ITEM ( '' )  SURFACE ( )  );
#1967 = SURFACE_STYLE_USAGE ( .BOTH. , #213 ) ;
#1968 = FACE_OUTER_BOUND ( 'NONE', #149, .T. ) ;
#1969 = ORIENTED_EDGE ( 'NONE', *, *, #157, .F. ) ;
#1970 = UNCERTAINTY_MEASURE_WITH_UNIT (LENGTH_MEASURE( 1.000000000000000082E-05 ), #279, 'distance_accuracy_value', 'NONE');
#1971 = STYLED_ITEM ( 'NONE', ( #700 ), #262 ) ;
#1972 = DIRECTION ( 'NONE',  ( -0.000000000000000000, -1.000000000000000000, -0.000000000000000000 ) ) ;
#1973 = VECTOR ( 'NONE', #2272, 1000.000000000000000 ) ;
#1974 = ORIENTED_EDGE ( 'NONE', *, *, #2432, .T. ) ;
#1975 = CARTESIAN_POINT ( 'NONE',  ( 0.2000000000000000111, -0.2349999999999999867, -0.5000000000000000000 ) ) ;
#1976 = FILL_AREA_STYLE_COLOUR ( '', #163 ) ;
#1977 = CARTESIAN_POINT ( 'NONE',  ( 0.2441421356237309659, 0.2300000000000000100, -0.005857864376269028041 ) ) ;
#1978 = STYLED_ITEM ( 'NONE', ( #214 ), #2039 ) ;
#1979 = CARTESIAN_POINT ( 'NONE',  ( 0.2000000000000000111, -0.2000000000000000111, -2.303599999999999870 ) ) ;
#1980 = AXIS2_PLACEMENT_3D ( 'NONE', #898, #708, #2455 ) ;
#1981 = EDGE_CURVE ( 'NONE', #1389, #2015, #244, .T. ) ;
#1982 = AXIS2_PLACEMENT_3D ( 'NONE', #1653, #2193, #1832 ) ;
#1983 = CARTESIAN_POINT ( 'NONE',  ( 0.2441421356237308826, -0.2418034671099021371, -0.9941421356237308826 ) ) ;
#1984 = EDGE_LOOP ( 'NONE', ( #2345, #1759, #1274 ) ) ;
#1985 = PRESENTATION_STYLE_ASSIGNMENT (( #1995 ) ) ;
#1986 = ORIENTED_EDGE ( 'NONE', *, *, #1611, .F. ) ;
#1987 = DIRECTION ( 'NONE',  ( 0.000000000000000000, 0.000000000000000000, -1.000000000000000000 ) ) ;
#1988 = COLOUR_RGB ( '',1.000000000000000000, 1.000000000000000000, 1.000000000000000000 ) ;
#1989 = FILL_AREA_STYLE ('',( #823 ) ) ;
#1990 = CARTESIAN_POINT ( 'NONE',  ( 0.2441421356237311324, 0.2441421356237311324, -0.9918034671099021926 ) ) ;
#1991 =( NAMED_UNIT ( * ) SI_UNIT ( $, .STERADIAN. ) SOLID_ANGLE_UNIT ( ) );
#1992 = EDGE_CURVE ( 'NONE', #65, #2468, #2051, .T. ) ;
#1993 = CARTESIAN_POINT ( 'NONE',  ( -0.2369143109499559641, 0.2357958239888068297, 0.002488447258655091237 ) ) ;
#1994 = CARTESIAN_POINT ( 'NONE',  ( -0.2000000000000000111, -0.2000000000000000111, -0.7500000000000000000 ) ) ;
#1995 = SURFACE_STYLE_USAGE ( .BOTH. , #1636 ) ;
#1996 = ORIENTED_EDGE ( 'NONE', *, *, #1705, .F. ) ;
#1997 =( NAMED_UNIT ( * ) SI_UNIT ( $, .STERADIAN. ) SOLID_ANGLE_UNIT ( ) );
#1998 = VERTEX_POINT ( 'NONE', #972 ) ;
#1999 = FILL_AREA_STYLE_COLOUR ( '', #1227 ) ;
#2000 = FILL_AREA_STYLE_COLOUR ( '', #1466 ) ;
#2001 = CARTESIAN_POINT ( 'NONE',  ( -0.2300000000000000655, -0.2300000000000000100, -0.02000000000000000042 ) ) ;
#2002 = DIRECTION ( 'NONE',  ( 1.000000000000000000, -0.000000000000000000, -0.000000000000000000 ) ) ;
#2003 =( GEOMETRIC_REPRESENTATION_CONTEXT ( 3 ) GLOBAL_UNCERTAINTY_ASSIGNED_CONTEXT ( ( #254 ) ) GLOBAL_UNIT_ASSIGNED_CONTEXT ( ( #747, #2054, #1882 ) ) REPRESENTATION_CONTEXT ( 'NONE', 'WORKASPACE' ) );
#2004 = EDGE_LOOP ( 'NONE', ( #2128, #1, #1610 ) ) ;
#2005 = PRESENTATION_LAYER_ASSIGNMENT (  '', '', ( #715 ) ) ;
#2006 = CARTESIAN_POINT ( 'NONE',  ( 0.2239924879361568644, -0.2300000000000001488, -1.002432824936180467 ) ) ;
#2007 = AXIS2_PLACEMENT_3D ( 'NONE', #1919, #387, #399 ) ;
#2008 = ORIENTED_EDGE ( 'NONE', *, *, #2071, .F. ) ;
#2009 = DIRECTION ( 'NONE',  ( -1.000000000000000000, 0.000000000000000000, 0.000000000000000000 ) ) ;
#2010 = SURFACE_SIDE_STYLE ('',( #1262 ) ) ;
#2011 = COLOUR_RGB ( '',0.7529411764705882248, 0.7529411764705882248, 0.7529411764705882248 ) ;
#2012 = COLOUR_RGB ( '',0.7529411764705882248, 0.7529411764705882248, 0.7529411764705882248 ) ;
#2013 = AXIS2_PLACEMENT_3D ( 'NONE', #1373, #201, #2085 ) ;
#2014 = CARTESIAN_POINT ( 'NONE',  ( -0.2501103551519474610, 0.2465426382842453024, -0.02011732541190767304 ) ) ;
#2015 = VERTEX_POINT ( 'NONE', #918 ) ;
#2016 = DIRECTION ( 'NONE',  ( -1.000000000000000000, 0.000000000000000000, 0.000000000000000000 ) ) ;
#2017 = UNCERTAINTY_MEASURE_WITH_UNIT (LENGTH_MEASURE( 1.000000000000000082E-05 ), #1318, 'distance_accuracy_value', 'NONE');
#2018 = CARTESIAN_POINT ( 'NONE',  ( -0.2499991117421790365, 0.2298667154850738414, -0.9798667154850737582 ) ) ;
#2019 = PRESENTATION_LAYER_ASSIGNMENT (  '', '', ( #288 ) ) ;
#2020 = DIRECTION ( 'NONE',  ( 0.000000000000000000, 0.000000000000000000, 1.000000000000000000 ) ) ;
#2021 = EDGE_CURVE ( 'NONE', #1998, #2468, #1661, .T. ) ;
#2022 = CARTESIAN_POINT ( 'NONE',  ( -0.2299999999999988165, -0.2157252079544715873, -0.005991776984323884427 ) ) ;
#2023 = CARTESIAN_POINT ( 'NONE',  ( 0.2215828121660483041, -0.2499991117421790365, -0.9881506188040993788 ) ) ;
#2024 = EDGE_LOOP ( 'NONE', ( #299, #1777, #2291 ) ) ;
#2025 = VECTOR ( 'NONE', #1902, 1000.000000000000000 ) ;
#2026 = DIRECTION ( 'NONE',  ( 0.000000000000000000, 0.000000000000000000, -1.000000000000000000 ) ) ;
#2027 = SURFACE_STYLE_USAGE ( .BOTH. , #2010 ) ;
#2028 = STYLED_ITEM ( 'NONE', ( #1550 ), #2353 ) ;
#2029 = VERTEX_POINT ( 'NONE', #1557 ) ;
#2030 = FILL_AREA_STYLE_COLOUR ( '', #92 ) ;
#2031 = LINE ( 'NONE', #119, #1180 ) ;
#2032 = CARTESIAN_POINT ( 'NONE',  ( -0.2500000000000000000, -0.2300000000000000100, -0.5000000000000000000 ) ) ;
#2033 = CARTESIAN_POINT ( 'NONE',  ( -0.2300000000000001765, -0.2441421356237309659, -0.9941421356237309936 ) ) ;
#2034 = PLANE ( 'NONE',  #1540 ) ;
#2035 = PRESENTATION_STYLE_ASSIGNMENT (( #127 ) ) ;
#2036 = SURFACE_SIDE_STYLE ('',( #906 ) ) ;
#2037 = SURFACE_STYLE_USAGE ( .BOTH. , #1135 ) ;
#2038 = PRESENTATION_STYLE_ASSIGNMENT (( #1098 ) ) ;
#2039 = MANIFOLD_SOLID_BREP ( 'Split1[3]', #1040 ) ;
#2040 = AXIS2_PLACEMENT_3D ( 'NONE', #1563, #221, #2319 ) ;
#2041 = EDGE_LOOP ( 'NONE', ( #1754, #394, #751, #1403 ) ) ;
#2042 = CARTESIAN_POINT ( 'NONE',  ( 0.2524328249361805776, -0.2239924879361569476, -0.008219626696128979823 ) ) ;
#2043 = MECHANICAL_DESIGN_GEOMETRIC_PRESENTATION_REPRESENTATION (  '', ( #2171 ), #2129 ) ;
#2044 = DIRECTION ( 'NONE',  ( 0.000000000000000000, 0.000000000000000000, -1.000000000000000000 ) ) ;
#2045 = MECHANICAL_DESIGN_GEOMETRIC_PRESENTATION_REPRESENTATION (  '', ( #121 ), #1185 ) ;
#2046 = EDGE_LOOP ( 'NONE', ( #228, #519, #1277, #2232 ) ) ;
#2047 = EDGE_CURVE ( 'NONE', #775, #192, #431, .T. ) ;
#2048 = SURFACE_STYLE_USAGE ( .BOTH. , #638 ) ;
#2049 = AXIS2_PLACEMENT_3D ( 'NONE', #2001, #1957, #1233 ) ;
#2050 = CARTESIAN_POINT ( 'NONE',  ( -0.2500000000000000000, 0.2300000000000000100, -0.2500000000000000000 ) ) ;
#2051 = CIRCLE ( 'NONE', #2013, 0.02000000000000005246 ) ;
#2052 = STYLED_ITEM ( 'NONE', ( #816 ), #1290 ) ;
#2053 = PRESENTATION_LAYER_ASSIGNMENT (  '', '', ( #2220 ) ) ;
#2054 =( NAMED_UNIT ( * ) PLANE_ANGLE_UNIT ( ) SI_UNIT ( $, .RADIAN. ) );
#2055 = DIRECTION ( 'NONE',  ( -0.000000000000000000, -0.000000000000000000, 1.000000000000000000 ) ) ;
#2056 = EDGE_LOOP ( 'NONE', ( #1949, #1518, #761, #334, #957 ) ) ;
#2057 = DIRECTION ( 'NONE',  ( 0.000000000000000000, -0.000000000000000000, 1.000000000000000000 ) ) ;
#2058 = MANIFOLD_SOLID_BREP ( 'Split1[2]', #644 ) ;
#2059 = CIRCLE ( 'NONE', #1156, 0.01999999999999999695 ) ;
#2060 =( NAMED_UNIT ( * ) PLANE_ANGLE_UNIT ( ) SI_UNIT ( $, .RADIAN. ) );
#2061 = PRODUCT_DEFINITION_FORMATION_WITH_SPECIFIED_SOURCE ( 'ANY', '', #1731, .NOT_KNOWN. ) ;
#2062 = ADVANCED_FACE ( 'NONE', ( #1968 ), #744, .T. ) ;
#2063 = UNCERTAINTY_MEASURE_WITH_UNIT (LENGTH_MEASURE( 1.000000000000000082E-05 ), #186, 'distance_accuracy_value', 'NONE');
#2064 = FACE_OUTER_BOUND ( 'NONE', #2046, .T. ) ;
#2065 = ORIENTED_EDGE ( 'NONE', *, *, #102, .T. ) ;
#2066 = PRESENTATION_STYLE_ASSIGNMENT (( #1689 ) ) ;
#2067 =( LENGTH_UNIT ( ) NAMED_UNIT ( * ) SI_UNIT ( .MILLI., .METRE. ) );
#2068 = DIRECTION ( 'NONE',  ( 1.000000000000000000, 0.000000000000000000, 0.000000000000000000 ) ) ;
#2069 = SURFACE_SIDE_STYLE ('',( #2122 ) ) ;
#2070 = SURFACE_STYLE_USAGE ( .BOTH. , #958 ) ;
#2071 = EDGE_CURVE ( 'NONE', #1485, #1029, #1012, .T. ) ;
#2072 =( LENGTH_UNIT ( ) NAMED_UNIT ( * ) SI_UNIT ( .MILLI., .METRE. ) );
#2073 = EDGE_CURVE ( 'NONE', #1584, #859, #1282, .T. ) ;
#2074 = CARTESIAN_POINT ( 'NONE',  ( -0.2300000000000000100, -0.2300000000000000100, -2.303599999999999870 ) ) ;
#2075 =( NAMED_UNIT ( * ) SI_UNIT ( $, .STERADIAN. ) SOLID_ANGLE_UNIT ( ) );
#2076 = ORIENTED_EDGE ( 'NONE', *, *, #1109, .T. ) ;
#2077 = FACE_OUTER_BOUND ( 'NONE', #384, .T. ) ;
#2078 = STYLED_ITEM ( 'NONE', ( #1880 ), #30 ) ;
#2079 = FILL_AREA_STYLE ('',( #2259 ) ) ;
#2080 = DIRECTION ( 'NONE',  ( 0.000000000000000000, 0.000000000000000000, 1.000000000000000000 ) ) ;
#2081 = LINE ( 'NONE', #1928, #1898 ) ;
#2082 =( NAMED_UNIT ( * ) PLANE_ANGLE_UNIT ( ) SI_UNIT ( $, .RADIAN. ) );
#2083 =( NAMED_UNIT ( * ) PLANE_ANGLE_UNIT ( ) SI_UNIT ( $, .RADIAN. ) );
#2084 =( GEOMETRIC_REPRESENTATION_CONTEXT ( 3 ) GLOBAL_UNCERTAINTY_ASSIGNED_CONTEXT ( ( #515 ) ) GLOBAL_UNIT_ASSIGNED_CONTEXT ( ( #2470, #1704, #1904 ) ) REPRESENTATION_CONTEXT ( 'NONE', 'WORKASPACE' ) );
#2085 = DIRECTION ( 'NONE',  ( -1.355252715606876993E-15, 0.000000000000000000, -1.000000000000000000 ) ) ;
#2086 = COLOUR_RGB ( '',0.7529411764705882248, 0.7529411764705882248, 0.7529411764705882248 ) ;
#2087 = COLOUR_RGB ( '',0.7529411764705882248, 0.7529411764705882248, 0.7529411764705882248 ) ;
#2088 = CARTESIAN_POINT ( 'NONE',  ( 0.2300000000000000100, 0.9018000000000000460, -0.02000000000000000042 ) ) ;
#2089 = AXIS2_PLACEMENT_3D ( 'NONE', #2349, #628, #2158 ) ;
#2090 = PRESENTATION_STYLE_ASSIGNMENT (( #2474 ) ) ;
#2091 = DIRECTION ( 'NONE',  ( -1.000000000000000000, 0.000000000000000000, 0.000000000000000000 ) ) ;
#2092 = STYLED_ITEM ( 'NONE', ( #1230 ), #2062 ) ;
#2093 = MECHANICAL_DESIGN_GEOMETRIC_PRESENTATION_REPRESENTATION (  '', ( #2220 ), #130 ) ;
#2094 = ADVANCED_FACE ( 'NONE', ( #1818 ), #313, .T. ) ;
#2095 = ORIENTED_EDGE ( 'NONE', *, *, #1464, .F. ) ;
#2096 = DIRECTION ( 'NONE',  ( -0.000000000000000000, -0.000000000000000000, 1.000000000000000000 ) ) ;
#2097 = LINE ( 'NONE', #1162, #1054 ) ;
#2098 = PLANE ( 'NONE',  #1573 ) ;
#2099 = AXIS2_PLACEMENT_3D ( 'NONE', #741, #1355, #721 ) ;
#2100 = VECTOR ( 'NONE', #563, 1000.000000000000000 ) ;
#2101 = CARTESIAN_POINT ( 'NONE',  ( 0.2298667154850739525, -0.2298667154850739247, -8.882578210056698512E-07 ) ) ;
#2102 = DIRECTION ( 'NONE',  ( 0.000000000000000000, -5.421010862427522170E-15, 1.000000000000000000 ) ) ;
#2103 = PRESENTATION_STYLE_ASSIGNMENT (( #738 ) ) ;
#2104 = CARTESIAN_POINT ( 'NONE',  ( 0.2300000000000000655, -0.2300000000000000100, -0.9799999999999999822 ) ) ;
#2105 = ORIENTED_EDGE ( 'NONE', *, *, #2021, .F. ) ;
#2106 = SURFACE_STYLE_FILL_AREA ( #555 ) ;
#2107 = CARTESIAN_POINT ( 'NONE',  ( 0.2300000000000000377, -0.2500000000000000000, -0.9799999999999999822 ) ) ;
#2108 = EDGE_CURVE ( 'NONE', #2403, #1866, #1304, .T. ) ;
#2109 = CARTESIAN_POINT ( 'NONE',  ( 0.2300000000000000377, 0.2300000000000000377, 0.000000000000000000 ) ) ;
#2110 =( NAMED_UNIT ( * ) SI_UNIT ( $, .STERADIAN. ) SOLID_ANGLE_UNIT ( ) );
#2111 = CARTESIAN_POINT ( 'NONE',  ( 0.2382126564361687349, 0.2501103551519474055, -0.01178734356383133106 ) ) ;
#2112 = ORIENTED_EDGE ( 'NONE', *, *, #375, .F. ) ;
#2113 = DIRECTION ( 'NONE',  ( 0.000000000000000000, 0.000000000000000000, -1.000000000000000000 ) ) ;
#2114 = CARTESIAN_POINT ( 'NONE',  ( -0.2417803733038712266, 0.2239924879361568921, -1.002432824936180467 ) ) ;
#2115 =( NAMED_UNIT ( * ) PLANE_ANGLE_UNIT ( ) SI_UNIT ( $, .RADIAN. ) );
#2116 = LINE ( 'NONE', #17, #2100 ) ;
#2117 = ORIENTED_EDGE ( 'NONE', *, *, #1751, .F. ) ;
#2118 = LINE ( 'NONE', #395, #1002 ) ;
#2119 = DIRECTION ( 'NONE',  ( 0.000000000000000000, 0.000000000000000000, 1.000000000000000000 ) ) ;
#2120 = SURFACE_STYLE_USAGE ( .BOTH. , #785 ) ;
#2121 = CARTESIAN_POINT ( 'NONE',  ( -0.2349999999999999867, -0.2349999999999999867, -0.2500000000000000000 ) ) ;
#2122 = SURFACE_STYLE_FILL_AREA ( #1163 ) ;
#2123 = AXIS2_PLACEMENT_3D ( 'NONE', #705, #534, #361 ) ;
#2124 = SURFACE_STYLE_USAGE ( .BOTH. , #421 ) ;
#2125 = EDGE_CURVE ( 'NONE', #364, #1035, #2097, .T. ) ;
#2126 = FILL_AREA_STYLE_COLOUR ( '', #569 ) ;
#2127 = CIRCLE ( 'NONE', #648, 0.02000000000000005246 ) ;
#2128 = ORIENTED_EDGE ( 'NONE', *, *, #2368, .T. ) ;
#2129 =( GEOMETRIC_REPRESENTATION_CONTEXT ( 3 ) GLOBAL_UNCERTAINTY_ASSIGNED_CONTEXT ( ( #1795 ) ) GLOBAL_UNIT_ASSIGNED_CONTEXT ( ( #481, #1844, #144 ) ) REPRESENTATION_CONTEXT ( 'NONE', 'WORKASPACE' ) );
#2130 = MECHANICAL_DESIGN_GEOMETRIC_PRESENTATION_REPRESENTATION (  '', ( #2414 ), #1737 ) ;
#2131 = CYLINDRICAL_SURFACE ( 'NONE', #410, 0.02000000000000005246 ) ;
#2132 = AXIS2_PLACEMENT_3D ( 'NONE', #1773, #1429, #995 ) ;
#2133 = EDGE_LOOP ( 'NONE', ( #1425, #2352, #2095, #1644 ) ) ;
#2134 = DIRECTION ( 'NONE',  ( 0.000000000000000000, 1.000000000000000000, 0.000000000000000000 ) ) ;
#2135 =( GEOMETRIC_REPRESENTATION_CONTEXT ( 3 ) GLOBAL_UNCERTAINTY_ASSIGNED_CONTEXT ( ( #330 ) ) GLOBAL_UNIT_ASSIGNED_CONTEXT ( ( #224, #608, #1583 ) ) REPRESENTATION_CONTEXT ( 'NONE', 'WORKASPACE' ) );
#2136 = STYLED_ITEM ( 'NONE', ( #2442 ), #1057 ) ;
#2137 = CARTESIAN_POINT ( 'NONE',  ( -0.2299999999999999822, 0.2441421356237309659, -0.005857864376269043653 ) ) ;
#2138 = PRESENTATION_STYLE_ASSIGNMENT (( #2151 ) ) ;
#2139 = FILL_AREA_STYLE ('',( #2326 ) ) ;
#2140 = ORIENTED_EDGE ( 'NONE', *, *, #2125, .T. ) ;
#2141 = EDGE_CURVE ( 'NONE', #1257, #1512, #2081, .T. ) ;
#2142 = STYLED_ITEM ( 'NONE', ( #2412 ), #2247 ) ;
#2143 = SURFACE_STYLE_FILL_AREA ( #445 ) ;
#2144 = CARTESIAN_POINT ( 'NONE',  ( 0.2300000000000000100, -0.2300000000000000100, -0.2500000000000000000 ) ) ;
#2145 = FACE_OUTER_BOUND ( 'NONE', #1450, .T. ) ;
#2146 = MECHANICAL_DESIGN_GEOMETRIC_PRESENTATION_REPRESENTATION (  '', ( #2028 ), #699 ) ;
#2147 = VERTEX_POINT ( 'NONE', #2274 ) ;
#2148 = CARTESIAN_POINT ( 'NONE',  ( -0.2300000000000000100, -0.9018000000000000460, 0.000000000000000000 ) ) ;
#2149 =( LENGTH_UNIT ( ) NAMED_UNIT ( * ) SI_UNIT ( .MILLI., .METRE. ) );
#2150 =( NAMED_UNIT ( * ) PLANE_ANGLE_UNIT ( ) SI_UNIT ( $, .RADIAN. ) );
#2151 = SURFACE_STYLE_USAGE ( .BOTH. , #1399 ) ;
#2152 = CARTESIAN_POINT ( 'NONE',  ( 0.2382126564361687071, 0.2382126564361687071, -1.000110355151947239 ) ) ;
#2153 = SURFACE_STYLE_USAGE ( .BOTH. , #2166 ) ;
#2154 = VERTEX_POINT ( 'NONE', #1357 ) ;
#2155 = DIRECTION ( 'NONE',  ( -1.000000000000000000, 0.000000000000000000, 0.000000000000000000 ) ) ;
#2156 = EDGE_CURVE ( 'NONE', #859, #464, #932, .T. ) ;
#2157 = SURFACE_SIDE_STYLE ('',( #1786 ) ) ;
#2158 = DIRECTION ( 'NONE',  ( 0.000000000000000000, 0.7071067811865481278, 0.7071067811865467956 ) ) ;
#2159 = ORIENTED_EDGE ( 'NONE', *, *, #1948, .F. ) ;
#2160 = ADVANCED_FACE ( 'NONE', ( #151 ), #1019, .T. ) ;
#2161 = CARTESIAN_POINT ( 'NONE',  ( 0.2441421356237309659, -0.2441421356237309659, -0.02000000000000000042 ) ) ;
#2162 = SURFACE_STYLE_FILL_AREA ( #1199 ) ;
#2163 = CARTESIAN_POINT ( 'NONE',  ( 0.2524884472586552131, 0.2357958239888068575, -0.9799999999999998712 ) ) ;
#2164 = DIRECTION ( 'NONE',  ( 1.000000000000000000, -0.000000000000000000, 0.000000000000000000 ) ) ;
#2165 = CARTESIAN_POINT ( 'NONE',  ( 0.2441421356237309104, -0.2300000000000000655, -0.9941421356237309936 ) ) ;
#2166 = SURFACE_SIDE_STYLE ('',( #2344 ) ) ;
#2167 = VERTEX_POINT ( 'NONE', #2359 ) ;
#2168 = PRESENTATION_LAYER_ASSIGNMENT (  '', '', ( #1886 ) ) ;
#2169 = FILL_AREA_STYLE_COLOUR ( '', #408 ) ;
#2170 =( NAMED_UNIT ( * ) PLANE_ANGLE_UNIT ( ) SI_UNIT ( $, .RADIAN. ) );
#2171 = STYLED_ITEM ( 'NONE', ( #1077 ), #560 ) ;
#2172 = CIRCLE ( 'NONE', #1655, 0.01999999999999999695 ) ;
#2173 = ORIENTED_EDGE ( 'NONE', *, *, #1992, .T. ) ;
#2174 = LINE ( 'NONE', #415, #1609 ) ;
#2175 = CYLINDRICAL_SURFACE ( 'NONE', #2252, 0.01999999999999999695 ) ;
#2176 = STYLED_ITEM ( 'NONE', ( #852 ), #880 ) ;
#2177 = EDGE_CURVE ( 'NONE', #1961, #2387, #211, .T. ) ;
#2178 = SURFACE_SIDE_STYLE ('',( #837 ) ) ;
#2179 = AXIS2_PLACEMENT_3D ( 'NONE', #1348, #8, #736 ) ;
#2180 = SURFACE_STYLE_FILL_AREA ( #1605 ) ;
#2181 = VECTOR ( 'NONE', #1647, 1000.000000000000000 ) ;
#2182 = CARTESIAN_POINT ( 'NONE',  ( 0.2357958239888067464, 0.2524884472586552686, -0.9869143109499556310 ) ) ;
#2183 = PLANE ( 'NONE',  #1387 ) ;
#2184 = CARTESIAN_POINT ( 'NONE',  ( -0.2300000000000000100, 0.2441421356237309659, -0.005857864376269093960 ) ) ;
#2185 = ORIENTED_EDGE ( 'NONE', *, *, #1139, .F. ) ;
#2186 = CARTESIAN_POINT ( 'NONE',  ( -0.2501103551519474055, -0.2298826745880924727, -0.9965426382842448305 ) ) ;
#2187 = DIRECTION ( 'NONE',  ( 0.000000000000000000, 0.000000000000000000, 1.000000000000000000 ) ) ;
#2188 = ORIENTED_EDGE ( 'NONE', *, *, #897, .F. ) ;
#2189 =( NAMED_UNIT ( * ) PLANE_ANGLE_UNIT ( ) SI_UNIT ( $, .RADIAN. ) );
#2190 = ORIENTED_EDGE ( 'NONE', *, *, #375, .T. ) ;
#2191 = DIRECTION ( 'NONE',  ( 0.000000000000000000, 1.000000000000000000, 0.000000000000000000 ) ) ;
#2192 = DIRECTION ( 'NONE',  ( -1.000000000000000000, 0.000000000000000000, -0.000000000000000000 ) ) ;
#2193 = DIRECTION ( 'NONE',  ( 0.000000000000000000, 0.000000000000000000, -1.000000000000000000 ) ) ;
#2194 = CARTESIAN_POINT ( 'NONE',  ( 0.2300000000000000100, -0.2300000000000000100, -0.9800000000000002043 ) ) ;
#2195 = CARTESIAN_POINT ( 'NONE',  ( 0.2500000000000000000, -0.2300000000000000100, -0.7500000000000000000 ) ) ;
#2196 = CARTESIAN_POINT ( 'NONE',  ( -0.2499991117421790088, -0.2215828121660479988, -0.01184938119590023438 ) ) ;
#2197 = CARTESIAN_POINT ( 'NONE',  ( 0.2441421356237309936, -0.2418034671099021371, -0.9941421356237312157 ) ) ;
#2198 = ORIENTED_EDGE ( 'NONE', *, *, #1445, .T. ) ;
#2199 =( NAMED_UNIT ( * ) SI_UNIT ( $, .STERADIAN. ) SOLID_ANGLE_UNIT ( ) );
#2200 = FILL_AREA_STYLE ('',( #1853 ) ) ;
#2201 = CARTESIAN_POINT ( 'NONE',  ( 0.2000000000000000111, 0.2000000000000000111, 1.303600000000000092 ) ) ;
#2202 = FILL_AREA_STYLE ('',( #1857 ) ) ;
#2203 = ADVANCED_FACE ( 'NONE', ( #2342 ), #398, .T. ) ;
#2204 = PRESENTATION_LAYER_ASSIGNMENT (  '', '', ( #2363 ) ) ;
#2205 = CARTESIAN_POINT ( 'NONE',  ( -0.2300000000000001488, -0.2239924879361568644, -1.002432824936180467 ) ) ;
#2206 = COLOUR_RGB ( '',0.7529411764705882248, 0.7529411764705882248, 0.7529411764705882248 ) ;
#2207 = EDGE_LOOP ( 'NONE', ( #1236, #759, #257, #1969 ) ) ;
#2208 = CARTESIAN_POINT ( 'NONE',  ( -0.2418034671099021371, -0.2392529794637845986, -0.0009687082163226585531 ) ) ;
#2209 = AXIS2_PLACEMENT_3D ( 'NONE', #2144, #1560, #2307 ) ;
#2210 = LINE ( 'NONE', #2032, #969 ) ;
#2211 = MECHANICAL_DESIGN_GEOMETRIC_PRESENTATION_REPRESENTATION (  '', ( #487 ), #2084 ) ;
#2212 = EDGE_LOOP ( 'NONE', ( #264, #98, #1901, #729, #1847 ) ) ;
#2213 = DIRECTION ( 'NONE',  ( 0.000000000000000000, 0.000000000000000000, -1.000000000000000000 ) ) ;
#2214 = CIRCLE ( 'NONE', #754, 0.02000000000000000042 ) ;
#2215 = AXIS2_PLACEMENT_3D ( 'NONE', #580, #1927, #195 ) ;
#2216 = PRESENTATION_LAYER_ASSIGNMENT (  '', '', ( #1896 ) ) ;
#2217 = VECTOR ( 'NONE', #820, 1000.000000000000000 ) ;
#2218 = CARTESIAN_POINT ( 'NONE',  ( -0.2500000000000000000, 0.2300000000000000100, -1.000000000000000000 ) ) ;
#2219 = MECHANICAL_DESIGN_GEOMETRIC_PRESENTATION_REPRESENTATION (  '', ( #2092 ), #929 ) ;
#2220 = STYLED_ITEM ( 'NONE', ( #469 ), #1390 ) ;
#2221 = UNCERTAINTY_MEASURE_WITH_UNIT (LENGTH_MEASURE( 1.000000000000000082E-05 ), #1854, 'distance_accuracy_value', 'NONE');
#2222 = CARTESIAN_POINT ( 'NONE',  ( -0.2299999999999999267, 0.2441421356237310769, -0.9941421356237309936 ) ) ;
#2223 = EDGE_CURVE ( 'NONE', #1261, #1314, #459, .T. ) ;
#2224 = CARTESIAN_POINT ( 'NONE',  ( -0.2418034671099021649, -0.2392529794637847096, -0.9990312917836771112 ) ) ;
#2225 =( BOUNDED_SURFACE ( )  B_SPLINE_SURFACE ( 3, 3, ( 
 ( #265, #1289, #1039, #280 ),
 ( #2197, #507, #1248, #120 ),
 ( #135, #1826, #1259, #2006 ),
 ( #688, #2023, #100, #1452 ) ),
 .UNSPECIFIED., .F., .F., .F. ) 
 B_SPLINE_SURFACE_WITH_KNOTS ( ( 4, 4 ),
 ( 4, 4 ),
 ( 0.000000000000000000, 1.000000000000000000 ),
 ( 0.000000000000000000, 1.000000000000000000 ),
 .UNSPECIFIED. ) 
 GEOMETRIC_REPRESENTATION_ITEM ( )  RATIONAL_B_SPLINE_SURFACE ( (
 ( 1.000000000000000000, 0.8047378541243658256, 0.8047378541243658256, 1.000000000000000000),
 ( 0.8025111867385934517, 0.6458111303268139203, 0.6458111303268139203, 0.8025111867385934517),
 ( 0.8025111867385934517, 0.6458111303268139203, 0.6458111303268139203, 0.8025111867385934517),
 ( 1.000000000000000000, 0.8047378541243658256, 0.8047378541243658256, 1.000000000000000000) ) ) 
 REPRESENTATION_ITEM ( '' )  SURFACE ( )  );
#2226 = ORIENTED_EDGE ( 'NONE', *, *, #2422, .T. ) ;
#2227 = FILL_AREA_STYLE ('',( #99 ) ) ;
#2228 = PRESENTATION_LAYER_ASSIGNMENT (  '', '', ( #2142 ) ) ;
#2229 = CARTESIAN_POINT ( 'NONE',  ( -0.2369143109499557420, 0.2524884472586553796, -0.01420417601119337674 ) ) ;
#2230 = CYLINDRICAL_SURFACE ( 'NONE', #1733, 0.02000000000000000042 ) ;
#2231 = CARTESIAN_POINT ( 'NONE',  ( -0.2499991117421790365, 0.2381506188040993788, -0.9715828121660482486 ) ) ;
#2232 = ORIENTED_EDGE ( 'NONE', *, *, #1209, .F. ) ;
#2233 = DIRECTION ( 'NONE',  ( 1.000000000000000000, -1.355252715606880740E-15, 0.000000000000000000 ) ) ;
#2234 = ADVANCED_FACE ( 'NONE', ( #1022 ), #826, .T. ) ;
#2235 = ORIENTED_EDGE ( 'NONE', *, *, #819, .T. ) ;
#2236 = DIRECTION ( 'NONE',  ( 1.000000000000000000, -0.000000000000000000, -0.000000000000000000 ) ) ;
#2237 = CARTESIAN_POINT ( 'NONE',  ( -0.2369143109499560196, -0.2524884472586553241, -0.9857958239888063856 ) ) ;
#2238 = VERTEX_POINT ( 'NONE', #867 ) ;
#2239 = DIRECTION ( 'NONE',  ( 0.000000000000000000, 0.000000000000000000, 1.000000000000000000 ) ) ;
#2240 = UNCERTAINTY_MEASURE_WITH_UNIT (LENGTH_MEASURE( 1.000000000000000082E-05 ), #1204, 'distance_accuracy_value', 'NONE');
#2241 = UNCERTAINTY_MEASURE_WITH_UNIT (LENGTH_MEASURE( 1.000000000000000082E-05 ), #140, 'distance_accuracy_value', 'NONE');
#2242 = SURFACE_STYLE_FILL_AREA ( #1311 ) ;
#2243 = CARTESIAN_POINT ( 'NONE',  ( -0.2299999999999999545, -0.2524328249361805776, -0.02600751206384307318 ) ) ;
#2244 =( GEOMETRIC_REPRESENTATION_CONTEXT ( 3 ) GLOBAL_UNCERTAINTY_ASSIGNED_CONTEXT ( ( #1970 ) ) GLOBAL_UNIT_ASSIGNED_CONTEXT ( ( #279, #2424, #864 ) ) REPRESENTATION_CONTEXT ( 'NONE', 'WORKASPACE' ) );
#2245 = ORIENTED_EDGE ( 'NONE', *, *, #327, .F. ) ;
#2246 = SURFACE_SIDE_STYLE ('',( #268 ) ) ;
#2247 = ADVANCED_FACE ( 'NONE', ( #309 ), #286, .F. ) ;
#2248 = MECHANICAL_DESIGN_GEOMETRIC_PRESENTATION_REPRESENTATION (  '', ( #1263 ), #1502 ) ;
#2249 = CARTESIAN_POINT ( 'NONE',  ( -0.2500000000000000000, 0.2500000000000000000, -0.7500000000000000000 ) ) ;
#2250 = CARTESIAN_POINT ( 'NONE',  ( 0.2441421356237309659, 0.2300000000000000100, -0.005857864376269093960 ) ) ;
#2251 = PRESENTATION_LAYER_ASSIGNMENT (  '', '', ( #358 ) ) ;
#2252 = AXIS2_PLACEMENT_3D ( 'NONE', #1800, #1764, #1939 ) ;
#2253 = SURFACE_STYLE_USAGE ( .BOTH. , #1296 ) ;
#2254 = AXIS2_PLACEMENT_3D ( 'NONE', #104, #1033, #2044 ) ;
#2255 = FILL_AREA_STYLE ('',( #1720 ) ) ;
#2256 = FACE_OUTER_BOUND ( 'NONE', #2041, .T. ) ;
#2257 = DIRECTION ( 'NONE',  ( 0.000000000000000000, -0.7071067811865475727, -0.7071067811865475727 ) ) ;
#2258 = ORIENTED_EDGE ( 'NONE', *, *, #868, .T. ) ;
#2259 = FILL_AREA_STYLE_COLOUR ( '', #1505 ) ;
#2260 = DIRECTION ( 'NONE',  ( -0.000000000000000000, -1.000000000000000000, -0.000000000000000000 ) ) ;
#2261 = EDGE_CURVE ( 'NONE', #192, #2468, #2059, .T. ) ;
#2262 = CARTESIAN_POINT ( 'NONE',  ( 0.000000000000000000, 0.2349999999999999867, -0.2500000000000000000 ) ) ;
#2263 = ORIENTED_EDGE ( 'NONE', *, *, #943, .T. ) ;
#2264 = SURFACE_STYLE_FILL_AREA ( #197 ) ;
#2265 = AXIS2_PLACEMENT_3D ( 'NONE', #1915, #181, #950 ) ;
#2266 = UNCERTAINTY_MEASURE_WITH_UNIT (LENGTH_MEASURE( 1.000000000000000082E-05 ), #53, 'distance_accuracy_value', 'NONE');
#2267 = ADVANCED_FACE ( 'NONE', ( #2376 ), #1292, .F. ) ;
#2268 = DIRECTION ( 'NONE',  ( 0.000000000000000000, 1.000000000000000000, 0.000000000000000000 ) ) ;
#2269 = SURFACE_STYLE_FILL_AREA ( #1494 ) ;
#2270 = ORIENTED_EDGE ( 'NONE', *, *, #220, .F. ) ;
#2271 = CARTESIAN_POINT ( 'NONE',  ( 0.9018000000000000460, 0.2500000000000000000, -0.9799999999999999822 ) ) ;
#2272 = DIRECTION ( 'NONE',  ( 1.000000000000000000, 0.000000000000000000, -0.000000000000000000 ) ) ;
#2273 =( LENGTH_UNIT ( ) NAMED_UNIT ( * ) SI_UNIT ( .MILLI., .METRE. ) );
#2274 = CARTESIAN_POINT ( 'NONE',  ( -0.2300000000000000655, 0.2441421356237309659, -0.9941421356237309936 ) ) ;
#2275 = FILL_AREA_STYLE ('',( #1519 ) ) ;
#2276 = CARTESIAN_POINT ( 'NONE',  ( -0.2500000000000000000, -0.2300000000000000100, -0.5000000000000000000 ) ) ;
#2277 = ADVANCED_FACE ( 'NONE', ( #2077 ), #752, .T. ) ;
#2278 = DIRECTION ( 'NONE',  ( -1.000000000000000000, -0.000000000000000000, -0.000000000000000000 ) ) ;
#2279 =( NAMED_UNIT ( * ) PLANE_ANGLE_UNIT ( ) SI_UNIT ( $, .RADIAN. ) );
#2280 =( NAMED_UNIT ( * ) SI_UNIT ( $, .STERADIAN. ) SOLID_ANGLE_UNIT ( ) );
#2281 = ORIENTED_EDGE ( 'NONE', *, *, #1875, .F. ) ;
#2282 =( LENGTH_UNIT ( ) NAMED_UNIT ( * ) SI_UNIT ( .MILLI., .METRE. ) );
#2283 =( NAMED_UNIT ( * ) SI_UNIT ( $, .STERADIAN. ) SOLID_ANGLE_UNIT ( ) );
#2284 = PRESENTATION_LAYER_ASSIGNMENT (  '', '', ( #1971 ) ) ;
#2285 = DIRECTION ( 'NONE',  ( 1.000000000000000000, 0.000000000000000000, 0.000000000000000000 ) ) ;
#2286 = DIRECTION ( 'NONE',  ( 0.000000000000000000, 1.000000000000000000, 0.000000000000000000 ) ) ;
#2287 = DIRECTION ( 'NONE',  ( 0.000000000000000000, 0.000000000000000000, -1.000000000000000000 ) ) ;
#2288 = AXIS2_PLACEMENT_3D ( 'NONE', #1352, #15, #2102 ) ;
#2289 = MECHANICAL_DESIGN_GEOMETRIC_PRESENTATION_REPRESENTATION (  '', ( #651 ), #1616 ) ;
#2290 = DIRECTION ( 'NONE',  ( 0.000000000000000000, 0.000000000000000000, -1.000000000000000000 ) ) ;
#2291 = ORIENTED_EDGE ( 'NONE', *, *, #1981, .F. ) ;
#2292 =( GEOMETRIC_REPRESENTATION_CONTEXT ( 3 ) GLOBAL_UNCERTAINTY_ASSIGNED_CONTEXT ( ( #537 ) ) GLOBAL_UNIT_ASSIGNED_CONTEXT ( ( #1420, #123, #2199 ) ) REPRESENTATION_CONTEXT ( 'NONE', 'WORKASPACE' ) );
#2293 = AXIS2_PLACEMENT_3D ( 'NONE', #154, #2268, #1718 ) ;
#2294 = CYLINDRICAL_SURFACE ( 'NONE', #1050, 0.02000000000000000042 ) ;
#2295 = AXIS2_PLACEMENT_3D ( 'NONE', #2334, #1179, #767 ) ;
#2296 = EDGE_CURVE ( 'NONE', #2355, #1389, #294, .T. ) ;
#2297 = CARTESIAN_POINT ( 'NONE',  ( 0.2300000000000000100, 0.2300000000000000100, -0.9799999999999999822 ) ) ;
#2298 = PRESENTATION_LAYER_ASSIGNMENT (  '', '', ( #1700 ) ) ;
#2299 = MECHANICAL_DESIGN_GEOMETRIC_PRESENTATION_REPRESENTATION (  '', ( #1234 ), #1864 ) ;
#2300 = VERTEX_POINT ( 'NONE', #2437 ) ;
#2301 = FILL_AREA_STYLE ('',( #1331 ) ) ;
#2302 = DIRECTION ( 'NONE',  ( 0.000000000000000000, 0.000000000000000000, -1.000000000000000000 ) ) ;
#2303 = CARTESIAN_POINT ( 'NONE',  ( 0.2239924879361568921, 0.2300000000000000933, 0.002432824936180529463 ) ) ;
#2304 = LINE ( 'NONE', #1893, #1426 ) ;
#2305 = ORIENTED_EDGE ( 'NONE', *, *, #1193, .F. ) ;
#2306 = CARTESIAN_POINT ( 'NONE',  ( 0.2000000000000000111, 0.2000000000000000111, -0.2500000000000000000 ) ) ;
#2307 = DIRECTION ( 'NONE',  ( -1.000000000000000000, 0.000000000000000000, 0.000000000000000000 ) ) ;
#2308 = SURFACE_SIDE_STYLE ('',( #1561 ) ) ;
#2309 = SURFACE_SIDE_STYLE ('',( #1169 ) ) ;
#2310 = VERTEX_POINT ( 'NONE', #712 ) ;
#2311 = CARTESIAN_POINT ( 'NONE',  ( 0.2357958239888067742, -0.2524884472586552131, -0.01308568905004412614 ) ) ;
#2312 = EDGE_CURVE ( 'NONE', #2300, #1287, #730, .T. ) ;
#2313 = SURFACE_STYLE_FILL_AREA ( #2139 ) ;
#2314 = ORIENTED_EDGE ( 'NONE', *, *, #1808, .F. ) ;
#2315 = SURFACE_SIDE_STYLE ('',( #1559 ) ) ;
#2316 = CARTESIAN_POINT ( 'NONE',  ( -0.2300000000000000655, 0.2441421356237309659, -0.9941421356237309936 ) ) ;
#2317 =( LENGTH_UNIT ( ) NAMED_UNIT ( * ) SI_UNIT ( .MILLI., .METRE. ) );
#2318 = ORIENTED_EDGE ( 'NONE', *, *, #745, .F. ) ;
#2319 = DIRECTION ( 'NONE',  ( 0.7071067811865474617, 0.7071067811865474617, 0.000000000000000000 ) ) ;
#2320 = SURFACE_SIDE_STYLE ('',( #2162 ) ) ;
#2321 = SURFACE_STYLE_FILL_AREA ( #62 ) ;
#2322 = SURFACE_SIDE_STYLE ('',( #2180 ) ) ;
#2323 = ADVANCED_FACE ( 'NONE', ( #343 ), #1159, .T. ) ;
#2324 = SURFACE_STYLE_USAGE ( .BOTH. , #1203 ) ;
#2325 =( GEOMETRIC_REPRESENTATION_CONTEXT ( 3 ) GLOBAL_UNCERTAINTY_ASSIGNED_CONTEXT ( ( #67 ) ) GLOBAL_UNIT_ASSIGNED_CONTEXT ( ( #2397, #472, #1997 ) ) REPRESENTATION_CONTEXT ( 'NONE', 'WORKASPACE' ) );
#2326 = FILL_AREA_STYLE_COLOUR ( '', #1899 ) ;
#2327 = PRESENTATION_STYLE_ASSIGNMENT (( #1595 ) ) ;
#2328 =( GEOMETRIC_REPRESENTATION_CONTEXT ( 3 ) GLOBAL_UNCERTAINTY_ASSIGNED_CONTEXT ( ( #684 ) ) GLOBAL_UNIT_ASSIGNED_CONTEXT ( ( #1014, #128, #1319 ) ) REPRESENTATION_CONTEXT ( 'NONE', 'WORKASPACE' ) );
#2329 = ORIENTED_EDGE ( 'NONE', *, *, #2047, .F. ) ;
#2330 =( BOUNDED_SURFACE ( )  B_SPLINE_SURFACE ( 3, 3, ( 
 ( #2316, #1958, #411, #381 ),
 ( #987, #575, #206, #766 ),
 ( #1167, #2114, #1922, #1547 ),
 ( #586, #226, #596, #391 ) ),
 .UNSPECIFIED., .F., .F., .F. ) 
 B_SPLINE_SURFACE_WITH_KNOTS ( ( 4, 4 ),
 ( 4, 4 ),
 ( 0.000000000000000000, 1.000000000000000000 ),
 ( 0.000000000000000000, 1.000000000000000000 ),
 .UNSPECIFIED. ) 
 GEOMETRIC_REPRESENTATION_ITEM ( )  RATIONAL_B_SPLINE_SURFACE ( (
 ( 1.000000000000000000, 0.8047378541243658256, 0.8047378541243658256, 1.000000000000000000),
 ( 0.8025111867385927855, 0.6458111303268133652, 0.6458111303268133652, 0.8025111867385927855),
 ( 0.8025111867385927855, 0.6458111303268133652, 0.6458111303268133652, 0.8025111867385927855),
 ( 1.000000000000000000, 0.8047378541243658256, 0.8047378541243658256, 1.000000000000000000) ) ) 
 REPRESENTATION_ITEM ( '' )  SURFACE ( )  );
#2331 = VECTOR ( 'NONE', #1879, 1000.000000000000000 ) ;
#2332 = VECTOR ( 'NONE', #205, 1000.000000000000000 ) ;
#2333 = DIRECTION ( 'NONE',  ( 0.000000000000000000, -1.000000000000000000, 0.000000000000000000 ) ) ;
#2334 = CARTESIAN_POINT ( 'NONE',  ( -0.2500000000000000000, -0.2500000000000000000, -1.000000000000000000 ) ) ;
#2335 = MECHANICAL_DESIGN_GEOMETRIC_PRESENTATION_REPRESENTATION (  '', ( #1052 ), #1621 ) ;
#2336 = PRESENTATION_LAYER_ASSIGNMENT (  '', '', ( #2176 ) ) ;
#2337 = ORIENTED_EDGE ( 'NONE', *, *, #607, .T. ) ;
#2338 = CARTESIAN_POINT ( 'NONE',  ( -0.2300000000000000100, -0.2500000000000000000, -0.2499999999999998335 ) ) ;
#2339 = COLOUR_RGB ( '',0.7529411764705882248, 0.7529411764705882248, 0.7529411764705882248 ) ;
#2340 = MECHANICAL_DESIGN_GEOMETRIC_PRESENTATION_REPRESENTATION (  '', ( #288 ), #1783 ) ;
#2341 = FILL_AREA_STYLE_COLOUR ( '', #2454 ) ;
#2342 = FACE_OUTER_BOUND ( 'NONE', #76, .T. ) ;
#2343 = SURFACE_SIDE_STYLE ('',( #47 ) ) ;
#2344 = SURFACE_STYLE_FILL_AREA ( #804 ) ;
#2345 = ORIENTED_EDGE ( 'NONE', *, *, #115, .F. ) ;
#2346 = ADVANCED_FACE ( 'NONE', ( #1724 ), #1134, .T. ) ;
#2347 = COLOUR_RGB ( '',0.7529411764705882248, 0.7529411764705882248, 0.7529411764705882248 ) ;
#2348 = CYLINDRICAL_SURFACE ( 'NONE', #1932, 0.02000000000000000042 ) ;
#2349 = CARTESIAN_POINT ( 'NONE',  ( -0.2300000000000000100, 0.2300000000000000100, -0.02000000000000000042 ) ) ;
#2350 = ORIENTED_EDGE ( 'NONE', *, *, #157, .T. ) ;
#2351 = CARTESIAN_POINT ( 'NONE',  ( 0.2349999999999999867, -0.2000000000000000111, -0.7500000000000000000 ) ) ;
#2352 = ORIENTED_EDGE ( 'NONE', *, *, #2177, .T. ) ;
#2353 = ADVANCED_FACE ( 'NONE', ( #717 ), #2456, .T. ) ;
#2354 = SURFACE_SIDE_STYLE ('',( #988 ) ) ;
#2355 = VERTEX_POINT ( 'NONE', #1736 ) ;
#2356 = LINE ( 'NONE', #1975, #1810 ) ;
#2357 = PRESENTATION_STYLE_ASSIGNMENT (( #643 ) ) ;
#2358 =( LENGTH_UNIT ( ) NAMED_UNIT ( * ) SI_UNIT ( .MILLI., .METRE. ) );
#2359 = CARTESIAN_POINT ( 'NONE',  ( 0.2500000000000000000, -0.2300000000000000100, -0.2500000000000000000 ) ) ;
#2360 = PRESENTATION_STYLE_ASSIGNMENT (( #2324 ) ) ;
#2361 = DIRECTION ( 'NONE',  ( 0.000000000000000000, 0.000000000000000000, 1.000000000000000000 ) ) ;
#2362 = ORIENTED_EDGE ( 'NONE', *, *, #426, .T. ) ;
#2363 = STYLED_ITEM ( 'NONE', ( #915 ), #43 ) ;
#2364 = UNCERTAINTY_MEASURE_WITH_UNIT (LENGTH_MEASURE( 1.000000000000000082E-05 ), #1953, 'distance_accuracy_value', 'NONE');
#2365 = AXIS2_PLACEMENT_3D ( 'NONE', #1483, #1987, #873 ) ;
#2366 = CARTESIAN_POINT ( 'NONE',  ( 0.2349999999999999589, 0.2500000000000000000, -0.7500000000000000000 ) ) ;
#2367 = CIRCLE ( 'NONE', #2007, 0.01999999999999999695 ) ;
#2368 = EDGE_CURVE ( 'NONE', #1287, #583, #2463, .T. ) ;
#2369 =( GEOMETRIC_REPRESENTATION_CONTEXT ( 3 ) GLOBAL_UNCERTAINTY_ASSIGNED_CONTEXT ( ( #805 ) ) GLOBAL_UNIT_ASSIGNED_CONTEXT ( ( #301, #1075, #671 ) ) REPRESENTATION_CONTEXT ( 'NONE', 'WORKASPACE' ) );
#2370 = EDGE_LOOP ( 'NONE', ( #354, #681, #1637 ) ) ;
#2371 = SURFACE_SIDE_STYLE ('',( #505 ) ) ;
#2372 = SURFACE_STYLE_FILL_AREA ( #1989 ) ;
#2373 = STYLED_ITEM ( 'NONE', ( #2038 ), #928 ) ;
#2374 = SURFACE_STYLE_USAGE ( .BOTH. , #2178 ) ;
#2375 = PRESENTATION_LAYER_ASSIGNMENT (  '', '', ( #1978 ) ) ;
#2376 = FACE_OUTER_BOUND ( 'NONE', #1191, .T. ) ;
#2377 = PRESENTATION_LAYER_ASSIGNMENT (  '', '', ( #2052 ) ) ;
#2378 = CIRCLE ( 'NONE', #1513, 0.02000000000000002817 ) ;
#2379 = CARTESIAN_POINT ( 'NONE',  ( -0.2417152084231531384, 0.2440082230156764287, -0.03427479204552871805 ) ) ;
#2380 = ORIENTED_EDGE ( 'NONE', *, *, #504, .T. ) ;
#2381 = DIRECTION ( 'NONE',  ( -1.000000000000000000, 3.214095656289827553E-14, -3.214095656289827553E-14 ) ) ;
#2382 = CARTESIAN_POINT ( 'NONE',  ( -0.2300000000000000100, -0.2441421356237309659, -0.9941421356237309936 ) ) ;
#2383 = COLOUR_RGB ( '',1.000000000000000000, 1.000000000000000000, 1.000000000000000000 ) ;
#2384 = ORIENTED_EDGE ( 'NONE', *, *, #298, .F. ) ;
#2385 = DIRECTION ( 'NONE',  ( -1.000000000000000000, -0.000000000000000000, -0.000000000000000000 ) ) ;
#2386 =( NAMED_UNIT ( * ) SI_UNIT ( $, .STERADIAN. ) SOLID_ANGLE_UNIT ( ) );
#2387 = VERTEX_POINT ( 'NONE', #576 ) ;
#2388 =( NAMED_UNIT ( * ) PLANE_ANGLE_UNIT ( ) SI_UNIT ( $, .RADIAN. ) );
#2389 = SURFACE_SIDE_STYLE ('',( #892 ) ) ;
#2390 = EDGE_CURVE ( 'NONE', #2154, #775, #1549, .T. ) ;
#2391 = CARTESIAN_POINT ( 'NONE',  ( -0.2499991117421790920, 0.2298667154850738970, -0.02013328451492608223 ) ) ;
#2392 = CARTESIAN_POINT ( 'NONE',  ( -0.2499991117421790365, 0.2298667154850738970, -0.02013328451492616897 ) ) ;
#2393 = ORIENTED_EDGE ( 'NONE', *, *, #1160, .F. ) ;
#2394 = UNCERTAINTY_MEASURE_WITH_UNIT (LENGTH_MEASURE( 1.000000000000000082E-05 ), #2475, 'distance_accuracy_value', 'NONE');
#2395 = PRESENTATION_STYLE_ASSIGNMENT (( #2253 ) ) ;
#2396 = ORIENTED_EDGE ( 'NONE', *, *, #1084, .T. ) ;
#2397 =( LENGTH_UNIT ( ) NAMED_UNIT ( * ) SI_UNIT ( .MILLI., .METRE. ) );
#2398 =( NAMED_UNIT ( * ) SI_UNIT ( $, .STERADIAN. ) SOLID_ANGLE_UNIT ( ) );
#2399 = ORIENTED_EDGE ( 'NONE', *, *, #488, .F. ) ;
#2400 = SURFACE_STYLE_USAGE ( .BOTH. , #2246 ) ;
#2401 = CARTESIAN_POINT ( 'NONE',  ( -0.2299999999999993439, 0.2524328249361805776, -0.02600751206384308012 ) ) ;
#2402 = EDGE_CURVE ( 'NONE', #59, #31, #1479, .T. ) ;
#2403 = VERTEX_POINT ( 'NONE', #728 ) ;
#2404 = CARTESIAN_POINT ( 'NONE',  ( 0.2441421356237309659, 0.2300000000000000100, -0.005857864376269057531 ) ) ;
#2405 = DIRECTION ( 'NONE',  ( -0.000000000000000000, -0.000000000000000000, -1.000000000000000000 ) ) ;
#2406 = ORIENTED_EDGE ( 'NONE', *, *, #16, .T. ) ;
#2407 = DIRECTION ( 'NONE',  ( 0.000000000000000000, 0.000000000000000000, 1.000000000000000000 ) ) ;
#2408 = CIRCLE ( 'NONE', #920, 0.02000000000000005246 ) ;
#2409 = CIRCLE ( 'NONE', #2215, 0.02000000000000001776 ) ;
#2410 = VERTEX_POINT ( 'NONE', #1924 ) ;
#2411 = SURFACE_STYLE_USAGE ( .BOTH. , #475 ) ;
#2412 = PRESENTATION_STYLE_ASSIGNMENT (( #1640 ) ) ;
#2413 = CARTESIAN_POINT ( 'NONE',  ( -0.2300000000000000655, -0.2524884472586553796, -0.9857958239888066077 ) ) ;
#2414 = STYLED_ITEM ( 'NONE', ( #1377 ), #1672 ) ;
#2415 = VECTOR ( 'NONE', #874, 1000.000000000000000 ) ;
#2416 = CIRCLE ( 'NONE', #2179, 0.03500000000000001027 ) ;
#2417 =( GEOMETRIC_REPRESENTATION_CONTEXT ( 3 ) GLOBAL_UNCERTAINTY_ASSIGNED_CONTEXT ( ( #1090 ) ) GLOBAL_UNIT_ASSIGNED_CONTEXT ( ( #1761, #2170, #1218 ) ) REPRESENTATION_CONTEXT ( 'NONE', 'WORKASPACE' ) );
#2418 = CARTESIAN_POINT ( 'NONE',  ( -0.2417803733038708380, 0.2524328249361808552, -0.02600751206384335767 ) ) ;
#2419 =( NAMED_UNIT ( * ) SI_UNIT ( $, .STERADIAN. ) SOLID_ANGLE_UNIT ( ) );
#2420 = UNCERTAINTY_MEASURE_WITH_UNIT (LENGTH_MEASURE( 1.000000000000000082E-05 ), #126, 'distance_accuracy_value', 'NONE');
#2421 = FACE_OUTER_BOUND ( 'NONE', #1016, .T. ) ;
#2422 = EDGE_CURVE ( 'NONE', #438, #449, #2116, .T. ) ;
#2423 = ORIENTED_EDGE ( 'NONE', *, *, #311, .F. ) ;
#2424 =( NAMED_UNIT ( * ) PLANE_ANGLE_UNIT ( ) SI_UNIT ( $, .RADIAN. ) );
#2425 =( GEOMETRIC_REPRESENTATION_CONTEXT ( 3 ) GLOBAL_UNCERTAINTY_ASSIGNED_CONTEXT ( ( #1694 ) ) GLOBAL_UNIT_ASSIGNED_CONTEXT ( ( #953, #755, #2110 ) ) REPRESENTATION_CONTEXT ( 'NONE', 'WORKASPACE' ) );
#2426 = EDGE_LOOP ( 'NONE', ( #2337, #665, #491, #1925, #1101 ) ) ;
#2427 = FILL_AREA_STYLE_COLOUR ( '', #980 ) ;
#2428 = DIRECTION ( 'NONE',  ( 0.000000000000000000, 0.7071067811865474617, -0.7071067811865474617 ) ) ;
#2429 = PLANE ( 'NONE',  #1528 ) ;
#2430 = CARTESIAN_POINT ( 'NONE',  ( 0.2300000000000000100, 0.2500000000000000000, -2.303599999999999870 ) ) ;
#2431 = CARTESIAN_POINT ( 'NONE',  ( -0.2417803733038711433, 0.2524328249361805776, -0.9739924879361568921 ) ) ;
#2432 = EDGE_CURVE ( 'NONE', #187, #2403, #1438, .T. ) ;
#2433 = DIRECTION ( 'NONE',  ( 0.000000000000000000, 0.000000000000000000, 1.000000000000000000 ) ) ;
#2434 = CARTESIAN_POINT ( 'NONE',  ( -0.2350000000000000144, 0.2000000000000000111, -0.7500000000000000000 ) ) ;
#2435 = CARTESIAN_POINT ( 'NONE',  ( -0.2501103551519473500, -0.2465426382842449970, -0.02011732541190751344 ) ) ;
#2436 = ORIENTED_EDGE ( 'NONE', *, *, #102, .F. ) ;
#2437 = CARTESIAN_POINT ( 'NONE',  ( -0.2300000000000000377, 0.2500000000000000000, -0.9799999999999999822 ) ) ;
#2438 = FILL_AREA_STYLE ('',( #1472 ) ) ;
#2439 = PRESENTATION_STYLE_ASSIGNMENT (( #2459 ) ) ;
#2440 = UNCERTAINTY_MEASURE_WITH_UNIT (LENGTH_MEASURE( 1.000000000000000082E-05 ), #91, 'distance_accuracy_value', 'NONE');
#2441 = PLANE ( 'NONE',  #796 ) ;
#2442 = PRESENTATION_STYLE_ASSIGNMENT (( #1721 ) ) ;
#2443 = EDGE_CURVE ( 'NONE', #2015, #810, #2467, .T. ) ;
#2444 = AXIS2_PLACEMENT_3D ( 'NONE', #1589, #1367, #1220 ) ;
#2445 = EDGE_LOOP ( 'NONE', ( #2305, #1523, #689, #9 ) ) ;
#2446 = DIRECTION ( 'NONE',  ( 0.000000000000000000, 0.000000000000000000, 1.000000000000000000 ) ) ;
#2447 = STYLED_ITEM ( 'NONE', ( #690 ), #1582 ) ;
#2448 = FILL_AREA_STYLE_COLOUR ( '', #613 ) ;
#2449 =( GEOMETRIC_REPRESENTATION_CONTEXT ( 3 ) GLOBAL_UNCERTAINTY_ASSIGNED_CONTEXT ( ( #1428 ) ) GLOBAL_UNIT_ASSIGNED_CONTEXT ( ( #926, #722, #2283 ) ) REPRESENTATION_CONTEXT ( 'NONE', 'WORKASPACE' ) );
#2450 = VECTOR ( 'NONE', #1673, 1000.000000000000000 ) ;
#2451 =( NAMED_UNIT ( * ) PLANE_ANGLE_UNIT ( ) SI_UNIT ( $, .RADIAN. ) );
#2452 = STYLED_ITEM ( 'NONE', ( #2327 ), #2058 ) ;
#2453 = VECTOR ( 'NONE', #2361, 1000.000000000000000 ) ;
#2454 = COLOUR_RGB ( '',0.7529411764705882248, 0.7529411764705882248, 0.7529411764705882248 ) ;
#2455 = DIRECTION ( 'NONE',  ( 0.000000000000000000, 0.000000000000000000, -1.000000000000000000 ) ) ;
#2456 = CYLINDRICAL_SURFACE ( 'NONE', #544, 0.03500000000000001027 ) ;
#2457 = CYLINDRICAL_SURFACE ( 'NONE', #1340, 0.02000000000000005246 ) ;
#2458 =( GEOMETRIC_REPRESENTATION_CONTEXT ( 3 ) GLOBAL_UNCERTAINTY_ASSIGNED_CONTEXT ( ( #1892 ) ) GLOBAL_UNIT_ASSIGNED_CONTEXT ( ( #2282, #1323, #1688 ) ) REPRESENTATION_CONTEXT ( 'NONE', 'WORKASPACE' ) );
#2459 = SURFACE_STYLE_USAGE ( .BOTH. , #931 ) ;
#2460 = FACE_OUTER_BOUND ( 'NONE', #2024, .T. ) ;
#2461 = EDGE_CURVE ( 'NONE', #1839, #187, #156, .T. ) ;
#2462 = CARTESIAN_POINT ( 'NONE',  ( 0.2157252079544715873, 0.2417152084231534992, -0.005991776984323913050 ) ) ;
#2463 = CIRCLE ( 'NONE', #216, 0.01999999999999999695 ) ;
#2464 = UNCERTAINTY_MEASURE_WITH_UNIT (LENGTH_MEASURE( 1.000000000000000082E-05 ), #542, 'distance_accuracy_value', 'NONE');
#2465 =( NAMED_UNIT ( * ) PLANE_ANGLE_UNIT ( ) SI_UNIT ( $, .RADIAN. ) );
#2466 = CARTESIAN_POINT ( 'NONE',  ( -0.2500000000000000000, 0.2300000000000000100, -0.5000000000000000000 ) ) ;
#2467 = LINE ( 'NONE', #739, #1397 ) ;
#2468 = VERTEX_POINT ( 'NONE', #1509 ) ;
#2469 =( NAMED_UNIT ( * ) SI_UNIT ( $, .STERADIAN. ) SOLID_ANGLE_UNIT ( ) );
#2470 =( LENGTH_UNIT ( ) NAMED_UNIT ( * ) SI_UNIT ( .MILLI., .METRE. ) );
#2471 =( BOUNDED_SURFACE ( )  B_SPLINE_SURFACE ( 3, 3, ( 
 ( #1412, #1424, #827, #2165 ),
 ( #443, #1229, #36, #1983 ),
 ( #788, #1372, #1568, #252 ),
 ( #1388, #993, #1023, #1793 ) ),
 .UNSPECIFIED., .F., .F., .T. ) 
 B_SPLINE_SURFACE_WITH_KNOTS ( ( 4, 4 ),
 ( 4, 4 ),
 ( 0.000000000000000000, 1.000000000000000000 ),
 ( 0.000000000000000000, 1.000000000000000000 ),
 .UNSPECIFIED. ) 
 GEOMETRIC_REPRESENTATION_ITEM ( )  RATIONAL_B_SPLINE_SURFACE ( (
 ( 1.000000000000000000, 0.8047378541243653816, 0.8047378541243653816, 1.000000000000000000),
 ( 0.8025111867385927855, 0.6458111303268130321, 0.6458111303268130321, 0.8025111867385927855),
 ( 0.8025111867385927855, 0.6458111303268130321, 0.6458111303268130321, 0.8025111867385927855),
 ( 1.000000000000000000, 0.8047378541243653816, 0.8047378541243653816, 1.000000000000000000) ) ) 
 REPRESENTATION_ITEM ( '' )  SURFACE ( )  );
#2472 = FACE_OUTER_BOUND ( 'NONE', #2212, .T. ) ;
#2473 =( NAMED_UNIT ( * ) PLANE_ANGLE_UNIT ( ) SI_UNIT ( $, .RADIAN. ) );
#2474 = SURFACE_STYLE_USAGE ( .BOTH. , #367 ) ;
#2475 =( LENGTH_UNIT ( ) NAMED_UNIT ( * ) SI_UNIT ( .MILLI., .METRE. ) );
ENDSEC;
END-ISO-10303-21;
