ISO-10303-21;
HEADER;
FILE_DESCRIPTION (( 'STEP AP214' ),
    '1' );
FILE_NAME ('SMCJ51A.STEP',
    '2023-03-31T06:28:42',
    ( '' ),
    ( '' ),
    'SwSTEP 2.0',
    'SolidWorks 2019',
    '' );
FILE_SCHEMA (( 'AUTOMOTIVE_DESIGN' ));
ENDSEC;

DATA;
#1 =( GEOMETRIC_REPRESENTATION_CONTEXT ( 3 ) GLOBAL_UNCERTAINTY_ASSIGNED_CONTEXT ( ( #2076 ) ) GLOBAL_UNIT_ASSIGNED_CONTEXT ( ( #1580, #1165, #1381 ) ) REPRESENTATION_CONTEXT ( 'NONE', 'WORKASPACE' ) );
#2 = CARTESIAN_POINT ( 'NONE',  ( -3.560000000000000053, -0.5049999999999995604, 1.600000000000000089 ) ) ;
#3 = CLOSED_SHELL ( 'NONE', ( #1706, #2059, #1665, #2312, #1440, #1351, #2606, #2391, #149, #2014, #70, #31, #66, #266 ) ) ;
#4 =( GEOMETRIC_REPRESENTATION_CONTEXT ( 3 ) GLOBAL_UNCERTAINTY_ASSIGNED_CONTEXT ( ( #988 ) ) GLOBAL_UNIT_ASSIGNED_CONTEXT ( ( #758, #2396, #2338 ) ) REPRESENTATION_CONTEXT ( 'NONE', 'WORKASPACE' ) );
#5 = DIRECTION ( 'NONE',  ( -0.000000000000000000, 1.000000000000000000, -0.000000000000000000 ) ) ;
#6 = FILL_AREA_STYLE_COLOUR ( '', #1852 ) ;
#7 = VERTEX_POINT ( 'NONE', #1510 ) ;
#8 = AXIS2_PLACEMENT_3D ( 'NONE', #2335, #2141, #2562 ) ;
#9 = DIRECTION ( 'NONE',  ( 0.000000000000000000, 0.000000000000000000, -1.000000000000000000 ) ) ;
#10 =( LENGTH_UNIT ( ) NAMED_UNIT ( * ) SI_UNIT ( .MILLI., .METRE. ) );
#11 = CARTESIAN_POINT ( 'NONE',  ( -2.949269950128920570, 1.208500000000000130, 3.004269950128920286 ) ) ;
#12 = PRESENTATION_STYLE_ASSIGNMENT (( #36 ) ) ;
#13 =( NAMED_UNIT ( * ) PLANE_ANGLE_UNIT ( ) SI_UNIT ( $, .RADIAN. ) );
#14 = EDGE_LOOP ( 'NONE', ( #1411, #2395, #2238, #544 ) ) ;
#15 = EDGE_CURVE ( 'NONE', #1434, #787, #670, .T. ) ;
#16 = ADVANCED_FACE ( 'NONE', ( #400 ), #190, .F. ) ;
#17 = DIRECTION ( 'NONE',  ( -2.802585719021566778E-15, 1.000000000000000000, 0.000000000000000000 ) ) ;
#18 = VERTEX_POINT ( 'NONE', #136 ) ;
#19 =( NAMED_UNIT ( * ) SI_UNIT ( $, .STERADIAN. ) SOLID_ANGLE_UNIT ( ) );
#20 = FACE_OUTER_BOUND ( 'NONE', #1013, .T. ) ;
#21 = CARTESIAN_POINT ( 'NONE',  ( 3.864999999999999769, -1.211499999999997801, 1.600000000000000089 ) ) ;
#22 = CARTESIAN_POINT ( 'NONE',  ( 1.949269950128920792, -1.008499999999999952, -3.109999999999999876 ) ) ;
#23 = VERTEX_POINT ( 'NONE', #508 ) ;
#24 = PRESENTATION_STYLE_ASSIGNMENT (( #671 ) ) ;
#25 = CARTESIAN_POINT ( 'NONE',  ( 0.000000000000000000, 0.000000000000000000, 0.000000000000000000 ) ) ;
#26 = LINE ( 'NONE', #1709, #963 ) ;
#27 = ORIENTED_EDGE ( 'NONE', *, *, #2276, .T. ) ;
#28 = MECHANICAL_DESIGN_GEOMETRIC_PRESENTATION_REPRESENTATION (  '', ( #1929 ), #1844 ) ;
#29 = SURFACE_SIDE_STYLE ('',( #272 ) ) ;
#30 = AXIS2_PLACEMENT_3D ( 'NONE', #909, #1100, #1669 ) ;
#31 = ADVANCED_FACE ( 'NONE', ( #2573 ), #1352, .F. ) ;
#32 = FILL_AREA_STYLE_COLOUR ( '', #1806 ) ;
#33 = ORIENTED_EDGE ( 'NONE', *, *, #1231, .F. ) ;
#34 = CARTESIAN_POINT ( 'NONE',  ( -4.065000000000001279, -9.956378477067986399E-16, -1.600000000000000089 ) ) ;
#35 = FILL_AREA_STYLE_COLOUR ( '', #2409 ) ;
#36 = SURFACE_STYLE_USAGE ( .BOTH. , #1883 ) ;
#37 = VECTOR ( 'NONE', #2347, 1000.000000000000000 ) ;
#38 = EDGE_CURVE ( 'NONE', #1285, #675, #976, .T. ) ;
#39 = CIRCLE ( 'NONE', #2669, 0.2000000000000000944 ) ;
#40 =( GEOMETRIC_REPRESENTATION_CONTEXT ( 3 ) GLOBAL_UNCERTAINTY_ASSIGNED_CONTEXT ( ( #325 ) ) GLOBAL_UNIT_ASSIGNED_CONTEXT ( ( #2080, #463, #1061 ) ) REPRESENTATION_CONTEXT ( 'NONE', 'WORKASPACE' ) );
#41 = ORIENTED_EDGE ( 'NONE', *, *, #2616, .T. ) ;
#42 = PLANE ( 'NONE',  #2661 ) ;
#43 = FILL_AREA_STYLE_COLOUR ( '', #2167 ) ;
#44 = ORIENTED_EDGE ( 'NONE', *, *, #139, .T. ) ;
#45 = ORIENTED_EDGE ( 'NONE', *, *, #2144, .F. ) ;
#46 = STYLED_ITEM ( 'NONE', ( #538 ), #66 ) ;
#47 = FACE_OUTER_BOUND ( 'NONE', #1398, .T. ) ;
#48 = CARTESIAN_POINT ( 'NONE',  ( 3.560000000000000053, -0.3049999999999999933, -1.600000000000000089 ) ) ;
#49 = FILL_AREA_STYLE_COLOUR ( '', #1884 ) ;
#50 = CARTESIAN_POINT ( 'NONE',  ( 3.555000000000000604, 0.000000000000000000, 1.600000000000000089 ) ) ;
#51 = VECTOR ( 'NONE', #1750, 1000.000000000000000 ) ;
#52 = VERTEX_POINT ( 'NONE', #1341 ) ;
#53 = MECHANICAL_DESIGN_GEOMETRIC_PRESENTATION_REPRESENTATION (  '', ( #1951 ), #1481 ) ;
#54 = DIRECTION ( 'NONE',  ( 0.000000000000000000, -0.000000000000000000, -1.000000000000000000 ) ) ;
#55 =( NAMED_UNIT ( * ) PLANE_ANGLE_UNIT ( ) SI_UNIT ( $, .RADIAN. ) );
#56 = EDGE_CURVE ( 'NONE', #157, #2199, #1565, .T. ) ;
#57 = EDGE_CURVE ( 'NONE', #1729, #627, #522, .T. ) ;
#58 = ORIENTED_EDGE ( 'NONE', *, *, #1740, .F. ) ;
#59 = DIRECTION ( 'NONE',  ( 0.000000000000000000, 0.000000000000000000, 1.000000000000000000 ) ) ;
#60 = SURFACE_STYLE_FILL_AREA ( #271 ) ;
#61 = LINE ( 'NONE', #2376, #619 ) ;
#62 = SURFACE_STYLE_FILL_AREA ( #223 ) ;
#63 = CARTESIAN_POINT ( 'NONE',  ( -2.849269950128920925, 1.158500000000000307, -3.004269950128920286 ) ) ;
#64 = ORIENTED_EDGE ( 'NONE', *, *, #2538, .F. ) ;
#65 = CARTESIAN_POINT ( 'NONE',  ( -3.555000000000000604, 4.336808689942017736E-16, -1.600000000000000089 ) ) ;
#66 = ADVANCED_FACE ( 'NONE', ( #706 ), #1772, .T. ) ;
#67 = FILL_AREA_STYLE ('',( #944 ) ) ;
#68 = ORIENTED_EDGE ( 'NONE', *, *, #1182, .T. ) ;
#69 = LINE ( 'NONE', #2079, #823 ) ;
#70 = ADVANCED_FACE ( 'NONE', ( #333 ), #1181, .F. ) ;
#71 = SURFACE_SIDE_STYLE ('',( #2370 ) ) ;
#72 = CARTESIAN_POINT ( 'NONE',  ( 3.555000000000000604, -0.3049999999999999933, -1.600000000000000089 ) ) ;
#73 = FILL_AREA_STYLE_COLOUR ( '', #1480 ) ;
#74 = CARTESIAN_POINT ( 'NONE',  ( -2.899269950128920748, 1.158500000000000307, -3.004269950128920286 ) ) ;
#75 = CARTESIAN_POINT ( 'NONE',  ( -3.864999999999999769, -1.411499999999998867, 1.600000000000000089 ) ) ;
#76 = ORIENTED_EDGE ( 'NONE', *, *, #1522, .F. ) ;
#77 = DIRECTION ( 'NONE',  ( -1.000000000000000000, -2.802585719021566778E-15, 0.000000000000000000 ) ) ;
#78 = VERTEX_POINT ( 'NONE', #1785 ) ;
#79 =( LENGTH_UNIT ( ) NAMED_UNIT ( * ) SI_UNIT ( .MILLI., .METRE. ) );
#80 = STYLED_ITEM ( 'NONE', ( #1625 ), #1774 ) ;
#81 = AXIS2_PLACEMENT_3D ( 'NONE', #2584, #2599, #2188 ) ;
#82 = SURFACE_STYLE_USAGE ( .BOTH. , #1886 ) ;
#83 = VECTOR ( 'NONE', #1815, 1000.000000000000000 ) ;
#84 = PRESENTATION_LAYER_ASSIGNMENT (  '', '', ( #831 ) ) ;
#85 = LINE ( 'NONE', #107, #2097 ) ;
#86 = PRESENTATION_STYLE_ASSIGNMENT (( #2399 ) ) ;
#87 = CARTESIAN_POINT ( 'NONE',  ( 3.555000000000000604, 0.000000000000000000, 3.109999999999999876 ) ) ;
#88 = CARTESIAN_POINT ( 'NONE',  ( -3.555000000000000604, 4.336808689942017736E-16, -1.600000000000000089 ) ) ;
#89 = DIRECTION ( 'NONE',  ( -1.000000000000000000, 1.761828530288943916E-15, 0.000000000000000000 ) ) ;
#90 = ORIENTED_EDGE ( 'NONE', *, *, #1314, .F. ) ;
#91 = CARTESIAN_POINT ( 'NONE',  ( -2.899269950128920303, 1.208500000000000130, 3.004269950128920286 ) ) ;
#92 = VECTOR ( 'NONE', #2122, 1000.000000000000000 ) ;
#93 = SURFACE_SIDE_STYLE ('',( #1754 ) ) ;
#94 = FILL_AREA_STYLE ('',( #934 ) ) ;
#95 = FILL_AREA_STYLE ('',( #1379 ) ) ;
#96 = VERTEX_POINT ( 'NONE', #1251 ) ;
#97 = DIRECTION ( 'NONE',  ( 7.217741351365436993E-17, 0.000000000000000000, 1.000000000000000000 ) ) ;
#98 =( NAMED_UNIT ( * ) PLANE_ANGLE_UNIT ( ) SI_UNIT ( $, .RADIAN. ) );
#99 = FILL_AREA_STYLE_COLOUR ( '', #1471 ) ;
#100 = DIRECTION ( 'NONE',  ( -0.000000000000000000, 1.000000000000000000, -0.000000000000000000 ) ) ;
#101 =( NAMED_UNIT ( * ) PLANE_ANGLE_UNIT ( ) SI_UNIT ( $, .RADIAN. ) );
#102 = ORIENTED_EDGE ( 'NONE', *, *, #1230, .T. ) ;
#103 = DIRECTION ( 'NONE',  ( -0.000000000000000000, 1.000000000000000000, -0.000000000000000000 ) ) ;
#104 = CARTESIAN_POINT ( 'NONE',  ( -3.865000000000001101, -4.351207039024862014E-16, -1.600000000000000089 ) ) ;
#105 = SURFACE_SIDE_STYLE ('',( #1930 ) ) ;
#106 = DIRECTION ( 'NONE',  ( 0.000000000000000000, 1.000000000000000000, 0.000000000000000000 ) ) ;
#107 = CARTESIAN_POINT ( 'NONE',  ( 3.760000000000000675, 1.874214169935979774E-16, -1.600000000000000089 ) ) ;
#108 = CARTESIAN_POINT ( 'NONE',  ( 1.949269950128920792, -1.008499999999999952, 3.021767682834104907 ) ) ;
#109 = ORIENTED_EDGE ( 'NONE', *, *, #199, .T. ) ;
#110 = UNCERTAINTY_MEASURE_WITH_UNIT (LENGTH_MEASURE( 1.000000000000000082E-05 ), #2450, 'distance_accuracy_value', 'NONE');
#111 = DIRECTION ( 'NONE',  ( 0.000000000000000000, -0.9961946980917455452, -0.08715574274765836016 ) ) ;
#112 = EDGE_LOOP ( 'NONE', ( #950, #624, #1007, #2607 ) ) ;
#113 = ADVANCED_FACE ( 'NONE', ( #807 ), #1616, .F. ) ;
#114 = FILL_AREA_STYLE_COLOUR ( '', #353 ) ;
#115 = COLOUR_RGB ( '',0.6666666666666666297, 0.6980392156862744724, 0.7686274509803920907 ) ;
#116 = SURFACE_STYLE_USAGE ( .BOTH. , #362 ) ;
#117 = CARTESIAN_POINT ( 'NONE',  ( 3.555000000000000604, -0.3049999999999999933, -1.600000000000000089 ) ) ;
#118 = VECTOR ( 'NONE', #617, 1000.000000000000000 ) ;
#119 =( NAMED_UNIT ( * ) PLANE_ANGLE_UNIT ( ) SI_UNIT ( $, .RADIAN. ) );
#120 =( NAMED_UNIT ( * ) SI_UNIT ( $, .STERADIAN. ) SOLID_ANGLE_UNIT ( ) );
#121 = VECTOR ( 'NONE', #973, 1000.000000000000000 ) ;
#122 = EDGE_CURVE ( 'NONE', #2443, #445, #593, .T. ) ;
#123 = VECTOR ( 'NONE', #630, 1000.000000000000000 ) ;
#124 = DIRECTION ( 'NONE',  ( 7.217741351365436993E-17, 0.000000000000000000, 1.000000000000000000 ) ) ;
#125 = COLOUR_RGB ( '',0.2980392156862745057, 0.2980392156862745057, 0.2980392156862745057 ) ;
#126 = EDGE_LOOP ( 'NONE', ( #2293, #1114, #1463, #587, #345, #318, #344, #1700 ) ) ;
#127 = PRESENTATION_LAYER_ASSIGNMENT (  '', '', ( #2160 ) ) ;
#128 = VECTOR ( 'NONE', #1827, 1000.000000000000000 ) ;
#129 = ORIENTED_EDGE ( 'NONE', *, *, #649, .F. ) ;
#130 = ORIENTED_EDGE ( 'NONE', *, *, #2099, .F. ) ;
#131 = AXIS2_PLACEMENT_3D ( 'NONE', #731, #1975, #585 ) ;
#132 = DIRECTION ( 'NONE',  ( -1.000000000000000000, -0.000000000000000000, -0.000000000000000000 ) ) ;
#133 = CARTESIAN_POINT ( 'NONE',  ( 0.000000000000000000, -1.208500000000000130, -3.004269950128920286 ) ) ;
#134 = DIRECTION ( 'NONE',  ( 0.000000000000000000, 1.000000000000000000, 0.000000000000000000 ) ) ;
#135 =( GEOMETRIC_REPRESENTATION_CONTEXT ( 3 ) GLOBAL_UNCERTAINTY_ASSIGNED_CONTEXT ( ( #1604 ) ) GLOBAL_UNIT_ASSIGNED_CONTEXT ( ( #1972, #119, #1577 ) ) REPRESENTATION_CONTEXT ( 'NONE', 'WORKASPACE' ) );
#136 = CARTESIAN_POINT ( 'NONE',  ( -2.849269950128920481, 1.208500000000000130, 3.004269950128920286 ) ) ;
#137 = CARTESIAN_POINT ( 'NONE',  ( 4.065000000000000391, -1.106499999999997819, 1.600000000000000089 ) ) ;
#138 = EDGE_CURVE ( 'NONE', #2274, #589, #796, .T. ) ;
#139 = EDGE_CURVE ( 'NONE', #2510, #182, #1016, .T. ) ;
#140 = CARTESIAN_POINT ( 'NONE',  ( -2.899269950128920748, 1.158500000000000307, -3.004269950128920286 ) ) ;
#141 = DIRECTION ( 'NONE',  ( -1.000000000000000000, 0.000000000000000000, -0.000000000000000000 ) ) ;
#142 = ORIENTED_EDGE ( 'NONE', *, *, #1708, .F. ) ;
#143 = DIRECTION ( 'NONE',  ( -1.000000000000000000, -2.802585719021566778E-15, 0.000000000000000000 ) ) ;
#144 = VERTEX_POINT ( 'NONE', #186 ) ;
#145 = DIRECTION ( 'NONE',  ( 1.000000000000000000, 0.000000000000000000, 0.000000000000000000 ) ) ;
#146 = LINE ( 'NONE', #738, #466 ) ;
#147 = EDGE_LOOP ( 'NONE', ( #555, #490, #1633, #2485 ) ) ;
#148 = FILL_AREA_STYLE_COLOUR ( '', #607 ) ;
#149 = ADVANCED_FACE ( 'NONE', ( #2263 ), #1589, .F. ) ;
#150 = DIRECTION ( 'NONE',  ( 7.217741351365436993E-17, 0.000000000000000000, 1.000000000000000000 ) ) ;
#151 = DIRECTION ( 'NONE',  ( 0.000000000000000000, -0.08715574274765836016, -0.9961946980917455452 ) ) ;
#152 = ORIENTED_EDGE ( 'NONE', *, *, #406, .T. ) ;
#153 = ORIENTED_EDGE ( 'NONE', *, *, #2387, .F. ) ;
#154 = EDGE_CURVE ( 'NONE', #1769, #591, #1861, .T. ) ;
#155 = FILL_AREA_STYLE ('',( #832 ) ) ;
#156 = SURFACE_SIDE_STYLE ('',( #1820 ) ) ;
#157 = VERTEX_POINT ( 'NONE', #669 ) ;
#158 = LINE ( 'NONE', #1859, #1222 ) ;
#159 = UNCERTAINTY_MEASURE_WITH_UNIT (LENGTH_MEASURE( 1.000000000000000082E-05 ), #251, 'distance_accuracy_value', 'NONE');
#160 = FACE_OUTER_BOUND ( 'NONE', #2514, .T. ) ;
#161 = CIRCLE ( 'NONE', #776, 0.2000000000000000944 ) ;
#162 = VECTOR ( 'NONE', #2181, 1000.000000000000000 ) ;
#163 = SURFACE_SIDE_STYLE ('',( #1826 ) ) ;
#164 = EDGE_CURVE ( 'NONE', #1285, #765, #2108, .T. ) ;
#165 = DIRECTION ( 'NONE',  ( 1.000000000000000000, 0.000000000000000000, -0.000000000000000000 ) ) ;
#166 = ORIENTED_EDGE ( 'NONE', *, *, #997, .T. ) ;
#167 = VECTOR ( 'NONE', #378, 1000.000000000000000 ) ;
#168 = PLANE ( 'NONE',  #81 ) ;
#169 = VERTEX_POINT ( 'NONE', #849 ) ;
#170 = VECTOR ( 'NONE', #719, 1000.000000000000000 ) ;
#171 = FACE_OUTER_BOUND ( 'NONE', #2553, .T. ) ;
#172 = PRESENTATION_STYLE_ASSIGNMENT (( #404 ) ) ;
#173 = ORIENTED_EDGE ( 'NONE', *, *, #15, .T. ) ;
#174 = CARTESIAN_POINT ( 'NONE',  ( 4.065000000000000391, -1.211499999999998023, -1.600000000000000089 ) ) ;
#175 = DIRECTION ( 'NONE',  ( -0.9961946980917455452, -0.08715574274765836016, 1.389165859665095666E-16 ) ) ;
#176 =( LENGTH_UNIT ( ) NAMED_UNIT ( * ) SI_UNIT ( .MILLI., .METRE. ) );
#177 = MECHANICAL_DESIGN_GEOMETRIC_PRESENTATION_REPRESENTATION (  '', ( #2337 ), #2548 ) ;
#178 = EDGE_CURVE ( 'NONE', #1956, #2597, #653, .T. ) ;
#179 = CARTESIAN_POINT ( 'NONE',  ( -3.555000000000001048, 0.000000000000000000, -3.109999999999999876 ) ) ;
#180 = VERTEX_POINT ( 'NONE', #631 ) ;
#181 = STYLED_ITEM ( 'NONE', ( #242 ), #869 ) ;
#182 = VERTEX_POINT ( 'NONE', #1493 ) ;
#183 = SURFACE_SIDE_STYLE ('',( #1573 ) ) ;
#184 = ORIENTED_EDGE ( 'NONE', *, *, #1197, .F. ) ;
#185 = CARTESIAN_POINT ( 'NONE',  ( -2.545000000000000817, -1.411499999999998867, -1.600000000000000089 ) ) ;
#186 = CARTESIAN_POINT ( 'NONE',  ( -2.949269950128920570, 1.208500000000000130, 3.004269950128920286 ) ) ;
#187 = UNCERTAINTY_MEASURE_WITH_UNIT (LENGTH_MEASURE( 1.000000000000000082E-05 ), #2429, 'distance_accuracy_value', 'NONE');
#188 = CARTESIAN_POINT ( 'NONE',  ( -2.545000000000000817, -1.106499999999998929, -1.600000000000000089 ) ) ;
#189 = DIRECTION ( 'NONE',  ( -1.000000000000000000, -2.853163611803962722E-16, 0.000000000000000000 ) ) ;
#190 = PLANE ( 'NONE',  #300 ) ;
#191 = DIRECTION ( 'NONE',  ( -1.000000000000000000, -2.857868316027699036E-16, -2.500310795023469574E-17 ) ) ;
#192 = ORIENTED_EDGE ( 'NONE', *, *, #299, .F. ) ;
#193 = PRESENTATION_STYLE_ASSIGNMENT (( #205 ) ) ;
#194 = ORIENTED_EDGE ( 'NONE', *, *, #1043, .T. ) ;
#195 =( LENGTH_UNIT ( ) NAMED_UNIT ( * ) SI_UNIT ( .MILLI., .METRE. ) );
#196 = ORIENTED_EDGE ( 'NONE', *, *, #1328, .T. ) ;
#197 = CARTESIAN_POINT ( 'NONE',  ( 3.560000000000000053, -1.106499999999998041, -1.600000000000000089 ) ) ;
#198 = CARTESIAN_POINT ( 'NONE',  ( 3.555000000000000604, 0.000000000000000000, -1.600000000000000089 ) ) ;
#199 = EDGE_CURVE ( 'NONE', #1611, #2056, #856, .T. ) ;
#200 = VECTOR ( 'NONE', #2262, 1000.000000000000000 ) ;
#201 = COLOUR_RGB ( '',0.4980392156862745168, 0.4980392156862745168, 0.4980392156862745168 ) ;
#202 = CARTESIAN_POINT ( 'NONE',  ( -2.799269950128920659, 1.158500000000000307, 3.004269950128920286 ) ) ;
#203 = ORIENTED_EDGE ( 'NONE', *, *, #427, .F. ) ;
#204 = AXIS2_PLACEMENT_3D ( 'NONE', #2431, #788, #1763 ) ;
#205 = SURFACE_STYLE_USAGE ( .BOTH. , #2057 ) ;
#206 = DIRECTION ( 'NONE',  ( -1.443548270273087399E-16, -0.000000000000000000, -1.000000000000000000 ) ) ;
#207 =( GEOMETRIC_REPRESENTATION_CONTEXT ( 3 ) GLOBAL_UNCERTAINTY_ASSIGNED_CONTEXT ( ( #2201 ) ) GLOBAL_UNIT_ASSIGNED_CONTEXT ( ( #1741, #98, #553 ) ) REPRESENTATION_CONTEXT ( 'NONE', 'WORKASPACE' ) );
#208 = VECTOR ( 'NONE', #586, 1000.000000000000000 ) ;
#209 =( NAMED_UNIT ( * ) SI_UNIT ( $, .STERADIAN. ) SOLID_ANGLE_UNIT ( ) );
#210 = STYLED_ITEM ( 'NONE', ( #2412 ), #2606 ) ;
#211 = DIRECTION ( 'NONE',  ( -6.144964491593376307E-16, -1.000000000000000000, 0.000000000000000000 ) ) ;
#212 = CARTESIAN_POINT ( 'NONE',  ( 3.554999999999999272, 0.000000000000000000, -3.109999999999999876 ) ) ;
#213 = UNCERTAINTY_MEASURE_WITH_UNIT (LENGTH_MEASURE( 1.000000000000000082E-05 ), #390, 'distance_accuracy_value', 'NONE');
#214 = CLOSED_SHELL ( 'NONE', ( #552, #845, #1547, #2596, #1453, #575, #1774, #2641, #216, #869, #1173, #1407, #1898, #610 ) ) ;
#215 =( GEOMETRIC_REPRESENTATION_CONTEXT ( 3 ) GLOBAL_UNCERTAINTY_ASSIGNED_CONTEXT ( ( #2613 ) ) GLOBAL_UNIT_ASSIGNED_CONTEXT ( ( #580, #1428, #2025 ) ) REPRESENTATION_CONTEXT ( 'NONE', 'WORKASPACE' ) );
#216 = ADVANCED_FACE ( 'NONE', ( #686 ), #2320, .F. ) ;
#217 = DIRECTION ( 'NONE',  ( -0.000000000000000000, 0.9961946980917455452, 0.08715574274765836016 ) ) ;
#218 = DIRECTION ( 'NONE',  ( -1.000000000000000000, -2.853163611803962229E-16, 0.000000000000000000 ) ) ;
#219 = EDGE_LOOP ( 'NONE', ( #1079, #2240, #2015, #1395 ) ) ;
#220 = VECTOR ( 'NONE', #870, 1000.000000000000000 ) ;
#221 = EDGE_CURVE ( 'NONE', #2497, #2631, #476, .T. ) ;
#222 = STYLED_ITEM ( 'NONE', ( #277 ), #610 ) ;
#223 = FILL_AREA_STYLE ('',( #1879 ) ) ;
#224 = CYLINDRICAL_SURFACE ( 'NONE', #1360, 0.2000000000000000944 ) ;
#225 = FILL_AREA_STYLE ('',( #638 ) ) ;
#226 = EDGE_CURVE ( 'NONE', #2543, #2056, #1284, .T. ) ;
#227 = DIRECTION ( 'NONE',  ( -0.000000000000000000, -0.000000000000000000, 1.000000000000000000 ) ) ;
#228 =( NAMED_UNIT ( * ) PLANE_ANGLE_UNIT ( ) SI_UNIT ( $, .RADIAN. ) );
#229 = ORIENTED_EDGE ( 'NONE', *, *, #1149, .F. ) ;
#230 = EDGE_CURVE ( 'NONE', #911, #2543, #2270, .T. ) ;
#231 = CARTESIAN_POINT ( 'NONE',  ( -3.760000000000000675, -8.082164307132006625E-16, 1.600000000000000089 ) ) ;
#232 = ORIENTED_EDGE ( 'NONE', *, *, #2276, .F. ) ;
#233 = DIRECTION ( 'NONE',  ( 6.144964491593376307E-16, -1.000000000000000000, 0.000000000000000000 ) ) ;
#234 = FILL_AREA_STYLE_COLOUR ( '', #735 ) ;
#235 = ORIENTED_EDGE ( 'NONE', *, *, #1675, .T. ) ;
#236 = CARTESIAN_POINT ( 'NONE',  ( 3.466767682834106079, -1.008499999999999952, -3.109999999999999876 ) ) ;
#237 =( NAMED_UNIT ( * ) PLANE_ANGLE_UNIT ( ) SI_UNIT ( $, .RADIAN. ) );
#238 =( NAMED_UNIT ( * ) SI_UNIT ( $, .STERADIAN. ) SOLID_ANGLE_UNIT ( ) );
#239 = EDGE_LOOP ( 'NONE', ( #102, #1121, #2138, #129 ) ) ;
#240 = VERTEX_POINT ( 'NONE', #1258 ) ;
#241 = AXIS2_PLACEMENT_3D ( 'NONE', #1783, #2362, #2405 ) ;
#242 = PRESENTATION_STYLE_ASSIGNMENT (( #1460 ) ) ;
#243 = CARTESIAN_POINT ( 'NONE',  ( -2.849269950128920481, 1.208500000000000130, 3.004269950128920286 ) ) ;
#244 = DIRECTION ( 'NONE',  ( -0.000000000000000000, 1.000000000000000000, -0.000000000000000000 ) ) ;
#245 = DIRECTION ( 'NONE',  ( 0.000000000000000000, 0.000000000000000000, 1.000000000000000000 ) ) ;
#246 = VERTEX_POINT ( 'NONE', #212 ) ;
#247 = EDGE_CURVE ( 'NONE', #23, #1267, #1687, .T. ) ;
#248 = VECTOR ( 'NONE', #1248, 1000.000000000000000 ) ;
#249 =( NAMED_UNIT ( * ) SI_UNIT ( $, .STERADIAN. ) SOLID_ANGLE_UNIT ( ) );
#250 =( NAMED_UNIT ( * ) SI_UNIT ( $, .STERADIAN. ) SOLID_ANGLE_UNIT ( ) );
#251 =( LENGTH_UNIT ( ) NAMED_UNIT ( * ) SI_UNIT ( .MILLI., .METRE. ) );
#252 = MECHANICAL_DESIGN_GEOMETRIC_PRESENTATION_REPRESENTATION (  '', ( #1223 ), #912 ) ;
#253 =( GEOMETRIC_REPRESENTATION_CONTEXT ( 3 ) GLOBAL_UNCERTAINTY_ASSIGNED_CONTEXT ( ( #2598 ) ) GLOBAL_UNIT_ASSIGNED_CONTEXT ( ( #1920, #1514, #238 ) ) REPRESENTATION_CONTEXT ( 'NONE', 'WORKASPACE' ) );
#254 = VECTOR ( 'NONE', #1553, 1000.000000000000000 ) ;
#255 = SURFACE_STYLE_FILL_AREA ( #2112 ) ;
#256 = LINE ( 'NONE', #1527, #2322 ) ;
#257 = LINE ( 'NONE', #2474, #1641 ) ;
#258 = LINE ( 'NONE', #72, #478 ) ;
#259 = PRESENTATION_LAYER_ASSIGNMENT (  '', '', ( #1442 ) ) ;
#260 = LINE ( 'NONE', #1099, #51 ) ;
#261 = LINE ( 'NONE', #2569, #2200 ) ;
#262 = ORIENTED_EDGE ( 'NONE', *, *, #1822, .T. ) ;
#263 = MECHANICAL_DESIGN_GEOMETRIC_PRESENTATION_REPRESENTATION (  '', ( #2594 ), #2504 ) ;
#264 = FILL_AREA_STYLE ('',( #2278 ) ) ;
#265 = LINE ( 'NONE', #2351, #1593 ) ;
#266 = ADVANCED_FACE ( 'NONE', ( #520 ), #292, .T. ) ;
#267 = SURFACE_SIDE_STYLE ('',( #279 ) ) ;
#268 = UNCERTAINTY_MEASURE_WITH_UNIT (LENGTH_MEASURE( 1.000000000000000082E-05 ), #1899, 'distance_accuracy_value', 'NONE');
#269 = DIRECTION ( 'NONE',  ( 0.000000000000000000, -0.000000000000000000, 1.000000000000000000 ) ) ;
#270 = LINE ( 'NONE', #283, #301 ) ;
#271 = FILL_AREA_STYLE ('',( #1137 ) ) ;
#272 = SURFACE_STYLE_FILL_AREA ( #2033 ) ;
#273 = CARTESIAN_POINT ( 'NONE',  ( 3.864999999999999769, -1.411499999999997756, 1.600000000000000089 ) ) ;
#274 = PRESENTATION_STYLE_ASSIGNMENT (( #487 ) ) ;
#275 = CARTESIAN_POINT ( 'NONE',  ( 4.065000000000001279, 0.000000000000000000, 1.600000000000000089 ) ) ;
#276 = EDGE_LOOP ( 'NONE', ( #1414, #1648, #1544, #2301 ) ) ;
#277 = PRESENTATION_STYLE_ASSIGNMENT (( #897 ) ) ;
#278 = ORIENTED_EDGE ( 'NONE', *, *, #800, .T. ) ;
#279 = SURFACE_STYLE_FILL_AREA ( #1575 ) ;
#280 = FILL_AREA_STYLE ('',( #690 ) ) ;
#281 =( NAMED_UNIT ( * ) SI_UNIT ( $, .STERADIAN. ) SOLID_ANGLE_UNIT ( ) );
#282 = VERTEX_POINT ( 'NONE', #1561 ) ;
#283 = CARTESIAN_POINT ( 'NONE',  ( -2.899269950128920748, 1.208500000000000130, -3.004269950128920286 ) ) ;
#284 = SURFACE_STYLE_FILL_AREA ( #2134 ) ;
#285 = SURFACE_STYLE_FILL_AREA ( #1749 ) ;
#286 =( NAMED_UNIT ( * ) SI_UNIT ( $, .STERADIAN. ) SOLID_ANGLE_UNIT ( ) );
#287 = FILL_AREA_STYLE ('',( #2152 ) ) ;
#288 = DIRECTION ( 'NONE',  ( -1.000000000000000000, 0.000000000000000000, 0.000000000000000000 ) ) ;
#289 = ORIENTED_EDGE ( 'NONE', *, *, #2244, .T. ) ;
#290 = VECTOR ( 'NONE', #1256, 1000.000000000000000 ) ;
#291 =( LENGTH_UNIT ( ) NAMED_UNIT ( * ) SI_UNIT ( .MILLI., .METRE. ) );
#292 = CYLINDRICAL_SURFACE ( 'NONE', #2287, 0.2000000000000000944 ) ;
#293 = STYLED_ITEM ( 'NONE', ( #523 ), #1986 ) ;
#294 = EDGE_CURVE ( 'NONE', #1745, #1583, #2381, .T. ) ;
#295 = SURFACE_STYLE_FILL_AREA ( #2156 ) ;
#296 = VECTOR ( 'NONE', #165, 1000.000000000000000 ) ;
#297 = CARTESIAN_POINT ( 'NONE',  ( -2.949269950128921014, 1.208500000000000130, -3.004269950128920286 ) ) ;
#298 = DIRECTION ( 'NONE',  ( -1.443548270273087399E-16, -0.000000000000000000, -1.000000000000000000 ) ) ;
#299 = EDGE_CURVE ( 'NONE', #1178, #589, #1160, .T. ) ;
#300 = AXIS2_PLACEMENT_3D ( 'NONE', #2043, #1031, #461 ) ;
#301 = VECTOR ( 'NONE', #124, 1000.000000000000000 ) ;
#302 = DIRECTION ( 'NONE',  ( 1.000000000000000000, 2.857868316027699036E-16, -2.500310795023469574E-17 ) ) ;
#303 = LINE ( 'NONE', #2311, #1271 ) ;
#304 = CARTESIAN_POINT ( 'NONE',  ( -2.849269950128920925, 1.208500000000000130, -3.004269950128920286 ) ) ;
#305 = ORIENTED_EDGE ( 'NONE', *, *, #230, .F. ) ;
#306 = PRESENTATION_LAYER_ASSIGNMENT (  '', '', ( #46 ) ) ;
#307 = ORIENTED_EDGE ( 'NONE', *, *, #2341, .T. ) ;
#308 = DIRECTION ( 'NONE',  ( 0.000000000000000000, -0.9961946980917455452, 0.08715574274765836016 ) ) ;
#309 = MECHANICAL_DESIGN_GEOMETRIC_PRESENTATION_REPRESENTATION (  '', ( #489 ), #972 ) ;
#310 = CARTESIAN_POINT ( 'NONE',  ( 4.065000000000001279, -0.2000000000000001499, -1.600000000000000089 ) ) ;
#311 =( NAMED_UNIT ( * ) PLANE_ANGLE_UNIT ( ) SI_UNIT ( $, .RADIAN. ) );
#312 = MECHANICAL_DESIGN_GEOMETRIC_PRESENTATION_REPRESENTATION (  '', ( #1863 ), #1272 ) ;
#313 = COLOUR_RGB ( '',0.4980392156862745168, 0.4980392156862745168, 0.4980392156862745168 ) ;
#314 =( LENGTH_UNIT ( ) NAMED_UNIT ( * ) SI_UNIT ( .MILLI., .METRE. ) );
#315 = DIRECTION ( 'NONE',  ( 0.000000000000000000, 1.000000000000000000, 0.000000000000000000 ) ) ;
#316 = EDGE_LOOP ( 'NONE', ( #1830, #440, #1849, #1383 ) ) ;
#317 = PLANE ( 'NONE',  #648 ) ;
#318 = ORIENTED_EDGE ( 'NONE', *, *, #1196, .T. ) ;
#319 = LINE ( 'NONE', #1958, #2130 ) ;
#320 = LINE ( 'NONE', #1159, #2615 ) ;
#321 = DIRECTION ( 'NONE',  ( 1.000000000000000000, -0.000000000000000000, -0.000000000000000000 ) ) ;
#322 = CARTESIAN_POINT ( 'NONE',  ( -2.849269950128920925, 1.158500000000000307, -3.004269950128920286 ) ) ;
#323 = PLANE ( 'NONE',  #2459 ) ;
#324 = EDGE_LOOP ( 'NONE', ( #1439, #142, #879, #68 ) ) ;
#325 = UNCERTAINTY_MEASURE_WITH_UNIT (LENGTH_MEASURE( 1.000000000000000082E-05 ), #2080, 'distance_accuracy_value', 'NONE');
#326 = ORIENTED_EDGE ( 'NONE', *, *, #1286, .T. ) ;
#327 = DIRECTION ( 'NONE',  ( -2.091708371354671065E-16, -0.000000000000000000, -1.000000000000000000 ) ) ;
#328 = VECTOR ( 'NONE', #1038, 1000.000000000000114 ) ;
#329 = CARTESIAN_POINT ( 'NONE',  ( -2.545000000000000817, -1.411499999999998867, -1.600000000000000089 ) ) ;
#330 = DIRECTION ( 'NONE',  ( 0.000000000000000000, -0.000000000000000000, 1.000000000000000000 ) ) ;
#331 = EDGE_CURVE ( 'NONE', #1769, #1372, #2518, .T. ) ;
#332 = MECHANICAL_DESIGN_GEOMETRIC_PRESENTATION_REPRESENTATION (  '', ( #693 ), #2410 ) ;
#333 = FACE_OUTER_BOUND ( 'NONE', #2558, .T. ) ;
#334 = PLANE ( 'NONE',  #2277 ) ;
#335 = VECTOR ( 'NONE', #1718, 1000.000000000000000 ) ;
#336 =( GEOMETRIC_REPRESENTATION_CONTEXT ( 3 ) GLOBAL_UNCERTAINTY_ASSIGNED_CONTEXT ( ( #460 ) ) GLOBAL_UNIT_ASSIGNED_CONTEXT ( ( #2595, #1334, #2133 ) ) REPRESENTATION_CONTEXT ( 'NONE', 'WORKASPACE' ) );
#337 =( GEOMETRIC_REPRESENTATION_CONTEXT ( 3 ) GLOBAL_UNCERTAINTY_ASSIGNED_CONTEXT ( ( #2053 ) ) GLOBAL_UNIT_ASSIGNED_CONTEXT ( ( #1017, #2222, #1837 ) ) REPRESENTATION_CONTEXT ( 'NONE', 'WORKASPACE' ) );
#338 = CARTESIAN_POINT ( 'NONE',  ( -3.560000000000000053, -0.9064999999999989733, -1.600000000000000089 ) ) ;
#339 = SURFACE_STYLE_USAGE ( .BOTH. , #966 ) ;
#340 = COLOUR_RGB ( '',0.6666666666666666297, 0.6980392156862744724, 0.7686274509803920907 ) ;
#341 = ORIENTED_EDGE ( 'NONE', *, *, #299, .T. ) ;
#342 = DIRECTION ( 'NONE',  ( 7.217741351365436993E-17, 0.000000000000000000, 1.000000000000000000 ) ) ;
#343 = AXIS2_PLACEMENT_3D ( 'NONE', #179, #1418, #1643 ) ;
#344 = ORIENTED_EDGE ( 'NONE', *, *, #2349, .F. ) ;
#345 = ORIENTED_EDGE ( 'NONE', *, *, #1247, .F. ) ;
#346 = PRESENTATION_STYLE_ASSIGNMENT (( #984 ) ) ;
#347 = ORIENTED_EDGE ( 'NONE', *, *, #1417, .F. ) ;
#348 = ADVANCED_FACE ( 'NONE', ( #1767 ), #1747, .T. ) ;
#349 = FACE_OUTER_BOUND ( 'NONE', #989, .T. ) ;
#350 = CARTESIAN_POINT ( 'NONE',  ( -2.879269950128920730, 1.158500000000000307, -3.004269950128920286 ) ) ;
#351 = PRESENTATION_STYLE_ASSIGNMENT (( #742 ) ) ;
#352 = COLOUR_RGB ( '',0.2980392156862745057, 0.2980392156862745057, 0.2980392156862745057 ) ;
#353 = COLOUR_RGB ( '',0.4980392156862745168, 0.4980392156862745168, 0.4980392156862745168 ) ;
#354 = VERTEX_POINT ( 'NONE', #117 ) ;
#355 = ADVANCED_FACE ( 'NONE', ( #534 ), #2588, .T. ) ;
#356 = LINE ( 'NONE', #1992, #1808 ) ;
#357 = ORIENTED_EDGE ( 'NONE', *, *, #1064, .F. ) ;
#358 = CARTESIAN_POINT ( 'NONE',  ( -3.555000000000000160, 0.000000000000000000, 3.109999999999999876 ) ) ;
#359 = VERTEX_POINT ( 'NONE', #1945 ) ;
#360 = MANIFOLD_SOLID_BREP ( 'Cut-Extrude2', #1733 ) ;
#361 = DIRECTION ( 'NONE',  ( 0.000000000000000000, -0.000000000000000000, 1.000000000000000000 ) ) ;
#362 = SURFACE_SIDE_STYLE ('',( #725 ) ) ;
#363 = ORIENTED_EDGE ( 'NONE', *, *, #384, .F. ) ;
#364 = SURFACE_STYLE_FILL_AREA ( #2479 ) ;
#365 = EDGE_CURVE ( 'NONE', #2298, #169, #2363, .T. ) ;
#366 = CARTESIAN_POINT ( 'NONE',  ( 2.545000000000001705, -1.411499999999998201, -1.600000000000000089 ) ) ;
#367 = ORIENTED_EDGE ( 'NONE', *, *, #1646, .T. ) ;
#368 = CARTESIAN_POINT ( 'NONE',  ( 2.545000000000001705, -1.411499999999998201, -1.600000000000000089 ) ) ;
#369 = ORIENTED_EDGE ( 'NONE', *, *, #1957, .T. ) ;
#370 = EDGE_LOOP ( 'NONE', ( #2525, #1068, #1163, #58 ) ) ;
#371 =( NAMED_UNIT ( * ) SI_UNIT ( $, .STERADIAN. ) SOLID_ANGLE_UNIT ( ) );
#372 = FILL_AREA_STYLE ('',( #2231 ) ) ;
#373 = VECTOR ( 'NONE', #1757, 1000.000000000000000 ) ;
#374 = ORIENTED_EDGE ( 'NONE', *, *, #138, .F. ) ;
#375 = LINE ( 'NONE', #1205, #958 ) ;
#376 = FILL_AREA_STYLE ('',( #2406 ) ) ;
#377 = UNCERTAINTY_MEASURE_WITH_UNIT (LENGTH_MEASURE( 1.000000000000000082E-05 ), #1106, 'distance_accuracy_value', 'NONE');
#378 = DIRECTION ( 'NONE',  ( 6.144964491593376307E-16, -1.000000000000000000, 0.000000000000000000 ) ) ;
#379 = ADVANCED_FACE ( 'NONE', ( #1177 ), #1984, .T. ) ;
#380 = DIRECTION ( 'NONE',  ( -2.853163611803962722E-16, 1.000000000000000000, 0.000000000000000000 ) ) ;
#381 = STYLED_ITEM ( 'NONE', ( #2147 ), #1893 ) ;
#382 = ORIENTED_EDGE ( 'NONE', *, *, #2174, .F. ) ;
#383 = DIRECTION ( 'NONE',  ( -1.000000000000000000, 1.761828530288943916E-15, 0.000000000000000000 ) ) ;
#384 = EDGE_CURVE ( 'NONE', #1254, #359, #1141, .T. ) ;
#385 = DIRECTION ( 'NONE',  ( 0.000000000000000000, -1.000000000000000000, 0.000000000000000000 ) ) ;
#386 = ORIENTED_EDGE ( 'NONE', *, *, #331, .T. ) ;
#387 =( GEOMETRIC_REPRESENTATION_CONTEXT ( 3 ) GLOBAL_UNCERTAINTY_ASSIGNED_CONTEXT ( ( #2142 ) ) GLOBAL_UNIT_ASSIGNED_CONTEXT ( ( #2581, #2151, #967 ) ) REPRESENTATION_CONTEXT ( 'NONE', 'WORKASPACE' ) );
#388 =( GEOMETRIC_REPRESENTATION_CONTEXT ( 3 ) GLOBAL_UNCERTAINTY_ASSIGNED_CONTEXT ( ( #432 ) ) GLOBAL_UNIT_ASSIGNED_CONTEXT ( ( #176, #2271, #2237 ) ) REPRESENTATION_CONTEXT ( 'NONE', 'WORKASPACE' ) );
#389 = ORIENTED_EDGE ( 'NONE', *, *, #1864, .F. ) ;
#390 =( LENGTH_UNIT ( ) NAMED_UNIT ( * ) SI_UNIT ( .MILLI., .METRE. ) );
#391 = CARTESIAN_POINT ( 'NONE',  ( -2.879269950128920730, 1.158500000000000307, -3.004269950128920286 ) ) ;
#392 = DIRECTION ( 'NONE',  ( -0.000000000000000000, 1.000000000000000000, -0.000000000000000000 ) ) ;
#393 =( NAMED_UNIT ( * ) PLANE_ANGLE_UNIT ( ) SI_UNIT ( $, .RADIAN. ) );
#394 = AXIS2_PLACEMENT_3D ( 'NONE', #2517, #1039, #431 ) ;
#395 = STYLED_ITEM ( 'NONE', ( #492 ), #575 ) ;
#396 =( NAMED_UNIT ( * ) SI_UNIT ( $, .STERADIAN. ) SOLID_ANGLE_UNIT ( ) );
#397 = ORIENTED_EDGE ( 'NONE', *, *, #890, .T. ) ;
#398 = AXIS2_PLACEMENT_3D ( 'NONE', #1843, #2648, #2467 ) ;
#399 =( NAMED_UNIT ( * ) SI_UNIT ( $, .STERADIAN. ) SOLID_ANGLE_UNIT ( ) );
#400 = FACE_OUTER_BOUND ( 'NONE', #2505, .T. ) ;
#401 = CARTESIAN_POINT ( 'NONE',  ( 3.555000000000000604, 0.000000000000000000, -1.600000000000000089 ) ) ;
#402 = EDGE_CURVE ( 'NONE', #668, #2430, #1911, .T. ) ;
#403 = ORIENTED_EDGE ( 'NONE', *, *, #2545, .T. ) ;
#404 = SURFACE_STYLE_USAGE ( .BOTH. , #2021 ) ;
#405 = VERTEX_POINT ( 'NONE', #2568 ) ;
#406 = EDGE_CURVE ( 'NONE', #169, #2090, #1858, .T. ) ;
#407 = CARTESIAN_POINT ( 'NONE',  ( -3.555000000000000604, 4.336808689942017736E-16, -1.600000000000000089 ) ) ;
#408 = SURFACE_SIDE_STYLE ('',( #1579 ) ) ;
#409 = DIRECTION ( 'NONE',  ( 0.000000000000000000, 0.000000000000000000, -1.000000000000000000 ) ) ;
#410 = UNCERTAINTY_MEASURE_WITH_UNIT (LENGTH_MEASURE( 1.000000000000000082E-05 ), #1293, 'distance_accuracy_value', 'NONE');
#411 = DIRECTION ( 'NONE',  ( -1.000000000000000000, -0.000000000000000000, -0.000000000000000000 ) ) ;
#412 = SURFACE_STYLE_FILL_AREA ( #1457 ) ;
#413 = EDGE_LOOP ( 'NONE', ( #2609, #615, #1856, #1835 ) ) ;
#414 = DIRECTION ( 'NONE',  ( 0.000000000000000000, 1.000000000000000000, 0.000000000000000000 ) ) ;
#415 = LINE ( 'NONE', #2468, #290 ) ;
#416 = EDGE_CURVE ( 'NONE', #535, #1729, #61, .T. ) ;
#417 =( LENGTH_UNIT ( ) NAMED_UNIT ( * ) SI_UNIT ( .MILLI., .METRE. ) );
#418 = SURFACE_STYLE_USAGE ( .BOTH. , #408 ) ;
#419 = DIRECTION ( 'NONE',  ( -2.853163611803962722E-16, 1.000000000000000000, 0.000000000000000000 ) ) ;
#420 = VECTOR ( 'NONE', #2420, 1000.000000000000000 ) ;
#421 = DIRECTION ( 'NONE',  ( 0.000000000000000000, -0.000000000000000000, -1.000000000000000000 ) ) ;
#422 =( GEOMETRIC_REPRESENTATION_CONTEXT ( 3 ) GLOBAL_UNCERTAINTY_ASSIGNED_CONTEXT ( ( #1762 ) ) GLOBAL_UNIT_ASSIGNED_CONTEXT ( ( #2313, #470, #1112 ) ) REPRESENTATION_CONTEXT ( 'NONE', 'WORKASPACE' ) );
#423 = FACE_OUTER_BOUND ( 'NONE', #968, .T. ) ;
#424 = CARTESIAN_POINT ( 'NONE',  ( -2.949269950128920570, 1.158500000000000307, 3.004269950128920286 ) ) ;
#425 = VERTEX_POINT ( 'NONE', #48 ) ;
#426 = VECTOR ( 'NONE', #1359, 1000.000000000000000 ) ;
#427 = EDGE_CURVE ( 'NONE', #2225, #18, #2540, .T. ) ;
#428 = VECTOR ( 'NONE', #2357, 1000.000000000000000 ) ;
#429 = SURFACE_STYLE_FILL_AREA ( #264 ) ;
#430 = CARTESIAN_POINT ( 'NONE',  ( -2.829269950128920907, 1.158500000000000307, -3.004269950128920286 ) ) ;
#431 = DIRECTION ( 'NONE',  ( -6.144964491593376307E-16, -1.000000000000000000, 0.000000000000000000 ) ) ;
#432 = UNCERTAINTY_MEASURE_WITH_UNIT (LENGTH_MEASURE( 1.000000000000000082E-05 ), #176, 'distance_accuracy_value', 'NONE');
#433 = FACE_OUTER_BOUND ( 'NONE', #370, .T. ) ;
#434 = CARTESIAN_POINT ( 'NONE',  ( 4.065000000000000391, -1.106499999999997819, -1.600000000000000089 ) ) ;
#435 = VECTOR ( 'NONE', #2472, 1000.000000000000000 ) ;
#436 = EDGE_CURVE ( 'NONE', #2497, #2443, #1939, .T. ) ;
#437 = VECTOR ( 'NONE', #1711, 1000.000000000000000 ) ;
#438 = LINE ( 'NONE', #1468, #704 ) ;
#439 = CARTESIAN_POINT ( 'NONE',  ( 4.065000000000000391, -1.411499999999997756, 1.600000000000000089 ) ) ;
#440 = ORIENTED_EDGE ( 'NONE', *, *, #436, .T. ) ;
#441 = VECTOR ( 'NONE', #2571, 1000.000000000000000 ) ;
#442 =( LENGTH_UNIT ( ) NAMED_UNIT ( * ) SI_UNIT ( .MILLI., .METRE. ) );
#443 = VECTOR ( 'NONE', #1517, 1000.000000000000000 ) ;
#444 = SURFACE_STYLE_FILL_AREA ( #2424 ) ;
#445 = VERTEX_POINT ( 'NONE', #1922 ) ;
#446 =( NAMED_UNIT ( * ) SI_UNIT ( $, .STERADIAN. ) SOLID_ANGLE_UNIT ( ) );
#447 = ORIENTED_EDGE ( 'NONE', *, *, #1971, .T. ) ;
#448 =( LENGTH_UNIT ( ) NAMED_UNIT ( * ) SI_UNIT ( .MILLI., .METRE. ) );
#449 = CARTESIAN_POINT ( 'NONE',  ( -2.899269950128920303, 1.158500000000000307, 3.004269950128920286 ) ) ;
#450 = CARTESIAN_POINT ( 'NONE',  ( -1.949269950128920348, 0.000000000000000000, -3.109999999999999876 ) ) ;
#451 = EDGE_CURVE ( 'NONE', #18, #1172, #2101, .T. ) ;
#452 = EDGE_LOOP ( 'NONE', ( #676, #914, #363, #2131, #871, #1595, #891, #2647, #1570, #1877, #2116, #1692 ) ) ;
#453 = ORIENTED_EDGE ( 'NONE', *, *, #230, .T. ) ;
#454 =( NAMED_UNIT ( * ) SI_UNIT ( $, .STERADIAN. ) SOLID_ANGLE_UNIT ( ) );
#455 = VERTEX_POINT ( 'NONE', #273 ) ;
#456 = FACE_OUTER_BOUND ( 'NONE', #645, .T. ) ;
#457 = ORIENTED_EDGE ( 'NONE', *, *, #1118, .T. ) ;
#458 = LINE ( 'NONE', #1295, #1014 ) ;
#459 = CARTESIAN_POINT ( 'NONE',  ( -4.065000000000000391, -1.411499999999998867, -1.600000000000000089 ) ) ;
#460 = UNCERTAINTY_MEASURE_WITH_UNIT (LENGTH_MEASURE( 1.000000000000000082E-05 ), #2595, 'distance_accuracy_value', 'NONE');
#461 = DIRECTION ( 'NONE',  ( 7.217741351365436993E-17, 0.000000000000000000, 1.000000000000000000 ) ) ;
#462 = EDGE_CURVE ( 'NONE', #96, #455, #303, .T. ) ;
#463 =( NAMED_UNIT ( * ) PLANE_ANGLE_UNIT ( ) SI_UNIT ( $, .RADIAN. ) );
#464 = CARTESIAN_POINT ( 'NONE',  ( -2.949269950128921014, 1.158500000000000307, -3.004269950128920286 ) ) ;
#465 = EDGE_LOOP ( 'NONE', ( #888, #1102, #549, #1799 ) ) ;
#466 = VECTOR ( 'NONE', #2380, 1000.000000000000000 ) ;
#467 = EDGE_CURVE ( 'NONE', #2597, #843, #2521, .T. ) ;
#468 =( NAMED_UNIT ( * ) PLANE_ANGLE_UNIT ( ) SI_UNIT ( $, .RADIAN. ) );
#469 = VECTOR ( 'NONE', #1146, 1000.000000000000000 ) ;
#470 =( NAMED_UNIT ( * ) PLANE_ANGLE_UNIT ( ) SI_UNIT ( $, .RADIAN. ) );
#471 = CARTESIAN_POINT ( 'NONE',  ( -2.779269950128920641, 1.158500000000000307, -3.004269950128920286 ) ) ;
#472 = ORIENTED_EDGE ( 'NONE', *, *, #1196, .F. ) ;
#473 = STYLED_ITEM ( 'NONE', ( #24 ), #1898 ) ;
#474 = LINE ( 'NONE', #2289, #2032 ) ;
#475 = SURFACE_STYLE_FILL_AREA ( #1130 ) ;
#476 = LINE ( 'NONE', #1317, #1403 ) ;
#477 = MECHANICAL_DESIGN_GEOMETRIC_PRESENTATION_REPRESENTATION (  '', ( #1307 ), #1937 ) ;
#478 = VECTOR ( 'NONE', #2094, 1000.000000000000000 ) ;
#479 =( GEOMETRIC_REPRESENTATION_CONTEXT ( 3 ) GLOBAL_UNCERTAINTY_ASSIGNED_CONTEXT ( ( #632 ) ) GLOBAL_UNIT_ASSIGNED_CONTEXT ( ( #2198, #1533, #2554 ) ) REPRESENTATION_CONTEXT ( 'NONE', 'WORKASPACE' ) );
#480 =( LENGTH_UNIT ( ) NAMED_UNIT ( * ) SI_UNIT ( .MILLI., .METRE. ) );
#481 = LINE ( 'NONE', #2113, #1976 ) ;
#482 = PRESENTATION_STYLE_ASSIGNMENT (( #1739 ) ) ;
#483 = FACE_OUTER_BOUND ( 'NONE', #2243, .T. ) ;
#484 = COLOUR_RGB ( '',0.6666666666666666297, 0.6980392156862744724, 0.7686274509803920907 ) ;
#485 = PRESENTATION_STYLE_ASSIGNMENT (( #1278 ) ) ;
#486 = CARTESIAN_POINT ( 'NONE',  ( -3.555000000000001048, 1.208500000000000130, -3.004269950128920286 ) ) ;
#487 = SURFACE_STYLE_USAGE ( .BOTH. , #2102 ) ;
#488 = CARTESIAN_POINT ( 'NONE',  ( -3.555000000000000160, 1.208500000000000130, 3.004269950128920286 ) ) ;
#489 = STYLED_ITEM ( 'NONE', ( #1115 ), #266 ) ;
#490 = ORIENTED_EDGE ( 'NONE', *, *, #1435, .T. ) ;
#491 = COLOUR_RGB ( '',0.4980392156862745168, 0.4980392156862745168, 0.4980392156862745168 ) ;
#492 = PRESENTATION_STYLE_ASSIGNMENT (( #1316 ) ) ;
#493 = DIRECTION ( 'NONE',  ( 0.000000000000000000, -0.000000000000000000, -1.000000000000000000 ) ) ;
#494 = CARTESIAN_POINT ( 'NONE',  ( -3.555000000000000160, 0.000000000000000000, 3.109999999999999876 ) ) ;
#495 = UNCERTAINTY_MEASURE_WITH_UNIT (LENGTH_MEASURE( 1.000000000000000082E-05 ), #2342, 'distance_accuracy_value', 'NONE');
#496 = EDGE_CURVE ( 'NONE', #2005, #2003, #1123, .T. ) ;
#497 = UNCERTAINTY_MEASURE_WITH_UNIT (LENGTH_MEASURE( 1.000000000000000082E-05 ), #1245, 'distance_accuracy_value', 'NONE');
#498 = DIRECTION ( 'NONE',  ( -1.000000000000000000, 0.000000000000000000, 0.000000000000000000 ) ) ;
#499 = CARTESIAN_POINT ( 'NONE',  ( -2.545000000000000817, -1.411499999999998867, 1.600000000000000089 ) ) ;
#500 = DIRECTION ( 'NONE',  ( -1.000000000000000000, 0.000000000000000000, -0.000000000000000000 ) ) ;
#501 = DIRECTION ( 'NONE',  ( -1.000000000000000000, 0.000000000000000000, 7.217741351365436993E-17 ) ) ;
#502 = LINE ( 'NONE', #1085, #2663 ) ;
#503 = ORIENTED_EDGE ( 'NONE', *, *, #56, .T. ) ;
#504 = LINE ( 'NONE', #2205, #621 ) ;
#505 = CARTESIAN_POINT ( 'NONE',  ( 3.554999999999999272, 0.000000000000000000, -3.109999999999999876 ) ) ;
#506 = CARTESIAN_POINT ( 'NONE',  ( -2.879269950128920730, 1.158500000000000307, -3.004269950128920286 ) ) ;
#507 = EDGE_CURVE ( 'NONE', #774, #23, #2556, .T. ) ;
#508 = CARTESIAN_POINT ( 'NONE',  ( -2.829269950128920907, 1.208500000000000130, -3.004269950128920286 ) ) ;
#509 =( NAMED_UNIT ( * ) PLANE_ANGLE_UNIT ( ) SI_UNIT ( $, .RADIAN. ) );
#510 = AXIS2_PLACEMENT_3D ( 'NONE', #2356, #512, #1365 ) ;
#511 = EDGE_CURVE ( 'NONE', #1745, #627, #1519, .T. ) ;
#512 = DIRECTION ( 'NONE',  ( 1.000000000000000000, 0.000000000000000000, -1.443548270273087399E-16 ) ) ;
#513 = SURFACE_STYLE_USAGE ( .BOTH. , #2520 ) ;
#514 = VECTOR ( 'NONE', #904, 1000.000000000000000 ) ;
#515 = LINE ( 'NONE', #2161, #2535 ) ;
#516 = DIRECTION ( 'NONE',  ( 7.217741351365436993E-17, 0.000000000000000000, 1.000000000000000000 ) ) ;
#517 = STYLED_ITEM ( 'NONE', ( #759 ), #1407 ) ;
#518 = EDGE_LOOP ( 'NONE', ( #1696, #2260, #386, #1613 ) ) ;
#519 = VECTOR ( 'NONE', #2346, 1000.000000000000000 ) ;
#520 = FACE_OUTER_BOUND ( 'NONE', #2507, .T. ) ;
#521 = MECHANICAL_DESIGN_GEOMETRIC_PRESENTATION_REPRESENTATION (  '', ( #473 ), #1802 ) ;
#522 = LINE ( 'NONE', #1735, #874 ) ;
#523 = PRESENTATION_STYLE_ASSIGNMENT (( #2195 ) ) ;
#524 = ORIENTED_EDGE ( 'NONE', *, *, #2403, .T. ) ;
#525 = CARTESIAN_POINT ( 'NONE',  ( -3.555000000000000160, 1.208500000000000130, 3.004269950128920286 ) ) ;
#526 = SURFACE_STYLE_USAGE ( .BOTH. , #1151 ) ;
#527 = PRESENTATION_LAYER_ASSIGNMENT (  '', '', ( #2496 ) ) ;
#528 = CARTESIAN_POINT ( 'NONE',  ( -2.799269950128920659, 1.158500000000000307, 3.004269950128920286 ) ) ;
#529 = EDGE_LOOP ( 'NONE', ( #232, #829, #1450, #2153 ) ) ;
#530 = VECTOR ( 'NONE', #1464, 1000.000000000000000 ) ;
#531 = CARTESIAN_POINT ( 'NONE',  ( -3.555000000000000604, 4.336808689942017736E-16, 1.600000000000000089 ) ) ;
#532 = VECTOR ( 'NONE', #2512, 1000.000000000000000 ) ;
#533 = CARTESIAN_POINT ( 'NONE',  ( -2.879269950128920730, 1.158500000000000307, -3.004269950128920286 ) ) ;
#534 = FACE_OUTER_BOUND ( 'NONE', #452, .T. ) ;
#535 = VERTEX_POINT ( 'NONE', #1895 ) ;
#536 = ADVANCED_BREP_SHAPE_REPRESENTATION ( 'SMCJ51A', ( #2098, #1217, #360, #1394 ), #746 ) ;
#537 = PRESENTATION_LAYER_ASSIGNMENT (  '', '', ( #181 ) ) ;
#538 = PRESENTATION_STYLE_ASSIGNMENT (( #1134 ) ) ;
#539 = SURFACE_SIDE_STYLE ('',( #1195 ) ) ;
#540 = SURFACE_STYLE_FILL_AREA ( #2386 ) ;
#541 = DIRECTION ( 'NONE',  ( 0.000000000000000000, 0.000000000000000000, -1.000000000000000000 ) ) ;
#542 = CARTESIAN_POINT ( 'NONE',  ( -2.779269950128920641, 1.208500000000000130, -3.004269950128920286 ) ) ;
#543 = EDGE_CURVE ( 'NONE', #2095, #1434, #260, .T. ) ;
#544 = ORIENTED_EDGE ( 'NONE', *, *, #122, .T. ) ;
#545 = PLANE ( 'NONE',  #204 ) ;
#546 = VERTEX_POINT ( 'NONE', #1698 ) ;
#547 = LINE ( 'NONE', #133, #469 ) ;
#548 =( NAMED_UNIT ( * ) PLANE_ANGLE_UNIT ( ) SI_UNIT ( $, .RADIAN. ) );
#549 = ORIENTED_EDGE ( 'NONE', *, *, #2355, .T. ) ;
#550 = FILL_AREA_STYLE_COLOUR ( '', #2254 ) ;
#551 = PLANE ( 'NONE',  #1179 ) ;
#552 = ADVANCED_FACE ( 'NONE', ( #2328 ), #913, .F. ) ;
#553 =( NAMED_UNIT ( * ) SI_UNIT ( $, .STERADIAN. ) SOLID_ANGLE_UNIT ( ) );
#554 = FACE_OUTER_BOUND ( 'NONE', #1290, .T. ) ;
#555 = ORIENTED_EDGE ( 'NONE', *, *, #164, .F. ) ;
#556 = UNCERTAINTY_MEASURE_WITH_UNIT (LENGTH_MEASURE( 1.000000000000000082E-05 ), #314, 'distance_accuracy_value', 'NONE');
#557 = LINE ( 'NONE', #1384, #83 ) ;
#558 = ORIENTED_EDGE ( 'NONE', *, *, #1167, .T. ) ;
#559 = EDGE_CURVE ( 'NONE', #2501, #878, #458, .T. ) ;
#560 = DIRECTION ( 'NONE',  ( 1.000000000000000000, 0.000000000000000000, 0.000000000000000000 ) ) ;
#561 = LINE ( 'NONE', #533, #162 ) ;
#562 = EDGE_LOOP ( 'NONE', ( #2135, #1452, #863, #1443 ) ) ;
#563 = STYLED_ITEM ( 'NONE', ( #274 ), #1706 ) ;
#564 = EDGE_CURVE ( 'NONE', #2493, #2005, #474, .T. ) ;
#565 = COLOUR_RGB ( '',0.6666666666666666297, 0.6980392156862744724, 0.7686274509803920907 ) ;
#566 = PRESENTATION_LAYER_ASSIGNMENT (  '', '', ( #1223 ) ) ;
#567 = MECHANICAL_DESIGN_GEOMETRIC_PRESENTATION_REPRESENTATION (  '', ( #703 ), #1 ) ;
#568 = MECHANICAL_DESIGN_GEOMETRIC_PRESENTATION_REPRESENTATION (  '', ( #1724 ), #1350 ) ;
#569 = AXIS2_PLACEMENT_3D ( 'NONE', #2, #421, #839 ) ;
#570 = ORIENTED_EDGE ( 'NONE', *, *, #2640, .T. ) ;
#571 =( NAMED_UNIT ( * ) PLANE_ANGLE_UNIT ( ) SI_UNIT ( $, .RADIAN. ) );
#572 = ORIENTED_EDGE ( 'NONE', *, *, #1324, .T. ) ;
#573 = VECTOR ( 'NONE', #2304, 1000.000000000000000 ) ;
#574 = COLOUR_RGB ( '',0.6666666666666666297, 0.6980392156862744724, 0.7686274509803920907 ) ;
#575 = ADVANCED_FACE ( 'NONE', ( #20 ), #1507, .T. ) ;
#576 = CARTESIAN_POINT ( 'NONE',  ( -2.799269950128921103, 1.208500000000000130, -3.004269950128920286 ) ) ;
#577 = DIRECTION ( 'NONE',  ( -1.000000000000000000, 0.000000000000000000, -0.000000000000000000 ) ) ;
#578 = MECHANICAL_DESIGN_GEOMETRIC_PRESENTATION_REPRESENTATION (  '', ( #1812 ), #215 ) ;
#579 = ORIENTED_EDGE ( 'NONE', *, *, #1914, .T. ) ;
#580 =( LENGTH_UNIT ( ) NAMED_UNIT ( * ) SI_UNIT ( .MILLI., .METRE. ) );
#581 = UNCERTAINTY_MEASURE_WITH_UNIT (LENGTH_MEASURE( 1.000000000000000082E-05 ), #1206, 'distance_accuracy_value', 'NONE');
#582 = SURFACE_SIDE_STYLE ('',( #444 ) ) ;
#583 = VECTOR ( 'NONE', #1363, 1000.000000000000000 ) ;
#584 =( GEOMETRIC_REPRESENTATION_CONTEXT ( 3 ) GLOBAL_UNCERTAINTY_ASSIGNED_CONTEXT ( ( #268 ) ) GLOBAL_UNIT_ASSIGNED_CONTEXT ( ( #1899, #2074, #1701 ) ) REPRESENTATION_CONTEXT ( 'NONE', 'WORKASPACE' ) );
#585 = DIRECTION ( 'NONE',  ( 6.144964491593375321E-16, -1.000000000000000000, 0.000000000000000000 ) ) ;
#586 = DIRECTION ( 'NONE',  ( -0.000000000000000000, 1.000000000000000000, -0.000000000000000000 ) ) ;
#587 = ORIENTED_EDGE ( 'NONE', *, *, #467, .F. ) ;
#588 = DIRECTION ( 'NONE',  ( 0.000000000000000000, 1.000000000000000000, 0.000000000000000000 ) ) ;
#589 = VERTEX_POINT ( 'NONE', #1103 ) ;
#590 = CARTESIAN_POINT ( 'NONE',  ( -2.849269950128920481, 1.158500000000000307, 3.004269950128920286 ) ) ;
#591 = VERTEX_POINT ( 'NONE', #1282 ) ;
#592 = CARTESIAN_POINT ( 'NONE',  ( 3.865000000000000657, 0.000000000000000000, 1.600000000000000089 ) ) ;
#593 = LINE ( 'NONE', #1603, #1136 ) ;
#594 = DIRECTION ( 'NONE',  ( -1.000000000000000000, -2.857868316027699036E-16, 0.000000000000000000 ) ) ;
#595 = DIRECTION ( 'NONE',  ( -0.000000000000000000, 0.000000000000000000, -1.000000000000000000 ) ) ;
#596 =( NAMED_UNIT ( * ) PLANE_ANGLE_UNIT ( ) SI_UNIT ( $, .RADIAN. ) );
#597 = ORIENTED_EDGE ( 'NONE', *, *, #2656, .T. ) ;
#598 =( LENGTH_UNIT ( ) NAMED_UNIT ( * ) SI_UNIT ( .MILLI., .METRE. ) );
#599 = VECTOR ( 'NONE', #321, 1000.000000000000000 ) ;
#600 = VERTEX_POINT ( 'NONE', #2139 ) ;
#601 = CARTESIAN_POINT ( 'NONE',  ( -3.555000000000001048, 0.000000000000000000, -3.109999999999999876 ) ) ;
#602 = CARTESIAN_POINT ( 'NONE',  ( -3.555000000000001048, 0.000000000000000000, -3.109999999999999876 ) ) ;
#603 = AXIS2_PLACEMENT_3D ( 'NONE', #1560, #1574, #2206 ) ;
#604 =( NAMED_UNIT ( * ) PLANE_ANGLE_UNIT ( ) SI_UNIT ( $, .RADIAN. ) );
#605 = DIRECTION ( 'NONE',  ( 1.000000000000000000, 0.000000000000000000, 0.000000000000000000 ) ) ;
#606 = EDGE_LOOP ( 'NONE', ( #1023, #2022, #1846, #1358, #1557, #1364, #1980, #1781 ) ) ;
#607 = COLOUR_RGB ( '',0.6666666666666666297, 0.6980392156862744724, 0.7686274509803920907 ) ;
#608 = LINE ( 'NONE', #439, #2326 ) ;
#609 = ORIENTED_EDGE ( 'NONE', *, *, #2236, .F. ) ;
#610 = ADVANCED_FACE ( 'NONE', ( #651 ), #224, .T. ) ;
#611 = STYLED_ITEM ( 'NONE', ( #1935 ), #2576 ) ;
#612 = AXIS2_PLACEMENT_3D ( 'NONE', #691, #2519, #1045 ) ;
#613 = FILL_AREA_STYLE ('',( #791 ) ) ;
#614 = COLOUR_RGB ( '',0.6666666666666666297, 0.6980392156862744724, 0.7686274509803920907 ) ;
#615 = ORIENTED_EDGE ( 'NONE', *, *, #1292, .T. ) ;
#616 = LINE ( 'NONE', #197, #123 ) ;
#617 = DIRECTION ( 'NONE',  ( -1.443548270273087399E-16, -0.000000000000000000, -1.000000000000000000 ) ) ;
#618 = LINE ( 'NONE', #231, #167 ) ;
#619 = VECTOR ( 'NONE', #2137, 1000.000000000000000 ) ;
#620 = DIRECTION ( 'NONE',  ( 0.000000000000000000, -1.000000000000000000, 0.000000000000000000 ) ) ;
#621 = VECTOR ( 'NONE', #103, 1000.000000000000000 ) ;
#622 = CARTESIAN_POINT ( 'NONE',  ( 0.000000000000000000, -1.208500000000000130, 3.004269950128920286 ) ) ;
#623 = FACE_OUTER_BOUND ( 'NONE', #1607, .T. ) ;
#624 = ORIENTED_EDGE ( 'NONE', *, *, #633, .F. ) ;
#625 = ADVANCED_FACE ( 'NONE', ( #2089 ), #1882, .F. ) ;
#626 = LINE ( 'NONE', #1451, #2259 ) ;
#627 = VERTEX_POINT ( 'NONE', #531 ) ;
#628 = FILL_AREA_STYLE_COLOUR ( '', #1634 ) ;
#629 = ORIENTED_EDGE ( 'NONE', *, *, #543, .F. ) ;
#630 = DIRECTION ( 'NONE',  ( -0.000000000000000000, 0.000000000000000000, -1.000000000000000000 ) ) ;
#631 = CARTESIAN_POINT ( 'NONE',  ( -2.779269950128920641, 1.158500000000000307, -3.004269950128920286 ) ) ;
#632 = UNCERTAINTY_MEASURE_WITH_UNIT (LENGTH_MEASURE( 1.000000000000000082E-05 ), #2198, 'distance_accuracy_value', 'NONE');
#633 = EDGE_CURVE ( 'NONE', #2096, #246, #1982, .T. ) ;
#634 = FILL_AREA_STYLE_COLOUR ( '', #1562 ) ;
#635 = LINE ( 'NONE', #1458, #2457 ) ;
#636 = ORIENTED_EDGE ( 'NONE', *, *, #1537, .T. ) ;
#637 =( NAMED_UNIT ( * ) SI_UNIT ( $, .STERADIAN. ) SOLID_ANGLE_UNIT ( ) );
#638 = FILL_AREA_STYLE_COLOUR ( '', #2614 ) ;
#639 = CARTESIAN_POINT ( 'NONE',  ( 3.555000000000000604, 0.000000000000000000, -1.600000000000000089 ) ) ;
#640 = EDGE_CURVE ( 'NONE', #180, #2040, #1348, .T. ) ;
#641 =( GEOMETRIC_REPRESENTATION_CONTEXT ( 3 ) GLOBAL_UNCERTAINTY_ASSIGNED_CONTEXT ( ( #2109 ) ) GLOBAL_UNIT_ASSIGNED_CONTEXT ( ( #79, #1732, #2127 ) ) REPRESENTATION_CONTEXT ( 'NONE', 'WORKASPACE' ) );
#642 = CARTESIAN_POINT ( 'NONE',  ( -2.949269950128921014, 1.158500000000000307, -3.004269950128920286 ) ) ;
#643 = CARTESIAN_POINT ( 'NONE',  ( -3.554999999999999716, -1.008500000000000618, 3.021767682834105351 ) ) ;
#644 = PRESENTATION_LAYER_ASSIGNMENT (  '', '', ( #473 ) ) ;
#645 = EDGE_LOOP ( 'NONE', ( #196, #33, #1369, #2255 ) ) ;
#646 = MECHANICAL_DESIGN_GEOMETRIC_PRESENTATION_REPRESENTATION (  '', ( #2248 ), #1851 ) ;
#647 = DIRECTION ( 'NONE',  ( 0.000000000000000000, 0.000000000000000000, -1.000000000000000000 ) ) ;
#648 = AXIS2_PLACEMENT_3D ( 'NONE', #202, #1420, #2482 ) ;
#649 = EDGE_CURVE ( 'NONE', #1005, #866, #1536, .T. ) ;
#650 = CIRCLE ( 'NONE', #1770, 0.2000000000000000944 ) ;
#651 = FACE_OUTER_BOUND ( 'NONE', #1764, .T. ) ;
#652 = AXIS2_PLACEMENT_3D ( 'NONE', #2041, #620, #1839 ) ;
#653 = LINE ( 'NONE', #22, #1353 ) ;
#654 = EDGE_CURVE ( 'NONE', #765, #1793, #1190, .T. ) ;
#655 = ORIENTED_EDGE ( 'NONE', *, *, #672, .T. ) ;
#656 = DIRECTION ( 'NONE',  ( -0.08682659386424777803, 0.9924325091389669673, 0.08682659386424779191 ) ) ;
#657 =( GEOMETRIC_REPRESENTATION_CONTEXT ( 3 ) GLOBAL_UNCERTAINTY_ASSIGNED_CONTEXT ( ( #581 ) ) GLOBAL_UNIT_ASSIGNED_CONTEXT ( ( #1206, #55, #1479 ) ) REPRESENTATION_CONTEXT ( 'NONE', 'WORKASPACE' ) );
#658 = STYLED_ITEM ( 'NONE', ( #1503 ), #552 ) ;
#659 = FILL_AREA_STYLE_COLOUR ( '', #1518 ) ;
#660 = PLANE ( 'NONE',  #2492 ) ;
#661 = VERTEX_POINT ( 'NONE', #955 ) ;
#662 = AXIS2_PLACEMENT_3D ( 'NONE', #1632, #414, #361 ) ;
#663 = CARTESIAN_POINT ( 'NONE',  ( -4.065000000000000391, -1.411499999999998867, -1.600000000000000089 ) ) ;
#664 = MECHANICAL_DESIGN_GEOMETRIC_PRESENTATION_REPRESENTATION (  '', ( #2292 ), #479 ) ;
#665 = ORIENTED_EDGE ( 'NONE', *, *, #436, .F. ) ;
#666 =( LENGTH_UNIT ( ) NAMED_UNIT ( * ) SI_UNIT ( .MILLI., .METRE. ) );
#667 = PLANE ( 'NONE',  #1981 ) ;
#668 = VERTEX_POINT ( 'NONE', #1587 ) ;
#669 = CARTESIAN_POINT ( 'NONE',  ( -2.929269950128920108, 1.158500000000000307, 3.004269950128920286 ) ) ;
#670 = LINE ( 'NONE', #1677, #573 ) ;
#671 = SURFACE_STYLE_USAGE ( .BOTH. , #2506 ) ;
#672 = EDGE_CURVE ( 'NONE', #1814, #1956, #2350, .T. ) ;
#673 = SURFACE_STYLE_USAGE ( .BOTH. , #2272 ) ;
#674 = CARTESIAN_POINT ( 'NONE',  ( 3.560000000000000053, -0.5050000000000000044, -1.600000000000000089 ) ) ;
#675 = VERTEX_POINT ( 'NONE', #724 ) ;
#676 = ORIENTED_EDGE ( 'NONE', *, *, #887, .T. ) ;
#677 = EDGE_CURVE ( 'NONE', #1459, #1434, #2404, .T. ) ;
#678 = DIRECTION ( 'NONE',  ( 0.000000000000000000, 1.000000000000000000, 0.000000000000000000 ) ) ;
#679 = DIRECTION ( 'NONE',  ( 0.000000000000000000, -0.000000000000000000, -1.000000000000000000 ) ) ;
#680 = CARTESIAN_POINT ( 'NONE',  ( -2.899269950128920303, 1.158500000000000307, 3.004269950128920286 ) ) ;
#681 = DIRECTION ( 'NONE',  ( 0.000000000000000000, -1.000000000000000000, 0.000000000000000000 ) ) ;
#682 = EDGE_LOOP ( 'NONE', ( #2583, #1361, #503, #2483 ) ) ;
#683 = FILL_AREA_STYLE ('',( #1089 ) ) ;
#684 = ORIENTED_EDGE ( 'NONE', *, *, #1568, .T. ) ;
#685 = CARTESIAN_POINT ( 'NONE',  ( 3.555000000000000604, -0.3049999999999999933, -1.600000000000000089 ) ) ;
#686 = FACE_OUTER_BOUND ( 'NONE', #2229, .T. ) ;
#687 = UNCERTAINTY_MEASURE_WITH_UNIT (LENGTH_MEASURE( 1.000000000000000082E-05 ), #2294, 'distance_accuracy_value', 'NONE');
#688 = SURFACE_STYLE_USAGE ( .BOTH. , #1242 ) ;
#689 = UNCERTAINTY_MEASURE_WITH_UNIT (LENGTH_MEASURE( 1.000000000000000082E-05 ), #2394, 'distance_accuracy_value', 'NONE');
#690 = FILL_AREA_STYLE_COLOUR ( '', #2488 ) ;
#691 = CARTESIAN_POINT ( 'NONE',  ( -3.560000000000000053, -0.5049999999999995604, -1.600000000000000089 ) ) ;
#692 = PRESENTATION_STYLE_ASSIGNMENT (( #513 ) ) ;
#693 = STYLED_ITEM ( 'NONE', ( #172 ), #1690 ) ;
#694 = DIRECTION ( 'NONE',  ( -1.000000000000000000, -2.802585719021566778E-15, 0.000000000000000000 ) ) ;
#695 = CARTESIAN_POINT ( 'NONE',  ( 1.949269950128920792, 0.000000000000000000, 3.109999999999999876 ) ) ;
#696 = EDGE_CURVE ( 'NONE', #1891, #246, #2180, .T. ) ;
#697 = SURFACE_STYLE_FILL_AREA ( #2487 ) ;
#698 = CARTESIAN_POINT ( 'NONE',  ( 3.508108306959143885, 0.5359745040220237344, 3.063108306959143157 ) ) ;
#699 = ORIENTED_EDGE ( 'NONE', *, *, #1537, .F. ) ;
#700 = VECTOR ( 'NONE', #722, 1000.000000000000000 ) ;
#701 = SURFACE_SIDE_STYLE ('',( #1069 ) ) ;
#702 = SURFACE_STYLE_USAGE ( .BOTH. , #93 ) ;
#703 = STYLED_ITEM ( 'NONE', ( #783 ), #2596 ) ;
#704 = VECTOR ( 'NONE', #217, 1000.000000000000000 ) ;
#705 = MECHANICAL_DESIGN_GEOMETRIC_PRESENTATION_REPRESENTATION (  '', ( #1892 ), #2586 ) ;
#706 = FACE_OUTER_BOUND ( 'NONE', #2035, .T. ) ;
#707 = CARTESIAN_POINT ( 'NONE',  ( 0.000000000000000000, 1.158500000000000307, 0.000000000000000000 ) ) ;
#708 = DIRECTION ( 'NONE',  ( 0.08682659386424777803, 0.9924325091389669673, -0.08682659386424779191 ) ) ;
#709 = FILL_AREA_STYLE_COLOUR ( '', #313 ) ;
#710 =( LENGTH_UNIT ( ) NAMED_UNIT ( * ) SI_UNIT ( .MILLI., .METRE. ) );
#711 = DIRECTION ( 'NONE',  ( -0.000000000000000000, 1.000000000000000000, -0.000000000000000000 ) ) ;
#712 = EDGE_LOOP ( 'NONE', ( #367, #2085, #2662, #1841 ) ) ;
#713 = EDGE_CURVE ( 'NONE', #1555, #591, #1388, .T. ) ;
#714 = AXIS2_PLACEMENT_3D ( 'NONE', #775, #1599, #1412 ) ;
#715 =( NAMED_UNIT ( * ) PLANE_ANGLE_UNIT ( ) SI_UNIT ( $, .RADIAN. ) );
#716 = FACE_OUTER_BOUND ( 'NONE', #1002, .T. ) ;
#717 = LINE ( 'NONE', #1952, #1380 ) ;
#718 = CARTESIAN_POINT ( 'NONE',  ( 3.554999999999999272, 0.000000000000000000, -3.109999999999999876 ) ) ;
#719 = DIRECTION ( 'NONE',  ( 0.000000000000000000, -1.000000000000000000, 0.000000000000000000 ) ) ;
#720 = SURFACE_STYLE_USAGE ( .BOTH. , #907 ) ;
#721 = LINE ( 'NONE', #1125, #519 ) ;
#722 = DIRECTION ( 'NONE',  ( -6.144964491593375321E-16, -1.000000000000000000, 0.000000000000000000 ) ) ;
#723 = ORIENTED_EDGE ( 'NONE', *, *, #1568, .F. ) ;
#724 = CARTESIAN_POINT ( 'NONE',  ( 3.865000000000000657, 0.000000000000000000, -1.600000000000000089 ) ) ;
#725 = SURFACE_STYLE_FILL_AREA ( #777 ) ;
#726 = DIRECTION ( 'NONE',  ( 0.000000000000000000, 0.9961946980917455452, 0.08715574274765836016 ) ) ;
#727 = CARTESIAN_POINT ( 'NONE',  ( 3.555000000000000604, 0.000000000000000000, -1.600000000000000089 ) ) ;
#728 = CARTESIAN_POINT ( 'NONE',  ( -2.899269950128920748, 1.208500000000000130, -3.004269950128920286 ) ) ;
#729 = EDGE_CURVE ( 'NONE', #1296, #23, #504, .T. ) ;
#730 = CARTESIAN_POINT ( 'NONE',  ( 4.065000000000000391, -1.411499999999997756, -1.600000000000000089 ) ) ;
#731 = CARTESIAN_POINT ( 'NONE',  ( -4.065000000000001279, -9.956378477067986399E-16, 1.600000000000000089 ) ) ;
#732 = SURFACE_STYLE_USAGE ( .BOTH. , #1778 ) ;
#733 = DIRECTION ( 'NONE',  ( -1.000000000000000000, 0.000000000000000000, 0.000000000000000000 ) ) ;
#734 = ORIENTED_EDGE ( 'NONE', *, *, #2652, .T. ) ;
#735 = COLOUR_RGB ( '',0.6666666666666666297, 0.6980392156862744724, 0.7686274509803920907 ) ;
#736 = VERTEX_POINT ( 'NONE', #2168 ) ;
#737 = CIRCLE ( 'NONE', #2058, 0.2000000000000000944 ) ;
#738 = CARTESIAN_POINT ( 'NONE',  ( -3.555000000000000160, 1.208500000000000130, 3.004269950128920286 ) ) ;
#739 = DIRECTION ( 'NONE',  ( 1.000000000000000000, 0.000000000000000000, 0.000000000000000000 ) ) ;
#740 = ORIENTED_EDGE ( 'NONE', *, *, #2640, .F. ) ;
#741 = AXIS2_PLACEMENT_3D ( 'NONE', #2216, #1979, #1187 ) ;
#742 = SURFACE_STYLE_USAGE ( .BOTH. , #2574 ) ;
#743 = ADVANCED_FACE ( 'NONE', ( #349 ), #2587, .T. ) ;
#744 = COLOUR_RGB ( '',0.4980392156862745168, 0.4980392156862745168, 0.4980392156862745168 ) ;
#745 = FACE_OUTER_BOUND ( 'NONE', #1122, .T. ) ;
#746 =( GEOMETRIC_REPRESENTATION_CONTEXT ( 3 ) GLOBAL_UNCERTAINTY_ASSIGNED_CONTEXT ( ( #1259 ) ) GLOBAL_UNIT_ASSIGNED_CONTEXT ( ( #2054, #2065, #1811 ) ) REPRESENTATION_CONTEXT ( 'NONE', 'WORKASPACE' ) );
#747 = EDGE_LOOP ( 'NONE', ( #2309, #2104, #978, #2247 ) ) ;
#748 = UNCERTAINTY_MEASURE_WITH_UNIT (LENGTH_MEASURE( 1.000000000000000082E-05 ), #417, 'distance_accuracy_value', 'NONE');
#749 = DIRECTION ( 'NONE',  ( 0.000000000000000000, -0.000000000000000000, 1.000000000000000000 ) ) ;
#750 = ORIENTED_EDGE ( 'NONE', *, *, #2563, .T. ) ;
#751 = COLOUR_RGB ( '',0.6666666666666666297, 0.6980392156862744724, 0.7686274509803920907 ) ;
#752 = FILL_AREA_STYLE ('',( #114 ) ) ;
#753 = MECHANICAL_DESIGN_GEOMETRIC_PRESENTATION_REPRESENTATION (  '', ( #395 ), #1819 ) ;
#754 = DIRECTION ( 'NONE',  ( 1.000000000000000000, 0.000000000000000000, -0.000000000000000000 ) ) ;
#755 = FILL_AREA_STYLE_COLOUR ( '', #352 ) ;
#756 = VECTOR ( 'NONE', #813, 1000.000000000000000 ) ;
#757 = EDGE_CURVE ( 'NONE', #1267, #1338, #319, .T. ) ;
#758 =( LENGTH_UNIT ( ) NAMED_UNIT ( * ) SI_UNIT ( .MILLI., .METRE. ) );
#759 = PRESENTATION_STYLE_ASSIGNMENT (( #418 ) ) ;
#760 = FACE_OUTER_BOUND ( 'NONE', #1789, .T. ) ;
#761 = ADVANCED_FACE ( 'NONE', ( #1158 ), #1967, .T. ) ;
#762 = LINE ( 'NONE', #542, #254 ) ;
#763 = ORIENTED_EDGE ( 'NONE', *, *, #1500, .T. ) ;
#764 = SURFACE_STYLE_FILL_AREA ( #1585 ) ;
#765 = VERTEX_POINT ( 'NONE', #1202 ) ;
#766 = ADVANCED_FACE ( 'NONE', ( #1255 ), #790, .F. ) ;
#767 = DIRECTION ( 'NONE',  ( -0.000000000000000000, -0.000000000000000000, 1.000000000000000000 ) ) ;
#768 = DIRECTION ( 'NONE',  ( 1.000000000000000000, 0.000000000000000000, -1.443548270273087399E-16 ) ) ;
#769 = DIRECTION ( 'NONE',  ( 0.000000000000000000, -0.000000000000000000, 1.000000000000000000 ) ) ;
#770 = ORIENTED_EDGE ( 'NONE', *, *, #1149, .T. ) ;
#771 = DIRECTION ( 'NONE',  ( -0.000000000000000000, -0.000000000000000000, -1.000000000000000000 ) ) ;
#772 = ORIENTED_EDGE ( 'NONE', *, *, #1118, .F. ) ;
#773 = CARTESIAN_POINT ( 'NONE',  ( 0.000000000000000000, -1.208500000000000130, 0.000000000000000000 ) ) ;
#774 = VERTEX_POINT ( 'NONE', #2419 ) ;
#775 = CARTESIAN_POINT ( 'NONE',  ( -2.949269950128921014, 1.158500000000000307, -3.004269950128920286 ) ) ;
#776 = AXIS2_PLACEMENT_3D ( 'NONE', #1968, #2610, #1404 ) ;
#777 = FILL_AREA_STYLE ('',( #2393 ) ) ;
#778 = COLOUR_RGB ( '',0.4980392156862745168, 0.4980392156862745168, 0.4980392156862745168 ) ;
#779 = FILL_AREA_STYLE_COLOUR ( '', #1233 ) ;
#780 = CARTESIAN_POINT ( 'NONE',  ( -3.466767682834105191, -1.008500000000000618, -3.109999999999999876 ) ) ;
#781 = COLOUR_RGB ( '',0.4980392156862745168, 0.4980392156862745168, 0.4980392156862745168 ) ;
#782 = PRESENTATION_LAYER_ASSIGNMENT (  '', '', ( #2248 ) ) ;
#783 = PRESENTATION_STYLE_ASSIGNMENT (( #2617 ) ) ;
#784 = VECTOR ( 'NONE', #5, 1000.000000000000000 ) ;
#785 = EDGE_CURVE ( 'NONE', #2440, #2096, #2246, .T. ) ;
#786 = LINE ( 'NONE', #1813, #208 ) ;
#787 = VERTEX_POINT ( 'NONE', #1647 ) ;
#788 = DIRECTION ( 'NONE',  ( 1.000000000000000000, 0.000000000000000000, 0.000000000000000000 ) ) ;
#789 = ORIENTED_EDGE ( 'NONE', *, *, #1373, .F. ) ;
#790 = PLANE ( 'NONE',  #714 ) ;
#791 = FILL_AREA_STYLE_COLOUR ( '', #201 ) ;
#792 =( GEOMETRIC_REPRESENTATION_CONTEXT ( 3 ) GLOBAL_UNCERTAINTY_ASSIGNED_CONTEXT ( ( #2407 ) ) GLOBAL_UNIT_ASSIGNED_CONTEXT ( ( #2612, #818, #2235 ) ) REPRESENTATION_CONTEXT ( 'NONE', 'WORKASPACE' ) );
#793 = ORIENTED_EDGE ( 'NONE', *, *, #507, .T. ) ;
#794 = EDGE_CURVE ( 'NONE', #2003, #1254, #2624, .T. ) ;
#795 = MECHANICAL_DESIGN_GEOMETRIC_PRESENTATION_REPRESENTATION (  '', ( #658 ), #2171 ) ;
#796 = LINE ( 'NONE', #2221, #1567 ) ;
#797 = COLOUR_RGB ( '',0.4980392156862745168, 0.4980392156862745168, 0.4980392156862745168 ) ;
#798 = VECTOR ( 'NONE', #2100, 1000.000000000000000 ) ;
#799 = ORIENTED_EDGE ( 'NONE', *, *, #931, .T. ) ;
#800 = EDGE_CURVE ( 'NONE', #1459, #1153, #1654, .T. ) ;
#801 = LINE ( 'NONE', #2438, #2582 ) ;
#802 = EDGE_LOOP ( 'NONE', ( #815, #884, #1246, #812 ) ) ;
#803 = CARTESIAN_POINT ( 'NONE',  ( 3.466767682834106079, -1.008499999999999952, 3.021767682834104907 ) ) ;
#804 = EDGE_LOOP ( 'NONE', ( #1399, #1093, #1244, #1386 ) ) ;
#805 = FACE_OUTER_BOUND ( 'NONE', #802, .T. ) ;
#806 = ORIENTED_EDGE ( 'NONE', *, *, #1314, .T. ) ;
#807 = FACE_OUTER_BOUND ( 'NONE', #1779, .T. ) ;
#808 = DIRECTION ( 'NONE',  ( -1.000000000000000000, 0.000000000000000000, 7.217741351365436993E-17 ) ) ;
#809 = LINE ( 'NONE', #1224, #1682 ) ;
#810 = CARTESIAN_POINT ( 'NONE',  ( -3.555000000000001048, 0.000000000000000000, -3.109999999999999876 ) ) ;
#811 =( NAMED_UNIT ( * ) PLANE_ANGLE_UNIT ( ) SI_UNIT ( $, .RADIAN. ) );
#812 = ORIENTED_EDGE ( 'NONE', *, *, #427, .T. ) ;
#813 = DIRECTION ( 'NONE',  ( -1.000000000000000000, -0.000000000000000000, -0.000000000000000000 ) ) ;
#814 = FACE_OUTER_BOUND ( 'NONE', #1487, .T. ) ;
#815 = ORIENTED_EDGE ( 'NONE', *, *, #451, .T. ) ;
#816 =( GEOMETRIC_REPRESENTATION_CONTEXT ( 3 ) GLOBAL_UNCERTAINTY_ASSIGNED_CONTEXT ( ( #819 ) ) GLOBAL_UNIT_ASSIGNED_CONTEXT ( ( #291, #915, #250 ) ) REPRESENTATION_CONTEXT ( 'NONE', 'WORKASPACE' ) );
#817 = LINE ( 'NONE', #174, #1078 ) ;
#818 =( NAMED_UNIT ( * ) PLANE_ANGLE_UNIT ( ) SI_UNIT ( $, .RADIAN. ) );
#819 = UNCERTAINTY_MEASURE_WITH_UNIT (LENGTH_MEASURE( 1.000000000000000082E-05 ), #291, 'distance_accuracy_value', 'NONE');
#820 = FILL_AREA_STYLE ('',( #2655 ) ) ;
#821 = STYLED_ITEM ( 'NONE', ( #996 ), #1689 ) ;
#822 = EDGE_LOOP ( 'NONE', ( #1622, #235, #1501, #793 ) ) ;
#823 = VECTOR ( 'NONE', #227, 1000.000000000000000 ) ;
#824 = MECHANICAL_DESIGN_GEOMETRIC_PRESENTATION_REPRESENTATION (  '', ( #2489 ), #336 ) ;
#825 = EDGE_CURVE ( 'NONE', #661, #774, #2266, .T. ) ;
#826 = CARTESIAN_POINT ( 'NONE',  ( -2.829269950128920019, 1.158500000000000307, 3.004269950128920286 ) ) ;
#827 = EDGE_CURVE ( 'NONE', #535, #1745, #626, .T. ) ;
#828 = LINE ( 'NONE', #1644, #1602 ) ;
#829 = ORIENTED_EDGE ( 'NONE', *, *, #365, .T. ) ;
#830 = MECHANICAL_DESIGN_GEOMETRIC_PRESENTATION_REPRESENTATION (  '', ( #2373 ), #1392 ) ;
#831 = STYLED_ITEM ( 'NONE', ( #1865 ), #1217 ) ;
#832 = FILL_AREA_STYLE_COLOUR ( '', #491 ) ;
#833 = VECTOR ( 'NONE', #411, 1000.000000000000000 ) ;
#834 = ORIENTED_EDGE ( 'NONE', *, *, #564, .F. ) ;
#835 = SURFACE_STYLE_USAGE ( .BOTH. , #2268 ) ;
#836 = DIRECTION ( 'NONE',  ( -1.000000000000000000, -2.802585719021566778E-15, 0.000000000000000000 ) ) ;
#837 = VECTOR ( 'NONE', #2384, 1000.000000000000000 ) ;
#838 = STYLED_ITEM ( 'NONE', ( #1928 ), #360 ) ;
#839 = DIRECTION ( 'NONE',  ( -1.000000000000000000, 0.000000000000000000, 0.000000000000000000 ) ) ;
#840 = AXIS2_PLACEMENT_3D ( 'NONE', #1339, #2361, #308 ) ;
#841 = CARTESIAN_POINT ( 'NONE',  ( -2.929269950128920996, 1.158500000000000307, -3.004269950128920286 ) ) ;
#842 = DIRECTION ( 'NONE',  ( 6.144964491593376307E-16, -1.000000000000000000, 0.000000000000000000 ) ) ;
#843 = VERTEX_POINT ( 'NONE', #1402 ) ;
#844 = CARTESIAN_POINT ( 'NONE',  ( 3.760000000000000231, -0.9064999999999980851, 1.600000000000000089 ) ) ;
#845 = ADVANCED_FACE ( 'NONE', ( #171 ), #1621, .T. ) ;
#846 = DIRECTION ( 'NONE',  ( -0.000000000000000000, 0.000000000000000000, 1.000000000000000000 ) ) ;
#847 = DIRECTION ( 'NONE',  ( -1.443548270273087399E-16, 0.000000000000000000, -1.000000000000000000 ) ) ;
#848 = DIRECTION ( 'NONE',  ( 1.000000000000000000, 0.000000000000000000, 0.000000000000000000 ) ) ;
#849 = CARTESIAN_POINT ( 'NONE',  ( -3.560000000000000053, -1.106499999999998929, 1.600000000000000089 ) ) ;
#850 = PLANE ( 'NONE',  #652 ) ;
#851 = SURFACE_STYLE_USAGE ( .BOTH. , #1062 ) ;
#852 = ORIENTED_EDGE ( 'NONE', *, *, #1150, .T. ) ;
#853 = CARTESIAN_POINT ( 'NONE',  ( -4.065000000000000391, -1.211499999999999133, 1.600000000000000089 ) ) ;
#854 = EDGE_CURVE ( 'NONE', #1346, #1695, #1697, .T. ) ;
#855 = DIRECTION ( 'NONE',  ( -1.000000000000000000, 0.000000000000000000, 0.000000000000000000 ) ) ;
#856 = LINE ( 'NONE', #1456, #530 ) ;
#857 = ORIENTED_EDGE ( 'NONE', *, *, #2190, .F. ) ;
#858 = CARTESIAN_POINT ( 'NONE',  ( -3.508108306959143441, -0.5359745040220236234, 3.063108306959143157 ) ) ;
#859 = PRESENTATION_LAYER_ASSIGNMENT (  '', '', ( #1716 ) ) ;
#860 = MECHANICAL_DESIGN_GEOMETRIC_PRESENTATION_REPRESENTATION (  '', ( #2575 ), #1636 ) ;
#861 = SURFACE_SIDE_STYLE ('',( #2068 ) ) ;
#862 = AXIS2_PLACEMENT_3D ( 'NONE', #902, #1060, #1466 ) ;
#863 = ORIENTED_EDGE ( 'NONE', *, *, #2306, .F. ) ;
#864 = VECTOR ( 'NONE', #245, 1000.000000000000000 ) ;
#865 = SURFACE_SIDE_STYLE ('',( #62 ) ) ;
#866 = VERTEX_POINT ( 'NONE', #1910 ) ;
#867 = STYLED_ITEM ( 'NONE', ( #1276 ), #2391 ) ;
#868 =( LENGTH_UNIT ( ) NAMED_UNIT ( * ) SI_UNIT ( .MILLI., .METRE. ) );
#869 = ADVANCED_FACE ( 'NONE', ( #2121 ), #1057, .F. ) ;
#870 = DIRECTION ( 'NONE',  ( 0.000000000000000000, 0.000000000000000000, 1.000000000000000000 ) ) ;
#871 = ORIENTED_EDGE ( 'NONE', *, *, #496, .F. ) ;
#872 =( NAMED_UNIT ( * ) PLANE_ANGLE_UNIT ( ) SI_UNIT ( $, .RADIAN. ) );
#873 = FILL_AREA_STYLE ('',( #2114 ) ) ;
#874 = VECTOR ( 'NONE', #1147, 1000.000000000000000 ) ;
#875 = COLOUR_RGB ( '',0.6666666666666666297, 0.6980392156862744724, 0.7686274509803920907 ) ;
#876 = FILL_AREA_STYLE ('',( #659 ) ) ;
#877 = DIRECTION ( 'NONE',  ( 0.000000000000000000, 1.000000000000000000, 0.000000000000000000 ) ) ;
#878 = VERTEX_POINT ( 'NONE', #853 ) ;
#879 = ORIENTED_EDGE ( 'NONE', *, *, #2627, .F. ) ;
#880 = DIRECTION ( 'NONE',  ( 1.000000000000000000, 0.000000000000000000, 0.000000000000000000 ) ) ;
#881 =( GEOMETRIC_REPRESENTATION_CONTEXT ( 3 ) GLOBAL_UNCERTAINTY_ASSIGNED_CONTEXT ( ( #1494 ) ) GLOBAL_UNIT_ASSIGNED_CONTEXT ( ( #442, #468, #454 ) ) REPRESENTATION_CONTEXT ( 'NONE', 'WORKASPACE' ) );
#882 = DIRECTION ( 'NONE',  ( 0.000000000000000000, 0.000000000000000000, 1.000000000000000000 ) ) ;
#883 = CARTESIAN_POINT ( 'NONE',  ( 3.865000000000000657, -0.2000000000000000111, -1.600000000000000089 ) ) ;
#884 = ORIENTED_EDGE ( 'NONE', *, *, #2656, .F. ) ;
#885 = DIRECTION ( 'NONE',  ( 0.000000000000000000, 0.000000000000000000, 1.000000000000000000 ) ) ;
#886 = CARTESIAN_POINT ( 'NONE',  ( 4.065000000000000391, -1.211499999999998023, 1.600000000000000089 ) ) ;
#887 = EDGE_CURVE ( 'NONE', #246, #2274, #1081, .T. ) ;
#888 = ORIENTED_EDGE ( 'NONE', *, *, #1043, .F. ) ;
#889 = FACE_OUTER_BOUND ( 'NONE', #971, .T. ) ;
#890 = EDGE_CURVE ( 'NONE', #1956, #600, #1894, .T. ) ;
#891 = ORIENTED_EDGE ( 'NONE', *, *, #757, .F. ) ;
#892 = SURFACE_SIDE_STYLE ('',( #1304 ) ) ;
#893 = LINE ( 'NONE', #450, #1313 ) ;
#894 = CARTESIAN_POINT ( 'NONE',  ( -3.555000000000000604, 4.336808689942017736E-16, 1.600000000000000089 ) ) ;
#895 = PLANE ( 'NONE',  #1931 ) ;
#896 = ORIENTED_EDGE ( 'NONE', *, *, #2383, .F. ) ;
#897 = SURFACE_STYLE_USAGE ( .BOTH. , #2515 ) ;
#898 = CARTESIAN_POINT ( 'NONE',  ( -2.949269950128921014, 1.158500000000000307, -3.004269950128920286 ) ) ;
#899 = DIRECTION ( 'NONE',  ( -0.08682659386424777803, -0.9924325091389669673, 0.08682659386424779191 ) ) ;
#900 = ORIENTED_EDGE ( 'NONE', *, *, #677, .T. ) ;
#901 = UNCERTAINTY_MEASURE_WITH_UNIT (LENGTH_MEASURE( 1.000000000000000082E-05 ), #1559, 'distance_accuracy_value', 'NONE');
#902 = CARTESIAN_POINT ( 'NONE',  ( -3.864999999999999769, -1.211499999999998911, -1.600000000000000089 ) ) ;
#903 = CIRCLE ( 'NONE', #1509, 0.2000000000000000944 ) ;
#904 = DIRECTION ( 'NONE',  ( -1.000000000000000000, -2.853163611803962229E-16, 0.000000000000000000 ) ) ;
#905 = EDGE_CURVE ( 'NONE', #1695, #2510, #2432, .T. ) ;
#906 = PRESENTATION_LAYER_ASSIGNMENT (  '', '', ( #563 ) ) ;
#907 = SURFACE_SIDE_STYLE ('',( #925 ) ) ;
#908 = AXIS2_PLACEMENT_3D ( 'NONE', #1615, #1024, #847 ) ;
#909 = CARTESIAN_POINT ( 'NONE',  ( 0.000000000000000000, 1.158500000000000307, 0.000000000000000000 ) ) ;
#910 = CARTESIAN_POINT ( 'NONE',  ( -2.849269950128920481, 1.158500000000000307, 3.004269950128920286 ) ) ;
#911 = VERTEX_POINT ( 'NONE', #1473 ) ;
#912 =( GEOMETRIC_REPRESENTATION_CONTEXT ( 3 ) GLOBAL_UNCERTAINTY_ASSIGNED_CONTEXT ( ( #2672 ) ) GLOBAL_UNIT_ASSIGNED_CONTEXT ( ( #1371, #571, #970 ) ) REPRESENTATION_CONTEXT ( 'NONE', 'WORKASPACE' ) );
#913 = PLANE ( 'NONE',  #2632 ) ;
#914 = ORIENTED_EDGE ( 'NONE', *, *, #1822, .F. ) ;
#915 =( NAMED_UNIT ( * ) PLANE_ANGLE_UNIT ( ) SI_UNIT ( $, .RADIAN. ) );
#916 = PRESENTATION_LAYER_ASSIGNMENT (  '', '', ( #611 ) ) ;
#917 = MECHANICAL_DESIGN_GEOMETRIC_PRESENTATION_REPRESENTATION (  '', ( #1433 ), #387 ) ;
#918 = PRODUCT_DEFINITION_FORMATION_WITH_SPECIFIED_SOURCE ( 'ANY', '', #2234, .NOT_KNOWN. ) ;
#919 = DIRECTION ( 'NONE',  ( 1.000000000000000000, 0.000000000000000000, 0.000000000000000000 ) ) ;
#920 = LINE ( 'NONE', #946, #2197 ) ;
#921 = DIRECTION ( 'NONE',  ( 1.000000000000000000, -0.000000000000000000, -0.000000000000000000 ) ) ;
#922 = STYLED_ITEM ( 'NONE', ( #1220 ), #149 ) ;
#923 = VECTOR ( 'NONE', #1725, 1000.000000000000000 ) ;
#924 = SURFACE_SIDE_STYLE ('',( #2567 ) ) ;
#925 = SURFACE_STYLE_FILL_AREA ( #2163 ) ;
#926 = DIRECTION ( 'NONE',  ( 7.217741351365436993E-17, 0.000000000000000000, 1.000000000000000000 ) ) ;
#927 = DIRECTION ( 'NONE',  ( -1.000000000000000000, -2.853163611803962722E-16, 0.000000000000000000 ) ) ;
#928 = VECTOR ( 'NONE', #327, 1000.000000000000000 ) ;
#929 = ORIENTED_EDGE ( 'NONE', *, *, #2446, .F. ) ;
#930 = AXIS2_PLACEMENT_3D ( 'NONE', #1868, #17, #694 ) ;
#931 = EDGE_CURVE ( 'NONE', #52, #182, #1291, .T. ) ;
#932 = SURFACE_STYLE_FILL_AREA ( #683 ) ;
#933 =( NAMED_UNIT ( * ) PLANE_ANGLE_UNIT ( ) SI_UNIT ( $, .RADIAN. ) );
#934 = FILL_AREA_STYLE_COLOUR ( '', #751 ) ;
#935 = DIRECTION ( 'NONE',  ( -0.000000000000000000, 1.000000000000000000, -0.000000000000000000 ) ) ;
#936 = DIRECTION ( 'NONE',  ( 0.000000000000000000, -0.000000000000000000, 1.000000000000000000 ) ) ;
#937 = CARTESIAN_POINT ( 'NONE',  ( -3.555000000000001048, 1.208500000000000130, -3.004269950128920286 ) ) ;
#938 = CARTESIAN_POINT ( 'NONE',  ( -3.865000000000001101, -4.351207039024862014E-16, -1.600000000000000089 ) ) ;
#939 = ORIENTED_EDGE ( 'NONE', *, *, #827, .F. ) ;
#940 = APPLICATION_CONTEXT ( 'automotive_design' ) ;
#941 = DIRECTION ( 'NONE',  ( -1.000000000000000000, 0.000000000000000000, -0.000000000000000000 ) ) ;
#942 = ADVANCED_FACE ( 'NONE', ( #47 ), #2285, .T. ) ;
#943 = CARTESIAN_POINT ( 'NONE',  ( 1.949269950128920792, -1.008499999999999952, -3.109999999999999876 ) ) ;
#944 = FILL_AREA_STYLE_COLOUR ( '', #1235 ) ;
#945 = ADVANCED_FACE ( 'NONE', ( #554 ), #323, .F. ) ;
#946 = CARTESIAN_POINT ( 'NONE',  ( -2.849269950128920925, 1.158500000000000307, -3.004269950128920286 ) ) ;
#947 = CARTESIAN_POINT ( 'NONE',  ( -3.555000000000000160, -1.008499999999999952, 3.021767682834105351 ) ) ;
#948 = DIRECTION ( 'NONE',  ( -1.000000000000000000, 0.000000000000000000, 7.217741351365436993E-17 ) ) ;
#949 = FACE_OUTER_BOUND ( 'NONE', #14, .T. ) ;
#950 = ORIENTED_EDGE ( 'NONE', *, *, #696, .T. ) ;
#951 = LINE ( 'NONE', #1610, #2158 ) ;
#952 = MECHANICAL_DESIGN_GEOMETRIC_PRESENTATION_REPRESENTATION (  '', ( #517 ), #1842 ) ;
#953 = ORIENTED_EDGE ( 'NONE', *, *, #467, .T. ) ;
#954 = MECHANICAL_DESIGN_GEOMETRIC_PRESENTATION_REPRESENTATION (  '', ( #1075 ), #2486 ) ;
#955 = CARTESIAN_POINT ( 'NONE',  ( -2.779269950128920641, 1.208500000000000130, -3.004269950128920286 ) ) ;
#956 = CARTESIAN_POINT ( 'NONE',  ( 3.865000000000000657, -0.2000000000000000111, -1.600000000000000089 ) ) ;
#957 = VERTEX_POINT ( 'NONE', #2186 ) ;
#958 = VECTOR ( 'NONE', #2009, 1000.000000000000000 ) ;
#959 = EDGE_CURVE ( 'NONE', #78, #787, #1742, .T. ) ;
#960 = PRESENTATION_LAYER_ASSIGNMENT (  '', '', ( #2579 ) ) ;
#961 = CARTESIAN_POINT ( 'NONE',  ( 3.560000000000000053, -0.9064999999999979741, -1.600000000000000089 ) ) ;
#962 = LINE ( 'NONE', #137, #1387 ) ;
#963 = VECTOR ( 'NONE', #2264, 1000.000000000000000 ) ;
#964 = PLANE ( 'NONE',  #1550 ) ;
#965 = PRESENTATION_LAYER_ASSIGNMENT (  '', '', ( #210 ) ) ;
#966 = SURFACE_SIDE_STYLE ('',( #1552 ) ) ;
#967 =( NAMED_UNIT ( * ) SI_UNIT ( $, .STERADIAN. ) SOLID_ANGLE_UNIT ( ) );
#968 = EDGE_LOOP ( 'NONE', ( #1199, #2434, #740, #1156 ) ) ;
#969 = UNCERTAINTY_MEASURE_WITH_UNIT (LENGTH_MEASURE( 1.000000000000000082E-05 ), #195, 'distance_accuracy_value', 'NONE');
#970 =( NAMED_UNIT ( * ) SI_UNIT ( $, .STERADIAN. ) SOLID_ANGLE_UNIT ( ) );
#971 = EDGE_LOOP ( 'NONE', ( #1077, #1803, #2008, #2189 ) ) ;
#972 =( GEOMETRIC_REPRESENTATION_CONTEXT ( 3 ) GLOBAL_UNCERTAINTY_ASSIGNED_CONTEXT ( ( #689 ) ) GLOBAL_UNIT_ASSIGNED_CONTEXT ( ( #2394, #548, #2527 ) ) REPRESENTATION_CONTEXT ( 'NONE', 'WORKASPACE' ) );
#973 = DIRECTION ( 'NONE',  ( -1.000000000000000000, 0.000000000000000000, -0.000000000000000000 ) ) ;
#974 = CARTESIAN_POINT ( 'NONE',  ( 0.000000000000000000, 1.208500000000000130, 0.000000000000000000 ) ) ;
#975 = VECTOR ( 'NONE', #1765, 1000.000000000000114 ) ;
#976 = LINE ( 'NONE', #727, #2210 ) ;
#977 = FACE_OUTER_BOUND ( 'NONE', #2400, .T. ) ;
#978 = ORIENTED_EDGE ( 'NONE', *, *, #785, .T. ) ;
#979 = DIRECTION ( 'NONE',  ( 0.000000000000000000, 0.000000000000000000, -1.000000000000000000 ) ) ;
#980 = CARTESIAN_POINT ( 'NONE',  ( -2.849269950128920925, 1.158500000000000307, -3.004269950128920286 ) ) ;
#981 = ADVANCED_FACE ( 'NONE', ( #949 ), #1356, .F. ) ;
#982 = PLANE ( 'NONE',  #1680 ) ;
#983 = ORIENTED_EDGE ( 'NONE', *, *, #2176, .F. ) ;
#984 = SURFACE_STYLE_USAGE ( .BOTH. , #2178 ) ;
#985 = EDGE_LOOP ( 'NONE', ( #1942, #192, #2534, #262 ) ) ;
#986 = SURFACE_STYLE_USAGE ( .BOTH. , #1175 ) ;
#987 = LINE ( 'NONE', #310, #2451 ) ;
#988 = UNCERTAINTY_MEASURE_WITH_UNIT (LENGTH_MEASURE( 1.000000000000000082E-05 ), #758, 'distance_accuracy_value', 'NONE');
#989 = EDGE_LOOP ( 'NONE', ( #1996, #1281, #1009, #2179, #1623, #2083, #1210, #1312, #2265, #1761, #2585, #341 ) ) ;
#990 =( LENGTH_UNIT ( ) NAMED_UNIT ( * ) SI_UNIT ( .MILLI., .METRE. ) );
#991 = DIRECTION ( 'NONE',  ( 7.217741351365436993E-17, 0.000000000000000000, 1.000000000000000000 ) ) ;
#992 = ORIENTED_EDGE ( 'NONE', *, *, #1987, .T. ) ;
#993 = FACE_OUTER_BOUND ( 'NONE', #147, .T. ) ;
#994 = ORIENTED_EDGE ( 'NONE', *, *, #1628, .T. ) ;
#995 = AXIS2_PLACEMENT_3D ( 'NONE', #21, #1090, #855 ) ;
#996 = PRESENTATION_STYLE_ASSIGNMENT (( #2455 ) ) ;
#997 = EDGE_CURVE ( 'NONE', #1619, #2215, #515, .T. ) ;
#998 = ORIENTED_EDGE ( 'NONE', *, *, #1447, .F. ) ;
#999 = SURFACE_STYLE_FILL_AREA ( #1626 ) ;
#1000 = LINE ( 'NONE', #698, #2323 ) ;
#1001 = AXIS2_PLACEMENT_3D ( 'NONE', #2000, #808, #1207 ) ;
#1002 = EDGE_LOOP ( 'NONE', ( #524, #2194, #166, #579 ) ) ;
#1003 = AXIS2_PLACEMENT_3D ( 'NONE', #401, #385, #1840 ) ;
#1004 = PRESENTATION_LAYER_ASSIGNMENT (  '', '', ( #1433 ) ) ;
#1005 = VERTEX_POINT ( 'NONE', #1569 ) ;
#1006 = DIRECTION ( 'NONE',  ( 1.000000000000000000, 0.000000000000000000, 0.000000000000000000 ) ) ;
#1007 = ORIENTED_EDGE ( 'NONE', *, *, #785, .F. ) ;
#1008 = CARTESIAN_POINT ( 'NONE',  ( -2.799269950128920659, 1.208500000000000130, 3.004269950128920286 ) ) ;
#1009 = ORIENTED_EDGE ( 'NONE', *, *, #1624, .F. ) ;
#1010 = EDGE_CURVE ( 'NONE', #445, #661, #762, .T. ) ;
#1011 = DIRECTION ( 'NONE',  ( -1.000000000000000000, -0.000000000000000000, -0.000000000000000000 ) ) ;
#1012 = PRESENTATION_STYLE_ASSIGNMENT (( #1034 ) ) ;
#1013 = EDGE_LOOP ( 'NONE', ( #41, #2433, #1998, #558 ) ) ;
#1014 = VECTOR ( 'NONE', #2318, 1000.000000000000000 ) ;
#1015 = SURFACE_SIDE_STYLE ('',( #1940 ) ) ;
#1016 = LINE ( 'NONE', #2038, #2070 ) ;
#1017 =( LENGTH_UNIT ( ) NAMED_UNIT ( * ) SI_UNIT ( .MILLI., .METRE. ) );
#1018 = CARTESIAN_POINT ( 'NONE',  ( -2.799269950128920659, 1.208500000000000130, 3.004269950128920286 ) ) ;
#1019 = DIRECTION ( 'NONE',  ( -0.000000000000000000, -0.000000000000000000, 1.000000000000000000 ) ) ;
#1020 = ORIENTED_EDGE ( 'NONE', *, *, #559, .T. ) ;
#1021 = DIRECTION ( 'NONE',  ( -2.091708371354671065E-16, 0.000000000000000000, -1.000000000000000000 ) ) ;
#1022 = DIRECTION ( 'NONE',  ( -0.000000000000000000, -0.000000000000000000, -1.000000000000000000 ) ) ;
#1023 = ORIENTED_EDGE ( 'NONE', *, *, #997, .F. ) ;
#1024 = DIRECTION ( 'NONE',  ( 1.000000000000000000, 0.000000000000000000, -1.443548270273087399E-16 ) ) ;
#1025 = DIRECTION ( 'NONE',  ( -1.000000000000000000, -1.084202172485503842E-15, 0.000000000000000000 ) ) ;
#1026 = ADVANCED_FACE ( 'NONE', ( #1977 ), #2374, .T. ) ;
#1027 = CARTESIAN_POINT ( 'NONE',  ( 3.449269950128919682, 1.208500000000000130, -3.004269950128920286 ) ) ;
#1028 = VERTEX_POINT ( 'NONE', #1963 ) ;
#1029 = CARTESIAN_POINT ( 'NONE',  ( 4.065000000000001279, -0.2000000000000001499, -1.600000000000000089 ) ) ;
#1030 = DIRECTION ( 'NONE',  ( -0.000000000000000000, 0.000000000000000000, 1.000000000000000000 ) ) ;
#1031 = DIRECTION ( 'NONE',  ( -1.000000000000000000, 0.000000000000000000, 7.217741351365436993E-17 ) ) ;
#1032 = LINE ( 'NONE', #2660, #2023 ) ;
#1033 = ORIENTED_EDGE ( 'NONE', *, *, #365, .F. ) ;
#1034 = SURFACE_STYLE_USAGE ( .BOTH. , #156 ) ;
#1035 = ORIENTED_EDGE ( 'NONE', *, *, #1150, .F. ) ;
#1036 = AXIS2_PLACEMENT_3D ( 'NONE', #459, #1297, #54 ) ;
#1037 = CARTESIAN_POINT ( 'NONE',  ( -3.865000000000001101, -4.351207039024862014E-16, 1.600000000000000089 ) ) ;
#1038 = DIRECTION ( 'NONE',  ( -0.08682659386424780579, 0.9924325091389669673, -0.08682659386424779191 ) ) ;
#1039 = DIRECTION ( 'NONE',  ( -1.000000000000000000, 6.144964491593376307E-16, 0.000000000000000000 ) ) ;
#1040 = UNCERTAINTY_MEASURE_WITH_UNIT (LENGTH_MEASURE( 1.000000000000000082E-05 ), #10, 'distance_accuracy_value', 'NONE');
#1041 = EDGE_CURVE ( 'NONE', #1705, #52, #650, .T. ) ;
#1042 = AXIS2_PLACEMENT_3D ( 'NONE', #883, #1311, #288 ) ;
#1043 = EDGE_CURVE ( 'NONE', #1254, #144, #2449, .T. ) ;
#1044 = ADVANCED_FACE ( 'NONE', ( #2013 ), #2002, .F. ) ;
#1045 = DIRECTION ( 'NONE',  ( -1.000000000000000000, 0.000000000000000000, 0.000000000000000000 ) ) ;
#1046 = COLOUR_RGB ( '',0.4980392156862745168, 0.4980392156862745168, 0.4980392156862745168 ) ;
#1047 = CARTESIAN_POINT ( 'NONE',  ( -2.949269950128920570, 1.158500000000000307, 3.004269950128920286 ) ) ;
#1048 = VECTOR ( 'NONE', #342, 1000.000000000000000 ) ;
#1049 = ORIENTED_EDGE ( 'NONE', *, *, #757, .T. ) ;
#1050 = PLANE ( 'NONE',  #1303 ) ;
#1051 = LINE ( 'NONE', #602, #328 ) ;
#1052 = MECHANICAL_DESIGN_GEOMETRIC_PRESENTATION_REPRESENTATION (  '', ( #46 ), #4 ) ;
#1053 = PRESENTATION_LAYER_ASSIGNMENT (  '', '', ( #489 ) ) ;
#1054 = AXIS2_PLACEMENT_3D ( 'NONE', #1129, #2379, #1997 ) ;
#1055 = DIRECTION ( 'NONE',  ( 1.000000000000000000, 0.000000000000000000, 0.000000000000000000 ) ) ;
#1056 = ORIENTED_EDGE ( 'NONE', *, *, #462, .T. ) ;
#1057 = PLANE ( 'NONE',  #930 ) ;
#1058 = DIRECTION ( 'NONE',  ( 0.000000000000000000, 0.000000000000000000, 1.000000000000000000 ) ) ;
#1059 = PRODUCT_DEFINITION_CONTEXT ( 'detailed design', #2544, 'design' ) ;
#1060 = DIRECTION ( 'NONE',  ( 0.000000000000000000, 0.000000000000000000, 1.000000000000000000 ) ) ;
#1061 =( NAMED_UNIT ( * ) SI_UNIT ( $, .STERADIAN. ) SOLID_ANGLE_UNIT ( ) );
#1062 = SURFACE_SIDE_STYLE ('',( #1829 ) ) ;
#1063 = ORIENTED_EDGE ( 'NONE', *, *, #2383, .T. ) ;
#1064 = EDGE_CURVE ( 'NONE', #1474, #1793, #1315, .T. ) ;
#1065 = CARTESIAN_POINT ( 'NONE',  ( 0.000000000000000000, 1.208500000000000130, 0.000000000000000000 ) ) ;
#1066 =( NAMED_UNIT ( * ) PLANE_ANGLE_UNIT ( ) SI_UNIT ( $, .RADIAN. ) );
#1067 = DIRECTION ( 'NONE',  ( -2.857868316027699036E-16, 1.000000000000000000, 0.000000000000000000 ) ) ;
#1068 = ORIENTED_EDGE ( 'NONE', *, *, #1658, .F. ) ;
#1069 = SURFACE_STYLE_FILL_AREA ( #1340 ) ;
#1070 = DIRECTION ( 'NONE',  ( 0.000000000000000000, 0.000000000000000000, 1.000000000000000000 ) ) ;
#1071 = EDGE_LOOP ( 'NONE', ( #90, #1056, #1063, #1035 ) ) ;
#1072 = FILL_AREA_STYLE_COLOUR ( '', #1306 ) ;
#1073 = VECTOR ( 'NONE', #836, 1000.000000000000000 ) ;
#1074 = SHAPE_DEFINITION_REPRESENTATION ( #1377, #536 ) ;
#1075 = STYLED_ITEM ( 'NONE', ( #2499 ), #1726 ) ;
#1076 = FACE_OUTER_BOUND ( 'NONE', #712, .T. ) ;
#1077 = ORIENTED_EDGE ( 'NONE', *, *, #2435, .T. ) ;
#1078 = VECTOR ( 'NONE', #1426, 1000.000000000000000 ) ;
#1079 = ORIENTED_EDGE ( 'NONE', *, *, #247, .T. ) ;
#1080 = MECHANICAL_DESIGN_GEOMETRIC_PRESENTATION_REPRESENTATION (  '', ( #2579 ), #337 ) ;
#1081 = LINE ( 'NONE', #2084, #1614 ) ;
#1082 = ADVANCED_FACE ( 'NONE', ( #2659 ), #2645, .T. ) ;
#1083 = DIRECTION ( 'NONE',  ( 1.000000000000000000, 0.000000000000000000, 0.000000000000000000 ) ) ;
#1084 =( NAMED_UNIT ( * ) SI_UNIT ( $, .STERADIAN. ) SOLID_ANGLE_UNIT ( ) );
#1085 = CARTESIAN_POINT ( 'NONE',  ( 4.065000000000000391, -1.106499999999997819, -1.600000000000000089 ) ) ;
#1086 = EDGE_LOOP ( 'NONE', ( #1521, #1657, #2439, #597 ) ) ;
#1087 =( GEOMETRIC_REPRESENTATION_CONTEXT ( 3 ) GLOBAL_UNCERTAINTY_ASSIGNED_CONTEXT ( ( #2321 ) ) GLOBAL_UNIT_ASSIGNED_CONTEXT ( ( #990, #2371, #1796 ) ) REPRESENTATION_CONTEXT ( 'NONE', 'WORKASPACE' ) );
#1088 = AXIS2_PLACEMENT_3D ( 'NONE', #1798, #1019, #383 ) ;
#1089 = FILL_AREA_STYLE_COLOUR ( '', #797 ) ;
#1090 = DIRECTION ( 'NONE',  ( -0.000000000000000000, -0.000000000000000000, 1.000000000000000000 ) ) ;
#1091 =( NAMED_UNIT ( * ) PLANE_ANGLE_UNIT ( ) SI_UNIT ( $, .RADIAN. ) );
#1092 = EDGE_CURVE ( 'NONE', #1005, #843, #2463, .T. ) ;
#1093 = ORIENTED_EDGE ( 'NONE', *, *, #154, .F. ) ;
#1094 = MECHANICAL_DESIGN_GEOMETRIC_PRESENTATION_REPRESENTATION (  '', ( #2462 ), #792 ) ;
#1095 = PRESENTATION_LAYER_ASSIGNMENT (  '', '', ( #838 ) ) ;
#1096 = CARTESIAN_POINT ( 'NONE',  ( -4.065000000000001279, -0.2000000000000005662, 1.600000000000000089 ) ) ;
#1097 = COLOUR_RGB ( '',0.6666666666666666297, 0.6980392156862744724, 0.7686274509803920907 ) ;
#1098 = DIRECTION ( 'NONE',  ( -1.000000000000000000, 0.000000000000000000, 0.000000000000000000 ) ) ;
#1099 = CARTESIAN_POINT ( 'NONE',  ( -2.545000000000000817, -1.411499999999998867, -1.600000000000000089 ) ) ;
#1100 = DIRECTION ( 'NONE',  ( 0.000000000000000000, 1.000000000000000000, 0.000000000000000000 ) ) ;
#1101 = CARTESIAN_POINT ( 'NONE',  ( -3.760000000000000231, -0.9064999999999990843, -1.600000000000000089 ) ) ;
#1102 = ORIENTED_EDGE ( 'NONE', *, *, #384, .T. ) ;
#1103 = CARTESIAN_POINT ( 'NONE',  ( -3.555000000000000160, 0.000000000000000000, 3.109999999999999876 ) ) ;
#1104 = ORIENTED_EDGE ( 'NONE', *, *, #2143, .F. ) ;
#1105 = DIRECTION ( 'NONE',  ( -0.08715574274765836016, 0.9961946980917455452, 0.000000000000000000 ) ) ;
#1106 =( LENGTH_UNIT ( ) NAMED_UNIT ( * ) SI_UNIT ( .MILLI., .METRE. ) );
#1107 = EDGE_CURVE ( 'NONE', #2493, #1028, #1436, .T. ) ;
#1108 = ORIENTED_EDGE ( 'NONE', *, *, #1833, .T. ) ;
#1109 = FILL_AREA_STYLE_COLOUR ( '', #574 ) ;
#1110 = PLANE ( 'NONE',  #1679 ) ;
#1111 = CARTESIAN_POINT ( 'NONE',  ( -2.849269950128920481, 1.158500000000000307, 3.004269950128920286 ) ) ;
#1112 =( NAMED_UNIT ( * ) SI_UNIT ( $, .STERADIAN. ) SOLID_ANGLE_UNIT ( ) );
#1113 = LINE ( 'NONE', #1142, #2115 ) ;
#1114 = ORIENTED_EDGE ( 'NONE', *, *, #1230, .F. ) ;
#1115 = PRESENTATION_STYLE_ASSIGNMENT (( #702 ) ) ;
#1116 = DIRECTION ( 'NONE',  ( 0.000000000000000000, 0.000000000000000000, -1.000000000000000000 ) ) ;
#1117 = UNCERTAINTY_MEASURE_WITH_UNIT (LENGTH_MEASURE( 1.000000000000000082E-05 ), #1878, 'distance_accuracy_value', 'NONE');
#1118 = EDGE_CURVE ( 'NONE', #2218, #787, #356, .T. ) ;
#1119 = MECHANICAL_DESIGN_GEOMETRIC_PRESENTATION_REPRESENTATION (  '', ( #2496 ), #1257 ) ;
#1120 = VECTOR ( 'NONE', #244, 1000.000000000000000 ) ;
#1121 = ORIENTED_EDGE ( 'NONE', *, *, #1914, .F. ) ;
#1122 = EDGE_LOOP ( 'NONE', ( #1617, #1790, #326, #799 ) ) ;
#1123 = LINE ( 'NONE', #937, #532 ) ;
#1124 = PRESENTATION_LAYER_ASSIGNMENT (  '', '', ( #2060 ) ) ;
#1125 = CARTESIAN_POINT ( 'NONE',  ( -4.065000000000000391, -1.211499999999999133, -1.600000000000000089 ) ) ;
#1126 = SURFACE_STYLE_FILL_AREA ( #820 ) ;
#1127 = ORIENTED_EDGE ( 'NONE', *, *, #2435, .F. ) ;
#1128 = VECTOR ( 'NONE', #2377, 1000.000000000000000 ) ;
#1129 = CARTESIAN_POINT ( 'NONE',  ( -2.899269950128920303, 1.158500000000000307, 3.004269950128920286 ) ) ;
#1130 = FILL_AREA_STYLE ('',( #35 ) ) ;
#1131 = DIRECTION ( 'NONE',  ( 0.000000000000000000, 0.000000000000000000, 1.000000000000000000 ) ) ;
#1132 = MECHANICAL_DESIGN_GEOMETRIC_PRESENTATION_REPRESENTATION (  '', ( #2249 ), #1087 ) ;
#1133 = AXIS2_PLACEMENT_3D ( 'NONE', #2175, #315, #1152 ) ;
#1134 = SURFACE_STYLE_USAGE ( .BOTH. , #105 ) ;
#1135 = DIRECTION ( 'NONE',  ( -1.000000000000000000, 0.000000000000000000, -0.000000000000000000 ) ) ;
#1136 = VECTOR ( 'NONE', #392, 1000.000000000000000 ) ;
#1137 = FILL_AREA_STYLE_COLOUR ( '', #1807 ) ;
#1138 = VECTOR ( 'NONE', #100, 1000.000000000000000 ) ;
#1139 = FILL_AREA_STYLE ('',( #709 ) ) ;
#1140 = ADVANCED_FACE ( 'NONE', ( #1198 ), #982, .T. ) ;
#1141 = LINE ( 'NONE', #486, #923 ) ;
#1142 = CARTESIAN_POINT ( 'NONE',  ( -3.560000000000000497, -0.3049999999999996048, -1.600000000000000089 ) ) ;
#1143 = ORIENTED_EDGE ( 'NONE', *, *, #331, .F. ) ;
#1144 = AXIS2_PLACEMENT_3D ( 'NONE', #663, #9, #880 ) ;
#1145 = CARTESIAN_POINT ( 'NONE',  ( -4.065000000000000391, -1.411499999999998867, -1.600000000000000089 ) ) ;
#1146 = DIRECTION ( 'NONE',  ( -1.000000000000000000, 0.000000000000000000, 0.000000000000000000 ) ) ;
#1147 = DIRECTION ( 'NONE',  ( 0.000000000000000000, 0.000000000000000000, 1.000000000000000000 ) ) ;
#1148 = LINE ( 'NONE', #730, #514 ) ;
#1149 = EDGE_CURVE ( 'NONE', #2040, #774, #786, .T. ) ;
#1150 = EDGE_CURVE ( 'NONE', #911, #1611, #1408, .T. ) ;
#1151 = SURFACE_SIDE_STYLE ('',( #2578 ) ) ;
#1152 = DIRECTION ( 'NONE',  ( 0.000000000000000000, -0.000000000000000000, 1.000000000000000000 ) ) ;
#1153 = VERTEX_POINT ( 'NONE', #1630 ) ;
#1154 = UNCERTAINTY_MEASURE_WITH_UNIT (LENGTH_MEASURE( 1.000000000000000082E-05 ), #2592, 'distance_accuracy_value', 'NONE');
#1155 = FACE_OUTER_BOUND ( 'NONE', #276, .T. ) ;
#1156 = ORIENTED_EDGE ( 'NONE', *, *, #402, .F. ) ;
#1157 = EDGE_CURVE ( 'NONE', #2510, #546, #801, .T. ) ;
#1158 = FACE_OUTER_BOUND ( 'NONE', #682, .T. ) ;
#1159 = CARTESIAN_POINT ( 'NONE',  ( -2.929269950128920996, 1.208500000000000130, -3.004269950128920286 ) ) ;
#1160 = LINE ( 'NONE', #494, #2072 ) ;
#1161 = ORIENTED_EDGE ( 'NONE', *, *, #1869, .T. ) ;
#1162 = PLANE ( 'NONE',  #2620 ) ;
#1163 = ORIENTED_EDGE ( 'NONE', *, *, #1354, .F. ) ;
#1164 = CARTESIAN_POINT ( 'NONE',  ( 3.555000000000000604, 0.000000000000000000, -1.600000000000000089 ) ) ;
#1165 =( NAMED_UNIT ( * ) PLANE_ANGLE_UNIT ( ) SI_UNIT ( $, .RADIAN. ) );
#1166 = MECHANICAL_DESIGN_GEOMETRIC_PRESENTATION_REPRESENTATION (  '', ( #1716 ), #641 ) ;
#1167 = EDGE_CURVE ( 'NONE', #2501, #736, #1228, .T. ) ;
#1168 = CARTESIAN_POINT ( 'NONE',  ( -2.779269950128920641, 1.158500000000000307, -3.004269950128920286 ) ) ;
#1169 = EDGE_LOOP ( 'NONE', ( #1821, #1409, #45, #2600 ) ) ;
#1170 = CARTESIAN_POINT ( 'NONE',  ( -3.554999999999999716, -0.3049999999999995492, -1.600000000000000089 ) ) ;
#1171 = AXIS2_PLACEMENT_3D ( 'NONE', #329, #754, #1546 ) ;
#1172 = VERTEX_POINT ( 'NONE', #2093 ) ;
#1173 = ADVANCED_FACE ( 'NONE', ( #423 ), #2117, .F. ) ;
#1174 = VECTOR ( 'NONE', #656, 1000.000000000000114 ) ;
#1175 = SURFACE_SIDE_STYLE ('',( #932 ) ) ;
#1176 = FACE_OUTER_BOUND ( 'NONE', #1925, .T. ) ;
#1177 = FACE_OUTER_BOUND ( 'NONE', #747, .T. ) ;
#1178 = VERTEX_POINT ( 'NONE', #1875 ) ;
#1179 = AXIS2_PLACEMENT_3D ( 'NONE', #1948, #1786, #1773 ) ;
#1180 = PRESENTATION_LAYER_ASSIGNMENT (  '', '', ( #1307 ) ) ;
#1181 = CYLINDRICAL_SURFACE ( 'NONE', #1400, 0.2000000000000000944 ) ;
#1182 = EDGE_CURVE ( 'NONE', #2199, #2003, #1855, .T. ) ;
#1183 = PRESENTATION_LAYER_ASSIGNMENT (  '', '', ( #867 ) ) ;
#1184 =( LENGTH_UNIT ( ) NAMED_UNIT ( * ) SI_UNIT ( .MILLI., .METRE. ) );
#1185 = PRESENTATION_LAYER_ASSIGNMENT (  '', '', ( #1892 ) ) ;
#1186 = ORIENTED_EDGE ( 'NONE', *, *, #959, .F. ) ;
#1187 = DIRECTION ( 'NONE',  ( 0.000000000000000000, 0.000000000000000000, 1.000000000000000000 ) ) ;
#1188 = ORIENTED_EDGE ( 'NONE', *, *, #178, .F. ) ;
#1189 = AXIS2_PLACEMENT_3D ( 'NONE', #350, #768, #2251 ) ;
#1190 = LINE ( 'NONE', #2601, #583 ) ;
#1191 = VECTOR ( 'NONE', #2063, 1000.000000000000000 ) ;
#1192 = LINE ( 'NONE', #1959, #121 ) ;
#1193 = PRESENTATION_LAYER_ASSIGNMENT (  '', '', ( #1951 ) ) ;
#1194 = SURFACE_STYLE_USAGE ( .BOTH. , #2207 ) ;
#1195 = SURFACE_STYLE_FILL_AREA ( #95 ) ;
#1196 = EDGE_CURVE ( 'NONE', #2284, #1891, #257, .T. ) ;
#1197 = EDGE_CURVE ( 'NONE', #1814, #843, #1264, .T. ) ;
#1198 = FACE_OUTER_BOUND ( 'NONE', #606, .T. ) ;
#1199 = ORIENTED_EDGE ( 'NONE', *, *, #2652, .F. ) ;
#1200 = FACE_OUTER_BOUND ( 'NONE', #1913, .T. ) ;
#1201 = ORIENTED_EDGE ( 'NONE', *, *, #654, .F. ) ;
#1202 = CARTESIAN_POINT ( 'NONE',  ( 3.555000000000000604, 0.000000000000000000, 1.600000000000000089 ) ) ;
#1203 = DIRECTION ( 'NONE',  ( 1.000000000000000000, 0.000000000000000000, 0.000000000000000000 ) ) ;
#1204 = ORIENTED_EDGE ( 'NONE', *, *, #1441, .F. ) ;
#1205 = CARTESIAN_POINT ( 'NONE',  ( -2.545000000000000817, -1.106499999999998929, -1.600000000000000089 ) ) ;
#1206 =( LENGTH_UNIT ( ) NAMED_UNIT ( * ) SI_UNIT ( .MILLI., .METRE. ) );
#1207 = DIRECTION ( 'NONE',  ( 7.217741351365436993E-17, 0.000000000000000000, 1.000000000000000000 ) ) ;
#1208 = FILL_AREA_STYLE ('',( #1990 ) ) ;
#1209 = DIRECTION ( 'NONE',  ( -1.000000000000000000, 0.000000000000000000, 0.000000000000000000 ) ) ;
#1210 = ORIENTED_EDGE ( 'NONE', *, *, #2244, .F. ) ;
#1211 = FACE_OUTER_BOUND ( 'NONE', #126, .T. ) ;
#1212 = ORIENTED_EDGE ( 'NONE', *, *, #226, .T. ) ;
#1213 = EDGE_CURVE ( 'NONE', #425, #1695, #26, .T. ) ;
#1214 = CARTESIAN_POINT ( 'NONE',  ( 3.449269950128919682, 1.208500000000000130, -3.109999999999999876 ) ) ;
#1215 = SURFACE_STYLE_FILL_AREA ( #372 ) ;
#1216 = ORIENTED_EDGE ( 'NONE', *, *, #402, .T. ) ;
#1217 = MANIFOLD_SOLID_BREP ( 'Fillet2', #214 ) ;
#1218 = PRESENTATION_LAYER_ASSIGNMENT (  '', '', ( #2367 ) ) ;
#1219 = DIRECTION ( 'NONE',  ( -0.000000000000000000, 1.000000000000000000, -0.000000000000000000 ) ) ;
#1220 = PRESENTATION_STYLE_ASSIGNMENT (( #1194 ) ) ;
#1221 = SURFACE_STYLE_USAGE ( .BOTH. , #582 ) ;
#1222 = VECTOR ( 'NONE', #1219, 1000.000000000000000 ) ;
#1223 = STYLED_ITEM ( 'NONE', ( #346 ), #2312 ) ;
#1224 = CARTESIAN_POINT ( 'NONE',  ( -4.065000000000001279, -9.956378477067986399E-16, -1.600000000000000089 ) ) ;
#1225 = VECTOR ( 'NONE', #1055, 1000.000000000000000 ) ;
#1226 = PRESENTATION_LAYER_ASSIGNMENT (  '', '', ( #2064 ) ) ;
#1227 =( GEOMETRIC_REPRESENTATION_CONTEXT ( 3 ) GLOBAL_UNCERTAINTY_ASSIGNED_CONTEXT ( ( #1653 ) ) GLOBAL_UNIT_ASSIGNED_CONTEXT ( ( #1639, #604, #396 ) ) REPRESENTATION_CONTEXT ( 'NONE', 'WORKASPACE' ) );
#1228 = LINE ( 'NONE', #2029, #128 ) ;
#1229 = ORIENTED_EDGE ( 'NONE', *, *, #1417, .T. ) ;
#1230 = EDGE_CURVE ( 'NONE', #1005, #282, #438, .T. ) ;
#1231 = EDGE_CURVE ( 'NONE', #1028, #1555, #2297, .T. ) ;
#1232 = DIRECTION ( 'NONE',  ( 0.000000000000000000, 0.000000000000000000, 1.000000000000000000 ) ) ;
#1233 = COLOUR_RGB ( '',0.4980392156862745168, 0.4980392156862745168, 0.4980392156862745168 ) ;
#1234 = ORIENTED_EDGE ( 'NONE', *, *, #1476, .T. ) ;
#1235 = COLOUR_RGB ( '',0.6666666666666666297, 0.6980392156862744724, 0.7686274509803920907 ) ;
#1236 = CARTESIAN_POINT ( 'NONE',  ( -2.799269950128921103, 1.208500000000000130, -3.004269950128920286 ) ) ;
#1237 = LINE ( 'NONE', #2604, #2155 ) ;
#1238 =( NAMED_UNIT ( * ) SI_UNIT ( $, .STERADIAN. ) SOLID_ANGLE_UNIT ( ) );
#1239 = VECTOR ( 'NONE', #1011, 1000.000000000000000 ) ;
#1240 = ADVANCED_FACE ( 'NONE', ( #1076 ), #1887, .F. ) ;
#1241 = CARTESIAN_POINT ( 'NONE',  ( 3.560000000000000053, -0.9064999999999979741, -1.600000000000000089 ) ) ;
#1242 = SURFACE_SIDE_STYLE ('',( #255 ) ) ;
#1243 = LINE ( 'NONE', #643, #2580 ) ;
#1244 = ORIENTED_EDGE ( 'NONE', *, *, #1703, .F. ) ;
#1245 =( LENGTH_UNIT ( ) NAMED_UNIT ( * ) SI_UNIT ( .MILLI., .METRE. ) );
#1246 = ORIENTED_EDGE ( 'NONE', *, *, #1908, .F. ) ;
#1247 = EDGE_CURVE ( 'NONE', #2284, #2597, #1566, .T. ) ;
#1248 = DIRECTION ( 'NONE',  ( 7.217741351365436993E-17, 0.000000000000000000, 1.000000000000000000 ) ) ;
#1249 = LINE ( 'NONE', #430, #118 ) ;
#1250 = ORIENTED_EDGE ( 'NONE', *, *, #543, .T. ) ;
#1251 = CARTESIAN_POINT ( 'NONE',  ( 3.864999999999999769, -1.411499999999997756, -1.600000000000000089 ) ) ;
#1252 = EDGE_CURVE ( 'NONE', #1178, #144, #2566, .T. ) ;
#1253 = CARTESIAN_POINT ( 'NONE',  ( -3.560000000000000053, -0.5049999999999995604, -1.600000000000000089 ) ) ;
#1254 = VERTEX_POINT ( 'NONE', #297 ) ;
#1255 = FACE_OUTER_BOUND ( 'NONE', #324, .T. ) ;
#1256 = DIRECTION ( 'NONE',  ( 1.000000000000000000, -0.000000000000000000, -0.000000000000000000 ) ) ;
#1257 =( GEOMETRIC_REPRESENTATION_CONTEXT ( 3 ) GLOBAL_UNCERTAINTY_ASSIGNED_CONTEXT ( ( #495 ) ) GLOBAL_UNIT_ASSIGNED_CONTEXT ( ( #2342, #2062, #2458 ) ) REPRESENTATION_CONTEXT ( 'NONE', 'WORKASPACE' ) );
#1258 = CARTESIAN_POINT ( 'NONE',  ( 3.560000000000000053, -1.106499999999998041, 1.600000000000000089 ) ) ;
#1259 = UNCERTAINTY_MEASURE_WITH_UNIT (LENGTH_MEASURE( 1.000000000000000082E-05 ), #2054, 'distance_accuracy_value', 'NONE');
#1260 = MECHANICAL_DESIGN_GEOMETRIC_PRESENTATION_REPRESENTATION (  '', ( #563 ), #422 ) ;
#1261 = EDGE_CURVE ( 'NONE', #2040, #2497, #717, .T. ) ;
#1262 = FILL_AREA_STYLE_COLOUR ( '', #2537 ) ;
#1263 = AXIS2_PLACEMENT_3D ( 'NONE', #358, #1780, #111 ) ;
#1264 = LINE ( 'NONE', #2066, #2375 ) ;
#1265 = COLOUR_RGB ( '',0.4980392156862745168, 0.4980392156862745168, 0.4980392156862745168 ) ;
#1266 = FILL_AREA_STYLE ('',( #6 ) ) ;
#1267 = VERTEX_POINT ( 'NONE', #1961 ) ;
#1268 = MECHANICAL_DESIGN_GEOMETRIC_PRESENTATION_REPRESENTATION (  '', ( #2422 ), #1477 ) ;
#1269 = AXIS2_PLACEMENT_3D ( 'NONE', #961, #1116, #1332 ) ;
#1270 = DIRECTION ( 'NONE',  ( -1.000000000000000000, 0.000000000000000000, 0.000000000000000000 ) ) ;
#1271 = VECTOR ( 'NONE', #882, 1000.000000000000000 ) ;
#1272 =( GEOMETRIC_REPRESENTATION_CONTEXT ( 3 ) GLOBAL_UNCERTAINTY_ASSIGNED_CONTEXT ( ( #901 ) ) GLOBAL_UNIT_ASSIGNED_CONTEXT ( ( #1559, #715, #1746 ) ) REPRESENTATION_CONTEXT ( 'NONE', 'WORKASPACE' ) );
#1273 = DIRECTION ( 'NONE',  ( -0.000000000000000000, -0.000000000000000000, 1.000000000000000000 ) ) ;
#1274 = FILL_AREA_STYLE ('',( #1262 ) ) ;
#1275 = MECHANICAL_DESIGN_GEOMETRIC_PRESENTATION_REPRESENTATION (  '', ( #181 ), #881 ) ;
#1276 = PRESENTATION_STYLE_ASSIGNMENT (( #851 ) ) ;
#1277 = ORIENTED_EDGE ( 'NONE', *, *, #1936, .T. ) ;
#1278 = SURFACE_STYLE_USAGE ( .BOTH. , #29 ) ;
#1279 =( NAMED_UNIT ( * ) PLANE_ANGLE_UNIT ( ) SI_UNIT ( $, .RADIAN. ) );
#1280 = FACE_OUTER_BOUND ( 'NONE', #2165, .T. ) ;
#1281 = ORIENTED_EDGE ( 'NONE', *, *, #2106, .F. ) ;
#1282 = CARTESIAN_POINT ( 'NONE',  ( -2.879269950128919842, 1.208500000000000130, 3.004269950128920286 ) ) ;
#1283 = LINE ( 'NONE', #1686, #1302 ) ;
#1284 = LINE ( 'NONE', #1298, #220 ) ;
#1285 = VERTEX_POINT ( 'NONE', #1164 ) ;
#1286 = EDGE_CURVE ( 'NONE', #546, #52, #85, .T. ) ;
#1287 = DIRECTION ( 'NONE',  ( -0.000000000000000000, 1.000000000000000000, -0.000000000000000000 ) ) ;
#1288 = DIRECTION ( 'NONE',  ( 0.000000000000000000, -0.000000000000000000, 1.000000000000000000 ) ) ;
#1289 = ORIENTED_EDGE ( 'NONE', *, *, #2099, .T. ) ;
#1290 = EDGE_LOOP ( 'NONE', ( #2639, #229, #1495, #1751 ) ) ;
#1291 = LINE ( 'NONE', #844, #798 ) ;
#1292 = EDGE_CURVE ( 'NONE', #1890, #1555, #1775, .T. ) ;
#1293 =( LENGTH_UNIT ( ) NAMED_UNIT ( * ) SI_UNIT ( .MILLI., .METRE. ) );
#1294 = VERTEX_POINT ( 'NONE', #1721 ) ;
#1295 = CARTESIAN_POINT ( 'NONE',  ( -4.065000000000001279, -9.956378477067986399E-16, 1.600000000000000089 ) ) ;
#1296 = VERTEX_POINT ( 'NONE', #1974 ) ;
#1297 = DIRECTION ( 'NONE',  ( 0.000000000000000000, -1.000000000000000000, 0.000000000000000000 ) ) ;
#1298 = CARTESIAN_POINT ( 'NONE',  ( 2.545000000000001705, -1.106499999999998263, -1.600000000000000089 ) ) ;
#1299 = VECTOR ( 'NONE', #1834, 1000.000000000000000 ) ;
#1300 = FILL_AREA_STYLE_COLOUR ( '', #2067 ) ;
#1301 = SURFACE_STYLE_FILL_AREA ( #2481 ) ;
#1302 = VECTOR ( 'NONE', #1478, 1000.000000000000000 ) ;
#1303 = AXIS2_PLACEMENT_3D ( 'NONE', #2442, #2267, #1203 ) ;
#1304 = SURFACE_STYLE_FILL_AREA ( #876 ) ;
#1305 = SURFACE_SIDE_STYLE ('',( #284 ) ) ;
#1306 = COLOUR_RGB ( '',0.6666666666666666297, 0.6980392156862744724, 0.7686274509803920907 ) ;
#1307 = STYLED_ITEM ( 'NONE', ( #2252 ), #2082 ) ;
#1308 = DIRECTION ( 'NONE',  ( -1.000000000000000000, -0.000000000000000000, -0.000000000000000000 ) ) ;
#1309 = CARTESIAN_POINT ( 'NONE',  ( -3.555000000000001048, 1.208500000000000130, -3.004269950128920286 ) ) ;
#1310 = SURFACE_STYLE_USAGE ( .BOTH. , #865 ) ;
#1311 = DIRECTION ( 'NONE',  ( -0.000000000000000000, 0.000000000000000000, -1.000000000000000000 ) ) ;
#1312 = ORIENTED_EDGE ( 'NONE', *, *, #713, .F. ) ;
#1313 = VECTOR ( 'NONE', #2118, 1000.000000000000000 ) ;
#1314 = EDGE_CURVE ( 'NONE', #96, #911, #1148, .T. ) ;
#1315 = CIRCLE ( 'NONE', #1088, 0.2000000000000000944 ) ;
#1316 = SURFACE_STYLE_USAGE ( .BOTH. , #1731 ) ;
#1317 = CARTESIAN_POINT ( 'NONE',  ( -2.799269950128920659, 1.158500000000000307, 3.004269950128920286 ) ) ;
#1318 = UNCERTAINTY_MEASURE_WITH_UNIT (LENGTH_MEASURE( 1.000000000000000082E-05 ), #868, 'distance_accuracy_value', 'NONE');
#1319 = CARTESIAN_POINT ( 'NONE',  ( -2.849269950128920481, 1.158500000000000307, 3.004269950128920286 ) ) ;
#1320 = PRESENTATION_LAYER_ASSIGNMENT (  '', '', ( #2462 ) ) ;
#1321 = VECTOR ( 'NONE', #1083, 1000.000000000000000 ) ;
#1322 = CARTESIAN_POINT ( 'NONE',  ( 3.554999999999999272, 0.000000000000000000, -3.109999999999999876 ) ) ;
#1323 = VECTOR ( 'NONE', #1021, 1000.000000000000000 ) ;
#1324 = EDGE_CURVE ( 'NONE', #2619, #957, #1551, .T. ) ;
#1325 = CARTESIAN_POINT ( 'NONE',  ( -3.760000000000000231, -0.5049999999999996714, 1.600000000000000089 ) ) ;
#1326 = LINE ( 'NONE', #63, #2416 ) ;
#1327 = ORIENTED_EDGE ( 'NONE', *, *, #905, .F. ) ;
#1328 = EDGE_CURVE ( 'NONE', #2005, #1555, #270, .T. ) ;
#1329 = ORIENTED_EDGE ( 'NONE', *, *, #1157, .F. ) ;
#1330 = FACE_OUTER_BOUND ( 'NONE', #1681, .T. ) ;
#1331 = CARTESIAN_POINT ( 'NONE',  ( -3.555000000000001048, 0.000000000000000000, -3.109999999999999876 ) ) ;
#1332 = DIRECTION ( 'NONE',  ( -1.000000000000000000, 0.000000000000000000, 0.000000000000000000 ) ) ;
#1333 =( LENGTH_UNIT ( ) NAMED_UNIT ( * ) SI_UNIT ( .MILLI., .METRE. ) );
#1334 =( NAMED_UNIT ( * ) PLANE_ANGLE_UNIT ( ) SI_UNIT ( $, .RADIAN. ) );
#1335 = CARTESIAN_POINT ( 'NONE',  ( 0.000000000000000000, 1.158500000000000307, 0.000000000000000000 ) ) ;
#1336 = PLANE ( 'NONE',  #908 ) ;
#1337 = DIRECTION ( 'NONE',  ( -0.000000000000000000, -0.000000000000000000, -1.000000000000000000 ) ) ;
#1338 = VERTEX_POINT ( 'NONE', #2577 ) ;
#1339 = CARTESIAN_POINT ( 'NONE',  ( -3.555000000000000160, 0.000000000000000000, 3.109999999999999876 ) ) ;
#1340 = FILL_AREA_STYLE ('',( #234 ) ) ;
#1341 = CARTESIAN_POINT ( 'NONE',  ( 3.760000000000000231, -0.9064999999999980851, -1.600000000000000089 ) ) ;
#1342 = VECTOR ( 'NONE', #848, 1000.000000000000000 ) ;
#1343 = DIRECTION ( 'NONE',  ( -1.000000000000000000, 0.000000000000000000, 0.000000000000000000 ) ) ;
#1344 = MECHANICAL_DESIGN_GEOMETRIC_PRESENTATION_REPRESENTATION (  '', ( #821 ), #1385 ) ;
#1345 = COLOUR_RGB ( '',0.6666666666666666297, 0.6980392156862744724, 0.7686274509803920907 ) ;
#1346 = VERTEX_POINT ( 'NONE', #1934 ) ;
#1347 = VECTOR ( 'NONE', #143, 1000.000000000000000 ) ;
#1348 = LINE ( 'NONE', #1374, #2502 ) ;
#1349 = COLOUR_RGB ( '',0.4980392156862745168, 0.4980392156862745168, 0.4980392156862745168 ) ;
#1350 =( GEOMETRIC_REPRESENTATION_CONTEXT ( 3 ) GLOBAL_UNCERTAINTY_ASSIGNED_CONTEXT ( ( #187 ) ) GLOBAL_UNIT_ASSIGNED_CONTEXT ( ( #2429, #1449, #399 ) ) REPRESENTATION_CONTEXT ( 'NONE', 'WORKASPACE' ) );
#1351 = ADVANCED_FACE ( 'NONE', ( #745 ), #964, .T. ) ;
#1352 = CYLINDRICAL_SURFACE ( 'NONE', #1269, 0.2000000000000000944 ) ;
#1353 = VECTOR ( 'NONE', #1704, 1000.000000000000000 ) ;
#1354 = EDGE_CURVE ( 'NONE', #878, #2218, #903, .T. ) ;
#1355 = VECTOR ( 'NONE', #419, 1000.000000000000000 ) ;
#1356 = PLANE ( 'NONE',  #1889 ) ;
#1357 = EDGE_LOOP ( 'NONE', ( #2611, #1188, #397, #2637 ) ) ;
#1358 = ORIENTED_EDGE ( 'NONE', *, *, #2563, .F. ) ;
#1359 = DIRECTION ( 'NONE',  ( 1.000000000000000000, 0.000000000000000000, 0.000000000000000000 ) ) ;
#1360 = AXIS2_PLACEMENT_3D ( 'NONE', #1491, #1058, #1870 ) ;
#1361 = ORIENTED_EDGE ( 'NONE', *, *, #2387, .T. ) ;
#1362 = VECTOR ( 'NONE', #1668, 1000.000000000000000 ) ;
#1363 = DIRECTION ( 'NONE',  ( 1.000000000000000000, 0.000000000000000000, 0.000000000000000000 ) ) ;
#1364 = ORIENTED_EDGE ( 'NONE', *, *, #672, .F. ) ;
#1365 = DIRECTION ( 'NONE',  ( -1.443548270273087399E-16, 0.000000000000000000, -1.000000000000000000 ) ) ;
#1366 = FILL_AREA_STYLE ('',( #1777 ) ) ;
#1367 = EDGE_CURVE ( 'NONE', #144, #1890, #1662, .T. ) ;
#1368 = CARTESIAN_POINT ( 'NONE',  ( -2.799269950128921103, 1.158500000000000307, -3.004269950128920286 ) ) ;
#1369 = ORIENTED_EDGE ( 'NONE', *, *, #1107, .F. ) ;
#1370 = UNCERTAINTY_MEASURE_WITH_UNIT (LENGTH_MEASURE( 1.000000000000000082E-05 ), #1866, 'distance_accuracy_value', 'NONE');
#1371 =( LENGTH_UNIT ( ) NAMED_UNIT ( * ) SI_UNIT ( .MILLI., .METRE. ) );
#1372 = VERTEX_POINT ( 'NONE', #391 ) ;
#1373 = EDGE_CURVE ( 'NONE', #169, #78, #1871, .T. ) ;
#1374 = CARTESIAN_POINT ( 'NONE',  ( -2.799269950128921103, 1.158500000000000307, -3.004269950128920286 ) ) ;
#1375 = DIRECTION ( 'NONE',  ( -0.000000000000000000, 0.000000000000000000, 1.000000000000000000 ) ) ;
#1376 = CARTESIAN_POINT ( 'NONE',  ( -3.554999999999999716, -0.3049999999999995492, 1.600000000000000089 ) ) ;
#1377 = PRODUCT_DEFINITION_SHAPE ( 'NONE', 'NONE',  #1918 ) ;
#1378 = DIRECTION ( 'NONE',  ( 0.000000000000000000, 0.000000000000000000, 1.000000000000000000 ) ) ;
#1379 = FILL_AREA_STYLE_COLOUR ( '', #781 ) ;
#1380 = VECTOR ( 'NONE', #97, 1000.000000000000000 ) ;
#1381 =( NAMED_UNIT ( * ) SI_UNIT ( $, .STERADIAN. ) SOLID_ANGLE_UNIT ( ) );
#1382 = AXIS2_PLACEMENT_3D ( 'NONE', #943, #577, #1375 ) ;
#1383 = ORIENTED_EDGE ( 'NONE', *, *, #640, .T. ) ;
#1384 = CARTESIAN_POINT ( 'NONE',  ( -3.555000000000000160, 0.000000000000000000, 3.109999999999999876 ) ) ;
#1385 =( GEOMETRIC_REPRESENTATION_CONTEXT ( 3 ) GLOBAL_UNCERTAINTY_ASSIGNED_CONTEXT ( ( #1584 ) ) GLOBAL_UNIT_ASSIGNED_CONTEXT ( ( #598, #1804, #1612 ) ) REPRESENTATION_CONTEXT ( 'NONE', 'WORKASPACE' ) );
#1386 = ORIENTED_EDGE ( 'NONE', *, *, #1231, .T. ) ;
#1387 = VECTOR ( 'NONE', #2408, 1000.000000000000000 ) ;
#1388 = LINE ( 'NONE', #91, #2428 ) ;
#1389 = LINE ( 'NONE', #2192, #420 ) ;
#1390 = EDGE_CURVE ( 'NONE', #405, #1296, #1249, .T. ) ;
#1391 = AXIS2_PLACEMENT_3D ( 'NONE', #773, #588, #749 ) ;
#1392 =( GEOMETRIC_REPRESENTATION_CONTEXT ( 3 ) GLOBAL_UNCERTAINTY_ASSIGNED_CONTEXT ( ( #110 ) ) GLOBAL_UNIT_ASSIGNED_CONTEXT ( ( #2450, #228, #1470 ) ) REPRESENTATION_CONTEXT ( 'NONE', 'WORKASPACE' ) );
#1393 = DIRECTION ( 'NONE',  ( -1.000000000000000000, 0.000000000000000000, 0.000000000000000000 ) ) ;
#1394 = AXIS2_PLACEMENT_3D ( 'NONE', #25, #2325, #2092 ) ;
#1395 = ORIENTED_EDGE ( 'NONE', *, *, #729, .T. ) ;
#1396 = EDGE_CURVE ( 'NONE', #1372, #2493, #2411, .T. ) ;
#1397 = PRESENTATION_STYLE_ASSIGNMENT (( #2414 ) ) ;
#1398 = EDGE_LOOP ( 'NONE', ( #929, #289, #1104, #1049 ) ) ;
#1399 = ORIENTED_EDGE ( 'NONE', *, *, #713, .T. ) ;
#1400 = AXIS2_PLACEMENT_3D ( 'NONE', #2630, #409, #1393 ) ;
#1401 = EDGE_CURVE ( 'NONE', #1619, #2274, #1051, .T. ) ;
#1402 = CARTESIAN_POINT ( 'NONE',  ( 1.949269950128920792, -1.208500000000000130, 3.004269950128920286 ) ) ;
#1403 = VECTOR ( 'NONE', #2491, 1000.000000000000000 ) ;
#1404 = DIRECTION ( 'NONE',  ( -1.000000000000000000, 0.000000000000000000, 0.000000000000000000 ) ) ;
#1405 = PRESENTATION_STYLE_ASSIGNMENT (( #1221 ) ) ;
#1406 = EDGE_LOOP ( 'NONE', ( #1289, #2288, #1964, #684 ) ) ;
#1407 = ADVANCED_FACE ( 'NONE', ( #1427 ), #1988, .F. ) ;
#1408 = LINE ( 'NONE', #368, #1985 ) ;
#1409 = ORIENTED_EDGE ( 'NONE', *, *, #2174, .T. ) ;
#1410 = FACE_OUTER_BOUND ( 'NONE', #239, .T. ) ;
#1411 = ORIENTED_EDGE ( 'NONE', *, *, #1010, .T. ) ;
#1412 = DIRECTION ( 'NONE',  ( -1.000000000000000000, 0.000000000000000000, -0.000000000000000000 ) ) ;
#1413 = PLANE ( 'NONE',  #30 ) ;
#1414 = ORIENTED_EDGE ( 'NONE', *, *, #1092, .F. ) ;
#1415 =( NAMED_UNIT ( * ) PLANE_ANGLE_UNIT ( ) SI_UNIT ( $, .RADIAN. ) );
#1416 = DIRECTION ( 'NONE',  ( 1.394472247569780710E-16, 0.000000000000000000, 1.000000000000000000 ) ) ;
#1417 = EDGE_CURVE ( 'NONE', #1793, #675, #1237, .T. ) ;
#1418 = DIRECTION ( 'NONE',  ( -0.9961946980917455452, 0.08715574274765836016, 1.389165859665095666E-16 ) ) ;
#1419 = EDGE_LOOP ( 'NONE', ( #1906, #609, #2402, #1033 ) ) ;
#1420 = DIRECTION ( 'NONE',  ( -0.000000000000000000, 0.000000000000000000, 1.000000000000000000 ) ) ;
#1421 = ORIENTED_EDGE ( 'NONE', *, *, #122, .F. ) ;
#1422 = SURFACE_STYLE_FILL_AREA ( #155 ) ;
#1423 = MECHANICAL_DESIGN_GEOMETRIC_PRESENTATION_REPRESENTATION (  '', ( #1797 ), #816 ) ;
#1424 = ORIENTED_EDGE ( 'NONE', *, *, #2051, .T. ) ;
#1425 = PRESENTATION_LAYER_ASSIGNMENT (  '', '', ( #821 ) ) ;
#1426 = DIRECTION ( 'NONE',  ( -0.000000000000000000, -0.000000000000000000, -1.000000000000000000 ) ) ;
#1427 = FACE_OUTER_BOUND ( 'NONE', #1419, .T. ) ;
#1428 =( NAMED_UNIT ( * ) PLANE_ANGLE_UNIT ( ) SI_UNIT ( $, .RADIAN. ) );
#1429 = CARTESIAN_POINT ( 'NONE',  ( 2.545000000000001705, -1.106499999999998263, 1.600000000000000089 ) ) ;
#1430 = MECHANICAL_DESIGN_GEOMETRIC_PRESENTATION_REPRESENTATION (  '', ( #293 ), #1720 ) ;
#1431 = CIRCLE ( 'NONE', #1638, 0.2000000000000000944 ) ;
#1432 = PRESENTATION_LAYER_ASSIGNMENT (  '', '', ( #2373 ) ) ;
#1433 = STYLED_ITEM ( 'NONE', ( #1921 ), #981 ) ;
#1434 = VERTEX_POINT ( 'NONE', #185 ) ;
#1435 = EDGE_CURVE ( 'NONE', #1285, #354, #1590, .T. ) ;
#1436 = LINE ( 'NONE', #1594, #1048 ) ;
#1437 = EDGE_CURVE ( 'NONE', #1729, #1586, #2654, .T. ) ;
#1438 = ORIENTED_EDGE ( 'NONE', *, *, #2532, .T. ) ;
#1439 = ORIENTED_EDGE ( 'NONE', *, *, #794, .T. ) ;
#1440 = ADVANCED_FACE ( 'NONE', ( #1651 ), #2471, .T. ) ;
#1441 = EDGE_CURVE ( 'NONE', #354, #1346, #1283, .T. ) ;
#1442 = STYLED_ITEM ( 'NONE', ( #12 ), #216 ) ;
#1443 = ORIENTED_EDGE ( 'NONE', *, *, #827, .T. ) ;
#1444 = DIRECTION ( 'NONE',  ( -6.144964491593376307E-16, -1.000000000000000000, 0.000000000000000000 ) ) ;
#1445 = UNCERTAINTY_MEASURE_WITH_UNIT (LENGTH_MEASURE( 1.000000000000000082E-05 ), #2039, 'distance_accuracy_value', 'NONE');
#1446 = PRESENTATION_LAYER_ASSIGNMENT (  '', '', ( #2594 ) ) ;
#1447 = EDGE_CURVE ( 'NONE', #455, #1482, #1756, .T. ) ;
#1448 = DIRECTION ( 'NONE',  ( -0.000000000000000000, 1.000000000000000000, -0.000000000000000000 ) ) ;
#1449 =( NAMED_UNIT ( * ) PLANE_ANGLE_UNIT ( ) SI_UNIT ( $, .RADIAN. ) );
#1450 = ORIENTED_EDGE ( 'NONE', *, *, #1373, .T. ) ;
#1451 = CARTESIAN_POINT ( 'NONE',  ( -3.554999999999999716, -0.3049999999999995492, -1.600000000000000089 ) ) ;
#1452 = ORIENTED_EDGE ( 'NONE', *, *, #2148, .T. ) ;
#1453 = ADVANCED_FACE ( 'NONE', ( #1330 ), #1492, .T. ) ;
#1454 = CARTESIAN_POINT ( 'NONE',  ( 1.949269950128920792, -1.208500000000000130, -3.004269950128920286 ) ) ;
#1455 = CARTESIAN_POINT ( 'NONE',  ( -4.065000000000000391, -1.106499999999998929, 1.600000000000000089 ) ) ;
#1456 = CARTESIAN_POINT ( 'NONE',  ( 2.545000000000001705, -1.411499999999998201, 1.600000000000000089 ) ) ;
#1457 = FILL_AREA_STYLE ('',( #634 ) ) ;
#1458 = CARTESIAN_POINT ( 'NONE',  ( -2.879269950128920730, 1.208500000000000130, -3.004269950128920286 ) ) ;
#1459 = VERTEX_POINT ( 'NONE', #2107 ) ;
#1460 = SURFACE_STYLE_USAGE ( .BOTH. , #2511 ) ;
#1461 =( NAMED_UNIT ( * ) SI_UNIT ( $, .STERADIAN. ) SOLID_ANGLE_UNIT ( ) );
#1462 =( NAMED_UNIT ( * ) SI_UNIT ( $, .STERADIAN. ) SOLID_ANGLE_UNIT ( ) );
#1463 = ORIENTED_EDGE ( 'NONE', *, *, #1092, .T. ) ;
#1464 = DIRECTION ( 'NONE',  ( -2.853163611803962722E-16, 1.000000000000000000, 0.000000000000000000 ) ) ;
#1465 = PRESENTATION_LAYER_ASSIGNMENT (  '', '', ( #1075 ) ) ;
#1466 = DIRECTION ( 'NONE',  ( 1.000000000000000000, 0.000000000000000000, 0.000000000000000000 ) ) ;
#1467 = AXIS2_PLACEMENT_3D ( 'NONE', #366, #1825, #1795 ) ;
#1468 = CARTESIAN_POINT ( 'NONE',  ( -1.949269950128920348, 0.000000000000000000, 3.109999999999999876 ) ) ;
#1469 = VECTOR ( 'NONE', #1792, 1000.000000000000000 ) ;
#1470 =( NAMED_UNIT ( * ) SI_UNIT ( $, .STERADIAN. ) SOLID_ANGLE_UNIT ( ) );
#1471 = COLOUR_RGB ( '',0.4980392156862745168, 0.4980392156862745168, 0.4980392156862745168 ) ;
#1472 = ORIENTED_EDGE ( 'NONE', *, *, #38, .F. ) ;
#1473 = CARTESIAN_POINT ( 'NONE',  ( 2.545000000000001705, -1.411499999999998201, -1.600000000000000089 ) ) ;
#1474 = VERTEX_POINT ( 'NONE', #2546 ) ;
#1475 = CARTESIAN_POINT ( 'NONE',  ( -2.949269950128921014, 1.158500000000000307, -3.004269950128920286 ) ) ;
#1476 = EDGE_CURVE ( 'NONE', #1338, #2005, #265, .T. ) ;
#1477 =( GEOMETRIC_REPRESENTATION_CONTEXT ( 3 ) GLOBAL_UNCERTAINTY_ASSIGNED_CONTEXT ( ( #2591 ) ) GLOBAL_UNIT_ASSIGNED_CONTEXT ( ( #480, #596, #2030 ) ) REPRESENTATION_CONTEXT ( 'NONE', 'WORKASPACE' ) );
#1478 = DIRECTION ( 'NONE',  ( -0.000000000000000000, 0.000000000000000000, 1.000000000000000000 ) ) ;
#1479 =( NAMED_UNIT ( * ) SI_UNIT ( $, .STERADIAN. ) SOLID_ANGLE_UNIT ( ) );
#1480 = COLOUR_RGB ( '',0.6666666666666666297, 0.6980392156862744724, 0.7686274509803920907 ) ;
#1481 =( GEOMETRIC_REPRESENTATION_CONTEXT ( 3 ) GLOBAL_UNCERTAINTY_ASSIGNED_CONTEXT ( ( #497 ) ) GLOBAL_UNIT_ASSIGNED_CONTEXT ( ( #1245, #2664, #1818 ) ) REPRESENTATION_CONTEXT ( 'NONE', 'WORKASPACE' ) );
#1482 = VERTEX_POINT ( 'NONE', #886 ) ;
#1483 = FACE_OUTER_BOUND ( 'NONE', #1357, .T. ) ;
#1484 = AXIS2_PLACEMENT_3D ( 'NONE', #1065, #678, #936 ) ;
#1485 = ADVANCED_FACE ( 'NONE', ( #2516 ), #1508, .T. ) ;
#1486 = FACE_OUTER_BOUND ( 'NONE', #1832, .T. ) ;
#1487 = EDGE_LOOP ( 'NONE', ( #896, #2509, #130, #2187, #1201, #1801, #2360, #2415, #44, #636, #447, #2045 ) ) ;
#1488 = FILL_AREA_STYLE_COLOUR ( '', #1693 ) ;
#1489 = SURFACE_STYLE_FILL_AREA ( #1627 ) ;
#1490 = VERTEX_POINT ( 'NONE', #898 ) ;
#1491 = CARTESIAN_POINT ( 'NONE',  ( -3.865000000000000657, -0.2000000000000004552, -1.600000000000000089 ) ) ;
#1492 = PLANE ( 'NONE',  #1036 ) ;
#1493 = CARTESIAN_POINT ( 'NONE',  ( 3.760000000000000231, -0.9064999999999980851, 1.600000000000000089 ) ) ;
#1494 = UNCERTAINTY_MEASURE_WITH_UNIT (LENGTH_MEASURE( 1.000000000000000082E-05 ), #442, 'distance_accuracy_value', 'NONE');
#1495 = ORIENTED_EDGE ( 'NONE', *, *, #640, .F. ) ;
#1496 =( NAMED_UNIT ( * ) SI_UNIT ( $, .STERADIAN. ) SOLID_ANGLE_UNIT ( ) );
#1497 = ADVANCED_FACE ( 'NONE', ( #1525 ), #2334, .F. ) ;
#1498 =( LENGTH_UNIT ( ) NAMED_UNIT ( * ) SI_UNIT ( .MILLI., .METRE. ) );
#1499 = FILL_AREA_STYLE_COLOUR ( '', #1349 ) ;
#1500 = EDGE_CURVE ( 'NONE', #957, #96, #161, .T. ) ;
#1501 = ORIENTED_EDGE ( 'NONE', *, *, #1869, .F. ) ;
#1502 = FILL_AREA_STYLE ('',( #1488 ) ) ;
#1503 = PRESENTATION_STYLE_ASSIGNMENT (( #720 ) ) ;
#1504 = DIRECTION ( 'NONE',  ( -0.000000000000000000, 0.000000000000000000, -1.000000000000000000 ) ) ;
#1505 = DIRECTION ( 'NONE',  ( -1.000000000000000000, -0.000000000000000000, -0.000000000000000000 ) ) ;
#1506 = ORIENTED_EDGE ( 'NONE', *, *, #154, .T. ) ;
#1507 = PLANE ( 'NONE',  #1691 ) ;
#1508 = PLANE ( 'NONE',  #2524 ) ;
#1509 = AXIS2_PLACEMENT_3D ( 'NONE', #1787, #1860, #1025 ) ;
#1510 = CARTESIAN_POINT ( 'NONE',  ( -3.760000000000000231, -0.9064999999999990843, -1.600000000000000089 ) ) ;
#1511 = PRESENTATION_LAYER_ASSIGNMENT (  '', '', ( #693 ) ) ;
#1512 = VECTOR ( 'NONE', #2385, 1000.000000000000000 ) ;
#1513 = DIRECTION ( 'NONE',  ( -6.144964491593376307E-16, -1.000000000000000000, 0.000000000000000000 ) ) ;
#1514 =( NAMED_UNIT ( * ) PLANE_ANGLE_UNIT ( ) SI_UNIT ( $, .RADIAN. ) );
#1515 = CIRCLE ( 'NONE', #1042, 0.2000000000000000944 ) ;
#1516 = AXIS2_PLACEMENT_3D ( 'NONE', #980, #541, #141 ) ;
#1517 = DIRECTION ( 'NONE',  ( 1.000000000000000000, 0.000000000000000000, 0.000000000000000000 ) ) ;
#1518 = COLOUR_RGB ( '',0.6666666666666666297, 0.6980392156862744724, 0.7686274509803920907 ) ;
#1519 = LINE ( 'NONE', #894, #437 ) ;
#1520 = CARTESIAN_POINT ( 'NONE',  ( -3.555000000000000604, 4.336808689942017736E-16, 1.600000000000000089 ) ) ;
#1521 = ORIENTED_EDGE ( 'NONE', *, *, #1933, .T. ) ;
#1522 = EDGE_CURVE ( 'NONE', #736, #1586, #2105, .T. ) ;
#1523 = EDGE_CURVE ( 'NONE', #2390, #144, #1389, .T. ) ;
#1524 = CIRCLE ( 'NONE', #569, 0.2000000000000000944 ) ;
#1525 = FACE_OUTER_BOUND ( 'NONE', #2378, .T. ) ;
#1526 = SURFACE_STYLE_FILL_AREA ( #94 ) ;
#1527 = CARTESIAN_POINT ( 'NONE',  ( -2.829269950128920907, 1.208500000000000130, -3.004269950128920286 ) ) ;
#1528 = SURFACE_STYLE_FILL_AREA ( #873 ) ;
#1529 = PRESENTATION_LAYER_ASSIGNMENT (  '', '', ( #1946 ) ) ;
#1530 = PRESENTATION_STYLE_ASSIGNMENT (( #2536 ) ) ;
#1531 = CARTESIAN_POINT ( 'NONE',  ( -2.899269950128920748, 1.158500000000000307, -3.004269950128920286 ) ) ;
#1532 = PRESENTATION_LAYER_ASSIGNMENT (  '', '', ( #222 ) ) ;
#1533 =( NAMED_UNIT ( * ) PLANE_ANGLE_UNIT ( ) SI_UNIT ( $, .RADIAN. ) );
#1534 = LINE ( 'NONE', #1101, #2372 ) ;
#1535 = ORIENTED_EDGE ( 'NONE', *, *, #1401, .F. ) ;
#1536 = LINE ( 'NONE', #1782, #2633 ) ;
#1537 = EDGE_CURVE ( 'NONE', #182, #240, #1670, .T. ) ;
#1538 = DIRECTION ( 'NONE',  ( -1.443548270273087399E-16, -0.000000000000000000, -1.000000000000000000 ) ) ;
#1539 = FILL_AREA_STYLE_COLOUR ( '', #565 ) ;
#1540 = CARTESIAN_POINT ( 'NONE',  ( 4.065000000000001279, 0.000000000000000000, -1.600000000000000089 ) ) ;
#1541 = DIRECTION ( 'NONE',  ( 0.9961946980917455452, -0.08715574274765836016, -2.083748789497643622E-16 ) ) ;
#1542 =( NAMED_UNIT ( * ) PLANE_ANGLE_UNIT ( ) SI_UNIT ( $, .RADIAN. ) );
#1543 = LINE ( 'NONE', #304, #2279 ) ;
#1544 = ORIENTED_EDGE ( 'NONE', *, *, #1564, .F. ) ;
#1545 = CARTESIAN_POINT ( 'NONE',  ( 3.554999999999999272, 0.000000000000000000, -3.109999999999999876 ) ) ;
#1546 = DIRECTION ( 'NONE',  ( 0.000000000000000000, 0.000000000000000000, 1.000000000000000000 ) ) ;
#1547 = ADVANCED_FACE ( 'NONE', ( #1176 ), #2561, .T. ) ;
#1548 = SURFACE_STYLE_USAGE ( .BOTH. , #2170 ) ;
#1549 = FACE_OUTER_BOUND ( 'NONE', #1071, .T. ) ;
#1550 = AXIS2_PLACEMENT_3D ( 'NONE', #2480, #2037, #211 ) ;
#1551 = LINE ( 'NONE', #1540, #373 ) ;
#1552 = SURFACE_STYLE_FILL_AREA ( #1366 ) ;
#1553 = DIRECTION ( 'NONE',  ( -1.443548270273087399E-16, -0.000000000000000000, -1.000000000000000000 ) ) ;
#1554 = DIRECTION ( 'NONE',  ( 0.000000000000000000, 0.000000000000000000, 1.000000000000000000 ) ) ;
#1555 = VERTEX_POINT ( 'NONE', #1983 ) ;
#1556 = LINE ( 'NONE', #938, #864 ) ;
#1557 = ORIENTED_EDGE ( 'NONE', *, *, #890, .F. ) ;
#1558 = VECTOR ( 'NONE', #681, 1000.000000000000000 ) ;
#1559 =( LENGTH_UNIT ( ) NAMED_UNIT ( * ) SI_UNIT ( .MILLI., .METRE. ) );
#1560 = CARTESIAN_POINT ( 'NONE',  ( 3.560000000000000053, -0.9064999999999979741, 1.600000000000000089 ) ) ;
#1561 = CARTESIAN_POINT ( 'NONE',  ( -1.949269950128920348, -1.008500000000000174, 3.021767682834104907 ) ) ;
#1562 = COLOUR_RGB ( '',0.2980392156862745057, 0.2980392156862745057, 0.2980392156862745057 ) ;
#1563 = COLOUR_RGB ( '',0.2980392156862745057, 0.2980392156862745057, 0.2980392156862745057 ) ;
#1564 = EDGE_CURVE ( 'NONE', #1814, #866, #547, .T. ) ;
#1565 = LINE ( 'NONE', #2365, #837 ) ;
#1566 = LINE ( 'NONE', #947, #1926 ) ;
#1567 = VECTOR ( 'NONE', #1416, 1000.000000000000000 ) ;
#1568 = EDGE_CURVE ( 'NONE', #2619, #1474, #987, .T. ) ;
#1569 = CARTESIAN_POINT ( 'NONE',  ( -1.949269950128920348, -1.208500000000000574, 3.004269950128920286 ) ) ;
#1570 = ORIENTED_EDGE ( 'NONE', *, *, #507, .F. ) ;
#1571 = CARTESIAN_POINT ( 'NONE',  ( -3.555000000000001048, 0.000000000000000000, -3.109999999999999876 ) ) ;
#1572 = ORIENTED_EDGE ( 'NONE', *, *, #1041, .F. ) ;
#1573 = SURFACE_STYLE_FILL_AREA ( #752 ) ;
#1574 = DIRECTION ( 'NONE',  ( 0.000000000000000000, 0.000000000000000000, -1.000000000000000000 ) ) ;
#1575 = FILL_AREA_STYLE ('',( #755 ) ) ;
#1576 = EDGE_LOOP ( 'NONE', ( #2456, #1645, #2044, #1212 ) ) ;
#1577 =( NAMED_UNIT ( * ) SI_UNIT ( $, .STERADIAN. ) SOLID_ANGLE_UNIT ( ) );
#1578 = CARTESIAN_POINT ( 'NONE',  ( -2.899269950128920748, 1.158500000000000307, -3.004269950128920286 ) ) ;
#1579 = SURFACE_STYLE_FILL_AREA ( #225 ) ;
#1580 =( LENGTH_UNIT ( ) NAMED_UNIT ( * ) SI_UNIT ( .MILLI., .METRE. ) );
#1581 = EDGE_CURVE ( 'NONE', #2096, #661, #1192, .T. ) ;
#1582 = DIRECTION ( 'NONE',  ( -1.000000000000000000, 0.000000000000000000, -0.000000000000000000 ) ) ;
#1583 = VERTEX_POINT ( 'NONE', #1794 ) ;
#1584 = UNCERTAINTY_MEASURE_WITH_UNIT (LENGTH_MEASURE( 1.000000000000000082E-05 ), #598, 'distance_accuracy_value', 'NONE');
#1585 = FILL_AREA_STYLE ('',( #2228 ) ) ;
#1586 = VERTEX_POINT ( 'NONE', #104 ) ;
#1587 = CARTESIAN_POINT ( 'NONE',  ( -3.760000000000000231, -0.5049999999999996714, -1.600000000000000089 ) ) ;
#1588 = CARTESIAN_POINT ( 'NONE',  ( -3.466767682834105191, -1.008500000000000618, 3.021767682834104907 ) ) ;
#1589 = PLANE ( 'NONE',  #394 ) ;
#1590 = LINE ( 'NONE', #198, #1299 ) ;
#1591 = EDGE_CURVE ( 'NONE', #7, #2298, #737, .T. ) ;
#1592 = FACE_OUTER_BOUND ( 'NONE', #1576, .T. ) ;
#1593 = VECTOR ( 'NONE', #1900, 1000.000000000000000 ) ;
#1594 = CARTESIAN_POINT ( 'NONE',  ( -2.899269950128920748, 1.158500000000000307, -3.004269950128920286 ) ) ;
#1595 = ORIENTED_EDGE ( 'NONE', *, *, #1476, .F. ) ;
#1596 = LINE ( 'NONE', #2636, #1469 ) ;
#1597 = ORIENTED_EDGE ( 'NONE', *, *, #654, .T. ) ;
#1598 = AXIS2_PLACEMENT_3D ( 'NONE', #407, #1824, #2653 ) ;
#1599 = DIRECTION ( 'NONE',  ( 0.000000000000000000, 0.000000000000000000, -1.000000000000000000 ) ) ;
#1600 = DIRECTION ( 'NONE',  ( 0.000000000000000000, 0.000000000000000000, 1.000000000000000000 ) ) ;
#1601 =( GEOMETRIC_REPRESENTATION_CONTEXT ( 3 ) GLOBAL_UNCERTAINTY_ASSIGNED_CONTEXT ( ( #556 ) ) GLOBAL_UNIT_ASSIGNED_CONTEXT ( ( #314, #1736, #2550 ) ) REPRESENTATION_CONTEXT ( 'NONE', 'WORKASPACE' ) );
#1602 = VECTOR ( 'NONE', #2081, 1000.000000000000000 ) ;
#1603 = CARTESIAN_POINT ( 'NONE',  ( -2.779269950128920197, 1.158500000000000307, 3.004269950128920286 ) ) ;
#1604 = UNCERTAINTY_MEASURE_WITH_UNIT (LENGTH_MEASURE( 1.000000000000000082E-05 ), #1972, 'distance_accuracy_value', 'NONE');
#1605 = CARTESIAN_POINT ( 'NONE',  ( -3.555000000000001048, 0.000000000000000000, -3.109999999999999876 ) ) ;
#1606 = FILL_AREA_STYLE ('',( #2185 ) ) ;
#1607 = EDGE_LOOP ( 'NONE', ( #1597, #1229, #1472, #1759 ) ) ;
#1608 = SURFACE_SIDE_STYLE ('',( #2042 ) ) ;
#1609 = VERTEX_POINT ( 'NONE', #1588 ) ;
#1610 = CARTESIAN_POINT ( 'NONE',  ( -4.065000000000000391, -1.106499999999998929, -1.600000000000000089 ) ) ;
#1611 = VERTEX_POINT ( 'NONE', #1999 ) ;
#1612 =( NAMED_UNIT ( * ) SI_UNIT ( $, .STERADIAN. ) SOLID_ANGLE_UNIT ( ) );
#1613 = ORIENTED_EDGE ( 'NONE', *, *, #1396, .T. ) ;
#1614 = VECTOR ( 'NONE', #1308, 1000.000000000000000 ) ;
#1615 = CARTESIAN_POINT ( 'NONE',  ( -2.829269950128920907, 1.158500000000000307, -3.004269950128920286 ) ) ;
#1616 = PLANE ( 'NONE',  #1189 ) ;
#1617 = ORIENTED_EDGE ( 'NONE', *, *, #139, .F. ) ;
#1618 = DIRECTION ( 'NONE',  ( 0.000000000000000000, -0.000000000000000000, 1.000000000000000000 ) ) ;
#1619 = VERTEX_POINT ( 'NONE', #2572 ) ;
#1620 = ORIENTED_EDGE ( 'NONE', *, *, #462, .F. ) ;
#1621 = PLANE ( 'NONE',  #1144 ) ;
#1622 = ORIENTED_EDGE ( 'NONE', *, *, #1933, .F. ) ;
#1623 = ORIENTED_EDGE ( 'NONE', *, *, #1675, .F. ) ;
#1624 = EDGE_CURVE ( 'NONE', #445, #2440, #146, .T. ) ;
#1625 = PRESENTATION_STYLE_ASSIGNMENT (( #835 ) ) ;
#1626 = FILL_AREA_STYLE ('',( #779 ) ) ;
#1627 = FILL_AREA_STYLE ('',( #32 ) ) ;
#1628 = EDGE_CURVE ( 'NONE', #1372, #1338, #561, .T. ) ;
#1629 = PRESENTATION_STYLE_ASSIGNMENT (( #2282 ) ) ;
#1630 = CARTESIAN_POINT ( 'NONE',  ( -4.065000000000000391, -1.211499999999999133, -1.600000000000000089 ) ) ;
#1631 = ORIENTED_EDGE ( 'NONE', *, *, #1396, .F. ) ;
#1632 = CARTESIAN_POINT ( 'NONE',  ( 0.000000000000000000, 1.158500000000000307, 0.000000000000000000 ) ) ;
#1633 = ORIENTED_EDGE ( 'NONE', *, *, #1441, .T. ) ;
#1634 = COLOUR_RGB ( '',0.6666666666666666297, 0.6980392156862744724, 0.7686274509803920907 ) ;
#1635 = ORIENTED_EDGE ( 'NONE', *, *, #2306, .T. ) ;
#1636 =( GEOMETRIC_REPRESENTATION_CONTEXT ( 3 ) GLOBAL_UNCERTAINTY_ASSIGNED_CONTEXT ( ( #1040 ) ) GLOBAL_UNIT_ASSIGNED_CONTEXT ( ( #10, #1845, #1461 ) ) REPRESENTATION_CONTEXT ( 'NONE', 'WORKASPACE' ) );
#1637 = PRESENTATION_LAYER_ASSIGNMENT (  '', '', ( #381 ) ) ;
#1638 = AXIS2_PLACEMENT_3D ( 'NONE', #2314, #2123, #89 ) ;
#1639 =( LENGTH_UNIT ( ) NAMED_UNIT ( * ) SI_UNIT ( .MILLI., .METRE. ) );
#1640 = MECHANICAL_DESIGN_GEOMETRIC_PRESENTATION_REPRESENTATION (  '', ( #2160 ), #253 ) ;
#1641 = VECTOR ( 'NONE', #1907, 1000.000000000000114 ) ;
#1642 = MECHANICAL_DESIGN_GEOMETRIC_PRESENTATION_REPRESENTATION (  '', ( #1809 ), #1227 ) ;
#1643 = DIRECTION ( 'NONE',  ( -0.08715574274765836016, -0.9961946980917455452, 0.000000000000000000 ) ) ;
#1644 = CARTESIAN_POINT ( 'NONE',  ( -2.849269950128920925, 1.158500000000000307, -3.004269950128920286 ) ) ;
#1645 = ORIENTED_EDGE ( 'NONE', *, *, #1784, .T. ) ;
#1646 = EDGE_CURVE ( 'NONE', #1890, #2003, #320, .T. ) ;
#1647 = CARTESIAN_POINT ( 'NONE',  ( -2.545000000000000817, -1.411499999999998867, 1.600000000000000089 ) ) ;
#1648 = ORIENTED_EDGE ( 'NONE', *, *, #649, .T. ) ;
#1649 = AXIS2_PLACEMENT_3D ( 'NONE', #2075, #1673, #1902 ) ;
#1650 = PRESENTATION_STYLE_ASSIGNMENT (( #2049 ) ) ;
#1651 = FACE_OUTER_BOUND ( 'NONE', #2031, .T. ) ;
#1652 = FILL_AREA_STYLE ('',( #2290 ) ) ;
#1653 = UNCERTAINTY_MEASURE_WITH_UNIT (LENGTH_MEASURE( 1.000000000000000082E-05 ), #1639, 'distance_accuracy_value', 'NONE');
#1654 = CIRCLE ( 'NONE', #398, 0.2000000000000000944 ) ;
#1655 = FACE_OUTER_BOUND ( 'NONE', #529, .T. ) ;
#1656 = CARTESIAN_POINT ( 'NONE',  ( -3.760000000000000231, -0.5049999999999996714, 1.600000000000000089 ) ) ;
#1657 = ORIENTED_EDGE ( 'NONE', *, *, #729, .F. ) ;
#1658 = EDGE_CURVE ( 'NONE', #2218, #1459, #2478, .T. ) ;
#1659 = SURFACE_STYLE_FILL_AREA ( #1502 ) ;
#1660 = FILL_AREA_STYLE ('',( #628 ) ) ;
#1661 = CARTESIAN_POINT ( 'NONE',  ( -2.879269950128919842, 1.158500000000000307, 3.004269950128920286 ) ) ;
#1662 = LINE ( 'NONE', #11, #200 ) ;
#1663 = ORIENTED_EDGE ( 'NONE', *, *, #1591, .T. ) ;
#1664 = DIRECTION ( 'NONE',  ( -0.000000000000000000, -0.000000000000000000, 1.000000000000000000 ) ) ;
#1665 = ADVANCED_FACE ( 'NONE', ( #814 ), #1050, .F. ) ;
#1666 =( NAMED_UNIT ( * ) SI_UNIT ( $, .STERADIAN. ) SOLID_ANGLE_UNIT ( ) );
#1667 = ORIENTED_EDGE ( 'NONE', *, *, #959, .T. ) ;
#1668 = DIRECTION ( 'NONE',  ( 1.000000000000000000, 0.000000000000000000, 0.000000000000000000 ) ) ;
#1669 = DIRECTION ( 'NONE',  ( 0.000000000000000000, -0.000000000000000000, 1.000000000000000000 ) ) ;
#1670 = CIRCLE ( 'NONE', #603, 0.2000000000000000944 ) ;
#1671 = FILL_AREA_STYLE ('',( #2302 ) ) ;
#1672 = SURFACE_STYLE_USAGE ( .BOTH. , #701 ) ;
#1673 = DIRECTION ( 'NONE',  ( -1.000000000000000000, -6.144964491593376307E-16, 0.000000000000000000 ) ) ;
#1674 = AXIS2_PLACEMENT_3D ( 'NONE', #74, #501, #926 ) ;
#1675 = EDGE_CURVE ( 'NONE', #1172, #2631, #415, .T. ) ;
#1676 = PRESENTATION_LAYER_ASSIGNMENT (  '', '', ( #80 ) ) ;
#1677 = CARTESIAN_POINT ( 'NONE',  ( -2.545000000000000817, -1.411499999999998867, -1.600000000000000089 ) ) ;
#1678 = PRESENTATION_STYLE_ASSIGNMENT (( #2307 ) ) ;
#1679 = AXIS2_PLACEMENT_3D ( 'NONE', #322, #948, #150 ) ;
#1680 = AXIS2_PLACEMENT_3D ( 'NONE', #810, #151, #2618 ) ;
#1681 = EDGE_LOOP ( 'NONE', ( #772, #2330, #900, #173 ) ) ;
#1682 = VECTOR ( 'NONE', #2644, 1000.000000000000000 ) ;
#1683 = CARTESIAN_POINT ( 'NONE',  ( -3.555000000000001048, -1.008499999999999952, -3.021767682834105351 ) ) ;
#1684 = PLANE ( 'NONE',  #1001 ) ;
#1685 = EDGE_LOOP ( 'NONE', ( #572, #763, #806, #453, #983, #1978, #1805, #1438, #2088, #2649, #1810, #2465 ) ) ;
#1686 = CARTESIAN_POINT ( 'NONE',  ( 3.555000000000000604, -0.3049999999999999933, -1.600000000000000089 ) ) ;
#1687 = LINE ( 'NONE', #2503, #1191 ) ;
#1688 = AXIS2_PLACEMENT_3D ( 'NONE', #1331, #2352, #726 ) ;
#1689 = ADVANCED_FACE ( 'NONE', ( #805 ), #2665, .F. ) ;
#1690 = ADVANCED_FACE ( 'NONE', ( #2007 ), #1413, .T. ) ;
#1691 = AXIS2_PLACEMENT_3D ( 'NONE', #34, #2125, #233 ) ;
#1692 = ORIENTED_EDGE ( 'NONE', *, *, #633, .T. ) ;
#1693 = COLOUR_RGB ( '',0.6666666666666666297, 0.6980392156862744724, 0.7686274509803920907 ) ;
#1694 = CARTESIAN_POINT ( 'NONE',  ( 3.760000000000000231, -0.5050000000000001155, 1.600000000000000089 ) ) ;
#1695 = VERTEX_POINT ( 'NONE', #1727 ) ;
#1696 = ORIENTED_EDGE ( 'NONE', *, *, #1107, .T. ) ;
#1697 = LINE ( 'NONE', #2477, #1362 ) ;
#1698 = CARTESIAN_POINT ( 'NONE',  ( 3.760000000000000231, -0.5050000000000001155, -1.600000000000000089 ) ) ;
#1699 = SURFACE_STYLE_USAGE ( .BOTH. , #2103 ) ;
#1700 = ORIENTED_EDGE ( 'NONE', *, *, #1936, .F. ) ;
#1701 =( NAMED_UNIT ( * ) SI_UNIT ( $, .STERADIAN. ) SOLID_ANGLE_UNIT ( ) );
#1702 = PRESENTATION_STYLE_ASSIGNMENT (( #2303 ) ) ;
#1703 = EDGE_CURVE ( 'NONE', #1028, #1769, #2522, .T. ) ;
#1704 = DIRECTION ( 'NONE',  ( -0.000000000000000000, -0.000000000000000000, 1.000000000000000000 ) ) ;
#1705 = VERTEX_POINT ( 'NONE', #2329 ) ;
#1706 = ADVANCED_FACE ( 'NONE', ( #2300 ), #895, .T. ) ;
#1707 = APPLICATION_PROTOCOL_DEFINITION ( 'draft international standard', 'automotive_design', 1998, #940 ) ;
#1708 = EDGE_CURVE ( 'NONE', #1490, #1254, #2071, .T. ) ;
#1709 = CARTESIAN_POINT ( 'NONE',  ( 3.560000000000000053, -0.3049999999999999933, 1.600000000000000089 ) ) ;
#1710 = LINE ( 'NONE', #464, #428 ) ;
#1711 = DIRECTION ( 'NONE',  ( -2.802585719021566778E-15, 1.000000000000000000, 0.000000000000000000 ) ) ;
#1712 = PLANE ( 'NONE',  #1674 ) ;
#1713 = LINE ( 'NONE', #275, #700 ) ;
#1714 = ORIENTED_EDGE ( 'NONE', *, *, #2159, .F. ) ;
#1715 = SURFACE_STYLE_USAGE ( .BOTH. , #267 ) ;
#1716 = STYLED_ITEM ( 'NONE', ( #1927 ), #1453 ) ;
#1717 = ORIENTED_EDGE ( 'NONE', *, *, #1213, .T. ) ;
#1718 = DIRECTION ( 'NONE',  ( 1.000000000000000000, 0.000000000000000000, 0.000000000000000000 ) ) ;
#1719 = VECTOR ( 'NONE', #2541, 1000.000000000000000 ) ;
#1720 =( GEOMETRIC_REPRESENTATION_CONTEXT ( 3 ) GLOBAL_UNCERTAINTY_ASSIGNED_CONTEXT ( ( #1154 ) ) GLOBAL_UNIT_ASSIGNED_CONTEXT ( ( #2592, #509, #120 ) ) REPRESENTATION_CONTEXT ( 'NONE', 'WORKASPACE' ) );
#1721 = CARTESIAN_POINT ( 'NONE',  ( -2.849269950128920925, 1.158500000000000307, -3.004269950128920286 ) ) ;
#1722 = SURFACE_STYLE_USAGE ( .BOTH. , #1305 ) ;
#1723 = COLOUR_RGB ( '',0.6666666666666666297, 0.6980392156862744724, 0.7686274509803920907 ) ;
#1724 = STYLED_ITEM ( 'NONE', ( #1397 ), #1044 ) ;
#1725 = DIRECTION ( 'NONE',  ( -1.000000000000000000, 0.000000000000000000, -0.000000000000000000 ) ) ;
#1726 = ADVANCED_FACE ( 'NONE', ( #456 ), #1712, .F. ) ;
#1727 = CARTESIAN_POINT ( 'NONE',  ( 3.560000000000000053, -0.3049999999999999933, 1.600000000000000089 ) ) ;
#1728 = DIRECTION ( 'NONE',  ( 0.08682659386424780579, -0.9924325091389669673, 0.08682659386424779191 ) ) ;
#1729 = VERTEX_POINT ( 'NONE', #88 ) ;
#1730 = AXIS2_PLACEMENT_3D ( 'NONE', #434, #380, #189 ) ;
#1731 = SURFACE_SIDE_STYLE ('',( #1915 ) ) ;
#1732 =( NAMED_UNIT ( * ) PLANE_ANGLE_UNIT ( ) SI_UNIT ( $, .RADIAN. ) );
#1733 = CLOSED_SHELL ( 'NONE', ( #1026, #348, #942, #2332, #2560, #2331, #2078, #1140, #2258, #1485, #355, #1082, #743, #379, #1497, #1950, #2048, #2296, #2082, #945, #981, #2368, #2555, #2576, #2590, #1752, #1689, #1893, #1726, #1986, #113, #625, #1690, #16, #766, #1240, #1044, #761 ) ) ;
#1734 =( NAMED_UNIT ( * ) SI_UNIT ( $, .STERADIAN. ) SOLID_ANGLE_UNIT ( ) );
#1735 = CARTESIAN_POINT ( 'NONE',  ( -3.555000000000000604, 4.336808689942017736E-16, -1.600000000000000089 ) ) ;
#1736 =( NAMED_UNIT ( * ) PLANE_ANGLE_UNIT ( ) SI_UNIT ( $, .RADIAN. ) );
#1737 =( GEOMETRIC_REPRESENTATION_CONTEXT ( 3 ) GLOBAL_UNCERTAINTY_ASSIGNED_CONTEXT ( ( #377 ) ) GLOBAL_UNIT_ASSIGNED_CONTEXT ( ( #1106, #311, #1734 ) ) REPRESENTATION_CONTEXT ( 'NONE', 'WORKASPACE' ) );
#1738 = ORIENTED_EDGE ( 'NONE', *, *, #2236, .T. ) ;
#1739 = SURFACE_STYLE_USAGE ( .BOTH. , #2551 ) ;
#1740 = EDGE_CURVE ( 'NONE', #1153, #878, #721, .T. ) ;
#1741 =( LENGTH_UNIT ( ) NAMED_UNIT ( * ) SI_UNIT ( .MILLI., .METRE. ) );
#1742 = LINE ( 'NONE', #499, #170 ) ;
#1743 = FACE_OUTER_BOUND ( 'NONE', #1086, .T. ) ;
#1744 = LINE ( 'NONE', #471, #37 ) ;
#1745 = VERTEX_POINT ( 'NONE', #2557 ) ;
#1746 =( NAMED_UNIT ( * ) SI_UNIT ( $, .STERADIAN. ) SOLID_ANGLE_UNIT ( ) );
#1747 = PLANE ( 'NONE',  #8 ) ;
#1748 = CARTESIAN_POINT ( 'NONE',  ( -2.929269950128920996, 1.208500000000000130, -3.004269950128920286 ) ) ;
#1749 = FILL_AREA_STYLE ('',( #99 ) ) ;
#1750 = DIRECTION ( 'NONE',  ( 0.000000000000000000, -1.000000000000000000, 0.000000000000000000 ) ) ;
#1751 = ORIENTED_EDGE ( 'NONE', *, *, #1838, .T. ) ;
#1752 = ADVANCED_FACE ( 'NONE', ( #1743 ), #1336, .F. ) ;
#1753 = DIRECTION ( 'NONE',  ( -1.000000000000000000, -1.084202172485503842E-15, 0.000000000000000000 ) ) ;
#1754 = SURFACE_STYLE_FILL_AREA ( #67 ) ;
#1755 = SURFACE_STYLE_FILL_AREA ( #2183 ) ;
#1756 = CIRCLE ( 'NONE', #995, 0.2000000000000000944 ) ;
#1757 = DIRECTION ( 'NONE',  ( -6.144964491593375321E-16, -1.000000000000000000, 0.000000000000000000 ) ) ;
#1758 = PLANE ( 'NONE',  #1730 ) ;
#1759 = ORIENTED_EDGE ( 'NONE', *, *, #164, .T. ) ;
#1760 =( GEOMETRIC_REPRESENTATION_CONTEXT ( 3 ) GLOBAL_UNCERTAINTY_ASSIGNED_CONTEXT ( ( #213 ) ) GLOBAL_UNIT_ASSIGNED_CONTEXT ( ( #390, #2628, #637 ) ) REPRESENTATION_CONTEXT ( 'NONE', 'WORKASPACE' ) );
#1761 = ORIENTED_EDGE ( 'NONE', *, *, #1367, .F. ) ;
#1762 = UNCERTAINTY_MEASURE_WITH_UNIT (LENGTH_MEASURE( 1.000000000000000082E-05 ), #2313, 'distance_accuracy_value', 'NONE');
#1763 = DIRECTION ( 'NONE',  ( 0.000000000000000000, 0.000000000000000000, -1.000000000000000000 ) ) ;
#1764 = EDGE_LOOP ( 'NONE', ( #76, #2182, #2150, #382 ) ) ;
#1765 = DIRECTION ( 'NONE',  ( 0.08682659386424777803, -0.9924325091389669673, -0.08682659386424779191 ) ) ;
#1766 =( NAMED_UNIT ( * ) SI_UNIT ( $, .STERADIAN. ) SOLID_ANGLE_UNIT ( ) );
#1767 = FACE_OUTER_BOUND ( 'NONE', #413, .T. ) ;
#1768 = AXIS2_PLACEMENT_3D ( 'NONE', #1335, #877, #2327 ) ;
#1769 = VERTEX_POINT ( 'NONE', #1661 ) ;
#1770 = AXIS2_PLACEMENT_3D ( 'NONE', #1241, #1618, #1209 ) ;
#1771 = VECTOR ( 'NONE', #1448, 1000.000000000000000 ) ;
#1772 = CYLINDRICAL_SURFACE ( 'NONE', #2382, 0.2000000000000000944 ) ;
#1773 = DIRECTION ( 'NONE',  ( -1.000000000000000000, -2.853163611803962722E-16, 0.000000000000000000 ) ) ;
#1774 = ADVANCED_FACE ( 'NONE', ( #2668 ), #2470, .T. ) ;
#1775 = LINE ( 'NONE', #525, #2012 ) ;
#1776 = MECHANICAL_DESIGN_GEOMETRIC_PRESENTATION_REPRESENTATION (  '', ( #1442 ), #2129 ) ;
#1777 = FILL_AREA_STYLE_COLOUR ( '', #614 ) ;
#1778 = SURFACE_SIDE_STYLE ('',( #285 ) ) ;
#1779 = EDGE_LOOP ( 'NONE', ( #1867, #2177, #1143, #1506 ) ) ;
#1780 = DIRECTION ( 'NONE',  ( 0.000000000000000000, -0.08715574274765836016, 0.9961946980917455452 ) ) ;
#1781 = ORIENTED_EDGE ( 'NONE', *, *, #2490, .F. ) ;
#1782 = CARTESIAN_POINT ( 'NONE',  ( -1.949269950128920348, -1.208500000000000130, 0.000000000000000000 ) ) ;
#1783 = CARTESIAN_POINT ( 'NONE',  ( -3.865000000000000657, -0.2000000000000004552, -1.600000000000000089 ) ) ;
#1784 = EDGE_CURVE ( 'NONE', #240, #1705, #616, .T. ) ;
#1785 = CARTESIAN_POINT ( 'NONE',  ( -2.545000000000000817, -1.106499999999998929, 1.600000000000000089 ) ) ;
#1786 = DIRECTION ( 'NONE',  ( -2.853163611803962722E-16, 1.000000000000000000, 0.000000000000000000 ) ) ;
#1787 = CARTESIAN_POINT ( 'NONE',  ( -3.864999999999999769, -1.211499999999998911, 1.600000000000000089 ) ) ;
#1788 = SURFACE_SIDE_STYLE ('',( #1962 ) ) ;
#1789 = EDGE_LOOP ( 'NONE', ( #1020, #2203, #457, #1186, #789, #152, #2232, #570, #2212, #2622, #1970, #2257 ) ) ;
#1790 = ORIENTED_EDGE ( 'NONE', *, *, #1157, .T. ) ;
#1791 = UNCERTAINTY_MEASURE_WITH_UNIT (LENGTH_MEASURE( 1.000000000000000082E-05 ), #1333, 'distance_accuracy_value', 'NONE');
#1792 = DIRECTION ( 'NONE',  ( 1.394472247569780710E-16, -0.000000000000000000, 1.000000000000000000 ) ) ;
#1793 = VERTEX_POINT ( 'NONE', #592 ) ;
#1794 = CARTESIAN_POINT ( 'NONE',  ( -3.560000000000000497, -0.3049999999999995492, 1.600000000000000089 ) ) ;
#1795 = DIRECTION ( 'NONE',  ( 0.000000000000000000, 0.000000000000000000, 1.000000000000000000 ) ) ;
#1796 =( NAMED_UNIT ( * ) SI_UNIT ( $, .STERADIAN. ) SOLID_ANGLE_UNIT ( ) );
#1797 = STYLED_ITEM ( 'NONE', ( #1702 ), #1440 ) ;
#1798 = CARTESIAN_POINT ( 'NONE',  ( 3.865000000000000657, -0.2000000000000000111, 1.600000000000000089 ) ) ;
#1799 = ORIENTED_EDGE ( 'NONE', *, *, #1252, .T. ) ;
#1800 = PLANE ( 'NONE',  #741 ) ;
#1801 = ORIENTED_EDGE ( 'NONE', *, *, #2184, .T. ) ;
#1802 =( GEOMETRIC_REPRESENTATION_CONTEXT ( 3 ) GLOBAL_UNCERTAINTY_ASSIGNED_CONTEXT ( ( #1791 ) ) GLOBAL_UNIT_ASSIGNED_CONTEXT ( ( #1333, #2305, #1496 ) ) REPRESENTATION_CONTEXT ( 'NONE', 'WORKASPACE' ) );
#1803 = ORIENTED_EDGE ( 'NONE', *, *, #1908, .T. ) ;
#1804 =( NAMED_UNIT ( * ) PLANE_ANGLE_UNIT ( ) SI_UNIT ( $, .RADIAN. ) );
#1805 = ORIENTED_EDGE ( 'NONE', *, *, #1286, .F. ) ;
#1806 = COLOUR_RGB ( '',0.4980392156862745168, 0.4980392156862745168, 0.4980392156862745168 ) ;
#1807 = COLOUR_RGB ( '',0.4980392156862745168, 0.4980392156862745168, 0.4980392156862745168 ) ;
#1808 = VECTOR ( 'NONE', #1006, 1000.000000000000000 ) ;
#1809 = STYLED_ITEM ( 'NONE', ( #1629 ), #2641 ) ;
#1810 = ORIENTED_EDGE ( 'NONE', *, *, #38, .T. ) ;
#1811 =( NAMED_UNIT ( * ) SI_UNIT ( $, .STERADIAN. ) SOLID_ANGLE_UNIT ( ) );
#1812 = STYLED_ITEM ( 'NONE', ( #2444 ), #113 ) ;
#1813 = CARTESIAN_POINT ( 'NONE',  ( -2.799269950128921103, 1.158500000000000307, -3.004269950128920286 ) ) ;
#1814 = VERTEX_POINT ( 'NONE', #1454 ) ;
#1815 = DIRECTION ( 'NONE',  ( 1.000000000000000000, 0.000000000000000000, 0.000000000000000000 ) ) ;
#1816 = ORIENTED_EDGE ( 'NONE', *, *, #1261, .F. ) ;
#1817 = AXIS2_PLACEMENT_3D ( 'NONE', #974, #134, #330 ) ;
#1818 =( NAMED_UNIT ( * ) SI_UNIT ( $, .STERADIAN. ) SOLID_ANGLE_UNIT ( ) );
#1819 =( GEOMETRIC_REPRESENTATION_CONTEXT ( 3 ) GLOBAL_UNCERTAINTY_ASSIGNED_CONTEXT ( ( #1318 ) ) GLOBAL_UNIT_ASSIGNED_CONTEXT ( ( #868, #2333, #249 ) ) REPRESENTATION_CONTEXT ( 'NONE', 'WORKASPACE' ) );
#1820 = SURFACE_STYLE_FILL_AREA ( #1660 ) ;
#1821 = ORIENTED_EDGE ( 'NONE', *, *, #1437, .T. ) ;
#1822 = EDGE_CURVE ( 'NONE', #359, #2274, #2061, .T. ) ;
#1823 = PRESENTATION_LAYER_ASSIGNMENT (  '', '', ( #2292 ) ) ;
#1824 = DIRECTION ( 'NONE',  ( -2.802585719021566778E-15, 1.000000000000000000, 0.000000000000000000 ) ) ;
#1825 = DIRECTION ( 'NONE',  ( -1.000000000000000000, -2.853163611803962722E-16, 0.000000000000000000 ) ) ;
#1826 = SURFACE_STYLE_FILL_AREA ( #1274 ) ;
#1827 = DIRECTION ( 'NONE',  ( -0.000000000000000000, -0.000000000000000000, -1.000000000000000000 ) ) ;
#1828 = PRESENTATION_STYLE_ASSIGNMENT (( #688 ) ) ;
#1829 = SURFACE_STYLE_FILL_AREA ( #1266 ) ;
#1830 = ORIENTED_EDGE ( 'NONE', *, *, #1261, .T. ) ;
#1831 = CARTESIAN_POINT ( 'NONE',  ( -2.949269950128921014, 1.208500000000000130, -3.004269950128920286 ) ) ;
#1832 = EDGE_LOOP ( 'NONE', ( #1904, #203, #1127, #992 ) ) ;
#1833 = EDGE_CURVE ( 'NONE', #2095, #78, #375, .T. ) ;
#1834 = DIRECTION ( 'NONE',  ( 0.000000000000000000, -1.000000000000000000, 0.000000000000000000 ) ) ;
#1835 = ORIENTED_EDGE ( 'NONE', *, *, #496, .T. ) ;
#1836 = SURFACE_STYLE_USAGE ( .BOTH. , #2423 ) ;
#1837 =( NAMED_UNIT ( * ) SI_UNIT ( $, .STERADIAN. ) SOLID_ANGLE_UNIT ( ) );
#1838 = EDGE_CURVE ( 'NONE', #180, #661, #158, .T. ) ;
#1839 = DIRECTION ( 'NONE',  ( 0.000000000000000000, -0.000000000000000000, -1.000000000000000000 ) ) ;
#1840 = DIRECTION ( 'NONE',  ( 0.000000000000000000, -0.000000000000000000, -1.000000000000000000 ) ) ;
#1841 = ORIENTED_EDGE ( 'NONE', *, *, #2159, .T. ) ;
#1842 =( GEOMETRIC_REPRESENTATION_CONTEXT ( 3 ) GLOBAL_UNCERTAINTY_ASSIGNED_CONTEXT ( ( #2291 ) ) GLOBAL_UNIT_ASSIGNED_CONTEXT ( ( #1184, #2050, #1462 ) ) REPRESENTATION_CONTEXT ( 'NONE', 'WORKASPACE' ) );
#1843 = CARTESIAN_POINT ( 'NONE',  ( -3.864999999999999769, -1.211499999999998911, -1.600000000000000089 ) ) ;
#1844 =( GEOMETRIC_REPRESENTATION_CONTEXT ( 3 ) GLOBAL_UNCERTAINTY_ASSIGNED_CONTEXT ( ( #2389 ) ) GLOBAL_UNIT_ASSIGNED_CONTEXT ( ( #1944, #933, #1766 ) ) REPRESENTATION_CONTEXT ( 'NONE', 'WORKASPACE' ) );
#1845 =( NAMED_UNIT ( * ) PLANE_ANGLE_UNIT ( ) SI_UNIT ( $, .RADIAN. ) );
#1846 = ORIENTED_EDGE ( 'NONE', *, *, #887, .F. ) ;
#1847 = MECHANICAL_DESIGN_GEOMETRIC_PRESENTATION_REPRESENTATION (  '', ( #381 ), #1932 ) ;
#1848 = CARTESIAN_POINT ( 'NONE',  ( -2.929269950128920108, 1.208500000000000130, 3.004269950128920286 ) ) ;
#1849 = ORIENTED_EDGE ( 'NONE', *, *, #2128, .T. ) ;
#1850 = CARTESIAN_POINT ( 'NONE',  ( -2.879269950128919842, 1.158500000000000307, 3.004269950128920286 ) ) ;
#1851 =( GEOMETRIC_REPRESENTATION_CONTEXT ( 3 ) GLOBAL_UNCERTAINTY_ASSIGNED_CONTEXT ( ( #410 ) ) GLOBAL_UNIT_ASSIGNED_CONTEXT ( ( #1293, #101, #2164 ) ) REPRESENTATION_CONTEXT ( 'NONE', 'WORKASPACE' ) );
#1852 = COLOUR_RGB ( '',0.6666666666666666297, 0.6980392156862744724, 0.7686274509803920907 ) ;
#1853 =( GEOMETRIC_REPRESENTATION_CONTEXT ( 3 ) GLOBAL_UNCERTAINTY_ASSIGNED_CONTEXT ( ( #2528 ) ) GLOBAL_UNIT_ASSIGNED_CONTEXT ( ( #1498, #13, #1666 ) ) REPRESENTATION_CONTEXT ( 'NONE', 'WORKASPACE' ) );
#1854 = AXIS2_PLACEMENT_3D ( 'NONE', #1253, #1664, #2473 ) ;
#1855 = LINE ( 'NONE', #841, #784 ) ;
#1856 = ORIENTED_EDGE ( 'NONE', *, *, #1328, .F. ) ;
#1857 = COLOUR_RGB ( '',0.6666666666666666297, 0.6980392156862744724, 0.7686274509803920907 ) ;
#1858 = CIRCLE ( 'NONE', #2547, 0.2000000000000000944 ) ;
#1859 = CARTESIAN_POINT ( 'NONE',  ( -2.779269950128920641, 1.158500000000000307, -3.004269950128920286 ) ) ;
#1860 = DIRECTION ( 'NONE',  ( -0.000000000000000000, 0.000000000000000000, 1.000000000000000000 ) ) ;
#1861 = LINE ( 'NONE', #1850, #435 ) ;
#1862 = UNCERTAINTY_MEASURE_WITH_UNIT (LENGTH_MEASURE( 1.000000000000000082E-05 ), #448, 'distance_accuracy_value', 'NONE');
#1863 = STYLED_ITEM ( 'NONE', ( #2392 ), #625 ) ;
#1864 = EDGE_CURVE ( 'NONE', #1482, #957, #817, .T. ) ;
#1865 = PRESENTATION_STYLE_ASSIGNMENT (( #673 ) ) ;
#1866 =( LENGTH_UNIT ( ) NAMED_UNIT ( * ) SI_UNIT ( .MILLI., .METRE. ) );
#1867 = ORIENTED_EDGE ( 'NONE', *, *, #2446, .T. ) ;
#1868 = CARTESIAN_POINT ( 'NONE',  ( -3.554999999999999716, -0.3049999999999995492, -1.600000000000000089 ) ) ;
#1869 = EDGE_CURVE ( 'NONE', #774, #2631, #2261, .T. ) ;
#1870 = DIRECTION ( 'NONE',  ( 1.000000000000000000, 0.000000000000000000, 0.000000000000000000 ) ) ;
#1871 = LINE ( 'NONE', #1455, #1342 ) ;
#1872 = SURFACE_STYLE_FILL_AREA ( #1652 ) ;
#1873 = ORIENTED_EDGE ( 'NONE', *, *, #178, .T. ) ;
#1874 = LINE ( 'NONE', #858, #1174 ) ;
#1875 = CARTESIAN_POINT ( 'NONE',  ( -3.449269950128920570, 1.208500000000000130, 3.004269950128920286 ) ) ;
#1876 = PRESENTATION_STYLE_ASSIGNMENT (( #2273 ) ) ;
#1877 = ORIENTED_EDGE ( 'NONE', *, *, #825, .F. ) ;
#1878 =( LENGTH_UNIT ( ) NAMED_UNIT ( * ) SI_UNIT ( .MILLI., .METRE. ) );
#1879 = FILL_AREA_STYLE_COLOUR ( '', #778 ) ;
#1880 = ORIENTED_EDGE ( 'NONE', *, *, #1437, .F. ) ;
#1881 = AXIS2_PLACEMENT_3D ( 'NONE', #338, #979, #1270 ) ;
#1882 = PLANE ( 'NONE',  #1054 ) ;
#1883 = SURFACE_SIDE_STYLE ('',( #1872 ) ) ;
#1884 = COLOUR_RGB ( '',0.6666666666666666297, 0.6980392156862744724, 0.7686274509803920907 ) ;
#1885 = VERTEX_POINT ( 'NONE', #1037 ) ;
#1886 = SURFACE_SIDE_STYLE ('',( #1528 ) ) ;
#1887 = PLANE ( 'NONE',  #510 ) ;
#1888 =( GEOMETRIC_REPRESENTATION_CONTEXT ( 3 ) GLOBAL_UNCERTAINTY_ASSIGNED_CONTEXT ( ( #1370 ) ) GLOBAL_UNIT_ASSIGNED_CONTEXT ( ( #1866, #811, #2283 ) ) REPRESENTATION_CONTEXT ( 'NONE', 'WORKASPACE' ) );
#1889 = AXIS2_PLACEMENT_3D ( 'NONE', #1168, #2358, #2539 ) ;
#1890 = VERTEX_POINT ( 'NONE', #1848 ) ;
#1891 = VERTEX_POINT ( 'NONE', #87 ) ;
#1892 = STYLED_ITEM ( 'NONE', ( #2295 ), #536 ) ;
#1893 = ADVANCED_FACE ( 'NONE', ( #889 ), #2281, .T. ) ;
#1894 = LINE ( 'NONE', #1683, #443 ) ;
#1895 = CARTESIAN_POINT ( 'NONE',  ( -3.554999999999999716, -0.3049999999999995492, -1.600000000000000089 ) ) ;
#1896 = LINE ( 'NONE', #50, #1558 ) ;
#1897 = ORIENTED_EDGE ( 'NONE', *, *, #221, .F. ) ;
#1898 = ADVANCED_FACE ( 'NONE', ( #433 ), #2324, .T. ) ;
#1899 =( LENGTH_UNIT ( ) NAMED_UNIT ( * ) SI_UNIT ( .MILLI., .METRE. ) );
#1900 = DIRECTION ( 'NONE',  ( -1.000000000000000000, -0.000000000000000000, -0.000000000000000000 ) ) ;
#1901 = EDGE_CURVE ( 'NONE', #600, #2284, #481, .T. ) ;
#1902 = DIRECTION ( 'NONE',  ( 6.144964491593376307E-16, -1.000000000000000000, 0.000000000000000000 ) ) ;
#1903 = PRESENTATION_LAYER_ASSIGNMENT (  '', '', ( #395 ) ) ;
#1904 = ORIENTED_EDGE ( 'NONE', *, *, #2143, .T. ) ;
#1905 = SURFACE_STYLE_FILL_AREA ( #280 ) ;
#1906 = ORIENTED_EDGE ( 'NONE', *, *, #1591, .F. ) ;
#1907 = DIRECTION ( 'NONE',  ( 0.08682659386424780579, 0.9924325091389669673, 0.08682659386424779191 ) ) ;
#1908 = EDGE_CURVE ( 'NONE', #2225, #405, #1917, .T. ) ;
#1909 = FACE_OUTER_BOUND ( 'NONE', #316, .T. ) ;
#1910 = CARTESIAN_POINT ( 'NONE',  ( -1.949269950128920348, -1.208500000000000130, -3.004269950128920286 ) ) ;
#1911 = LINE ( 'NONE', #1325, #2213 ) ;
#1912 = LINE ( 'NONE', #488, #2530 ) ;
#1913 = EDGE_LOOP ( 'NONE', ( #307, #1421, #665, #2018 ) ) ;
#1914 = EDGE_CURVE ( 'NONE', #2215, #282, #69, .T. ) ;
#1915 = SURFACE_STYLE_FILL_AREA ( #1671 ) ;
#1916 = ORIENTED_EDGE ( 'NONE', *, *, #511, .F. ) ;
#1917 = LINE ( 'NONE', #1319, #335 ) ;
#1918 = PRODUCT_DEFINITION ( 'UNKNOWN', '', #918, #1059 ) ;
#1919 = FILL_AREA_STYLE ('',( #1109 ) ) ;
#1920 =( LENGTH_UNIT ( ) NAMED_UNIT ( * ) SI_UNIT ( .MILLI., .METRE. ) );
#1921 = PRESENTATION_STYLE_ASSIGNMENT (( #732 ) ) ;
#1922 = CARTESIAN_POINT ( 'NONE',  ( -2.779269950128920197, 1.208500000000000130, 3.004269950128920286 ) ) ;
#1923 = CARTESIAN_POINT ( 'NONE',  ( 4.065000000000000391, -1.411499999999997756, -1.600000000000000089 ) ) ;
#1924 = PRESENTATION_STYLE_ASSIGNMENT (( #1699 ) ) ;
#1925 = EDGE_LOOP ( 'NONE', ( #629, #1108, #1667, #2124 ) ) ;
#1926 = VECTOR ( 'NONE', #1343, 1000.000000000000000 ) ;
#1927 = PRESENTATION_STYLE_ASSIGNMENT (( #1672 ) ) ;
#1928 = PRESENTATION_STYLE_ASSIGNMENT (( #1715 ) ) ;
#1929 = STYLED_ITEM ( 'NONE', ( #2219 ), #1547 ) ;
#1930 = SURFACE_STYLE_FILL_AREA ( #1960 ) ;
#1931 = AXIS2_PLACEMENT_3D ( 'NONE', #1923, #1504, #2086 ) ;
#1932 =( GEOMETRIC_REPRESENTATION_CONTEXT ( 3 ) GLOBAL_UNCERTAINTY_ASSIGNED_CONTEXT ( ( #687 ) ) GLOBAL_UNIT_ASSIGNED_CONTEXT ( ( #2294, #872, #2339 ) ) REPRESENTATION_CONTEXT ( 'NONE', 'WORKASPACE' ) );
#1933 = EDGE_CURVE ( 'NONE', #1172, #23, #256, .T. ) ;
#1934 = CARTESIAN_POINT ( 'NONE',  ( 3.555000000000000604, -0.3049999999999999933, 1.600000000000000089 ) ) ;
#1935 = PRESENTATION_STYLE_ASSIGNMENT (( #1722 ) ) ;
#1936 = EDGE_CURVE ( 'NONE', #1609, #589, #1874, .T. ) ;
#1937 =( GEOMETRIC_REPRESENTATION_CONTEXT ( 3 ) GLOBAL_UNCERTAINTY_ASSIGNED_CONTEXT ( ( #1445 ) ) GLOBAL_UNIT_ASSIGNED_CONTEXT ( ( #2039, #393, #1238 ) ) REPRESENTATION_CONTEXT ( 'NONE', 'WORKASPACE' ) );
#1938 = PRESENTATION_LAYER_ASSIGNMENT (  '', '', ( #2249 ) ) ;
#1939 = LINE ( 'NONE', #528, #2427 ) ;
#1940 = SURFACE_STYLE_FILL_AREA ( #287 ) ;
#1941 = CARTESIAN_POINT ( 'NONE',  ( -1.949269950128920348, -1.008500000000000174, -3.021767682834105351 ) ) ;
#1942 = ORIENTED_EDGE ( 'NONE', *, *, #138, .T. ) ;
#1943 = CARTESIAN_POINT ( 'NONE',  ( 1.949269950128920792, 0.000000000000000000, -3.109999999999999876 ) ) ;
#1944 =( LENGTH_UNIT ( ) NAMED_UNIT ( * ) SI_UNIT ( .MILLI., .METRE. ) );
#1945 = CARTESIAN_POINT ( 'NONE',  ( -3.449269950128921458, 1.208500000000000130, -3.004269950128920286 ) ) ;
#1946 = STYLED_ITEM ( 'NONE', ( #2564 ), #31 ) ;
#1947 = SURFACE_SIDE_STYLE ('',( #295 ) ) ;
#1948 = CARTESIAN_POINT ( 'NONE',  ( 4.065000000000000391, -1.411499999999997756, -1.600000000000000089 ) ) ;
#1949 = PRESENTATION_LAYER_ASSIGNMENT (  '', '', ( #658 ) ) ;
#1950 = ADVANCED_FACE ( 'NONE', ( #1483 ), #42, .F. ) ;
#1951 = STYLED_ITEM ( 'NONE', ( #2006 ), #761 ) ;
#1952 = CARTESIAN_POINT ( 'NONE',  ( -2.799269950128921103, 1.158500000000000307, -3.004269950128920286 ) ) ;
#1953 = AXIS2_PLACEMENT_3D ( 'NONE', #2484, #647, #1098 ) ;
#1954 = DIRECTION ( 'NONE',  ( 1.000000000000000000, 0.000000000000000000, 0.000000000000000000 ) ) ;
#1955 = DIRECTION ( 'NONE',  ( -0.000000000000000000, 0.000000000000000000, -1.000000000000000000 ) ) ;
#1956 = VERTEX_POINT ( 'NONE', #2565 ) ;
#1957 = EDGE_CURVE ( 'NONE', #1619, #1609, #2354, .T. ) ;
#1958 = CARTESIAN_POINT ( 'NONE',  ( -3.555000000000001048, 1.208500000000000130, -3.004269950128920286 ) ) ;
#1959 = CARTESIAN_POINT ( 'NONE',  ( -3.555000000000001048, 1.208500000000000130, -3.004269950128920286 ) ) ;
#1960 = FILL_AREA_STYLE ('',( #550 ) ) ;
#1961 = CARTESIAN_POINT ( 'NONE',  ( -2.849269950128920925, 1.208500000000000130, -3.004269950128920286 ) ) ;
#1962 = SURFACE_STYLE_FILL_AREA ( #1606 ) ;
#1963 = CARTESIAN_POINT ( 'NONE',  ( -2.899269950128920303, 1.158500000000000307, 3.004269950128920286 ) ) ;
#1964 = ORIENTED_EDGE ( 'NONE', *, *, #1324, .F. ) ;
#1965 = DIRECTION ( 'NONE',  ( 1.000000000000000000, 0.000000000000000000, 0.000000000000000000 ) ) ;
#1966 = VERTEX_POINT ( 'NONE', #2366 ) ;
#1967 = PLANE ( 'NONE',  #662 ) ;
#1968 = CARTESIAN_POINT ( 'NONE',  ( 3.864999999999999769, -1.211499999999997801, -1.600000000000000089 ) ) ;
#1969 = DIRECTION ( 'NONE',  ( -1.000000000000000000, -2.802585719021566778E-15, 0.000000000000000000 ) ) ;
#1970 = ORIENTED_EDGE ( 'NONE', *, *, #2144, .T. ) ;
#1971 = EDGE_CURVE ( 'NONE', #240, #2056, #962, .T. ) ;
#1972 =( LENGTH_UNIT ( ) NAMED_UNIT ( * ) SI_UNIT ( .MILLI., .METRE. ) );
#1973 = PRESENTATION_LAYER_ASSIGNMENT (  '', '', ( #2575 ) ) ;
#1974 = CARTESIAN_POINT ( 'NONE',  ( -2.829269950128920907, 1.158500000000000307, -3.004269950128920286 ) ) ;
#1975 = DIRECTION ( 'NONE',  ( 0.000000000000000000, -0.000000000000000000, -1.000000000000000000 ) ) ;
#1976 = VECTOR ( 'NONE', #1273, 1000.000000000000000 ) ;
#1977 = FACE_OUTER_BOUND ( 'NONE', #465, .T. ) ;
#1978 = ORIENTED_EDGE ( 'NONE', *, *, #1041, .T. ) ;
#1979 = DIRECTION ( 'NONE',  ( 1.000000000000000000, 0.000000000000000000, -0.000000000000000000 ) ) ;
#1980 = ORIENTED_EDGE ( 'NONE', *, *, #1564, .T. ) ;
#1981 = AXIS2_PLACEMENT_3D ( 'NONE', #1605, #175, #2643 ) ;
#1982 = LINE ( 'NONE', #2559, #975 ) ;
#1983 = CARTESIAN_POINT ( 'NONE',  ( -2.899269950128920303, 1.208500000000000130, 3.004269950128920286 ) ) ;
#1984 = PLANE ( 'NONE',  #1817 ) ;
#1985 = VECTOR ( 'NONE', #2634, 1000.000000000000000 ) ;
#1986 = ADVANCED_FACE ( 'NONE', ( #977 ), #334, .F. ) ;
#1987 = EDGE_CURVE ( 'NONE', #1294, #1267, #920, .T. ) ;
#1988 = CYLINDRICAL_SURFACE ( 'NONE', #1881, 0.2000000000000000944 ) ;
#1989 = PRESENTATION_LAYER_ASSIGNMENT (  '', '', ( #1812 ) ) ;
#1990 = FILL_AREA_STYLE_COLOUR ( '', #1265 ) ;
#1991 = VECTOR ( 'NONE', #1969, 1000.000000000000000 ) ;
#1992 = CARTESIAN_POINT ( 'NONE',  ( -4.065000000000000391, -1.411499999999998867, 1.600000000000000089 ) ) ;
#1993 = ORIENTED_EDGE ( 'NONE', *, *, #2616, .F. ) ;
#1994 = CARTESIAN_POINT ( 'NONE',  ( -3.560000000000000053, -1.106499999999998929, -1.600000000000000089 ) ) ;
#1995 = VECTOR ( 'NONE', #560, 1000.000000000000000 ) ;
#1996 = ORIENTED_EDGE ( 'NONE', *, *, #2349, .T. ) ;
#1997 = DIRECTION ( 'NONE',  ( 1.000000000000000000, 0.000000000000000000, 0.000000000000000000 ) ) ;
#1998 = ORIENTED_EDGE ( 'NONE', *, *, #559, .F. ) ;
#1999 = CARTESIAN_POINT ( 'NONE',  ( 2.545000000000001705, -1.411499999999998201, 1.600000000000000089 ) ) ;
#2000 = CARTESIAN_POINT ( 'NONE',  ( -2.799269950128921103, 1.158500000000000307, -3.004269950128920286 ) ) ;
#2001 = FACE_OUTER_BOUND ( 'NONE', #219, .T. ) ;
#2002 = PLANE ( 'NONE',  #2250 ) ;
#2003 = VERTEX_POINT ( 'NONE', #1748 ) ;
#2004 = LINE ( 'NONE', #1170, #1347 ) ;
#2005 = VERTEX_POINT ( 'NONE', #728 ) ;
#2006 = PRESENTATION_STYLE_ASSIGNMENT (( #2454 ) ) ;
#2007 = FACE_OUTER_BOUND ( 'NONE', #518, .T. ) ;
#2008 = ORIENTED_EDGE ( 'NONE', *, *, #1390, .T. ) ;
#2009 = DIRECTION ( 'NONE',  ( -0.000000000000000000, 0.000000000000000000, 1.000000000000000000 ) ) ;
#2010 = SURFACE_STYLE_FILL_AREA ( #376 ) ;
#2011 = CARTESIAN_POINT ( 'NONE',  ( -3.760000000000000231, -0.9064999999999990843, 1.600000000000000089 ) ) ;
#2012 = VECTOR ( 'NONE', #921, 1000.000000000000000 ) ;
#2013 = FACE_OUTER_BOUND ( 'NONE', #2224, .T. ) ;
#2014 = ADVANCED_FACE ( 'NONE', ( #1549 ), #551, .F. ) ;
#2015 = ORIENTED_EDGE ( 'NONE', *, *, #2209, .F. ) ;
#2016 = FACE_OUTER_BOUND ( 'NONE', #822, .T. ) ;
#2017 = COLOUR_RGB ( '',0.4980392156862745168, 0.4980392156862745168, 0.4980392156862745168 ) ;
#2018 = ORIENTED_EDGE ( 'NONE', *, *, #221, .T. ) ;
#2019 = PRESENTATION_LAYER_ASSIGNMENT (  '', '', ( #293 ) ) ;
#2020 = ORIENTED_EDGE ( 'NONE', *, *, #57, .T. ) ;
#2021 = SURFACE_SIDE_STYLE ('',( #1215 ) ) ;
#2022 = ORIENTED_EDGE ( 'NONE', *, *, #1401, .T. ) ;
#2023 = VECTOR ( 'NONE', #842, 1000.000000000000000 ) ;
#2024 = MECHANICAL_DESIGN_GEOMETRIC_PRESENTATION_REPRESENTATION (  '', ( #2064 ), #40 ) ;
#2025 =( NAMED_UNIT ( * ) SI_UNIT ( $, .STERADIAN. ) SOLID_ANGLE_UNIT ( ) );
#2026 = PLANE ( 'NONE',  #1467 ) ;
#2027 = LINE ( 'NONE', #642, #833 ) ;
#2028 = COLOUR_RGB ( '',0.6666666666666666297, 0.6980392156862744724, 0.7686274509803920907 ) ;
#2029 = CARTESIAN_POINT ( 'NONE',  ( -4.065000000000001279, -0.2000000000000005662, -1.600000000000000089 ) ) ;
#2030 =( NAMED_UNIT ( * ) SI_UNIT ( $, .STERADIAN. ) SOLID_ANGLE_UNIT ( ) );
#2031 = EDGE_LOOP ( 'NONE', ( #403, #1717, #2635, #1204 ) ) ;
#2032 = VECTOR ( 'NONE', #2526, 1000.000000000000000 ) ;
#2033 = FILL_AREA_STYLE ('',( #2441 ) ) ;
#2034 = SURFACE_STYLE_FILL_AREA ( #613 ) ;
#2035 = EDGE_LOOP ( 'NONE', ( #2626, #389, #998, #1620 ) ) ;
#2036 = FILL_AREA_STYLE_COLOUR ( '', #1345 ) ;
#2037 = DIRECTION ( 'NONE',  ( -1.000000000000000000, 6.144964491593376307E-16, 0.000000000000000000 ) ) ;
#2038 = CARTESIAN_POINT ( 'NONE',  ( 3.760000000000000675, 1.874214169935979774E-16, 1.600000000000000089 ) ) ;
#2039 =( LENGTH_UNIT ( ) NAMED_UNIT ( * ) SI_UNIT ( .MILLI., .METRE. ) );
#2040 = VERTEX_POINT ( 'NONE', #2208 ) ;
#2041 = CARTESIAN_POINT ( 'NONE',  ( -4.065000000000000391, -1.106499999999998929, -1.600000000000000089 ) ) ;
#2042 = SURFACE_STYLE_FILL_AREA ( #2605 ) ;
#2043 = CARTESIAN_POINT ( 'NONE',  ( -2.949269950128921014, 1.158500000000000307, -3.004269950128920286 ) ) ;
#2044 = ORIENTED_EDGE ( 'NONE', *, *, #2176, .T. ) ;
#2045 = ORIENTED_EDGE ( 'NONE', *, *, #199, .F. ) ;
#2046 = DIRECTION ( 'NONE',  ( 1.000000000000000000, 0.000000000000000000, 0.000000000000000000 ) ) ;
#2047 = ORIENTED_EDGE ( 'NONE', *, *, #1523, .F. ) ;
#2048 = ADVANCED_FACE ( 'NONE', ( #716 ), #1162, .F. ) ;
#2049 = SURFACE_STYLE_USAGE ( .BOTH. , #1015 ) ;
#2050 =( NAMED_UNIT ( * ) PLANE_ANGLE_UNIT ( ) SI_UNIT ( $, .RADIAN. ) );
#2051 = EDGE_CURVE ( 'NONE', #2430, #2090, #618, .T. ) ;
#2052 = SURFACE_STYLE_USAGE ( .BOTH. , #1947 ) ;
#2053 = UNCERTAINTY_MEASURE_WITH_UNIT (LENGTH_MEASURE( 1.000000000000000082E-05 ), #1017, 'distance_accuracy_value', 'NONE');
#2054 =( LENGTH_UNIT ( ) NAMED_UNIT ( * ) SI_UNIT ( .MILLI., .METRE. ) );
#2055 = FILL_AREA_STYLE ('',( #2608 ) ) ;
#2056 = VERTEX_POINT ( 'NONE', #1429 ) ;
#2057 = SURFACE_SIDE_STYLE ('',( #1422 ) ) ;
#2058 = AXIS2_PLACEMENT_3D ( 'NONE', #2602, #767, #1753 ) ;
#2059 = ADVANCED_FACE ( 'NONE', ( #160 ), #2026, .T. ) ;
#2060 = STYLED_ITEM ( 'NONE', ( #351 ), #2014 ) ;
#2061 = LINE ( 'NONE', #601, #2529 ) ;
#2062 =( NAMED_UNIT ( * ) PLANE_ANGLE_UNIT ( ) SI_UNIT ( $, .RADIAN. ) );
#2063 = DIRECTION ( 'NONE',  ( -1.000000000000000000, -0.000000000000000000, -0.000000000000000000 ) ) ;
#2064 = STYLED_ITEM ( 'NONE', ( #1678 ), #1173 ) ;
#2065 =( NAMED_UNIT ( * ) PLANE_ANGLE_UNIT ( ) SI_UNIT ( $, .RADIAN. ) );
#2066 = CARTESIAN_POINT ( 'NONE',  ( 1.949269950128920792, -1.208500000000000130, 0.000000000000000000 ) ) ;
#2067 = COLOUR_RGB ( '',0.4980392156862745168, 0.4980392156862745168, 0.4980392156862745168 ) ;
#2068 = SURFACE_STYLE_FILL_AREA ( #2055 ) ;
#2069 = EDGE_LOOP ( 'NONE', ( #369, #1277, #374, #1535 ) ) ;
#2070 = VECTOR ( 'NONE', #1444, 1000.000000000000000 ) ;
#2071 = LINE ( 'NONE', #1475, #1120 ) ;
#2072 = VECTOR ( 'NONE', #899, 1000.000000000000114 ) ;
#2073 = COLOUR_RGB ( '',0.6666666666666666297, 0.6980392156862744724, 0.7686274509803920907 ) ;
#2074 =( NAMED_UNIT ( * ) PLANE_ANGLE_UNIT ( ) SI_UNIT ( $, .RADIAN. ) );
#2075 = CARTESIAN_POINT ( 'NONE',  ( -3.760000000000000675, -8.082164307132006625E-16, -1.600000000000000089 ) ) ;
#2076 = UNCERTAINTY_MEASURE_WITH_UNIT (LENGTH_MEASURE( 1.000000000000000082E-05 ), #1580, 'distance_accuracy_value', 'NONE');
#2077 = PRESENTATION_LAYER_ASSIGNMENT (  '', '', ( #1863 ) ) ;
#2078 = ADVANCED_FACE ( 'NONE', ( #2461 ), #667, .T. ) ;
#2079 = CARTESIAN_POINT ( 'NONE',  ( -1.949269950128920348, -1.008500000000000174, -3.109999999999999876 ) ) ;
#2080 =( LENGTH_UNIT ( ) NAMED_UNIT ( * ) SI_UNIT ( .MILLI., .METRE. ) );
#2081 = DIRECTION ( 'NONE',  ( 7.217741351365436993E-17, 0.000000000000000000, 1.000000000000000000 ) ) ;
#2082 = ADVANCED_FACE ( 'NONE', ( #1280 ), #1684, .F. ) ;
#2083 = ORIENTED_EDGE ( 'NONE', *, *, #451, .F. ) ;
#2084 = CARTESIAN_POINT ( 'NONE',  ( -3.555000000000001048, 0.000000000000000000, -3.109999999999999876 ) ) ;
#2085 = ORIENTED_EDGE ( 'NONE', *, *, #1182, .F. ) ;
#2086 = DIRECTION ( 'NONE',  ( -1.000000000000000000, -2.853163611803962229E-16, 0.000000000000000000 ) ) ;
#2087 = SURFACE_SIDE_STYLE ('',( #1489 ) ) ;
#2088 = ORIENTED_EDGE ( 'NONE', *, *, #2545, .F. ) ;
#2089 = FACE_OUTER_BOUND ( 'NONE', #804, .T. ) ;
#2090 = VERTEX_POINT ( 'NONE', #2011 ) ;
#2091 = DIRECTION ( 'NONE',  ( 0.000000000000000000, 1.000000000000000000, 0.000000000000000000 ) ) ;
#2092 = DIRECTION ( 'NONE',  ( 1.000000000000000000, 0.000000000000000000, 0.000000000000000000 ) ) ;
#2093 = CARTESIAN_POINT ( 'NONE',  ( -2.829269950128920019, 1.208500000000000130, 3.004269950128920286 ) ) ;
#2094 = DIRECTION ( 'NONE',  ( 1.000000000000000000, 0.000000000000000000, 0.000000000000000000 ) ) ;
#2095 = VERTEX_POINT ( 'NONE', #188 ) ;
#2096 = VERTEX_POINT ( 'NONE', #1027 ) ;
#2097 = VECTOR ( 'NONE', #1513, 1000.000000000000000 ) ;
#2098 = MANIFOLD_SOLID_BREP ( 'Fillet1', #3 ) ;
#2099 = EDGE_CURVE ( 'NONE', #1474, #1482, #1713, .T. ) ;
#2100 = DIRECTION ( 'NONE',  ( 0.000000000000000000, -0.000000000000000000, 1.000000000000000000 ) ) ;
#2101 = LINE ( 'NONE', #243, #1321 ) ;
#2102 = SURFACE_SIDE_STYLE ('',( #697 ) ) ;
#2103 = SURFACE_SIDE_STYLE ('',( #1126 ) ) ;
#2104 = ORIENTED_EDGE ( 'NONE', *, *, #1624, .T. ) ;
#2105 = CIRCLE ( 'NONE', #241, 0.2000000000000000944 ) ;
#2106 = EDGE_CURVE ( 'NONE', #2440, #1891, #1000, .T. ) ;
#2107 = CARTESIAN_POINT ( 'NONE',  ( -3.864999999999999769, -1.411499999999998867, -1.600000000000000089 ) ) ;
#2108 = LINE ( 'NONE', #639, #2498 ) ;
#2109 = UNCERTAINTY_MEASURE_WITH_UNIT (LENGTH_MEASURE( 1.000000000000000082E-05 ), #79, 'distance_accuracy_value', 'NONE');
#2110 = COLOUR_RGB ( '',0.4980392156862745168, 0.4980392156862745168, 0.4980392156862745168 ) ;
#2111 = PRESENTATION_LAYER_ASSIGNMENT (  '', '', ( #2489 ) ) ;
#2112 = FILL_AREA_STYLE ('',( #1300 ) ) ;
#2113 = CARTESIAN_POINT ( 'NONE',  ( 3.466767682834106079, -1.008499999999999952, -3.109999999999999876 ) ) ;
#2114 = FILL_AREA_STYLE_COLOUR ( '', #1563 ) ;
#2115 = VECTOR ( 'NONE', #1955, 1000.000000000000000 ) ;
#2116 = ORIENTED_EDGE ( 'NONE', *, *, #1581, .F. ) ;
#2117 = CYLINDRICAL_SURFACE ( 'NONE', #612, 0.2000000000000000944 ) ;
#2118 = DIRECTION ( 'NONE',  ( 0.000000000000000000, -0.9961946980917455452, 0.08715574274765836016 ) ) ;
#2119 = PRESENTATION_LAYER_ASSIGNMENT (  '', '', ( #1724 ) ) ;
#2120 = MECHANICAL_DESIGN_GEOMETRIC_PRESENTATION_REPRESENTATION (  '', ( #210 ), #388 ) ;
#2121 = FACE_OUTER_BOUND ( 'NONE', #562, .T. ) ;
#2122 = DIRECTION ( 'NONE',  ( 0.000000000000000000, -0.9961946980917455452, -0.08715574274765836016 ) ) ;
#2123 = DIRECTION ( 'NONE',  ( -0.000000000000000000, 0.000000000000000000, 1.000000000000000000 ) ) ;
#2124 = ORIENTED_EDGE ( 'NONE', *, *, #15, .F. ) ;
#2125 = DIRECTION ( 'NONE',  ( -1.000000000000000000, -6.144964491593376307E-16, 0.000000000000000000 ) ) ;
#2126 = MECHANICAL_DESIGN_GEOMETRIC_PRESENTATION_REPRESENTATION (  '', ( #1946 ), #135 ) ;
#2127 =( NAMED_UNIT ( * ) SI_UNIT ( $, .STERADIAN. ) SOLID_ANGLE_UNIT ( ) );
#2128 = EDGE_CURVE ( 'NONE', #2443, #180, #1744, .T. ) ;
#2129 =( GEOMETRIC_REPRESENTATION_CONTEXT ( 3 ) GLOBAL_UNCERTAINTY_ASSIGNED_CONTEXT ( ( #159 ) ) GLOBAL_UNIT_ASSIGNED_CONTEXT ( ( #251, #1091, #446 ) ) REPRESENTATION_CONTEXT ( 'NONE', 'WORKASPACE' ) );
#2130 = VECTOR ( 'NONE', #941, 1000.000000000000000 ) ;
#2131 = ORIENTED_EDGE ( 'NONE', *, *, #794, .F. ) ;
#2132 = SURFACE_SIDE_STYLE ('',( #1905 ) ) ;
#2133 =( NAMED_UNIT ( * ) SI_UNIT ( $, .STERADIAN. ) SOLID_ANGLE_UNIT ( ) );
#2134 = FILL_AREA_STYLE ('',( #1499 ) ) ;
#2135 = ORIENTED_EDGE ( 'NONE', *, *, #294, .T. ) ;
#2136 =( NAMED_UNIT ( * ) SI_UNIT ( $, .STERADIAN. ) SOLID_ANGLE_UNIT ( ) );
#2137 = DIRECTION ( 'NONE',  ( -2.802585719021566778E-15, 1.000000000000000000, 0.000000000000000000 ) ) ;
#2138 = ORIENTED_EDGE ( 'NONE', *, *, #2490, .T. ) ;
#2139 = CARTESIAN_POINT ( 'NONE',  ( 3.466767682834106079, -1.008499999999999952, -3.021767682834105351 ) ) ;
#2140 = SURFACE_SIDE_STYLE ('',( #475 ) ) ;
#2141 = DIRECTION ( 'NONE',  ( 0.000000000000000000, 1.000000000000000000, 0.000000000000000000 ) ) ;
#2142 = UNCERTAINTY_MEASURE_WITH_UNIT (LENGTH_MEASURE( 1.000000000000000082E-05 ), #2581, 'distance_accuracy_value', 'NONE');
#2143 = EDGE_CURVE ( 'NONE', #1267, #18, #1543, .T. ) ;
#2144 = EDGE_CURVE ( 'NONE', #627, #1885, #2523, .T. ) ;
#2145 = CARTESIAN_POINT ( 'NONE',  ( 3.864999999999999769, -1.211499999999997801, -1.600000000000000089 ) ) ;
#2146 = UNCERTAINTY_MEASURE_WITH_UNIT (LENGTH_MEASURE( 1.000000000000000082E-05 ), #2230, 'distance_accuracy_value', 'NONE');
#2147 = PRESENTATION_STYLE_ASSIGNMENT (( #2531 ) ) ;
#2148 = EDGE_CURVE ( 'NONE', #1583, #1966, #1113, .T. ) ;
#2149 = DIRECTION ( 'NONE',  ( 0.08715574274765836016, 0.9961946980917455452, 0.000000000000000000 ) ) ;
#2150 = ORIENTED_EDGE ( 'NONE', *, *, #2223, .F. ) ;
#2151 =( NAMED_UNIT ( * ) PLANE_ANGLE_UNIT ( ) SI_UNIT ( $, .RADIAN. ) );
#2152 = FILL_AREA_STYLE_COLOUR ( '', #2017 ) ;
#2153 = ORIENTED_EDGE ( 'NONE', *, *, #1833, .F. ) ;
#2154 = DIRECTION ( 'NONE',  ( 0.000000000000000000, -1.000000000000000000, 0.000000000000000000 ) ) ;
#2155 = VECTOR ( 'NONE', #771, 1000.000000000000000 ) ;
#2156 = FILL_AREA_STYLE ('',( #2353 ) ) ;
#2157 = CARTESIAN_POINT ( 'NONE',  ( -3.555000000000000160, 1.208500000000000130, 3.004269950128920286 ) ) ;
#2158 = VECTOR ( 'NONE', #1965, 1000.000000000000000 ) ;
#2159 = EDGE_CURVE ( 'NONE', #157, #1890, #261, .T. ) ;
#2160 = STYLED_ITEM ( 'NONE', ( #692 ), #2555 ) ;
#2161 = CARTESIAN_POINT ( 'NONE',  ( -3.555000000000000604, -1.008500000000000618, -3.021767682834105351 ) ) ;
#2162 = VECTOR ( 'NONE', #991, 1000.000000000000000 ) ;
#2163 = FILL_AREA_STYLE ('',( #73 ) ) ;
#2164 =( NAMED_UNIT ( * ) SI_UNIT ( $, .STERADIAN. ) SOLID_ANGLE_UNIT ( ) );
#2165 = EDGE_LOOP ( 'NONE', ( #1161, #1897, #1816, #770 ) ) ;
#2166 = PRESENTATION_LAYER_ASSIGNMENT (  '', '', ( #1809 ) ) ;
#2167 = COLOUR_RGB ( '',0.4980392156862745168, 0.4980392156862745168, 0.4980392156862745168 ) ;
#2168 = CARTESIAN_POINT ( 'NONE',  ( -4.065000000000001279, -0.2000000000000005662, -1.600000000000000089 ) ) ;
#2169 = CARTESIAN_POINT ( 'NONE',  ( -3.560000000000000053, -1.106499999999998929, 1.600000000000000089 ) ) ;
#2170 = SURFACE_SIDE_STYLE ('',( #1526 ) ) ;
#2171 =( GEOMETRIC_REPRESENTATION_CONTEXT ( 3 ) GLOBAL_UNCERTAINTY_ASSIGNED_CONTEXT ( ( #2642 ) ) GLOBAL_UNIT_ASSIGNED_CONTEXT ( ( #710, #1542, #286 ) ) REPRESENTATION_CONTEXT ( 'NONE', 'WORKASPACE' ) );
#2172 = PRESENTATION_LAYER_ASSIGNMENT (  '', '', ( #2337 ) ) ;
#2173 = PRESENTATION_STYLE_ASSIGNMENT (( #526 ) ) ;
#2174 = EDGE_CURVE ( 'NONE', #1586, #1885, #1556, .T. ) ;
#2175 = CARTESIAN_POINT ( 'NONE',  ( 0.000000000000000000, 1.208500000000000130, 0.000000000000000000 ) ) ;
#2176 = EDGE_CURVE ( 'NONE', #1705, #2543, #502, .T. ) ;
#2177 = ORIENTED_EDGE ( 'NONE', *, *, #1628, .F. ) ;
#2178 = SURFACE_SIDE_STYLE ('',( #764 ) ) ;
#2179 = ORIENTED_EDGE ( 'NONE', *, *, #2341, .F. ) ;
#2180 = LINE ( 'NONE', #1545, #928 ) ;
#2181 = DIRECTION ( 'NONE',  ( -0.000000000000000000, 1.000000000000000000, -0.000000000000000000 ) ) ;
#2182 = ORIENTED_EDGE ( 'NONE', *, *, #1167, .F. ) ;
#2183 = FILL_AREA_STYLE ('',( #1539 ) ) ;
#2184 = EDGE_CURVE ( 'NONE', #765, #1346, #1896, .T. ) ;
#2185 = FILL_AREA_STYLE_COLOUR ( '', #340 ) ;
#2186 = CARTESIAN_POINT ( 'NONE',  ( 4.065000000000000391, -1.211499999999998023, -1.600000000000000089 ) ) ;
#2187 = ORIENTED_EDGE ( 'NONE', *, *, #1064, .T. ) ;
#2188 = DIRECTION ( 'NONE',  ( 0.000000000000000000, -0.000000000000000000, 1.000000000000000000 ) ) ;
#2189 = ORIENTED_EDGE ( 'NONE', *, *, #2209, .T. ) ;
#2190 = EDGE_CURVE ( 'NONE', #675, #2619, #1515, .T. ) ;
#2191 = DIRECTION ( 'NONE',  ( 0.000000000000000000, 0.000000000000000000, -1.000000000000000000 ) ) ;
#2192 = CARTESIAN_POINT ( 'NONE',  ( -2.949269950128920570, 1.158500000000000307, 3.004269950128920286 ) ) ;
#2193 = DIRECTION ( 'NONE',  ( 0.000000000000000000, 0.000000000000000000, 1.000000000000000000 ) ) ;
#2194 = ORIENTED_EDGE ( 'NONE', *, *, #1957, .F. ) ;
#2195 = SURFACE_STYLE_USAGE ( .BOTH. , #539 ) ;
#2196 = AXIS2_PLACEMENT_3D ( 'NONE', #685, #2154, #493 ) ;
#2197 = VECTOR ( 'NONE', #935, 1000.000000000000000 ) ;
#2198 =( LENGTH_UNIT ( ) NAMED_UNIT ( * ) SI_UNIT ( .MILLI., .METRE. ) );
#2199 = VERTEX_POINT ( 'NONE', #2513 ) ;
#2200 = VECTOR ( 'NONE', #711, 1000.000000000000000 ) ;
#2201 = UNCERTAINTY_MEASURE_WITH_UNIT (LENGTH_MEASURE( 1.000000000000000082E-05 ), #1741, 'distance_accuracy_value', 'NONE');
#2202 = PLANE ( 'NONE',  #1391 ) ;
#2203 = ORIENTED_EDGE ( 'NONE', *, *, #1354, .T. ) ;
#2204 = VECTOR ( 'NONE', #1287, 1000.000000000000000 ) ;
#2205 = CARTESIAN_POINT ( 'NONE',  ( -2.829269950128920907, 1.158500000000000307, -3.004269950128920286 ) ) ;
#2206 = DIRECTION ( 'NONE',  ( -1.000000000000000000, 0.000000000000000000, 0.000000000000000000 ) ) ;
#2207 = SURFACE_SIDE_STYLE ('',( #2010 ) ) ;
#2208 = CARTESIAN_POINT ( 'NONE',  ( -2.799269950128921103, 1.158500000000000307, -3.004269950128920286 ) ) ;
#2209 = EDGE_CURVE ( 'NONE', #1296, #1294, #1326, .T. ) ;
#2210 = VECTOR ( 'NONE', #2549, 1000.000000000000000 ) ;
#2211 = PLANE ( 'NONE',  #131 ) ;
#2212 = ORIENTED_EDGE ( 'NONE', *, *, #294, .F. ) ;
#2213 = VECTOR ( 'NONE', #1554, 1000.000000000000000 ) ;
#2214 = CARTESIAN_POINT ( 'NONE',  ( -2.949269950128921014, 1.208500000000000130, -3.004269950128920286 ) ) ;
#2215 = VERTEX_POINT ( 'NONE', #1941 ) ;
#2216 = CARTESIAN_POINT ( 'NONE',  ( 3.555000000000000604, 0.000000000000000000, -1.600000000000000089 ) ) ;
#2217 = MECHANICAL_DESIGN_GEOMETRIC_PRESENTATION_REPRESENTATION (  '', ( #222 ), #584 ) ;
#2218 = VERTEX_POINT ( 'NONE', #75 ) ;
#2219 = PRESENTATION_STYLE_ASSIGNMENT (( #116 ) ) ;
#2220 = ORIENTED_EDGE ( 'NONE', *, *, #1213, .F. ) ;
#2221 = CARTESIAN_POINT ( 'NONE',  ( -3.555000000000001048, 0.000000000000000000, -3.109999999999999876 ) ) ;
#2222 =( NAMED_UNIT ( * ) PLANE_ANGLE_UNIT ( ) SI_UNIT ( $, .RADIAN. ) );
#2223 = EDGE_CURVE ( 'NONE', #1885, #2501, #1431, .T. ) ;
#2224 = EDGE_LOOP ( 'NONE', ( #2651, #1714, #153, #2286 ) ) ;
#2225 = VERTEX_POINT ( 'NONE', #910 ) ;
#2226 = CARTESIAN_POINT ( 'NONE',  ( -2.949269950128920570, 1.158500000000000307, 3.004269950128920286 ) ) ;
#2227 = ORIENTED_EDGE ( 'NONE', *, *, #2425, .T. ) ;
#2228 = FILL_AREA_STYLE_COLOUR ( '', #1723 ) ;
#2229 = EDGE_LOOP ( 'NONE', ( #2344, #1216, #1424, #1738 ) ) ;
#2230 =( LENGTH_UNIT ( ) NAMED_UNIT ( * ) SI_UNIT ( .MILLI., .METRE. ) );
#2231 = FILL_AREA_STYLE_COLOUR ( '', #2110 ) ;
#2232 = ORIENTED_EDGE ( 'NONE', *, *, #2051, .F. ) ;
#2233 = DIRECTION ( 'NONE',  ( -0.08682659386424780579, -0.9924325091389669673, -0.08682659386424779191 ) ) ;
#2234 = PRODUCT ( 'SMCJ51A', 'SMCJ51A', '', ( #2495 ) ) ;
#2235 =( NAMED_UNIT ( * ) SI_UNIT ( $, .STERADIAN. ) SOLID_ANGLE_UNIT ( ) );
#2236 = EDGE_CURVE ( 'NONE', #2090, #7, #1534, .T. ) ;
#2237 =( NAMED_UNIT ( * ) SI_UNIT ( $, .STERADIAN. ) SOLID_ANGLE_UNIT ( ) );
#2238 = ORIENTED_EDGE ( 'NONE', *, *, #2128, .F. ) ;
#2239 = FILL_AREA_STYLE_COLOUR ( '', #744 ) ;
#2240 = ORIENTED_EDGE ( 'NONE', *, *, #1987, .F. ) ;
#2241 = LINE ( 'NONE', #424, #1225 ) ;
#2242 = MECHANICAL_DESIGN_GEOMETRIC_PRESENTATION_REPRESENTATION (  '', ( #2367 ), #1760 ) ;
#2243 = EDGE_LOOP ( 'NONE', ( #2452, #750, #2469, #472 ) ) ;
#2244 = EDGE_CURVE ( 'NONE', #591, #18, #1912, .T. ) ;
#2245 = AXIS2_PLACEMENT_3D ( 'NONE', #707, #2091, #269 ) ;
#2246 = LINE ( 'NONE', #1214, #1323 ) ;
#2247 = ORIENTED_EDGE ( 'NONE', *, *, #1581, .T. ) ;
#2248 = STYLED_ITEM ( 'NONE', ( #1924 ), #2098 ) ;
#2249 = STYLED_ITEM ( 'NONE', ( #2173 ), #2590 ) ;
#2250 = AXIS2_PLACEMENT_3D ( 'NONE', #2226, #1030, #605 ) ;
#2251 = DIRECTION ( 'NONE',  ( -1.443548270273087399E-16, 0.000000000000000000, -1.000000000000000000 ) ) ;
#2252 = PRESENTATION_STYLE_ASSIGNMENT (( #2445 ) ) ;
#2253 = CIRCLE ( 'NONE', #1854, 0.2000000000000000944 ) ;
#2254 = COLOUR_RGB ( '',0.6666666666666666297, 0.6980392156862744724, 0.7686274509803920907 ) ;
#2255 = ORIENTED_EDGE ( 'NONE', *, *, #564, .T. ) ;
#2256 = PLANE ( 'NONE',  #1003 ) ;
#2257 = ORIENTED_EDGE ( 'NONE', *, *, #2223, .T. ) ;
#2258 = ADVANCED_FACE ( 'NONE', ( #1155 ), #2202, .F. ) ;
#2259 = VECTOR ( 'NONE', #1232, 1000.000000000000000 ) ;
#2260 = ORIENTED_EDGE ( 'NONE', *, *, #1703, .T. ) ;
#2261 = LINE ( 'NONE', #1236, #248 ) ;
#2262 = DIRECTION ( 'NONE',  ( 1.000000000000000000, 0.000000000000000000, 0.000000000000000000 ) ) ;
#2263 = FACE_OUTER_BOUND ( 'NONE', #1406, .T. ) ;
#2264 = DIRECTION ( 'NONE',  ( 0.000000000000000000, 0.000000000000000000, 1.000000000000000000 ) ) ;
#2265 = ORIENTED_EDGE ( 'NONE', *, *, #1292, .F. ) ;
#2266 = LINE ( 'NONE', #576, #756 ) ;
#2267 = DIRECTION ( 'NONE',  ( 0.000000000000000000, 0.000000000000000000, -1.000000000000000000 ) ) ;
#2268 = SURFACE_SIDE_STYLE ('',( #364 ) ) ;
#2269 = DIRECTION ( 'NONE',  ( -1.000000000000000000, -0.000000000000000000, -0.000000000000000000 ) ) ;
#2270 = LINE ( 'NONE', #2671, #1355 ) ;
#2271 =( NAMED_UNIT ( * ) PLANE_ANGLE_UNIT ( ) SI_UNIT ( $, .RADIAN. ) );
#2272 = SURFACE_SIDE_STYLE ('',( #412 ) ) ;
#2273 = SURFACE_STYLE_USAGE ( .BOTH. , #861 ) ;
#2274 = VERTEX_POINT ( 'NONE', #1571 ) ;
#2275 = VECTOR ( 'NONE', #1022, 1000.000000000000000 ) ;
#2276 = EDGE_CURVE ( 'NONE', #2298, #2095, #951, .T. ) ;
#2277 = AXIS2_PLACEMENT_3D ( 'NONE', #1578, #2397, #1135 ) ;
#2278 = FILL_AREA_STYLE_COLOUR ( '', #2073 ) ;
#2279 = VECTOR ( 'NONE', #516, 1000.000000000000000 ) ;
#2280 = VECTOR ( 'NONE', #708, 1000.000000000000114 ) ;
#2281 = PLANE ( 'NONE',  #2245 ) ;
#2282 = SURFACE_STYLE_USAGE ( .BOTH. , #163 ) ;
#2283 =( NAMED_UNIT ( * ) SI_UNIT ( $, .STERADIAN. ) SOLID_ANGLE_UNIT ( ) );
#2284 = VERTEX_POINT ( 'NONE', #803 ) ;
#2285 = PLANE ( 'NONE',  #1484 ) ;
#2286 = ORIENTED_EDGE ( 'NONE', *, *, #1523, .T. ) ;
#2287 = AXIS2_PLACEMENT_3D ( 'NONE', #956, #1131, #739 ) ;
#2288 = ORIENTED_EDGE ( 'NONE', *, *, #1864, .T. ) ;
#2289 = CARTESIAN_POINT ( 'NONE',  ( -2.899269950128920748, 1.158500000000000307, -3.004269950128920286 ) ) ;
#2290 = FILL_AREA_STYLE_COLOUR ( '', #2028 ) ;
#2291 = UNCERTAINTY_MEASURE_WITH_UNIT (LENGTH_MEASURE( 1.000000000000000082E-05 ), #1184, 'distance_accuracy_value', 'NONE');
#2292 = STYLED_ITEM ( 'NONE', ( #86 ), #945 ) ;
#2293 = ORIENTED_EDGE ( 'NONE', *, *, #2403, .F. ) ;
#2294 =( LENGTH_UNIT ( ) NAMED_UNIT ( * ) SI_UNIT ( .MILLI., .METRE. ) );
#2295 = PRESENTATION_STYLE_ASSIGNMENT (( #82 ) ) ;
#2296 = ADVANCED_FACE ( 'NONE', ( #1410 ), #545, .F. ) ;
#2297 = LINE ( 'NONE', #449, #2204 ) ;
#2298 = VERTEX_POINT ( 'NONE', #1994 ) ;
#2299 = ORIENTED_EDGE ( 'NONE', *, *, #416, .F. ) ;
#2300 = FACE_OUTER_BOUND ( 'NONE', #1685, .T. ) ;
#2301 = ORIENTED_EDGE ( 'NONE', *, *, #1197, .T. ) ;
#2302 = FILL_AREA_STYLE_COLOUR ( '', #875 ) ;
#2303 = SURFACE_STYLE_USAGE ( .BOTH. , #2140 ) ;
#2304 = DIRECTION ( 'NONE',  ( 0.000000000000000000, 0.000000000000000000, 1.000000000000000000 ) ) ;
#2305 =( NAMED_UNIT ( * ) PLANE_ANGLE_UNIT ( ) SI_UNIT ( $, .RADIAN. ) );
#2306 = EDGE_CURVE ( 'NONE', #535, #1966, #2004, .T. ) ;
#2307 = SURFACE_STYLE_USAGE ( .BOTH. , #892 ) ;
#2308 = CARTESIAN_POINT ( 'NONE',  ( 2.545000000000001705, -1.106499999999998263, -1.600000000000000089 ) ) ;
#2309 = ORIENTED_EDGE ( 'NONE', *, *, #1010, .F. ) ;
#2310 =( NAMED_UNIT ( * ) PLANE_ANGLE_UNIT ( ) SI_UNIT ( $, .RADIAN. ) );
#2311 = CARTESIAN_POINT ( 'NONE',  ( 3.864999999999999769, -1.411499999999997756, -1.600000000000000089 ) ) ;
#2312 = ADVANCED_FACE ( 'NONE', ( #993 ), #1800, .F. ) ;
#2313 =( LENGTH_UNIT ( ) NAMED_UNIT ( * ) SI_UNIT ( .MILLI., .METRE. ) );
#2314 = CARTESIAN_POINT ( 'NONE',  ( -3.865000000000000657, -0.2000000000000004552, 1.600000000000000089 ) ) ;
#2315 = PRESENTATION_LAYER_ASSIGNMENT (  '', '', ( #1797 ) ) ;
#2316 = ORIENTED_EDGE ( 'NONE', *, *, #931, .F. ) ;
#2317 = AXIS2_PLACEMENT_3D ( 'NONE', #590, #846, #2046 ) ;
#2318 = DIRECTION ( 'NONE',  ( 6.144964491593375321E-16, -1.000000000000000000, 0.000000000000000000 ) ) ;
#2319 = DIRECTION ( 'NONE',  ( 0.9961946980917455452, 0.08715574274765836016, -2.083748789497643622E-16 ) ) ;
#2320 = PLANE ( 'NONE',  #1649 ) ;
#2321 = UNCERTAINTY_MEASURE_WITH_UNIT (LENGTH_MEASURE( 1.000000000000000082E-05 ), #990, 'distance_accuracy_value', 'NONE');
#2322 = VECTOR ( 'NONE', #2494, 1000.000000000000000 ) ;
#2323 = VECTOR ( 'NONE', #1728, 1000.000000000000114 ) ;
#2324 = CYLINDRICAL_SURFACE ( 'NONE', #862, 0.2000000000000000944 ) ;
#2325 = DIRECTION ( 'NONE',  ( 0.000000000000000000, 0.000000000000000000, 1.000000000000000000 ) ) ;
#2326 = VECTOR ( 'NONE', #218, 1000.000000000000000 ) ;
#2327 = DIRECTION ( 'NONE',  ( 0.000000000000000000, -0.000000000000000000, 1.000000000000000000 ) ) ;
#2328 = FACE_OUTER_BOUND ( 'NONE', #2447, .T. ) ;
#2329 = CARTESIAN_POINT ( 'NONE',  ( 3.560000000000000053, -1.106499999999998041, -1.600000000000000089 ) ) ;
#2330 = ORIENTED_EDGE ( 'NONE', *, *, #1658, .T. ) ;
#2331 = ADVANCED_FACE ( 'NONE', ( #1211 ), #2621, .T. ) ;
#2332 = ADVANCED_FACE ( 'NONE', ( #2016 ), #168, .T. ) ;
#2333 =( NAMED_UNIT ( * ) PLANE_ANGLE_UNIT ( ) SI_UNIT ( $, .RADIAN. ) );
#2334 = PLANE ( 'NONE',  #1382 ) ;
#2335 = CARTESIAN_POINT ( 'NONE',  ( 0.000000000000000000, 1.208500000000000130, 0.000000000000000000 ) ) ;
#2336 = MECHANICAL_DESIGN_GEOMETRIC_PRESENTATION_REPRESENTATION (  '', ( #838 ), #1737 ) ;
#2337 = STYLED_ITEM ( 'NONE', ( #193 ), #766 ) ;
#2338 =( NAMED_UNIT ( * ) SI_UNIT ( $, .STERADIAN. ) SOLID_ANGLE_UNIT ( ) );
#2339 =( NAMED_UNIT ( * ) SI_UNIT ( $, .STERADIAN. ) SOLID_ANGLE_UNIT ( ) );
#2340 = APPLICATION_PROTOCOL_DEFINITION ( 'draft international standard', 'automotive_design', 1998, #2544 ) ;
#2341 = EDGE_CURVE ( 'NONE', #2631, #445, #2401, .T. ) ;
#2342 =( LENGTH_UNIT ( ) NAMED_UNIT ( * ) SI_UNIT ( .MILLI., .METRE. ) );
#2343 = PLANE ( 'NONE',  #1768 ) ;
#2344 = ORIENTED_EDGE ( 'NONE', *, *, #2425, .F. ) ;
#2345 = DIRECTION ( 'NONE',  ( 0.000000000000000000, 0.000000000000000000, -1.000000000000000000 ) ) ;
#2346 = DIRECTION ( 'NONE',  ( 0.000000000000000000, 0.000000000000000000, 1.000000000000000000 ) ) ;
#2347 = DIRECTION ( 'NONE',  ( -1.443548270273087399E-16, -0.000000000000000000, -1.000000000000000000 ) ) ;
#2348 = ORIENTED_EDGE ( 'NONE', *, *, #226, .F. ) ;
#2349 = EDGE_CURVE ( 'NONE', #589, #1891, #557, .T. ) ;
#2350 = LINE ( 'NONE', #1943, #441 ) ;
#2351 = CARTESIAN_POINT ( 'NONE',  ( -2.899269950128920748, 1.208500000000000130, -3.004269950128920286 ) ) ;
#2352 = DIRECTION ( 'NONE',  ( 0.000000000000000000, 0.08715574274765836016, -0.9961946980917455452 ) ) ;
#2353 = FILL_AREA_STYLE_COLOUR ( '', #484 ) ;
#2354 = LINE ( 'NONE', #2603, #1512 ) ;
#2355 = EDGE_CURVE ( 'NONE', #359, #1178, #1596, .T. ) ;
#2356 = CARTESIAN_POINT ( 'NONE',  ( -2.929269950128920996, 1.158500000000000307, -3.004269950128920286 ) ) ;
#2357 = DIRECTION ( 'NONE',  ( 7.217741351365436993E-17, 0.000000000000000000, 1.000000000000000000 ) ) ;
#2358 = DIRECTION ( 'NONE',  ( 1.000000000000000000, 0.000000000000000000, -1.443548270273087399E-16 ) ) ;
#2359 = CARTESIAN_POINT ( 'NONE',  ( -3.560000000000000053, -0.9064999999999989733, 1.600000000000000089 ) ) ;
#2360 = ORIENTED_EDGE ( 'NONE', *, *, #854, .T. ) ;
#2361 = DIRECTION ( 'NONE',  ( 0.000000000000000000, 0.08715574274765836016, 0.9961946980917455452 ) ) ;
#2362 = DIRECTION ( 'NONE',  ( 0.000000000000000000, 0.000000000000000000, -1.000000000000000000 ) ) ;
#2363 = LINE ( 'NONE', #2169, #2500 ) ;
#2364 = PRESENTATION_LAYER_ASSIGNMENT (  '', '', ( #1929 ) ) ;
#2365 = CARTESIAN_POINT ( 'NONE',  ( -2.929269950128920996, 1.158500000000000307, -3.004269950128920286 ) ) ;
#2366 = CARTESIAN_POINT ( 'NONE',  ( -3.560000000000000497, -0.3049999999999995492, -1.600000000000000089 ) ) ;
#2367 = STYLED_ITEM ( 'NONE', ( #1650 ), #1752 ) ;
#2368 = ADVANCED_FACE ( 'NONE', ( #1200 ), #317, .F. ) ;
#2369 = MECHANICAL_DESIGN_GEOMETRIC_PRESENTATION_REPRESENTATION (  '', ( #2060 ), #1601 ) ;
#2370 = SURFACE_STYLE_FILL_AREA ( #1919 ) ;
#2371 =( NAMED_UNIT ( * ) PLANE_ANGLE_UNIT ( ) SI_UNIT ( $, .RADIAN. ) );
#2372 = VECTOR ( 'NONE', #1337, 1000.000000000000000 ) ;
#2373 = STYLED_ITEM ( 'NONE', ( #1876 ), #2368 ) ;
#2374 = PLANE ( 'NONE',  #1133 ) ;
#2375 = VECTOR ( 'NONE', #59, 1000.000000000000000 ) ;
#2376 = CARTESIAN_POINT ( 'NONE',  ( -3.555000000000000604, 4.336808689942017736E-16, -1.600000000000000089 ) ) ;
#2377 = DIRECTION ( 'NONE',  ( -1.000000000000000000, -2.802585719021566778E-15, 0.000000000000000000 ) ) ;
#2378 = EDGE_LOOP ( 'NONE', ( #953, #184, #655, #1873 ) ) ;
#2379 = DIRECTION ( 'NONE',  ( -0.000000000000000000, 0.000000000000000000, 1.000000000000000000 ) ) ;
#2380 = DIRECTION ( 'NONE',  ( 1.000000000000000000, -0.000000000000000000, -0.000000000000000000 ) ) ;
#2381 = LINE ( 'NONE', #1376, #1991 ) ;
#2382 = AXIS2_PLACEMENT_3D ( 'NONE', #2145, #1378, #919 ) ;
#2383 = EDGE_CURVE ( 'NONE', #455, #1611, #608, .T. ) ;
#2384 = DIRECTION ( 'NONE',  ( -1.443548270273087399E-16, -0.000000000000000000, -1.000000000000000000 ) ) ;
#2385 = DIRECTION ( 'NONE',  ( -0.000000000000000000, -0.000000000000000000, 1.000000000000000000 ) ) ;
#2386 = FILL_AREA_STYLE ('',( #43 ) ) ;
#2387 = EDGE_CURVE ( 'NONE', #2390, #157, #2241, .T. ) ;
#2388 = ORIENTED_EDGE ( 'NONE', *, *, #677, .F. ) ;
#2389 = UNCERTAINTY_MEASURE_WITH_UNIT (LENGTH_MEASURE( 1.000000000000000082E-05 ), #1944, 'distance_accuracy_value', 'NONE');
#2390 = VERTEX_POINT ( 'NONE', #1047 ) ;
#2391 = ADVANCED_FACE ( 'NONE', ( #623 ), #2256, .F. ) ;
#2392 = PRESENTATION_STYLE_ASSIGNMENT (( #986 ) ) ;
#2393 = FILL_AREA_STYLE_COLOUR ( '', #115 ) ;
#2394 =( LENGTH_UNIT ( ) NAMED_UNIT ( * ) SI_UNIT ( .MILLI., .METRE. ) );
#2395 = ORIENTED_EDGE ( 'NONE', *, *, #1838, .F. ) ;
#2396 =( NAMED_UNIT ( * ) PLANE_ANGLE_UNIT ( ) SI_UNIT ( $, .RADIAN. ) );
#2397 = DIRECTION ( 'NONE',  ( 0.000000000000000000, 0.000000000000000000, -1.000000000000000000 ) ) ;
#2398 = PLANE ( 'NONE',  #1516 ) ;
#2399 = SURFACE_STYLE_USAGE ( .BOTH. , #924 ) ;
#2400 = EDGE_LOOP ( 'NONE', ( #1234, #834, #1631, #994 ) ) ;
#2401 = LINE ( 'NONE', #1008, #426 ) ;
#2402 = ORIENTED_EDGE ( 'NONE', *, *, #406, .F. ) ;
#2403 = EDGE_CURVE ( 'NONE', #282, #1609, #1243, .T. ) ;
#2404 = LINE ( 'NONE', #1145, #1995 ) ;
#2405 = DIRECTION ( 'NONE',  ( -1.000000000000000000, 0.000000000000000000, 0.000000000000000000 ) ) ;
#2406 = FILL_AREA_STYLE_COLOUR ( '', #1857 ) ;
#2407 = UNCERTAINTY_MEASURE_WITH_UNIT (LENGTH_MEASURE( 1.000000000000000082E-05 ), #2612, 'distance_accuracy_value', 'NONE');
#2408 = DIRECTION ( 'NONE',  ( -1.000000000000000000, -2.853163611803962722E-16, 0.000000000000000000 ) ) ;
#2409 = COLOUR_RGB ( '',0.6666666666666666297, 0.6980392156862744724, 0.7686274509803920907 ) ;
#2410 =( GEOMETRIC_REPRESENTATION_CONTEXT ( 3 ) GLOBAL_UNCERTAINTY_ASSIGNED_CONTEXT ( ( #969 ) ) GLOBAL_UNIT_ASSIGNED_CONTEXT ( ( #195, #1066, #19 ) ) REPRESENTATION_CONTEXT ( 'NONE', 'WORKASPACE' ) );
#2411 = LINE ( 'NONE', #140, #2657 ) ;
#2412 = PRESENTATION_STYLE_ASSIGNMENT (( #339 ) ) ;
#2413 = MECHANICAL_DESIGN_GEOMETRIC_PRESENTATION_REPRESENTATION (  '', ( #80 ), #2453 ) ;
#2414 = SURFACE_STYLE_USAGE ( .BOTH. , #1608 ) ;
#2415 = ORIENTED_EDGE ( 'NONE', *, *, #905, .T. ) ;
#2416 = VECTOR ( 'NONE', #1505, 1000.000000000000000 ) ;
#2417 = ORIENTED_EDGE ( 'NONE', *, *, #1522, .T. ) ;
#2418 = MECHANICAL_DESIGN_GEOMETRIC_PRESENTATION_REPRESENTATION (  '', ( #867 ), #1888 ) ;
#2419 = CARTESIAN_POINT ( 'NONE',  ( -2.799269950128921103, 1.208500000000000130, -3.004269950128920286 ) ) ;
#2420 = DIRECTION ( 'NONE',  ( -0.000000000000000000, 1.000000000000000000, -0.000000000000000000 ) ) ;
#2421 = EDGE_LOOP ( 'NONE', ( #1572, #2570, #699, #2316 ) ) ;
#2422 = STYLED_ITEM ( 'NONE', ( #1828 ), #16 ) ;
#2423 = SURFACE_SIDE_STYLE ('',( #999 ) ) ;
#2424 = FILL_AREA_STYLE ('',( #148 ) ) ;
#2425 = EDGE_CURVE ( 'NONE', #668, #7, #1032, .T. ) ;
#2426 = PRESENTATION_LAYER_ASSIGNMENT (  '', '', ( #922 ) ) ;
#2427 = VECTOR ( 'NONE', #1954, 1000.000000000000000 ) ;
#2428 = VECTOR ( 'NONE', #145, 1000.000000000000000 ) ;
#2429 =( LENGTH_UNIT ( ) NAMED_UNIT ( * ) SI_UNIT ( .MILLI., .METRE. ) );
#2430 = VERTEX_POINT ( 'NONE', #1656 ) ;
#2431 = CARTESIAN_POINT ( 'NONE',  ( -1.949269950128920348, -1.008500000000000174, -3.109999999999999876 ) ) ;
#2432 = CIRCLE ( 'NONE', #1953, 0.2000000000000000944 ) ;
#2433 = ORIENTED_EDGE ( 'NONE', *, *, #1740, .T. ) ;
#2434 = ORIENTED_EDGE ( 'NONE', *, *, #2148, .F. ) ;
#2435 = EDGE_CURVE ( 'NONE', #1294, #2225, #828, .T. ) ;
#2436 = PRESENTATION_STYLE_ASSIGNMENT (( #2052 ) ) ;
#2437 = PRODUCT_RELATED_PRODUCT_CATEGORY ( 'part', '', ( #2234 ) ) ;
#2438 = CARTESIAN_POINT ( 'NONE',  ( 3.760000000000000231, -0.5050000000000001155, -1.600000000000000089 ) ) ;
#2439 = ORIENTED_EDGE ( 'NONE', *, *, #1390, .F. ) ;
#2440 = VERTEX_POINT ( 'NONE', #2464 ) ;
#2441 = FILL_AREA_STYLE_COLOUR ( '', #1097 ) ;
#2442 = CARTESIAN_POINT ( 'NONE',  ( 3.555000000000000604, 0.000000000000000000, 1.600000000000000089 ) ) ;
#2443 = VERTEX_POINT ( 'NONE', #2475 ) ;
#2444 = PRESENTATION_STYLE_ASSIGNMENT (( #1836 ) ) ;
#2445 = SURFACE_STYLE_USAGE ( .BOTH. , #2087 ) ;
#2446 = EDGE_CURVE ( 'NONE', #591, #1338, #635, .T. ) ;
#2447 = EDGE_LOOP ( 'NONE', ( #1916, #939, #2476, #2020 ) ) ;
#2448 = PRESENTATION_LAYER_ASSIGNMENT (  '', '', ( #517 ) ) ;
#2449 = LINE ( 'NONE', #2214, #2162 ) ;
#2450 =( LENGTH_UNIT ( ) NAMED_UNIT ( * ) SI_UNIT ( .MILLI., .METRE. ) );
#2451 = VECTOR ( 'NONE', #1600, 1000.000000000000000 ) ;
#2452 = ORIENTED_EDGE ( 'NONE', *, *, #1901, .F. ) ;
#2453 =( GEOMETRIC_REPRESENTATION_CONTEXT ( 3 ) GLOBAL_UNCERTAINTY_ASSIGNED_CONTEXT ( ( #748 ) ) GLOBAL_UNIT_ASSIGNED_CONTEXT ( ( #417, #1415, #209 ) ) REPRESENTATION_CONTEXT ( 'NONE', 'WORKASPACE' ) );
#2454 = SURFACE_STYLE_USAGE ( .BOTH. , #183 ) ;
#2455 = SURFACE_STYLE_USAGE ( .BOTH. , #2650 ) ;
#2456 = ORIENTED_EDGE ( 'NONE', *, *, #1971, .F. ) ;
#2457 = VECTOR ( 'NONE', #298, 1000.000000000000000 ) ;
#2458 =( NAMED_UNIT ( * ) SI_UNIT ( $, .STERADIAN. ) SOLID_ANGLE_UNIT ( ) );
#2459 = AXIS2_PLACEMENT_3D ( 'NONE', #1368, #2345, #1582 ) ;
#2460 = UNCERTAINTY_MEASURE_WITH_UNIT (LENGTH_MEASURE( 1.000000000000000082E-05 ), #666, 'distance_accuracy_value', 'NONE');
#2461 = FACE_OUTER_BOUND ( 'NONE', #2069, .T. ) ;
#2462 = STYLED_ITEM ( 'NONE', ( #2436 ), #70 ) ;
#2463 = LINE ( 'NONE', #622, #296 ) ;
#2464 = CARTESIAN_POINT ( 'NONE',  ( 3.449269950128921014, 1.208500000000000130, 3.004269950128920286 ) ) ;
#2465 = ORIENTED_EDGE ( 'NONE', *, *, #2190, .T. ) ;
#2466 = VECTOR ( 'NONE', #500, 1000.000000000000000 ) ;
#2467 = DIRECTION ( 'NONE',  ( -1.000000000000000000, 0.000000000000000000, 0.000000000000000000 ) ) ;
#2468 = CARTESIAN_POINT ( 'NONE',  ( -3.555000000000000160, 1.208500000000000130, 3.004269950128920286 ) ) ;
#2469 = ORIENTED_EDGE ( 'NONE', *, *, #696, .F. ) ;
#2470 = PLANE ( 'NONE',  #1598 ) ;
#2471 = PLANE ( 'NONE',  #2196 ) ;
#2472 = DIRECTION ( 'NONE',  ( -0.000000000000000000, 1.000000000000000000, -0.000000000000000000 ) ) ;
#2473 = DIRECTION ( 'NONE',  ( -1.000000000000000000, 1.626303258728255862E-15, 0.000000000000000000 ) ) ;
#2474 = CARTESIAN_POINT ( 'NONE',  ( 3.501398723871303353, -0.6126653896457537885, 3.056398723871303069 ) ) ;
#2475 = CARTESIAN_POINT ( 'NONE',  ( -2.779269950128920197, 1.158500000000000307, 3.004269950128920286 ) ) ;
#2476 = ORIENTED_EDGE ( 'NONE', *, *, #416, .T. ) ;
#2477 = CARTESIAN_POINT ( 'NONE',  ( 3.555000000000000604, -0.3049999999999999933, 1.600000000000000089 ) ) ;
#2478 = LINE ( 'NONE', #2625, #2275 ) ;
#2479 = FILL_AREA_STYLE ('',( #2036 ) ) ;
#2480 = CARTESIAN_POINT ( 'NONE',  ( 3.760000000000000675, 1.874214169935979774E-16, -1.600000000000000089 ) ) ;
#2481 = FILL_AREA_STYLE ('',( #1072 ) ) ;
#2482 = DIRECTION ( 'NONE',  ( 1.000000000000000000, 0.000000000000000000, 0.000000000000000000 ) ) ;
#2483 = ORIENTED_EDGE ( 'NONE', *, *, #2627, .T. ) ;
#2484 = CARTESIAN_POINT ( 'NONE',  ( 3.560000000000000053, -0.5050000000000000044, 1.600000000000000089 ) ) ;
#2485 = ORIENTED_EDGE ( 'NONE', *, *, #2184, .F. ) ;
#2486 =( GEOMETRIC_REPRESENTATION_CONTEXT ( 3 ) GLOBAL_UNCERTAINTY_ASSIGNED_CONTEXT ( ( #2460 ) ) GLOBAL_UNIT_ASSIGNED_CONTEXT ( ( #666, #1279, #1084 ) ) REPRESENTATION_CONTEXT ( 'NONE', 'WORKASPACE' ) );
#2487 = FILL_AREA_STYLE ('',( #49 ) ) ;
#2488 = COLOUR_RGB ( '',0.4980392156862745168, 0.4980392156862745168, 0.4980392156862745168 ) ;
#2489 = STYLED_ITEM ( 'NONE', ( #482 ), #1240 ) ;
#2490 = EDGE_CURVE ( 'NONE', #2215, #866, #893, .T. ) ;
#2491 = DIRECTION ( 'NONE',  ( -0.000000000000000000, 1.000000000000000000, -0.000000000000000000 ) ) ;
#2492 = AXIS2_PLACEMENT_3D ( 'NONE', #718, #1541, #2149 ) ;
#2493 = VERTEX_POINT ( 'NONE', #1531 ) ;
#2494 = DIRECTION ( 'NONE',  ( -1.443548270273087399E-16, -0.000000000000000000, -1.000000000000000000 ) ) ;
#2495 = PRODUCT_CONTEXT ( 'NONE', #940, 'mechanical' ) ;
#2496 = STYLED_ITEM ( 'NONE', ( #1530 ), #1351 ) ;
#2497 = VERTEX_POINT ( 'NONE', #2552 ) ;
#2498 = VECTOR ( 'NONE', #1070, 1000.000000000000000 ) ;
#2499 = PRESENTATION_STYLE_ASSIGNMENT (( #1310 ) ) ;
#2500 = VECTOR ( 'NONE', #2193, 1000.000000000000000 ) ;
#2501 = VERTEX_POINT ( 'NONE', #1096 ) ;
#2502 = VECTOR ( 'NONE', #132, 1000.000000000000000 ) ;
#2503 = CARTESIAN_POINT ( 'NONE',  ( -2.849269950128920925, 1.208500000000000130, -3.004269950128920286 ) ) ;
#2504 =( GEOMETRIC_REPRESENTATION_CONTEXT ( 3 ) GLOBAL_UNCERTAINTY_ASSIGNED_CONTEXT ( ( #1117 ) ) GLOBAL_UNIT_ASSIGNED_CONTEXT ( ( #1878, #2310, #2136 ) ) REPRESENTATION_CONTEXT ( 'NONE', 'WORKASPACE' ) );
#2505 = EDGE_LOOP ( 'NONE', ( #194, #2047, #64, #2646 ) ) ;
#2506 = SURFACE_SIDE_STYLE ('',( #1301 ) ) ;
#2507 = EDGE_LOOP ( 'NONE', ( #857, #347, #357, #723 ) ) ;
#2508 = LINE ( 'NONE', #1322, #2280 ) ;
#2509 = ORIENTED_EDGE ( 'NONE', *, *, #1447, .T. ) ;
#2510 = VERTEX_POINT ( 'NONE', #1694 ) ;
#2511 = SURFACE_SIDE_STYLE ('',( #1659 ) ) ;
#2512 = DIRECTION ( 'NONE',  ( -1.000000000000000000, 0.000000000000000000, -0.000000000000000000 ) ) ;
#2513 = CARTESIAN_POINT ( 'NONE',  ( -2.929269950128920996, 1.158500000000000307, -3.004269950128920286 ) ) ;
#2514 = EDGE_LOOP ( 'NONE', ( #305, #852, #109, #2348 ) ) ;
#2515 = SURFACE_SIDE_STYLE ('',( #429 ) ) ;
#2516 = FACE_OUTER_BOUND ( 'NONE', #112, .T. ) ;
#2517 = CARTESIAN_POINT ( 'NONE',  ( 4.065000000000001279, 0.000000000000000000, -1.600000000000000089 ) ) ;
#2518 = LINE ( 'NONE', #506, #2593 ) ;
#2519 = DIRECTION ( 'NONE',  ( 0.000000000000000000, 0.000000000000000000, -1.000000000000000000 ) ) ;
#2520 = SURFACE_SIDE_STYLE ('',( #60 ) ) ;
#2521 = LINE ( 'NONE', #695, #92 ) ;
#2522 = LINE ( 'NONE', #680, #1719 ) ;
#2523 = LINE ( 'NONE', #1520, #1128 ) ;
#2524 = AXIS2_PLACEMENT_3D ( 'NONE', #505, #2319, #1105 ) ;
#2525 = ORIENTED_EDGE ( 'NONE', *, *, #800, .F. ) ;
#2526 = DIRECTION ( 'NONE',  ( -0.000000000000000000, 1.000000000000000000, -0.000000000000000000 ) ) ;
#2527 =( NAMED_UNIT ( * ) SI_UNIT ( $, .STERADIAN. ) SOLID_ANGLE_UNIT ( ) );
#2528 = UNCERTAINTY_MEASURE_WITH_UNIT (LENGTH_MEASURE( 1.000000000000000082E-05 ), #1498, 'distance_accuracy_value', 'NONE');
#2529 = VECTOR ( 'NONE', #2233, 1000.000000000000114 ) ;
#2530 = VECTOR ( 'NONE', #2542, 1000.000000000000000 ) ;
#2531 = SURFACE_STYLE_USAGE ( .BOTH. , #2132 ) ;
#2532 = EDGE_CURVE ( 'NONE', #546, #425, #39, .T. ) ;
#2533 = PRESENTATION_LAYER_ASSIGNMENT (  '', '', ( #703 ) ) ;
#2534 = ORIENTED_EDGE ( 'NONE', *, *, #2355, .F. ) ;
#2535 = VECTOR ( 'NONE', #302, 1000.000000000000000 ) ;
#2536 = SURFACE_STYLE_USAGE ( .BOTH. , #71 ) ;
#2537 = COLOUR_RGB ( '',0.6666666666666666297, 0.6980392156862744724, 0.7686274509803920907 ) ;
#2538 = EDGE_CURVE ( 'NONE', #1490, #2390, #1710, .T. ) ;
#2539 = DIRECTION ( 'NONE',  ( -1.443548270273087399E-16, 0.000000000000000000, -1.000000000000000000 ) ) ;
#2540 = LINE ( 'NONE', #1111, #1138 ) ;
#2541 = DIRECTION ( 'NONE',  ( 1.000000000000000000, 0.000000000000000000, 0.000000000000000000 ) ) ;
#2542 = DIRECTION ( 'NONE',  ( 1.000000000000000000, -0.000000000000000000, -0.000000000000000000 ) ) ;
#2543 = VERTEX_POINT ( 'NONE', #2308 ) ;
#2544 = APPLICATION_CONTEXT ( 'automotive_design' ) ;
#2545 = EDGE_CURVE ( 'NONE', #354, #425, #258, .T. ) ;
#2546 = CARTESIAN_POINT ( 'NONE',  ( 4.065000000000001279, -0.2000000000000001499, 1.600000000000000089 ) ) ;
#2547 = AXIS2_PLACEMENT_3D ( 'NONE', #2359, #679, #733 ) ;
#2548 =( GEOMETRIC_REPRESENTATION_CONTEXT ( 3 ) GLOBAL_UNCERTAINTY_ASSIGNED_CONTEXT ( ( #2146 ) ) GLOBAL_UNIT_ASSIGNED_CONTEXT ( ( #2230, #2638, #371 ) ) REPRESENTATION_CONTEXT ( 'NONE', 'WORKASPACE' ) );
#2549 = DIRECTION ( 'NONE',  ( 1.000000000000000000, 0.000000000000000000, 0.000000000000000000 ) ) ;
#2550 =( NAMED_UNIT ( * ) SI_UNIT ( $, .STERADIAN. ) SOLID_ANGLE_UNIT ( ) );
#2551 = SURFACE_SIDE_STYLE ('',( #540 ) ) ;
#2552 = CARTESIAN_POINT ( 'NONE',  ( -2.799269950128920659, 1.158500000000000307, 3.004269950128920286 ) ) ;
#2553 = EDGE_LOOP ( 'NONE', ( #2388, #278, #1993, #2417, #1880, #2299, #1635, #734, #2227, #1663, #27, #1250 ) ) ;
#2554 =( NAMED_UNIT ( * ) SI_UNIT ( $, .STERADIAN. ) SOLID_ANGLE_UNIT ( ) );
#2555 = ADVANCED_FACE ( 'NONE', ( #1909 ), #2343, .T. ) ;
#2556 = LINE ( 'NONE', #1309, #2466 ) ;
#2557 = CARTESIAN_POINT ( 'NONE',  ( -3.554999999999999716, -0.3049999999999995492, 1.600000000000000089 ) ) ;
#2558 = EDGE_LOOP ( 'NONE', ( #2666, #1329, #1327, #2220 ) ) ;
#2559 = CARTESIAN_POINT ( 'NONE',  ( 3.501398723871302465, 0.6126653896457536774, -3.056398723871303069 ) ) ;
#2560 = ADVANCED_FACE ( 'NONE', ( #483 ), #660, .T. ) ;
#2561 = PLANE ( 'NONE',  #1171 ) ;
#2562 = DIRECTION ( 'NONE',  ( 0.000000000000000000, -0.000000000000000000, 1.000000000000000000 ) ) ;
#2563 = EDGE_CURVE ( 'NONE', #600, #246, #2508, .T. ) ;
#2564 = PRESENTATION_STYLE_ASSIGNMENT (( #1548 ) ) ;
#2565 = CARTESIAN_POINT ( 'NONE',  ( 1.949269950128920792, -1.008499999999999952, -3.021767682834105351 ) ) ;
#2566 = LINE ( 'NONE', #2157, #599 ) ;
#2567 = SURFACE_STYLE_FILL_AREA ( #1139 ) ;
#2568 = CARTESIAN_POINT ( 'NONE',  ( -2.829269950128920019, 1.158500000000000307, 3.004269950128920286 ) ) ;
#2569 = CARTESIAN_POINT ( 'NONE',  ( -2.929269950128920108, 1.158500000000000307, 3.004269950128920286 ) ) ;
#2570 = ORIENTED_EDGE ( 'NONE', *, *, #1784, .F. ) ;
#2571 = DIRECTION ( 'NONE',  ( 0.000000000000000000, 0.9961946980917455452, -0.08715574274765836016 ) ) ;
#2572 = CARTESIAN_POINT ( 'NONE',  ( -3.466767682834105191, -1.008500000000000618, -3.021767682834105351 ) ) ;
#2573 = FACE_OUTER_BOUND ( 'NONE', #2421, .T. ) ;
#2574 = SURFACE_SIDE_STYLE ('',( #1755 ) ) ;
#2575 = STYLED_ITEM ( 'NONE', ( #1012 ), #1665 ) ;
#2576 = ADVANCED_FACE ( 'NONE', ( #1486 ), #1110, .F. ) ;
#2577 = CARTESIAN_POINT ( 'NONE',  ( -2.879269950128920730, 1.208500000000000130, -3.004269950128920286 ) ) ;
#2578 = SURFACE_STYLE_FILL_AREA ( #1208 ) ;
#2579 = STYLED_ITEM ( 'NONE', ( #1405 ), #2059 ) ;
#2580 = VECTOR ( 'NONE', #191, 1000.000000000000000 ) ;
#2581 =( LENGTH_UNIT ( ) NAMED_UNIT ( * ) SI_UNIT ( .MILLI., .METRE. ) );
#2582 = VECTOR ( 'NONE', #595, 1000.000000000000000 ) ;
#2583 = ORIENTED_EDGE ( 'NONE', *, *, #2538, .T. ) ;
#2584 = CARTESIAN_POINT ( 'NONE',  ( 0.000000000000000000, 1.208500000000000130, 0.000000000000000000 ) ) ;
#2585 = ORIENTED_EDGE ( 'NONE', *, *, #1252, .F. ) ;
#2586 =( GEOMETRIC_REPRESENTATION_CONTEXT ( 3 ) GLOBAL_UNCERTAINTY_ASSIGNED_CONTEXT ( ( #1862 ) ) GLOBAL_UNIT_ASSIGNED_CONTEXT ( ( #448, #237, #281 ) ) REPRESENTATION_CONTEXT ( 'NONE', 'WORKASPACE' ) );
#2587 = PLANE ( 'NONE',  #840 ) ;
#2588 = PLANE ( 'NONE',  #1688 ) ;
#2589 = MECHANICAL_DESIGN_GEOMETRIC_PRESENTATION_REPRESENTATION (  '', ( #922 ), #657 ) ;
#2590 = ADVANCED_FACE ( 'NONE', ( #2001 ), #2398, .F. ) ;
#2591 = UNCERTAINTY_MEASURE_WITH_UNIT (LENGTH_MEASURE( 1.000000000000000082E-05 ), #480, 'distance_accuracy_value', 'NONE');
#2592 =( LENGTH_UNIT ( ) NAMED_UNIT ( * ) SI_UNIT ( .MILLI., .METRE. ) );
#2593 = VECTOR ( 'NONE', #1538, 1000.000000000000000 ) ;
#2594 = STYLED_ITEM ( 'NONE', ( #485 ), #845 ) ;
#2595 =( LENGTH_UNIT ( ) NAMED_UNIT ( * ) SI_UNIT ( .MILLI., .METRE. ) );
#2596 = ADVANCED_FACE ( 'NONE', ( #760 ), #2211, .F. ) ;
#2597 = VERTEX_POINT ( 'NONE', #108 ) ;
#2598 = UNCERTAINTY_MEASURE_WITH_UNIT (LENGTH_MEASURE( 1.000000000000000082E-05 ), #1920, 'distance_accuracy_value', 'NONE');
#2599 = DIRECTION ( 'NONE',  ( 0.000000000000000000, 1.000000000000000000, 0.000000000000000000 ) ) ;
#2600 = ORIENTED_EDGE ( 'NONE', *, *, #57, .F. ) ;
#2601 = CARTESIAN_POINT ( 'NONE',  ( 3.555000000000000604, 0.000000000000000000, 1.600000000000000089 ) ) ;
#2602 = CARTESIAN_POINT ( 'NONE',  ( -3.560000000000000053, -0.9064999999999989733, -1.600000000000000089 ) ) ;
#2603 = CARTESIAN_POINT ( 'NONE',  ( -3.466767682834105191, -1.008500000000000618, -3.109999999999999876 ) ) ;
#2604 = CARTESIAN_POINT ( 'NONE',  ( 3.865000000000000657, 0.000000000000000000, -1.600000000000000089 ) ) ;
#2605 = FILL_AREA_STYLE ('',( #2239 ) ) ;
#2606 = ADVANCED_FACE ( 'NONE', ( #1592 ), #1758, .T. ) ;
#2607 = ORIENTED_EDGE ( 'NONE', *, *, #2106, .T. ) ;
#2608 = FILL_AREA_STYLE_COLOUR ( '', #1046 ) ;
#2609 = ORIENTED_EDGE ( 'NONE', *, *, #1646, .F. ) ;
#2610 = DIRECTION ( 'NONE',  ( -0.000000000000000000, 0.000000000000000000, -1.000000000000000000 ) ) ;
#2611 = ORIENTED_EDGE ( 'NONE', *, *, #1247, .T. ) ;
#2612 =( LENGTH_UNIT ( ) NAMED_UNIT ( * ) SI_UNIT ( .MILLI., .METRE. ) );
#2613 = UNCERTAINTY_MEASURE_WITH_UNIT (LENGTH_MEASURE( 1.000000000000000082E-05 ), #580, 'distance_accuracy_value', 'NONE');
#2614 = COLOUR_RGB ( '',0.6666666666666666297, 0.6980392156862744724, 0.7686274509803920907 ) ;
#2615 = VECTOR ( 'NONE', #206, 1000.000000000000000 ) ;
#2616 = EDGE_CURVE ( 'NONE', #736, #1153, #809, .T. ) ;
#2617 = SURFACE_STYLE_USAGE ( .BOTH. , #1788 ) ;
#2618 = DIRECTION ( 'NONE',  ( 0.000000000000000000, 0.9961946980917455452, -0.08715574274765836016 ) ) ;
#2619 = VERTEX_POINT ( 'NONE', #1029 ) ;
#2620 = AXIS2_PLACEMENT_3D ( 'NONE', #780, #1067, #594 ) ;
#2621 = PLANE ( 'NONE',  #1263 ) ;
#2622 = ORIENTED_EDGE ( 'NONE', *, *, #511, .T. ) ;
#2623 = MECHANICAL_DESIGN_GEOMETRIC_PRESENTATION_REPRESENTATION (  '', ( #831 ), #1853 ) ;
#2624 = LINE ( 'NONE', #1831, #1239 ) ;
#2625 = CARTESIAN_POINT ( 'NONE',  ( -3.864999999999999769, -1.411499999999998867, -1.600000000000000089 ) ) ;
#2626 = ORIENTED_EDGE ( 'NONE', *, *, #1500, .F. ) ;
#2627 = EDGE_CURVE ( 'NONE', #2199, #1490, #2027, .T. ) ;
#2628 =( NAMED_UNIT ( * ) PLANE_ANGLE_UNIT ( ) SI_UNIT ( $, .RADIAN. ) );
#2629 = PRESENTATION_LAYER_ASSIGNMENT (  '', '', ( #2422 ) ) ;
#2630 = CARTESIAN_POINT ( 'NONE',  ( 3.560000000000000053, -0.5050000000000000044, -1.600000000000000089 ) ) ;
#2631 = VERTEX_POINT ( 'NONE', #1018 ) ;
#2632 = AXIS2_PLACEMENT_3D ( 'NONE', #65, #77, #885 ) ;
#2633 = VECTOR ( 'NONE', #2191, 1000.000000000000000 ) ;
#2634 = DIRECTION ( 'NONE',  ( 0.000000000000000000, 0.000000000000000000, 1.000000000000000000 ) ) ;
#2635 = ORIENTED_EDGE ( 'NONE', *, *, #854, .F. ) ;
#2636 = CARTESIAN_POINT ( 'NONE',  ( -3.449269950128921458, 1.208500000000000130, -3.109999999999999876 ) ) ;
#2637 = ORIENTED_EDGE ( 'NONE', *, *, #1901, .T. ) ;
#2638 =( NAMED_UNIT ( * ) PLANE_ANGLE_UNIT ( ) SI_UNIT ( $, .RADIAN. ) );
#2639 = ORIENTED_EDGE ( 'NONE', *, *, #825, .T. ) ;
#2640 = EDGE_CURVE ( 'NONE', #2430, #1583, #1524, .T. ) ;
#2641 = ADVANCED_FACE ( 'NONE', ( #1655 ), #850, .F. ) ;
#2642 = UNCERTAINTY_MEASURE_WITH_UNIT (LENGTH_MEASURE( 1.000000000000000082E-05 ), #710, 'distance_accuracy_value', 'NONE');
#2643 = DIRECTION ( 'NONE',  ( 0.08715574274765836016, -0.9961946980917455452, 0.000000000000000000 ) ) ;
#2644 = DIRECTION ( 'NONE',  ( 6.144964491593375321E-16, -1.000000000000000000, 0.000000000000000000 ) ) ;
#2645 = PLANE ( 'NONE',  #343 ) ;
#2646 = ORIENTED_EDGE ( 'NONE', *, *, #1708, .T. ) ;
#2647 = ORIENTED_EDGE ( 'NONE', *, *, #247, .F. ) ;
#2648 = DIRECTION ( 'NONE',  ( 0.000000000000000000, 0.000000000000000000, -1.000000000000000000 ) ) ;
#2649 = ORIENTED_EDGE ( 'NONE', *, *, #1435, .F. ) ;
#2650 = SURFACE_SIDE_STYLE ('',( #2034 ) ) ;
#2651 = ORIENTED_EDGE ( 'NONE', *, *, #1367, .T. ) ;
#2652 = EDGE_CURVE ( 'NONE', #1966, #668, #2253, .T. ) ;
#2653 = DIRECTION ( 'NONE',  ( -1.000000000000000000, -2.802585719021566778E-15, 0.000000000000000000 ) ) ;
#2654 = LINE ( 'NONE', #2670, #1073 ) ;
#2655 = FILL_AREA_STYLE_COLOUR ( '', #125 ) ;
#2656 = EDGE_CURVE ( 'NONE', #405, #1172, #2658, .T. ) ;
#2657 = VECTOR ( 'NONE', #2269, 1000.000000000000000 ) ;
#2658 = LINE ( 'NONE', #826, #1771 ) ;
#2659 = FACE_OUTER_BOUND ( 'NONE', #985, .T. ) ;
#2660 = CARTESIAN_POINT ( 'NONE',  ( -3.760000000000000675, -8.082164307132006625E-16, -1.600000000000000089 ) ) ;
#2661 = AXIS2_PLACEMENT_3D ( 'NONE', #236, #106, #769 ) ;
#2662 = ORIENTED_EDGE ( 'NONE', *, *, #56, .F. ) ;
#2663 = VECTOR ( 'NONE', #927, 1000.000000000000000 ) ;
#2664 =( NAMED_UNIT ( * ) PLANE_ANGLE_UNIT ( ) SI_UNIT ( $, .RADIAN. ) );
#2665 = PLANE ( 'NONE',  #2317 ) ;
#2666 = ORIENTED_EDGE ( 'NONE', *, *, #2532, .F. ) ;
#2667 = MECHANICAL_DESIGN_GEOMETRIC_PRESENTATION_REPRESENTATION (  '', ( #611 ), #207 ) ;
#2668 = FACE_OUTER_BOUND ( 'NONE', #1169, .T. ) ;
#2669 = AXIS2_PLACEMENT_3D ( 'NONE', #674, #1288, #498 ) ;
#2670 = CARTESIAN_POINT ( 'NONE',  ( -3.555000000000000604, 4.336808689942017736E-16, -1.600000000000000089 ) ) ;
#2671 = CARTESIAN_POINT ( 'NONE',  ( 2.545000000000001705, -1.411499999999998201, -1.600000000000000089 ) ) ;
#2672 = UNCERTAINTY_MEASURE_WITH_UNIT (LENGTH_MEASURE( 1.000000000000000082E-05 ), #1371, 'distance_accuracy_value', 'NONE');
ENDSEC;
END-ISO-10303-21;
