ISO-10303-21;
HEADER;
/* Generated by software containing ST-Developer
 * from STEP Tools, Inc. (www.steptools.com) 
 */
/* OPTION: using custom renumber hook */

FILE_DESCRIPTION(
/* description */ ('STEP AP214'),
/* implementation_level */ '2;1');

FILE_NAME(
/* name */ 'IPS1-105-01-L-D-VS',
/* time_stamp */ '2026-03-27T13:15:43+01:00',
/* author */ ('License CC BY-ND 4.0'),
/* organization */ ('CADENAS'),
/* preprocessor_version */ 'ST-DEVELOPER v20',
/* originating_system */ 'PARTsolutions',
/* authorisation */ '  ');

FILE_SCHEMA (('AUTOMOTIVE_DESIGN {1 0 10303 214 3 1 1}'));
ENDSEC;

DATA;
#10=PROPERTY_DEFINITION_REPRESENTATION(#14,#12);
#11=PROPERTY_DEFINITION_REPRESENTATION(#15,#13);
#12=REPRESENTATION('',(#16),#9343);
#13=REPRESENTATION('',(#17),#9343);
#14=PROPERTY_DEFINITION('pmi validation property','',#9355);
#15=PROPERTY_DEFINITION('pmi validation property','',#9355);
#16=VALUE_REPRESENTATION_ITEM('number of annotations',COUNT_MEASURE(0.));
#17=VALUE_REPRESENTATION_ITEM('number of views',COUNT_MEASURE(0.));
#18=CYLINDRICAL_SURFACE('',#6109,0.036);
#19=CYLINDRICAL_SURFACE('',#6112,0.036);
#20=CYLINDRICAL_SURFACE('',#6115,0.036);
#21=CYLINDRICAL_SURFACE('',#6118,0.036);
#22=CYLINDRICAL_SURFACE('',#6121,0.036);
#23=CYLINDRICAL_SURFACE('',#6134,0.036);
#24=CYLINDRICAL_SURFACE('',#6137,0.036);
#25=CYLINDRICAL_SURFACE('',#6140,0.036);
#26=CYLINDRICAL_SURFACE('',#6143,0.036);
#27=CYLINDRICAL_SURFACE('',#6146,0.036);
#28=CYLINDRICAL_SURFACE('',#6164,0.02);
#29=CYLINDRICAL_SURFACE('',#6167,0.02);
#30=CYLINDRICAL_SURFACE('',#6170,0.02);
#31=CYLINDRICAL_SURFACE('',#6173,0.02);
#32=CYLINDRICAL_SURFACE('',#6176,0.02);
#33=CYLINDRICAL_SURFACE('',#6181,0.02);
#34=CYLINDRICAL_SURFACE('',#6184,0.02);
#35=CYLINDRICAL_SURFACE('',#6187,0.02);
#36=CYLINDRICAL_SURFACE('',#6190,0.02);
#37=CYLINDRICAL_SURFACE('',#6193,0.02);
#38=CONTEXT_DEPENDENT_SHAPE_REPRESENTATION(#42,#9357);
#39=CONTEXT_DEPENDENT_SHAPE_REPRESENTATION(#43,#9359);
#40=NEXT_ASSEMBLY_USAGE_OCCURRENCE('NAUO1','IPS1-105-01-L-D-VSt',
'IPS1-105-01-L-D-VSt',#9360,#9361,'');
#41=NEXT_ASSEMBLY_USAGE_OCCURRENCE('NAUO2','IPS1-105-01-L-D-VS_pin',
'IPS1-105-01-L-D-VS_pin',#9360,#9362,'');
#42=(
REPRESENTATION_RELATIONSHIP(' ',' ',#5864,#5863)
REPRESENTATION_RELATIONSHIP_WITH_TRANSFORMATION(#44)
SHAPE_REPRESENTATION_RELATIONSHIP()
);
#43=(
REPRESENTATION_RELATIONSHIP(' ',' ',#5865,#5863)
REPRESENTATION_RELATIONSHIP_WITH_TRANSFORMATION(#45)
SHAPE_REPRESENTATION_RELATIONSHIP()
);
#44=ITEM_DEFINED_TRANSFORMATION(' ',' ',#5866,#6093);
#45=ITEM_DEFINED_TRANSFORMATION(' ',' ',#5866,#6216);
#46=SHAPE_REPRESENTATION_RELATIONSHIP('','',#5864,#48);
#47=SHAPE_REPRESENTATION_RELATIONSHIP('','',#5865,#49);
#48=ADVANCED_BREP_SHAPE_REPRESENTATION('',(#5858),#9344);
#49=ADVANCED_BREP_SHAPE_REPRESENTATION('',(#5859),#9345);
#50=CONICAL_SURFACE('',#5944,0.015,0.015707963267949);
#51=CONICAL_SURFACE('',#5946,0.015,0.015707963267949);
#52=CONICAL_SURFACE('',#5950,0.015,0.015707963267949);
#53=CONICAL_SURFACE('',#5952,0.015,0.015707963267949);
#54=CONICAL_SURFACE('',#5956,0.015,0.015707963267949);
#55=CONICAL_SURFACE('',#5958,0.015,0.015707963267949);
#56=CONICAL_SURFACE('',#5962,0.015,0.015707963267949);
#57=CONICAL_SURFACE('',#5964,0.015,0.015707963267949);
#58=CONICAL_SURFACE('',#5968,0.015,0.015707963267949);
#59=CONICAL_SURFACE('',#5970,0.015,0.015707963267949);
#60=CIRCLE('',#5893,0.0126436117014503);
#61=CIRCLE('',#5894,0.0126436117014503);
#62=CIRCLE('',#5896,0.0126436117014503);
#63=CIRCLE('',#5897,0.0126436117014503);
#64=CIRCLE('',#5899,0.0126436117014503);
#65=CIRCLE('',#5900,0.0126436117014503);
#66=CIRCLE('',#5902,0.0126436117014503);
#67=CIRCLE('',#5903,0.0126436117014503);
#68=CIRCLE('',#5910,0.0126436117014503);
#69=CIRCLE('',#5911,0.0126436117014503);
#70=CIRCLE('',#5913,0.015);
#71=CIRCLE('',#5914,0.015);
#72=CIRCLE('',#5915,0.015);
#73=CIRCLE('',#5916,0.015);
#74=CIRCLE('',#5917,0.015);
#75=CIRCLE('',#5918,0.015);
#76=CIRCLE('',#5919,0.015);
#77=CIRCLE('',#5920,0.015);
#78=CIRCLE('',#5921,0.015);
#79=CIRCLE('',#5922,0.015);
#80=CIRCLE('',#6110,0.036);
#81=CIRCLE('',#6111,0.036);
#82=CIRCLE('',#6113,0.036);
#83=CIRCLE('',#6114,0.036);
#84=CIRCLE('',#6116,0.036);
#85=CIRCLE('',#6117,0.036);
#86=CIRCLE('',#6119,0.036);
#87=CIRCLE('',#6120,0.036);
#88=CIRCLE('',#6122,0.036);
#89=CIRCLE('',#6123,0.036);
#90=CIRCLE('',#6135,0.036);
#91=CIRCLE('',#6136,0.036);
#92=CIRCLE('',#6138,0.036);
#93=CIRCLE('',#6139,0.036);
#94=CIRCLE('',#6141,0.036);
#95=CIRCLE('',#6142,0.036);
#96=CIRCLE('',#6144,0.036);
#97=CIRCLE('',#6145,0.036);
#98=CIRCLE('',#6147,0.036);
#99=CIRCLE('',#6148,0.036);
#100=CIRCLE('',#6165,0.02);
#101=CIRCLE('',#6166,0.02);
#102=CIRCLE('',#6168,0.02);
#103=CIRCLE('',#6169,0.02);
#104=CIRCLE('',#6171,0.02);
#105=CIRCLE('',#6172,0.02);
#106=CIRCLE('',#6174,0.02);
#107=CIRCLE('',#6175,0.02);
#108=CIRCLE('',#6177,0.02);
#109=CIRCLE('',#6178,0.02);
#110=CIRCLE('',#6182,0.02);
#111=CIRCLE('',#6183,0.02);
#112=CIRCLE('',#6185,0.02);
#113=CIRCLE('',#6186,0.02);
#114=CIRCLE('',#6188,0.02);
#115=CIRCLE('',#6189,0.02);
#116=CIRCLE('',#6191,0.02);
#117=CIRCLE('',#6192,0.02);
#118=CIRCLE('',#6194,0.02);
#119=CIRCLE('',#6195,0.02);
#120=ORIENTED_EDGE('',*,*,#1764,.T.);
#121=ORIENTED_EDGE('',*,*,#1765,.F.);
#122=ORIENTED_EDGE('',*,*,#1766,.T.);
#123=ORIENTED_EDGE('',*,*,#1767,.T.);
#124=ORIENTED_EDGE('',*,*,#1768,.T.);
#125=ORIENTED_EDGE('',*,*,#1769,.T.);
#126=ORIENTED_EDGE('',*,*,#1770,.T.);
#127=ORIENTED_EDGE('',*,*,#1771,.T.);
#128=ORIENTED_EDGE('',*,*,#1772,.T.);
#129=ORIENTED_EDGE('',*,*,#1773,.T.);
#130=ORIENTED_EDGE('',*,*,#1774,.T.);
#131=ORIENTED_EDGE('',*,*,#1775,.T.);
#132=ORIENTED_EDGE('',*,*,#1776,.T.);
#133=ORIENTED_EDGE('',*,*,#1777,.T.);
#134=ORIENTED_EDGE('',*,*,#1778,.T.);
#135=ORIENTED_EDGE('',*,*,#1779,.T.);
#136=ORIENTED_EDGE('',*,*,#1780,.T.);
#137=ORIENTED_EDGE('',*,*,#1781,.T.);
#138=ORIENTED_EDGE('',*,*,#1782,.T.);
#139=ORIENTED_EDGE('',*,*,#1783,.T.);
#140=ORIENTED_EDGE('',*,*,#1784,.T.);
#141=ORIENTED_EDGE('',*,*,#1785,.T.);
#142=ORIENTED_EDGE('',*,*,#1786,.T.);
#143=ORIENTED_EDGE('',*,*,#1787,.T.);
#144=ORIENTED_EDGE('',*,*,#1788,.T.);
#145=ORIENTED_EDGE('',*,*,#1789,.T.);
#146=ORIENTED_EDGE('',*,*,#1790,.T.);
#147=ORIENTED_EDGE('',*,*,#1791,.T.);
#148=ORIENTED_EDGE('',*,*,#1792,.T.);
#149=ORIENTED_EDGE('',*,*,#1793,.F.);
#150=ORIENTED_EDGE('',*,*,#1794,.T.);
#151=ORIENTED_EDGE('',*,*,#1795,.T.);
#152=ORIENTED_EDGE('',*,*,#1796,.T.);
#153=ORIENTED_EDGE('',*,*,#1797,.T.);
#154=ORIENTED_EDGE('',*,*,#1798,.T.);
#155=ORIENTED_EDGE('',*,*,#1799,.T.);
#156=ORIENTED_EDGE('',*,*,#1800,.T.);
#157=ORIENTED_EDGE('',*,*,#1801,.T.);
#158=ORIENTED_EDGE('',*,*,#1802,.T.);
#159=ORIENTED_EDGE('',*,*,#1803,.T.);
#160=ORIENTED_EDGE('',*,*,#1804,.T.);
#161=ORIENTED_EDGE('',*,*,#1805,.T.);
#162=ORIENTED_EDGE('',*,*,#1806,.T.);
#163=ORIENTED_EDGE('',*,*,#1807,.T.);
#164=ORIENTED_EDGE('',*,*,#1808,.T.);
#165=ORIENTED_EDGE('',*,*,#1809,.T.);
#166=ORIENTED_EDGE('',*,*,#1810,.T.);
#167=ORIENTED_EDGE('',*,*,#1811,.T.);
#168=ORIENTED_EDGE('',*,*,#1812,.T.);
#169=ORIENTED_EDGE('',*,*,#1813,.T.);
#170=ORIENTED_EDGE('',*,*,#1814,.T.);
#171=ORIENTED_EDGE('',*,*,#1815,.T.);
#172=ORIENTED_EDGE('',*,*,#1816,.T.);
#173=ORIENTED_EDGE('',*,*,#1817,.T.);
#174=ORIENTED_EDGE('',*,*,#1818,.T.);
#175=ORIENTED_EDGE('',*,*,#1819,.T.);
#176=ORIENTED_EDGE('',*,*,#1820,.T.);
#177=ORIENTED_EDGE('',*,*,#1821,.F.);
#178=ORIENTED_EDGE('',*,*,#1822,.T.);
#179=ORIENTED_EDGE('',*,*,#1823,.T.);
#180=ORIENTED_EDGE('',*,*,#1824,.T.);
#181=ORIENTED_EDGE('',*,*,#1825,.T.);
#182=ORIENTED_EDGE('',*,*,#1826,.T.);
#183=ORIENTED_EDGE('',*,*,#1827,.T.);
#184=ORIENTED_EDGE('',*,*,#1828,.T.);
#185=ORIENTED_EDGE('',*,*,#1829,.T.);
#186=ORIENTED_EDGE('',*,*,#1830,.T.);
#187=ORIENTED_EDGE('',*,*,#1831,.T.);
#188=ORIENTED_EDGE('',*,*,#1832,.T.);
#189=ORIENTED_EDGE('',*,*,#1833,.T.);
#190=ORIENTED_EDGE('',*,*,#1834,.T.);
#191=ORIENTED_EDGE('',*,*,#1835,.T.);
#192=ORIENTED_EDGE('',*,*,#1836,.T.);
#193=ORIENTED_EDGE('',*,*,#1837,.T.);
#194=ORIENTED_EDGE('',*,*,#1838,.T.);
#195=ORIENTED_EDGE('',*,*,#1839,.T.);
#196=ORIENTED_EDGE('',*,*,#1840,.T.);
#197=ORIENTED_EDGE('',*,*,#1841,.T.);
#198=ORIENTED_EDGE('',*,*,#1842,.T.);
#199=ORIENTED_EDGE('',*,*,#1843,.T.);
#200=ORIENTED_EDGE('',*,*,#1844,.T.);
#201=ORIENTED_EDGE('',*,*,#1845,.T.);
#202=ORIENTED_EDGE('',*,*,#1846,.T.);
#203=ORIENTED_EDGE('',*,*,#1847,.T.);
#204=ORIENTED_EDGE('',*,*,#1848,.T.);
#205=ORIENTED_EDGE('',*,*,#1849,.F.);
#206=ORIENTED_EDGE('',*,*,#1850,.T.);
#207=ORIENTED_EDGE('',*,*,#1851,.T.);
#208=ORIENTED_EDGE('',*,*,#1852,.T.);
#209=ORIENTED_EDGE('',*,*,#1853,.T.);
#210=ORIENTED_EDGE('',*,*,#1854,.T.);
#211=ORIENTED_EDGE('',*,*,#1855,.T.);
#212=ORIENTED_EDGE('',*,*,#1856,.T.);
#213=ORIENTED_EDGE('',*,*,#1857,.T.);
#214=ORIENTED_EDGE('',*,*,#1858,.T.);
#215=ORIENTED_EDGE('',*,*,#1859,.T.);
#216=ORIENTED_EDGE('',*,*,#1860,.T.);
#217=ORIENTED_EDGE('',*,*,#1861,.T.);
#218=ORIENTED_EDGE('',*,*,#1862,.T.);
#219=ORIENTED_EDGE('',*,*,#1863,.T.);
#220=ORIENTED_EDGE('',*,*,#1864,.T.);
#221=ORIENTED_EDGE('',*,*,#1865,.T.);
#222=ORIENTED_EDGE('',*,*,#1866,.T.);
#223=ORIENTED_EDGE('',*,*,#1867,.T.);
#224=ORIENTED_EDGE('',*,*,#1868,.T.);
#225=ORIENTED_EDGE('',*,*,#1869,.T.);
#226=ORIENTED_EDGE('',*,*,#1870,.T.);
#227=ORIENTED_EDGE('',*,*,#1871,.T.);
#228=ORIENTED_EDGE('',*,*,#1872,.T.);
#229=ORIENTED_EDGE('',*,*,#1873,.T.);
#230=ORIENTED_EDGE('',*,*,#1874,.T.);
#231=ORIENTED_EDGE('',*,*,#1875,.T.);
#232=ORIENTED_EDGE('',*,*,#1876,.T.);
#233=ORIENTED_EDGE('',*,*,#1877,.F.);
#234=ORIENTED_EDGE('',*,*,#1878,.T.);
#235=ORIENTED_EDGE('',*,*,#1879,.T.);
#236=ORIENTED_EDGE('',*,*,#1880,.T.);
#237=ORIENTED_EDGE('',*,*,#1881,.T.);
#238=ORIENTED_EDGE('',*,*,#1882,.T.);
#239=ORIENTED_EDGE('',*,*,#1883,.T.);
#240=ORIENTED_EDGE('',*,*,#1884,.T.);
#241=ORIENTED_EDGE('',*,*,#1885,.T.);
#242=ORIENTED_EDGE('',*,*,#1886,.T.);
#243=ORIENTED_EDGE('',*,*,#1887,.T.);
#244=ORIENTED_EDGE('',*,*,#1888,.T.);
#245=ORIENTED_EDGE('',*,*,#1889,.T.);
#246=ORIENTED_EDGE('',*,*,#1890,.T.);
#247=ORIENTED_EDGE('',*,*,#1891,.T.);
#248=ORIENTED_EDGE('',*,*,#1892,.T.);
#249=ORIENTED_EDGE('',*,*,#1893,.T.);
#250=ORIENTED_EDGE('',*,*,#1894,.T.);
#251=ORIENTED_EDGE('',*,*,#1895,.T.);
#252=ORIENTED_EDGE('',*,*,#1896,.T.);
#253=ORIENTED_EDGE('',*,*,#1897,.T.);
#254=ORIENTED_EDGE('',*,*,#1898,.T.);
#255=ORIENTED_EDGE('',*,*,#1899,.T.);
#256=ORIENTED_EDGE('',*,*,#1900,.T.);
#257=ORIENTED_EDGE('',*,*,#1901,.T.);
#258=ORIENTED_EDGE('',*,*,#1902,.T.);
#259=ORIENTED_EDGE('',*,*,#1903,.T.);
#260=ORIENTED_EDGE('',*,*,#1904,.F.);
#261=ORIENTED_EDGE('',*,*,#1905,.T.);
#262=ORIENTED_EDGE('',*,*,#1796,.F.);
#263=ORIENTED_EDGE('',*,*,#1906,.F.);
#264=ORIENTED_EDGE('',*,*,#1907,.T.);
#265=ORIENTED_EDGE('',*,*,#1908,.T.);
#266=ORIENTED_EDGE('',*,*,#1800,.F.);
#267=ORIENTED_EDGE('',*,*,#1909,.T.);
#268=ORIENTED_EDGE('',*,*,#1806,.F.);
#269=ORIENTED_EDGE('',*,*,#1910,.T.);
#270=ORIENTED_EDGE('',*,*,#1911,.F.);
#271=ORIENTED_EDGE('',*,*,#1912,.T.);
#272=ORIENTED_EDGE('',*,*,#1802,.F.);
#273=ORIENTED_EDGE('',*,*,#1913,.F.);
#274=ORIENTED_EDGE('',*,*,#1914,.T.);
#275=ORIENTED_EDGE('',*,*,#1915,.T.);
#276=ORIENTED_EDGE('',*,*,#1916,.F.);
#277=ORIENTED_EDGE('',*,*,#1917,.T.);
#278=ORIENTED_EDGE('',*,*,#1824,.F.);
#279=ORIENTED_EDGE('',*,*,#1918,.F.);
#280=ORIENTED_EDGE('',*,*,#1919,.T.);
#281=ORIENTED_EDGE('',*,*,#1920,.T.);
#282=ORIENTED_EDGE('',*,*,#1828,.F.);
#283=ORIENTED_EDGE('',*,*,#1921,.T.);
#284=ORIENTED_EDGE('',*,*,#1834,.F.);
#285=ORIENTED_EDGE('',*,*,#1922,.T.);
#286=ORIENTED_EDGE('',*,*,#1923,.F.);
#287=ORIENTED_EDGE('',*,*,#1924,.T.);
#288=ORIENTED_EDGE('',*,*,#1830,.F.);
#289=ORIENTED_EDGE('',*,*,#1925,.F.);
#290=ORIENTED_EDGE('',*,*,#1926,.T.);
#291=ORIENTED_EDGE('',*,*,#1927,.T.);
#292=ORIENTED_EDGE('',*,*,#1928,.F.);
#293=ORIENTED_EDGE('',*,*,#1929,.T.);
#294=ORIENTED_EDGE('',*,*,#1852,.F.);
#295=ORIENTED_EDGE('',*,*,#1930,.F.);
#296=ORIENTED_EDGE('',*,*,#1931,.T.);
#297=ORIENTED_EDGE('',*,*,#1932,.T.);
#298=ORIENTED_EDGE('',*,*,#1856,.F.);
#299=ORIENTED_EDGE('',*,*,#1933,.T.);
#300=ORIENTED_EDGE('',*,*,#1862,.F.);
#301=ORIENTED_EDGE('',*,*,#1934,.T.);
#302=ORIENTED_EDGE('',*,*,#1935,.F.);
#303=ORIENTED_EDGE('',*,*,#1936,.T.);
#304=ORIENTED_EDGE('',*,*,#1858,.F.);
#305=ORIENTED_EDGE('',*,*,#1937,.F.);
#306=ORIENTED_EDGE('',*,*,#1938,.T.);
#307=ORIENTED_EDGE('',*,*,#1939,.T.);
#308=ORIENTED_EDGE('',*,*,#1940,.F.);
#309=ORIENTED_EDGE('',*,*,#1941,.T.);
#310=ORIENTED_EDGE('',*,*,#1880,.F.);
#311=ORIENTED_EDGE('',*,*,#1942,.F.);
#312=ORIENTED_EDGE('',*,*,#1943,.T.);
#313=ORIENTED_EDGE('',*,*,#1944,.T.);
#314=ORIENTED_EDGE('',*,*,#1884,.F.);
#315=ORIENTED_EDGE('',*,*,#1945,.T.);
#316=ORIENTED_EDGE('',*,*,#1890,.F.);
#317=ORIENTED_EDGE('',*,*,#1946,.T.);
#318=ORIENTED_EDGE('',*,*,#1947,.F.);
#319=ORIENTED_EDGE('',*,*,#1948,.T.);
#320=ORIENTED_EDGE('',*,*,#1886,.F.);
#321=ORIENTED_EDGE('',*,*,#1949,.F.);
#322=ORIENTED_EDGE('',*,*,#1950,.T.);
#323=ORIENTED_EDGE('',*,*,#1951,.T.);
#324=ORIENTED_EDGE('',*,*,#1952,.F.);
#325=ORIENTED_EDGE('',*,*,#1953,.T.);
#326=ORIENTED_EDGE('',*,*,#1780,.F.);
#327=ORIENTED_EDGE('',*,*,#1954,.F.);
#328=ORIENTED_EDGE('',*,*,#1955,.T.);
#329=ORIENTED_EDGE('',*,*,#1956,.T.);
#330=ORIENTED_EDGE('',*,*,#1784,.F.);
#331=ORIENTED_EDGE('',*,*,#1957,.T.);
#332=ORIENTED_EDGE('',*,*,#1790,.F.);
#333=ORIENTED_EDGE('',*,*,#1958,.T.);
#334=ORIENTED_EDGE('',*,*,#1959,.F.);
#335=ORIENTED_EDGE('',*,*,#1960,.T.);
#336=ORIENTED_EDGE('',*,*,#1786,.F.);
#337=ORIENTED_EDGE('',*,*,#1961,.F.);
#338=ORIENTED_EDGE('',*,*,#1962,.T.);
#339=ORIENTED_EDGE('',*,*,#1963,.T.);
#340=ORIENTED_EDGE('',*,*,#1964,.F.);
#341=ORIENTED_EDGE('',*,*,#1965,.T.);
#342=ORIENTED_EDGE('',*,*,#1808,.F.);
#343=ORIENTED_EDGE('',*,*,#1966,.F.);
#344=ORIENTED_EDGE('',*,*,#1967,.T.);
#345=ORIENTED_EDGE('',*,*,#1968,.T.);
#346=ORIENTED_EDGE('',*,*,#1812,.F.);
#347=ORIENTED_EDGE('',*,*,#1969,.T.);
#348=ORIENTED_EDGE('',*,*,#1818,.F.);
#349=ORIENTED_EDGE('',*,*,#1970,.T.);
#350=ORIENTED_EDGE('',*,*,#1971,.F.);
#351=ORIENTED_EDGE('',*,*,#1972,.T.);
#352=ORIENTED_EDGE('',*,*,#1814,.F.);
#353=ORIENTED_EDGE('',*,*,#1973,.F.);
#354=ORIENTED_EDGE('',*,*,#1974,.T.);
#355=ORIENTED_EDGE('',*,*,#1975,.T.);
#356=ORIENTED_EDGE('',*,*,#1976,.F.);
#357=ORIENTED_EDGE('',*,*,#1977,.T.);
#358=ORIENTED_EDGE('',*,*,#1836,.F.);
#359=ORIENTED_EDGE('',*,*,#1978,.F.);
#360=ORIENTED_EDGE('',*,*,#1979,.T.);
#361=ORIENTED_EDGE('',*,*,#1980,.T.);
#362=ORIENTED_EDGE('',*,*,#1840,.F.);
#363=ORIENTED_EDGE('',*,*,#1981,.T.);
#364=ORIENTED_EDGE('',*,*,#1846,.F.);
#365=ORIENTED_EDGE('',*,*,#1982,.T.);
#366=ORIENTED_EDGE('',*,*,#1983,.F.);
#367=ORIENTED_EDGE('',*,*,#1984,.T.);
#368=ORIENTED_EDGE('',*,*,#1842,.F.);
#369=ORIENTED_EDGE('',*,*,#1985,.F.);
#370=ORIENTED_EDGE('',*,*,#1986,.T.);
#371=ORIENTED_EDGE('',*,*,#1987,.T.);
#372=ORIENTED_EDGE('',*,*,#1988,.F.);
#373=ORIENTED_EDGE('',*,*,#1989,.T.);
#374=ORIENTED_EDGE('',*,*,#1864,.F.);
#375=ORIENTED_EDGE('',*,*,#1990,.F.);
#376=ORIENTED_EDGE('',*,*,#1991,.T.);
#377=ORIENTED_EDGE('',*,*,#1992,.T.);
#378=ORIENTED_EDGE('',*,*,#1868,.F.);
#379=ORIENTED_EDGE('',*,*,#1993,.T.);
#380=ORIENTED_EDGE('',*,*,#1874,.F.);
#381=ORIENTED_EDGE('',*,*,#1994,.T.);
#382=ORIENTED_EDGE('',*,*,#1995,.F.);
#383=ORIENTED_EDGE('',*,*,#1996,.T.);
#384=ORIENTED_EDGE('',*,*,#1870,.F.);
#385=ORIENTED_EDGE('',*,*,#1997,.F.);
#386=ORIENTED_EDGE('',*,*,#1998,.T.);
#387=ORIENTED_EDGE('',*,*,#1999,.T.);
#388=ORIENTED_EDGE('',*,*,#2000,.F.);
#389=ORIENTED_EDGE('',*,*,#2001,.T.);
#390=ORIENTED_EDGE('',*,*,#1892,.F.);
#391=ORIENTED_EDGE('',*,*,#2002,.F.);
#392=ORIENTED_EDGE('',*,*,#2003,.T.);
#393=ORIENTED_EDGE('',*,*,#2004,.T.);
#394=ORIENTED_EDGE('',*,*,#1896,.F.);
#395=ORIENTED_EDGE('',*,*,#2005,.T.);
#396=ORIENTED_EDGE('',*,*,#1902,.F.);
#397=ORIENTED_EDGE('',*,*,#2006,.T.);
#398=ORIENTED_EDGE('',*,*,#2007,.F.);
#399=ORIENTED_EDGE('',*,*,#2008,.T.);
#400=ORIENTED_EDGE('',*,*,#1898,.F.);
#401=ORIENTED_EDGE('',*,*,#2009,.F.);
#402=ORIENTED_EDGE('',*,*,#2010,.T.);
#403=ORIENTED_EDGE('',*,*,#2011,.T.);
#404=ORIENTED_EDGE('',*,*,#2012,.F.);
#405=ORIENTED_EDGE('',*,*,#2013,.T.);
#406=ORIENTED_EDGE('',*,*,#1768,.F.);
#407=ORIENTED_EDGE('',*,*,#2014,.F.);
#408=ORIENTED_EDGE('',*,*,#2015,.T.);
#409=ORIENTED_EDGE('',*,*,#2016,.T.);
#410=ORIENTED_EDGE('',*,*,#1772,.F.);
#411=ORIENTED_EDGE('',*,*,#2017,.T.);
#412=ORIENTED_EDGE('',*,*,#1778,.F.);
#413=ORIENTED_EDGE('',*,*,#2018,.T.);
#414=ORIENTED_EDGE('',*,*,#2019,.F.);
#415=ORIENTED_EDGE('',*,*,#2020,.T.);
#416=ORIENTED_EDGE('',*,*,#1774,.F.);
#417=ORIENTED_EDGE('',*,*,#2021,.F.);
#418=ORIENTED_EDGE('',*,*,#2022,.T.);
#419=ORIENTED_EDGE('',*,*,#2023,.T.);
#420=ORIENTED_EDGE('',*,*,#2024,.T.);
#421=ORIENTED_EDGE('',*,*,#2025,.T.);
#422=ORIENTED_EDGE('',*,*,#2026,.T.);
#423=ORIENTED_EDGE('',*,*,#2027,.T.);
#424=ORIENTED_EDGE('',*,*,#2028,.T.);
#425=ORIENTED_EDGE('',*,*,#2029,.T.);
#426=ORIENTED_EDGE('',*,*,#2003,.F.);
#427=ORIENTED_EDGE('',*,*,#2030,.F.);
#428=ORIENTED_EDGE('',*,*,#2010,.F.);
#429=ORIENTED_EDGE('',*,*,#2031,.F.);
#430=ORIENTED_EDGE('',*,*,#2032,.T.);
#431=ORIENTED_EDGE('',*,*,#2033,.T.);
#432=ORIENTED_EDGE('',*,*,#2034,.T.);
#433=ORIENTED_EDGE('',*,*,#2035,.T.);
#434=ORIENTED_EDGE('',*,*,#2036,.T.);
#435=ORIENTED_EDGE('',*,*,#2037,.T.);
#436=ORIENTED_EDGE('',*,*,#1991,.F.);
#437=ORIENTED_EDGE('',*,*,#2038,.F.);
#438=ORIENTED_EDGE('',*,*,#1998,.F.);
#439=ORIENTED_EDGE('',*,*,#2039,.F.);
#440=ORIENTED_EDGE('',*,*,#2040,.T.);
#441=ORIENTED_EDGE('',*,*,#2041,.T.);
#442=ORIENTED_EDGE('',*,*,#2042,.T.);
#443=ORIENTED_EDGE('',*,*,#2043,.T.);
#444=ORIENTED_EDGE('',*,*,#2044,.T.);
#445=ORIENTED_EDGE('',*,*,#2045,.T.);
#446=ORIENTED_EDGE('',*,*,#1979,.F.);
#447=ORIENTED_EDGE('',*,*,#2046,.F.);
#448=ORIENTED_EDGE('',*,*,#1986,.F.);
#449=ORIENTED_EDGE('',*,*,#2047,.F.);
#450=ORIENTED_EDGE('',*,*,#2048,.T.);
#451=ORIENTED_EDGE('',*,*,#2049,.T.);
#452=ORIENTED_EDGE('',*,*,#2050,.T.);
#453=ORIENTED_EDGE('',*,*,#2051,.T.);
#454=ORIENTED_EDGE('',*,*,#2052,.T.);
#455=ORIENTED_EDGE('',*,*,#2053,.T.);
#456=ORIENTED_EDGE('',*,*,#1967,.F.);
#457=ORIENTED_EDGE('',*,*,#2054,.F.);
#458=ORIENTED_EDGE('',*,*,#1974,.F.);
#459=ORIENTED_EDGE('',*,*,#2055,.F.);
#460=ORIENTED_EDGE('',*,*,#2056,.T.);
#461=ORIENTED_EDGE('',*,*,#2057,.T.);
#462=ORIENTED_EDGE('',*,*,#2058,.T.);
#463=ORIENTED_EDGE('',*,*,#2059,.T.);
#464=ORIENTED_EDGE('',*,*,#1955,.F.);
#465=ORIENTED_EDGE('',*,*,#2060,.F.);
#466=ORIENTED_EDGE('',*,*,#1962,.F.);
#467=ORIENTED_EDGE('',*,*,#2061,.F.);
#468=ORIENTED_EDGE('',*,*,#2062,.T.);
#469=ORIENTED_EDGE('',*,*,#2063,.T.);
#470=ORIENTED_EDGE('',*,*,#2064,.T.);
#471=ORIENTED_EDGE('',*,*,#2065,.T.);
#472=ORIENTED_EDGE('',*,*,#1943,.F.);
#473=ORIENTED_EDGE('',*,*,#2066,.F.);
#474=ORIENTED_EDGE('',*,*,#1950,.F.);
#475=ORIENTED_EDGE('',*,*,#2067,.F.);
#476=ORIENTED_EDGE('',*,*,#2068,.T.);
#477=ORIENTED_EDGE('',*,*,#2069,.T.);
#478=ORIENTED_EDGE('',*,*,#2070,.T.);
#479=ORIENTED_EDGE('',*,*,#2071,.T.);
#480=ORIENTED_EDGE('',*,*,#1931,.F.);
#481=ORIENTED_EDGE('',*,*,#2072,.F.);
#482=ORIENTED_EDGE('',*,*,#1938,.F.);
#483=ORIENTED_EDGE('',*,*,#2073,.F.);
#484=ORIENTED_EDGE('',*,*,#2074,.T.);
#485=ORIENTED_EDGE('',*,*,#2075,.T.);
#486=ORIENTED_EDGE('',*,*,#2076,.T.);
#487=ORIENTED_EDGE('',*,*,#2077,.T.);
#488=ORIENTED_EDGE('',*,*,#1919,.F.);
#489=ORIENTED_EDGE('',*,*,#2078,.F.);
#490=ORIENTED_EDGE('',*,*,#1926,.F.);
#491=ORIENTED_EDGE('',*,*,#2079,.F.);
#492=ORIENTED_EDGE('',*,*,#2080,.T.);
#493=ORIENTED_EDGE('',*,*,#2081,.T.);
#494=ORIENTED_EDGE('',*,*,#2082,.T.);
#495=ORIENTED_EDGE('',*,*,#2083,.T.);
#496=ORIENTED_EDGE('',*,*,#1907,.F.);
#497=ORIENTED_EDGE('',*,*,#2084,.F.);
#498=ORIENTED_EDGE('',*,*,#1914,.F.);
#499=ORIENTED_EDGE('',*,*,#2085,.F.);
#500=ORIENTED_EDGE('',*,*,#2086,.T.);
#501=ORIENTED_EDGE('',*,*,#2087,.T.);
#502=ORIENTED_EDGE('',*,*,#2088,.T.);
#503=ORIENTED_EDGE('',*,*,#2089,.T.);
#504=ORIENTED_EDGE('',*,*,#2090,.T.);
#505=ORIENTED_EDGE('',*,*,#2091,.T.);
#506=ORIENTED_EDGE('',*,*,#2015,.F.);
#507=ORIENTED_EDGE('',*,*,#2092,.F.);
#508=ORIENTED_EDGE('',*,*,#2022,.F.);
#509=ORIENTED_EDGE('',*,*,#2093,.F.);
#510=ORIENTED_EDGE('',*,*,#2094,.T.);
#511=ORIENTED_EDGE('',*,*,#2095,.T.);
#512=ORIENTED_EDGE('',*,*,#2096,.T.);
#513=ORIENTED_EDGE('',*,*,#2097,.T.);
#514=ORIENTED_EDGE('',*,*,#2098,.F.);
#515=ORIENTED_EDGE('',*,*,#2099,.F.);
#516=ORIENTED_EDGE('',*,*,#2100,.F.);
#517=ORIENTED_EDGE('',*,*,#2101,.F.);
#518=ORIENTED_EDGE('',*,*,#2102,.F.);
#519=ORIENTED_EDGE('',*,*,#2103,.F.);
#520=ORIENTED_EDGE('',*,*,#2104,.F.);
#521=ORIENTED_EDGE('',*,*,#2105,.F.);
#522=ORIENTED_EDGE('',*,*,#2106,.F.);
#523=ORIENTED_EDGE('',*,*,#2107,.F.);
#524=ORIENTED_EDGE('',*,*,#2108,.F.);
#525=ORIENTED_EDGE('',*,*,#2109,.F.);
#526=ORIENTED_EDGE('',*,*,#2110,.F.);
#527=ORIENTED_EDGE('',*,*,#2111,.F.);
#528=ORIENTED_EDGE('',*,*,#2112,.F.);
#529=ORIENTED_EDGE('',*,*,#2113,.F.);
#530=ORIENTED_EDGE('',*,*,#2114,.F.);
#531=ORIENTED_EDGE('',*,*,#2115,.F.);
#532=ORIENTED_EDGE('',*,*,#2116,.F.);
#533=ORIENTED_EDGE('',*,*,#2117,.F.);
#534=ORIENTED_EDGE('',*,*,#2118,.F.);
#535=ORIENTED_EDGE('',*,*,#2119,.F.);
#536=ORIENTED_EDGE('',*,*,#2120,.F.);
#537=ORIENTED_EDGE('',*,*,#2121,.F.);
#538=ORIENTED_EDGE('',*,*,#2122,.F.);
#539=ORIENTED_EDGE('',*,*,#2123,.F.);
#540=ORIENTED_EDGE('',*,*,#2124,.F.);
#541=ORIENTED_EDGE('',*,*,#2125,.F.);
#542=ORIENTED_EDGE('',*,*,#2126,.F.);
#543=ORIENTED_EDGE('',*,*,#2127,.F.);
#544=ORIENTED_EDGE('',*,*,#2128,.F.);
#545=ORIENTED_EDGE('',*,*,#2129,.F.);
#546=ORIENTED_EDGE('',*,*,#2130,.F.);
#547=ORIENTED_EDGE('',*,*,#2131,.F.);
#548=ORIENTED_EDGE('',*,*,#2132,.F.);
#549=ORIENTED_EDGE('',*,*,#2133,.F.);
#550=ORIENTED_EDGE('',*,*,#2134,.F.);
#551=ORIENTED_EDGE('',*,*,#2135,.F.);
#552=ORIENTED_EDGE('',*,*,#2136,.F.);
#553=ORIENTED_EDGE('',*,*,#2137,.F.);
#554=ORIENTED_EDGE('',*,*,#2138,.F.);
#555=ORIENTED_EDGE('',*,*,#2139,.F.);
#556=ORIENTED_EDGE('',*,*,#2140,.F.);
#557=ORIENTED_EDGE('',*,*,#2141,.F.);
#558=ORIENTED_EDGE('',*,*,#2142,.F.);
#559=ORIENTED_EDGE('',*,*,#2143,.F.);
#560=ORIENTED_EDGE('',*,*,#2144,.F.);
#561=ORIENTED_EDGE('',*,*,#2145,.F.);
#562=ORIENTED_EDGE('',*,*,#2146,.F.);
#563=ORIENTED_EDGE('',*,*,#2147,.F.);
#564=ORIENTED_EDGE('',*,*,#2148,.F.);
#565=ORIENTED_EDGE('',*,*,#1876,.F.);
#566=ORIENTED_EDGE('',*,*,#2149,.F.);
#567=ORIENTED_EDGE('',*,*,#2150,.T.);
#568=ORIENTED_EDGE('',*,*,#2151,.F.);
#569=ORIENTED_EDGE('',*,*,#1848,.F.);
#570=ORIENTED_EDGE('',*,*,#2152,.F.);
#571=ORIENTED_EDGE('',*,*,#2153,.T.);
#572=ORIENTED_EDGE('',*,*,#2154,.F.);
#573=ORIENTED_EDGE('',*,*,#1820,.F.);
#574=ORIENTED_EDGE('',*,*,#2155,.F.);
#575=ORIENTED_EDGE('',*,*,#2156,.T.);
#576=ORIENTED_EDGE('',*,*,#2157,.F.);
#577=ORIENTED_EDGE('',*,*,#1792,.F.);
#578=ORIENTED_EDGE('',*,*,#2158,.F.);
#579=ORIENTED_EDGE('',*,*,#2159,.T.);
#580=ORIENTED_EDGE('',*,*,#2160,.F.);
#581=ORIENTED_EDGE('',*,*,#1764,.F.);
#582=ORIENTED_EDGE('',*,*,#2161,.F.);
#583=ORIENTED_EDGE('',*,*,#2162,.T.);
#584=ORIENTED_EDGE('',*,*,#2163,.F.);
#585=ORIENTED_EDGE('',*,*,#2094,.F.);
#586=ORIENTED_EDGE('',*,*,#2164,.T.);
#587=ORIENTED_EDGE('',*,*,#2165,.T.);
#588=ORIENTED_EDGE('',*,*,#2166,.F.);
#589=ORIENTED_EDGE('',*,*,#2167,.T.);
#590=ORIENTED_EDGE('',*,*,#2168,.F.);
#591=ORIENTED_EDGE('',*,*,#2096,.F.);
#592=ORIENTED_EDGE('',*,*,#2169,.T.);
#593=ORIENTED_EDGE('',*,*,#2170,.T.);
#594=ORIENTED_EDGE('',*,*,#2171,.F.);
#595=ORIENTED_EDGE('',*,*,#1766,.F.);
#596=ORIENTED_EDGE('',*,*,#2172,.F.);
#597=ORIENTED_EDGE('',*,*,#2173,.T.);
#598=ORIENTED_EDGE('',*,*,#2174,.F.);
#599=ORIENTED_EDGE('',*,*,#1794,.F.);
#600=ORIENTED_EDGE('',*,*,#2175,.F.);
#601=ORIENTED_EDGE('',*,*,#2176,.T.);
#602=ORIENTED_EDGE('',*,*,#2177,.F.);
#603=ORIENTED_EDGE('',*,*,#1822,.F.);
#604=ORIENTED_EDGE('',*,*,#2178,.F.);
#605=ORIENTED_EDGE('',*,*,#2179,.T.);
#606=ORIENTED_EDGE('',*,*,#2180,.F.);
#607=ORIENTED_EDGE('',*,*,#1850,.F.);
#608=ORIENTED_EDGE('',*,*,#2181,.F.);
#609=ORIENTED_EDGE('',*,*,#2182,.T.);
#610=ORIENTED_EDGE('',*,*,#2183,.F.);
#611=ORIENTED_EDGE('',*,*,#1878,.F.);
#612=ORIENTED_EDGE('',*,*,#2184,.F.);
#613=ORIENTED_EDGE('',*,*,#2170,.F.);
#614=ORIENTED_EDGE('',*,*,#2185,.F.);
#615=ORIENTED_EDGE('',*,*,#2162,.F.);
#616=ORIENTED_EDGE('',*,*,#2186,.F.);
#617=ORIENTED_EDGE('',*,*,#2165,.F.);
#618=ORIENTED_EDGE('',*,*,#2187,.F.);
#619=ORIENTED_EDGE('',*,*,#2167,.F.);
#620=ORIENTED_EDGE('',*,*,#2188,.F.);
#621=ORIENTED_EDGE('',*,*,#2182,.F.);
#622=ORIENTED_EDGE('',*,*,#2189,.F.);
#623=ORIENTED_EDGE('',*,*,#2150,.F.);
#624=ORIENTED_EDGE('',*,*,#2190,.F.);
#625=ORIENTED_EDGE('',*,*,#2179,.F.);
#626=ORIENTED_EDGE('',*,*,#2191,.F.);
#627=ORIENTED_EDGE('',*,*,#2153,.F.);
#628=ORIENTED_EDGE('',*,*,#2192,.F.);
#629=ORIENTED_EDGE('',*,*,#2176,.F.);
#630=ORIENTED_EDGE('',*,*,#2193,.F.);
#631=ORIENTED_EDGE('',*,*,#2156,.F.);
#632=ORIENTED_EDGE('',*,*,#2194,.F.);
#633=ORIENTED_EDGE('',*,*,#2173,.F.);
#634=ORIENTED_EDGE('',*,*,#2195,.F.);
#635=ORIENTED_EDGE('',*,*,#2159,.F.);
#636=ORIENTED_EDGE('',*,*,#2185,.T.);
#637=ORIENTED_EDGE('',*,*,#2169,.F.);
#638=ORIENTED_EDGE('',*,*,#2095,.F.);
#639=ORIENTED_EDGE('',*,*,#2163,.T.);
#640=ORIENTED_EDGE('',*,*,#2187,.T.);
#641=ORIENTED_EDGE('',*,*,#2164,.F.);
#642=ORIENTED_EDGE('',*,*,#2097,.F.);
#643=ORIENTED_EDGE('',*,*,#2168,.T.);
#644=ORIENTED_EDGE('',*,*,#2160,.T.);
#645=ORIENTED_EDGE('',*,*,#2195,.T.);
#646=ORIENTED_EDGE('',*,*,#2172,.T.);
#647=ORIENTED_EDGE('',*,*,#1765,.T.);
#648=ORIENTED_EDGE('',*,*,#2161,.T.);
#649=ORIENTED_EDGE('',*,*,#1767,.F.);
#650=ORIENTED_EDGE('',*,*,#2171,.T.);
#651=ORIENTED_EDGE('',*,*,#2184,.T.);
#652=ORIENTED_EDGE('',*,*,#2157,.T.);
#653=ORIENTED_EDGE('',*,*,#2193,.T.);
#654=ORIENTED_EDGE('',*,*,#2175,.T.);
#655=ORIENTED_EDGE('',*,*,#1793,.T.);
#656=ORIENTED_EDGE('',*,*,#2158,.T.);
#657=ORIENTED_EDGE('',*,*,#1795,.F.);
#658=ORIENTED_EDGE('',*,*,#2174,.T.);
#659=ORIENTED_EDGE('',*,*,#2194,.T.);
#660=ORIENTED_EDGE('',*,*,#2154,.T.);
#661=ORIENTED_EDGE('',*,*,#2191,.T.);
#662=ORIENTED_EDGE('',*,*,#2178,.T.);
#663=ORIENTED_EDGE('',*,*,#1821,.T.);
#664=ORIENTED_EDGE('',*,*,#2155,.T.);
#665=ORIENTED_EDGE('',*,*,#1823,.F.);
#666=ORIENTED_EDGE('',*,*,#2177,.T.);
#667=ORIENTED_EDGE('',*,*,#2192,.T.);
#668=ORIENTED_EDGE('',*,*,#2151,.T.);
#669=ORIENTED_EDGE('',*,*,#2189,.T.);
#670=ORIENTED_EDGE('',*,*,#2181,.T.);
#671=ORIENTED_EDGE('',*,*,#1849,.T.);
#672=ORIENTED_EDGE('',*,*,#2152,.T.);
#673=ORIENTED_EDGE('',*,*,#1851,.F.);
#674=ORIENTED_EDGE('',*,*,#2180,.T.);
#675=ORIENTED_EDGE('',*,*,#2190,.T.);
#676=ORIENTED_EDGE('',*,*,#2148,.T.);
#677=ORIENTED_EDGE('',*,*,#2186,.T.);
#678=ORIENTED_EDGE('',*,*,#2166,.T.);
#679=ORIENTED_EDGE('',*,*,#1877,.T.);
#680=ORIENTED_EDGE('',*,*,#2149,.T.);
#681=ORIENTED_EDGE('',*,*,#1879,.F.);
#682=ORIENTED_EDGE('',*,*,#2183,.T.);
#683=ORIENTED_EDGE('',*,*,#2188,.T.);
#684=ORIENTED_EDGE('',*,*,#2099,.T.);
#685=ORIENTED_EDGE('',*,*,#2196,.F.);
#686=ORIENTED_EDGE('',*,*,#2086,.F.);
#687=ORIENTED_EDGE('',*,*,#2197,.T.);
#688=ORIENTED_EDGE('',*,*,#2098,.T.);
#689=ORIENTED_EDGE('',*,*,#2198,.F.);
#690=ORIENTED_EDGE('',*,*,#2087,.F.);
#691=ORIENTED_EDGE('',*,*,#2196,.T.);
#692=ORIENTED_EDGE('',*,*,#2103,.T.);
#693=ORIENTED_EDGE('',*,*,#2199,.F.);
#694=ORIENTED_EDGE('',*,*,#2088,.F.);
#695=ORIENTED_EDGE('',*,*,#2198,.T.);
#696=ORIENTED_EDGE('',*,*,#2102,.T.);
#697=ORIENTED_EDGE('',*,*,#2200,.F.);
#698=ORIENTED_EDGE('',*,*,#2089,.F.);
#699=ORIENTED_EDGE('',*,*,#2199,.T.);
#700=ORIENTED_EDGE('',*,*,#2101,.T.);
#701=ORIENTED_EDGE('',*,*,#2201,.F.);
#702=ORIENTED_EDGE('',*,*,#2090,.F.);
#703=ORIENTED_EDGE('',*,*,#2200,.T.);
#704=ORIENTED_EDGE('',*,*,#2100,.T.);
#705=ORIENTED_EDGE('',*,*,#2197,.F.);
#706=ORIENTED_EDGE('',*,*,#2091,.F.);
#707=ORIENTED_EDGE('',*,*,#2201,.T.);
#708=ORIENTED_EDGE('',*,*,#2105,.T.);
#709=ORIENTED_EDGE('',*,*,#2202,.F.);
#710=ORIENTED_EDGE('',*,*,#2024,.F.);
#711=ORIENTED_EDGE('',*,*,#2203,.T.);
#712=ORIENTED_EDGE('',*,*,#2104,.T.);
#713=ORIENTED_EDGE('',*,*,#2204,.F.);
#714=ORIENTED_EDGE('',*,*,#2025,.F.);
#715=ORIENTED_EDGE('',*,*,#2202,.T.);
#716=ORIENTED_EDGE('',*,*,#2109,.T.);
#717=ORIENTED_EDGE('',*,*,#2205,.F.);
#718=ORIENTED_EDGE('',*,*,#2026,.F.);
#719=ORIENTED_EDGE('',*,*,#2204,.T.);
#720=ORIENTED_EDGE('',*,*,#2108,.T.);
#721=ORIENTED_EDGE('',*,*,#2206,.F.);
#722=ORIENTED_EDGE('',*,*,#2027,.F.);
#723=ORIENTED_EDGE('',*,*,#2205,.T.);
#724=ORIENTED_EDGE('',*,*,#2107,.T.);
#725=ORIENTED_EDGE('',*,*,#2207,.F.);
#726=ORIENTED_EDGE('',*,*,#2028,.F.);
#727=ORIENTED_EDGE('',*,*,#2206,.T.);
#728=ORIENTED_EDGE('',*,*,#2106,.T.);
#729=ORIENTED_EDGE('',*,*,#2203,.F.);
#730=ORIENTED_EDGE('',*,*,#2029,.F.);
#731=ORIENTED_EDGE('',*,*,#2207,.T.);
#732=ORIENTED_EDGE('',*,*,#2111,.T.);
#733=ORIENTED_EDGE('',*,*,#2208,.F.);
#734=ORIENTED_EDGE('',*,*,#2032,.F.);
#735=ORIENTED_EDGE('',*,*,#2209,.T.);
#736=ORIENTED_EDGE('',*,*,#2110,.T.);
#737=ORIENTED_EDGE('',*,*,#2210,.F.);
#738=ORIENTED_EDGE('',*,*,#2033,.F.);
#739=ORIENTED_EDGE('',*,*,#2208,.T.);
#740=ORIENTED_EDGE('',*,*,#2115,.T.);
#741=ORIENTED_EDGE('',*,*,#2211,.F.);
#742=ORIENTED_EDGE('',*,*,#2034,.F.);
#743=ORIENTED_EDGE('',*,*,#2210,.T.);
#744=ORIENTED_EDGE('',*,*,#2114,.T.);
#745=ORIENTED_EDGE('',*,*,#2212,.F.);
#746=ORIENTED_EDGE('',*,*,#2035,.F.);
#747=ORIENTED_EDGE('',*,*,#2211,.T.);
#748=ORIENTED_EDGE('',*,*,#2113,.T.);
#749=ORIENTED_EDGE('',*,*,#2213,.F.);
#750=ORIENTED_EDGE('',*,*,#2036,.F.);
#751=ORIENTED_EDGE('',*,*,#2212,.T.);
#752=ORIENTED_EDGE('',*,*,#2112,.T.);
#753=ORIENTED_EDGE('',*,*,#2209,.F.);
#754=ORIENTED_EDGE('',*,*,#2037,.F.);
#755=ORIENTED_EDGE('',*,*,#2213,.T.);
#756=ORIENTED_EDGE('',*,*,#2117,.T.);
#757=ORIENTED_EDGE('',*,*,#2214,.F.);
#758=ORIENTED_EDGE('',*,*,#2040,.F.);
#759=ORIENTED_EDGE('',*,*,#2215,.T.);
#760=ORIENTED_EDGE('',*,*,#2116,.T.);
#761=ORIENTED_EDGE('',*,*,#2216,.F.);
#762=ORIENTED_EDGE('',*,*,#2041,.F.);
#763=ORIENTED_EDGE('',*,*,#2214,.T.);
#764=ORIENTED_EDGE('',*,*,#2121,.T.);
#765=ORIENTED_EDGE('',*,*,#2217,.F.);
#766=ORIENTED_EDGE('',*,*,#2042,.F.);
#767=ORIENTED_EDGE('',*,*,#2216,.T.);
#768=ORIENTED_EDGE('',*,*,#2120,.T.);
#769=ORIENTED_EDGE('',*,*,#2218,.F.);
#770=ORIENTED_EDGE('',*,*,#2043,.F.);
#771=ORIENTED_EDGE('',*,*,#2217,.T.);
#772=ORIENTED_EDGE('',*,*,#2119,.T.);
#773=ORIENTED_EDGE('',*,*,#2219,.F.);
#774=ORIENTED_EDGE('',*,*,#2044,.F.);
#775=ORIENTED_EDGE('',*,*,#2218,.T.);
#776=ORIENTED_EDGE('',*,*,#2118,.T.);
#777=ORIENTED_EDGE('',*,*,#2215,.F.);
#778=ORIENTED_EDGE('',*,*,#2045,.F.);
#779=ORIENTED_EDGE('',*,*,#2219,.T.);
#780=ORIENTED_EDGE('',*,*,#2123,.T.);
#781=ORIENTED_EDGE('',*,*,#2220,.F.);
#782=ORIENTED_EDGE('',*,*,#2048,.F.);
#783=ORIENTED_EDGE('',*,*,#2221,.T.);
#784=ORIENTED_EDGE('',*,*,#2122,.T.);
#785=ORIENTED_EDGE('',*,*,#2222,.F.);
#786=ORIENTED_EDGE('',*,*,#2049,.F.);
#787=ORIENTED_EDGE('',*,*,#2220,.T.);
#788=ORIENTED_EDGE('',*,*,#2127,.T.);
#789=ORIENTED_EDGE('',*,*,#2223,.F.);
#790=ORIENTED_EDGE('',*,*,#2050,.F.);
#791=ORIENTED_EDGE('',*,*,#2222,.T.);
#792=ORIENTED_EDGE('',*,*,#2126,.T.);
#793=ORIENTED_EDGE('',*,*,#2224,.F.);
#794=ORIENTED_EDGE('',*,*,#2051,.F.);
#795=ORIENTED_EDGE('',*,*,#2223,.T.);
#796=ORIENTED_EDGE('',*,*,#2125,.T.);
#797=ORIENTED_EDGE('',*,*,#2225,.F.);
#798=ORIENTED_EDGE('',*,*,#2052,.F.);
#799=ORIENTED_EDGE('',*,*,#2224,.T.);
#800=ORIENTED_EDGE('',*,*,#2124,.T.);
#801=ORIENTED_EDGE('',*,*,#2221,.F.);
#802=ORIENTED_EDGE('',*,*,#2053,.F.);
#803=ORIENTED_EDGE('',*,*,#2225,.T.);
#804=ORIENTED_EDGE('',*,*,#2129,.T.);
#805=ORIENTED_EDGE('',*,*,#2226,.F.);
#806=ORIENTED_EDGE('',*,*,#2056,.F.);
#807=ORIENTED_EDGE('',*,*,#2227,.T.);
#808=ORIENTED_EDGE('',*,*,#2128,.T.);
#809=ORIENTED_EDGE('',*,*,#2228,.F.);
#810=ORIENTED_EDGE('',*,*,#2057,.F.);
#811=ORIENTED_EDGE('',*,*,#2226,.T.);
#812=ORIENTED_EDGE('',*,*,#2131,.T.);
#813=ORIENTED_EDGE('',*,*,#2229,.F.);
#814=ORIENTED_EDGE('',*,*,#2058,.F.);
#815=ORIENTED_EDGE('',*,*,#2228,.T.);
#816=ORIENTED_EDGE('',*,*,#2130,.T.);
#817=ORIENTED_EDGE('',*,*,#2227,.F.);
#818=ORIENTED_EDGE('',*,*,#2059,.F.);
#819=ORIENTED_EDGE('',*,*,#2229,.T.);
#820=ORIENTED_EDGE('',*,*,#2133,.T.);
#821=ORIENTED_EDGE('',*,*,#2230,.F.);
#822=ORIENTED_EDGE('',*,*,#2062,.F.);
#823=ORIENTED_EDGE('',*,*,#2231,.T.);
#824=ORIENTED_EDGE('',*,*,#2132,.T.);
#825=ORIENTED_EDGE('',*,*,#2232,.F.);
#826=ORIENTED_EDGE('',*,*,#2063,.F.);
#827=ORIENTED_EDGE('',*,*,#2230,.T.);
#828=ORIENTED_EDGE('',*,*,#2135,.T.);
#829=ORIENTED_EDGE('',*,*,#2233,.F.);
#830=ORIENTED_EDGE('',*,*,#2064,.F.);
#831=ORIENTED_EDGE('',*,*,#2232,.T.);
#832=ORIENTED_EDGE('',*,*,#2134,.T.);
#833=ORIENTED_EDGE('',*,*,#2231,.F.);
#834=ORIENTED_EDGE('',*,*,#2065,.F.);
#835=ORIENTED_EDGE('',*,*,#2233,.T.);
#836=ORIENTED_EDGE('',*,*,#2137,.T.);
#837=ORIENTED_EDGE('',*,*,#2234,.F.);
#838=ORIENTED_EDGE('',*,*,#2068,.F.);
#839=ORIENTED_EDGE('',*,*,#2235,.T.);
#840=ORIENTED_EDGE('',*,*,#2136,.T.);
#841=ORIENTED_EDGE('',*,*,#2236,.F.);
#842=ORIENTED_EDGE('',*,*,#2069,.F.);
#843=ORIENTED_EDGE('',*,*,#2234,.T.);
#844=ORIENTED_EDGE('',*,*,#2139,.T.);
#845=ORIENTED_EDGE('',*,*,#2237,.F.);
#846=ORIENTED_EDGE('',*,*,#2070,.F.);
#847=ORIENTED_EDGE('',*,*,#2236,.T.);
#848=ORIENTED_EDGE('',*,*,#2138,.T.);
#849=ORIENTED_EDGE('',*,*,#2235,.F.);
#850=ORIENTED_EDGE('',*,*,#2071,.F.);
#851=ORIENTED_EDGE('',*,*,#2237,.T.);
#852=ORIENTED_EDGE('',*,*,#2141,.T.);
#853=ORIENTED_EDGE('',*,*,#2238,.F.);
#854=ORIENTED_EDGE('',*,*,#2074,.F.);
#855=ORIENTED_EDGE('',*,*,#2239,.T.);
#856=ORIENTED_EDGE('',*,*,#2140,.T.);
#857=ORIENTED_EDGE('',*,*,#2240,.F.);
#858=ORIENTED_EDGE('',*,*,#2075,.F.);
#859=ORIENTED_EDGE('',*,*,#2238,.T.);
#860=ORIENTED_EDGE('',*,*,#2143,.T.);
#861=ORIENTED_EDGE('',*,*,#2241,.F.);
#862=ORIENTED_EDGE('',*,*,#2076,.F.);
#863=ORIENTED_EDGE('',*,*,#2240,.T.);
#864=ORIENTED_EDGE('',*,*,#2142,.T.);
#865=ORIENTED_EDGE('',*,*,#2239,.F.);
#866=ORIENTED_EDGE('',*,*,#2077,.F.);
#867=ORIENTED_EDGE('',*,*,#2241,.T.);
#868=ORIENTED_EDGE('',*,*,#2145,.T.);
#869=ORIENTED_EDGE('',*,*,#2242,.F.);
#870=ORIENTED_EDGE('',*,*,#2080,.F.);
#871=ORIENTED_EDGE('',*,*,#2243,.T.);
#872=ORIENTED_EDGE('',*,*,#2144,.T.);
#873=ORIENTED_EDGE('',*,*,#2244,.F.);
#874=ORIENTED_EDGE('',*,*,#2081,.F.);
#875=ORIENTED_EDGE('',*,*,#2242,.T.);
#876=ORIENTED_EDGE('',*,*,#2147,.T.);
#877=ORIENTED_EDGE('',*,*,#2245,.F.);
#878=ORIENTED_EDGE('',*,*,#2082,.F.);
#879=ORIENTED_EDGE('',*,*,#2244,.T.);
#880=ORIENTED_EDGE('',*,*,#2146,.T.);
#881=ORIENTED_EDGE('',*,*,#2243,.F.);
#882=ORIENTED_EDGE('',*,*,#2083,.F.);
#883=ORIENTED_EDGE('',*,*,#2245,.T.);
#884=ORIENTED_EDGE('',*,*,#2023,.F.);
#885=ORIENTED_EDGE('',*,*,#2092,.T.);
#886=ORIENTED_EDGE('',*,*,#2014,.T.);
#887=ORIENTED_EDGE('',*,*,#1779,.F.);
#888=ORIENTED_EDGE('',*,*,#2016,.F.);
#889=ORIENTED_EDGE('',*,*,#2093,.T.);
#890=ORIENTED_EDGE('',*,*,#2021,.T.);
#891=ORIENTED_EDGE('',*,*,#1773,.F.);
#892=ORIENTED_EDGE('',*,*,#1915,.F.);
#893=ORIENTED_EDGE('',*,*,#2084,.T.);
#894=ORIENTED_EDGE('',*,*,#1906,.T.);
#895=ORIENTED_EDGE('',*,*,#1807,.F.);
#896=ORIENTED_EDGE('',*,*,#1908,.F.);
#897=ORIENTED_EDGE('',*,*,#2085,.T.);
#898=ORIENTED_EDGE('',*,*,#1913,.T.);
#899=ORIENTED_EDGE('',*,*,#1801,.F.);
#900=ORIENTED_EDGE('',*,*,#1927,.F.);
#901=ORIENTED_EDGE('',*,*,#2078,.T.);
#902=ORIENTED_EDGE('',*,*,#1918,.T.);
#903=ORIENTED_EDGE('',*,*,#1835,.F.);
#904=ORIENTED_EDGE('',*,*,#1920,.F.);
#905=ORIENTED_EDGE('',*,*,#2079,.T.);
#906=ORIENTED_EDGE('',*,*,#1925,.T.);
#907=ORIENTED_EDGE('',*,*,#1829,.F.);
#908=ORIENTED_EDGE('',*,*,#1939,.F.);
#909=ORIENTED_EDGE('',*,*,#2072,.T.);
#910=ORIENTED_EDGE('',*,*,#1930,.T.);
#911=ORIENTED_EDGE('',*,*,#1863,.F.);
#912=ORIENTED_EDGE('',*,*,#1932,.F.);
#913=ORIENTED_EDGE('',*,*,#2073,.T.);
#914=ORIENTED_EDGE('',*,*,#1937,.T.);
#915=ORIENTED_EDGE('',*,*,#1857,.F.);
#916=ORIENTED_EDGE('',*,*,#1951,.F.);
#917=ORIENTED_EDGE('',*,*,#2066,.T.);
#918=ORIENTED_EDGE('',*,*,#1942,.T.);
#919=ORIENTED_EDGE('',*,*,#1891,.F.);
#920=ORIENTED_EDGE('',*,*,#1944,.F.);
#921=ORIENTED_EDGE('',*,*,#2067,.T.);
#922=ORIENTED_EDGE('',*,*,#1949,.T.);
#923=ORIENTED_EDGE('',*,*,#1885,.F.);
#924=ORIENTED_EDGE('',*,*,#1963,.F.);
#925=ORIENTED_EDGE('',*,*,#2060,.T.);
#926=ORIENTED_EDGE('',*,*,#1954,.T.);
#927=ORIENTED_EDGE('',*,*,#1791,.F.);
#928=ORIENTED_EDGE('',*,*,#1956,.F.);
#929=ORIENTED_EDGE('',*,*,#2061,.T.);
#930=ORIENTED_EDGE('',*,*,#1961,.T.);
#931=ORIENTED_EDGE('',*,*,#1785,.F.);
#932=ORIENTED_EDGE('',*,*,#1975,.F.);
#933=ORIENTED_EDGE('',*,*,#2054,.T.);
#934=ORIENTED_EDGE('',*,*,#1966,.T.);
#935=ORIENTED_EDGE('',*,*,#1819,.F.);
#936=ORIENTED_EDGE('',*,*,#1968,.F.);
#937=ORIENTED_EDGE('',*,*,#2055,.T.);
#938=ORIENTED_EDGE('',*,*,#1973,.T.);
#939=ORIENTED_EDGE('',*,*,#1813,.F.);
#940=ORIENTED_EDGE('',*,*,#1987,.F.);
#941=ORIENTED_EDGE('',*,*,#2046,.T.);
#942=ORIENTED_EDGE('',*,*,#1978,.T.);
#943=ORIENTED_EDGE('',*,*,#1847,.F.);
#944=ORIENTED_EDGE('',*,*,#1980,.F.);
#945=ORIENTED_EDGE('',*,*,#2047,.T.);
#946=ORIENTED_EDGE('',*,*,#1985,.T.);
#947=ORIENTED_EDGE('',*,*,#1841,.F.);
#948=ORIENTED_EDGE('',*,*,#1999,.F.);
#949=ORIENTED_EDGE('',*,*,#2038,.T.);
#950=ORIENTED_EDGE('',*,*,#1990,.T.);
#951=ORIENTED_EDGE('',*,*,#1875,.F.);
#952=ORIENTED_EDGE('',*,*,#1992,.F.);
#953=ORIENTED_EDGE('',*,*,#2039,.T.);
#954=ORIENTED_EDGE('',*,*,#1997,.T.);
#955=ORIENTED_EDGE('',*,*,#1869,.F.);
#956=ORIENTED_EDGE('',*,*,#2011,.F.);
#957=ORIENTED_EDGE('',*,*,#2030,.T.);
#958=ORIENTED_EDGE('',*,*,#2002,.T.);
#959=ORIENTED_EDGE('',*,*,#1903,.F.);
#960=ORIENTED_EDGE('',*,*,#2004,.F.);
#961=ORIENTED_EDGE('',*,*,#2031,.T.);
#962=ORIENTED_EDGE('',*,*,#2009,.T.);
#963=ORIENTED_EDGE('',*,*,#1897,.F.);
#964=ORIENTED_EDGE('',*,*,#2019,.T.);
#965=ORIENTED_EDGE('',*,*,#2246,.F.);
#966=ORIENTED_EDGE('',*,*,#2247,.F.);
#967=ORIENTED_EDGE('',*,*,#2248,.F.);
#968=ORIENTED_EDGE('',*,*,#2020,.F.);
#969=ORIENTED_EDGE('',*,*,#2248,.T.);
#970=ORIENTED_EDGE('',*,*,#2249,.T.);
#971=ORIENTED_EDGE('',*,*,#1775,.F.);
#972=ORIENTED_EDGE('',*,*,#2250,.F.);
#973=ORIENTED_EDGE('',*,*,#2246,.T.);
#974=ORIENTED_EDGE('',*,*,#2018,.F.);
#975=ORIENTED_EDGE('',*,*,#1777,.F.);
#976=ORIENTED_EDGE('',*,*,#2249,.F.);
#977=ORIENTED_EDGE('',*,*,#2247,.T.);
#978=ORIENTED_EDGE('',*,*,#2250,.T.);
#979=ORIENTED_EDGE('',*,*,#1776,.F.);
#980=ORIENTED_EDGE('',*,*,#2013,.F.);
#981=ORIENTED_EDGE('',*,*,#2251,.T.);
#982=ORIENTED_EDGE('',*,*,#2252,.T.);
#983=ORIENTED_EDGE('',*,*,#1769,.F.);
#984=ORIENTED_EDGE('',*,*,#2253,.F.);
#985=ORIENTED_EDGE('',*,*,#2254,.T.);
#986=ORIENTED_EDGE('',*,*,#2017,.F.);
#987=ORIENTED_EDGE('',*,*,#1771,.F.);
#988=ORIENTED_EDGE('',*,*,#2012,.T.);
#989=ORIENTED_EDGE('',*,*,#2254,.F.);
#990=ORIENTED_EDGE('',*,*,#2255,.F.);
#991=ORIENTED_EDGE('',*,*,#2251,.F.);
#992=ORIENTED_EDGE('',*,*,#2252,.F.);
#993=ORIENTED_EDGE('',*,*,#2255,.T.);
#994=ORIENTED_EDGE('',*,*,#2253,.T.);
#995=ORIENTED_EDGE('',*,*,#1770,.F.);
#996=ORIENTED_EDGE('',*,*,#2007,.T.);
#997=ORIENTED_EDGE('',*,*,#2256,.F.);
#998=ORIENTED_EDGE('',*,*,#2257,.F.);
#999=ORIENTED_EDGE('',*,*,#2258,.F.);
#1000=ORIENTED_EDGE('',*,*,#2008,.F.);
#1001=ORIENTED_EDGE('',*,*,#2258,.T.);
#1002=ORIENTED_EDGE('',*,*,#2259,.T.);
#1003=ORIENTED_EDGE('',*,*,#1899,.F.);
#1004=ORIENTED_EDGE('',*,*,#2260,.F.);
#1005=ORIENTED_EDGE('',*,*,#2256,.T.);
#1006=ORIENTED_EDGE('',*,*,#2006,.F.);
#1007=ORIENTED_EDGE('',*,*,#1901,.F.);
#1008=ORIENTED_EDGE('',*,*,#2259,.F.);
#1009=ORIENTED_EDGE('',*,*,#2257,.T.);
#1010=ORIENTED_EDGE('',*,*,#2260,.T.);
#1011=ORIENTED_EDGE('',*,*,#1900,.F.);
#1012=ORIENTED_EDGE('',*,*,#2001,.F.);
#1013=ORIENTED_EDGE('',*,*,#2261,.T.);
#1014=ORIENTED_EDGE('',*,*,#2262,.T.);
#1015=ORIENTED_EDGE('',*,*,#1893,.F.);
#1016=ORIENTED_EDGE('',*,*,#2263,.F.);
#1017=ORIENTED_EDGE('',*,*,#2264,.T.);
#1018=ORIENTED_EDGE('',*,*,#2005,.F.);
#1019=ORIENTED_EDGE('',*,*,#1895,.F.);
#1020=ORIENTED_EDGE('',*,*,#2000,.T.);
#1021=ORIENTED_EDGE('',*,*,#2264,.F.);
#1022=ORIENTED_EDGE('',*,*,#2265,.F.);
#1023=ORIENTED_EDGE('',*,*,#2261,.F.);
#1024=ORIENTED_EDGE('',*,*,#2262,.F.);
#1025=ORIENTED_EDGE('',*,*,#2265,.T.);
#1026=ORIENTED_EDGE('',*,*,#2263,.T.);
#1027=ORIENTED_EDGE('',*,*,#1894,.F.);
#1028=ORIENTED_EDGE('',*,*,#1995,.T.);
#1029=ORIENTED_EDGE('',*,*,#2266,.F.);
#1030=ORIENTED_EDGE('',*,*,#2267,.F.);
#1031=ORIENTED_EDGE('',*,*,#2268,.F.);
#1032=ORIENTED_EDGE('',*,*,#1996,.F.);
#1033=ORIENTED_EDGE('',*,*,#2268,.T.);
#1034=ORIENTED_EDGE('',*,*,#2269,.T.);
#1035=ORIENTED_EDGE('',*,*,#1871,.F.);
#1036=ORIENTED_EDGE('',*,*,#2270,.F.);
#1037=ORIENTED_EDGE('',*,*,#2266,.T.);
#1038=ORIENTED_EDGE('',*,*,#1994,.F.);
#1039=ORIENTED_EDGE('',*,*,#1873,.F.);
#1040=ORIENTED_EDGE('',*,*,#2269,.F.);
#1041=ORIENTED_EDGE('',*,*,#2267,.T.);
#1042=ORIENTED_EDGE('',*,*,#2270,.T.);
#1043=ORIENTED_EDGE('',*,*,#1872,.F.);
#1044=ORIENTED_EDGE('',*,*,#1989,.F.);
#1045=ORIENTED_EDGE('',*,*,#2271,.T.);
#1046=ORIENTED_EDGE('',*,*,#2272,.T.);
#1047=ORIENTED_EDGE('',*,*,#1865,.F.);
#1048=ORIENTED_EDGE('',*,*,#2273,.F.);
#1049=ORIENTED_EDGE('',*,*,#2274,.T.);
#1050=ORIENTED_EDGE('',*,*,#1993,.F.);
#1051=ORIENTED_EDGE('',*,*,#1867,.F.);
#1052=ORIENTED_EDGE('',*,*,#1988,.T.);
#1053=ORIENTED_EDGE('',*,*,#2274,.F.);
#1054=ORIENTED_EDGE('',*,*,#2275,.F.);
#1055=ORIENTED_EDGE('',*,*,#2271,.F.);
#1056=ORIENTED_EDGE('',*,*,#2272,.F.);
#1057=ORIENTED_EDGE('',*,*,#2275,.T.);
#1058=ORIENTED_EDGE('',*,*,#2273,.T.);
#1059=ORIENTED_EDGE('',*,*,#1866,.F.);
#1060=ORIENTED_EDGE('',*,*,#1983,.T.);
#1061=ORIENTED_EDGE('',*,*,#2276,.F.);
#1062=ORIENTED_EDGE('',*,*,#2277,.F.);
#1063=ORIENTED_EDGE('',*,*,#2278,.F.);
#1064=ORIENTED_EDGE('',*,*,#1984,.F.);
#1065=ORIENTED_EDGE('',*,*,#2278,.T.);
#1066=ORIENTED_EDGE('',*,*,#2279,.T.);
#1067=ORIENTED_EDGE('',*,*,#1843,.F.);
#1068=ORIENTED_EDGE('',*,*,#2280,.F.);
#1069=ORIENTED_EDGE('',*,*,#2276,.T.);
#1070=ORIENTED_EDGE('',*,*,#1982,.F.);
#1071=ORIENTED_EDGE('',*,*,#1845,.F.);
#1072=ORIENTED_EDGE('',*,*,#2279,.F.);
#1073=ORIENTED_EDGE('',*,*,#2277,.T.);
#1074=ORIENTED_EDGE('',*,*,#2280,.T.);
#1075=ORIENTED_EDGE('',*,*,#1844,.F.);
#1076=ORIENTED_EDGE('',*,*,#1977,.F.);
#1077=ORIENTED_EDGE('',*,*,#2281,.T.);
#1078=ORIENTED_EDGE('',*,*,#2282,.T.);
#1079=ORIENTED_EDGE('',*,*,#1837,.F.);
#1080=ORIENTED_EDGE('',*,*,#2283,.F.);
#1081=ORIENTED_EDGE('',*,*,#2284,.T.);
#1082=ORIENTED_EDGE('',*,*,#1981,.F.);
#1083=ORIENTED_EDGE('',*,*,#1839,.F.);
#1084=ORIENTED_EDGE('',*,*,#1976,.T.);
#1085=ORIENTED_EDGE('',*,*,#2284,.F.);
#1086=ORIENTED_EDGE('',*,*,#2285,.F.);
#1087=ORIENTED_EDGE('',*,*,#2281,.F.);
#1088=ORIENTED_EDGE('',*,*,#2282,.F.);
#1089=ORIENTED_EDGE('',*,*,#2285,.T.);
#1090=ORIENTED_EDGE('',*,*,#2283,.T.);
#1091=ORIENTED_EDGE('',*,*,#1838,.F.);
#1092=ORIENTED_EDGE('',*,*,#1971,.T.);
#1093=ORIENTED_EDGE('',*,*,#2286,.F.);
#1094=ORIENTED_EDGE('',*,*,#2287,.F.);
#1095=ORIENTED_EDGE('',*,*,#2288,.F.);
#1096=ORIENTED_EDGE('',*,*,#1972,.F.);
#1097=ORIENTED_EDGE('',*,*,#2288,.T.);
#1098=ORIENTED_EDGE('',*,*,#2289,.T.);
#1099=ORIENTED_EDGE('',*,*,#1815,.F.);
#1100=ORIENTED_EDGE('',*,*,#2290,.F.);
#1101=ORIENTED_EDGE('',*,*,#2286,.T.);
#1102=ORIENTED_EDGE('',*,*,#1970,.F.);
#1103=ORIENTED_EDGE('',*,*,#1817,.F.);
#1104=ORIENTED_EDGE('',*,*,#2289,.F.);
#1105=ORIENTED_EDGE('',*,*,#2287,.T.);
#1106=ORIENTED_EDGE('',*,*,#2290,.T.);
#1107=ORIENTED_EDGE('',*,*,#1816,.F.);
#1108=ORIENTED_EDGE('',*,*,#1965,.F.);
#1109=ORIENTED_EDGE('',*,*,#2291,.T.);
#1110=ORIENTED_EDGE('',*,*,#2292,.T.);
#1111=ORIENTED_EDGE('',*,*,#1809,.F.);
#1112=ORIENTED_EDGE('',*,*,#2293,.F.);
#1113=ORIENTED_EDGE('',*,*,#2294,.T.);
#1114=ORIENTED_EDGE('',*,*,#1969,.F.);
#1115=ORIENTED_EDGE('',*,*,#1811,.F.);
#1116=ORIENTED_EDGE('',*,*,#1964,.T.);
#1117=ORIENTED_EDGE('',*,*,#2294,.F.);
#1118=ORIENTED_EDGE('',*,*,#2295,.F.);
#1119=ORIENTED_EDGE('',*,*,#2291,.F.);
#1120=ORIENTED_EDGE('',*,*,#2292,.F.);
#1121=ORIENTED_EDGE('',*,*,#2295,.T.);
#1122=ORIENTED_EDGE('',*,*,#2293,.T.);
#1123=ORIENTED_EDGE('',*,*,#1810,.F.);
#1124=ORIENTED_EDGE('',*,*,#1959,.T.);
#1125=ORIENTED_EDGE('',*,*,#2296,.F.);
#1126=ORIENTED_EDGE('',*,*,#2297,.F.);
#1127=ORIENTED_EDGE('',*,*,#2298,.F.);
#1128=ORIENTED_EDGE('',*,*,#1960,.F.);
#1129=ORIENTED_EDGE('',*,*,#2298,.T.);
#1130=ORIENTED_EDGE('',*,*,#2299,.T.);
#1131=ORIENTED_EDGE('',*,*,#1787,.F.);
#1132=ORIENTED_EDGE('',*,*,#2300,.F.);
#1133=ORIENTED_EDGE('',*,*,#2296,.T.);
#1134=ORIENTED_EDGE('',*,*,#1958,.F.);
#1135=ORIENTED_EDGE('',*,*,#1789,.F.);
#1136=ORIENTED_EDGE('',*,*,#2299,.F.);
#1137=ORIENTED_EDGE('',*,*,#2297,.T.);
#1138=ORIENTED_EDGE('',*,*,#2300,.T.);
#1139=ORIENTED_EDGE('',*,*,#1788,.F.);
#1140=ORIENTED_EDGE('',*,*,#1953,.F.);
#1141=ORIENTED_EDGE('',*,*,#2301,.T.);
#1142=ORIENTED_EDGE('',*,*,#2302,.T.);
#1143=ORIENTED_EDGE('',*,*,#1781,.F.);
#1144=ORIENTED_EDGE('',*,*,#2303,.F.);
#1145=ORIENTED_EDGE('',*,*,#2304,.T.);
#1146=ORIENTED_EDGE('',*,*,#1957,.F.);
#1147=ORIENTED_EDGE('',*,*,#1783,.F.);
#1148=ORIENTED_EDGE('',*,*,#1952,.T.);
#1149=ORIENTED_EDGE('',*,*,#2304,.F.);
#1150=ORIENTED_EDGE('',*,*,#2305,.F.);
#1151=ORIENTED_EDGE('',*,*,#2301,.F.);
#1152=ORIENTED_EDGE('',*,*,#2302,.F.);
#1153=ORIENTED_EDGE('',*,*,#2305,.T.);
#1154=ORIENTED_EDGE('',*,*,#2303,.T.);
#1155=ORIENTED_EDGE('',*,*,#1782,.F.);
#1156=ORIENTED_EDGE('',*,*,#1947,.T.);
#1157=ORIENTED_EDGE('',*,*,#2306,.F.);
#1158=ORIENTED_EDGE('',*,*,#2307,.F.);
#1159=ORIENTED_EDGE('',*,*,#2308,.F.);
#1160=ORIENTED_EDGE('',*,*,#1948,.F.);
#1161=ORIENTED_EDGE('',*,*,#2308,.T.);
#1162=ORIENTED_EDGE('',*,*,#2309,.T.);
#1163=ORIENTED_EDGE('',*,*,#1887,.F.);
#1164=ORIENTED_EDGE('',*,*,#2310,.F.);
#1165=ORIENTED_EDGE('',*,*,#2306,.T.);
#1166=ORIENTED_EDGE('',*,*,#1946,.F.);
#1167=ORIENTED_EDGE('',*,*,#1889,.F.);
#1168=ORIENTED_EDGE('',*,*,#2309,.F.);
#1169=ORIENTED_EDGE('',*,*,#2307,.T.);
#1170=ORIENTED_EDGE('',*,*,#2310,.T.);
#1171=ORIENTED_EDGE('',*,*,#1888,.F.);
#1172=ORIENTED_EDGE('',*,*,#1941,.F.);
#1173=ORIENTED_EDGE('',*,*,#2311,.T.);
#1174=ORIENTED_EDGE('',*,*,#2312,.T.);
#1175=ORIENTED_EDGE('',*,*,#1881,.F.);
#1176=ORIENTED_EDGE('',*,*,#2313,.F.);
#1177=ORIENTED_EDGE('',*,*,#2314,.T.);
#1178=ORIENTED_EDGE('',*,*,#1945,.F.);
#1179=ORIENTED_EDGE('',*,*,#1883,.F.);
#1180=ORIENTED_EDGE('',*,*,#1940,.T.);
#1181=ORIENTED_EDGE('',*,*,#2314,.F.);
#1182=ORIENTED_EDGE('',*,*,#2315,.F.);
#1183=ORIENTED_EDGE('',*,*,#2311,.F.);
#1184=ORIENTED_EDGE('',*,*,#2312,.F.);
#1185=ORIENTED_EDGE('',*,*,#2315,.T.);
#1186=ORIENTED_EDGE('',*,*,#2313,.T.);
#1187=ORIENTED_EDGE('',*,*,#1882,.F.);
#1188=ORIENTED_EDGE('',*,*,#1935,.T.);
#1189=ORIENTED_EDGE('',*,*,#2316,.F.);
#1190=ORIENTED_EDGE('',*,*,#2317,.F.);
#1191=ORIENTED_EDGE('',*,*,#2318,.F.);
#1192=ORIENTED_EDGE('',*,*,#1936,.F.);
#1193=ORIENTED_EDGE('',*,*,#2318,.T.);
#1194=ORIENTED_EDGE('',*,*,#2319,.T.);
#1195=ORIENTED_EDGE('',*,*,#1859,.F.);
#1196=ORIENTED_EDGE('',*,*,#2320,.F.);
#1197=ORIENTED_EDGE('',*,*,#2316,.T.);
#1198=ORIENTED_EDGE('',*,*,#1934,.F.);
#1199=ORIENTED_EDGE('',*,*,#1861,.F.);
#1200=ORIENTED_EDGE('',*,*,#2319,.F.);
#1201=ORIENTED_EDGE('',*,*,#2317,.T.);
#1202=ORIENTED_EDGE('',*,*,#2320,.T.);
#1203=ORIENTED_EDGE('',*,*,#1860,.F.);
#1204=ORIENTED_EDGE('',*,*,#1929,.F.);
#1205=ORIENTED_EDGE('',*,*,#2321,.T.);
#1206=ORIENTED_EDGE('',*,*,#2322,.T.);
#1207=ORIENTED_EDGE('',*,*,#1853,.F.);
#1208=ORIENTED_EDGE('',*,*,#2323,.F.);
#1209=ORIENTED_EDGE('',*,*,#2324,.T.);
#1210=ORIENTED_EDGE('',*,*,#1933,.F.);
#1211=ORIENTED_EDGE('',*,*,#1855,.F.);
#1212=ORIENTED_EDGE('',*,*,#1928,.T.);
#1213=ORIENTED_EDGE('',*,*,#2324,.F.);
#1214=ORIENTED_EDGE('',*,*,#2325,.F.);
#1215=ORIENTED_EDGE('',*,*,#2321,.F.);
#1216=ORIENTED_EDGE('',*,*,#2322,.F.);
#1217=ORIENTED_EDGE('',*,*,#2325,.T.);
#1218=ORIENTED_EDGE('',*,*,#2323,.T.);
#1219=ORIENTED_EDGE('',*,*,#1854,.F.);
#1220=ORIENTED_EDGE('',*,*,#1923,.T.);
#1221=ORIENTED_EDGE('',*,*,#2326,.F.);
#1222=ORIENTED_EDGE('',*,*,#2327,.F.);
#1223=ORIENTED_EDGE('',*,*,#2328,.F.);
#1224=ORIENTED_EDGE('',*,*,#1924,.F.);
#1225=ORIENTED_EDGE('',*,*,#2328,.T.);
#1226=ORIENTED_EDGE('',*,*,#2329,.T.);
#1227=ORIENTED_EDGE('',*,*,#1831,.F.);
#1228=ORIENTED_EDGE('',*,*,#2330,.F.);
#1229=ORIENTED_EDGE('',*,*,#2326,.T.);
#1230=ORIENTED_EDGE('',*,*,#1922,.F.);
#1231=ORIENTED_EDGE('',*,*,#1833,.F.);
#1232=ORIENTED_EDGE('',*,*,#2329,.F.);
#1233=ORIENTED_EDGE('',*,*,#2327,.T.);
#1234=ORIENTED_EDGE('',*,*,#2330,.T.);
#1235=ORIENTED_EDGE('',*,*,#1832,.F.);
#1236=ORIENTED_EDGE('',*,*,#1917,.F.);
#1237=ORIENTED_EDGE('',*,*,#2331,.T.);
#1238=ORIENTED_EDGE('',*,*,#2332,.T.);
#1239=ORIENTED_EDGE('',*,*,#1825,.F.);
#1240=ORIENTED_EDGE('',*,*,#2333,.F.);
#1241=ORIENTED_EDGE('',*,*,#2334,.T.);
#1242=ORIENTED_EDGE('',*,*,#1921,.F.);
#1243=ORIENTED_EDGE('',*,*,#1827,.F.);
#1244=ORIENTED_EDGE('',*,*,#1916,.T.);
#1245=ORIENTED_EDGE('',*,*,#2334,.F.);
#1246=ORIENTED_EDGE('',*,*,#2335,.F.);
#1247=ORIENTED_EDGE('',*,*,#2331,.F.);
#1248=ORIENTED_EDGE('',*,*,#2332,.F.);
#1249=ORIENTED_EDGE('',*,*,#2335,.T.);
#1250=ORIENTED_EDGE('',*,*,#2333,.T.);
#1251=ORIENTED_EDGE('',*,*,#1826,.F.);
#1252=ORIENTED_EDGE('',*,*,#1911,.T.);
#1253=ORIENTED_EDGE('',*,*,#2336,.F.);
#1254=ORIENTED_EDGE('',*,*,#2337,.F.);
#1255=ORIENTED_EDGE('',*,*,#2338,.F.);
#1256=ORIENTED_EDGE('',*,*,#1912,.F.);
#1257=ORIENTED_EDGE('',*,*,#2338,.T.);
#1258=ORIENTED_EDGE('',*,*,#2339,.T.);
#1259=ORIENTED_EDGE('',*,*,#1803,.F.);
#1260=ORIENTED_EDGE('',*,*,#2340,.F.);
#1261=ORIENTED_EDGE('',*,*,#2336,.T.);
#1262=ORIENTED_EDGE('',*,*,#1910,.F.);
#1263=ORIENTED_EDGE('',*,*,#1805,.F.);
#1264=ORIENTED_EDGE('',*,*,#2339,.F.);
#1265=ORIENTED_EDGE('',*,*,#2337,.T.);
#1266=ORIENTED_EDGE('',*,*,#2340,.T.);
#1267=ORIENTED_EDGE('',*,*,#1804,.F.);
#1268=ORIENTED_EDGE('',*,*,#1905,.F.);
#1269=ORIENTED_EDGE('',*,*,#2341,.T.);
#1270=ORIENTED_EDGE('',*,*,#2342,.T.);
#1271=ORIENTED_EDGE('',*,*,#1797,.F.);
#1272=ORIENTED_EDGE('',*,*,#2343,.F.);
#1273=ORIENTED_EDGE('',*,*,#2344,.T.);
#1274=ORIENTED_EDGE('',*,*,#1909,.F.);
#1275=ORIENTED_EDGE('',*,*,#1799,.F.);
#1276=ORIENTED_EDGE('',*,*,#1904,.T.);
#1277=ORIENTED_EDGE('',*,*,#2344,.F.);
#1278=ORIENTED_EDGE('',*,*,#2345,.F.);
#1279=ORIENTED_EDGE('',*,*,#2341,.F.);
#1280=ORIENTED_EDGE('',*,*,#2342,.F.);
#1281=ORIENTED_EDGE('',*,*,#2345,.T.);
#1282=ORIENTED_EDGE('',*,*,#2343,.T.);
#1283=ORIENTED_EDGE('',*,*,#1798,.F.);
#1284=ORIENTED_EDGE('',*,*,#2346,.F.);
#1285=ORIENTED_EDGE('',*,*,#2347,.T.);
#1286=ORIENTED_EDGE('',*,*,#2348,.T.);
#1287=ORIENTED_EDGE('',*,*,#2349,.F.);
#1288=ORIENTED_EDGE('',*,*,#2350,.F.);
#1289=ORIENTED_EDGE('',*,*,#2351,.F.);
#1290=ORIENTED_EDGE('',*,*,#2352,.F.);
#1291=ORIENTED_EDGE('',*,*,#2353,.T.);
#1292=ORIENTED_EDGE('',*,*,#2354,.F.);
#1293=ORIENTED_EDGE('',*,*,#2355,.T.);
#1294=ORIENTED_EDGE('',*,*,#2356,.F.);
#1295=ORIENTED_EDGE('',*,*,#2357,.F.);
#1296=ORIENTED_EDGE('',*,*,#2358,.F.);
#1297=ORIENTED_EDGE('',*,*,#2359,.T.);
#1298=ORIENTED_EDGE('',*,*,#2360,.F.);
#1299=ORIENTED_EDGE('',*,*,#2361,.F.);
#1300=ORIENTED_EDGE('',*,*,#2362,.F.);
#1301=ORIENTED_EDGE('',*,*,#2363,.T.);
#1302=ORIENTED_EDGE('',*,*,#2364,.F.);
#1303=ORIENTED_EDGE('',*,*,#2365,.F.);
#1304=ORIENTED_EDGE('',*,*,#2366,.F.);
#1305=ORIENTED_EDGE('',*,*,#2349,.T.);
#1306=ORIENTED_EDGE('',*,*,#2367,.T.);
#1307=ORIENTED_EDGE('',*,*,#2368,.F.);
#1308=ORIENTED_EDGE('',*,*,#2369,.F.);
#1309=ORIENTED_EDGE('',*,*,#2370,.F.);
#1310=ORIENTED_EDGE('',*,*,#2371,.F.);
#1311=ORIENTED_EDGE('',*,*,#2351,.T.);
#1312=ORIENTED_EDGE('',*,*,#2372,.F.);
#1313=ORIENTED_EDGE('',*,*,#2357,.T.);
#1314=ORIENTED_EDGE('',*,*,#2373,.F.);
#1315=ORIENTED_EDGE('',*,*,#2374,.F.);
#1316=ORIENTED_EDGE('',*,*,#2375,.F.);
#1317=ORIENTED_EDGE('',*,*,#2361,.T.);
#1318=ORIENTED_EDGE('',*,*,#2376,.F.);
#1319=ORIENTED_EDGE('',*,*,#2377,.F.);
#1320=ORIENTED_EDGE('',*,*,#2378,.F.);
#1321=ORIENTED_EDGE('',*,*,#2365,.T.);
#1322=ORIENTED_EDGE('',*,*,#2379,.F.);
#1323=ORIENTED_EDGE('',*,*,#2380,.F.);
#1324=ORIENTED_EDGE('',*,*,#2381,.F.);
#1325=ORIENTED_EDGE('',*,*,#2368,.T.);
#1326=ORIENTED_EDGE('',*,*,#2382,.T.);
#1327=ORIENTED_EDGE('',*,*,#2383,.F.);
#1328=ORIENTED_EDGE('',*,*,#2384,.F.);
#1329=ORIENTED_EDGE('',*,*,#2385,.F.);
#1330=ORIENTED_EDGE('',*,*,#2386,.F.);
#1331=ORIENTED_EDGE('',*,*,#2370,.T.);
#1332=ORIENTED_EDGE('',*,*,#2387,.F.);
#1333=ORIENTED_EDGE('',*,*,#2374,.T.);
#1334=ORIENTED_EDGE('',*,*,#2388,.F.);
#1335=ORIENTED_EDGE('',*,*,#2389,.F.);
#1336=ORIENTED_EDGE('',*,*,#2390,.F.);
#1337=ORIENTED_EDGE('',*,*,#2377,.T.);
#1338=ORIENTED_EDGE('',*,*,#2391,.F.);
#1339=ORIENTED_EDGE('',*,*,#2392,.F.);
#1340=ORIENTED_EDGE('',*,*,#2393,.F.);
#1341=ORIENTED_EDGE('',*,*,#2380,.T.);
#1342=ORIENTED_EDGE('',*,*,#2394,.F.);
#1343=ORIENTED_EDGE('',*,*,#2395,.F.);
#1344=ORIENTED_EDGE('',*,*,#2396,.F.);
#1345=ORIENTED_EDGE('',*,*,#2383,.T.);
#1346=ORIENTED_EDGE('',*,*,#2397,.T.);
#1347=ORIENTED_EDGE('',*,*,#2398,.F.);
#1348=ORIENTED_EDGE('',*,*,#2399,.F.);
#1349=ORIENTED_EDGE('',*,*,#2400,.F.);
#1350=ORIENTED_EDGE('',*,*,#2401,.F.);
#1351=ORIENTED_EDGE('',*,*,#2385,.T.);
#1352=ORIENTED_EDGE('',*,*,#2402,.F.);
#1353=ORIENTED_EDGE('',*,*,#2389,.T.);
#1354=ORIENTED_EDGE('',*,*,#2403,.F.);
#1355=ORIENTED_EDGE('',*,*,#2404,.F.);
#1356=ORIENTED_EDGE('',*,*,#2405,.F.);
#1357=ORIENTED_EDGE('',*,*,#2392,.T.);
#1358=ORIENTED_EDGE('',*,*,#2406,.F.);
#1359=ORIENTED_EDGE('',*,*,#2407,.F.);
#1360=ORIENTED_EDGE('',*,*,#2408,.F.);
#1361=ORIENTED_EDGE('',*,*,#2395,.T.);
#1362=ORIENTED_EDGE('',*,*,#2409,.F.);
#1363=ORIENTED_EDGE('',*,*,#2410,.F.);
#1364=ORIENTED_EDGE('',*,*,#2411,.F.);
#1365=ORIENTED_EDGE('',*,*,#2398,.T.);
#1366=ORIENTED_EDGE('',*,*,#2412,.T.);
#1367=ORIENTED_EDGE('',*,*,#2413,.F.);
#1368=ORIENTED_EDGE('',*,*,#2414,.F.);
#1369=ORIENTED_EDGE('',*,*,#2415,.F.);
#1370=ORIENTED_EDGE('',*,*,#2416,.F.);
#1371=ORIENTED_EDGE('',*,*,#2400,.T.);
#1372=ORIENTED_EDGE('',*,*,#2417,.F.);
#1373=ORIENTED_EDGE('',*,*,#2404,.T.);
#1374=ORIENTED_EDGE('',*,*,#2418,.F.);
#1375=ORIENTED_EDGE('',*,*,#2419,.F.);
#1376=ORIENTED_EDGE('',*,*,#2420,.F.);
#1377=ORIENTED_EDGE('',*,*,#2407,.T.);
#1378=ORIENTED_EDGE('',*,*,#2421,.F.);
#1379=ORIENTED_EDGE('',*,*,#2422,.F.);
#1380=ORIENTED_EDGE('',*,*,#2423,.F.);
#1381=ORIENTED_EDGE('',*,*,#2410,.T.);
#1382=ORIENTED_EDGE('',*,*,#2424,.F.);
#1383=ORIENTED_EDGE('',*,*,#2425,.F.);
#1384=ORIENTED_EDGE('',*,*,#2426,.F.);
#1385=ORIENTED_EDGE('',*,*,#2427,.T.);
#1386=ORIENTED_EDGE('',*,*,#2428,.T.);
#1387=ORIENTED_EDGE('',*,*,#2429,.F.);
#1388=ORIENTED_EDGE('',*,*,#2430,.F.);
#1389=ORIENTED_EDGE('',*,*,#2431,.F.);
#1390=ORIENTED_EDGE('',*,*,#2432,.F.);
#1391=ORIENTED_EDGE('',*,*,#2433,.T.);
#1392=ORIENTED_EDGE('',*,*,#2434,.F.);
#1393=ORIENTED_EDGE('',*,*,#2435,.T.);
#1394=ORIENTED_EDGE('',*,*,#2436,.F.);
#1395=ORIENTED_EDGE('',*,*,#2437,.F.);
#1396=ORIENTED_EDGE('',*,*,#2438,.F.);
#1397=ORIENTED_EDGE('',*,*,#2439,.T.);
#1398=ORIENTED_EDGE('',*,*,#2440,.F.);
#1399=ORIENTED_EDGE('',*,*,#2441,.F.);
#1400=ORIENTED_EDGE('',*,*,#2442,.F.);
#1401=ORIENTED_EDGE('',*,*,#2443,.T.);
#1402=ORIENTED_EDGE('',*,*,#2444,.F.);
#1403=ORIENTED_EDGE('',*,*,#2445,.F.);
#1404=ORIENTED_EDGE('',*,*,#2446,.F.);
#1405=ORIENTED_EDGE('',*,*,#2429,.T.);
#1406=ORIENTED_EDGE('',*,*,#2447,.T.);
#1407=ORIENTED_EDGE('',*,*,#2448,.F.);
#1408=ORIENTED_EDGE('',*,*,#2449,.F.);
#1409=ORIENTED_EDGE('',*,*,#2450,.F.);
#1410=ORIENTED_EDGE('',*,*,#2451,.F.);
#1411=ORIENTED_EDGE('',*,*,#2431,.T.);
#1412=ORIENTED_EDGE('',*,*,#2452,.F.);
#1413=ORIENTED_EDGE('',*,*,#2437,.T.);
#1414=ORIENTED_EDGE('',*,*,#2453,.F.);
#1415=ORIENTED_EDGE('',*,*,#2454,.F.);
#1416=ORIENTED_EDGE('',*,*,#2455,.F.);
#1417=ORIENTED_EDGE('',*,*,#2441,.T.);
#1418=ORIENTED_EDGE('',*,*,#2456,.F.);
#1419=ORIENTED_EDGE('',*,*,#2457,.F.);
#1420=ORIENTED_EDGE('',*,*,#2458,.F.);
#1421=ORIENTED_EDGE('',*,*,#2445,.T.);
#1422=ORIENTED_EDGE('',*,*,#2459,.F.);
#1423=ORIENTED_EDGE('',*,*,#2460,.F.);
#1424=ORIENTED_EDGE('',*,*,#2461,.F.);
#1425=ORIENTED_EDGE('',*,*,#2448,.T.);
#1426=ORIENTED_EDGE('',*,*,#2462,.T.);
#1427=ORIENTED_EDGE('',*,*,#2463,.F.);
#1428=ORIENTED_EDGE('',*,*,#2464,.F.);
#1429=ORIENTED_EDGE('',*,*,#2465,.F.);
#1430=ORIENTED_EDGE('',*,*,#2466,.F.);
#1431=ORIENTED_EDGE('',*,*,#2450,.T.);
#1432=ORIENTED_EDGE('',*,*,#2467,.F.);
#1433=ORIENTED_EDGE('',*,*,#2454,.T.);
#1434=ORIENTED_EDGE('',*,*,#2468,.F.);
#1435=ORIENTED_EDGE('',*,*,#2469,.F.);
#1436=ORIENTED_EDGE('',*,*,#2470,.F.);
#1437=ORIENTED_EDGE('',*,*,#2457,.T.);
#1438=ORIENTED_EDGE('',*,*,#2471,.F.);
#1439=ORIENTED_EDGE('',*,*,#2472,.F.);
#1440=ORIENTED_EDGE('',*,*,#2473,.F.);
#1441=ORIENTED_EDGE('',*,*,#2460,.T.);
#1442=ORIENTED_EDGE('',*,*,#2474,.F.);
#1443=ORIENTED_EDGE('',*,*,#2475,.F.);
#1444=ORIENTED_EDGE('',*,*,#2476,.F.);
#1445=ORIENTED_EDGE('',*,*,#2463,.T.);
#1446=ORIENTED_EDGE('',*,*,#2477,.T.);
#1447=ORIENTED_EDGE('',*,*,#2478,.F.);
#1448=ORIENTED_EDGE('',*,*,#2479,.F.);
#1449=ORIENTED_EDGE('',*,*,#2480,.F.);
#1450=ORIENTED_EDGE('',*,*,#2481,.F.);
#1451=ORIENTED_EDGE('',*,*,#2465,.T.);
#1452=ORIENTED_EDGE('',*,*,#2482,.F.);
#1453=ORIENTED_EDGE('',*,*,#2469,.T.);
#1454=ORIENTED_EDGE('',*,*,#2483,.F.);
#1455=ORIENTED_EDGE('',*,*,#2484,.F.);
#1456=ORIENTED_EDGE('',*,*,#2485,.F.);
#1457=ORIENTED_EDGE('',*,*,#2472,.T.);
#1458=ORIENTED_EDGE('',*,*,#2486,.F.);
#1459=ORIENTED_EDGE('',*,*,#2487,.F.);
#1460=ORIENTED_EDGE('',*,*,#2488,.F.);
#1461=ORIENTED_EDGE('',*,*,#2475,.T.);
#1462=ORIENTED_EDGE('',*,*,#2489,.F.);
#1463=ORIENTED_EDGE('',*,*,#2490,.F.);
#1464=ORIENTED_EDGE('',*,*,#2491,.F.);
#1465=ORIENTED_EDGE('',*,*,#2478,.T.);
#1466=ORIENTED_EDGE('',*,*,#2492,.T.);
#1467=ORIENTED_EDGE('',*,*,#2493,.F.);
#1468=ORIENTED_EDGE('',*,*,#2494,.F.);
#1469=ORIENTED_EDGE('',*,*,#2495,.F.);
#1470=ORIENTED_EDGE('',*,*,#2496,.F.);
#1471=ORIENTED_EDGE('',*,*,#2480,.T.);
#1472=ORIENTED_EDGE('',*,*,#2497,.F.);
#1473=ORIENTED_EDGE('',*,*,#2484,.T.);
#1474=ORIENTED_EDGE('',*,*,#2498,.F.);
#1475=ORIENTED_EDGE('',*,*,#2499,.F.);
#1476=ORIENTED_EDGE('',*,*,#2500,.F.);
#1477=ORIENTED_EDGE('',*,*,#2487,.T.);
#1478=ORIENTED_EDGE('',*,*,#2501,.F.);
#1479=ORIENTED_EDGE('',*,*,#2502,.F.);
#1480=ORIENTED_EDGE('',*,*,#2503,.F.);
#1481=ORIENTED_EDGE('',*,*,#2490,.T.);
#1482=ORIENTED_EDGE('',*,*,#2504,.F.);
#1483=ORIENTED_EDGE('',*,*,#2505,.F.);
#1484=ORIENTED_EDGE('',*,*,#2506,.F.);
#1485=ORIENTED_EDGE('',*,*,#2507,.T.);
#1486=ORIENTED_EDGE('',*,*,#2493,.T.);
#1487=ORIENTED_EDGE('',*,*,#2508,.F.);
#1488=ORIENTED_EDGE('',*,*,#2495,.T.);
#1489=ORIENTED_EDGE('',*,*,#2509,.T.);
#1490=ORIENTED_EDGE('',*,*,#2510,.F.);
#1491=ORIENTED_EDGE('',*,*,#2511,.T.);
#1492=ORIENTED_EDGE('',*,*,#2512,.F.);
#1493=ORIENTED_EDGE('',*,*,#2513,.T.);
#1494=ORIENTED_EDGE('',*,*,#2499,.T.);
#1495=ORIENTED_EDGE('',*,*,#2514,.T.);
#1496=ORIENTED_EDGE('',*,*,#2515,.F.);
#1497=ORIENTED_EDGE('',*,*,#2516,.T.);
#1498=ORIENTED_EDGE('',*,*,#2502,.T.);
#1499=ORIENTED_EDGE('',*,*,#2517,.T.);
#1500=ORIENTED_EDGE('',*,*,#2518,.F.);
#1501=ORIENTED_EDGE('',*,*,#2519,.T.);
#1502=ORIENTED_EDGE('',*,*,#2505,.T.);
#1503=ORIENTED_EDGE('',*,*,#2520,.T.);
#1504=ORIENTED_EDGE('',*,*,#2521,.F.);
#1505=ORIENTED_EDGE('',*,*,#2522,.F.);
#1506=ORIENTED_EDGE('',*,*,#2523,.F.);
#1507=ORIENTED_EDGE('',*,*,#2512,.T.);
#1508=ORIENTED_EDGE('',*,*,#2524,.F.);
#1509=ORIENTED_EDGE('',*,*,#2525,.F.);
#1510=ORIENTED_EDGE('',*,*,#2526,.F.);
#1511=ORIENTED_EDGE('',*,*,#2515,.T.);
#1512=ORIENTED_EDGE('',*,*,#2527,.F.);
#1513=ORIENTED_EDGE('',*,*,#2528,.F.);
#1514=ORIENTED_EDGE('',*,*,#2529,.F.);
#1515=ORIENTED_EDGE('',*,*,#2518,.T.);
#1516=ORIENTED_EDGE('',*,*,#2530,.F.);
#1517=ORIENTED_EDGE('',*,*,#2531,.F.);
#1518=ORIENTED_EDGE('',*,*,#2532,.F.);
#1519=ORIENTED_EDGE('',*,*,#2506,.T.);
#1520=ORIENTED_EDGE('',*,*,#2533,.T.);
#1521=ORIENTED_EDGE('',*,*,#2534,.F.);
#1522=ORIENTED_EDGE('',*,*,#2535,.F.);
#1523=ORIENTED_EDGE('',*,*,#2510,.T.);
#1524=ORIENTED_EDGE('',*,*,#2536,.F.);
#1525=ORIENTED_EDGE('',*,*,#2537,.F.);
#1526=ORIENTED_EDGE('',*,*,#2538,.F.);
#1527=ORIENTED_EDGE('',*,*,#2539,.T.);
#1528=ORIENTED_EDGE('',*,*,#2540,.T.);
#1529=ORIENTED_EDGE('',*,*,#2541,.F.);
#1530=ORIENTED_EDGE('',*,*,#2542,.F.);
#1531=ORIENTED_EDGE('',*,*,#2543,.F.);
#1532=ORIENTED_EDGE('',*,*,#2544,.F.);
#1533=ORIENTED_EDGE('',*,*,#2545,.F.);
#1534=ORIENTED_EDGE('',*,*,#2546,.F.);
#1535=ORIENTED_EDGE('',*,*,#2547,.F.);
#1536=ORIENTED_EDGE('',*,*,#2548,.F.);
#1537=ORIENTED_EDGE('',*,*,#2549,.F.);
#1538=ORIENTED_EDGE('',*,*,#2550,.F.);
#1539=ORIENTED_EDGE('',*,*,#2551,.F.);
#1540=ORIENTED_EDGE('',*,*,#2552,.F.);
#1541=ORIENTED_EDGE('',*,*,#2553,.F.);
#1542=ORIENTED_EDGE('',*,*,#2554,.F.);
#1543=ORIENTED_EDGE('',*,*,#2555,.F.);
#1544=ORIENTED_EDGE('',*,*,#2347,.F.);
#1545=ORIENTED_EDGE('',*,*,#2556,.T.);
#1546=ORIENTED_EDGE('',*,*,#2541,.T.);
#1547=ORIENTED_EDGE('',*,*,#2557,.F.);
#1548=ORIENTED_EDGE('',*,*,#2537,.T.);
#1549=ORIENTED_EDGE('',*,*,#2558,.T.);
#1550=ORIENTED_EDGE('',*,*,#2353,.F.);
#1551=ORIENTED_EDGE('',*,*,#2559,.T.);
#1552=ORIENTED_EDGE('',*,*,#2355,.F.);
#1553=ORIENTED_EDGE('',*,*,#2560,.T.);
#1554=ORIENTED_EDGE('',*,*,#2553,.T.);
#1555=ORIENTED_EDGE('',*,*,#2561,.T.);
#1556=ORIENTED_EDGE('',*,*,#2359,.F.);
#1557=ORIENTED_EDGE('',*,*,#2562,.T.);
#1558=ORIENTED_EDGE('',*,*,#2549,.T.);
#1559=ORIENTED_EDGE('',*,*,#2563,.T.);
#1560=ORIENTED_EDGE('',*,*,#2363,.F.);
#1561=ORIENTED_EDGE('',*,*,#2564,.T.);
#1562=ORIENTED_EDGE('',*,*,#2545,.T.);
#1563=ORIENTED_EDGE('',*,*,#2565,.T.);
#1564=ORIENTED_EDGE('',*,*,#2425,.T.);
#1565=ORIENTED_EDGE('',*,*,#2566,.F.);
#1566=ORIENTED_EDGE('',*,*,#2543,.T.);
#1567=ORIENTED_EDGE('',*,*,#2567,.T.);
#1568=ORIENTED_EDGE('',*,*,#2413,.T.);
#1569=ORIENTED_EDGE('',*,*,#2568,.T.);
#1570=ORIENTED_EDGE('',*,*,#2427,.F.);
#1571=ORIENTED_EDGE('',*,*,#2569,.T.);
#1572=ORIENTED_EDGE('',*,*,#2531,.T.);
#1573=ORIENTED_EDGE('',*,*,#2570,.F.);
#1574=ORIENTED_EDGE('',*,*,#2443,.F.);
#1575=ORIENTED_EDGE('',*,*,#2571,.T.);
#1576=ORIENTED_EDGE('',*,*,#2528,.T.);
#1577=ORIENTED_EDGE('',*,*,#2572,.F.);
#1578=ORIENTED_EDGE('',*,*,#2439,.F.);
#1579=ORIENTED_EDGE('',*,*,#2573,.T.);
#1580=ORIENTED_EDGE('',*,*,#2525,.T.);
#1581=ORIENTED_EDGE('',*,*,#2574,.F.);
#1582=ORIENTED_EDGE('',*,*,#2435,.F.);
#1583=ORIENTED_EDGE('',*,*,#2575,.T.);
#1584=ORIENTED_EDGE('',*,*,#2522,.T.);
#1585=ORIENTED_EDGE('',*,*,#2576,.F.);
#1586=ORIENTED_EDGE('',*,*,#2433,.F.);
#1587=ORIENTED_EDGE('',*,*,#2577,.F.);
#1588=ORIENTED_EDGE('',*,*,#2415,.T.);
#1589=ORIENTED_EDGE('',*,*,#2578,.F.);
#1590=ORIENTED_EDGE('',*,*,#2555,.T.);
#1591=ORIENTED_EDGE('',*,*,#2579,.T.);
#1592=ORIENTED_EDGE('',*,*,#2419,.T.);
#1593=ORIENTED_EDGE('',*,*,#2580,.F.);
#1594=ORIENTED_EDGE('',*,*,#2551,.T.);
#1595=ORIENTED_EDGE('',*,*,#2581,.T.);
#1596=ORIENTED_EDGE('',*,*,#2422,.T.);
#1597=ORIENTED_EDGE('',*,*,#2582,.F.);
#1598=ORIENTED_EDGE('',*,*,#2547,.T.);
#1599=ORIENTED_EDGE('',*,*,#2583,.T.);
#1600=ORIENTED_EDGE('',*,*,#2584,.T.);
#1601=ORIENTED_EDGE('',*,*,#2539,.F.);
#1602=ORIENTED_EDGE('',*,*,#2585,.F.);
#1603=ORIENTED_EDGE('',*,*,#2534,.T.);
#1604=ORIENTED_EDGE('',*,*,#2535,.T.);
#1605=ORIENTED_EDGE('',*,*,#2585,.T.);
#1606=ORIENTED_EDGE('',*,*,#2538,.T.);
#1607=ORIENTED_EDGE('',*,*,#2559,.F.);
#1608=ORIENTED_EDGE('',*,*,#2352,.T.);
#1609=ORIENTED_EDGE('',*,*,#2371,.T.);
#1610=ORIENTED_EDGE('',*,*,#2386,.T.);
#1611=ORIENTED_EDGE('',*,*,#2401,.T.);
#1612=ORIENTED_EDGE('',*,*,#2416,.T.);
#1613=ORIENTED_EDGE('',*,*,#2577,.T.);
#1614=ORIENTED_EDGE('',*,*,#2432,.T.);
#1615=ORIENTED_EDGE('',*,*,#2451,.T.);
#1616=ORIENTED_EDGE('',*,*,#2466,.T.);
#1617=ORIENTED_EDGE('',*,*,#2481,.T.);
#1618=ORIENTED_EDGE('',*,*,#2496,.T.);
#1619=ORIENTED_EDGE('',*,*,#2511,.F.);
#1620=ORIENTED_EDGE('',*,*,#2348,.F.);
#1621=ORIENTED_EDGE('',*,*,#2557,.T.);
#1622=ORIENTED_EDGE('',*,*,#2540,.F.);
#1623=ORIENTED_EDGE('',*,*,#2584,.F.);
#1624=ORIENTED_EDGE('',*,*,#2533,.F.);
#1625=ORIENTED_EDGE('',*,*,#2508,.T.);
#1626=ORIENTED_EDGE('',*,*,#2492,.F.);
#1627=ORIENTED_EDGE('',*,*,#2477,.F.);
#1628=ORIENTED_EDGE('',*,*,#2462,.F.);
#1629=ORIENTED_EDGE('',*,*,#2447,.F.);
#1630=ORIENTED_EDGE('',*,*,#2428,.F.);
#1631=ORIENTED_EDGE('',*,*,#2568,.F.);
#1632=ORIENTED_EDGE('',*,*,#2412,.F.);
#1633=ORIENTED_EDGE('',*,*,#2397,.F.);
#1634=ORIENTED_EDGE('',*,*,#2382,.F.);
#1635=ORIENTED_EDGE('',*,*,#2367,.F.);
#1636=ORIENTED_EDGE('',*,*,#2424,.T.);
#1637=ORIENTED_EDGE('',*,*,#2409,.T.);
#1638=ORIENTED_EDGE('',*,*,#2394,.T.);
#1639=ORIENTED_EDGE('',*,*,#2379,.T.);
#1640=ORIENTED_EDGE('',*,*,#2364,.T.);
#1641=ORIENTED_EDGE('',*,*,#2565,.F.);
#1642=ORIENTED_EDGE('',*,*,#2544,.T.);
#1643=ORIENTED_EDGE('',*,*,#2566,.T.);
#1644=ORIENTED_EDGE('',*,*,#2411,.T.);
#1645=ORIENTED_EDGE('',*,*,#2567,.F.);
#1646=ORIENTED_EDGE('',*,*,#2542,.T.);
#1647=ORIENTED_EDGE('',*,*,#2556,.F.);
#1648=ORIENTED_EDGE('',*,*,#2346,.T.);
#1649=ORIENTED_EDGE('',*,*,#2366,.T.);
#1650=ORIENTED_EDGE('',*,*,#2381,.T.);
#1651=ORIENTED_EDGE('',*,*,#2396,.T.);
#1652=ORIENTED_EDGE('',*,*,#2421,.T.);
#1653=ORIENTED_EDGE('',*,*,#2406,.T.);
#1654=ORIENTED_EDGE('',*,*,#2391,.T.);
#1655=ORIENTED_EDGE('',*,*,#2376,.T.);
#1656=ORIENTED_EDGE('',*,*,#2360,.T.);
#1657=ORIENTED_EDGE('',*,*,#2563,.F.);
#1658=ORIENTED_EDGE('',*,*,#2548,.T.);
#1659=ORIENTED_EDGE('',*,*,#2582,.T.);
#1660=ORIENTED_EDGE('',*,*,#2423,.T.);
#1661=ORIENTED_EDGE('',*,*,#2583,.F.);
#1662=ORIENTED_EDGE('',*,*,#2546,.T.);
#1663=ORIENTED_EDGE('',*,*,#2564,.F.);
#1664=ORIENTED_EDGE('',*,*,#2362,.T.);
#1665=ORIENTED_EDGE('',*,*,#2378,.T.);
#1666=ORIENTED_EDGE('',*,*,#2393,.T.);
#1667=ORIENTED_EDGE('',*,*,#2408,.T.);
#1668=ORIENTED_EDGE('',*,*,#2418,.T.);
#1669=ORIENTED_EDGE('',*,*,#2403,.T.);
#1670=ORIENTED_EDGE('',*,*,#2388,.T.);
#1671=ORIENTED_EDGE('',*,*,#2373,.T.);
#1672=ORIENTED_EDGE('',*,*,#2356,.T.);
#1673=ORIENTED_EDGE('',*,*,#2561,.F.);
#1674=ORIENTED_EDGE('',*,*,#2552,.T.);
#1675=ORIENTED_EDGE('',*,*,#2580,.T.);
#1676=ORIENTED_EDGE('',*,*,#2420,.T.);
#1677=ORIENTED_EDGE('',*,*,#2581,.F.);
#1678=ORIENTED_EDGE('',*,*,#2550,.T.);
#1679=ORIENTED_EDGE('',*,*,#2562,.F.);
#1680=ORIENTED_EDGE('',*,*,#2358,.T.);
#1681=ORIENTED_EDGE('',*,*,#2375,.T.);
#1682=ORIENTED_EDGE('',*,*,#2390,.T.);
#1683=ORIENTED_EDGE('',*,*,#2405,.T.);
#1684=ORIENTED_EDGE('',*,*,#2414,.T.);
#1685=ORIENTED_EDGE('',*,*,#2399,.T.);
#1686=ORIENTED_EDGE('',*,*,#2384,.T.);
#1687=ORIENTED_EDGE('',*,*,#2369,.T.);
#1688=ORIENTED_EDGE('',*,*,#2350,.T.);
#1689=ORIENTED_EDGE('',*,*,#2558,.F.);
#1690=ORIENTED_EDGE('',*,*,#2536,.T.);
#1691=ORIENTED_EDGE('',*,*,#2578,.T.);
#1692=ORIENTED_EDGE('',*,*,#2417,.T.);
#1693=ORIENTED_EDGE('',*,*,#2579,.F.);
#1694=ORIENTED_EDGE('',*,*,#2554,.T.);
#1695=ORIENTED_EDGE('',*,*,#2560,.F.);
#1696=ORIENTED_EDGE('',*,*,#2354,.T.);
#1697=ORIENTED_EDGE('',*,*,#2372,.T.);
#1698=ORIENTED_EDGE('',*,*,#2387,.T.);
#1699=ORIENTED_EDGE('',*,*,#2402,.T.);
#1700=ORIENTED_EDGE('',*,*,#2444,.T.);
#1701=ORIENTED_EDGE('',*,*,#2570,.T.);
#1702=ORIENTED_EDGE('',*,*,#2530,.T.);
#1703=ORIENTED_EDGE('',*,*,#2520,.F.);
#1704=ORIENTED_EDGE('',*,*,#2504,.T.);
#1705=ORIENTED_EDGE('',*,*,#2489,.T.);
#1706=ORIENTED_EDGE('',*,*,#2474,.T.);
#1707=ORIENTED_EDGE('',*,*,#2459,.T.);
#1708=ORIENTED_EDGE('',*,*,#2426,.T.);
#1709=ORIENTED_EDGE('',*,*,#2446,.T.);
#1710=ORIENTED_EDGE('',*,*,#2461,.T.);
#1711=ORIENTED_EDGE('',*,*,#2476,.T.);
#1712=ORIENTED_EDGE('',*,*,#2491,.T.);
#1713=ORIENTED_EDGE('',*,*,#2507,.F.);
#1714=ORIENTED_EDGE('',*,*,#2532,.T.);
#1715=ORIENTED_EDGE('',*,*,#2569,.F.);
#1716=ORIENTED_EDGE('',*,*,#2442,.T.);
#1717=ORIENTED_EDGE('',*,*,#2458,.T.);
#1718=ORIENTED_EDGE('',*,*,#2473,.T.);
#1719=ORIENTED_EDGE('',*,*,#2488,.T.);
#1720=ORIENTED_EDGE('',*,*,#2503,.T.);
#1721=ORIENTED_EDGE('',*,*,#2519,.F.);
#1722=ORIENTED_EDGE('',*,*,#2529,.T.);
#1723=ORIENTED_EDGE('',*,*,#2571,.F.);
#1724=ORIENTED_EDGE('',*,*,#2440,.T.);
#1725=ORIENTED_EDGE('',*,*,#2572,.T.);
#1726=ORIENTED_EDGE('',*,*,#2527,.T.);
#1727=ORIENTED_EDGE('',*,*,#2517,.F.);
#1728=ORIENTED_EDGE('',*,*,#2501,.T.);
#1729=ORIENTED_EDGE('',*,*,#2486,.T.);
#1730=ORIENTED_EDGE('',*,*,#2471,.T.);
#1731=ORIENTED_EDGE('',*,*,#2456,.T.);
#1732=ORIENTED_EDGE('',*,*,#2438,.T.);
#1733=ORIENTED_EDGE('',*,*,#2455,.T.);
#1734=ORIENTED_EDGE('',*,*,#2470,.T.);
#1735=ORIENTED_EDGE('',*,*,#2485,.T.);
#1736=ORIENTED_EDGE('',*,*,#2500,.T.);
#1737=ORIENTED_EDGE('',*,*,#2516,.F.);
#1738=ORIENTED_EDGE('',*,*,#2526,.T.);
#1739=ORIENTED_EDGE('',*,*,#2573,.F.);
#1740=ORIENTED_EDGE('',*,*,#2436,.T.);
#1741=ORIENTED_EDGE('',*,*,#2574,.T.);
#1742=ORIENTED_EDGE('',*,*,#2524,.T.);
#1743=ORIENTED_EDGE('',*,*,#2514,.F.);
#1744=ORIENTED_EDGE('',*,*,#2498,.T.);
#1745=ORIENTED_EDGE('',*,*,#2483,.T.);
#1746=ORIENTED_EDGE('',*,*,#2468,.T.);
#1747=ORIENTED_EDGE('',*,*,#2453,.T.);
#1748=ORIENTED_EDGE('',*,*,#2430,.T.);
#1749=ORIENTED_EDGE('',*,*,#2576,.T.);
#1750=ORIENTED_EDGE('',*,*,#2521,.T.);
#1751=ORIENTED_EDGE('',*,*,#2509,.F.);
#1752=ORIENTED_EDGE('',*,*,#2494,.T.);
#1753=ORIENTED_EDGE('',*,*,#2479,.T.);
#1754=ORIENTED_EDGE('',*,*,#2464,.T.);
#1755=ORIENTED_EDGE('',*,*,#2449,.T.);
#1756=ORIENTED_EDGE('',*,*,#2434,.T.);
#1757=ORIENTED_EDGE('',*,*,#2452,.T.);
#1758=ORIENTED_EDGE('',*,*,#2467,.T.);
#1759=ORIENTED_EDGE('',*,*,#2482,.T.);
#1760=ORIENTED_EDGE('',*,*,#2497,.T.);
#1761=ORIENTED_EDGE('',*,*,#2513,.F.);
#1762=ORIENTED_EDGE('',*,*,#2523,.T.);
#1763=ORIENTED_EDGE('',*,*,#2575,.F.);
#1764=EDGE_CURVE('',#2586,#2587,#3134,.T.);
#1765=EDGE_CURVE('',#2588,#2587,#3135,.T.);
#1766=EDGE_CURVE('',#2588,#2589,#3136,.T.);
#1767=EDGE_CURVE('',#2589,#2586,#3137,.T.);
#1768=EDGE_CURVE('',#2590,#2591,#3138,.T.);
#1769=EDGE_CURVE('',#2591,#2592,#3139,.T.);
#1770=EDGE_CURVE('',#2592,#2593,#3140,.T.);
#1771=EDGE_CURVE('',#2593,#2594,#3141,.T.);
#1772=EDGE_CURVE('',#2594,#2595,#3142,.T.);
#1773=EDGE_CURVE('',#2595,#2596,#3143,.T.);
#1774=EDGE_CURVE('',#2596,#2597,#3144,.T.);
#1775=EDGE_CURVE('',#2597,#2598,#3145,.T.);
#1776=EDGE_CURVE('',#2598,#2599,#3146,.T.);
#1777=EDGE_CURVE('',#2599,#2600,#3147,.T.);
#1778=EDGE_CURVE('',#2600,#2601,#3148,.T.);
#1779=EDGE_CURVE('',#2601,#2590,#3149,.T.);
#1780=EDGE_CURVE('',#2602,#2603,#3150,.T.);
#1781=EDGE_CURVE('',#2603,#2604,#3151,.T.);
#1782=EDGE_CURVE('',#2604,#2605,#3152,.T.);
#1783=EDGE_CURVE('',#2605,#2606,#3153,.T.);
#1784=EDGE_CURVE('',#2606,#2607,#3154,.T.);
#1785=EDGE_CURVE('',#2607,#2608,#3155,.T.);
#1786=EDGE_CURVE('',#2608,#2609,#3156,.T.);
#1787=EDGE_CURVE('',#2609,#2610,#3157,.T.);
#1788=EDGE_CURVE('',#2610,#2611,#3158,.T.);
#1789=EDGE_CURVE('',#2611,#2612,#3159,.T.);
#1790=EDGE_CURVE('',#2612,#2613,#3160,.T.);
#1791=EDGE_CURVE('',#2613,#2602,#3161,.T.);
#1792=EDGE_CURVE('',#2614,#2615,#3162,.T.);
#1793=EDGE_CURVE('',#2616,#2615,#3163,.T.);
#1794=EDGE_CURVE('',#2616,#2617,#3164,.T.);
#1795=EDGE_CURVE('',#2617,#2614,#3165,.T.);
#1796=EDGE_CURVE('',#2618,#2619,#3166,.T.);
#1797=EDGE_CURVE('',#2619,#2620,#3167,.T.);
#1798=EDGE_CURVE('',#2620,#2621,#3168,.T.);
#1799=EDGE_CURVE('',#2621,#2622,#3169,.T.);
#1800=EDGE_CURVE('',#2622,#2623,#3170,.T.);
#1801=EDGE_CURVE('',#2623,#2624,#3171,.T.);
#1802=EDGE_CURVE('',#2624,#2625,#3172,.T.);
#1803=EDGE_CURVE('',#2625,#2626,#3173,.T.);
#1804=EDGE_CURVE('',#2626,#2627,#3174,.T.);
#1805=EDGE_CURVE('',#2627,#2628,#3175,.T.);
#1806=EDGE_CURVE('',#2628,#2629,#3176,.T.);
#1807=EDGE_CURVE('',#2629,#2618,#3177,.T.);
#1808=EDGE_CURVE('',#2630,#2631,#3178,.T.);
#1809=EDGE_CURVE('',#2631,#2632,#3179,.T.);
#1810=EDGE_CURVE('',#2632,#2633,#3180,.T.);
#1811=EDGE_CURVE('',#2633,#2634,#3181,.T.);
#1812=EDGE_CURVE('',#2634,#2635,#3182,.T.);
#1813=EDGE_CURVE('',#2635,#2636,#3183,.T.);
#1814=EDGE_CURVE('',#2636,#2637,#3184,.T.);
#1815=EDGE_CURVE('',#2637,#2638,#3185,.T.);
#1816=EDGE_CURVE('',#2638,#2639,#3186,.T.);
#1817=EDGE_CURVE('',#2639,#2640,#3187,.T.);
#1818=EDGE_CURVE('',#2640,#2641,#3188,.T.);
#1819=EDGE_CURVE('',#2641,#2630,#3189,.T.);
#1820=EDGE_CURVE('',#2642,#2643,#3190,.T.);
#1821=EDGE_CURVE('',#2644,#2643,#3191,.T.);
#1822=EDGE_CURVE('',#2644,#2645,#3192,.T.);
#1823=EDGE_CURVE('',#2645,#2642,#3193,.T.);
#1824=EDGE_CURVE('',#2646,#2647,#3194,.T.);
#1825=EDGE_CURVE('',#2647,#2648,#3195,.T.);
#1826=EDGE_CURVE('',#2648,#2649,#3196,.T.);
#1827=EDGE_CURVE('',#2649,#2650,#3197,.T.);
#1828=EDGE_CURVE('',#2650,#2651,#3198,.T.);
#1829=EDGE_CURVE('',#2651,#2652,#3199,.T.);
#1830=EDGE_CURVE('',#2652,#2653,#3200,.T.);
#1831=EDGE_CURVE('',#2653,#2654,#3201,.T.);
#1832=EDGE_CURVE('',#2654,#2655,#3202,.T.);
#1833=EDGE_CURVE('',#2655,#2656,#3203,.T.);
#1834=EDGE_CURVE('',#2656,#2657,#3204,.T.);
#1835=EDGE_CURVE('',#2657,#2646,#3205,.T.);
#1836=EDGE_CURVE('',#2658,#2659,#3206,.T.);
#1837=EDGE_CURVE('',#2659,#2660,#3207,.T.);
#1838=EDGE_CURVE('',#2660,#2661,#3208,.T.);
#1839=EDGE_CURVE('',#2661,#2662,#3209,.T.);
#1840=EDGE_CURVE('',#2662,#2663,#3210,.T.);
#1841=EDGE_CURVE('',#2663,#2664,#3211,.T.);
#1842=EDGE_CURVE('',#2664,#2665,#3212,.T.);
#1843=EDGE_CURVE('',#2665,#2666,#3213,.T.);
#1844=EDGE_CURVE('',#2666,#2667,#3214,.T.);
#1845=EDGE_CURVE('',#2667,#2668,#3215,.T.);
#1846=EDGE_CURVE('',#2668,#2669,#3216,.T.);
#1847=EDGE_CURVE('',#2669,#2658,#3217,.T.);
#1848=EDGE_CURVE('',#2670,#2671,#3218,.T.);
#1849=EDGE_CURVE('',#2672,#2671,#3219,.T.);
#1850=EDGE_CURVE('',#2672,#2673,#3220,.T.);
#1851=EDGE_CURVE('',#2673,#2670,#3221,.T.);
#1852=EDGE_CURVE('',#2674,#2675,#3222,.T.);
#1853=EDGE_CURVE('',#2675,#2676,#3223,.T.);
#1854=EDGE_CURVE('',#2676,#2677,#3224,.T.);
#1855=EDGE_CURVE('',#2677,#2678,#3225,.T.);
#1856=EDGE_CURVE('',#2678,#2679,#3226,.T.);
#1857=EDGE_CURVE('',#2679,#2680,#3227,.T.);
#1858=EDGE_CURVE('',#2680,#2681,#3228,.T.);
#1859=EDGE_CURVE('',#2681,#2682,#3229,.T.);
#1860=EDGE_CURVE('',#2682,#2683,#3230,.T.);
#1861=EDGE_CURVE('',#2683,#2684,#3231,.T.);
#1862=EDGE_CURVE('',#2684,#2685,#3232,.T.);
#1863=EDGE_CURVE('',#2685,#2674,#3233,.T.);
#1864=EDGE_CURVE('',#2686,#2687,#3234,.T.);
#1865=EDGE_CURVE('',#2687,#2688,#3235,.T.);
#1866=EDGE_CURVE('',#2688,#2689,#3236,.T.);
#1867=EDGE_CURVE('',#2689,#2690,#3237,.T.);
#1868=EDGE_CURVE('',#2690,#2691,#3238,.T.);
#1869=EDGE_CURVE('',#2691,#2692,#3239,.T.);
#1870=EDGE_CURVE('',#2692,#2693,#3240,.T.);
#1871=EDGE_CURVE('',#2693,#2694,#3241,.T.);
#1872=EDGE_CURVE('',#2694,#2695,#3242,.T.);
#1873=EDGE_CURVE('',#2695,#2696,#3243,.T.);
#1874=EDGE_CURVE('',#2696,#2697,#3244,.T.);
#1875=EDGE_CURVE('',#2697,#2686,#3245,.T.);
#1876=EDGE_CURVE('',#2698,#2699,#3246,.T.);
#1877=EDGE_CURVE('',#2700,#2699,#3247,.T.);
#1878=EDGE_CURVE('',#2700,#2701,#3248,.T.);
#1879=EDGE_CURVE('',#2701,#2698,#3249,.T.);
#1880=EDGE_CURVE('',#2702,#2703,#3250,.T.);
#1881=EDGE_CURVE('',#2703,#2704,#3251,.T.);
#1882=EDGE_CURVE('',#2704,#2705,#3252,.T.);
#1883=EDGE_CURVE('',#2705,#2706,#3253,.T.);
#1884=EDGE_CURVE('',#2706,#2707,#3254,.T.);
#1885=EDGE_CURVE('',#2707,#2708,#3255,.T.);
#1886=EDGE_CURVE('',#2708,#2709,#3256,.T.);
#1887=EDGE_CURVE('',#2709,#2710,#3257,.T.);
#1888=EDGE_CURVE('',#2710,#2711,#3258,.T.);
#1889=EDGE_CURVE('',#2711,#2712,#3259,.T.);
#1890=EDGE_CURVE('',#2712,#2713,#3260,.T.);
#1891=EDGE_CURVE('',#2713,#2702,#3261,.T.);
#1892=EDGE_CURVE('',#2714,#2715,#3262,.T.);
#1893=EDGE_CURVE('',#2715,#2716,#3263,.T.);
#1894=EDGE_CURVE('',#2716,#2717,#3264,.T.);
#1895=EDGE_CURVE('',#2717,#2718,#3265,.T.);
#1896=EDGE_CURVE('',#2718,#2719,#3266,.T.);
#1897=EDGE_CURVE('',#2719,#2720,#3267,.T.);
#1898=EDGE_CURVE('',#2720,#2721,#3268,.T.);
#1899=EDGE_CURVE('',#2721,#2722,#3269,.T.);
#1900=EDGE_CURVE('',#2722,#2723,#3270,.T.);
#1901=EDGE_CURVE('',#2723,#2724,#3271,.T.);
#1902=EDGE_CURVE('',#2724,#2725,#3272,.T.);
#1903=EDGE_CURVE('',#2725,#2714,#3273,.T.);
#1904=EDGE_CURVE('',#2726,#2727,#3274,.T.);
#1905=EDGE_CURVE('',#2726,#2619,#3275,.T.);
#1906=EDGE_CURVE('',#2728,#2618,#3276,.T.);
#1907=EDGE_CURVE('',#2728,#2729,#3277,.T.);
#1908=EDGE_CURVE('',#2729,#2623,#3278,.T.);
#1909=EDGE_CURVE('',#2622,#2727,#3279,.T.);
#1910=EDGE_CURVE('',#2628,#2730,#3280,.T.);
#1911=EDGE_CURVE('',#2731,#2730,#3281,.T.);
#1912=EDGE_CURVE('',#2731,#2625,#3282,.T.);
#1913=EDGE_CURVE('',#2732,#2624,#3283,.T.);
#1914=EDGE_CURVE('',#2732,#2733,#3284,.T.);
#1915=EDGE_CURVE('',#2733,#2629,#3285,.T.);
#1916=EDGE_CURVE('',#2734,#2735,#3286,.T.);
#1917=EDGE_CURVE('',#2734,#2647,#3287,.T.);
#1918=EDGE_CURVE('',#2736,#2646,#3288,.T.);
#1919=EDGE_CURVE('',#2736,#2737,#3289,.T.);
#1920=EDGE_CURVE('',#2737,#2651,#3290,.T.);
#1921=EDGE_CURVE('',#2650,#2735,#3291,.T.);
#1922=EDGE_CURVE('',#2656,#2738,#3292,.T.);
#1923=EDGE_CURVE('',#2739,#2738,#3293,.T.);
#1924=EDGE_CURVE('',#2739,#2653,#3294,.T.);
#1925=EDGE_CURVE('',#2740,#2652,#3295,.T.);
#1926=EDGE_CURVE('',#2740,#2741,#3296,.T.);
#1927=EDGE_CURVE('',#2741,#2657,#3297,.T.);
#1928=EDGE_CURVE('',#2742,#2743,#3298,.T.);
#1929=EDGE_CURVE('',#2742,#2675,#3299,.T.);
#1930=EDGE_CURVE('',#2744,#2674,#3300,.T.);
#1931=EDGE_CURVE('',#2744,#2745,#3301,.T.);
#1932=EDGE_CURVE('',#2745,#2679,#3302,.T.);
#1933=EDGE_CURVE('',#2678,#2743,#3303,.T.);
#1934=EDGE_CURVE('',#2684,#2746,#3304,.T.);
#1935=EDGE_CURVE('',#2747,#2746,#3305,.T.);
#1936=EDGE_CURVE('',#2747,#2681,#3306,.T.);
#1937=EDGE_CURVE('',#2748,#2680,#3307,.T.);
#1938=EDGE_CURVE('',#2748,#2749,#3308,.T.);
#1939=EDGE_CURVE('',#2749,#2685,#3309,.T.);
#1940=EDGE_CURVE('',#2750,#2751,#3310,.T.);
#1941=EDGE_CURVE('',#2750,#2703,#3311,.T.);
#1942=EDGE_CURVE('',#2752,#2702,#3312,.T.);
#1943=EDGE_CURVE('',#2752,#2753,#3313,.T.);
#1944=EDGE_CURVE('',#2753,#2707,#3314,.T.);
#1945=EDGE_CURVE('',#2706,#2751,#3315,.T.);
#1946=EDGE_CURVE('',#2712,#2754,#3316,.T.);
#1947=EDGE_CURVE('',#2755,#2754,#3317,.T.);
#1948=EDGE_CURVE('',#2755,#2709,#3318,.T.);
#1949=EDGE_CURVE('',#2756,#2708,#3319,.T.);
#1950=EDGE_CURVE('',#2756,#2757,#3320,.T.);
#1951=EDGE_CURVE('',#2757,#2713,#3321,.T.);
#1952=EDGE_CURVE('',#2758,#2759,#3322,.T.);
#1953=EDGE_CURVE('',#2758,#2603,#3323,.T.);
#1954=EDGE_CURVE('',#2760,#2602,#3324,.T.);
#1955=EDGE_CURVE('',#2760,#2761,#3325,.T.);
#1956=EDGE_CURVE('',#2761,#2607,#3326,.T.);
#1957=EDGE_CURVE('',#2606,#2759,#3327,.T.);
#1958=EDGE_CURVE('',#2612,#2762,#3328,.T.);
#1959=EDGE_CURVE('',#2763,#2762,#3329,.T.);
#1960=EDGE_CURVE('',#2763,#2609,#3330,.T.);
#1961=EDGE_CURVE('',#2764,#2608,#3331,.T.);
#1962=EDGE_CURVE('',#2764,#2765,#3332,.T.);
#1963=EDGE_CURVE('',#2765,#2613,#3333,.T.);
#1964=EDGE_CURVE('',#2766,#2767,#3334,.T.);
#1965=EDGE_CURVE('',#2766,#2631,#3335,.T.);
#1966=EDGE_CURVE('',#2768,#2630,#3336,.T.);
#1967=EDGE_CURVE('',#2768,#2769,#3337,.T.);
#1968=EDGE_CURVE('',#2769,#2635,#3338,.T.);
#1969=EDGE_CURVE('',#2634,#2767,#3339,.T.);
#1970=EDGE_CURVE('',#2640,#2770,#3340,.T.);
#1971=EDGE_CURVE('',#2771,#2770,#3341,.T.);
#1972=EDGE_CURVE('',#2771,#2637,#3342,.T.);
#1973=EDGE_CURVE('',#2772,#2636,#3343,.T.);
#1974=EDGE_CURVE('',#2772,#2773,#3344,.T.);
#1975=EDGE_CURVE('',#2773,#2641,#3345,.T.);
#1976=EDGE_CURVE('',#2774,#2775,#3346,.T.);
#1977=EDGE_CURVE('',#2774,#2659,#3347,.T.);
#1978=EDGE_CURVE('',#2776,#2658,#3348,.T.);
#1979=EDGE_CURVE('',#2776,#2777,#3349,.T.);
#1980=EDGE_CURVE('',#2777,#2663,#3350,.T.);
#1981=EDGE_CURVE('',#2662,#2775,#3351,.T.);
#1982=EDGE_CURVE('',#2668,#2778,#3352,.T.);
#1983=EDGE_CURVE('',#2779,#2778,#3353,.T.);
#1984=EDGE_CURVE('',#2779,#2665,#3354,.T.);
#1985=EDGE_CURVE('',#2780,#2664,#3355,.T.);
#1986=EDGE_CURVE('',#2780,#2781,#3356,.T.);
#1987=EDGE_CURVE('',#2781,#2669,#3357,.T.);
#1988=EDGE_CURVE('',#2782,#2783,#3358,.T.);
#1989=EDGE_CURVE('',#2782,#2687,#3359,.T.);
#1990=EDGE_CURVE('',#2784,#2686,#3360,.T.);
#1991=EDGE_CURVE('',#2784,#2785,#3361,.T.);
#1992=EDGE_CURVE('',#2785,#2691,#3362,.T.);
#1993=EDGE_CURVE('',#2690,#2783,#3363,.T.);
#1994=EDGE_CURVE('',#2696,#2786,#3364,.T.);
#1995=EDGE_CURVE('',#2787,#2786,#3365,.T.);
#1996=EDGE_CURVE('',#2787,#2693,#3366,.T.);
#1997=EDGE_CURVE('',#2788,#2692,#3367,.T.);
#1998=EDGE_CURVE('',#2788,#2789,#3368,.T.);
#1999=EDGE_CURVE('',#2789,#2697,#3369,.T.);
#2000=EDGE_CURVE('',#2790,#2791,#3370,.T.);
#2001=EDGE_CURVE('',#2790,#2715,#3371,.T.);
#2002=EDGE_CURVE('',#2792,#2714,#3372,.T.);
#2003=EDGE_CURVE('',#2792,#2793,#3373,.T.);
#2004=EDGE_CURVE('',#2793,#2719,#3374,.T.);
#2005=EDGE_CURVE('',#2718,#2791,#3375,.T.);
#2006=EDGE_CURVE('',#2724,#2794,#3376,.T.);
#2007=EDGE_CURVE('',#2795,#2794,#3377,.T.);
#2008=EDGE_CURVE('',#2795,#2721,#3378,.T.);
#2009=EDGE_CURVE('',#2796,#2720,#3379,.T.);
#2010=EDGE_CURVE('',#2796,#2797,#3380,.T.);
#2011=EDGE_CURVE('',#2797,#2725,#3381,.T.);
#2012=EDGE_CURVE('',#2798,#2799,#3382,.T.);
#2013=EDGE_CURVE('',#2798,#2591,#3383,.T.);
#2014=EDGE_CURVE('',#2800,#2590,#3384,.T.);
#2015=EDGE_CURVE('',#2800,#2801,#3385,.T.);
#2016=EDGE_CURVE('',#2801,#2595,#3386,.T.);
#2017=EDGE_CURVE('',#2594,#2799,#3387,.T.);
#2018=EDGE_CURVE('',#2600,#2802,#3388,.T.);
#2019=EDGE_CURVE('',#2803,#2802,#3389,.T.);
#2020=EDGE_CURVE('',#2803,#2597,#3390,.T.);
#2021=EDGE_CURVE('',#2804,#2596,#3391,.T.);
#2022=EDGE_CURVE('',#2804,#2805,#3392,.T.);
#2023=EDGE_CURVE('',#2805,#2601,#3393,.T.);
#2024=EDGE_CURVE('',#2806,#2807,#3394,.F.);
#2025=EDGE_CURVE('',#2807,#2808,#60,.T.);
#2026=EDGE_CURVE('',#2808,#2809,#3395,.F.);
#2027=EDGE_CURVE('',#2809,#2810,#61,.T.);
#2028=EDGE_CURVE('',#2810,#2811,#3396,.F.);
#2029=EDGE_CURVE('',#2811,#2806,#3397,.F.);
#2030=EDGE_CURVE('',#2797,#2792,#3398,.T.);
#2031=EDGE_CURVE('',#2793,#2796,#3399,.T.);
#2032=EDGE_CURVE('',#2812,#2813,#3400,.F.);
#2033=EDGE_CURVE('',#2813,#2814,#62,.T.);
#2034=EDGE_CURVE('',#2814,#2815,#3401,.F.);
#2035=EDGE_CURVE('',#2815,#2816,#63,.T.);
#2036=EDGE_CURVE('',#2816,#2817,#3402,.F.);
#2037=EDGE_CURVE('',#2817,#2812,#3403,.F.);
#2038=EDGE_CURVE('',#2789,#2784,#3404,.T.);
#2039=EDGE_CURVE('',#2785,#2788,#3405,.T.);
#2040=EDGE_CURVE('',#2818,#2819,#3406,.F.);
#2041=EDGE_CURVE('',#2819,#2820,#64,.T.);
#2042=EDGE_CURVE('',#2820,#2821,#3407,.F.);
#2043=EDGE_CURVE('',#2821,#2822,#65,.T.);
#2044=EDGE_CURVE('',#2822,#2823,#3408,.F.);
#2045=EDGE_CURVE('',#2823,#2818,#3409,.F.);
#2046=EDGE_CURVE('',#2781,#2776,#3410,.T.);
#2047=EDGE_CURVE('',#2777,#2780,#3411,.T.);
#2048=EDGE_CURVE('',#2824,#2825,#3412,.F.);
#2049=EDGE_CURVE('',#2825,#2826,#66,.T.);
#2050=EDGE_CURVE('',#2826,#2827,#3413,.F.);
#2051=EDGE_CURVE('',#2827,#2828,#67,.T.);
#2052=EDGE_CURVE('',#2828,#2829,#3414,.F.);
#2053=EDGE_CURVE('',#2829,#2824,#3415,.F.);
#2054=EDGE_CURVE('',#2773,#2768,#3416,.T.);
#2055=EDGE_CURVE('',#2769,#2772,#3417,.T.);
#2056=EDGE_CURVE('',#2830,#2831,#3418,.F.);
#2057=EDGE_CURVE('',#2831,#2832,#3419,.F.);
#2058=EDGE_CURVE('',#2832,#2833,#3420,.F.);
#2059=EDGE_CURVE('',#2833,#2830,#3421,.F.);
#2060=EDGE_CURVE('',#2765,#2760,#3422,.T.);
#2061=EDGE_CURVE('',#2761,#2764,#3423,.T.);
#2062=EDGE_CURVE('',#2834,#2835,#3424,.F.);
#2063=EDGE_CURVE('',#2835,#2836,#3425,.F.);
#2064=EDGE_CURVE('',#2836,#2837,#3426,.F.);
#2065=EDGE_CURVE('',#2837,#2834,#3427,.F.);
#2066=EDGE_CURVE('',#2757,#2752,#3428,.T.);
#2067=EDGE_CURVE('',#2753,#2756,#3429,.T.);
#2068=EDGE_CURVE('',#2838,#2839,#3430,.F.);
#2069=EDGE_CURVE('',#2839,#2840,#3431,.F.);
#2070=EDGE_CURVE('',#2840,#2841,#3432,.F.);
#2071=EDGE_CURVE('',#2841,#2838,#3433,.F.);
#2072=EDGE_CURVE('',#2749,#2744,#3434,.T.);
#2073=EDGE_CURVE('',#2745,#2748,#3435,.T.);
#2074=EDGE_CURVE('',#2842,#2843,#3436,.F.);
#2075=EDGE_CURVE('',#2843,#2844,#3437,.F.);
#2076=EDGE_CURVE('',#2844,#2845,#3438,.F.);
#2077=EDGE_CURVE('',#2845,#2842,#3439,.F.);
#2078=EDGE_CURVE('',#2741,#2736,#3440,.T.);
#2079=EDGE_CURVE('',#2737,#2740,#3441,.T.);
#2080=EDGE_CURVE('',#2846,#2847,#3442,.F.);
#2081=EDGE_CURVE('',#2847,#2848,#3443,.F.);
#2082=EDGE_CURVE('',#2848,#2849,#3444,.F.);
#2083=EDGE_CURVE('',#2849,#2846,#3445,.F.);
#2084=EDGE_CURVE('',#2733,#2728,#3446,.T.);
#2085=EDGE_CURVE('',#2729,#2732,#3447,.T.);
#2086=EDGE_CURVE('',#2850,#2851,#3448,.F.);
#2087=EDGE_CURVE('',#2851,#2852,#68,.T.);
#2088=EDGE_CURVE('',#2852,#2853,#3449,.F.);
#2089=EDGE_CURVE('',#2853,#2854,#69,.T.);
#2090=EDGE_CURVE('',#2854,#2855,#3450,.F.);
#2091=EDGE_CURVE('',#2855,#2850,#3451,.F.);
#2092=EDGE_CURVE('',#2805,#2800,#3452,.T.);
#2093=EDGE_CURVE('',#2801,#2804,#3453,.T.);
#2094=EDGE_CURVE('',#2856,#2857,#3454,.T.);
#2095=EDGE_CURVE('',#2857,#2858,#3455,.T.);
#2096=EDGE_CURVE('',#2858,#2859,#3456,.T.);
#2097=EDGE_CURVE('',#2859,#2856,#3457,.T.);
#2098=EDGE_CURVE('',#2860,#2861,#70,.T.);
#2099=EDGE_CURVE('',#2862,#2860,#3458,.T.);
#2100=EDGE_CURVE('',#2863,#2862,#3459,.T.);
#2101=EDGE_CURVE('',#2864,#2863,#3460,.T.);
#2102=EDGE_CURVE('',#2865,#2864,#71,.T.);
#2103=EDGE_CURVE('',#2861,#2865,#3461,.T.);
#2104=EDGE_CURVE('',#2866,#2867,#72,.T.);
#2105=EDGE_CURVE('',#2868,#2866,#3462,.T.);
#2106=EDGE_CURVE('',#2869,#2868,#3463,.T.);
#2107=EDGE_CURVE('',#2870,#2869,#3464,.T.);
#2108=EDGE_CURVE('',#2871,#2870,#73,.T.);
#2109=EDGE_CURVE('',#2867,#2871,#3465,.T.);
#2110=EDGE_CURVE('',#2872,#2873,#74,.T.);
#2111=EDGE_CURVE('',#2874,#2872,#3466,.T.);
#2112=EDGE_CURVE('',#2875,#2874,#3467,.T.);
#2113=EDGE_CURVE('',#2876,#2875,#3468,.T.);
#2114=EDGE_CURVE('',#2877,#2876,#75,.T.);
#2115=EDGE_CURVE('',#2873,#2877,#3469,.T.);
#2116=EDGE_CURVE('',#2878,#2879,#76,.T.);
#2117=EDGE_CURVE('',#2880,#2878,#3470,.T.);
#2118=EDGE_CURVE('',#2881,#2880,#3471,.T.);
#2119=EDGE_CURVE('',#2882,#2881,#3472,.T.);
#2120=EDGE_CURVE('',#2883,#2882,#77,.T.);
#2121=EDGE_CURVE('',#2879,#2883,#3473,.T.);
#2122=EDGE_CURVE('',#2884,#2885,#78,.T.);
#2123=EDGE_CURVE('',#2886,#2884,#3474,.T.);
#2124=EDGE_CURVE('',#2887,#2886,#3475,.T.);
#2125=EDGE_CURVE('',#2888,#2887,#3476,.T.);
#2126=EDGE_CURVE('',#2889,#2888,#79,.T.);
#2127=EDGE_CURVE('',#2885,#2889,#3477,.T.);
#2128=EDGE_CURVE('',#2890,#2891,#3478,.T.);
#2129=EDGE_CURVE('',#2892,#2890,#3479,.T.);
#2130=EDGE_CURVE('',#2893,#2892,#3480,.T.);
#2131=EDGE_CURVE('',#2891,#2893,#3481,.T.);
#2132=EDGE_CURVE('',#2894,#2895,#3482,.T.);
#2133=EDGE_CURVE('',#2896,#2894,#3483,.T.);
#2134=EDGE_CURVE('',#2897,#2896,#3484,.T.);
#2135=EDGE_CURVE('',#2895,#2897,#3485,.T.);
#2136=EDGE_CURVE('',#2898,#2899,#3486,.T.);
#2137=EDGE_CURVE('',#2900,#2898,#3487,.T.);
#2138=EDGE_CURVE('',#2901,#2900,#3488,.T.);
#2139=EDGE_CURVE('',#2899,#2901,#3489,.T.);
#2140=EDGE_CURVE('',#2902,#2903,#3490,.T.);
#2141=EDGE_CURVE('',#2904,#2902,#3491,.T.);
#2142=EDGE_CURVE('',#2905,#2904,#3492,.T.);
#2143=EDGE_CURVE('',#2903,#2905,#3493,.T.);
#2144=EDGE_CURVE('',#2906,#2907,#3494,.T.);
#2145=EDGE_CURVE('',#2908,#2906,#3495,.T.);
#2146=EDGE_CURVE('',#2909,#2908,#3496,.T.);
#2147=EDGE_CURVE('',#2907,#2909,#3497,.T.);
#2148=EDGE_CURVE('',#2699,#2910,#3498,.T.);
#2149=EDGE_CURVE('',#2911,#2698,#3499,.T.);
#2150=EDGE_CURVE('',#2911,#2912,#3500,.T.);
#2151=EDGE_CURVE('',#2671,#2912,#3501,.T.);
#2152=EDGE_CURVE('',#2913,#2670,#3502,.T.);
#2153=EDGE_CURVE('',#2913,#2914,#3503,.T.);
#2154=EDGE_CURVE('',#2643,#2914,#3504,.T.);
#2155=EDGE_CURVE('',#2915,#2642,#3505,.T.);
#2156=EDGE_CURVE('',#2915,#2916,#3506,.T.);
#2157=EDGE_CURVE('',#2615,#2916,#3507,.T.);
#2158=EDGE_CURVE('',#2917,#2614,#3508,.T.);
#2159=EDGE_CURVE('',#2917,#2918,#3509,.T.);
#2160=EDGE_CURVE('',#2587,#2918,#3510,.T.);
#2161=EDGE_CURVE('',#2919,#2586,#3511,.T.);
#2162=EDGE_CURVE('',#2919,#2920,#3512,.T.);
#2163=EDGE_CURVE('',#2857,#2920,#3513,.T.);
#2164=EDGE_CURVE('',#2856,#2921,#3514,.T.);
#2165=EDGE_CURVE('',#2921,#2910,#3515,.T.);
#2166=EDGE_CURVE('',#2922,#2700,#3516,.T.);
#2167=EDGE_CURVE('',#2922,#2923,#3517,.T.);
#2168=EDGE_CURVE('',#2859,#2923,#3518,.T.);
#2169=EDGE_CURVE('',#2858,#2924,#3519,.T.);
#2170=EDGE_CURVE('',#2924,#2925,#3520,.T.);
#2171=EDGE_CURVE('',#2589,#2925,#3521,.T.);
#2172=EDGE_CURVE('',#2926,#2588,#3522,.T.);
#2173=EDGE_CURVE('',#2926,#2927,#3523,.T.);
#2174=EDGE_CURVE('',#2617,#2927,#3524,.T.);
#2175=EDGE_CURVE('',#2928,#2616,#3525,.T.);
#2176=EDGE_CURVE('',#2928,#2929,#3526,.T.);
#2177=EDGE_CURVE('',#2645,#2929,#3527,.T.);
#2178=EDGE_CURVE('',#2930,#2644,#3528,.T.);
#2179=EDGE_CURVE('',#2930,#2931,#3529,.T.);
#2180=EDGE_CURVE('',#2673,#2931,#3530,.T.);
#2181=EDGE_CURVE('',#2932,#2672,#3531,.T.);
#2182=EDGE_CURVE('',#2932,#2933,#3532,.T.);
#2183=EDGE_CURVE('',#2701,#2933,#3533,.T.);
#2184=EDGE_CURVE('',#2925,#2919,#3534,.T.);
#2185=EDGE_CURVE('',#2920,#2924,#3535,.T.);
#2186=EDGE_CURVE('',#2910,#2922,#3536,.T.);
#2187=EDGE_CURVE('',#2923,#2921,#3537,.T.);
#2188=EDGE_CURVE('',#2933,#2911,#3538,.T.);
#2189=EDGE_CURVE('',#2912,#2932,#3539,.T.);
#2190=EDGE_CURVE('',#2931,#2913,#3540,.T.);
#2191=EDGE_CURVE('',#2914,#2930,#3541,.T.);
#2192=EDGE_CURVE('',#2929,#2915,#3542,.T.);
#2193=EDGE_CURVE('',#2916,#2928,#3543,.T.);
#2194=EDGE_CURVE('',#2927,#2917,#3544,.T.);
#2195=EDGE_CURVE('',#2918,#2926,#3545,.T.);
#2196=EDGE_CURVE('',#2851,#2860,#3546,.T.);
#2197=EDGE_CURVE('',#2850,#2862,#3547,.T.);
#2198=EDGE_CURVE('',#2852,#2861,#3548,.T.);
#2199=EDGE_CURVE('',#2853,#2865,#3549,.T.);
#2200=EDGE_CURVE('',#2854,#2864,#3550,.T.);
#2201=EDGE_CURVE('',#2855,#2863,#3551,.T.);
#2202=EDGE_CURVE('',#2807,#2866,#3552,.T.);
#2203=EDGE_CURVE('',#2806,#2868,#3553,.T.);
#2204=EDGE_CURVE('',#2808,#2867,#3554,.T.);
#2205=EDGE_CURVE('',#2809,#2871,#3555,.T.);
#2206=EDGE_CURVE('',#2810,#2870,#3556,.T.);
#2207=EDGE_CURVE('',#2811,#2869,#3557,.T.);
#2208=EDGE_CURVE('',#2813,#2872,#3558,.T.);
#2209=EDGE_CURVE('',#2812,#2874,#3559,.T.);
#2210=EDGE_CURVE('',#2814,#2873,#3560,.T.);
#2211=EDGE_CURVE('',#2815,#2877,#3561,.T.);
#2212=EDGE_CURVE('',#2816,#2876,#3562,.T.);
#2213=EDGE_CURVE('',#2817,#2875,#3563,.T.);
#2214=EDGE_CURVE('',#2819,#2878,#3564,.T.);
#2215=EDGE_CURVE('',#2818,#2880,#3565,.T.);
#2216=EDGE_CURVE('',#2820,#2879,#3566,.T.);
#2217=EDGE_CURVE('',#2821,#2883,#3567,.T.);
#2218=EDGE_CURVE('',#2822,#2882,#3568,.T.);
#2219=EDGE_CURVE('',#2823,#2881,#3569,.T.);
#2220=EDGE_CURVE('',#2825,#2884,#3570,.T.);
#2221=EDGE_CURVE('',#2824,#2886,#3571,.T.);
#2222=EDGE_CURVE('',#2826,#2885,#3572,.T.);
#2223=EDGE_CURVE('',#2827,#2889,#3573,.T.);
#2224=EDGE_CURVE('',#2828,#2888,#3574,.T.);
#2225=EDGE_CURVE('',#2829,#2887,#3575,.T.);
#2226=EDGE_CURVE('',#2831,#2890,#3576,.T.);
#2227=EDGE_CURVE('',#2830,#2892,#3577,.T.);
#2228=EDGE_CURVE('',#2832,#2891,#3578,.T.);
#2229=EDGE_CURVE('',#2833,#2893,#3579,.T.);
#2230=EDGE_CURVE('',#2835,#2894,#3580,.T.);
#2231=EDGE_CURVE('',#2834,#2896,#3581,.T.);
#2232=EDGE_CURVE('',#2836,#2895,#3582,.T.);
#2233=EDGE_CURVE('',#2837,#2897,#3583,.T.);
#2234=EDGE_CURVE('',#2839,#2898,#3584,.T.);
#2235=EDGE_CURVE('',#2838,#2900,#3585,.T.);
#2236=EDGE_CURVE('',#2840,#2899,#3586,.T.);
#2237=EDGE_CURVE('',#2841,#2901,#3587,.T.);
#2238=EDGE_CURVE('',#2843,#2902,#3588,.T.);
#2239=EDGE_CURVE('',#2842,#2904,#3589,.T.);
#2240=EDGE_CURVE('',#2844,#2903,#3590,.T.);
#2241=EDGE_CURVE('',#2845,#2905,#3591,.T.);
#2242=EDGE_CURVE('',#2847,#2906,#3592,.T.);
#2243=EDGE_CURVE('',#2846,#2908,#3593,.T.);
#2244=EDGE_CURVE('',#2848,#2907,#3594,.T.);
#2245=EDGE_CURVE('',#2849,#2909,#3595,.T.);
#2246=EDGE_CURVE('',#2934,#2802,#3596,.T.);
#2247=EDGE_CURVE('',#2935,#2934,#3597,.T.);
#2248=EDGE_CURVE('',#2803,#2935,#3598,.T.);
#2249=EDGE_CURVE('',#2935,#2598,#3599,.T.);
#2250=EDGE_CURVE('',#2934,#2599,#3600,.T.);
#2251=EDGE_CURVE('',#2798,#2936,#3601,.T.);
#2252=EDGE_CURVE('',#2936,#2592,#3602,.T.);
#2253=EDGE_CURVE('',#2937,#2593,#3603,.T.);
#2254=EDGE_CURVE('',#2937,#2799,#3604,.T.);
#2255=EDGE_CURVE('',#2936,#2937,#3605,.T.);
#2256=EDGE_CURVE('',#2938,#2794,#3606,.T.);
#2257=EDGE_CURVE('',#2939,#2938,#3607,.T.);
#2258=EDGE_CURVE('',#2795,#2939,#3608,.T.);
#2259=EDGE_CURVE('',#2939,#2722,#3609,.T.);
#2260=EDGE_CURVE('',#2938,#2723,#3610,.T.);
#2261=EDGE_CURVE('',#2790,#2940,#3611,.T.);
#2262=EDGE_CURVE('',#2940,#2716,#3612,.T.);
#2263=EDGE_CURVE('',#2941,#2717,#3613,.T.);
#2264=EDGE_CURVE('',#2941,#2791,#3614,.T.);
#2265=EDGE_CURVE('',#2940,#2941,#3615,.T.);
#2266=EDGE_CURVE('',#2942,#2786,#3616,.T.);
#2267=EDGE_CURVE('',#2943,#2942,#3617,.T.);
#2268=EDGE_CURVE('',#2787,#2943,#3618,.T.);
#2269=EDGE_CURVE('',#2943,#2694,#3619,.T.);
#2270=EDGE_CURVE('',#2942,#2695,#3620,.T.);
#2271=EDGE_CURVE('',#2782,#2944,#3621,.T.);
#2272=EDGE_CURVE('',#2944,#2688,#3622,.T.);
#2273=EDGE_CURVE('',#2945,#2689,#3623,.T.);
#2274=EDGE_CURVE('',#2945,#2783,#3624,.T.);
#2275=EDGE_CURVE('',#2944,#2945,#3625,.T.);
#2276=EDGE_CURVE('',#2946,#2778,#3626,.T.);
#2277=EDGE_CURVE('',#2947,#2946,#3627,.T.);
#2278=EDGE_CURVE('',#2779,#2947,#3628,.T.);
#2279=EDGE_CURVE('',#2947,#2666,#3629,.T.);
#2280=EDGE_CURVE('',#2946,#2667,#3630,.T.);
#2281=EDGE_CURVE('',#2774,#2948,#3631,.T.);
#2282=EDGE_CURVE('',#2948,#2660,#3632,.T.);
#2283=EDGE_CURVE('',#2949,#2661,#3633,.T.);
#2284=EDGE_CURVE('',#2949,#2775,#3634,.T.);
#2285=EDGE_CURVE('',#2948,#2949,#3635,.T.);
#2286=EDGE_CURVE('',#2950,#2770,#3636,.T.);
#2287=EDGE_CURVE('',#2951,#2950,#3637,.T.);
#2288=EDGE_CURVE('',#2771,#2951,#3638,.T.);
#2289=EDGE_CURVE('',#2951,#2638,#3639,.T.);
#2290=EDGE_CURVE('',#2950,#2639,#3640,.T.);
#2291=EDGE_CURVE('',#2766,#2952,#3641,.T.);
#2292=EDGE_CURVE('',#2952,#2632,#3642,.T.);
#2293=EDGE_CURVE('',#2953,#2633,#3643,.T.);
#2294=EDGE_CURVE('',#2953,#2767,#3644,.T.);
#2295=EDGE_CURVE('',#2952,#2953,#3645,.T.);
#2296=EDGE_CURVE('',#2954,#2762,#3646,.T.);
#2297=EDGE_CURVE('',#2955,#2954,#3647,.T.);
#2298=EDGE_CURVE('',#2763,#2955,#3648,.T.);
#2299=EDGE_CURVE('',#2955,#2610,#3649,.T.);
#2300=EDGE_CURVE('',#2954,#2611,#3650,.T.);
#2301=EDGE_CURVE('',#2758,#2956,#3651,.T.);
#2302=EDGE_CURVE('',#2956,#2604,#3652,.T.);
#2303=EDGE_CURVE('',#2957,#2605,#3653,.T.);
#2304=EDGE_CURVE('',#2957,#2759,#3654,.T.);
#2305=EDGE_CURVE('',#2956,#2957,#3655,.T.);
#2306=EDGE_CURVE('',#2958,#2754,#3656,.T.);
#2307=EDGE_CURVE('',#2959,#2958,#3657,.T.);
#2308=EDGE_CURVE('',#2755,#2959,#3658,.T.);
#2309=EDGE_CURVE('',#2959,#2710,#3659,.T.);
#2310=EDGE_CURVE('',#2958,#2711,#3660,.T.);
#2311=EDGE_CURVE('',#2750,#2960,#3661,.T.);
#2312=EDGE_CURVE('',#2960,#2704,#3662,.T.);
#2313=EDGE_CURVE('',#2961,#2705,#3663,.T.);
#2314=EDGE_CURVE('',#2961,#2751,#3664,.T.);
#2315=EDGE_CURVE('',#2960,#2961,#3665,.T.);
#2316=EDGE_CURVE('',#2962,#2746,#3666,.T.);
#2317=EDGE_CURVE('',#2963,#2962,#3667,.T.);
#2318=EDGE_CURVE('',#2747,#2963,#3668,.T.);
#2319=EDGE_CURVE('',#2963,#2682,#3669,.T.);
#2320=EDGE_CURVE('',#2962,#2683,#3670,.T.);
#2321=EDGE_CURVE('',#2742,#2964,#3671,.T.);
#2322=EDGE_CURVE('',#2964,#2676,#3672,.T.);
#2323=EDGE_CURVE('',#2965,#2677,#3673,.T.);
#2324=EDGE_CURVE('',#2965,#2743,#3674,.T.);
#2325=EDGE_CURVE('',#2964,#2965,#3675,.T.);
#2326=EDGE_CURVE('',#2966,#2738,#3676,.T.);
#2327=EDGE_CURVE('',#2967,#2966,#3677,.T.);
#2328=EDGE_CURVE('',#2739,#2967,#3678,.T.);
#2329=EDGE_CURVE('',#2967,#2654,#3679,.T.);
#2330=EDGE_CURVE('',#2966,#2655,#3680,.T.);
#2331=EDGE_CURVE('',#2734,#2968,#3681,.T.);
#2332=EDGE_CURVE('',#2968,#2648,#3682,.T.);
#2333=EDGE_CURVE('',#2969,#2649,#3683,.T.);
#2334=EDGE_CURVE('',#2969,#2735,#3684,.T.);
#2335=EDGE_CURVE('',#2968,#2969,#3685,.T.);
#2336=EDGE_CURVE('',#2970,#2730,#3686,.T.);
#2337=EDGE_CURVE('',#2971,#2970,#3687,.T.);
#2338=EDGE_CURVE('',#2731,#2971,#3688,.T.);
#2339=EDGE_CURVE('',#2971,#2626,#3689,.T.);
#2340=EDGE_CURVE('',#2970,#2627,#3690,.T.);
#2341=EDGE_CURVE('',#2726,#2972,#3691,.T.);
#2342=EDGE_CURVE('',#2972,#2620,#3692,.T.);
#2343=EDGE_CURVE('',#2973,#2621,#3693,.T.);
#2344=EDGE_CURVE('',#2973,#2727,#3694,.T.);
#2345=EDGE_CURVE('',#2972,#2973,#3695,.T.);
#2346=EDGE_CURVE('',#2974,#2975,#3696,.T.);
#2347=EDGE_CURVE('',#2974,#2976,#3697,.T.);
#2348=EDGE_CURVE('',#2976,#2977,#3698,.T.);
#2349=EDGE_CURVE('',#2975,#2977,#3699,.T.);
#2350=EDGE_CURVE('',#2978,#2979,#3700,.T.);
#2351=EDGE_CURVE('',#2980,#2978,#3701,.T.);
#2352=EDGE_CURVE('',#2981,#2980,#3702,.T.);
#2353=EDGE_CURVE('',#2981,#2979,#3703,.T.);
#2354=EDGE_CURVE('',#2982,#2983,#3704,.T.);
#2355=EDGE_CURVE('',#2982,#2984,#3705,.T.);
#2356=EDGE_CURVE('',#2985,#2984,#3706,.T.);
#2357=EDGE_CURVE('',#2983,#2985,#3707,.T.);
#2358=EDGE_CURVE('',#2986,#2987,#3708,.T.);
#2359=EDGE_CURVE('',#2986,#2988,#3709,.T.);
#2360=EDGE_CURVE('',#2989,#2988,#3710,.T.);
#2361=EDGE_CURVE('',#2987,#2989,#3711,.T.);
#2362=EDGE_CURVE('',#2990,#2991,#3712,.T.);
#2363=EDGE_CURVE('',#2990,#2992,#3713,.T.);
#2364=EDGE_CURVE('',#2993,#2992,#3714,.T.);
#2365=EDGE_CURVE('',#2991,#2993,#3715,.T.);
#2366=EDGE_CURVE('',#2975,#2994,#3716,.T.);
#2367=EDGE_CURVE('',#2977,#2995,#3717,.T.);
#2368=EDGE_CURVE('',#2994,#2995,#3718,.T.);
#2369=EDGE_CURVE('',#2996,#2978,#3719,.T.);
#2370=EDGE_CURVE('',#2997,#2996,#3720,.T.);
#2371=EDGE_CURVE('',#2980,#2997,#3721,.T.);
#2372=EDGE_CURVE('',#2983,#2998,#3722,.T.);
#2373=EDGE_CURVE('',#2999,#2985,#3723,.T.);
#2374=EDGE_CURVE('',#2998,#2999,#3724,.T.);
#2375=EDGE_CURVE('',#2987,#3000,#3725,.T.);
#2376=EDGE_CURVE('',#3001,#2989,#3726,.T.);
#2377=EDGE_CURVE('',#3000,#3001,#3727,.T.);
#2378=EDGE_CURVE('',#2991,#3002,#3728,.T.);
#2379=EDGE_CURVE('',#3003,#2993,#3729,.T.);
#2380=EDGE_CURVE('',#3002,#3003,#3730,.T.);
#2381=EDGE_CURVE('',#2994,#3004,#3731,.T.);
#2382=EDGE_CURVE('',#2995,#3005,#3732,.T.);
#2383=EDGE_CURVE('',#3004,#3005,#3733,.T.);
#2384=EDGE_CURVE('',#3006,#2996,#3734,.T.);
#2385=EDGE_CURVE('',#3007,#3006,#3735,.T.);
#2386=EDGE_CURVE('',#2997,#3007,#3736,.T.);
#2387=EDGE_CURVE('',#2998,#3008,#3737,.T.);
#2388=EDGE_CURVE('',#3009,#2999,#3738,.T.);
#2389=EDGE_CURVE('',#3008,#3009,#3739,.T.);
#2390=EDGE_CURVE('',#3000,#3010,#3740,.T.);
#2391=EDGE_CURVE('',#3011,#3001,#3741,.T.);
#2392=EDGE_CURVE('',#3010,#3011,#3742,.T.);
#2393=EDGE_CURVE('',#3002,#3012,#3743,.T.);
#2394=EDGE_CURVE('',#3013,#3003,#3744,.T.);
#2395=EDGE_CURVE('',#3012,#3013,#3745,.T.);
#2396=EDGE_CURVE('',#3004,#3014,#80,.T.);
#2397=EDGE_CURVE('',#3005,#3015,#81,.T.);
#2398=EDGE_CURVE('',#3014,#3015,#3746,.T.);
#2399=EDGE_CURVE('',#3016,#3006,#82,.T.);
#2400=EDGE_CURVE('',#3017,#3016,#3747,.T.);
#2401=EDGE_CURVE('',#3007,#3017,#83,.T.);
#2402=EDGE_CURVE('',#3008,#3018,#84,.T.);
#2403=EDGE_CURVE('',#3019,#3009,#85,.T.);
#2404=EDGE_CURVE('',#3018,#3019,#3748,.T.);
#2405=EDGE_CURVE('',#3010,#3020,#86,.T.);
#2406=EDGE_CURVE('',#3021,#3011,#87,.T.);
#2407=EDGE_CURVE('',#3020,#3021,#3749,.T.);
#2408=EDGE_CURVE('',#3012,#3022,#88,.T.);
#2409=EDGE_CURVE('',#3023,#3013,#89,.T.);
#2410=EDGE_CURVE('',#3022,#3023,#3750,.T.);
#2411=EDGE_CURVE('',#3014,#3024,#3751,.T.);
#2412=EDGE_CURVE('',#3015,#3025,#3752,.T.);
#2413=EDGE_CURVE('',#3024,#3025,#3753,.T.);
#2414=EDGE_CURVE('',#3026,#3016,#3754,.T.);
#2415=EDGE_CURVE('',#3027,#3026,#3755,.T.);
#2416=EDGE_CURVE('',#3017,#3027,#3756,.T.);
#2417=EDGE_CURVE('',#3018,#3028,#3757,.T.);
#2418=EDGE_CURVE('',#3029,#3019,#3758,.T.);
#2419=EDGE_CURVE('',#3028,#3029,#3759,.T.);
#2420=EDGE_CURVE('',#3020,#3030,#3760,.T.);
#2421=EDGE_CURVE('',#3031,#3021,#3761,.T.);
#2422=EDGE_CURVE('',#3030,#3031,#3762,.T.);
#2423=EDGE_CURVE('',#3022,#3032,#3763,.T.);
#2424=EDGE_CURVE('',#3033,#3023,#3764,.T.);
#2425=EDGE_CURVE('',#3032,#3033,#3765,.T.);
#2426=EDGE_CURVE('',#3034,#3035,#3766,.T.);
#2427=EDGE_CURVE('',#3034,#3036,#3767,.T.);
#2428=EDGE_CURVE('',#3036,#3037,#3768,.T.);
#2429=EDGE_CURVE('',#3035,#3037,#3769,.T.);
#2430=EDGE_CURVE('',#3038,#3039,#3770,.T.);
#2431=EDGE_CURVE('',#3040,#3038,#3771,.T.);
#2432=EDGE_CURVE('',#3041,#3040,#3772,.T.);
#2433=EDGE_CURVE('',#3041,#3039,#3773,.T.);
#2434=EDGE_CURVE('',#3042,#3043,#3774,.T.);
#2435=EDGE_CURVE('',#3042,#3044,#3775,.T.);
#2436=EDGE_CURVE('',#3045,#3044,#3776,.T.);
#2437=EDGE_CURVE('',#3043,#3045,#3777,.T.);
#2438=EDGE_CURVE('',#3046,#3047,#3778,.T.);
#2439=EDGE_CURVE('',#3046,#3048,#3779,.T.);
#2440=EDGE_CURVE('',#3049,#3048,#3780,.T.);
#2441=EDGE_CURVE('',#3047,#3049,#3781,.T.);
#2442=EDGE_CURVE('',#3050,#3051,#3782,.T.);
#2443=EDGE_CURVE('',#3050,#3052,#3783,.T.);
#2444=EDGE_CURVE('',#3053,#3052,#3784,.T.);
#2445=EDGE_CURVE('',#3051,#3053,#3785,.T.);
#2446=EDGE_CURVE('',#3035,#3054,#90,.T.);
#2447=EDGE_CURVE('',#3037,#3055,#91,.T.);
#2448=EDGE_CURVE('',#3054,#3055,#3786,.T.);
#2449=EDGE_CURVE('',#3056,#3038,#92,.T.);
#2450=EDGE_CURVE('',#3057,#3056,#3787,.T.);
#2451=EDGE_CURVE('',#3040,#3057,#93,.T.);
#2452=EDGE_CURVE('',#3043,#3058,#94,.T.);
#2453=EDGE_CURVE('',#3059,#3045,#95,.T.);
#2454=EDGE_CURVE('',#3058,#3059,#3788,.T.);
#2455=EDGE_CURVE('',#3047,#3060,#96,.T.);
#2456=EDGE_CURVE('',#3061,#3049,#97,.T.);
#2457=EDGE_CURVE('',#3060,#3061,#3789,.T.);
#2458=EDGE_CURVE('',#3051,#3062,#98,.T.);
#2459=EDGE_CURVE('',#3063,#3053,#99,.T.);
#2460=EDGE_CURVE('',#3062,#3063,#3790,.T.);
#2461=EDGE_CURVE('',#3054,#3064,#3791,.T.);
#2462=EDGE_CURVE('',#3055,#3065,#3792,.T.);
#2463=EDGE_CURVE('',#3064,#3065,#3793,.T.);
#2464=EDGE_CURVE('',#3066,#3056,#3794,.T.);
#2465=EDGE_CURVE('',#3067,#3066,#3795,.T.);
#2466=EDGE_CURVE('',#3057,#3067,#3796,.T.);
#2467=EDGE_CURVE('',#3058,#3068,#3797,.T.);
#2468=EDGE_CURVE('',#3069,#3059,#3798,.T.);
#2469=EDGE_CURVE('',#3068,#3069,#3799,.T.);
#2470=EDGE_CURVE('',#3060,#3070,#3800,.T.);
#2471=EDGE_CURVE('',#3071,#3061,#3801,.T.);
#2472=EDGE_CURVE('',#3070,#3071,#3802,.T.);
#2473=EDGE_CURVE('',#3062,#3072,#3803,.T.);
#2474=EDGE_CURVE('',#3073,#3063,#3804,.T.);
#2475=EDGE_CURVE('',#3072,#3073,#3805,.T.);
#2476=EDGE_CURVE('',#3064,#3074,#3806,.T.);
#2477=EDGE_CURVE('',#3065,#3075,#3807,.T.);
#2478=EDGE_CURVE('',#3074,#3075,#3808,.T.);
#2479=EDGE_CURVE('',#3076,#3066,#3809,.T.);
#2480=EDGE_CURVE('',#3077,#3076,#3810,.T.);
#2481=EDGE_CURVE('',#3067,#3077,#3811,.T.);
#2482=EDGE_CURVE('',#3068,#3078,#3812,.T.);
#2483=EDGE_CURVE('',#3079,#3069,#3813,.T.);
#2484=EDGE_CURVE('',#3078,#3079,#3814,.T.);
#2485=EDGE_CURVE('',#3070,#3080,#3815,.T.);
#2486=EDGE_CURVE('',#3081,#3071,#3816,.T.);
#2487=EDGE_CURVE('',#3080,#3081,#3817,.T.);
#2488=EDGE_CURVE('',#3072,#3082,#3818,.T.);
#2489=EDGE_CURVE('',#3083,#3073,#3819,.T.);
#2490=EDGE_CURVE('',#3082,#3083,#3820,.T.);
#2491=EDGE_CURVE('',#3074,#3084,#3821,.T.);
#2492=EDGE_CURVE('',#3075,#3085,#3822,.T.);
#2493=EDGE_CURVE('',#3084,#3085,#3823,.T.);
#2494=EDGE_CURVE('',#3086,#3076,#3824,.T.);
#2495=EDGE_CURVE('',#3087,#3086,#3825,.T.);
#2496=EDGE_CURVE('',#3077,#3087,#3826,.T.);
#2497=EDGE_CURVE('',#3078,#3088,#3827,.T.);
#2498=EDGE_CURVE('',#3089,#3079,#3828,.T.);
#2499=EDGE_CURVE('',#3088,#3089,#3829,.T.);
#2500=EDGE_CURVE('',#3080,#3090,#3830,.T.);
#2501=EDGE_CURVE('',#3091,#3081,#3831,.T.);
#2502=EDGE_CURVE('',#3090,#3091,#3832,.T.);
#2503=EDGE_CURVE('',#3082,#3092,#3833,.T.);
#2504=EDGE_CURVE('',#3093,#3083,#3834,.T.);
#2505=EDGE_CURVE('',#3092,#3093,#3835,.T.);
#2506=EDGE_CURVE('',#3094,#3095,#3836,.T.);
#2507=EDGE_CURVE('',#3094,#3084,#100,.T.);
#2508=EDGE_CURVE('',#3095,#3085,#101,.T.);
#2509=EDGE_CURVE('',#3086,#3096,#102,.T.);
#2510=EDGE_CURVE('',#3097,#3096,#3837,.T.);
#2511=EDGE_CURVE('',#3097,#3087,#103,.T.);
#2512=EDGE_CURVE('',#3098,#3099,#3838,.T.);
#2513=EDGE_CURVE('',#3098,#3088,#104,.T.);
#2514=EDGE_CURVE('',#3089,#3099,#105,.T.);
#2515=EDGE_CURVE('',#3100,#3101,#3839,.T.);
#2516=EDGE_CURVE('',#3100,#3090,#106,.T.);
#2517=EDGE_CURVE('',#3091,#3101,#107,.T.);
#2518=EDGE_CURVE('',#3102,#3103,#3840,.T.);
#2519=EDGE_CURVE('',#3102,#3092,#108,.T.);
#2520=EDGE_CURVE('',#3093,#3103,#109,.T.);
#2521=EDGE_CURVE('',#3104,#3096,#3841,.T.);
#2522=EDGE_CURVE('',#3105,#3104,#3842,.T.);
#2523=EDGE_CURVE('',#3098,#3105,#3843,.T.);
#2524=EDGE_CURVE('',#3106,#3099,#3844,.T.);
#2525=EDGE_CURVE('',#3107,#3106,#3845,.T.);
#2526=EDGE_CURVE('',#3100,#3107,#3846,.T.);
#2527=EDGE_CURVE('',#3108,#3101,#3847,.T.);
#2528=EDGE_CURVE('',#3109,#3108,#3848,.T.);
#2529=EDGE_CURVE('',#3102,#3109,#3849,.T.);
#2530=EDGE_CURVE('',#3110,#3103,#3850,.T.);
#2531=EDGE_CURVE('',#3111,#3110,#3851,.T.);
#2532=EDGE_CURVE('',#3094,#3111,#3852,.T.);
#2533=EDGE_CURVE('',#3095,#3112,#3853,.T.);
#2534=EDGE_CURVE('',#3113,#3112,#3854,.T.);
#2535=EDGE_CURVE('',#3097,#3113,#3855,.T.);
#2536=EDGE_CURVE('',#3114,#3115,#3856,.T.);
#2537=EDGE_CURVE('',#3116,#3114,#3857,.T.);
#2538=EDGE_CURVE('',#3117,#3116,#3858,.T.);
#2539=EDGE_CURVE('',#3117,#3118,#3859,.T.);
#2540=EDGE_CURVE('',#3118,#3119,#3860,.T.);
#2541=EDGE_CURVE('',#3120,#3119,#3861,.T.);
#2542=EDGE_CURVE('',#3121,#3120,#3862,.T.);
#2543=EDGE_CURVE('',#3122,#3121,#3863,.T.);
#2544=EDGE_CURVE('',#3123,#3122,#3864,.T.);
#2545=EDGE_CURVE('',#3124,#3123,#3865,.T.);
#2546=EDGE_CURVE('',#3125,#3124,#3866,.T.);
#2547=EDGE_CURVE('',#3126,#3125,#3867,.T.);
#2548=EDGE_CURVE('',#3127,#3126,#3868,.T.);
#2549=EDGE_CURVE('',#3128,#3127,#3869,.T.);
#2550=EDGE_CURVE('',#3129,#3128,#3870,.T.);
#2551=EDGE_CURVE('',#3130,#3129,#3871,.T.);
#2552=EDGE_CURVE('',#3131,#3130,#3872,.T.);
#2553=EDGE_CURVE('',#3132,#3131,#3873,.T.);
#2554=EDGE_CURVE('',#3133,#3132,#3874,.T.);
#2555=EDGE_CURVE('',#3115,#3133,#3875,.T.);
#2556=EDGE_CURVE('',#2974,#3120,#110,.T.);
#2557=EDGE_CURVE('',#2976,#3119,#111,.T.);
#2558=EDGE_CURVE('',#3114,#2979,#112,.T.);
#2559=EDGE_CURVE('',#2981,#3116,#113,.T.);
#2560=EDGE_CURVE('',#2982,#3132,#114,.T.);
#2561=EDGE_CURVE('',#3131,#2984,#115,.T.);
#2562=EDGE_CURVE('',#2986,#3128,#116,.T.);
#2563=EDGE_CURVE('',#3127,#2988,#117,.T.);
#2564=EDGE_CURVE('',#2990,#3124,#118,.T.);
#2565=EDGE_CURVE('',#3123,#2992,#119,.T.);
#2566=EDGE_CURVE('',#3122,#3033,#3876,.T.);
#2567=EDGE_CURVE('',#3121,#3024,#3877,.T.);
#2568=EDGE_CURVE('',#3025,#3036,#3878,.T.);
#2569=EDGE_CURVE('',#3034,#3111,#3879,.T.);
#2570=EDGE_CURVE('',#3052,#3110,#3880,.T.);
#2571=EDGE_CURVE('',#3050,#3109,#3881,.T.);
#2572=EDGE_CURVE('',#3048,#3108,#3882,.T.);
#2573=EDGE_CURVE('',#3046,#3107,#3883,.T.);
#2574=EDGE_CURVE('',#3044,#3106,#3884,.T.);
#2575=EDGE_CURVE('',#3042,#3105,#3885,.T.);
#2576=EDGE_CURVE('',#3039,#3104,#3886,.T.);
#2577=EDGE_CURVE('',#3027,#3041,#3887,.T.);
#2578=EDGE_CURVE('',#3115,#3026,#3888,.T.);
#2579=EDGE_CURVE('',#3133,#3028,#3889,.T.);
#2580=EDGE_CURVE('',#3130,#3029,#3890,.T.);
#2581=EDGE_CURVE('',#3129,#3030,#3891,.T.);
#2582=EDGE_CURVE('',#3126,#3031,#3892,.T.);
#2583=EDGE_CURVE('',#3125,#3032,#3893,.T.);
#2584=EDGE_CURVE('',#3112,#3118,#3894,.T.);
#2585=EDGE_CURVE('',#3113,#3117,#3895,.T.);
#2586=VERTEX_POINT('',#7684);
#2587=VERTEX_POINT('',#7685);
#2588=VERTEX_POINT('',#7687);
#2589=VERTEX_POINT('',#7689);
#2590=VERTEX_POINT('',#7692);
#2591=VERTEX_POINT('',#7693);
#2592=VERTEX_POINT('',#7695);
#2593=VERTEX_POINT('',#7697);
#2594=VERTEX_POINT('',#7699);
#2595=VERTEX_POINT('',#7701);
#2596=VERTEX_POINT('',#7703);
#2597=VERTEX_POINT('',#7705);
#2598=VERTEX_POINT('',#7707);
#2599=VERTEX_POINT('',#7709);
#2600=VERTEX_POINT('',#7711);
#2601=VERTEX_POINT('',#7713);
#2602=VERTEX_POINT('',#7716);
#2603=VERTEX_POINT('',#7717);
#2604=VERTEX_POINT('',#7719);
#2605=VERTEX_POINT('',#7721);
#2606=VERTEX_POINT('',#7723);
#2607=VERTEX_POINT('',#7725);
#2608=VERTEX_POINT('',#7727);
#2609=VERTEX_POINT('',#7729);
#2610=VERTEX_POINT('',#7731);
#2611=VERTEX_POINT('',#7733);
#2612=VERTEX_POINT('',#7735);
#2613=VERTEX_POINT('',#7737);
#2614=VERTEX_POINT('',#7741);
#2615=VERTEX_POINT('',#7742);
#2616=VERTEX_POINT('',#7744);
#2617=VERTEX_POINT('',#7746);
#2618=VERTEX_POINT('',#7749);
#2619=VERTEX_POINT('',#7750);
#2620=VERTEX_POINT('',#7752);
#2621=VERTEX_POINT('',#7754);
#2622=VERTEX_POINT('',#7756);
#2623=VERTEX_POINT('',#7758);
#2624=VERTEX_POINT('',#7760);
#2625=VERTEX_POINT('',#7762);
#2626=VERTEX_POINT('',#7764);
#2627=VERTEX_POINT('',#7766);
#2628=VERTEX_POINT('',#7768);
#2629=VERTEX_POINT('',#7770);
#2630=VERTEX_POINT('',#7773);
#2631=VERTEX_POINT('',#7774);
#2632=VERTEX_POINT('',#7776);
#2633=VERTEX_POINT('',#7778);
#2634=VERTEX_POINT('',#7780);
#2635=VERTEX_POINT('',#7782);
#2636=VERTEX_POINT('',#7784);
#2637=VERTEX_POINT('',#7786);
#2638=VERTEX_POINT('',#7788);
#2639=VERTEX_POINT('',#7790);
#2640=VERTEX_POINT('',#7792);
#2641=VERTEX_POINT('',#7794);
#2642=VERTEX_POINT('',#7798);
#2643=VERTEX_POINT('',#7799);
#2644=VERTEX_POINT('',#7801);
#2645=VERTEX_POINT('',#7803);
#2646=VERTEX_POINT('',#7806);
#2647=VERTEX_POINT('',#7807);
#2648=VERTEX_POINT('',#7809);
#2649=VERTEX_POINT('',#7811);
#2650=VERTEX_POINT('',#7813);
#2651=VERTEX_POINT('',#7815);
#2652=VERTEX_POINT('',#7817);
#2653=VERTEX_POINT('',#7819);
#2654=VERTEX_POINT('',#7821);
#2655=VERTEX_POINT('',#7823);
#2656=VERTEX_POINT('',#7825);
#2657=VERTEX_POINT('',#7827);
#2658=VERTEX_POINT('',#7830);
#2659=VERTEX_POINT('',#7831);
#2660=VERTEX_POINT('',#7833);
#2661=VERTEX_POINT('',#7835);
#2662=VERTEX_POINT('',#7837);
#2663=VERTEX_POINT('',#7839);
#2664=VERTEX_POINT('',#7841);
#2665=VERTEX_POINT('',#7843);
#2666=VERTEX_POINT('',#7845);
#2667=VERTEX_POINT('',#7847);
#2668=VERTEX_POINT('',#7849);
#2669=VERTEX_POINT('',#7851);
#2670=VERTEX_POINT('',#7855);
#2671=VERTEX_POINT('',#7856);
#2672=VERTEX_POINT('',#7858);
#2673=VERTEX_POINT('',#7860);
#2674=VERTEX_POINT('',#7863);
#2675=VERTEX_POINT('',#7864);
#2676=VERTEX_POINT('',#7866);
#2677=VERTEX_POINT('',#7868);
#2678=VERTEX_POINT('',#7870);
#2679=VERTEX_POINT('',#7872);
#2680=VERTEX_POINT('',#7874);
#2681=VERTEX_POINT('',#7876);
#2682=VERTEX_POINT('',#7878);
#2683=VERTEX_POINT('',#7880);
#2684=VERTEX_POINT('',#7882);
#2685=VERTEX_POINT('',#7884);
#2686=VERTEX_POINT('',#7887);
#2687=VERTEX_POINT('',#7888);
#2688=VERTEX_POINT('',#7890);
#2689=VERTEX_POINT('',#7892);
#2690=VERTEX_POINT('',#7894);
#2691=VERTEX_POINT('',#7896);
#2692=VERTEX_POINT('',#7898);
#2693=VERTEX_POINT('',#7900);
#2694=VERTEX_POINT('',#7902);
#2695=VERTEX_POINT('',#7904);
#2696=VERTEX_POINT('',#7906);
#2697=VERTEX_POINT('',#7908);
#2698=VERTEX_POINT('',#7912);
#2699=VERTEX_POINT('',#7913);
#2700=VERTEX_POINT('',#7915);
#2701=VERTEX_POINT('',#7917);
#2702=VERTEX_POINT('',#7920);
#2703=VERTEX_POINT('',#7921);
#2704=VERTEX_POINT('',#7923);
#2705=VERTEX_POINT('',#7925);
#2706=VERTEX_POINT('',#7927);
#2707=VERTEX_POINT('',#7929);
#2708=VERTEX_POINT('',#7931);
#2709=VERTEX_POINT('',#7933);
#2710=VERTEX_POINT('',#7935);
#2711=VERTEX_POINT('',#7937);
#2712=VERTEX_POINT('',#7939);
#2713=VERTEX_POINT('',#7941);
#2714=VERTEX_POINT('',#7944);
#2715=VERTEX_POINT('',#7945);
#2716=VERTEX_POINT('',#7947);
#2717=VERTEX_POINT('',#7949);
#2718=VERTEX_POINT('',#7951);
#2719=VERTEX_POINT('',#7953);
#2720=VERTEX_POINT('',#7955);
#2721=VERTEX_POINT('',#7957);
#2722=VERTEX_POINT('',#7959);
#2723=VERTEX_POINT('',#7961);
#2724=VERTEX_POINT('',#7963);
#2725=VERTEX_POINT('',#7965);
#2726=VERTEX_POINT('',#7969);
#2727=VERTEX_POINT('',#7970);
#2728=VERTEX_POINT('',#7973);
#2729=VERTEX_POINT('',#7975);
#2730=VERTEX_POINT('',#7980);
#2731=VERTEX_POINT('',#7982);
#2732=VERTEX_POINT('',#7985);
#2733=VERTEX_POINT('',#7987);
#2734=VERTEX_POINT('',#7991);
#2735=VERTEX_POINT('',#7992);
#2736=VERTEX_POINT('',#7995);
#2737=VERTEX_POINT('',#7997);
#2738=VERTEX_POINT('',#8002);
#2739=VERTEX_POINT('',#8004);
#2740=VERTEX_POINT('',#8007);
#2741=VERTEX_POINT('',#8009);
#2742=VERTEX_POINT('',#8013);
#2743=VERTEX_POINT('',#8014);
#2744=VERTEX_POINT('',#8017);
#2745=VERTEX_POINT('',#8019);
#2746=VERTEX_POINT('',#8024);
#2747=VERTEX_POINT('',#8026);
#2748=VERTEX_POINT('',#8029);
#2749=VERTEX_POINT('',#8031);
#2750=VERTEX_POINT('',#8035);
#2751=VERTEX_POINT('',#8036);
#2752=VERTEX_POINT('',#8039);
#2753=VERTEX_POINT('',#8041);
#2754=VERTEX_POINT('',#8046);
#2755=VERTEX_POINT('',#8048);
#2756=VERTEX_POINT('',#8051);
#2757=VERTEX_POINT('',#8053);
#2758=VERTEX_POINT('',#8057);
#2759=VERTEX_POINT('',#8058);
#2760=VERTEX_POINT('',#8061);
#2761=VERTEX_POINT('',#8063);
#2762=VERTEX_POINT('',#8068);
#2763=VERTEX_POINT('',#8070);
#2764=VERTEX_POINT('',#8073);
#2765=VERTEX_POINT('',#8075);
#2766=VERTEX_POINT('',#8079);
#2767=VERTEX_POINT('',#8080);
#2768=VERTEX_POINT('',#8083);
#2769=VERTEX_POINT('',#8085);
#2770=VERTEX_POINT('',#8090);
#2771=VERTEX_POINT('',#8092);
#2772=VERTEX_POINT('',#8095);
#2773=VERTEX_POINT('',#8097);
#2774=VERTEX_POINT('',#8101);
#2775=VERTEX_POINT('',#8102);
#2776=VERTEX_POINT('',#8105);
#2777=VERTEX_POINT('',#8107);
#2778=VERTEX_POINT('',#8112);
#2779=VERTEX_POINT('',#8114);
#2780=VERTEX_POINT('',#8117);
#2781=VERTEX_POINT('',#8119);
#2782=VERTEX_POINT('',#8123);
#2783=VERTEX_POINT('',#8124);
#2784=VERTEX_POINT('',#8127);
#2785=VERTEX_POINT('',#8129);
#2786=VERTEX_POINT('',#8134);
#2787=VERTEX_POINT('',#8136);
#2788=VERTEX_POINT('',#8139);
#2789=VERTEX_POINT('',#8141);
#2790=VERTEX_POINT('',#8145);
#2791=VERTEX_POINT('',#8146);
#2792=VERTEX_POINT('',#8149);
#2793=VERTEX_POINT('',#8151);
#2794=VERTEX_POINT('',#8156);
#2795=VERTEX_POINT('',#8158);
#2796=VERTEX_POINT('',#8161);
#2797=VERTEX_POINT('',#8163);
#2798=VERTEX_POINT('',#8167);
#2799=VERTEX_POINT('',#8168);
#2800=VERTEX_POINT('',#8171);
#2801=VERTEX_POINT('',#8173);
#2802=VERTEX_POINT('',#8178);
#2803=VERTEX_POINT('',#8180);
#2804=VERTEX_POINT('',#8183);
#2805=VERTEX_POINT('',#8185);
#2806=VERTEX_POINT('',#8189);
#2807=VERTEX_POINT('',#8190);
#2808=VERTEX_POINT('',#8192);
#2809=VERTEX_POINT('',#8194);
#2810=VERTEX_POINT('',#8196);
#2811=VERTEX_POINT('',#8198);
#2812=VERTEX_POINT('',#8204);
#2813=VERTEX_POINT('',#8205);
#2814=VERTEX_POINT('',#8207);
#2815=VERTEX_POINT('',#8209);
#2816=VERTEX_POINT('',#8211);
#2817=VERTEX_POINT('',#8213);
#2818=VERTEX_POINT('',#8219);
#2819=VERTEX_POINT('',#8220);
#2820=VERTEX_POINT('',#8222);
#2821=VERTEX_POINT('',#8224);
#2822=VERTEX_POINT('',#8226);
#2823=VERTEX_POINT('',#8228);
#2824=VERTEX_POINT('',#8234);
#2825=VERTEX_POINT('',#8235);
#2826=VERTEX_POINT('',#8237);
#2827=VERTEX_POINT('',#8239);
#2828=VERTEX_POINT('',#8241);
#2829=VERTEX_POINT('',#8243);
#2830=VERTEX_POINT('',#8249);
#2831=VERTEX_POINT('',#8250);
#2832=VERTEX_POINT('',#8252);
#2833=VERTEX_POINT('',#8254);
#2834=VERTEX_POINT('',#8260);
#2835=VERTEX_POINT('',#8261);
#2836=VERTEX_POINT('',#8263);
#2837=VERTEX_POINT('',#8265);
#2838=VERTEX_POINT('',#8271);
#2839=VERTEX_POINT('',#8272);
#2840=VERTEX_POINT('',#8274);
#2841=VERTEX_POINT('',#8276);
#2842=VERTEX_POINT('',#8282);
#2843=VERTEX_POINT('',#8283);
#2844=VERTEX_POINT('',#8285);
#2845=VERTEX_POINT('',#8287);
#2846=VERTEX_POINT('',#8293);
#2847=VERTEX_POINT('',#8294);
#2848=VERTEX_POINT('',#8296);
#2849=VERTEX_POINT('',#8298);
#2850=VERTEX_POINT('',#8304);
#2851=VERTEX_POINT('',#8305);
#2852=VERTEX_POINT('',#8307);
#2853=VERTEX_POINT('',#8309);
#2854=VERTEX_POINT('',#8311);
#2855=VERTEX_POINT('',#8313);
#2856=VERTEX_POINT('',#8319);
#2857=VERTEX_POINT('',#8320);
#2858=VERTEX_POINT('',#8322);
#2859=VERTEX_POINT('',#8324);
#2860=VERTEX_POINT('',#8327);
#2861=VERTEX_POINT('',#8328);
#2862=VERTEX_POINT('',#8330);
#2863=VERTEX_POINT('',#8332);
#2864=VERTEX_POINT('',#8334);
#2865=VERTEX_POINT('',#8336);
#2866=VERTEX_POINT('',#8339);
#2867=VERTEX_POINT('',#8340);
#2868=VERTEX_POINT('',#8342);
#2869=VERTEX_POINT('',#8344);
#2870=VERTEX_POINT('',#8346);
#2871=VERTEX_POINT('',#8348);
#2872=VERTEX_POINT('',#8351);
#2873=VERTEX_POINT('',#8352);
#2874=VERTEX_POINT('',#8354);
#2875=VERTEX_POINT('',#8356);
#2876=VERTEX_POINT('',#8358);
#2877=VERTEX_POINT('',#8360);
#2878=VERTEX_POINT('',#8363);
#2879=VERTEX_POINT('',#8364);
#2880=VERTEX_POINT('',#8366);
#2881=VERTEX_POINT('',#8368);
#2882=VERTEX_POINT('',#8370);
#2883=VERTEX_POINT('',#8372);
#2884=VERTEX_POINT('',#8375);
#2885=VERTEX_POINT('',#8376);
#2886=VERTEX_POINT('',#8378);
#2887=VERTEX_POINT('',#8380);
#2888=VERTEX_POINT('',#8382);
#2889=VERTEX_POINT('',#8384);
#2890=VERTEX_POINT('',#8387);
#2891=VERTEX_POINT('',#8388);
#2892=VERTEX_POINT('',#8390);
#2893=VERTEX_POINT('',#8392);
#2894=VERTEX_POINT('',#8395);
#2895=VERTEX_POINT('',#8396);
#2896=VERTEX_POINT('',#8398);
#2897=VERTEX_POINT('',#8400);
#2898=VERTEX_POINT('',#8403);
#2899=VERTEX_POINT('',#8404);
#2900=VERTEX_POINT('',#8406);
#2901=VERTEX_POINT('',#8408);
#2902=VERTEX_POINT('',#8411);
#2903=VERTEX_POINT('',#8412);
#2904=VERTEX_POINT('',#8414);
#2905=VERTEX_POINT('',#8416);
#2906=VERTEX_POINT('',#8419);
#2907=VERTEX_POINT('',#8420);
#2908=VERTEX_POINT('',#8422);
#2909=VERTEX_POINT('',#8424);
#2910=VERTEX_POINT('',#8428);
#2911=VERTEX_POINT('',#8430);
#2912=VERTEX_POINT('',#8432);
#2913=VERTEX_POINT('',#8435);
#2914=VERTEX_POINT('',#8437);
#2915=VERTEX_POINT('',#8440);
#2916=VERTEX_POINT('',#8442);
#2917=VERTEX_POINT('',#8445);
#2918=VERTEX_POINT('',#8447);
#2919=VERTEX_POINT('',#8450);
#2920=VERTEX_POINT('',#8452);
#2921=VERTEX_POINT('',#8455);
#2922=VERTEX_POINT('',#8459);
#2923=VERTEX_POINT('',#8461);
#2924=VERTEX_POINT('',#8464);
#2925=VERTEX_POINT('',#8466);
#2926=VERTEX_POINT('',#8469);
#2927=VERTEX_POINT('',#8471);
#2928=VERTEX_POINT('',#8474);
#2929=VERTEX_POINT('',#8476);
#2930=VERTEX_POINT('',#8479);
#2931=VERTEX_POINT('',#8481);
#2932=VERTEX_POINT('',#8484);
#2933=VERTEX_POINT('',#8486);
#2934=VERTEX_POINT('',#8640);
#2935=VERTEX_POINT('',#8642);
#2936=VERTEX_POINT('',#8651);
#2937=VERTEX_POINT('',#8655);
#2938=VERTEX_POINT('',#8662);
#2939=VERTEX_POINT('',#8664);
#2940=VERTEX_POINT('',#8673);
#2941=VERTEX_POINT('',#8677);
#2942=VERTEX_POINT('',#8684);
#2943=VERTEX_POINT('',#8686);
#2944=VERTEX_POINT('',#8695);
#2945=VERTEX_POINT('',#8699);
#2946=VERTEX_POINT('',#8706);
#2947=VERTEX_POINT('',#8708);
#2948=VERTEX_POINT('',#8717);
#2949=VERTEX_POINT('',#8721);
#2950=VERTEX_POINT('',#8728);
#2951=VERTEX_POINT('',#8730);
#2952=VERTEX_POINT('',#8739);
#2953=VERTEX_POINT('',#8743);
#2954=VERTEX_POINT('',#8750);
#2955=VERTEX_POINT('',#8752);
#2956=VERTEX_POINT('',#8761);
#2957=VERTEX_POINT('',#8765);
#2958=VERTEX_POINT('',#8772);
#2959=VERTEX_POINT('',#8774);
#2960=VERTEX_POINT('',#8783);
#2961=VERTEX_POINT('',#8787);
#2962=VERTEX_POINT('',#8794);
#2963=VERTEX_POINT('',#8796);
#2964=VERTEX_POINT('',#8805);
#2965=VERTEX_POINT('',#8809);
#2966=VERTEX_POINT('',#8816);
#2967=VERTEX_POINT('',#8818);
#2968=VERTEX_POINT('',#8827);
#2969=VERTEX_POINT('',#8831);
#2970=VERTEX_POINT('',#8838);
#2971=VERTEX_POINT('',#8840);
#2972=VERTEX_POINT('',#8849);
#2973=VERTEX_POINT('',#8853);
#2974=VERTEX_POINT('',#8861);
#2975=VERTEX_POINT('',#8862);
#2976=VERTEX_POINT('',#8864);
#2977=VERTEX_POINT('',#8866);
#2978=VERTEX_POINT('',#8870);
#2979=VERTEX_POINT('',#8871);
#2980=VERTEX_POINT('',#8873);
#2981=VERTEX_POINT('',#8875);
#2982=VERTEX_POINT('',#8879);
#2983=VERTEX_POINT('',#8880);
#2984=VERTEX_POINT('',#8882);
#2985=VERTEX_POINT('',#8884);
#2986=VERTEX_POINT('',#8888);
#2987=VERTEX_POINT('',#8889);
#2988=VERTEX_POINT('',#8891);
#2989=VERTEX_POINT('',#8893);
#2990=VERTEX_POINT('',#8897);
#2991=VERTEX_POINT('',#8898);
#2992=VERTEX_POINT('',#8900);
#2993=VERTEX_POINT('',#8902);
#2994=VERTEX_POINT('',#8906);
#2995=VERTEX_POINT('',#8908);
#2996=VERTEX_POINT('',#8912);
#2997=VERTEX_POINT('',#8914);
#2998=VERTEX_POINT('',#8918);
#2999=VERTEX_POINT('',#8920);
#3000=VERTEX_POINT('',#8924);
#3001=VERTEX_POINT('',#8926);
#3002=VERTEX_POINT('',#8930);
#3003=VERTEX_POINT('',#8932);
#3004=VERTEX_POINT('',#8936);
#3005=VERTEX_POINT('',#8938);
#3006=VERTEX_POINT('',#8942);
#3007=VERTEX_POINT('',#8944);
#3008=VERTEX_POINT('',#8948);
#3009=VERTEX_POINT('',#8950);
#3010=VERTEX_POINT('',#8954);
#3011=VERTEX_POINT('',#8956);
#3012=VERTEX_POINT('',#8960);
#3013=VERTEX_POINT('',#8962);
#3014=VERTEX_POINT('',#8966);
#3015=VERTEX_POINT('',#8968);
#3016=VERTEX_POINT('',#8972);
#3017=VERTEX_POINT('',#8974);
#3018=VERTEX_POINT('',#8978);
#3019=VERTEX_POINT('',#8980);
#3020=VERTEX_POINT('',#8984);
#3021=VERTEX_POINT('',#8986);
#3022=VERTEX_POINT('',#8990);
#3023=VERTEX_POINT('',#8992);
#3024=VERTEX_POINT('',#8996);
#3025=VERTEX_POINT('',#8998);
#3026=VERTEX_POINT('',#9002);
#3027=VERTEX_POINT('',#9004);
#3028=VERTEX_POINT('',#9008);
#3029=VERTEX_POINT('',#9010);
#3030=VERTEX_POINT('',#9014);
#3031=VERTEX_POINT('',#9016);
#3032=VERTEX_POINT('',#9020);
#3033=VERTEX_POINT('',#9022);
#3034=VERTEX_POINT('',#9026);
#3035=VERTEX_POINT('',#9027);
#3036=VERTEX_POINT('',#9029);
#3037=VERTEX_POINT('',#9031);
#3038=VERTEX_POINT('',#9035);
#3039=VERTEX_POINT('',#9036);
#3040=VERTEX_POINT('',#9038);
#3041=VERTEX_POINT('',#9040);
#3042=VERTEX_POINT('',#9044);
#3043=VERTEX_POINT('',#9045);
#3044=VERTEX_POINT('',#9047);
#3045=VERTEX_POINT('',#9049);
#3046=VERTEX_POINT('',#9053);
#3047=VERTEX_POINT('',#9054);
#3048=VERTEX_POINT('',#9056);
#3049=VERTEX_POINT('',#9058);
#3050=VERTEX_POINT('',#9062);
#3051=VERTEX_POINT('',#9063);
#3052=VERTEX_POINT('',#9065);
#3053=VERTEX_POINT('',#9067);
#3054=VERTEX_POINT('',#9071);
#3055=VERTEX_POINT('',#9073);
#3056=VERTEX_POINT('',#9077);
#3057=VERTEX_POINT('',#9079);
#3058=VERTEX_POINT('',#9083);
#3059=VERTEX_POINT('',#9085);
#3060=VERTEX_POINT('',#9089);
#3061=VERTEX_POINT('',#9091);
#3062=VERTEX_POINT('',#9095);
#3063=VERTEX_POINT('',#9097);
#3064=VERTEX_POINT('',#9101);
#3065=VERTEX_POINT('',#9103);
#3066=VERTEX_POINT('',#9107);
#3067=VERTEX_POINT('',#9109);
#3068=VERTEX_POINT('',#9113);
#3069=VERTEX_POINT('',#9115);
#3070=VERTEX_POINT('',#9119);
#3071=VERTEX_POINT('',#9121);
#3072=VERTEX_POINT('',#9125);
#3073=VERTEX_POINT('',#9127);
#3074=VERTEX_POINT('',#9131);
#3075=VERTEX_POINT('',#9133);
#3076=VERTEX_POINT('',#9137);
#3077=VERTEX_POINT('',#9139);
#3078=VERTEX_POINT('',#9143);
#3079=VERTEX_POINT('',#9145);
#3080=VERTEX_POINT('',#9149);
#3081=VERTEX_POINT('',#9151);
#3082=VERTEX_POINT('',#9155);
#3083=VERTEX_POINT('',#9157);
#3084=VERTEX_POINT('',#9161);
#3085=VERTEX_POINT('',#9163);
#3086=VERTEX_POINT('',#9167);
#3087=VERTEX_POINT('',#9169);
#3088=VERTEX_POINT('',#9173);
#3089=VERTEX_POINT('',#9175);
#3090=VERTEX_POINT('',#9179);
#3091=VERTEX_POINT('',#9181);
#3092=VERTEX_POINT('',#9185);
#3093=VERTEX_POINT('',#9187);
#3094=VERTEX_POINT('',#9191);
#3095=VERTEX_POINT('',#9192);
#3096=VERTEX_POINT('',#9197);
#3097=VERTEX_POINT('',#9199);
#3098=VERTEX_POINT('',#9203);
#3099=VERTEX_POINT('',#9204);
#3100=VERTEX_POINT('',#9209);
#3101=VERTEX_POINT('',#9210);
#3102=VERTEX_POINT('',#9215);
#3103=VERTEX_POINT('',#9216);
#3104=VERTEX_POINT('',#9221);
#3105=VERTEX_POINT('',#9223);
#3106=VERTEX_POINT('',#9226);
#3107=VERTEX_POINT('',#9228);
#3108=VERTEX_POINT('',#9231);
#3109=VERTEX_POINT('',#9233);
#3110=VERTEX_POINT('',#9236);
#3111=VERTEX_POINT('',#9238);
#3112=VERTEX_POINT('',#9241);
#3113=VERTEX_POINT('',#9243);
#3114=VERTEX_POINT('',#9247);
#3115=VERTEX_POINT('',#9248);
#3116=VERTEX_POINT('',#9250);
#3117=VERTEX_POINT('',#9252);
#3118=VERTEX_POINT('',#9254);
#3119=VERTEX_POINT('',#9256);
#3120=VERTEX_POINT('',#9258);
#3121=VERTEX_POINT('',#9260);
#3122=VERTEX_POINT('',#9262);
#3123=VERTEX_POINT('',#9264);
#3124=VERTEX_POINT('',#9266);
#3125=VERTEX_POINT('',#9268);
#3126=VERTEX_POINT('',#9270);
#3127=VERTEX_POINT('',#9272);
#3128=VERTEX_POINT('',#9274);
#3129=VERTEX_POINT('',#9276);
#3130=VERTEX_POINT('',#9278);
#3131=VERTEX_POINT('',#9280);
#3132=VERTEX_POINT('',#9282);
#3133=VERTEX_POINT('',#9284);
#3134=LINE('',#7683,#3896);
#3135=LINE('',#7686,#3897);
#3136=LINE('',#7688,#3898);
#3137=LINE('',#7690,#3899);
#3138=LINE('',#7691,#3900);
#3139=LINE('',#7694,#3901);
#3140=LINE('',#7696,#3902);
#3141=LINE('',#7698,#3903);
#3142=LINE('',#7700,#3904);
#3143=LINE('',#7702,#3905);
#3144=LINE('',#7704,#3906);
#3145=LINE('',#7706,#3907);
#3146=LINE('',#7708,#3908);
#3147=LINE('',#7710,#3909);
#3148=LINE('',#7712,#3910);
#3149=LINE('',#7714,#3911);
#3150=LINE('',#7715,#3912);
#3151=LINE('',#7718,#3913);
#3152=LINE('',#7720,#3914);
#3153=LINE('',#7722,#3915);
#3154=LINE('',#7724,#3916);
#3155=LINE('',#7726,#3917);
#3156=LINE('',#7728,#3918);
#3157=LINE('',#7730,#3919);
#3158=LINE('',#7732,#3920);
#3159=LINE('',#7734,#3921);
#3160=LINE('',#7736,#3922);
#3161=LINE('',#7738,#3923);
#3162=LINE('',#7740,#3924);
#3163=LINE('',#7743,#3925);
#3164=LINE('',#7745,#3926);
#3165=LINE('',#7747,#3927);
#3166=LINE('',#7748,#3928);
#3167=LINE('',#7751,#3929);
#3168=LINE('',#7753,#3930);
#3169=LINE('',#7755,#3931);
#3170=LINE('',#7757,#3932);
#3171=LINE('',#7759,#3933);
#3172=LINE('',#7761,#3934);
#3173=LINE('',#7763,#3935);
#3174=LINE('',#7765,#3936);
#3175=LINE('',#7767,#3937);
#3176=LINE('',#7769,#3938);
#3177=LINE('',#7771,#3939);
#3178=LINE('',#7772,#3940);
#3179=LINE('',#7775,#3941);
#3180=LINE('',#7777,#3942);
#3181=LINE('',#7779,#3943);
#3182=LINE('',#7781,#3944);
#3183=LINE('',#7783,#3945);
#3184=LINE('',#7785,#3946);
#3185=LINE('',#7787,#3947);
#3186=LINE('',#7789,#3948);
#3187=LINE('',#7791,#3949);
#3188=LINE('',#7793,#3950);
#3189=LINE('',#7795,#3951);
#3190=LINE('',#7797,#3952);
#3191=LINE('',#7800,#3953);
#3192=LINE('',#7802,#3954);
#3193=LINE('',#7804,#3955);
#3194=LINE('',#7805,#3956);
#3195=LINE('',#7808,#3957);
#3196=LINE('',#7810,#3958);
#3197=LINE('',#7812,#3959);
#3198=LINE('',#7814,#3960);
#3199=LINE('',#7816,#3961);
#3200=LINE('',#7818,#3962);
#3201=LINE('',#7820,#3963);
#3202=LINE('',#7822,#3964);
#3203=LINE('',#7824,#3965);
#3204=LINE('',#7826,#3966);
#3205=LINE('',#7828,#3967);
#3206=LINE('',#7829,#3968);
#3207=LINE('',#7832,#3969);
#3208=LINE('',#7834,#3970);
#3209=LINE('',#7836,#3971);
#3210=LINE('',#7838,#3972);
#3211=LINE('',#7840,#3973);
#3212=LINE('',#7842,#3974);
#3213=LINE('',#7844,#3975);
#3214=LINE('',#7846,#3976);
#3215=LINE('',#7848,#3977);
#3216=LINE('',#7850,#3978);
#3217=LINE('',#7852,#3979);
#3218=LINE('',#7854,#3980);
#3219=LINE('',#7857,#3981);
#3220=LINE('',#7859,#3982);
#3221=LINE('',#7861,#3983);
#3222=LINE('',#7862,#3984);
#3223=LINE('',#7865,#3985);
#3224=LINE('',#7867,#3986);
#3225=LINE('',#7869,#3987);
#3226=LINE('',#7871,#3988);
#3227=LINE('',#7873,#3989);
#3228=LINE('',#7875,#3990);
#3229=LINE('',#7877,#3991);
#3230=LINE('',#7879,#3992);
#3231=LINE('',#7881,#3993);
#3232=LINE('',#7883,#3994);
#3233=LINE('',#7885,#3995);
#3234=LINE('',#7886,#3996);
#3235=LINE('',#7889,#3997);
#3236=LINE('',#7891,#3998);
#3237=LINE('',#7893,#3999);
#3238=LINE('',#7895,#4000);
#3239=LINE('',#7897,#4001);
#3240=LINE('',#7899,#4002);
#3241=LINE('',#7901,#4003);
#3242=LINE('',#7903,#4004);
#3243=LINE('',#7905,#4005);
#3244=LINE('',#7907,#4006);
#3245=LINE('',#7909,#4007);
#3246=LINE('',#7911,#4008);
#3247=LINE('',#7914,#4009);
#3248=LINE('',#7916,#4010);
#3249=LINE('',#7918,#4011);
#3250=LINE('',#7919,#4012);
#3251=LINE('',#7922,#4013);
#3252=LINE('',#7924,#4014);
#3253=LINE('',#7926,#4015);
#3254=LINE('',#7928,#4016);
#3255=LINE('',#7930,#4017);
#3256=LINE('',#7932,#4018);
#3257=LINE('',#7934,#4019);
#3258=LINE('',#7936,#4020);
#3259=LINE('',#7938,#4021);
#3260=LINE('',#7940,#4022);
#3261=LINE('',#7942,#4023);
#3262=LINE('',#7943,#4024);
#3263=LINE('',#7946,#4025);
#3264=LINE('',#7948,#4026);
#3265=LINE('',#7950,#4027);
#3266=LINE('',#7952,#4028);
#3267=LINE('',#7954,#4029);
#3268=LINE('',#7956,#4030);
#3269=LINE('',#7958,#4031);
#3270=LINE('',#7960,#4032);
#3271=LINE('',#7962,#4033);
#3272=LINE('',#7964,#4034);
#3273=LINE('',#7966,#4035);
#3274=LINE('',#7968,#4036);
#3275=LINE('',#7971,#4037);
#3276=LINE('',#7972,#4038);
#3277=LINE('',#7974,#4039);
#3278=LINE('',#7976,#4040);
#3279=LINE('',#7977,#4041);
#3280=LINE('',#7979,#4042);
#3281=LINE('',#7981,#4043);
#3282=LINE('',#7983,#4044);
#3283=LINE('',#7984,#4045);
#3284=LINE('',#7986,#4046);
#3285=LINE('',#7988,#4047);
#3286=LINE('',#7990,#4048);
#3287=LINE('',#7993,#4049);
#3288=LINE('',#7994,#4050);
#3289=LINE('',#7996,#4051);
#3290=LINE('',#7998,#4052);
#3291=LINE('',#7999,#4053);
#3292=LINE('',#8001,#4054);
#3293=LINE('',#8003,#4055);
#3294=LINE('',#8005,#4056);
#3295=LINE('',#8006,#4057);
#3296=LINE('',#8008,#4058);
#3297=LINE('',#8010,#4059);
#3298=LINE('',#8012,#4060);
#3299=LINE('',#8015,#4061);
#3300=LINE('',#8016,#4062);
#3301=LINE('',#8018,#4063);
#3302=LINE('',#8020,#4064);
#3303=LINE('',#8021,#4065);
#3304=LINE('',#8023,#4066);
#3305=LINE('',#8025,#4067);
#3306=LINE('',#8027,#4068);
#3307=LINE('',#8028,#4069);
#3308=LINE('',#8030,#4070);
#3309=LINE('',#8032,#4071);
#3310=LINE('',#8034,#4072);
#3311=LINE('',#8037,#4073);
#3312=LINE('',#8038,#4074);
#3313=LINE('',#8040,#4075);
#3314=LINE('',#8042,#4076);
#3315=LINE('',#8043,#4077);
#3316=LINE('',#8045,#4078);
#3317=LINE('',#8047,#4079);
#3318=LINE('',#8049,#4080);
#3319=LINE('',#8050,#4081);
#3320=LINE('',#8052,#4082);
#3321=LINE('',#8054,#4083);
#3322=LINE('',#8056,#4084);
#3323=LINE('',#8059,#4085);
#3324=LINE('',#8060,#4086);
#3325=LINE('',#8062,#4087);
#3326=LINE('',#8064,#4088);
#3327=LINE('',#8065,#4089);
#3328=LINE('',#8067,#4090);
#3329=LINE('',#8069,#4091);
#3330=LINE('',#8071,#4092);
#3331=LINE('',#8072,#4093);
#3332=LINE('',#8074,#4094);
#3333=LINE('',#8076,#4095);
#3334=LINE('',#8078,#4096);
#3335=LINE('',#8081,#4097);
#3336=LINE('',#8082,#4098);
#3337=LINE('',#8084,#4099);
#3338=LINE('',#8086,#4100);
#3339=LINE('',#8087,#4101);
#3340=LINE('',#8089,#4102);
#3341=LINE('',#8091,#4103);
#3342=LINE('',#8093,#4104);
#3343=LINE('',#8094,#4105);
#3344=LINE('',#8096,#4106);
#3345=LINE('',#8098,#4107);
#3346=LINE('',#8100,#4108);
#3347=LINE('',#8103,#4109);
#3348=LINE('',#8104,#4110);
#3349=LINE('',#8106,#4111);
#3350=LINE('',#8108,#4112);
#3351=LINE('',#8109,#4113);
#3352=LINE('',#8111,#4114);
#3353=LINE('',#8113,#4115);
#3354=LINE('',#8115,#4116);
#3355=LINE('',#8116,#4117);
#3356=LINE('',#8118,#4118);
#3357=LINE('',#8120,#4119);
#3358=LINE('',#8122,#4120);
#3359=LINE('',#8125,#4121);
#3360=LINE('',#8126,#4122);
#3361=LINE('',#8128,#4123);
#3362=LINE('',#8130,#4124);
#3363=LINE('',#8131,#4125);
#3364=LINE('',#8133,#4126);
#3365=LINE('',#8135,#4127);
#3366=LINE('',#8137,#4128);
#3367=LINE('',#8138,#4129);
#3368=LINE('',#8140,#4130);
#3369=LINE('',#8142,#4131);
#3370=LINE('',#8144,#4132);
#3371=LINE('',#8147,#4133);
#3372=LINE('',#8148,#4134);
#3373=LINE('',#8150,#4135);
#3374=LINE('',#8152,#4136);
#3375=LINE('',#8153,#4137);
#3376=LINE('',#8155,#4138);
#3377=LINE('',#8157,#4139);
#3378=LINE('',#8159,#4140);
#3379=LINE('',#8160,#4141);
#3380=LINE('',#8162,#4142);
#3381=LINE('',#8164,#4143);
#3382=LINE('',#8166,#4144);
#3383=LINE('',#8169,#4145);
#3384=LINE('',#8170,#4146);
#3385=LINE('',#8172,#4147);
#3386=LINE('',#8174,#4148);
#3387=LINE('',#8175,#4149);
#3388=LINE('',#8177,#4150);
#3389=LINE('',#8179,#4151);
#3390=LINE('',#8181,#4152);
#3391=LINE('',#8182,#4153);
#3392=LINE('',#8184,#4154);
#3393=LINE('',#8186,#4155);
#3394=LINE('',#8188,#4156);
#3395=LINE('',#8193,#4157);
#3396=LINE('',#8197,#4158);
#3397=LINE('',#8199,#4159);
#3398=LINE('',#8200,#4160);
#3399=LINE('',#8201,#4161);
#3400=LINE('',#8203,#4162);
#3401=LINE('',#8208,#4163);
#3402=LINE('',#8212,#4164);
#3403=LINE('',#8214,#4165);
#3404=LINE('',#8215,#4166);
#3405=LINE('',#8216,#4167);
#3406=LINE('',#8218,#4168);
#3407=LINE('',#8223,#4169);
#3408=LINE('',#8227,#4170);
#3409=LINE('',#8229,#4171);
#3410=LINE('',#8230,#4172);
#3411=LINE('',#8231,#4173);
#3412=LINE('',#8233,#4174);
#3413=LINE('',#8238,#4175);
#3414=LINE('',#8242,#4176);
#3415=LINE('',#8244,#4177);
#3416=LINE('',#8245,#4178);
#3417=LINE('',#8246,#4179);
#3418=LINE('',#8248,#4180);
#3419=LINE('',#8251,#4181);
#3420=LINE('',#8253,#4182);
#3421=LINE('',#8255,#4183);
#3422=LINE('',#8256,#4184);
#3423=LINE('',#8257,#4185);
#3424=LINE('',#8259,#4186);
#3425=LINE('',#8262,#4187);
#3426=LINE('',#8264,#4188);
#3427=LINE('',#8266,#4189);
#3428=LINE('',#8267,#4190);
#3429=LINE('',#8268,#4191);
#3430=LINE('',#8270,#4192);
#3431=LINE('',#8273,#4193);
#3432=LINE('',#8275,#4194);
#3433=LINE('',#8277,#4195);
#3434=LINE('',#8278,#4196);
#3435=LINE('',#8279,#4197);
#3436=LINE('',#8281,#4198);
#3437=LINE('',#8284,#4199);
#3438=LINE('',#8286,#4200);
#3439=LINE('',#8288,#4201);
#3440=LINE('',#8289,#4202);
#3441=LINE('',#8290,#4203);
#3442=LINE('',#8292,#4204);
#3443=LINE('',#8295,#4205);
#3444=LINE('',#8297,#4206);
#3445=LINE('',#8299,#4207);
#3446=LINE('',#8300,#4208);
#3447=LINE('',#8301,#4209);
#3448=LINE('',#8303,#4210);
#3449=LINE('',#8308,#4211);
#3450=LINE('',#8312,#4212);
#3451=LINE('',#8314,#4213);
#3452=LINE('',#8315,#4214);
#3453=LINE('',#8316,#4215);
#3454=LINE('',#8318,#4216);
#3455=LINE('',#8321,#4217);
#3456=LINE('',#8323,#4218);
#3457=LINE('',#8325,#4219);
#3458=LINE('',#8329,#4220);
#3459=LINE('',#8331,#4221);
#3460=LINE('',#8333,#4222);
#3461=LINE('',#8337,#4223);
#3462=LINE('',#8341,#4224);
#3463=LINE('',#8343,#4225);
#3464=LINE('',#8345,#4226);
#3465=LINE('',#8349,#4227);
#3466=LINE('',#8353,#4228);
#3467=LINE('',#8355,#4229);
#3468=LINE('',#8357,#4230);
#3469=LINE('',#8361,#4231);
#3470=LINE('',#8365,#4232);
#3471=LINE('',#8367,#4233);
#3472=LINE('',#8369,#4234);
#3473=LINE('',#8373,#4235);
#3474=LINE('',#8377,#4236);
#3475=LINE('',#8379,#4237);
#3476=LINE('',#8381,#4238);
#3477=LINE('',#8385,#4239);
#3478=LINE('',#8386,#4240);
#3479=LINE('',#8389,#4241);
#3480=LINE('',#8391,#4242);
#3481=LINE('',#8393,#4243);
#3482=LINE('',#8394,#4244);
#3483=LINE('',#8397,#4245);
#3484=LINE('',#8399,#4246);
#3485=LINE('',#8401,#4247);
#3486=LINE('',#8402,#4248);
#3487=LINE('',#8405,#4249);
#3488=LINE('',#8407,#4250);
#3489=LINE('',#8409,#4251);
#3490=LINE('',#8410,#4252);
#3491=LINE('',#8413,#4253);
#3492=LINE('',#8415,#4254);
#3493=LINE('',#8417,#4255);
#3494=LINE('',#8418,#4256);
#3495=LINE('',#8421,#4257);
#3496=LINE('',#8423,#4258);
#3497=LINE('',#8425,#4259);
#3498=LINE('',#8427,#4260);
#3499=LINE('',#8429,#4261);
#3500=LINE('',#8431,#4262);
#3501=LINE('',#8433,#4263);
#3502=LINE('',#8434,#4264);
#3503=LINE('',#8436,#4265);
#3504=LINE('',#8438,#4266);
#3505=LINE('',#8439,#4267);
#3506=LINE('',#8441,#4268);
#3507=LINE('',#8443,#4269);
#3508=LINE('',#8444,#4270);
#3509=LINE('',#8446,#4271);
#3510=LINE('',#8448,#4272);
#3511=LINE('',#8449,#4273);
#3512=LINE('',#8451,#4274);
#3513=LINE('',#8453,#4275);
#3514=LINE('',#8454,#4276);
#3515=LINE('',#8456,#4277);
#3516=LINE('',#8458,#4278);
#3517=LINE('',#8460,#4279);
#3518=LINE('',#8462,#4280);
#3519=LINE('',#8463,#4281);
#3520=LINE('',#8465,#4282);
#3521=LINE('',#8467,#4283);
#3522=LINE('',#8468,#4284);
#3523=LINE('',#8470,#4285);
#3524=LINE('',#8472,#4286);
#3525=LINE('',#8473,#4287);
#3526=LINE('',#8475,#4288);
#3527=LINE('',#8477,#4289);
#3528=LINE('',#8478,#4290);
#3529=LINE('',#8480,#4291);
#3530=LINE('',#8482,#4292);
#3531=LINE('',#8483,#4293);
#3532=LINE('',#8485,#4294);
#3533=LINE('',#8487,#4295);
#3534=LINE('',#8489,#4296);
#3535=LINE('',#8490,#4297);
#3536=LINE('',#8492,#4298);
#3537=LINE('',#8493,#4299);
#3538=LINE('',#8495,#4300);
#3539=LINE('',#8496,#4301);
#3540=LINE('',#8498,#4302);
#3541=LINE('',#8499,#4303);
#3542=LINE('',#8501,#4304);
#3543=LINE('',#8502,#4305);
#3544=LINE('',#8504,#4306);
#3545=LINE('',#8505,#4307);
#3546=LINE('',#8519,#4308);
#3547=LINE('',#8520,#4309);
#3548=LINE('',#8522,#4310);
#3549=LINE('',#8524,#4311);
#3550=LINE('',#8526,#4312);
#3551=LINE('',#8528,#4313);
#3552=LINE('',#8531,#4314);
#3553=LINE('',#8532,#4315);
#3554=LINE('',#8534,#4316);
#3555=LINE('',#8536,#4317);
#3556=LINE('',#8538,#4318);
#3557=LINE('',#8540,#4319);
#3558=LINE('',#8543,#4320);
#3559=LINE('',#8544,#4321);
#3560=LINE('',#8546,#4322);
#3561=LINE('',#8548,#4323);
#3562=LINE('',#8550,#4324);
#3563=LINE('',#8552,#4325);
#3564=LINE('',#8555,#4326);
#3565=LINE('',#8556,#4327);
#3566=LINE('',#8558,#4328);
#3567=LINE('',#8560,#4329);
#3568=LINE('',#8562,#4330);
#3569=LINE('',#8564,#4331);
#3570=LINE('',#8567,#4332);
#3571=LINE('',#8568,#4333);
#3572=LINE('',#8570,#4334);
#3573=LINE('',#8572,#4335);
#3574=LINE('',#8574,#4336);
#3575=LINE('',#8576,#4337);
#3576=LINE('',#8579,#4338);
#3577=LINE('',#8580,#4339);
#3578=LINE('',#8582,#4340);
#3579=LINE('',#8584,#4341);
#3580=LINE('',#8587,#4342);
#3581=LINE('',#8588,#4343);
#3582=LINE('',#8590,#4344);
#3583=LINE('',#8592,#4345);
#3584=LINE('',#8595,#4346);
#3585=LINE('',#8596,#4347);
#3586=LINE('',#8598,#4348);
#3587=LINE('',#8600,#4349);
#3588=LINE('',#8603,#4350);
#3589=LINE('',#8604,#4351);
#3590=LINE('',#8606,#4352);
#3591=LINE('',#8608,#4353);
#3592=LINE('',#8611,#4354);
#3593=LINE('',#8612,#4355);
#3594=LINE('',#8614,#4356);
#3595=LINE('',#8616,#4357);
#3596=LINE('',#8639,#4358);
#3597=LINE('',#8641,#4359);
#3598=LINE('',#8643,#4360);
#3599=LINE('',#8645,#4361);
#3600=LINE('',#8647,#4362);
#3601=LINE('',#8650,#4363);
#3602=LINE('',#8652,#4364);
#3603=LINE('',#8654,#4365);
#3604=LINE('',#8656,#4366);
#3605=LINE('',#8658,#4367);
#3606=LINE('',#8661,#4368);
#3607=LINE('',#8663,#4369);
#3608=LINE('',#8665,#4370);
#3609=LINE('',#8667,#4371);
#3610=LINE('',#8669,#4372);
#3611=LINE('',#8672,#4373);
#3612=LINE('',#8674,#4374);
#3613=LINE('',#8676,#4375);
#3614=LINE('',#8678,#4376);
#3615=LINE('',#8680,#4377);
#3616=LINE('',#8683,#4378);
#3617=LINE('',#8685,#4379);
#3618=LINE('',#8687,#4380);
#3619=LINE('',#8689,#4381);
#3620=LINE('',#8691,#4382);
#3621=LINE('',#8694,#4383);
#3622=LINE('',#8696,#4384);
#3623=LINE('',#8698,#4385);
#3624=LINE('',#8700,#4386);
#3625=LINE('',#8702,#4387);
#3626=LINE('',#8705,#4388);
#3627=LINE('',#8707,#4389);
#3628=LINE('',#8709,#4390);
#3629=LINE('',#8711,#4391);
#3630=LINE('',#8713,#4392);
#3631=LINE('',#8716,#4393);
#3632=LINE('',#8718,#4394);
#3633=LINE('',#8720,#4395);
#3634=LINE('',#8722,#4396);
#3635=LINE('',#8724,#4397);
#3636=LINE('',#8727,#4398);
#3637=LINE('',#8729,#4399);
#3638=LINE('',#8731,#4400);
#3639=LINE('',#8733,#4401);
#3640=LINE('',#8735,#4402);
#3641=LINE('',#8738,#4403);
#3642=LINE('',#8740,#4404);
#3643=LINE('',#8742,#4405);
#3644=LINE('',#8744,#4406);
#3645=LINE('',#8746,#4407);
#3646=LINE('',#8749,#4408);
#3647=LINE('',#8751,#4409);
#3648=LINE('',#8753,#4410);
#3649=LINE('',#8755,#4411);
#3650=LINE('',#8757,#4412);
#3651=LINE('',#8760,#4413);
#3652=LINE('',#8762,#4414);
#3653=LINE('',#8764,#4415);
#3654=LINE('',#8766,#4416);
#3655=LINE('',#8768,#4417);
#3656=LINE('',#8771,#4418);
#3657=LINE('',#8773,#4419);
#3658=LINE('',#8775,#4420);
#3659=LINE('',#8777,#4421);
#3660=LINE('',#8779,#4422);
#3661=LINE('',#8782,#4423);
#3662=LINE('',#8784,#4424);
#3663=LINE('',#8786,#4425);
#3664=LINE('',#8788,#4426);
#3665=LINE('',#8790,#4427);
#3666=LINE('',#8793,#4428);
#3667=LINE('',#8795,#4429);
#3668=LINE('',#8797,#4430);
#3669=LINE('',#8799,#4431);
#3670=LINE('',#8801,#4432);
#3671=LINE('',#8804,#4433);
#3672=LINE('',#8806,#4434);
#3673=LINE('',#8808,#4435);
#3674=LINE('',#8810,#4436);
#3675=LINE('',#8812,#4437);
#3676=LINE('',#8815,#4438);
#3677=LINE('',#8817,#4439);
#3678=LINE('',#8819,#4440);
#3679=LINE('',#8821,#4441);
#3680=LINE('',#8823,#4442);
#3681=LINE('',#8826,#4443);
#3682=LINE('',#8828,#4444);
#3683=LINE('',#8830,#4445);
#3684=LINE('',#8832,#4446);
#3685=LINE('',#8834,#4447);
#3686=LINE('',#8837,#4448);
#3687=LINE('',#8839,#4449);
#3688=LINE('',#8841,#4450);
#3689=LINE('',#8843,#4451);
#3690=LINE('',#8845,#4452);
#3691=LINE('',#8848,#4453);
#3692=LINE('',#8850,#4454);
#3693=LINE('',#8852,#4455);
#3694=LINE('',#8854,#4456);
#3695=LINE('',#8856,#4457);
#3696=LINE('',#8860,#4458);
#3697=LINE('',#8863,#4459);
#3698=LINE('',#8865,#4460);
#3699=LINE('',#8867,#4461);
#3700=LINE('',#8869,#4462);
#3701=LINE('',#8872,#4463);
#3702=LINE('',#8874,#4464);
#3703=LINE('',#8876,#4465);
#3704=LINE('',#8878,#4466);
#3705=LINE('',#8881,#4467);
#3706=LINE('',#8883,#4468);
#3707=LINE('',#8885,#4469);
#3708=LINE('',#8887,#4470);
#3709=LINE('',#8890,#4471);
#3710=LINE('',#8892,#4472);
#3711=LINE('',#8894,#4473);
#3712=LINE('',#8896,#4474);
#3713=LINE('',#8899,#4475);
#3714=LINE('',#8901,#4476);
#3715=LINE('',#8903,#4477);
#3716=LINE('',#8905,#4478);
#3717=LINE('',#8907,#4479);
#3718=LINE('',#8909,#4480);
#3719=LINE('',#8911,#4481);
#3720=LINE('',#8913,#4482);
#3721=LINE('',#8915,#4483);
#3722=LINE('',#8917,#4484);
#3723=LINE('',#8919,#4485);
#3724=LINE('',#8921,#4486);
#3725=LINE('',#8923,#4487);
#3726=LINE('',#8925,#4488);
#3727=LINE('',#8927,#4489);
#3728=LINE('',#8929,#4490);
#3729=LINE('',#8931,#4491);
#3730=LINE('',#8933,#4492);
#3731=LINE('',#8935,#4493);
#3732=LINE('',#8937,#4494);
#3733=LINE('',#8939,#4495);
#3734=LINE('',#8941,#4496);
#3735=LINE('',#8943,#4497);
#3736=LINE('',#8945,#4498);
#3737=LINE('',#8947,#4499);
#3738=LINE('',#8949,#4500);
#3739=LINE('',#8951,#4501);
#3740=LINE('',#8953,#4502);
#3741=LINE('',#8955,#4503);
#3742=LINE('',#8957,#4504);
#3743=LINE('',#8959,#4505);
#3744=LINE('',#8961,#4506);
#3745=LINE('',#8963,#4507);
#3746=LINE('',#8969,#4508);
#3747=LINE('',#8973,#4509);
#3748=LINE('',#8981,#4510);
#3749=LINE('',#8987,#4511);
#3750=LINE('',#8993,#4512);
#3751=LINE('',#8995,#4513);
#3752=LINE('',#8997,#4514);
#3753=LINE('',#8999,#4515);
#3754=LINE('',#9001,#4516);
#3755=LINE('',#9003,#4517);
#3756=LINE('',#9005,#4518);
#3757=LINE('',#9007,#4519);
#3758=LINE('',#9009,#4520);
#3759=LINE('',#9011,#4521);
#3760=LINE('',#9013,#4522);
#3761=LINE('',#9015,#4523);
#3762=LINE('',#9017,#4524);
#3763=LINE('',#9019,#4525);
#3764=LINE('',#9021,#4526);
#3765=LINE('',#9023,#4527);
#3766=LINE('',#9025,#4528);
#3767=LINE('',#9028,#4529);
#3768=LINE('',#9030,#4530);
#3769=LINE('',#9032,#4531);
#3770=LINE('',#9034,#4532);
#3771=LINE('',#9037,#4533);
#3772=LINE('',#9039,#4534);
#3773=LINE('',#9041,#4535);
#3774=LINE('',#9043,#4536);
#3775=LINE('',#9046,#4537);
#3776=LINE('',#9048,#4538);
#3777=LINE('',#9050,#4539);
#3778=LINE('',#9052,#4540);
#3779=LINE('',#9055,#4541);
#3780=LINE('',#9057,#4542);
#3781=LINE('',#9059,#4543);
#3782=LINE('',#9061,#4544);
#3783=LINE('',#9064,#4545);
#3784=LINE('',#9066,#4546);
#3785=LINE('',#9068,#4547);
#3786=LINE('',#9074,#4548);
#3787=LINE('',#9078,#4549);
#3788=LINE('',#9086,#4550);
#3789=LINE('',#9092,#4551);
#3790=LINE('',#9098,#4552);
#3791=LINE('',#9100,#4553);
#3792=LINE('',#9102,#4554);
#3793=LINE('',#9104,#4555);
#3794=LINE('',#9106,#4556);
#3795=LINE('',#9108,#4557);
#3796=LINE('',#9110,#4558);
#3797=LINE('',#9112,#4559);
#3798=LINE('',#9114,#4560);
#3799=LINE('',#9116,#4561);
#3800=LINE('',#9118,#4562);
#3801=LINE('',#9120,#4563);
#3802=LINE('',#9122,#4564);
#3803=LINE('',#9124,#4565);
#3804=LINE('',#9126,#4566);
#3805=LINE('',#9128,#4567);
#3806=LINE('',#9130,#4568);
#3807=LINE('',#9132,#4569);
#3808=LINE('',#9134,#4570);
#3809=LINE('',#9136,#4571);
#3810=LINE('',#9138,#4572);
#3811=LINE('',#9140,#4573);
#3812=LINE('',#9142,#4574);
#3813=LINE('',#9144,#4575);
#3814=LINE('',#9146,#4576);
#3815=LINE('',#9148,#4577);
#3816=LINE('',#9150,#4578);
#3817=LINE('',#9152,#4579);
#3818=LINE('',#9154,#4580);
#3819=LINE('',#9156,#4581);
#3820=LINE('',#9158,#4582);
#3821=LINE('',#9160,#4583);
#3822=LINE('',#9162,#4584);
#3823=LINE('',#9164,#4585);
#3824=LINE('',#9166,#4586);
#3825=LINE('',#9168,#4587);
#3826=LINE('',#9170,#4588);
#3827=LINE('',#9172,#4589);
#3828=LINE('',#9174,#4590);
#3829=LINE('',#9176,#4591);
#3830=LINE('',#9178,#4592);
#3831=LINE('',#9180,#4593);
#3832=LINE('',#9182,#4594);
#3833=LINE('',#9184,#4595);
#3834=LINE('',#9186,#4596);
#3835=LINE('',#9188,#4597);
#3836=LINE('',#9190,#4598);
#3837=LINE('',#9198,#4599);
#3838=LINE('',#9202,#4600);
#3839=LINE('',#9208,#4601);
#3840=LINE('',#9214,#4602);
#3841=LINE('',#9220,#4603);
#3842=LINE('',#9222,#4604);
#3843=LINE('',#9224,#4605);
#3844=LINE('',#9225,#4606);
#3845=LINE('',#9227,#4607);
#3846=LINE('',#9229,#4608);
#3847=LINE('',#9230,#4609);
#3848=LINE('',#9232,#4610);
#3849=LINE('',#9234,#4611);
#3850=LINE('',#9235,#4612);
#3851=LINE('',#9237,#4613);
#3852=LINE('',#9239,#4614);
#3853=LINE('',#9240,#4615);
#3854=LINE('',#9242,#4616);
#3855=LINE('',#9244,#4617);
#3856=LINE('',#9246,#4618);
#3857=LINE('',#9249,#4619);
#3858=LINE('',#9251,#4620);
#3859=LINE('',#9253,#4621);
#3860=LINE('',#9255,#4622);
#3861=LINE('',#9257,#4623);
#3862=LINE('',#9259,#4624);
#3863=LINE('',#9261,#4625);
#3864=LINE('',#9263,#4626);
#3865=LINE('',#9265,#4627);
#3866=LINE('',#9267,#4628);
#3867=LINE('',#9269,#4629);
#3868=LINE('',#9271,#4630);
#3869=LINE('',#9273,#4631);
#3870=LINE('',#9275,#4632);
#3871=LINE('',#9277,#4633);
#3872=LINE('',#9279,#4634);
#3873=LINE('',#9281,#4635);
#3874=LINE('',#9283,#4636);
#3875=LINE('',#9285,#4637);
#3876=LINE('',#9302,#4638);
#3877=LINE('',#9303,#4639);
#3878=LINE('',#9304,#4640);
#3879=LINE('',#9305,#4641);
#3880=LINE('',#9306,#4642);
#3881=LINE('',#9307,#4643);
#3882=LINE('',#9308,#4644);
#3883=LINE('',#9309,#4645);
#3884=LINE('',#9310,#4646);
#3885=LINE('',#9311,#4647);
#3886=LINE('',#9312,#4648);
#3887=LINE('',#9313,#4649);
#3888=LINE('',#9314,#4650);
#3889=LINE('',#9315,#4651);
#3890=LINE('',#9316,#4652);
#3891=LINE('',#9317,#4653);
#3892=LINE('',#9318,#4654);
#3893=LINE('',#9319,#4655);
#3894=LINE('',#9321,#4656);
#3895=LINE('',#9322,#4657);
#3896=VECTOR('',#6221,39.3700787401575);
#3897=VECTOR('',#6222,39.3700787401575);
#3898=VECTOR('',#6223,39.3700787401575);
#3899=VECTOR('',#6224,39.3700787401575);
#3900=VECTOR('',#6225,39.3700787401575);
#3901=VECTOR('',#6226,39.3700787401575);
#3902=VECTOR('',#6227,39.3700787401575);
#3903=VECTOR('',#6228,39.3700787401575);
#3904=VECTOR('',#6229,39.3700787401575);
#3905=VECTOR('',#6230,39.3700787401575);
#3906=VECTOR('',#6231,39.3700787401575);
#3907=VECTOR('',#6232,39.3700787401575);
#3908=VECTOR('',#6233,39.3700787401575);
#3909=VECTOR('',#6234,39.3700787401575);
#3910=VECTOR('',#6235,39.3700787401575);
#3911=VECTOR('',#6236,39.3700787401575);
#3912=VECTOR('',#6237,39.3700787401575);
#3913=VECTOR('',#6238,39.3700787401575);
#3914=VECTOR('',#6239,39.3700787401575);
#3915=VECTOR('',#6240,39.3700787401575);
#3916=VECTOR('',#6241,39.3700787401575);
#3917=VECTOR('',#6242,39.3700787401575);
#3918=VECTOR('',#6243,39.3700787401575);
#3919=VECTOR('',#6244,39.3700787401575);
#3920=VECTOR('',#6245,39.3700787401575);
#3921=VECTOR('',#6246,39.3700787401575);
#3922=VECTOR('',#6247,39.3700787401575);
#3923=VECTOR('',#6248,39.3700787401575);
#3924=VECTOR('',#6251,39.3700787401575);
#3925=VECTOR('',#6252,39.3700787401575);
#3926=VECTOR('',#6253,39.3700787401575);
#3927=VECTOR('',#6254,39.3700787401575);
#3928=VECTOR('',#6255,39.3700787401575);
#3929=VECTOR('',#6256,39.3700787401575);
#3930=VECTOR('',#6257,39.3700787401575);
#3931=VECTOR('',#6258,39.3700787401575);
#3932=VECTOR('',#6259,39.3700787401575);
#3933=VECTOR('',#6260,39.3700787401575);
#3934=VECTOR('',#6261,39.3700787401575);
#3935=VECTOR('',#6262,39.3700787401575);
#3936=VECTOR('',#6263,39.3700787401575);
#3937=VECTOR('',#6264,39.3700787401575);
#3938=VECTOR('',#6265,39.3700787401575);
#3939=VECTOR('',#6266,39.3700787401575);
#3940=VECTOR('',#6267,39.3700787401575);
#3941=VECTOR('',#6268,39.3700787401575);
#3942=VECTOR('',#6269,39.3700787401575);
#3943=VECTOR('',#6270,39.3700787401575);
#3944=VECTOR('',#6271,39.3700787401575);
#3945=VECTOR('',#6272,39.3700787401575);
#3946=VECTOR('',#6273,39.3700787401575);
#3947=VECTOR('',#6274,39.3700787401575);
#3948=VECTOR('',#6275,39.3700787401575);
#3949=VECTOR('',#6276,39.3700787401575);
#3950=VECTOR('',#6277,39.3700787401575);
#3951=VECTOR('',#6278,39.3700787401575);
#3952=VECTOR('',#6281,39.3700787401575);
#3953=VECTOR('',#6282,39.3700787401575);
#3954=VECTOR('',#6283,39.3700787401575);
#3955=VECTOR('',#6284,39.3700787401575);
#3956=VECTOR('',#6285,39.3700787401575);
#3957=VECTOR('',#6286,39.3700787401575);
#3958=VECTOR('',#6287,39.3700787401575);
#3959=VECTOR('',#6288,39.3700787401575);
#3960=VECTOR('',#6289,39.3700787401575);
#3961=VECTOR('',#6290,39.3700787401575);
#3962=VECTOR('',#6291,39.3700787401575);
#3963=VECTOR('',#6292,39.3700787401575);
#3964=VECTOR('',#6293,39.3700787401575);
#3965=VECTOR('',#6294,39.3700787401575);
#3966=VECTOR('',#6295,39.3700787401575);
#3967=VECTOR('',#6296,39.3700787401575);
#3968=VECTOR('',#6297,39.3700787401575);
#3969=VECTOR('',#6298,39.3700787401575);
#3970=VECTOR('',#6299,39.3700787401575);
#3971=VECTOR('',#6300,39.3700787401575);
#3972=VECTOR('',#6301,39.3700787401575);
#3973=VECTOR('',#6302,39.3700787401575);
#3974=VECTOR('',#6303,39.3700787401575);
#3975=VECTOR('',#6304,39.3700787401575);
#3976=VECTOR('',#6305,39.3700787401575);
#3977=VECTOR('',#6306,39.3700787401575);
#3978=VECTOR('',#6307,39.3700787401575);
#3979=VECTOR('',#6308,39.3700787401575);
#3980=VECTOR('',#6311,39.3700787401575);
#3981=VECTOR('',#6312,39.3700787401575);
#3982=VECTOR('',#6313,39.3700787401575);
#3983=VECTOR('',#6314,39.3700787401575);
#3984=VECTOR('',#6315,39.3700787401575);
#3985=VECTOR('',#6316,39.3700787401575);
#3986=VECTOR('',#6317,39.3700787401575);
#3987=VECTOR('',#6318,39.3700787401575);
#3988=VECTOR('',#6319,39.3700787401575);
#3989=VECTOR('',#6320,39.3700787401575);
#3990=VECTOR('',#6321,39.3700787401575);
#3991=VECTOR('',#6322,39.3700787401575);
#3992=VECTOR('',#6323,39.3700787401575);
#3993=VECTOR('',#6324,39.3700787401575);
#3994=VECTOR('',#6325,39.3700787401575);
#3995=VECTOR('',#6326,39.3700787401575);
#3996=VECTOR('',#6327,39.3700787401575);
#3997=VECTOR('',#6328,39.3700787401575);
#3998=VECTOR('',#6329,39.3700787401575);
#3999=VECTOR('',#6330,39.3700787401575);
#4000=VECTOR('',#6331,39.3700787401575);
#4001=VECTOR('',#6332,39.3700787401575);
#4002=VECTOR('',#6333,39.3700787401575);
#4003=VECTOR('',#6334,39.3700787401575);
#4004=VECTOR('',#6335,39.3700787401575);
#4005=VECTOR('',#6336,39.3700787401575);
#4006=VECTOR('',#6337,39.3700787401575);
#4007=VECTOR('',#6338,39.3700787401575);
#4008=VECTOR('',#6341,39.3700787401575);
#4009=VECTOR('',#6342,39.3700787401575);
#4010=VECTOR('',#6343,39.3700787401575);
#4011=VECTOR('',#6344,39.3700787401575);
#4012=VECTOR('',#6345,39.3700787401575);
#4013=VECTOR('',#6346,39.3700787401575);
#4014=VECTOR('',#6347,39.3700787401575);
#4015=VECTOR('',#6348,39.3700787401575);
#4016=VECTOR('',#6349,39.3700787401575);
#4017=VECTOR('',#6350,39.3700787401575);
#4018=VECTOR('',#6351,39.3700787401575);
#4019=VECTOR('',#6352,39.3700787401575);
#4020=VECTOR('',#6353,39.3700787401575);
#4021=VECTOR('',#6354,39.3700787401575);
#4022=VECTOR('',#6355,39.3700787401575);
#4023=VECTOR('',#6356,39.3700787401575);
#4024=VECTOR('',#6357,39.3700787401575);
#4025=VECTOR('',#6358,39.3700787401575);
#4026=VECTOR('',#6359,39.3700787401575);
#4027=VECTOR('',#6360,39.3700787401575);
#4028=VECTOR('',#6361,39.3700787401575);
#4029=VECTOR('',#6362,39.3700787401575);
#4030=VECTOR('',#6363,39.3700787401575);
#4031=VECTOR('',#6364,39.3700787401575);
#4032=VECTOR('',#6365,39.3700787401575);
#4033=VECTOR('',#6366,39.3700787401575);
#4034=VECTOR('',#6367,39.3700787401575);
#4035=VECTOR('',#6368,39.3700787401575);
#4036=VECTOR('',#6371,39.3700787401575);
#4037=VECTOR('',#6372,39.3700787401575);
#4038=VECTOR('',#6373,39.3700787401575);
#4039=VECTOR('',#6374,39.3700787401575);
#4040=VECTOR('',#6375,39.3700787401575);
#4041=VECTOR('',#6376,39.3700787401575);
#4042=VECTOR('',#6379,39.3700787401575);
#4043=VECTOR('',#6380,39.3700787401575);
#4044=VECTOR('',#6381,39.3700787401575);
#4045=VECTOR('',#6382,39.3700787401575);
#4046=VECTOR('',#6383,39.3700787401575);
#4047=VECTOR('',#6384,39.3700787401575);
#4048=VECTOR('',#6387,39.3700787401575);
#4049=VECTOR('',#6388,39.3700787401575);
#4050=VECTOR('',#6389,39.3700787401575);
#4051=VECTOR('',#6390,39.3700787401575);
#4052=VECTOR('',#6391,39.3700787401575);
#4053=VECTOR('',#6392,39.3700787401575);
#4054=VECTOR('',#6395,39.3700787401575);
#4055=VECTOR('',#6396,39.3700787401575);
#4056=VECTOR('',#6397,39.3700787401575);
#4057=VECTOR('',#6398,39.3700787401575);
#4058=VECTOR('',#6399,39.3700787401575);
#4059=VECTOR('',#6400,39.3700787401575);
#4060=VECTOR('',#6403,39.3700787401575);
#4061=VECTOR('',#6404,39.3700787401575);
#4062=VECTOR('',#6405,39.3700787401575);
#4063=VECTOR('',#6406,39.3700787401575);
#4064=VECTOR('',#6407,39.3700787401575);
#4065=VECTOR('',#6408,39.3700787401575);
#4066=VECTOR('',#6411,39.3700787401575);
#4067=VECTOR('',#6412,39.3700787401575);
#4068=VECTOR('',#6413,39.3700787401575);
#4069=VECTOR('',#6414,39.3700787401575);
#4070=VECTOR('',#6415,39.3700787401575);
#4071=VECTOR('',#6416,39.3700787401575);
#4072=VECTOR('',#6419,39.3700787401575);
#4073=VECTOR('',#6420,39.3700787401575);
#4074=VECTOR('',#6421,39.3700787401575);
#4075=VECTOR('',#6422,39.3700787401575);
#4076=VECTOR('',#6423,39.3700787401575);
#4077=VECTOR('',#6424,39.3700787401575);
#4078=VECTOR('',#6427,39.3700787401575);
#4079=VECTOR('',#6428,39.3700787401575);
#4080=VECTOR('',#6429,39.3700787401575);
#4081=VECTOR('',#6430,39.3700787401575);
#4082=VECTOR('',#6431,39.3700787401575);
#4083=VECTOR('',#6432,39.3700787401575);
#4084=VECTOR('',#6435,39.3700787401575);
#4085=VECTOR('',#6436,39.3700787401575);
#4086=VECTOR('',#6437,39.3700787401575);
#4087=VECTOR('',#6438,39.3700787401575);
#4088=VECTOR('',#6439,39.3700787401575);
#4089=VECTOR('',#6440,39.3700787401575);
#4090=VECTOR('',#6443,39.3700787401575);
#4091=VECTOR('',#6444,39.3700787401575);
#4092=VECTOR('',#6445,39.3700787401575);
#4093=VECTOR('',#6446,39.3700787401575);
#4094=VECTOR('',#6447,39.3700787401575);
#4095=VECTOR('',#6448,39.3700787401575);
#4096=VECTOR('',#6451,39.3700787401575);
#4097=VECTOR('',#6452,39.3700787401575);
#4098=VECTOR('',#6453,39.3700787401575);
#4099=VECTOR('',#6454,39.3700787401575);
#4100=VECTOR('',#6455,39.3700787401575);
#4101=VECTOR('',#6456,39.3700787401575);
#4102=VECTOR('',#6459,39.3700787401575);
#4103=VECTOR('',#6460,39.3700787401575);
#4104=VECTOR('',#6461,39.3700787401575);
#4105=VECTOR('',#6462,39.3700787401575);
#4106=VECTOR('',#6463,39.3700787401575);
#4107=VECTOR('',#6464,39.3700787401575);
#4108=VECTOR('',#6467,39.3700787401575);
#4109=VECTOR('',#6468,39.3700787401575);
#4110=VECTOR('',#6469,39.3700787401575);
#4111=VECTOR('',#6470,39.3700787401575);
#4112=VECTOR('',#6471,39.3700787401575);
#4113=VECTOR('',#6472,39.3700787401575);
#4114=VECTOR('',#6475,39.3700787401575);
#4115=VECTOR('',#6476,39.3700787401575);
#4116=VECTOR('',#6477,39.3700787401575);
#4117=VECTOR('',#6478,39.3700787401575);
#4118=VECTOR('',#6479,39.3700787401575);
#4119=VECTOR('',#6480,39.3700787401575);
#4120=VECTOR('',#6483,39.3700787401575);
#4121=VECTOR('',#6484,39.3700787401575);
#4122=VECTOR('',#6485,39.3700787401575);
#4123=VECTOR('',#6486,39.3700787401575);
#4124=VECTOR('',#6487,39.3700787401575);
#4125=VECTOR('',#6488,39.3700787401575);
#4126=VECTOR('',#6491,39.3700787401575);
#4127=VECTOR('',#6492,39.3700787401575);
#4128=VECTOR('',#6493,39.3700787401575);
#4129=VECTOR('',#6494,39.3700787401575);
#4130=VECTOR('',#6495,39.3700787401575);
#4131=VECTOR('',#6496,39.3700787401575);
#4132=VECTOR('',#6499,39.3700787401575);
#4133=VECTOR('',#6500,39.3700787401575);
#4134=VECTOR('',#6501,39.3700787401575);
#4135=VECTOR('',#6502,39.3700787401575);
#4136=VECTOR('',#6503,39.3700787401575);
#4137=VECTOR('',#6504,39.3700787401575);
#4138=VECTOR('',#6507,39.3700787401575);
#4139=VECTOR('',#6508,39.3700787401575);
#4140=VECTOR('',#6509,39.3700787401575);
#4141=VECTOR('',#6510,39.3700787401575);
#4142=VECTOR('',#6511,39.3700787401575);
#4143=VECTOR('',#6512,39.3700787401575);
#4144=VECTOR('',#6515,39.3700787401575);
#4145=VECTOR('',#6516,39.3700787401575);
#4146=VECTOR('',#6517,39.3700787401575);
#4147=VECTOR('',#6518,39.3700787401575);
#4148=VECTOR('',#6519,39.3700787401575);
#4149=VECTOR('',#6520,39.3700787401575);
#4150=VECTOR('',#6523,39.3700787401575);
#4151=VECTOR('',#6524,39.3700787401575);
#4152=VECTOR('',#6525,39.3700787401575);
#4153=VECTOR('',#6526,39.3700787401575);
#4154=VECTOR('',#6527,39.3700787401575);
#4155=VECTOR('',#6528,39.3700787401575);
#4156=VECTOR('',#6531,39.3700787401575);
#4157=VECTOR('',#6534,39.3700787401575);
#4158=VECTOR('',#6537,39.3700787401575);
#4159=VECTOR('',#6538,39.3700787401575);
#4160=VECTOR('',#6539,39.3700787401575);
#4161=VECTOR('',#6540,39.3700787401575);
#4162=VECTOR('',#6543,39.3700787401575);
#4163=VECTOR('',#6546,39.3700787401575);
#4164=VECTOR('',#6549,39.3700787401575);
#4165=VECTOR('',#6550,39.3700787401575);
#4166=VECTOR('',#6551,39.3700787401575);
#4167=VECTOR('',#6552,39.3700787401575);
#4168=VECTOR('',#6555,39.3700787401575);
#4169=VECTOR('',#6558,39.3700787401575);
#4170=VECTOR('',#6561,39.3700787401575);
#4171=VECTOR('',#6562,39.3700787401575);
#4172=VECTOR('',#6563,39.3700787401575);
#4173=VECTOR('',#6564,39.3700787401575);
#4174=VECTOR('',#6567,39.3700787401575);
#4175=VECTOR('',#6570,39.3700787401575);
#4176=VECTOR('',#6573,39.3700787401575);
#4177=VECTOR('',#6574,39.3700787401575);
#4178=VECTOR('',#6575,39.3700787401575);
#4179=VECTOR('',#6576,39.3700787401575);
#4180=VECTOR('',#6579,39.3700787401575);
#4181=VECTOR('',#6580,39.3700787401575);
#4182=VECTOR('',#6581,39.3700787401575);
#4183=VECTOR('',#6582,39.3700787401575);
#4184=VECTOR('',#6583,39.3700787401575);
#4185=VECTOR('',#6584,39.3700787401575);
#4186=VECTOR('',#6587,39.3700787401575);
#4187=VECTOR('',#6588,39.3700787401575);
#4188=VECTOR('',#6589,39.3700787401575);
#4189=VECTOR('',#6590,39.3700787401575);
#4190=VECTOR('',#6591,39.3700787401575);
#4191=VECTOR('',#6592,39.3700787401575);
#4192=VECTOR('',#6595,39.3700787401575);
#4193=VECTOR('',#6596,39.3700787401575);
#4194=VECTOR('',#6597,39.3700787401575);
#4195=VECTOR('',#6598,39.3700787401575);
#4196=VECTOR('',#6599,39.3700787401575);
#4197=VECTOR('',#6600,39.3700787401575);
#4198=VECTOR('',#6603,39.3700787401575);
#4199=VECTOR('',#6604,39.3700787401575);
#4200=VECTOR('',#6605,39.3700787401575);
#4201=VECTOR('',#6606,39.3700787401575);
#4202=VECTOR('',#6607,39.3700787401575);
#4203=VECTOR('',#6608,39.3700787401575);
#4204=VECTOR('',#6611,39.3700787401575);
#4205=VECTOR('',#6612,39.3700787401575);
#4206=VECTOR('',#6613,39.3700787401575);
#4207=VECTOR('',#6614,39.3700787401575);
#4208=VECTOR('',#6615,39.3700787401575);
#4209=VECTOR('',#6616,39.3700787401575);
#4210=VECTOR('',#6619,39.3700787401575);
#4211=VECTOR('',#6622,39.3700787401575);
#4212=VECTOR('',#6625,39.3700787401575);
#4213=VECTOR('',#6626,39.3700787401575);
#4214=VECTOR('',#6627,39.3700787401575);
#4215=VECTOR('',#6628,39.3700787401575);
#4216=VECTOR('',#6631,39.3700787401575);
#4217=VECTOR('',#6632,39.3700787401575);
#4218=VECTOR('',#6633,39.3700787401575);
#4219=VECTOR('',#6634,39.3700787401575);
#4220=VECTOR('',#6637,39.3700787401575);
#4221=VECTOR('',#6638,39.3700787401575);
#4222=VECTOR('',#6639,39.3700787401575);
#4223=VECTOR('',#6642,39.3700787401575);
#4224=VECTOR('',#6645,39.3700787401575);
#4225=VECTOR('',#6646,39.3700787401575);
#4226=VECTOR('',#6647,39.3700787401575);
#4227=VECTOR('',#6650,39.3700787401575);
#4228=VECTOR('',#6653,39.3700787401575);
#4229=VECTOR('',#6654,39.3700787401575);
#4230=VECTOR('',#6655,39.3700787401575);
#4231=VECTOR('',#6658,39.3700787401575);
#4232=VECTOR('',#6661,39.3700787401575);
#4233=VECTOR('',#6662,39.3700787401575);
#4234=VECTOR('',#6663,39.3700787401575);
#4235=VECTOR('',#6666,39.3700787401575);
#4236=VECTOR('',#6669,39.3700787401575);
#4237=VECTOR('',#6670,39.3700787401575);
#4238=VECTOR('',#6671,39.3700787401575);
#4239=VECTOR('',#6674,39.3700787401575);
#4240=VECTOR('',#6675,39.3700787401575);
#4241=VECTOR('',#6676,39.3700787401575);
#4242=VECTOR('',#6677,39.3700787401575);
#4243=VECTOR('',#6678,39.3700787401575);
#4244=VECTOR('',#6679,39.3700787401575);
#4245=VECTOR('',#6680,39.3700787401575);
#4246=VECTOR('',#6681,39.3700787401575);
#4247=VECTOR('',#6682,39.3700787401575);
#4248=VECTOR('',#6683,39.3700787401575);
#4249=VECTOR('',#6684,39.3700787401575);
#4250=VECTOR('',#6685,39.3700787401575);
#4251=VECTOR('',#6686,39.3700787401575);
#4252=VECTOR('',#6687,39.3700787401575);
#4253=VECTOR('',#6688,39.3700787401575);
#4254=VECTOR('',#6689,39.3700787401575);
#4255=VECTOR('',#6690,39.3700787401575);
#4256=VECTOR('',#6691,39.3700787401575);
#4257=VECTOR('',#6692,39.3700787401575);
#4258=VECTOR('',#6693,39.3700787401575);
#4259=VECTOR('',#6694,39.3700787401575);
#4260=VECTOR('',#6697,39.3700787401575);
#4261=VECTOR('',#6698,39.3700787401575);
#4262=VECTOR('',#6699,39.3700787401575);
#4263=VECTOR('',#6700,39.3700787401575);
#4264=VECTOR('',#6701,39.3700787401575);
#4265=VECTOR('',#6702,39.3700787401575);
#4266=VECTOR('',#6703,39.3700787401575);
#4267=VECTOR('',#6704,39.3700787401575);
#4268=VECTOR('',#6705,39.3700787401575);
#4269=VECTOR('',#6706,39.3700787401575);
#4270=VECTOR('',#6707,39.3700787401575);
#4271=VECTOR('',#6708,39.3700787401575);
#4272=VECTOR('',#6709,39.3700787401575);
#4273=VECTOR('',#6710,39.3700787401575);
#4274=VECTOR('',#6711,39.3700787401575);
#4275=VECTOR('',#6712,39.3700787401575);
#4276=VECTOR('',#6713,39.3700787401575);
#4277=VECTOR('',#6714,39.3700787401575);
#4278=VECTOR('',#6717,39.3700787401575);
#4279=VECTOR('',#6718,39.3700787401575);
#4280=VECTOR('',#6719,39.3700787401575);
#4281=VECTOR('',#6720,39.3700787401575);
#4282=VECTOR('',#6721,39.3700787401575);
#4283=VECTOR('',#6722,39.3700787401575);
#4284=VECTOR('',#6723,39.3700787401575);
#4285=VECTOR('',#6724,39.3700787401575);
#4286=VECTOR('',#6725,39.3700787401575);
#4287=VECTOR('',#6726,39.3700787401575);
#4288=VECTOR('',#6727,39.3700787401575);
#4289=VECTOR('',#6728,39.3700787401575);
#4290=VECTOR('',#6729,39.3700787401575);
#4291=VECTOR('',#6730,39.3700787401575);
#4292=VECTOR('',#6731,39.3700787401575);
#4293=VECTOR('',#6732,39.3700787401575);
#4294=VECTOR('',#6733,39.3700787401575);
#4295=VECTOR('',#6734,39.3700787401575);
#4296=VECTOR('',#6737,39.3700787401575);
#4297=VECTOR('',#6738,39.3700787401575);
#4298=VECTOR('',#6741,39.3700787401575);
#4299=VECTOR('',#6742,39.3700787401575);
#4300=VECTOR('',#6745,39.3700787401575);
#4301=VECTOR('',#6746,39.3700787401575);
#4302=VECTOR('',#6749,39.3700787401575);
#4303=VECTOR('',#6750,39.3700787401575);
#4304=VECTOR('',#6753,39.3700787401575);
#4305=VECTOR('',#6754,39.3700787401575);
#4306=VECTOR('',#6757,39.3700787401575);
#4307=VECTOR('',#6758,39.3700787401575);
#4308=VECTOR('',#6785,39.3700787401575);
#4309=VECTOR('',#6786,39.3700787401575);
#4310=VECTOR('',#6789,39.3700787401575);
#4311=VECTOR('',#6792,39.3700787401575);
#4312=VECTOR('',#6795,39.3700787401575);
#4313=VECTOR('',#6798,39.3700787401575);
#4314=VECTOR('',#6803,39.3700787401575);
#4315=VECTOR('',#6804,39.3700787401575);
#4316=VECTOR('',#6807,39.3700787401575);
#4317=VECTOR('',#6810,39.3700787401575);
#4318=VECTOR('',#6813,39.3700787401575);
#4319=VECTOR('',#6816,39.3700787401575);
#4320=VECTOR('',#6821,39.3700787401575);
#4321=VECTOR('',#6822,39.3700787401575);
#4322=VECTOR('',#6825,39.3700787401575);
#4323=VECTOR('',#6828,39.3700787401575);
#4324=VECTOR('',#6831,39.3700787401575);
#4325=VECTOR('',#6834,39.3700787401575);
#4326=VECTOR('',#6839,39.3700787401575);
#4327=VECTOR('',#6840,39.3700787401575);
#4328=VECTOR('',#6843,39.3700787401575);
#4329=VECTOR('',#6846,39.3700787401575);
#4330=VECTOR('',#6849,39.3700787401575);
#4331=VECTOR('',#6852,39.3700787401575);
#4332=VECTOR('',#6857,39.3700787401575);
#4333=VECTOR('',#6858,39.3700787401575);
#4334=VECTOR('',#6861,39.3700787401575);
#4335=VECTOR('',#6864,39.3700787401575);
#4336=VECTOR('',#6867,39.3700787401575);
#4337=VECTOR('',#6870,39.3700787401575);
#4338=VECTOR('',#6875,39.3700787401575);
#4339=VECTOR('',#6876,39.3700787401575);
#4340=VECTOR('',#6879,39.3700787401575);
#4341=VECTOR('',#6882,39.3700787401575);
#4342=VECTOR('',#6887,39.3700787401575);
#4343=VECTOR('',#6888,39.3700787401575);
#4344=VECTOR('',#6891,39.3700787401575);
#4345=VECTOR('',#6894,39.3700787401575);
#4346=VECTOR('',#6899,39.3700787401575);
#4347=VECTOR('',#6900,39.3700787401575);
#4348=VECTOR('',#6903,39.3700787401575);
#4349=VECTOR('',#6906,39.3700787401575);
#4350=VECTOR('',#6911,39.3700787401575);
#4351=VECTOR('',#6912,39.3700787401575);
#4352=VECTOR('',#6915,39.3700787401575);
#4353=VECTOR('',#6918,39.3700787401575);
#4354=VECTOR('',#6923,39.3700787401575);
#4355=VECTOR('',#6924,39.3700787401575);
#4356=VECTOR('',#6927,39.3700787401575);
#4357=VECTOR('',#6930,39.3700787401575);
#4358=VECTOR('',#6975,39.3700787401575);
#4359=VECTOR('',#6976,39.3700787401575);
#4360=VECTOR('',#6977,39.3700787401575);
#4361=VECTOR('',#6980,39.3700787401575);
#4362=VECTOR('',#6983,39.3700787401575);
#4363=VECTOR('',#6988,39.3700787401575);
#4364=VECTOR('',#6989,39.3700787401575);
#4365=VECTOR('',#6992,39.3700787401575);
#4366=VECTOR('',#6993,39.3700787401575);
#4367=VECTOR('',#6996,39.3700787401575);
#4368=VECTOR('',#7001,39.3700787401575);
#4369=VECTOR('',#7002,39.3700787401575);
#4370=VECTOR('',#7003,39.3700787401575);
#4371=VECTOR('',#7006,39.3700787401575);
#4372=VECTOR('',#7009,39.3700787401575);
#4373=VECTOR('',#7014,39.3700787401575);
#4374=VECTOR('',#7015,39.3700787401575);
#4375=VECTOR('',#7018,39.3700787401575);
#4376=VECTOR('',#7019,39.3700787401575);
#4377=VECTOR('',#7022,39.3700787401575);
#4378=VECTOR('',#7027,39.3700787401575);
#4379=VECTOR('',#7028,39.3700787401575);
#4380=VECTOR('',#7029,39.3700787401575);
#4381=VECTOR('',#7032,39.3700787401575);
#4382=VECTOR('',#7035,39.3700787401575);
#4383=VECTOR('',#7040,39.3700787401575);
#4384=VECTOR('',#7041,39.3700787401575);
#4385=VECTOR('',#7044,39.3700787401575);
#4386=VECTOR('',#7045,39.3700787401575);
#4387=VECTOR('',#7048,39.3700787401575);
#4388=VECTOR('',#7053,39.3700787401575);
#4389=VECTOR('',#7054,39.3700787401575);
#4390=VECTOR('',#7055,39.3700787401575);
#4391=VECTOR('',#7058,39.3700787401575);
#4392=VECTOR('',#7061,39.3700787401575);
#4393=VECTOR('',#7066,39.3700787401575);
#4394=VECTOR('',#7067,39.3700787401575);
#4395=VECTOR('',#7070,39.3700787401575);
#4396=VECTOR('',#7071,39.3700787401575);
#4397=VECTOR('',#7074,39.3700787401575);
#4398=VECTOR('',#7079,39.3700787401575);
#4399=VECTOR('',#7080,39.3700787401575);
#4400=VECTOR('',#7081,39.3700787401575);
#4401=VECTOR('',#7084,39.3700787401575);
#4402=VECTOR('',#7087,39.3700787401575);
#4403=VECTOR('',#7092,39.3700787401575);
#4404=VECTOR('',#7093,39.3700787401575);
#4405=VECTOR('',#7096,39.3700787401575);
#4406=VECTOR('',#7097,39.3700787401575);
#4407=VECTOR('',#7100,39.3700787401575);
#4408=VECTOR('',#7105,39.3700787401575);
#4409=VECTOR('',#7106,39.3700787401575);
#4410=VECTOR('',#7107,39.3700787401575);
#4411=VECTOR('',#7110,39.3700787401575);
#4412=VECTOR('',#7113,39.3700787401575);
#4413=VECTOR('',#7118,39.3700787401575);
#4414=VECTOR('',#7119,39.3700787401575);
#4415=VECTOR('',#7122,39.3700787401575);
#4416=VECTOR('',#7123,39.3700787401575);
#4417=VECTOR('',#7126,39.3700787401575);
#4418=VECTOR('',#7131,39.3700787401575);
#4419=VECTOR('',#7132,39.3700787401575);
#4420=VECTOR('',#7133,39.3700787401575);
#4421=VECTOR('',#7136,39.3700787401575);
#4422=VECTOR('',#7139,39.3700787401575);
#4423=VECTOR('',#7144,39.3700787401575);
#4424=VECTOR('',#7145,39.3700787401575);
#4425=VECTOR('',#7148,39.3700787401575);
#4426=VECTOR('',#7149,39.3700787401575);
#4427=VECTOR('',#7152,39.3700787401575);
#4428=VECTOR('',#7157,39.3700787401575);
#4429=VECTOR('',#7158,39.3700787401575);
#4430=VECTOR('',#7159,39.3700787401575);
#4431=VECTOR('',#7162,39.3700787401575);
#4432=VECTOR('',#7165,39.3700787401575);
#4433=VECTOR('',#7170,39.3700787401575);
#4434=VECTOR('',#7171,39.3700787401575);
#4435=VECTOR('',#7174,39.3700787401575);
#4436=VECTOR('',#7175,39.3700787401575);
#4437=VECTOR('',#7178,39.3700787401575);
#4438=VECTOR('',#7183,39.3700787401575);
#4439=VECTOR('',#7184,39.3700787401575);
#4440=VECTOR('',#7185,39.3700787401575);
#4441=VECTOR('',#7188,39.3700787401575);
#4442=VECTOR('',#7191,39.3700787401575);
#4443=VECTOR('',#7196,39.3700787401575);
#4444=VECTOR('',#7197,39.3700787401575);
#4445=VECTOR('',#7200,39.3700787401575);
#4446=VECTOR('',#7201,39.3700787401575);
#4447=VECTOR('',#7204,39.3700787401575);
#4448=VECTOR('',#7209,39.3700787401575);
#4449=VECTOR('',#7210,39.3700787401575);
#4450=VECTOR('',#7211,39.3700787401575);
#4451=VECTOR('',#7214,39.3700787401575);
#4452=VECTOR('',#7217,39.3700787401575);
#4453=VECTOR('',#7222,39.3700787401575);
#4454=VECTOR('',#7223,39.3700787401575);
#4455=VECTOR('',#7226,39.3700787401575);
#4456=VECTOR('',#7227,39.3700787401575);
#4457=VECTOR('',#7230,39.3700787401575);
#4458=VECTOR('',#7237,39.3700787401575);
#4459=VECTOR('',#7238,39.3700787401575);
#4460=VECTOR('',#7239,39.3700787401575);
#4461=VECTOR('',#7240,39.3700787401575);
#4462=VECTOR('',#7243,39.3700787401575);
#4463=VECTOR('',#7244,39.3700787401575);
#4464=VECTOR('',#7245,39.3700787401575);
#4465=VECTOR('',#7246,39.3700787401575);
#4466=VECTOR('',#7249,39.3700787401575);
#4467=VECTOR('',#7250,39.3700787401575);
#4468=VECTOR('',#7251,39.3700787401575);
#4469=VECTOR('',#7252,39.3700787401575);
#4470=VECTOR('',#7255,39.3700787401575);
#4471=VECTOR('',#7256,39.3700787401575);
#4472=VECTOR('',#7257,39.3700787401575);
#4473=VECTOR('',#7258,39.3700787401575);
#4474=VECTOR('',#7261,39.3700787401575);
#4475=VECTOR('',#7262,39.3700787401575);
#4476=VECTOR('',#7263,39.3700787401575);
#4477=VECTOR('',#7264,39.3700787401575);
#4478=VECTOR('',#7267,39.3700787401575);
#4479=VECTOR('',#7268,39.3700787401575);
#4480=VECTOR('',#7269,39.3700787401575);
#4481=VECTOR('',#7272,39.3700787401575);
#4482=VECTOR('',#7273,39.3700787401575);
#4483=VECTOR('',#7274,39.3700787401575);
#4484=VECTOR('',#7277,39.3700787401575);
#4485=VECTOR('',#7278,39.3700787401575);
#4486=VECTOR('',#7279,39.3700787401575);
#4487=VECTOR('',#7282,39.3700787401575);
#4488=VECTOR('',#7283,39.3700787401575);
#4489=VECTOR('',#7284,39.3700787401575);
#4490=VECTOR('',#7287,39.3700787401575);
#4491=VECTOR('',#7288,39.3700787401575);
#4492=VECTOR('',#7289,39.3700787401575);
#4493=VECTOR('',#7292,39.3700787401575);
#4494=VECTOR('',#7293,39.3700787401575);
#4495=VECTOR('',#7294,39.3700787401575);
#4496=VECTOR('',#7297,39.3700787401575);
#4497=VECTOR('',#7298,39.3700787401575);
#4498=VECTOR('',#7299,39.3700787401575);
#4499=VECTOR('',#7302,39.3700787401575);
#4500=VECTOR('',#7303,39.3700787401575);
#4501=VECTOR('',#7304,39.3700787401575);
#4502=VECTOR('',#7307,39.3700787401575);
#4503=VECTOR('',#7308,39.3700787401575);
#4504=VECTOR('',#7309,39.3700787401575);
#4505=VECTOR('',#7312,39.3700787401575);
#4506=VECTOR('',#7313,39.3700787401575);
#4507=VECTOR('',#7314,39.3700787401575);
#4508=VECTOR('',#7321,39.3700787401575);
#4509=VECTOR('',#7326,39.3700787401575);
#4510=VECTOR('',#7335,39.3700787401575);
#4511=VECTOR('',#7342,39.3700787401575);
#4512=VECTOR('',#7349,39.3700787401575);
#4513=VECTOR('',#7352,39.3700787401575);
#4514=VECTOR('',#7353,39.3700787401575);
#4515=VECTOR('',#7354,39.3700787401575);
#4516=VECTOR('',#7357,39.3700787401575);
#4517=VECTOR('',#7358,39.3700787401575);
#4518=VECTOR('',#7359,39.3700787401575);
#4519=VECTOR('',#7362,39.3700787401575);
#4520=VECTOR('',#7363,39.3700787401575);
#4521=VECTOR('',#7364,39.3700787401575);
#4522=VECTOR('',#7367,39.3700787401575);
#4523=VECTOR('',#7368,39.3700787401575);
#4524=VECTOR('',#7369,39.3700787401575);
#4525=VECTOR('',#7372,39.3700787401575);
#4526=VECTOR('',#7373,39.3700787401575);
#4527=VECTOR('',#7374,39.3700787401575);
#4528=VECTOR('',#7377,39.3700787401575);
#4529=VECTOR('',#7378,39.3700787401575);
#4530=VECTOR('',#7379,39.3700787401575);
#4531=VECTOR('',#7380,39.3700787401575);
#4532=VECTOR('',#7383,39.3700787401575);
#4533=VECTOR('',#7384,39.3700787401575);
#4534=VECTOR('',#7385,39.3700787401575);
#4535=VECTOR('',#7386,39.3700787401575);
#4536=VECTOR('',#7389,39.3700787401575);
#4537=VECTOR('',#7390,39.3700787401575);
#4538=VECTOR('',#7391,39.3700787401575);
#4539=VECTOR('',#7392,39.3700787401575);
#4540=VECTOR('',#7395,39.3700787401575);
#4541=VECTOR('',#7396,39.3700787401575);
#4542=VECTOR('',#7397,39.3700787401575);
#4543=VECTOR('',#7398,39.3700787401575);
#4544=VECTOR('',#7401,39.3700787401575);
#4545=VECTOR('',#7402,39.3700787401575);
#4546=VECTOR('',#7403,39.3700787401575);
#4547=VECTOR('',#7404,39.3700787401575);
#4548=VECTOR('',#7411,39.3700787401575);
#4549=VECTOR('',#7416,39.3700787401575);
#4550=VECTOR('',#7425,39.3700787401575);
#4551=VECTOR('',#7432,39.3700787401575);
#4552=VECTOR('',#7439,39.3700787401575);
#4553=VECTOR('',#7442,39.3700787401575);
#4554=VECTOR('',#7443,39.3700787401575);
#4555=VECTOR('',#7444,39.3700787401575);
#4556=VECTOR('',#7447,39.3700787401575);
#4557=VECTOR('',#7448,39.3700787401575);
#4558=VECTOR('',#7449,39.3700787401575);
#4559=VECTOR('',#7452,39.3700787401575);
#4560=VECTOR('',#7453,39.3700787401575);
#4561=VECTOR('',#7454,39.3700787401575);
#4562=VECTOR('',#7457,39.3700787401575);
#4563=VECTOR('',#7458,39.3700787401575);
#4564=VECTOR('',#7459,39.3700787401575);
#4565=VECTOR('',#7462,39.3700787401575);
#4566=VECTOR('',#7463,39.3700787401575);
#4567=VECTOR('',#7464,39.3700787401575);
#4568=VECTOR('',#7467,39.3700787401575);
#4569=VECTOR('',#7468,39.3700787401575);
#4570=VECTOR('',#7469,39.3700787401575);
#4571=VECTOR('',#7472,39.3700787401575);
#4572=VECTOR('',#7473,39.3700787401575);
#4573=VECTOR('',#7474,39.3700787401575);
#4574=VECTOR('',#7477,39.3700787401575);
#4575=VECTOR('',#7478,39.3700787401575);
#4576=VECTOR('',#7479,39.3700787401575);
#4577=VECTOR('',#7482,39.3700787401575);
#4578=VECTOR('',#7483,39.3700787401575);
#4579=VECTOR('',#7484,39.3700787401575);
#4580=VECTOR('',#7487,39.3700787401575);
#4581=VECTOR('',#7488,39.3700787401575);
#4582=VECTOR('',#7489,39.3700787401575);
#4583=VECTOR('',#7492,39.3700787401575);
#4584=VECTOR('',#7493,39.3700787401575);
#4585=VECTOR('',#7494,39.3700787401575);
#4586=VECTOR('',#7497,39.3700787401575);
#4587=VECTOR('',#7498,39.3700787401575);
#4588=VECTOR('',#7499,39.3700787401575);
#4589=VECTOR('',#7502,39.3700787401575);
#4590=VECTOR('',#7503,39.3700787401575);
#4591=VECTOR('',#7504,39.3700787401575);
#4592=VECTOR('',#7507,39.3700787401575);
#4593=VECTOR('',#7508,39.3700787401575);
#4594=VECTOR('',#7509,39.3700787401575);
#4595=VECTOR('',#7512,39.3700787401575);
#4596=VECTOR('',#7513,39.3700787401575);
#4597=VECTOR('',#7514,39.3700787401575);
#4598=VECTOR('',#7517,39.3700787401575);
#4599=VECTOR('',#7526,39.3700787401575);
#4600=VECTOR('',#7531,39.3700787401575);
#4601=VECTOR('',#7538,39.3700787401575);
#4602=VECTOR('',#7545,39.3700787401575);
#4603=VECTOR('',#7552,39.3700787401575);
#4604=VECTOR('',#7553,39.3700787401575);
#4605=VECTOR('',#7554,39.3700787401575);
#4606=VECTOR('',#7555,39.3700787401575);
#4607=VECTOR('',#7556,39.3700787401575);
#4608=VECTOR('',#7557,39.3700787401575);
#4609=VECTOR('',#7558,39.3700787401575);
#4610=VECTOR('',#7559,39.3700787401575);
#4611=VECTOR('',#7560,39.3700787401575);
#4612=VECTOR('',#7561,39.3700787401575);
#4613=VECTOR('',#7562,39.3700787401575);
#4614=VECTOR('',#7563,39.3700787401575);
#4615=VECTOR('',#7564,39.3700787401575);
#4616=VECTOR('',#7565,39.3700787401575);
#4617=VECTOR('',#7566,39.3700787401575);
#4618=VECTOR('',#7569,39.3700787401575);
#4619=VECTOR('',#7570,39.3700787401575);
#4620=VECTOR('',#7571,39.3700787401575);
#4621=VECTOR('',#7572,39.3700787401575);
#4622=VECTOR('',#7573,39.3700787401575);
#4623=VECTOR('',#7574,39.3700787401575);
#4624=VECTOR('',#7575,39.3700787401575);
#4625=VECTOR('',#7576,39.3700787401575);
#4626=VECTOR('',#7577,39.3700787401575);
#4627=VECTOR('',#7578,39.3700787401575);
#4628=VECTOR('',#7579,39.3700787401575);
#4629=VECTOR('',#7580,39.3700787401575);
#4630=VECTOR('',#7581,39.3700787401575);
#4631=VECTOR('',#7582,39.3700787401575);
#4632=VECTOR('',#7583,39.3700787401575);
#4633=VECTOR('',#7584,39.3700787401575);
#4634=VECTOR('',#7585,39.3700787401575);
#4635=VECTOR('',#7586,39.3700787401575);
#4636=VECTOR('',#7587,39.3700787401575);
#4637=VECTOR('',#7588,39.3700787401575);
#4638=VECTOR('',#7621,39.3700787401575);
#4639=VECTOR('',#7622,39.3700787401575);
#4640=VECTOR('',#7623,39.3700787401575);
#4641=VECTOR('',#7624,39.3700787401575);
#4642=VECTOR('',#7625,39.3700787401575);
#4643=VECTOR('',#7626,39.3700787401575);
#4644=VECTOR('',#7627,39.3700787401575);
#4645=VECTOR('',#7628,39.3700787401575);
#4646=VECTOR('',#7629,39.3700787401575);
#4647=VECTOR('',#7630,39.3700787401575);
#4648=VECTOR('',#7631,39.3700787401575);
#4649=VECTOR('',#7632,39.3700787401575);
#4650=VECTOR('',#7633,39.3700787401575);
#4651=VECTOR('',#7634,39.3700787401575);
#4652=VECTOR('',#7635,39.3700787401575);
#4653=VECTOR('',#7636,39.3700787401575);
#4654=VECTOR('',#7637,39.3700787401575);
#4655=VECTOR('',#7638,39.3700787401575);
#4656=VECTOR('',#7641,39.3700787401575);
#4657=VECTOR('',#7642,39.3700787401575);
#4658=EDGE_LOOP('',(#120,#121,#122,#123));
#4659=EDGE_LOOP('',(#124,#125,#126,#127,#128,#129,#130,#131,#132,#133,#134,
#135));
#4660=EDGE_LOOP('',(#136,#137,#138,#139,#140,#141,#142,#143,#144,#145,#146,
#147));
#4661=EDGE_LOOP('',(#148,#149,#150,#151));
#4662=EDGE_LOOP('',(#152,#153,#154,#155,#156,#157,#158,#159,#160,#161,#162,
#163));
#4663=EDGE_LOOP('',(#164,#165,#166,#167,#168,#169,#170,#171,#172,#173,#174,
#175));
#4664=EDGE_LOOP('',(#176,#177,#178,#179));
#4665=EDGE_LOOP('',(#180,#181,#182,#183,#184,#185,#186,#187,#188,#189,#190,
#191));
#4666=EDGE_LOOP('',(#192,#193,#194,#195,#196,#197,#198,#199,#200,#201,#202,
#203));
#4667=EDGE_LOOP('',(#204,#205,#206,#207));
#4668=EDGE_LOOP('',(#208,#209,#210,#211,#212,#213,#214,#215,#216,#217,#218,
#219));
#4669=EDGE_LOOP('',(#220,#221,#222,#223,#224,#225,#226,#227,#228,#229,#230,
#231));
#4670=EDGE_LOOP('',(#232,#233,#234,#235));
#4671=EDGE_LOOP('',(#236,#237,#238,#239,#240,#241,#242,#243,#244,#245,#246,
#247));
#4672=EDGE_LOOP('',(#248,#249,#250,#251,#252,#253,#254,#255,#256,#257,#258,
#259));
#4673=EDGE_LOOP('',(#260,#261,#262,#263,#264,#265,#266,#267));
#4674=EDGE_LOOP('',(#268,#269,#270,#271,#272,#273,#274,#275));
#4675=EDGE_LOOP('',(#276,#277,#278,#279,#280,#281,#282,#283));
#4676=EDGE_LOOP('',(#284,#285,#286,#287,#288,#289,#290,#291));
#4677=EDGE_LOOP('',(#292,#293,#294,#295,#296,#297,#298,#299));
#4678=EDGE_LOOP('',(#300,#301,#302,#303,#304,#305,#306,#307));
#4679=EDGE_LOOP('',(#308,#309,#310,#311,#312,#313,#314,#315));
#4680=EDGE_LOOP('',(#316,#317,#318,#319,#320,#321,#322,#323));
#4681=EDGE_LOOP('',(#324,#325,#326,#327,#328,#329,#330,#331));
#4682=EDGE_LOOP('',(#332,#333,#334,#335,#336,#337,#338,#339));
#4683=EDGE_LOOP('',(#340,#341,#342,#343,#344,#345,#346,#347));
#4684=EDGE_LOOP('',(#348,#349,#350,#351,#352,#353,#354,#355));
#4685=EDGE_LOOP('',(#356,#357,#358,#359,#360,#361,#362,#363));
#4686=EDGE_LOOP('',(#364,#365,#366,#367,#368,#369,#370,#371));
#4687=EDGE_LOOP('',(#372,#373,#374,#375,#376,#377,#378,#379));
#4688=EDGE_LOOP('',(#380,#381,#382,#383,#384,#385,#386,#387));
#4689=EDGE_LOOP('',(#388,#389,#390,#391,#392,#393,#394,#395));
#4690=EDGE_LOOP('',(#396,#397,#398,#399,#400,#401,#402,#403));
#4691=EDGE_LOOP('',(#404,#405,#406,#407,#408,#409,#410,#411));
#4692=EDGE_LOOP('',(#412,#413,#414,#415,#416,#417,#418,#419));
#4693=EDGE_LOOP('',(#420,#421,#422,#423,#424,#425));
#4694=EDGE_LOOP('',(#426,#427,#428,#429));
#4695=EDGE_LOOP('',(#430,#431,#432,#433,#434,#435));
#4696=EDGE_LOOP('',(#436,#437,#438,#439));
#4697=EDGE_LOOP('',(#440,#441,#442,#443,#444,#445));
#4698=EDGE_LOOP('',(#446,#447,#448,#449));
#4699=EDGE_LOOP('',(#450,#451,#452,#453,#454,#455));
#4700=EDGE_LOOP('',(#456,#457,#458,#459));
#4701=EDGE_LOOP('',(#460,#461,#462,#463));
#4702=EDGE_LOOP('',(#464,#465,#466,#467));
#4703=EDGE_LOOP('',(#468,#469,#470,#471));
#4704=EDGE_LOOP('',(#472,#473,#474,#475));
#4705=EDGE_LOOP('',(#476,#477,#478,#479));
#4706=EDGE_LOOP('',(#480,#481,#482,#483));
#4707=EDGE_LOOP('',(#484,#485,#486,#487));
#4708=EDGE_LOOP('',(#488,#489,#490,#491));
#4709=EDGE_LOOP('',(#492,#493,#494,#495));
#4710=EDGE_LOOP('',(#496,#497,#498,#499));
#4711=EDGE_LOOP('',(#500,#501,#502,#503,#504,#505));
#4712=EDGE_LOOP('',(#506,#507,#508,#509));
#4713=EDGE_LOOP('',(#510,#511,#512,#513));
#4714=EDGE_LOOP('',(#514,#515,#516,#517,#518,#519));
#4715=EDGE_LOOP('',(#520,#521,#522,#523,#524,#525));
#4716=EDGE_LOOP('',(#526,#527,#528,#529,#530,#531));
#4717=EDGE_LOOP('',(#532,#533,#534,#535,#536,#537));
#4718=EDGE_LOOP('',(#538,#539,#540,#541,#542,#543));
#4719=EDGE_LOOP('',(#544,#545,#546,#547));
#4720=EDGE_LOOP('',(#548,#549,#550,#551));
#4721=EDGE_LOOP('',(#552,#553,#554,#555));
#4722=EDGE_LOOP('',(#556,#557,#558,#559));
#4723=EDGE_LOOP('',(#560,#561,#562,#563));
#4724=EDGE_LOOP('',(#564,#565,#566,#567,#568,#569,#570,#571,#572,#573,#574,
#575,#576,#577,#578,#579,#580,#581,#582,#583,#584,#585,#586,#587));
#4725=EDGE_LOOP('',(#588,#589,#590,#591,#592,#593,#594,#595,#596,#597,#598,
#599,#600,#601,#602,#603,#604,#605,#606,#607,#608,#609,#610,#611));
#4726=EDGE_LOOP('',(#612,#613,#614,#615));
#4727=EDGE_LOOP('',(#616,#617,#618,#619));
#4728=EDGE_LOOP('',(#620,#621,#622,#623));
#4729=EDGE_LOOP('',(#624,#625,#626,#627));
#4730=EDGE_LOOP('',(#628,#629,#630,#631));
#4731=EDGE_LOOP('',(#632,#633,#634,#635));
#4732=EDGE_LOOP('',(#636,#637,#638,#639));
#4733=EDGE_LOOP('',(#640,#641,#642,#643));
#4734=EDGE_LOOP('',(#644,#645,#646,#647));
#4735=EDGE_LOOP('',(#648,#649,#650,#651));
#4736=EDGE_LOOP('',(#652,#653,#654,#655));
#4737=EDGE_LOOP('',(#656,#657,#658,#659));
#4738=EDGE_LOOP('',(#660,#661,#662,#663));
#4739=EDGE_LOOP('',(#664,#665,#666,#667));
#4740=EDGE_LOOP('',(#668,#669,#670,#671));
#4741=EDGE_LOOP('',(#672,#673,#674,#675));
#4742=EDGE_LOOP('',(#676,#677,#678,#679));
#4743=EDGE_LOOP('',(#680,#681,#682,#683));
#4744=EDGE_LOOP('',(#684,#685,#686,#687));
#4745=EDGE_LOOP('',(#688,#689,#690,#691));
#4746=EDGE_LOOP('',(#692,#693,#694,#695));
#4747=EDGE_LOOP('',(#696,#697,#698,#699));
#4748=EDGE_LOOP('',(#700,#701,#702,#703));
#4749=EDGE_LOOP('',(#704,#705,#706,#707));
#4750=EDGE_LOOP('',(#708,#709,#710,#711));
#4751=EDGE_LOOP('',(#712,#713,#714,#715));
#4752=EDGE_LOOP('',(#716,#717,#718,#719));
#4753=EDGE_LOOP('',(#720,#721,#722,#723));
#4754=EDGE_LOOP('',(#724,#725,#726,#727));
#4755=EDGE_LOOP('',(#728,#729,#730,#731));
#4756=EDGE_LOOP('',(#732,#733,#734,#735));
#4757=EDGE_LOOP('',(#736,#737,#738,#739));
#4758=EDGE_LOOP('',(#740,#741,#742,#743));
#4759=EDGE_LOOP('',(#744,#745,#746,#747));
#4760=EDGE_LOOP('',(#748,#749,#750,#751));
#4761=EDGE_LOOP('',(#752,#753,#754,#755));
#4762=EDGE_LOOP('',(#756,#757,#758,#759));
#4763=EDGE_LOOP('',(#760,#761,#762,#763));
#4764=EDGE_LOOP('',(#764,#765,#766,#767));
#4765=EDGE_LOOP('',(#768,#769,#770,#771));
#4766=EDGE_LOOP('',(#772,#773,#774,#775));
#4767=EDGE_LOOP('',(#776,#777,#778,#779));
#4768=EDGE_LOOP('',(#780,#781,#782,#783));
#4769=EDGE_LOOP('',(#784,#785,#786,#787));
#4770=EDGE_LOOP('',(#788,#789,#790,#791));
#4771=EDGE_LOOP('',(#792,#793,#794,#795));
#4772=EDGE_LOOP('',(#796,#797,#798,#799));
#4773=EDGE_LOOP('',(#800,#801,#802,#803));
#4774=EDGE_LOOP('',(#804,#805,#806,#807));
#4775=EDGE_LOOP('',(#808,#809,#810,#811));
#4776=EDGE_LOOP('',(#812,#813,#814,#815));
#4777=EDGE_LOOP('',(#816,#817,#818,#819));
#4778=EDGE_LOOP('',(#820,#821,#822,#823));
#4779=EDGE_LOOP('',(#824,#825,#826,#827));
#4780=EDGE_LOOP('',(#828,#829,#830,#831));
#4781=EDGE_LOOP('',(#832,#833,#834,#835));
#4782=EDGE_LOOP('',(#836,#837,#838,#839));
#4783=EDGE_LOOP('',(#840,#841,#842,#843));
#4784=EDGE_LOOP('',(#844,#845,#846,#847));
#4785=EDGE_LOOP('',(#848,#849,#850,#851));
#4786=EDGE_LOOP('',(#852,#853,#854,#855));
#4787=EDGE_LOOP('',(#856,#857,#858,#859));
#4788=EDGE_LOOP('',(#860,#861,#862,#863));
#4789=EDGE_LOOP('',(#864,#865,#866,#867));
#4790=EDGE_LOOP('',(#868,#869,#870,#871));
#4791=EDGE_LOOP('',(#872,#873,#874,#875));
#4792=EDGE_LOOP('',(#876,#877,#878,#879));
#4793=EDGE_LOOP('',(#880,#881,#882,#883));
#4794=EDGE_LOOP('',(#884,#885,#886,#887));
#4795=EDGE_LOOP('',(#888,#889,#890,#891));
#4796=EDGE_LOOP('',(#892,#893,#894,#895));
#4797=EDGE_LOOP('',(#896,#897,#898,#899));
#4798=EDGE_LOOP('',(#900,#901,#902,#903));
#4799=EDGE_LOOP('',(#904,#905,#906,#907));
#4800=EDGE_LOOP('',(#908,#909,#910,#911));
#4801=EDGE_LOOP('',(#912,#913,#914,#915));
#4802=EDGE_LOOP('',(#916,#917,#918,#919));
#4803=EDGE_LOOP('',(#920,#921,#922,#923));
#4804=EDGE_LOOP('',(#924,#925,#926,#927));
#4805=EDGE_LOOP('',(#928,#929,#930,#931));
#4806=EDGE_LOOP('',(#932,#933,#934,#935));
#4807=EDGE_LOOP('',(#936,#937,#938,#939));
#4808=EDGE_LOOP('',(#940,#941,#942,#943));
#4809=EDGE_LOOP('',(#944,#945,#946,#947));
#4810=EDGE_LOOP('',(#948,#949,#950,#951));
#4811=EDGE_LOOP('',(#952,#953,#954,#955));
#4812=EDGE_LOOP('',(#956,#957,#958,#959));
#4813=EDGE_LOOP('',(#960,#961,#962,#963));
#4814=EDGE_LOOP('',(#964,#965,#966,#967));
#4815=EDGE_LOOP('',(#968,#969,#970,#971));
#4816=EDGE_LOOP('',(#972,#973,#974,#975));
#4817=EDGE_LOOP('',(#976,#977,#978,#979));
#4818=EDGE_LOOP('',(#980,#981,#982,#983));
#4819=EDGE_LOOP('',(#984,#985,#986,#987));
#4820=EDGE_LOOP('',(#988,#989,#990,#991));
#4821=EDGE_LOOP('',(#992,#993,#994,#995));
#4822=EDGE_LOOP('',(#996,#997,#998,#999));
#4823=EDGE_LOOP('',(#1000,#1001,#1002,#1003));
#4824=EDGE_LOOP('',(#1004,#1005,#1006,#1007));
#4825=EDGE_LOOP('',(#1008,#1009,#1010,#1011));
#4826=EDGE_LOOP('',(#1012,#1013,#1014,#1015));
#4827=EDGE_LOOP('',(#1016,#1017,#1018,#1019));
#4828=EDGE_LOOP('',(#1020,#1021,#1022,#1023));
#4829=EDGE_LOOP('',(#1024,#1025,#1026,#1027));
#4830=EDGE_LOOP('',(#1028,#1029,#1030,#1031));
#4831=EDGE_LOOP('',(#1032,#1033,#1034,#1035));
#4832=EDGE_LOOP('',(#1036,#1037,#1038,#1039));
#4833=EDGE_LOOP('',(#1040,#1041,#1042,#1043));
#4834=EDGE_LOOP('',(#1044,#1045,#1046,#1047));
#4835=EDGE_LOOP('',(#1048,#1049,#1050,#1051));
#4836=EDGE_LOOP('',(#1052,#1053,#1054,#1055));
#4837=EDGE_LOOP('',(#1056,#1057,#1058,#1059));
#4838=EDGE_LOOP('',(#1060,#1061,#1062,#1063));
#4839=EDGE_LOOP('',(#1064,#1065,#1066,#1067));
#4840=EDGE_LOOP('',(#1068,#1069,#1070,#1071));
#4841=EDGE_LOOP('',(#1072,#1073,#1074,#1075));
#4842=EDGE_LOOP('',(#1076,#1077,#1078,#1079));
#4843=EDGE_LOOP('',(#1080,#1081,#1082,#1083));
#4844=EDGE_LOOP('',(#1084,#1085,#1086,#1087));
#4845=EDGE_LOOP('',(#1088,#1089,#1090,#1091));
#4846=EDGE_LOOP('',(#1092,#1093,#1094,#1095));
#4847=EDGE_LOOP('',(#1096,#1097,#1098,#1099));
#4848=EDGE_LOOP('',(#1100,#1101,#1102,#1103));
#4849=EDGE_LOOP('',(#1104,#1105,#1106,#1107));
#4850=EDGE_LOOP('',(#1108,#1109,#1110,#1111));
#4851=EDGE_LOOP('',(#1112,#1113,#1114,#1115));
#4852=EDGE_LOOP('',(#1116,#1117,#1118,#1119));
#4853=EDGE_LOOP('',(#1120,#1121,#1122,#1123));
#4854=EDGE_LOOP('',(#1124,#1125,#1126,#1127));
#4855=EDGE_LOOP('',(#1128,#1129,#1130,#1131));
#4856=EDGE_LOOP('',(#1132,#1133,#1134,#1135));
#4857=EDGE_LOOP('',(#1136,#1137,#1138,#1139));
#4858=EDGE_LOOP('',(#1140,#1141,#1142,#1143));
#4859=EDGE_LOOP('',(#1144,#1145,#1146,#1147));
#4860=EDGE_LOOP('',(#1148,#1149,#1150,#1151));
#4861=EDGE_LOOP('',(#1152,#1153,#1154,#1155));
#4862=EDGE_LOOP('',(#1156,#1157,#1158,#1159));
#4863=EDGE_LOOP('',(#1160,#1161,#1162,#1163));
#4864=EDGE_LOOP('',(#1164,#1165,#1166,#1167));
#4865=EDGE_LOOP('',(#1168,#1169,#1170,#1171));
#4866=EDGE_LOOP('',(#1172,#1173,#1174,#1175));
#4867=EDGE_LOOP('',(#1176,#1177,#1178,#1179));
#4868=EDGE_LOOP('',(#1180,#1181,#1182,#1183));
#4869=EDGE_LOOP('',(#1184,#1185,#1186,#1187));
#4870=EDGE_LOOP('',(#1188,#1189,#1190,#1191));
#4871=EDGE_LOOP('',(#1192,#1193,#1194,#1195));
#4872=EDGE_LOOP('',(#1196,#1197,#1198,#1199));
#4873=EDGE_LOOP('',(#1200,#1201,#1202,#1203));
#4874=EDGE_LOOP('',(#1204,#1205,#1206,#1207));
#4875=EDGE_LOOP('',(#1208,#1209,#1210,#1211));
#4876=EDGE_LOOP('',(#1212,#1213,#1214,#1215));
#4877=EDGE_LOOP('',(#1216,#1217,#1218,#1219));
#4878=EDGE_LOOP('',(#1220,#1221,#1222,#1223));
#4879=EDGE_LOOP('',(#1224,#1225,#1226,#1227));
#4880=EDGE_LOOP('',(#1228,#1229,#1230,#1231));
#4881=EDGE_LOOP('',(#1232,#1233,#1234,#1235));
#4882=EDGE_LOOP('',(#1236,#1237,#1238,#1239));
#4883=EDGE_LOOP('',(#1240,#1241,#1242,#1243));
#4884=EDGE_LOOP('',(#1244,#1245,#1246,#1247));
#4885=EDGE_LOOP('',(#1248,#1249,#1250,#1251));
#4886=EDGE_LOOP('',(#1252,#1253,#1254,#1255));
#4887=EDGE_LOOP('',(#1256,#1257,#1258,#1259));
#4888=EDGE_LOOP('',(#1260,#1261,#1262,#1263));
#4889=EDGE_LOOP('',(#1264,#1265,#1266,#1267));
#4890=EDGE_LOOP('',(#1268,#1269,#1270,#1271));
#4891=EDGE_LOOP('',(#1272,#1273,#1274,#1275));
#4892=EDGE_LOOP('',(#1276,#1277,#1278,#1279));
#4893=EDGE_LOOP('',(#1280,#1281,#1282,#1283));
#4894=EDGE_LOOP('',(#1284,#1285,#1286,#1287));
#4895=EDGE_LOOP('',(#1288,#1289,#1290,#1291));
#4896=EDGE_LOOP('',(#1292,#1293,#1294,#1295));
#4897=EDGE_LOOP('',(#1296,#1297,#1298,#1299));
#4898=EDGE_LOOP('',(#1300,#1301,#1302,#1303));
#4899=EDGE_LOOP('',(#1304,#1305,#1306,#1307));
#4900=EDGE_LOOP('',(#1308,#1309,#1310,#1311));
#4901=EDGE_LOOP('',(#1312,#1313,#1314,#1315));
#4902=EDGE_LOOP('',(#1316,#1317,#1318,#1319));
#4903=EDGE_LOOP('',(#1320,#1321,#1322,#1323));
#4904=EDGE_LOOP('',(#1324,#1325,#1326,#1327));
#4905=EDGE_LOOP('',(#1328,#1329,#1330,#1331));
#4906=EDGE_LOOP('',(#1332,#1333,#1334,#1335));
#4907=EDGE_LOOP('',(#1336,#1337,#1338,#1339));
#4908=EDGE_LOOP('',(#1340,#1341,#1342,#1343));
#4909=EDGE_LOOP('',(#1344,#1345,#1346,#1347));
#4910=EDGE_LOOP('',(#1348,#1349,#1350,#1351));
#4911=EDGE_LOOP('',(#1352,#1353,#1354,#1355));
#4912=EDGE_LOOP('',(#1356,#1357,#1358,#1359));
#4913=EDGE_LOOP('',(#1360,#1361,#1362,#1363));
#4914=EDGE_LOOP('',(#1364,#1365,#1366,#1367));
#4915=EDGE_LOOP('',(#1368,#1369,#1370,#1371));
#4916=EDGE_LOOP('',(#1372,#1373,#1374,#1375));
#4917=EDGE_LOOP('',(#1376,#1377,#1378,#1379));
#4918=EDGE_LOOP('',(#1380,#1381,#1382,#1383));
#4919=EDGE_LOOP('',(#1384,#1385,#1386,#1387));
#4920=EDGE_LOOP('',(#1388,#1389,#1390,#1391));
#4921=EDGE_LOOP('',(#1392,#1393,#1394,#1395));
#4922=EDGE_LOOP('',(#1396,#1397,#1398,#1399));
#4923=EDGE_LOOP('',(#1400,#1401,#1402,#1403));
#4924=EDGE_LOOP('',(#1404,#1405,#1406,#1407));
#4925=EDGE_LOOP('',(#1408,#1409,#1410,#1411));
#4926=EDGE_LOOP('',(#1412,#1413,#1414,#1415));
#4927=EDGE_LOOP('',(#1416,#1417,#1418,#1419));
#4928=EDGE_LOOP('',(#1420,#1421,#1422,#1423));
#4929=EDGE_LOOP('',(#1424,#1425,#1426,#1427));
#4930=EDGE_LOOP('',(#1428,#1429,#1430,#1431));
#4931=EDGE_LOOP('',(#1432,#1433,#1434,#1435));
#4932=EDGE_LOOP('',(#1436,#1437,#1438,#1439));
#4933=EDGE_LOOP('',(#1440,#1441,#1442,#1443));
#4934=EDGE_LOOP('',(#1444,#1445,#1446,#1447));
#4935=EDGE_LOOP('',(#1448,#1449,#1450,#1451));
#4936=EDGE_LOOP('',(#1452,#1453,#1454,#1455));
#4937=EDGE_LOOP('',(#1456,#1457,#1458,#1459));
#4938=EDGE_LOOP('',(#1460,#1461,#1462,#1463));
#4939=EDGE_LOOP('',(#1464,#1465,#1466,#1467));
#4940=EDGE_LOOP('',(#1468,#1469,#1470,#1471));
#4941=EDGE_LOOP('',(#1472,#1473,#1474,#1475));
#4942=EDGE_LOOP('',(#1476,#1477,#1478,#1479));
#4943=EDGE_LOOP('',(#1480,#1481,#1482,#1483));
#4944=EDGE_LOOP('',(#1484,#1485,#1486,#1487));
#4945=EDGE_LOOP('',(#1488,#1489,#1490,#1491));
#4946=EDGE_LOOP('',(#1492,#1493,#1494,#1495));
#4947=EDGE_LOOP('',(#1496,#1497,#1498,#1499));
#4948=EDGE_LOOP('',(#1500,#1501,#1502,#1503));
#4949=EDGE_LOOP('',(#1504,#1505,#1506,#1507,#1508,#1509,#1510,#1511,#1512,
#1513,#1514,#1515,#1516,#1517,#1518,#1519,#1520,#1521,#1522,#1523));
#4950=EDGE_LOOP('',(#1524,#1525,#1526,#1527,#1528,#1529,#1530,#1531,#1532,
#1533,#1534,#1535,#1536,#1537,#1538,#1539,#1540,#1541,#1542,#1543));
#4951=EDGE_LOOP('',(#1544,#1545,#1546,#1547));
#4952=EDGE_LOOP('',(#1548,#1549,#1550,#1551));
#4953=EDGE_LOOP('',(#1552,#1553,#1554,#1555));
#4954=EDGE_LOOP('',(#1556,#1557,#1558,#1559));
#4955=EDGE_LOOP('',(#1560,#1561,#1562,#1563));
#4956=EDGE_LOOP('',(#1564,#1565,#1566,#1567,#1568,#1569,#1570,#1571,#1572,
#1573,#1574,#1575,#1576,#1577,#1578,#1579,#1580,#1581,#1582,#1583,#1584,
#1585,#1586,#1587,#1588,#1589,#1590,#1591,#1592,#1593,#1594,#1595,#1596,
#1597,#1598,#1599));
#4957=EDGE_LOOP('',(#1600,#1601,#1602,#1603));
#4958=EDGE_LOOP('',(#1604,#1605,#1606,#1607,#1608,#1609,#1610,#1611,#1612,
#1613,#1614,#1615,#1616,#1617,#1618,#1619));
#4959=EDGE_LOOP('',(#1620,#1621,#1622,#1623,#1624,#1625,#1626,#1627,#1628,
#1629,#1630,#1631,#1632,#1633,#1634,#1635));
#4960=EDGE_LOOP('',(#1636,#1637,#1638,#1639,#1640,#1641,#1642,#1643));
#4961=EDGE_LOOP('',(#1644,#1645,#1646,#1647,#1648,#1649,#1650,#1651));
#4962=EDGE_LOOP('',(#1652,#1653,#1654,#1655,#1656,#1657,#1658,#1659));
#4963=EDGE_LOOP('',(#1660,#1661,#1662,#1663,#1664,#1665,#1666,#1667));
#4964=EDGE_LOOP('',(#1668,#1669,#1670,#1671,#1672,#1673,#1674,#1675));
#4965=EDGE_LOOP('',(#1676,#1677,#1678,#1679,#1680,#1681,#1682,#1683));
#4966=EDGE_LOOP('',(#1684,#1685,#1686,#1687,#1688,#1689,#1690,#1691));
#4967=EDGE_LOOP('',(#1692,#1693,#1694,#1695,#1696,#1697,#1698,#1699));
#4968=EDGE_LOOP('',(#1700,#1701,#1702,#1703,#1704,#1705,#1706,#1707));
#4969=EDGE_LOOP('',(#1708,#1709,#1710,#1711,#1712,#1713,#1714,#1715));
#4970=EDGE_LOOP('',(#1716,#1717,#1718,#1719,#1720,#1721,#1722,#1723));
#4971=EDGE_LOOP('',(#1724,#1725,#1726,#1727,#1728,#1729,#1730,#1731));
#4972=EDGE_LOOP('',(#1732,#1733,#1734,#1735,#1736,#1737,#1738,#1739));
#4973=EDGE_LOOP('',(#1740,#1741,#1742,#1743,#1744,#1745,#1746,#1747));
#4974=EDGE_LOOP('',(#1748,#1749,#1750,#1751,#1752,#1753,#1754,#1755));
#4975=EDGE_LOOP('',(#1756,#1757,#1758,#1759,#1760,#1761,#1762,#1763));
#4976=FACE_BOUND('',#4658,.T.);
#4977=FACE_BOUND('',#4659,.T.);
#4978=FACE_BOUND('',#4660,.T.);
#4979=FACE_BOUND('',#4661,.T.);
#4980=FACE_BOUND('',#4662,.T.);
#4981=FACE_BOUND('',#4663,.T.);
#4982=FACE_BOUND('',#4664,.T.);
#4983=FACE_BOUND('',#4665,.T.);
#4984=FACE_BOUND('',#4666,.T.);
#4985=FACE_BOUND('',#4667,.T.);
#4986=FACE_BOUND('',#4668,.T.);
#4987=FACE_BOUND('',#4669,.T.);
#4988=FACE_BOUND('',#4670,.T.);
#4989=FACE_BOUND('',#4671,.T.);
#4990=FACE_BOUND('',#4672,.T.);
#4991=FACE_BOUND('',#4673,.T.);
#4992=FACE_BOUND('',#4674,.T.);
#4993=FACE_BOUND('',#4675,.T.);
#4994=FACE_BOUND('',#4676,.T.);
#4995=FACE_BOUND('',#4677,.T.);
#4996=FACE_BOUND('',#4678,.T.);
#4997=FACE_BOUND('',#4679,.T.);
#4998=FACE_BOUND('',#4680,.T.);
#4999=FACE_BOUND('',#4681,.T.);
#5000=FACE_BOUND('',#4682,.T.);
#5001=FACE_BOUND('',#4683,.T.);
#5002=FACE_BOUND('',#4684,.T.);
#5003=FACE_BOUND('',#4685,.T.);
#5004=FACE_BOUND('',#4686,.T.);
#5005=FACE_BOUND('',#4687,.T.);
#5006=FACE_BOUND('',#4688,.T.);
#5007=FACE_BOUND('',#4689,.T.);
#5008=FACE_BOUND('',#4690,.T.);
#5009=FACE_BOUND('',#4691,.T.);
#5010=FACE_BOUND('',#4692,.T.);
#5011=FACE_BOUND('',#4693,.T.);
#5012=FACE_BOUND('',#4694,.T.);
#5013=FACE_BOUND('',#4695,.T.);
#5014=FACE_BOUND('',#4696,.T.);
#5015=FACE_BOUND('',#4697,.T.);
#5016=FACE_BOUND('',#4698,.T.);
#5017=FACE_BOUND('',#4699,.T.);
#5018=FACE_BOUND('',#4700,.T.);
#5019=FACE_BOUND('',#4701,.T.);
#5020=FACE_BOUND('',#4702,.T.);
#5021=FACE_BOUND('',#4703,.T.);
#5022=FACE_BOUND('',#4704,.T.);
#5023=FACE_BOUND('',#4705,.T.);
#5024=FACE_BOUND('',#4706,.T.);
#5025=FACE_BOUND('',#4707,.T.);
#5026=FACE_BOUND('',#4708,.T.);
#5027=FACE_BOUND('',#4709,.T.);
#5028=FACE_BOUND('',#4710,.T.);
#5029=FACE_BOUND('',#4711,.T.);
#5030=FACE_BOUND('',#4712,.T.);
#5031=FACE_BOUND('',#4713,.T.);
#5032=FACE_BOUND('',#4714,.T.);
#5033=FACE_BOUND('',#4715,.T.);
#5034=FACE_BOUND('',#4716,.T.);
#5035=FACE_BOUND('',#4717,.T.);
#5036=FACE_BOUND('',#4718,.T.);
#5037=FACE_BOUND('',#4719,.T.);
#5038=FACE_BOUND('',#4720,.T.);
#5039=FACE_BOUND('',#4721,.T.);
#5040=FACE_BOUND('',#4722,.T.);
#5041=FACE_BOUND('',#4723,.T.);
#5042=FACE_BOUND('',#4724,.T.);
#5043=FACE_BOUND('',#4725,.T.);
#5044=FACE_BOUND('',#4726,.T.);
#5045=FACE_BOUND('',#4727,.T.);
#5046=FACE_BOUND('',#4728,.T.);
#5047=FACE_BOUND('',#4729,.T.);
#5048=FACE_BOUND('',#4730,.T.);
#5049=FACE_BOUND('',#4731,.T.);
#5050=FACE_BOUND('',#4732,.T.);
#5051=FACE_BOUND('',#4733,.T.);
#5052=FACE_BOUND('',#4734,.T.);
#5053=FACE_BOUND('',#4735,.T.);
#5054=FACE_BOUND('',#4736,.T.);
#5055=FACE_BOUND('',#4737,.T.);
#5056=FACE_BOUND('',#4738,.T.);
#5057=FACE_BOUND('',#4739,.T.);
#5058=FACE_BOUND('',#4740,.T.);
#5059=FACE_BOUND('',#4741,.T.);
#5060=FACE_BOUND('',#4742,.T.);
#5061=FACE_BOUND('',#4743,.T.);
#5062=FACE_BOUND('',#4744,.T.);
#5063=FACE_BOUND('',#4745,.T.);
#5064=FACE_BOUND('',#4746,.T.);
#5065=FACE_BOUND('',#4747,.T.);
#5066=FACE_BOUND('',#4748,.T.);
#5067=FACE_BOUND('',#4749,.T.);
#5068=FACE_BOUND('',#4750,.T.);
#5069=FACE_BOUND('',#4751,.T.);
#5070=FACE_BOUND('',#4752,.T.);
#5071=FACE_BOUND('',#4753,.T.);
#5072=FACE_BOUND('',#4754,.T.);
#5073=FACE_BOUND('',#4755,.T.);
#5074=FACE_BOUND('',#4756,.T.);
#5075=FACE_BOUND('',#4757,.T.);
#5076=FACE_BOUND('',#4758,.T.);
#5077=FACE_BOUND('',#4759,.T.);
#5078=FACE_BOUND('',#4760,.T.);
#5079=FACE_BOUND('',#4761,.T.);
#5080=FACE_BOUND('',#4762,.T.);
#5081=FACE_BOUND('',#4763,.T.);
#5082=FACE_BOUND('',#4764,.T.);
#5083=FACE_BOUND('',#4765,.T.);
#5084=FACE_BOUND('',#4766,.T.);
#5085=FACE_BOUND('',#4767,.T.);
#5086=FACE_BOUND('',#4768,.T.);
#5087=FACE_BOUND('',#4769,.T.);
#5088=FACE_BOUND('',#4770,.T.);
#5089=FACE_BOUND('',#4771,.T.);
#5090=FACE_BOUND('',#4772,.T.);
#5091=FACE_BOUND('',#4773,.T.);
#5092=FACE_BOUND('',#4774,.T.);
#5093=FACE_BOUND('',#4775,.T.);
#5094=FACE_BOUND('',#4776,.T.);
#5095=FACE_BOUND('',#4777,.T.);
#5096=FACE_BOUND('',#4778,.T.);
#5097=FACE_BOUND('',#4779,.T.);
#5098=FACE_BOUND('',#4780,.T.);
#5099=FACE_BOUND('',#4781,.T.);
#5100=FACE_BOUND('',#4782,.T.);
#5101=FACE_BOUND('',#4783,.T.);
#5102=FACE_BOUND('',#4784,.T.);
#5103=FACE_BOUND('',#4785,.T.);
#5104=FACE_BOUND('',#4786,.T.);
#5105=FACE_BOUND('',#4787,.T.);
#5106=FACE_BOUND('',#4788,.T.);
#5107=FACE_BOUND('',#4789,.T.);
#5108=FACE_BOUND('',#4790,.T.);
#5109=FACE_BOUND('',#4791,.T.);
#5110=FACE_BOUND('',#4792,.T.);
#5111=FACE_BOUND('',#4793,.T.);
#5112=FACE_BOUND('',#4794,.T.);
#5113=FACE_BOUND('',#4795,.T.);
#5114=FACE_BOUND('',#4796,.T.);
#5115=FACE_BOUND('',#4797,.T.);
#5116=FACE_BOUND('',#4798,.T.);
#5117=FACE_BOUND('',#4799,.T.);
#5118=FACE_BOUND('',#4800,.T.);
#5119=FACE_BOUND('',#4801,.T.);
#5120=FACE_BOUND('',#4802,.T.);
#5121=FACE_BOUND('',#4803,.T.);
#5122=FACE_BOUND('',#4804,.T.);
#5123=FACE_BOUND('',#4805,.T.);
#5124=FACE_BOUND('',#4806,.T.);
#5125=FACE_BOUND('',#4807,.T.);
#5126=FACE_BOUND('',#4808,.T.);
#5127=FACE_BOUND('',#4809,.T.);
#5128=FACE_BOUND('',#4810,.T.);
#5129=FACE_BOUND('',#4811,.T.);
#5130=FACE_BOUND('',#4812,.T.);
#5131=FACE_BOUND('',#4813,.T.);
#5132=FACE_BOUND('',#4814,.T.);
#5133=FACE_BOUND('',#4815,.T.);
#5134=FACE_BOUND('',#4816,.T.);
#5135=FACE_BOUND('',#4817,.T.);
#5136=FACE_BOUND('',#4818,.T.);
#5137=FACE_BOUND('',#4819,.T.);
#5138=FACE_BOUND('',#4820,.T.);
#5139=FACE_BOUND('',#4821,.T.);
#5140=FACE_BOUND('',#4822,.T.);
#5141=FACE_BOUND('',#4823,.T.);
#5142=FACE_BOUND('',#4824,.T.);
#5143=FACE_BOUND('',#4825,.T.);
#5144=FACE_BOUND('',#4826,.T.);
#5145=FACE_BOUND('',#4827,.T.);
#5146=FACE_BOUND('',#4828,.T.);
#5147=FACE_BOUND('',#4829,.T.);
#5148=FACE_BOUND('',#4830,.T.);
#5149=FACE_BOUND('',#4831,.T.);
#5150=FACE_BOUND('',#4832,.T.);
#5151=FACE_BOUND('',#4833,.T.);
#5152=FACE_BOUND('',#4834,.T.);
#5153=FACE_BOUND('',#4835,.T.);
#5154=FACE_BOUND('',#4836,.T.);
#5155=FACE_BOUND('',#4837,.T.);
#5156=FACE_BOUND('',#4838,.T.);
#5157=FACE_BOUND('',#4839,.T.);
#5158=FACE_BOUND('',#4840,.T.);
#5159=FACE_BOUND('',#4841,.T.);
#5160=FACE_BOUND('',#4842,.T.);
#5161=FACE_BOUND('',#4843,.T.);
#5162=FACE_BOUND('',#4844,.T.);
#5163=FACE_BOUND('',#4845,.T.);
#5164=FACE_BOUND('',#4846,.T.);
#5165=FACE_BOUND('',#4847,.T.);
#5166=FACE_BOUND('',#4848,.T.);
#5167=FACE_BOUND('',#4849,.T.);
#5168=FACE_BOUND('',#4850,.T.);
#5169=FACE_BOUND('',#4851,.T.);
#5170=FACE_BOUND('',#4852,.T.);
#5171=FACE_BOUND('',#4853,.T.);
#5172=FACE_BOUND('',#4854,.T.);
#5173=FACE_BOUND('',#4855,.T.);
#5174=FACE_BOUND('',#4856,.T.);
#5175=FACE_BOUND('',#4857,.T.);
#5176=FACE_BOUND('',#4858,.T.);
#5177=FACE_BOUND('',#4859,.T.);
#5178=FACE_BOUND('',#4860,.T.);
#5179=FACE_BOUND('',#4861,.T.);
#5180=FACE_BOUND('',#4862,.T.);
#5181=FACE_BOUND('',#4863,.T.);
#5182=FACE_BOUND('',#4864,.T.);
#5183=FACE_BOUND('',#4865,.T.);
#5184=FACE_BOUND('',#4866,.T.);
#5185=FACE_BOUND('',#4867,.T.);
#5186=FACE_BOUND('',#4868,.T.);
#5187=FACE_BOUND('',#4869,.T.);
#5188=FACE_BOUND('',#4870,.T.);
#5189=FACE_BOUND('',#4871,.T.);
#5190=FACE_BOUND('',#4872,.T.);
#5191=FACE_BOUND('',#4873,.T.);
#5192=FACE_BOUND('',#4874,.T.);
#5193=FACE_BOUND('',#4875,.T.);
#5194=FACE_BOUND('',#4876,.T.);
#5195=FACE_BOUND('',#4877,.T.);
#5196=FACE_BOUND('',#4878,.T.);
#5197=FACE_BOUND('',#4879,.T.);
#5198=FACE_BOUND('',#4880,.T.);
#5199=FACE_BOUND('',#4881,.T.);
#5200=FACE_BOUND('',#4882,.T.);
#5201=FACE_BOUND('',#4883,.T.);
#5202=FACE_BOUND('',#4884,.T.);
#5203=FACE_BOUND('',#4885,.T.);
#5204=FACE_BOUND('',#4886,.T.);
#5205=FACE_BOUND('',#4887,.T.);
#5206=FACE_BOUND('',#4888,.T.);
#5207=FACE_BOUND('',#4889,.T.);
#5208=FACE_BOUND('',#4890,.T.);
#5209=FACE_BOUND('',#4891,.T.);
#5210=FACE_BOUND('',#4892,.T.);
#5211=FACE_BOUND('',#4893,.T.);
#5212=FACE_BOUND('',#4894,.T.);
#5213=FACE_BOUND('',#4895,.T.);
#5214=FACE_BOUND('',#4896,.T.);
#5215=FACE_BOUND('',#4897,.T.);
#5216=FACE_BOUND('',#4898,.T.);
#5217=FACE_BOUND('',#4899,.T.);
#5218=FACE_BOUND('',#4900,.T.);
#5219=FACE_BOUND('',#4901,.T.);
#5220=FACE_BOUND('',#4902,.T.);
#5221=FACE_BOUND('',#4903,.T.);
#5222=FACE_BOUND('',#4904,.T.);
#5223=FACE_BOUND('',#4905,.T.);
#5224=FACE_BOUND('',#4906,.T.);
#5225=FACE_BOUND('',#4907,.T.);
#5226=FACE_BOUND('',#4908,.T.);
#5227=FACE_BOUND('',#4909,.T.);
#5228=FACE_BOUND('',#4910,.T.);
#5229=FACE_BOUND('',#4911,.T.);
#5230=FACE_BOUND('',#4912,.T.);
#5231=FACE_BOUND('',#4913,.T.);
#5232=FACE_BOUND('',#4914,.T.);
#5233=FACE_BOUND('',#4915,.T.);
#5234=FACE_BOUND('',#4916,.T.);
#5235=FACE_BOUND('',#4917,.T.);
#5236=FACE_BOUND('',#4918,.T.);
#5237=FACE_BOUND('',#4919,.T.);
#5238=FACE_BOUND('',#4920,.T.);
#5239=FACE_BOUND('',#4921,.T.);
#5240=FACE_BOUND('',#4922,.T.);
#5241=FACE_BOUND('',#4923,.T.);
#5242=FACE_BOUND('',#4924,.T.);
#5243=FACE_BOUND('',#4925,.T.);
#5244=FACE_BOUND('',#4926,.T.);
#5245=FACE_BOUND('',#4927,.T.);
#5246=FACE_BOUND('',#4928,.T.);
#5247=FACE_BOUND('',#4929,.T.);
#5248=FACE_BOUND('',#4930,.T.);
#5249=FACE_BOUND('',#4931,.T.);
#5250=FACE_BOUND('',#4932,.T.);
#5251=FACE_BOUND('',#4933,.T.);
#5252=FACE_BOUND('',#4934,.T.);
#5253=FACE_BOUND('',#4935,.T.);
#5254=FACE_BOUND('',#4936,.T.);
#5255=FACE_BOUND('',#4937,.T.);
#5256=FACE_BOUND('',#4938,.T.);
#5257=FACE_BOUND('',#4939,.T.);
#5258=FACE_BOUND('',#4940,.T.);
#5259=FACE_BOUND('',#4941,.T.);
#5260=FACE_BOUND('',#4942,.T.);
#5261=FACE_BOUND('',#4943,.T.);
#5262=FACE_BOUND('',#4944,.T.);
#5263=FACE_BOUND('',#4945,.T.);
#5264=FACE_BOUND('',#4946,.T.);
#5265=FACE_BOUND('',#4947,.T.);
#5266=FACE_BOUND('',#4948,.T.);
#5267=FACE_BOUND('',#4949,.T.);
#5268=FACE_BOUND('',#4950,.T.);
#5269=FACE_BOUND('',#4951,.T.);
#5270=FACE_BOUND('',#4952,.T.);
#5271=FACE_BOUND('',#4953,.T.);
#5272=FACE_BOUND('',#4954,.T.);
#5273=FACE_BOUND('',#4955,.T.);
#5274=FACE_BOUND('',#4956,.T.);
#5275=FACE_BOUND('',#4957,.T.);
#5276=FACE_BOUND('',#4958,.T.);
#5277=FACE_BOUND('',#4959,.T.);
#5278=FACE_BOUND('',#4960,.T.);
#5279=FACE_BOUND('',#4961,.T.);
#5280=FACE_BOUND('',#4962,.T.);
#5281=FACE_BOUND('',#4963,.T.);
#5282=FACE_BOUND('',#4964,.T.);
#5283=FACE_BOUND('',#4965,.T.);
#5284=FACE_BOUND('',#4966,.T.);
#5285=FACE_BOUND('',#4967,.T.);
#5286=FACE_BOUND('',#4968,.T.);
#5287=FACE_BOUND('',#4969,.T.);
#5288=FACE_BOUND('',#4970,.T.);
#5289=FACE_BOUND('',#4971,.T.);
#5290=FACE_BOUND('',#4972,.T.);
#5291=FACE_BOUND('',#4973,.T.);
#5292=FACE_BOUND('',#4974,.T.);
#5293=FACE_BOUND('',#4975,.T.);
#5294=PLANE('',#5867);
#5295=PLANE('',#5868);
#5296=PLANE('',#5869);
#5297=PLANE('',#5870);
#5298=PLANE('',#5871);
#5299=PLANE('',#5872);
#5300=PLANE('',#5873);
#5301=PLANE('',#5874);
#5302=PLANE('',#5875);
#5303=PLANE('',#5876);
#5304=PLANE('',#5877);
#5305=PLANE('',#5878);
#5306=PLANE('',#5879);
#5307=PLANE('',#5880);
#5308=PLANE('',#5881);
#5309=PLANE('',#5882);
#5310=PLANE('',#5883);
#5311=PLANE('',#5884);
#5312=PLANE('',#5885);
#5313=PLANE('',#5886);
#5314=PLANE('',#5887);
#5315=PLANE('',#5888);
#5316=PLANE('',#5889);
#5317=PLANE('',#5890);
#5318=PLANE('',#5891);
#5319=PLANE('',#5892);
#5320=PLANE('',#5895);
#5321=PLANE('',#5898);
#5322=PLANE('',#5901);
#5323=PLANE('',#5904);
#5324=PLANE('',#5905);
#5325=PLANE('',#5906);
#5326=PLANE('',#5907);
#5327=PLANE('',#5908);
#5328=PLANE('',#5909);
#5329=PLANE('',#5912);
#5330=PLANE('',#5923);
#5331=PLANE('',#5924);
#5332=PLANE('',#5925);
#5333=PLANE('',#5926);
#5334=PLANE('',#5927);
#5335=PLANE('',#5928);
#5336=PLANE('',#5929);
#5337=PLANE('',#5930);
#5338=PLANE('',#5931);
#5339=PLANE('',#5932);
#5340=PLANE('',#5933);
#5341=PLANE('',#5934);
#5342=PLANE('',#5935);
#5343=PLANE('',#5936);
#5344=PLANE('',#5937);
#5345=PLANE('',#5938);
#5346=PLANE('',#5939);
#5347=PLANE('',#5940);
#5348=PLANE('',#5941);
#5349=PLANE('',#5942);
#5350=PLANE('',#5943);
#5351=PLANE('',#5945);
#5352=PLANE('',#5947);
#5353=PLANE('',#5948);
#5354=PLANE('',#5949);
#5355=PLANE('',#5951);
#5356=PLANE('',#5953);
#5357=PLANE('',#5954);
#5358=PLANE('',#5955);
#5359=PLANE('',#5957);
#5360=PLANE('',#5959);
#5361=PLANE('',#5960);
#5362=PLANE('',#5961);
#5363=PLANE('',#5963);
#5364=PLANE('',#5965);
#5365=PLANE('',#5966);
#5366=PLANE('',#5967);
#5367=PLANE('',#5969);
#5368=PLANE('',#5971);
#5369=PLANE('',#5972);
#5370=PLANE('',#5973);
#5371=PLANE('',#5974);
#5372=PLANE('',#5975);
#5373=PLANE('',#5976);
#5374=PLANE('',#5977);
#5375=PLANE('',#5978);
#5376=PLANE('',#5979);
#5377=PLANE('',#5980);
#5378=PLANE('',#5981);
#5379=PLANE('',#5982);
#5380=PLANE('',#5983);
#5381=PLANE('',#5984);
#5382=PLANE('',#5985);
#5383=PLANE('',#5986);
#5384=PLANE('',#5987);
#5385=PLANE('',#5988);
#5386=PLANE('',#5989);
#5387=PLANE('',#5990);
#5388=PLANE('',#5991);
#5389=PLANE('',#5992);
#5390=PLANE('',#5993);
#5391=PLANE('',#5994);
#5392=PLANE('',#5995);
#5393=PLANE('',#5996);
#5394=PLANE('',#5997);
#5395=PLANE('',#5998);
#5396=PLANE('',#5999);
#5397=PLANE('',#6000);
#5398=PLANE('',#6001);
#5399=PLANE('',#6002);
#5400=PLANE('',#6003);
#5401=PLANE('',#6004);
#5402=PLANE('',#6005);
#5403=PLANE('',#6006);
#5404=PLANE('',#6007);
#5405=PLANE('',#6008);
#5406=PLANE('',#6009);
#5407=PLANE('',#6010);
#5408=PLANE('',#6011);
#5409=PLANE('',#6012);
#5410=PLANE('',#6013);
#5411=PLANE('',#6014);
#5412=PLANE('',#6015);
#5413=PLANE('',#6016);
#5414=PLANE('',#6017);
#5415=PLANE('',#6018);
#5416=PLANE('',#6019);
#5417=PLANE('',#6020);
#5418=PLANE('',#6021);
#5419=PLANE('',#6022);
#5420=PLANE('',#6023);
#5421=PLANE('',#6024);
#5422=PLANE('',#6025);
#5423=PLANE('',#6026);
#5424=PLANE('',#6027);
#5425=PLANE('',#6028);
#5426=PLANE('',#6029);
#5427=PLANE('',#6030);
#5428=PLANE('',#6031);
#5429=PLANE('',#6032);
#5430=PLANE('',#6033);
#5431=PLANE('',#6034);
#5432=PLANE('',#6035);
#5433=PLANE('',#6036);
#5434=PLANE('',#6037);
#5435=PLANE('',#6038);
#5436=PLANE('',#6039);
#5437=PLANE('',#6040);
#5438=PLANE('',#6041);
#5439=PLANE('',#6042);
#5440=PLANE('',#6043);
#5441=PLANE('',#6044);
#5442=PLANE('',#6045);
#5443=PLANE('',#6046);
#5444=PLANE('',#6047);
#5445=PLANE('',#6048);
#5446=PLANE('',#6049);
#5447=PLANE('',#6050);
#5448=PLANE('',#6051);
#5449=PLANE('',#6052);
#5450=PLANE('',#6053);
#5451=PLANE('',#6054);
#5452=PLANE('',#6055);
#5453=PLANE('',#6056);
#5454=PLANE('',#6057);
#5455=PLANE('',#6058);
#5456=PLANE('',#6059);
#5457=PLANE('',#6060);
#5458=PLANE('',#6061);
#5459=PLANE('',#6062);
#5460=PLANE('',#6063);
#5461=PLANE('',#6064);
#5462=PLANE('',#6065);
#5463=PLANE('',#6066);
#5464=PLANE('',#6067);
#5465=PLANE('',#6068);
#5466=PLANE('',#6069);
#5467=PLANE('',#6070);
#5468=PLANE('',#6071);
#5469=PLANE('',#6072);
#5470=PLANE('',#6073);
#5471=PLANE('',#6074);
#5472=PLANE('',#6075);
#5473=PLANE('',#6076);
#5474=PLANE('',#6077);
#5475=PLANE('',#6078);
#5476=PLANE('',#6079);
#5477=PLANE('',#6080);
#5478=PLANE('',#6081);
#5479=PLANE('',#6082);
#5480=PLANE('',#6083);
#5481=PLANE('',#6084);
#5482=PLANE('',#6085);
#5483=PLANE('',#6086);
#5484=PLANE('',#6087);
#5485=PLANE('',#6088);
#5486=PLANE('',#6089);
#5487=PLANE('',#6090);
#5488=PLANE('',#6091);
#5489=PLANE('',#6092);
#5490=PLANE('',#6094);
#5491=PLANE('',#6095);
#5492=PLANE('',#6096);
#5493=PLANE('',#6097);
#5494=PLANE('',#6098);
#5495=PLANE('',#6099);
#5496=PLANE('',#6100);
#5497=PLANE('',#6101);
#5498=PLANE('',#6102);
#5499=PLANE('',#6103);
#5500=PLANE('',#6104);
#5501=PLANE('',#6105);
#5502=PLANE('',#6106);
#5503=PLANE('',#6107);
#5504=PLANE('',#6108);
#5505=PLANE('',#6124);
#5506=PLANE('',#6125);
#5507=PLANE('',#6126);
#5508=PLANE('',#6127);
#5509=PLANE('',#6128);
#5510=PLANE('',#6129);
#5511=PLANE('',#6130);
#5512=PLANE('',#6131);
#5513=PLANE('',#6132);
#5514=PLANE('',#6133);
#5515=PLANE('',#6149);
#5516=PLANE('',#6150);
#5517=PLANE('',#6151);
#5518=PLANE('',#6152);
#5519=PLANE('',#6153);
#5520=PLANE('',#6154);
#5521=PLANE('',#6155);
#5522=PLANE('',#6156);
#5523=PLANE('',#6157);
#5524=PLANE('',#6158);
#5525=PLANE('',#6159);
#5526=PLANE('',#6160);
#5527=PLANE('',#6161);
#5528=PLANE('',#6162);
#5529=PLANE('',#6163);
#5530=PLANE('',#6179);
#5531=PLANE('',#6180);
#5532=PLANE('',#6196);
#5533=PLANE('',#6197);
#5534=PLANE('',#6198);
#5535=PLANE('',#6199);
#5536=PLANE('',#6200);
#5537=PLANE('',#6201);
#5538=PLANE('',#6202);
#5539=PLANE('',#6203);
#5540=PLANE('',#6204);
#5541=PLANE('',#6205);
#5542=PLANE('',#6206);
#5543=PLANE('',#6207);
#5544=PLANE('',#6208);
#5545=PLANE('',#6209);
#5546=PLANE('',#6210);
#5547=PLANE('',#6211);
#5548=PLANE('',#6212);
#5549=PLANE('',#6213);
#5550=PLANE('',#6214);
#5551=PLANE('',#6215);
#5552=ADVANCED_FACE('',(#4976,#4977,#4978),#5294,.T.);
#5553=ADVANCED_FACE('',(#4979,#4980,#4981),#5295,.T.);
#5554=ADVANCED_FACE('',(#4982,#4983,#4984),#5296,.T.);
#5555=ADVANCED_FACE('',(#4985,#4986,#4987),#5297,.T.);
#5556=ADVANCED_FACE('',(#4988,#4989,#4990),#5298,.T.);
#5557=ADVANCED_FACE('',(#4991),#5299,.T.);
#5558=ADVANCED_FACE('',(#4992),#5300,.T.);
#5559=ADVANCED_FACE('',(#4993),#5301,.T.);
#5560=ADVANCED_FACE('',(#4994),#5302,.T.);
#5561=ADVANCED_FACE('',(#4995),#5303,.T.);
#5562=ADVANCED_FACE('',(#4996),#5304,.T.);
#5563=ADVANCED_FACE('',(#4997),#5305,.T.);
#5564=ADVANCED_FACE('',(#4998),#5306,.T.);
#5565=ADVANCED_FACE('',(#4999),#5307,.T.);
#5566=ADVANCED_FACE('',(#5000),#5308,.T.);
#5567=ADVANCED_FACE('',(#5001),#5309,.T.);
#5568=ADVANCED_FACE('',(#5002),#5310,.T.);
#5569=ADVANCED_FACE('',(#5003),#5311,.T.);
#5570=ADVANCED_FACE('',(#5004),#5312,.T.);
#5571=ADVANCED_FACE('',(#5005),#5313,.T.);
#5572=ADVANCED_FACE('',(#5006),#5314,.T.);
#5573=ADVANCED_FACE('',(#5007),#5315,.T.);
#5574=ADVANCED_FACE('',(#5008),#5316,.T.);
#5575=ADVANCED_FACE('',(#5009),#5317,.T.);
#5576=ADVANCED_FACE('',(#5010),#5318,.T.);
#5577=ADVANCED_FACE('',(#5011,#5012),#5319,.T.);
#5578=ADVANCED_FACE('',(#5013,#5014),#5320,.T.);
#5579=ADVANCED_FACE('',(#5015,#5016),#5321,.T.);
#5580=ADVANCED_FACE('',(#5017,#5018),#5322,.T.);
#5581=ADVANCED_FACE('',(#5019,#5020),#5323,.T.);
#5582=ADVANCED_FACE('',(#5021,#5022),#5324,.T.);
#5583=ADVANCED_FACE('',(#5023,#5024),#5325,.T.);
#5584=ADVANCED_FACE('',(#5025,#5026),#5326,.T.);
#5585=ADVANCED_FACE('',(#5027,#5028),#5327,.T.);
#5586=ADVANCED_FACE('',(#5029,#5030),#5328,.T.);
#5587=ADVANCED_FACE('',(#5031,#5032,#5033,#5034,#5035,#5036,#5037,#5038,
#5039,#5040,#5041),#5329,.T.);
#5588=ADVANCED_FACE('',(#5042),#5330,.F.);
#5589=ADVANCED_FACE('',(#5043),#5331,.F.);
#5590=ADVANCED_FACE('',(#5044),#5332,.F.);
#5591=ADVANCED_FACE('',(#5045),#5333,.F.);
#5592=ADVANCED_FACE('',(#5046),#5334,.F.);
#5593=ADVANCED_FACE('',(#5047),#5335,.F.);
#5594=ADVANCED_FACE('',(#5048),#5336,.F.);
#5595=ADVANCED_FACE('',(#5049),#5337,.F.);
#5596=ADVANCED_FACE('',(#5050),#5338,.F.);
#5597=ADVANCED_FACE('',(#5051),#5339,.F.);
#5598=ADVANCED_FACE('',(#5052),#5340,.T.);
#5599=ADVANCED_FACE('',(#5053),#5341,.T.);
#5600=ADVANCED_FACE('',(#5054),#5342,.T.);
#5601=ADVANCED_FACE('',(#5055),#5343,.T.);
#5602=ADVANCED_FACE('',(#5056),#5344,.T.);
#5603=ADVANCED_FACE('',(#5057),#5345,.T.);
#5604=ADVANCED_FACE('',(#5058),#5346,.T.);
#5605=ADVANCED_FACE('',(#5059),#5347,.T.);
#5606=ADVANCED_FACE('',(#5060),#5348,.T.);
#5607=ADVANCED_FACE('',(#5061),#5349,.T.);
#5608=ADVANCED_FACE('',(#5062),#5350,.T.);
#5609=ADVANCED_FACE('',(#5063),#50,.T.);
#5610=ADVANCED_FACE('',(#5064),#5351,.T.);
#5611=ADVANCED_FACE('',(#5065),#51,.T.);
#5612=ADVANCED_FACE('',(#5066),#5352,.T.);
#5613=ADVANCED_FACE('',(#5067),#5353,.T.);
#5614=ADVANCED_FACE('',(#5068),#5354,.T.);
#5615=ADVANCED_FACE('',(#5069),#52,.T.);
#5616=ADVANCED_FACE('',(#5070),#5355,.T.);
#5617=ADVANCED_FACE('',(#5071),#53,.T.);
#5618=ADVANCED_FACE('',(#5072),#5356,.T.);
#5619=ADVANCED_FACE('',(#5073),#5357,.T.);
#5620=ADVANCED_FACE('',(#5074),#5358,.T.);
#5621=ADVANCED_FACE('',(#5075),#54,.T.);
#5622=ADVANCED_FACE('',(#5076),#5359,.T.);
#5623=ADVANCED_FACE('',(#5077),#55,.T.);
#5624=ADVANCED_FACE('',(#5078),#5360,.T.);
#5625=ADVANCED_FACE('',(#5079),#5361,.T.);
#5626=ADVANCED_FACE('',(#5080),#5362,.T.);
#5627=ADVANCED_FACE('',(#5081),#56,.T.);
#5628=ADVANCED_FACE('',(#5082),#5363,.T.);
#5629=ADVANCED_FACE('',(#5083),#57,.T.);
#5630=ADVANCED_FACE('',(#5084),#5364,.T.);
#5631=ADVANCED_FACE('',(#5085),#5365,.T.);
#5632=ADVANCED_FACE('',(#5086),#5366,.T.);
#5633=ADVANCED_FACE('',(#5087),#58,.T.);
#5634=ADVANCED_FACE('',(#5088),#5367,.T.);
#5635=ADVANCED_FACE('',(#5089),#59,.T.);
#5636=ADVANCED_FACE('',(#5090),#5368,.T.);
#5637=ADVANCED_FACE('',(#5091),#5369,.T.);
#5638=ADVANCED_FACE('',(#5092),#5370,.T.);
#5639=ADVANCED_FACE('',(#5093),#5371,.T.);
#5640=ADVANCED_FACE('',(#5094),#5372,.T.);
#5641=ADVANCED_FACE('',(#5095),#5373,.T.);
#5642=ADVANCED_FACE('',(#5096),#5374,.T.);
#5643=ADVANCED_FACE('',(#5097),#5375,.T.);
#5644=ADVANCED_FACE('',(#5098),#5376,.T.);
#5645=ADVANCED_FACE('',(#5099),#5377,.T.);
#5646=ADVANCED_FACE('',(#5100),#5378,.T.);
#5647=ADVANCED_FACE('',(#5101),#5379,.T.);
#5648=ADVANCED_FACE('',(#5102),#5380,.T.);
#5649=ADVANCED_FACE('',(#5103),#5381,.T.);
#5650=ADVANCED_FACE('',(#5104),#5382,.T.);
#5651=ADVANCED_FACE('',(#5105),#5383,.T.);
#5652=ADVANCED_FACE('',(#5106),#5384,.T.);
#5653=ADVANCED_FACE('',(#5107),#5385,.T.);
#5654=ADVANCED_FACE('',(#5108),#5386,.T.);
#5655=ADVANCED_FACE('',(#5109),#5387,.T.);
#5656=ADVANCED_FACE('',(#5110),#5388,.T.);
#5657=ADVANCED_FACE('',(#5111),#5389,.T.);
#5658=ADVANCED_FACE('',(#5112),#5390,.T.);
#5659=ADVANCED_FACE('',(#5113),#5391,.T.);
#5660=ADVANCED_FACE('',(#5114),#5392,.T.);
#5661=ADVANCED_FACE('',(#5115),#5393,.T.);
#5662=ADVANCED_FACE('',(#5116),#5394,.T.);
#5663=ADVANCED_FACE('',(#5117),#5395,.T.);
#5664=ADVANCED_FACE('',(#5118),#5396,.T.);
#5665=ADVANCED_FACE('',(#5119),#5397,.T.);
#5666=ADVANCED_FACE('',(#5120),#5398,.T.);
#5667=ADVANCED_FACE('',(#5121),#5399,.T.);
#5668=ADVANCED_FACE('',(#5122),#5400,.T.);
#5669=ADVANCED_FACE('',(#5123),#5401,.T.);
#5670=ADVANCED_FACE('',(#5124),#5402,.T.);
#5671=ADVANCED_FACE('',(#5125),#5403,.T.);
#5672=ADVANCED_FACE('',(#5126),#5404,.T.);
#5673=ADVANCED_FACE('',(#5127),#5405,.T.);
#5674=ADVANCED_FACE('',(#5128),#5406,.T.);
#5675=ADVANCED_FACE('',(#5129),#5407,.T.);
#5676=ADVANCED_FACE('',(#5130),#5408,.T.);
#5677=ADVANCED_FACE('',(#5131),#5409,.T.);
#5678=ADVANCED_FACE('',(#5132),#5410,.F.);
#5679=ADVANCED_FACE('',(#5133),#5411,.T.);
#5680=ADVANCED_FACE('',(#5134),#5412,.T.);
#5681=ADVANCED_FACE('',(#5135),#5413,.T.);
#5682=ADVANCED_FACE('',(#5136),#5414,.T.);
#5683=ADVANCED_FACE('',(#5137),#5415,.T.);
#5684=ADVANCED_FACE('',(#5138),#5416,.F.);
#5685=ADVANCED_FACE('',(#5139),#5417,.T.);
#5686=ADVANCED_FACE('',(#5140),#5418,.F.);
#5687=ADVANCED_FACE('',(#5141),#5419,.T.);
#5688=ADVANCED_FACE('',(#5142),#5420,.T.);
#5689=ADVANCED_FACE('',(#5143),#5421,.T.);
#5690=ADVANCED_FACE('',(#5144),#5422,.T.);
#5691=ADVANCED_FACE('',(#5145),#5423,.T.);
#5692=ADVANCED_FACE('',(#5146),#5424,.F.);
#5693=ADVANCED_FACE('',(#5147),#5425,.T.);
#5694=ADVANCED_FACE('',(#5148),#5426,.F.);
#5695=ADVANCED_FACE('',(#5149),#5427,.T.);
#5696=ADVANCED_FACE('',(#5150),#5428,.T.);
#5697=ADVANCED_FACE('',(#5151),#5429,.T.);
#5698=ADVANCED_FACE('',(#5152),#5430,.T.);
#5699=ADVANCED_FACE('',(#5153),#5431,.T.);
#5700=ADVANCED_FACE('',(#5154),#5432,.F.);
#5701=ADVANCED_FACE('',(#5155),#5433,.T.);
#5702=ADVANCED_FACE('',(#5156),#5434,.F.);
#5703=ADVANCED_FACE('',(#5157),#5435,.T.);
#5704=ADVANCED_FACE('',(#5158),#5436,.T.);
#5705=ADVANCED_FACE('',(#5159),#5437,.T.);
#5706=ADVANCED_FACE('',(#5160),#5438,.T.);
#5707=ADVANCED_FACE('',(#5161),#5439,.T.);
#5708=ADVANCED_FACE('',(#5162),#5440,.F.);
#5709=ADVANCED_FACE('',(#5163),#5441,.T.);
#5710=ADVANCED_FACE('',(#5164),#5442,.F.);
#5711=ADVANCED_FACE('',(#5165),#5443,.T.);
#5712=ADVANCED_FACE('',(#5166),#5444,.T.);
#5713=ADVANCED_FACE('',(#5167),#5445,.T.);
#5714=ADVANCED_FACE('',(#5168),#5446,.T.);
#5715=ADVANCED_FACE('',(#5169),#5447,.T.);
#5716=ADVANCED_FACE('',(#5170),#5448,.F.);
#5717=ADVANCED_FACE('',(#5171),#5449,.T.);
#5718=ADVANCED_FACE('',(#5172),#5450,.F.);
#5719=ADVANCED_FACE('',(#5173),#5451,.T.);
#5720=ADVANCED_FACE('',(#5174),#5452,.T.);
#5721=ADVANCED_FACE('',(#5175),#5453,.T.);
#5722=ADVANCED_FACE('',(#5176),#5454,.T.);
#5723=ADVANCED_FACE('',(#5177),#5455,.T.);
#5724=ADVANCED_FACE('',(#5178),#5456,.F.);
#5725=ADVANCED_FACE('',(#5179),#5457,.T.);
#5726=ADVANCED_FACE('',(#5180),#5458,.F.);
#5727=ADVANCED_FACE('',(#5181),#5459,.T.);
#5728=ADVANCED_FACE('',(#5182),#5460,.T.);
#5729=ADVANCED_FACE('',(#5183),#5461,.T.);
#5730=ADVANCED_FACE('',(#5184),#5462,.T.);
#5731=ADVANCED_FACE('',(#5185),#5463,.T.);
#5732=ADVANCED_FACE('',(#5186),#5464,.F.);
#5733=ADVANCED_FACE('',(#5187),#5465,.T.);
#5734=ADVANCED_FACE('',(#5188),#5466,.F.);
#5735=ADVANCED_FACE('',(#5189),#5467,.T.);
#5736=ADVANCED_FACE('',(#5190),#5468,.T.);
#5737=ADVANCED_FACE('',(#5191),#5469,.T.);
#5738=ADVANCED_FACE('',(#5192),#5470,.T.);
#5739=ADVANCED_FACE('',(#5193),#5471,.T.);
#5740=ADVANCED_FACE('',(#5194),#5472,.F.);
#5741=ADVANCED_FACE('',(#5195),#5473,.T.);
#5742=ADVANCED_FACE('',(#5196),#5474,.F.);
#5743=ADVANCED_FACE('',(#5197),#5475,.T.);
#5744=ADVANCED_FACE('',(#5198),#5476,.T.);
#5745=ADVANCED_FACE('',(#5199),#5477,.T.);
#5746=ADVANCED_FACE('',(#5200),#5478,.T.);
#5747=ADVANCED_FACE('',(#5201),#5479,.T.);
#5748=ADVANCED_FACE('',(#5202),#5480,.F.);
#5749=ADVANCED_FACE('',(#5203),#5481,.T.);
#5750=ADVANCED_FACE('',(#5204),#5482,.F.);
#5751=ADVANCED_FACE('',(#5205),#5483,.T.);
#5752=ADVANCED_FACE('',(#5206),#5484,.T.);
#5753=ADVANCED_FACE('',(#5207),#5485,.T.);
#5754=ADVANCED_FACE('',(#5208),#5486,.T.);
#5755=ADVANCED_FACE('',(#5209),#5487,.T.);
#5756=ADVANCED_FACE('',(#5210),#5488,.F.);
#5757=ADVANCED_FACE('',(#5211),#5489,.T.);
#5758=ADVANCED_FACE('',(#5212),#5490,.F.);
#5759=ADVANCED_FACE('',(#5213),#5491,.F.);
#5760=ADVANCED_FACE('',(#5214),#5492,.F.);
#5761=ADVANCED_FACE('',(#5215),#5493,.F.);
#5762=ADVANCED_FACE('',(#5216),#5494,.F.);
#5763=ADVANCED_FACE('',(#5217),#5495,.F.);
#5764=ADVANCED_FACE('',(#5218),#5496,.F.);
#5765=ADVANCED_FACE('',(#5219),#5497,.F.);
#5766=ADVANCED_FACE('',(#5220),#5498,.F.);
#5767=ADVANCED_FACE('',(#5221),#5499,.F.);
#5768=ADVANCED_FACE('',(#5222),#5500,.F.);
#5769=ADVANCED_FACE('',(#5223),#5501,.F.);
#5770=ADVANCED_FACE('',(#5224),#5502,.F.);
#5771=ADVANCED_FACE('',(#5225),#5503,.F.);
#5772=ADVANCED_FACE('',(#5226),#5504,.F.);
#5773=ADVANCED_FACE('',(#5227),#18,.T.);
#5774=ADVANCED_FACE('',(#5228),#19,.T.);
#5775=ADVANCED_FACE('',(#5229),#20,.T.);
#5776=ADVANCED_FACE('',(#5230),#21,.T.);
#5777=ADVANCED_FACE('',(#5231),#22,.T.);
#5778=ADVANCED_FACE('',(#5232),#5505,.F.);
#5779=ADVANCED_FACE('',(#5233),#5506,.F.);
#5780=ADVANCED_FACE('',(#5234),#5507,.F.);
#5781=ADVANCED_FACE('',(#5235),#5508,.F.);
#5782=ADVANCED_FACE('',(#5236),#5509,.F.);
#5783=ADVANCED_FACE('',(#5237),#5510,.F.);
#5784=ADVANCED_FACE('',(#5238),#5511,.F.);
#5785=ADVANCED_FACE('',(#5239),#5512,.F.);
#5786=ADVANCED_FACE('',(#5240),#5513,.F.);
#5787=ADVANCED_FACE('',(#5241),#5514,.F.);
#5788=ADVANCED_FACE('',(#5242),#23,.T.);
#5789=ADVANCED_FACE('',(#5243),#24,.T.);
#5790=ADVANCED_FACE('',(#5244),#25,.T.);
#5791=ADVANCED_FACE('',(#5245),#26,.T.);
#5792=ADVANCED_FACE('',(#5246),#27,.T.);
#5793=ADVANCED_FACE('',(#5247),#5515,.F.);
#5794=ADVANCED_FACE('',(#5248),#5516,.F.);
#5795=ADVANCED_FACE('',(#5249),#5517,.F.);
#5796=ADVANCED_FACE('',(#5250),#5518,.F.);
#5797=ADVANCED_FACE('',(#5251),#5519,.F.);
#5798=ADVANCED_FACE('',(#5252),#5520,.F.);
#5799=ADVANCED_FACE('',(#5253),#5521,.F.);
#5800=ADVANCED_FACE('',(#5254),#5522,.F.);
#5801=ADVANCED_FACE('',(#5255),#5523,.F.);
#5802=ADVANCED_FACE('',(#5256),#5524,.F.);
#5803=ADVANCED_FACE('',(#5257),#5525,.F.);
#5804=ADVANCED_FACE('',(#5258),#5526,.F.);
#5805=ADVANCED_FACE('',(#5259),#5527,.F.);
#5806=ADVANCED_FACE('',(#5260),#5528,.F.);
#5807=ADVANCED_FACE('',(#5261),#5529,.F.);
#5808=ADVANCED_FACE('',(#5262),#28,.F.);
#5809=ADVANCED_FACE('',(#5263),#29,.F.);
#5810=ADVANCED_FACE('',(#5264),#30,.F.);
#5811=ADVANCED_FACE('',(#5265),#31,.F.);
#5812=ADVANCED_FACE('',(#5266),#32,.F.);
#5813=ADVANCED_FACE('',(#5267),#5530,.F.);
#5814=ADVANCED_FACE('',(#5268),#5531,.F.);
#5815=ADVANCED_FACE('',(#5269),#33,.F.);
#5816=ADVANCED_FACE('',(#5270),#34,.F.);
#5817=ADVANCED_FACE('',(#5271),#35,.F.);
#5818=ADVANCED_FACE('',(#5272),#36,.F.);
#5819=ADVANCED_FACE('',(#5273),#37,.F.);
#5820=ADVANCED_FACE('',(#5274),#5532,.F.);
#5821=ADVANCED_FACE('',(#5275),#5533,.F.);
#5822=ADVANCED_FACE('',(#5276),#5534,.T.);
#5823=ADVANCED_FACE('',(#5277),#5535,.F.);
#5824=ADVANCED_FACE('',(#5278),#5536,.T.);
#5825=ADVANCED_FACE('',(#5279),#5537,.T.);
#5826=ADVANCED_FACE('',(#5280),#5538,.T.);
#5827=ADVANCED_FACE('',(#5281),#5539,.T.);
#5828=ADVANCED_FACE('',(#5282),#5540,.T.);
#5829=ADVANCED_FACE('',(#5283),#5541,.T.);
#5830=ADVANCED_FACE('',(#5284),#5542,.T.);
#5831=ADVANCED_FACE('',(#5285),#5543,.T.);
#5832=ADVANCED_FACE('',(#5286),#5544,.T.);
#5833=ADVANCED_FACE('',(#5287),#5545,.T.);
#5834=ADVANCED_FACE('',(#5288),#5546,.T.);
#5835=ADVANCED_FACE('',(#5289),#5547,.T.);
#5836=ADVANCED_FACE('',(#5290),#5548,.T.);
#5837=ADVANCED_FACE('',(#5291),#5549,.T.);
#5838=ADVANCED_FACE('',(#5292),#5550,.T.);
#5839=ADVANCED_FACE('',(#5293),#5551,.T.);
#5840=CLOSED_SHELL('',(#5552,#5553,#5554,#5555,#5556,#5557,#5558,#5559,
#5560,#5561,#5562,#5563,#5564,#5565,#5566,#5567,#5568,#5569,#5570,#5571,
#5572,#5573,#5574,#5575,#5576,#5577,#5578,#5579,#5580,#5581,#5582,#5583,
#5584,#5585,#5586,#5587,#5588,#5589,#5590,#5591,#5592,#5593,#5594,#5595,
#5596,#5597,#5598,#5599,#5600,#5601,#5602,#5603,#5604,#5605,#5606,#5607,
#5608,#5609,#5610,#5611,#5612,#5613,#5614,#5615,#5616,#5617,#5618,#5619,
#5620,#5621,#5622,#5623,#5624,#5625,#5626,#5627,#5628,#5629,#5630,#5631,
#5632,#5633,#5634,#5635,#5636,#5637,#5638,#5639,#5640,#5641,#5642,#5643,
#5644,#5645,#5646,#5647,#5648,#5649,#5650,#5651,#5652,#5653,#5654,#5655,
#5656,#5657,#5658,#5659,#5660,#5661,#5662,#5663,#5664,#5665,#5666,#5667,
#5668,#5669,#5670,#5671,#5672,#5673,#5674,#5675,#5676,#5677,#5678,#5679,
#5680,#5681,#5682,#5683,#5684,#5685,#5686,#5687,#5688,#5689,#5690,#5691,
#5692,#5693,#5694,#5695,#5696,#5697,#5698,#5699,#5700,#5701,#5702,#5703,
#5704,#5705,#5706,#5707,#5708,#5709,#5710,#5711,#5712,#5713,#5714,#5715,
#5716,#5717,#5718,#5719,#5720,#5721,#5722,#5723,#5724,#5725,#5726,#5727,
#5728,#5729,#5730,#5731,#5732,#5733,#5734,#5735,#5736,#5737,#5738,#5739,
#5740,#5741,#5742,#5743,#5744,#5745,#5746,#5747,#5748,#5749,#5750,#5751,
#5752,#5753,#5754,#5755,#5756,#5757));
#5841=CLOSED_SHELL('',(#5758,#5759,#5760,#5761,#5762,#5763,#5764,#5765,
#5766,#5767,#5768,#5769,#5770,#5771,#5772,#5773,#5774,#5775,#5776,#5777,
#5778,#5779,#5780,#5781,#5782,#5783,#5784,#5785,#5786,#5787,#5788,#5789,
#5790,#5791,#5792,#5793,#5794,#5795,#5796,#5797,#5798,#5799,#5800,#5801,
#5802,#5803,#5804,#5805,#5806,#5807,#5808,#5809,#5810,#5811,#5812,#5813,
#5814,#5815,#5816,#5817,#5818,#5819,#5820,#5821,#5822,#5823,#5824,#5825,
#5826,#5827,#5828,#5829,#5830,#5831,#5832,#5833,#5834,#5835,#5836,#5837,
#5838,#5839));
#5842=STYLED_ITEM('',(#5844),#5858);
#5843=STYLED_ITEM('',(#5845),#5859);
#5844=PRESENTATION_STYLE_ASSIGNMENT((#5846));
#5845=PRESENTATION_STYLE_ASSIGNMENT((#5847));
#5846=SURFACE_STYLE_USAGE(.BOTH.,#5848);
#5847=SURFACE_STYLE_USAGE(.BOTH.,#5849);
#5848=SURFACE_SIDE_STYLE('',(#5850));
#5849=SURFACE_SIDE_STYLE('',(#5851));
#5850=SURFACE_STYLE_FILL_AREA(#5852);
#5851=SURFACE_STYLE_FILL_AREA(#5853);
#5852=FILL_AREA_STYLE('',(#5854));
#5853=FILL_AREA_STYLE('',(#5855));
#5854=FILL_AREA_STYLE_COLOUR('',#5856);
#5855=FILL_AREA_STYLE_COLOUR('',#5857);
#5856=COLOUR_RGB('',0.689999997615814,0.689999997615814,0.689999997615814);
#5857=COLOUR_RGB('',0.769999980926514,0.769999980926514,0.769999980926514);
#5858=MANIFOLD_SOLID_BREP('IPS1-105-01-L-D-VSt',#5840);
#5859=MANIFOLD_SOLID_BREP('IPS1-105-01-L-D-VS_pin',#5841);
#5860=SHAPE_DEFINITION_REPRESENTATION(#9355,#5863);
#5861=SHAPE_DEFINITION_REPRESENTATION(#9356,#5864);
#5862=SHAPE_DEFINITION_REPRESENTATION(#9358,#5865);
#5863=SHAPE_REPRESENTATION('IPS1-105-01-L-D-VS',(#5866,#6093,#6216),#9343);
#5864=SHAPE_REPRESENTATION('IPS1-105-01-L-D-VSt',(#5866),#9344);
#5865=SHAPE_REPRESENTATION('IPS1-105-01-L-D-VS_pin',(#5866),#9345);
#5866=AXIS2_PLACEMENT_3D('',#7681,#6217,#6218);
#5867=AXIS2_PLACEMENT_3D('',#7682,#6219,#6220);
#5868=AXIS2_PLACEMENT_3D('',#7739,#6249,#6250);
#5869=AXIS2_PLACEMENT_3D('',#7796,#6279,#6280);
#5870=AXIS2_PLACEMENT_3D('',#7853,#6309,#6310);
#5871=AXIS2_PLACEMENT_3D('',#7910,#6339,#6340);
#5872=AXIS2_PLACEMENT_3D('',#7967,#6369,#6370);
#5873=AXIS2_PLACEMENT_3D('',#7978,#6377,#6378);
#5874=AXIS2_PLACEMENT_3D('',#7989,#6385,#6386);
#5875=AXIS2_PLACEMENT_3D('',#8000,#6393,#6394);
#5876=AXIS2_PLACEMENT_3D('',#8011,#6401,#6402);
#5877=AXIS2_PLACEMENT_3D('',#8022,#6409,#6410);
#5878=AXIS2_PLACEMENT_3D('',#8033,#6417,#6418);
#5879=AXIS2_PLACEMENT_3D('',#8044,#6425,#6426);
#5880=AXIS2_PLACEMENT_3D('',#8055,#6433,#6434);
#5881=AXIS2_PLACEMENT_3D('',#8066,#6441,#6442);
#5882=AXIS2_PLACEMENT_3D('',#8077,#6449,#6450);
#5883=AXIS2_PLACEMENT_3D('',#8088,#6457,#6458);
#5884=AXIS2_PLACEMENT_3D('',#8099,#6465,#6466);
#5885=AXIS2_PLACEMENT_3D('',#8110,#6473,#6474);
#5886=AXIS2_PLACEMENT_3D('',#8121,#6481,#6482);
#5887=AXIS2_PLACEMENT_3D('',#8132,#6489,#6490);
#5888=AXIS2_PLACEMENT_3D('',#8143,#6497,#6498);
#5889=AXIS2_PLACEMENT_3D('',#8154,#6505,#6506);
#5890=AXIS2_PLACEMENT_3D('',#8165,#6513,#6514);
#5891=AXIS2_PLACEMENT_3D('',#8176,#6521,#6522);
#5892=AXIS2_PLACEMENT_3D('',#8187,#6529,#6530);
#5893=AXIS2_PLACEMENT_3D('',#8191,#6532,#6533);
#5894=AXIS2_PLACEMENT_3D('',#8195,#6535,#6536);
#5895=AXIS2_PLACEMENT_3D('',#8202,#6541,#6542);
#5896=AXIS2_PLACEMENT_3D('',#8206,#6544,#6545);
#5897=AXIS2_PLACEMENT_3D('',#8210,#6547,#6548);
#5898=AXIS2_PLACEMENT_3D('',#8217,#6553,#6554);
#5899=AXIS2_PLACEMENT_3D('',#8221,#6556,#6557);
#5900=AXIS2_PLACEMENT_3D('',#8225,#6559,#6560);
#5901=AXIS2_PLACEMENT_3D('',#8232,#6565,#6566);
#5902=AXIS2_PLACEMENT_3D('',#8236,#6568,#6569);
#5903=AXIS2_PLACEMENT_3D('',#8240,#6571,#6572);
#5904=AXIS2_PLACEMENT_3D('',#8247,#6577,#6578);
#5905=AXIS2_PLACEMENT_3D('',#8258,#6585,#6586);
#5906=AXIS2_PLACEMENT_3D('',#8269,#6593,#6594);
#5907=AXIS2_PLACEMENT_3D('',#8280,#6601,#6602);
#5908=AXIS2_PLACEMENT_3D('',#8291,#6609,#6610);
#5909=AXIS2_PLACEMENT_3D('',#8302,#6617,#6618);
#5910=AXIS2_PLACEMENT_3D('',#8306,#6620,#6621);
#5911=AXIS2_PLACEMENT_3D('',#8310,#6623,#6624);
#5912=AXIS2_PLACEMENT_3D('',#8317,#6629,#6630);
#5913=AXIS2_PLACEMENT_3D('',#8326,#6635,#6636);
#5914=AXIS2_PLACEMENT_3D('',#8335,#6640,#6641);
#5915=AXIS2_PLACEMENT_3D('',#8338,#6643,#6644);
#5916=AXIS2_PLACEMENT_3D('',#8347,#6648,#6649);
#5917=AXIS2_PLACEMENT_3D('',#8350,#6651,#6652);
#5918=AXIS2_PLACEMENT_3D('',#8359,#6656,#6657);
#5919=AXIS2_PLACEMENT_3D('',#8362,#6659,#6660);
#5920=AXIS2_PLACEMENT_3D('',#8371,#6664,#6665);
#5921=AXIS2_PLACEMENT_3D('',#8374,#6667,#6668);
#5922=AXIS2_PLACEMENT_3D('',#8383,#6672,#6673);
#5923=AXIS2_PLACEMENT_3D('',#8426,#6695,#6696);
#5924=AXIS2_PLACEMENT_3D('',#8457,#6715,#6716);
#5925=AXIS2_PLACEMENT_3D('',#8488,#6735,#6736);
#5926=AXIS2_PLACEMENT_3D('',#8491,#6739,#6740);
#5927=AXIS2_PLACEMENT_3D('',#8494,#6743,#6744);
#5928=AXIS2_PLACEMENT_3D('',#8497,#6747,#6748);
#5929=AXIS2_PLACEMENT_3D('',#8500,#6751,#6752);
#5930=AXIS2_PLACEMENT_3D('',#8503,#6755,#6756);
#5931=AXIS2_PLACEMENT_3D('',#8506,#6759,#6760);
#5932=AXIS2_PLACEMENT_3D('',#8507,#6761,#6762);
#5933=AXIS2_PLACEMENT_3D('',#8508,#6763,#6764);
#5934=AXIS2_PLACEMENT_3D('',#8509,#6765,#6766);
#5935=AXIS2_PLACEMENT_3D('',#8510,#6767,#6768);
#5936=AXIS2_PLACEMENT_3D('',#8511,#6769,#6770);
#5937=AXIS2_PLACEMENT_3D('',#8512,#6771,#6772);
#5938=AXIS2_PLACEMENT_3D('',#8513,#6773,#6774);
#5939=AXIS2_PLACEMENT_3D('',#8514,#6775,#6776);
#5940=AXIS2_PLACEMENT_3D('',#8515,#6777,#6778);
#5941=AXIS2_PLACEMENT_3D('',#8516,#6779,#6780);
#5942=AXIS2_PLACEMENT_3D('',#8517,#6781,#6782);
#5943=AXIS2_PLACEMENT_3D('',#8518,#6783,#6784);
#5944=AXIS2_PLACEMENT_3D('',#8521,#6787,#6788);
#5945=AXIS2_PLACEMENT_3D('',#8523,#6790,#6791);
#5946=AXIS2_PLACEMENT_3D('',#8525,#6793,#6794);
#5947=AXIS2_PLACEMENT_3D('',#8527,#6796,#6797);
#5948=AXIS2_PLACEMENT_3D('',#8529,#6799,#6800);
#5949=AXIS2_PLACEMENT_3D('',#8530,#6801,#6802);
#5950=AXIS2_PLACEMENT_3D('',#8533,#6805,#6806);
#5951=AXIS2_PLACEMENT_3D('',#8535,#6808,#6809);
#5952=AXIS2_PLACEMENT_3D('',#8537,#6811,#6812);
#5953=AXIS2_PLACEMENT_3D('',#8539,#6814,#6815);
#5954=AXIS2_PLACEMENT_3D('',#8541,#6817,#6818);
#5955=AXIS2_PLACEMENT_3D('',#8542,#6819,#6820);
#5956=AXIS2_PLACEMENT_3D('',#8545,#6823,#6824);
#5957=AXIS2_PLACEMENT_3D('',#8547,#6826,#6827);
#5958=AXIS2_PLACEMENT_3D('',#8549,#6829,#6830);
#5959=AXIS2_PLACEMENT_3D('',#8551,#6832,#6833);
#5960=AXIS2_PLACEMENT_3D('',#8553,#6835,#6836);
#5961=AXIS2_PLACEMENT_3D('',#8554,#6837,#6838);
#5962=AXIS2_PLACEMENT_3D('',#8557,#6841,#6842);
#5963=AXIS2_PLACEMENT_3D('',#8559,#6844,#6845);
#5964=AXIS2_PLACEMENT_3D('',#8561,#6847,#6848);
#5965=AXIS2_PLACEMENT_3D('',#8563,#6850,#6851);
#5966=AXIS2_PLACEMENT_3D('',#8565,#6853,#6854);
#5967=AXIS2_PLACEMENT_3D('',#8566,#6855,#6856);
#5968=AXIS2_PLACEMENT_3D('',#8569,#6859,#6860);
#5969=AXIS2_PLACEMENT_3D('',#8571,#6862,#6863);
#5970=AXIS2_PLACEMENT_3D('',#8573,#6865,#6866);
#5971=AXIS2_PLACEMENT_3D('',#8575,#6868,#6869);
#5972=AXIS2_PLACEMENT_3D('',#8577,#6871,#6872);
#5973=AXIS2_PLACEMENT_3D('',#8578,#6873,#6874);
#5974=AXIS2_PLACEMENT_3D('',#8581,#6877,#6878);
#5975=AXIS2_PLACEMENT_3D('',#8583,#6880,#6881);
#5976=AXIS2_PLACEMENT_3D('',#8585,#6883,#6884);
#5977=AXIS2_PLACEMENT_3D('',#8586,#6885,#6886);
#5978=AXIS2_PLACEMENT_3D('',#8589,#6889,#6890);
#5979=AXIS2_PLACEMENT_3D('',#8591,#6892,#6893);
#5980=AXIS2_PLACEMENT_3D('',#8593,#6895,#6896);
#5981=AXIS2_PLACEMENT_3D('',#8594,#6897,#6898);
#5982=AXIS2_PLACEMENT_3D('',#8597,#6901,#6902);
#5983=AXIS2_PLACEMENT_3D('',#8599,#6904,#6905);
#5984=AXIS2_PLACEMENT_3D('',#8601,#6907,#6908);
#5985=AXIS2_PLACEMENT_3D('',#8602,#6909,#6910);
#5986=AXIS2_PLACEMENT_3D('',#8605,#6913,#6914);
#5987=AXIS2_PLACEMENT_3D('',#8607,#6916,#6917);
#5988=AXIS2_PLACEMENT_3D('',#8609,#6919,#6920);
#5989=AXIS2_PLACEMENT_3D('',#8610,#6921,#6922);
#5990=AXIS2_PLACEMENT_3D('',#8613,#6925,#6926);
#5991=AXIS2_PLACEMENT_3D('',#8615,#6928,#6929);
#5992=AXIS2_PLACEMENT_3D('',#8617,#6931,#6932);
#5993=AXIS2_PLACEMENT_3D('',#8618,#6933,#6934);
#5994=AXIS2_PLACEMENT_3D('',#8619,#6935,#6936);
#5995=AXIS2_PLACEMENT_3D('',#8620,#6937,#6938);
#5996=AXIS2_PLACEMENT_3D('',#8621,#6939,#6940);
#5997=AXIS2_PLACEMENT_3D('',#8622,#6941,#6942);
#5998=AXIS2_PLACEMENT_3D('',#8623,#6943,#6944);
#5999=AXIS2_PLACEMENT_3D('',#8624,#6945,#6946);
#6000=AXIS2_PLACEMENT_3D('',#8625,#6947,#6948);
#6001=AXIS2_PLACEMENT_3D('',#8626,#6949,#6950);
#6002=AXIS2_PLACEMENT_3D('',#8627,#6951,#6952);
#6003=AXIS2_PLACEMENT_3D('',#8628,#6953,#6954);
#6004=AXIS2_PLACEMENT_3D('',#8629,#6955,#6956);
#6005=AXIS2_PLACEMENT_3D('',#8630,#6957,#6958);
#6006=AXIS2_PLACEMENT_3D('',#8631,#6959,#6960);
#6007=AXIS2_PLACEMENT_3D('',#8632,#6961,#6962);
#6008=AXIS2_PLACEMENT_3D('',#8633,#6963,#6964);
#6009=AXIS2_PLACEMENT_3D('',#8634,#6965,#6966);
#6010=AXIS2_PLACEMENT_3D('',#8635,#6967,#6968);
#6011=AXIS2_PLACEMENT_3D('',#8636,#6969,#6970);
#6012=AXIS2_PLACEMENT_3D('',#8637,#6971,#6972);
#6013=AXIS2_PLACEMENT_3D('',#8638,#6973,#6974);
#6014=AXIS2_PLACEMENT_3D('',#8644,#6978,#6979);
#6015=AXIS2_PLACEMENT_3D('',#8646,#6981,#6982);
#6016=AXIS2_PLACEMENT_3D('',#8648,#6984,#6985);
#6017=AXIS2_PLACEMENT_3D('',#8649,#6986,#6987);
#6018=AXIS2_PLACEMENT_3D('',#8653,#6990,#6991);
#6019=AXIS2_PLACEMENT_3D('',#8657,#6994,#6995);
#6020=AXIS2_PLACEMENT_3D('',#8659,#6997,#6998);
#6021=AXIS2_PLACEMENT_3D('',#8660,#6999,#7000);
#6022=AXIS2_PLACEMENT_3D('',#8666,#7004,#7005);
#6023=AXIS2_PLACEMENT_3D('',#8668,#7007,#7008);
#6024=AXIS2_PLACEMENT_3D('',#8670,#7010,#7011);
#6025=AXIS2_PLACEMENT_3D('',#8671,#7012,#7013);
#6026=AXIS2_PLACEMENT_3D('',#8675,#7016,#7017);
#6027=AXIS2_PLACEMENT_3D('',#8679,#7020,#7021);
#6028=AXIS2_PLACEMENT_3D('',#8681,#7023,#7024);
#6029=AXIS2_PLACEMENT_3D('',#8682,#7025,#7026);
#6030=AXIS2_PLACEMENT_3D('',#8688,#7030,#7031);
#6031=AXIS2_PLACEMENT_3D('',#8690,#7033,#7034);
#6032=AXIS2_PLACEMENT_3D('',#8692,#7036,#7037);
#6033=AXIS2_PLACEMENT_3D('',#8693,#7038,#7039);
#6034=AXIS2_PLACEMENT_3D('',#8697,#7042,#7043);
#6035=AXIS2_PLACEMENT_3D('',#8701,#7046,#7047);
#6036=AXIS2_PLACEMENT_3D('',#8703,#7049,#7050);
#6037=AXIS2_PLACEMENT_3D('',#8704,#7051,#7052);
#6038=AXIS2_PLACEMENT_3D('',#8710,#7056,#7057);
#6039=AXIS2_PLACEMENT_3D('',#8712,#7059,#7060);
#6040=AXIS2_PLACEMENT_3D('',#8714,#7062,#7063);
#6041=AXIS2_PLACEMENT_3D('',#8715,#7064,#7065);
#6042=AXIS2_PLACEMENT_3D('',#8719,#7068,#7069);
#6043=AXIS2_PLACEMENT_3D('',#8723,#7072,#7073);
#6044=AXIS2_PLACEMENT_3D('',#8725,#7075,#7076);
#6045=AXIS2_PLACEMENT_3D('',#8726,#7077,#7078);
#6046=AXIS2_PLACEMENT_3D('',#8732,#7082,#7083);
#6047=AXIS2_PLACEMENT_3D('',#8734,#7085,#7086);
#6048=AXIS2_PLACEMENT_3D('',#8736,#7088,#7089);
#6049=AXIS2_PLACEMENT_3D('',#8737,#7090,#7091);
#6050=AXIS2_PLACEMENT_3D('',#8741,#7094,#7095);
#6051=AXIS2_PLACEMENT_3D('',#8745,#7098,#7099);
#6052=AXIS2_PLACEMENT_3D('',#8747,#7101,#7102);
#6053=AXIS2_PLACEMENT_3D('',#8748,#7103,#7104);
#6054=AXIS2_PLACEMENT_3D('',#8754,#7108,#7109);
#6055=AXIS2_PLACEMENT_3D('',#8756,#7111,#7112);
#6056=AXIS2_PLACEMENT_3D('',#8758,#7114,#7115);
#6057=AXIS2_PLACEMENT_3D('',#8759,#7116,#7117);
#6058=AXIS2_PLACEMENT_3D('',#8763,#7120,#7121);
#6059=AXIS2_PLACEMENT_3D('',#8767,#7124,#7125);
#6060=AXIS2_PLACEMENT_3D('',#8769,#7127,#7128);
#6061=AXIS2_PLACEMENT_3D('',#8770,#7129,#7130);
#6062=AXIS2_PLACEMENT_3D('',#8776,#7134,#7135);
#6063=AXIS2_PLACEMENT_3D('',#8778,#7137,#7138);
#6064=AXIS2_PLACEMENT_3D('',#8780,#7140,#7141);
#6065=AXIS2_PLACEMENT_3D('',#8781,#7142,#7143);
#6066=AXIS2_PLACEMENT_3D('',#8785,#7146,#7147);
#6067=AXIS2_PLACEMENT_3D('',#8789,#7150,#7151);
#6068=AXIS2_PLACEMENT_3D('',#8791,#7153,#7154);
#6069=AXIS2_PLACEMENT_3D('',#8792,#7155,#7156);
#6070=AXIS2_PLACEMENT_3D('',#8798,#7160,#7161);
#6071=AXIS2_PLACEMENT_3D('',#8800,#7163,#7164);
#6072=AXIS2_PLACEMENT_3D('',#8802,#7166,#7167);
#6073=AXIS2_PLACEMENT_3D('',#8803,#7168,#7169);
#6074=AXIS2_PLACEMENT_3D('',#8807,#7172,#7173);
#6075=AXIS2_PLACEMENT_3D('',#8811,#7176,#7177);
#6076=AXIS2_PLACEMENT_3D('',#8813,#7179,#7180);
#6077=AXIS2_PLACEMENT_3D('',#8814,#7181,#7182);
#6078=AXIS2_PLACEMENT_3D('',#8820,#7186,#7187);
#6079=AXIS2_PLACEMENT_3D('',#8822,#7189,#7190);
#6080=AXIS2_PLACEMENT_3D('',#8824,#7192,#7193);
#6081=AXIS2_PLACEMENT_3D('',#8825,#7194,#7195);
#6082=AXIS2_PLACEMENT_3D('',#8829,#7198,#7199);
#6083=AXIS2_PLACEMENT_3D('',#8833,#7202,#7203);
#6084=AXIS2_PLACEMENT_3D('',#8835,#7205,#7206);
#6085=AXIS2_PLACEMENT_3D('',#8836,#7207,#7208);
#6086=AXIS2_PLACEMENT_3D('',#8842,#7212,#7213);
#6087=AXIS2_PLACEMENT_3D('',#8844,#7215,#7216);
#6088=AXIS2_PLACEMENT_3D('',#8846,#7218,#7219);
#6089=AXIS2_PLACEMENT_3D('',#8847,#7220,#7221);
#6090=AXIS2_PLACEMENT_3D('',#8851,#7224,#7225);
#6091=AXIS2_PLACEMENT_3D('',#8855,#7228,#7229);
#6092=AXIS2_PLACEMENT_3D('',#8857,#7231,#7232);
#6093=AXIS2_PLACEMENT_3D('',#8858,#7233,#7234);
#6094=AXIS2_PLACEMENT_3D('',#8859,#7235,#7236);
#6095=AXIS2_PLACEMENT_3D('',#8868,#7241,#7242);
#6096=AXIS2_PLACEMENT_3D('',#8877,#7247,#7248);
#6097=AXIS2_PLACEMENT_3D('',#8886,#7253,#7254);
#6098=AXIS2_PLACEMENT_3D('',#8895,#7259,#7260);
#6099=AXIS2_PLACEMENT_3D('',#8904,#7265,#7266);
#6100=AXIS2_PLACEMENT_3D('',#8910,#7270,#7271);
#6101=AXIS2_PLACEMENT_3D('',#8916,#7275,#7276);
#6102=AXIS2_PLACEMENT_3D('',#8922,#7280,#7281);
#6103=AXIS2_PLACEMENT_3D('',#8928,#7285,#7286);
#6104=AXIS2_PLACEMENT_3D('',#8934,#7290,#7291);
#6105=AXIS2_PLACEMENT_3D('',#8940,#7295,#7296);
#6106=AXIS2_PLACEMENT_3D('',#8946,#7300,#7301);
#6107=AXIS2_PLACEMENT_3D('',#8952,#7305,#7306);
#6108=AXIS2_PLACEMENT_3D('',#8958,#7310,#7311);
#6109=AXIS2_PLACEMENT_3D('',#8964,#7315,#7316);
#6110=AXIS2_PLACEMENT_3D('',#8965,#7317,#7318);
#6111=AXIS2_PLACEMENT_3D('',#8967,#7319,#7320);
#6112=AXIS2_PLACEMENT_3D('',#8970,#7322,#7323);
#6113=AXIS2_PLACEMENT_3D('',#8971,#7324,#7325);
#6114=AXIS2_PLACEMENT_3D('',#8975,#7327,#7328);
#6115=AXIS2_PLACEMENT_3D('',#8976,#7329,#7330);
#6116=AXIS2_PLACEMENT_3D('',#8977,#7331,#7332);
#6117=AXIS2_PLACEMENT_3D('',#8979,#7333,#7334);
#6118=AXIS2_PLACEMENT_3D('',#8982,#7336,#7337);
#6119=AXIS2_PLACEMENT_3D('',#8983,#7338,#7339);
#6120=AXIS2_PLACEMENT_3D('',#8985,#7340,#7341);
#6121=AXIS2_PLACEMENT_3D('',#8988,#7343,#7344);
#6122=AXIS2_PLACEMENT_3D('',#8989,#7345,#7346);
#6123=AXIS2_PLACEMENT_3D('',#8991,#7347,#7348);
#6124=AXIS2_PLACEMENT_3D('',#8994,#7350,#7351);
#6125=AXIS2_PLACEMENT_3D('',#9000,#7355,#7356);
#6126=AXIS2_PLACEMENT_3D('',#9006,#7360,#7361);
#6127=AXIS2_PLACEMENT_3D('',#9012,#7365,#7366);
#6128=AXIS2_PLACEMENT_3D('',#9018,#7370,#7371);
#6129=AXIS2_PLACEMENT_3D('',#9024,#7375,#7376);
#6130=AXIS2_PLACEMENT_3D('',#9033,#7381,#7382);
#6131=AXIS2_PLACEMENT_3D('',#9042,#7387,#7388);
#6132=AXIS2_PLACEMENT_3D('',#9051,#7393,#7394);
#6133=AXIS2_PLACEMENT_3D('',#9060,#7399,#7400);
#6134=AXIS2_PLACEMENT_3D('',#9069,#7405,#7406);
#6135=AXIS2_PLACEMENT_3D('',#9070,#7407,#7408);
#6136=AXIS2_PLACEMENT_3D('',#9072,#7409,#7410);
#6137=AXIS2_PLACEMENT_3D('',#9075,#7412,#7413);
#6138=AXIS2_PLACEMENT_3D('',#9076,#7414,#7415);
#6139=AXIS2_PLACEMENT_3D('',#9080,#7417,#7418);
#6140=AXIS2_PLACEMENT_3D('',#9081,#7419,#7420);
#6141=AXIS2_PLACEMENT_3D('',#9082,#7421,#7422);
#6142=AXIS2_PLACEMENT_3D('',#9084,#7423,#7424);
#6143=AXIS2_PLACEMENT_3D('',#9087,#7426,#7427);
#6144=AXIS2_PLACEMENT_3D('',#9088,#7428,#7429);
#6145=AXIS2_PLACEMENT_3D('',#9090,#7430,#7431);
#6146=AXIS2_PLACEMENT_3D('',#9093,#7433,#7434);
#6147=AXIS2_PLACEMENT_3D('',#9094,#7435,#7436);
#6148=AXIS2_PLACEMENT_3D('',#9096,#7437,#7438);
#6149=AXIS2_PLACEMENT_3D('',#9099,#7440,#7441);
#6150=AXIS2_PLACEMENT_3D('',#9105,#7445,#7446);
#6151=AXIS2_PLACEMENT_3D('',#9111,#7450,#7451);
#6152=AXIS2_PLACEMENT_3D('',#9117,#7455,#7456);
#6153=AXIS2_PLACEMENT_3D('',#9123,#7460,#7461);
#6154=AXIS2_PLACEMENT_3D('',#9129,#7465,#7466);
#6155=AXIS2_PLACEMENT_3D('',#9135,#7470,#7471);
#6156=AXIS2_PLACEMENT_3D('',#9141,#7475,#7476);
#6157=AXIS2_PLACEMENT_3D('',#9147,#7480,#7481);
#6158=AXIS2_PLACEMENT_3D('',#9153,#7485,#7486);
#6159=AXIS2_PLACEMENT_3D('',#9159,#7490,#7491);
#6160=AXIS2_PLACEMENT_3D('',#9165,#7495,#7496);
#6161=AXIS2_PLACEMENT_3D('',#9171,#7500,#7501);
#6162=AXIS2_PLACEMENT_3D('',#9177,#7505,#7506);
#6163=AXIS2_PLACEMENT_3D('',#9183,#7510,#7511);
#6164=AXIS2_PLACEMENT_3D('',#9189,#7515,#7516);
#6165=AXIS2_PLACEMENT_3D('',#9193,#7518,#7519);
#6166=AXIS2_PLACEMENT_3D('',#9194,#7520,#7521);
#6167=AXIS2_PLACEMENT_3D('',#9195,#7522,#7523);
#6168=AXIS2_PLACEMENT_3D('',#9196,#7524,#7525);
#6169=AXIS2_PLACEMENT_3D('',#9200,#7527,#7528);
#6170=AXIS2_PLACEMENT_3D('',#9201,#7529,#7530);
#6171=AXIS2_PLACEMENT_3D('',#9205,#7532,#7533);
#6172=AXIS2_PLACEMENT_3D('',#9206,#7534,#7535);
#6173=AXIS2_PLACEMENT_3D('',#9207,#7536,#7537);
#6174=AXIS2_PLACEMENT_3D('',#9211,#7539,#7540);
#6175=AXIS2_PLACEMENT_3D('',#9212,#7541,#7542);
#6176=AXIS2_PLACEMENT_3D('',#9213,#7543,#7544);
#6177=AXIS2_PLACEMENT_3D('',#9217,#7546,#7547);
#6178=AXIS2_PLACEMENT_3D('',#9218,#7548,#7549);
#6179=AXIS2_PLACEMENT_3D('',#9219,#7550,#7551);
#6180=AXIS2_PLACEMENT_3D('',#9245,#7567,#7568);
#6181=AXIS2_PLACEMENT_3D('',#9286,#7589,#7590);
#6182=AXIS2_PLACEMENT_3D('',#9287,#7591,#7592);
#6183=AXIS2_PLACEMENT_3D('',#9288,#7593,#7594);
#6184=AXIS2_PLACEMENT_3D('',#9289,#7595,#7596);
#6185=AXIS2_PLACEMENT_3D('',#9290,#7597,#7598);
#6186=AXIS2_PLACEMENT_3D('',#9291,#7599,#7600);
#6187=AXIS2_PLACEMENT_3D('',#9292,#7601,#7602);
#6188=AXIS2_PLACEMENT_3D('',#9293,#7603,#7604);
#6189=AXIS2_PLACEMENT_3D('',#9294,#7605,#7606);
#6190=AXIS2_PLACEMENT_3D('',#9295,#7607,#7608);
#6191=AXIS2_PLACEMENT_3D('',#9296,#7609,#7610);
#6192=AXIS2_PLACEMENT_3D('',#9297,#7611,#7612);
#6193=AXIS2_PLACEMENT_3D('',#9298,#7613,#7614);
#6194=AXIS2_PLACEMENT_3D('',#9299,#7615,#7616);
#6195=AXIS2_PLACEMENT_3D('',#9300,#7617,#7618);
#6196=AXIS2_PLACEMENT_3D('',#9301,#7619,#7620);
#6197=AXIS2_PLACEMENT_3D('',#9320,#7639,#7640);
#6198=AXIS2_PLACEMENT_3D('',#9323,#7643,#7644);
#6199=AXIS2_PLACEMENT_3D('',#9324,#7645,#7646);
#6200=AXIS2_PLACEMENT_3D('',#9325,#7647,#7648);
#6201=AXIS2_PLACEMENT_3D('',#9326,#7649,#7650);
#6202=AXIS2_PLACEMENT_3D('',#9327,#7651,#7652);
#6203=AXIS2_PLACEMENT_3D('',#9328,#7653,#7654);
#6204=AXIS2_PLACEMENT_3D('',#9329,#7655,#7656);
#6205=AXIS2_PLACEMENT_3D('',#9330,#7657,#7658);
#6206=AXIS2_PLACEMENT_3D('',#9331,#7659,#7660);
#6207=AXIS2_PLACEMENT_3D('',#9332,#7661,#7662);
#6208=AXIS2_PLACEMENT_3D('',#9333,#7663,#7664);
#6209=AXIS2_PLACEMENT_3D('',#9334,#7665,#7666);
#6210=AXIS2_PLACEMENT_3D('',#9335,#7667,#7668);
#6211=AXIS2_PLACEMENT_3D('',#9336,#7669,#7670);
#6212=AXIS2_PLACEMENT_3D('',#9337,#7671,#7672);
#6213=AXIS2_PLACEMENT_3D('',#9338,#7673,#7674);
#6214=AXIS2_PLACEMENT_3D('',#9339,#7675,#7676);
#6215=AXIS2_PLACEMENT_3D('',#9340,#7677,#7678);
#6216=AXIS2_PLACEMENT_3D('',#9341,#7679,#7680);
#6217=DIRECTION('',(0.,0.,1.));
#6218=DIRECTION('',(1.,0.,0.));
#6219=DIRECTION('',(0.,-1.,0.));
#6220=DIRECTION('',(0.,0.,-1.));
#6221=DIRECTION('',(1.,0.,0.));
#6222=DIRECTION('',(0.,0.,-1.));
#6223=DIRECTION('',(-1.,0.,0.));
#6224=DIRECTION('',(0.,0.,-1.));
#6225=DIRECTION('',(0.,0.,1.));
#6226=DIRECTION('',(-1.,0.,0.));
#6227=DIRECTION('',(0.,0.,1.));
#6228=DIRECTION('',(1.,0.,0.));
#6229=DIRECTION('',(0.,0.,1.));
#6230=DIRECTION('',(1.,0.,0.));
#6231=DIRECTION('',(0.,0.,-1.));
#6232=DIRECTION('',(1.,0.,0.));
#6233=DIRECTION('',(0.,0.,-1.));
#6234=DIRECTION('',(-1.,0.,0.));
#6235=DIRECTION('',(0.,0.,-1.));
#6236=DIRECTION('',(-1.,0.,0.));
#6237=DIRECTION('',(0.,0.,1.));
#6238=DIRECTION('',(-1.,0.,0.));
#6239=DIRECTION('',(0.,0.,1.));
#6240=DIRECTION('',(1.,0.,0.));
#6241=DIRECTION('',(0.,0.,1.));
#6242=DIRECTION('',(1.,0.,0.));
#6243=DIRECTION('',(0.,0.,-1.));
#6244=DIRECTION('',(1.,0.,0.));
#6245=DIRECTION('',(0.,0.,-1.));
#6246=DIRECTION('',(-1.,0.,0.));
#6247=DIRECTION('',(0.,0.,-1.));
#6248=DIRECTION('',(-1.,0.,0.));
#6249=DIRECTION('',(0.,-1.,0.));
#6250=DIRECTION('',(0.,0.,-1.));
#6251=DIRECTION('',(1.,0.,0.));
#6252=DIRECTION('',(0.,0.,-1.));
#6253=DIRECTION('',(-1.,0.,0.));
#6254=DIRECTION('',(0.,0.,-1.));
#6255=DIRECTION('',(0.,0.,1.));
#6256=DIRECTION('',(-1.,0.,0.));
#6257=DIRECTION('',(0.,0.,1.));
#6258=DIRECTION('',(1.,0.,0.));
#6259=DIRECTION('',(0.,0.,1.));
#6260=DIRECTION('',(1.,0.,0.));
#6261=DIRECTION('',(0.,0.,-1.));
#6262=DIRECTION('',(1.,0.,0.));
#6263=DIRECTION('',(0.,0.,-1.));
#6264=DIRECTION('',(-1.,0.,0.));
#6265=DIRECTION('',(0.,0.,-1.));
#6266=DIRECTION('',(-1.,0.,0.));
#6267=DIRECTION('',(0.,0.,1.));
#6268=DIRECTION('',(-1.,0.,0.));
#6269=DIRECTION('',(0.,0.,1.));
#6270=DIRECTION('',(1.,0.,0.));
#6271=DIRECTION('',(0.,0.,1.));
#6272=DIRECTION('',(1.,0.,0.));
#6273=DIRECTION('',(0.,0.,-1.));
#6274=DIRECTION('',(1.,0.,0.));
#6275=DIRECTION('',(0.,0.,-1.));
#6276=DIRECTION('',(-1.,0.,0.));
#6277=DIRECTION('',(0.,0.,-1.));
#6278=DIRECTION('',(-1.,0.,0.));
#6279=DIRECTION('',(0.,-1.,0.));
#6280=DIRECTION('',(0.,0.,-1.));
#6281=DIRECTION('',(1.,0.,0.));
#6282=DIRECTION('',(0.,0.,-1.));
#6283=DIRECTION('',(-1.,0.,0.));
#6284=DIRECTION('',(0.,0.,-1.));
#6285=DIRECTION('',(0.,0.,1.));
#6286=DIRECTION('',(-1.,0.,0.));
#6287=DIRECTION('',(0.,0.,1.));
#6288=DIRECTION('',(1.,0.,0.));
#6289=DIRECTION('',(0.,0.,1.));
#6290=DIRECTION('',(1.,0.,0.));
#6291=DIRECTION('',(0.,0.,-1.));
#6292=DIRECTION('',(1.,0.,0.));
#6293=DIRECTION('',(0.,0.,-1.));
#6294=DIRECTION('',(-1.,0.,0.));
#6295=DIRECTION('',(0.,0.,-1.));
#6296=DIRECTION('',(-1.,0.,0.));
#6297=DIRECTION('',(0.,0.,1.));
#6298=DIRECTION('',(-1.,0.,0.));
#6299=DIRECTION('',(0.,0.,1.));
#6300=DIRECTION('',(1.,0.,0.));
#6301=DIRECTION('',(0.,0.,1.));
#6302=DIRECTION('',(1.,0.,0.));
#6303=DIRECTION('',(0.,0.,-1.));
#6304=DIRECTION('',(1.,0.,0.));
#6305=DIRECTION('',(0.,0.,-1.));
#6306=DIRECTION('',(-1.,0.,0.));
#6307=DIRECTION('',(0.,0.,-1.));
#6308=DIRECTION('',(-1.,0.,0.));
#6309=DIRECTION('',(0.,-1.,0.));
#6310=DIRECTION('',(0.,0.,-1.));
#6311=DIRECTION('',(1.,0.,0.));
#6312=DIRECTION('',(0.,0.,-1.));
#6313=DIRECTION('',(-1.,0.,0.));
#6314=DIRECTION('',(0.,0.,-1.));
#6315=DIRECTION('',(0.,0.,1.));
#6316=DIRECTION('',(-1.,0.,0.));
#6317=DIRECTION('',(0.,0.,1.));
#6318=DIRECTION('',(1.,0.,0.));
#6319=DIRECTION('',(0.,0.,1.));
#6320=DIRECTION('',(1.,0.,0.));
#6321=DIRECTION('',(0.,0.,-1.));
#6322=DIRECTION('',(1.,0.,0.));
#6323=DIRECTION('',(0.,0.,-1.));
#6324=DIRECTION('',(-1.,0.,0.));
#6325=DIRECTION('',(0.,0.,-1.));
#6326=DIRECTION('',(-1.,0.,0.));
#6327=DIRECTION('',(0.,0.,1.));
#6328=DIRECTION('',(-1.,0.,0.));
#6329=DIRECTION('',(0.,0.,1.));
#6330=DIRECTION('',(1.,0.,0.));
#6331=DIRECTION('',(0.,0.,1.));
#6332=DIRECTION('',(1.,0.,0.));
#6333=DIRECTION('',(0.,0.,-1.));
#6334=DIRECTION('',(1.,0.,0.));
#6335=DIRECTION('',(0.,0.,-1.));
#6336=DIRECTION('',(-1.,0.,0.));
#6337=DIRECTION('',(0.,0.,-1.));
#6338=DIRECTION('',(-1.,0.,0.));
#6339=DIRECTION('',(0.,-1.,0.));
#6340=DIRECTION('',(0.,0.,-1.));
#6341=DIRECTION('',(1.,0.,0.));
#6342=DIRECTION('',(0.,0.,-1.));
#6343=DIRECTION('',(-1.,0.,0.));
#6344=DIRECTION('',(0.,0.,-1.));
#6345=DIRECTION('',(0.,0.,1.));
#6346=DIRECTION('',(-1.,0.,0.));
#6347=DIRECTION('',(0.,0.,1.));
#6348=DIRECTION('',(1.,0.,0.));
#6349=DIRECTION('',(0.,0.,1.));
#6350=DIRECTION('',(1.,0.,0.));
#6351=DIRECTION('',(0.,0.,-1.));
#6352=DIRECTION('',(1.,0.,0.));
#6353=DIRECTION('',(0.,0.,-1.));
#6354=DIRECTION('',(-1.,0.,0.));
#6355=DIRECTION('',(0.,0.,-1.));
#6356=DIRECTION('',(-1.,0.,0.));
#6357=DIRECTION('',(0.,0.,1.));
#6358=DIRECTION('',(-1.,0.,0.));
#6359=DIRECTION('',(0.,0.,1.));
#6360=DIRECTION('',(1.,0.,0.));
#6361=DIRECTION('',(0.,0.,1.));
#6362=DIRECTION('',(1.,0.,0.));
#6363=DIRECTION('',(0.,0.,-1.));
#6364=DIRECTION('',(1.,0.,0.));
#6365=DIRECTION('',(0.,0.,-1.));
#6366=DIRECTION('',(-1.,0.,0.));
#6367=DIRECTION('',(0.,0.,-1.));
#6368=DIRECTION('',(-1.,0.,0.));
#6369=DIRECTION('',(1.,0.,0.));
#6370=DIRECTION('',(0.,0.,-1.));
#6371=DIRECTION('',(0.,0.,1.));
#6372=DIRECTION('',(0.,-1.,0.));
#6373=DIRECTION('',(0.,-1.,0.));
#6374=DIRECTION('',(0.,0.,1.));
#6375=DIRECTION('',(0.,-1.,0.));
#6376=DIRECTION('',(0.,1.,0.));
#6377=DIRECTION('',(-1.,0.,0.));
#6378=DIRECTION('',(0.,0.,1.));
#6379=DIRECTION('',(0.,1.,0.));
#6380=DIRECTION('',(0.,0.,-1.));
#6381=DIRECTION('',(0.,-1.,0.));
#6382=DIRECTION('',(0.,-1.,0.));
#6383=DIRECTION('',(0.,0.,-1.));
#6384=DIRECTION('',(0.,-1.,0.));
#6385=DIRECTION('',(1.,0.,0.));
#6386=DIRECTION('',(0.,0.,-1.));
#6387=DIRECTION('',(0.,0.,1.));
#6388=DIRECTION('',(0.,-1.,0.));
#6389=DIRECTION('',(0.,-1.,0.));
#6390=DIRECTION('',(0.,0.,1.));
#6391=DIRECTION('',(0.,-1.,0.));
#6392=DIRECTION('',(0.,1.,0.));
#6393=DIRECTION('',(-1.,0.,0.));
#6394=DIRECTION('',(0.,0.,1.));
#6395=DIRECTION('',(0.,1.,0.));
#6396=DIRECTION('',(0.,0.,-1.));
#6397=DIRECTION('',(0.,-1.,0.));
#6398=DIRECTION('',(0.,-1.,0.));
#6399=DIRECTION('',(0.,0.,-1.));
#6400=DIRECTION('',(0.,-1.,0.));
#6401=DIRECTION('',(1.,0.,0.));
#6402=DIRECTION('',(0.,0.,-1.));
#6403=DIRECTION('',(0.,0.,1.));
#6404=DIRECTION('',(0.,-1.,0.));
#6405=DIRECTION('',(0.,-1.,0.));
#6406=DIRECTION('',(0.,0.,1.));
#6407=DIRECTION('',(0.,-1.,0.));
#6408=DIRECTION('',(0.,1.,0.));
#6409=DIRECTION('',(-1.,0.,0.));
#6410=DIRECTION('',(0.,0.,1.));
#6411=DIRECTION('',(0.,1.,0.));
#6412=DIRECTION('',(0.,0.,-1.));
#6413=DIRECTION('',(0.,-1.,0.));
#6414=DIRECTION('',(0.,-1.,0.));
#6415=DIRECTION('',(0.,0.,-1.));
#6416=DIRECTION('',(0.,-1.,0.));
#6417=DIRECTION('',(1.,0.,0.));
#6418=DIRECTION('',(0.,0.,-1.));
#6419=DIRECTION('',(0.,0.,1.));
#6420=DIRECTION('',(0.,-1.,0.));
#6421=DIRECTION('',(0.,-1.,0.));
#6422=DIRECTION('',(0.,0.,1.));
#6423=DIRECTION('',(0.,-1.,0.));
#6424=DIRECTION('',(0.,1.,0.));
#6425=DIRECTION('',(-1.,0.,0.));
#6426=DIRECTION('',(0.,0.,1.));
#6427=DIRECTION('',(0.,1.,0.));
#6428=DIRECTION('',(0.,0.,-1.));
#6429=DIRECTION('',(0.,-1.,0.));
#6430=DIRECTION('',(0.,-1.,0.));
#6431=DIRECTION('',(0.,0.,-1.));
#6432=DIRECTION('',(0.,-1.,0.));
#6433=DIRECTION('',(1.,0.,0.));
#6434=DIRECTION('',(0.,0.,-1.));
#6435=DIRECTION('',(0.,0.,1.));
#6436=DIRECTION('',(0.,-1.,0.));
#6437=DIRECTION('',(0.,-1.,0.));
#6438=DIRECTION('',(0.,0.,1.));
#6439=DIRECTION('',(0.,-1.,0.));
#6440=DIRECTION('',(0.,1.,0.));
#6441=DIRECTION('',(-1.,0.,0.));
#6442=DIRECTION('',(0.,0.,1.));
#6443=DIRECTION('',(0.,1.,0.));
#6444=DIRECTION('',(0.,0.,-1.));
#6445=DIRECTION('',(0.,-1.,0.));
#6446=DIRECTION('',(0.,-1.,0.));
#6447=DIRECTION('',(0.,0.,-1.));
#6448=DIRECTION('',(0.,-1.,0.));
#6449=DIRECTION('',(1.,0.,0.));
#6450=DIRECTION('',(0.,0.,-1.));
#6451=DIRECTION('',(0.,0.,1.));
#6452=DIRECTION('',(0.,-1.,0.));
#6453=DIRECTION('',(0.,-1.,0.));
#6454=DIRECTION('',(0.,0.,1.));
#6455=DIRECTION('',(0.,-1.,0.));
#6456=DIRECTION('',(0.,1.,0.));
#6457=DIRECTION('',(-1.,0.,0.));
#6458=DIRECTION('',(0.,0.,1.));
#6459=DIRECTION('',(0.,1.,0.));
#6460=DIRECTION('',(0.,0.,-1.));
#6461=DIRECTION('',(0.,-1.,0.));
#6462=DIRECTION('',(0.,-1.,0.));
#6463=DIRECTION('',(0.,0.,-1.));
#6464=DIRECTION('',(0.,-1.,0.));
#6465=DIRECTION('',(1.,0.,0.));
#6466=DIRECTION('',(0.,0.,-1.));
#6467=DIRECTION('',(0.,0.,1.));
#6468=DIRECTION('',(0.,-1.,0.));
#6469=DIRECTION('',(0.,-1.,0.));
#6470=DIRECTION('',(0.,0.,1.));
#6471=DIRECTION('',(0.,-1.,0.));
#6472=DIRECTION('',(0.,1.,0.));
#6473=DIRECTION('',(-1.,0.,0.));
#6474=DIRECTION('',(0.,0.,1.));
#6475=DIRECTION('',(0.,1.,0.));
#6476=DIRECTION('',(0.,0.,-1.));
#6477=DIRECTION('',(0.,-1.,0.));
#6478=DIRECTION('',(0.,-1.,0.));
#6479=DIRECTION('',(0.,0.,-1.));
#6480=DIRECTION('',(0.,-1.,0.));
#6481=DIRECTION('',(1.,0.,0.));
#6482=DIRECTION('',(0.,0.,-1.));
#6483=DIRECTION('',(0.,0.,1.));
#6484=DIRECTION('',(0.,-1.,0.));
#6485=DIRECTION('',(0.,-1.,0.));
#6486=DIRECTION('',(0.,0.,1.));
#6487=DIRECTION('',(0.,-1.,0.));
#6488=DIRECTION('',(0.,1.,0.));
#6489=DIRECTION('',(-1.,0.,0.));
#6490=DIRECTION('',(0.,0.,1.));
#6491=DIRECTION('',(0.,1.,0.));
#6492=DIRECTION('',(0.,0.,-1.));
#6493=DIRECTION('',(0.,-1.,0.));
#6494=DIRECTION('',(0.,-1.,0.));
#6495=DIRECTION('',(0.,0.,-1.));
#6496=DIRECTION('',(0.,-1.,0.));
#6497=DIRECTION('',(1.,0.,0.));
#6498=DIRECTION('',(0.,0.,-1.));
#6499=DIRECTION('',(0.,0.,1.));
#6500=DIRECTION('',(0.,-1.,0.));
#6501=DIRECTION('',(0.,-1.,0.));
#6502=DIRECTION('',(0.,0.,1.));
#6503=DIRECTION('',(0.,-1.,0.));
#6504=DIRECTION('',(0.,1.,0.));
#6505=DIRECTION('',(-1.,0.,0.));
#6506=DIRECTION('',(0.,0.,1.));
#6507=DIRECTION('',(0.,1.,0.));
#6508=DIRECTION('',(0.,0.,-1.));
#6509=DIRECTION('',(0.,-1.,0.));
#6510=DIRECTION('',(0.,-1.,0.));
#6511=DIRECTION('',(0.,0.,-1.));
#6512=DIRECTION('',(0.,-1.,0.));
#6513=DIRECTION('',(1.,0.,0.));
#6514=DIRECTION('',(0.,0.,-1.));
#6515=DIRECTION('',(0.,0.,1.));
#6516=DIRECTION('',(0.,-1.,0.));
#6517=DIRECTION('',(0.,-1.,0.));
#6518=DIRECTION('',(0.,0.,1.));
#6519=DIRECTION('',(0.,-1.,0.));
#6520=DIRECTION('',(0.,1.,0.));
#6521=DIRECTION('',(-1.,0.,0.));
#6522=DIRECTION('',(0.,0.,1.));
#6523=DIRECTION('',(0.,1.,0.));
#6524=DIRECTION('',(0.,0.,-1.));
#6525=DIRECTION('',(0.,-1.,0.));
#6526=DIRECTION('',(0.,-1.,0.));
#6527=DIRECTION('',(0.,0.,-1.));
#6528=DIRECTION('',(0.,-1.,0.));
#6529=DIRECTION('',(0.,1.,0.));
#6530=DIRECTION('',(0.,0.,1.));
#6531=DIRECTION('',(0.,0.,-1.));
#6532=DIRECTION('',(0.,1.,0.));
#6533=DIRECTION('',(0.,0.,1.));
#6534=DIRECTION('',(-1.,0.,0.));
#6535=DIRECTION('',(0.,1.,0.));
#6536=DIRECTION('',(0.,0.,1.));
#6537=DIRECTION('',(0.,0.,1.));
#6538=DIRECTION('',(1.,0.,-2.66782030631276E-17));
#6539=DIRECTION('',(-1.,0.,0.));
#6540=DIRECTION('',(1.,0.,0.));
#6541=DIRECTION('',(0.,1.,0.));
#6542=DIRECTION('',(0.,0.,1.));
#6543=DIRECTION('',(0.,0.,-1.));
#6544=DIRECTION('',(0.,1.,0.));
#6545=DIRECTION('',(0.,0.,1.));
#6546=DIRECTION('',(-1.,0.,0.));
#6547=DIRECTION('',(0.,1.,0.));
#6548=DIRECTION('',(0.,0.,1.));
#6549=DIRECTION('',(0.,0.,1.));
#6550=DIRECTION('',(1.,0.,-2.66782030631276E-17));
#6551=DIRECTION('',(-1.,0.,0.));
#6552=DIRECTION('',(1.,0.,0.));
#6553=DIRECTION('',(0.,1.,0.));
#6554=DIRECTION('',(0.,0.,1.));
#6555=DIRECTION('',(0.,0.,-1.));
#6556=DIRECTION('',(0.,1.,0.));
#6557=DIRECTION('',(0.,0.,1.));
#6558=DIRECTION('',(-1.,0.,0.));
#6559=DIRECTION('',(0.,1.,0.));
#6560=DIRECTION('',(0.,0.,1.));
#6561=DIRECTION('',(0.,0.,1.));
#6562=DIRECTION('',(1.,0.,-2.66782030631276E-17));
#6563=DIRECTION('',(-1.,0.,0.));
#6564=DIRECTION('',(1.,0.,0.));
#6565=DIRECTION('',(0.,1.,0.));
#6566=DIRECTION('',(0.,0.,1.));
#6567=DIRECTION('',(0.,0.,-1.));
#6568=DIRECTION('',(0.,1.,0.));
#6569=DIRECTION('',(0.,0.,1.));
#6570=DIRECTION('',(-1.,0.,0.));
#6571=DIRECTION('',(0.,1.,0.));
#6572=DIRECTION('',(0.,0.,1.));
#6573=DIRECTION('',(0.,0.,1.));
#6574=DIRECTION('',(1.,0.,-2.66782030631276E-17));
#6575=DIRECTION('',(-1.,0.,0.));
#6576=DIRECTION('',(1.,0.,0.));
#6577=DIRECTION('',(0.,1.,0.));
#6578=DIRECTION('',(0.,0.,1.));
#6579=DIRECTION('',(0.,0.,-1.));
#6580=DIRECTION('',(-1.,0.,0.));
#6581=DIRECTION('',(0.,0.,1.));
#6582=DIRECTION('',(1.,0.,0.));
#6583=DIRECTION('',(-1.,0.,0.));
#6584=DIRECTION('',(1.,0.,0.));
#6585=DIRECTION('',(0.,1.,0.));
#6586=DIRECTION('',(0.,0.,1.));
#6587=DIRECTION('',(0.,0.,-1.));
#6588=DIRECTION('',(-1.,0.,0.));
#6589=DIRECTION('',(0.,0.,1.));
#6590=DIRECTION('',(1.,0.,0.));
#6591=DIRECTION('',(-1.,0.,0.));
#6592=DIRECTION('',(1.,0.,0.));
#6593=DIRECTION('',(0.,1.,0.));
#6594=DIRECTION('',(0.,0.,1.));
#6595=DIRECTION('',(0.,0.,-1.));
#6596=DIRECTION('',(-1.,0.,0.));
#6597=DIRECTION('',(0.,0.,1.));
#6598=DIRECTION('',(1.,0.,0.));
#6599=DIRECTION('',(-1.,0.,0.));
#6600=DIRECTION('',(1.,0.,0.));
#6601=DIRECTION('',(0.,1.,0.));
#6602=DIRECTION('',(0.,0.,1.));
#6603=DIRECTION('',(0.,0.,-1.));
#6604=DIRECTION('',(-1.,0.,0.));
#6605=DIRECTION('',(0.,0.,1.));
#6606=DIRECTION('',(1.,0.,0.));
#6607=DIRECTION('',(-1.,0.,0.));
#6608=DIRECTION('',(1.,0.,0.));
#6609=DIRECTION('',(0.,1.,0.));
#6610=DIRECTION('',(0.,0.,1.));
#6611=DIRECTION('',(0.,0.,-1.));
#6612=DIRECTION('',(-1.,0.,0.));
#6613=DIRECTION('',(0.,0.,1.));
#6614=DIRECTION('',(1.,0.,0.));
#6615=DIRECTION('',(-1.,0.,0.));
#6616=DIRECTION('',(1.,0.,0.));
#6617=DIRECTION('',(0.,1.,0.));
#6618=DIRECTION('',(0.,0.,1.));
#6619=DIRECTION('',(0.,0.,-1.));
#6620=DIRECTION('',(0.,1.,0.));
#6621=DIRECTION('',(0.,0.,1.));
#6622=DIRECTION('',(-1.,0.,0.));
#6623=DIRECTION('',(0.,1.,0.));
#6624=DIRECTION('',(0.,0.,1.));
#6625=DIRECTION('',(0.,0.,1.));
#6626=DIRECTION('',(1.,0.,-2.66782030631276E-17));
#6627=DIRECTION('',(-1.,0.,0.));
#6628=DIRECTION('',(1.,0.,0.));
#6629=DIRECTION('',(0.,1.,0.));
#6630=DIRECTION('',(0.,0.,1.));
#6631=DIRECTION('',(-1.,0.,0.));
#6632=DIRECTION('',(0.,0.,1.));
#6633=DIRECTION('',(1.,0.,0.));
#6634=DIRECTION('',(0.,0.,-1.));
#6635=DIRECTION('',(0.,1.,0.));
#6636=DIRECTION('',(1.,0.,0.));
#6637=DIRECTION('',(0.,0.,1.));
#6638=DIRECTION('',(-1.,0.,2.66782030631276E-17));
#6639=DIRECTION('',(0.,0.,-1.));
#6640=DIRECTION('',(0.,1.,0.));
#6641=DIRECTION('',(1.,0.,0.));
#6642=DIRECTION('',(1.,0.,0.));
#6643=DIRECTION('',(0.,1.,0.));
#6644=DIRECTION('',(1.,0.,0.));
#6645=DIRECTION('',(0.,0.,1.));
#6646=DIRECTION('',(-1.,0.,2.66782030631276E-17));
#6647=DIRECTION('',(0.,0.,-1.));
#6648=DIRECTION('',(0.,1.,0.));
#6649=DIRECTION('',(1.,0.,0.));
#6650=DIRECTION('',(1.,0.,0.));
#6651=DIRECTION('',(0.,1.,0.));
#6652=DIRECTION('',(1.,0.,0.));
#6653=DIRECTION('',(0.,0.,1.));
#6654=DIRECTION('',(-1.,0.,2.66782030631276E-17));
#6655=DIRECTION('',(0.,0.,-1.));
#6656=DIRECTION('',(0.,1.,0.));
#6657=DIRECTION('',(1.,0.,0.));
#6658=DIRECTION('',(1.,0.,0.));
#6659=DIRECTION('',(0.,1.,0.));
#6660=DIRECTION('',(1.,0.,0.));
#6661=DIRECTION('',(0.,0.,1.));
#6662=DIRECTION('',(-1.,0.,2.66782030631276E-17));
#6663=DIRECTION('',(0.,0.,-1.));
#6664=DIRECTION('',(0.,1.,0.));
#6665=DIRECTION('',(1.,0.,0.));
#6666=DIRECTION('',(1.,0.,0.));
#6667=DIRECTION('',(0.,1.,0.));
#6668=DIRECTION('',(1.,0.,0.));
#6669=DIRECTION('',(0.,0.,1.));
#6670=DIRECTION('',(-1.,0.,2.66782030631276E-17));
#6671=DIRECTION('',(0.,0.,-1.));
#6672=DIRECTION('',(0.,1.,0.));
#6673=DIRECTION('',(1.,0.,0.));
#6674=DIRECTION('',(1.,0.,0.));
#6675=DIRECTION('',(1.,0.,0.));
#6676=DIRECTION('',(0.,0.,1.));
#6677=DIRECTION('',(-1.,0.,0.));
#6678=DIRECTION('',(0.,0.,-1.));
#6679=DIRECTION('',(1.,0.,0.));
#6680=DIRECTION('',(0.,0.,1.));
#6681=DIRECTION('',(-1.,0.,0.));
#6682=DIRECTION('',(0.,0.,-1.));
#6683=DIRECTION('',(1.,0.,0.));
#6684=DIRECTION('',(0.,0.,1.));
#6685=DIRECTION('',(-1.,0.,0.));
#6686=DIRECTION('',(0.,0.,-1.));
#6687=DIRECTION('',(1.,0.,0.));
#6688=DIRECTION('',(0.,0.,1.));
#6689=DIRECTION('',(-1.,0.,0.));
#6690=DIRECTION('',(0.,0.,-1.));
#6691=DIRECTION('',(1.,0.,0.));
#6692=DIRECTION('',(0.,0.,1.));
#6693=DIRECTION('',(-1.,0.,0.));
#6694=DIRECTION('',(0.,0.,-1.));
#6695=DIRECTION('',(0.,0.,1.));
#6696=DIRECTION('',(1.,0.,0.));
#6697=DIRECTION('',(0.,-1.,0.));
#6698=DIRECTION('',(0.,1.,0.));
#6699=DIRECTION('',(-1.,0.,0.));
#6700=DIRECTION('',(0.,-1.,0.));
#6701=DIRECTION('',(0.,1.,0.));
#6702=DIRECTION('',(-1.,0.,0.));
#6703=DIRECTION('',(0.,-1.,0.));
#6704=DIRECTION('',(0.,1.,0.));
#6705=DIRECTION('',(-1.,0.,0.));
#6706=DIRECTION('',(0.,-1.,0.));
#6707=DIRECTION('',(0.,1.,0.));
#6708=DIRECTION('',(-1.,0.,0.));
#6709=DIRECTION('',(0.,-1.,0.));
#6710=DIRECTION('',(0.,1.,0.));
#6711=DIRECTION('',(-1.,0.,0.));
#6712=DIRECTION('',(0.,-1.,0.));
#6713=DIRECTION('',(0.,-1.,0.));
#6714=DIRECTION('',(-1.,0.,0.));
#6715=DIRECTION('',(0.,0.,-1.));
#6716=DIRECTION('',(-1.,0.,0.));
#6717=DIRECTION('',(0.,1.,0.));
#6718=DIRECTION('',(1.,0.,0.));
#6719=DIRECTION('',(0.,-1.,0.));
#6720=DIRECTION('',(0.,-1.,0.));
#6721=DIRECTION('',(1.,0.,0.));
#6722=DIRECTION('',(0.,-1.,0.));
#6723=DIRECTION('',(0.,1.,0.));
#6724=DIRECTION('',(1.,0.,0.));
#6725=DIRECTION('',(0.,-1.,0.));
#6726=DIRECTION('',(0.,1.,0.));
#6727=DIRECTION('',(1.,0.,0.));
#6728=DIRECTION('',(0.,-1.,0.));
#6729=DIRECTION('',(0.,1.,0.));
#6730=DIRECTION('',(1.,0.,0.));
#6731=DIRECTION('',(0.,-1.,0.));
#6732=DIRECTION('',(0.,1.,0.));
#6733=DIRECTION('',(1.,0.,0.));
#6734=DIRECTION('',(0.,-1.,0.));
#6735=DIRECTION('',(0.,1.,0.));
#6736=DIRECTION('',(0.,0.,1.));
#6737=DIRECTION('',(0.,0.,-1.));
#6738=DIRECTION('',(0.,0.,1.));
#6739=DIRECTION('',(0.,1.,0.));
#6740=DIRECTION('',(0.,0.,1.));
#6741=DIRECTION('',(0.,0.,1.));
#6742=DIRECTION('',(0.,0.,-1.));
#6743=DIRECTION('',(0.,1.,0.));
#6744=DIRECTION('',(0.,0.,1.));
#6745=DIRECTION('',(0.,0.,-1.));
#6746=DIRECTION('',(0.,0.,1.));
#6747=DIRECTION('',(0.,1.,0.));
#6748=DIRECTION('',(0.,0.,1.));
#6749=DIRECTION('',(0.,0.,-1.));
#6750=DIRECTION('',(0.,0.,1.));
#6751=DIRECTION('',(0.,1.,0.));
#6752=DIRECTION('',(0.,0.,1.));
#6753=DIRECTION('',(0.,0.,-1.));
#6754=DIRECTION('',(0.,0.,1.));
#6755=DIRECTION('',(0.,1.,0.));
#6756=DIRECTION('',(0.,0.,1.));
#6757=DIRECTION('',(0.,0.,-1.));
#6758=DIRECTION('',(0.,0.,1.));
#6759=DIRECTION('',(1.,0.,0.));
#6760=DIRECTION('',(0.,0.,-1.));
#6761=DIRECTION('',(-1.,0.,0.));
#6762=DIRECTION('',(0.,0.,1.));
#6763=DIRECTION('',(-1.,0.,0.));
#6764=DIRECTION('',(0.,0.,1.));
#6765=DIRECTION('',(1.,0.,0.));
#6766=DIRECTION('',(0.,0.,-1.));
#6767=DIRECTION('',(-1.,0.,0.));
#6768=DIRECTION('',(0.,0.,1.));
#6769=DIRECTION('',(1.,0.,0.));
#6770=DIRECTION('',(0.,0.,-1.));
#6771=DIRECTION('',(-1.,0.,0.));
#6772=DIRECTION('',(0.,0.,1.));
#6773=DIRECTION('',(1.,0.,0.));
#6774=DIRECTION('',(0.,0.,-1.));
#6775=DIRECTION('',(-1.,0.,0.));
#6776=DIRECTION('',(0.,0.,1.));
#6777=DIRECTION('',(1.,0.,0.));
#6778=DIRECTION('',(0.,0.,-1.));
#6779=DIRECTION('',(-1.,0.,0.));
#6780=DIRECTION('',(0.,0.,1.));
#6781=DIRECTION('',(1.,0.,0.));
#6782=DIRECTION('',(0.,0.,-1.));
#6783=DIRECTION('',(-0.999876632481661,0.0157073173118207,0.));
#6784=DIRECTION('',(0.0157073173118207,0.999876632481661,0.));
#6785=DIRECTION('',(-0.0157073173118207,-0.999876632481661,8.93958401753024E-18));
#6786=DIRECTION('',(-0.0157053800170626,-0.999753310610692,-0.0157053800170626));
#6787=DIRECTION('',(0.,-1.,0.));
#6788=DIRECTION('',(1.,0.,0.));
#6789=DIRECTION('',(0.,-0.999876632481661,0.0157073173118207));
#6790=DIRECTION('',(0.,0.0157073173118207,0.999876632481661));
#6791=DIRECTION('',(0.,0.999876632481661,-0.0157073173118207));
#6792=DIRECTION('',(3.5758336070121E-17,-0.999876632481661,0.0157073173118207));
#6793=DIRECTION('',(0.,-1.,0.));
#6794=DIRECTION('',(1.,0.,0.));
#6795=DIRECTION('',(0.0157073173118207,-0.999876632481661,0.));
#6796=DIRECTION('',(0.999876632481661,0.0157073173118207,0.));
#6797=DIRECTION('',(-0.0157073173118207,0.999876632481661,0.));
#6798=DIRECTION('',(0.0157053800170626,-0.999753310610692,-0.0157053800170626));
#6799=DIRECTION('',(-2.66749118394219E-17,0.0157073173118207,-0.999876632481661));
#6800=DIRECTION('',(4.19043000821731E-19,0.999876632481661,0.0157073173118207));
#6801=DIRECTION('',(-0.999876632481661,0.0157073173118207,0.));
#6802=DIRECTION('',(0.0157073173118207,0.999876632481661,0.));
#6803=DIRECTION('',(-0.0157073173118207,-0.999876632481661,8.93958401753024E-18));
#6804=DIRECTION('',(-0.0157053800170626,-0.999753310610692,-0.0157053800170626));
#6805=DIRECTION('',(0.,-1.,0.));
#6806=DIRECTION('',(1.,0.,0.));
#6807=DIRECTION('',(0.,-0.999876632481661,0.0157073173118207));
#6808=DIRECTION('',(0.,0.0157073173118207,0.999876632481661));
#6809=DIRECTION('',(0.,0.999876632481661,-0.0157073173118207));
#6810=DIRECTION('',(3.5758336070121E-17,-0.999876632481661,0.0157073173118207));
#6811=DIRECTION('',(0.,-1.,0.));
#6812=DIRECTION('',(1.,0.,0.));
#6813=DIRECTION('',(0.0157073173118207,-0.999876632481661,0.));
#6814=DIRECTION('',(0.999876632481661,0.0157073173118207,0.));
#6815=DIRECTION('',(-0.0157073173118207,0.999876632481661,0.));
#6816=DIRECTION('',(0.0157053800170626,-0.999753310610692,-0.0157053800170626));
#6817=DIRECTION('',(-2.66749118394219E-17,0.0157073173118207,-0.999876632481661));
#6818=DIRECTION('',(4.19043000821731E-19,0.999876632481661,0.0157073173118207));
#6819=DIRECTION('',(-0.999876632481661,0.0157073173118207,0.));
#6820=DIRECTION('',(0.0157073173118207,0.999876632481661,0.));
#6821=DIRECTION('',(-0.0157073173118207,-0.999876632481661,8.93958401753024E-18));
#6822=DIRECTION('',(-0.0157053800170626,-0.999753310610692,-0.0157053800170626));
#6823=DIRECTION('',(0.,-1.,0.));
#6824=DIRECTION('',(1.,0.,0.));
#6825=DIRECTION('',(0.,-0.999876632481661,0.0157073173118207));
#6826=DIRECTION('',(0.,0.0157073173118207,0.999876632481661));
#6827=DIRECTION('',(0.,0.999876632481661,-0.0157073173118207));
#6828=DIRECTION('',(3.5758336070121E-17,-0.999876632481661,0.0157073173118207));
#6829=DIRECTION('',(0.,-1.,0.));
#6830=DIRECTION('',(1.,0.,0.));
#6831=DIRECTION('',(0.0157073173118207,-0.999876632481661,0.));
#6832=DIRECTION('',(0.999876632481661,0.0157073173118207,0.));
#6833=DIRECTION('',(-0.0157073173118207,0.999876632481661,0.));
#6834=DIRECTION('',(0.0157053800170626,-0.999753310610692,-0.0157053800170626));
#6835=DIRECTION('',(-2.66749118394219E-17,0.0157073173118207,-0.999876632481661));
#6836=DIRECTION('',(4.19043000821731E-19,0.999876632481661,0.0157073173118207));
#6837=DIRECTION('',(-0.999876632481661,0.0157073173118207,0.));
#6838=DIRECTION('',(0.0157073173118207,0.999876632481661,0.));
#6839=DIRECTION('',(-0.0157073173118207,-0.999876632481661,8.93958401753024E-18));
#6840=DIRECTION('',(-0.0157053800170626,-0.999753310610692,-0.0157053800170626));
#6841=DIRECTION('',(0.,-1.,0.));
#6842=DIRECTION('',(1.,0.,0.));
#6843=DIRECTION('',(0.,-0.999876632481661,0.0157073173118207));
#6844=DIRECTION('',(0.,0.0157073173118207,0.999876632481661));
#6845=DIRECTION('',(0.,0.999876632481661,-0.0157073173118207));
#6846=DIRECTION('',(3.5758336070121E-17,-0.999876632481661,0.0157073173118207));
#6847=DIRECTION('',(0.,-1.,0.));
#6848=DIRECTION('',(1.,0.,0.));
#6849=DIRECTION('',(0.0157073173118207,-0.999876632481661,0.));
#6850=DIRECTION('',(0.999876632481661,0.0157073173118207,0.));
#6851=DIRECTION('',(-0.0157073173118207,0.999876632481661,0.));
#6852=DIRECTION('',(0.0157053800170626,-0.999753310610692,-0.0157053800170626));
#6853=DIRECTION('',(-2.66749118394219E-17,0.0157073173118207,-0.999876632481661));
#6854=DIRECTION('',(4.19043000821731E-19,0.999876632481661,0.0157073173118207));
#6855=DIRECTION('',(-0.999876632481661,0.0157073173118207,0.));
#6856=DIRECTION('',(0.0157073173118207,0.999876632481661,0.));
#6857=DIRECTION('',(-0.0157073173118207,-0.999876632481661,8.93958401753024E-18));
#6858=DIRECTION('',(-0.0157053800170626,-0.999753310610692,-0.0157053800170626));
#6859=DIRECTION('',(0.,-1.,0.));
#6860=DIRECTION('',(1.,0.,0.));
#6861=DIRECTION('',(0.,-0.999876632481661,0.0157073173118207));
#6862=DIRECTION('',(0.,0.0157073173118207,0.999876632481661));
#6863=DIRECTION('',(0.,0.999876632481661,-0.0157073173118207));
#6864=DIRECTION('',(3.5758336070121E-17,-0.999876632481661,0.0157073173118207));
#6865=DIRECTION('',(0.,-1.,0.));
#6866=DIRECTION('',(1.,0.,0.));
#6867=DIRECTION('',(0.0157073173118207,-0.999876632481661,0.));
#6868=DIRECTION('',(0.999876632481661,0.0157073173118207,0.));
#6869=DIRECTION('',(-0.0157073173118207,0.999876632481661,0.));
#6870=DIRECTION('',(0.0157053800170626,-0.999753310610692,-0.0157053800170626));
#6871=DIRECTION('',(-2.66749118394219E-17,0.0157073173118207,-0.999876632481661));
#6872=DIRECTION('',(4.19043000821731E-19,0.999876632481661,0.0157073173118207));
#6873=DIRECTION('',(-0.999876632481661,0.0157073173118207,0.));
#6874=DIRECTION('',(0.0157073173118207,0.999876632481661,0.));
#6875=DIRECTION('',(-0.0157053800170626,-0.999753310610692,0.0157053800170626));
#6876=DIRECTION('',(-0.0157053800170626,-0.999753310610692,-0.0157053800170626));
#6877=DIRECTION('',(0.,0.0157073173118207,0.999876632481661));
#6878=DIRECTION('',(0.,0.999876632481661,-0.0157073173118207));
#6879=DIRECTION('',(0.0157053800170626,-0.999753310610692,0.0157053800170626));
#6880=DIRECTION('',(0.999876632481661,0.0157073173118207,0.));
#6881=DIRECTION('',(-0.0157073173118207,0.999876632481661,0.));
#6882=DIRECTION('',(0.0157053800170626,-0.999753310610692,-0.0157053800170626));
#6883=DIRECTION('',(0.,0.0157073173118207,-0.999876632481661));
#6884=DIRECTION('',(0.,0.999876632481661,0.0157073173118207));
#6885=DIRECTION('',(-0.999876632481661,0.0157073173118207,0.));
#6886=DIRECTION('',(0.0157073173118207,0.999876632481661,0.));
#6887=DIRECTION('',(-0.0157053800170626,-0.999753310610692,0.0157053800170626));
#6888=DIRECTION('',(-0.0157053800170626,-0.999753310610692,-0.0157053800170626));
#6889=DIRECTION('',(0.,0.0157073173118207,0.999876632481661));
#6890=DIRECTION('',(0.,0.999876632481661,-0.0157073173118207));
#6891=DIRECTION('',(0.0157053800170626,-0.999753310610692,0.0157053800170626));
#6892=DIRECTION('',(0.999876632481661,0.0157073173118207,0.));
#6893=DIRECTION('',(-0.0157073173118207,0.999876632481661,0.));
#6894=DIRECTION('',(0.0157053800170626,-0.999753310610692,-0.0157053800170626));
#6895=DIRECTION('',(0.,0.0157073173118207,-0.999876632481661));
#6896=DIRECTION('',(0.,0.999876632481661,0.0157073173118207));
#6897=DIRECTION('',(-0.999876632481661,0.0157073173118207,0.));
#6898=DIRECTION('',(0.0157073173118207,0.999876632481661,0.));
#6899=DIRECTION('',(-0.0157053800170626,-0.999753310610692,0.0157053800170626));
#6900=DIRECTION('',(-0.0157053800170626,-0.999753310610692,-0.0157053800170626));
#6901=DIRECTION('',(0.,0.0157073173118207,0.999876632481661));
#6902=DIRECTION('',(0.,0.999876632481661,-0.0157073173118207));
#6903=DIRECTION('',(0.0157053800170626,-0.999753310610692,0.0157053800170626));
#6904=DIRECTION('',(0.999876632481661,0.0157073173118207,0.));
#6905=DIRECTION('',(-0.0157073173118207,0.999876632481661,0.));
#6906=DIRECTION('',(0.0157053800170626,-0.999753310610692,-0.0157053800170626));
#6907=DIRECTION('',(0.,0.0157073173118207,-0.999876632481661));
#6908=DIRECTION('',(0.,0.999876632481661,0.0157073173118207));
#6909=DIRECTION('',(-0.999876632481661,0.0157073173118207,0.));
#6910=DIRECTION('',(0.0157073173118207,0.999876632481661,0.));
#6911=DIRECTION('',(-0.0157053800170626,-0.999753310610692,0.0157053800170626));
#6912=DIRECTION('',(-0.0157053800170626,-0.999753310610692,-0.0157053800170626));
#6913=DIRECTION('',(0.,0.0157073173118207,0.999876632481661));
#6914=DIRECTION('',(0.,0.999876632481661,-0.0157073173118207));
#6915=DIRECTION('',(0.0157053800170626,-0.999753310610692,0.0157053800170626));
#6916=DIRECTION('',(0.999876632481661,0.0157073173118207,0.));
#6917=DIRECTION('',(-0.0157073173118207,0.999876632481661,0.));
#6918=DIRECTION('',(0.0157053800170626,-0.999753310610692,-0.0157053800170626));
#6919=DIRECTION('',(0.,0.0157073173118207,-0.999876632481661));
#6920=DIRECTION('',(0.,0.999876632481661,0.0157073173118207));
#6921=DIRECTION('',(-0.999876632481661,0.0157073173118207,0.));
#6922=DIRECTION('',(0.0157073173118207,0.999876632481661,0.));
#6923=DIRECTION('',(-0.0157053800170626,-0.999753310610692,0.0157053800170626));
#6924=DIRECTION('',(-0.0157053800170626,-0.999753310610692,-0.0157053800170626));
#6925=DIRECTION('',(0.,0.0157073173118207,0.999876632481661));
#6926=DIRECTION('',(0.,0.999876632481661,-0.0157073173118207));
#6927=DIRECTION('',(0.0157053800170626,-0.999753310610692,0.0157053800170626));
#6928=DIRECTION('',(0.999876632481661,0.0157073173118207,0.));
#6929=DIRECTION('',(-0.0157073173118207,0.999876632481661,0.));
#6930=DIRECTION('',(0.0157053800170626,-0.999753310610692,-0.0157053800170626));
#6931=DIRECTION('',(0.,0.0157073173118207,-0.999876632481661));
#6932=DIRECTION('',(0.,0.999876632481661,0.0157073173118207));
#6933=DIRECTION('',(0.,0.,1.));
#6934=DIRECTION('',(1.,0.,0.));
#6935=DIRECTION('',(0.,0.,-1.));
#6936=DIRECTION('',(-1.,0.,0.));
#6937=DIRECTION('',(0.,0.,1.));
#6938=DIRECTION('',(1.,0.,0.));
#6939=DIRECTION('',(0.,0.,-1.));
#6940=DIRECTION('',(-1.,0.,0.));
#6941=DIRECTION('',(0.,0.,1.));
#6942=DIRECTION('',(1.,0.,0.));
#6943=DIRECTION('',(0.,0.,-1.));
#6944=DIRECTION('',(-1.,0.,0.));
#6945=DIRECTION('',(0.,0.,1.));
#6946=DIRECTION('',(1.,0.,0.));
#6947=DIRECTION('',(0.,0.,-1.));
#6948=DIRECTION('',(-1.,0.,0.));
#6949=DIRECTION('',(0.,0.,1.));
#6950=DIRECTION('',(1.,0.,0.));
#6951=DIRECTION('',(0.,0.,-1.));
#6952=DIRECTION('',(-1.,0.,0.));
#6953=DIRECTION('',(0.,0.,1.));
#6954=DIRECTION('',(1.,0.,0.));
#6955=DIRECTION('',(0.,0.,-1.));
#6956=DIRECTION('',(-1.,0.,0.));
#6957=DIRECTION('',(0.,0.,1.));
#6958=DIRECTION('',(1.,0.,0.));
#6959=DIRECTION('',(0.,0.,-1.));
#6960=DIRECTION('',(-1.,0.,0.));
#6961=DIRECTION('',(0.,0.,1.));
#6962=DIRECTION('',(1.,0.,0.));
#6963=DIRECTION('',(0.,0.,-1.));
#6964=DIRECTION('',(-1.,0.,0.));
#6965=DIRECTION('',(0.,0.,1.));
#6966=DIRECTION('',(1.,0.,0.));
#6967=DIRECTION('',(0.,0.,-1.));
#6968=DIRECTION('',(-1.,0.,0.));
#6969=DIRECTION('',(0.,0.,1.));
#6970=DIRECTION('',(1.,0.,0.));
#6971=DIRECTION('',(0.,0.,-1.));
#6972=DIRECTION('',(-1.,0.,0.));
#6973=DIRECTION('',(0.,1.,0.));
#6974=DIRECTION('',(0.,0.,1.));
#6975=DIRECTION('',(-1.,0.,0.));
#6976=DIRECTION('',(0.,0.,-1.));
#6977=DIRECTION('',(1.,0.,0.));
#6978=DIRECTION('',(0.,0.,-1.));
#6979=DIRECTION('',(-1.,0.,0.));
#6980=DIRECTION('',(0.,-1.,0.));
#6981=DIRECTION('',(0.,0.,1.));
#6982=DIRECTION('',(1.,0.,0.));
#6983=DIRECTION('',(0.,-1.,0.));
#6984=DIRECTION('',(-1.,0.,0.));
#6985=DIRECTION('',(0.,0.,1.));
#6986=DIRECTION('',(0.,0.,1.));
#6987=DIRECTION('',(1.,0.,0.));
#6988=DIRECTION('',(-1.,0.,0.));
#6989=DIRECTION('',(0.,-1.,0.));
#6990=DIRECTION('',(0.,0.,-1.));
#6991=DIRECTION('',(-1.,0.,0.));
#6992=DIRECTION('',(0.,-1.,0.));
#6993=DIRECTION('',(1.,0.,0.));
#6994=DIRECTION('',(0.,1.,0.));
#6995=DIRECTION('',(0.,0.,1.));
#6996=DIRECTION('',(0.,0.,1.));
#6997=DIRECTION('',(1.,0.,0.));
#6998=DIRECTION('',(0.,0.,-1.));
#6999=DIRECTION('',(0.,1.,0.));
#7000=DIRECTION('',(0.,0.,1.));
#7001=DIRECTION('',(-1.,0.,0.));
#7002=DIRECTION('',(0.,0.,-1.));
#7003=DIRECTION('',(1.,0.,0.));
#7004=DIRECTION('',(0.,0.,-1.));
#7005=DIRECTION('',(-1.,0.,0.));
#7006=DIRECTION('',(0.,-1.,0.));
#7007=DIRECTION('',(0.,0.,1.));
#7008=DIRECTION('',(1.,0.,0.));
#7009=DIRECTION('',(0.,-1.,0.));
#7010=DIRECTION('',(-1.,0.,0.));
#7011=DIRECTION('',(0.,0.,1.));
#7012=DIRECTION('',(0.,0.,1.));
#7013=DIRECTION('',(1.,0.,0.));
#7014=DIRECTION('',(-1.,0.,0.));
#7015=DIRECTION('',(0.,-1.,0.));
#7016=DIRECTION('',(0.,0.,-1.));
#7017=DIRECTION('',(-1.,0.,0.));
#7018=DIRECTION('',(0.,-1.,0.));
#7019=DIRECTION('',(1.,0.,0.));
#7020=DIRECTION('',(0.,1.,0.));
#7021=DIRECTION('',(0.,0.,1.));
#7022=DIRECTION('',(0.,0.,1.));
#7023=DIRECTION('',(1.,0.,0.));
#7024=DIRECTION('',(0.,0.,-1.));
#7025=DIRECTION('',(0.,1.,0.));
#7026=DIRECTION('',(0.,0.,1.));
#7027=DIRECTION('',(-1.,0.,0.));
#7028=DIRECTION('',(0.,0.,-1.));
#7029=DIRECTION('',(1.,0.,0.));
#7030=DIRECTION('',(0.,0.,-1.));
#7031=DIRECTION('',(-1.,0.,0.));
#7032=DIRECTION('',(0.,-1.,0.));
#7033=DIRECTION('',(0.,0.,1.));
#7034=DIRECTION('',(1.,0.,0.));
#7035=DIRECTION('',(0.,-1.,0.));
#7036=DIRECTION('',(-1.,0.,0.));
#7037=DIRECTION('',(0.,0.,1.));
#7038=DIRECTION('',(0.,0.,1.));
#7039=DIRECTION('',(1.,0.,0.));
#7040=DIRECTION('',(-1.,0.,0.));
#7041=DIRECTION('',(0.,-1.,0.));
#7042=DIRECTION('',(0.,0.,-1.));
#7043=DIRECTION('',(-1.,0.,0.));
#7044=DIRECTION('',(0.,-1.,0.));
#7045=DIRECTION('',(1.,0.,0.));
#7046=DIRECTION('',(0.,1.,0.));
#7047=DIRECTION('',(0.,0.,1.));
#7048=DIRECTION('',(0.,0.,1.));
#7049=DIRECTION('',(1.,0.,0.));
#7050=DIRECTION('',(0.,0.,-1.));
#7051=DIRECTION('',(0.,1.,0.));
#7052=DIRECTION('',(0.,0.,1.));
#7053=DIRECTION('',(-1.,0.,0.));
#7054=DIRECTION('',(0.,0.,-1.));
#7055=DIRECTION('',(1.,0.,0.));
#7056=DIRECTION('',(0.,0.,-1.));
#7057=DIRECTION('',(-1.,0.,0.));
#7058=DIRECTION('',(0.,-1.,0.));
#7059=DIRECTION('',(0.,0.,1.));
#7060=DIRECTION('',(1.,0.,0.));
#7061=DIRECTION('',(0.,-1.,0.));
#7062=DIRECTION('',(-1.,0.,0.));
#7063=DIRECTION('',(0.,0.,1.));
#7064=DIRECTION('',(0.,0.,1.));
#7065=DIRECTION('',(1.,0.,0.));
#7066=DIRECTION('',(-1.,0.,0.));
#7067=DIRECTION('',(0.,-1.,0.));
#7068=DIRECTION('',(0.,0.,-1.));
#7069=DIRECTION('',(-1.,0.,0.));
#7070=DIRECTION('',(0.,-1.,0.));
#7071=DIRECTION('',(1.,0.,0.));
#7072=DIRECTION('',(0.,1.,0.));
#7073=DIRECTION('',(0.,0.,1.));
#7074=DIRECTION('',(0.,0.,1.));
#7075=DIRECTION('',(1.,0.,0.));
#7076=DIRECTION('',(0.,0.,-1.));
#7077=DIRECTION('',(0.,1.,0.));
#7078=DIRECTION('',(0.,0.,1.));
#7079=DIRECTION('',(-1.,0.,0.));
#7080=DIRECTION('',(0.,0.,-1.));
#7081=DIRECTION('',(1.,0.,0.));
#7082=DIRECTION('',(0.,0.,-1.));
#7083=DIRECTION('',(-1.,0.,0.));
#7084=DIRECTION('',(0.,-1.,0.));
#7085=DIRECTION('',(0.,0.,1.));
#7086=DIRECTION('',(1.,0.,0.));
#7087=DIRECTION('',(0.,-1.,0.));
#7088=DIRECTION('',(-1.,0.,0.));
#7089=DIRECTION('',(0.,0.,1.));
#7090=DIRECTION('',(0.,0.,1.));
#7091=DIRECTION('',(1.,0.,0.));
#7092=DIRECTION('',(-1.,0.,0.));
#7093=DIRECTION('',(0.,-1.,0.));
#7094=DIRECTION('',(0.,0.,-1.));
#7095=DIRECTION('',(-1.,0.,0.));
#7096=DIRECTION('',(0.,-1.,0.));
#7097=DIRECTION('',(1.,0.,0.));
#7098=DIRECTION('',(0.,1.,0.));
#7099=DIRECTION('',(0.,0.,1.));
#7100=DIRECTION('',(0.,0.,1.));
#7101=DIRECTION('',(1.,0.,0.));
#7102=DIRECTION('',(0.,0.,-1.));
#7103=DIRECTION('',(0.,1.,0.));
#7104=DIRECTION('',(0.,0.,1.));
#7105=DIRECTION('',(-1.,0.,0.));
#7106=DIRECTION('',(0.,0.,-1.));
#7107=DIRECTION('',(1.,0.,0.));
#7108=DIRECTION('',(0.,0.,-1.));
#7109=DIRECTION('',(-1.,0.,0.));
#7110=DIRECTION('',(0.,-1.,0.));
#7111=DIRECTION('',(0.,0.,1.));
#7112=DIRECTION('',(1.,0.,0.));
#7113=DIRECTION('',(0.,-1.,0.));
#7114=DIRECTION('',(-1.,0.,0.));
#7115=DIRECTION('',(0.,0.,1.));
#7116=DIRECTION('',(0.,0.,1.));
#7117=DIRECTION('',(1.,0.,0.));
#7118=DIRECTION('',(-1.,0.,0.));
#7119=DIRECTION('',(0.,-1.,0.));
#7120=DIRECTION('',(0.,0.,-1.));
#7121=DIRECTION('',(-1.,0.,0.));
#7122=DIRECTION('',(0.,-1.,0.));
#7123=DIRECTION('',(1.,0.,0.));
#7124=DIRECTION('',(0.,1.,0.));
#7125=DIRECTION('',(0.,0.,1.));
#7126=DIRECTION('',(0.,0.,1.));
#7127=DIRECTION('',(1.,0.,0.));
#7128=DIRECTION('',(0.,0.,-1.));
#7129=DIRECTION('',(0.,1.,0.));
#7130=DIRECTION('',(0.,0.,1.));
#7131=DIRECTION('',(-1.,0.,0.));
#7132=DIRECTION('',(0.,0.,-1.));
#7133=DIRECTION('',(1.,0.,0.));
#7134=DIRECTION('',(0.,0.,-1.));
#7135=DIRECTION('',(-1.,0.,0.));
#7136=DIRECTION('',(0.,-1.,0.));
#7137=DIRECTION('',(0.,0.,1.));
#7138=DIRECTION('',(1.,0.,0.));
#7139=DIRECTION('',(0.,-1.,0.));
#7140=DIRECTION('',(-1.,0.,0.));
#7141=DIRECTION('',(0.,0.,1.));
#7142=DIRECTION('',(0.,0.,1.));
#7143=DIRECTION('',(1.,0.,0.));
#7144=DIRECTION('',(-1.,0.,0.));
#7145=DIRECTION('',(0.,-1.,0.));
#7146=DIRECTION('',(0.,0.,-1.));
#7147=DIRECTION('',(-1.,0.,0.));
#7148=DIRECTION('',(0.,-1.,0.));
#7149=DIRECTION('',(1.,0.,0.));
#7150=DIRECTION('',(0.,1.,0.));
#7151=DIRECTION('',(0.,0.,1.));
#7152=DIRECTION('',(0.,0.,1.));
#7153=DIRECTION('',(1.,0.,0.));
#7154=DIRECTION('',(0.,0.,-1.));
#7155=DIRECTION('',(0.,1.,0.));
#7156=DIRECTION('',(0.,0.,1.));
#7157=DIRECTION('',(-1.,0.,0.));
#7158=DIRECTION('',(0.,0.,-1.));
#7159=DIRECTION('',(1.,0.,0.));
#7160=DIRECTION('',(0.,0.,-1.));
#7161=DIRECTION('',(-1.,0.,0.));
#7162=DIRECTION('',(0.,-1.,0.));
#7163=DIRECTION('',(0.,0.,1.));
#7164=DIRECTION('',(1.,0.,0.));
#7165=DIRECTION('',(0.,-1.,0.));
#7166=DIRECTION('',(-1.,0.,0.));
#7167=DIRECTION('',(0.,0.,1.));
#7168=DIRECTION('',(0.,0.,1.));
#7169=DIRECTION('',(1.,0.,0.));
#7170=DIRECTION('',(-1.,0.,0.));
#7171=DIRECTION('',(0.,-1.,0.));
#7172=DIRECTION('',(0.,0.,-1.));
#7173=DIRECTION('',(-1.,0.,0.));
#7174=DIRECTION('',(0.,-1.,0.));
#7175=DIRECTION('',(1.,0.,0.));
#7176=DIRECTION('',(0.,1.,0.));
#7177=DIRECTION('',(0.,0.,1.));
#7178=DIRECTION('',(0.,0.,1.));
#7179=DIRECTION('',(1.,0.,0.));
#7180=DIRECTION('',(0.,0.,-1.));
#7181=DIRECTION('',(0.,1.,0.));
#7182=DIRECTION('',(0.,0.,1.));
#7183=DIRECTION('',(-1.,0.,0.));
#7184=DIRECTION('',(0.,0.,-1.));
#7185=DIRECTION('',(1.,0.,0.));
#7186=DIRECTION('',(0.,0.,-1.));
#7187=DIRECTION('',(-1.,0.,0.));
#7188=DIRECTION('',(0.,-1.,0.));
#7189=DIRECTION('',(0.,0.,1.));
#7190=DIRECTION('',(1.,0.,0.));
#7191=DIRECTION('',(0.,-1.,0.));
#7192=DIRECTION('',(-1.,0.,0.));
#7193=DIRECTION('',(0.,0.,1.));
#7194=DIRECTION('',(0.,0.,1.));
#7195=DIRECTION('',(1.,0.,0.));
#7196=DIRECTION('',(-1.,0.,0.));
#7197=DIRECTION('',(0.,-1.,0.));
#7198=DIRECTION('',(0.,0.,-1.));
#7199=DIRECTION('',(-1.,0.,0.));
#7200=DIRECTION('',(0.,-1.,0.));
#7201=DIRECTION('',(1.,0.,0.));
#7202=DIRECTION('',(0.,1.,0.));
#7203=DIRECTION('',(0.,0.,1.));
#7204=DIRECTION('',(0.,0.,1.));
#7205=DIRECTION('',(1.,0.,0.));
#7206=DIRECTION('',(0.,0.,-1.));
#7207=DIRECTION('',(0.,1.,0.));
#7208=DIRECTION('',(0.,0.,1.));
#7209=DIRECTION('',(-1.,0.,0.));
#7210=DIRECTION('',(0.,0.,-1.));
#7211=DIRECTION('',(1.,0.,0.));
#7212=DIRECTION('',(0.,0.,-1.));
#7213=DIRECTION('',(-1.,0.,0.));
#7214=DIRECTION('',(0.,-1.,0.));
#7215=DIRECTION('',(0.,0.,1.));
#7216=DIRECTION('',(1.,0.,0.));
#7217=DIRECTION('',(0.,-1.,0.));
#7218=DIRECTION('',(-1.,0.,0.));
#7219=DIRECTION('',(0.,0.,1.));
#7220=DIRECTION('',(0.,0.,1.));
#7221=DIRECTION('',(1.,0.,0.));
#7222=DIRECTION('',(-1.,0.,0.));
#7223=DIRECTION('',(0.,-1.,0.));
#7224=DIRECTION('',(0.,0.,-1.));
#7225=DIRECTION('',(-1.,0.,0.));
#7226=DIRECTION('',(0.,-1.,0.));
#7227=DIRECTION('',(1.,0.,0.));
#7228=DIRECTION('',(0.,1.,0.));
#7229=DIRECTION('',(0.,0.,1.));
#7230=DIRECTION('',(0.,0.,1.));
#7231=DIRECTION('',(1.,0.,0.));
#7232=DIRECTION('',(0.,0.,-1.));
#7233=DIRECTION('',(0.,0.,1.));
#7234=DIRECTION('',(1.,0.,0.));
#7235=DIRECTION('',(0.,-1.,0.));
#7236=DIRECTION('',(0.,0.,-1.));
#7237=DIRECTION('',(0.,0.,1.));
#7238=DIRECTION('',(-1.,0.,0.));
#7239=DIRECTION('',(0.,0.,1.));
#7240=DIRECTION('',(-1.,0.,0.));
#7241=DIRECTION('',(0.,-1.,0.));
#7242=DIRECTION('',(0.,0.,-1.));
#7243=DIRECTION('',(0.,0.,-1.));
#7244=DIRECTION('',(-1.,0.,0.));
#7245=DIRECTION('',(0.,0.,1.));
#7246=DIRECTION('',(-1.,0.,0.));
#7247=DIRECTION('',(0.,-1.,0.));
#7248=DIRECTION('',(0.,0.,-1.));
#7249=DIRECTION('',(0.,0.,1.));
#7250=DIRECTION('',(-1.,0.,0.));
#7251=DIRECTION('',(0.,0.,-1.));
#7252=DIRECTION('',(-1.,0.,0.));
#7253=DIRECTION('',(0.,-1.,0.));
#7254=DIRECTION('',(0.,0.,-1.));
#7255=DIRECTION('',(0.,0.,1.));
#7256=DIRECTION('',(-1.,0.,0.));
#7257=DIRECTION('',(0.,0.,-1.));
#7258=DIRECTION('',(-1.,0.,0.));
#7259=DIRECTION('',(0.,-1.,0.));
#7260=DIRECTION('',(0.,0.,-1.));
#7261=DIRECTION('',(0.,0.,1.));
#7262=DIRECTION('',(-1.,0.,0.));
#7263=DIRECTION('',(0.,0.,-1.));
#7264=DIRECTION('',(-1.,0.,0.));
#7265=DIRECTION('',(0.,0.,-1.));
#7266=DIRECTION('',(-1.,0.,0.));
#7267=DIRECTION('',(0.,-1.,0.));
#7268=DIRECTION('',(0.,-1.,0.));
#7269=DIRECTION('',(-1.,0.,0.));
#7270=DIRECTION('',(0.,0.,-1.));
#7271=DIRECTION('',(-1.,0.,0.));
#7272=DIRECTION('',(0.,1.,0.));
#7273=DIRECTION('',(-1.,0.,0.));
#7274=DIRECTION('',(0.,-1.,0.));
#7275=DIRECTION('',(0.,0.,-1.));
#7276=DIRECTION('',(-1.,0.,0.));
#7277=DIRECTION('',(0.,-1.,0.));
#7278=DIRECTION('',(0.,1.,0.));
#7279=DIRECTION('',(-1.,0.,0.));
#7280=DIRECTION('',(0.,0.,-1.));
#7281=DIRECTION('',(-1.,0.,0.));
#7282=DIRECTION('',(0.,-1.,0.));
#7283=DIRECTION('',(-2.43914999434309E-17,1.,0.));
#7284=DIRECTION('',(-1.,0.,0.));
#7285=DIRECTION('',(0.,0.,-1.));
#7286=DIRECTION('',(-1.,0.,0.));
#7287=DIRECTION('',(0.,-1.,0.));
#7288=DIRECTION('',(0.,1.,0.));
#7289=DIRECTION('',(-1.,0.,0.));
#7290=DIRECTION('',(0.,1.,0.));
#7291=DIRECTION('',(0.,0.,1.));
#7292=DIRECTION('',(0.,0.,-1.));
#7293=DIRECTION('',(0.,0.,-1.));
#7294=DIRECTION('',(-1.,0.,0.));
#7295=DIRECTION('',(0.,1.,0.));
#7296=DIRECTION('',(0.,0.,1.));
#7297=DIRECTION('',(0.,0.,1.));
#7298=DIRECTION('',(-1.,0.,0.));
#7299=DIRECTION('',(0.,0.,-1.));
#7300=DIRECTION('',(0.,1.,0.));
#7301=DIRECTION('',(0.,0.,1.));
#7302=DIRECTION('',(0.,0.,-1.));
#7303=DIRECTION('',(0.,0.,1.));
#7304=DIRECTION('',(-1.,0.,0.));
#7305=DIRECTION('',(0.,1.,0.));
#7306=DIRECTION('',(0.,0.,1.));
#7307=DIRECTION('',(0.,0.,-1.));
#7308=DIRECTION('',(0.,0.,1.));
#7309=DIRECTION('',(-1.,0.,0.));
#7310=DIRECTION('',(0.,1.,0.));
#7311=DIRECTION('',(0.,0.,1.));
#7312=DIRECTION('',(0.,0.,-1.));
#7313=DIRECTION('',(0.,0.,1.));
#7314=DIRECTION('',(-1.,0.,0.));
#7315=DIRECTION('',(-1.,0.,0.));
#7316=DIRECTION('',(0.,0.,1.));
#7317=DIRECTION('',(1.,0.,0.));
#7318=DIRECTION('',(0.,0.,-1.));
#7319=DIRECTION('',(1.,0.,0.));
#7320=DIRECTION('',(0.,0.,-1.));
#7321=DIRECTION('',(-1.,0.,0.));
#7322=DIRECTION('',(-1.,0.,0.));
#7323=DIRECTION('',(0.,0.,1.));
#7324=DIRECTION('',(-1.,0.,0.));
#7325=DIRECTION('',(0.,0.,1.));
#7326=DIRECTION('',(-1.,0.,0.));
#7327=DIRECTION('',(1.,0.,0.));
#7328=DIRECTION('',(0.,0.,-1.));
#7329=DIRECTION('',(-1.,0.,0.));
#7330=DIRECTION('',(0.,0.,1.));
#7331=DIRECTION('',(1.,0.,0.));
#7332=DIRECTION('',(0.,0.,-1.));
#7333=DIRECTION('',(-1.,0.,0.));
#7334=DIRECTION('',(0.,0.,1.));
#7335=DIRECTION('',(-1.,0.,0.));
#7336=DIRECTION('',(-1.,0.,0.));
#7337=DIRECTION('',(0.,0.,1.));
#7338=DIRECTION('',(1.,0.,0.));
#7339=DIRECTION('',(0.,0.,-1.));
#7340=DIRECTION('',(-1.,-2.43914999434309E-17,0.));
#7341=DIRECTION('',(2.43914999434309E-17,-1.,0.));
#7342=DIRECTION('',(-1.,0.,0.));
#7343=DIRECTION('',(-1.,0.,0.));
#7344=DIRECTION('',(0.,0.,1.));
#7345=DIRECTION('',(1.,0.,0.));
#7346=DIRECTION('',(0.,0.,-1.));
#7347=DIRECTION('',(-1.,0.,0.));
#7348=DIRECTION('',(0.,0.,1.));
#7349=DIRECTION('',(-1.,0.,0.));
#7350=DIRECTION('',(0.,0.,1.));
#7351=DIRECTION('',(1.,0.,0.));
#7352=DIRECTION('',(0.,1.,0.));
#7353=DIRECTION('',(0.,1.,0.));
#7354=DIRECTION('',(-1.,0.,0.));
#7355=DIRECTION('',(0.,0.,1.));
#7356=DIRECTION('',(1.,0.,0.));
#7357=DIRECTION('',(0.,-1.,0.));
#7358=DIRECTION('',(-1.,0.,0.));
#7359=DIRECTION('',(0.,1.,0.));
#7360=DIRECTION('',(0.,0.,1.));
#7361=DIRECTION('',(1.,0.,0.));
#7362=DIRECTION('',(0.,1.,0.));
#7363=DIRECTION('',(0.,-1.,0.));
#7364=DIRECTION('',(-1.,0.,0.));
#7365=DIRECTION('',(0.,0.,1.));
#7366=DIRECTION('',(1.,0.,0.));
#7367=DIRECTION('',(0.,1.,0.));
#7368=DIRECTION('',(2.43914999434309E-17,-1.,0.));
#7369=DIRECTION('',(-1.,0.,0.));
#7370=DIRECTION('',(0.,0.,1.));
#7371=DIRECTION('',(1.,0.,0.));
#7372=DIRECTION('',(0.,1.,0.));
#7373=DIRECTION('',(0.,-1.,0.));
#7374=DIRECTION('',(-1.,0.,0.));
#7375=DIRECTION('',(0.,0.,-1.));
#7376=DIRECTION('',(-1.,0.,0.));
#7377=DIRECTION('',(0.,-1.,0.));
#7378=DIRECTION('',(-1.,0.,0.));
#7379=DIRECTION('',(0.,-1.,0.));
#7380=DIRECTION('',(-1.,0.,0.));
#7381=DIRECTION('',(0.,0.,-1.));
#7382=DIRECTION('',(-1.,0.,0.));
#7383=DIRECTION('',(0.,1.,0.));
#7384=DIRECTION('',(-1.,0.,0.));
#7385=DIRECTION('',(0.,-1.,0.));
#7386=DIRECTION('',(-1.,0.,0.));
#7387=DIRECTION('',(0.,0.,-1.));
#7388=DIRECTION('',(-1.,0.,0.));
#7389=DIRECTION('',(0.,-1.,0.));
#7390=DIRECTION('',(-1.,0.,0.));
#7391=DIRECTION('',(0.,1.,0.));
#7392=DIRECTION('',(-1.,0.,0.));
#7393=DIRECTION('',(0.,0.,-1.));
#7394=DIRECTION('',(-1.,0.,0.));
#7395=DIRECTION('',(0.,-1.,0.));
#7396=DIRECTION('',(-1.,0.,0.));
#7397=DIRECTION('',(-2.43914999434309E-17,1.,0.));
#7398=DIRECTION('',(-1.,0.,0.));
#7399=DIRECTION('',(0.,0.,-1.));
#7400=DIRECTION('',(-1.,0.,0.));
#7401=DIRECTION('',(0.,-1.,0.));
#7402=DIRECTION('',(-1.,0.,0.));
#7403=DIRECTION('',(0.,1.,0.));
#7404=DIRECTION('',(-1.,0.,0.));
#7405=DIRECTION('',(-1.,0.,0.));
#7406=DIRECTION('',(0.,0.,1.));
#7407=DIRECTION('',(1.,0.,0.));
#7408=DIRECTION('',(0.,0.,-1.));
#7409=DIRECTION('',(1.,0.,0.));
#7410=DIRECTION('',(0.,0.,-1.));
#7411=DIRECTION('',(-1.,0.,0.));
#7412=DIRECTION('',(-1.,0.,0.));
#7413=DIRECTION('',(0.,0.,1.));
#7414=DIRECTION('',(-1.,0.,0.));
#7415=DIRECTION('',(0.,0.,1.));
#7416=DIRECTION('',(-1.,0.,0.));
#7417=DIRECTION('',(1.,0.,0.));
#7418=DIRECTION('',(0.,0.,-1.));
#7419=DIRECTION('',(-1.,0.,0.));
#7420=DIRECTION('',(0.,0.,1.));
#7421=DIRECTION('',(1.,0.,0.));
#7422=DIRECTION('',(0.,0.,-1.));
#7423=DIRECTION('',(-1.,0.,0.));
#7424=DIRECTION('',(0.,0.,1.));
#7425=DIRECTION('',(-1.,0.,0.));
#7426=DIRECTION('',(-1.,0.,0.));
#7427=DIRECTION('',(0.,0.,1.));
#7428=DIRECTION('',(1.,0.,0.));
#7429=DIRECTION('',(0.,0.,-1.));
#7430=DIRECTION('',(-1.,-2.43914999434309E-17,0.));
#7431=DIRECTION('',(2.43914999434309E-17,-1.,0.));
#7432=DIRECTION('',(-1.,0.,0.));
#7433=DIRECTION('',(-1.,0.,0.));
#7434=DIRECTION('',(0.,0.,1.));
#7435=DIRECTION('',(1.,0.,0.));
#7436=DIRECTION('',(0.,0.,-1.));
#7437=DIRECTION('',(-1.,0.,0.));
#7438=DIRECTION('',(0.,0.,1.));
#7439=DIRECTION('',(-1.,0.,0.));
#7440=DIRECTION('',(0.,1.,0.));
#7441=DIRECTION('',(0.,0.,1.));
#7442=DIRECTION('',(0.,0.,-1.));
#7443=DIRECTION('',(0.,0.,-1.));
#7444=DIRECTION('',(-1.,0.,0.));
#7445=DIRECTION('',(0.,1.,0.));
#7446=DIRECTION('',(0.,0.,1.));
#7447=DIRECTION('',(0.,0.,1.));
#7448=DIRECTION('',(-1.,0.,0.));
#7449=DIRECTION('',(0.,0.,-1.));
#7450=DIRECTION('',(0.,1.,0.));
#7451=DIRECTION('',(0.,0.,1.));
#7452=DIRECTION('',(0.,0.,-1.));
#7453=DIRECTION('',(0.,0.,1.));
#7454=DIRECTION('',(-1.,0.,0.));
#7455=DIRECTION('',(0.,1.,0.));
#7456=DIRECTION('',(0.,0.,1.));
#7457=DIRECTION('',(0.,0.,-1.));
#7458=DIRECTION('',(0.,0.,1.));
#7459=DIRECTION('',(-1.,0.,0.));
#7460=DIRECTION('',(0.,1.,0.));
#7461=DIRECTION('',(0.,0.,1.));
#7462=DIRECTION('',(0.,0.,-1.));
#7463=DIRECTION('',(0.,0.,1.));
#7464=DIRECTION('',(-1.,0.,0.));
#7465=DIRECTION('',(0.,0.,1.));
#7466=DIRECTION('',(1.,0.,0.));
#7467=DIRECTION('',(0.,1.,0.));
#7468=DIRECTION('',(0.,1.,0.));
#7469=DIRECTION('',(-1.,0.,0.));
#7470=DIRECTION('',(0.,0.,1.));
#7471=DIRECTION('',(1.,0.,0.));
#7472=DIRECTION('',(0.,-1.,0.));
#7473=DIRECTION('',(-1.,0.,0.));
#7474=DIRECTION('',(0.,1.,0.));
#7475=DIRECTION('',(0.,0.,1.));
#7476=DIRECTION('',(1.,0.,0.));
#7477=DIRECTION('',(0.,1.,0.));
#7478=DIRECTION('',(0.,-1.,0.));
#7479=DIRECTION('',(-1.,0.,0.));
#7480=DIRECTION('',(0.,0.,1.));
#7481=DIRECTION('',(1.,0.,0.));
#7482=DIRECTION('',(0.,1.,0.));
#7483=DIRECTION('',(2.43914999434309E-17,-1.,0.));
#7484=DIRECTION('',(-1.,0.,0.));
#7485=DIRECTION('',(0.,0.,1.));
#7486=DIRECTION('',(1.,0.,0.));
#7487=DIRECTION('',(0.,1.,0.));
#7488=DIRECTION('',(0.,-1.,0.));
#7489=DIRECTION('',(-1.,0.,0.));
#7490=DIRECTION('',(0.,-1.,0.));
#7491=DIRECTION('',(0.,0.,-1.));
#7492=DIRECTION('',(0.,0.,1.));
#7493=DIRECTION('',(0.,0.,1.));
#7494=DIRECTION('',(-1.,0.,0.));
#7495=DIRECTION('',(0.,-1.,0.));
#7496=DIRECTION('',(0.,0.,-1.));
#7497=DIRECTION('',(0.,0.,-1.));
#7498=DIRECTION('',(-1.,0.,0.));
#7499=DIRECTION('',(0.,0.,1.));
#7500=DIRECTION('',(0.,-1.,0.));
#7501=DIRECTION('',(0.,0.,-1.));
#7502=DIRECTION('',(0.,0.,1.));
#7503=DIRECTION('',(0.,0.,-1.));
#7504=DIRECTION('',(-1.,0.,0.));
#7505=DIRECTION('',(0.,-1.,0.));
#7506=DIRECTION('',(0.,0.,-1.));
#7507=DIRECTION('',(0.,0.,1.));
#7508=DIRECTION('',(0.,0.,-1.));
#7509=DIRECTION('',(-1.,0.,0.));
#7510=DIRECTION('',(0.,-1.,0.));
#7511=DIRECTION('',(0.,0.,-1.));
#7512=DIRECTION('',(0.,0.,1.));
#7513=DIRECTION('',(0.,0.,-1.));
#7514=DIRECTION('',(-1.,0.,0.));
#7515=DIRECTION('',(-1.,0.,0.));
#7516=DIRECTION('',(0.,0.,1.));
#7517=DIRECTION('',(-1.,0.,0.));
#7518=DIRECTION('',(1.,0.,0.));
#7519=DIRECTION('',(0.,0.,-1.));
#7520=DIRECTION('',(1.,0.,0.));
#7521=DIRECTION('',(0.,0.,-1.));
#7522=DIRECTION('',(-1.,0.,0.));
#7523=DIRECTION('',(0.,0.,1.));
#7524=DIRECTION('',(-1.,0.,0.));
#7525=DIRECTION('',(0.,0.,1.));
#7526=DIRECTION('',(-1.,0.,0.));
#7527=DIRECTION('',(1.,0.,0.));
#7528=DIRECTION('',(0.,0.,-1.));
#7529=DIRECTION('',(-1.,0.,0.));
#7530=DIRECTION('',(0.,0.,1.));
#7531=DIRECTION('',(-1.,0.,0.));
#7532=DIRECTION('',(1.,0.,0.));
#7533=DIRECTION('',(0.,0.,-1.));
#7534=DIRECTION('',(-1.,0.,0.));
#7535=DIRECTION('',(0.,0.,1.));
#7536=DIRECTION('',(-1.,0.,0.));
#7537=DIRECTION('',(0.,0.,1.));
#7538=DIRECTION('',(-1.,0.,0.));
#7539=DIRECTION('',(1.,0.,0.));
#7540=DIRECTION('',(0.,0.,-1.));
#7541=DIRECTION('',(-1.,-2.43914999434309E-17,0.));
#7542=DIRECTION('',(2.43914999434309E-17,-1.,0.));
#7543=DIRECTION('',(-1.,0.,0.));
#7544=DIRECTION('',(0.,0.,1.));
#7545=DIRECTION('',(-1.,0.,0.));
#7546=DIRECTION('',(1.,0.,0.));
#7547=DIRECTION('',(0.,0.,-1.));
#7548=DIRECTION('',(-1.,0.,0.));
#7549=DIRECTION('',(0.,0.,1.));
#7550=DIRECTION('',(0.,-1.94023295004564E-16,1.));
#7551=DIRECTION('',(0.,-1.,-1.94023295004564E-16));
#7552=DIRECTION('',(0.,-1.,-1.94023295004564E-16));
#7553=DIRECTION('',(1.,-1.23724999713055E-16,-2.40055321187658E-32));
#7554=DIRECTION('',(0.,1.,1.94023295004564E-16));
#7555=DIRECTION('',(0.,-1.,-1.94023295004564E-16));
#7556=DIRECTION('',(1.,-1.23724999713055E-16,-2.40055321187658E-32));
#7557=DIRECTION('',(0.,1.,1.94023295004564E-16));
#7558=DIRECTION('',(2.43914999434309E-17,-1.,-1.94023295004564E-16));
#7559=DIRECTION('',(1.,-1.23724999713055E-16,-2.40055321187658E-32));
#7560=DIRECTION('',(0.,1.,1.94023295004564E-16));
#7561=DIRECTION('',(0.,-1.,-1.94023295004564E-16));
#7562=DIRECTION('',(1.,-1.23724999713055E-16,-2.40055321187658E-32));
#7563=DIRECTION('',(0.,1.,1.94023295004564E-16));
#7564=DIRECTION('',(0.,1.,1.94023295004564E-16));
#7565=DIRECTION('',(-1.,0.,0.));
#7566=DIRECTION('',(0.,1.,1.94023295004564E-16));
#7567=DIRECTION('',(0.,0.,-1.));
#7568=DIRECTION('',(-1.,0.,0.));
#7569=DIRECTION('',(0.,1.,0.));
#7570=DIRECTION('',(-1.,0.,0.));
#7571=DIRECTION('',(0.,-1.,0.));
#7572=DIRECTION('',(-1.,0.,0.));
#7573=DIRECTION('',(0.,-1.,0.));
#7574=DIRECTION('',(-1.,0.,0.));
#7575=DIRECTION('',(0.,-1.,0.));
#7576=DIRECTION('',(-1.,1.23724999713055E-16,0.));
#7577=DIRECTION('',(0.,1.,0.));
#7578=DIRECTION('',(-1.,0.,0.));
#7579=DIRECTION('',(0.,-1.,0.));
#7580=DIRECTION('',(-1.,1.23724999713055E-16,0.));
#7581=DIRECTION('',(-2.43914999434309E-17,1.,0.));
#7582=DIRECTION('',(-1.,0.,0.));
#7583=DIRECTION('',(0.,-1.,0.));
#7584=DIRECTION('',(-1.,1.23724999713055E-16,0.));
#7585=DIRECTION('',(0.,1.,0.));
#7586=DIRECTION('',(-1.,0.,0.));
#7587=DIRECTION('',(0.,-1.,0.));
#7588=DIRECTION('',(-1.,1.23724999713055E-16,0.));
#7589=DIRECTION('',(-1.,0.,0.));
#7590=DIRECTION('',(0.,0.,1.));
#7591=DIRECTION('',(1.,0.,0.));
#7592=DIRECTION('',(0.,0.,-1.));
#7593=DIRECTION('',(1.,0.,0.));
#7594=DIRECTION('',(0.,0.,-1.));
#7595=DIRECTION('',(-1.,0.,0.));
#7596=DIRECTION('',(0.,0.,1.));
#7597=DIRECTION('',(-1.,0.,0.));
#7598=DIRECTION('',(0.,0.,1.));
#7599=DIRECTION('',(1.,0.,0.));
#7600=DIRECTION('',(0.,0.,-1.));
#7601=DIRECTION('',(-1.,0.,0.));
#7602=DIRECTION('',(0.,0.,1.));
#7603=DIRECTION('',(1.,0.,0.));
#7604=DIRECTION('',(0.,0.,-1.));
#7605=DIRECTION('',(-1.,0.,0.));
#7606=DIRECTION('',(0.,0.,1.));
#7607=DIRECTION('',(-1.,0.,0.));
#7608=DIRECTION('',(0.,0.,1.));
#7609=DIRECTION('',(1.,0.,0.));
#7610=DIRECTION('',(0.,0.,-1.));
#7611=DIRECTION('',(-1.,-2.43914999434309E-17,0.));
#7612=DIRECTION('',(2.43914999434309E-17,-1.,0.));
#7613=DIRECTION('',(-1.,0.,0.));
#7614=DIRECTION('',(0.,0.,1.));
#7615=DIRECTION('',(1.,0.,0.));
#7616=DIRECTION('',(0.,0.,-1.));
#7617=DIRECTION('',(-1.,0.,0.));
#7618=DIRECTION('',(0.,0.,1.));
#7619=DIRECTION('',(0.,1.,0.));
#7620=DIRECTION('',(0.,0.,1.));
#7621=DIRECTION('',(0.,0.,-1.));
#7622=DIRECTION('',(0.,0.,-1.));
#7623=DIRECTION('',(0.,0.,-1.));
#7624=DIRECTION('',(0.,0.,-1.));
#7625=DIRECTION('',(0.,0.,-1.));
#7626=DIRECTION('',(0.,0.,-1.));
#7627=DIRECTION('',(0.,0.,-1.));
#7628=DIRECTION('',(0.,0.,-1.));
#7629=DIRECTION('',(0.,0.,-1.));
#7630=DIRECTION('',(0.,0.,-1.));
#7631=DIRECTION('',(0.,0.,-1.));
#7632=DIRECTION('',(0.,0.,-1.));
#7633=DIRECTION('',(0.,0.,-1.));
#7634=DIRECTION('',(0.,0.,-1.));
#7635=DIRECTION('',(0.,0.,-1.));
#7636=DIRECTION('',(0.,0.,-1.));
#7637=DIRECTION('',(0.,0.,-1.));
#7638=DIRECTION('',(0.,0.,-1.));
#7639=DIRECTION('',(0.,-1.,0.));
#7640=DIRECTION('',(0.,0.,-1.));
#7641=DIRECTION('',(0.,0.,1.));
#7642=DIRECTION('',(0.,0.,1.));
#7643=DIRECTION('',(1.,0.,0.));
#7644=DIRECTION('',(0.,0.,-1.));
#7645=DIRECTION('',(1.,0.,0.));
#7646=DIRECTION('',(0.,0.,-1.));
#7647=DIRECTION('',(-1.,0.,0.));
#7648=DIRECTION('',(0.,0.,1.));
#7649=DIRECTION('',(1.,0.,0.));
#7650=DIRECTION('',(0.,0.,-1.));
#7651=DIRECTION('',(-1.,-2.43914999434309E-17,0.));
#7652=DIRECTION('',(2.43914999434309E-17,-1.,0.));
#7653=DIRECTION('',(1.,0.,0.));
#7654=DIRECTION('',(0.,0.,-1.));
#7655=DIRECTION('',(-1.,0.,0.));
#7656=DIRECTION('',(0.,0.,1.));
#7657=DIRECTION('',(1.,0.,0.));
#7658=DIRECTION('',(0.,0.,-1.));
#7659=DIRECTION('',(-1.,0.,0.));
#7660=DIRECTION('',(0.,0.,1.));
#7661=DIRECTION('',(1.,0.,0.));
#7662=DIRECTION('',(0.,0.,-1.));
#7663=DIRECTION('',(-1.,0.,0.));
#7664=DIRECTION('',(0.,0.,1.));
#7665=DIRECTION('',(1.,0.,0.));
#7666=DIRECTION('',(0.,0.,-1.));
#7667=DIRECTION('',(1.,0.,0.));
#7668=DIRECTION('',(0.,0.,-1.));
#7669=DIRECTION('',(-1.,-2.43914999434309E-17,0.));
#7670=DIRECTION('',(2.43914999434309E-17,-1.,0.));
#7671=DIRECTION('',(1.,0.,0.));
#7672=DIRECTION('',(0.,0.,-1.));
#7673=DIRECTION('',(-1.,0.,0.));
#7674=DIRECTION('',(0.,0.,1.));
#7675=DIRECTION('',(-1.,0.,0.));
#7676=DIRECTION('',(0.,0.,1.));
#7677=DIRECTION('',(1.,0.,0.));
#7678=DIRECTION('',(0.,0.,-1.));
#7679=DIRECTION('',(0.,0.,1.));
#7680=DIRECTION('',(1.,0.,0.));
#7681=CARTESIAN_POINT('',(0.,0.,0.));
#7682=CARTESIAN_POINT('',(-0.16,0.02,0.25));
#7683=CARTESIAN_POINT('',(0.2575,0.02,-0.0975));
#7684=CARTESIAN_POINT('',(-0.24,0.02,-0.0975));
#7685=CARTESIAN_POINT('',(-0.16,0.02,-0.0975));
#7686=CARTESIAN_POINT('',(-0.16,0.02,0.25));
#7687=CARTESIAN_POINT('',(-0.16,0.02,0.0975));
#7688=CARTESIAN_POINT('',(-0.2575,0.02,0.0975));
#7689=CARTESIAN_POINT('',(-0.24,0.02,0.0975));
#7690=CARTESIAN_POINT('',(-0.24,0.02,0.25));
#7691=CARTESIAN_POINT('',(-0.2155,0.02,0.25));
#7692=CARTESIAN_POINT('',(-0.2155,0.02,0.0345));
#7693=CARTESIAN_POINT('',(-0.2155,0.02,0.0395));
#7694=CARTESIAN_POINT('',(-0.16,0.02,0.0395));
#7695=CARTESIAN_POINT('',(-0.233,0.0200000000000001,0.0395));
#7696=CARTESIAN_POINT('',(-0.233,0.02,0.25));
#7697=CARTESIAN_POINT('',(-0.233,0.0200000000000001,0.0605));
#7698=CARTESIAN_POINT('',(-0.16,0.02,0.0605));
#7699=CARTESIAN_POINT('',(-0.2155,0.02,0.0605));
#7700=CARTESIAN_POINT('',(-0.2155,0.02,0.25));
#7701=CARTESIAN_POINT('',(-0.2155,0.02,0.0655));
#7702=CARTESIAN_POINT('',(-0.16,0.02,0.0655));
#7703=CARTESIAN_POINT('',(-0.1845,0.02,0.0655));
#7704=CARTESIAN_POINT('',(-0.1845,0.02,0.25));
#7705=CARTESIAN_POINT('',(-0.1845,0.02,0.0605));
#7706=CARTESIAN_POINT('',(-0.16,0.02,0.0605));
#7707=CARTESIAN_POINT('',(-0.167,0.0200000000000001,0.0605));
#7708=CARTESIAN_POINT('',(-0.167,0.02,0.25));
#7709=CARTESIAN_POINT('',(-0.167,0.0200000000000001,0.0395));
#7710=CARTESIAN_POINT('',(-0.16,0.02,0.0395));
#7711=CARTESIAN_POINT('',(-0.1845,0.02,0.0395));
#7712=CARTESIAN_POINT('',(-0.1845,0.02,0.25));
#7713=CARTESIAN_POINT('',(-0.1845,0.02,0.0345));
#7714=CARTESIAN_POINT('',(-0.16,0.02,0.0345));
#7715=CARTESIAN_POINT('',(-0.2155,0.02,0.25));
#7716=CARTESIAN_POINT('',(-0.2155,0.02,-0.0655));
#7717=CARTESIAN_POINT('',(-0.2155,0.02,-0.0605));
#7718=CARTESIAN_POINT('',(-0.16,0.02,-0.0605));
#7719=CARTESIAN_POINT('',(-0.233,0.0200000000000001,-0.0605));
#7720=CARTESIAN_POINT('',(-0.233,0.02,0.25));
#7721=CARTESIAN_POINT('',(-0.233,0.0200000000000001,-0.0395));
#7722=CARTESIAN_POINT('',(-0.16,0.02,-0.0395));
#7723=CARTESIAN_POINT('',(-0.2155,0.02,-0.0395));
#7724=CARTESIAN_POINT('',(-0.2155,0.02,0.25));
#7725=CARTESIAN_POINT('',(-0.2155,0.02,-0.0345));
#7726=CARTESIAN_POINT('',(-0.16,0.02,-0.0345));
#7727=CARTESIAN_POINT('',(-0.1845,0.02,-0.0345));
#7728=CARTESIAN_POINT('',(-0.1845,0.02,0.25));
#7729=CARTESIAN_POINT('',(-0.1845,0.02,-0.0395));
#7730=CARTESIAN_POINT('',(-0.16,0.02,-0.0395));
#7731=CARTESIAN_POINT('',(-0.167,0.0200000000000001,-0.0395));
#7732=CARTESIAN_POINT('',(-0.167,0.02,0.25));
#7733=CARTESIAN_POINT('',(-0.167,0.0200000000000001,-0.0605));
#7734=CARTESIAN_POINT('',(-0.16,0.02,-0.0605));
#7735=CARTESIAN_POINT('',(-0.1845,0.02,-0.0605));
#7736=CARTESIAN_POINT('',(-0.1845,0.02,0.25));
#7737=CARTESIAN_POINT('',(-0.1845,0.02,-0.0655));
#7738=CARTESIAN_POINT('',(-0.16,0.02,-0.0655));
#7739=CARTESIAN_POINT('',(-0.06,0.02,0.25));
#7740=CARTESIAN_POINT('',(0.2575,0.02,-0.0975));
#7741=CARTESIAN_POINT('',(-0.14,0.02,-0.0975));
#7742=CARTESIAN_POINT('',(-0.06,0.02,-0.0975));
#7743=CARTESIAN_POINT('',(-0.06,0.02,0.25));
#7744=CARTESIAN_POINT('',(-0.06,0.02,0.0975));
#7745=CARTESIAN_POINT('',(-0.2575,0.02,0.0975));
#7746=CARTESIAN_POINT('',(-0.14,0.02,0.0975));
#7747=CARTESIAN_POINT('',(-0.14,0.02,0.25));
#7748=CARTESIAN_POINT('',(-0.1155,0.02,0.25));
#7749=CARTESIAN_POINT('',(-0.1155,0.02,-0.0655));
#7750=CARTESIAN_POINT('',(-0.1155,0.02,-0.0605));
#7751=CARTESIAN_POINT('',(-0.06,0.02,-0.0605));
#7752=CARTESIAN_POINT('',(-0.133,0.0200000000000001,-0.0605));
#7753=CARTESIAN_POINT('',(-0.133,0.02,0.25));
#7754=CARTESIAN_POINT('',(-0.133,0.0200000000000001,-0.0395));
#7755=CARTESIAN_POINT('',(-0.06,0.02,-0.0395));
#7756=CARTESIAN_POINT('',(-0.1155,0.02,-0.0395));
#7757=CARTESIAN_POINT('',(-0.1155,0.02,0.25));
#7758=CARTESIAN_POINT('',(-0.1155,0.02,-0.0345));
#7759=CARTESIAN_POINT('',(-0.06,0.02,-0.0345));
#7760=CARTESIAN_POINT('',(-0.0845,0.02,-0.0345));
#7761=CARTESIAN_POINT('',(-0.0845,0.02,0.25));
#7762=CARTESIAN_POINT('',(-0.0845,0.02,-0.0395));
#7763=CARTESIAN_POINT('',(-0.06,0.02,-0.0395));
#7764=CARTESIAN_POINT('',(-0.067,0.0200000000000001,-0.0395));
#7765=CARTESIAN_POINT('',(-0.067,0.02,0.25));
#7766=CARTESIAN_POINT('',(-0.067,0.0200000000000001,-0.0605));
#7767=CARTESIAN_POINT('',(-0.06,0.02,-0.0605));
#7768=CARTESIAN_POINT('',(-0.0845,0.02,-0.0605));
#7769=CARTESIAN_POINT('',(-0.0845,0.02,0.25));
#7770=CARTESIAN_POINT('',(-0.0845,0.02,-0.0655));
#7771=CARTESIAN_POINT('',(-0.06,0.02,-0.0655));
#7772=CARTESIAN_POINT('',(-0.1155,0.02,0.25));
#7773=CARTESIAN_POINT('',(-0.1155,0.02,0.0345));
#7774=CARTESIAN_POINT('',(-0.1155,0.02,0.0395));
#7775=CARTESIAN_POINT('',(-0.06,0.02,0.0395));
#7776=CARTESIAN_POINT('',(-0.133,0.0200000000000001,0.0395));
#7777=CARTESIAN_POINT('',(-0.133,0.02,0.25));
#7778=CARTESIAN_POINT('',(-0.133,0.0200000000000001,0.0605));
#7779=CARTESIAN_POINT('',(-0.06,0.02,0.0605));
#7780=CARTESIAN_POINT('',(-0.1155,0.02,0.0605));
#7781=CARTESIAN_POINT('',(-0.1155,0.02,0.25));
#7782=CARTESIAN_POINT('',(-0.1155,0.02,0.0655));
#7783=CARTESIAN_POINT('',(-0.06,0.02,0.0655));
#7784=CARTESIAN_POINT('',(-0.0845,0.02,0.0655));
#7785=CARTESIAN_POINT('',(-0.0845,0.02,0.25));
#7786=CARTESIAN_POINT('',(-0.0845,0.02,0.0605));
#7787=CARTESIAN_POINT('',(-0.06,0.02,0.0605));
#7788=CARTESIAN_POINT('',(-0.067,0.0200000000000001,0.0605));
#7789=CARTESIAN_POINT('',(-0.067,0.02,0.25));
#7790=CARTESIAN_POINT('',(-0.067,0.0200000000000001,0.0395));
#7791=CARTESIAN_POINT('',(-0.06,0.02,0.0395));
#7792=CARTESIAN_POINT('',(-0.0845,0.02,0.0395));
#7793=CARTESIAN_POINT('',(-0.0845,0.02,0.25));
#7794=CARTESIAN_POINT('',(-0.0845,0.02,0.0345));
#7795=CARTESIAN_POINT('',(-0.06,0.02,0.0345));
#7796=CARTESIAN_POINT('',(0.04,0.02,0.25));
#7797=CARTESIAN_POINT('',(0.2575,0.02,-0.0975));
#7798=CARTESIAN_POINT('',(-0.04,0.02,-0.0975));
#7799=CARTESIAN_POINT('',(0.04,0.02,-0.0975));
#7800=CARTESIAN_POINT('',(0.04,0.02,0.25));
#7801=CARTESIAN_POINT('',(0.04,0.02,0.0975));
#7802=CARTESIAN_POINT('',(-0.2575,0.02,0.0975));
#7803=CARTESIAN_POINT('',(-0.04,0.02,0.0975));
#7804=CARTESIAN_POINT('',(-0.04,0.02,0.25));
#7805=CARTESIAN_POINT('',(-0.0155,0.02,0.25));
#7806=CARTESIAN_POINT('',(-0.0155,0.02,-0.0655));
#7807=CARTESIAN_POINT('',(-0.0155,0.02,-0.0605));
#7808=CARTESIAN_POINT('',(0.04,0.02,-0.0605));
#7809=CARTESIAN_POINT('',(-0.033,0.0200000000000001,-0.0605));
#7810=CARTESIAN_POINT('',(-0.033,0.02,0.25));
#7811=CARTESIAN_POINT('',(-0.033,0.0200000000000001,-0.0395));
#7812=CARTESIAN_POINT('',(0.04,0.02,-0.0395));
#7813=CARTESIAN_POINT('',(-0.0155,0.02,-0.0395));
#7814=CARTESIAN_POINT('',(-0.0155,0.02,0.25));
#7815=CARTESIAN_POINT('',(-0.0155,0.02,-0.0345));
#7816=CARTESIAN_POINT('',(0.04,0.02,-0.0345));
#7817=CARTESIAN_POINT('',(0.0155,0.02,-0.0345));
#7818=CARTESIAN_POINT('',(0.0155,0.02,0.25));
#7819=CARTESIAN_POINT('',(0.0155,0.02,-0.0395));
#7820=CARTESIAN_POINT('',(0.04,0.02,-0.0395));
#7821=CARTESIAN_POINT('',(0.033,0.0200000000000001,-0.0395));
#7822=CARTESIAN_POINT('',(0.033,0.02,0.25));
#7823=CARTESIAN_POINT('',(0.033,0.0200000000000001,-0.0605));
#7824=CARTESIAN_POINT('',(0.04,0.02,-0.0605));
#7825=CARTESIAN_POINT('',(0.0155,0.02,-0.0605));
#7826=CARTESIAN_POINT('',(0.0155,0.02,0.25));
#7827=CARTESIAN_POINT('',(0.0155,0.02,-0.0655));
#7828=CARTESIAN_POINT('',(0.04,0.02,-0.0655));
#7829=CARTESIAN_POINT('',(-0.0155,0.02,0.25));
#7830=CARTESIAN_POINT('',(-0.0155,0.02,0.0345));
#7831=CARTESIAN_POINT('',(-0.0155,0.02,0.0395));
#7832=CARTESIAN_POINT('',(0.04,0.02,0.0395));
#7833=CARTESIAN_POINT('',(-0.033,0.0200000000000001,0.0395));
#7834=CARTESIAN_POINT('',(-0.033,0.02,0.25));
#7835=CARTESIAN_POINT('',(-0.033,0.0200000000000001,0.0605));
#7836=CARTESIAN_POINT('',(0.04,0.02,0.0605));
#7837=CARTESIAN_POINT('',(-0.0155,0.02,0.0605));
#7838=CARTESIAN_POINT('',(-0.0155,0.02,0.25));
#7839=CARTESIAN_POINT('',(-0.0155,0.02,0.0655));
#7840=CARTESIAN_POINT('',(0.04,0.02,0.0655));
#7841=CARTESIAN_POINT('',(0.0155,0.02,0.0655));
#7842=CARTESIAN_POINT('',(0.0155,0.02,0.25));
#7843=CARTESIAN_POINT('',(0.0155,0.02,0.0605));
#7844=CARTESIAN_POINT('',(0.04,0.02,0.0605));
#7845=CARTESIAN_POINT('',(0.033,0.0200000000000001,0.0605));
#7846=CARTESIAN_POINT('',(0.033,0.02,0.25));
#7847=CARTESIAN_POINT('',(0.033,0.0200000000000001,0.0395));
#7848=CARTESIAN_POINT('',(0.04,0.02,0.0395));
#7849=CARTESIAN_POINT('',(0.0155,0.02,0.0395));
#7850=CARTESIAN_POINT('',(0.0155,0.02,0.25));
#7851=CARTESIAN_POINT('',(0.0155,0.02,0.0345));
#7852=CARTESIAN_POINT('',(0.04,0.02,0.0345));
#7853=CARTESIAN_POINT('',(0.14,0.02,0.25));
#7854=CARTESIAN_POINT('',(0.2575,0.02,-0.0975));
#7855=CARTESIAN_POINT('',(0.06,0.02,-0.0975));
#7856=CARTESIAN_POINT('',(0.14,0.02,-0.0975));
#7857=CARTESIAN_POINT('',(0.14,0.02,0.25));
#7858=CARTESIAN_POINT('',(0.14,0.02,0.0975));
#7859=CARTESIAN_POINT('',(-0.2575,0.02,0.0975));
#7860=CARTESIAN_POINT('',(0.06,0.02,0.0975));
#7861=CARTESIAN_POINT('',(0.06,0.02,0.25));
#7862=CARTESIAN_POINT('',(0.0845,0.02,0.25));
#7863=CARTESIAN_POINT('',(0.0845,0.02,-0.0655));
#7864=CARTESIAN_POINT('',(0.0845,0.02,-0.0605));
#7865=CARTESIAN_POINT('',(0.14,0.02,-0.0605));
#7866=CARTESIAN_POINT('',(0.067,0.0200000000000001,-0.0605));
#7867=CARTESIAN_POINT('',(0.067,0.02,0.25));
#7868=CARTESIAN_POINT('',(0.067,0.0200000000000001,-0.0395));
#7869=CARTESIAN_POINT('',(0.14,0.02,-0.0395));
#7870=CARTESIAN_POINT('',(0.0845,0.02,-0.0395));
#7871=CARTESIAN_POINT('',(0.0845,0.02,0.25));
#7872=CARTESIAN_POINT('',(0.0845,0.02,-0.0345));
#7873=CARTESIAN_POINT('',(0.14,0.02,-0.0345));
#7874=CARTESIAN_POINT('',(0.1155,0.02,-0.0345));
#7875=CARTESIAN_POINT('',(0.1155,0.02,0.25));
#7876=CARTESIAN_POINT('',(0.1155,0.02,-0.0395));
#7877=CARTESIAN_POINT('',(0.14,0.02,-0.0395));
#7878=CARTESIAN_POINT('',(0.133,0.0200000000000001,-0.0395));
#7879=CARTESIAN_POINT('',(0.133,0.02,0.25));
#7880=CARTESIAN_POINT('',(0.133,0.0200000000000001,-0.0605));
#7881=CARTESIAN_POINT('',(0.14,0.02,-0.0605));
#7882=CARTESIAN_POINT('',(0.1155,0.02,-0.0605));
#7883=CARTESIAN_POINT('',(0.1155,0.02,0.25));
#7884=CARTESIAN_POINT('',(0.1155,0.02,-0.0655));
#7885=CARTESIAN_POINT('',(0.14,0.02,-0.0655));
#7886=CARTESIAN_POINT('',(0.0845,0.02,0.25));
#7887=CARTESIAN_POINT('',(0.0845,0.02,0.0345));
#7888=CARTESIAN_POINT('',(0.0845,0.02,0.0395));
#7889=CARTESIAN_POINT('',(0.14,0.02,0.0395));
#7890=CARTESIAN_POINT('',(0.067,0.0200000000000001,0.0395));
#7891=CARTESIAN_POINT('',(0.067,0.02,0.25));
#7892=CARTESIAN_POINT('',(0.067,0.0200000000000001,0.0605));
#7893=CARTESIAN_POINT('',(0.14,0.02,0.0605));
#7894=CARTESIAN_POINT('',(0.0845,0.02,0.0605));
#7895=CARTESIAN_POINT('',(0.0845,0.02,0.25));
#7896=CARTESIAN_POINT('',(0.0845,0.02,0.0655));
#7897=CARTESIAN_POINT('',(0.14,0.02,0.0655));
#7898=CARTESIAN_POINT('',(0.1155,0.02,0.0655));
#7899=CARTESIAN_POINT('',(0.1155,0.02,0.25));
#7900=CARTESIAN_POINT('',(0.1155,0.02,0.0605));
#7901=CARTESIAN_POINT('',(0.14,0.02,0.0605));
#7902=CARTESIAN_POINT('',(0.133,0.0200000000000001,0.0605));
#7903=CARTESIAN_POINT('',(0.133,0.02,0.25));
#7904=CARTESIAN_POINT('',(0.133,0.0200000000000001,0.0395));
#7905=CARTESIAN_POINT('',(0.14,0.02,0.0395));
#7906=CARTESIAN_POINT('',(0.1155,0.02,0.0395));
#7907=CARTESIAN_POINT('',(0.1155,0.02,0.25));
#7908=CARTESIAN_POINT('',(0.1155,0.02,0.0345));
#7909=CARTESIAN_POINT('',(0.14,0.02,0.0345));
#7910=CARTESIAN_POINT('',(0.24,0.02,0.25));
#7911=CARTESIAN_POINT('',(0.2575,0.02,-0.0975));
#7912=CARTESIAN_POINT('',(0.16,0.02,-0.0975));
#7913=CARTESIAN_POINT('',(0.24,0.02,-0.0975));
#7914=CARTESIAN_POINT('',(0.24,0.02,0.25));
#7915=CARTESIAN_POINT('',(0.24,0.02,0.0975));
#7916=CARTESIAN_POINT('',(-0.2575,0.02,0.0975));
#7917=CARTESIAN_POINT('',(0.16,0.02,0.0975));
#7918=CARTESIAN_POINT('',(0.16,0.02,0.25));
#7919=CARTESIAN_POINT('',(0.1845,0.02,0.25));
#7920=CARTESIAN_POINT('',(0.1845,0.02,-0.0655));
#7921=CARTESIAN_POINT('',(0.1845,0.02,-0.0605));
#7922=CARTESIAN_POINT('',(0.24,0.02,-0.0605));
#7923=CARTESIAN_POINT('',(0.167,0.0200000000000001,-0.0605));
#7924=CARTESIAN_POINT('',(0.167,0.02,0.25));
#7925=CARTESIAN_POINT('',(0.167,0.0200000000000001,-0.0395));
#7926=CARTESIAN_POINT('',(0.24,0.02,-0.0395));
#7927=CARTESIAN_POINT('',(0.1845,0.02,-0.0395));
#7928=CARTESIAN_POINT('',(0.1845,0.02,0.25));
#7929=CARTESIAN_POINT('',(0.1845,0.02,-0.0345));
#7930=CARTESIAN_POINT('',(0.24,0.02,-0.0345));
#7931=CARTESIAN_POINT('',(0.2155,0.02,-0.0345));
#7932=CARTESIAN_POINT('',(0.2155,0.02,0.25));
#7933=CARTESIAN_POINT('',(0.2155,0.02,-0.0395));
#7934=CARTESIAN_POINT('',(0.24,0.02,-0.0395));
#7935=CARTESIAN_POINT('',(0.233,0.0200000000000001,-0.0395));
#7936=CARTESIAN_POINT('',(0.233,0.02,0.25));
#7937=CARTESIAN_POINT('',(0.233,0.0200000000000001,-0.0605));
#7938=CARTESIAN_POINT('',(0.24,0.02,-0.0605));
#7939=CARTESIAN_POINT('',(0.2155,0.02,-0.0605));
#7940=CARTESIAN_POINT('',(0.2155,0.02,0.25));
#7941=CARTESIAN_POINT('',(0.2155,0.02,-0.0655));
#7942=CARTESIAN_POINT('',(0.24,0.02,-0.0655));
#7943=CARTESIAN_POINT('',(0.1845,0.02,0.25));
#7944=CARTESIAN_POINT('',(0.1845,0.02,0.0345));
#7945=CARTESIAN_POINT('',(0.1845,0.02,0.0395));
#7946=CARTESIAN_POINT('',(0.24,0.02,0.0395));
#7947=CARTESIAN_POINT('',(0.167,0.0200000000000001,0.0395));
#7948=CARTESIAN_POINT('',(0.167,0.02,0.25));
#7949=CARTESIAN_POINT('',(0.167,0.0200000000000001,0.0605));
#7950=CARTESIAN_POINT('',(0.24,0.02,0.0605));
#7951=CARTESIAN_POINT('',(0.1845,0.02,0.0605));
#7952=CARTESIAN_POINT('',(0.1845,0.02,0.25));
#7953=CARTESIAN_POINT('',(0.1845,0.02,0.0655));
#7954=CARTESIAN_POINT('',(0.24,0.02,0.0655));
#7955=CARTESIAN_POINT('',(0.2155,0.02,0.0655));
#7956=CARTESIAN_POINT('',(0.2155,0.02,0.25));
#7957=CARTESIAN_POINT('',(0.2155,0.02,0.0605));
#7958=CARTESIAN_POINT('',(0.24,0.02,0.0605));
#7959=CARTESIAN_POINT('',(0.233,0.0200000000000001,0.0605));
#7960=CARTESIAN_POINT('',(0.233,0.02,0.25));
#7961=CARTESIAN_POINT('',(0.233,0.0200000000000001,0.0395));
#7962=CARTESIAN_POINT('',(0.24,0.02,0.0395));
#7963=CARTESIAN_POINT('',(0.2155,0.02,0.0395));
#7964=CARTESIAN_POINT('',(0.2155,0.02,0.25));
#7965=CARTESIAN_POINT('',(0.2155,0.02,0.0345));
#7966=CARTESIAN_POINT('',(0.24,0.02,0.0345));
#7967=CARTESIAN_POINT('',(-0.1155,0.335,-0.0655));
#7968=CARTESIAN_POINT('',(-0.1155,0.3,-0.0655));
#7969=CARTESIAN_POINT('',(-0.1155,0.3,-0.0605));
#7970=CARTESIAN_POINT('',(-0.1155,0.3,-0.0395));
#7971=CARTESIAN_POINT('',(-0.1155,0.335,-0.0605));
#7972=CARTESIAN_POINT('',(-0.1155,0.335,-0.0655));
#7973=CARTESIAN_POINT('',(-0.1155,0.335,-0.0655));
#7974=CARTESIAN_POINT('',(-0.1155,0.335,-0.0655));
#7975=CARTESIAN_POINT('',(-0.1155,0.335,-0.0345));
#7976=CARTESIAN_POINT('',(-0.1155,0.335,-0.0345));
#7977=CARTESIAN_POINT('',(-0.1155,0.335,-0.0395));
#7978=CARTESIAN_POINT('',(-0.0845,0.335,-0.0345));
#7979=CARTESIAN_POINT('',(-0.0845,0.335,-0.0605));
#7980=CARTESIAN_POINT('',(-0.0845,0.3,-0.0605));
#7981=CARTESIAN_POINT('',(-0.0845,0.3,-0.0345));
#7982=CARTESIAN_POINT('',(-0.0845,0.3,-0.0395));
#7983=CARTESIAN_POINT('',(-0.0845,0.335,-0.0395));
#7984=CARTESIAN_POINT('',(-0.0845,0.335,-0.0345));
#7985=CARTESIAN_POINT('',(-0.0845,0.335,-0.0345));
#7986=CARTESIAN_POINT('',(-0.0845,0.335,-0.0345));
#7987=CARTESIAN_POINT('',(-0.0845,0.335,-0.0655));
#7988=CARTESIAN_POINT('',(-0.0845,0.335,-0.0655));
#7989=CARTESIAN_POINT('',(-0.0155,0.335,-0.0655));
#7990=CARTESIAN_POINT('',(-0.0155,0.3,-0.0655));
#7991=CARTESIAN_POINT('',(-0.0155,0.3,-0.0605));
#7992=CARTESIAN_POINT('',(-0.0155,0.3,-0.0395));
#7993=CARTESIAN_POINT('',(-0.0155,0.335,-0.0605));
#7994=CARTESIAN_POINT('',(-0.0155,0.335,-0.0655));
#7995=CARTESIAN_POINT('',(-0.0155,0.335,-0.0655));
#7996=CARTESIAN_POINT('',(-0.0155,0.335,-0.0655));
#7997=CARTESIAN_POINT('',(-0.0155,0.335,-0.0345));
#7998=CARTESIAN_POINT('',(-0.0155,0.335,-0.0345));
#7999=CARTESIAN_POINT('',(-0.0155,0.335,-0.0395));
#8000=CARTESIAN_POINT('',(0.0155,0.335,-0.0345));
#8001=CARTESIAN_POINT('',(0.0155,0.335,-0.0605));
#8002=CARTESIAN_POINT('',(0.0155,0.3,-0.0605));
#8003=CARTESIAN_POINT('',(0.0155,0.3,-0.0345));
#8004=CARTESIAN_POINT('',(0.0155,0.3,-0.0395));
#8005=CARTESIAN_POINT('',(0.0155,0.335,-0.0395));
#8006=CARTESIAN_POINT('',(0.0155,0.335,-0.0345));
#8007=CARTESIAN_POINT('',(0.0155,0.335,-0.0345));
#8008=CARTESIAN_POINT('',(0.0155,0.335,-0.0345));
#8009=CARTESIAN_POINT('',(0.0155,0.335,-0.0655));
#8010=CARTESIAN_POINT('',(0.0155,0.335,-0.0655));
#8011=CARTESIAN_POINT('',(0.0845,0.335,-0.0655));
#8012=CARTESIAN_POINT('',(0.0845,0.3,-0.0655));
#8013=CARTESIAN_POINT('',(0.0845,0.3,-0.0605));
#8014=CARTESIAN_POINT('',(0.0845,0.3,-0.0395));
#8015=CARTESIAN_POINT('',(0.0845,0.335,-0.0605));
#8016=CARTESIAN_POINT('',(0.0845,0.335,-0.0655));
#8017=CARTESIAN_POINT('',(0.0845,0.335,-0.0655));
#8018=CARTESIAN_POINT('',(0.0845,0.335,-0.0655));
#8019=CARTESIAN_POINT('',(0.0845,0.335,-0.0345));
#8020=CARTESIAN_POINT('',(0.0845,0.335,-0.0345));
#8021=CARTESIAN_POINT('',(0.0845,0.335,-0.0395));
#8022=CARTESIAN_POINT('',(0.1155,0.335,-0.0345));
#8023=CARTESIAN_POINT('',(0.1155,0.335,-0.0605));
#8024=CARTESIAN_POINT('',(0.1155,0.3,-0.0605));
#8025=CARTESIAN_POINT('',(0.1155,0.3,-0.0345));
#8026=CARTESIAN_POINT('',(0.1155,0.3,-0.0395));
#8027=CARTESIAN_POINT('',(0.1155,0.335,-0.0395));
#8028=CARTESIAN_POINT('',(0.1155,0.335,-0.0345));
#8029=CARTESIAN_POINT('',(0.1155,0.335,-0.0345));
#8030=CARTESIAN_POINT('',(0.1155,0.335,-0.0345));
#8031=CARTESIAN_POINT('',(0.1155,0.335,-0.0655));
#8032=CARTESIAN_POINT('',(0.1155,0.335,-0.0655));
#8033=CARTESIAN_POINT('',(0.1845,0.335,-0.0655));
#8034=CARTESIAN_POINT('',(0.1845,0.3,-0.0655));
#8035=CARTESIAN_POINT('',(0.1845,0.3,-0.0605));
#8036=CARTESIAN_POINT('',(0.1845,0.3,-0.0395));
#8037=CARTESIAN_POINT('',(0.1845,0.335,-0.0605));
#8038=CARTESIAN_POINT('',(0.1845,0.335,-0.0655));
#8039=CARTESIAN_POINT('',(0.1845,0.335,-0.0655));
#8040=CARTESIAN_POINT('',(0.1845,0.335,-0.0655));
#8041=CARTESIAN_POINT('',(0.1845,0.335,-0.0345));
#8042=CARTESIAN_POINT('',(0.1845,0.335,-0.0345));
#8043=CARTESIAN_POINT('',(0.1845,0.335,-0.0395));
#8044=CARTESIAN_POINT('',(0.2155,0.335,-0.0345));
#8045=CARTESIAN_POINT('',(0.2155,0.335,-0.0605));
#8046=CARTESIAN_POINT('',(0.2155,0.3,-0.0605));
#8047=CARTESIAN_POINT('',(0.2155,0.3,-0.0345));
#8048=CARTESIAN_POINT('',(0.2155,0.3,-0.0395));
#8049=CARTESIAN_POINT('',(0.2155,0.335,-0.0395));
#8050=CARTESIAN_POINT('',(0.2155,0.335,-0.0345));
#8051=CARTESIAN_POINT('',(0.2155,0.335,-0.0345));
#8052=CARTESIAN_POINT('',(0.2155,0.335,-0.0345));
#8053=CARTESIAN_POINT('',(0.2155,0.335,-0.0655));
#8054=CARTESIAN_POINT('',(0.2155,0.335,-0.0655));
#8055=CARTESIAN_POINT('',(-0.2155,0.335,-0.0655));
#8056=CARTESIAN_POINT('',(-0.2155,0.3,-0.0655));
#8057=CARTESIAN_POINT('',(-0.2155,0.3,-0.0605));
#8058=CARTESIAN_POINT('',(-0.2155,0.3,-0.0395));
#8059=CARTESIAN_POINT('',(-0.2155,0.335,-0.0605));
#8060=CARTESIAN_POINT('',(-0.2155,0.335,-0.0655));
#8061=CARTESIAN_POINT('',(-0.2155,0.335,-0.0655));
#8062=CARTESIAN_POINT('',(-0.2155,0.335,-0.0655));
#8063=CARTESIAN_POINT('',(-0.2155,0.335,-0.0345));
#8064=CARTESIAN_POINT('',(-0.2155,0.335,-0.0345));
#8065=CARTESIAN_POINT('',(-0.2155,0.335,-0.0395));
#8066=CARTESIAN_POINT('',(-0.1845,0.335,-0.0345));
#8067=CARTESIAN_POINT('',(-0.1845,0.335,-0.0605));
#8068=CARTESIAN_POINT('',(-0.1845,0.3,-0.0605));
#8069=CARTESIAN_POINT('',(-0.1845,0.3,-0.0345));
#8070=CARTESIAN_POINT('',(-0.1845,0.3,-0.0395));
#8071=CARTESIAN_POINT('',(-0.1845,0.335,-0.0395));
#8072=CARTESIAN_POINT('',(-0.1845,0.335,-0.0345));
#8073=CARTESIAN_POINT('',(-0.1845,0.335,-0.0345));
#8074=CARTESIAN_POINT('',(-0.1845,0.335,-0.0345));
#8075=CARTESIAN_POINT('',(-0.1845,0.335,-0.0655));
#8076=CARTESIAN_POINT('',(-0.1845,0.335,-0.0655));
#8077=CARTESIAN_POINT('',(-0.1155,0.335,0.0345));
#8078=CARTESIAN_POINT('',(-0.1155,0.3,0.0345));
#8079=CARTESIAN_POINT('',(-0.1155,0.3,0.0395));
#8080=CARTESIAN_POINT('',(-0.1155,0.3,0.0605));
#8081=CARTESIAN_POINT('',(-0.1155,0.335,0.0395));
#8082=CARTESIAN_POINT('',(-0.1155,0.335,0.0345));
#8083=CARTESIAN_POINT('',(-0.1155,0.335,0.0345));
#8084=CARTESIAN_POINT('',(-0.1155,0.335,0.0345));
#8085=CARTESIAN_POINT('',(-0.1155,0.335,0.0655));
#8086=CARTESIAN_POINT('',(-0.1155,0.335,0.0655));
#8087=CARTESIAN_POINT('',(-0.1155,0.335,0.0605));
#8088=CARTESIAN_POINT('',(-0.0845,0.335,0.0655));
#8089=CARTESIAN_POINT('',(-0.0845,0.335,0.0395));
#8090=CARTESIAN_POINT('',(-0.0845,0.3,0.0395));
#8091=CARTESIAN_POINT('',(-0.0845,0.3,0.0655));
#8092=CARTESIAN_POINT('',(-0.0845,0.3,0.0605));
#8093=CARTESIAN_POINT('',(-0.0845,0.335,0.0605));
#8094=CARTESIAN_POINT('',(-0.0845,0.335,0.0655));
#8095=CARTESIAN_POINT('',(-0.0845,0.335,0.0655));
#8096=CARTESIAN_POINT('',(-0.0845,0.335,0.0655));
#8097=CARTESIAN_POINT('',(-0.0845,0.335,0.0345));
#8098=CARTESIAN_POINT('',(-0.0845,0.335,0.0345));
#8099=CARTESIAN_POINT('',(-0.0155,0.335,0.0345));
#8100=CARTESIAN_POINT('',(-0.0155,0.3,0.0345));
#8101=CARTESIAN_POINT('',(-0.0155,0.3,0.0395));
#8102=CARTESIAN_POINT('',(-0.0155,0.3,0.0605));
#8103=CARTESIAN_POINT('',(-0.0155,0.335,0.0395));
#8104=CARTESIAN_POINT('',(-0.0155,0.335,0.0345));
#8105=CARTESIAN_POINT('',(-0.0155,0.335,0.0345));
#8106=CARTESIAN_POINT('',(-0.0155,0.335,0.0345));
#8107=CARTESIAN_POINT('',(-0.0155,0.335,0.0655));
#8108=CARTESIAN_POINT('',(-0.0155,0.335,0.0655));
#8109=CARTESIAN_POINT('',(-0.0155,0.335,0.0605));
#8110=CARTESIAN_POINT('',(0.0155,0.335,0.0655));
#8111=CARTESIAN_POINT('',(0.0155,0.335,0.0395));
#8112=CARTESIAN_POINT('',(0.0155,0.3,0.0395));
#8113=CARTESIAN_POINT('',(0.0155,0.3,0.0655));
#8114=CARTESIAN_POINT('',(0.0155,0.3,0.0605));
#8115=CARTESIAN_POINT('',(0.0155,0.335,0.0605));
#8116=CARTESIAN_POINT('',(0.0155,0.335,0.0655));
#8117=CARTESIAN_POINT('',(0.0155,0.335,0.0655));
#8118=CARTESIAN_POINT('',(0.0155,0.335,0.0655));
#8119=CARTESIAN_POINT('',(0.0155,0.335,0.0345));
#8120=CARTESIAN_POINT('',(0.0155,0.335,0.0345));
#8121=CARTESIAN_POINT('',(0.0845,0.335,0.0345));
#8122=CARTESIAN_POINT('',(0.0845,0.3,0.0345));
#8123=CARTESIAN_POINT('',(0.0845,0.3,0.0395));
#8124=CARTESIAN_POINT('',(0.0845,0.3,0.0605));
#8125=CARTESIAN_POINT('',(0.0845,0.335,0.0395));
#8126=CARTESIAN_POINT('',(0.0845,0.335,0.0345));
#8127=CARTESIAN_POINT('',(0.0845,0.335,0.0345));
#8128=CARTESIAN_POINT('',(0.0845,0.335,0.0345));
#8129=CARTESIAN_POINT('',(0.0845,0.335,0.0655));
#8130=CARTESIAN_POINT('',(0.0845,0.335,0.0655));
#8131=CARTESIAN_POINT('',(0.0845,0.335,0.0605));
#8132=CARTESIAN_POINT('',(0.1155,0.335,0.0655));
#8133=CARTESIAN_POINT('',(0.1155,0.335,0.0395));
#8134=CARTESIAN_POINT('',(0.1155,0.3,0.0395));
#8135=CARTESIAN_POINT('',(0.1155,0.3,0.0655));
#8136=CARTESIAN_POINT('',(0.1155,0.3,0.0605));
#8137=CARTESIAN_POINT('',(0.1155,0.335,0.0605));
#8138=CARTESIAN_POINT('',(0.1155,0.335,0.0655));
#8139=CARTESIAN_POINT('',(0.1155,0.335,0.0655));
#8140=CARTESIAN_POINT('',(0.1155,0.335,0.0655));
#8141=CARTESIAN_POINT('',(0.1155,0.335,0.0345));
#8142=CARTESIAN_POINT('',(0.1155,0.335,0.0345));
#8143=CARTESIAN_POINT('',(0.1845,0.335,0.0345));
#8144=CARTESIAN_POINT('',(0.1845,0.3,0.0345));
#8145=CARTESIAN_POINT('',(0.1845,0.3,0.0395));
#8146=CARTESIAN_POINT('',(0.1845,0.3,0.0605));
#8147=CARTESIAN_POINT('',(0.1845,0.335,0.0395));
#8148=CARTESIAN_POINT('',(0.1845,0.335,0.0345));
#8149=CARTESIAN_POINT('',(0.1845,0.335,0.0345));
#8150=CARTESIAN_POINT('',(0.1845,0.335,0.0345));
#8151=CARTESIAN_POINT('',(0.1845,0.335,0.0655));
#8152=CARTESIAN_POINT('',(0.1845,0.335,0.0655));
#8153=CARTESIAN_POINT('',(0.1845,0.335,0.0605));
#8154=CARTESIAN_POINT('',(0.2155,0.335,0.0655));
#8155=CARTESIAN_POINT('',(0.2155,0.335,0.0395));
#8156=CARTESIAN_POINT('',(0.2155,0.3,0.0395));
#8157=CARTESIAN_POINT('',(0.2155,0.3,0.0655));
#8158=CARTESIAN_POINT('',(0.2155,0.3,0.0605));
#8159=CARTESIAN_POINT('',(0.2155,0.335,0.0605));
#8160=CARTESIAN_POINT('',(0.2155,0.335,0.0655));
#8161=CARTESIAN_POINT('',(0.2155,0.335,0.0655));
#8162=CARTESIAN_POINT('',(0.2155,0.335,0.0655));
#8163=CARTESIAN_POINT('',(0.2155,0.335,0.0345));
#8164=CARTESIAN_POINT('',(0.2155,0.335,0.0345));
#8165=CARTESIAN_POINT('',(-0.2155,0.335,0.0345));
#8166=CARTESIAN_POINT('',(-0.2155,0.3,0.0345));
#8167=CARTESIAN_POINT('',(-0.2155,0.3,0.0395));
#8168=CARTESIAN_POINT('',(-0.2155,0.3,0.0605));
#8169=CARTESIAN_POINT('',(-0.2155,0.335,0.0395));
#8170=CARTESIAN_POINT('',(-0.2155,0.335,0.0345));
#8171=CARTESIAN_POINT('',(-0.2155,0.335,0.0345));
#8172=CARTESIAN_POINT('',(-0.2155,0.335,0.0345));
#8173=CARTESIAN_POINT('',(-0.2155,0.335,0.0655));
#8174=CARTESIAN_POINT('',(-0.2155,0.335,0.0655));
#8175=CARTESIAN_POINT('',(-0.2155,0.335,0.0605));
#8176=CARTESIAN_POINT('',(-0.1845,0.335,0.0655));
#8177=CARTESIAN_POINT('',(-0.1845,0.335,0.0395));
#8178=CARTESIAN_POINT('',(-0.1845,0.3,0.0395));
#8179=CARTESIAN_POINT('',(-0.1845,0.3,0.0655));
#8180=CARTESIAN_POINT('',(-0.1845,0.3,0.0605));
#8181=CARTESIAN_POINT('',(-0.1845,0.335,0.0605));
#8182=CARTESIAN_POINT('',(-0.1845,0.335,0.0655));
#8183=CARTESIAN_POINT('',(-0.1845,0.335,0.0655));
#8184=CARTESIAN_POINT('',(-0.1845,0.335,0.0655));
#8185=CARTESIAN_POINT('',(-0.1845,0.335,0.0345));
#8186=CARTESIAN_POINT('',(-0.1845,0.335,0.0345));
#8187=CARTESIAN_POINT('',(0.175,0.335,0.06751826));
#8188=CARTESIAN_POINT('',(0.16235638829855,0.335,0.01748174));
#8189=CARTESIAN_POINT('',(0.16235638829855,0.335,0.0198381282985497));
#8190=CARTESIAN_POINT('',(0.16235638829855,0.335,0.06751826));
#8191=CARTESIAN_POINT('',(0.175,0.335,0.06751826));
#8192=CARTESIAN_POINT('',(0.175,0.335,0.0801618717014503));
#8193=CARTESIAN_POINT('',(0.175,0.335,0.0801618717014503));
#8194=CARTESIAN_POINT('',(0.225,0.335,0.0801618717014503));
#8195=CARTESIAN_POINT('',(0.225,0.335,0.06751826));
#8196=CARTESIAN_POINT('',(0.23764361170145,0.335,0.06751826));
#8197=CARTESIAN_POINT('',(0.23764361170145,0.335,0.06751826));
#8198=CARTESIAN_POINT('',(0.23764361170145,0.335,0.0198381282985497));
#8199=CARTESIAN_POINT('',(0.24,0.335,0.0198381282985497));
#8200=CARTESIAN_POINT('',(0.2155,0.335,0.0345));
#8201=CARTESIAN_POINT('',(0.1845,0.335,0.0655));
#8202=CARTESIAN_POINT('',(0.0750000000000001,0.335,0.06751826));
#8203=CARTESIAN_POINT('',(0.0623563882985497,0.335,0.01748174));
#8204=CARTESIAN_POINT('',(0.0623563882985497,0.335,0.0198381282985497));
#8205=CARTESIAN_POINT('',(0.0623563882985497,0.335,0.06751826));
#8206=CARTESIAN_POINT('',(0.0750000000000001,0.335,0.06751826));
#8207=CARTESIAN_POINT('',(0.075,0.335,0.0801618717014503));
#8208=CARTESIAN_POINT('',(0.075,0.335,0.0801618717014503));
#8209=CARTESIAN_POINT('',(0.125,0.335,0.0801618717014503));
#8210=CARTESIAN_POINT('',(0.125,0.335,0.06751826));
#8211=CARTESIAN_POINT('',(0.13764361170145,0.335,0.06751826));
#8212=CARTESIAN_POINT('',(0.13764361170145,0.335,0.06751826));
#8213=CARTESIAN_POINT('',(0.13764361170145,0.335,0.0198381282985497));
#8214=CARTESIAN_POINT('',(0.14,0.335,0.0198381282985497));
#8215=CARTESIAN_POINT('',(0.1155,0.335,0.0345));
#8216=CARTESIAN_POINT('',(0.0845,0.335,0.0655));
#8217=CARTESIAN_POINT('',(-0.0249999999999999,0.335,0.06751826));
#8218=CARTESIAN_POINT('',(-0.0376436117014502,0.335,0.01748174));
#8219=CARTESIAN_POINT('',(-0.0376436117014502,0.335,0.0198381282985497));
#8220=CARTESIAN_POINT('',(-0.0376436117014502,0.335,0.06751826));
#8221=CARTESIAN_POINT('',(-0.0249999999999999,0.335,0.06751826));
#8222=CARTESIAN_POINT('',(-0.025,0.335,0.0801618717014503));
#8223=CARTESIAN_POINT('',(-0.025,0.335,0.0801618717014503));
#8224=CARTESIAN_POINT('',(0.025,0.335,0.0801618717014503));
#8225=CARTESIAN_POINT('',(0.025,0.335,0.06751826));
#8226=CARTESIAN_POINT('',(0.0376436117014503,0.335,0.06751826));
#8227=CARTESIAN_POINT('',(0.0376436117014503,0.335,0.06751826));
#8228=CARTESIAN_POINT('',(0.0376436117014503,0.335,0.0198381282985497));
#8229=CARTESIAN_POINT('',(0.04,0.335,0.0198381282985497));
#8230=CARTESIAN_POINT('',(0.0155,0.335,0.0345));
#8231=CARTESIAN_POINT('',(-0.0155,0.335,0.0655));
#8232=CARTESIAN_POINT('',(-0.125,0.335,0.06751826));
#8233=CARTESIAN_POINT('',(-0.13764361170145,0.335,0.01748174));
#8234=CARTESIAN_POINT('',(-0.13764361170145,0.335,0.0198381282985497));
#8235=CARTESIAN_POINT('',(-0.13764361170145,0.335,0.06751826));
#8236=CARTESIAN_POINT('',(-0.125,0.335,0.06751826));
#8237=CARTESIAN_POINT('',(-0.125,0.335,0.0801618717014503));
#8238=CARTESIAN_POINT('',(-0.125,0.335,0.0801618717014503));
#8239=CARTESIAN_POINT('',(-0.075,0.335,0.0801618717014503));
#8240=CARTESIAN_POINT('',(-0.075,0.335,0.06751826));
#8241=CARTESIAN_POINT('',(-0.0623563882985497,0.335,0.06751826));
#8242=CARTESIAN_POINT('',(-0.0623563882985497,0.335,0.06751826));
#8243=CARTESIAN_POINT('',(-0.0623563882985497,0.335,0.0198381282985497));
#8244=CARTESIAN_POINT('',(-0.06,0.335,0.0198381282985497));
#8245=CARTESIAN_POINT('',(-0.0845,0.335,0.0345));
#8246=CARTESIAN_POINT('',(-0.1155,0.335,0.0655));
#8247=CARTESIAN_POINT('',(0.,0.335,0.));
#8248=CARTESIAN_POINT('',(-0.23764361170145,0.335,-0.08251826));
#8249=CARTESIAN_POINT('',(-0.23764361170145,0.335,-0.0801618717014503));
#8250=CARTESIAN_POINT('',(-0.23764361170145,0.335,-0.0198381282985497));
#8251=CARTESIAN_POINT('',(-0.24,0.335,-0.0198381282985497));
#8252=CARTESIAN_POINT('',(-0.16235638829855,0.335,-0.0198381282985497));
#8253=CARTESIAN_POINT('',(-0.16235638829855,0.335,-0.01748174));
#8254=CARTESIAN_POINT('',(-0.16235638829855,0.335,-0.0801618717014503));
#8255=CARTESIAN_POINT('',(-0.16,0.335,-0.0801618717014503));
#8256=CARTESIAN_POINT('',(-0.1845,0.335,-0.0655));
#8257=CARTESIAN_POINT('',(-0.2155,0.335,-0.0345));
#8258=CARTESIAN_POINT('',(0.4,0.335,0.));
#8259=CARTESIAN_POINT('',(0.16235638829855,0.335,-0.08251826));
#8260=CARTESIAN_POINT('',(0.16235638829855,0.335,-0.0801618717014503));
#8261=CARTESIAN_POINT('',(0.16235638829855,0.335,-0.0198381282985497));
#8262=CARTESIAN_POINT('',(0.16,0.335,-0.0198381282985497));
#8263=CARTESIAN_POINT('',(0.23764361170145,0.335,-0.0198381282985497));
#8264=CARTESIAN_POINT('',(0.23764361170145,0.335,-0.01748174));
#8265=CARTESIAN_POINT('',(0.23764361170145,0.335,-0.0801618717014503));
#8266=CARTESIAN_POINT('',(0.24,0.335,-0.0801618717014503));
#8267=CARTESIAN_POINT('',(0.2155,0.335,-0.0655));
#8268=CARTESIAN_POINT('',(0.1845,0.335,-0.0345));
#8269=CARTESIAN_POINT('',(0.3,0.335,0.));
#8270=CARTESIAN_POINT('',(0.0623563882985497,0.335,-0.08251826));
#8271=CARTESIAN_POINT('',(0.0623563882985497,0.335,-0.0801618717014503));
#8272=CARTESIAN_POINT('',(0.0623563882985497,0.335,-0.0198381282985497));
#8273=CARTESIAN_POINT('',(0.06,0.335,-0.0198381282985497));
#8274=CARTESIAN_POINT('',(0.13764361170145,0.335,-0.0198381282985497));
#8275=CARTESIAN_POINT('',(0.13764361170145,0.335,-0.01748174));
#8276=CARTESIAN_POINT('',(0.13764361170145,0.335,-0.0801618717014503));
#8277=CARTESIAN_POINT('',(0.14,0.335,-0.0801618717014503));
#8278=CARTESIAN_POINT('',(0.1155,0.335,-0.0655));
#8279=CARTESIAN_POINT('',(0.0845,0.335,-0.0345));
#8280=CARTESIAN_POINT('',(0.2,0.335,0.));
#8281=CARTESIAN_POINT('',(-0.0376436117014502,0.335,-0.08251826));
#8282=CARTESIAN_POINT('',(-0.0376436117014502,0.335,-0.0801618717014503));
#8283=CARTESIAN_POINT('',(-0.0376436117014502,0.335,-0.0198381282985497));
#8284=CARTESIAN_POINT('',(-0.04,0.335,-0.0198381282985497));
#8285=CARTESIAN_POINT('',(0.0376436117014503,0.335,-0.0198381282985497));
#8286=CARTESIAN_POINT('',(0.0376436117014503,0.335,-0.01748174));
#8287=CARTESIAN_POINT('',(0.0376436117014503,0.335,-0.0801618717014503));
#8288=CARTESIAN_POINT('',(0.04,0.335,-0.0801618717014503));
#8289=CARTESIAN_POINT('',(0.0155,0.335,-0.0655));
#8290=CARTESIAN_POINT('',(-0.0155,0.335,-0.0345));
#8291=CARTESIAN_POINT('',(0.1,0.335,0.));
#8292=CARTESIAN_POINT('',(-0.13764361170145,0.335,-0.08251826));
#8293=CARTESIAN_POINT('',(-0.13764361170145,0.335,-0.0801618717014503));
#8294=CARTESIAN_POINT('',(-0.13764361170145,0.335,-0.0198381282985497));
#8295=CARTESIAN_POINT('',(-0.14,0.335,-0.0198381282985497));
#8296=CARTESIAN_POINT('',(-0.0623563882985497,0.335,-0.0198381282985497));
#8297=CARTESIAN_POINT('',(-0.0623563882985497,0.335,-0.01748174));
#8298=CARTESIAN_POINT('',(-0.0623563882985497,0.335,-0.0801618717014503));
#8299=CARTESIAN_POINT('',(-0.06,0.335,-0.0801618717014503));
#8300=CARTESIAN_POINT('',(-0.0845,0.335,-0.0655));
#8301=CARTESIAN_POINT('',(-0.1155,0.335,-0.0345));
#8302=CARTESIAN_POINT('',(-0.225,0.335,0.06751826));
#8303=CARTESIAN_POINT('',(-0.23764361170145,0.335,0.01748174));
#8304=CARTESIAN_POINT('',(-0.23764361170145,0.335,0.0198381282985497));
#8305=CARTESIAN_POINT('',(-0.23764361170145,0.335,0.06751826));
#8306=CARTESIAN_POINT('',(-0.225,0.335,0.06751826));
#8307=CARTESIAN_POINT('',(-0.225,0.335,0.0801618717014503));
#8308=CARTESIAN_POINT('',(-0.225,0.335,0.0801618717014503));
#8309=CARTESIAN_POINT('',(-0.175,0.335,0.0801618717014503));
#8310=CARTESIAN_POINT('',(-0.175,0.335,0.06751826));
#8311=CARTESIAN_POINT('',(-0.16235638829855,0.335,0.06751826));
#8312=CARTESIAN_POINT('',(-0.16235638829855,0.335,0.06751826));
#8313=CARTESIAN_POINT('',(-0.16235638829855,0.335,0.0198381282985497));
#8314=CARTESIAN_POINT('',(-0.16,0.335,0.0198381282985497));
#8315=CARTESIAN_POINT('',(-0.1845,0.335,0.0345));
#8316=CARTESIAN_POINT('',(-0.2155,0.335,0.0655));
#8317=CARTESIAN_POINT('',(0.,0.185,0.));
#8318=CARTESIAN_POINT('',(0.2575,0.185,-0.0975));
#8319=CARTESIAN_POINT('',(0.2575,0.185,-0.0975));
#8320=CARTESIAN_POINT('',(-0.2575,0.185,-0.0975));
#8321=CARTESIAN_POINT('',(-0.2575,0.185,-0.0975));
#8322=CARTESIAN_POINT('',(-0.2575,0.185,0.0975));
#8323=CARTESIAN_POINT('',(-0.2575,0.185,0.0975));
#8324=CARTESIAN_POINT('',(0.2575,0.185,0.0975));
#8325=CARTESIAN_POINT('',(0.2575,0.185,0.0975));
#8326=CARTESIAN_POINT('',(-0.225,0.185,0.06751826));
#8327=CARTESIAN_POINT('',(-0.24,0.185,0.06751826));
#8328=CARTESIAN_POINT('',(-0.225,0.185,0.08251826));
#8329=CARTESIAN_POINT('',(-0.24,0.185,0.01748174));
#8330=CARTESIAN_POINT('',(-0.24,0.185,0.01748174));
#8331=CARTESIAN_POINT('',(-0.16,0.185,0.01748174));
#8332=CARTESIAN_POINT('',(-0.16,0.185,0.01748174));
#8333=CARTESIAN_POINT('',(-0.16,0.185,0.06751826));
#8334=CARTESIAN_POINT('',(-0.16,0.185,0.06751826));
#8335=CARTESIAN_POINT('',(-0.175,0.185,0.06751826));
#8336=CARTESIAN_POINT('',(-0.175,0.185,0.08251826));
#8337=CARTESIAN_POINT('',(-0.225,0.185,0.08251826));
#8338=CARTESIAN_POINT('',(0.175,0.185,0.06751826));
#8339=CARTESIAN_POINT('',(0.16,0.185,0.06751826));
#8340=CARTESIAN_POINT('',(0.175,0.185,0.08251826));
#8341=CARTESIAN_POINT('',(0.16,0.185,0.01748174));
#8342=CARTESIAN_POINT('',(0.16,0.185,0.01748174));
#8343=CARTESIAN_POINT('',(0.24,0.185,0.01748174));
#8344=CARTESIAN_POINT('',(0.24,0.185,0.01748174));
#8345=CARTESIAN_POINT('',(0.24,0.185,0.06751826));
#8346=CARTESIAN_POINT('',(0.24,0.185,0.06751826));
#8347=CARTESIAN_POINT('',(0.225,0.185,0.06751826));
#8348=CARTESIAN_POINT('',(0.225,0.185,0.08251826));
#8349=CARTESIAN_POINT('',(0.175,0.185,0.08251826));
#8350=CARTESIAN_POINT('',(0.0750000000000001,0.185,0.06751826));
#8351=CARTESIAN_POINT('',(0.06,0.185,0.06751826));
#8352=CARTESIAN_POINT('',(0.075,0.185,0.08251826));
#8353=CARTESIAN_POINT('',(0.06,0.185,0.01748174));
#8354=CARTESIAN_POINT('',(0.06,0.185,0.01748174));
#8355=CARTESIAN_POINT('',(0.14,0.185,0.01748174));
#8356=CARTESIAN_POINT('',(0.14,0.185,0.01748174));
#8357=CARTESIAN_POINT('',(0.14,0.185,0.06751826));
#8358=CARTESIAN_POINT('',(0.14,0.185,0.06751826));
#8359=CARTESIAN_POINT('',(0.125,0.185,0.06751826));
#8360=CARTESIAN_POINT('',(0.125,0.185,0.08251826));
#8361=CARTESIAN_POINT('',(0.075,0.185,0.08251826));
#8362=CARTESIAN_POINT('',(-0.0249999999999999,0.185,0.06751826));
#8363=CARTESIAN_POINT('',(-0.04,0.185,0.06751826));
#8364=CARTESIAN_POINT('',(-0.025,0.185,0.08251826));
#8365=CARTESIAN_POINT('',(-0.04,0.185,0.01748174));
#8366=CARTESIAN_POINT('',(-0.04,0.185,0.01748174));
#8367=CARTESIAN_POINT('',(0.04,0.185,0.01748174));
#8368=CARTESIAN_POINT('',(0.04,0.185,0.01748174));
#8369=CARTESIAN_POINT('',(0.04,0.185,0.06751826));
#8370=CARTESIAN_POINT('',(0.04,0.185,0.06751826));
#8371=CARTESIAN_POINT('',(0.025,0.185,0.06751826));
#8372=CARTESIAN_POINT('',(0.025,0.185,0.08251826));
#8373=CARTESIAN_POINT('',(-0.025,0.185,0.08251826));
#8374=CARTESIAN_POINT('',(-0.125,0.185,0.06751826));
#8375=CARTESIAN_POINT('',(-0.14,0.185,0.06751826));
#8376=CARTESIAN_POINT('',(-0.125,0.185,0.08251826));
#8377=CARTESIAN_POINT('',(-0.14,0.185,0.01748174));
#8378=CARTESIAN_POINT('',(-0.14,0.185,0.01748174));
#8379=CARTESIAN_POINT('',(-0.06,0.185,0.01748174));
#8380=CARTESIAN_POINT('',(-0.06,0.185,0.01748174));
#8381=CARTESIAN_POINT('',(-0.06,0.185,0.06751826));
#8382=CARTESIAN_POINT('',(-0.06,0.185,0.06751826));
#8383=CARTESIAN_POINT('',(-0.075,0.185,0.06751826));
#8384=CARTESIAN_POINT('',(-0.075,0.185,0.08251826));
#8385=CARTESIAN_POINT('',(-0.125,0.185,0.08251826));
#8386=CARTESIAN_POINT('',(-0.24,0.185,-0.01748174));
#8387=CARTESIAN_POINT('',(-0.24,0.185,-0.01748174));
#8388=CARTESIAN_POINT('',(-0.16,0.185,-0.01748174));
#8389=CARTESIAN_POINT('',(-0.24,0.185,-0.08251826));
#8390=CARTESIAN_POINT('',(-0.24,0.185,-0.08251826));
#8391=CARTESIAN_POINT('',(-0.16,0.185,-0.08251826));
#8392=CARTESIAN_POINT('',(-0.16,0.185,-0.08251826));
#8393=CARTESIAN_POINT('',(-0.16,0.185,-0.01748174));
#8394=CARTESIAN_POINT('',(0.16,0.185,-0.01748174));
#8395=CARTESIAN_POINT('',(0.16,0.185,-0.01748174));
#8396=CARTESIAN_POINT('',(0.24,0.185,-0.01748174));
#8397=CARTESIAN_POINT('',(0.16,0.185,-0.08251826));
#8398=CARTESIAN_POINT('',(0.16,0.185,-0.08251826));
#8399=CARTESIAN_POINT('',(0.24,0.185,-0.08251826));
#8400=CARTESIAN_POINT('',(0.24,0.185,-0.08251826));
#8401=CARTESIAN_POINT('',(0.24,0.185,-0.01748174));
#8402=CARTESIAN_POINT('',(0.06,0.185,-0.01748174));
#8403=CARTESIAN_POINT('',(0.06,0.185,-0.01748174));
#8404=CARTESIAN_POINT('',(0.14,0.185,-0.01748174));
#8405=CARTESIAN_POINT('',(0.06,0.185,-0.08251826));
#8406=CARTESIAN_POINT('',(0.06,0.185,-0.08251826));
#8407=CARTESIAN_POINT('',(0.14,0.185,-0.08251826));
#8408=CARTESIAN_POINT('',(0.14,0.185,-0.08251826));
#8409=CARTESIAN_POINT('',(0.14,0.185,-0.01748174));
#8410=CARTESIAN_POINT('',(-0.04,0.185,-0.01748174));
#8411=CARTESIAN_POINT('',(-0.04,0.185,-0.01748174));
#8412=CARTESIAN_POINT('',(0.04,0.185,-0.01748174));
#8413=CARTESIAN_POINT('',(-0.04,0.185,-0.08251826));
#8414=CARTESIAN_POINT('',(-0.04,0.185,-0.08251826));
#8415=CARTESIAN_POINT('',(0.04,0.185,-0.08251826));
#8416=CARTESIAN_POINT('',(0.04,0.185,-0.08251826));
#8417=CARTESIAN_POINT('',(0.04,0.185,-0.01748174));
#8418=CARTESIAN_POINT('',(-0.14,0.185,-0.01748174));
#8419=CARTESIAN_POINT('',(-0.14,0.185,-0.01748174));
#8420=CARTESIAN_POINT('',(-0.06,0.185,-0.01748174));
#8421=CARTESIAN_POINT('',(-0.14,0.185,-0.08251826));
#8422=CARTESIAN_POINT('',(-0.14,0.185,-0.08251826));
#8423=CARTESIAN_POINT('',(-0.06,0.185,-0.08251826));
#8424=CARTESIAN_POINT('',(-0.06,0.185,-0.08251826));
#8425=CARTESIAN_POINT('',(-0.06,0.185,-0.01748174));
#8426=CARTESIAN_POINT('',(0.2575,0.185,-0.0975));
#8427=CARTESIAN_POINT('',(0.24,0.185,-0.0975));
#8428=CARTESIAN_POINT('',(0.24,0.,-0.0975));
#8429=CARTESIAN_POINT('',(0.16,0.185,-0.0975));
#8430=CARTESIAN_POINT('',(0.16,0.,-0.0975));
#8431=CARTESIAN_POINT('',(0.2575,0.,-0.0975));
#8432=CARTESIAN_POINT('',(0.14,0.,-0.0975));
#8433=CARTESIAN_POINT('',(0.14,0.185,-0.0975));
#8434=CARTESIAN_POINT('',(0.06,0.185,-0.0975));
#8435=CARTESIAN_POINT('',(0.06,0.,-0.0975));
#8436=CARTESIAN_POINT('',(0.2575,0.,-0.0975));
#8437=CARTESIAN_POINT('',(0.04,0.,-0.0975));
#8438=CARTESIAN_POINT('',(0.04,0.185,-0.0975));
#8439=CARTESIAN_POINT('',(-0.04,0.185,-0.0975));
#8440=CARTESIAN_POINT('',(-0.04,0.,-0.0975));
#8441=CARTESIAN_POINT('',(0.2575,0.,-0.0975));
#8442=CARTESIAN_POINT('',(-0.06,0.,-0.0975));
#8443=CARTESIAN_POINT('',(-0.0599999999999999,0.185,-0.0975));
#8444=CARTESIAN_POINT('',(-0.14,0.185,-0.0975));
#8445=CARTESIAN_POINT('',(-0.14,0.,-0.0975));
#8446=CARTESIAN_POINT('',(0.2575,0.,-0.0975));
#8447=CARTESIAN_POINT('',(-0.16,0.,-0.0975));
#8448=CARTESIAN_POINT('',(-0.16,0.185,-0.0975));
#8449=CARTESIAN_POINT('',(-0.24,0.185,-0.0975));
#8450=CARTESIAN_POINT('',(-0.24,0.,-0.0975));
#8451=CARTESIAN_POINT('',(0.2575,0.,-0.0975));
#8452=CARTESIAN_POINT('',(-0.2575,0.,-0.0975));
#8453=CARTESIAN_POINT('',(-0.2575,0.185,-0.0975));
#8454=CARTESIAN_POINT('',(0.2575,0.185,-0.0975));
#8455=CARTESIAN_POINT('',(0.2575,0.,-0.0975));
#8456=CARTESIAN_POINT('',(0.2575,0.,-0.0975));
#8457=CARTESIAN_POINT('',(-0.2575,0.185,0.0975));
#8458=CARTESIAN_POINT('',(0.24,0.185,0.0975));
#8459=CARTESIAN_POINT('',(0.24,0.,0.0975));
#8460=CARTESIAN_POINT('',(-0.2575,0.,0.0975));
#8461=CARTESIAN_POINT('',(0.2575,0.,0.0975));
#8462=CARTESIAN_POINT('',(0.2575,0.185,0.0975));
#8463=CARTESIAN_POINT('',(-0.2575,0.185,0.0975));
#8464=CARTESIAN_POINT('',(-0.2575,0.,0.0975));
#8465=CARTESIAN_POINT('',(-0.2575,0.,0.0975));
#8466=CARTESIAN_POINT('',(-0.24,0.,0.0975));
#8467=CARTESIAN_POINT('',(-0.24,0.185,0.0975));
#8468=CARTESIAN_POINT('',(-0.16,0.185,0.0975));
#8469=CARTESIAN_POINT('',(-0.16,0.,0.0975));
#8470=CARTESIAN_POINT('',(-0.2575,0.,0.0975));
#8471=CARTESIAN_POINT('',(-0.14,0.,0.0975));
#8472=CARTESIAN_POINT('',(-0.14,0.185,0.0975));
#8473=CARTESIAN_POINT('',(-0.06,0.185,0.0975));
#8474=CARTESIAN_POINT('',(-0.06,0.,0.0975));
#8475=CARTESIAN_POINT('',(-0.2575,0.,0.0975));
#8476=CARTESIAN_POINT('',(-0.04,0.,0.0975));
#8477=CARTESIAN_POINT('',(-0.04,0.185,0.0975));
#8478=CARTESIAN_POINT('',(0.04,0.185,0.0975));
#8479=CARTESIAN_POINT('',(0.04,0.,0.0975));
#8480=CARTESIAN_POINT('',(-0.2575,0.,0.0975));
#8481=CARTESIAN_POINT('',(0.06,0.,0.0975));
#8482=CARTESIAN_POINT('',(0.06,0.185,0.0975));
#8483=CARTESIAN_POINT('',(0.14,0.185,0.0975));
#8484=CARTESIAN_POINT('',(0.14,0.,0.0975));
#8485=CARTESIAN_POINT('',(-0.2575,0.,0.0975));
#8486=CARTESIAN_POINT('',(0.16,0.,0.0975));
#8487=CARTESIAN_POINT('',(0.16,0.185,0.0975));
#8488=CARTESIAN_POINT('',(0.,0.,0.));
#8489=CARTESIAN_POINT('',(-0.24,0.,0.));
#8490=CARTESIAN_POINT('',(-0.2575,0.,-0.0975));
#8491=CARTESIAN_POINT('',(0.,0.,0.));
#8492=CARTESIAN_POINT('',(0.24,0.,0.));
#8493=CARTESIAN_POINT('',(0.2575,0.,0.0975));
#8494=CARTESIAN_POINT('',(0.,0.,0.));
#8495=CARTESIAN_POINT('',(0.16,0.,0.));
#8496=CARTESIAN_POINT('',(0.14,0.,0.));
#8497=CARTESIAN_POINT('',(0.,0.,0.));
#8498=CARTESIAN_POINT('',(0.06,0.,0.));
#8499=CARTESIAN_POINT('',(0.04,0.,0.));
#8500=CARTESIAN_POINT('',(0.,0.,0.));
#8501=CARTESIAN_POINT('',(-0.04,0.,0.));
#8502=CARTESIAN_POINT('',(-0.06,0.,0.));
#8503=CARTESIAN_POINT('',(0.,0.,0.));
#8504=CARTESIAN_POINT('',(-0.14,0.,0.));
#8505=CARTESIAN_POINT('',(-0.16,0.,0.));
#8506=CARTESIAN_POINT('',(-0.2575,0.185,-0.0975));
#8507=CARTESIAN_POINT('',(0.2575,0.185,0.0975));
#8508=CARTESIAN_POINT('',(-0.16,0.,0.25));
#8509=CARTESIAN_POINT('',(-0.24,0.02,0.25));
#8510=CARTESIAN_POINT('',(-0.06,0.,0.25));
#8511=CARTESIAN_POINT('',(-0.14,0.02,0.25));
#8512=CARTESIAN_POINT('',(0.04,0.,0.25));
#8513=CARTESIAN_POINT('',(-0.04,0.02,0.25));
#8514=CARTESIAN_POINT('',(0.14,0.,0.25));
#8515=CARTESIAN_POINT('',(0.06,0.02,0.25));
#8516=CARTESIAN_POINT('',(0.24,0.,0.25));
#8517=CARTESIAN_POINT('',(0.16,0.02,0.25));
#8518=CARTESIAN_POINT('',(-0.24,0.185,0.01748174));
#8519=CARTESIAN_POINT('',(-0.24,0.185,0.06751826));
#8520=CARTESIAN_POINT('',(-0.24,0.185,0.01748174));
#8521=CARTESIAN_POINT('',(-0.225,0.185,0.06751826));
#8522=CARTESIAN_POINT('',(-0.225,0.185,0.08251826));
#8523=CARTESIAN_POINT('',(-0.225,0.185,0.08251826));
#8524=CARTESIAN_POINT('',(-0.175,0.185,0.08251826));
#8525=CARTESIAN_POINT('',(-0.175,0.185,0.06751826));
#8526=CARTESIAN_POINT('',(-0.16,0.185,0.06751826));
#8527=CARTESIAN_POINT('',(-0.16,0.185,0.06751826));
#8528=CARTESIAN_POINT('',(-0.16,0.185,0.01748174));
#8529=CARTESIAN_POINT('',(-0.16,0.185,0.01748174));
#8530=CARTESIAN_POINT('',(0.16,0.185,0.01748174));
#8531=CARTESIAN_POINT('',(0.16,0.185,0.06751826));
#8532=CARTESIAN_POINT('',(0.16,0.185,0.01748174));
#8533=CARTESIAN_POINT('',(0.175,0.185,0.06751826));
#8534=CARTESIAN_POINT('',(0.175,0.185,0.08251826));
#8535=CARTESIAN_POINT('',(0.175,0.185,0.08251826));
#8536=CARTESIAN_POINT('',(0.225,0.185,0.08251826));
#8537=CARTESIAN_POINT('',(0.225,0.185,0.06751826));
#8538=CARTESIAN_POINT('',(0.24,0.185,0.06751826));
#8539=CARTESIAN_POINT('',(0.24,0.185,0.06751826));
#8540=CARTESIAN_POINT('',(0.24,0.185,0.01748174));
#8541=CARTESIAN_POINT('',(0.24,0.185,0.01748174));
#8542=CARTESIAN_POINT('',(0.06,0.185,0.01748174));
#8543=CARTESIAN_POINT('',(0.06,0.185,0.06751826));
#8544=CARTESIAN_POINT('',(0.06,0.185,0.01748174));
#8545=CARTESIAN_POINT('',(0.0750000000000001,0.185,0.06751826));
#8546=CARTESIAN_POINT('',(0.075,0.185,0.08251826));
#8547=CARTESIAN_POINT('',(0.075,0.185,0.08251826));
#8548=CARTESIAN_POINT('',(0.125,0.185,0.08251826));
#8549=CARTESIAN_POINT('',(0.125,0.185,0.06751826));
#8550=CARTESIAN_POINT('',(0.14,0.185,0.06751826));
#8551=CARTESIAN_POINT('',(0.14,0.185,0.06751826));
#8552=CARTESIAN_POINT('',(0.14,0.185,0.01748174));
#8553=CARTESIAN_POINT('',(0.14,0.185,0.01748174));
#8554=CARTESIAN_POINT('',(-0.04,0.185,0.01748174));
#8555=CARTESIAN_POINT('',(-0.04,0.185,0.06751826));
#8556=CARTESIAN_POINT('',(-0.04,0.185,0.01748174));
#8557=CARTESIAN_POINT('',(-0.0249999999999999,0.185,0.06751826));
#8558=CARTESIAN_POINT('',(-0.025,0.185,0.08251826));
#8559=CARTESIAN_POINT('',(-0.025,0.185,0.08251826));
#8560=CARTESIAN_POINT('',(0.025,0.185,0.08251826));
#8561=CARTESIAN_POINT('',(0.025,0.185,0.06751826));
#8562=CARTESIAN_POINT('',(0.04,0.185,0.06751826));
#8563=CARTESIAN_POINT('',(0.04,0.185,0.06751826));
#8564=CARTESIAN_POINT('',(0.04,0.185,0.01748174));
#8565=CARTESIAN_POINT('',(0.04,0.185,0.01748174));
#8566=CARTESIAN_POINT('',(-0.14,0.185,0.01748174));
#8567=CARTESIAN_POINT('',(-0.14,0.185,0.06751826));
#8568=CARTESIAN_POINT('',(-0.14,0.185,0.01748174));
#8569=CARTESIAN_POINT('',(-0.125,0.185,0.06751826));
#8570=CARTESIAN_POINT('',(-0.125,0.185,0.08251826));
#8571=CARTESIAN_POINT('',(-0.125,0.185,0.08251826));
#8572=CARTESIAN_POINT('',(-0.075,0.185,0.08251826));
#8573=CARTESIAN_POINT('',(-0.075,0.185,0.06751826));
#8574=CARTESIAN_POINT('',(-0.06,0.185,0.06751826));
#8575=CARTESIAN_POINT('',(-0.06,0.185,0.06751826));
#8576=CARTESIAN_POINT('',(-0.06,0.185,0.01748174));
#8577=CARTESIAN_POINT('',(-0.06,0.185,0.01748174));
#8578=CARTESIAN_POINT('',(-0.24,0.185,-0.08251826));
#8579=CARTESIAN_POINT('',(-0.24,0.185,-0.01748174));
#8580=CARTESIAN_POINT('',(-0.24,0.185,-0.08251826));
#8581=CARTESIAN_POINT('',(-0.24,0.185,-0.01748174));
#8582=CARTESIAN_POINT('',(-0.16,0.185,-0.01748174));
#8583=CARTESIAN_POINT('',(-0.16,0.185,-0.01748174));
#8584=CARTESIAN_POINT('',(-0.16,0.185,-0.08251826));
#8585=CARTESIAN_POINT('',(-0.16,0.185,-0.08251826));
#8586=CARTESIAN_POINT('',(0.16,0.185,-0.08251826));
#8587=CARTESIAN_POINT('',(0.16,0.185,-0.01748174));
#8588=CARTESIAN_POINT('',(0.16,0.185,-0.08251826));
#8589=CARTESIAN_POINT('',(0.16,0.185,-0.01748174));
#8590=CARTESIAN_POINT('',(0.24,0.185,-0.01748174));
#8591=CARTESIAN_POINT('',(0.24,0.185,-0.01748174));
#8592=CARTESIAN_POINT('',(0.24,0.185,-0.08251826));
#8593=CARTESIAN_POINT('',(0.24,0.185,-0.08251826));
#8594=CARTESIAN_POINT('',(0.06,0.185,-0.08251826));
#8595=CARTESIAN_POINT('',(0.06,0.185,-0.01748174));
#8596=CARTESIAN_POINT('',(0.06,0.185,-0.08251826));
#8597=CARTESIAN_POINT('',(0.06,0.185,-0.01748174));
#8598=CARTESIAN_POINT('',(0.14,0.185,-0.01748174));
#8599=CARTESIAN_POINT('',(0.14,0.185,-0.01748174));
#8600=CARTESIAN_POINT('',(0.14,0.185,-0.08251826));
#8601=CARTESIAN_POINT('',(0.14,0.185,-0.08251826));
#8602=CARTESIAN_POINT('',(-0.04,0.185,-0.08251826));
#8603=CARTESIAN_POINT('',(-0.04,0.185,-0.01748174));
#8604=CARTESIAN_POINT('',(-0.04,0.185,-0.08251826));
#8605=CARTESIAN_POINT('',(-0.04,0.185,-0.01748174));
#8606=CARTESIAN_POINT('',(0.04,0.185,-0.01748174));
#8607=CARTESIAN_POINT('',(0.04,0.185,-0.01748174));
#8608=CARTESIAN_POINT('',(0.04,0.185,-0.08251826));
#8609=CARTESIAN_POINT('',(0.04,0.185,-0.08251826));
#8610=CARTESIAN_POINT('',(-0.14,0.185,-0.08251826));
#8611=CARTESIAN_POINT('',(-0.14,0.185,-0.01748174));
#8612=CARTESIAN_POINT('',(-0.14,0.185,-0.08251826));
#8613=CARTESIAN_POINT('',(-0.14,0.185,-0.01748174));
#8614=CARTESIAN_POINT('',(-0.06,0.185,-0.01748174));
#8615=CARTESIAN_POINT('',(-0.06,0.185,-0.01748174));
#8616=CARTESIAN_POINT('',(-0.06,0.185,-0.08251826));
#8617=CARTESIAN_POINT('',(-0.06,0.185,-0.08251826));
#8618=CARTESIAN_POINT('',(-0.1845,0.335,0.0345));
#8619=CARTESIAN_POINT('',(-0.2155,0.335,0.0655));
#8620=CARTESIAN_POINT('',(-0.0845,0.335,-0.0655));
#8621=CARTESIAN_POINT('',(-0.1155,0.335,-0.0345));
#8622=CARTESIAN_POINT('',(0.0155,0.335,-0.0655));
#8623=CARTESIAN_POINT('',(-0.0155,0.335,-0.0345));
#8624=CARTESIAN_POINT('',(0.1155,0.335,-0.0655));
#8625=CARTESIAN_POINT('',(0.0845,0.335,-0.0345));
#8626=CARTESIAN_POINT('',(0.2155,0.335,-0.0655));
#8627=CARTESIAN_POINT('',(0.1845,0.335,-0.0345));
#8628=CARTESIAN_POINT('',(-0.1845,0.335,-0.0655));
#8629=CARTESIAN_POINT('',(-0.2155,0.335,-0.0345));
#8630=CARTESIAN_POINT('',(-0.0845,0.335,0.0345));
#8631=CARTESIAN_POINT('',(-0.1155,0.335,0.0655));
#8632=CARTESIAN_POINT('',(0.0155,0.335,0.0345));
#8633=CARTESIAN_POINT('',(-0.0155,0.335,0.0655));
#8634=CARTESIAN_POINT('',(0.1155,0.335,0.0345));
#8635=CARTESIAN_POINT('',(0.0845,0.335,0.0655));
#8636=CARTESIAN_POINT('',(0.2155,0.335,0.0345));
#8637=CARTESIAN_POINT('',(0.1845,0.335,0.0655));
#8638=CARTESIAN_POINT('',(0.,0.3,0.));
#8639=CARTESIAN_POINT('',(-0.167,0.3,0.0395));
#8640=CARTESIAN_POINT('',(-0.167,0.3,0.0395));
#8641=CARTESIAN_POINT('',(-0.167,0.3,0.0605));
#8642=CARTESIAN_POINT('',(-0.167,0.3,0.0605));
#8643=CARTESIAN_POINT('',(-0.233,0.3,0.0605));
#8644=CARTESIAN_POINT('',(-0.233,0.3,0.0605));
#8645=CARTESIAN_POINT('',(-0.167,0.3,0.0605));
#8646=CARTESIAN_POINT('',(-0.167,0.3,0.0395));
#8647=CARTESIAN_POINT('',(-0.167,0.3,0.0395));
#8648=CARTESIAN_POINT('',(-0.167,0.3,0.0605));
#8649=CARTESIAN_POINT('',(-0.167,0.3,0.0395));
#8650=CARTESIAN_POINT('',(-0.167,0.3,0.0395));
#8651=CARTESIAN_POINT('',(-0.233,0.3,0.0395));
#8652=CARTESIAN_POINT('',(-0.233,0.3,0.0395));
#8653=CARTESIAN_POINT('',(-0.233,0.3,0.0605));
#8654=CARTESIAN_POINT('',(-0.233,0.3,0.0605));
#8655=CARTESIAN_POINT('',(-0.233,0.3,0.0605));
#8656=CARTESIAN_POINT('',(-0.233,0.3,0.0605));
#8657=CARTESIAN_POINT('',(0.,0.3,0.));
#8658=CARTESIAN_POINT('',(-0.233,0.3,0.0395));
#8659=CARTESIAN_POINT('',(-0.233,0.3,0.0395));
#8660=CARTESIAN_POINT('',(0.4,0.3,0.));
#8661=CARTESIAN_POINT('',(0.233,0.3,0.0395));
#8662=CARTESIAN_POINT('',(0.233,0.3,0.0395));
#8663=CARTESIAN_POINT('',(0.233,0.3,0.0605));
#8664=CARTESIAN_POINT('',(0.233,0.3,0.0605));
#8665=CARTESIAN_POINT('',(0.167,0.3,0.0605));
#8666=CARTESIAN_POINT('',(0.167,0.3,0.0605));
#8667=CARTESIAN_POINT('',(0.233,0.3,0.0605));
#8668=CARTESIAN_POINT('',(0.233,0.3,0.0395));
#8669=CARTESIAN_POINT('',(0.233,0.3,0.0395));
#8670=CARTESIAN_POINT('',(0.233,0.3,0.0605));
#8671=CARTESIAN_POINT('',(0.233,0.3,0.0395));
#8672=CARTESIAN_POINT('',(0.233,0.3,0.0395));
#8673=CARTESIAN_POINT('',(0.167,0.3,0.0395));
#8674=CARTESIAN_POINT('',(0.167,0.3,0.0395));
#8675=CARTESIAN_POINT('',(0.167,0.3,0.0605));
#8676=CARTESIAN_POINT('',(0.167,0.3,0.0605));
#8677=CARTESIAN_POINT('',(0.167,0.3,0.0605));
#8678=CARTESIAN_POINT('',(0.167,0.3,0.0605));
#8679=CARTESIAN_POINT('',(0.4,0.3,0.));
#8680=CARTESIAN_POINT('',(0.167,0.3,0.0395));
#8681=CARTESIAN_POINT('',(0.167,0.3,0.0395));
#8682=CARTESIAN_POINT('',(0.3,0.3,0.));
#8683=CARTESIAN_POINT('',(0.133,0.3,0.0395));
#8684=CARTESIAN_POINT('',(0.133,0.3,0.0395));
#8685=CARTESIAN_POINT('',(0.133,0.3,0.0605));
#8686=CARTESIAN_POINT('',(0.133,0.3,0.0605));
#8687=CARTESIAN_POINT('',(0.067,0.3,0.0605));
#8688=CARTESIAN_POINT('',(0.067,0.3,0.0605));
#8689=CARTESIAN_POINT('',(0.133,0.3,0.0605));
#8690=CARTESIAN_POINT('',(0.133,0.3,0.0395));
#8691=CARTESIAN_POINT('',(0.133,0.3,0.0395));
#8692=CARTESIAN_POINT('',(0.133,0.3,0.0605));
#8693=CARTESIAN_POINT('',(0.133,0.3,0.0395));
#8694=CARTESIAN_POINT('',(0.133,0.3,0.0395));
#8695=CARTESIAN_POINT('',(0.067,0.3,0.0395));
#8696=CARTESIAN_POINT('',(0.067,0.3,0.0395));
#8697=CARTESIAN_POINT('',(0.067,0.3,0.0605));
#8698=CARTESIAN_POINT('',(0.067,0.3,0.0605));
#8699=CARTESIAN_POINT('',(0.067,0.3,0.0605));
#8700=CARTESIAN_POINT('',(0.067,0.3,0.0605));
#8701=CARTESIAN_POINT('',(0.3,0.3,0.));
#8702=CARTESIAN_POINT('',(0.067,0.3,0.0395));
#8703=CARTESIAN_POINT('',(0.067,0.3,0.0395));
#8704=CARTESIAN_POINT('',(0.2,0.3,0.));
#8705=CARTESIAN_POINT('',(0.033,0.3,0.0395));
#8706=CARTESIAN_POINT('',(0.033,0.3,0.0395));
#8707=CARTESIAN_POINT('',(0.033,0.3,0.0605));
#8708=CARTESIAN_POINT('',(0.033,0.3,0.0605));
#8709=CARTESIAN_POINT('',(-0.033,0.3,0.0605));
#8710=CARTESIAN_POINT('',(-0.033,0.3,0.0605));
#8711=CARTESIAN_POINT('',(0.033,0.3,0.0605));
#8712=CARTESIAN_POINT('',(0.033,0.3,0.0395));
#8713=CARTESIAN_POINT('',(0.033,0.3,0.0395));
#8714=CARTESIAN_POINT('',(0.033,0.3,0.0605));
#8715=CARTESIAN_POINT('',(0.033,0.3,0.0395));
#8716=CARTESIAN_POINT('',(0.033,0.3,0.0395));
#8717=CARTESIAN_POINT('',(-0.033,0.3,0.0395));
#8718=CARTESIAN_POINT('',(-0.033,0.3,0.0395));
#8719=CARTESIAN_POINT('',(-0.033,0.3,0.0605));
#8720=CARTESIAN_POINT('',(-0.033,0.3,0.0605));
#8721=CARTESIAN_POINT('',(-0.033,0.3,0.0605));
#8722=CARTESIAN_POINT('',(-0.033,0.3,0.0605));
#8723=CARTESIAN_POINT('',(0.2,0.3,0.));
#8724=CARTESIAN_POINT('',(-0.033,0.3,0.0395));
#8725=CARTESIAN_POINT('',(-0.033,0.3,0.0395));
#8726=CARTESIAN_POINT('',(0.1,0.3,0.));
#8727=CARTESIAN_POINT('',(-0.067,0.3,0.0395));
#8728=CARTESIAN_POINT('',(-0.067,0.3,0.0395));
#8729=CARTESIAN_POINT('',(-0.067,0.3,0.0605));
#8730=CARTESIAN_POINT('',(-0.067,0.3,0.0605));
#8731=CARTESIAN_POINT('',(-0.133,0.3,0.0605));
#8732=CARTESIAN_POINT('',(-0.133,0.3,0.0605));
#8733=CARTESIAN_POINT('',(-0.067,0.3,0.0605));
#8734=CARTESIAN_POINT('',(-0.067,0.3,0.0395));
#8735=CARTESIAN_POINT('',(-0.067,0.3,0.0395));
#8736=CARTESIAN_POINT('',(-0.067,0.3,0.0605));
#8737=CARTESIAN_POINT('',(-0.067,0.3,0.0395));
#8738=CARTESIAN_POINT('',(-0.067,0.3,0.0395));
#8739=CARTESIAN_POINT('',(-0.133,0.3,0.0395));
#8740=CARTESIAN_POINT('',(-0.133,0.3,0.0395));
#8741=CARTESIAN_POINT('',(-0.133,0.3,0.0605));
#8742=CARTESIAN_POINT('',(-0.133,0.3,0.0605));
#8743=CARTESIAN_POINT('',(-0.133,0.3,0.0605));
#8744=CARTESIAN_POINT('',(-0.133,0.3,0.0605));
#8745=CARTESIAN_POINT('',(0.1,0.3,0.));
#8746=CARTESIAN_POINT('',(-0.133,0.3,0.0395));
#8747=CARTESIAN_POINT('',(-0.133,0.3,0.0395));
#8748=CARTESIAN_POINT('',(0.,0.3,-0.1));
#8749=CARTESIAN_POINT('',(-0.167,0.3,-0.0605));
#8750=CARTESIAN_POINT('',(-0.167,0.3,-0.0605));
#8751=CARTESIAN_POINT('',(-0.167,0.3,-0.0395));
#8752=CARTESIAN_POINT('',(-0.167,0.3,-0.0395));
#8753=CARTESIAN_POINT('',(-0.233,0.3,-0.0395));
#8754=CARTESIAN_POINT('',(-0.233,0.3,-0.0395));
#8755=CARTESIAN_POINT('',(-0.167,0.3,-0.0395));
#8756=CARTESIAN_POINT('',(-0.167,0.3,-0.0605));
#8757=CARTESIAN_POINT('',(-0.167,0.3,-0.0605));
#8758=CARTESIAN_POINT('',(-0.167,0.3,-0.0395));
#8759=CARTESIAN_POINT('',(-0.167,0.3,-0.0605));
#8760=CARTESIAN_POINT('',(-0.167,0.3,-0.0605));
#8761=CARTESIAN_POINT('',(-0.233,0.3,-0.0605));
#8762=CARTESIAN_POINT('',(-0.233,0.3,-0.0605));
#8763=CARTESIAN_POINT('',(-0.233,0.3,-0.0395));
#8764=CARTESIAN_POINT('',(-0.233,0.3,-0.0395));
#8765=CARTESIAN_POINT('',(-0.233,0.3,-0.0395));
#8766=CARTESIAN_POINT('',(-0.233,0.3,-0.0395));
#8767=CARTESIAN_POINT('',(0.,0.3,-0.1));
#8768=CARTESIAN_POINT('',(-0.233,0.3,-0.0605));
#8769=CARTESIAN_POINT('',(-0.233,0.3,-0.0605));
#8770=CARTESIAN_POINT('',(0.4,0.3,-0.1));
#8771=CARTESIAN_POINT('',(0.233,0.3,-0.0605));
#8772=CARTESIAN_POINT('',(0.233,0.3,-0.0605));
#8773=CARTESIAN_POINT('',(0.233,0.3,-0.0395));
#8774=CARTESIAN_POINT('',(0.233,0.3,-0.0395));
#8775=CARTESIAN_POINT('',(0.167,0.3,-0.0395));
#8776=CARTESIAN_POINT('',(0.167,0.3,-0.0395));
#8777=CARTESIAN_POINT('',(0.233,0.3,-0.0395));
#8778=CARTESIAN_POINT('',(0.233,0.3,-0.0605));
#8779=CARTESIAN_POINT('',(0.233,0.3,-0.0605));
#8780=CARTESIAN_POINT('',(0.233,0.3,-0.0395));
#8781=CARTESIAN_POINT('',(0.233,0.3,-0.0605));
#8782=CARTESIAN_POINT('',(0.233,0.3,-0.0605));
#8783=CARTESIAN_POINT('',(0.167,0.3,-0.0605));
#8784=CARTESIAN_POINT('',(0.167,0.3,-0.0605));
#8785=CARTESIAN_POINT('',(0.167,0.3,-0.0395));
#8786=CARTESIAN_POINT('',(0.167,0.3,-0.0395));
#8787=CARTESIAN_POINT('',(0.167,0.3,-0.0395));
#8788=CARTESIAN_POINT('',(0.167,0.3,-0.0395));
#8789=CARTESIAN_POINT('',(0.4,0.3,-0.1));
#8790=CARTESIAN_POINT('',(0.167,0.3,-0.0605));
#8791=CARTESIAN_POINT('',(0.167,0.3,-0.0605));
#8792=CARTESIAN_POINT('',(0.3,0.3,-0.1));
#8793=CARTESIAN_POINT('',(0.133,0.3,-0.0605));
#8794=CARTESIAN_POINT('',(0.133,0.3,-0.0605));
#8795=CARTESIAN_POINT('',(0.133,0.3,-0.0395));
#8796=CARTESIAN_POINT('',(0.133,0.3,-0.0395));
#8797=CARTESIAN_POINT('',(0.067,0.3,-0.0395));
#8798=CARTESIAN_POINT('',(0.067,0.3,-0.0395));
#8799=CARTESIAN_POINT('',(0.133,0.3,-0.0395));
#8800=CARTESIAN_POINT('',(0.133,0.3,-0.0605));
#8801=CARTESIAN_POINT('',(0.133,0.3,-0.0605));
#8802=CARTESIAN_POINT('',(0.133,0.3,-0.0395));
#8803=CARTESIAN_POINT('',(0.133,0.3,-0.0605));
#8804=CARTESIAN_POINT('',(0.133,0.3,-0.0605));
#8805=CARTESIAN_POINT('',(0.067,0.3,-0.0605));
#8806=CARTESIAN_POINT('',(0.067,0.3,-0.0605));
#8807=CARTESIAN_POINT('',(0.067,0.3,-0.0395));
#8808=CARTESIAN_POINT('',(0.067,0.3,-0.0395));
#8809=CARTESIAN_POINT('',(0.067,0.3,-0.0395));
#8810=CARTESIAN_POINT('',(0.067,0.3,-0.0395));
#8811=CARTESIAN_POINT('',(0.3,0.3,-0.1));
#8812=CARTESIAN_POINT('',(0.067,0.3,-0.0605));
#8813=CARTESIAN_POINT('',(0.067,0.3,-0.0605));
#8814=CARTESIAN_POINT('',(0.2,0.3,-0.1));
#8815=CARTESIAN_POINT('',(0.033,0.3,-0.0605));
#8816=CARTESIAN_POINT('',(0.033,0.3,-0.0605));
#8817=CARTESIAN_POINT('',(0.033,0.3,-0.0395));
#8818=CARTESIAN_POINT('',(0.033,0.3,-0.0395));
#8819=CARTESIAN_POINT('',(-0.033,0.3,-0.0395));
#8820=CARTESIAN_POINT('',(-0.033,0.3,-0.0395));
#8821=CARTESIAN_POINT('',(0.033,0.3,-0.0395));
#8822=CARTESIAN_POINT('',(0.033,0.3,-0.0605));
#8823=CARTESIAN_POINT('',(0.033,0.3,-0.0605));
#8824=CARTESIAN_POINT('',(0.033,0.3,-0.0395));
#8825=CARTESIAN_POINT('',(0.033,0.3,-0.0605));
#8826=CARTESIAN_POINT('',(0.033,0.3,-0.0605));
#8827=CARTESIAN_POINT('',(-0.033,0.3,-0.0605));
#8828=CARTESIAN_POINT('',(-0.033,0.3,-0.0605));
#8829=CARTESIAN_POINT('',(-0.033,0.3,-0.0395));
#8830=CARTESIAN_POINT('',(-0.033,0.3,-0.0395));
#8831=CARTESIAN_POINT('',(-0.033,0.3,-0.0395));
#8832=CARTESIAN_POINT('',(-0.033,0.3,-0.0395));
#8833=CARTESIAN_POINT('',(0.2,0.3,-0.1));
#8834=CARTESIAN_POINT('',(-0.033,0.3,-0.0605));
#8835=CARTESIAN_POINT('',(-0.033,0.3,-0.0605));
#8836=CARTESIAN_POINT('',(0.1,0.3,-0.1));
#8837=CARTESIAN_POINT('',(-0.067,0.3,-0.0605));
#8838=CARTESIAN_POINT('',(-0.067,0.3,-0.0605));
#8839=CARTESIAN_POINT('',(-0.067,0.3,-0.0395));
#8840=CARTESIAN_POINT('',(-0.067,0.3,-0.0395));
#8841=CARTESIAN_POINT('',(-0.133,0.3,-0.0395));
#8842=CARTESIAN_POINT('',(-0.133,0.3,-0.0395));
#8843=CARTESIAN_POINT('',(-0.067,0.3,-0.0395));
#8844=CARTESIAN_POINT('',(-0.067,0.3,-0.0605));
#8845=CARTESIAN_POINT('',(-0.067,0.3,-0.0605));
#8846=CARTESIAN_POINT('',(-0.067,0.3,-0.0395));
#8847=CARTESIAN_POINT('',(-0.067,0.3,-0.0605));
#8848=CARTESIAN_POINT('',(-0.067,0.3,-0.0605));
#8849=CARTESIAN_POINT('',(-0.133,0.3,-0.0605));
#8850=CARTESIAN_POINT('',(-0.133,0.3,-0.0605));
#8851=CARTESIAN_POINT('',(-0.133,0.3,-0.0395));
#8852=CARTESIAN_POINT('',(-0.133,0.3,-0.0395));
#8853=CARTESIAN_POINT('',(-0.133,0.3,-0.0395));
#8854=CARTESIAN_POINT('',(-0.133,0.3,-0.0395));
#8855=CARTESIAN_POINT('',(0.1,0.3,-0.1));
#8856=CARTESIAN_POINT('',(-0.133,0.3,-0.0605));
#8857=CARTESIAN_POINT('',(-0.133,0.3,-0.0605));
#8858=CARTESIAN_POINT('',(0.,0.,0.));
#8859=CARTESIAN_POINT('',(0.2155,0.016,0.078));
#8860=CARTESIAN_POINT('',(-0.1845,0.016,0.078));
#8861=CARTESIAN_POINT('',(-0.1845,0.016,0.078));
#8862=CARTESIAN_POINT('',(-0.1845,0.016,0.155));
#8863=CARTESIAN_POINT('',(0.2155,0.016,0.078));
#8864=CARTESIAN_POINT('',(-0.2155,0.016,0.078));
#8865=CARTESIAN_POINT('',(-0.2155,0.016,0.078));
#8866=CARTESIAN_POINT('',(-0.2155,0.016,0.155));
#8867=CARTESIAN_POINT('',(0.2155,0.016,0.155));
#8868=CARTESIAN_POINT('',(0.2155,0.016,0.078));
#8869=CARTESIAN_POINT('',(0.1845,0.016,0.078));
#8870=CARTESIAN_POINT('',(0.1845,0.016,0.155));
#8871=CARTESIAN_POINT('',(0.1845,0.016,0.078));
#8872=CARTESIAN_POINT('',(0.2155,0.016,0.155));
#8873=CARTESIAN_POINT('',(0.2155,0.016,0.155));
#8874=CARTESIAN_POINT('',(0.2155,0.016,0.078));
#8875=CARTESIAN_POINT('',(0.2155,0.016,0.078));
#8876=CARTESIAN_POINT('',(0.2155,0.016,0.078));
#8877=CARTESIAN_POINT('',(0.2155,0.016,0.078));
#8878=CARTESIAN_POINT('',(0.1155,0.016,0.078));
#8879=CARTESIAN_POINT('',(0.1155,0.016,0.078));
#8880=CARTESIAN_POINT('',(0.1155,0.016,0.155));
#8881=CARTESIAN_POINT('',(0.2155,0.016,0.078));
#8882=CARTESIAN_POINT('',(0.0845,0.016,0.078));
#8883=CARTESIAN_POINT('',(0.0845,0.016,0.078));
#8884=CARTESIAN_POINT('',(0.0845,0.016,0.155));
#8885=CARTESIAN_POINT('',(0.2155,0.016,0.155));
#8886=CARTESIAN_POINT('',(0.2155,0.016,0.078));
#8887=CARTESIAN_POINT('',(0.0155,0.016,0.078));
#8888=CARTESIAN_POINT('',(0.0155,0.016,0.078));
#8889=CARTESIAN_POINT('',(0.0155,0.016,0.155));
#8890=CARTESIAN_POINT('',(0.2155,0.016,0.078));
#8891=CARTESIAN_POINT('',(-0.0155,0.016,0.078));
#8892=CARTESIAN_POINT('',(-0.0155,0.016,0.078));
#8893=CARTESIAN_POINT('',(-0.0155,0.016,0.155));
#8894=CARTESIAN_POINT('',(0.2155,0.016,0.155));
#8895=CARTESIAN_POINT('',(0.2155,0.016,0.078));
#8896=CARTESIAN_POINT('',(-0.0845,0.016,0.078));
#8897=CARTESIAN_POINT('',(-0.0845,0.016,0.078));
#8898=CARTESIAN_POINT('',(-0.0845,0.016,0.155));
#8899=CARTESIAN_POINT('',(0.2155,0.016,0.078));
#8900=CARTESIAN_POINT('',(-0.1155,0.016,0.078));
#8901=CARTESIAN_POINT('',(-0.1155,0.016,0.078));
#8902=CARTESIAN_POINT('',(-0.1155,0.016,0.155));
#8903=CARTESIAN_POINT('',(0.2155,0.016,0.155));
#8904=CARTESIAN_POINT('',(0.2155,0.016,0.155));
#8905=CARTESIAN_POINT('',(-0.1845,0.016,0.155));
#8906=CARTESIAN_POINT('',(-0.1845,0.,0.155));
#8907=CARTESIAN_POINT('',(-0.2155,0.016,0.155));
#8908=CARTESIAN_POINT('',(-0.2155,0.,0.155));
#8909=CARTESIAN_POINT('',(0.2155,0.,0.155));
#8910=CARTESIAN_POINT('',(0.2155,0.016,0.155));
#8911=CARTESIAN_POINT('',(0.1845,0.016,0.155));
#8912=CARTESIAN_POINT('',(0.1845,0.,0.155));
#8913=CARTESIAN_POINT('',(0.2155,0.,0.155));
#8914=CARTESIAN_POINT('',(0.2155,0.,0.155));
#8915=CARTESIAN_POINT('',(0.2155,0.016,0.155));
#8916=CARTESIAN_POINT('',(0.2155,0.016,0.155));
#8917=CARTESIAN_POINT('',(0.1155,0.016,0.155));
#8918=CARTESIAN_POINT('',(0.1155,0.,0.155));
#8919=CARTESIAN_POINT('',(0.0845,0.016,0.155));
#8920=CARTESIAN_POINT('',(0.0845,0.,0.155));
#8921=CARTESIAN_POINT('',(0.2155,0.,0.155));
#8922=CARTESIAN_POINT('',(0.2155,0.016,0.155));
#8923=CARTESIAN_POINT('',(0.0155,0.016,0.155));
#8924=CARTESIAN_POINT('',(0.0155,0.,0.155));
#8925=CARTESIAN_POINT('',(-0.0155,0.016,0.155));
#8926=CARTESIAN_POINT('',(-0.0155,0.,0.155));
#8927=CARTESIAN_POINT('',(0.2155,0.,0.155));
#8928=CARTESIAN_POINT('',(0.2155,0.016,0.155));
#8929=CARTESIAN_POINT('',(-0.0845,0.016,0.155));
#8930=CARTESIAN_POINT('',(-0.0845,0.,0.155));
#8931=CARTESIAN_POINT('',(-0.1155,0.016,0.155));
#8932=CARTESIAN_POINT('',(-0.1155,0.,0.155));
#8933=CARTESIAN_POINT('',(0.2155,0.,0.155));
#8934=CARTESIAN_POINT('',(0.2155,0.,0.155));
#8935=CARTESIAN_POINT('',(-0.1845,0.,0.155));
#8936=CARTESIAN_POINT('',(-0.1845,0.,0.078));
#8937=CARTESIAN_POINT('',(-0.2155,0.,0.155));
#8938=CARTESIAN_POINT('',(-0.2155,0.,0.078));
#8939=CARTESIAN_POINT('',(0.2155,0.,0.078));
#8940=CARTESIAN_POINT('',(0.2155,0.,0.155));
#8941=CARTESIAN_POINT('',(0.1845,0.,0.155));
#8942=CARTESIAN_POINT('',(0.1845,0.,0.078));
#8943=CARTESIAN_POINT('',(0.2155,0.,0.078));
#8944=CARTESIAN_POINT('',(0.2155,0.,0.078));
#8945=CARTESIAN_POINT('',(0.2155,0.,0.155));
#8946=CARTESIAN_POINT('',(0.2155,0.,0.155));
#8947=CARTESIAN_POINT('',(0.1155,0.,0.155));
#8948=CARTESIAN_POINT('',(0.1155,0.,0.078));
#8949=CARTESIAN_POINT('',(0.0845,0.,0.155));
#8950=CARTESIAN_POINT('',(0.0845,0.,0.078));
#8951=CARTESIAN_POINT('',(0.2155,0.,0.078));
#8952=CARTESIAN_POINT('',(0.2155,0.,0.155));
#8953=CARTESIAN_POINT('',(0.0155,0.,0.155));
#8954=CARTESIAN_POINT('',(0.0155,0.,0.078));
#8955=CARTESIAN_POINT('',(-0.0155,0.,0.155));
#8956=CARTESIAN_POINT('',(-0.0155,0.,0.078));
#8957=CARTESIAN_POINT('',(0.2155,0.,0.078));
#8958=CARTESIAN_POINT('',(0.2155,0.,0.155));
#8959=CARTESIAN_POINT('',(-0.0845,0.,0.155));
#8960=CARTESIAN_POINT('',(-0.0845,0.,0.078));
#8961=CARTESIAN_POINT('',(-0.1155,0.,0.155));
#8962=CARTESIAN_POINT('',(-0.1155,0.,0.078));
#8963=CARTESIAN_POINT('',(0.2155,0.,0.078));
#8964=CARTESIAN_POINT('',(0.2155,0.036,0.078));
#8965=CARTESIAN_POINT('',(-0.1845,0.036,0.078));
#8966=CARTESIAN_POINT('',(-0.1845,0.036,0.042));
#8967=CARTESIAN_POINT('',(-0.2155,0.036,0.078));
#8968=CARTESIAN_POINT('',(-0.2155,0.036,0.042));
#8969=CARTESIAN_POINT('',(0.2155,0.036,0.042));
#8970=CARTESIAN_POINT('',(0.2155,0.036,0.078));
#8971=CARTESIAN_POINT('',(0.1845,0.036,0.078));
#8972=CARTESIAN_POINT('',(0.1845,0.036,0.042));
#8973=CARTESIAN_POINT('',(0.2155,0.036,0.042));
#8974=CARTESIAN_POINT('',(0.2155,0.036,0.042));
#8975=CARTESIAN_POINT('',(0.2155,0.036,0.078));
#8976=CARTESIAN_POINT('',(0.2155,0.036,0.078));
#8977=CARTESIAN_POINT('',(0.1155,0.036,0.078));
#8978=CARTESIAN_POINT('',(0.1155,0.036,0.042));
#8979=CARTESIAN_POINT('',(0.0845,0.036,0.078));
#8980=CARTESIAN_POINT('',(0.0845,0.036,0.042));
#8981=CARTESIAN_POINT('',(0.2155,0.036,0.042));
#8982=CARTESIAN_POINT('',(0.2155,0.036,0.078));
#8983=CARTESIAN_POINT('',(0.0155,0.036,0.078));
#8984=CARTESIAN_POINT('',(0.0155,0.036,0.042));
#8985=CARTESIAN_POINT('',(-0.0155,0.036,0.078));
#8986=CARTESIAN_POINT('',(-0.0155,0.036,0.042));
#8987=CARTESIAN_POINT('',(0.2155,0.036,0.042));
#8988=CARTESIAN_POINT('',(0.2155,0.036,0.078));
#8989=CARTESIAN_POINT('',(-0.0845,0.036,0.078));
#8990=CARTESIAN_POINT('',(-0.0845,0.036,0.042));
#8991=CARTESIAN_POINT('',(-0.1155,0.036,0.078));
#8992=CARTESIAN_POINT('',(-0.1155,0.036,0.042));
#8993=CARTESIAN_POINT('',(0.2155,0.036,0.042));
#8994=CARTESIAN_POINT('',(0.2155,0.036,0.042));
#8995=CARTESIAN_POINT('',(-0.1845,0.036,0.042));
#8996=CARTESIAN_POINT('',(-0.1845,0.075,0.0420000000000003));
#8997=CARTESIAN_POINT('',(-0.2155,0.036,0.042));
#8998=CARTESIAN_POINT('',(-0.2155,0.075,0.042));
#8999=CARTESIAN_POINT('',(0.2155,0.075,0.042));
#9000=CARTESIAN_POINT('',(0.2155,0.036,0.042));
#9001=CARTESIAN_POINT('',(0.1845,0.036,0.042));
#9002=CARTESIAN_POINT('',(0.1845,0.075,0.0420000000000003));
#9003=CARTESIAN_POINT('',(0.2155,0.075,0.042));
#9004=CARTESIAN_POINT('',(0.2155,0.075,0.042));
#9005=CARTESIAN_POINT('',(0.2155,0.036,0.042));
#9006=CARTESIAN_POINT('',(0.2155,0.036,0.042));
#9007=CARTESIAN_POINT('',(0.1155,0.036,0.042));
#9008=CARTESIAN_POINT('',(0.1155,0.075,0.0420000000000003));
#9009=CARTESIAN_POINT('',(0.0845,0.036,0.042));
#9010=CARTESIAN_POINT('',(0.0845,0.075,0.0420000000000003));
#9011=CARTESIAN_POINT('',(0.2155,0.075,0.042));
#9012=CARTESIAN_POINT('',(0.2155,0.036,0.042));
#9013=CARTESIAN_POINT('',(0.0155,0.036,0.042));
#9014=CARTESIAN_POINT('',(0.0155,0.075,0.0420000000000003));
#9015=CARTESIAN_POINT('',(-0.0155,0.036,0.042));
#9016=CARTESIAN_POINT('',(-0.0155,0.075,0.0420000000000003));
#9017=CARTESIAN_POINT('',(0.2155,0.075,0.042));
#9018=CARTESIAN_POINT('',(0.2155,0.036,0.042));
#9019=CARTESIAN_POINT('',(-0.0845,0.036,0.042));
#9020=CARTESIAN_POINT('',(-0.0845,0.075,0.0420000000000003));
#9021=CARTESIAN_POINT('',(-0.1155,0.036,0.042));
#9022=CARTESIAN_POINT('',(-0.1155,0.075,0.0420000000000003));
#9023=CARTESIAN_POINT('',(0.2155,0.075,0.042));
#9024=CARTESIAN_POINT('',(0.2155,0.075,-0.042));
#9025=CARTESIAN_POINT('',(-0.1845,0.075,-0.042));
#9026=CARTESIAN_POINT('',(-0.1845,0.075,-0.0420000000000003));
#9027=CARTESIAN_POINT('',(-0.1845,0.036,-0.042));
#9028=CARTESIAN_POINT('',(0.2155,0.075,-0.042));
#9029=CARTESIAN_POINT('',(-0.2155,0.075,-0.042));
#9030=CARTESIAN_POINT('',(-0.2155,0.075,-0.042));
#9031=CARTESIAN_POINT('',(-0.2155,0.036,-0.042));
#9032=CARTESIAN_POINT('',(0.2155,0.036,-0.042));
#9033=CARTESIAN_POINT('',(0.2155,0.075,-0.042));
#9034=CARTESIAN_POINT('',(0.1845,0.075,-0.042));
#9035=CARTESIAN_POINT('',(0.1845,0.036,-0.042));
#9036=CARTESIAN_POINT('',(0.1845,0.075,-0.0420000000000003));
#9037=CARTESIAN_POINT('',(0.2155,0.036,-0.042));
#9038=CARTESIAN_POINT('',(0.2155,0.036,-0.042));
#9039=CARTESIAN_POINT('',(0.2155,0.075,-0.042));
#9040=CARTESIAN_POINT('',(0.2155,0.075,-0.042));
#9041=CARTESIAN_POINT('',(0.2155,0.075,-0.042));
#9042=CARTESIAN_POINT('',(0.2155,0.075,-0.042));
#9043=CARTESIAN_POINT('',(0.1155,0.075,-0.042));
#9044=CARTESIAN_POINT('',(0.1155,0.075,-0.0420000000000003));
#9045=CARTESIAN_POINT('',(0.1155,0.036,-0.042));
#9046=CARTESIAN_POINT('',(0.2155,0.075,-0.042));
#9047=CARTESIAN_POINT('',(0.0845,0.075,-0.0420000000000003));
#9048=CARTESIAN_POINT('',(0.0845,0.075,-0.042));
#9049=CARTESIAN_POINT('',(0.0845,0.036,-0.042));
#9050=CARTESIAN_POINT('',(0.2155,0.036,-0.042));
#9051=CARTESIAN_POINT('',(0.2155,0.075,-0.042));
#9052=CARTESIAN_POINT('',(0.0155,0.075,-0.042));
#9053=CARTESIAN_POINT('',(0.0155,0.075,-0.0420000000000003));
#9054=CARTESIAN_POINT('',(0.0155,0.036,-0.042));
#9055=CARTESIAN_POINT('',(0.2155,0.075,-0.042));
#9056=CARTESIAN_POINT('',(-0.0155,0.075,-0.0420000000000003));
#9057=CARTESIAN_POINT('',(-0.0155,0.075,-0.042));
#9058=CARTESIAN_POINT('',(-0.0155,0.036,-0.042));
#9059=CARTESIAN_POINT('',(0.2155,0.036,-0.042));
#9060=CARTESIAN_POINT('',(0.2155,0.075,-0.042));
#9061=CARTESIAN_POINT('',(-0.0845,0.075,-0.042));
#9062=CARTESIAN_POINT('',(-0.0845,0.075,-0.0420000000000003));
#9063=CARTESIAN_POINT('',(-0.0845,0.036,-0.042));
#9064=CARTESIAN_POINT('',(0.2155,0.075,-0.042));
#9065=CARTESIAN_POINT('',(-0.1155,0.075,-0.0420000000000003));
#9066=CARTESIAN_POINT('',(-0.1155,0.075,-0.042));
#9067=CARTESIAN_POINT('',(-0.1155,0.036,-0.042));
#9068=CARTESIAN_POINT('',(0.2155,0.036,-0.042));
#9069=CARTESIAN_POINT('',(0.2155,0.036,-0.078));
#9070=CARTESIAN_POINT('',(-0.1845,0.036,-0.078));
#9071=CARTESIAN_POINT('',(-0.1845,0.,-0.078));
#9072=CARTESIAN_POINT('',(-0.2155,0.036,-0.078));
#9073=CARTESIAN_POINT('',(-0.2155,-4.26851249010041E-18,-0.078));
#9074=CARTESIAN_POINT('',(0.2155,-4.26851249010041E-18,-0.078));
#9075=CARTESIAN_POINT('',(0.2155,0.036,-0.078));
#9076=CARTESIAN_POINT('',(0.1845,0.036,-0.078));
#9077=CARTESIAN_POINT('',(0.1845,0.,-0.078));
#9078=CARTESIAN_POINT('',(0.2155,-4.26851249010041E-18,-0.078));
#9079=CARTESIAN_POINT('',(0.2155,-4.26851249010041E-18,-0.078));
#9080=CARTESIAN_POINT('',(0.2155,0.036,-0.078));
#9081=CARTESIAN_POINT('',(0.2155,0.036,-0.078));
#9082=CARTESIAN_POINT('',(0.1155,0.036,-0.078));
#9083=CARTESIAN_POINT('',(0.1155,0.,-0.078));
#9084=CARTESIAN_POINT('',(0.0845,0.036,-0.078));
#9085=CARTESIAN_POINT('',(0.0845,0.,-0.078));
#9086=CARTESIAN_POINT('',(0.2155,-4.26851249010041E-18,-0.078));
#9087=CARTESIAN_POINT('',(0.2155,0.036,-0.078));
#9088=CARTESIAN_POINT('',(0.0155,0.036,-0.078));
#9089=CARTESIAN_POINT('',(0.0155,0.,-0.078));
#9090=CARTESIAN_POINT('',(-0.0155,0.036,-0.078));
#9091=CARTESIAN_POINT('',(-0.0155,0.,-0.078));
#9092=CARTESIAN_POINT('',(0.2155,-4.26851249010041E-18,-0.078));
#9093=CARTESIAN_POINT('',(0.2155,0.036,-0.078));
#9094=CARTESIAN_POINT('',(-0.0845,0.036,-0.078));
#9095=CARTESIAN_POINT('',(-0.0845,0.,-0.078));
#9096=CARTESIAN_POINT('',(-0.1155,0.036,-0.078));
#9097=CARTESIAN_POINT('',(-0.1155,0.,-0.078));
#9098=CARTESIAN_POINT('',(0.2155,-4.26851249010041E-18,-0.078));
#9099=CARTESIAN_POINT('',(0.2155,0.,-0.078));
#9100=CARTESIAN_POINT('',(-0.1845,0.,-0.078));
#9101=CARTESIAN_POINT('',(-0.1845,0.,-0.155));
#9102=CARTESIAN_POINT('',(-0.2155,0.,-0.078));
#9103=CARTESIAN_POINT('',(-0.2155,0.,-0.155));
#9104=CARTESIAN_POINT('',(0.2155,0.,-0.155));
#9105=CARTESIAN_POINT('',(0.2155,0.,-0.078));
#9106=CARTESIAN_POINT('',(0.1845,0.,-0.078));
#9107=CARTESIAN_POINT('',(0.1845,0.,-0.155));
#9108=CARTESIAN_POINT('',(0.2155,0.,-0.155));
#9109=CARTESIAN_POINT('',(0.2155,0.,-0.155));
#9110=CARTESIAN_POINT('',(0.2155,0.,-0.078));
#9111=CARTESIAN_POINT('',(0.2155,0.,-0.078));
#9112=CARTESIAN_POINT('',(0.1155,0.,-0.078));
#9113=CARTESIAN_POINT('',(0.1155,0.,-0.155));
#9114=CARTESIAN_POINT('',(0.0845,0.,-0.078));
#9115=CARTESIAN_POINT('',(0.0845,0.,-0.155));
#9116=CARTESIAN_POINT('',(0.2155,0.,-0.155));
#9117=CARTESIAN_POINT('',(0.2155,0.,-0.078));
#9118=CARTESIAN_POINT('',(0.0155,0.,-0.078));
#9119=CARTESIAN_POINT('',(0.0155,0.,-0.155));
#9120=CARTESIAN_POINT('',(-0.0155,0.,-0.078));
#9121=CARTESIAN_POINT('',(-0.0155,3.12635192133894E-23,-0.155));
#9122=CARTESIAN_POINT('',(0.2155,0.,-0.155));
#9123=CARTESIAN_POINT('',(0.2155,0.,-0.078));
#9124=CARTESIAN_POINT('',(-0.0845,0.,-0.078));
#9125=CARTESIAN_POINT('',(-0.0845,0.,-0.155));
#9126=CARTESIAN_POINT('',(-0.1155,0.,-0.078));
#9127=CARTESIAN_POINT('',(-0.1155,0.,-0.155));
#9128=CARTESIAN_POINT('',(0.2155,0.,-0.155));
#9129=CARTESIAN_POINT('',(0.2155,0.,-0.155));
#9130=CARTESIAN_POINT('',(-0.1845,0.,-0.155));
#9131=CARTESIAN_POINT('',(-0.1845,0.016,-0.155));
#9132=CARTESIAN_POINT('',(-0.2155,0.,-0.155));
#9133=CARTESIAN_POINT('',(-0.2155,0.016,-0.155));
#9134=CARTESIAN_POINT('',(0.2155,0.016,-0.155));
#9135=CARTESIAN_POINT('',(0.2155,0.,-0.155));
#9136=CARTESIAN_POINT('',(0.1845,0.,-0.155));
#9137=CARTESIAN_POINT('',(0.1845,0.016,-0.155));
#9138=CARTESIAN_POINT('',(0.2155,0.016,-0.155));
#9139=CARTESIAN_POINT('',(0.2155,0.016,-0.155));
#9140=CARTESIAN_POINT('',(0.2155,0.,-0.155));
#9141=CARTESIAN_POINT('',(0.2155,0.,-0.155));
#9142=CARTESIAN_POINT('',(0.1155,0.,-0.155));
#9143=CARTESIAN_POINT('',(0.1155,0.016,-0.155));
#9144=CARTESIAN_POINT('',(0.0845,0.,-0.155));
#9145=CARTESIAN_POINT('',(0.0845,0.016,-0.155));
#9146=CARTESIAN_POINT('',(0.2155,0.016,-0.155));
#9147=CARTESIAN_POINT('',(0.2155,0.,-0.155));
#9148=CARTESIAN_POINT('',(0.0155,0.,-0.155));
#9149=CARTESIAN_POINT('',(0.0155,0.016,-0.155));
#9150=CARTESIAN_POINT('',(-0.0155,-5.63443648693254E-18,-0.155));
#9151=CARTESIAN_POINT('',(-0.0155,0.016,-0.155));
#9152=CARTESIAN_POINT('',(0.2155,0.016,-0.155));
#9153=CARTESIAN_POINT('',(0.2155,0.,-0.155));
#9154=CARTESIAN_POINT('',(-0.0845,0.,-0.155));
#9155=CARTESIAN_POINT('',(-0.0845,0.016,-0.155));
#9156=CARTESIAN_POINT('',(-0.1155,0.,-0.155));
#9157=CARTESIAN_POINT('',(-0.1155,0.016,-0.155));
#9158=CARTESIAN_POINT('',(0.2155,0.016,-0.155));
#9159=CARTESIAN_POINT('',(0.2155,0.016,-0.155));
#9160=CARTESIAN_POINT('',(-0.1845,0.016,-0.155));
#9161=CARTESIAN_POINT('',(-0.1845,0.016,-0.078));
#9162=CARTESIAN_POINT('',(-0.2155,0.016,-0.155));
#9163=CARTESIAN_POINT('',(-0.2155,0.016,-0.078));
#9164=CARTESIAN_POINT('',(0.2155,0.016,-0.078));
#9165=CARTESIAN_POINT('',(0.2155,0.016,-0.155));
#9166=CARTESIAN_POINT('',(0.1845,0.016,-0.155));
#9167=CARTESIAN_POINT('',(0.1845,0.016,-0.078));
#9168=CARTESIAN_POINT('',(0.2155,0.016,-0.078));
#9169=CARTESIAN_POINT('',(0.2155,0.016,-0.078));
#9170=CARTESIAN_POINT('',(0.2155,0.016,-0.155));
#9171=CARTESIAN_POINT('',(0.2155,0.016,-0.155));
#9172=CARTESIAN_POINT('',(0.1155,0.016,-0.155));
#9173=CARTESIAN_POINT('',(0.1155,0.016,-0.078));
#9174=CARTESIAN_POINT('',(0.0845,0.016,-0.155));
#9175=CARTESIAN_POINT('',(0.0845,0.016,-0.078));
#9176=CARTESIAN_POINT('',(0.2155,0.016,-0.078));
#9177=CARTESIAN_POINT('',(0.2155,0.016,-0.155));
#9178=CARTESIAN_POINT('',(0.0155,0.016,-0.155));
#9179=CARTESIAN_POINT('',(0.0155,0.016,-0.078));
#9180=CARTESIAN_POINT('',(-0.0155,0.016,-0.155));
#9181=CARTESIAN_POINT('',(-0.0155,0.016,-0.078));
#9182=CARTESIAN_POINT('',(0.2155,0.016,-0.078));
#9183=CARTESIAN_POINT('',(0.2155,0.016,-0.155));
#9184=CARTESIAN_POINT('',(-0.0845,0.016,-0.155));
#9185=CARTESIAN_POINT('',(-0.0845,0.016,-0.078));
#9186=CARTESIAN_POINT('',(-0.1155,0.016,-0.155));
#9187=CARTESIAN_POINT('',(-0.1155,0.016,-0.078));
#9188=CARTESIAN_POINT('',(0.2155,0.016,-0.078));
#9189=CARTESIAN_POINT('',(0.2155,0.036,-0.078));
#9190=CARTESIAN_POINT('',(0.2155,0.036,-0.058));
#9191=CARTESIAN_POINT('',(-0.1845,0.036,-0.058));
#9192=CARTESIAN_POINT('',(-0.2155,0.036,-0.058));
#9193=CARTESIAN_POINT('',(-0.1845,0.036,-0.078));
#9194=CARTESIAN_POINT('',(-0.2155,0.036,-0.078));
#9195=CARTESIAN_POINT('',(0.2155,0.036,-0.078));
#9196=CARTESIAN_POINT('',(0.1845,0.036,-0.078));
#9197=CARTESIAN_POINT('',(0.1845,0.036,-0.058));
#9198=CARTESIAN_POINT('',(0.2155,0.036,-0.058));
#9199=CARTESIAN_POINT('',(0.2155,0.036,-0.058));
#9200=CARTESIAN_POINT('',(0.2155,0.036,-0.078));
#9201=CARTESIAN_POINT('',(0.2155,0.036,-0.078));
#9202=CARTESIAN_POINT('',(0.2155,0.036,-0.058));
#9203=CARTESIAN_POINT('',(0.1155,0.036,-0.058));
#9204=CARTESIAN_POINT('',(0.0845,0.036,-0.058));
#9205=CARTESIAN_POINT('',(0.1155,0.036,-0.078));
#9206=CARTESIAN_POINT('',(0.0845,0.036,-0.078));
#9207=CARTESIAN_POINT('',(0.2155,0.036,-0.078));
#9208=CARTESIAN_POINT('',(0.2155,0.036,-0.058));
#9209=CARTESIAN_POINT('',(0.0155,0.036,-0.058));
#9210=CARTESIAN_POINT('',(-0.0155,0.036,-0.058));
#9211=CARTESIAN_POINT('',(0.0155,0.036,-0.078));
#9212=CARTESIAN_POINT('',(-0.0155,0.036,-0.078));
#9213=CARTESIAN_POINT('',(0.2155,0.036,-0.078));
#9214=CARTESIAN_POINT('',(0.2155,0.036,-0.058));
#9215=CARTESIAN_POINT('',(-0.0845,0.036,-0.058));
#9216=CARTESIAN_POINT('',(-0.1155,0.036,-0.058));
#9217=CARTESIAN_POINT('',(-0.0845,0.036,-0.078));
#9218=CARTESIAN_POINT('',(-0.1155,0.036,-0.078));
#9219=CARTESIAN_POINT('',(0.2155,0.036,-0.058));
#9220=CARTESIAN_POINT('',(0.1845,0.036,-0.058));
#9221=CARTESIAN_POINT('',(0.1845,0.075,-0.0580000000000003));
#9222=CARTESIAN_POINT('',(0.2155,0.075,-0.058));
#9223=CARTESIAN_POINT('',(0.1155,0.075,-0.0580000000000003));
#9224=CARTESIAN_POINT('',(0.1155,0.036,-0.058));
#9225=CARTESIAN_POINT('',(0.0845,0.036,-0.058));
#9226=CARTESIAN_POINT('',(0.0845,0.075,-0.0580000000000003));
#9227=CARTESIAN_POINT('',(0.2155,0.075,-0.058));
#9228=CARTESIAN_POINT('',(0.0155,0.075,-0.0580000000000003));
#9229=CARTESIAN_POINT('',(0.0155,0.036,-0.058));
#9230=CARTESIAN_POINT('',(-0.0155,0.036,-0.058));
#9231=CARTESIAN_POINT('',(-0.0155,0.075,-0.0580000000000003));
#9232=CARTESIAN_POINT('',(0.2155,0.075,-0.058));
#9233=CARTESIAN_POINT('',(-0.0845,0.075,-0.0580000000000003));
#9234=CARTESIAN_POINT('',(-0.0845,0.036,-0.058));
#9235=CARTESIAN_POINT('',(-0.1155,0.036,-0.058));
#9236=CARTESIAN_POINT('',(-0.1155,0.075,-0.0580000000000003));
#9237=CARTESIAN_POINT('',(0.2155,0.0749999999999999,-0.058));
#9238=CARTESIAN_POINT('',(-0.1845,0.075,-0.058));
#9239=CARTESIAN_POINT('',(-0.1845,0.036,-0.058));
#9240=CARTESIAN_POINT('',(-0.2155,0.036,-0.058));
#9241=CARTESIAN_POINT('',(-0.2155,0.08,-0.058));
#9242=CARTESIAN_POINT('',(0.2155,0.08,-0.058));
#9243=CARTESIAN_POINT('',(0.2155,0.08,-0.058));
#9244=CARTESIAN_POINT('',(0.2155,0.036,-0.058));
#9245=CARTESIAN_POINT('',(0.2155,0.08,0.058));
#9246=CARTESIAN_POINT('',(0.1845,0.08,0.058));
#9247=CARTESIAN_POINT('',(0.1845,0.036,0.058));
#9248=CARTESIAN_POINT('',(0.1845,0.075,0.0580000000000003));
#9249=CARTESIAN_POINT('',(0.2155,0.036,0.058));
#9250=CARTESIAN_POINT('',(0.2155,0.036,0.058));
#9251=CARTESIAN_POINT('',(0.2155,0.08,0.058));
#9252=CARTESIAN_POINT('',(0.2155,0.08,0.058));
#9253=CARTESIAN_POINT('',(0.2155,0.08,0.058));
#9254=CARTESIAN_POINT('',(-0.2155,0.08,0.058));
#9255=CARTESIAN_POINT('',(-0.2155,0.08,0.058));
#9256=CARTESIAN_POINT('',(-0.2155,0.036,0.058));
#9257=CARTESIAN_POINT('',(0.2155,0.036,0.058));
#9258=CARTESIAN_POINT('',(-0.1845,0.036,0.058));
#9259=CARTESIAN_POINT('',(-0.1845,0.08,0.058));
#9260=CARTESIAN_POINT('',(-0.1845,0.075,0.0580000000000003));
#9261=CARTESIAN_POINT('',(0.2155,0.0749999999999999,0.058));
#9262=CARTESIAN_POINT('',(-0.1155,0.075,0.0580000000000003));
#9263=CARTESIAN_POINT('',(-0.1155,0.08,0.058));
#9264=CARTESIAN_POINT('',(-0.1155,0.036,0.058));
#9265=CARTESIAN_POINT('',(0.2155,0.036,0.058));
#9266=CARTESIAN_POINT('',(-0.0845,0.036,0.058));
#9267=CARTESIAN_POINT('',(-0.0845,0.08,0.058));
#9268=CARTESIAN_POINT('',(-0.0845,0.075,0.0580000000000003));
#9269=CARTESIAN_POINT('',(0.2155,0.075,0.058));
#9270=CARTESIAN_POINT('',(-0.0155,0.075,0.0580000000000003));
#9271=CARTESIAN_POINT('',(-0.0155,0.08,0.058));
#9272=CARTESIAN_POINT('',(-0.0155,0.036,0.058));
#9273=CARTESIAN_POINT('',(0.2155,0.036,0.058));
#9274=CARTESIAN_POINT('',(0.0155,0.036,0.058));
#9275=CARTESIAN_POINT('',(0.0155,0.08,0.058));
#9276=CARTESIAN_POINT('',(0.0155,0.075,0.0580000000000003));
#9277=CARTESIAN_POINT('',(0.2155,0.075,0.058));
#9278=CARTESIAN_POINT('',(0.0845,0.075,0.0580000000000003));
#9279=CARTESIAN_POINT('',(0.0845,0.08,0.058));
#9280=CARTESIAN_POINT('',(0.0845,0.036,0.058));
#9281=CARTESIAN_POINT('',(0.2155,0.036,0.058));
#9282=CARTESIAN_POINT('',(0.1155,0.036,0.058));
#9283=CARTESIAN_POINT('',(0.1155,0.08,0.058));
#9284=CARTESIAN_POINT('',(0.1155,0.075,0.0580000000000003));
#9285=CARTESIAN_POINT('',(0.2155,0.075,0.058));
#9286=CARTESIAN_POINT('',(0.2155,0.036,0.078));
#9287=CARTESIAN_POINT('',(-0.1845,0.036,0.078));
#9288=CARTESIAN_POINT('',(-0.2155,0.036,0.078));
#9289=CARTESIAN_POINT('',(0.2155,0.036,0.078));
#9290=CARTESIAN_POINT('',(0.1845,0.036,0.078));
#9291=CARTESIAN_POINT('',(0.2155,0.036,0.078));
#9292=CARTESIAN_POINT('',(0.2155,0.036,0.078));
#9293=CARTESIAN_POINT('',(0.1155,0.036,0.078));
#9294=CARTESIAN_POINT('',(0.0845,0.036,0.078));
#9295=CARTESIAN_POINT('',(0.2155,0.036,0.078));
#9296=CARTESIAN_POINT('',(0.0155,0.036,0.078));
#9297=CARTESIAN_POINT('',(-0.0155,0.036,0.078));
#9298=CARTESIAN_POINT('',(0.2155,0.036,0.078));
#9299=CARTESIAN_POINT('',(-0.0845,0.036,0.078));
#9300=CARTESIAN_POINT('',(-0.1155,0.036,0.078));
#9301=CARTESIAN_POINT('',(0.2155,0.075,0.042));
#9302=CARTESIAN_POINT('',(-0.1155,0.075,5.));
#9303=CARTESIAN_POINT('',(-0.1845,0.075,5.));
#9304=CARTESIAN_POINT('',(-0.2155,0.075,0.042));
#9305=CARTESIAN_POINT('',(-0.1845,0.075,5.));
#9306=CARTESIAN_POINT('',(-0.1155,0.075,5.));
#9307=CARTESIAN_POINT('',(-0.0845,0.075,5.));
#9308=CARTESIAN_POINT('',(-0.0155,0.075,5.));
#9309=CARTESIAN_POINT('',(0.0155,0.075,5.));
#9310=CARTESIAN_POINT('',(0.0845,0.075,5.));
#9311=CARTESIAN_POINT('',(0.1155,0.075,5.));
#9312=CARTESIAN_POINT('',(0.1845,0.075,5.));
#9313=CARTESIAN_POINT('',(0.2155,0.075,0.042));
#9314=CARTESIAN_POINT('',(0.1845,0.075,5.));
#9315=CARTESIAN_POINT('',(0.1155,0.075,5.));
#9316=CARTESIAN_POINT('',(0.0845,0.075,5.));
#9317=CARTESIAN_POINT('',(0.0155,0.075,5.));
#9318=CARTESIAN_POINT('',(-0.0155,0.075,5.));
#9319=CARTESIAN_POINT('',(-0.0845,0.075,5.));
#9320=CARTESIAN_POINT('',(0.2155,0.08,-0.058));
#9321=CARTESIAN_POINT('',(-0.2155,0.08,-0.058));
#9322=CARTESIAN_POINT('',(0.2155,0.08,-0.058));
#9323=CARTESIAN_POINT('',(0.2155,0.036,0.078));
#9324=CARTESIAN_POINT('',(-0.2155,0.036,0.078));
#9325=CARTESIAN_POINT('',(-0.1155,-0.1,5.));
#9326=CARTESIAN_POINT('',(-0.1845,0.075,5.));
#9327=CARTESIAN_POINT('',(-0.0155,-0.1,5.));
#9328=CARTESIAN_POINT('',(-0.0845,0.075,5.));
#9329=CARTESIAN_POINT('',(0.0845,-0.1,5.));
#9330=CARTESIAN_POINT('',(0.0155,0.075,5.));
#9331=CARTESIAN_POINT('',(0.1845,-0.1,5.));
#9332=CARTESIAN_POINT('',(0.1155,0.075,5.));
#9333=CARTESIAN_POINT('',(-0.1155,-0.1,5.));
#9334=CARTESIAN_POINT('',(-0.1845,0.075,5.));
#9335=CARTESIAN_POINT('',(-0.0845,0.075,5.));
#9336=CARTESIAN_POINT('',(-0.0155,-0.1,5.));
#9337=CARTESIAN_POINT('',(0.0155,0.075,5.));
#9338=CARTESIAN_POINT('',(0.0845,-0.1,5.));
#9339=CARTESIAN_POINT('',(0.1845,-0.1,5.));
#9340=CARTESIAN_POINT('',(0.1155,0.075,5.));
#9341=CARTESIAN_POINT('',(0.,-0.05,0.));
#9342=MECHANICAL_DESIGN_GEOMETRIC_PRESENTATION_REPRESENTATION('',(#5842,
#5843),#9343);
#9343=(
GEOMETRIC_REPRESENTATION_CONTEXT(3)
GLOBAL_UNCERTAINTY_ASSIGNED_CONTEXT((#9346))
GLOBAL_UNIT_ASSIGNED_CONTEXT((#9351,#9350,#9349))
REPRESENTATION_CONTEXT('IPS1-105-01-L-D-VS','TOP_LEVEL_ASSEMBLY_PART')
);
#9344=(
GEOMETRIC_REPRESENTATION_CONTEXT(3)
GLOBAL_UNCERTAINTY_ASSIGNED_CONTEXT((#9347))
GLOBAL_UNIT_ASSIGNED_CONTEXT((#9351,#9350,#9349))
REPRESENTATION_CONTEXT('IPS1-105-01-L-D-VSt','COMPONENT_PART')
);
#9345=(
GEOMETRIC_REPRESENTATION_CONTEXT(3)
GLOBAL_UNCERTAINTY_ASSIGNED_CONTEXT((#9348))
GLOBAL_UNIT_ASSIGNED_CONTEXT((#9351,#9350,#9349))
REPRESENTATION_CONTEXT('IPS1-105-01-L-D-VS_pin','COMPONENT_PART')
);
#9346=UNCERTAINTY_MEASURE_WITH_UNIT(LENGTH_MEASURE(3.93700787401575E-7),
#9351,'DISTANCE_ACCURACY_VALUE','Maximum Tolerance applied to model');
#9347=UNCERTAINTY_MEASURE_WITH_UNIT(LENGTH_MEASURE(3.93700787401575E-7),
#9351,'DISTANCE_ACCURACY_VALUE','Maximum Tolerance applied to model');
#9348=UNCERTAINTY_MEASURE_WITH_UNIT(LENGTH_MEASURE(3.93700787401575E-7),
#9351,'DISTANCE_ACCURACY_VALUE','Maximum Tolerance applied to model');
#9349=(
NAMED_UNIT(*)
SI_UNIT($,.STERADIAN.)
SOLID_ANGLE_UNIT()
);
#9350=(
NAMED_UNIT(*)
PLANE_ANGLE_UNIT()
SI_UNIT($,.RADIAN.)
);
#9351=(
CONVERSION_BASED_UNIT('INCH',#9353)
LENGTH_UNIT()
NAMED_UNIT(#9352)
);
#9352=DIMENSIONAL_EXPONENTS(1.,0.,0.,0.,0.,0.,0.);
#9353=LENGTH_MEASURE_WITH_UNIT(LENGTH_MEASURE(25.4),#9354);
#9354=(
LENGTH_UNIT()
NAMED_UNIT(*)
SI_UNIT(.MILLI.,.METRE.)
);
#9355=PRODUCT_DEFINITION_SHAPE('','',#9360);
#9356=PRODUCT_DEFINITION_SHAPE('','',#9361);
#9357=PRODUCT_DEFINITION_SHAPE(' ','NAUO PRDDFN',#40);
#9358=PRODUCT_DEFINITION_SHAPE('','',#9362);
#9359=PRODUCT_DEFINITION_SHAPE(' ','NAUO PRDDFN',#41);
#9360=PRODUCT_DEFINITION('','',#9366,#9363);
#9361=PRODUCT_DEFINITION('','',#9367,#9364);
#9362=PRODUCT_DEFINITION('','',#9368,#9365);
#9363=PRODUCT_DEFINITION_CONTEXT('',#9382,'design');
#9364=PRODUCT_DEFINITION_CONTEXT('',#9382,'design');
#9365=PRODUCT_DEFINITION_CONTEXT('',#9382,'design');
#9366=PRODUCT_DEFINITION_FORMATION_WITH_SPECIFIED_SOURCE('','',#9372,
 .NOT_KNOWN.);
#9367=PRODUCT_DEFINITION_FORMATION_WITH_SPECIFIED_SOURCE('','',#9373,
 .NOT_KNOWN.);
#9368=PRODUCT_DEFINITION_FORMATION_WITH_SPECIFIED_SOURCE('','',#9374,
 .NOT_KNOWN.);
#9369=PRODUCT_RELATED_PRODUCT_CATEGORY('','',(#9372));
#9370=PRODUCT_RELATED_PRODUCT_CATEGORY('','',(#9373));
#9371=PRODUCT_RELATED_PRODUCT_CATEGORY('','',(#9374));
#9372=PRODUCT('IPS1-105-01-L-D-VS','IPS1-105-01-L-D-VS',
'IPS1-105-01-L-D-VS',(#9378));
#9373=PRODUCT('IPS1-105-01-L-D-VSt','IPS1-105-01-L-D-VSt',
'IPS1-105-01-L-D-VSt',(#9379));
#9374=PRODUCT('IPS1-105-01-L-D-VS_pin','IPS1-105-01-L-D-VS_pin',
'IPS1-105-01-L-D-VS_pin',(#9380));
#9375=PRODUCT_CATEGORY('','');
#9376=PRODUCT_CATEGORY('','');
#9377=PRODUCT_CATEGORY('','');
#9378=PRODUCT_CONTEXT('',#9382,'mechanical');
#9379=PRODUCT_CONTEXT('',#9382,'mechanical');
#9380=PRODUCT_CONTEXT('',#9382,'mechanical');
#9381=APPLICATION_PROTOCOL_DEFINITION('international standard',
'automotive_design',2010,#9382);
#9382=APPLICATION_CONTEXT(
'core data for automotive mechanical design processes');
ENDSEC;
END-ISO-10303-21;
