ISO-10303-21;
HEADER;
/* Generated by software containing ST-Developer
 * from STEP Tools, Inc. (www.steptools.com) 
 */
/* OPTION: using custom renumber hook */

FILE_DESCRIPTION(
/* description */ ('STEP AP214'),
/* implementation_level */ '2;1');

FILE_NAME(
/* name */ 'IPT1-105-01-L-D-VS',
/* time_stamp */ '2026-03-27T13:17:39+01:00',
/* author */ ('License CC BY-ND 4.0'),
/* organization */ ('CADENAS'),
/* preprocessor_version */ 'ST-DEVELOPER v20',
/* originating_system */ 'PARTsolutions',
/* authorisation */ '  ');

FILE_SCHEMA (('AUTOMOTIVE_DESIGN {1 0 10303 214 3 1 1}'));
ENDSEC;

DATA;
#10=PROPERTY_DEFINITION_REPRESENTATION(#14,#12);
#11=PROPERTY_DEFINITION_REPRESENTATION(#15,#13);
#12=REPRESENTATION('',(#16),#8721);
#13=REPRESENTATION('',(#17),#8721);
#14=PROPERTY_DEFINITION('pmi validation property','',#8735);
#15=PROPERTY_DEFINITION('pmi validation property','',#8735);
#16=VALUE_REPRESENTATION_ITEM('number of annotations',COUNT_MEASURE(0.));
#17=VALUE_REPRESENTATION_ITEM('number of views',COUNT_MEASURE(0.));
#18=DRAUGHTING_PRE_DEFINED_COLOUR('yellow');
#19=CYLINDRICAL_SURFACE('',#5662,0.045);
#20=CYLINDRICAL_SURFACE('',#5664,0.045);
#21=CYLINDRICAL_SURFACE('',#5666,0.045);
#22=CYLINDRICAL_SURFACE('',#5669,0.045);
#23=CYLINDRICAL_SURFACE('',#5672,0.045);
#24=CYLINDRICAL_SURFACE('',#5685,0.045);
#25=CYLINDRICAL_SURFACE('',#5687,0.045);
#26=CYLINDRICAL_SURFACE('',#5689,0.045);
#27=CYLINDRICAL_SURFACE('',#5692,0.045);
#28=CYLINDRICAL_SURFACE('',#5695,0.045);
#29=CYLINDRICAL_SURFACE('',#5713,0.02);
#30=CYLINDRICAL_SURFACE('',#5715,0.02);
#31=CYLINDRICAL_SURFACE('',#5717,0.02);
#32=CYLINDRICAL_SURFACE('',#5720,0.02);
#33=CYLINDRICAL_SURFACE('',#5723,0.02);
#34=CYLINDRICAL_SURFACE('',#5726,0.02);
#35=CYLINDRICAL_SURFACE('',#5728,0.02);
#36=CYLINDRICAL_SURFACE('',#5730,0.02);
#37=CYLINDRICAL_SURFACE('',#5733,0.02);
#38=CYLINDRICAL_SURFACE('',#5736,0.02);
#39=CONTEXT_DEPENDENT_SHAPE_REPRESENTATION(#45,#8737);
#40=CONTEXT_DEPENDENT_SHAPE_REPRESENTATION(#46,#8739);
#41=CONTEXT_DEPENDENT_SHAPE_REPRESENTATION(#47,#8741);
#42=NEXT_ASSEMBLY_USAGE_OCCURRENCE('NAUO1',
'IPT1-105-01-L-D-VS_terminal','IPT1-105-01-L-D-VS_terminal',#8742,#8743,
'');
#43=NEXT_ASSEMBLY_USAGE_OCCURRENCE('NAUO2','IPT1-105-01-LD-VS_pin',
'IPT1-105-01-LD-VS_pin',#8742,#8744,'');
#44=NEXT_ASSEMBLY_USAGE_OCCURRENCE('NAUO3','IPT1-105-01-LD-VS2PIN',
'IPT1-105-01-LD-VS2PIN',#8742,#8745,'');
#45=(
REPRESENTATION_RELATIONSHIP(' ',' ',#5469,#5468)
REPRESENTATION_RELATIONSHIP_WITH_TRANSFORMATION(#48)
SHAPE_REPRESENTATION_RELATIONSHIP()
);
#46=(
REPRESENTATION_RELATIONSHIP(' ',' ',#5470,#5468)
REPRESENTATION_RELATIONSHIP_WITH_TRANSFORMATION(#49)
SHAPE_REPRESENTATION_RELATIONSHIP()
);
#47=(
REPRESENTATION_RELATIONSHIP(' ',' ',#5471,#5468)
REPRESENTATION_RELATIONSHIP_WITH_TRANSFORMATION(#50)
SHAPE_REPRESENTATION_RELATIONSHIP()
);
#48=ITEM_DEFINED_TRANSFORMATION(' ',' ',#5472,#5639);
#49=ITEM_DEFINED_TRANSFORMATION(' ',' ',#5472,#5762);
#50=ITEM_DEFINED_TRANSFORMATION(' ',' ',#5472,#5805);
#51=SHAPE_REPRESENTATION_RELATIONSHIP('','',#5469,#54);
#52=SHAPE_REPRESENTATION_RELATIONSHIP('','',#5470,#55);
#53=SHAPE_REPRESENTATION_RELATIONSHIP('','',#5471,#56);
#54=ADVANCED_BREP_SHAPE_REPRESENTATION('',(#5461),#8722);
#55=ADVANCED_BREP_SHAPE_REPRESENTATION('',(#5462),#8723);
#56=ADVANCED_BREP_SHAPE_REPRESENTATION('',(#5463),#8724);
#57=CONICAL_SURFACE('',#5570,0.015,0.0174532925199433);
#58=CONICAL_SURFACE('',#5573,0.015,0.0174532925199433);
#59=CONICAL_SURFACE('',#5579,0.015,0.0174532925199433);
#60=CONICAL_SURFACE('',#5582,0.015,0.0174532925199433);
#61=CONICAL_SURFACE('',#5588,0.015,0.0174532925199433);
#62=CONICAL_SURFACE('',#5591,0.015,0.0174532925199433);
#63=CONICAL_SURFACE('',#5597,0.015,0.0174532925199433);
#64=CONICAL_SURFACE('',#5600,0.015,0.0174532925199433);
#65=CONICAL_SURFACE('',#5606,0.015,0.0174532925199433);
#66=CONICAL_SURFACE('',#5609,0.015,0.0174532925199433);
#67=CIRCLE('',#5474,0.0177055350638737);
#68=CIRCLE('',#5475,0.0177055350638737);
#69=CIRCLE('',#5476,0.0177055350638737);
#70=CIRCLE('',#5477,0.0177055350638737);
#71=CIRCLE('',#5478,0.0177055350638737);
#72=CIRCLE('',#5479,0.0177055350638737);
#73=CIRCLE('',#5480,0.0177055350638737);
#74=CIRCLE('',#5481,0.0177055350638737);
#75=CIRCLE('',#5482,0.0177055350638737);
#76=CIRCLE('',#5483,0.0177055350638737);
#77=CIRCLE('',#5571,0.015);
#78=CIRCLE('',#5574,0.015);
#79=CIRCLE('',#5580,0.015);
#80=CIRCLE('',#5583,0.015);
#81=CIRCLE('',#5589,0.015);
#82=CIRCLE('',#5592,0.015);
#83=CIRCLE('',#5598,0.015);
#84=CIRCLE('',#5601,0.015);
#85=CIRCLE('',#5607,0.015);
#86=CIRCLE('',#5610,0.015);
#87=CIRCLE('',#5643,0.02);
#88=CIRCLE('',#5644,0.045);
#89=CIRCLE('',#5645,0.045);
#90=CIRCLE('',#5646,0.02);
#91=CIRCLE('',#5648,0.02);
#92=CIRCLE('',#5649,0.045);
#93=CIRCLE('',#5650,0.045);
#94=CIRCLE('',#5651,0.02);
#95=CIRCLE('',#5663,0.045);
#96=CIRCLE('',#5665,0.045);
#97=CIRCLE('',#5667,0.045);
#98=CIRCLE('',#5668,0.045);
#99=CIRCLE('',#5670,0.045);
#100=CIRCLE('',#5671,0.045);
#101=CIRCLE('',#5673,0.045);
#102=CIRCLE('',#5674,0.045);
#103=CIRCLE('',#5686,0.045);
#104=CIRCLE('',#5688,0.045);
#105=CIRCLE('',#5690,0.045);
#106=CIRCLE('',#5691,0.045);
#107=CIRCLE('',#5693,0.045);
#108=CIRCLE('',#5694,0.045);
#109=CIRCLE('',#5696,0.045);
#110=CIRCLE('',#5697,0.045);
#111=CIRCLE('',#5714,0.02);
#112=CIRCLE('',#5716,0.02);
#113=CIRCLE('',#5718,0.02);
#114=CIRCLE('',#5719,0.02);
#115=CIRCLE('',#5721,0.02);
#116=CIRCLE('',#5722,0.02);
#117=CIRCLE('',#5724,0.02);
#118=CIRCLE('',#5725,0.02);
#119=CIRCLE('',#5727,0.02);
#120=CIRCLE('',#5729,0.02);
#121=CIRCLE('',#5731,0.02);
#122=CIRCLE('',#5732,0.02);
#123=CIRCLE('',#5734,0.02);
#124=CIRCLE('',#5735,0.02);
#125=CIRCLE('',#5737,0.02);
#126=CIRCLE('',#5738,0.02);
#127=ORIENTED_EDGE('',*,*,#1651,.F.);
#128=ORIENTED_EDGE('',*,*,#1652,.F.);
#129=ORIENTED_EDGE('',*,*,#1653,.F.);
#130=ORIENTED_EDGE('',*,*,#1654,.F.);
#131=ORIENTED_EDGE('',*,*,#1655,.F.);
#132=ORIENTED_EDGE('',*,*,#1656,.F.);
#133=ORIENTED_EDGE('',*,*,#1657,.F.);
#134=ORIENTED_EDGE('',*,*,#1658,.F.);
#135=ORIENTED_EDGE('',*,*,#1659,.F.);
#136=ORIENTED_EDGE('',*,*,#1660,.F.);
#137=ORIENTED_EDGE('',*,*,#1661,.F.);
#138=ORIENTED_EDGE('',*,*,#1662,.F.);
#139=ORIENTED_EDGE('',*,*,#1663,.F.);
#140=ORIENTED_EDGE('',*,*,#1664,.F.);
#141=ORIENTED_EDGE('',*,*,#1665,.F.);
#142=ORIENTED_EDGE('',*,*,#1666,.F.);
#143=ORIENTED_EDGE('',*,*,#1667,.F.);
#144=ORIENTED_EDGE('',*,*,#1668,.F.);
#145=ORIENTED_EDGE('',*,*,#1669,.F.);
#146=ORIENTED_EDGE('',*,*,#1670,.F.);
#147=ORIENTED_EDGE('',*,*,#1671,.F.);
#148=ORIENTED_EDGE('',*,*,#1672,.F.);
#149=ORIENTED_EDGE('',*,*,#1673,.F.);
#150=ORIENTED_EDGE('',*,*,#1674,.F.);
#151=ORIENTED_EDGE('',*,*,#1675,.F.);
#152=ORIENTED_EDGE('',*,*,#1676,.F.);
#153=ORIENTED_EDGE('',*,*,#1677,.T.);
#154=ORIENTED_EDGE('',*,*,#1678,.T.);
#155=ORIENTED_EDGE('',*,*,#1679,.T.);
#156=ORIENTED_EDGE('',*,*,#1680,.T.);
#157=ORIENTED_EDGE('',*,*,#1681,.F.);
#158=ORIENTED_EDGE('',*,*,#1682,.F.);
#159=ORIENTED_EDGE('',*,*,#1683,.F.);
#160=ORIENTED_EDGE('',*,*,#1684,.F.);
#161=ORIENTED_EDGE('',*,*,#1685,.F.);
#162=ORIENTED_EDGE('',*,*,#1686,.F.);
#163=ORIENTED_EDGE('',*,*,#1687,.F.);
#164=ORIENTED_EDGE('',*,*,#1688,.F.);
#165=ORIENTED_EDGE('',*,*,#1689,.F.);
#166=ORIENTED_EDGE('',*,*,#1690,.F.);
#167=ORIENTED_EDGE('',*,*,#1691,.F.);
#168=ORIENTED_EDGE('',*,*,#1692,.F.);
#169=ORIENTED_EDGE('',*,*,#1693,.F.);
#170=ORIENTED_EDGE('',*,*,#1694,.F.);
#171=ORIENTED_EDGE('',*,*,#1695,.F.);
#172=ORIENTED_EDGE('',*,*,#1696,.F.);
#173=ORIENTED_EDGE('',*,*,#1697,.F.);
#174=ORIENTED_EDGE('',*,*,#1698,.F.);
#175=ORIENTED_EDGE('',*,*,#1699,.F.);
#176=ORIENTED_EDGE('',*,*,#1700,.F.);
#177=ORIENTED_EDGE('',*,*,#1701,.F.);
#178=ORIENTED_EDGE('',*,*,#1702,.F.);
#179=ORIENTED_EDGE('',*,*,#1703,.F.);
#180=ORIENTED_EDGE('',*,*,#1704,.F.);
#181=ORIENTED_EDGE('',*,*,#1705,.F.);
#182=ORIENTED_EDGE('',*,*,#1706,.T.);
#183=ORIENTED_EDGE('',*,*,#1707,.T.);
#184=ORIENTED_EDGE('',*,*,#1708,.T.);
#185=ORIENTED_EDGE('',*,*,#1709,.F.);
#186=ORIENTED_EDGE('',*,*,#1710,.T.);
#187=ORIENTED_EDGE('',*,*,#1705,.T.);
#188=ORIENTED_EDGE('',*,*,#1711,.T.);
#189=ORIENTED_EDGE('',*,*,#1712,.F.);
#190=ORIENTED_EDGE('',*,*,#1713,.T.);
#191=ORIENTED_EDGE('',*,*,#1709,.T.);
#192=ORIENTED_EDGE('',*,*,#1714,.T.);
#193=ORIENTED_EDGE('',*,*,#1715,.F.);
#194=ORIENTED_EDGE('',*,*,#1716,.T.);
#195=ORIENTED_EDGE('',*,*,#1717,.T.);
#196=ORIENTED_EDGE('',*,*,#1718,.T.);
#197=ORIENTED_EDGE('',*,*,#1719,.F.);
#198=ORIENTED_EDGE('',*,*,#1720,.T.);
#199=ORIENTED_EDGE('',*,*,#1715,.T.);
#200=ORIENTED_EDGE('',*,*,#1721,.T.);
#201=ORIENTED_EDGE('',*,*,#1722,.F.);
#202=ORIENTED_EDGE('',*,*,#1723,.T.);
#203=ORIENTED_EDGE('',*,*,#1719,.T.);
#204=ORIENTED_EDGE('',*,*,#1724,.T.);
#205=ORIENTED_EDGE('',*,*,#1725,.F.);
#206=ORIENTED_EDGE('',*,*,#1726,.T.);
#207=ORIENTED_EDGE('',*,*,#1727,.T.);
#208=ORIENTED_EDGE('',*,*,#1728,.T.);
#209=ORIENTED_EDGE('',*,*,#1729,.F.);
#210=ORIENTED_EDGE('',*,*,#1730,.T.);
#211=ORIENTED_EDGE('',*,*,#1725,.T.);
#212=ORIENTED_EDGE('',*,*,#1731,.T.);
#213=ORIENTED_EDGE('',*,*,#1732,.F.);
#214=ORIENTED_EDGE('',*,*,#1733,.T.);
#215=ORIENTED_EDGE('',*,*,#1729,.T.);
#216=ORIENTED_EDGE('',*,*,#1734,.T.);
#217=ORIENTED_EDGE('',*,*,#1735,.F.);
#218=ORIENTED_EDGE('',*,*,#1736,.T.);
#219=ORIENTED_EDGE('',*,*,#1737,.T.);
#220=ORIENTED_EDGE('',*,*,#1738,.T.);
#221=ORIENTED_EDGE('',*,*,#1739,.F.);
#222=ORIENTED_EDGE('',*,*,#1740,.T.);
#223=ORIENTED_EDGE('',*,*,#1735,.T.);
#224=ORIENTED_EDGE('',*,*,#1741,.T.);
#225=ORIENTED_EDGE('',*,*,#1742,.F.);
#226=ORIENTED_EDGE('',*,*,#1743,.T.);
#227=ORIENTED_EDGE('',*,*,#1739,.T.);
#228=ORIENTED_EDGE('',*,*,#1744,.T.);
#229=ORIENTED_EDGE('',*,*,#1707,.F.);
#230=ORIENTED_EDGE('',*,*,#1745,.T.);
#231=ORIENTED_EDGE('',*,*,#1712,.T.);
#232=ORIENTED_EDGE('',*,*,#1746,.T.);
#233=ORIENTED_EDGE('',*,*,#1717,.F.);
#234=ORIENTED_EDGE('',*,*,#1747,.T.);
#235=ORIENTED_EDGE('',*,*,#1722,.T.);
#236=ORIENTED_EDGE('',*,*,#1748,.T.);
#237=ORIENTED_EDGE('',*,*,#1727,.F.);
#238=ORIENTED_EDGE('',*,*,#1749,.T.);
#239=ORIENTED_EDGE('',*,*,#1732,.T.);
#240=ORIENTED_EDGE('',*,*,#1750,.T.);
#241=ORIENTED_EDGE('',*,*,#1737,.F.);
#242=ORIENTED_EDGE('',*,*,#1751,.T.);
#243=ORIENTED_EDGE('',*,*,#1742,.T.);
#244=ORIENTED_EDGE('',*,*,#1752,.T.);
#245=ORIENTED_EDGE('',*,*,#1753,.F.);
#246=ORIENTED_EDGE('',*,*,#1754,.T.);
#247=ORIENTED_EDGE('',*,*,#1755,.T.);
#248=ORIENTED_EDGE('',*,*,#1756,.T.);
#249=ORIENTED_EDGE('',*,*,#1757,.F.);
#250=ORIENTED_EDGE('',*,*,#1758,.T.);
#251=ORIENTED_EDGE('',*,*,#1753,.T.);
#252=ORIENTED_EDGE('',*,*,#1759,.T.);
#253=ORIENTED_EDGE('',*,*,#1760,.F.);
#254=ORIENTED_EDGE('',*,*,#1761,.T.);
#255=ORIENTED_EDGE('',*,*,#1757,.T.);
#256=ORIENTED_EDGE('',*,*,#1762,.T.);
#257=ORIENTED_EDGE('',*,*,#1755,.F.);
#258=ORIENTED_EDGE('',*,*,#1763,.T.);
#259=ORIENTED_EDGE('',*,*,#1760,.T.);
#260=ORIENTED_EDGE('',*,*,#1764,.T.);
#261=ORIENTED_EDGE('',*,*,#1765,.F.);
#262=ORIENTED_EDGE('',*,*,#1766,.T.);
#263=ORIENTED_EDGE('',*,*,#1767,.T.);
#264=ORIENTED_EDGE('',*,*,#1768,.T.);
#265=ORIENTED_EDGE('',*,*,#1769,.F.);
#266=ORIENTED_EDGE('',*,*,#1770,.T.);
#267=ORIENTED_EDGE('',*,*,#1765,.T.);
#268=ORIENTED_EDGE('',*,*,#1771,.T.);
#269=ORIENTED_EDGE('',*,*,#1772,.F.);
#270=ORIENTED_EDGE('',*,*,#1773,.T.);
#271=ORIENTED_EDGE('',*,*,#1769,.T.);
#272=ORIENTED_EDGE('',*,*,#1774,.T.);
#273=ORIENTED_EDGE('',*,*,#1775,.F.);
#274=ORIENTED_EDGE('',*,*,#1776,.T.);
#275=ORIENTED_EDGE('',*,*,#1777,.T.);
#276=ORIENTED_EDGE('',*,*,#1778,.T.);
#277=ORIENTED_EDGE('',*,*,#1779,.F.);
#278=ORIENTED_EDGE('',*,*,#1780,.T.);
#279=ORIENTED_EDGE('',*,*,#1775,.T.);
#280=ORIENTED_EDGE('',*,*,#1781,.T.);
#281=ORIENTED_EDGE('',*,*,#1782,.F.);
#282=ORIENTED_EDGE('',*,*,#1783,.T.);
#283=ORIENTED_EDGE('',*,*,#1779,.T.);
#284=ORIENTED_EDGE('',*,*,#1784,.T.);
#285=ORIENTED_EDGE('',*,*,#1785,.F.);
#286=ORIENTED_EDGE('',*,*,#1786,.T.);
#287=ORIENTED_EDGE('',*,*,#1787,.T.);
#288=ORIENTED_EDGE('',*,*,#1788,.T.);
#289=ORIENTED_EDGE('',*,*,#1789,.F.);
#290=ORIENTED_EDGE('',*,*,#1790,.T.);
#291=ORIENTED_EDGE('',*,*,#1785,.T.);
#292=ORIENTED_EDGE('',*,*,#1791,.T.);
#293=ORIENTED_EDGE('',*,*,#1792,.F.);
#294=ORIENTED_EDGE('',*,*,#1793,.T.);
#295=ORIENTED_EDGE('',*,*,#1789,.T.);
#296=ORIENTED_EDGE('',*,*,#1794,.T.);
#297=ORIENTED_EDGE('',*,*,#1795,.F.);
#298=ORIENTED_EDGE('',*,*,#1796,.T.);
#299=ORIENTED_EDGE('',*,*,#1797,.T.);
#300=ORIENTED_EDGE('',*,*,#1798,.T.);
#301=ORIENTED_EDGE('',*,*,#1799,.F.);
#302=ORIENTED_EDGE('',*,*,#1800,.T.);
#303=ORIENTED_EDGE('',*,*,#1795,.T.);
#304=ORIENTED_EDGE('',*,*,#1801,.T.);
#305=ORIENTED_EDGE('',*,*,#1802,.F.);
#306=ORIENTED_EDGE('',*,*,#1803,.T.);
#307=ORIENTED_EDGE('',*,*,#1799,.T.);
#308=ORIENTED_EDGE('',*,*,#1804,.T.);
#309=ORIENTED_EDGE('',*,*,#1767,.F.);
#310=ORIENTED_EDGE('',*,*,#1805,.T.);
#311=ORIENTED_EDGE('',*,*,#1772,.T.);
#312=ORIENTED_EDGE('',*,*,#1806,.T.);
#313=ORIENTED_EDGE('',*,*,#1777,.F.);
#314=ORIENTED_EDGE('',*,*,#1807,.T.);
#315=ORIENTED_EDGE('',*,*,#1782,.T.);
#316=ORIENTED_EDGE('',*,*,#1808,.T.);
#317=ORIENTED_EDGE('',*,*,#1787,.F.);
#318=ORIENTED_EDGE('',*,*,#1809,.T.);
#319=ORIENTED_EDGE('',*,*,#1792,.T.);
#320=ORIENTED_EDGE('',*,*,#1810,.T.);
#321=ORIENTED_EDGE('',*,*,#1797,.F.);
#322=ORIENTED_EDGE('',*,*,#1811,.T.);
#323=ORIENTED_EDGE('',*,*,#1802,.T.);
#324=ORIENTED_EDGE('',*,*,#1812,.T.);
#325=ORIENTED_EDGE('',*,*,#1813,.F.);
#326=ORIENTED_EDGE('',*,*,#1814,.T.);
#327=ORIENTED_EDGE('',*,*,#1815,.T.);
#328=ORIENTED_EDGE('',*,*,#1816,.T.);
#329=ORIENTED_EDGE('',*,*,#1817,.F.);
#330=ORIENTED_EDGE('',*,*,#1818,.T.);
#331=ORIENTED_EDGE('',*,*,#1813,.T.);
#332=ORIENTED_EDGE('',*,*,#1819,.T.);
#333=ORIENTED_EDGE('',*,*,#1820,.F.);
#334=ORIENTED_EDGE('',*,*,#1821,.T.);
#335=ORIENTED_EDGE('',*,*,#1817,.T.);
#336=ORIENTED_EDGE('',*,*,#1822,.T.);
#337=ORIENTED_EDGE('',*,*,#1815,.F.);
#338=ORIENTED_EDGE('',*,*,#1823,.T.);
#339=ORIENTED_EDGE('',*,*,#1820,.T.);
#340=ORIENTED_EDGE('',*,*,#1824,.T.);
#341=ORIENTED_EDGE('',*,*,#1825,.F.);
#342=ORIENTED_EDGE('',*,*,#1826,.F.);
#343=ORIENTED_EDGE('',*,*,#1827,.F.);
#344=ORIENTED_EDGE('',*,*,#1828,.F.);
#345=ORIENTED_EDGE('',*,*,#1829,.F.);
#346=ORIENTED_EDGE('',*,*,#1830,.F.);
#347=ORIENTED_EDGE('',*,*,#1831,.F.);
#348=ORIENTED_EDGE('',*,*,#1832,.F.);
#349=ORIENTED_EDGE('',*,*,#1833,.F.);
#350=ORIENTED_EDGE('',*,*,#1834,.F.);
#351=ORIENTED_EDGE('',*,*,#1835,.F.);
#352=ORIENTED_EDGE('',*,*,#1836,.F.);
#353=ORIENTED_EDGE('',*,*,#1837,.F.);
#354=ORIENTED_EDGE('',*,*,#1838,.F.);
#355=ORIENTED_EDGE('',*,*,#1839,.F.);
#356=ORIENTED_EDGE('',*,*,#1840,.F.);
#357=ORIENTED_EDGE('',*,*,#1841,.F.);
#358=ORIENTED_EDGE('',*,*,#1842,.F.);
#359=ORIENTED_EDGE('',*,*,#1843,.F.);
#360=ORIENTED_EDGE('',*,*,#1844,.F.);
#361=ORIENTED_EDGE('',*,*,#1845,.F.);
#362=ORIENTED_EDGE('',*,*,#1846,.F.);
#363=ORIENTED_EDGE('',*,*,#1847,.F.);
#364=ORIENTED_EDGE('',*,*,#1848,.F.);
#365=ORIENTED_EDGE('',*,*,#1849,.F.);
#366=ORIENTED_EDGE('',*,*,#1850,.F.);
#367=ORIENTED_EDGE('',*,*,#1851,.F.);
#368=ORIENTED_EDGE('',*,*,#1852,.F.);
#369=ORIENTED_EDGE('',*,*,#1853,.F.);
#370=ORIENTED_EDGE('',*,*,#1854,.F.);
#371=ORIENTED_EDGE('',*,*,#1855,.F.);
#372=ORIENTED_EDGE('',*,*,#1856,.F.);
#373=ORIENTED_EDGE('',*,*,#1857,.F.);
#374=ORIENTED_EDGE('',*,*,#1858,.F.);
#375=ORIENTED_EDGE('',*,*,#1859,.F.);
#376=ORIENTED_EDGE('',*,*,#1860,.F.);
#377=ORIENTED_EDGE('',*,*,#1861,.F.);
#378=ORIENTED_EDGE('',*,*,#1862,.F.);
#379=ORIENTED_EDGE('',*,*,#1863,.F.);
#380=ORIENTED_EDGE('',*,*,#1864,.F.);
#381=ORIENTED_EDGE('',*,*,#1858,.T.);
#382=ORIENTED_EDGE('',*,*,#1865,.T.);
#383=ORIENTED_EDGE('',*,*,#1866,.T.);
#384=ORIENTED_EDGE('',*,*,#1867,.T.);
#385=ORIENTED_EDGE('',*,*,#1868,.T.);
#386=ORIENTED_EDGE('',*,*,#1869,.T.);
#387=ORIENTED_EDGE('',*,*,#1864,.T.);
#388=ORIENTED_EDGE('',*,*,#1870,.T.);
#389=ORIENTED_EDGE('',*,*,#1850,.T.);
#390=ORIENTED_EDGE('',*,*,#1871,.T.);
#391=ORIENTED_EDGE('',*,*,#1872,.T.);
#392=ORIENTED_EDGE('',*,*,#1873,.T.);
#393=ORIENTED_EDGE('',*,*,#1874,.T.);
#394=ORIENTED_EDGE('',*,*,#1875,.T.);
#395=ORIENTED_EDGE('',*,*,#1856,.T.);
#396=ORIENTED_EDGE('',*,*,#1876,.T.);
#397=ORIENTED_EDGE('',*,*,#1877,.F.);
#398=ORIENTED_EDGE('',*,*,#1878,.T.);
#399=ORIENTED_EDGE('',*,*,#1860,.T.);
#400=ORIENTED_EDGE('',*,*,#1879,.T.);
#401=ORIENTED_EDGE('',*,*,#1862,.T.);
#402=ORIENTED_EDGE('',*,*,#1880,.T.);
#403=ORIENTED_EDGE('',*,*,#1881,.F.);
#404=ORIENTED_EDGE('',*,*,#1882,.T.);
#405=ORIENTED_EDGE('',*,*,#1842,.T.);
#406=ORIENTED_EDGE('',*,*,#1883,.T.);
#407=ORIENTED_EDGE('',*,*,#1884,.T.);
#408=ORIENTED_EDGE('',*,*,#1885,.T.);
#409=ORIENTED_EDGE('',*,*,#1886,.T.);
#410=ORIENTED_EDGE('',*,*,#1887,.T.);
#411=ORIENTED_EDGE('',*,*,#1848,.T.);
#412=ORIENTED_EDGE('',*,*,#1888,.T.);
#413=ORIENTED_EDGE('',*,*,#1889,.F.);
#414=ORIENTED_EDGE('',*,*,#1890,.T.);
#415=ORIENTED_EDGE('',*,*,#1852,.T.);
#416=ORIENTED_EDGE('',*,*,#1891,.T.);
#417=ORIENTED_EDGE('',*,*,#1854,.T.);
#418=ORIENTED_EDGE('',*,*,#1892,.T.);
#419=ORIENTED_EDGE('',*,*,#1893,.F.);
#420=ORIENTED_EDGE('',*,*,#1894,.T.);
#421=ORIENTED_EDGE('',*,*,#1834,.T.);
#422=ORIENTED_EDGE('',*,*,#1895,.T.);
#423=ORIENTED_EDGE('',*,*,#1896,.T.);
#424=ORIENTED_EDGE('',*,*,#1897,.T.);
#425=ORIENTED_EDGE('',*,*,#1898,.T.);
#426=ORIENTED_EDGE('',*,*,#1899,.T.);
#427=ORIENTED_EDGE('',*,*,#1840,.T.);
#428=ORIENTED_EDGE('',*,*,#1900,.T.);
#429=ORIENTED_EDGE('',*,*,#1901,.F.);
#430=ORIENTED_EDGE('',*,*,#1902,.T.);
#431=ORIENTED_EDGE('',*,*,#1844,.T.);
#432=ORIENTED_EDGE('',*,*,#1903,.T.);
#433=ORIENTED_EDGE('',*,*,#1846,.T.);
#434=ORIENTED_EDGE('',*,*,#1904,.T.);
#435=ORIENTED_EDGE('',*,*,#1905,.F.);
#436=ORIENTED_EDGE('',*,*,#1906,.T.);
#437=ORIENTED_EDGE('',*,*,#1826,.T.);
#438=ORIENTED_EDGE('',*,*,#1907,.T.);
#439=ORIENTED_EDGE('',*,*,#1908,.T.);
#440=ORIENTED_EDGE('',*,*,#1909,.T.);
#441=ORIENTED_EDGE('',*,*,#1910,.T.);
#442=ORIENTED_EDGE('',*,*,#1911,.T.);
#443=ORIENTED_EDGE('',*,*,#1830,.T.);
#444=ORIENTED_EDGE('',*,*,#1912,.T.);
#445=ORIENTED_EDGE('',*,*,#1913,.F.);
#446=ORIENTED_EDGE('',*,*,#1914,.T.);
#447=ORIENTED_EDGE('',*,*,#1836,.T.);
#448=ORIENTED_EDGE('',*,*,#1915,.T.);
#449=ORIENTED_EDGE('',*,*,#1838,.T.);
#450=ORIENTED_EDGE('',*,*,#1916,.T.);
#451=ORIENTED_EDGE('',*,*,#1917,.F.);
#452=ORIENTED_EDGE('',*,*,#1918,.T.);
#453=ORIENTED_EDGE('',*,*,#1909,.F.);
#454=ORIENTED_EDGE('',*,*,#1919,.F.);
#455=ORIENTED_EDGE('',*,*,#1915,.F.);
#456=ORIENTED_EDGE('',*,*,#1835,.T.);
#457=ORIENTED_EDGE('',*,*,#1897,.F.);
#458=ORIENTED_EDGE('',*,*,#1920,.F.);
#459=ORIENTED_EDGE('',*,*,#1903,.F.);
#460=ORIENTED_EDGE('',*,*,#1843,.T.);
#461=ORIENTED_EDGE('',*,*,#1885,.F.);
#462=ORIENTED_EDGE('',*,*,#1921,.F.);
#463=ORIENTED_EDGE('',*,*,#1891,.F.);
#464=ORIENTED_EDGE('',*,*,#1851,.T.);
#465=ORIENTED_EDGE('',*,*,#1873,.F.);
#466=ORIENTED_EDGE('',*,*,#1922,.F.);
#467=ORIENTED_EDGE('',*,*,#1879,.F.);
#468=ORIENTED_EDGE('',*,*,#1859,.T.);
#469=ORIENTED_EDGE('',*,*,#1867,.F.);
#470=ORIENTED_EDGE('',*,*,#1923,.F.);
#471=ORIENTED_EDGE('',*,*,#1924,.F.);
#472=ORIENTED_EDGE('',*,*,#1925,.T.);
#473=ORIENTED_EDGE('',*,*,#1926,.F.);
#474=ORIENTED_EDGE('',*,*,#1677,.F.);
#475=ORIENTED_EDGE('',*,*,#1927,.T.);
#476=ORIENTED_EDGE('',*,*,#1827,.T.);
#477=ORIENTED_EDGE('',*,*,#1912,.F.);
#478=ORIENTED_EDGE('',*,*,#1829,.T.);
#479=ORIENTED_EDGE('',*,*,#1928,.F.);
#480=ORIENTED_EDGE('',*,*,#1679,.F.);
#481=ORIENTED_EDGE('',*,*,#1929,.T.);
#482=ORIENTED_EDGE('',*,*,#1930,.T.);
#483=ORIENTED_EDGE('',*,*,#1931,.F.);
#484=ORIENTED_EDGE('',*,*,#1932,.F.);
#485=ORIENTED_EDGE('',*,*,#1870,.F.);
#486=ORIENTED_EDGE('',*,*,#1863,.T.);
#487=ORIENTED_EDGE('',*,*,#1882,.F.);
#488=ORIENTED_EDGE('',*,*,#1933,.F.);
#489=ORIENTED_EDGE('',*,*,#1876,.F.);
#490=ORIENTED_EDGE('',*,*,#1855,.T.);
#491=ORIENTED_EDGE('',*,*,#1894,.F.);
#492=ORIENTED_EDGE('',*,*,#1934,.F.);
#493=ORIENTED_EDGE('',*,*,#1888,.F.);
#494=ORIENTED_EDGE('',*,*,#1847,.T.);
#495=ORIENTED_EDGE('',*,*,#1906,.F.);
#496=ORIENTED_EDGE('',*,*,#1935,.F.);
#497=ORIENTED_EDGE('',*,*,#1900,.F.);
#498=ORIENTED_EDGE('',*,*,#1839,.T.);
#499=ORIENTED_EDGE('',*,*,#1918,.F.);
#500=ORIENTED_EDGE('',*,*,#1936,.F.);
#501=ORIENTED_EDGE('',*,*,#1937,.F.);
#502=ORIENTED_EDGE('',*,*,#1930,.F.);
#503=ORIENTED_EDGE('',*,*,#1938,.F.);
#504=ORIENTED_EDGE('',*,*,#1925,.F.);
#505=ORIENTED_EDGE('',*,*,#1938,.T.);
#506=ORIENTED_EDGE('',*,*,#1929,.F.);
#507=ORIENTED_EDGE('',*,*,#1678,.F.);
#508=ORIENTED_EDGE('',*,*,#1926,.T.);
#509=ORIENTED_EDGE('',*,*,#1828,.T.);
#510=ORIENTED_EDGE('',*,*,#1927,.F.);
#511=ORIENTED_EDGE('',*,*,#1680,.F.);
#512=ORIENTED_EDGE('',*,*,#1928,.T.);
#513=ORIENTED_EDGE('',*,*,#1937,.T.);
#514=ORIENTED_EDGE('',*,*,#1924,.T.);
#515=ORIENTED_EDGE('',*,*,#1939,.F.);
#516=ORIENTED_EDGE('',*,*,#1931,.T.);
#517=ORIENTED_EDGE('',*,*,#1940,.F.);
#518=ORIENTED_EDGE('',*,*,#1913,.T.);
#519=ORIENTED_EDGE('',*,*,#1919,.T.);
#520=ORIENTED_EDGE('',*,*,#1908,.F.);
#521=ORIENTED_EDGE('',*,*,#1941,.F.);
#522=ORIENTED_EDGE('',*,*,#1942,.F.);
#523=ORIENTED_EDGE('',*,*,#1943,.F.);
#524=ORIENTED_EDGE('',*,*,#1910,.F.);
#525=ORIENTED_EDGE('',*,*,#1936,.T.);
#526=ORIENTED_EDGE('',*,*,#1917,.T.);
#527=ORIENTED_EDGE('',*,*,#1944,.F.);
#528=ORIENTED_EDGE('',*,*,#1898,.F.);
#529=ORIENTED_EDGE('',*,*,#1935,.T.);
#530=ORIENTED_EDGE('',*,*,#1905,.T.);
#531=ORIENTED_EDGE('',*,*,#1945,.F.);
#532=ORIENTED_EDGE('',*,*,#1886,.F.);
#533=ORIENTED_EDGE('',*,*,#1934,.T.);
#534=ORIENTED_EDGE('',*,*,#1893,.T.);
#535=ORIENTED_EDGE('',*,*,#1946,.F.);
#536=ORIENTED_EDGE('',*,*,#1874,.F.);
#537=ORIENTED_EDGE('',*,*,#1933,.T.);
#538=ORIENTED_EDGE('',*,*,#1881,.T.);
#539=ORIENTED_EDGE('',*,*,#1947,.F.);
#540=ORIENTED_EDGE('',*,*,#1868,.F.);
#541=ORIENTED_EDGE('',*,*,#1932,.T.);
#542=ORIENTED_EDGE('',*,*,#1939,.T.);
#543=ORIENTED_EDGE('',*,*,#1923,.T.);
#544=ORIENTED_EDGE('',*,*,#1866,.F.);
#545=ORIENTED_EDGE('',*,*,#1948,.F.);
#546=ORIENTED_EDGE('',*,*,#1877,.T.);
#547=ORIENTED_EDGE('',*,*,#1922,.T.);
#548=ORIENTED_EDGE('',*,*,#1872,.F.);
#549=ORIENTED_EDGE('',*,*,#1949,.F.);
#550=ORIENTED_EDGE('',*,*,#1889,.T.);
#551=ORIENTED_EDGE('',*,*,#1921,.T.);
#552=ORIENTED_EDGE('',*,*,#1884,.F.);
#553=ORIENTED_EDGE('',*,*,#1950,.F.);
#554=ORIENTED_EDGE('',*,*,#1901,.T.);
#555=ORIENTED_EDGE('',*,*,#1920,.T.);
#556=ORIENTED_EDGE('',*,*,#1896,.F.);
#557=ORIENTED_EDGE('',*,*,#1806,.F.);
#558=ORIENTED_EDGE('',*,*,#1774,.F.);
#559=ORIENTED_EDGE('',*,*,#1771,.F.);
#560=ORIENTED_EDGE('',*,*,#1768,.F.);
#561=ORIENTED_EDGE('',*,*,#1746,.F.);
#562=ORIENTED_EDGE('',*,*,#1714,.F.);
#563=ORIENTED_EDGE('',*,*,#1711,.F.);
#564=ORIENTED_EDGE('',*,*,#1708,.F.);
#565=ORIENTED_EDGE('',*,*,#1808,.F.);
#566=ORIENTED_EDGE('',*,*,#1784,.F.);
#567=ORIENTED_EDGE('',*,*,#1781,.F.);
#568=ORIENTED_EDGE('',*,*,#1778,.F.);
#569=ORIENTED_EDGE('',*,*,#1748,.F.);
#570=ORIENTED_EDGE('',*,*,#1724,.F.);
#571=ORIENTED_EDGE('',*,*,#1721,.F.);
#572=ORIENTED_EDGE('',*,*,#1718,.F.);
#573=ORIENTED_EDGE('',*,*,#1810,.F.);
#574=ORIENTED_EDGE('',*,*,#1794,.F.);
#575=ORIENTED_EDGE('',*,*,#1791,.F.);
#576=ORIENTED_EDGE('',*,*,#1788,.F.);
#577=ORIENTED_EDGE('',*,*,#1750,.F.);
#578=ORIENTED_EDGE('',*,*,#1734,.F.);
#579=ORIENTED_EDGE('',*,*,#1731,.F.);
#580=ORIENTED_EDGE('',*,*,#1728,.F.);
#581=ORIENTED_EDGE('',*,*,#1812,.F.);
#582=ORIENTED_EDGE('',*,*,#1804,.F.);
#583=ORIENTED_EDGE('',*,*,#1801,.F.);
#584=ORIENTED_EDGE('',*,*,#1798,.F.);
#585=ORIENTED_EDGE('',*,*,#1752,.F.);
#586=ORIENTED_EDGE('',*,*,#1744,.F.);
#587=ORIENTED_EDGE('',*,*,#1741,.F.);
#588=ORIENTED_EDGE('',*,*,#1738,.F.);
#589=ORIENTED_EDGE('',*,*,#1824,.F.);
#590=ORIENTED_EDGE('',*,*,#1822,.F.);
#591=ORIENTED_EDGE('',*,*,#1819,.F.);
#592=ORIENTED_EDGE('',*,*,#1816,.F.);
#593=ORIENTED_EDGE('',*,*,#1764,.F.);
#594=ORIENTED_EDGE('',*,*,#1762,.F.);
#595=ORIENTED_EDGE('',*,*,#1759,.F.);
#596=ORIENTED_EDGE('',*,*,#1756,.F.);
#597=ORIENTED_EDGE('',*,*,#1944,.T.);
#598=ORIENTED_EDGE('',*,*,#1916,.F.);
#599=ORIENTED_EDGE('',*,*,#1837,.T.);
#600=ORIENTED_EDGE('',*,*,#1899,.F.);
#601=ORIENTED_EDGE('',*,*,#1833,.T.);
#602=ORIENTED_EDGE('',*,*,#1914,.F.);
#603=ORIENTED_EDGE('',*,*,#1940,.T.);
#604=ORIENTED_EDGE('',*,*,#1895,.F.);
#605=ORIENTED_EDGE('',*,*,#1831,.T.);
#606=ORIENTED_EDGE('',*,*,#1911,.F.);
#607=ORIENTED_EDGE('',*,*,#1943,.T.);
#608=ORIENTED_EDGE('',*,*,#1951,.T.);
#609=ORIENTED_EDGE('',*,*,#1825,.T.);
#610=ORIENTED_EDGE('',*,*,#1952,.F.);
#611=ORIENTED_EDGE('',*,*,#1941,.T.);
#612=ORIENTED_EDGE('',*,*,#1907,.F.);
#613=ORIENTED_EDGE('',*,*,#1832,.T.);
#614=ORIENTED_EDGE('',*,*,#1951,.F.);
#615=ORIENTED_EDGE('',*,*,#1942,.T.);
#616=ORIENTED_EDGE('',*,*,#1952,.T.);
#617=ORIENTED_EDGE('',*,*,#1945,.T.);
#618=ORIENTED_EDGE('',*,*,#1904,.F.);
#619=ORIENTED_EDGE('',*,*,#1845,.T.);
#620=ORIENTED_EDGE('',*,*,#1887,.F.);
#621=ORIENTED_EDGE('',*,*,#1841,.T.);
#622=ORIENTED_EDGE('',*,*,#1902,.F.);
#623=ORIENTED_EDGE('',*,*,#1950,.T.);
#624=ORIENTED_EDGE('',*,*,#1883,.F.);
#625=ORIENTED_EDGE('',*,*,#1946,.T.);
#626=ORIENTED_EDGE('',*,*,#1892,.F.);
#627=ORIENTED_EDGE('',*,*,#1853,.T.);
#628=ORIENTED_EDGE('',*,*,#1875,.F.);
#629=ORIENTED_EDGE('',*,*,#1849,.T.);
#630=ORIENTED_EDGE('',*,*,#1890,.F.);
#631=ORIENTED_EDGE('',*,*,#1949,.T.);
#632=ORIENTED_EDGE('',*,*,#1871,.F.);
#633=ORIENTED_EDGE('',*,*,#1857,.T.);
#634=ORIENTED_EDGE('',*,*,#1878,.F.);
#635=ORIENTED_EDGE('',*,*,#1948,.T.);
#636=ORIENTED_EDGE('',*,*,#1865,.F.);
#637=ORIENTED_EDGE('',*,*,#1947,.T.);
#638=ORIENTED_EDGE('',*,*,#1880,.F.);
#639=ORIENTED_EDGE('',*,*,#1861,.T.);
#640=ORIENTED_EDGE('',*,*,#1869,.F.);
#641=ORIENTED_EDGE('',*,*,#1953,.F.);
#642=ORIENTED_EDGE('',*,*,#1954,.F.);
#643=ORIENTED_EDGE('',*,*,#1672,.T.);
#644=ORIENTED_EDGE('',*,*,#1955,.T.);
#645=ORIENTED_EDGE('',*,*,#1956,.F.);
#646=ORIENTED_EDGE('',*,*,#1955,.F.);
#647=ORIENTED_EDGE('',*,*,#1671,.T.);
#648=ORIENTED_EDGE('',*,*,#1957,.T.);
#649=ORIENTED_EDGE('',*,*,#1958,.F.);
#650=ORIENTED_EDGE('',*,*,#1957,.F.);
#651=ORIENTED_EDGE('',*,*,#1676,.T.);
#652=ORIENTED_EDGE('',*,*,#1959,.T.);
#653=ORIENTED_EDGE('',*,*,#1960,.F.);
#654=ORIENTED_EDGE('',*,*,#1959,.F.);
#655=ORIENTED_EDGE('',*,*,#1675,.T.);
#656=ORIENTED_EDGE('',*,*,#1961,.T.);
#657=ORIENTED_EDGE('',*,*,#1962,.F.);
#658=ORIENTED_EDGE('',*,*,#1961,.F.);
#659=ORIENTED_EDGE('',*,*,#1674,.T.);
#660=ORIENTED_EDGE('',*,*,#1963,.T.);
#661=ORIENTED_EDGE('',*,*,#1964,.F.);
#662=ORIENTED_EDGE('',*,*,#1963,.F.);
#663=ORIENTED_EDGE('',*,*,#1673,.T.);
#664=ORIENTED_EDGE('',*,*,#1954,.T.);
#665=ORIENTED_EDGE('',*,*,#1818,.F.);
#666=ORIENTED_EDGE('',*,*,#1821,.F.);
#667=ORIENTED_EDGE('',*,*,#1823,.F.);
#668=ORIENTED_EDGE('',*,*,#1814,.F.);
#669=ORIENTED_EDGE('',*,*,#1953,.T.);
#670=ORIENTED_EDGE('',*,*,#1956,.T.);
#671=ORIENTED_EDGE('',*,*,#1958,.T.);
#672=ORIENTED_EDGE('',*,*,#1960,.T.);
#673=ORIENTED_EDGE('',*,*,#1962,.T.);
#674=ORIENTED_EDGE('',*,*,#1964,.T.);
#675=ORIENTED_EDGE('',*,*,#1965,.F.);
#676=ORIENTED_EDGE('',*,*,#1966,.F.);
#677=ORIENTED_EDGE('',*,*,#1660,.T.);
#678=ORIENTED_EDGE('',*,*,#1967,.T.);
#679=ORIENTED_EDGE('',*,*,#1968,.F.);
#680=ORIENTED_EDGE('',*,*,#1967,.F.);
#681=ORIENTED_EDGE('',*,*,#1659,.T.);
#682=ORIENTED_EDGE('',*,*,#1969,.T.);
#683=ORIENTED_EDGE('',*,*,#1970,.F.);
#684=ORIENTED_EDGE('',*,*,#1969,.F.);
#685=ORIENTED_EDGE('',*,*,#1664,.T.);
#686=ORIENTED_EDGE('',*,*,#1971,.T.);
#687=ORIENTED_EDGE('',*,*,#1972,.F.);
#688=ORIENTED_EDGE('',*,*,#1971,.F.);
#689=ORIENTED_EDGE('',*,*,#1663,.T.);
#690=ORIENTED_EDGE('',*,*,#1973,.T.);
#691=ORIENTED_EDGE('',*,*,#1974,.F.);
#692=ORIENTED_EDGE('',*,*,#1973,.F.);
#693=ORIENTED_EDGE('',*,*,#1662,.T.);
#694=ORIENTED_EDGE('',*,*,#1975,.T.);
#695=ORIENTED_EDGE('',*,*,#1976,.F.);
#696=ORIENTED_EDGE('',*,*,#1975,.F.);
#697=ORIENTED_EDGE('',*,*,#1661,.T.);
#698=ORIENTED_EDGE('',*,*,#1966,.T.);
#699=ORIENTED_EDGE('',*,*,#1800,.F.);
#700=ORIENTED_EDGE('',*,*,#1803,.F.);
#701=ORIENTED_EDGE('',*,*,#1811,.F.);
#702=ORIENTED_EDGE('',*,*,#1796,.F.);
#703=ORIENTED_EDGE('',*,*,#1965,.T.);
#704=ORIENTED_EDGE('',*,*,#1968,.T.);
#705=ORIENTED_EDGE('',*,*,#1970,.T.);
#706=ORIENTED_EDGE('',*,*,#1972,.T.);
#707=ORIENTED_EDGE('',*,*,#1974,.T.);
#708=ORIENTED_EDGE('',*,*,#1976,.T.);
#709=ORIENTED_EDGE('',*,*,#1977,.F.);
#710=ORIENTED_EDGE('',*,*,#1978,.F.);
#711=ORIENTED_EDGE('',*,*,#1688,.T.);
#712=ORIENTED_EDGE('',*,*,#1979,.T.);
#713=ORIENTED_EDGE('',*,*,#1980,.F.);
#714=ORIENTED_EDGE('',*,*,#1979,.F.);
#715=ORIENTED_EDGE('',*,*,#1687,.T.);
#716=ORIENTED_EDGE('',*,*,#1981,.T.);
#717=ORIENTED_EDGE('',*,*,#1982,.F.);
#718=ORIENTED_EDGE('',*,*,#1981,.F.);
#719=ORIENTED_EDGE('',*,*,#1692,.T.);
#720=ORIENTED_EDGE('',*,*,#1983,.T.);
#721=ORIENTED_EDGE('',*,*,#1984,.F.);
#722=ORIENTED_EDGE('',*,*,#1983,.F.);
#723=ORIENTED_EDGE('',*,*,#1691,.T.);
#724=ORIENTED_EDGE('',*,*,#1985,.T.);
#725=ORIENTED_EDGE('',*,*,#1986,.F.);
#726=ORIENTED_EDGE('',*,*,#1985,.F.);
#727=ORIENTED_EDGE('',*,*,#1690,.T.);
#728=ORIENTED_EDGE('',*,*,#1987,.T.);
#729=ORIENTED_EDGE('',*,*,#1988,.F.);
#730=ORIENTED_EDGE('',*,*,#1987,.F.);
#731=ORIENTED_EDGE('',*,*,#1689,.T.);
#732=ORIENTED_EDGE('',*,*,#1978,.T.);
#733=ORIENTED_EDGE('',*,*,#1790,.F.);
#734=ORIENTED_EDGE('',*,*,#1793,.F.);
#735=ORIENTED_EDGE('',*,*,#1809,.F.);
#736=ORIENTED_EDGE('',*,*,#1786,.F.);
#737=ORIENTED_EDGE('',*,*,#1977,.T.);
#738=ORIENTED_EDGE('',*,*,#1980,.T.);
#739=ORIENTED_EDGE('',*,*,#1982,.T.);
#740=ORIENTED_EDGE('',*,*,#1984,.T.);
#741=ORIENTED_EDGE('',*,*,#1986,.T.);
#742=ORIENTED_EDGE('',*,*,#1988,.T.);
#743=ORIENTED_EDGE('',*,*,#1989,.F.);
#744=ORIENTED_EDGE('',*,*,#1990,.F.);
#745=ORIENTED_EDGE('',*,*,#1666,.T.);
#746=ORIENTED_EDGE('',*,*,#1991,.T.);
#747=ORIENTED_EDGE('',*,*,#1992,.F.);
#748=ORIENTED_EDGE('',*,*,#1991,.F.);
#749=ORIENTED_EDGE('',*,*,#1665,.T.);
#750=ORIENTED_EDGE('',*,*,#1993,.T.);
#751=ORIENTED_EDGE('',*,*,#1994,.F.);
#752=ORIENTED_EDGE('',*,*,#1993,.F.);
#753=ORIENTED_EDGE('',*,*,#1670,.T.);
#754=ORIENTED_EDGE('',*,*,#1995,.T.);
#755=ORIENTED_EDGE('',*,*,#1996,.F.);
#756=ORIENTED_EDGE('',*,*,#1995,.F.);
#757=ORIENTED_EDGE('',*,*,#1669,.T.);
#758=ORIENTED_EDGE('',*,*,#1997,.T.);
#759=ORIENTED_EDGE('',*,*,#1998,.F.);
#760=ORIENTED_EDGE('',*,*,#1997,.F.);
#761=ORIENTED_EDGE('',*,*,#1668,.T.);
#762=ORIENTED_EDGE('',*,*,#1999,.T.);
#763=ORIENTED_EDGE('',*,*,#2000,.F.);
#764=ORIENTED_EDGE('',*,*,#1999,.F.);
#765=ORIENTED_EDGE('',*,*,#1667,.T.);
#766=ORIENTED_EDGE('',*,*,#1990,.T.);
#767=ORIENTED_EDGE('',*,*,#1780,.F.);
#768=ORIENTED_EDGE('',*,*,#1783,.F.);
#769=ORIENTED_EDGE('',*,*,#1807,.F.);
#770=ORIENTED_EDGE('',*,*,#1776,.F.);
#771=ORIENTED_EDGE('',*,*,#1989,.T.);
#772=ORIENTED_EDGE('',*,*,#1992,.T.);
#773=ORIENTED_EDGE('',*,*,#1994,.T.);
#774=ORIENTED_EDGE('',*,*,#1996,.T.);
#775=ORIENTED_EDGE('',*,*,#1998,.T.);
#776=ORIENTED_EDGE('',*,*,#2000,.T.);
#777=ORIENTED_EDGE('',*,*,#2001,.F.);
#778=ORIENTED_EDGE('',*,*,#2002,.F.);
#779=ORIENTED_EDGE('',*,*,#1682,.T.);
#780=ORIENTED_EDGE('',*,*,#2003,.T.);
#781=ORIENTED_EDGE('',*,*,#2004,.F.);
#782=ORIENTED_EDGE('',*,*,#2003,.F.);
#783=ORIENTED_EDGE('',*,*,#1681,.T.);
#784=ORIENTED_EDGE('',*,*,#2005,.T.);
#785=ORIENTED_EDGE('',*,*,#2006,.F.);
#786=ORIENTED_EDGE('',*,*,#2005,.F.);
#787=ORIENTED_EDGE('',*,*,#1686,.T.);
#788=ORIENTED_EDGE('',*,*,#2007,.T.);
#789=ORIENTED_EDGE('',*,*,#2008,.F.);
#790=ORIENTED_EDGE('',*,*,#2007,.F.);
#791=ORIENTED_EDGE('',*,*,#1685,.T.);
#792=ORIENTED_EDGE('',*,*,#2009,.T.);
#793=ORIENTED_EDGE('',*,*,#2010,.F.);
#794=ORIENTED_EDGE('',*,*,#2009,.F.);
#795=ORIENTED_EDGE('',*,*,#1684,.T.);
#796=ORIENTED_EDGE('',*,*,#2011,.T.);
#797=ORIENTED_EDGE('',*,*,#2012,.F.);
#798=ORIENTED_EDGE('',*,*,#2011,.F.);
#799=ORIENTED_EDGE('',*,*,#1683,.T.);
#800=ORIENTED_EDGE('',*,*,#2002,.T.);
#801=ORIENTED_EDGE('',*,*,#1770,.F.);
#802=ORIENTED_EDGE('',*,*,#1773,.F.);
#803=ORIENTED_EDGE('',*,*,#1805,.F.);
#804=ORIENTED_EDGE('',*,*,#1766,.F.);
#805=ORIENTED_EDGE('',*,*,#2001,.T.);
#806=ORIENTED_EDGE('',*,*,#2004,.T.);
#807=ORIENTED_EDGE('',*,*,#2006,.T.);
#808=ORIENTED_EDGE('',*,*,#2008,.T.);
#809=ORIENTED_EDGE('',*,*,#2010,.T.);
#810=ORIENTED_EDGE('',*,*,#2012,.T.);
#811=ORIENTED_EDGE('',*,*,#2013,.F.);
#812=ORIENTED_EDGE('',*,*,#2014,.F.);
#813=ORIENTED_EDGE('',*,*,#1694,.T.);
#814=ORIENTED_EDGE('',*,*,#2015,.T.);
#815=ORIENTED_EDGE('',*,*,#2016,.F.);
#816=ORIENTED_EDGE('',*,*,#2015,.F.);
#817=ORIENTED_EDGE('',*,*,#1693,.T.);
#818=ORIENTED_EDGE('',*,*,#2017,.T.);
#819=ORIENTED_EDGE('',*,*,#2018,.F.);
#820=ORIENTED_EDGE('',*,*,#2017,.F.);
#821=ORIENTED_EDGE('',*,*,#1696,.T.);
#822=ORIENTED_EDGE('',*,*,#2019,.T.);
#823=ORIENTED_EDGE('',*,*,#2020,.F.);
#824=ORIENTED_EDGE('',*,*,#2019,.F.);
#825=ORIENTED_EDGE('',*,*,#1695,.T.);
#826=ORIENTED_EDGE('',*,*,#2014,.T.);
#827=ORIENTED_EDGE('',*,*,#1758,.F.);
#828=ORIENTED_EDGE('',*,*,#1761,.F.);
#829=ORIENTED_EDGE('',*,*,#1763,.F.);
#830=ORIENTED_EDGE('',*,*,#1754,.F.);
#831=ORIENTED_EDGE('',*,*,#2013,.T.);
#832=ORIENTED_EDGE('',*,*,#2016,.T.);
#833=ORIENTED_EDGE('',*,*,#2018,.T.);
#834=ORIENTED_EDGE('',*,*,#2020,.T.);
#835=ORIENTED_EDGE('',*,*,#2021,.F.);
#836=ORIENTED_EDGE('',*,*,#2022,.F.);
#837=ORIENTED_EDGE('',*,*,#1702,.T.);
#838=ORIENTED_EDGE('',*,*,#2023,.T.);
#839=ORIENTED_EDGE('',*,*,#2024,.F.);
#840=ORIENTED_EDGE('',*,*,#2023,.F.);
#841=ORIENTED_EDGE('',*,*,#1701,.T.);
#842=ORIENTED_EDGE('',*,*,#2025,.T.);
#843=ORIENTED_EDGE('',*,*,#2026,.F.);
#844=ORIENTED_EDGE('',*,*,#2025,.F.);
#845=ORIENTED_EDGE('',*,*,#1704,.T.);
#846=ORIENTED_EDGE('',*,*,#2027,.T.);
#847=ORIENTED_EDGE('',*,*,#2028,.F.);
#848=ORIENTED_EDGE('',*,*,#2027,.F.);
#849=ORIENTED_EDGE('',*,*,#1703,.T.);
#850=ORIENTED_EDGE('',*,*,#2022,.T.);
#851=ORIENTED_EDGE('',*,*,#1740,.F.);
#852=ORIENTED_EDGE('',*,*,#1743,.F.);
#853=ORIENTED_EDGE('',*,*,#1751,.F.);
#854=ORIENTED_EDGE('',*,*,#1736,.F.);
#855=ORIENTED_EDGE('',*,*,#2021,.T.);
#856=ORIENTED_EDGE('',*,*,#2024,.T.);
#857=ORIENTED_EDGE('',*,*,#2026,.T.);
#858=ORIENTED_EDGE('',*,*,#2028,.T.);
#859=ORIENTED_EDGE('',*,*,#2029,.F.);
#860=ORIENTED_EDGE('',*,*,#2030,.F.);
#861=ORIENTED_EDGE('',*,*,#1652,.T.);
#862=ORIENTED_EDGE('',*,*,#2031,.T.);
#863=ORIENTED_EDGE('',*,*,#2032,.F.);
#864=ORIENTED_EDGE('',*,*,#2031,.F.);
#865=ORIENTED_EDGE('',*,*,#1651,.T.);
#866=ORIENTED_EDGE('',*,*,#2033,.T.);
#867=ORIENTED_EDGE('',*,*,#2034,.F.);
#868=ORIENTED_EDGE('',*,*,#2033,.F.);
#869=ORIENTED_EDGE('',*,*,#1654,.T.);
#870=ORIENTED_EDGE('',*,*,#2035,.T.);
#871=ORIENTED_EDGE('',*,*,#2036,.F.);
#872=ORIENTED_EDGE('',*,*,#2035,.F.);
#873=ORIENTED_EDGE('',*,*,#1653,.T.);
#874=ORIENTED_EDGE('',*,*,#2030,.T.);
#875=ORIENTED_EDGE('',*,*,#1730,.F.);
#876=ORIENTED_EDGE('',*,*,#1733,.F.);
#877=ORIENTED_EDGE('',*,*,#1749,.F.);
#878=ORIENTED_EDGE('',*,*,#1726,.F.);
#879=ORIENTED_EDGE('',*,*,#2029,.T.);
#880=ORIENTED_EDGE('',*,*,#2032,.T.);
#881=ORIENTED_EDGE('',*,*,#2034,.T.);
#882=ORIENTED_EDGE('',*,*,#2036,.T.);
#883=ORIENTED_EDGE('',*,*,#2037,.F.);
#884=ORIENTED_EDGE('',*,*,#2038,.F.);
#885=ORIENTED_EDGE('',*,*,#1698,.T.);
#886=ORIENTED_EDGE('',*,*,#2039,.T.);
#887=ORIENTED_EDGE('',*,*,#2040,.F.);
#888=ORIENTED_EDGE('',*,*,#2039,.F.);
#889=ORIENTED_EDGE('',*,*,#1697,.T.);
#890=ORIENTED_EDGE('',*,*,#2041,.T.);
#891=ORIENTED_EDGE('',*,*,#2042,.F.);
#892=ORIENTED_EDGE('',*,*,#2041,.F.);
#893=ORIENTED_EDGE('',*,*,#1700,.T.);
#894=ORIENTED_EDGE('',*,*,#2043,.T.);
#895=ORIENTED_EDGE('',*,*,#2044,.F.);
#896=ORIENTED_EDGE('',*,*,#2043,.F.);
#897=ORIENTED_EDGE('',*,*,#1699,.T.);
#898=ORIENTED_EDGE('',*,*,#2038,.T.);
#899=ORIENTED_EDGE('',*,*,#1720,.F.);
#900=ORIENTED_EDGE('',*,*,#1723,.F.);
#901=ORIENTED_EDGE('',*,*,#1747,.F.);
#902=ORIENTED_EDGE('',*,*,#1716,.F.);
#903=ORIENTED_EDGE('',*,*,#2037,.T.);
#904=ORIENTED_EDGE('',*,*,#2040,.T.);
#905=ORIENTED_EDGE('',*,*,#2042,.T.);
#906=ORIENTED_EDGE('',*,*,#2044,.T.);
#907=ORIENTED_EDGE('',*,*,#2045,.F.);
#908=ORIENTED_EDGE('',*,*,#2046,.F.);
#909=ORIENTED_EDGE('',*,*,#1656,.T.);
#910=ORIENTED_EDGE('',*,*,#2047,.T.);
#911=ORIENTED_EDGE('',*,*,#2048,.F.);
#912=ORIENTED_EDGE('',*,*,#2047,.F.);
#913=ORIENTED_EDGE('',*,*,#1655,.T.);
#914=ORIENTED_EDGE('',*,*,#2049,.T.);
#915=ORIENTED_EDGE('',*,*,#2050,.F.);
#916=ORIENTED_EDGE('',*,*,#2049,.F.);
#917=ORIENTED_EDGE('',*,*,#1658,.T.);
#918=ORIENTED_EDGE('',*,*,#2051,.T.);
#919=ORIENTED_EDGE('',*,*,#2052,.F.);
#920=ORIENTED_EDGE('',*,*,#2051,.F.);
#921=ORIENTED_EDGE('',*,*,#1657,.T.);
#922=ORIENTED_EDGE('',*,*,#2046,.T.);
#923=ORIENTED_EDGE('',*,*,#1710,.F.);
#924=ORIENTED_EDGE('',*,*,#1713,.F.);
#925=ORIENTED_EDGE('',*,*,#1745,.F.);
#926=ORIENTED_EDGE('',*,*,#1706,.F.);
#927=ORIENTED_EDGE('',*,*,#2045,.T.);
#928=ORIENTED_EDGE('',*,*,#2048,.T.);
#929=ORIENTED_EDGE('',*,*,#2050,.T.);
#930=ORIENTED_EDGE('',*,*,#2052,.T.);
#931=ORIENTED_EDGE('',*,*,#2053,.F.);
#932=ORIENTED_EDGE('',*,*,#2054,.F.);
#933=ORIENTED_EDGE('',*,*,#2055,.T.);
#934=ORIENTED_EDGE('',*,*,#2056,.F.);
#935=ORIENTED_EDGE('',*,*,#2057,.F.);
#936=ORIENTED_EDGE('',*,*,#2058,.F.);
#937=ORIENTED_EDGE('',*,*,#2059,.T.);
#938=ORIENTED_EDGE('',*,*,#2060,.F.);
#939=ORIENTED_EDGE('',*,*,#2061,.F.);
#940=ORIENTED_EDGE('',*,*,#2062,.F.);
#941=ORIENTED_EDGE('',*,*,#2063,.T.);
#942=ORIENTED_EDGE('',*,*,#2064,.F.);
#943=ORIENTED_EDGE('',*,*,#2065,.F.);
#944=ORIENTED_EDGE('',*,*,#2066,.F.);
#945=ORIENTED_EDGE('',*,*,#2067,.T.);
#946=ORIENTED_EDGE('',*,*,#2068,.F.);
#947=ORIENTED_EDGE('',*,*,#2069,.F.);
#948=ORIENTED_EDGE('',*,*,#2070,.F.);
#949=ORIENTED_EDGE('',*,*,#2071,.T.);
#950=ORIENTED_EDGE('',*,*,#2072,.T.);
#951=ORIENTED_EDGE('',*,*,#2073,.F.);
#952=ORIENTED_EDGE('',*,*,#2074,.T.);
#953=ORIENTED_EDGE('',*,*,#2075,.F.);
#954=ORIENTED_EDGE('',*,*,#2076,.F.);
#955=ORIENTED_EDGE('',*,*,#2077,.F.);
#956=ORIENTED_EDGE('',*,*,#2078,.F.);
#957=ORIENTED_EDGE('',*,*,#2079,.F.);
#958=ORIENTED_EDGE('',*,*,#2080,.F.);
#959=ORIENTED_EDGE('',*,*,#2081,.F.);
#960=ORIENTED_EDGE('',*,*,#2082,.F.);
#961=ORIENTED_EDGE('',*,*,#2083,.F.);
#962=ORIENTED_EDGE('',*,*,#2084,.F.);
#963=ORIENTED_EDGE('',*,*,#2085,.F.);
#964=ORIENTED_EDGE('',*,*,#2086,.F.);
#965=ORIENTED_EDGE('',*,*,#2087,.F.);
#966=ORIENTED_EDGE('',*,*,#2088,.F.);
#967=ORIENTED_EDGE('',*,*,#2089,.F.);
#968=ORIENTED_EDGE('',*,*,#2090,.F.);
#969=ORIENTED_EDGE('',*,*,#2091,.F.);
#970=ORIENTED_EDGE('',*,*,#2092,.F.);
#971=ORIENTED_EDGE('',*,*,#2054,.T.);
#972=ORIENTED_EDGE('',*,*,#2093,.T.);
#973=ORIENTED_EDGE('',*,*,#2092,.T.);
#974=ORIENTED_EDGE('',*,*,#2094,.F.);
#975=ORIENTED_EDGE('',*,*,#2095,.T.);
#976=ORIENTED_EDGE('',*,*,#2096,.T.);
#977=ORIENTED_EDGE('',*,*,#2097,.T.);
#978=ORIENTED_EDGE('',*,*,#2098,.T.);
#979=ORIENTED_EDGE('',*,*,#2099,.T.);
#980=ORIENTED_EDGE('',*,*,#2100,.T.);
#981=ORIENTED_EDGE('',*,*,#2101,.T.);
#982=ORIENTED_EDGE('',*,*,#2102,.T.);
#983=ORIENTED_EDGE('',*,*,#2103,.T.);
#984=ORIENTED_EDGE('',*,*,#2104,.T.);
#985=ORIENTED_EDGE('',*,*,#2105,.T.);
#986=ORIENTED_EDGE('',*,*,#2106,.F.);
#987=ORIENTED_EDGE('',*,*,#2107,.F.);
#988=ORIENTED_EDGE('',*,*,#2072,.F.);
#989=ORIENTED_EDGE('',*,*,#2108,.T.);
#990=ORIENTED_EDGE('',*,*,#2109,.F.);
#991=ORIENTED_EDGE('',*,*,#2110,.F.);
#992=ORIENTED_EDGE('',*,*,#2111,.F.);
#993=ORIENTED_EDGE('',*,*,#2112,.F.);
#994=ORIENTED_EDGE('',*,*,#2113,.F.);
#995=ORIENTED_EDGE('',*,*,#2114,.F.);
#996=ORIENTED_EDGE('',*,*,#2115,.F.);
#997=ORIENTED_EDGE('',*,*,#2116,.F.);
#998=ORIENTED_EDGE('',*,*,#2117,.F.);
#999=ORIENTED_EDGE('',*,*,#2118,.F.);
#1000=ORIENTED_EDGE('',*,*,#2119,.F.);
#1001=ORIENTED_EDGE('',*,*,#2120,.T.);
#1002=ORIENTED_EDGE('',*,*,#2074,.F.);
#1003=ORIENTED_EDGE('',*,*,#2121,.F.);
#1004=ORIENTED_EDGE('',*,*,#2122,.T.);
#1005=ORIENTED_EDGE('',*,*,#2118,.T.);
#1006=ORIENTED_EDGE('',*,*,#2123,.F.);
#1007=ORIENTED_EDGE('',*,*,#2124,.F.);
#1008=ORIENTED_EDGE('',*,*,#2125,.F.);
#1009=ORIENTED_EDGE('',*,*,#2096,.F.);
#1010=ORIENTED_EDGE('',*,*,#2126,.T.);
#1011=ORIENTED_EDGE('',*,*,#2127,.F.);
#1012=ORIENTED_EDGE('',*,*,#2128,.T.);
#1013=ORIENTED_EDGE('',*,*,#2129,.F.);
#1014=ORIENTED_EDGE('',*,*,#2130,.F.);
#1015=ORIENTED_EDGE('',*,*,#2131,.F.);
#1016=ORIENTED_EDGE('',*,*,#2132,.T.);
#1017=ORIENTED_EDGE('',*,*,#2133,.F.);
#1018=ORIENTED_EDGE('',*,*,#2134,.F.);
#1019=ORIENTED_EDGE('',*,*,#2135,.F.);
#1020=ORIENTED_EDGE('',*,*,#2136,.T.);
#1021=ORIENTED_EDGE('',*,*,#2137,.F.);
#1022=ORIENTED_EDGE('',*,*,#2138,.F.);
#1023=ORIENTED_EDGE('',*,*,#2139,.F.);
#1024=ORIENTED_EDGE('',*,*,#2123,.T.);
#1025=ORIENTED_EDGE('',*,*,#2117,.T.);
#1026=ORIENTED_EDGE('',*,*,#2140,.F.);
#1027=ORIENTED_EDGE('',*,*,#2141,.F.);
#1028=ORIENTED_EDGE('',*,*,#2142,.F.);
#1029=ORIENTED_EDGE('',*,*,#2097,.F.);
#1030=ORIENTED_EDGE('',*,*,#2125,.T.);
#1031=ORIENTED_EDGE('',*,*,#2143,.F.);
#1032=ORIENTED_EDGE('',*,*,#2130,.T.);
#1033=ORIENTED_EDGE('',*,*,#2144,.F.);
#1034=ORIENTED_EDGE('',*,*,#2145,.F.);
#1035=ORIENTED_EDGE('',*,*,#2146,.F.);
#1036=ORIENTED_EDGE('',*,*,#2134,.T.);
#1037=ORIENTED_EDGE('',*,*,#2147,.F.);
#1038=ORIENTED_EDGE('',*,*,#2148,.F.);
#1039=ORIENTED_EDGE('',*,*,#2149,.F.);
#1040=ORIENTED_EDGE('',*,*,#2138,.T.);
#1041=ORIENTED_EDGE('',*,*,#2150,.F.);
#1042=ORIENTED_EDGE('',*,*,#2151,.F.);
#1043=ORIENTED_EDGE('',*,*,#2152,.F.);
#1044=ORIENTED_EDGE('',*,*,#2140,.T.);
#1045=ORIENTED_EDGE('',*,*,#2116,.T.);
#1046=ORIENTED_EDGE('',*,*,#2153,.F.);
#1047=ORIENTED_EDGE('',*,*,#2154,.F.);
#1048=ORIENTED_EDGE('',*,*,#2155,.F.);
#1049=ORIENTED_EDGE('',*,*,#2098,.F.);
#1050=ORIENTED_EDGE('',*,*,#2142,.T.);
#1051=ORIENTED_EDGE('',*,*,#2156,.F.);
#1052=ORIENTED_EDGE('',*,*,#2145,.T.);
#1053=ORIENTED_EDGE('',*,*,#2157,.F.);
#1054=ORIENTED_EDGE('',*,*,#2158,.F.);
#1055=ORIENTED_EDGE('',*,*,#2159,.F.);
#1056=ORIENTED_EDGE('',*,*,#2148,.T.);
#1057=ORIENTED_EDGE('',*,*,#2160,.F.);
#1058=ORIENTED_EDGE('',*,*,#2161,.F.);
#1059=ORIENTED_EDGE('',*,*,#2162,.F.);
#1060=ORIENTED_EDGE('',*,*,#2151,.T.);
#1061=ORIENTED_EDGE('',*,*,#2163,.F.);
#1062=ORIENTED_EDGE('',*,*,#2164,.F.);
#1063=ORIENTED_EDGE('',*,*,#2165,.F.);
#1064=ORIENTED_EDGE('',*,*,#2153,.T.);
#1065=ORIENTED_EDGE('',*,*,#2115,.T.);
#1066=ORIENTED_EDGE('',*,*,#2166,.F.);
#1067=ORIENTED_EDGE('',*,*,#2167,.F.);
#1068=ORIENTED_EDGE('',*,*,#2168,.F.);
#1069=ORIENTED_EDGE('',*,*,#2099,.F.);
#1070=ORIENTED_EDGE('',*,*,#2155,.T.);
#1071=ORIENTED_EDGE('',*,*,#2169,.F.);
#1072=ORIENTED_EDGE('',*,*,#2158,.T.);
#1073=ORIENTED_EDGE('',*,*,#2170,.F.);
#1074=ORIENTED_EDGE('',*,*,#2171,.F.);
#1075=ORIENTED_EDGE('',*,*,#2172,.F.);
#1076=ORIENTED_EDGE('',*,*,#2161,.T.);
#1077=ORIENTED_EDGE('',*,*,#2173,.F.);
#1078=ORIENTED_EDGE('',*,*,#2174,.F.);
#1079=ORIENTED_EDGE('',*,*,#2175,.F.);
#1080=ORIENTED_EDGE('',*,*,#2164,.T.);
#1081=ORIENTED_EDGE('',*,*,#2176,.F.);
#1082=ORIENTED_EDGE('',*,*,#2177,.F.);
#1083=ORIENTED_EDGE('',*,*,#2178,.F.);
#1084=ORIENTED_EDGE('',*,*,#2179,.T.);
#1085=ORIENTED_EDGE('',*,*,#2113,.T.);
#1086=ORIENTED_EDGE('',*,*,#2180,.F.);
#1087=ORIENTED_EDGE('',*,*,#2181,.F.);
#1088=ORIENTED_EDGE('',*,*,#2182,.F.);
#1089=ORIENTED_EDGE('',*,*,#2101,.F.);
#1090=ORIENTED_EDGE('',*,*,#2183,.T.);
#1091=ORIENTED_EDGE('',*,*,#2184,.F.);
#1092=ORIENTED_EDGE('',*,*,#2185,.T.);
#1093=ORIENTED_EDGE('',*,*,#2186,.F.);
#1094=ORIENTED_EDGE('',*,*,#2187,.F.);
#1095=ORIENTED_EDGE('',*,*,#2188,.F.);
#1096=ORIENTED_EDGE('',*,*,#2189,.T.);
#1097=ORIENTED_EDGE('',*,*,#2190,.F.);
#1098=ORIENTED_EDGE('',*,*,#2191,.F.);
#1099=ORIENTED_EDGE('',*,*,#2192,.F.);
#1100=ORIENTED_EDGE('',*,*,#2193,.T.);
#1101=ORIENTED_EDGE('',*,*,#2194,.F.);
#1102=ORIENTED_EDGE('',*,*,#2195,.F.);
#1103=ORIENTED_EDGE('',*,*,#2196,.F.);
#1104=ORIENTED_EDGE('',*,*,#2180,.T.);
#1105=ORIENTED_EDGE('',*,*,#2112,.T.);
#1106=ORIENTED_EDGE('',*,*,#2197,.F.);
#1107=ORIENTED_EDGE('',*,*,#2198,.F.);
#1108=ORIENTED_EDGE('',*,*,#2199,.F.);
#1109=ORIENTED_EDGE('',*,*,#2102,.F.);
#1110=ORIENTED_EDGE('',*,*,#2182,.T.);
#1111=ORIENTED_EDGE('',*,*,#2200,.F.);
#1112=ORIENTED_EDGE('',*,*,#2187,.T.);
#1113=ORIENTED_EDGE('',*,*,#2201,.F.);
#1114=ORIENTED_EDGE('',*,*,#2202,.F.);
#1115=ORIENTED_EDGE('',*,*,#2203,.F.);
#1116=ORIENTED_EDGE('',*,*,#2191,.T.);
#1117=ORIENTED_EDGE('',*,*,#2204,.F.);
#1118=ORIENTED_EDGE('',*,*,#2205,.F.);
#1119=ORIENTED_EDGE('',*,*,#2206,.F.);
#1120=ORIENTED_EDGE('',*,*,#2195,.T.);
#1121=ORIENTED_EDGE('',*,*,#2207,.F.);
#1122=ORIENTED_EDGE('',*,*,#2208,.F.);
#1123=ORIENTED_EDGE('',*,*,#2209,.F.);
#1124=ORIENTED_EDGE('',*,*,#2197,.T.);
#1125=ORIENTED_EDGE('',*,*,#2111,.T.);
#1126=ORIENTED_EDGE('',*,*,#2210,.F.);
#1127=ORIENTED_EDGE('',*,*,#2211,.F.);
#1128=ORIENTED_EDGE('',*,*,#2212,.F.);
#1129=ORIENTED_EDGE('',*,*,#2103,.F.);
#1130=ORIENTED_EDGE('',*,*,#2199,.T.);
#1131=ORIENTED_EDGE('',*,*,#2213,.F.);
#1132=ORIENTED_EDGE('',*,*,#2202,.T.);
#1133=ORIENTED_EDGE('',*,*,#2214,.F.);
#1134=ORIENTED_EDGE('',*,*,#2215,.F.);
#1135=ORIENTED_EDGE('',*,*,#2216,.F.);
#1136=ORIENTED_EDGE('',*,*,#2205,.T.);
#1137=ORIENTED_EDGE('',*,*,#2217,.F.);
#1138=ORIENTED_EDGE('',*,*,#2218,.F.);
#1139=ORIENTED_EDGE('',*,*,#2219,.F.);
#1140=ORIENTED_EDGE('',*,*,#2208,.T.);
#1141=ORIENTED_EDGE('',*,*,#2220,.F.);
#1142=ORIENTED_EDGE('',*,*,#2221,.F.);
#1143=ORIENTED_EDGE('',*,*,#2222,.F.);
#1144=ORIENTED_EDGE('',*,*,#2210,.T.);
#1145=ORIENTED_EDGE('',*,*,#2110,.T.);
#1146=ORIENTED_EDGE('',*,*,#2223,.F.);
#1147=ORIENTED_EDGE('',*,*,#2224,.F.);
#1148=ORIENTED_EDGE('',*,*,#2225,.F.);
#1149=ORIENTED_EDGE('',*,*,#2104,.F.);
#1150=ORIENTED_EDGE('',*,*,#2212,.T.);
#1151=ORIENTED_EDGE('',*,*,#2226,.F.);
#1152=ORIENTED_EDGE('',*,*,#2215,.T.);
#1153=ORIENTED_EDGE('',*,*,#2227,.F.);
#1154=ORIENTED_EDGE('',*,*,#2228,.F.);
#1155=ORIENTED_EDGE('',*,*,#2229,.F.);
#1156=ORIENTED_EDGE('',*,*,#2218,.T.);
#1157=ORIENTED_EDGE('',*,*,#2230,.F.);
#1158=ORIENTED_EDGE('',*,*,#2231,.F.);
#1159=ORIENTED_EDGE('',*,*,#2232,.F.);
#1160=ORIENTED_EDGE('',*,*,#2221,.T.);
#1161=ORIENTED_EDGE('',*,*,#2233,.F.);
#1162=ORIENTED_EDGE('',*,*,#2234,.F.);
#1163=ORIENTED_EDGE('',*,*,#2235,.F.);
#1164=ORIENTED_EDGE('',*,*,#2223,.T.);
#1165=ORIENTED_EDGE('',*,*,#2109,.T.);
#1166=ORIENTED_EDGE('',*,*,#2236,.F.);
#1167=ORIENTED_EDGE('',*,*,#2237,.F.);
#1168=ORIENTED_EDGE('',*,*,#2238,.F.);
#1169=ORIENTED_EDGE('',*,*,#2105,.F.);
#1170=ORIENTED_EDGE('',*,*,#2225,.T.);
#1171=ORIENTED_EDGE('',*,*,#2239,.F.);
#1172=ORIENTED_EDGE('',*,*,#2228,.T.);
#1173=ORIENTED_EDGE('',*,*,#2240,.F.);
#1174=ORIENTED_EDGE('',*,*,#2241,.F.);
#1175=ORIENTED_EDGE('',*,*,#2242,.F.);
#1176=ORIENTED_EDGE('',*,*,#2231,.T.);
#1177=ORIENTED_EDGE('',*,*,#2243,.F.);
#1178=ORIENTED_EDGE('',*,*,#2244,.F.);
#1179=ORIENTED_EDGE('',*,*,#2245,.F.);
#1180=ORIENTED_EDGE('',*,*,#2234,.T.);
#1181=ORIENTED_EDGE('',*,*,#2246,.F.);
#1182=ORIENTED_EDGE('',*,*,#2247,.F.);
#1183=ORIENTED_EDGE('',*,*,#2071,.F.);
#1184=ORIENTED_EDGE('',*,*,#2248,.T.);
#1185=ORIENTED_EDGE('',*,*,#2236,.T.);
#1186=ORIENTED_EDGE('',*,*,#2108,.F.);
#1187=ORIENTED_EDGE('',*,*,#2238,.T.);
#1188=ORIENTED_EDGE('',*,*,#2249,.T.);
#1189=ORIENTED_EDGE('',*,*,#2055,.F.);
#1190=ORIENTED_EDGE('',*,*,#2106,.T.);
#1191=ORIENTED_EDGE('',*,*,#2059,.F.);
#1192=ORIENTED_EDGE('',*,*,#2250,.T.);
#1193=ORIENTED_EDGE('',*,*,#2241,.T.);
#1194=ORIENTED_EDGE('',*,*,#2251,.T.);
#1195=ORIENTED_EDGE('',*,*,#2063,.F.);
#1196=ORIENTED_EDGE('',*,*,#2252,.T.);
#1197=ORIENTED_EDGE('',*,*,#2244,.T.);
#1198=ORIENTED_EDGE('',*,*,#2253,.T.);
#1199=ORIENTED_EDGE('',*,*,#2067,.F.);
#1200=ORIENTED_EDGE('',*,*,#2254,.T.);
#1201=ORIENTED_EDGE('',*,*,#2247,.T.);
#1202=ORIENTED_EDGE('',*,*,#2255,.T.);
#1203=ORIENTED_EDGE('',*,*,#2256,.F.);
#1204=ORIENTED_EDGE('',*,*,#2257,.T.);
#1205=ORIENTED_EDGE('',*,*,#2075,.T.);
#1206=ORIENTED_EDGE('',*,*,#2120,.F.);
#1207=ORIENTED_EDGE('',*,*,#2091,.T.);
#1208=ORIENTED_EDGE('',*,*,#2258,.T.);
#1209=ORIENTED_EDGE('',*,*,#2259,.F.);
#1210=ORIENTED_EDGE('',*,*,#2094,.T.);
#1211=ORIENTED_EDGE('',*,*,#2260,.F.);
#1212=ORIENTED_EDGE('',*,*,#2261,.T.);
#1213=ORIENTED_EDGE('',*,*,#2087,.T.);
#1214=ORIENTED_EDGE('',*,*,#2262,.T.);
#1215=ORIENTED_EDGE('',*,*,#2263,.F.);
#1216=ORIENTED_EDGE('',*,*,#2264,.T.);
#1217=ORIENTED_EDGE('',*,*,#2083,.T.);
#1218=ORIENTED_EDGE('',*,*,#2265,.T.);
#1219=ORIENTED_EDGE('',*,*,#2266,.F.);
#1220=ORIENTED_EDGE('',*,*,#2267,.T.);
#1221=ORIENTED_EDGE('',*,*,#2079,.T.);
#1222=ORIENTED_EDGE('',*,*,#2268,.T.);
#1223=ORIENTED_EDGE('',*,*,#2269,.F.);
#1224=ORIENTED_EDGE('',*,*,#2256,.T.);
#1225=ORIENTED_EDGE('',*,*,#2119,.T.);
#1226=ORIENTED_EDGE('',*,*,#2122,.F.);
#1227=ORIENTED_EDGE('',*,*,#2270,.F.);
#1228=ORIENTED_EDGE('',*,*,#2126,.F.);
#1229=ORIENTED_EDGE('',*,*,#2095,.F.);
#1230=ORIENTED_EDGE('',*,*,#2259,.T.);
#1231=ORIENTED_EDGE('',*,*,#2271,.F.);
#1232=ORIENTED_EDGE('',*,*,#2260,.T.);
#1233=ORIENTED_EDGE('',*,*,#2272,.F.);
#1234=ORIENTED_EDGE('',*,*,#2128,.F.);
#1235=ORIENTED_EDGE('',*,*,#2273,.F.);
#1236=ORIENTED_EDGE('',*,*,#2263,.T.);
#1237=ORIENTED_EDGE('',*,*,#2274,.F.);
#1238=ORIENTED_EDGE('',*,*,#2132,.F.);
#1239=ORIENTED_EDGE('',*,*,#2275,.F.);
#1240=ORIENTED_EDGE('',*,*,#2266,.T.);
#1241=ORIENTED_EDGE('',*,*,#2276,.F.);
#1242=ORIENTED_EDGE('',*,*,#2136,.F.);
#1243=ORIENTED_EDGE('',*,*,#2177,.T.);
#1244=ORIENTED_EDGE('',*,*,#2277,.F.);
#1245=ORIENTED_EDGE('',*,*,#2077,.T.);
#1246=ORIENTED_EDGE('',*,*,#2278,.T.);
#1247=ORIENTED_EDGE('',*,*,#2166,.T.);
#1248=ORIENTED_EDGE('',*,*,#2114,.T.);
#1249=ORIENTED_EDGE('',*,*,#2179,.F.);
#1250=ORIENTED_EDGE('',*,*,#2279,.T.);
#1251=ORIENTED_EDGE('',*,*,#2069,.T.);
#1252=ORIENTED_EDGE('',*,*,#2280,.F.);
#1253=ORIENTED_EDGE('',*,*,#2193,.F.);
#1254=ORIENTED_EDGE('',*,*,#2281,.T.);
#1255=ORIENTED_EDGE('',*,*,#2065,.T.);
#1256=ORIENTED_EDGE('',*,*,#2282,.F.);
#1257=ORIENTED_EDGE('',*,*,#2189,.F.);
#1258=ORIENTED_EDGE('',*,*,#2283,.T.);
#1259=ORIENTED_EDGE('',*,*,#2061,.T.);
#1260=ORIENTED_EDGE('',*,*,#2284,.F.);
#1261=ORIENTED_EDGE('',*,*,#2185,.F.);
#1262=ORIENTED_EDGE('',*,*,#2285,.T.);
#1263=ORIENTED_EDGE('',*,*,#2057,.T.);
#1264=ORIENTED_EDGE('',*,*,#2286,.F.);
#1265=ORIENTED_EDGE('',*,*,#2183,.F.);
#1266=ORIENTED_EDGE('',*,*,#2100,.F.);
#1267=ORIENTED_EDGE('',*,*,#2168,.T.);
#1268=ORIENTED_EDGE('',*,*,#2287,.F.);
#1269=ORIENTED_EDGE('',*,*,#2089,.T.);
#1270=ORIENTED_EDGE('',*,*,#2288,.T.);
#1271=ORIENTED_EDGE('',*,*,#2171,.T.);
#1272=ORIENTED_EDGE('',*,*,#2289,.F.);
#1273=ORIENTED_EDGE('',*,*,#2085,.T.);
#1274=ORIENTED_EDGE('',*,*,#2290,.T.);
#1275=ORIENTED_EDGE('',*,*,#2174,.T.);
#1276=ORIENTED_EDGE('',*,*,#2291,.F.);
#1277=ORIENTED_EDGE('',*,*,#2081,.T.);
#1278=ORIENTED_EDGE('',*,*,#2292,.T.);
#1279=ORIENTED_EDGE('',*,*,#2165,.T.);
#1280=ORIENTED_EDGE('',*,*,#2278,.F.);
#1281=ORIENTED_EDGE('',*,*,#2076,.T.);
#1282=ORIENTED_EDGE('',*,*,#2257,.F.);
#1283=ORIENTED_EDGE('',*,*,#2269,.T.);
#1284=ORIENTED_EDGE('',*,*,#2121,.T.);
#1285=ORIENTED_EDGE('',*,*,#2139,.T.);
#1286=ORIENTED_EDGE('',*,*,#2152,.T.);
#1287=ORIENTED_EDGE('',*,*,#2176,.T.);
#1288=ORIENTED_EDGE('',*,*,#2163,.T.);
#1289=ORIENTED_EDGE('',*,*,#2150,.T.);
#1290=ORIENTED_EDGE('',*,*,#2137,.T.);
#1291=ORIENTED_EDGE('',*,*,#2276,.T.);
#1292=ORIENTED_EDGE('',*,*,#2268,.F.);
#1293=ORIENTED_EDGE('',*,*,#2078,.T.);
#1294=ORIENTED_EDGE('',*,*,#2277,.T.);
#1295=ORIENTED_EDGE('',*,*,#2175,.T.);
#1296=ORIENTED_EDGE('',*,*,#2292,.F.);
#1297=ORIENTED_EDGE('',*,*,#2080,.T.);
#1298=ORIENTED_EDGE('',*,*,#2267,.F.);
#1299=ORIENTED_EDGE('',*,*,#2275,.T.);
#1300=ORIENTED_EDGE('',*,*,#2135,.T.);
#1301=ORIENTED_EDGE('',*,*,#2149,.T.);
#1302=ORIENTED_EDGE('',*,*,#2162,.T.);
#1303=ORIENTED_EDGE('',*,*,#2173,.T.);
#1304=ORIENTED_EDGE('',*,*,#2160,.T.);
#1305=ORIENTED_EDGE('',*,*,#2147,.T.);
#1306=ORIENTED_EDGE('',*,*,#2133,.T.);
#1307=ORIENTED_EDGE('',*,*,#2274,.T.);
#1308=ORIENTED_EDGE('',*,*,#2265,.F.);
#1309=ORIENTED_EDGE('',*,*,#2082,.T.);
#1310=ORIENTED_EDGE('',*,*,#2291,.T.);
#1311=ORIENTED_EDGE('',*,*,#2172,.T.);
#1312=ORIENTED_EDGE('',*,*,#2290,.F.);
#1313=ORIENTED_EDGE('',*,*,#2084,.T.);
#1314=ORIENTED_EDGE('',*,*,#2264,.F.);
#1315=ORIENTED_EDGE('',*,*,#2273,.T.);
#1316=ORIENTED_EDGE('',*,*,#2131,.T.);
#1317=ORIENTED_EDGE('',*,*,#2146,.T.);
#1318=ORIENTED_EDGE('',*,*,#2159,.T.);
#1319=ORIENTED_EDGE('',*,*,#2170,.T.);
#1320=ORIENTED_EDGE('',*,*,#2157,.T.);
#1321=ORIENTED_EDGE('',*,*,#2144,.T.);
#1322=ORIENTED_EDGE('',*,*,#2129,.T.);
#1323=ORIENTED_EDGE('',*,*,#2272,.T.);
#1324=ORIENTED_EDGE('',*,*,#2262,.F.);
#1325=ORIENTED_EDGE('',*,*,#2086,.T.);
#1326=ORIENTED_EDGE('',*,*,#2289,.T.);
#1327=ORIENTED_EDGE('',*,*,#2169,.T.);
#1328=ORIENTED_EDGE('',*,*,#2288,.F.);
#1329=ORIENTED_EDGE('',*,*,#2088,.T.);
#1330=ORIENTED_EDGE('',*,*,#2261,.F.);
#1331=ORIENTED_EDGE('',*,*,#2271,.T.);
#1332=ORIENTED_EDGE('',*,*,#2127,.T.);
#1333=ORIENTED_EDGE('',*,*,#2143,.T.);
#1334=ORIENTED_EDGE('',*,*,#2156,.T.);
#1335=ORIENTED_EDGE('',*,*,#2167,.T.);
#1336=ORIENTED_EDGE('',*,*,#2154,.T.);
#1337=ORIENTED_EDGE('',*,*,#2141,.T.);
#1338=ORIENTED_EDGE('',*,*,#2124,.T.);
#1339=ORIENTED_EDGE('',*,*,#2270,.T.);
#1340=ORIENTED_EDGE('',*,*,#2258,.F.);
#1341=ORIENTED_EDGE('',*,*,#2090,.T.);
#1342=ORIENTED_EDGE('',*,*,#2287,.T.);
#1343=ORIENTED_EDGE('',*,*,#2068,.T.);
#1344=ORIENTED_EDGE('',*,*,#2255,.F.);
#1345=ORIENTED_EDGE('',*,*,#2246,.T.);
#1346=ORIENTED_EDGE('',*,*,#2233,.T.);
#1347=ORIENTED_EDGE('',*,*,#2220,.T.);
#1348=ORIENTED_EDGE('',*,*,#2207,.T.);
#1349=ORIENTED_EDGE('',*,*,#2194,.T.);
#1350=ORIENTED_EDGE('',*,*,#2280,.T.);
#1351=ORIENTED_EDGE('',*,*,#2070,.T.);
#1352=ORIENTED_EDGE('',*,*,#2279,.F.);
#1353=ORIENTED_EDGE('',*,*,#2178,.T.);
#1354=ORIENTED_EDGE('',*,*,#2196,.T.);
#1355=ORIENTED_EDGE('',*,*,#2209,.T.);
#1356=ORIENTED_EDGE('',*,*,#2222,.T.);
#1357=ORIENTED_EDGE('',*,*,#2235,.T.);
#1358=ORIENTED_EDGE('',*,*,#2248,.F.);
#1359=ORIENTED_EDGE('',*,*,#2064,.T.);
#1360=ORIENTED_EDGE('',*,*,#2253,.F.);
#1361=ORIENTED_EDGE('',*,*,#2243,.T.);
#1362=ORIENTED_EDGE('',*,*,#2230,.T.);
#1363=ORIENTED_EDGE('',*,*,#2217,.T.);
#1364=ORIENTED_EDGE('',*,*,#2204,.T.);
#1365=ORIENTED_EDGE('',*,*,#2190,.T.);
#1366=ORIENTED_EDGE('',*,*,#2282,.T.);
#1367=ORIENTED_EDGE('',*,*,#2066,.T.);
#1368=ORIENTED_EDGE('',*,*,#2281,.F.);
#1369=ORIENTED_EDGE('',*,*,#2192,.T.);
#1370=ORIENTED_EDGE('',*,*,#2206,.T.);
#1371=ORIENTED_EDGE('',*,*,#2219,.T.);
#1372=ORIENTED_EDGE('',*,*,#2232,.T.);
#1373=ORIENTED_EDGE('',*,*,#2245,.T.);
#1374=ORIENTED_EDGE('',*,*,#2254,.F.);
#1375=ORIENTED_EDGE('',*,*,#2060,.T.);
#1376=ORIENTED_EDGE('',*,*,#2251,.F.);
#1377=ORIENTED_EDGE('',*,*,#2240,.T.);
#1378=ORIENTED_EDGE('',*,*,#2227,.T.);
#1379=ORIENTED_EDGE('',*,*,#2214,.T.);
#1380=ORIENTED_EDGE('',*,*,#2201,.T.);
#1381=ORIENTED_EDGE('',*,*,#2186,.T.);
#1382=ORIENTED_EDGE('',*,*,#2284,.T.);
#1383=ORIENTED_EDGE('',*,*,#2062,.T.);
#1384=ORIENTED_EDGE('',*,*,#2283,.F.);
#1385=ORIENTED_EDGE('',*,*,#2188,.T.);
#1386=ORIENTED_EDGE('',*,*,#2203,.T.);
#1387=ORIENTED_EDGE('',*,*,#2216,.T.);
#1388=ORIENTED_EDGE('',*,*,#2229,.T.);
#1389=ORIENTED_EDGE('',*,*,#2242,.T.);
#1390=ORIENTED_EDGE('',*,*,#2252,.F.);
#1391=ORIENTED_EDGE('',*,*,#2056,.T.);
#1392=ORIENTED_EDGE('',*,*,#2249,.F.);
#1393=ORIENTED_EDGE('',*,*,#2237,.T.);
#1394=ORIENTED_EDGE('',*,*,#2224,.T.);
#1395=ORIENTED_EDGE('',*,*,#2211,.T.);
#1396=ORIENTED_EDGE('',*,*,#2198,.T.);
#1397=ORIENTED_EDGE('',*,*,#2181,.T.);
#1398=ORIENTED_EDGE('',*,*,#2286,.T.);
#1399=ORIENTED_EDGE('',*,*,#2058,.T.);
#1400=ORIENTED_EDGE('',*,*,#2285,.F.);
#1401=ORIENTED_EDGE('',*,*,#2184,.T.);
#1402=ORIENTED_EDGE('',*,*,#2200,.T.);
#1403=ORIENTED_EDGE('',*,*,#2213,.T.);
#1404=ORIENTED_EDGE('',*,*,#2226,.T.);
#1405=ORIENTED_EDGE('',*,*,#2239,.T.);
#1406=ORIENTED_EDGE('',*,*,#2250,.F.);
#1407=ORIENTED_EDGE('',*,*,#2053,.T.);
#1408=ORIENTED_EDGE('',*,*,#2107,.T.);
#1409=ORIENTED_EDGE('',*,*,#2073,.T.);
#1410=ORIENTED_EDGE('',*,*,#2093,.F.);
#1411=ORIENTED_EDGE('',*,*,#2293,.F.);
#1412=ORIENTED_EDGE('',*,*,#2294,.T.);
#1413=ORIENTED_EDGE('',*,*,#2295,.F.);
#1414=ORIENTED_EDGE('',*,*,#2296,.F.);
#1415=ORIENTED_EDGE('',*,*,#2297,.F.);
#1416=ORIENTED_EDGE('',*,*,#2298,.F.);
#1417=ORIENTED_EDGE('',*,*,#2299,.F.);
#1418=ORIENTED_EDGE('',*,*,#2300,.F.);
#1419=ORIENTED_EDGE('',*,*,#2301,.F.);
#1420=ORIENTED_EDGE('',*,*,#2302,.F.);
#1421=ORIENTED_EDGE('',*,*,#2303,.F.);
#1422=ORIENTED_EDGE('',*,*,#2304,.F.);
#1423=ORIENTED_EDGE('',*,*,#2305,.F.);
#1424=ORIENTED_EDGE('',*,*,#2306,.F.);
#1425=ORIENTED_EDGE('',*,*,#2307,.F.);
#1426=ORIENTED_EDGE('',*,*,#2308,.F.);
#1427=ORIENTED_EDGE('',*,*,#2309,.F.);
#1428=ORIENTED_EDGE('',*,*,#2310,.F.);
#1429=ORIENTED_EDGE('',*,*,#2311,.F.);
#1430=ORIENTED_EDGE('',*,*,#2312,.F.);
#1431=ORIENTED_EDGE('',*,*,#2313,.F.);
#1432=ORIENTED_EDGE('',*,*,#2314,.F.);
#1433=ORIENTED_EDGE('',*,*,#2315,.T.);
#1434=ORIENTED_EDGE('',*,*,#2316,.F.);
#1435=ORIENTED_EDGE('',*,*,#2317,.F.);
#1436=ORIENTED_EDGE('',*,*,#2318,.F.);
#1437=ORIENTED_EDGE('',*,*,#2319,.T.);
#1438=ORIENTED_EDGE('',*,*,#2320,.F.);
#1439=ORIENTED_EDGE('',*,*,#2321,.F.);
#1440=ORIENTED_EDGE('',*,*,#2322,.F.);
#1441=ORIENTED_EDGE('',*,*,#2323,.T.);
#1442=ORIENTED_EDGE('',*,*,#2324,.F.);
#1443=ORIENTED_EDGE('',*,*,#2325,.F.);
#1444=ORIENTED_EDGE('',*,*,#2326,.F.);
#1445=ORIENTED_EDGE('',*,*,#2327,.T.);
#1446=ORIENTED_EDGE('',*,*,#2328,.F.);
#1447=ORIENTED_EDGE('',*,*,#2329,.F.);
#1448=ORIENTED_EDGE('',*,*,#2330,.F.);
#1449=ORIENTED_EDGE('',*,*,#2331,.T.);
#1450=ORIENTED_EDGE('',*,*,#2332,.T.);
#1451=ORIENTED_EDGE('',*,*,#2314,.T.);
#1452=ORIENTED_EDGE('',*,*,#2333,.T.);
#1453=ORIENTED_EDGE('',*,*,#2312,.T.);
#1454=ORIENTED_EDGE('',*,*,#2334,.T.);
#1455=ORIENTED_EDGE('',*,*,#2335,.T.);
#1456=ORIENTED_EDGE('',*,*,#2336,.T.);
#1457=ORIENTED_EDGE('',*,*,#2337,.T.);
#1458=ORIENTED_EDGE('',*,*,#2338,.T.);
#1459=ORIENTED_EDGE('',*,*,#2339,.F.);
#1460=ORIENTED_EDGE('',*,*,#2332,.F.);
#1461=ORIENTED_EDGE('',*,*,#2340,.F.);
#1462=ORIENTED_EDGE('',*,*,#2341,.F.);
#1463=ORIENTED_EDGE('',*,*,#2342,.F.);
#1464=ORIENTED_EDGE('',*,*,#2343,.F.);
#1465=ORIENTED_EDGE('',*,*,#2344,.F.);
#1466=ORIENTED_EDGE('',*,*,#2294,.F.);
#1467=ORIENTED_EDGE('',*,*,#2345,.F.);
#1468=ORIENTED_EDGE('',*,*,#2295,.T.);
#1469=ORIENTED_EDGE('',*,*,#2344,.T.);
#1470=ORIENTED_EDGE('',*,*,#2346,.F.);
#1471=ORIENTED_EDGE('',*,*,#2347,.F.);
#1472=ORIENTED_EDGE('',*,*,#2348,.F.);
#1473=ORIENTED_EDGE('',*,*,#2349,.F.);
#1474=ORIENTED_EDGE('',*,*,#2299,.T.);
#1475=ORIENTED_EDGE('',*,*,#2350,.F.);
#1476=ORIENTED_EDGE('',*,*,#2351,.F.);
#1477=ORIENTED_EDGE('',*,*,#2352,.F.);
#1478=ORIENTED_EDGE('',*,*,#2303,.T.);
#1479=ORIENTED_EDGE('',*,*,#2353,.F.);
#1480=ORIENTED_EDGE('',*,*,#2354,.F.);
#1481=ORIENTED_EDGE('',*,*,#2355,.F.);
#1482=ORIENTED_EDGE('',*,*,#2307,.T.);
#1483=ORIENTED_EDGE('',*,*,#2356,.F.);
#1484=ORIENTED_EDGE('',*,*,#2357,.F.);
#1485=ORIENTED_EDGE('',*,*,#2334,.F.);
#1486=ORIENTED_EDGE('',*,*,#2311,.T.);
#1487=ORIENTED_EDGE('',*,*,#2358,.F.);
#1488=ORIENTED_EDGE('',*,*,#2346,.T.);
#1489=ORIENTED_EDGE('',*,*,#2343,.T.);
#1490=ORIENTED_EDGE('',*,*,#2359,.F.);
#1491=ORIENTED_EDGE('',*,*,#2360,.F.);
#1492=ORIENTED_EDGE('',*,*,#2361,.F.);
#1493=ORIENTED_EDGE('',*,*,#2362,.F.);
#1494=ORIENTED_EDGE('',*,*,#2348,.T.);
#1495=ORIENTED_EDGE('',*,*,#2363,.F.);
#1496=ORIENTED_EDGE('',*,*,#2364,.F.);
#1497=ORIENTED_EDGE('',*,*,#2365,.F.);
#1498=ORIENTED_EDGE('',*,*,#2351,.T.);
#1499=ORIENTED_EDGE('',*,*,#2366,.F.);
#1500=ORIENTED_EDGE('',*,*,#2367,.F.);
#1501=ORIENTED_EDGE('',*,*,#2368,.F.);
#1502=ORIENTED_EDGE('',*,*,#2354,.T.);
#1503=ORIENTED_EDGE('',*,*,#2369,.F.);
#1504=ORIENTED_EDGE('',*,*,#2370,.F.);
#1505=ORIENTED_EDGE('',*,*,#2335,.F.);
#1506=ORIENTED_EDGE('',*,*,#2357,.T.);
#1507=ORIENTED_EDGE('',*,*,#2371,.F.);
#1508=ORIENTED_EDGE('',*,*,#2372,.T.);
#1509=ORIENTED_EDGE('',*,*,#2341,.T.);
#1510=ORIENTED_EDGE('',*,*,#2373,.F.);
#1511=ORIENTED_EDGE('',*,*,#2374,.F.);
#1512=ORIENTED_EDGE('',*,*,#2375,.F.);
#1513=ORIENTED_EDGE('',*,*,#2376,.F.);
#1514=ORIENTED_EDGE('',*,*,#2377,.T.);
#1515=ORIENTED_EDGE('',*,*,#2378,.F.);
#1516=ORIENTED_EDGE('',*,*,#2379,.F.);
#1517=ORIENTED_EDGE('',*,*,#2380,.F.);
#1518=ORIENTED_EDGE('',*,*,#2381,.T.);
#1519=ORIENTED_EDGE('',*,*,#2382,.F.);
#1520=ORIENTED_EDGE('',*,*,#2383,.F.);
#1521=ORIENTED_EDGE('',*,*,#2384,.F.);
#1522=ORIENTED_EDGE('',*,*,#2385,.T.);
#1523=ORIENTED_EDGE('',*,*,#2386,.F.);
#1524=ORIENTED_EDGE('',*,*,#2387,.F.);
#1525=ORIENTED_EDGE('',*,*,#2337,.F.);
#1526=ORIENTED_EDGE('',*,*,#2388,.T.);
#1527=ORIENTED_EDGE('',*,*,#2389,.F.);
#1528=ORIENTED_EDGE('',*,*,#2373,.T.);
#1529=ORIENTED_EDGE('',*,*,#2340,.T.);
#1530=ORIENTED_EDGE('',*,*,#2331,.F.);
#1531=ORIENTED_EDGE('',*,*,#2390,.F.);
#1532=ORIENTED_EDGE('',*,*,#2327,.F.);
#1533=ORIENTED_EDGE('',*,*,#2391,.F.);
#1534=ORIENTED_EDGE('',*,*,#2375,.T.);
#1535=ORIENTED_EDGE('',*,*,#2392,.F.);
#1536=ORIENTED_EDGE('',*,*,#2323,.F.);
#1537=ORIENTED_EDGE('',*,*,#2393,.F.);
#1538=ORIENTED_EDGE('',*,*,#2379,.T.);
#1539=ORIENTED_EDGE('',*,*,#2394,.F.);
#1540=ORIENTED_EDGE('',*,*,#2319,.F.);
#1541=ORIENTED_EDGE('',*,*,#2395,.F.);
#1542=ORIENTED_EDGE('',*,*,#2383,.T.);
#1543=ORIENTED_EDGE('',*,*,#2396,.F.);
#1544=ORIENTED_EDGE('',*,*,#2315,.F.);
#1545=ORIENTED_EDGE('',*,*,#2338,.F.);
#1546=ORIENTED_EDGE('',*,*,#2387,.T.);
#1547=ORIENTED_EDGE('',*,*,#2370,.T.);
#1548=ORIENTED_EDGE('',*,*,#2397,.T.);
#1549=ORIENTED_EDGE('',*,*,#2309,.T.);
#1550=ORIENTED_EDGE('',*,*,#2398,.F.);
#1551=ORIENTED_EDGE('',*,*,#2367,.T.);
#1552=ORIENTED_EDGE('',*,*,#2399,.T.);
#1553=ORIENTED_EDGE('',*,*,#2305,.T.);
#1554=ORIENTED_EDGE('',*,*,#2400,.F.);
#1555=ORIENTED_EDGE('',*,*,#2364,.T.);
#1556=ORIENTED_EDGE('',*,*,#2401,.T.);
#1557=ORIENTED_EDGE('',*,*,#2301,.T.);
#1558=ORIENTED_EDGE('',*,*,#2402,.F.);
#1559=ORIENTED_EDGE('',*,*,#2361,.T.);
#1560=ORIENTED_EDGE('',*,*,#2403,.T.);
#1561=ORIENTED_EDGE('',*,*,#2297,.T.);
#1562=ORIENTED_EDGE('',*,*,#2404,.F.);
#1563=ORIENTED_EDGE('',*,*,#2359,.T.);
#1564=ORIENTED_EDGE('',*,*,#2342,.T.);
#1565=ORIENTED_EDGE('',*,*,#2372,.F.);
#1566=ORIENTED_EDGE('',*,*,#2405,.F.);
#1567=ORIENTED_EDGE('',*,*,#2329,.T.);
#1568=ORIENTED_EDGE('',*,*,#2406,.T.);
#1569=ORIENTED_EDGE('',*,*,#2377,.F.);
#1570=ORIENTED_EDGE('',*,*,#2407,.F.);
#1571=ORIENTED_EDGE('',*,*,#2325,.T.);
#1572=ORIENTED_EDGE('',*,*,#2408,.T.);
#1573=ORIENTED_EDGE('',*,*,#2381,.F.);
#1574=ORIENTED_EDGE('',*,*,#2409,.F.);
#1575=ORIENTED_EDGE('',*,*,#2321,.T.);
#1576=ORIENTED_EDGE('',*,*,#2410,.T.);
#1577=ORIENTED_EDGE('',*,*,#2385,.F.);
#1578=ORIENTED_EDGE('',*,*,#2411,.F.);
#1579=ORIENTED_EDGE('',*,*,#2317,.T.);
#1580=ORIENTED_EDGE('',*,*,#2412,.T.);
#1581=ORIENTED_EDGE('',*,*,#2388,.F.);
#1582=ORIENTED_EDGE('',*,*,#2336,.F.);
#1583=ORIENTED_EDGE('',*,*,#2386,.T.);
#1584=ORIENTED_EDGE('',*,*,#2412,.F.);
#1585=ORIENTED_EDGE('',*,*,#2316,.T.);
#1586=ORIENTED_EDGE('',*,*,#2396,.T.);
#1587=ORIENTED_EDGE('',*,*,#2384,.T.);
#1588=ORIENTED_EDGE('',*,*,#2395,.T.);
#1589=ORIENTED_EDGE('',*,*,#2318,.T.);
#1590=ORIENTED_EDGE('',*,*,#2411,.T.);
#1591=ORIENTED_EDGE('',*,*,#2382,.T.);
#1592=ORIENTED_EDGE('',*,*,#2410,.F.);
#1593=ORIENTED_EDGE('',*,*,#2320,.T.);
#1594=ORIENTED_EDGE('',*,*,#2394,.T.);
#1595=ORIENTED_EDGE('',*,*,#2380,.T.);
#1596=ORIENTED_EDGE('',*,*,#2393,.T.);
#1597=ORIENTED_EDGE('',*,*,#2322,.T.);
#1598=ORIENTED_EDGE('',*,*,#2409,.T.);
#1599=ORIENTED_EDGE('',*,*,#2378,.T.);
#1600=ORIENTED_EDGE('',*,*,#2408,.F.);
#1601=ORIENTED_EDGE('',*,*,#2324,.T.);
#1602=ORIENTED_EDGE('',*,*,#2392,.T.);
#1603=ORIENTED_EDGE('',*,*,#2376,.T.);
#1604=ORIENTED_EDGE('',*,*,#2391,.T.);
#1605=ORIENTED_EDGE('',*,*,#2326,.T.);
#1606=ORIENTED_EDGE('',*,*,#2407,.T.);
#1607=ORIENTED_EDGE('',*,*,#2374,.T.);
#1608=ORIENTED_EDGE('',*,*,#2406,.F.);
#1609=ORIENTED_EDGE('',*,*,#2328,.T.);
#1610=ORIENTED_EDGE('',*,*,#2390,.T.);
#1611=ORIENTED_EDGE('',*,*,#2371,.T.);
#1612=ORIENTED_EDGE('',*,*,#2389,.T.);
#1613=ORIENTED_EDGE('',*,*,#2330,.T.);
#1614=ORIENTED_EDGE('',*,*,#2405,.T.);
#1615=ORIENTED_EDGE('',*,*,#2310,.T.);
#1616=ORIENTED_EDGE('',*,*,#2397,.F.);
#1617=ORIENTED_EDGE('',*,*,#2369,.T.);
#1618=ORIENTED_EDGE('',*,*,#2356,.T.);
#1619=ORIENTED_EDGE('',*,*,#2308,.T.);
#1620=ORIENTED_EDGE('',*,*,#2355,.T.);
#1621=ORIENTED_EDGE('',*,*,#2368,.T.);
#1622=ORIENTED_EDGE('',*,*,#2398,.T.);
#1623=ORIENTED_EDGE('',*,*,#2306,.T.);
#1624=ORIENTED_EDGE('',*,*,#2399,.F.);
#1625=ORIENTED_EDGE('',*,*,#2366,.T.);
#1626=ORIENTED_EDGE('',*,*,#2353,.T.);
#1627=ORIENTED_EDGE('',*,*,#2304,.T.);
#1628=ORIENTED_EDGE('',*,*,#2352,.T.);
#1629=ORIENTED_EDGE('',*,*,#2365,.T.);
#1630=ORIENTED_EDGE('',*,*,#2400,.T.);
#1631=ORIENTED_EDGE('',*,*,#2302,.T.);
#1632=ORIENTED_EDGE('',*,*,#2401,.F.);
#1633=ORIENTED_EDGE('',*,*,#2363,.T.);
#1634=ORIENTED_EDGE('',*,*,#2350,.T.);
#1635=ORIENTED_EDGE('',*,*,#2300,.T.);
#1636=ORIENTED_EDGE('',*,*,#2349,.T.);
#1637=ORIENTED_EDGE('',*,*,#2362,.T.);
#1638=ORIENTED_EDGE('',*,*,#2402,.T.);
#1639=ORIENTED_EDGE('',*,*,#2296,.T.);
#1640=ORIENTED_EDGE('',*,*,#2345,.T.);
#1641=ORIENTED_EDGE('',*,*,#2358,.T.);
#1642=ORIENTED_EDGE('',*,*,#2404,.T.);
#1643=ORIENTED_EDGE('',*,*,#2298,.T.);
#1644=ORIENTED_EDGE('',*,*,#2403,.F.);
#1645=ORIENTED_EDGE('',*,*,#2360,.T.);
#1646=ORIENTED_EDGE('',*,*,#2347,.T.);
#1647=ORIENTED_EDGE('',*,*,#2313,.T.);
#1648=ORIENTED_EDGE('',*,*,#2339,.T.);
#1649=ORIENTED_EDGE('',*,*,#2293,.T.);
#1650=ORIENTED_EDGE('',*,*,#2333,.F.);
#1651=EDGE_CURVE('',#2413,#2414,#2921,.T.);
#1652=EDGE_CURVE('',#2415,#2413,#2922,.T.);
#1653=EDGE_CURVE('',#2416,#2415,#2923,.T.);
#1654=EDGE_CURVE('',#2414,#2416,#2924,.T.);
#1655=EDGE_CURVE('',#2417,#2418,#2925,.T.);
#1656=EDGE_CURVE('',#2419,#2417,#2926,.T.);
#1657=EDGE_CURVE('',#2420,#2419,#2927,.T.);
#1658=EDGE_CURVE('',#2418,#2420,#2928,.T.);
#1659=EDGE_CURVE('',#2421,#2422,#67,.T.);
#1660=EDGE_CURVE('',#2423,#2421,#2929,.T.);
#1661=EDGE_CURVE('',#2424,#2423,#2930,.T.);
#1662=EDGE_CURVE('',#2425,#2424,#2931,.T.);
#1663=EDGE_CURVE('',#2426,#2425,#68,.T.);
#1664=EDGE_CURVE('',#2422,#2426,#2932,.T.);
#1665=EDGE_CURVE('',#2427,#2428,#69,.T.);
#1666=EDGE_CURVE('',#2429,#2427,#2933,.T.);
#1667=EDGE_CURVE('',#2430,#2429,#2934,.T.);
#1668=EDGE_CURVE('',#2431,#2430,#2935,.T.);
#1669=EDGE_CURVE('',#2432,#2431,#70,.T.);
#1670=EDGE_CURVE('',#2428,#2432,#2936,.T.);
#1671=EDGE_CURVE('',#2433,#2434,#71,.T.);
#1672=EDGE_CURVE('',#2435,#2433,#2937,.T.);
#1673=EDGE_CURVE('',#2436,#2435,#2938,.T.);
#1674=EDGE_CURVE('',#2437,#2436,#2939,.T.);
#1675=EDGE_CURVE('',#2438,#2437,#72,.T.);
#1676=EDGE_CURVE('',#2434,#2438,#2940,.T.);
#1677=EDGE_CURVE('',#2439,#2440,#2941,.T.);
#1678=EDGE_CURVE('',#2440,#2441,#2942,.T.);
#1679=EDGE_CURVE('',#2441,#2442,#2943,.T.);
#1680=EDGE_CURVE('',#2442,#2439,#2944,.T.);
#1681=EDGE_CURVE('',#2443,#2444,#73,.T.);
#1682=EDGE_CURVE('',#2445,#2443,#2945,.T.);
#1683=EDGE_CURVE('',#2446,#2445,#2946,.T.);
#1684=EDGE_CURVE('',#2447,#2446,#2947,.T.);
#1685=EDGE_CURVE('',#2448,#2447,#74,.T.);
#1686=EDGE_CURVE('',#2444,#2448,#2948,.T.);
#1687=EDGE_CURVE('',#2449,#2450,#75,.T.);
#1688=EDGE_CURVE('',#2451,#2449,#2949,.T.);
#1689=EDGE_CURVE('',#2452,#2451,#2950,.T.);
#1690=EDGE_CURVE('',#2453,#2452,#2951,.T.);
#1691=EDGE_CURVE('',#2454,#2453,#76,.T.);
#1692=EDGE_CURVE('',#2450,#2454,#2952,.T.);
#1693=EDGE_CURVE('',#2455,#2456,#2953,.T.);
#1694=EDGE_CURVE('',#2457,#2455,#2954,.T.);
#1695=EDGE_CURVE('',#2458,#2457,#2955,.T.);
#1696=EDGE_CURVE('',#2456,#2458,#2956,.T.);
#1697=EDGE_CURVE('',#2459,#2460,#2957,.T.);
#1698=EDGE_CURVE('',#2461,#2459,#2958,.T.);
#1699=EDGE_CURVE('',#2462,#2461,#2959,.T.);
#1700=EDGE_CURVE('',#2460,#2462,#2960,.T.);
#1701=EDGE_CURVE('',#2463,#2464,#2961,.T.);
#1702=EDGE_CURVE('',#2465,#2463,#2962,.T.);
#1703=EDGE_CURVE('',#2466,#2465,#2963,.T.);
#1704=EDGE_CURVE('',#2464,#2466,#2964,.T.);
#1705=EDGE_CURVE('',#2467,#2468,#2965,.T.);
#1706=EDGE_CURVE('',#2467,#2469,#2966,.T.);
#1707=EDGE_CURVE('',#2469,#2470,#2967,.T.);
#1708=EDGE_CURVE('',#2470,#2468,#2968,.T.);
#1709=EDGE_CURVE('',#2471,#2472,#2969,.T.);
#1710=EDGE_CURVE('',#2471,#2467,#2970,.T.);
#1711=EDGE_CURVE('',#2468,#2472,#2971,.T.);
#1712=EDGE_CURVE('',#2473,#2474,#2972,.T.);
#1713=EDGE_CURVE('',#2473,#2471,#2973,.T.);
#1714=EDGE_CURVE('',#2472,#2474,#2974,.T.);
#1715=EDGE_CURVE('',#2475,#2476,#2975,.T.);
#1716=EDGE_CURVE('',#2475,#2477,#2976,.T.);
#1717=EDGE_CURVE('',#2477,#2478,#2977,.T.);
#1718=EDGE_CURVE('',#2478,#2476,#2978,.T.);
#1719=EDGE_CURVE('',#2479,#2480,#2979,.T.);
#1720=EDGE_CURVE('',#2479,#2475,#2980,.T.);
#1721=EDGE_CURVE('',#2476,#2480,#2981,.T.);
#1722=EDGE_CURVE('',#2481,#2482,#2982,.T.);
#1723=EDGE_CURVE('',#2481,#2479,#2983,.T.);
#1724=EDGE_CURVE('',#2480,#2482,#2984,.T.);
#1725=EDGE_CURVE('',#2483,#2484,#2985,.T.);
#1726=EDGE_CURVE('',#2483,#2485,#2986,.T.);
#1727=EDGE_CURVE('',#2485,#2486,#2987,.T.);
#1728=EDGE_CURVE('',#2486,#2484,#2988,.T.);
#1729=EDGE_CURVE('',#2487,#2488,#2989,.T.);
#1730=EDGE_CURVE('',#2487,#2483,#2990,.T.);
#1731=EDGE_CURVE('',#2484,#2488,#2991,.T.);
#1732=EDGE_CURVE('',#2489,#2490,#2992,.T.);
#1733=EDGE_CURVE('',#2489,#2487,#2993,.T.);
#1734=EDGE_CURVE('',#2488,#2490,#2994,.T.);
#1735=EDGE_CURVE('',#2491,#2492,#2995,.T.);
#1736=EDGE_CURVE('',#2491,#2493,#2996,.T.);
#1737=EDGE_CURVE('',#2493,#2494,#2997,.T.);
#1738=EDGE_CURVE('',#2494,#2492,#2998,.T.);
#1739=EDGE_CURVE('',#2495,#2496,#2999,.T.);
#1740=EDGE_CURVE('',#2495,#2491,#3000,.T.);
#1741=EDGE_CURVE('',#2492,#2496,#3001,.T.);
#1742=EDGE_CURVE('',#2497,#2498,#3002,.T.);
#1743=EDGE_CURVE('',#2497,#2495,#3003,.T.);
#1744=EDGE_CURVE('',#2496,#2498,#3004,.T.);
#1745=EDGE_CURVE('',#2469,#2473,#3005,.T.);
#1746=EDGE_CURVE('',#2474,#2470,#3006,.T.);
#1747=EDGE_CURVE('',#2477,#2481,#3007,.T.);
#1748=EDGE_CURVE('',#2482,#2478,#3008,.T.);
#1749=EDGE_CURVE('',#2485,#2489,#3009,.T.);
#1750=EDGE_CURVE('',#2490,#2486,#3010,.T.);
#1751=EDGE_CURVE('',#2493,#2497,#3011,.T.);
#1752=EDGE_CURVE('',#2498,#2494,#3012,.T.);
#1753=EDGE_CURVE('',#2499,#2500,#3013,.T.);
#1754=EDGE_CURVE('',#2499,#2501,#3014,.T.);
#1755=EDGE_CURVE('',#2501,#2502,#3015,.T.);
#1756=EDGE_CURVE('',#2502,#2500,#3016,.T.);
#1757=EDGE_CURVE('',#2503,#2504,#3017,.T.);
#1758=EDGE_CURVE('',#2503,#2499,#3018,.T.);
#1759=EDGE_CURVE('',#2500,#2504,#3019,.T.);
#1760=EDGE_CURVE('',#2505,#2506,#3020,.T.);
#1761=EDGE_CURVE('',#2505,#2503,#3021,.T.);
#1762=EDGE_CURVE('',#2504,#2506,#3022,.T.);
#1763=EDGE_CURVE('',#2501,#2505,#3023,.T.);
#1764=EDGE_CURVE('',#2506,#2502,#3024,.T.);
#1765=EDGE_CURVE('',#2507,#2508,#3025,.T.);
#1766=EDGE_CURVE('',#2507,#2509,#3026,.T.);
#1767=EDGE_CURVE('',#2509,#2510,#3027,.T.);
#1768=EDGE_CURVE('',#2510,#2508,#3028,.T.);
#1769=EDGE_CURVE('',#2511,#2512,#3029,.T.);
#1770=EDGE_CURVE('',#2511,#2507,#3030,.T.);
#1771=EDGE_CURVE('',#2508,#2512,#3031,.T.);
#1772=EDGE_CURVE('',#2513,#2514,#3032,.T.);
#1773=EDGE_CURVE('',#2513,#2511,#3033,.T.);
#1774=EDGE_CURVE('',#2512,#2514,#3034,.T.);
#1775=EDGE_CURVE('',#2515,#2516,#3035,.T.);
#1776=EDGE_CURVE('',#2515,#2517,#3036,.T.);
#1777=EDGE_CURVE('',#2517,#2518,#3037,.T.);
#1778=EDGE_CURVE('',#2518,#2516,#3038,.T.);
#1779=EDGE_CURVE('',#2519,#2520,#3039,.T.);
#1780=EDGE_CURVE('',#2519,#2515,#3040,.T.);
#1781=EDGE_CURVE('',#2516,#2520,#3041,.T.);
#1782=EDGE_CURVE('',#2521,#2522,#3042,.T.);
#1783=EDGE_CURVE('',#2521,#2519,#3043,.T.);
#1784=EDGE_CURVE('',#2520,#2522,#3044,.T.);
#1785=EDGE_CURVE('',#2523,#2524,#3045,.T.);
#1786=EDGE_CURVE('',#2523,#2525,#3046,.T.);
#1787=EDGE_CURVE('',#2525,#2526,#3047,.T.);
#1788=EDGE_CURVE('',#2526,#2524,#3048,.T.);
#1789=EDGE_CURVE('',#2527,#2528,#3049,.T.);
#1790=EDGE_CURVE('',#2527,#2523,#3050,.T.);
#1791=EDGE_CURVE('',#2524,#2528,#3051,.T.);
#1792=EDGE_CURVE('',#2529,#2530,#3052,.T.);
#1793=EDGE_CURVE('',#2529,#2527,#3053,.T.);
#1794=EDGE_CURVE('',#2528,#2530,#3054,.T.);
#1795=EDGE_CURVE('',#2531,#2532,#3055,.T.);
#1796=EDGE_CURVE('',#2531,#2533,#3056,.T.);
#1797=EDGE_CURVE('',#2533,#2534,#3057,.T.);
#1798=EDGE_CURVE('',#2534,#2532,#3058,.T.);
#1799=EDGE_CURVE('',#2535,#2536,#3059,.T.);
#1800=EDGE_CURVE('',#2535,#2531,#3060,.T.);
#1801=EDGE_CURVE('',#2532,#2536,#3061,.T.);
#1802=EDGE_CURVE('',#2537,#2538,#3062,.T.);
#1803=EDGE_CURVE('',#2537,#2535,#3063,.T.);
#1804=EDGE_CURVE('',#2536,#2538,#3064,.T.);
#1805=EDGE_CURVE('',#2509,#2513,#3065,.T.);
#1806=EDGE_CURVE('',#2514,#2510,#3066,.T.);
#1807=EDGE_CURVE('',#2517,#2521,#3067,.T.);
#1808=EDGE_CURVE('',#2522,#2518,#3068,.T.);
#1809=EDGE_CURVE('',#2525,#2529,#3069,.T.);
#1810=EDGE_CURVE('',#2530,#2526,#3070,.T.);
#1811=EDGE_CURVE('',#2533,#2537,#3071,.T.);
#1812=EDGE_CURVE('',#2538,#2534,#3072,.T.);
#1813=EDGE_CURVE('',#2539,#2540,#3073,.T.);
#1814=EDGE_CURVE('',#2539,#2541,#3074,.T.);
#1815=EDGE_CURVE('',#2541,#2542,#3075,.T.);
#1816=EDGE_CURVE('',#2542,#2540,#3076,.T.);
#1817=EDGE_CURVE('',#2543,#2544,#3077,.T.);
#1818=EDGE_CURVE('',#2543,#2539,#3078,.T.);
#1819=EDGE_CURVE('',#2540,#2544,#3079,.T.);
#1820=EDGE_CURVE('',#2545,#2546,#3080,.T.);
#1821=EDGE_CURVE('',#2545,#2543,#3081,.T.);
#1822=EDGE_CURVE('',#2544,#2546,#3082,.T.);
#1823=EDGE_CURVE('',#2541,#2545,#3083,.T.);
#1824=EDGE_CURVE('',#2546,#2542,#3084,.T.);
#1825=EDGE_CURVE('',#2547,#2548,#3085,.T.);
#1826=EDGE_CURVE('',#2549,#2547,#3086,.T.);
#1827=EDGE_CURVE('',#2550,#2549,#3087,.T.);
#1828=EDGE_CURVE('',#2551,#2550,#3088,.T.);
#1829=EDGE_CURVE('',#2552,#2551,#3089,.T.);
#1830=EDGE_CURVE('',#2553,#2552,#3090,.T.);
#1831=EDGE_CURVE('',#2554,#2553,#3091,.T.);
#1832=EDGE_CURVE('',#2548,#2554,#3092,.T.);
#1833=EDGE_CURVE('',#2555,#2556,#3093,.T.);
#1834=EDGE_CURVE('',#2557,#2555,#3094,.T.);
#1835=EDGE_CURVE('',#2558,#2557,#3095,.T.);
#1836=EDGE_CURVE('',#2556,#2558,#3096,.T.);
#1837=EDGE_CURVE('',#2559,#2560,#3097,.T.);
#1838=EDGE_CURVE('',#2561,#2559,#3098,.T.);
#1839=EDGE_CURVE('',#2562,#2561,#3099,.T.);
#1840=EDGE_CURVE('',#2560,#2562,#3100,.T.);
#1841=EDGE_CURVE('',#2563,#2564,#3101,.T.);
#1842=EDGE_CURVE('',#2565,#2563,#3102,.T.);
#1843=EDGE_CURVE('',#2566,#2565,#3103,.T.);
#1844=EDGE_CURVE('',#2564,#2566,#3104,.T.);
#1845=EDGE_CURVE('',#2567,#2568,#3105,.T.);
#1846=EDGE_CURVE('',#2569,#2567,#3106,.T.);
#1847=EDGE_CURVE('',#2570,#2569,#3107,.T.);
#1848=EDGE_CURVE('',#2568,#2570,#3108,.T.);
#1849=EDGE_CURVE('',#2571,#2572,#3109,.T.);
#1850=EDGE_CURVE('',#2573,#2571,#3110,.T.);
#1851=EDGE_CURVE('',#2574,#2573,#3111,.T.);
#1852=EDGE_CURVE('',#2572,#2574,#3112,.T.);
#1853=EDGE_CURVE('',#2575,#2576,#3113,.T.);
#1854=EDGE_CURVE('',#2577,#2575,#3114,.T.);
#1855=EDGE_CURVE('',#2578,#2577,#3115,.T.);
#1856=EDGE_CURVE('',#2576,#2578,#3116,.T.);
#1857=EDGE_CURVE('',#2579,#2580,#3117,.T.);
#1858=EDGE_CURVE('',#2581,#2579,#3118,.T.);
#1859=EDGE_CURVE('',#2582,#2581,#3119,.T.);
#1860=EDGE_CURVE('',#2580,#2582,#3120,.T.);
#1861=EDGE_CURVE('',#2583,#2584,#3121,.T.);
#1862=EDGE_CURVE('',#2585,#2583,#3122,.T.);
#1863=EDGE_CURVE('',#2586,#2585,#3123,.T.);
#1864=EDGE_CURVE('',#2584,#2586,#3124,.T.);
#1865=EDGE_CURVE('',#2579,#2587,#3125,.T.);
#1866=EDGE_CURVE('',#2587,#2588,#3126,.T.);
#1867=EDGE_CURVE('',#2588,#2581,#3127,.T.);
#1868=EDGE_CURVE('',#2589,#2590,#3128,.T.);
#1869=EDGE_CURVE('',#2590,#2584,#3129,.T.);
#1870=EDGE_CURVE('',#2586,#2589,#3130,.T.);
#1871=EDGE_CURVE('',#2571,#2591,#3131,.T.);
#1872=EDGE_CURVE('',#2591,#2592,#3132,.T.);
#1873=EDGE_CURVE('',#2592,#2573,#3133,.T.);
#1874=EDGE_CURVE('',#2593,#2594,#3134,.T.);
#1875=EDGE_CURVE('',#2594,#2576,#3135,.T.);
#1876=EDGE_CURVE('',#2578,#2593,#3136,.T.);
#1877=EDGE_CURVE('',#2595,#2596,#3137,.T.);
#1878=EDGE_CURVE('',#2595,#2580,#3138,.T.);
#1879=EDGE_CURVE('',#2582,#2596,#3139,.T.);
#1880=EDGE_CURVE('',#2583,#2597,#3140,.T.);
#1881=EDGE_CURVE('',#2598,#2597,#3141,.T.);
#1882=EDGE_CURVE('',#2598,#2585,#3142,.T.);
#1883=EDGE_CURVE('',#2563,#2599,#3143,.T.);
#1884=EDGE_CURVE('',#2599,#2600,#3144,.T.);
#1885=EDGE_CURVE('',#2600,#2565,#3145,.T.);
#1886=EDGE_CURVE('',#2601,#2602,#3146,.T.);
#1887=EDGE_CURVE('',#2602,#2568,#3147,.T.);
#1888=EDGE_CURVE('',#2570,#2601,#3148,.T.);
#1889=EDGE_CURVE('',#2603,#2604,#3149,.T.);
#1890=EDGE_CURVE('',#2603,#2572,#3150,.T.);
#1891=EDGE_CURVE('',#2574,#2604,#3151,.T.);
#1892=EDGE_CURVE('',#2575,#2605,#3152,.T.);
#1893=EDGE_CURVE('',#2606,#2605,#3153,.T.);
#1894=EDGE_CURVE('',#2606,#2577,#3154,.T.);
#1895=EDGE_CURVE('',#2555,#2607,#3155,.T.);
#1896=EDGE_CURVE('',#2607,#2608,#3156,.T.);
#1897=EDGE_CURVE('',#2608,#2557,#3157,.T.);
#1898=EDGE_CURVE('',#2609,#2610,#3158,.T.);
#1899=EDGE_CURVE('',#2610,#2560,#3159,.T.);
#1900=EDGE_CURVE('',#2562,#2609,#3160,.T.);
#1901=EDGE_CURVE('',#2611,#2612,#3161,.T.);
#1902=EDGE_CURVE('',#2611,#2564,#3162,.T.);
#1903=EDGE_CURVE('',#2566,#2612,#3163,.T.);
#1904=EDGE_CURVE('',#2567,#2613,#3164,.T.);
#1905=EDGE_CURVE('',#2614,#2613,#3165,.T.);
#1906=EDGE_CURVE('',#2614,#2569,#3166,.T.);
#1907=EDGE_CURVE('',#2547,#2615,#3167,.T.);
#1908=EDGE_CURVE('',#2615,#2616,#3168,.T.);
#1909=EDGE_CURVE('',#2616,#2549,#3169,.T.);
#1910=EDGE_CURVE('',#2617,#2618,#3170,.T.);
#1911=EDGE_CURVE('',#2618,#2553,#3171,.T.);
#1912=EDGE_CURVE('',#2552,#2617,#3172,.T.);
#1913=EDGE_CURVE('',#2619,#2620,#3173,.T.);
#1914=EDGE_CURVE('',#2619,#2556,#3174,.T.);
#1915=EDGE_CURVE('',#2558,#2620,#3175,.T.);
#1916=EDGE_CURVE('',#2559,#2621,#3176,.T.);
#1917=EDGE_CURVE('',#2622,#2621,#3177,.T.);
#1918=EDGE_CURVE('',#2622,#2561,#3178,.T.);
#1919=EDGE_CURVE('',#2620,#2616,#3179,.T.);
#1920=EDGE_CURVE('',#2612,#2608,#3180,.T.);
#1921=EDGE_CURVE('',#2604,#2600,#3181,.T.);
#1922=EDGE_CURVE('',#2596,#2592,#3182,.T.);
#1923=EDGE_CURVE('',#2623,#2588,#3183,.T.);
#1924=EDGE_CURVE('',#2624,#2623,#3184,.T.);
#1925=EDGE_CURVE('',#2624,#2625,#3185,.T.);
#1926=EDGE_CURVE('',#2440,#2625,#3186,.T.);
#1927=EDGE_CURVE('',#2439,#2550,#3187,.T.);
#1928=EDGE_CURVE('',#2442,#2551,#3188,.T.);
#1929=EDGE_CURVE('',#2441,#2626,#3189,.T.);
#1930=EDGE_CURVE('',#2626,#2627,#3190,.T.);
#1931=EDGE_CURVE('',#2628,#2627,#3191,.T.);
#1932=EDGE_CURVE('',#2589,#2628,#3192,.T.);
#1933=EDGE_CURVE('',#2593,#2598,#3193,.T.);
#1934=EDGE_CURVE('',#2601,#2606,#3194,.T.);
#1935=EDGE_CURVE('',#2609,#2614,#3195,.T.);
#1936=EDGE_CURVE('',#2617,#2622,#3196,.T.);
#1937=EDGE_CURVE('',#2627,#2624,#3197,.T.);
#1938=EDGE_CURVE('',#2625,#2626,#3198,.T.);
#1939=EDGE_CURVE('',#2628,#2623,#3199,.T.);
#1940=EDGE_CURVE('',#2619,#2607,#3200,.T.);
#1941=EDGE_CURVE('',#2629,#2615,#3201,.T.);
#1942=EDGE_CURVE('',#2630,#2629,#3202,.T.);
#1943=EDGE_CURVE('',#2618,#2630,#3203,.T.);
#1944=EDGE_CURVE('',#2610,#2621,#3204,.T.);
#1945=EDGE_CURVE('',#2602,#2613,#3205,.T.);
#1946=EDGE_CURVE('',#2594,#2605,#3206,.T.);
#1947=EDGE_CURVE('',#2590,#2597,#3207,.T.);
#1948=EDGE_CURVE('',#2595,#2587,#3208,.T.);
#1949=EDGE_CURVE('',#2603,#2591,#3209,.T.);
#1950=EDGE_CURVE('',#2611,#2599,#3210,.T.);
#1951=EDGE_CURVE('',#2630,#2554,#3211,.T.);
#1952=EDGE_CURVE('',#2629,#2548,#3212,.T.);
#1953=EDGE_CURVE('',#2631,#2632,#3213,.T.);
#1954=EDGE_CURVE('',#2435,#2631,#3214,.T.);
#1955=EDGE_CURVE('',#2433,#2632,#3215,.T.);
#1956=EDGE_CURVE('',#2632,#2633,#77,.T.);
#1957=EDGE_CURVE('',#2434,#2633,#3216,.T.);
#1958=EDGE_CURVE('',#2633,#2634,#3217,.T.);
#1959=EDGE_CURVE('',#2438,#2634,#3218,.T.);
#1960=EDGE_CURVE('',#2634,#2635,#78,.T.);
#1961=EDGE_CURVE('',#2437,#2635,#3219,.T.);
#1962=EDGE_CURVE('',#2635,#2636,#3220,.T.);
#1963=EDGE_CURVE('',#2436,#2636,#3221,.T.);
#1964=EDGE_CURVE('',#2636,#2631,#3222,.T.);
#1965=EDGE_CURVE('',#2637,#2638,#3223,.T.);
#1966=EDGE_CURVE('',#2423,#2637,#3224,.T.);
#1967=EDGE_CURVE('',#2421,#2638,#3225,.T.);
#1968=EDGE_CURVE('',#2638,#2639,#79,.T.);
#1969=EDGE_CURVE('',#2422,#2639,#3226,.T.);
#1970=EDGE_CURVE('',#2639,#2640,#3227,.T.);
#1971=EDGE_CURVE('',#2426,#2640,#3228,.T.);
#1972=EDGE_CURVE('',#2640,#2641,#80,.T.);
#1973=EDGE_CURVE('',#2425,#2641,#3229,.T.);
#1974=EDGE_CURVE('',#2641,#2642,#3230,.T.);
#1975=EDGE_CURVE('',#2424,#2642,#3231,.T.);
#1976=EDGE_CURVE('',#2642,#2637,#3232,.T.);
#1977=EDGE_CURVE('',#2643,#2644,#3233,.T.);
#1978=EDGE_CURVE('',#2451,#2643,#3234,.T.);
#1979=EDGE_CURVE('',#2449,#2644,#3235,.T.);
#1980=EDGE_CURVE('',#2644,#2645,#81,.T.);
#1981=EDGE_CURVE('',#2450,#2645,#3236,.T.);
#1982=EDGE_CURVE('',#2645,#2646,#3237,.T.);
#1983=EDGE_CURVE('',#2454,#2646,#3238,.T.);
#1984=EDGE_CURVE('',#2646,#2647,#82,.T.);
#1985=EDGE_CURVE('',#2453,#2647,#3239,.T.);
#1986=EDGE_CURVE('',#2647,#2648,#3240,.T.);
#1987=EDGE_CURVE('',#2452,#2648,#3241,.T.);
#1988=EDGE_CURVE('',#2648,#2643,#3242,.T.);
#1989=EDGE_CURVE('',#2649,#2650,#3243,.T.);
#1990=EDGE_CURVE('',#2429,#2649,#3244,.T.);
#1991=EDGE_CURVE('',#2427,#2650,#3245,.T.);
#1992=EDGE_CURVE('',#2650,#2651,#83,.T.);
#1993=EDGE_CURVE('',#2428,#2651,#3246,.T.);
#1994=EDGE_CURVE('',#2651,#2652,#3247,.T.);
#1995=EDGE_CURVE('',#2432,#2652,#3248,.T.);
#1996=EDGE_CURVE('',#2652,#2653,#84,.T.);
#1997=EDGE_CURVE('',#2431,#2653,#3249,.T.);
#1998=EDGE_CURVE('',#2653,#2654,#3250,.T.);
#1999=EDGE_CURVE('',#2430,#2654,#3251,.T.);
#2000=EDGE_CURVE('',#2654,#2649,#3252,.T.);
#2001=EDGE_CURVE('',#2655,#2656,#3253,.T.);
#2002=EDGE_CURVE('',#2445,#2655,#3254,.T.);
#2003=EDGE_CURVE('',#2443,#2656,#3255,.T.);
#2004=EDGE_CURVE('',#2656,#2657,#85,.T.);
#2005=EDGE_CURVE('',#2444,#2657,#3256,.T.);
#2006=EDGE_CURVE('',#2657,#2658,#3257,.T.);
#2007=EDGE_CURVE('',#2448,#2658,#3258,.T.);
#2008=EDGE_CURVE('',#2658,#2659,#86,.T.);
#2009=EDGE_CURVE('',#2447,#2659,#3259,.T.);
#2010=EDGE_CURVE('',#2659,#2660,#3260,.T.);
#2011=EDGE_CURVE('',#2446,#2660,#3261,.T.);
#2012=EDGE_CURVE('',#2660,#2655,#3262,.T.);
#2013=EDGE_CURVE('',#2661,#2662,#3263,.T.);
#2014=EDGE_CURVE('',#2457,#2661,#3264,.T.);
#2015=EDGE_CURVE('',#2455,#2662,#3265,.T.);
#2016=EDGE_CURVE('',#2662,#2663,#3266,.T.);
#2017=EDGE_CURVE('',#2456,#2663,#3267,.T.);
#2018=EDGE_CURVE('',#2663,#2664,#3268,.T.);
#2019=EDGE_CURVE('',#2458,#2664,#3269,.T.);
#2020=EDGE_CURVE('',#2664,#2661,#3270,.T.);
#2021=EDGE_CURVE('',#2665,#2666,#3271,.T.);
#2022=EDGE_CURVE('',#2465,#2665,#3272,.T.);
#2023=EDGE_CURVE('',#2463,#2666,#3273,.T.);
#2024=EDGE_CURVE('',#2666,#2667,#3274,.T.);
#2025=EDGE_CURVE('',#2464,#2667,#3275,.T.);
#2026=EDGE_CURVE('',#2667,#2668,#3276,.T.);
#2027=EDGE_CURVE('',#2466,#2668,#3277,.T.);
#2028=EDGE_CURVE('',#2668,#2665,#3278,.T.);
#2029=EDGE_CURVE('',#2669,#2670,#3279,.T.);
#2030=EDGE_CURVE('',#2415,#2669,#3280,.T.);
#2031=EDGE_CURVE('',#2413,#2670,#3281,.T.);
#2032=EDGE_CURVE('',#2670,#2671,#3282,.T.);
#2033=EDGE_CURVE('',#2414,#2671,#3283,.T.);
#2034=EDGE_CURVE('',#2671,#2672,#3284,.T.);
#2035=EDGE_CURVE('',#2416,#2672,#3285,.T.);
#2036=EDGE_CURVE('',#2672,#2669,#3286,.T.);
#2037=EDGE_CURVE('',#2673,#2674,#3287,.T.);
#2038=EDGE_CURVE('',#2461,#2673,#3288,.T.);
#2039=EDGE_CURVE('',#2459,#2674,#3289,.T.);
#2040=EDGE_CURVE('',#2674,#2675,#3290,.T.);
#2041=EDGE_CURVE('',#2460,#2675,#3291,.T.);
#2042=EDGE_CURVE('',#2675,#2676,#3292,.T.);
#2043=EDGE_CURVE('',#2462,#2676,#3293,.T.);
#2044=EDGE_CURVE('',#2676,#2673,#3294,.T.);
#2045=EDGE_CURVE('',#2677,#2678,#3295,.T.);
#2046=EDGE_CURVE('',#2419,#2677,#3296,.T.);
#2047=EDGE_CURVE('',#2417,#2678,#3297,.T.);
#2048=EDGE_CURVE('',#2678,#2679,#3298,.T.);
#2049=EDGE_CURVE('',#2418,#2679,#3299,.T.);
#2050=EDGE_CURVE('',#2679,#2680,#3300,.T.);
#2051=EDGE_CURVE('',#2420,#2680,#3301,.T.);
#2052=EDGE_CURVE('',#2680,#2677,#3302,.T.);
#2053=EDGE_CURVE('',#2681,#2682,#3303,.T.);
#2054=EDGE_CURVE('',#2683,#2681,#3304,.T.);
#2055=EDGE_CURVE('',#2683,#2684,#3305,.T.);
#2056=EDGE_CURVE('',#2685,#2684,#3306,.T.);
#2057=EDGE_CURVE('',#2686,#2685,#3307,.T.);
#2058=EDGE_CURVE('',#2687,#2686,#3308,.T.);
#2059=EDGE_CURVE('',#2687,#2688,#3309,.T.);
#2060=EDGE_CURVE('',#2689,#2688,#3310,.T.);
#2061=EDGE_CURVE('',#2690,#2689,#3311,.T.);
#2062=EDGE_CURVE('',#2691,#2690,#3312,.T.);
#2063=EDGE_CURVE('',#2691,#2692,#3313,.T.);
#2064=EDGE_CURVE('',#2693,#2692,#3314,.T.);
#2065=EDGE_CURVE('',#2694,#2693,#3315,.T.);
#2066=EDGE_CURVE('',#2695,#2694,#3316,.T.);
#2067=EDGE_CURVE('',#2695,#2696,#3317,.T.);
#2068=EDGE_CURVE('',#2697,#2696,#3318,.T.);
#2069=EDGE_CURVE('',#2698,#2697,#3319,.T.);
#2070=EDGE_CURVE('',#2699,#2698,#3320,.T.);
#2071=EDGE_CURVE('',#2699,#2700,#3321,.T.);
#2072=EDGE_CURVE('',#2700,#2682,#3322,.T.);
#2073=EDGE_CURVE('',#2701,#2702,#3323,.T.);
#2074=EDGE_CURVE('',#2701,#2703,#3324,.T.);
#2075=EDGE_CURVE('',#2704,#2703,#3325,.T.);
#2076=EDGE_CURVE('',#2705,#2704,#3326,.T.);
#2077=EDGE_CURVE('',#2706,#2705,#3327,.T.);
#2078=EDGE_CURVE('',#2707,#2706,#3328,.T.);
#2079=EDGE_CURVE('',#2708,#2707,#3329,.T.);
#2080=EDGE_CURVE('',#2709,#2708,#3330,.T.);
#2081=EDGE_CURVE('',#2710,#2709,#3331,.T.);
#2082=EDGE_CURVE('',#2711,#2710,#3332,.T.);
#2083=EDGE_CURVE('',#2712,#2711,#3333,.T.);
#2084=EDGE_CURVE('',#2713,#2712,#3334,.T.);
#2085=EDGE_CURVE('',#2714,#2713,#3335,.T.);
#2086=EDGE_CURVE('',#2715,#2714,#3336,.T.);
#2087=EDGE_CURVE('',#2716,#2715,#3337,.T.);
#2088=EDGE_CURVE('',#2717,#2716,#3338,.T.);
#2089=EDGE_CURVE('',#2718,#2717,#3339,.T.);
#2090=EDGE_CURVE('',#2719,#2718,#3340,.T.);
#2091=EDGE_CURVE('',#2720,#2719,#3341,.T.);
#2092=EDGE_CURVE('',#2702,#2720,#3342,.T.);
#2093=EDGE_CURVE('',#2681,#2702,#3343,.T.);
#2094=EDGE_CURVE('',#2721,#2720,#87,.T.);
#2095=EDGE_CURVE('',#2721,#2722,#3344,.T.);
#2096=EDGE_CURVE('',#2722,#2723,#3345,.T.);
#2097=EDGE_CURVE('',#2723,#2724,#3346,.T.);
#2098=EDGE_CURVE('',#2724,#2725,#88,.T.);
#2099=EDGE_CURVE('',#2725,#2726,#3347,.T.);
#2100=EDGE_CURVE('',#2726,#2727,#3348,.T.);
#2101=EDGE_CURVE('',#2727,#2728,#3349,.T.);
#2102=EDGE_CURVE('',#2728,#2729,#89,.T.);
#2103=EDGE_CURVE('',#2729,#2730,#3350,.T.);
#2104=EDGE_CURVE('',#2730,#2731,#3351,.T.);
#2105=EDGE_CURVE('',#2731,#2732,#3352,.T.);
#2106=EDGE_CURVE('',#2683,#2732,#90,.T.);
#2107=EDGE_CURVE('',#2682,#2701,#3353,.T.);
#2108=EDGE_CURVE('',#2700,#2733,#91,.T.);
#2109=EDGE_CURVE('',#2734,#2733,#3354,.T.);
#2110=EDGE_CURVE('',#2735,#2734,#3355,.T.);
#2111=EDGE_CURVE('',#2736,#2735,#3356,.T.);
#2112=EDGE_CURVE('',#2737,#2736,#92,.T.);
#2113=EDGE_CURVE('',#2738,#2737,#3357,.T.);
#2114=EDGE_CURVE('',#2739,#2738,#3358,.T.);
#2115=EDGE_CURVE('',#2740,#2739,#3359,.T.);
#2116=EDGE_CURVE('',#2741,#2740,#93,.T.);
#2117=EDGE_CURVE('',#2742,#2741,#3360,.T.);
#2118=EDGE_CURVE('',#2743,#2742,#3361,.T.);
#2119=EDGE_CURVE('',#2744,#2743,#3362,.T.);
#2120=EDGE_CURVE('',#2744,#2703,#94,.T.);
#2121=EDGE_CURVE('',#2745,#2746,#3363,.T.);
#2122=EDGE_CURVE('',#2745,#2743,#3364,.T.);
#2123=EDGE_CURVE('',#2746,#2742,#3365,.T.);
#2124=EDGE_CURVE('',#2747,#2748,#3366,.T.);
#2125=EDGE_CURVE('',#2723,#2747,#3367,.T.);
#2126=EDGE_CURVE('',#2722,#2748,#3368,.T.);
#2127=EDGE_CURVE('',#2749,#2750,#3369,.T.);
#2128=EDGE_CURVE('',#2749,#2751,#3370,.T.);
#2129=EDGE_CURVE('',#2752,#2751,#3371,.T.);
#2130=EDGE_CURVE('',#2750,#2752,#3372,.T.);
#2131=EDGE_CURVE('',#2753,#2754,#3373,.T.);
#2132=EDGE_CURVE('',#2753,#2755,#3374,.T.);
#2133=EDGE_CURVE('',#2756,#2755,#3375,.T.);
#2134=EDGE_CURVE('',#2754,#2756,#3376,.T.);
#2135=EDGE_CURVE('',#2757,#2758,#3377,.T.);
#2136=EDGE_CURVE('',#2757,#2759,#3378,.T.);
#2137=EDGE_CURVE('',#2760,#2759,#3379,.T.);
#2138=EDGE_CURVE('',#2758,#2760,#3380,.T.);
#2139=EDGE_CURVE('',#2746,#2761,#3381,.T.);
#2140=EDGE_CURVE('',#2761,#2741,#3382,.T.);
#2141=EDGE_CURVE('',#2762,#2747,#3383,.T.);
#2142=EDGE_CURVE('',#2724,#2762,#3384,.T.);
#2143=EDGE_CURVE('',#2750,#2763,#3385,.T.);
#2144=EDGE_CURVE('',#2764,#2752,#3386,.T.);
#2145=EDGE_CURVE('',#2763,#2764,#3387,.T.);
#2146=EDGE_CURVE('',#2754,#2765,#3388,.T.);
#2147=EDGE_CURVE('',#2766,#2756,#3389,.T.);
#2148=EDGE_CURVE('',#2765,#2766,#3390,.T.);
#2149=EDGE_CURVE('',#2758,#2767,#3391,.T.);
#2150=EDGE_CURVE('',#2768,#2760,#3392,.T.);
#2151=EDGE_CURVE('',#2767,#2768,#3393,.T.);
#2152=EDGE_CURVE('',#2761,#2769,#95,.T.);
#2153=EDGE_CURVE('',#2769,#2740,#3394,.T.);
#2154=EDGE_CURVE('',#2770,#2762,#96,.T.);
#2155=EDGE_CURVE('',#2725,#2770,#3395,.T.);
#2156=EDGE_CURVE('',#2763,#2771,#97,.T.);
#2157=EDGE_CURVE('',#2772,#2764,#98,.T.);
#2158=EDGE_CURVE('',#2771,#2772,#3396,.T.);
#2159=EDGE_CURVE('',#2765,#2773,#99,.T.);
#2160=EDGE_CURVE('',#2774,#2766,#100,.T.);
#2161=EDGE_CURVE('',#2773,#2774,#3397,.T.);
#2162=EDGE_CURVE('',#2767,#2775,#101,.T.);
#2163=EDGE_CURVE('',#2776,#2768,#102,.T.);
#2164=EDGE_CURVE('',#2775,#2776,#3398,.T.);
#2165=EDGE_CURVE('',#2769,#2777,#3399,.T.);
#2166=EDGE_CURVE('',#2777,#2739,#3400,.T.);
#2167=EDGE_CURVE('',#2778,#2770,#3401,.T.);
#2168=EDGE_CURVE('',#2726,#2778,#3402,.T.);
#2169=EDGE_CURVE('',#2771,#2779,#3403,.T.);
#2170=EDGE_CURVE('',#2780,#2772,#3404,.T.);
#2171=EDGE_CURVE('',#2779,#2780,#3405,.T.);
#2172=EDGE_CURVE('',#2773,#2781,#3406,.T.);
#2173=EDGE_CURVE('',#2782,#2774,#3407,.T.);
#2174=EDGE_CURVE('',#2781,#2782,#3408,.T.);
#2175=EDGE_CURVE('',#2775,#2783,#3409,.T.);
#2176=EDGE_CURVE('',#2784,#2776,#3410,.T.);
#2177=EDGE_CURVE('',#2783,#2784,#3411,.T.);
#2178=EDGE_CURVE('',#2785,#2786,#3412,.T.);
#2179=EDGE_CURVE('',#2785,#2738,#3413,.T.);
#2180=EDGE_CURVE('',#2786,#2737,#3414,.T.);
#2181=EDGE_CURVE('',#2787,#2788,#3415,.T.);
#2182=EDGE_CURVE('',#2728,#2787,#3416,.T.);
#2183=EDGE_CURVE('',#2727,#2788,#3417,.T.);
#2184=EDGE_CURVE('',#2789,#2790,#3418,.T.);
#2185=EDGE_CURVE('',#2789,#2791,#3419,.T.);
#2186=EDGE_CURVE('',#2792,#2791,#3420,.T.);
#2187=EDGE_CURVE('',#2790,#2792,#3421,.T.);
#2188=EDGE_CURVE('',#2793,#2794,#3422,.T.);
#2189=EDGE_CURVE('',#2793,#2795,#3423,.T.);
#2190=EDGE_CURVE('',#2796,#2795,#3424,.T.);
#2191=EDGE_CURVE('',#2794,#2796,#3425,.T.);
#2192=EDGE_CURVE('',#2797,#2798,#3426,.T.);
#2193=EDGE_CURVE('',#2797,#2799,#3427,.T.);
#2194=EDGE_CURVE('',#2800,#2799,#3428,.T.);
#2195=EDGE_CURVE('',#2798,#2800,#3429,.T.);
#2196=EDGE_CURVE('',#2786,#2801,#103,.T.);
#2197=EDGE_CURVE('',#2801,#2736,#3430,.T.);
#2198=EDGE_CURVE('',#2802,#2787,#104,.T.);
#2199=EDGE_CURVE('',#2729,#2802,#3431,.T.);
#2200=EDGE_CURVE('',#2790,#2803,#105,.T.);
#2201=EDGE_CURVE('',#2804,#2792,#106,.T.);
#2202=EDGE_CURVE('',#2803,#2804,#3432,.T.);
#2203=EDGE_CURVE('',#2794,#2805,#107,.T.);
#2204=EDGE_CURVE('',#2806,#2796,#108,.T.);
#2205=EDGE_CURVE('',#2805,#2806,#3433,.T.);
#2206=EDGE_CURVE('',#2798,#2807,#109,.T.);
#2207=EDGE_CURVE('',#2808,#2800,#110,.T.);
#2208=EDGE_CURVE('',#2807,#2808,#3434,.T.);
#2209=EDGE_CURVE('',#2801,#2809,#3435,.T.);
#2210=EDGE_CURVE('',#2809,#2735,#3436,.T.);
#2211=EDGE_CURVE('',#2810,#2802,#3437,.T.);
#2212=EDGE_CURVE('',#2730,#2810,#3438,.T.);
#2213=EDGE_CURVE('',#2803,#2811,#3439,.T.);
#2214=EDGE_CURVE('',#2812,#2804,#3440,.T.);
#2215=EDGE_CURVE('',#2811,#2812,#3441,.T.);
#2216=EDGE_CURVE('',#2805,#2813,#3442,.T.);
#2217=EDGE_CURVE('',#2814,#2806,#3443,.T.);
#2218=EDGE_CURVE('',#2813,#2814,#3444,.T.);
#2219=EDGE_CURVE('',#2807,#2815,#3445,.T.);
#2220=EDGE_CURVE('',#2816,#2808,#3446,.T.);
#2221=EDGE_CURVE('',#2815,#2816,#3447,.T.);
#2222=EDGE_CURVE('',#2809,#2817,#3448,.T.);
#2223=EDGE_CURVE('',#2817,#2734,#3449,.T.);
#2224=EDGE_CURVE('',#2818,#2810,#3450,.T.);
#2225=EDGE_CURVE('',#2731,#2818,#3451,.T.);
#2226=EDGE_CURVE('',#2811,#2819,#3452,.T.);
#2227=EDGE_CURVE('',#2820,#2812,#3453,.T.);
#2228=EDGE_CURVE('',#2819,#2820,#3454,.T.);
#2229=EDGE_CURVE('',#2813,#2821,#3455,.T.);
#2230=EDGE_CURVE('',#2822,#2814,#3456,.T.);
#2231=EDGE_CURVE('',#2821,#2822,#3457,.T.);
#2232=EDGE_CURVE('',#2815,#2823,#3458,.T.);
#2233=EDGE_CURVE('',#2824,#2816,#3459,.T.);
#2234=EDGE_CURVE('',#2823,#2824,#3460,.T.);
#2235=EDGE_CURVE('',#2817,#2825,#3461,.T.);
#2236=EDGE_CURVE('',#2825,#2733,#3462,.T.);
#2237=EDGE_CURVE('',#2826,#2818,#3463,.T.);
#2238=EDGE_CURVE('',#2732,#2826,#3464,.T.);
#2239=EDGE_CURVE('',#2819,#2827,#3465,.T.);
#2240=EDGE_CURVE('',#2828,#2820,#3466,.T.);
#2241=EDGE_CURVE('',#2827,#2828,#3467,.T.);
#2242=EDGE_CURVE('',#2821,#2829,#3468,.T.);
#2243=EDGE_CURVE('',#2830,#2822,#3469,.T.);
#2244=EDGE_CURVE('',#2829,#2830,#3470,.T.);
#2245=EDGE_CURVE('',#2823,#2831,#3471,.T.);
#2246=EDGE_CURVE('',#2832,#2824,#3472,.T.);
#2247=EDGE_CURVE('',#2831,#2832,#3473,.T.);
#2248=EDGE_CURVE('',#2699,#2825,#111,.T.);
#2249=EDGE_CURVE('',#2826,#2684,#112,.T.);
#2250=EDGE_CURVE('',#2687,#2827,#113,.T.);
#2251=EDGE_CURVE('',#2828,#2688,#114,.T.);
#2252=EDGE_CURVE('',#2691,#2829,#115,.T.);
#2253=EDGE_CURVE('',#2830,#2692,#116,.T.);
#2254=EDGE_CURVE('',#2695,#2831,#117,.T.);
#2255=EDGE_CURVE('',#2832,#2696,#118,.T.);
#2256=EDGE_CURVE('',#2833,#2744,#3474,.T.);
#2257=EDGE_CURVE('',#2833,#2704,#119,.T.);
#2258=EDGE_CURVE('',#2719,#2834,#120,.T.);
#2259=EDGE_CURVE('',#2721,#2834,#3475,.T.);
#2260=EDGE_CURVE('',#2835,#2836,#3476,.T.);
#2261=EDGE_CURVE('',#2835,#2716,#121,.T.);
#2262=EDGE_CURVE('',#2715,#2836,#122,.T.);
#2263=EDGE_CURVE('',#2837,#2838,#3477,.T.);
#2264=EDGE_CURVE('',#2837,#2712,#123,.T.);
#2265=EDGE_CURVE('',#2711,#2838,#124,.T.);
#2266=EDGE_CURVE('',#2839,#2840,#3478,.T.);
#2267=EDGE_CURVE('',#2839,#2708,#125,.T.);
#2268=EDGE_CURVE('',#2707,#2840,#126,.T.);
#2269=EDGE_CURVE('',#2833,#2745,#3479,.T.);
#2270=EDGE_CURVE('',#2748,#2834,#3480,.T.);
#2271=EDGE_CURVE('',#2835,#2749,#3481,.T.);
#2272=EDGE_CURVE('',#2751,#2836,#3482,.T.);
#2273=EDGE_CURVE('',#2837,#2753,#3483,.T.);
#2274=EDGE_CURVE('',#2755,#2838,#3484,.T.);
#2275=EDGE_CURVE('',#2839,#2757,#3485,.T.);
#2276=EDGE_CURVE('',#2759,#2840,#3486,.T.);
#2277=EDGE_CURVE('',#2706,#2784,#3487,.T.);
#2278=EDGE_CURVE('',#2705,#2777,#3488,.T.);
#2279=EDGE_CURVE('',#2785,#2698,#3489,.T.);
#2280=EDGE_CURVE('',#2799,#2697,#3490,.T.);
#2281=EDGE_CURVE('',#2797,#2694,#3491,.T.);
#2282=EDGE_CURVE('',#2795,#2693,#3492,.T.);
#2283=EDGE_CURVE('',#2793,#2690,#3493,.T.);
#2284=EDGE_CURVE('',#2791,#2689,#3494,.T.);
#2285=EDGE_CURVE('',#2789,#2686,#3495,.T.);
#2286=EDGE_CURVE('',#2788,#2685,#3496,.T.);
#2287=EDGE_CURVE('',#2718,#2778,#3497,.T.);
#2288=EDGE_CURVE('',#2717,#2779,#3498,.T.);
#2289=EDGE_CURVE('',#2714,#2780,#3499,.T.);
#2290=EDGE_CURVE('',#2713,#2781,#3500,.T.);
#2291=EDGE_CURVE('',#2710,#2782,#3501,.T.);
#2292=EDGE_CURVE('',#2709,#2783,#3502,.T.);
#2293=EDGE_CURVE('',#2841,#2842,#3503,.T.);
#2294=EDGE_CURVE('',#2841,#2843,#3504,.T.);
#2295=EDGE_CURVE('',#2844,#2843,#3505,.T.);
#2296=EDGE_CURVE('',#2845,#2844,#3506,.T.);
#2297=EDGE_CURVE('',#2846,#2845,#3507,.T.);
#2298=EDGE_CURVE('',#2847,#2846,#3508,.T.);
#2299=EDGE_CURVE('',#2848,#2847,#3509,.T.);
#2300=EDGE_CURVE('',#2849,#2848,#3510,.T.);
#2301=EDGE_CURVE('',#2850,#2849,#3511,.T.);
#2302=EDGE_CURVE('',#2851,#2850,#3512,.T.);
#2303=EDGE_CURVE('',#2852,#2851,#3513,.T.);
#2304=EDGE_CURVE('',#2853,#2852,#3514,.T.);
#2305=EDGE_CURVE('',#2854,#2853,#3515,.T.);
#2306=EDGE_CURVE('',#2855,#2854,#3516,.T.);
#2307=EDGE_CURVE('',#2856,#2855,#3517,.T.);
#2308=EDGE_CURVE('',#2857,#2856,#3518,.T.);
#2309=EDGE_CURVE('',#2858,#2857,#3519,.T.);
#2310=EDGE_CURVE('',#2859,#2858,#3520,.T.);
#2311=EDGE_CURVE('',#2860,#2859,#3521,.T.);
#2312=EDGE_CURVE('',#2842,#2860,#3522,.T.);
#2313=EDGE_CURVE('',#2861,#2862,#3523,.T.);
#2314=EDGE_CURVE('',#2863,#2861,#3524,.T.);
#2315=EDGE_CURVE('',#2863,#2864,#3525,.T.);
#2316=EDGE_CURVE('',#2865,#2864,#3526,.T.);
#2317=EDGE_CURVE('',#2866,#2865,#3527,.T.);
#2318=EDGE_CURVE('',#2867,#2866,#3528,.T.);
#2319=EDGE_CURVE('',#2867,#2868,#3529,.T.);
#2320=EDGE_CURVE('',#2869,#2868,#3530,.T.);
#2321=EDGE_CURVE('',#2870,#2869,#3531,.T.);
#2322=EDGE_CURVE('',#2871,#2870,#3532,.T.);
#2323=EDGE_CURVE('',#2871,#2872,#3533,.T.);
#2324=EDGE_CURVE('',#2873,#2872,#3534,.T.);
#2325=EDGE_CURVE('',#2874,#2873,#3535,.T.);
#2326=EDGE_CURVE('',#2875,#2874,#3536,.T.);
#2327=EDGE_CURVE('',#2875,#2876,#3537,.T.);
#2328=EDGE_CURVE('',#2877,#2876,#3538,.T.);
#2329=EDGE_CURVE('',#2878,#2877,#3539,.T.);
#2330=EDGE_CURVE('',#2879,#2878,#3540,.T.);
#2331=EDGE_CURVE('',#2879,#2880,#3541,.T.);
#2332=EDGE_CURVE('',#2880,#2862,#3542,.T.);
#2333=EDGE_CURVE('',#2861,#2842,#3543,.T.);
#2334=EDGE_CURVE('',#2860,#2881,#3544,.T.);
#2335=EDGE_CURVE('',#2881,#2882,#3545,.T.);
#2336=EDGE_CURVE('',#2882,#2883,#3546,.T.);
#2337=EDGE_CURVE('',#2883,#2884,#3547,.T.);
#2338=EDGE_CURVE('',#2884,#2863,#3548,.T.);
#2339=EDGE_CURVE('',#2862,#2841,#3549,.T.);
#2340=EDGE_CURVE('',#2885,#2880,#3550,.T.);
#2341=EDGE_CURVE('',#2886,#2885,#3551,.T.);
#2342=EDGE_CURVE('',#2887,#2886,#3552,.T.);
#2343=EDGE_CURVE('',#2888,#2887,#3553,.T.);
#2344=EDGE_CURVE('',#2843,#2888,#3554,.T.);
#2345=EDGE_CURVE('',#2844,#2889,#3555,.T.);
#2346=EDGE_CURVE('',#2889,#2888,#3556,.T.);
#2347=EDGE_CURVE('',#2890,#2847,#3557,.T.);
#2348=EDGE_CURVE('',#2891,#2890,#3558,.T.);
#2349=EDGE_CURVE('',#2848,#2891,#3559,.T.);
#2350=EDGE_CURVE('',#2892,#2851,#3560,.T.);
#2351=EDGE_CURVE('',#2893,#2892,#3561,.T.);
#2352=EDGE_CURVE('',#2852,#2893,#3562,.T.);
#2353=EDGE_CURVE('',#2894,#2855,#3563,.T.);
#2354=EDGE_CURVE('',#2895,#2894,#3564,.T.);
#2355=EDGE_CURVE('',#2856,#2895,#3565,.T.);
#2356=EDGE_CURVE('',#2896,#2859,#3566,.T.);
#2357=EDGE_CURVE('',#2881,#2896,#3567,.T.);
#2358=EDGE_CURVE('',#2889,#2897,#3568,.T.);
#2359=EDGE_CURVE('',#2897,#2887,#3569,.T.);
#2360=EDGE_CURVE('',#2898,#2890,#3570,.T.);
#2361=EDGE_CURVE('',#2899,#2898,#3571,.T.);
#2362=EDGE_CURVE('',#2891,#2899,#3572,.T.);
#2363=EDGE_CURVE('',#2900,#2892,#3573,.T.);
#2364=EDGE_CURVE('',#2901,#2900,#3574,.T.);
#2365=EDGE_CURVE('',#2893,#2901,#3575,.T.);
#2366=EDGE_CURVE('',#2902,#2894,#3576,.T.);
#2367=EDGE_CURVE('',#2903,#2902,#3577,.T.);
#2368=EDGE_CURVE('',#2895,#2903,#3578,.T.);
#2369=EDGE_CURVE('',#2904,#2896,#3579,.T.);
#2370=EDGE_CURVE('',#2882,#2904,#3580,.T.);
#2371=EDGE_CURVE('',#2905,#2906,#3581,.T.);
#2372=EDGE_CURVE('',#2905,#2886,#3582,.T.);
#2373=EDGE_CURVE('',#2906,#2885,#3583,.T.);
#2374=EDGE_CURVE('',#2907,#2908,#3584,.T.);
#2375=EDGE_CURVE('',#2909,#2907,#3585,.T.);
#2376=EDGE_CURVE('',#2910,#2909,#3586,.T.);
#2377=EDGE_CURVE('',#2910,#2908,#3587,.T.);
#2378=EDGE_CURVE('',#2911,#2912,#3588,.T.);
#2379=EDGE_CURVE('',#2913,#2911,#3589,.T.);
#2380=EDGE_CURVE('',#2914,#2913,#3590,.T.);
#2381=EDGE_CURVE('',#2914,#2912,#3591,.T.);
#2382=EDGE_CURVE('',#2915,#2916,#3592,.T.);
#2383=EDGE_CURVE('',#2917,#2915,#3593,.T.);
#2384=EDGE_CURVE('',#2918,#2917,#3594,.T.);
#2385=EDGE_CURVE('',#2918,#2916,#3595,.T.);
#2386=EDGE_CURVE('',#2919,#2920,#3596,.T.);
#2387=EDGE_CURVE('',#2884,#2919,#3597,.T.);
#2388=EDGE_CURVE('',#2883,#2920,#3598,.T.);
#2389=EDGE_CURVE('',#2906,#2879,#3599,.T.);
#2390=EDGE_CURVE('',#2876,#2907,#3600,.T.);
#2391=EDGE_CURVE('',#2909,#2875,#3601,.T.);
#2392=EDGE_CURVE('',#2872,#2911,#3602,.T.);
#2393=EDGE_CURVE('',#2913,#2871,#3603,.T.);
#2394=EDGE_CURVE('',#2868,#2915,#3604,.T.);
#2395=EDGE_CURVE('',#2917,#2867,#3605,.T.);
#2396=EDGE_CURVE('',#2864,#2919,#3606,.T.);
#2397=EDGE_CURVE('',#2904,#2858,#3607,.T.);
#2398=EDGE_CURVE('',#2903,#2857,#3608,.T.);
#2399=EDGE_CURVE('',#2902,#2854,#3609,.T.);
#2400=EDGE_CURVE('',#2901,#2853,#3610,.T.);
#2401=EDGE_CURVE('',#2900,#2850,#3611,.T.);
#2402=EDGE_CURVE('',#2899,#2849,#3612,.T.);
#2403=EDGE_CURVE('',#2898,#2846,#3613,.T.);
#2404=EDGE_CURVE('',#2897,#2845,#3614,.T.);
#2405=EDGE_CURVE('',#2878,#2905,#3615,.T.);
#2406=EDGE_CURVE('',#2877,#2908,#3616,.T.);
#2407=EDGE_CURVE('',#2874,#2910,#3617,.T.);
#2408=EDGE_CURVE('',#2873,#2912,#3618,.T.);
#2409=EDGE_CURVE('',#2870,#2914,#3619,.T.);
#2410=EDGE_CURVE('',#2869,#2916,#3620,.T.);
#2411=EDGE_CURVE('',#2866,#2918,#3621,.T.);
#2412=EDGE_CURVE('',#2865,#2920,#3622,.T.);
#2413=VERTEX_POINT('',#7179);
#2414=VERTEX_POINT('',#7180);
#2415=VERTEX_POINT('',#7182);
#2416=VERTEX_POINT('',#7184);
#2417=VERTEX_POINT('',#7187);
#2418=VERTEX_POINT('',#7188);
#2419=VERTEX_POINT('',#7190);
#2420=VERTEX_POINT('',#7192);
#2421=VERTEX_POINT('',#7195);
#2422=VERTEX_POINT('',#7196);
#2423=VERTEX_POINT('',#7198);
#2424=VERTEX_POINT('',#7200);
#2425=VERTEX_POINT('',#7202);
#2426=VERTEX_POINT('',#7204);
#2427=VERTEX_POINT('',#7207);
#2428=VERTEX_POINT('',#7208);
#2429=VERTEX_POINT('',#7210);
#2430=VERTEX_POINT('',#7212);
#2431=VERTEX_POINT('',#7214);
#2432=VERTEX_POINT('',#7216);
#2433=VERTEX_POINT('',#7219);
#2434=VERTEX_POINT('',#7220);
#2435=VERTEX_POINT('',#7222);
#2436=VERTEX_POINT('',#7224);
#2437=VERTEX_POINT('',#7226);
#2438=VERTEX_POINT('',#7228);
#2439=VERTEX_POINT('',#7231);
#2440=VERTEX_POINT('',#7232);
#2441=VERTEX_POINT('',#7234);
#2442=VERTEX_POINT('',#7236);
#2443=VERTEX_POINT('',#7239);
#2444=VERTEX_POINT('',#7240);
#2445=VERTEX_POINT('',#7242);
#2446=VERTEX_POINT('',#7244);
#2447=VERTEX_POINT('',#7246);
#2448=VERTEX_POINT('',#7248);
#2449=VERTEX_POINT('',#7251);
#2450=VERTEX_POINT('',#7252);
#2451=VERTEX_POINT('',#7254);
#2452=VERTEX_POINT('',#7256);
#2453=VERTEX_POINT('',#7258);
#2454=VERTEX_POINT('',#7260);
#2455=VERTEX_POINT('',#7263);
#2456=VERTEX_POINT('',#7264);
#2457=VERTEX_POINT('',#7266);
#2458=VERTEX_POINT('',#7268);
#2459=VERTEX_POINT('',#7271);
#2460=VERTEX_POINT('',#7272);
#2461=VERTEX_POINT('',#7274);
#2462=VERTEX_POINT('',#7276);
#2463=VERTEX_POINT('',#7279);
#2464=VERTEX_POINT('',#7280);
#2465=VERTEX_POINT('',#7282);
#2466=VERTEX_POINT('',#7284);
#2467=VERTEX_POINT('',#7288);
#2468=VERTEX_POINT('',#7289);
#2469=VERTEX_POINT('',#7291);
#2470=VERTEX_POINT('',#7293);
#2471=VERTEX_POINT('',#7297);
#2472=VERTEX_POINT('',#7298);
#2473=VERTEX_POINT('',#7303);
#2474=VERTEX_POINT('',#7304);
#2475=VERTEX_POINT('',#7309);
#2476=VERTEX_POINT('',#7310);
#2477=VERTEX_POINT('',#7312);
#2478=VERTEX_POINT('',#7314);
#2479=VERTEX_POINT('',#7318);
#2480=VERTEX_POINT('',#7319);
#2481=VERTEX_POINT('',#7324);
#2482=VERTEX_POINT('',#7325);
#2483=VERTEX_POINT('',#7330);
#2484=VERTEX_POINT('',#7331);
#2485=VERTEX_POINT('',#7333);
#2486=VERTEX_POINT('',#7335);
#2487=VERTEX_POINT('',#7339);
#2488=VERTEX_POINT('',#7340);
#2489=VERTEX_POINT('',#7345);
#2490=VERTEX_POINT('',#7346);
#2491=VERTEX_POINT('',#7351);
#2492=VERTEX_POINT('',#7352);
#2493=VERTEX_POINT('',#7354);
#2494=VERTEX_POINT('',#7356);
#2495=VERTEX_POINT('',#7360);
#2496=VERTEX_POINT('',#7361);
#2497=VERTEX_POINT('',#7366);
#2498=VERTEX_POINT('',#7367);
#2499=VERTEX_POINT('',#7384);
#2500=VERTEX_POINT('',#7385);
#2501=VERTEX_POINT('',#7387);
#2502=VERTEX_POINT('',#7389);
#2503=VERTEX_POINT('',#7393);
#2504=VERTEX_POINT('',#7394);
#2505=VERTEX_POINT('',#7399);
#2506=VERTEX_POINT('',#7400);
#2507=VERTEX_POINT('',#7408);
#2508=VERTEX_POINT('',#7409);
#2509=VERTEX_POINT('',#7411);
#2510=VERTEX_POINT('',#7413);
#2511=VERTEX_POINT('',#7417);
#2512=VERTEX_POINT('',#7418);
#2513=VERTEX_POINT('',#7423);
#2514=VERTEX_POINT('',#7424);
#2515=VERTEX_POINT('',#7429);
#2516=VERTEX_POINT('',#7430);
#2517=VERTEX_POINT('',#7432);
#2518=VERTEX_POINT('',#7434);
#2519=VERTEX_POINT('',#7438);
#2520=VERTEX_POINT('',#7439);
#2521=VERTEX_POINT('',#7444);
#2522=VERTEX_POINT('',#7445);
#2523=VERTEX_POINT('',#7450);
#2524=VERTEX_POINT('',#7451);
#2525=VERTEX_POINT('',#7453);
#2526=VERTEX_POINT('',#7455);
#2527=VERTEX_POINT('',#7459);
#2528=VERTEX_POINT('',#7460);
#2529=VERTEX_POINT('',#7465);
#2530=VERTEX_POINT('',#7466);
#2531=VERTEX_POINT('',#7471);
#2532=VERTEX_POINT('',#7472);
#2533=VERTEX_POINT('',#7474);
#2534=VERTEX_POINT('',#7476);
#2535=VERTEX_POINT('',#7480);
#2536=VERTEX_POINT('',#7481);
#2537=VERTEX_POINT('',#7486);
#2538=VERTEX_POINT('',#7487);
#2539=VERTEX_POINT('',#7504);
#2540=VERTEX_POINT('',#7505);
#2541=VERTEX_POINT('',#7507);
#2542=VERTEX_POINT('',#7509);
#2543=VERTEX_POINT('',#7513);
#2544=VERTEX_POINT('',#7514);
#2545=VERTEX_POINT('',#7519);
#2546=VERTEX_POINT('',#7520);
#2547=VERTEX_POINT('',#7528);
#2548=VERTEX_POINT('',#7529);
#2549=VERTEX_POINT('',#7531);
#2550=VERTEX_POINT('',#7533);
#2551=VERTEX_POINT('',#7535);
#2552=VERTEX_POINT('',#7537);
#2553=VERTEX_POINT('',#7539);
#2554=VERTEX_POINT('',#7541);
#2555=VERTEX_POINT('',#7545);
#2556=VERTEX_POINT('',#7546);
#2557=VERTEX_POINT('',#7548);
#2558=VERTEX_POINT('',#7550);
#2559=VERTEX_POINT('',#7554);
#2560=VERTEX_POINT('',#7555);
#2561=VERTEX_POINT('',#7557);
#2562=VERTEX_POINT('',#7559);
#2563=VERTEX_POINT('',#7563);
#2564=VERTEX_POINT('',#7564);
#2565=VERTEX_POINT('',#7566);
#2566=VERTEX_POINT('',#7568);
#2567=VERTEX_POINT('',#7572);
#2568=VERTEX_POINT('',#7573);
#2569=VERTEX_POINT('',#7575);
#2570=VERTEX_POINT('',#7577);
#2571=VERTEX_POINT('',#7581);
#2572=VERTEX_POINT('',#7582);
#2573=VERTEX_POINT('',#7584);
#2574=VERTEX_POINT('',#7586);
#2575=VERTEX_POINT('',#7590);
#2576=VERTEX_POINT('',#7591);
#2577=VERTEX_POINT('',#7593);
#2578=VERTEX_POINT('',#7595);
#2579=VERTEX_POINT('',#7599);
#2580=VERTEX_POINT('',#7600);
#2581=VERTEX_POINT('',#7602);
#2582=VERTEX_POINT('',#7604);
#2583=VERTEX_POINT('',#7608);
#2584=VERTEX_POINT('',#7609);
#2585=VERTEX_POINT('',#7611);
#2586=VERTEX_POINT('',#7613);
#2587=VERTEX_POINT('',#7617);
#2588=VERTEX_POINT('',#7619);
#2589=VERTEX_POINT('',#7623);
#2590=VERTEX_POINT('',#7624);
#2591=VERTEX_POINT('',#7629);
#2592=VERTEX_POINT('',#7631);
#2593=VERTEX_POINT('',#7635);
#2594=VERTEX_POINT('',#7636);
#2595=VERTEX_POINT('',#7641);
#2596=VERTEX_POINT('',#7642);
#2597=VERTEX_POINT('',#7647);
#2598=VERTEX_POINT('',#7649);
#2599=VERTEX_POINT('',#7653);
#2600=VERTEX_POINT('',#7655);
#2601=VERTEX_POINT('',#7659);
#2602=VERTEX_POINT('',#7660);
#2603=VERTEX_POINT('',#7665);
#2604=VERTEX_POINT('',#7666);
#2605=VERTEX_POINT('',#7671);
#2606=VERTEX_POINT('',#7673);
#2607=VERTEX_POINT('',#7677);
#2608=VERTEX_POINT('',#7679);
#2609=VERTEX_POINT('',#7683);
#2610=VERTEX_POINT('',#7684);
#2611=VERTEX_POINT('',#7689);
#2612=VERTEX_POINT('',#7690);
#2613=VERTEX_POINT('',#7695);
#2614=VERTEX_POINT('',#7697);
#2615=VERTEX_POINT('',#7701);
#2616=VERTEX_POINT('',#7703);
#2617=VERTEX_POINT('',#7707);
#2618=VERTEX_POINT('',#7708);
#2619=VERTEX_POINT('',#7713);
#2620=VERTEX_POINT('',#7714);
#2621=VERTEX_POINT('',#7719);
#2622=VERTEX_POINT('',#7721);
#2623=VERTEX_POINT('',#7729);
#2624=VERTEX_POINT('',#7731);
#2625=VERTEX_POINT('',#7733);
#2626=VERTEX_POINT('',#7739);
#2627=VERTEX_POINT('',#7741);
#2628=VERTEX_POINT('',#7743);
#2629=VERTEX_POINT('',#7759);
#2630=VERTEX_POINT('',#7761);
#2631=VERTEX_POINT('',#7785);
#2632=VERTEX_POINT('',#7786);
#2633=VERTEX_POINT('',#7791);
#2634=VERTEX_POINT('',#7795);
#2635=VERTEX_POINT('',#7799);
#2636=VERTEX_POINT('',#7803);
#2637=VERTEX_POINT('',#7810);
#2638=VERTEX_POINT('',#7811);
#2639=VERTEX_POINT('',#7816);
#2640=VERTEX_POINT('',#7820);
#2641=VERTEX_POINT('',#7824);
#2642=VERTEX_POINT('',#7828);
#2643=VERTEX_POINT('',#7835);
#2644=VERTEX_POINT('',#7836);
#2645=VERTEX_POINT('',#7841);
#2646=VERTEX_POINT('',#7845);
#2647=VERTEX_POINT('',#7849);
#2648=VERTEX_POINT('',#7853);
#2649=VERTEX_POINT('',#7860);
#2650=VERTEX_POINT('',#7861);
#2651=VERTEX_POINT('',#7866);
#2652=VERTEX_POINT('',#7870);
#2653=VERTEX_POINT('',#7874);
#2654=VERTEX_POINT('',#7878);
#2655=VERTEX_POINT('',#7885);
#2656=VERTEX_POINT('',#7886);
#2657=VERTEX_POINT('',#7891);
#2658=VERTEX_POINT('',#7895);
#2659=VERTEX_POINT('',#7899);
#2660=VERTEX_POINT('',#7903);
#2661=VERTEX_POINT('',#7910);
#2662=VERTEX_POINT('',#7911);
#2663=VERTEX_POINT('',#7916);
#2664=VERTEX_POINT('',#7920);
#2665=VERTEX_POINT('',#7927);
#2666=VERTEX_POINT('',#7928);
#2667=VERTEX_POINT('',#7933);
#2668=VERTEX_POINT('',#7937);
#2669=VERTEX_POINT('',#7944);
#2670=VERTEX_POINT('',#7945);
#2671=VERTEX_POINT('',#7950);
#2672=VERTEX_POINT('',#7954);
#2673=VERTEX_POINT('',#7961);
#2674=VERTEX_POINT('',#7962);
#2675=VERTEX_POINT('',#7967);
#2676=VERTEX_POINT('',#7971);
#2677=VERTEX_POINT('',#7978);
#2678=VERTEX_POINT('',#7979);
#2679=VERTEX_POINT('',#7984);
#2680=VERTEX_POINT('',#7988);
#2681=VERTEX_POINT('',#7996);
#2682=VERTEX_POINT('',#7997);
#2683=VERTEX_POINT('',#7999);
#2684=VERTEX_POINT('',#8001);
#2685=VERTEX_POINT('',#8003);
#2686=VERTEX_POINT('',#8005);
#2687=VERTEX_POINT('',#8007);
#2688=VERTEX_POINT('',#8009);
#2689=VERTEX_POINT('',#8011);
#2690=VERTEX_POINT('',#8013);
#2691=VERTEX_POINT('',#8015);
#2692=VERTEX_POINT('',#8017);
#2693=VERTEX_POINT('',#8019);
#2694=VERTEX_POINT('',#8021);
#2695=VERTEX_POINT('',#8023);
#2696=VERTEX_POINT('',#8025);
#2697=VERTEX_POINT('',#8027);
#2698=VERTEX_POINT('',#8029);
#2699=VERTEX_POINT('',#8031);
#2700=VERTEX_POINT('',#8033);
#2701=VERTEX_POINT('',#8037);
#2702=VERTEX_POINT('',#8038);
#2703=VERTEX_POINT('',#8040);
#2704=VERTEX_POINT('',#8042);
#2705=VERTEX_POINT('',#8044);
#2706=VERTEX_POINT('',#8046);
#2707=VERTEX_POINT('',#8048);
#2708=VERTEX_POINT('',#8050);
#2709=VERTEX_POINT('',#8052);
#2710=VERTEX_POINT('',#8054);
#2711=VERTEX_POINT('',#8056);
#2712=VERTEX_POINT('',#8058);
#2713=VERTEX_POINT('',#8060);
#2714=VERTEX_POINT('',#8062);
#2715=VERTEX_POINT('',#8064);
#2716=VERTEX_POINT('',#8066);
#2717=VERTEX_POINT('',#8068);
#2718=VERTEX_POINT('',#8070);
#2719=VERTEX_POINT('',#8072);
#2720=VERTEX_POINT('',#8074);
#2721=VERTEX_POINT('',#8079);
#2722=VERTEX_POINT('',#8081);
#2723=VERTEX_POINT('',#8083);
#2724=VERTEX_POINT('',#8085);
#2725=VERTEX_POINT('',#8087);
#2726=VERTEX_POINT('',#8089);
#2727=VERTEX_POINT('',#8091);
#2728=VERTEX_POINT('',#8093);
#2729=VERTEX_POINT('',#8095);
#2730=VERTEX_POINT('',#8097);
#2731=VERTEX_POINT('',#8099);
#2732=VERTEX_POINT('',#8101);
#2733=VERTEX_POINT('',#8106);
#2734=VERTEX_POINT('',#8108);
#2735=VERTEX_POINT('',#8110);
#2736=VERTEX_POINT('',#8112);
#2737=VERTEX_POINT('',#8114);
#2738=VERTEX_POINT('',#8116);
#2739=VERTEX_POINT('',#8118);
#2740=VERTEX_POINT('',#8120);
#2741=VERTEX_POINT('',#8122);
#2742=VERTEX_POINT('',#8124);
#2743=VERTEX_POINT('',#8126);
#2744=VERTEX_POINT('',#8128);
#2745=VERTEX_POINT('',#8132);
#2746=VERTEX_POINT('',#8133);
#2747=VERTEX_POINT('',#8138);
#2748=VERTEX_POINT('',#8139);
#2749=VERTEX_POINT('',#8144);
#2750=VERTEX_POINT('',#8145);
#2751=VERTEX_POINT('',#8147);
#2752=VERTEX_POINT('',#8149);
#2753=VERTEX_POINT('',#8153);
#2754=VERTEX_POINT('',#8154);
#2755=VERTEX_POINT('',#8156);
#2756=VERTEX_POINT('',#8158);
#2757=VERTEX_POINT('',#8162);
#2758=VERTEX_POINT('',#8163);
#2759=VERTEX_POINT('',#8165);
#2760=VERTEX_POINT('',#8167);
#2761=VERTEX_POINT('',#8171);
#2762=VERTEX_POINT('',#8175);
#2763=VERTEX_POINT('',#8179);
#2764=VERTEX_POINT('',#8181);
#2765=VERTEX_POINT('',#8185);
#2766=VERTEX_POINT('',#8187);
#2767=VERTEX_POINT('',#8191);
#2768=VERTEX_POINT('',#8193);
#2769=VERTEX_POINT('',#8197);
#2770=VERTEX_POINT('',#8201);
#2771=VERTEX_POINT('',#8205);
#2772=VERTEX_POINT('',#8207);
#2773=VERTEX_POINT('',#8211);
#2774=VERTEX_POINT('',#8213);
#2775=VERTEX_POINT('',#8217);
#2776=VERTEX_POINT('',#8219);
#2777=VERTEX_POINT('',#8223);
#2778=VERTEX_POINT('',#8227);
#2779=VERTEX_POINT('',#8231);
#2780=VERTEX_POINT('',#8233);
#2781=VERTEX_POINT('',#8237);
#2782=VERTEX_POINT('',#8239);
#2783=VERTEX_POINT('',#8243);
#2784=VERTEX_POINT('',#8245);
#2785=VERTEX_POINT('',#8249);
#2786=VERTEX_POINT('',#8250);
#2787=VERTEX_POINT('',#8255);
#2788=VERTEX_POINT('',#8256);
#2789=VERTEX_POINT('',#8261);
#2790=VERTEX_POINT('',#8262);
#2791=VERTEX_POINT('',#8264);
#2792=VERTEX_POINT('',#8266);
#2793=VERTEX_POINT('',#8270);
#2794=VERTEX_POINT('',#8271);
#2795=VERTEX_POINT('',#8273);
#2796=VERTEX_POINT('',#8275);
#2797=VERTEX_POINT('',#8279);
#2798=VERTEX_POINT('',#8280);
#2799=VERTEX_POINT('',#8282);
#2800=VERTEX_POINT('',#8284);
#2801=VERTEX_POINT('',#8288);
#2802=VERTEX_POINT('',#8292);
#2803=VERTEX_POINT('',#8296);
#2804=VERTEX_POINT('',#8298);
#2805=VERTEX_POINT('',#8302);
#2806=VERTEX_POINT('',#8304);
#2807=VERTEX_POINT('',#8308);
#2808=VERTEX_POINT('',#8310);
#2809=VERTEX_POINT('',#8314);
#2810=VERTEX_POINT('',#8318);
#2811=VERTEX_POINT('',#8322);
#2812=VERTEX_POINT('',#8324);
#2813=VERTEX_POINT('',#8328);
#2814=VERTEX_POINT('',#8330);
#2815=VERTEX_POINT('',#8334);
#2816=VERTEX_POINT('',#8336);
#2817=VERTEX_POINT('',#8340);
#2818=VERTEX_POINT('',#8344);
#2819=VERTEX_POINT('',#8348);
#2820=VERTEX_POINT('',#8350);
#2821=VERTEX_POINT('',#8354);
#2822=VERTEX_POINT('',#8356);
#2823=VERTEX_POINT('',#8360);
#2824=VERTEX_POINT('',#8362);
#2825=VERTEX_POINT('',#8366);
#2826=VERTEX_POINT('',#8370);
#2827=VERTEX_POINT('',#8374);
#2828=VERTEX_POINT('',#8376);
#2829=VERTEX_POINT('',#8380);
#2830=VERTEX_POINT('',#8382);
#2831=VERTEX_POINT('',#8386);
#2832=VERTEX_POINT('',#8388);
#2833=VERTEX_POINT('',#8405);
#2834=VERTEX_POINT('',#8409);
#2835=VERTEX_POINT('',#8413);
#2836=VERTEX_POINT('',#8414);
#2837=VERTEX_POINT('',#8419);
#2838=VERTEX_POINT('',#8420);
#2839=VERTEX_POINT('',#8425);
#2840=VERTEX_POINT('',#8426);
#2841=VERTEX_POINT('',#8479);
#2842=VERTEX_POINT('',#8480);
#2843=VERTEX_POINT('',#8482);
#2844=VERTEX_POINT('',#8484);
#2845=VERTEX_POINT('',#8486);
#2846=VERTEX_POINT('',#8488);
#2847=VERTEX_POINT('',#8490);
#2848=VERTEX_POINT('',#8492);
#2849=VERTEX_POINT('',#8494);
#2850=VERTEX_POINT('',#8496);
#2851=VERTEX_POINT('',#8498);
#2852=VERTEX_POINT('',#8500);
#2853=VERTEX_POINT('',#8502);
#2854=VERTEX_POINT('',#8504);
#2855=VERTEX_POINT('',#8506);
#2856=VERTEX_POINT('',#8508);
#2857=VERTEX_POINT('',#8510);
#2858=VERTEX_POINT('',#8512);
#2859=VERTEX_POINT('',#8514);
#2860=VERTEX_POINT('',#8516);
#2861=VERTEX_POINT('',#8520);
#2862=VERTEX_POINT('',#8521);
#2863=VERTEX_POINT('',#8523);
#2864=VERTEX_POINT('',#8525);
#2865=VERTEX_POINT('',#8527);
#2866=VERTEX_POINT('',#8529);
#2867=VERTEX_POINT('',#8531);
#2868=VERTEX_POINT('',#8533);
#2869=VERTEX_POINT('',#8535);
#2870=VERTEX_POINT('',#8537);
#2871=VERTEX_POINT('',#8539);
#2872=VERTEX_POINT('',#8541);
#2873=VERTEX_POINT('',#8543);
#2874=VERTEX_POINT('',#8545);
#2875=VERTEX_POINT('',#8547);
#2876=VERTEX_POINT('',#8549);
#2877=VERTEX_POINT('',#8551);
#2878=VERTEX_POINT('',#8553);
#2879=VERTEX_POINT('',#8555);
#2880=VERTEX_POINT('',#8557);
#2881=VERTEX_POINT('',#8562);
#2882=VERTEX_POINT('',#8564);
#2883=VERTEX_POINT('',#8566);
#2884=VERTEX_POINT('',#8568);
#2885=VERTEX_POINT('',#8573);
#2886=VERTEX_POINT('',#8575);
#2887=VERTEX_POINT('',#8577);
#2888=VERTEX_POINT('',#8579);
#2889=VERTEX_POINT('',#8583);
#2890=VERTEX_POINT('',#8587);
#2891=VERTEX_POINT('',#8589);
#2892=VERTEX_POINT('',#8593);
#2893=VERTEX_POINT('',#8595);
#2894=VERTEX_POINT('',#8599);
#2895=VERTEX_POINT('',#8601);
#2896=VERTEX_POINT('',#8605);
#2897=VERTEX_POINT('',#8609);
#2898=VERTEX_POINT('',#8613);
#2899=VERTEX_POINT('',#8615);
#2900=VERTEX_POINT('',#8619);
#2901=VERTEX_POINT('',#8621);
#2902=VERTEX_POINT('',#8625);
#2903=VERTEX_POINT('',#8627);
#2904=VERTEX_POINT('',#8631);
#2905=VERTEX_POINT('',#8635);
#2906=VERTEX_POINT('',#8636);
#2907=VERTEX_POINT('',#8641);
#2908=VERTEX_POINT('',#8642);
#2909=VERTEX_POINT('',#8644);
#2910=VERTEX_POINT('',#8646);
#2911=VERTEX_POINT('',#8650);
#2912=VERTEX_POINT('',#8651);
#2913=VERTEX_POINT('',#8653);
#2914=VERTEX_POINT('',#8655);
#2915=VERTEX_POINT('',#8659);
#2916=VERTEX_POINT('',#8660);
#2917=VERTEX_POINT('',#8662);
#2918=VERTEX_POINT('',#8664);
#2919=VERTEX_POINT('',#8668);
#2920=VERTEX_POINT('',#8669);
#2921=LINE('',#7178,#3623);
#2922=LINE('',#7181,#3624);
#2923=LINE('',#7183,#3625);
#2924=LINE('',#7185,#3626);
#2925=LINE('',#7186,#3627);
#2926=LINE('',#7189,#3628);
#2927=LINE('',#7191,#3629);
#2928=LINE('',#7193,#3630);
#2929=LINE('',#7197,#3631);
#2930=LINE('',#7199,#3632);
#2931=LINE('',#7201,#3633);
#2932=LINE('',#7205,#3634);
#2933=LINE('',#7209,#3635);
#2934=LINE('',#7211,#3636);
#2935=LINE('',#7213,#3637);
#2936=LINE('',#7217,#3638);
#2937=LINE('',#7221,#3639);
#2938=LINE('',#7223,#3640);
#2939=LINE('',#7225,#3641);
#2940=LINE('',#7229,#3642);
#2941=LINE('',#7230,#3643);
#2942=LINE('',#7233,#3644);
#2943=LINE('',#7235,#3645);
#2944=LINE('',#7237,#3646);
#2945=LINE('',#7241,#3647);
#2946=LINE('',#7243,#3648);
#2947=LINE('',#7245,#3649);
#2948=LINE('',#7249,#3650);
#2949=LINE('',#7253,#3651);
#2950=LINE('',#7255,#3652);
#2951=LINE('',#7257,#3653);
#2952=LINE('',#7261,#3654);
#2953=LINE('',#7262,#3655);
#2954=LINE('',#7265,#3656);
#2955=LINE('',#7267,#3657);
#2956=LINE('',#7269,#3658);
#2957=LINE('',#7270,#3659);
#2958=LINE('',#7273,#3660);
#2959=LINE('',#7275,#3661);
#2960=LINE('',#7277,#3662);
#2961=LINE('',#7278,#3663);
#2962=LINE('',#7281,#3664);
#2963=LINE('',#7283,#3665);
#2964=LINE('',#7285,#3666);
#2965=LINE('',#7287,#3667);
#2966=LINE('',#7290,#3668);
#2967=LINE('',#7292,#3669);
#2968=LINE('',#7294,#3670);
#2969=LINE('',#7296,#3671);
#2970=LINE('',#7299,#3672);
#2971=LINE('',#7300,#3673);
#2972=LINE('',#7302,#3674);
#2973=LINE('',#7305,#3675);
#2974=LINE('',#7306,#3676);
#2975=LINE('',#7308,#3677);
#2976=LINE('',#7311,#3678);
#2977=LINE('',#7313,#3679);
#2978=LINE('',#7315,#3680);
#2979=LINE('',#7317,#3681);
#2980=LINE('',#7320,#3682);
#2981=LINE('',#7321,#3683);
#2982=LINE('',#7323,#3684);
#2983=LINE('',#7326,#3685);
#2984=LINE('',#7327,#3686);
#2985=LINE('',#7329,#3687);
#2986=LINE('',#7332,#3688);
#2987=LINE('',#7334,#3689);
#2988=LINE('',#7336,#3690);
#2989=LINE('',#7338,#3691);
#2990=LINE('',#7341,#3692);
#2991=LINE('',#7342,#3693);
#2992=LINE('',#7344,#3694);
#2993=LINE('',#7347,#3695);
#2994=LINE('',#7348,#3696);
#2995=LINE('',#7350,#3697);
#2996=LINE('',#7353,#3698);
#2997=LINE('',#7355,#3699);
#2998=LINE('',#7357,#3700);
#2999=LINE('',#7359,#3701);
#3000=LINE('',#7362,#3702);
#3001=LINE('',#7363,#3703);
#3002=LINE('',#7365,#3704);
#3003=LINE('',#7368,#3705);
#3004=LINE('',#7369,#3706);
#3005=LINE('',#7371,#3707);
#3006=LINE('',#7372,#3708);
#3007=LINE('',#7374,#3709);
#3008=LINE('',#7375,#3710);
#3009=LINE('',#7377,#3711);
#3010=LINE('',#7378,#3712);
#3011=LINE('',#7380,#3713);
#3012=LINE('',#7381,#3714);
#3013=LINE('',#7383,#3715);
#3014=LINE('',#7386,#3716);
#3015=LINE('',#7388,#3717);
#3016=LINE('',#7390,#3718);
#3017=LINE('',#7392,#3719);
#3018=LINE('',#7395,#3720);
#3019=LINE('',#7396,#3721);
#3020=LINE('',#7398,#3722);
#3021=LINE('',#7401,#3723);
#3022=LINE('',#7402,#3724);
#3023=LINE('',#7404,#3725);
#3024=LINE('',#7405,#3726);
#3025=LINE('',#7407,#3727);
#3026=LINE('',#7410,#3728);
#3027=LINE('',#7412,#3729);
#3028=LINE('',#7414,#3730);
#3029=LINE('',#7416,#3731);
#3030=LINE('',#7419,#3732);
#3031=LINE('',#7420,#3733);
#3032=LINE('',#7422,#3734);
#3033=LINE('',#7425,#3735);
#3034=LINE('',#7426,#3736);
#3035=LINE('',#7428,#3737);
#3036=LINE('',#7431,#3738);
#3037=LINE('',#7433,#3739);
#3038=LINE('',#7435,#3740);
#3039=LINE('',#7437,#3741);
#3040=LINE('',#7440,#3742);
#3041=LINE('',#7441,#3743);
#3042=LINE('',#7443,#3744);
#3043=LINE('',#7446,#3745);
#3044=LINE('',#7447,#3746);
#3045=LINE('',#7449,#3747);
#3046=LINE('',#7452,#3748);
#3047=LINE('',#7454,#3749);
#3048=LINE('',#7456,#3750);
#3049=LINE('',#7458,#3751);
#3050=LINE('',#7461,#3752);
#3051=LINE('',#7462,#3753);
#3052=LINE('',#7464,#3754);
#3053=LINE('',#7467,#3755);
#3054=LINE('',#7468,#3756);
#3055=LINE('',#7470,#3757);
#3056=LINE('',#7473,#3758);
#3057=LINE('',#7475,#3759);
#3058=LINE('',#7477,#3760);
#3059=LINE('',#7479,#3761);
#3060=LINE('',#7482,#3762);
#3061=LINE('',#7483,#3763);
#3062=LINE('',#7485,#3764);
#3063=LINE('',#7488,#3765);
#3064=LINE('',#7489,#3766);
#3065=LINE('',#7491,#3767);
#3066=LINE('',#7492,#3768);
#3067=LINE('',#7494,#3769);
#3068=LINE('',#7495,#3770);
#3069=LINE('',#7497,#3771);
#3070=LINE('',#7498,#3772);
#3071=LINE('',#7500,#3773);
#3072=LINE('',#7501,#3774);
#3073=LINE('',#7503,#3775);
#3074=LINE('',#7506,#3776);
#3075=LINE('',#7508,#3777);
#3076=LINE('',#7510,#3778);
#3077=LINE('',#7512,#3779);
#3078=LINE('',#7515,#3780);
#3079=LINE('',#7516,#3781);
#3080=LINE('',#7518,#3782);
#3081=LINE('',#7521,#3783);
#3082=LINE('',#7522,#3784);
#3083=LINE('',#7524,#3785);
#3084=LINE('',#7525,#3786);
#3085=LINE('',#7527,#3787);
#3086=LINE('',#7530,#3788);
#3087=LINE('',#7532,#3789);
#3088=LINE('',#7534,#3790);
#3089=LINE('',#7536,#3791);
#3090=LINE('',#7538,#3792);
#3091=LINE('',#7540,#3793);
#3092=LINE('',#7542,#3794);
#3093=LINE('',#7544,#3795);
#3094=LINE('',#7547,#3796);
#3095=LINE('',#7549,#3797);
#3096=LINE('',#7551,#3798);
#3097=LINE('',#7553,#3799);
#3098=LINE('',#7556,#3800);
#3099=LINE('',#7558,#3801);
#3100=LINE('',#7560,#3802);
#3101=LINE('',#7562,#3803);
#3102=LINE('',#7565,#3804);
#3103=LINE('',#7567,#3805);
#3104=LINE('',#7569,#3806);
#3105=LINE('',#7571,#3807);
#3106=LINE('',#7574,#3808);
#3107=LINE('',#7576,#3809);
#3108=LINE('',#7578,#3810);
#3109=LINE('',#7580,#3811);
#3110=LINE('',#7583,#3812);
#3111=LINE('',#7585,#3813);
#3112=LINE('',#7587,#3814);
#3113=LINE('',#7589,#3815);
#3114=LINE('',#7592,#3816);
#3115=LINE('',#7594,#3817);
#3116=LINE('',#7596,#3818);
#3117=LINE('',#7598,#3819);
#3118=LINE('',#7601,#3820);
#3119=LINE('',#7603,#3821);
#3120=LINE('',#7605,#3822);
#3121=LINE('',#7607,#3823);
#3122=LINE('',#7610,#3824);
#3123=LINE('',#7612,#3825);
#3124=LINE('',#7614,#3826);
#3125=LINE('',#7616,#3827);
#3126=LINE('',#7618,#3828);
#3127=LINE('',#7620,#3829);
#3128=LINE('',#7622,#3830);
#3129=LINE('',#7625,#3831);
#3130=LINE('',#7626,#3832);
#3131=LINE('',#7628,#3833);
#3132=LINE('',#7630,#3834);
#3133=LINE('',#7632,#3835);
#3134=LINE('',#7634,#3836);
#3135=LINE('',#7637,#3837);
#3136=LINE('',#7638,#3838);
#3137=LINE('',#7640,#3839);
#3138=LINE('',#7643,#3840);
#3139=LINE('',#7644,#3841);
#3140=LINE('',#7646,#3842);
#3141=LINE('',#7648,#3843);
#3142=LINE('',#7650,#3844);
#3143=LINE('',#7652,#3845);
#3144=LINE('',#7654,#3846);
#3145=LINE('',#7656,#3847);
#3146=LINE('',#7658,#3848);
#3147=LINE('',#7661,#3849);
#3148=LINE('',#7662,#3850);
#3149=LINE('',#7664,#3851);
#3150=LINE('',#7667,#3852);
#3151=LINE('',#7668,#3853);
#3152=LINE('',#7670,#3854);
#3153=LINE('',#7672,#3855);
#3154=LINE('',#7674,#3856);
#3155=LINE('',#7676,#3857);
#3156=LINE('',#7678,#3858);
#3157=LINE('',#7680,#3859);
#3158=LINE('',#7682,#3860);
#3159=LINE('',#7685,#3861);
#3160=LINE('',#7686,#3862);
#3161=LINE('',#7688,#3863);
#3162=LINE('',#7691,#3864);
#3163=LINE('',#7692,#3865);
#3164=LINE('',#7694,#3866);
#3165=LINE('',#7696,#3867);
#3166=LINE('',#7698,#3868);
#3167=LINE('',#7700,#3869);
#3168=LINE('',#7702,#3870);
#3169=LINE('',#7704,#3871);
#3170=LINE('',#7706,#3872);
#3171=LINE('',#7709,#3873);
#3172=LINE('',#7710,#3874);
#3173=LINE('',#7712,#3875);
#3174=LINE('',#7715,#3876);
#3175=LINE('',#7716,#3877);
#3176=LINE('',#7718,#3878);
#3177=LINE('',#7720,#3879);
#3178=LINE('',#7722,#3880);
#3179=LINE('',#7724,#3881);
#3180=LINE('',#7725,#3882);
#3181=LINE('',#7726,#3883);
#3182=LINE('',#7727,#3884);
#3183=LINE('',#7728,#3885);
#3184=LINE('',#7730,#3886);
#3185=LINE('',#7732,#3887);
#3186=LINE('',#7734,#3888);
#3187=LINE('',#7735,#3889);
#3188=LINE('',#7737,#3890);
#3189=LINE('',#7738,#3891);
#3190=LINE('',#7740,#3892);
#3191=LINE('',#7742,#3893);
#3192=LINE('',#7744,#3894);
#3193=LINE('',#7745,#3895);
#3194=LINE('',#7746,#3896);
#3195=LINE('',#7747,#3897);
#3196=LINE('',#7748,#3898);
#3197=LINE('',#7750,#3899);
#3198=LINE('',#7751,#3900);
#3199=LINE('',#7755,#3901);
#3200=LINE('',#7757,#3902);
#3201=LINE('',#7758,#3903);
#3202=LINE('',#7760,#3904);
#3203=LINE('',#7762,#3905);
#3204=LINE('',#7763,#3906);
#3205=LINE('',#7764,#3907);
#3206=LINE('',#7765,#3908);
#3207=LINE('',#7766,#3909);
#3208=LINE('',#7767,#3910);
#3209=LINE('',#7768,#3911);
#3210=LINE('',#7769,#3912);
#3211=LINE('',#7773,#3913);
#3212=LINE('',#7775,#3914);
#3213=LINE('',#7784,#3915);
#3214=LINE('',#7787,#3916);
#3215=LINE('',#7788,#3917);
#3216=LINE('',#7792,#3918);
#3217=LINE('',#7794,#3919);
#3218=LINE('',#7796,#3920);
#3219=LINE('',#7800,#3921);
#3220=LINE('',#7802,#3922);
#3221=LINE('',#7804,#3923);
#3222=LINE('',#7806,#3924);
#3223=LINE('',#7809,#3925);
#3224=LINE('',#7812,#3926);
#3225=LINE('',#7813,#3927);
#3226=LINE('',#7817,#3928);
#3227=LINE('',#7819,#3929);
#3228=LINE('',#7821,#3930);
#3229=LINE('',#7825,#3931);
#3230=LINE('',#7827,#3932);
#3231=LINE('',#7829,#3933);
#3232=LINE('',#7831,#3934);
#3233=LINE('',#7834,#3935);
#3234=LINE('',#7837,#3936);
#3235=LINE('',#7838,#3937);
#3236=LINE('',#7842,#3938);
#3237=LINE('',#7844,#3939);
#3238=LINE('',#7846,#3940);
#3239=LINE('',#7850,#3941);
#3240=LINE('',#7852,#3942);
#3241=LINE('',#7854,#3943);
#3242=LINE('',#7856,#3944);
#3243=LINE('',#7859,#3945);
#3244=LINE('',#7862,#3946);
#3245=LINE('',#7863,#3947);
#3246=LINE('',#7867,#3948);
#3247=LINE('',#7869,#3949);
#3248=LINE('',#7871,#3950);
#3249=LINE('',#7875,#3951);
#3250=LINE('',#7877,#3952);
#3251=LINE('',#7879,#3953);
#3252=LINE('',#7881,#3954);
#3253=LINE('',#7884,#3955);
#3254=LINE('',#7887,#3956);
#3255=LINE('',#7888,#3957);
#3256=LINE('',#7892,#3958);
#3257=LINE('',#7894,#3959);
#3258=LINE('',#7896,#3960);
#3259=LINE('',#7900,#3961);
#3260=LINE('',#7902,#3962);
#3261=LINE('',#7904,#3963);
#3262=LINE('',#7906,#3964);
#3263=LINE('',#7909,#3965);
#3264=LINE('',#7912,#3966);
#3265=LINE('',#7913,#3967);
#3266=LINE('',#7915,#3968);
#3267=LINE('',#7917,#3969);
#3268=LINE('',#7919,#3970);
#3269=LINE('',#7921,#3971);
#3270=LINE('',#7923,#3972);
#3271=LINE('',#7926,#3973);
#3272=LINE('',#7929,#3974);
#3273=LINE('',#7930,#3975);
#3274=LINE('',#7932,#3976);
#3275=LINE('',#7934,#3977);
#3276=LINE('',#7936,#3978);
#3277=LINE('',#7938,#3979);
#3278=LINE('',#7940,#3980);
#3279=LINE('',#7943,#3981);
#3280=LINE('',#7946,#3982);
#3281=LINE('',#7947,#3983);
#3282=LINE('',#7949,#3984);
#3283=LINE('',#7951,#3985);
#3284=LINE('',#7953,#3986);
#3285=LINE('',#7955,#3987);
#3286=LINE('',#7957,#3988);
#3287=LINE('',#7960,#3989);
#3288=LINE('',#7963,#3990);
#3289=LINE('',#7964,#3991);
#3290=LINE('',#7966,#3992);
#3291=LINE('',#7968,#3993);
#3292=LINE('',#7970,#3994);
#3293=LINE('',#7972,#3995);
#3294=LINE('',#7974,#3996);
#3295=LINE('',#7977,#3997);
#3296=LINE('',#7980,#3998);
#3297=LINE('',#7981,#3999);
#3298=LINE('',#7983,#4000);
#3299=LINE('',#7985,#4001);
#3300=LINE('',#7987,#4002);
#3301=LINE('',#7989,#4003);
#3302=LINE('',#7991,#4004);
#3303=LINE('',#7995,#4005);
#3304=LINE('',#7998,#4006);
#3305=LINE('',#8000,#4007);
#3306=LINE('',#8002,#4008);
#3307=LINE('',#8004,#4009);
#3308=LINE('',#8006,#4010);
#3309=LINE('',#8008,#4011);
#3310=LINE('',#8010,#4012);
#3311=LINE('',#8012,#4013);
#3312=LINE('',#8014,#4014);
#3313=LINE('',#8016,#4015);
#3314=LINE('',#8018,#4016);
#3315=LINE('',#8020,#4017);
#3316=LINE('',#8022,#4018);
#3317=LINE('',#8024,#4019);
#3318=LINE('',#8026,#4020);
#3319=LINE('',#8028,#4021);
#3320=LINE('',#8030,#4022);
#3321=LINE('',#8032,#4023);
#3322=LINE('',#8034,#4024);
#3323=LINE('',#8036,#4025);
#3324=LINE('',#8039,#4026);
#3325=LINE('',#8041,#4027);
#3326=LINE('',#8043,#4028);
#3327=LINE('',#8045,#4029);
#3328=LINE('',#8047,#4030);
#3329=LINE('',#8049,#4031);
#3330=LINE('',#8051,#4032);
#3331=LINE('',#8053,#4033);
#3332=LINE('',#8055,#4034);
#3333=LINE('',#8057,#4035);
#3334=LINE('',#8059,#4036);
#3335=LINE('',#8061,#4037);
#3336=LINE('',#8063,#4038);
#3337=LINE('',#8065,#4039);
#3338=LINE('',#8067,#4040);
#3339=LINE('',#8069,#4041);
#3340=LINE('',#8071,#4042);
#3341=LINE('',#8073,#4043);
#3342=LINE('',#8075,#4044);
#3343=LINE('',#8077,#4045);
#3344=LINE('',#8080,#4046);
#3345=LINE('',#8082,#4047);
#3346=LINE('',#8084,#4048);
#3347=LINE('',#8088,#4049);
#3348=LINE('',#8090,#4050);
#3349=LINE('',#8092,#4051);
#3350=LINE('',#8096,#4052);
#3351=LINE('',#8098,#4053);
#3352=LINE('',#8100,#4054);
#3353=LINE('',#8104,#4055);
#3354=LINE('',#8107,#4056);
#3355=LINE('',#8109,#4057);
#3356=LINE('',#8111,#4058);
#3357=LINE('',#8115,#4059);
#3358=LINE('',#8117,#4060);
#3359=LINE('',#8119,#4061);
#3360=LINE('',#8123,#4062);
#3361=LINE('',#8125,#4063);
#3362=LINE('',#8127,#4064);
#3363=LINE('',#8131,#4065);
#3364=LINE('',#8134,#4066);
#3365=LINE('',#8135,#4067);
#3366=LINE('',#8137,#4068);
#3367=LINE('',#8140,#4069);
#3368=LINE('',#8141,#4070);
#3369=LINE('',#8143,#4071);
#3370=LINE('',#8146,#4072);
#3371=LINE('',#8148,#4073);
#3372=LINE('',#8150,#4074);
#3373=LINE('',#8152,#4075);
#3374=LINE('',#8155,#4076);
#3375=LINE('',#8157,#4077);
#3376=LINE('',#8159,#4078);
#3377=LINE('',#8161,#4079);
#3378=LINE('',#8164,#4080);
#3379=LINE('',#8166,#4081);
#3380=LINE('',#8168,#4082);
#3381=LINE('',#8170,#4083);
#3382=LINE('',#8172,#4084);
#3383=LINE('',#8174,#4085);
#3384=LINE('',#8176,#4086);
#3385=LINE('',#8178,#4087);
#3386=LINE('',#8180,#4088);
#3387=LINE('',#8182,#4089);
#3388=LINE('',#8184,#4090);
#3389=LINE('',#8186,#4091);
#3390=LINE('',#8188,#4092);
#3391=LINE('',#8190,#4093);
#3392=LINE('',#8192,#4094);
#3393=LINE('',#8194,#4095);
#3394=LINE('',#8198,#4096);
#3395=LINE('',#8202,#4097);
#3396=LINE('',#8208,#4098);
#3397=LINE('',#8214,#4099);
#3398=LINE('',#8220,#4100);
#3399=LINE('',#8222,#4101);
#3400=LINE('',#8224,#4102);
#3401=LINE('',#8226,#4103);
#3402=LINE('',#8228,#4104);
#3403=LINE('',#8230,#4105);
#3404=LINE('',#8232,#4106);
#3405=LINE('',#8234,#4107);
#3406=LINE('',#8236,#4108);
#3407=LINE('',#8238,#4109);
#3408=LINE('',#8240,#4110);
#3409=LINE('',#8242,#4111);
#3410=LINE('',#8244,#4112);
#3411=LINE('',#8246,#4113);
#3412=LINE('',#8248,#4114);
#3413=LINE('',#8251,#4115);
#3414=LINE('',#8252,#4116);
#3415=LINE('',#8254,#4117);
#3416=LINE('',#8257,#4118);
#3417=LINE('',#8258,#4119);
#3418=LINE('',#8260,#4120);
#3419=LINE('',#8263,#4121);
#3420=LINE('',#8265,#4122);
#3421=LINE('',#8267,#4123);
#3422=LINE('',#8269,#4124);
#3423=LINE('',#8272,#4125);
#3424=LINE('',#8274,#4126);
#3425=LINE('',#8276,#4127);
#3426=LINE('',#8278,#4128);
#3427=LINE('',#8281,#4129);
#3428=LINE('',#8283,#4130);
#3429=LINE('',#8285,#4131);
#3430=LINE('',#8289,#4132);
#3431=LINE('',#8293,#4133);
#3432=LINE('',#8299,#4134);
#3433=LINE('',#8305,#4135);
#3434=LINE('',#8311,#4136);
#3435=LINE('',#8313,#4137);
#3436=LINE('',#8315,#4138);
#3437=LINE('',#8317,#4139);
#3438=LINE('',#8319,#4140);
#3439=LINE('',#8321,#4141);
#3440=LINE('',#8323,#4142);
#3441=LINE('',#8325,#4143);
#3442=LINE('',#8327,#4144);
#3443=LINE('',#8329,#4145);
#3444=LINE('',#8331,#4146);
#3445=LINE('',#8333,#4147);
#3446=LINE('',#8335,#4148);
#3447=LINE('',#8337,#4149);
#3448=LINE('',#8339,#4150);
#3449=LINE('',#8341,#4151);
#3450=LINE('',#8343,#4152);
#3451=LINE('',#8345,#4153);
#3452=LINE('',#8347,#4154);
#3453=LINE('',#8349,#4155);
#3454=LINE('',#8351,#4156);
#3455=LINE('',#8353,#4157);
#3456=LINE('',#8355,#4158);
#3457=LINE('',#8357,#4159);
#3458=LINE('',#8359,#4160);
#3459=LINE('',#8361,#4161);
#3460=LINE('',#8363,#4162);
#3461=LINE('',#8365,#4163);
#3462=LINE('',#8367,#4164);
#3463=LINE('',#8369,#4165);
#3464=LINE('',#8371,#4166);
#3465=LINE('',#8373,#4167);
#3466=LINE('',#8375,#4168);
#3467=LINE('',#8377,#4169);
#3468=LINE('',#8379,#4170);
#3469=LINE('',#8381,#4171);
#3470=LINE('',#8383,#4172);
#3471=LINE('',#8385,#4173);
#3472=LINE('',#8387,#4174);
#3473=LINE('',#8389,#4175);
#3474=LINE('',#8404,#4176);
#3475=LINE('',#8410,#4177);
#3476=LINE('',#8412,#4178);
#3477=LINE('',#8418,#4179);
#3478=LINE('',#8424,#4180);
#3479=LINE('',#8430,#4181);
#3480=LINE('',#8432,#4182);
#3481=LINE('',#8434,#4183);
#3482=LINE('',#8435,#4184);
#3483=LINE('',#8437,#4185);
#3484=LINE('',#8438,#4186);
#3485=LINE('',#8440,#4187);
#3486=LINE('',#8441,#4188);
#3487=LINE('',#8443,#4189);
#3488=LINE('',#8444,#4190);
#3489=LINE('',#8445,#4191);
#3490=LINE('',#8446,#4192);
#3491=LINE('',#8447,#4193);
#3492=LINE('',#8448,#4194);
#3493=LINE('',#8449,#4195);
#3494=LINE('',#8450,#4196);
#3495=LINE('',#8451,#4197);
#3496=LINE('',#8452,#4198);
#3497=LINE('',#8453,#4199);
#3498=LINE('',#8454,#4200);
#3499=LINE('',#8455,#4201);
#3500=LINE('',#8456,#4202);
#3501=LINE('',#8457,#4203);
#3502=LINE('',#8458,#4204);
#3503=LINE('',#8478,#4205);
#3504=LINE('',#8481,#4206);
#3505=LINE('',#8483,#4207);
#3506=LINE('',#8485,#4208);
#3507=LINE('',#8487,#4209);
#3508=LINE('',#8489,#4210);
#3509=LINE('',#8491,#4211);
#3510=LINE('',#8493,#4212);
#3511=LINE('',#8495,#4213);
#3512=LINE('',#8497,#4214);
#3513=LINE('',#8499,#4215);
#3514=LINE('',#8501,#4216);
#3515=LINE('',#8503,#4217);
#3516=LINE('',#8505,#4218);
#3517=LINE('',#8507,#4219);
#3518=LINE('',#8509,#4220);
#3519=LINE('',#8511,#4221);
#3520=LINE('',#8513,#4222);
#3521=LINE('',#8515,#4223);
#3522=LINE('',#8517,#4224);
#3523=LINE('',#8519,#4225);
#3524=LINE('',#8522,#4226);
#3525=LINE('',#8524,#4227);
#3526=LINE('',#8526,#4228);
#3527=LINE('',#8528,#4229);
#3528=LINE('',#8530,#4230);
#3529=LINE('',#8532,#4231);
#3530=LINE('',#8534,#4232);
#3531=LINE('',#8536,#4233);
#3532=LINE('',#8538,#4234);
#3533=LINE('',#8540,#4235);
#3534=LINE('',#8542,#4236);
#3535=LINE('',#8544,#4237);
#3536=LINE('',#8546,#4238);
#3537=LINE('',#8548,#4239);
#3538=LINE('',#8550,#4240);
#3539=LINE('',#8552,#4241);
#3540=LINE('',#8554,#4242);
#3541=LINE('',#8556,#4243);
#3542=LINE('',#8558,#4244);
#3543=LINE('',#8560,#4245);
#3544=LINE('',#8561,#4246);
#3545=LINE('',#8563,#4247);
#3546=LINE('',#8565,#4248);
#3547=LINE('',#8567,#4249);
#3548=LINE('',#8569,#4250);
#3549=LINE('',#8571,#4251);
#3550=LINE('',#8572,#4252);
#3551=LINE('',#8574,#4253);
#3552=LINE('',#8576,#4254);
#3553=LINE('',#8578,#4255);
#3554=LINE('',#8580,#4256);
#3555=LINE('',#8582,#4257);
#3556=LINE('',#8584,#4258);
#3557=LINE('',#8586,#4259);
#3558=LINE('',#8588,#4260);
#3559=LINE('',#8590,#4261);
#3560=LINE('',#8592,#4262);
#3561=LINE('',#8594,#4263);
#3562=LINE('',#8596,#4264);
#3563=LINE('',#8598,#4265);
#3564=LINE('',#8600,#4266);
#3565=LINE('',#8602,#4267);
#3566=LINE('',#8604,#4268);
#3567=LINE('',#8606,#4269);
#3568=LINE('',#8608,#4270);
#3569=LINE('',#8610,#4271);
#3570=LINE('',#8612,#4272);
#3571=LINE('',#8614,#4273);
#3572=LINE('',#8616,#4274);
#3573=LINE('',#8618,#4275);
#3574=LINE('',#8620,#4276);
#3575=LINE('',#8622,#4277);
#3576=LINE('',#8624,#4278);
#3577=LINE('',#8626,#4279);
#3578=LINE('',#8628,#4280);
#3579=LINE('',#8630,#4281);
#3580=LINE('',#8632,#4282);
#3581=LINE('',#8634,#4283);
#3582=LINE('',#8637,#4284);
#3583=LINE('',#8638,#4285);
#3584=LINE('',#8640,#4286);
#3585=LINE('',#8643,#4287);
#3586=LINE('',#8645,#4288);
#3587=LINE('',#8647,#4289);
#3588=LINE('',#8649,#4290);
#3589=LINE('',#8652,#4291);
#3590=LINE('',#8654,#4292);
#3591=LINE('',#8656,#4293);
#3592=LINE('',#8658,#4294);
#3593=LINE('',#8661,#4295);
#3594=LINE('',#8663,#4296);
#3595=LINE('',#8665,#4297);
#3596=LINE('',#8667,#4298);
#3597=LINE('',#8670,#4299);
#3598=LINE('',#8671,#4300);
#3599=LINE('',#8673,#4301);
#3600=LINE('',#8675,#4302);
#3601=LINE('',#8676,#4303);
#3602=LINE('',#8678,#4304);
#3603=LINE('',#8679,#4305);
#3604=LINE('',#8681,#4306);
#3605=LINE('',#8682,#4307);
#3606=LINE('',#8684,#4308);
#3607=LINE('',#8686,#4309);
#3608=LINE('',#8687,#4310);
#3609=LINE('',#8688,#4311);
#3610=LINE('',#8689,#4312);
#3611=LINE('',#8690,#4313);
#3612=LINE('',#8691,#4314);
#3613=LINE('',#8692,#4315);
#3614=LINE('',#8693,#4316);
#3615=LINE('',#8694,#4317);
#3616=LINE('',#8695,#4318);
#3617=LINE('',#8696,#4319);
#3618=LINE('',#8697,#4320);
#3619=LINE('',#8698,#4321);
#3620=LINE('',#8699,#4322);
#3621=LINE('',#8700,#4323);
#3622=LINE('',#8701,#4324);
#3623=VECTOR('',#5810,39.3700787401575);
#3624=VECTOR('',#5811,39.3700787401575);
#3625=VECTOR('',#5812,39.3700787401575);
#3626=VECTOR('',#5813,39.3700787401575);
#3627=VECTOR('',#5814,39.3700787401575);
#3628=VECTOR('',#5815,39.3700787401575);
#3629=VECTOR('',#5816,39.3700787401575);
#3630=VECTOR('',#5817,39.3700787401575);
#3631=VECTOR('',#5820,39.3700787401575);
#3632=VECTOR('',#5821,39.3700787401575);
#3633=VECTOR('',#5822,39.3700787401575);
#3634=VECTOR('',#5825,39.3700787401575);
#3635=VECTOR('',#5828,39.3700787401575);
#3636=VECTOR('',#5829,39.3700787401575);
#3637=VECTOR('',#5830,39.3700787401575);
#3638=VECTOR('',#5833,39.3700787401575);
#3639=VECTOR('',#5836,39.3700787401575);
#3640=VECTOR('',#5837,39.3700787401575);
#3641=VECTOR('',#5838,39.3700787401575);
#3642=VECTOR('',#5841,39.3700787401575);
#3643=VECTOR('',#5842,39.3700787401575);
#3644=VECTOR('',#5843,39.3700787401575);
#3645=VECTOR('',#5844,39.3700787401575);
#3646=VECTOR('',#5845,39.3700787401575);
#3647=VECTOR('',#5848,39.3700787401575);
#3648=VECTOR('',#5849,39.3700787401575);
#3649=VECTOR('',#5850,39.3700787401575);
#3650=VECTOR('',#5853,39.3700787401575);
#3651=VECTOR('',#5856,39.3700787401575);
#3652=VECTOR('',#5857,39.3700787401575);
#3653=VECTOR('',#5858,39.3700787401575);
#3654=VECTOR('',#5861,39.3700787401575);
#3655=VECTOR('',#5862,39.3700787401575);
#3656=VECTOR('',#5863,39.3700787401575);
#3657=VECTOR('',#5864,39.3700787401575);
#3658=VECTOR('',#5865,39.3700787401575);
#3659=VECTOR('',#5866,39.3700787401575);
#3660=VECTOR('',#5867,39.3700787401575);
#3661=VECTOR('',#5868,39.3700787401575);
#3662=VECTOR('',#5869,39.3700787401575);
#3663=VECTOR('',#5870,39.3700787401575);
#3664=VECTOR('',#5871,39.3700787401575);
#3665=VECTOR('',#5872,39.3700787401575);
#3666=VECTOR('',#5873,39.3700787401575);
#3667=VECTOR('',#5876,39.3700787401575);
#3668=VECTOR('',#5877,39.3700787401575);
#3669=VECTOR('',#5878,39.3700787401575);
#3670=VECTOR('',#5879,39.3700787401575);
#3671=VECTOR('',#5882,39.3700787401575);
#3672=VECTOR('',#5883,39.3700787401575);
#3673=VECTOR('',#5884,39.3700787401575);
#3674=VECTOR('',#5887,39.3700787401575);
#3675=VECTOR('',#5888,39.3700787401575);
#3676=VECTOR('',#5889,39.3700787401575);
#3677=VECTOR('',#5892,39.3700787401575);
#3678=VECTOR('',#5893,39.3700787401575);
#3679=VECTOR('',#5894,39.3700787401575);
#3680=VECTOR('',#5895,39.3700787401575);
#3681=VECTOR('',#5898,39.3700787401575);
#3682=VECTOR('',#5899,39.3700787401575);
#3683=VECTOR('',#5900,39.3700787401575);
#3684=VECTOR('',#5903,39.3700787401575);
#3685=VECTOR('',#5904,39.3700787401575);
#3686=VECTOR('',#5905,39.3700787401575);
#3687=VECTOR('',#5908,39.3700787401575);
#3688=VECTOR('',#5909,39.3700787401575);
#3689=VECTOR('',#5910,39.3700787401575);
#3690=VECTOR('',#5911,39.3700787401575);
#3691=VECTOR('',#5914,39.3700787401575);
#3692=VECTOR('',#5915,39.3700787401575);
#3693=VECTOR('',#5916,39.3700787401575);
#3694=VECTOR('',#5919,39.3700787401575);
#3695=VECTOR('',#5920,39.3700787401575);
#3696=VECTOR('',#5921,39.3700787401575);
#3697=VECTOR('',#5924,39.3700787401575);
#3698=VECTOR('',#5925,39.3700787401575);
#3699=VECTOR('',#5926,39.3700787401575);
#3700=VECTOR('',#5927,39.3700787401575);
#3701=VECTOR('',#5930,39.3700787401575);
#3702=VECTOR('',#5931,39.3700787401575);
#3703=VECTOR('',#5932,39.3700787401575);
#3704=VECTOR('',#5935,39.3700787401575);
#3705=VECTOR('',#5936,39.3700787401575);
#3706=VECTOR('',#5937,39.3700787401575);
#3707=VECTOR('',#5940,39.3700787401575);
#3708=VECTOR('',#5941,39.3700787401575);
#3709=VECTOR('',#5944,39.3700787401575);
#3710=VECTOR('',#5945,39.3700787401575);
#3711=VECTOR('',#5948,39.3700787401575);
#3712=VECTOR('',#5949,39.3700787401575);
#3713=VECTOR('',#5952,39.3700787401575);
#3714=VECTOR('',#5953,39.3700787401575);
#3715=VECTOR('',#5956,39.3700787401575);
#3716=VECTOR('',#5957,39.3700787401575);
#3717=VECTOR('',#5958,39.3700787401575);
#3718=VECTOR('',#5959,39.3700787401575);
#3719=VECTOR('',#5962,39.3700787401575);
#3720=VECTOR('',#5963,39.3700787401575);
#3721=VECTOR('',#5964,39.3700787401575);
#3722=VECTOR('',#5967,39.3700787401575);
#3723=VECTOR('',#5968,39.3700787401575);
#3724=VECTOR('',#5969,39.3700787401575);
#3725=VECTOR('',#5972,39.3700787401575);
#3726=VECTOR('',#5973,39.3700787401575);
#3727=VECTOR('',#5976,39.3700787401575);
#3728=VECTOR('',#5977,39.3700787401575);
#3729=VECTOR('',#5978,39.3700787401575);
#3730=VECTOR('',#5979,39.3700787401575);
#3731=VECTOR('',#5982,39.3700787401575);
#3732=VECTOR('',#5983,39.3700787401575);
#3733=VECTOR('',#5984,39.3700787401575);
#3734=VECTOR('',#5987,39.3700787401575);
#3735=VECTOR('',#5988,39.3700787401575);
#3736=VECTOR('',#5989,39.3700787401575);
#3737=VECTOR('',#5992,39.3700787401575);
#3738=VECTOR('',#5993,39.3700787401575);
#3739=VECTOR('',#5994,39.3700787401575);
#3740=VECTOR('',#5995,39.3700787401575);
#3741=VECTOR('',#5998,39.3700787401575);
#3742=VECTOR('',#5999,39.3700787401575);
#3743=VECTOR('',#6000,39.3700787401575);
#3744=VECTOR('',#6003,39.3700787401575);
#3745=VECTOR('',#6004,39.3700787401575);
#3746=VECTOR('',#6005,39.3700787401575);
#3747=VECTOR('',#6008,39.3700787401575);
#3748=VECTOR('',#6009,39.3700787401575);
#3749=VECTOR('',#6010,39.3700787401575);
#3750=VECTOR('',#6011,39.3700787401575);
#3751=VECTOR('',#6014,39.3700787401575);
#3752=VECTOR('',#6015,39.3700787401575);
#3753=VECTOR('',#6016,39.3700787401575);
#3754=VECTOR('',#6019,39.3700787401575);
#3755=VECTOR('',#6020,39.3700787401575);
#3756=VECTOR('',#6021,39.3700787401575);
#3757=VECTOR('',#6024,39.3700787401575);
#3758=VECTOR('',#6025,39.3700787401575);
#3759=VECTOR('',#6026,39.3700787401575);
#3760=VECTOR('',#6027,39.3700787401575);
#3761=VECTOR('',#6030,39.3700787401575);
#3762=VECTOR('',#6031,39.3700787401575);
#3763=VECTOR('',#6032,39.3700787401575);
#3764=VECTOR('',#6035,39.3700787401575);
#3765=VECTOR('',#6036,39.3700787401575);
#3766=VECTOR('',#6037,39.3700787401575);
#3767=VECTOR('',#6040,39.3700787401575);
#3768=VECTOR('',#6041,39.3700787401575);
#3769=VECTOR('',#6044,39.3700787401575);
#3770=VECTOR('',#6045,39.3700787401575);
#3771=VECTOR('',#6048,39.3700787401575);
#3772=VECTOR('',#6049,39.3700787401575);
#3773=VECTOR('',#6052,39.3700787401575);
#3774=VECTOR('',#6053,39.3700787401575);
#3775=VECTOR('',#6056,39.3700787401575);
#3776=VECTOR('',#6057,39.3700787401575);
#3777=VECTOR('',#6058,39.3700787401575);
#3778=VECTOR('',#6059,39.3700787401575);
#3779=VECTOR('',#6062,39.3700787401575);
#3780=VECTOR('',#6063,39.3700787401575);
#3781=VECTOR('',#6064,39.3700787401575);
#3782=VECTOR('',#6067,39.3700787401575);
#3783=VECTOR('',#6068,39.3700787401575);
#3784=VECTOR('',#6069,39.3700787401575);
#3785=VECTOR('',#6072,39.3700787401575);
#3786=VECTOR('',#6073,39.3700787401575);
#3787=VECTOR('',#6076,39.3700787401575);
#3788=VECTOR('',#6077,39.3700787401575);
#3789=VECTOR('',#6078,39.3700787401575);
#3790=VECTOR('',#6079,39.3700787401575);
#3791=VECTOR('',#6080,39.3700787401575);
#3792=VECTOR('',#6081,39.3700787401575);
#3793=VECTOR('',#6082,39.3700787401575);
#3794=VECTOR('',#6083,39.3700787401575);
#3795=VECTOR('',#6086,39.3700787401575);
#3796=VECTOR('',#6087,39.3700787401575);
#3797=VECTOR('',#6088,39.3700787401575);
#3798=VECTOR('',#6089,39.3700787401575);
#3799=VECTOR('',#6092,39.3700787401575);
#3800=VECTOR('',#6093,39.3700787401575);
#3801=VECTOR('',#6094,39.3700787401575);
#3802=VECTOR('',#6095,39.3700787401575);
#3803=VECTOR('',#6098,39.3700787401575);
#3804=VECTOR('',#6099,39.3700787401575);
#3805=VECTOR('',#6100,39.3700787401575);
#3806=VECTOR('',#6101,39.3700787401575);
#3807=VECTOR('',#6104,39.3700787401575);
#3808=VECTOR('',#6105,39.3700787401575);
#3809=VECTOR('',#6106,39.3700787401575);
#3810=VECTOR('',#6107,39.3700787401575);
#3811=VECTOR('',#6110,39.3700787401575);
#3812=VECTOR('',#6111,39.3700787401575);
#3813=VECTOR('',#6112,39.3700787401575);
#3814=VECTOR('',#6113,39.3700787401575);
#3815=VECTOR('',#6116,39.3700787401575);
#3816=VECTOR('',#6117,39.3700787401575);
#3817=VECTOR('',#6118,39.3700787401575);
#3818=VECTOR('',#6119,39.3700787401575);
#3819=VECTOR('',#6122,39.3700787401575);
#3820=VECTOR('',#6123,39.3700787401575);
#3821=VECTOR('',#6124,39.3700787401575);
#3822=VECTOR('',#6125,39.3700787401575);
#3823=VECTOR('',#6128,39.3700787401575);
#3824=VECTOR('',#6129,39.3700787401575);
#3825=VECTOR('',#6130,39.3700787401575);
#3826=VECTOR('',#6131,39.3700787401575);
#3827=VECTOR('',#6134,39.3700787401575);
#3828=VECTOR('',#6135,39.3700787401575);
#3829=VECTOR('',#6136,39.3700787401575);
#3830=VECTOR('',#6139,39.3700787401575);
#3831=VECTOR('',#6140,39.3700787401575);
#3832=VECTOR('',#6141,39.3700787401575);
#3833=VECTOR('',#6144,39.3700787401575);
#3834=VECTOR('',#6145,39.3700787401575);
#3835=VECTOR('',#6146,39.3700787401575);
#3836=VECTOR('',#6149,39.3700787401575);
#3837=VECTOR('',#6150,39.3700787401575);
#3838=VECTOR('',#6151,39.3700787401575);
#3839=VECTOR('',#6154,39.3700787401575);
#3840=VECTOR('',#6155,39.3700787401575);
#3841=VECTOR('',#6156,39.3700787401575);
#3842=VECTOR('',#6159,39.3700787401575);
#3843=VECTOR('',#6160,39.3700787401575);
#3844=VECTOR('',#6161,39.3700787401575);
#3845=VECTOR('',#6164,39.3700787401575);
#3846=VECTOR('',#6165,39.3700787401575);
#3847=VECTOR('',#6166,39.3700787401575);
#3848=VECTOR('',#6169,39.3700787401575);
#3849=VECTOR('',#6170,39.3700787401575);
#3850=VECTOR('',#6171,39.3700787401575);
#3851=VECTOR('',#6174,39.3700787401575);
#3852=VECTOR('',#6175,39.3700787401575);
#3853=VECTOR('',#6176,39.3700787401575);
#3854=VECTOR('',#6179,39.3700787401575);
#3855=VECTOR('',#6180,39.3700787401575);
#3856=VECTOR('',#6181,39.3700787401575);
#3857=VECTOR('',#6184,39.3700787401575);
#3858=VECTOR('',#6185,39.3700787401575);
#3859=VECTOR('',#6186,39.3700787401575);
#3860=VECTOR('',#6189,39.3700787401575);
#3861=VECTOR('',#6190,39.3700787401575);
#3862=VECTOR('',#6191,39.3700787401575);
#3863=VECTOR('',#6194,39.3700787401575);
#3864=VECTOR('',#6195,39.3700787401575);
#3865=VECTOR('',#6196,39.3700787401575);
#3866=VECTOR('',#6199,39.3700787401575);
#3867=VECTOR('',#6200,39.3700787401575);
#3868=VECTOR('',#6201,39.3700787401575);
#3869=VECTOR('',#6204,39.3700787401575);
#3870=VECTOR('',#6205,39.3700787401575);
#3871=VECTOR('',#6206,39.3700787401575);
#3872=VECTOR('',#6209,39.3700787401575);
#3873=VECTOR('',#6210,39.3700787401575);
#3874=VECTOR('',#6211,39.3700787401575);
#3875=VECTOR('',#6214,39.3700787401575);
#3876=VECTOR('',#6215,39.3700787401575);
#3877=VECTOR('',#6216,39.3700787401575);
#3878=VECTOR('',#6219,39.3700787401575);
#3879=VECTOR('',#6220,39.3700787401575);
#3880=VECTOR('',#6221,39.3700787401575);
#3881=VECTOR('',#6224,39.3700787401575);
#3882=VECTOR('',#6225,39.3700787401575);
#3883=VECTOR('',#6226,39.3700787401575);
#3884=VECTOR('',#6227,39.3700787401575);
#3885=VECTOR('',#6228,39.3700787401575);
#3886=VECTOR('',#6229,39.3700787401575);
#3887=VECTOR('',#6230,39.3700787401575);
#3888=VECTOR('',#6231,39.3700787401575);
#3889=VECTOR('',#6232,39.3700787401575);
#3890=VECTOR('',#6235,39.3700787401575);
#3891=VECTOR('',#6236,39.3700787401575);
#3892=VECTOR('',#6237,39.3700787401575);
#3893=VECTOR('',#6238,39.3700787401575);
#3894=VECTOR('',#6239,39.3700787401575);
#3895=VECTOR('',#6240,39.3700787401575);
#3896=VECTOR('',#6241,39.3700787401575);
#3897=VECTOR('',#6242,39.3700787401575);
#3898=VECTOR('',#6243,39.3700787401575);
#3899=VECTOR('',#6246,39.3700787401575);
#3900=VECTOR('',#6247,39.3700787401575);
#3901=VECTOR('',#6254,39.3700787401575);
#3902=VECTOR('',#6257,39.3700787401575);
#3903=VECTOR('',#6258,39.3700787401575);
#3904=VECTOR('',#6259,39.3700787401575);
#3905=VECTOR('',#6260,39.3700787401575);
#3906=VECTOR('',#6261,39.3700787401575);
#3907=VECTOR('',#6262,39.3700787401575);
#3908=VECTOR('',#6263,39.3700787401575);
#3909=VECTOR('',#6264,39.3700787401575);
#3910=VECTOR('',#6265,39.3700787401575);
#3911=VECTOR('',#6266,39.3700787401575);
#3912=VECTOR('',#6267,39.3700787401575);
#3913=VECTOR('',#6274,39.3700787401575);
#3914=VECTOR('',#6277,39.3700787401575);
#3915=VECTOR('',#6294,39.3700787401575);
#3916=VECTOR('',#6295,39.3700787401575);
#3917=VECTOR('',#6296,39.3700787401575);
#3918=VECTOR('',#6301,39.3700787401575);
#3919=VECTOR('',#6304,39.3700787401575);
#3920=VECTOR('',#6305,39.3700787401575);
#3921=VECTOR('',#6310,39.3700787401575);
#3922=VECTOR('',#6313,39.3700787401575);
#3923=VECTOR('',#6314,39.3700787401575);
#3924=VECTOR('',#6317,39.3700787401575);
#3925=VECTOR('',#6322,39.3700787401575);
#3926=VECTOR('',#6323,39.3700787401575);
#3927=VECTOR('',#6324,39.3700787401575);
#3928=VECTOR('',#6329,39.3700787401575);
#3929=VECTOR('',#6332,39.3700787401575);
#3930=VECTOR('',#6333,39.3700787401575);
#3931=VECTOR('',#6338,39.3700787401575);
#3932=VECTOR('',#6341,39.3700787401575);
#3933=VECTOR('',#6342,39.3700787401575);
#3934=VECTOR('',#6345,39.3700787401575);
#3935=VECTOR('',#6350,39.3700787401575);
#3936=VECTOR('',#6351,39.3700787401575);
#3937=VECTOR('',#6352,39.3700787401575);
#3938=VECTOR('',#6357,39.3700787401575);
#3939=VECTOR('',#6360,39.3700787401575);
#3940=VECTOR('',#6361,39.3700787401575);
#3941=VECTOR('',#6366,39.3700787401575);
#3942=VECTOR('',#6369,39.3700787401575);
#3943=VECTOR('',#6370,39.3700787401575);
#3944=VECTOR('',#6373,39.3700787401575);
#3945=VECTOR('',#6378,39.3700787401575);
#3946=VECTOR('',#6379,39.3700787401575);
#3947=VECTOR('',#6380,39.3700787401575);
#3948=VECTOR('',#6385,39.3700787401575);
#3949=VECTOR('',#6388,39.3700787401575);
#3950=VECTOR('',#6389,39.3700787401575);
#3951=VECTOR('',#6394,39.3700787401575);
#3952=VECTOR('',#6397,39.3700787401575);
#3953=VECTOR('',#6398,39.3700787401575);
#3954=VECTOR('',#6401,39.3700787401575);
#3955=VECTOR('',#6406,39.3700787401575);
#3956=VECTOR('',#6407,39.3700787401575);
#3957=VECTOR('',#6408,39.3700787401575);
#3958=VECTOR('',#6413,39.3700787401575);
#3959=VECTOR('',#6416,39.3700787401575);
#3960=VECTOR('',#6417,39.3700787401575);
#3961=VECTOR('',#6422,39.3700787401575);
#3962=VECTOR('',#6425,39.3700787401575);
#3963=VECTOR('',#6426,39.3700787401575);
#3964=VECTOR('',#6429,39.3700787401575);
#3965=VECTOR('',#6434,39.3700787401575);
#3966=VECTOR('',#6435,39.3700787401575);
#3967=VECTOR('',#6436,39.3700787401575);
#3968=VECTOR('',#6439,39.3700787401575);
#3969=VECTOR('',#6440,39.3700787401575);
#3970=VECTOR('',#6443,39.3700787401575);
#3971=VECTOR('',#6444,39.3700787401575);
#3972=VECTOR('',#6447,39.3700787401575);
#3973=VECTOR('',#6452,39.3700787401575);
#3974=VECTOR('',#6453,39.3700787401575);
#3975=VECTOR('',#6454,39.3700787401575);
#3976=VECTOR('',#6457,39.3700787401575);
#3977=VECTOR('',#6458,39.3700787401575);
#3978=VECTOR('',#6461,39.3700787401575);
#3979=VECTOR('',#6462,39.3700787401575);
#3980=VECTOR('',#6465,39.3700787401575);
#3981=VECTOR('',#6470,39.3700787401575);
#3982=VECTOR('',#6471,39.3700787401575);
#3983=VECTOR('',#6472,39.3700787401575);
#3984=VECTOR('',#6475,39.3700787401575);
#3985=VECTOR('',#6476,39.3700787401575);
#3986=VECTOR('',#6479,39.3700787401575);
#3987=VECTOR('',#6480,39.3700787401575);
#3988=VECTOR('',#6483,39.3700787401575);
#3989=VECTOR('',#6488,39.3700787401575);
#3990=VECTOR('',#6489,39.3700787401575);
#3991=VECTOR('',#6490,39.3700787401575);
#3992=VECTOR('',#6493,39.3700787401575);
#3993=VECTOR('',#6494,39.3700787401575);
#3994=VECTOR('',#6497,39.3700787401575);
#3995=VECTOR('',#6498,39.3700787401575);
#3996=VECTOR('',#6501,39.3700787401575);
#3997=VECTOR('',#6506,39.3700787401575);
#3998=VECTOR('',#6507,39.3700787401575);
#3999=VECTOR('',#6508,39.3700787401575);
#4000=VECTOR('',#6511,39.3700787401575);
#4001=VECTOR('',#6512,39.3700787401575);
#4002=VECTOR('',#6515,39.3700787401575);
#4003=VECTOR('',#6516,39.3700787401575);
#4004=VECTOR('',#6519,39.3700787401575);
#4005=VECTOR('',#6526,39.3700787401575);
#4006=VECTOR('',#6527,39.3700787401575);
#4007=VECTOR('',#6528,39.3700787401575);
#4008=VECTOR('',#6529,39.3700787401575);
#4009=VECTOR('',#6530,39.3700787401575);
#4010=VECTOR('',#6531,39.3700787401575);
#4011=VECTOR('',#6532,39.3700787401575);
#4012=VECTOR('',#6533,39.3700787401575);
#4013=VECTOR('',#6534,39.3700787401575);
#4014=VECTOR('',#6535,39.3700787401575);
#4015=VECTOR('',#6536,39.3700787401575);
#4016=VECTOR('',#6537,39.3700787401575);
#4017=VECTOR('',#6538,39.3700787401575);
#4018=VECTOR('',#6539,39.3700787401575);
#4019=VECTOR('',#6540,39.3700787401575);
#4020=VECTOR('',#6541,39.3700787401575);
#4021=VECTOR('',#6542,39.3700787401575);
#4022=VECTOR('',#6543,39.3700787401575);
#4023=VECTOR('',#6544,39.3700787401575);
#4024=VECTOR('',#6545,39.3700787401575);
#4025=VECTOR('',#6548,39.3700787401575);
#4026=VECTOR('',#6549,39.3700787401575);
#4027=VECTOR('',#6550,39.3700787401575);
#4028=VECTOR('',#6551,39.3700787401575);
#4029=VECTOR('',#6552,39.3700787401575);
#4030=VECTOR('',#6553,39.3700787401575);
#4031=VECTOR('',#6554,39.3700787401575);
#4032=VECTOR('',#6555,39.3700787401575);
#4033=VECTOR('',#6556,39.3700787401575);
#4034=VECTOR('',#6557,39.3700787401575);
#4035=VECTOR('',#6558,39.3700787401575);
#4036=VECTOR('',#6559,39.3700787401575);
#4037=VECTOR('',#6560,39.3700787401575);
#4038=VECTOR('',#6561,39.3700787401575);
#4039=VECTOR('',#6562,39.3700787401575);
#4040=VECTOR('',#6563,39.3700787401575);
#4041=VECTOR('',#6564,39.3700787401575);
#4042=VECTOR('',#6565,39.3700787401575);
#4043=VECTOR('',#6566,39.3700787401575);
#4044=VECTOR('',#6567,39.3700787401575);
#4045=VECTOR('',#6570,39.3700787401575);
#4046=VECTOR('',#6573,39.3700787401575);
#4047=VECTOR('',#6574,39.3700787401575);
#4048=VECTOR('',#6575,39.3700787401575);
#4049=VECTOR('',#6578,39.3700787401575);
#4050=VECTOR('',#6579,39.3700787401575);
#4051=VECTOR('',#6580,39.3700787401575);
#4052=VECTOR('',#6583,39.3700787401575);
#4053=VECTOR('',#6584,39.3700787401575);
#4054=VECTOR('',#6585,39.3700787401575);
#4055=VECTOR('',#6590,39.3700787401575);
#4056=VECTOR('',#6593,39.3700787401575);
#4057=VECTOR('',#6594,39.3700787401575);
#4058=VECTOR('',#6595,39.3700787401575);
#4059=VECTOR('',#6598,39.3700787401575);
#4060=VECTOR('',#6599,39.3700787401575);
#4061=VECTOR('',#6600,39.3700787401575);
#4062=VECTOR('',#6603,39.3700787401575);
#4063=VECTOR('',#6604,39.3700787401575);
#4064=VECTOR('',#6605,39.3700787401575);
#4065=VECTOR('',#6610,39.3700787401575);
#4066=VECTOR('',#6611,39.3700787401575);
#4067=VECTOR('',#6612,39.3700787401575);
#4068=VECTOR('',#6615,39.3700787401575);
#4069=VECTOR('',#6616,39.3700787401575);
#4070=VECTOR('',#6617,39.3700787401575);
#4071=VECTOR('',#6620,39.3700787401575);
#4072=VECTOR('',#6621,39.3700787401575);
#4073=VECTOR('',#6622,39.3700787401575);
#4074=VECTOR('',#6623,39.3700787401575);
#4075=VECTOR('',#6626,39.3700787401575);
#4076=VECTOR('',#6627,39.3700787401575);
#4077=VECTOR('',#6628,39.3700787401575);
#4078=VECTOR('',#6629,39.3700787401575);
#4079=VECTOR('',#6632,39.3700787401575);
#4080=VECTOR('',#6633,39.3700787401575);
#4081=VECTOR('',#6634,39.3700787401575);
#4082=VECTOR('',#6635,39.3700787401575);
#4083=VECTOR('',#6638,39.3700787401575);
#4084=VECTOR('',#6639,39.3700787401575);
#4085=VECTOR('',#6642,39.3700787401575);
#4086=VECTOR('',#6643,39.3700787401575);
#4087=VECTOR('',#6646,39.3700787401575);
#4088=VECTOR('',#6647,39.3700787401575);
#4089=VECTOR('',#6648,39.3700787401575);
#4090=VECTOR('',#6651,39.3700787401575);
#4091=VECTOR('',#6652,39.3700787401575);
#4092=VECTOR('',#6653,39.3700787401575);
#4093=VECTOR('',#6656,39.3700787401575);
#4094=VECTOR('',#6657,39.3700787401575);
#4095=VECTOR('',#6658,39.3700787401575);
#4096=VECTOR('',#6663,39.3700787401575);
#4097=VECTOR('',#6668,39.3700787401575);
#4098=VECTOR('',#6675,39.3700787401575);
#4099=VECTOR('',#6682,39.3700787401575);
#4100=VECTOR('',#6689,39.3700787401575);
#4101=VECTOR('',#6692,39.3700787401575);
#4102=VECTOR('',#6693,39.3700787401575);
#4103=VECTOR('',#6696,39.3700787401575);
#4104=VECTOR('',#6697,39.3700787401575);
#4105=VECTOR('',#6700,39.3700787401575);
#4106=VECTOR('',#6701,39.3700787401575);
#4107=VECTOR('',#6702,39.3700787401575);
#4108=VECTOR('',#6705,39.3700787401575);
#4109=VECTOR('',#6706,39.3700787401575);
#4110=VECTOR('',#6707,39.3700787401575);
#4111=VECTOR('',#6710,39.3700787401575);
#4112=VECTOR('',#6711,39.3700787401575);
#4113=VECTOR('',#6712,39.3700787401575);
#4114=VECTOR('',#6715,39.3700787401575);
#4115=VECTOR('',#6716,39.3700787401575);
#4116=VECTOR('',#6717,39.3700787401575);
#4117=VECTOR('',#6720,39.3700787401575);
#4118=VECTOR('',#6721,39.3700787401575);
#4119=VECTOR('',#6722,39.3700787401575);
#4120=VECTOR('',#6725,39.3700787401575);
#4121=VECTOR('',#6726,39.3700787401575);
#4122=VECTOR('',#6727,39.3700787401575);
#4123=VECTOR('',#6728,39.3700787401575);
#4124=VECTOR('',#6731,39.3700787401575);
#4125=VECTOR('',#6732,39.3700787401575);
#4126=VECTOR('',#6733,39.3700787401575);
#4127=VECTOR('',#6734,39.3700787401575);
#4128=VECTOR('',#6737,39.3700787401575);
#4129=VECTOR('',#6738,39.3700787401575);
#4130=VECTOR('',#6739,39.3700787401575);
#4131=VECTOR('',#6740,39.3700787401575);
#4132=VECTOR('',#6745,39.3700787401575);
#4133=VECTOR('',#6750,39.3700787401575);
#4134=VECTOR('',#6757,39.3700787401575);
#4135=VECTOR('',#6764,39.3700787401575);
#4136=VECTOR('',#6771,39.3700787401575);
#4137=VECTOR('',#6774,39.3700787401575);
#4138=VECTOR('',#6775,39.3700787401575);
#4139=VECTOR('',#6778,39.3700787401575);
#4140=VECTOR('',#6779,39.3700787401575);
#4141=VECTOR('',#6782,39.3700787401575);
#4142=VECTOR('',#6783,39.3700787401575);
#4143=VECTOR('',#6784,39.3700787401575);
#4144=VECTOR('',#6787,39.3700787401575);
#4145=VECTOR('',#6788,39.3700787401575);
#4146=VECTOR('',#6789,39.3700787401575);
#4147=VECTOR('',#6792,39.3700787401575);
#4148=VECTOR('',#6793,39.3700787401575);
#4149=VECTOR('',#6794,39.3700787401575);
#4150=VECTOR('',#6797,39.3700787401575);
#4151=VECTOR('',#6798,39.3700787401575);
#4152=VECTOR('',#6801,39.3700787401575);
#4153=VECTOR('',#6802,39.3700787401575);
#4154=VECTOR('',#6805,39.3700787401575);
#4155=VECTOR('',#6806,39.3700787401575);
#4156=VECTOR('',#6807,39.3700787401575);
#4157=VECTOR('',#6810,39.3700787401575);
#4158=VECTOR('',#6811,39.3700787401575);
#4159=VECTOR('',#6812,39.3700787401575);
#4160=VECTOR('',#6815,39.3700787401575);
#4161=VECTOR('',#6816,39.3700787401575);
#4162=VECTOR('',#6817,39.3700787401575);
#4163=VECTOR('',#6820,39.3700787401575);
#4164=VECTOR('',#6821,39.3700787401575);
#4165=VECTOR('',#6824,39.3700787401575);
#4166=VECTOR('',#6825,39.3700787401575);
#4167=VECTOR('',#6828,39.3700787401575);
#4168=VECTOR('',#6829,39.3700787401575);
#4169=VECTOR('',#6830,39.3700787401575);
#4170=VECTOR('',#6833,39.3700787401575);
#4171=VECTOR('',#6834,39.3700787401575);
#4172=VECTOR('',#6835,39.3700787401575);
#4173=VECTOR('',#6838,39.3700787401575);
#4174=VECTOR('',#6839,39.3700787401575);
#4175=VECTOR('',#6840,39.3700787401575);
#4176=VECTOR('',#6869,39.3700787401575);
#4177=VECTOR('',#6876,39.3700787401575);
#4178=VECTOR('',#6879,39.3700787401575);
#4179=VECTOR('',#6886,39.3700787401575);
#4180=VECTOR('',#6893,39.3700787401575);
#4181=VECTOR('',#6900,39.3700787401575);
#4182=VECTOR('',#6903,39.3700787401575);
#4183=VECTOR('',#6906,39.3700787401575);
#4184=VECTOR('',#6907,39.3700787401575);
#4185=VECTOR('',#6910,39.3700787401575);
#4186=VECTOR('',#6911,39.3700787401575);
#4187=VECTOR('',#6914,39.3700787401575);
#4188=VECTOR('',#6915,39.3700787401575);
#4189=VECTOR('',#6918,39.3700787401575);
#4190=VECTOR('',#6919,39.3700787401575);
#4191=VECTOR('',#6920,39.3700787401575);
#4192=VECTOR('',#6921,39.3700787401575);
#4193=VECTOR('',#6922,39.3700787401575);
#4194=VECTOR('',#6923,39.3700787401575);
#4195=VECTOR('',#6924,39.3700787401575);
#4196=VECTOR('',#6925,39.3700787401575);
#4197=VECTOR('',#6926,39.3700787401575);
#4198=VECTOR('',#6927,39.3700787401575);
#4199=VECTOR('',#6928,39.3700787401575);
#4200=VECTOR('',#6929,39.3700787401575);
#4201=VECTOR('',#6930,39.3700787401575);
#4202=VECTOR('',#6931,39.3700787401575);
#4203=VECTOR('',#6932,39.3700787401575);
#4204=VECTOR('',#6933,39.3700787401575);
#4205=VECTOR('',#6972,39.3700787401575);
#4206=VECTOR('',#6973,39.3700787401575);
#4207=VECTOR('',#6974,39.3700787401575);
#4208=VECTOR('',#6975,39.3700787401575);
#4209=VECTOR('',#6976,39.3700787401575);
#4210=VECTOR('',#6977,39.3700787401575);
#4211=VECTOR('',#6978,39.3700787401575);
#4212=VECTOR('',#6979,39.3700787401575);
#4213=VECTOR('',#6980,39.3700787401575);
#4214=VECTOR('',#6981,39.3700787401575);
#4215=VECTOR('',#6982,39.3700787401575);
#4216=VECTOR('',#6983,39.3700787401575);
#4217=VECTOR('',#6984,39.3700787401575);
#4218=VECTOR('',#6985,39.3700787401575);
#4219=VECTOR('',#6986,39.3700787401575);
#4220=VECTOR('',#6987,39.3700787401575);
#4221=VECTOR('',#6988,39.3700787401575);
#4222=VECTOR('',#6989,39.3700787401575);
#4223=VECTOR('',#6990,39.3700787401575);
#4224=VECTOR('',#6991,39.3700787401575);
#4225=VECTOR('',#6994,39.3700787401575);
#4226=VECTOR('',#6995,39.3700787401575);
#4227=VECTOR('',#6996,39.3700787401575);
#4228=VECTOR('',#6997,39.3700787401575);
#4229=VECTOR('',#6998,39.3700787401575);
#4230=VECTOR('',#6999,39.3700787401575);
#4231=VECTOR('',#7000,39.3700787401575);
#4232=VECTOR('',#7001,39.3700787401575);
#4233=VECTOR('',#7002,39.3700787401575);
#4234=VECTOR('',#7003,39.3700787401575);
#4235=VECTOR('',#7004,39.3700787401575);
#4236=VECTOR('',#7005,39.3700787401575);
#4237=VECTOR('',#7006,39.3700787401575);
#4238=VECTOR('',#7007,39.3700787401575);
#4239=VECTOR('',#7008,39.3700787401575);
#4240=VECTOR('',#7009,39.3700787401575);
#4241=VECTOR('',#7010,39.3700787401575);
#4242=VECTOR('',#7011,39.3700787401575);
#4243=VECTOR('',#7012,39.3700787401575);
#4244=VECTOR('',#7013,39.3700787401575);
#4245=VECTOR('',#7016,39.3700787401575);
#4246=VECTOR('',#7017,39.3700787401575);
#4247=VECTOR('',#7018,39.3700787401575);
#4248=VECTOR('',#7019,39.3700787401575);
#4249=VECTOR('',#7020,39.3700787401575);
#4250=VECTOR('',#7021,39.3700787401575);
#4251=VECTOR('',#7024,39.3700787401575);
#4252=VECTOR('',#7025,39.3700787401575);
#4253=VECTOR('',#7026,39.3700787401575);
#4254=VECTOR('',#7027,39.3700787401575);
#4255=VECTOR('',#7028,39.3700787401575);
#4256=VECTOR('',#7029,39.3700787401575);
#4257=VECTOR('',#7032,39.3700787401575);
#4258=VECTOR('',#7033,39.3700787401575);
#4259=VECTOR('',#7036,39.3700787401575);
#4260=VECTOR('',#7037,39.3700787401575);
#4261=VECTOR('',#7038,39.3700787401575);
#4262=VECTOR('',#7041,39.3700787401575);
#4263=VECTOR('',#7042,39.3700787401575);
#4264=VECTOR('',#7043,39.3700787401575);
#4265=VECTOR('',#7046,39.3700787401575);
#4266=VECTOR('',#7047,39.3700787401575);
#4267=VECTOR('',#7048,39.3700787401575);
#4268=VECTOR('',#7051,39.3700787401575);
#4269=VECTOR('',#7052,39.3700787401575);
#4270=VECTOR('',#7055,39.3700787401575);
#4271=VECTOR('',#7056,39.3700787401575);
#4272=VECTOR('',#7059,39.3700787401575);
#4273=VECTOR('',#7060,39.3700787401575);
#4274=VECTOR('',#7061,39.3700787401575);
#4275=VECTOR('',#7064,39.3700787401575);
#4276=VECTOR('',#7065,39.3700787401575);
#4277=VECTOR('',#7066,39.3700787401575);
#4278=VECTOR('',#7069,39.3700787401575);
#4279=VECTOR('',#7070,39.3700787401575);
#4280=VECTOR('',#7071,39.3700787401575);
#4281=VECTOR('',#7074,39.3700787401575);
#4282=VECTOR('',#7075,39.3700787401575);
#4283=VECTOR('',#7078,39.3700787401575);
#4284=VECTOR('',#7079,39.3700787401575);
#4285=VECTOR('',#7080,39.3700787401575);
#4286=VECTOR('',#7083,39.3700787401575);
#4287=VECTOR('',#7084,39.3700787401575);
#4288=VECTOR('',#7085,39.3700787401575);
#4289=VECTOR('',#7086,39.3700787401575);
#4290=VECTOR('',#7089,39.3700787401575);
#4291=VECTOR('',#7090,39.3700787401575);
#4292=VECTOR('',#7091,39.3700787401575);
#4293=VECTOR('',#7092,39.3700787401575);
#4294=VECTOR('',#7095,39.3700787401575);
#4295=VECTOR('',#7096,39.3700787401575);
#4296=VECTOR('',#7097,39.3700787401575);
#4297=VECTOR('',#7098,39.3700787401575);
#4298=VECTOR('',#7101,39.3700787401575);
#4299=VECTOR('',#7102,39.3700787401575);
#4300=VECTOR('',#7103,39.3700787401575);
#4301=VECTOR('',#7106,39.3700787401575);
#4302=VECTOR('',#7109,39.3700787401575);
#4303=VECTOR('',#7110,39.3700787401575);
#4304=VECTOR('',#7113,39.3700787401575);
#4305=VECTOR('',#7114,39.3700787401575);
#4306=VECTOR('',#7117,39.3700787401575);
#4307=VECTOR('',#7118,39.3700787401575);
#4308=VECTOR('',#7121,39.3700787401575);
#4309=VECTOR('',#7124,39.3700787401575);
#4310=VECTOR('',#7125,39.3700787401575);
#4311=VECTOR('',#7126,39.3700787401575);
#4312=VECTOR('',#7127,39.3700787401575);
#4313=VECTOR('',#7128,39.3700787401575);
#4314=VECTOR('',#7129,39.3700787401575);
#4315=VECTOR('',#7130,39.3700787401575);
#4316=VECTOR('',#7131,39.3700787401575);
#4317=VECTOR('',#7132,39.3700787401575);
#4318=VECTOR('',#7133,39.3700787401575);
#4319=VECTOR('',#7134,39.3700787401575);
#4320=VECTOR('',#7135,39.3700787401575);
#4321=VECTOR('',#7136,39.3700787401575);
#4322=VECTOR('',#7137,39.3700787401575);
#4323=VECTOR('',#7138,39.3700787401575);
#4324=VECTOR('',#7139,39.3700787401575);
#4325=EDGE_LOOP('',(#127,#128,#129,#130));
#4326=EDGE_LOOP('',(#131,#132,#133,#134));
#4327=EDGE_LOOP('',(#135,#136,#137,#138,#139,#140));
#4328=EDGE_LOOP('',(#141,#142,#143,#144,#145,#146));
#4329=EDGE_LOOP('',(#147,#148,#149,#150,#151,#152));
#4330=EDGE_LOOP('',(#153,#154,#155,#156));
#4331=EDGE_LOOP('',(#157,#158,#159,#160,#161,#162));
#4332=EDGE_LOOP('',(#163,#164,#165,#166,#167,#168));
#4333=EDGE_LOOP('',(#169,#170,#171,#172));
#4334=EDGE_LOOP('',(#173,#174,#175,#176));
#4335=EDGE_LOOP('',(#177,#178,#179,#180));
#4336=EDGE_LOOP('',(#181,#182,#183,#184));
#4337=EDGE_LOOP('',(#185,#186,#187,#188));
#4338=EDGE_LOOP('',(#189,#190,#191,#192));
#4339=EDGE_LOOP('',(#193,#194,#195,#196));
#4340=EDGE_LOOP('',(#197,#198,#199,#200));
#4341=EDGE_LOOP('',(#201,#202,#203,#204));
#4342=EDGE_LOOP('',(#205,#206,#207,#208));
#4343=EDGE_LOOP('',(#209,#210,#211,#212));
#4344=EDGE_LOOP('',(#213,#214,#215,#216));
#4345=EDGE_LOOP('',(#217,#218,#219,#220));
#4346=EDGE_LOOP('',(#221,#222,#223,#224));
#4347=EDGE_LOOP('',(#225,#226,#227,#228));
#4348=EDGE_LOOP('',(#229,#230,#231,#232));
#4349=EDGE_LOOP('',(#233,#234,#235,#236));
#4350=EDGE_LOOP('',(#237,#238,#239,#240));
#4351=EDGE_LOOP('',(#241,#242,#243,#244));
#4352=EDGE_LOOP('',(#245,#246,#247,#248));
#4353=EDGE_LOOP('',(#249,#250,#251,#252));
#4354=EDGE_LOOP('',(#253,#254,#255,#256));
#4355=EDGE_LOOP('',(#257,#258,#259,#260));
#4356=EDGE_LOOP('',(#261,#262,#263,#264));
#4357=EDGE_LOOP('',(#265,#266,#267,#268));
#4358=EDGE_LOOP('',(#269,#270,#271,#272));
#4359=EDGE_LOOP('',(#273,#274,#275,#276));
#4360=EDGE_LOOP('',(#277,#278,#279,#280));
#4361=EDGE_LOOP('',(#281,#282,#283,#284));
#4362=EDGE_LOOP('',(#285,#286,#287,#288));
#4363=EDGE_LOOP('',(#289,#290,#291,#292));
#4364=EDGE_LOOP('',(#293,#294,#295,#296));
#4365=EDGE_LOOP('',(#297,#298,#299,#300));
#4366=EDGE_LOOP('',(#301,#302,#303,#304));
#4367=EDGE_LOOP('',(#305,#306,#307,#308));
#4368=EDGE_LOOP('',(#309,#310,#311,#312));
#4369=EDGE_LOOP('',(#313,#314,#315,#316));
#4370=EDGE_LOOP('',(#317,#318,#319,#320));
#4371=EDGE_LOOP('',(#321,#322,#323,#324));
#4372=EDGE_LOOP('',(#325,#326,#327,#328));
#4373=EDGE_LOOP('',(#329,#330,#331,#332));
#4374=EDGE_LOOP('',(#333,#334,#335,#336));
#4375=EDGE_LOOP('',(#337,#338,#339,#340));
#4376=EDGE_LOOP('',(#341,#342,#343,#344,#345,#346,#347,#348));
#4377=EDGE_LOOP('',(#349,#350,#351,#352));
#4378=EDGE_LOOP('',(#353,#354,#355,#356));
#4379=EDGE_LOOP('',(#357,#358,#359,#360));
#4380=EDGE_LOOP('',(#361,#362,#363,#364));
#4381=EDGE_LOOP('',(#365,#366,#367,#368));
#4382=EDGE_LOOP('',(#369,#370,#371,#372));
#4383=EDGE_LOOP('',(#373,#374,#375,#376));
#4384=EDGE_LOOP('',(#377,#378,#379,#380));
#4385=EDGE_LOOP('',(#381,#382,#383,#384));
#4386=EDGE_LOOP('',(#385,#386,#387,#388));
#4387=EDGE_LOOP('',(#389,#390,#391,#392));
#4388=EDGE_LOOP('',(#393,#394,#395,#396));
#4389=EDGE_LOOP('',(#397,#398,#399,#400));
#4390=EDGE_LOOP('',(#401,#402,#403,#404));
#4391=EDGE_LOOP('',(#405,#406,#407,#408));
#4392=EDGE_LOOP('',(#409,#410,#411,#412));
#4393=EDGE_LOOP('',(#413,#414,#415,#416));
#4394=EDGE_LOOP('',(#417,#418,#419,#420));
#4395=EDGE_LOOP('',(#421,#422,#423,#424));
#4396=EDGE_LOOP('',(#425,#426,#427,#428));
#4397=EDGE_LOOP('',(#429,#430,#431,#432));
#4398=EDGE_LOOP('',(#433,#434,#435,#436));
#4399=EDGE_LOOP('',(#437,#438,#439,#440));
#4400=EDGE_LOOP('',(#441,#442,#443,#444));
#4401=EDGE_LOOP('',(#445,#446,#447,#448));
#4402=EDGE_LOOP('',(#449,#450,#451,#452));
#4403=EDGE_LOOP('',(#453,#454,#455,#456,#457,#458,#459,#460,#461,#462,#463,
#464,#465,#466,#467,#468,#469,#470,#471,#472,#473,#474,#475,#476));
#4404=EDGE_LOOP('',(#477,#478,#479,#480,#481,#482,#483,#484,#485,#486,#487,
#488,#489,#490,#491,#492,#493,#494,#495,#496,#497,#498,#499,#500));
#4405=EDGE_LOOP('',(#501,#502,#503,#504));
#4406=EDGE_LOOP('',(#505,#506,#507,#508));
#4407=EDGE_LOOP('',(#509,#510,#511,#512));
#4408=EDGE_LOOP('',(#513,#514,#515,#516));
#4409=EDGE_LOOP('',(#517,#518,#519,#520,#521,#522,#523,#524,#525,#526,#527,
#528,#529,#530,#531,#532,#533,#534,#535,#536,#537,#538,#539,#540,#541,#542,
#543,#544,#545,#546,#547,#548,#549,#550,#551,#552,#553,#554,#555,#556));
#4410=EDGE_LOOP('',(#557,#558,#559,#560));
#4411=EDGE_LOOP('',(#561,#562,#563,#564));
#4412=EDGE_LOOP('',(#565,#566,#567,#568));
#4413=EDGE_LOOP('',(#569,#570,#571,#572));
#4414=EDGE_LOOP('',(#573,#574,#575,#576));
#4415=EDGE_LOOP('',(#577,#578,#579,#580));
#4416=EDGE_LOOP('',(#581,#582,#583,#584));
#4417=EDGE_LOOP('',(#585,#586,#587,#588));
#4418=EDGE_LOOP('',(#589,#590,#591,#592));
#4419=EDGE_LOOP('',(#593,#594,#595,#596));
#4420=EDGE_LOOP('',(#597,#598,#599,#600));
#4421=EDGE_LOOP('',(#601,#602,#603,#604));
#4422=EDGE_LOOP('',(#605,#606,#607,#608));
#4423=EDGE_LOOP('',(#609,#610,#611,#612));
#4424=EDGE_LOOP('',(#613,#614,#615,#616));
#4425=EDGE_LOOP('',(#617,#618,#619,#620));
#4426=EDGE_LOOP('',(#621,#622,#623,#624));
#4427=EDGE_LOOP('',(#625,#626,#627,#628));
#4428=EDGE_LOOP('',(#629,#630,#631,#632));
#4429=EDGE_LOOP('',(#633,#634,#635,#636));
#4430=EDGE_LOOP('',(#637,#638,#639,#640));
#4431=EDGE_LOOP('',(#641,#642,#643,#644));
#4432=EDGE_LOOP('',(#645,#646,#647,#648));
#4433=EDGE_LOOP('',(#649,#650,#651,#652));
#4434=EDGE_LOOP('',(#653,#654,#655,#656));
#4435=EDGE_LOOP('',(#657,#658,#659,#660));
#4436=EDGE_LOOP('',(#661,#662,#663,#664));
#4437=EDGE_LOOP('',(#665,#666,#667,#668));
#4438=EDGE_LOOP('',(#669,#670,#671,#672,#673,#674));
#4439=EDGE_LOOP('',(#675,#676,#677,#678));
#4440=EDGE_LOOP('',(#679,#680,#681,#682));
#4441=EDGE_LOOP('',(#683,#684,#685,#686));
#4442=EDGE_LOOP('',(#687,#688,#689,#690));
#4443=EDGE_LOOP('',(#691,#692,#693,#694));
#4444=EDGE_LOOP('',(#695,#696,#697,#698));
#4445=EDGE_LOOP('',(#699,#700,#701,#702));
#4446=EDGE_LOOP('',(#703,#704,#705,#706,#707,#708));
#4447=EDGE_LOOP('',(#709,#710,#711,#712));
#4448=EDGE_LOOP('',(#713,#714,#715,#716));
#4449=EDGE_LOOP('',(#717,#718,#719,#720));
#4450=EDGE_LOOP('',(#721,#722,#723,#724));
#4451=EDGE_LOOP('',(#725,#726,#727,#728));
#4452=EDGE_LOOP('',(#729,#730,#731,#732));
#4453=EDGE_LOOP('',(#733,#734,#735,#736));
#4454=EDGE_LOOP('',(#737,#738,#739,#740,#741,#742));
#4455=EDGE_LOOP('',(#743,#744,#745,#746));
#4456=EDGE_LOOP('',(#747,#748,#749,#750));
#4457=EDGE_LOOP('',(#751,#752,#753,#754));
#4458=EDGE_LOOP('',(#755,#756,#757,#758));
#4459=EDGE_LOOP('',(#759,#760,#761,#762));
#4460=EDGE_LOOP('',(#763,#764,#765,#766));
#4461=EDGE_LOOP('',(#767,#768,#769,#770));
#4462=EDGE_LOOP('',(#771,#772,#773,#774,#775,#776));
#4463=EDGE_LOOP('',(#777,#778,#779,#780));
#4464=EDGE_LOOP('',(#781,#782,#783,#784));
#4465=EDGE_LOOP('',(#785,#786,#787,#788));
#4466=EDGE_LOOP('',(#789,#790,#791,#792));
#4467=EDGE_LOOP('',(#793,#794,#795,#796));
#4468=EDGE_LOOP('',(#797,#798,#799,#800));
#4469=EDGE_LOOP('',(#801,#802,#803,#804));
#4470=EDGE_LOOP('',(#805,#806,#807,#808,#809,#810));
#4471=EDGE_LOOP('',(#811,#812,#813,#814));
#4472=EDGE_LOOP('',(#815,#816,#817,#818));
#4473=EDGE_LOOP('',(#819,#820,#821,#822));
#4474=EDGE_LOOP('',(#823,#824,#825,#826));
#4475=EDGE_LOOP('',(#827,#828,#829,#830));
#4476=EDGE_LOOP('',(#831,#832,#833,#834));
#4477=EDGE_LOOP('',(#835,#836,#837,#838));
#4478=EDGE_LOOP('',(#839,#840,#841,#842));
#4479=EDGE_LOOP('',(#843,#844,#845,#846));
#4480=EDGE_LOOP('',(#847,#848,#849,#850));
#4481=EDGE_LOOP('',(#851,#852,#853,#854));
#4482=EDGE_LOOP('',(#855,#856,#857,#858));
#4483=EDGE_LOOP('',(#859,#860,#861,#862));
#4484=EDGE_LOOP('',(#863,#864,#865,#866));
#4485=EDGE_LOOP('',(#867,#868,#869,#870));
#4486=EDGE_LOOP('',(#871,#872,#873,#874));
#4487=EDGE_LOOP('',(#875,#876,#877,#878));
#4488=EDGE_LOOP('',(#879,#880,#881,#882));
#4489=EDGE_LOOP('',(#883,#884,#885,#886));
#4490=EDGE_LOOP('',(#887,#888,#889,#890));
#4491=EDGE_LOOP('',(#891,#892,#893,#894));
#4492=EDGE_LOOP('',(#895,#896,#897,#898));
#4493=EDGE_LOOP('',(#899,#900,#901,#902));
#4494=EDGE_LOOP('',(#903,#904,#905,#906));
#4495=EDGE_LOOP('',(#907,#908,#909,#910));
#4496=EDGE_LOOP('',(#911,#912,#913,#914));
#4497=EDGE_LOOP('',(#915,#916,#917,#918));
#4498=EDGE_LOOP('',(#919,#920,#921,#922));
#4499=EDGE_LOOP('',(#923,#924,#925,#926));
#4500=EDGE_LOOP('',(#927,#928,#929,#930));
#4501=EDGE_LOOP('',(#931,#932,#933,#934,#935,#936,#937,#938,#939,#940,#941,
#942,#943,#944,#945,#946,#947,#948,#949,#950));
#4502=EDGE_LOOP('',(#951,#952,#953,#954,#955,#956,#957,#958,#959,#960,#961,
#962,#963,#964,#965,#966,#967,#968,#969,#970));
#4503=EDGE_LOOP('',(#971,#972,#973,#974,#975,#976,#977,#978,#979,#980,#981,
#982,#983,#984,#985,#986));
#4504=EDGE_LOOP('',(#987,#988,#989,#990,#991,#992,#993,#994,#995,#996,#997,
#998,#999,#1000,#1001,#1002));
#4505=EDGE_LOOP('',(#1003,#1004,#1005,#1006));
#4506=EDGE_LOOP('',(#1007,#1008,#1009,#1010));
#4507=EDGE_LOOP('',(#1011,#1012,#1013,#1014));
#4508=EDGE_LOOP('',(#1015,#1016,#1017,#1018));
#4509=EDGE_LOOP('',(#1019,#1020,#1021,#1022));
#4510=EDGE_LOOP('',(#1023,#1024,#1025,#1026));
#4511=EDGE_LOOP('',(#1027,#1028,#1029,#1030));
#4512=EDGE_LOOP('',(#1031,#1032,#1033,#1034));
#4513=EDGE_LOOP('',(#1035,#1036,#1037,#1038));
#4514=EDGE_LOOP('',(#1039,#1040,#1041,#1042));
#4515=EDGE_LOOP('',(#1043,#1044,#1045,#1046));
#4516=EDGE_LOOP('',(#1047,#1048,#1049,#1050));
#4517=EDGE_LOOP('',(#1051,#1052,#1053,#1054));
#4518=EDGE_LOOP('',(#1055,#1056,#1057,#1058));
#4519=EDGE_LOOP('',(#1059,#1060,#1061,#1062));
#4520=EDGE_LOOP('',(#1063,#1064,#1065,#1066));
#4521=EDGE_LOOP('',(#1067,#1068,#1069,#1070));
#4522=EDGE_LOOP('',(#1071,#1072,#1073,#1074));
#4523=EDGE_LOOP('',(#1075,#1076,#1077,#1078));
#4524=EDGE_LOOP('',(#1079,#1080,#1081,#1082));
#4525=EDGE_LOOP('',(#1083,#1084,#1085,#1086));
#4526=EDGE_LOOP('',(#1087,#1088,#1089,#1090));
#4527=EDGE_LOOP('',(#1091,#1092,#1093,#1094));
#4528=EDGE_LOOP('',(#1095,#1096,#1097,#1098));
#4529=EDGE_LOOP('',(#1099,#1100,#1101,#1102));
#4530=EDGE_LOOP('',(#1103,#1104,#1105,#1106));
#4531=EDGE_LOOP('',(#1107,#1108,#1109,#1110));
#4532=EDGE_LOOP('',(#1111,#1112,#1113,#1114));
#4533=EDGE_LOOP('',(#1115,#1116,#1117,#1118));
#4534=EDGE_LOOP('',(#1119,#1120,#1121,#1122));
#4535=EDGE_LOOP('',(#1123,#1124,#1125,#1126));
#4536=EDGE_LOOP('',(#1127,#1128,#1129,#1130));
#4537=EDGE_LOOP('',(#1131,#1132,#1133,#1134));
#4538=EDGE_LOOP('',(#1135,#1136,#1137,#1138));
#4539=EDGE_LOOP('',(#1139,#1140,#1141,#1142));
#4540=EDGE_LOOP('',(#1143,#1144,#1145,#1146));
#4541=EDGE_LOOP('',(#1147,#1148,#1149,#1150));
#4542=EDGE_LOOP('',(#1151,#1152,#1153,#1154));
#4543=EDGE_LOOP('',(#1155,#1156,#1157,#1158));
#4544=EDGE_LOOP('',(#1159,#1160,#1161,#1162));
#4545=EDGE_LOOP('',(#1163,#1164,#1165,#1166));
#4546=EDGE_LOOP('',(#1167,#1168,#1169,#1170));
#4547=EDGE_LOOP('',(#1171,#1172,#1173,#1174));
#4548=EDGE_LOOP('',(#1175,#1176,#1177,#1178));
#4549=EDGE_LOOP('',(#1179,#1180,#1181,#1182));
#4550=EDGE_LOOP('',(#1183,#1184,#1185,#1186));
#4551=EDGE_LOOP('',(#1187,#1188,#1189,#1190));
#4552=EDGE_LOOP('',(#1191,#1192,#1193,#1194));
#4553=EDGE_LOOP('',(#1195,#1196,#1197,#1198));
#4554=EDGE_LOOP('',(#1199,#1200,#1201,#1202));
#4555=EDGE_LOOP('',(#1203,#1204,#1205,#1206));
#4556=EDGE_LOOP('',(#1207,#1208,#1209,#1210));
#4557=EDGE_LOOP('',(#1211,#1212,#1213,#1214));
#4558=EDGE_LOOP('',(#1215,#1216,#1217,#1218));
#4559=EDGE_LOOP('',(#1219,#1220,#1221,#1222));
#4560=EDGE_LOOP('',(#1223,#1224,#1225,#1226));
#4561=EDGE_LOOP('',(#1227,#1228,#1229,#1230));
#4562=EDGE_LOOP('',(#1231,#1232,#1233,#1234));
#4563=EDGE_LOOP('',(#1235,#1236,#1237,#1238));
#4564=EDGE_LOOP('',(#1239,#1240,#1241,#1242));
#4565=EDGE_LOOP('',(#1243,#1244,#1245,#1246,#1247,#1248,#1249,#1250,#1251,
#1252,#1253,#1254,#1255,#1256,#1257,#1258,#1259,#1260,#1261,#1262,#1263,
#1264,#1265,#1266,#1267,#1268,#1269,#1270,#1271,#1272,#1273,#1274,#1275,
#1276,#1277,#1278));
#4566=EDGE_LOOP('',(#1279,#1280,#1281,#1282,#1283,#1284,#1285,#1286));
#4567=EDGE_LOOP('',(#1287,#1288,#1289,#1290,#1291,#1292,#1293,#1294));
#4568=EDGE_LOOP('',(#1295,#1296,#1297,#1298,#1299,#1300,#1301,#1302));
#4569=EDGE_LOOP('',(#1303,#1304,#1305,#1306,#1307,#1308,#1309,#1310));
#4570=EDGE_LOOP('',(#1311,#1312,#1313,#1314,#1315,#1316,#1317,#1318));
#4571=EDGE_LOOP('',(#1319,#1320,#1321,#1322,#1323,#1324,#1325,#1326));
#4572=EDGE_LOOP('',(#1327,#1328,#1329,#1330,#1331,#1332,#1333,#1334));
#4573=EDGE_LOOP('',(#1335,#1336,#1337,#1338,#1339,#1340,#1341,#1342));
#4574=EDGE_LOOP('',(#1343,#1344,#1345,#1346,#1347,#1348,#1349,#1350));
#4575=EDGE_LOOP('',(#1351,#1352,#1353,#1354,#1355,#1356,#1357,#1358));
#4576=EDGE_LOOP('',(#1359,#1360,#1361,#1362,#1363,#1364,#1365,#1366));
#4577=EDGE_LOOP('',(#1367,#1368,#1369,#1370,#1371,#1372,#1373,#1374));
#4578=EDGE_LOOP('',(#1375,#1376,#1377,#1378,#1379,#1380,#1381,#1382));
#4579=EDGE_LOOP('',(#1383,#1384,#1385,#1386,#1387,#1388,#1389,#1390));
#4580=EDGE_LOOP('',(#1391,#1392,#1393,#1394,#1395,#1396,#1397,#1398));
#4581=EDGE_LOOP('',(#1399,#1400,#1401,#1402,#1403,#1404,#1405,#1406));
#4582=EDGE_LOOP('',(#1407,#1408,#1409,#1410));
#4583=EDGE_LOOP('',(#1411,#1412,#1413,#1414,#1415,#1416,#1417,#1418,#1419,
#1420,#1421,#1422,#1423,#1424,#1425,#1426,#1427,#1428,#1429,#1430));
#4584=EDGE_LOOP('',(#1431,#1432,#1433,#1434,#1435,#1436,#1437,#1438,#1439,
#1440,#1441,#1442,#1443,#1444,#1445,#1446,#1447,#1448,#1449,#1450));
#4585=EDGE_LOOP('',(#1451,#1452,#1453,#1454,#1455,#1456,#1457,#1458));
#4586=EDGE_LOOP('',(#1459,#1460,#1461,#1462,#1463,#1464,#1465,#1466));
#4587=EDGE_LOOP('',(#1467,#1468,#1469,#1470));
#4588=EDGE_LOOP('',(#1471,#1472,#1473,#1474));
#4589=EDGE_LOOP('',(#1475,#1476,#1477,#1478));
#4590=EDGE_LOOP('',(#1479,#1480,#1481,#1482));
#4591=EDGE_LOOP('',(#1483,#1484,#1485,#1486));
#4592=EDGE_LOOP('',(#1487,#1488,#1489,#1490));
#4593=EDGE_LOOP('',(#1491,#1492,#1493,#1494));
#4594=EDGE_LOOP('',(#1495,#1496,#1497,#1498));
#4595=EDGE_LOOP('',(#1499,#1500,#1501,#1502));
#4596=EDGE_LOOP('',(#1503,#1504,#1505,#1506));
#4597=EDGE_LOOP('',(#1507,#1508,#1509,#1510));
#4598=EDGE_LOOP('',(#1511,#1512,#1513,#1514));
#4599=EDGE_LOOP('',(#1515,#1516,#1517,#1518));
#4600=EDGE_LOOP('',(#1519,#1520,#1521,#1522));
#4601=EDGE_LOOP('',(#1523,#1524,#1525,#1526));
#4602=EDGE_LOOP('',(#1527,#1528,#1529,#1530));
#4603=EDGE_LOOP('',(#1531,#1532,#1533,#1534));
#4604=EDGE_LOOP('',(#1535,#1536,#1537,#1538));
#4605=EDGE_LOOP('',(#1539,#1540,#1541,#1542));
#4606=EDGE_LOOP('',(#1543,#1544,#1545,#1546));
#4607=EDGE_LOOP('',(#1547,#1548,#1549,#1550,#1551,#1552,#1553,#1554,#1555,
#1556,#1557,#1558,#1559,#1560,#1561,#1562,#1563,#1564,#1565,#1566,#1567,
#1568,#1569,#1570,#1571,#1572,#1573,#1574,#1575,#1576,#1577,#1578,#1579,
#1580,#1581,#1582));
#4608=EDGE_LOOP('',(#1583,#1584,#1585,#1586));
#4609=EDGE_LOOP('',(#1587,#1588,#1589,#1590));
#4610=EDGE_LOOP('',(#1591,#1592,#1593,#1594));
#4611=EDGE_LOOP('',(#1595,#1596,#1597,#1598));
#4612=EDGE_LOOP('',(#1599,#1600,#1601,#1602));
#4613=EDGE_LOOP('',(#1603,#1604,#1605,#1606));
#4614=EDGE_LOOP('',(#1607,#1608,#1609,#1610));
#4615=EDGE_LOOP('',(#1611,#1612,#1613,#1614));
#4616=EDGE_LOOP('',(#1615,#1616,#1617,#1618));
#4617=EDGE_LOOP('',(#1619,#1620,#1621,#1622));
#4618=EDGE_LOOP('',(#1623,#1624,#1625,#1626));
#4619=EDGE_LOOP('',(#1627,#1628,#1629,#1630));
#4620=EDGE_LOOP('',(#1631,#1632,#1633,#1634));
#4621=EDGE_LOOP('',(#1635,#1636,#1637,#1638));
#4622=EDGE_LOOP('',(#1639,#1640,#1641,#1642));
#4623=EDGE_LOOP('',(#1643,#1644,#1645,#1646));
#4624=EDGE_LOOP('',(#1647,#1648,#1649,#1650));
#4625=FACE_BOUND('',#4325,.T.);
#4626=FACE_BOUND('',#4326,.T.);
#4627=FACE_BOUND('',#4327,.T.);
#4628=FACE_BOUND('',#4328,.T.);
#4629=FACE_BOUND('',#4329,.T.);
#4630=FACE_BOUND('',#4330,.T.);
#4631=FACE_BOUND('',#4331,.T.);
#4632=FACE_BOUND('',#4332,.T.);
#4633=FACE_BOUND('',#4333,.T.);
#4634=FACE_BOUND('',#4334,.T.);
#4635=FACE_BOUND('',#4335,.T.);
#4636=FACE_BOUND('',#4336,.T.);
#4637=FACE_BOUND('',#4337,.T.);
#4638=FACE_BOUND('',#4338,.T.);
#4639=FACE_BOUND('',#4339,.T.);
#4640=FACE_BOUND('',#4340,.T.);
#4641=FACE_BOUND('',#4341,.T.);
#4642=FACE_BOUND('',#4342,.T.);
#4643=FACE_BOUND('',#4343,.T.);
#4644=FACE_BOUND('',#4344,.T.);
#4645=FACE_BOUND('',#4345,.T.);
#4646=FACE_BOUND('',#4346,.T.);
#4647=FACE_BOUND('',#4347,.T.);
#4648=FACE_BOUND('',#4348,.T.);
#4649=FACE_BOUND('',#4349,.T.);
#4650=FACE_BOUND('',#4350,.T.);
#4651=FACE_BOUND('',#4351,.T.);
#4652=FACE_BOUND('',#4352,.T.);
#4653=FACE_BOUND('',#4353,.T.);
#4654=FACE_BOUND('',#4354,.T.);
#4655=FACE_BOUND('',#4355,.T.);
#4656=FACE_BOUND('',#4356,.T.);
#4657=FACE_BOUND('',#4357,.T.);
#4658=FACE_BOUND('',#4358,.T.);
#4659=FACE_BOUND('',#4359,.T.);
#4660=FACE_BOUND('',#4360,.T.);
#4661=FACE_BOUND('',#4361,.T.);
#4662=FACE_BOUND('',#4362,.T.);
#4663=FACE_BOUND('',#4363,.T.);
#4664=FACE_BOUND('',#4364,.T.);
#4665=FACE_BOUND('',#4365,.T.);
#4666=FACE_BOUND('',#4366,.T.);
#4667=FACE_BOUND('',#4367,.T.);
#4668=FACE_BOUND('',#4368,.T.);
#4669=FACE_BOUND('',#4369,.T.);
#4670=FACE_BOUND('',#4370,.T.);
#4671=FACE_BOUND('',#4371,.T.);
#4672=FACE_BOUND('',#4372,.T.);
#4673=FACE_BOUND('',#4373,.T.);
#4674=FACE_BOUND('',#4374,.T.);
#4675=FACE_BOUND('',#4375,.T.);
#4676=FACE_BOUND('',#4376,.T.);
#4677=FACE_BOUND('',#4377,.T.);
#4678=FACE_BOUND('',#4378,.T.);
#4679=FACE_BOUND('',#4379,.T.);
#4680=FACE_BOUND('',#4380,.T.);
#4681=FACE_BOUND('',#4381,.T.);
#4682=FACE_BOUND('',#4382,.T.);
#4683=FACE_BOUND('',#4383,.T.);
#4684=FACE_BOUND('',#4384,.T.);
#4685=FACE_BOUND('',#4385,.T.);
#4686=FACE_BOUND('',#4386,.T.);
#4687=FACE_BOUND('',#4387,.T.);
#4688=FACE_BOUND('',#4388,.T.);
#4689=FACE_BOUND('',#4389,.T.);
#4690=FACE_BOUND('',#4390,.T.);
#4691=FACE_BOUND('',#4391,.T.);
#4692=FACE_BOUND('',#4392,.T.);
#4693=FACE_BOUND('',#4393,.T.);
#4694=FACE_BOUND('',#4394,.T.);
#4695=FACE_BOUND('',#4395,.T.);
#4696=FACE_BOUND('',#4396,.T.);
#4697=FACE_BOUND('',#4397,.T.);
#4698=FACE_BOUND('',#4398,.T.);
#4699=FACE_BOUND('',#4399,.T.);
#4700=FACE_BOUND('',#4400,.T.);
#4701=FACE_BOUND('',#4401,.T.);
#4702=FACE_BOUND('',#4402,.T.);
#4703=FACE_BOUND('',#4403,.T.);
#4704=FACE_BOUND('',#4404,.T.);
#4705=FACE_BOUND('',#4405,.T.);
#4706=FACE_BOUND('',#4406,.T.);
#4707=FACE_BOUND('',#4407,.T.);
#4708=FACE_BOUND('',#4408,.T.);
#4709=FACE_BOUND('',#4409,.T.);
#4710=FACE_BOUND('',#4410,.T.);
#4711=FACE_BOUND('',#4411,.T.);
#4712=FACE_BOUND('',#4412,.T.);
#4713=FACE_BOUND('',#4413,.T.);
#4714=FACE_BOUND('',#4414,.T.);
#4715=FACE_BOUND('',#4415,.T.);
#4716=FACE_BOUND('',#4416,.T.);
#4717=FACE_BOUND('',#4417,.T.);
#4718=FACE_BOUND('',#4418,.T.);
#4719=FACE_BOUND('',#4419,.T.);
#4720=FACE_BOUND('',#4420,.T.);
#4721=FACE_BOUND('',#4421,.T.);
#4722=FACE_BOUND('',#4422,.T.);
#4723=FACE_BOUND('',#4423,.T.);
#4724=FACE_BOUND('',#4424,.T.);
#4725=FACE_BOUND('',#4425,.T.);
#4726=FACE_BOUND('',#4426,.T.);
#4727=FACE_BOUND('',#4427,.T.);
#4728=FACE_BOUND('',#4428,.T.);
#4729=FACE_BOUND('',#4429,.T.);
#4730=FACE_BOUND('',#4430,.T.);
#4731=FACE_BOUND('',#4431,.T.);
#4732=FACE_BOUND('',#4432,.T.);
#4733=FACE_BOUND('',#4433,.T.);
#4734=FACE_BOUND('',#4434,.T.);
#4735=FACE_BOUND('',#4435,.T.);
#4736=FACE_BOUND('',#4436,.T.);
#4737=FACE_BOUND('',#4437,.T.);
#4738=FACE_BOUND('',#4438,.T.);
#4739=FACE_BOUND('',#4439,.T.);
#4740=FACE_BOUND('',#4440,.T.);
#4741=FACE_BOUND('',#4441,.T.);
#4742=FACE_BOUND('',#4442,.T.);
#4743=FACE_BOUND('',#4443,.T.);
#4744=FACE_BOUND('',#4444,.T.);
#4745=FACE_BOUND('',#4445,.T.);
#4746=FACE_BOUND('',#4446,.T.);
#4747=FACE_BOUND('',#4447,.T.);
#4748=FACE_BOUND('',#4448,.T.);
#4749=FACE_BOUND('',#4449,.T.);
#4750=FACE_BOUND('',#4450,.T.);
#4751=FACE_BOUND('',#4451,.T.);
#4752=FACE_BOUND('',#4452,.T.);
#4753=FACE_BOUND('',#4453,.T.);
#4754=FACE_BOUND('',#4454,.T.);
#4755=FACE_BOUND('',#4455,.T.);
#4756=FACE_BOUND('',#4456,.T.);
#4757=FACE_BOUND('',#4457,.T.);
#4758=FACE_BOUND('',#4458,.T.);
#4759=FACE_BOUND('',#4459,.T.);
#4760=FACE_BOUND('',#4460,.T.);
#4761=FACE_BOUND('',#4461,.T.);
#4762=FACE_BOUND('',#4462,.T.);
#4763=FACE_BOUND('',#4463,.T.);
#4764=FACE_BOUND('',#4464,.T.);
#4765=FACE_BOUND('',#4465,.T.);
#4766=FACE_BOUND('',#4466,.T.);
#4767=FACE_BOUND('',#4467,.T.);
#4768=FACE_BOUND('',#4468,.T.);
#4769=FACE_BOUND('',#4469,.T.);
#4770=FACE_BOUND('',#4470,.T.);
#4771=FACE_BOUND('',#4471,.T.);
#4772=FACE_BOUND('',#4472,.T.);
#4773=FACE_BOUND('',#4473,.T.);
#4774=FACE_BOUND('',#4474,.T.);
#4775=FACE_BOUND('',#4475,.T.);
#4776=FACE_BOUND('',#4476,.T.);
#4777=FACE_BOUND('',#4477,.T.);
#4778=FACE_BOUND('',#4478,.T.);
#4779=FACE_BOUND('',#4479,.T.);
#4780=FACE_BOUND('',#4480,.T.);
#4781=FACE_BOUND('',#4481,.T.);
#4782=FACE_BOUND('',#4482,.T.);
#4783=FACE_BOUND('',#4483,.T.);
#4784=FACE_BOUND('',#4484,.T.);
#4785=FACE_BOUND('',#4485,.T.);
#4786=FACE_BOUND('',#4486,.T.);
#4787=FACE_BOUND('',#4487,.T.);
#4788=FACE_BOUND('',#4488,.T.);
#4789=FACE_BOUND('',#4489,.T.);
#4790=FACE_BOUND('',#4490,.T.);
#4791=FACE_BOUND('',#4491,.T.);
#4792=FACE_BOUND('',#4492,.T.);
#4793=FACE_BOUND('',#4493,.T.);
#4794=FACE_BOUND('',#4494,.T.);
#4795=FACE_BOUND('',#4495,.T.);
#4796=FACE_BOUND('',#4496,.T.);
#4797=FACE_BOUND('',#4497,.T.);
#4798=FACE_BOUND('',#4498,.T.);
#4799=FACE_BOUND('',#4499,.T.);
#4800=FACE_BOUND('',#4500,.T.);
#4801=FACE_BOUND('',#4501,.T.);
#4802=FACE_BOUND('',#4502,.T.);
#4803=FACE_BOUND('',#4503,.T.);
#4804=FACE_BOUND('',#4504,.T.);
#4805=FACE_BOUND('',#4505,.T.);
#4806=FACE_BOUND('',#4506,.T.);
#4807=FACE_BOUND('',#4507,.T.);
#4808=FACE_BOUND('',#4508,.T.);
#4809=FACE_BOUND('',#4509,.T.);
#4810=FACE_BOUND('',#4510,.T.);
#4811=FACE_BOUND('',#4511,.T.);
#4812=FACE_BOUND('',#4512,.T.);
#4813=FACE_BOUND('',#4513,.T.);
#4814=FACE_BOUND('',#4514,.T.);
#4815=FACE_BOUND('',#4515,.T.);
#4816=FACE_BOUND('',#4516,.T.);
#4817=FACE_BOUND('',#4517,.T.);
#4818=FACE_BOUND('',#4518,.T.);
#4819=FACE_BOUND('',#4519,.T.);
#4820=FACE_BOUND('',#4520,.T.);
#4821=FACE_BOUND('',#4521,.T.);
#4822=FACE_BOUND('',#4522,.T.);
#4823=FACE_BOUND('',#4523,.T.);
#4824=FACE_BOUND('',#4524,.T.);
#4825=FACE_BOUND('',#4525,.T.);
#4826=FACE_BOUND('',#4526,.T.);
#4827=FACE_BOUND('',#4527,.T.);
#4828=FACE_BOUND('',#4528,.T.);
#4829=FACE_BOUND('',#4529,.T.);
#4830=FACE_BOUND('',#4530,.T.);
#4831=FACE_BOUND('',#4531,.T.);
#4832=FACE_BOUND('',#4532,.T.);
#4833=FACE_BOUND('',#4533,.T.);
#4834=FACE_BOUND('',#4534,.T.);
#4835=FACE_BOUND('',#4535,.T.);
#4836=FACE_BOUND('',#4536,.T.);
#4837=FACE_BOUND('',#4537,.T.);
#4838=FACE_BOUND('',#4538,.T.);
#4839=FACE_BOUND('',#4539,.T.);
#4840=FACE_BOUND('',#4540,.T.);
#4841=FACE_BOUND('',#4541,.T.);
#4842=FACE_BOUND('',#4542,.T.);
#4843=FACE_BOUND('',#4543,.T.);
#4844=FACE_BOUND('',#4544,.T.);
#4845=FACE_BOUND('',#4545,.T.);
#4846=FACE_BOUND('',#4546,.T.);
#4847=FACE_BOUND('',#4547,.T.);
#4848=FACE_BOUND('',#4548,.T.);
#4849=FACE_BOUND('',#4549,.T.);
#4850=FACE_BOUND('',#4550,.T.);
#4851=FACE_BOUND('',#4551,.T.);
#4852=FACE_BOUND('',#4552,.T.);
#4853=FACE_BOUND('',#4553,.T.);
#4854=FACE_BOUND('',#4554,.T.);
#4855=FACE_BOUND('',#4555,.T.);
#4856=FACE_BOUND('',#4556,.T.);
#4857=FACE_BOUND('',#4557,.T.);
#4858=FACE_BOUND('',#4558,.T.);
#4859=FACE_BOUND('',#4559,.T.);
#4860=FACE_BOUND('',#4560,.T.);
#4861=FACE_BOUND('',#4561,.T.);
#4862=FACE_BOUND('',#4562,.T.);
#4863=FACE_BOUND('',#4563,.T.);
#4864=FACE_BOUND('',#4564,.T.);
#4865=FACE_BOUND('',#4565,.T.);
#4866=FACE_BOUND('',#4566,.T.);
#4867=FACE_BOUND('',#4567,.T.);
#4868=FACE_BOUND('',#4568,.T.);
#4869=FACE_BOUND('',#4569,.T.);
#4870=FACE_BOUND('',#4570,.T.);
#4871=FACE_BOUND('',#4571,.T.);
#4872=FACE_BOUND('',#4572,.T.);
#4873=FACE_BOUND('',#4573,.T.);
#4874=FACE_BOUND('',#4574,.T.);
#4875=FACE_BOUND('',#4575,.T.);
#4876=FACE_BOUND('',#4576,.T.);
#4877=FACE_BOUND('',#4577,.T.);
#4878=FACE_BOUND('',#4578,.T.);
#4879=FACE_BOUND('',#4579,.T.);
#4880=FACE_BOUND('',#4580,.T.);
#4881=FACE_BOUND('',#4581,.T.);
#4882=FACE_BOUND('',#4582,.T.);
#4883=FACE_BOUND('',#4583,.T.);
#4884=FACE_BOUND('',#4584,.T.);
#4885=FACE_BOUND('',#4585,.T.);
#4886=FACE_BOUND('',#4586,.T.);
#4887=FACE_BOUND('',#4587,.T.);
#4888=FACE_BOUND('',#4588,.T.);
#4889=FACE_BOUND('',#4589,.T.);
#4890=FACE_BOUND('',#4590,.T.);
#4891=FACE_BOUND('',#4591,.T.);
#4892=FACE_BOUND('',#4592,.T.);
#4893=FACE_BOUND('',#4593,.T.);
#4894=FACE_BOUND('',#4594,.T.);
#4895=FACE_BOUND('',#4595,.T.);
#4896=FACE_BOUND('',#4596,.T.);
#4897=FACE_BOUND('',#4597,.T.);
#4898=FACE_BOUND('',#4598,.T.);
#4899=FACE_BOUND('',#4599,.T.);
#4900=FACE_BOUND('',#4600,.T.);
#4901=FACE_BOUND('',#4601,.T.);
#4902=FACE_BOUND('',#4602,.T.);
#4903=FACE_BOUND('',#4603,.T.);
#4904=FACE_BOUND('',#4604,.T.);
#4905=FACE_BOUND('',#4605,.T.);
#4906=FACE_BOUND('',#4606,.T.);
#4907=FACE_BOUND('',#4607,.T.);
#4908=FACE_BOUND('',#4608,.T.);
#4909=FACE_BOUND('',#4609,.T.);
#4910=FACE_BOUND('',#4610,.T.);
#4911=FACE_BOUND('',#4611,.T.);
#4912=FACE_BOUND('',#4612,.T.);
#4913=FACE_BOUND('',#4613,.T.);
#4914=FACE_BOUND('',#4614,.T.);
#4915=FACE_BOUND('',#4615,.T.);
#4916=FACE_BOUND('',#4616,.T.);
#4917=FACE_BOUND('',#4617,.T.);
#4918=FACE_BOUND('',#4618,.T.);
#4919=FACE_BOUND('',#4619,.T.);
#4920=FACE_BOUND('',#4620,.T.);
#4921=FACE_BOUND('',#4621,.T.);
#4922=FACE_BOUND('',#4622,.T.);
#4923=FACE_BOUND('',#4623,.T.);
#4924=FACE_BOUND('',#4624,.T.);
#4925=PLANE('',#5473);
#4926=PLANE('',#5484);
#4927=PLANE('',#5485);
#4928=PLANE('',#5486);
#4929=PLANE('',#5487);
#4930=PLANE('',#5488);
#4931=PLANE('',#5489);
#4932=PLANE('',#5490);
#4933=PLANE('',#5491);
#4934=PLANE('',#5492);
#4935=PLANE('',#5493);
#4936=PLANE('',#5494);
#4937=PLANE('',#5495);
#4938=PLANE('',#5496);
#4939=PLANE('',#5497);
#4940=PLANE('',#5498);
#4941=PLANE('',#5499);
#4942=PLANE('',#5500);
#4943=PLANE('',#5501);
#4944=PLANE('',#5502);
#4945=PLANE('',#5503);
#4946=PLANE('',#5504);
#4947=PLANE('',#5505);
#4948=PLANE('',#5506);
#4949=PLANE('',#5507);
#4950=PLANE('',#5508);
#4951=PLANE('',#5509);
#4952=PLANE('',#5510);
#4953=PLANE('',#5511);
#4954=PLANE('',#5512);
#4955=PLANE('',#5513);
#4956=PLANE('',#5514);
#4957=PLANE('',#5515);
#4958=PLANE('',#5516);
#4959=PLANE('',#5517);
#4960=PLANE('',#5518);
#4961=PLANE('',#5519);
#4962=PLANE('',#5520);
#4963=PLANE('',#5521);
#4964=PLANE('',#5522);
#4965=PLANE('',#5523);
#4966=PLANE('',#5524);
#4967=PLANE('',#5525);
#4968=PLANE('',#5526);
#4969=PLANE('',#5527);
#4970=PLANE('',#5528);
#4971=PLANE('',#5529);
#4972=PLANE('',#5530);
#4973=PLANE('',#5531);
#4974=PLANE('',#5532);
#4975=PLANE('',#5533);
#4976=PLANE('',#5534);
#4977=PLANE('',#5535);
#4978=PLANE('',#5536);
#4979=PLANE('',#5537);
#4980=PLANE('',#5538);
#4981=PLANE('',#5539);
#4982=PLANE('',#5540);
#4983=PLANE('',#5541);
#4984=PLANE('',#5542);
#4985=PLANE('',#5543);
#4986=PLANE('',#5544);
#4987=PLANE('',#5545);
#4988=PLANE('',#5546);
#4989=PLANE('',#5547);
#4990=PLANE('',#5548);
#4991=PLANE('',#5549);
#4992=PLANE('',#5550);
#4993=PLANE('',#5551);
#4994=PLANE('',#5552);
#4995=PLANE('',#5553);
#4996=PLANE('',#5554);
#4997=PLANE('',#5555);
#4998=PLANE('',#5556);
#4999=PLANE('',#5557);
#5000=PLANE('',#5558);
#5001=PLANE('',#5559);
#5002=PLANE('',#5560);
#5003=PLANE('',#5561);
#5004=PLANE('',#5562);
#5005=PLANE('',#5563);
#5006=PLANE('',#5564);
#5007=PLANE('',#5565);
#5008=PLANE('',#5566);
#5009=PLANE('',#5567);
#5010=PLANE('',#5568);
#5011=PLANE('',#5569);
#5012=PLANE('',#5572);
#5013=PLANE('',#5575);
#5014=PLANE('',#5576);
#5015=PLANE('',#5577);
#5016=PLANE('',#5578);
#5017=PLANE('',#5581);
#5018=PLANE('',#5584);
#5019=PLANE('',#5585);
#5020=PLANE('',#5586);
#5021=PLANE('',#5587);
#5022=PLANE('',#5590);
#5023=PLANE('',#5593);
#5024=PLANE('',#5594);
#5025=PLANE('',#5595);
#5026=PLANE('',#5596);
#5027=PLANE('',#5599);
#5028=PLANE('',#5602);
#5029=PLANE('',#5603);
#5030=PLANE('',#5604);
#5031=PLANE('',#5605);
#5032=PLANE('',#5608);
#5033=PLANE('',#5611);
#5034=PLANE('',#5612);
#5035=PLANE('',#5613);
#5036=PLANE('',#5614);
#5037=PLANE('',#5615);
#5038=PLANE('',#5616);
#5039=PLANE('',#5617);
#5040=PLANE('',#5618);
#5041=PLANE('',#5619);
#5042=PLANE('',#5620);
#5043=PLANE('',#5621);
#5044=PLANE('',#5622);
#5045=PLANE('',#5623);
#5046=PLANE('',#5624);
#5047=PLANE('',#5625);
#5048=PLANE('',#5626);
#5049=PLANE('',#5627);
#5050=PLANE('',#5628);
#5051=PLANE('',#5629);
#5052=PLANE('',#5630);
#5053=PLANE('',#5631);
#5054=PLANE('',#5632);
#5055=PLANE('',#5633);
#5056=PLANE('',#5634);
#5057=PLANE('',#5635);
#5058=PLANE('',#5636);
#5059=PLANE('',#5637);
#5060=PLANE('',#5638);
#5061=PLANE('',#5640);
#5062=PLANE('',#5641);
#5063=PLANE('',#5642);
#5064=PLANE('',#5647);
#5065=PLANE('',#5652);
#5066=PLANE('',#5653);
#5067=PLANE('',#5654);
#5068=PLANE('',#5655);
#5069=PLANE('',#5656);
#5070=PLANE('',#5657);
#5071=PLANE('',#5658);
#5072=PLANE('',#5659);
#5073=PLANE('',#5660);
#5074=PLANE('',#5661);
#5075=PLANE('',#5675);
#5076=PLANE('',#5676);
#5077=PLANE('',#5677);
#5078=PLANE('',#5678);
#5079=PLANE('',#5679);
#5080=PLANE('',#5680);
#5081=PLANE('',#5681);
#5082=PLANE('',#5682);
#5083=PLANE('',#5683);
#5084=PLANE('',#5684);
#5085=PLANE('',#5698);
#5086=PLANE('',#5699);
#5087=PLANE('',#5700);
#5088=PLANE('',#5701);
#5089=PLANE('',#5702);
#5090=PLANE('',#5703);
#5091=PLANE('',#5704);
#5092=PLANE('',#5705);
#5093=PLANE('',#5706);
#5094=PLANE('',#5707);
#5095=PLANE('',#5708);
#5096=PLANE('',#5709);
#5097=PLANE('',#5710);
#5098=PLANE('',#5711);
#5099=PLANE('',#5712);
#5100=PLANE('',#5739);
#5101=PLANE('',#5740);
#5102=PLANE('',#5741);
#5103=PLANE('',#5742);
#5104=PLANE('',#5743);
#5105=PLANE('',#5744);
#5106=PLANE('',#5745);
#5107=PLANE('',#5746);
#5108=PLANE('',#5747);
#5109=PLANE('',#5748);
#5110=PLANE('',#5749);
#5111=PLANE('',#5750);
#5112=PLANE('',#5751);
#5113=PLANE('',#5752);
#5114=PLANE('',#5753);
#5115=PLANE('',#5754);
#5116=PLANE('',#5755);
#5117=PLANE('',#5756);
#5118=PLANE('',#5757);
#5119=PLANE('',#5758);
#5120=PLANE('',#5759);
#5121=PLANE('',#5760);
#5122=PLANE('',#5761);
#5123=PLANE('',#5763);
#5124=PLANE('',#5764);
#5125=PLANE('',#5765);
#5126=PLANE('',#5766);
#5127=PLANE('',#5767);
#5128=PLANE('',#5768);
#5129=PLANE('',#5769);
#5130=PLANE('',#5770);
#5131=PLANE('',#5771);
#5132=PLANE('',#5772);
#5133=PLANE('',#5773);
#5134=PLANE('',#5774);
#5135=PLANE('',#5775);
#5136=PLANE('',#5776);
#5137=PLANE('',#5777);
#5138=PLANE('',#5778);
#5139=PLANE('',#5779);
#5140=PLANE('',#5780);
#5141=PLANE('',#5781);
#5142=PLANE('',#5782);
#5143=PLANE('',#5783);
#5144=PLANE('',#5784);
#5145=PLANE('',#5785);
#5146=PLANE('',#5786);
#5147=PLANE('',#5787);
#5148=PLANE('',#5788);
#5149=PLANE('',#5789);
#5150=PLANE('',#5790);
#5151=PLANE('',#5791);
#5152=PLANE('',#5792);
#5153=PLANE('',#5793);
#5154=PLANE('',#5794);
#5155=PLANE('',#5795);
#5156=PLANE('',#5796);
#5157=PLANE('',#5797);
#5158=PLANE('',#5798);
#5159=PLANE('',#5799);
#5160=PLANE('',#5800);
#5161=PLANE('',#5801);
#5162=PLANE('',#5802);
#5163=PLANE('',#5803);
#5164=PLANE('',#5804);
#5165=ADVANCED_FACE('',(#4625,#4626,#4627,#4628,#4629,#4630,#4631,#4632,
#4633,#4634,#4635),#4925,.T.);
#5166=ADVANCED_FACE('',(#4636),#4926,.T.);
#5167=ADVANCED_FACE('',(#4637),#4927,.T.);
#5168=ADVANCED_FACE('',(#4638),#4928,.T.);
#5169=ADVANCED_FACE('',(#4639),#4929,.T.);
#5170=ADVANCED_FACE('',(#4640),#4930,.T.);
#5171=ADVANCED_FACE('',(#4641),#4931,.T.);
#5172=ADVANCED_FACE('',(#4642),#4932,.T.);
#5173=ADVANCED_FACE('',(#4643),#4933,.T.);
#5174=ADVANCED_FACE('',(#4644),#4934,.T.);
#5175=ADVANCED_FACE('',(#4645),#4935,.T.);
#5176=ADVANCED_FACE('',(#4646),#4936,.T.);
#5177=ADVANCED_FACE('',(#4647),#4937,.T.);
#5178=ADVANCED_FACE('',(#4648),#4938,.T.);
#5179=ADVANCED_FACE('',(#4649),#4939,.T.);
#5180=ADVANCED_FACE('',(#4650),#4940,.T.);
#5181=ADVANCED_FACE('',(#4651),#4941,.T.);
#5182=ADVANCED_FACE('',(#4652),#4942,.T.);
#5183=ADVANCED_FACE('',(#4653),#4943,.T.);
#5184=ADVANCED_FACE('',(#4654),#4944,.T.);
#5185=ADVANCED_FACE('',(#4655),#4945,.T.);
#5186=ADVANCED_FACE('',(#4656),#4946,.T.);
#5187=ADVANCED_FACE('',(#4657),#4947,.T.);
#5188=ADVANCED_FACE('',(#4658),#4948,.T.);
#5189=ADVANCED_FACE('',(#4659),#4949,.T.);
#5190=ADVANCED_FACE('',(#4660),#4950,.T.);
#5191=ADVANCED_FACE('',(#4661),#4951,.T.);
#5192=ADVANCED_FACE('',(#4662),#4952,.T.);
#5193=ADVANCED_FACE('',(#4663),#4953,.T.);
#5194=ADVANCED_FACE('',(#4664),#4954,.T.);
#5195=ADVANCED_FACE('',(#4665),#4955,.T.);
#5196=ADVANCED_FACE('',(#4666),#4956,.T.);
#5197=ADVANCED_FACE('',(#4667),#4957,.T.);
#5198=ADVANCED_FACE('',(#4668),#4958,.T.);
#5199=ADVANCED_FACE('',(#4669),#4959,.T.);
#5200=ADVANCED_FACE('',(#4670),#4960,.T.);
#5201=ADVANCED_FACE('',(#4671),#4961,.T.);
#5202=ADVANCED_FACE('',(#4672),#4962,.T.);
#5203=ADVANCED_FACE('',(#4673),#4963,.T.);
#5204=ADVANCED_FACE('',(#4674),#4964,.T.);
#5205=ADVANCED_FACE('',(#4675),#4965,.T.);
#5206=ADVANCED_FACE('',(#4676),#4966,.F.);
#5207=ADVANCED_FACE('',(#4677),#4967,.F.);
#5208=ADVANCED_FACE('',(#4678),#4968,.F.);
#5209=ADVANCED_FACE('',(#4679),#4969,.F.);
#5210=ADVANCED_FACE('',(#4680),#4970,.F.);
#5211=ADVANCED_FACE('',(#4681),#4971,.F.);
#5212=ADVANCED_FACE('',(#4682),#4972,.F.);
#5213=ADVANCED_FACE('',(#4683),#4973,.F.);
#5214=ADVANCED_FACE('',(#4684),#4974,.F.);
#5215=ADVANCED_FACE('',(#4685),#4975,.T.);
#5216=ADVANCED_FACE('',(#4686),#4976,.T.);
#5217=ADVANCED_FACE('',(#4687),#4977,.T.);
#5218=ADVANCED_FACE('',(#4688),#4978,.T.);
#5219=ADVANCED_FACE('',(#4689),#4979,.T.);
#5220=ADVANCED_FACE('',(#4690),#4980,.T.);
#5221=ADVANCED_FACE('',(#4691),#4981,.T.);
#5222=ADVANCED_FACE('',(#4692),#4982,.T.);
#5223=ADVANCED_FACE('',(#4693),#4983,.T.);
#5224=ADVANCED_FACE('',(#4694),#4984,.T.);
#5225=ADVANCED_FACE('',(#4695),#4985,.T.);
#5226=ADVANCED_FACE('',(#4696),#4986,.T.);
#5227=ADVANCED_FACE('',(#4697),#4987,.T.);
#5228=ADVANCED_FACE('',(#4698),#4988,.T.);
#5229=ADVANCED_FACE('',(#4699),#4989,.T.);
#5230=ADVANCED_FACE('',(#4700),#4990,.T.);
#5231=ADVANCED_FACE('',(#4701),#4991,.T.);
#5232=ADVANCED_FACE('',(#4702),#4992,.T.);
#5233=ADVANCED_FACE('',(#4703),#4993,.F.);
#5234=ADVANCED_FACE('',(#4704),#4994,.F.);
#5235=ADVANCED_FACE('',(#4705),#4995,.F.);
#5236=ADVANCED_FACE('',(#4706),#4996,.F.);
#5237=ADVANCED_FACE('',(#4707),#4997,.F.);
#5238=ADVANCED_FACE('',(#4708),#4998,.T.);
#5239=ADVANCED_FACE('',(#4709,#4710,#4711,#4712,#4713,#4714,#4715,#4716,
#4717,#4718,#4719),#4999,.T.);
#5240=ADVANCED_FACE('',(#4720),#5000,.T.);
#5241=ADVANCED_FACE('',(#4721),#5001,.T.);
#5242=ADVANCED_FACE('',(#4722),#5002,.T.);
#5243=ADVANCED_FACE('',(#4723),#5003,.T.);
#5244=ADVANCED_FACE('',(#4724),#5004,.T.);
#5245=ADVANCED_FACE('',(#4725),#5005,.T.);
#5246=ADVANCED_FACE('',(#4726),#5006,.T.);
#5247=ADVANCED_FACE('',(#4727),#5007,.T.);
#5248=ADVANCED_FACE('',(#4728),#5008,.T.);
#5249=ADVANCED_FACE('',(#4729),#5009,.T.);
#5250=ADVANCED_FACE('',(#4730),#5010,.T.);
#5251=ADVANCED_FACE('',(#4731),#5011,.T.);
#5252=ADVANCED_FACE('',(#4732),#57,.F.);
#5253=ADVANCED_FACE('',(#4733),#5012,.T.);
#5254=ADVANCED_FACE('',(#4734),#58,.F.);
#5255=ADVANCED_FACE('',(#4735),#5013,.T.);
#5256=ADVANCED_FACE('',(#4736),#5014,.T.);
#5257=ADVANCED_FACE('',(#4737,#4738),#5015,.T.);
#5258=ADVANCED_FACE('',(#4739),#5016,.T.);
#5259=ADVANCED_FACE('',(#4740),#59,.F.);
#5260=ADVANCED_FACE('',(#4741),#5017,.T.);
#5261=ADVANCED_FACE('',(#4742),#60,.F.);
#5262=ADVANCED_FACE('',(#4743),#5018,.T.);
#5263=ADVANCED_FACE('',(#4744),#5019,.T.);
#5264=ADVANCED_FACE('',(#4745,#4746),#5020,.T.);
#5265=ADVANCED_FACE('',(#4747),#5021,.T.);
#5266=ADVANCED_FACE('',(#4748),#61,.F.);
#5267=ADVANCED_FACE('',(#4749),#5022,.T.);
#5268=ADVANCED_FACE('',(#4750),#62,.F.);
#5269=ADVANCED_FACE('',(#4751),#5023,.T.);
#5270=ADVANCED_FACE('',(#4752),#5024,.T.);
#5271=ADVANCED_FACE('',(#4753,#4754),#5025,.T.);
#5272=ADVANCED_FACE('',(#4755),#5026,.T.);
#5273=ADVANCED_FACE('',(#4756),#63,.F.);
#5274=ADVANCED_FACE('',(#4757),#5027,.T.);
#5275=ADVANCED_FACE('',(#4758),#64,.F.);
#5276=ADVANCED_FACE('',(#4759),#5028,.T.);
#5277=ADVANCED_FACE('',(#4760),#5029,.T.);
#5278=ADVANCED_FACE('',(#4761,#4762),#5030,.T.);
#5279=ADVANCED_FACE('',(#4763),#5031,.T.);
#5280=ADVANCED_FACE('',(#4764),#65,.F.);
#5281=ADVANCED_FACE('',(#4765),#5032,.T.);
#5282=ADVANCED_FACE('',(#4766),#66,.F.);
#5283=ADVANCED_FACE('',(#4767),#5033,.T.);
#5284=ADVANCED_FACE('',(#4768),#5034,.T.);
#5285=ADVANCED_FACE('',(#4769,#4770),#5035,.T.);
#5286=ADVANCED_FACE('',(#4771),#5036,.T.);
#5287=ADVANCED_FACE('',(#4772),#5037,.T.);
#5288=ADVANCED_FACE('',(#4773),#5038,.T.);
#5289=ADVANCED_FACE('',(#4774),#5039,.T.);
#5290=ADVANCED_FACE('',(#4775,#4776),#5040,.T.);
#5291=ADVANCED_FACE('',(#4777),#5041,.T.);
#5292=ADVANCED_FACE('',(#4778),#5042,.T.);
#5293=ADVANCED_FACE('',(#4779),#5043,.T.);
#5294=ADVANCED_FACE('',(#4780),#5044,.T.);
#5295=ADVANCED_FACE('',(#4781,#4782),#5045,.T.);
#5296=ADVANCED_FACE('',(#4783),#5046,.T.);
#5297=ADVANCED_FACE('',(#4784),#5047,.T.);
#5298=ADVANCED_FACE('',(#4785),#5048,.T.);
#5299=ADVANCED_FACE('',(#4786),#5049,.T.);
#5300=ADVANCED_FACE('',(#4787,#4788),#5050,.T.);
#5301=ADVANCED_FACE('',(#4789),#5051,.T.);
#5302=ADVANCED_FACE('',(#4790),#5052,.T.);
#5303=ADVANCED_FACE('',(#4791),#5053,.T.);
#5304=ADVANCED_FACE('',(#4792),#5054,.T.);
#5305=ADVANCED_FACE('',(#4793,#4794),#5055,.T.);
#5306=ADVANCED_FACE('',(#4795),#5056,.T.);
#5307=ADVANCED_FACE('',(#4796),#5057,.T.);
#5308=ADVANCED_FACE('',(#4797),#5058,.T.);
#5309=ADVANCED_FACE('',(#4798),#5059,.T.);
#5310=ADVANCED_FACE('',(#4799,#4800),#5060,.T.);
#5311=ADVANCED_FACE('',(#4801),#5061,.F.);
#5312=ADVANCED_FACE('',(#4802),#5062,.F.);
#5313=ADVANCED_FACE('',(#4803),#5063,.T.);
#5314=ADVANCED_FACE('',(#4804),#5064,.F.);
#5315=ADVANCED_FACE('',(#4805),#5065,.F.);
#5316=ADVANCED_FACE('',(#4806),#5066,.F.);
#5317=ADVANCED_FACE('',(#4807),#5067,.F.);
#5318=ADVANCED_FACE('',(#4808),#5068,.F.);
#5319=ADVANCED_FACE('',(#4809),#5069,.F.);
#5320=ADVANCED_FACE('',(#4810),#5070,.F.);
#5321=ADVANCED_FACE('',(#4811),#5071,.F.);
#5322=ADVANCED_FACE('',(#4812),#5072,.F.);
#5323=ADVANCED_FACE('',(#4813),#5073,.F.);
#5324=ADVANCED_FACE('',(#4814),#5074,.F.);
#5325=ADVANCED_FACE('',(#4815),#19,.T.);
#5326=ADVANCED_FACE('',(#4816),#20,.T.);
#5327=ADVANCED_FACE('',(#4817),#21,.T.);
#5328=ADVANCED_FACE('',(#4818),#22,.T.);
#5329=ADVANCED_FACE('',(#4819),#23,.T.);
#5330=ADVANCED_FACE('',(#4820),#5075,.F.);
#5331=ADVANCED_FACE('',(#4821),#5076,.F.);
#5332=ADVANCED_FACE('',(#4822),#5077,.F.);
#5333=ADVANCED_FACE('',(#4823),#5078,.F.);
#5334=ADVANCED_FACE('',(#4824),#5079,.F.);
#5335=ADVANCED_FACE('',(#4825),#5080,.F.);
#5336=ADVANCED_FACE('',(#4826),#5081,.F.);
#5337=ADVANCED_FACE('',(#4827),#5082,.F.);
#5338=ADVANCED_FACE('',(#4828),#5083,.F.);
#5339=ADVANCED_FACE('',(#4829),#5084,.F.);
#5340=ADVANCED_FACE('',(#4830),#24,.T.);
#5341=ADVANCED_FACE('',(#4831),#25,.T.);
#5342=ADVANCED_FACE('',(#4832),#26,.T.);
#5343=ADVANCED_FACE('',(#4833),#27,.T.);
#5344=ADVANCED_FACE('',(#4834),#28,.T.);
#5345=ADVANCED_FACE('',(#4835),#5085,.F.);
#5346=ADVANCED_FACE('',(#4836),#5086,.F.);
#5347=ADVANCED_FACE('',(#4837),#5087,.F.);
#5348=ADVANCED_FACE('',(#4838),#5088,.F.);
#5349=ADVANCED_FACE('',(#4839),#5089,.F.);
#5350=ADVANCED_FACE('',(#4840),#5090,.F.);
#5351=ADVANCED_FACE('',(#4841),#5091,.F.);
#5352=ADVANCED_FACE('',(#4842),#5092,.F.);
#5353=ADVANCED_FACE('',(#4843),#5093,.F.);
#5354=ADVANCED_FACE('',(#4844),#5094,.F.);
#5355=ADVANCED_FACE('',(#4845),#5095,.F.);
#5356=ADVANCED_FACE('',(#4846),#5096,.F.);
#5357=ADVANCED_FACE('',(#4847),#5097,.F.);
#5358=ADVANCED_FACE('',(#4848),#5098,.F.);
#5359=ADVANCED_FACE('',(#4849),#5099,.F.);
#5360=ADVANCED_FACE('',(#4850),#29,.F.);
#5361=ADVANCED_FACE('',(#4851),#30,.F.);
#5362=ADVANCED_FACE('',(#4852),#31,.F.);
#5363=ADVANCED_FACE('',(#4853),#32,.F.);
#5364=ADVANCED_FACE('',(#4854),#33,.F.);
#5365=ADVANCED_FACE('',(#4855),#34,.F.);
#5366=ADVANCED_FACE('',(#4856),#35,.F.);
#5367=ADVANCED_FACE('',(#4857),#36,.F.);
#5368=ADVANCED_FACE('',(#4858),#37,.F.);
#5369=ADVANCED_FACE('',(#4859),#38,.F.);
#5370=ADVANCED_FACE('',(#4860),#5100,.F.);
#5371=ADVANCED_FACE('',(#4861),#5101,.F.);
#5372=ADVANCED_FACE('',(#4862),#5102,.F.);
#5373=ADVANCED_FACE('',(#4863),#5103,.F.);
#5374=ADVANCED_FACE('',(#4864),#5104,.F.);
#5375=ADVANCED_FACE('',(#4865),#5105,.F.);
#5376=ADVANCED_FACE('',(#4866),#5106,.T.);
#5377=ADVANCED_FACE('',(#4867),#5107,.T.);
#5378=ADVANCED_FACE('',(#4868),#5108,.T.);
#5379=ADVANCED_FACE('',(#4869),#5109,.T.);
#5380=ADVANCED_FACE('',(#4870),#5110,.T.);
#5381=ADVANCED_FACE('',(#4871),#5111,.T.);
#5382=ADVANCED_FACE('',(#4872),#5112,.T.);
#5383=ADVANCED_FACE('',(#4873),#5113,.T.);
#5384=ADVANCED_FACE('',(#4874),#5114,.T.);
#5385=ADVANCED_FACE('',(#4875),#5115,.T.);
#5386=ADVANCED_FACE('',(#4876),#5116,.T.);
#5387=ADVANCED_FACE('',(#4877),#5117,.T.);
#5388=ADVANCED_FACE('',(#4878),#5118,.T.);
#5389=ADVANCED_FACE('',(#4879),#5119,.T.);
#5390=ADVANCED_FACE('',(#4880),#5120,.T.);
#5391=ADVANCED_FACE('',(#4881),#5121,.T.);
#5392=ADVANCED_FACE('',(#4882),#5122,.T.);
#5393=ADVANCED_FACE('',(#4883),#5123,.F.);
#5394=ADVANCED_FACE('',(#4884),#5124,.F.);
#5395=ADVANCED_FACE('',(#4885),#5125,.T.);
#5396=ADVANCED_FACE('',(#4886),#5126,.F.);
#5397=ADVANCED_FACE('',(#4887),#5127,.F.);
#5398=ADVANCED_FACE('',(#4888),#5128,.F.);
#5399=ADVANCED_FACE('',(#4889),#5129,.F.);
#5400=ADVANCED_FACE('',(#4890),#5130,.F.);
#5401=ADVANCED_FACE('',(#4891),#5131,.F.);
#5402=ADVANCED_FACE('',(#4892),#5132,.F.);
#5403=ADVANCED_FACE('',(#4893),#5133,.F.);
#5404=ADVANCED_FACE('',(#4894),#5134,.F.);
#5405=ADVANCED_FACE('',(#4895),#5135,.F.);
#5406=ADVANCED_FACE('',(#4896),#5136,.F.);
#5407=ADVANCED_FACE('',(#4897),#5137,.F.);
#5408=ADVANCED_FACE('',(#4898),#5138,.F.);
#5409=ADVANCED_FACE('',(#4899),#5139,.F.);
#5410=ADVANCED_FACE('',(#4900),#5140,.F.);
#5411=ADVANCED_FACE('',(#4901),#5141,.F.);
#5412=ADVANCED_FACE('',(#4902),#5142,.F.);
#5413=ADVANCED_FACE('',(#4903),#5143,.F.);
#5414=ADVANCED_FACE('',(#4904),#5144,.F.);
#5415=ADVANCED_FACE('',(#4905),#5145,.F.);
#5416=ADVANCED_FACE('',(#4906),#5146,.F.);
#5417=ADVANCED_FACE('',(#4907),#5147,.F.);
#5418=ADVANCED_FACE('',(#4908),#5148,.T.);
#5419=ADVANCED_FACE('',(#4909),#5149,.T.);
#5420=ADVANCED_FACE('',(#4910),#5150,.T.);
#5421=ADVANCED_FACE('',(#4911),#5151,.T.);
#5422=ADVANCED_FACE('',(#4912),#5152,.T.);
#5423=ADVANCED_FACE('',(#4913),#5153,.T.);
#5424=ADVANCED_FACE('',(#4914),#5154,.T.);
#5425=ADVANCED_FACE('',(#4915),#5155,.T.);
#5426=ADVANCED_FACE('',(#4916),#5156,.T.);
#5427=ADVANCED_FACE('',(#4917),#5157,.T.);
#5428=ADVANCED_FACE('',(#4918),#5158,.T.);
#5429=ADVANCED_FACE('',(#4919),#5159,.T.);
#5430=ADVANCED_FACE('',(#4920),#5160,.T.);
#5431=ADVANCED_FACE('',(#4921),#5161,.T.);
#5432=ADVANCED_FACE('',(#4922),#5162,.T.);
#5433=ADVANCED_FACE('',(#4923),#5163,.T.);
#5434=ADVANCED_FACE('',(#4924),#5164,.T.);
#5435=CLOSED_SHELL('',(#5165,#5166,#5167,#5168,#5169,#5170,#5171,#5172,
#5173,#5174,#5175,#5176,#5177,#5178,#5179,#5180,#5181,#5182,#5183,#5184,
#5185,#5186,#5187,#5188,#5189,#5190,#5191,#5192,#5193,#5194,#5195,#5196,
#5197,#5198,#5199,#5200,#5201,#5202,#5203,#5204,#5205,#5206,#5207,#5208,
#5209,#5210,#5211,#5212,#5213,#5214,#5215,#5216,#5217,#5218,#5219,#5220,
#5221,#5222,#5223,#5224,#5225,#5226,#5227,#5228,#5229,#5230,#5231,#5232,
#5233,#5234,#5235,#5236,#5237,#5238,#5239,#5240,#5241,#5242,#5243,#5244,
#5245,#5246,#5247,#5248,#5249,#5250,#5251,#5252,#5253,#5254,#5255,#5256,
#5257,#5258,#5259,#5260,#5261,#5262,#5263,#5264,#5265,#5266,#5267,#5268,
#5269,#5270,#5271,#5272,#5273,#5274,#5275,#5276,#5277,#5278,#5279,#5280,
#5281,#5282,#5283,#5284,#5285,#5286,#5287,#5288,#5289,#5290,#5291,#5292,
#5293,#5294,#5295,#5296,#5297,#5298,#5299,#5300,#5301,#5302,#5303,#5304,
#5305,#5306,#5307,#5308,#5309,#5310));
#5436=CLOSED_SHELL('',(#5311,#5312,#5313,#5314,#5315,#5316,#5317,#5318,
#5319,#5320,#5321,#5322,#5323,#5324,#5325,#5326,#5327,#5328,#5329,#5330,
#5331,#5332,#5333,#5334,#5335,#5336,#5337,#5338,#5339,#5340,#5341,#5342,
#5343,#5344,#5345,#5346,#5347,#5348,#5349,#5350,#5351,#5352,#5353,#5354,
#5355,#5356,#5357,#5358,#5359,#5360,#5361,#5362,#5363,#5364,#5365,#5366,
#5367,#5368,#5369,#5370,#5371,#5372,#5373,#5374,#5375,#5376,#5377,#5378,
#5379,#5380,#5381,#5382,#5383,#5384,#5385,#5386,#5387,#5388,#5389,#5390,
#5391,#5392));
#5437=CLOSED_SHELL('',(#5393,#5394,#5395,#5396,#5397,#5398,#5399,#5400,
#5401,#5402,#5403,#5404,#5405,#5406,#5407,#5408,#5409,#5410,#5411,#5412,
#5413,#5414,#5415,#5416,#5417,#5418,#5419,#5420,#5421,#5422,#5423,#5424,
#5425,#5426,#5427,#5428,#5429,#5430,#5431,#5432,#5433,#5434));
#5438=STYLED_ITEM('',(#5441),#5461);
#5439=STYLED_ITEM('',(#5442),#5462);
#5440=STYLED_ITEM('',(#5443),#5463);
#5441=PRESENTATION_STYLE_ASSIGNMENT((#5444));
#5442=PRESENTATION_STYLE_ASSIGNMENT((#5445));
#5443=PRESENTATION_STYLE_ASSIGNMENT((#5446));
#5444=SURFACE_STYLE_USAGE(.BOTH.,#5447);
#5445=SURFACE_STYLE_USAGE(.BOTH.,#5448);
#5446=SURFACE_STYLE_USAGE(.BOTH.,#5449);
#5447=SURFACE_SIDE_STYLE('',(#5450));
#5448=SURFACE_SIDE_STYLE('',(#5451));
#5449=SURFACE_SIDE_STYLE('',(#5452));
#5450=SURFACE_STYLE_FILL_AREA(#5453);
#5451=SURFACE_STYLE_FILL_AREA(#5454);
#5452=SURFACE_STYLE_FILL_AREA(#5455);
#5453=FILL_AREA_STYLE('',(#5456));
#5454=FILL_AREA_STYLE('',(#5457));
#5455=FILL_AREA_STYLE('',(#5458));
#5456=FILL_AREA_STYLE_COLOUR('',#5459);
#5457=FILL_AREA_STYLE_COLOUR('',#5460);
#5458=FILL_AREA_STYLE_COLOUR('',#18);
#5459=COLOUR_RGB('',0.689999997615814,0.689999997615814,0.689999997615814);
#5460=COLOUR_RGB('',0.769999980926514,0.769999980926514,0.769999980926514);
#5461=MANIFOLD_SOLID_BREP('IPT1-105-01-L-D-VS_terminal',#5435);
#5462=MANIFOLD_SOLID_BREP('IPT1-105-01-LD-VS_pin',#5436);
#5463=MANIFOLD_SOLID_BREP('IPT1-105-01-LD-VS2PIN',#5437);
#5464=SHAPE_DEFINITION_REPRESENTATION(#8735,#5468);
#5465=SHAPE_DEFINITION_REPRESENTATION(#8736,#5469);
#5466=SHAPE_DEFINITION_REPRESENTATION(#8738,#5470);
#5467=SHAPE_DEFINITION_REPRESENTATION(#8740,#5471);
#5468=SHAPE_REPRESENTATION('IPT1-105-01-L-D-VS',(#5472,#5639,#5762,#5805),
#8721);
#5469=SHAPE_REPRESENTATION('IPT1-105-01-L-D-VS_terminal',(#5472),#8722);
#5470=SHAPE_REPRESENTATION('IPT1-105-01-LD-VS_pin',(#5472),#8723);
#5471=SHAPE_REPRESENTATION('IPT1-105-01-LD-VS2PIN',(#5472),#8724);
#5472=AXIS2_PLACEMENT_3D('',#7176,#5806,#5807);
#5473=AXIS2_PLACEMENT_3D('',#7177,#5808,#5809);
#5474=AXIS2_PLACEMENT_3D('',#7194,#5818,#5819);
#5475=AXIS2_PLACEMENT_3D('',#7203,#5823,#5824);
#5476=AXIS2_PLACEMENT_3D('',#7206,#5826,#5827);
#5477=AXIS2_PLACEMENT_3D('',#7215,#5831,#5832);
#5478=AXIS2_PLACEMENT_3D('',#7218,#5834,#5835);
#5479=AXIS2_PLACEMENT_3D('',#7227,#5839,#5840);
#5480=AXIS2_PLACEMENT_3D('',#7238,#5846,#5847);
#5481=AXIS2_PLACEMENT_3D('',#7247,#5851,#5852);
#5482=AXIS2_PLACEMENT_3D('',#7250,#5854,#5855);
#5483=AXIS2_PLACEMENT_3D('',#7259,#5859,#5860);
#5484=AXIS2_PLACEMENT_3D('',#7286,#5874,#5875);
#5485=AXIS2_PLACEMENT_3D('',#7295,#5880,#5881);
#5486=AXIS2_PLACEMENT_3D('',#7301,#5885,#5886);
#5487=AXIS2_PLACEMENT_3D('',#7307,#5890,#5891);
#5488=AXIS2_PLACEMENT_3D('',#7316,#5896,#5897);
#5489=AXIS2_PLACEMENT_3D('',#7322,#5901,#5902);
#5490=AXIS2_PLACEMENT_3D('',#7328,#5906,#5907);
#5491=AXIS2_PLACEMENT_3D('',#7337,#5912,#5913);
#5492=AXIS2_PLACEMENT_3D('',#7343,#5917,#5918);
#5493=AXIS2_PLACEMENT_3D('',#7349,#5922,#5923);
#5494=AXIS2_PLACEMENT_3D('',#7358,#5928,#5929);
#5495=AXIS2_PLACEMENT_3D('',#7364,#5933,#5934);
#5496=AXIS2_PLACEMENT_3D('',#7370,#5938,#5939);
#5497=AXIS2_PLACEMENT_3D('',#7373,#5942,#5943);
#5498=AXIS2_PLACEMENT_3D('',#7376,#5946,#5947);
#5499=AXIS2_PLACEMENT_3D('',#7379,#5950,#5951);
#5500=AXIS2_PLACEMENT_3D('',#7382,#5954,#5955);
#5501=AXIS2_PLACEMENT_3D('',#7391,#5960,#5961);
#5502=AXIS2_PLACEMENT_3D('',#7397,#5965,#5966);
#5503=AXIS2_PLACEMENT_3D('',#7403,#5970,#5971);
#5504=AXIS2_PLACEMENT_3D('',#7406,#5974,#5975);
#5505=AXIS2_PLACEMENT_3D('',#7415,#5980,#5981);
#5506=AXIS2_PLACEMENT_3D('',#7421,#5985,#5986);
#5507=AXIS2_PLACEMENT_3D('',#7427,#5990,#5991);
#5508=AXIS2_PLACEMENT_3D('',#7436,#5996,#5997);
#5509=AXIS2_PLACEMENT_3D('',#7442,#6001,#6002);
#5510=AXIS2_PLACEMENT_3D('',#7448,#6006,#6007);
#5511=AXIS2_PLACEMENT_3D('',#7457,#6012,#6013);
#5512=AXIS2_PLACEMENT_3D('',#7463,#6017,#6018);
#5513=AXIS2_PLACEMENT_3D('',#7469,#6022,#6023);
#5514=AXIS2_PLACEMENT_3D('',#7478,#6028,#6029);
#5515=AXIS2_PLACEMENT_3D('',#7484,#6033,#6034);
#5516=AXIS2_PLACEMENT_3D('',#7490,#6038,#6039);
#5517=AXIS2_PLACEMENT_3D('',#7493,#6042,#6043);
#5518=AXIS2_PLACEMENT_3D('',#7496,#6046,#6047);
#5519=AXIS2_PLACEMENT_3D('',#7499,#6050,#6051);
#5520=AXIS2_PLACEMENT_3D('',#7502,#6054,#6055);
#5521=AXIS2_PLACEMENT_3D('',#7511,#6060,#6061);
#5522=AXIS2_PLACEMENT_3D('',#7517,#6065,#6066);
#5523=AXIS2_PLACEMENT_3D('',#7523,#6070,#6071);
#5524=AXIS2_PLACEMENT_3D('',#7526,#6074,#6075);
#5525=AXIS2_PLACEMENT_3D('',#7543,#6084,#6085);
#5526=AXIS2_PLACEMENT_3D('',#7552,#6090,#6091);
#5527=AXIS2_PLACEMENT_3D('',#7561,#6096,#6097);
#5528=AXIS2_PLACEMENT_3D('',#7570,#6102,#6103);
#5529=AXIS2_PLACEMENT_3D('',#7579,#6108,#6109);
#5530=AXIS2_PLACEMENT_3D('',#7588,#6114,#6115);
#5531=AXIS2_PLACEMENT_3D('',#7597,#6120,#6121);
#5532=AXIS2_PLACEMENT_3D('',#7606,#6126,#6127);
#5533=AXIS2_PLACEMENT_3D('',#7615,#6132,#6133);
#5534=AXIS2_PLACEMENT_3D('',#7621,#6137,#6138);
#5535=AXIS2_PLACEMENT_3D('',#7627,#6142,#6143);
#5536=AXIS2_PLACEMENT_3D('',#7633,#6147,#6148);
#5537=AXIS2_PLACEMENT_3D('',#7639,#6152,#6153);
#5538=AXIS2_PLACEMENT_3D('',#7645,#6157,#6158);
#5539=AXIS2_PLACEMENT_3D('',#7651,#6162,#6163);
#5540=AXIS2_PLACEMENT_3D('',#7657,#6167,#6168);
#5541=AXIS2_PLACEMENT_3D('',#7663,#6172,#6173);
#5542=AXIS2_PLACEMENT_3D('',#7669,#6177,#6178);
#5543=AXIS2_PLACEMENT_3D('',#7675,#6182,#6183);
#5544=AXIS2_PLACEMENT_3D('',#7681,#6187,#6188);
#5545=AXIS2_PLACEMENT_3D('',#7687,#6192,#6193);
#5546=AXIS2_PLACEMENT_3D('',#7693,#6197,#6198);
#5547=AXIS2_PLACEMENT_3D('',#7699,#6202,#6203);
#5548=AXIS2_PLACEMENT_3D('',#7705,#6207,#6208);
#5549=AXIS2_PLACEMENT_3D('',#7711,#6212,#6213);
#5550=AXIS2_PLACEMENT_3D('',#7717,#6217,#6218);
#5551=AXIS2_PLACEMENT_3D('',#7723,#6222,#6223);
#5552=AXIS2_PLACEMENT_3D('',#7736,#6233,#6234);
#5553=AXIS2_PLACEMENT_3D('',#7749,#6244,#6245);
#5554=AXIS2_PLACEMENT_3D('',#7752,#6248,#6249);
#5555=AXIS2_PLACEMENT_3D('',#7753,#6250,#6251);
#5556=AXIS2_PLACEMENT_3D('',#7754,#6252,#6253);
#5557=AXIS2_PLACEMENT_3D('',#7756,#6255,#6256);
#5558=AXIS2_PLACEMENT_3D('',#7770,#6268,#6269);
#5559=AXIS2_PLACEMENT_3D('',#7771,#6270,#6271);
#5560=AXIS2_PLACEMENT_3D('',#7772,#6272,#6273);
#5561=AXIS2_PLACEMENT_3D('',#7774,#6275,#6276);
#5562=AXIS2_PLACEMENT_3D('',#7776,#6278,#6279);
#5563=AXIS2_PLACEMENT_3D('',#7777,#6280,#6281);
#5564=AXIS2_PLACEMENT_3D('',#7778,#6282,#6283);
#5565=AXIS2_PLACEMENT_3D('',#7779,#6284,#6285);
#5566=AXIS2_PLACEMENT_3D('',#7780,#6286,#6287);
#5567=AXIS2_PLACEMENT_3D('',#7781,#6288,#6289);
#5568=AXIS2_PLACEMENT_3D('',#7782,#6290,#6291);
#5569=AXIS2_PLACEMENT_3D('',#7783,#6292,#6293);
#5570=AXIS2_PLACEMENT_3D('',#7789,#6297,#6298);
#5571=AXIS2_PLACEMENT_3D('',#7790,#6299,#6300);
#5572=AXIS2_PLACEMENT_3D('',#7793,#6302,#6303);
#5573=AXIS2_PLACEMENT_3D('',#7797,#6306,#6307);
#5574=AXIS2_PLACEMENT_3D('',#7798,#6308,#6309);
#5575=AXIS2_PLACEMENT_3D('',#7801,#6311,#6312);
#5576=AXIS2_PLACEMENT_3D('',#7805,#6315,#6316);
#5577=AXIS2_PLACEMENT_3D('',#7807,#6318,#6319);
#5578=AXIS2_PLACEMENT_3D('',#7808,#6320,#6321);
#5579=AXIS2_PLACEMENT_3D('',#7814,#6325,#6326);
#5580=AXIS2_PLACEMENT_3D('',#7815,#6327,#6328);
#5581=AXIS2_PLACEMENT_3D('',#7818,#6330,#6331);
#5582=AXIS2_PLACEMENT_3D('',#7822,#6334,#6335);
#5583=AXIS2_PLACEMENT_3D('',#7823,#6336,#6337);
#5584=AXIS2_PLACEMENT_3D('',#7826,#6339,#6340);
#5585=AXIS2_PLACEMENT_3D('',#7830,#6343,#6344);
#5586=AXIS2_PLACEMENT_3D('',#7832,#6346,#6347);
#5587=AXIS2_PLACEMENT_3D('',#7833,#6348,#6349);
#5588=AXIS2_PLACEMENT_3D('',#7839,#6353,#6354);
#5589=AXIS2_PLACEMENT_3D('',#7840,#6355,#6356);
#5590=AXIS2_PLACEMENT_3D('',#7843,#6358,#6359);
#5591=AXIS2_PLACEMENT_3D('',#7847,#6362,#6363);
#5592=AXIS2_PLACEMENT_3D('',#7848,#6364,#6365);
#5593=AXIS2_PLACEMENT_3D('',#7851,#6367,#6368);
#5594=AXIS2_PLACEMENT_3D('',#7855,#6371,#6372);
#5595=AXIS2_PLACEMENT_3D('',#7857,#6374,#6375);
#5596=AXIS2_PLACEMENT_3D('',#7858,#6376,#6377);
#5597=AXIS2_PLACEMENT_3D('',#7864,#6381,#6382);
#5598=AXIS2_PLACEMENT_3D('',#7865,#6383,#6384);
#5599=AXIS2_PLACEMENT_3D('',#7868,#6386,#6387);
#5600=AXIS2_PLACEMENT_3D('',#7872,#6390,#6391);
#5601=AXIS2_PLACEMENT_3D('',#7873,#6392,#6393);
#5602=AXIS2_PLACEMENT_3D('',#7876,#6395,#6396);
#5603=AXIS2_PLACEMENT_3D('',#7880,#6399,#6400);
#5604=AXIS2_PLACEMENT_3D('',#7882,#6402,#6403);
#5605=AXIS2_PLACEMENT_3D('',#7883,#6404,#6405);
#5606=AXIS2_PLACEMENT_3D('',#7889,#6409,#6410);
#5607=AXIS2_PLACEMENT_3D('',#7890,#6411,#6412);
#5608=AXIS2_PLACEMENT_3D('',#7893,#6414,#6415);
#5609=AXIS2_PLACEMENT_3D('',#7897,#6418,#6419);
#5610=AXIS2_PLACEMENT_3D('',#7898,#6420,#6421);
#5611=AXIS2_PLACEMENT_3D('',#7901,#6423,#6424);
#5612=AXIS2_PLACEMENT_3D('',#7905,#6427,#6428);
#5613=AXIS2_PLACEMENT_3D('',#7907,#6430,#6431);
#5614=AXIS2_PLACEMENT_3D('',#7908,#6432,#6433);
#5615=AXIS2_PLACEMENT_3D('',#7914,#6437,#6438);
#5616=AXIS2_PLACEMENT_3D('',#7918,#6441,#6442);
#5617=AXIS2_PLACEMENT_3D('',#7922,#6445,#6446);
#5618=AXIS2_PLACEMENT_3D('',#7924,#6448,#6449);
#5619=AXIS2_PLACEMENT_3D('',#7925,#6450,#6451);
#5620=AXIS2_PLACEMENT_3D('',#7931,#6455,#6456);
#5621=AXIS2_PLACEMENT_3D('',#7935,#6459,#6460);
#5622=AXIS2_PLACEMENT_3D('',#7939,#6463,#6464);
#5623=AXIS2_PLACEMENT_3D('',#7941,#6466,#6467);
#5624=AXIS2_PLACEMENT_3D('',#7942,#6468,#6469);
#5625=AXIS2_PLACEMENT_3D('',#7948,#6473,#6474);
#5626=AXIS2_PLACEMENT_3D('',#7952,#6477,#6478);
#5627=AXIS2_PLACEMENT_3D('',#7956,#6481,#6482);
#5628=AXIS2_PLACEMENT_3D('',#7958,#6484,#6485);
#5629=AXIS2_PLACEMENT_3D('',#7959,#6486,#6487);
#5630=AXIS2_PLACEMENT_3D('',#7965,#6491,#6492);
#5631=AXIS2_PLACEMENT_3D('',#7969,#6495,#6496);
#5632=AXIS2_PLACEMENT_3D('',#7973,#6499,#6500);
#5633=AXIS2_PLACEMENT_3D('',#7975,#6502,#6503);
#5634=AXIS2_PLACEMENT_3D('',#7976,#6504,#6505);
#5635=AXIS2_PLACEMENT_3D('',#7982,#6509,#6510);
#5636=AXIS2_PLACEMENT_3D('',#7986,#6513,#6514);
#5637=AXIS2_PLACEMENT_3D('',#7990,#6517,#6518);
#5638=AXIS2_PLACEMENT_3D('',#7992,#6520,#6521);
#5639=AXIS2_PLACEMENT_3D('',#7993,#6522,#6523);
#5640=AXIS2_PLACEMENT_3D('',#7994,#6524,#6525);
#5641=AXIS2_PLACEMENT_3D('',#8035,#6546,#6547);
#5642=AXIS2_PLACEMENT_3D('',#8076,#6568,#6569);
#5643=AXIS2_PLACEMENT_3D('',#8078,#6571,#6572);
#5644=AXIS2_PLACEMENT_3D('',#8086,#6576,#6577);
#5645=AXIS2_PLACEMENT_3D('',#8094,#6581,#6582);
#5646=AXIS2_PLACEMENT_3D('',#8102,#6586,#6587);
#5647=AXIS2_PLACEMENT_3D('',#8103,#6588,#6589);
#5648=AXIS2_PLACEMENT_3D('',#8105,#6591,#6592);
#5649=AXIS2_PLACEMENT_3D('',#8113,#6596,#6597);
#5650=AXIS2_PLACEMENT_3D('',#8121,#6601,#6602);
#5651=AXIS2_PLACEMENT_3D('',#8129,#6606,#6607);
#5652=AXIS2_PLACEMENT_3D('',#8130,#6608,#6609);
#5653=AXIS2_PLACEMENT_3D('',#8136,#6613,#6614);
#5654=AXIS2_PLACEMENT_3D('',#8142,#6618,#6619);
#5655=AXIS2_PLACEMENT_3D('',#8151,#6624,#6625);
#5656=AXIS2_PLACEMENT_3D('',#8160,#6630,#6631);
#5657=AXIS2_PLACEMENT_3D('',#8169,#6636,#6637);
#5658=AXIS2_PLACEMENT_3D('',#8173,#6640,#6641);
#5659=AXIS2_PLACEMENT_3D('',#8177,#6644,#6645);
#5660=AXIS2_PLACEMENT_3D('',#8183,#6649,#6650);
#5661=AXIS2_PLACEMENT_3D('',#8189,#6654,#6655);
#5662=AXIS2_PLACEMENT_3D('',#8195,#6659,#6660);
#5663=AXIS2_PLACEMENT_3D('',#8196,#6661,#6662);
#5664=AXIS2_PLACEMENT_3D('',#8199,#6664,#6665);
#5665=AXIS2_PLACEMENT_3D('',#8200,#6666,#6667);
#5666=AXIS2_PLACEMENT_3D('',#8203,#6669,#6670);
#5667=AXIS2_PLACEMENT_3D('',#8204,#6671,#6672);
#5668=AXIS2_PLACEMENT_3D('',#8206,#6673,#6674);
#5669=AXIS2_PLACEMENT_3D('',#8209,#6676,#6677);
#5670=AXIS2_PLACEMENT_3D('',#8210,#6678,#6679);
#5671=AXIS2_PLACEMENT_3D('',#8212,#6680,#6681);
#5672=AXIS2_PLACEMENT_3D('',#8215,#6683,#6684);
#5673=AXIS2_PLACEMENT_3D('',#8216,#6685,#6686);
#5674=AXIS2_PLACEMENT_3D('',#8218,#6687,#6688);
#5675=AXIS2_PLACEMENT_3D('',#8221,#6690,#6691);
#5676=AXIS2_PLACEMENT_3D('',#8225,#6694,#6695);
#5677=AXIS2_PLACEMENT_3D('',#8229,#6698,#6699);
#5678=AXIS2_PLACEMENT_3D('',#8235,#6703,#6704);
#5679=AXIS2_PLACEMENT_3D('',#8241,#6708,#6709);
#5680=AXIS2_PLACEMENT_3D('',#8247,#6713,#6714);
#5681=AXIS2_PLACEMENT_3D('',#8253,#6718,#6719);
#5682=AXIS2_PLACEMENT_3D('',#8259,#6723,#6724);
#5683=AXIS2_PLACEMENT_3D('',#8268,#6729,#6730);
#5684=AXIS2_PLACEMENT_3D('',#8277,#6735,#6736);
#5685=AXIS2_PLACEMENT_3D('',#8286,#6741,#6742);
#5686=AXIS2_PLACEMENT_3D('',#8287,#6743,#6744);
#5687=AXIS2_PLACEMENT_3D('',#8290,#6746,#6747);
#5688=AXIS2_PLACEMENT_3D('',#8291,#6748,#6749);
#5689=AXIS2_PLACEMENT_3D('',#8294,#6751,#6752);
#5690=AXIS2_PLACEMENT_3D('',#8295,#6753,#6754);
#5691=AXIS2_PLACEMENT_3D('',#8297,#6755,#6756);
#5692=AXIS2_PLACEMENT_3D('',#8300,#6758,#6759);
#5693=AXIS2_PLACEMENT_3D('',#8301,#6760,#6761);
#5694=AXIS2_PLACEMENT_3D('',#8303,#6762,#6763);
#5695=AXIS2_PLACEMENT_3D('',#8306,#6765,#6766);
#5696=AXIS2_PLACEMENT_3D('',#8307,#6767,#6768);
#5697=AXIS2_PLACEMENT_3D('',#8309,#6769,#6770);
#5698=AXIS2_PLACEMENT_3D('',#8312,#6772,#6773);
#5699=AXIS2_PLACEMENT_3D('',#8316,#6776,#6777);
#5700=AXIS2_PLACEMENT_3D('',#8320,#6780,#6781);
#5701=AXIS2_PLACEMENT_3D('',#8326,#6785,#6786);
#5702=AXIS2_PLACEMENT_3D('',#8332,#6790,#6791);
#5703=AXIS2_PLACEMENT_3D('',#8338,#6795,#6796);
#5704=AXIS2_PLACEMENT_3D('',#8342,#6799,#6800);
#5705=AXIS2_PLACEMENT_3D('',#8346,#6803,#6804);
#5706=AXIS2_PLACEMENT_3D('',#8352,#6808,#6809);
#5707=AXIS2_PLACEMENT_3D('',#8358,#6813,#6814);
#5708=AXIS2_PLACEMENT_3D('',#8364,#6818,#6819);
#5709=AXIS2_PLACEMENT_3D('',#8368,#6822,#6823);
#5710=AXIS2_PLACEMENT_3D('',#8372,#6826,#6827);
#5711=AXIS2_PLACEMENT_3D('',#8378,#6831,#6832);
#5712=AXIS2_PLACEMENT_3D('',#8384,#6836,#6837);
#5713=AXIS2_PLACEMENT_3D('',#8390,#6841,#6842);
#5714=AXIS2_PLACEMENT_3D('',#8391,#6843,#6844);
#5715=AXIS2_PLACEMENT_3D('',#8392,#6845,#6846);
#5716=AXIS2_PLACEMENT_3D('',#8393,#6847,#6848);
#5717=AXIS2_PLACEMENT_3D('',#8394,#6849,#6850);
#5718=AXIS2_PLACEMENT_3D('',#8395,#6851,#6852);
#5719=AXIS2_PLACEMENT_3D('',#8396,#6853,#6854);
#5720=AXIS2_PLACEMENT_3D('',#8397,#6855,#6856);
#5721=AXIS2_PLACEMENT_3D('',#8398,#6857,#6858);
#5722=AXIS2_PLACEMENT_3D('',#8399,#6859,#6860);
#5723=AXIS2_PLACEMENT_3D('',#8400,#6861,#6862);
#5724=AXIS2_PLACEMENT_3D('',#8401,#6863,#6864);
#5725=AXIS2_PLACEMENT_3D('',#8402,#6865,#6866);
#5726=AXIS2_PLACEMENT_3D('',#8403,#6867,#6868);
#5727=AXIS2_PLACEMENT_3D('',#8406,#6870,#6871);
#5728=AXIS2_PLACEMENT_3D('',#8407,#6872,#6873);
#5729=AXIS2_PLACEMENT_3D('',#8408,#6874,#6875);
#5730=AXIS2_PLACEMENT_3D('',#8411,#6877,#6878);
#5731=AXIS2_PLACEMENT_3D('',#8415,#6880,#6881);
#5732=AXIS2_PLACEMENT_3D('',#8416,#6882,#6883);
#5733=AXIS2_PLACEMENT_3D('',#8417,#6884,#6885);
#5734=AXIS2_PLACEMENT_3D('',#8421,#6887,#6888);
#5735=AXIS2_PLACEMENT_3D('',#8422,#6889,#6890);
#5736=AXIS2_PLACEMENT_3D('',#8423,#6891,#6892);
#5737=AXIS2_PLACEMENT_3D('',#8427,#6894,#6895);
#5738=AXIS2_PLACEMENT_3D('',#8428,#6896,#6897);
#5739=AXIS2_PLACEMENT_3D('',#8429,#6898,#6899);
#5740=AXIS2_PLACEMENT_3D('',#8431,#6901,#6902);
#5741=AXIS2_PLACEMENT_3D('',#8433,#6904,#6905);
#5742=AXIS2_PLACEMENT_3D('',#8436,#6908,#6909);
#5743=AXIS2_PLACEMENT_3D('',#8439,#6912,#6913);
#5744=AXIS2_PLACEMENT_3D('',#8442,#6916,#6917);
#5745=AXIS2_PLACEMENT_3D('',#8459,#6934,#6935);
#5746=AXIS2_PLACEMENT_3D('',#8460,#6936,#6937);
#5747=AXIS2_PLACEMENT_3D('',#8461,#6938,#6939);
#5748=AXIS2_PLACEMENT_3D('',#8462,#6940,#6941);
#5749=AXIS2_PLACEMENT_3D('',#8463,#6942,#6943);
#5750=AXIS2_PLACEMENT_3D('',#8464,#6944,#6945);
#5751=AXIS2_PLACEMENT_3D('',#8465,#6946,#6947);
#5752=AXIS2_PLACEMENT_3D('',#8466,#6948,#6949);
#5753=AXIS2_PLACEMENT_3D('',#8467,#6950,#6951);
#5754=AXIS2_PLACEMENT_3D('',#8468,#6952,#6953);
#5755=AXIS2_PLACEMENT_3D('',#8469,#6954,#6955);
#5756=AXIS2_PLACEMENT_3D('',#8470,#6956,#6957);
#5757=AXIS2_PLACEMENT_3D('',#8471,#6958,#6959);
#5758=AXIS2_PLACEMENT_3D('',#8472,#6960,#6961);
#5759=AXIS2_PLACEMENT_3D('',#8473,#6962,#6963);
#5760=AXIS2_PLACEMENT_3D('',#8474,#6964,#6965);
#5761=AXIS2_PLACEMENT_3D('',#8475,#6966,#6967);
#5762=AXIS2_PLACEMENT_3D('',#8476,#6968,#6969);
#5763=AXIS2_PLACEMENT_3D('',#8477,#6970,#6971);
#5764=AXIS2_PLACEMENT_3D('',#8518,#6992,#6993);
#5765=AXIS2_PLACEMENT_3D('',#8559,#7014,#7015);
#5766=AXIS2_PLACEMENT_3D('',#8570,#7022,#7023);
#5767=AXIS2_PLACEMENT_3D('',#8581,#7030,#7031);
#5768=AXIS2_PLACEMENT_3D('',#8585,#7034,#7035);
#5769=AXIS2_PLACEMENT_3D('',#8591,#7039,#7040);
#5770=AXIS2_PLACEMENT_3D('',#8597,#7044,#7045);
#5771=AXIS2_PLACEMENT_3D('',#8603,#7049,#7050);
#5772=AXIS2_PLACEMENT_3D('',#8607,#7053,#7054);
#5773=AXIS2_PLACEMENT_3D('',#8611,#7057,#7058);
#5774=AXIS2_PLACEMENT_3D('',#8617,#7062,#7063);
#5775=AXIS2_PLACEMENT_3D('',#8623,#7067,#7068);
#5776=AXIS2_PLACEMENT_3D('',#8629,#7072,#7073);
#5777=AXIS2_PLACEMENT_3D('',#8633,#7076,#7077);
#5778=AXIS2_PLACEMENT_3D('',#8639,#7081,#7082);
#5779=AXIS2_PLACEMENT_3D('',#8648,#7087,#7088);
#5780=AXIS2_PLACEMENT_3D('',#8657,#7093,#7094);
#5781=AXIS2_PLACEMENT_3D('',#8666,#7099,#7100);
#5782=AXIS2_PLACEMENT_3D('',#8672,#7104,#7105);
#5783=AXIS2_PLACEMENT_3D('',#8674,#7107,#7108);
#5784=AXIS2_PLACEMENT_3D('',#8677,#7111,#7112);
#5785=AXIS2_PLACEMENT_3D('',#8680,#7115,#7116);
#5786=AXIS2_PLACEMENT_3D('',#8683,#7119,#7120);
#5787=AXIS2_PLACEMENT_3D('',#8685,#7122,#7123);
#5788=AXIS2_PLACEMENT_3D('',#8702,#7140,#7141);
#5789=AXIS2_PLACEMENT_3D('',#8703,#7142,#7143);
#5790=AXIS2_PLACEMENT_3D('',#8704,#7144,#7145);
#5791=AXIS2_PLACEMENT_3D('',#8705,#7146,#7147);
#5792=AXIS2_PLACEMENT_3D('',#8706,#7148,#7149);
#5793=AXIS2_PLACEMENT_3D('',#8707,#7150,#7151);
#5794=AXIS2_PLACEMENT_3D('',#8708,#7152,#7153);
#5795=AXIS2_PLACEMENT_3D('',#8709,#7154,#7155);
#5796=AXIS2_PLACEMENT_3D('',#8710,#7156,#7157);
#5797=AXIS2_PLACEMENT_3D('',#8711,#7158,#7159);
#5798=AXIS2_PLACEMENT_3D('',#8712,#7160,#7161);
#5799=AXIS2_PLACEMENT_3D('',#8713,#7162,#7163);
#5800=AXIS2_PLACEMENT_3D('',#8714,#7164,#7165);
#5801=AXIS2_PLACEMENT_3D('',#8715,#7166,#7167);
#5802=AXIS2_PLACEMENT_3D('',#8716,#7168,#7169);
#5803=AXIS2_PLACEMENT_3D('',#8717,#7170,#7171);
#5804=AXIS2_PLACEMENT_3D('',#8718,#7172,#7173);
#5805=AXIS2_PLACEMENT_3D('',#8719,#7174,#7175);
#5806=DIRECTION('',(0.,0.,1.));
#5807=DIRECTION('',(1.,0.,0.));
#5808=DIRECTION('',(0.,1.,0.));
#5809=DIRECTION('',(0.,0.,1.));
#5810=DIRECTION('',(1.,0.,0.));
#5811=DIRECTION('',(0.,0.,1.));
#5812=DIRECTION('',(-1.,0.,0.));
#5813=DIRECTION('',(0.,0.,-1.));
#5814=DIRECTION('',(1.,0.,0.));
#5815=DIRECTION('',(0.,0.,1.));
#5816=DIRECTION('',(-1.,0.,0.));
#5817=DIRECTION('',(0.,0.,-1.));
#5818=DIRECTION('',(0.,1.,0.));
#5819=DIRECTION('',(0.,0.,1.));
#5820=DIRECTION('',(0.,0.,1.));
#5821=DIRECTION('',(-1.,0.,0.));
#5822=DIRECTION('',(0.,0.,-1.));
#5823=DIRECTION('',(0.,1.,0.));
#5824=DIRECTION('',(0.,0.,1.));
#5825=DIRECTION('',(1.,0.,0.));
#5826=DIRECTION('',(0.,1.,0.));
#5827=DIRECTION('',(0.,0.,1.));
#5828=DIRECTION('',(0.,0.,1.));
#5829=DIRECTION('',(-1.,0.,0.));
#5830=DIRECTION('',(0.,0.,-1.));
#5831=DIRECTION('',(0.,1.,0.));
#5832=DIRECTION('',(0.,0.,1.));
#5833=DIRECTION('',(1.,0.,0.));
#5834=DIRECTION('',(0.,1.,0.));
#5835=DIRECTION('',(0.,0.,1.));
#5836=DIRECTION('',(0.,0.,1.));
#5837=DIRECTION('',(-1.,0.,0.));
#5838=DIRECTION('',(0.,0.,-1.));
#5839=DIRECTION('',(0.,1.,0.));
#5840=DIRECTION('',(0.,0.,1.));
#5841=DIRECTION('',(1.,0.,0.));
#5842=DIRECTION('',(-1.,0.,0.));
#5843=DIRECTION('',(0.,0.,1.));
#5844=DIRECTION('',(1.,0.,0.));
#5845=DIRECTION('',(0.,0.,-1.));
#5846=DIRECTION('',(0.,1.,0.));
#5847=DIRECTION('',(0.,0.,1.));
#5848=DIRECTION('',(0.,0.,1.));
#5849=DIRECTION('',(-1.,0.,0.));
#5850=DIRECTION('',(0.,0.,-1.));
#5851=DIRECTION('',(0.,1.,0.));
#5852=DIRECTION('',(0.,0.,1.));
#5853=DIRECTION('',(1.,0.,0.));
#5854=DIRECTION('',(0.,1.,0.));
#5855=DIRECTION('',(0.,0.,1.));
#5856=DIRECTION('',(0.,0.,1.));
#5857=DIRECTION('',(-1.,0.,0.));
#5858=DIRECTION('',(0.,0.,-1.));
#5859=DIRECTION('',(0.,1.,0.));
#5860=DIRECTION('',(0.,0.,1.));
#5861=DIRECTION('',(1.,0.,0.));
#5862=DIRECTION('',(1.,0.,0.));
#5863=DIRECTION('',(0.,0.,1.));
#5864=DIRECTION('',(-1.,0.,0.));
#5865=DIRECTION('',(0.,0.,-1.));
#5866=DIRECTION('',(1.,0.,0.));
#5867=DIRECTION('',(0.,0.,1.));
#5868=DIRECTION('',(-1.,0.,0.));
#5869=DIRECTION('',(0.,0.,-1.));
#5870=DIRECTION('',(1.,0.,0.));
#5871=DIRECTION('',(0.,0.,1.));
#5872=DIRECTION('',(-1.,0.,0.));
#5873=DIRECTION('',(0.,0.,-1.));
#5874=DIRECTION('',(0.,0.,1.));
#5875=DIRECTION('',(1.,0.,0.));
#5876=DIRECTION('',(0.,-1.,0.));
#5877=DIRECTION('',(-1.,0.,0.));
#5878=DIRECTION('',(0.,-1.,0.));
#5879=DIRECTION('',(1.,0.,0.));
#5880=DIRECTION('',(-1.,0.,0.));
#5881=DIRECTION('',(0.,0.,1.));
#5882=DIRECTION('',(0.,-1.,0.));
#5883=DIRECTION('',(0.,0.,-1.));
#5884=DIRECTION('',(0.,0.,1.));
#5885=DIRECTION('',(0.,0.,-1.));
#5886=DIRECTION('',(-1.,0.,0.));
#5887=DIRECTION('',(0.,-1.,0.));
#5888=DIRECTION('',(1.,0.,0.));
#5889=DIRECTION('',(-1.,0.,0.));
#5890=DIRECTION('',(0.,0.,1.));
#5891=DIRECTION('',(1.,0.,0.));
#5892=DIRECTION('',(0.,-1.,0.));
#5893=DIRECTION('',(-1.,0.,0.));
#5894=DIRECTION('',(0.,-1.,0.));
#5895=DIRECTION('',(1.,0.,0.));
#5896=DIRECTION('',(-1.,0.,0.));
#5897=DIRECTION('',(0.,0.,1.));
#5898=DIRECTION('',(0.,-1.,0.));
#5899=DIRECTION('',(0.,0.,-1.));
#5900=DIRECTION('',(0.,0.,1.));
#5901=DIRECTION('',(0.,0.,-1.));
#5902=DIRECTION('',(-1.,0.,0.));
#5903=DIRECTION('',(0.,-1.,0.));
#5904=DIRECTION('',(1.,0.,0.));
#5905=DIRECTION('',(-1.,0.,0.));
#5906=DIRECTION('',(0.,0.,1.));
#5907=DIRECTION('',(1.,0.,0.));
#5908=DIRECTION('',(0.,-1.,0.));
#5909=DIRECTION('',(-1.,0.,0.));
#5910=DIRECTION('',(0.,-1.,0.));
#5911=DIRECTION('',(1.,0.,0.));
#5912=DIRECTION('',(-1.,0.,0.));
#5913=DIRECTION('',(0.,0.,1.));
#5914=DIRECTION('',(0.,-1.,0.));
#5915=DIRECTION('',(0.,0.,-1.));
#5916=DIRECTION('',(0.,0.,1.));
#5917=DIRECTION('',(0.,0.,-1.));
#5918=DIRECTION('',(-1.,0.,0.));
#5919=DIRECTION('',(0.,-1.,0.));
#5920=DIRECTION('',(1.,0.,0.));
#5921=DIRECTION('',(-1.,0.,0.));
#5922=DIRECTION('',(0.,0.,1.));
#5923=DIRECTION('',(1.,0.,0.));
#5924=DIRECTION('',(0.,-1.,0.));
#5925=DIRECTION('',(-1.,0.,0.));
#5926=DIRECTION('',(0.,-1.,0.));
#5927=DIRECTION('',(1.,0.,0.));
#5928=DIRECTION('',(-1.,0.,0.));
#5929=DIRECTION('',(0.,0.,1.));
#5930=DIRECTION('',(0.,-1.,0.));
#5931=DIRECTION('',(0.,0.,-1.));
#5932=DIRECTION('',(0.,0.,1.));
#5933=DIRECTION('',(0.,0.,-1.));
#5934=DIRECTION('',(-1.,0.,0.));
#5935=DIRECTION('',(0.,-1.,0.));
#5936=DIRECTION('',(1.,0.,0.));
#5937=DIRECTION('',(-1.,0.,0.));
#5938=DIRECTION('',(1.,0.,0.));
#5939=DIRECTION('',(0.,0.,-1.));
#5940=DIRECTION('',(0.,0.,1.));
#5941=DIRECTION('',(0.,0.,-1.));
#5942=DIRECTION('',(1.,0.,0.));
#5943=DIRECTION('',(0.,0.,-1.));
#5944=DIRECTION('',(0.,0.,1.));
#5945=DIRECTION('',(0.,0.,-1.));
#5946=DIRECTION('',(1.,0.,0.));
#5947=DIRECTION('',(0.,0.,-1.));
#5948=DIRECTION('',(0.,0.,1.));
#5949=DIRECTION('',(0.,0.,-1.));
#5950=DIRECTION('',(1.,0.,0.));
#5951=DIRECTION('',(0.,0.,-1.));
#5952=DIRECTION('',(0.,0.,1.));
#5953=DIRECTION('',(0.,0.,-1.));
#5954=DIRECTION('',(0.,0.,1.));
#5955=DIRECTION('',(1.,0.,0.));
#5956=DIRECTION('',(0.,-1.,0.));
#5957=DIRECTION('',(-1.,0.,0.));
#5958=DIRECTION('',(0.,-1.,0.));
#5959=DIRECTION('',(1.,0.,0.));
#5960=DIRECTION('',(-1.,0.,0.));
#5961=DIRECTION('',(0.,0.,1.));
#5962=DIRECTION('',(0.,-1.,0.));
#5963=DIRECTION('',(0.,0.,-1.));
#5964=DIRECTION('',(0.,0.,1.));
#5965=DIRECTION('',(0.,0.,-1.));
#5966=DIRECTION('',(-1.,0.,0.));
#5967=DIRECTION('',(0.,-1.,0.));
#5968=DIRECTION('',(1.,0.,0.));
#5969=DIRECTION('',(-1.,0.,0.));
#5970=DIRECTION('',(1.,0.,0.));
#5971=DIRECTION('',(0.,0.,-1.));
#5972=DIRECTION('',(0.,0.,1.));
#5973=DIRECTION('',(0.,0.,-1.));
#5974=DIRECTION('',(0.,0.,1.));
#5975=DIRECTION('',(1.,0.,0.));
#5976=DIRECTION('',(0.,-1.,0.));
#5977=DIRECTION('',(-1.,0.,0.));
#5978=DIRECTION('',(0.,-1.,0.));
#5979=DIRECTION('',(1.,0.,0.));
#5980=DIRECTION('',(-1.,0.,0.));
#5981=DIRECTION('',(0.,0.,1.));
#5982=DIRECTION('',(0.,-1.,0.));
#5983=DIRECTION('',(0.,0.,-1.));
#5984=DIRECTION('',(0.,0.,1.));
#5985=DIRECTION('',(0.,0.,-1.));
#5986=DIRECTION('',(-1.,0.,0.));
#5987=DIRECTION('',(0.,-1.,0.));
#5988=DIRECTION('',(1.,0.,0.));
#5989=DIRECTION('',(-1.,0.,0.));
#5990=DIRECTION('',(0.,0.,1.));
#5991=DIRECTION('',(1.,0.,0.));
#5992=DIRECTION('',(0.,-1.,0.));
#5993=DIRECTION('',(-1.,0.,0.));
#5994=DIRECTION('',(0.,-1.,0.));
#5995=DIRECTION('',(1.,0.,0.));
#5996=DIRECTION('',(-1.,0.,0.));
#5997=DIRECTION('',(0.,0.,1.));
#5998=DIRECTION('',(0.,-1.,0.));
#5999=DIRECTION('',(0.,0.,-1.));
#6000=DIRECTION('',(0.,0.,1.));
#6001=DIRECTION('',(0.,0.,-1.));
#6002=DIRECTION('',(-1.,0.,0.));
#6003=DIRECTION('',(0.,-1.,0.));
#6004=DIRECTION('',(1.,0.,0.));
#6005=DIRECTION('',(-1.,0.,0.));
#6006=DIRECTION('',(0.,0.,1.));
#6007=DIRECTION('',(1.,0.,0.));
#6008=DIRECTION('',(0.,-1.,0.));
#6009=DIRECTION('',(-1.,0.,0.));
#6010=DIRECTION('',(0.,-1.,0.));
#6011=DIRECTION('',(1.,0.,0.));
#6012=DIRECTION('',(-1.,0.,0.));
#6013=DIRECTION('',(0.,0.,1.));
#6014=DIRECTION('',(0.,-1.,0.));
#6015=DIRECTION('',(0.,0.,-1.));
#6016=DIRECTION('',(0.,0.,1.));
#6017=DIRECTION('',(0.,0.,-1.));
#6018=DIRECTION('',(-1.,0.,0.));
#6019=DIRECTION('',(0.,-1.,0.));
#6020=DIRECTION('',(1.,0.,0.));
#6021=DIRECTION('',(-1.,0.,0.));
#6022=DIRECTION('',(0.,0.,1.));
#6023=DIRECTION('',(1.,0.,0.));
#6024=DIRECTION('',(0.,-1.,0.));
#6025=DIRECTION('',(-1.,0.,0.));
#6026=DIRECTION('',(0.,-1.,0.));
#6027=DIRECTION('',(1.,0.,0.));
#6028=DIRECTION('',(-1.,0.,0.));
#6029=DIRECTION('',(0.,0.,1.));
#6030=DIRECTION('',(0.,-1.,0.));
#6031=DIRECTION('',(0.,0.,-1.));
#6032=DIRECTION('',(0.,0.,1.));
#6033=DIRECTION('',(0.,0.,-1.));
#6034=DIRECTION('',(-1.,0.,0.));
#6035=DIRECTION('',(0.,-1.,0.));
#6036=DIRECTION('',(1.,0.,0.));
#6037=DIRECTION('',(-1.,0.,0.));
#6038=DIRECTION('',(1.,0.,0.));
#6039=DIRECTION('',(0.,0.,-1.));
#6040=DIRECTION('',(0.,0.,1.));
#6041=DIRECTION('',(0.,0.,-1.));
#6042=DIRECTION('',(1.,0.,0.));
#6043=DIRECTION('',(0.,0.,-1.));
#6044=DIRECTION('',(0.,0.,1.));
#6045=DIRECTION('',(0.,0.,-1.));
#6046=DIRECTION('',(1.,0.,0.));
#6047=DIRECTION('',(0.,0.,-1.));
#6048=DIRECTION('',(0.,0.,1.));
#6049=DIRECTION('',(0.,0.,-1.));
#6050=DIRECTION('',(1.,0.,0.));
#6051=DIRECTION('',(0.,0.,-1.));
#6052=DIRECTION('',(0.,0.,1.));
#6053=DIRECTION('',(0.,0.,-1.));
#6054=DIRECTION('',(0.,0.,1.));
#6055=DIRECTION('',(1.,0.,0.));
#6056=DIRECTION('',(0.,-1.,0.));
#6057=DIRECTION('',(-1.,0.,0.));
#6058=DIRECTION('',(0.,-1.,0.));
#6059=DIRECTION('',(1.,0.,0.));
#6060=DIRECTION('',(-1.,0.,0.));
#6061=DIRECTION('',(0.,0.,1.));
#6062=DIRECTION('',(0.,-1.,0.));
#6063=DIRECTION('',(0.,0.,-1.));
#6064=DIRECTION('',(0.,0.,1.));
#6065=DIRECTION('',(0.,0.,-1.));
#6066=DIRECTION('',(-1.,0.,0.));
#6067=DIRECTION('',(0.,-1.,0.));
#6068=DIRECTION('',(1.,0.,0.));
#6069=DIRECTION('',(-1.,0.,0.));
#6070=DIRECTION('',(1.,0.,0.));
#6071=DIRECTION('',(0.,0.,-1.));
#6072=DIRECTION('',(0.,0.,1.));
#6073=DIRECTION('',(0.,0.,-1.));
#6074=DIRECTION('',(0.,1.,0.));
#6075=DIRECTION('',(0.,0.,1.));
#6076=DIRECTION('',(1.,0.,0.));
#6077=DIRECTION('',(0.,0.,1.));
#6078=DIRECTION('',(-1.,0.,0.));
#6079=DIRECTION('',(0.,0.,-1.));
#6080=DIRECTION('',(1.,0.,0.));
#6081=DIRECTION('',(0.,0.,1.));
#6082=DIRECTION('',(-1.,0.,0.));
#6083=DIRECTION('',(0.,0.,1.));
#6084=DIRECTION('',(0.,1.,0.));
#6085=DIRECTION('',(0.,0.,1.));
#6086=DIRECTION('',(1.,0.,0.));
#6087=DIRECTION('',(0.,0.,1.));
#6088=DIRECTION('',(-1.,0.,0.));
#6089=DIRECTION('',(0.,0.,-1.));
#6090=DIRECTION('',(0.,1.,0.));
#6091=DIRECTION('',(0.,0.,1.));
#6092=DIRECTION('',(-1.,0.,0.));
#6093=DIRECTION('',(0.,0.,-1.));
#6094=DIRECTION('',(1.,0.,0.));
#6095=DIRECTION('',(0.,0.,1.));
#6096=DIRECTION('',(0.,1.,0.));
#6097=DIRECTION('',(0.,0.,1.));
#6098=DIRECTION('',(1.,0.,0.));
#6099=DIRECTION('',(0.,0.,1.));
#6100=DIRECTION('',(-1.,0.,0.));
#6101=DIRECTION('',(0.,0.,-1.));
#6102=DIRECTION('',(0.,1.,0.));
#6103=DIRECTION('',(0.,0.,1.));
#6104=DIRECTION('',(-1.,0.,0.));
#6105=DIRECTION('',(0.,0.,-1.));
#6106=DIRECTION('',(1.,0.,0.));
#6107=DIRECTION('',(0.,0.,1.));
#6108=DIRECTION('',(0.,1.,0.));
#6109=DIRECTION('',(0.,0.,1.));
#6110=DIRECTION('',(1.,0.,0.));
#6111=DIRECTION('',(0.,0.,1.));
#6112=DIRECTION('',(-1.,0.,0.));
#6113=DIRECTION('',(0.,0.,-1.));
#6114=DIRECTION('',(0.,1.,0.));
#6115=DIRECTION('',(0.,0.,1.));
#6116=DIRECTION('',(-1.,0.,0.));
#6117=DIRECTION('',(0.,0.,-1.));
#6118=DIRECTION('',(1.,0.,0.));
#6119=DIRECTION('',(0.,0.,1.));
#6120=DIRECTION('',(0.,1.,0.));
#6121=DIRECTION('',(0.,0.,1.));
#6122=DIRECTION('',(1.,0.,0.));
#6123=DIRECTION('',(0.,0.,1.));
#6124=DIRECTION('',(-1.,0.,0.));
#6125=DIRECTION('',(0.,0.,-1.));
#6126=DIRECTION('',(0.,1.,0.));
#6127=DIRECTION('',(0.,0.,1.));
#6128=DIRECTION('',(-1.,0.,0.));
#6129=DIRECTION('',(0.,0.,-1.));
#6130=DIRECTION('',(1.,0.,0.));
#6131=DIRECTION('',(0.,0.,1.));
#6132=DIRECTION('',(-1.,0.,0.));
#6133=DIRECTION('',(0.,0.,1.));
#6134=DIRECTION('',(0.,1.,0.));
#6135=DIRECTION('',(0.,0.,-1.));
#6136=DIRECTION('',(0.,-1.,0.));
#6137=DIRECTION('',(-1.,0.,0.));
#6138=DIRECTION('',(0.,0.,1.));
#6139=DIRECTION('',(0.,0.,-1.));
#6140=DIRECTION('',(0.,-1.,0.));
#6141=DIRECTION('',(0.,1.,0.));
#6142=DIRECTION('',(-1.,0.,0.));
#6143=DIRECTION('',(0.,0.,1.));
#6144=DIRECTION('',(0.,1.,0.));
#6145=DIRECTION('',(0.,0.,-1.));
#6146=DIRECTION('',(0.,-1.,0.));
#6147=DIRECTION('',(-1.,0.,0.));
#6148=DIRECTION('',(0.,0.,1.));
#6149=DIRECTION('',(0.,0.,-1.));
#6150=DIRECTION('',(0.,-1.,0.));
#6151=DIRECTION('',(0.,1.,0.));
#6152=DIRECTION('',(1.,0.,0.));
#6153=DIRECTION('',(0.,0.,-1.));
#6154=DIRECTION('',(0.,0.,-1.));
#6155=DIRECTION('',(0.,-1.,0.));
#6156=DIRECTION('',(0.,1.,0.));
#6157=DIRECTION('',(1.,0.,0.));
#6158=DIRECTION('',(0.,0.,-1.));
#6159=DIRECTION('',(0.,1.,0.));
#6160=DIRECTION('',(0.,0.,-1.));
#6161=DIRECTION('',(0.,-1.,0.));
#6162=DIRECTION('',(-1.,0.,0.));
#6163=DIRECTION('',(0.,0.,1.));
#6164=DIRECTION('',(0.,1.,0.));
#6165=DIRECTION('',(0.,0.,-1.));
#6166=DIRECTION('',(0.,-1.,0.));
#6167=DIRECTION('',(-1.,0.,0.));
#6168=DIRECTION('',(0.,0.,1.));
#6169=DIRECTION('',(0.,0.,-1.));
#6170=DIRECTION('',(0.,-1.,0.));
#6171=DIRECTION('',(0.,1.,0.));
#6172=DIRECTION('',(1.,0.,0.));
#6173=DIRECTION('',(0.,0.,-1.));
#6174=DIRECTION('',(0.,0.,-1.));
#6175=DIRECTION('',(0.,-1.,0.));
#6176=DIRECTION('',(0.,1.,0.));
#6177=DIRECTION('',(1.,0.,0.));
#6178=DIRECTION('',(0.,0.,-1.));
#6179=DIRECTION('',(0.,1.,0.));
#6180=DIRECTION('',(0.,0.,-1.));
#6181=DIRECTION('',(0.,-1.,0.));
#6182=DIRECTION('',(-1.,0.,0.));
#6183=DIRECTION('',(0.,0.,1.));
#6184=DIRECTION('',(0.,1.,0.));
#6185=DIRECTION('',(0.,0.,-1.));
#6186=DIRECTION('',(0.,-1.,0.));
#6187=DIRECTION('',(-1.,0.,0.));
#6188=DIRECTION('',(0.,0.,1.));
#6189=DIRECTION('',(0.,0.,-1.));
#6190=DIRECTION('',(0.,-1.,0.));
#6191=DIRECTION('',(0.,1.,0.));
#6192=DIRECTION('',(1.,0.,0.));
#6193=DIRECTION('',(0.,0.,-1.));
#6194=DIRECTION('',(0.,0.,-1.));
#6195=DIRECTION('',(0.,-1.,0.));
#6196=DIRECTION('',(0.,1.,0.));
#6197=DIRECTION('',(1.,0.,0.));
#6198=DIRECTION('',(0.,0.,-1.));
#6199=DIRECTION('',(0.,1.,0.));
#6200=DIRECTION('',(0.,0.,-1.));
#6201=DIRECTION('',(0.,-1.,0.));
#6202=DIRECTION('',(-1.,0.,0.));
#6203=DIRECTION('',(0.,0.,1.));
#6204=DIRECTION('',(0.,1.,0.));
#6205=DIRECTION('',(0.,0.,-1.));
#6206=DIRECTION('',(0.,-1.,0.));
#6207=DIRECTION('',(-1.,0.,0.));
#6208=DIRECTION('',(0.,0.,1.));
#6209=DIRECTION('',(0.,0.,-1.));
#6210=DIRECTION('',(0.,-1.,0.));
#6211=DIRECTION('',(0.,1.,0.));
#6212=DIRECTION('',(1.,0.,0.));
#6213=DIRECTION('',(0.,0.,-1.));
#6214=DIRECTION('',(0.,0.,-1.));
#6215=DIRECTION('',(0.,-1.,0.));
#6216=DIRECTION('',(0.,1.,0.));
#6217=DIRECTION('',(1.,0.,0.));
#6218=DIRECTION('',(0.,0.,-1.));
#6219=DIRECTION('',(0.,1.,0.));
#6220=DIRECTION('',(0.,0.,-1.));
#6221=DIRECTION('',(0.,-1.,0.));
#6222=DIRECTION('',(0.,0.,1.));
#6223=DIRECTION('',(1.,0.,0.));
#6224=DIRECTION('',(1.,0.,0.));
#6225=DIRECTION('',(1.,0.,0.));
#6226=DIRECTION('',(1.,0.,0.));
#6227=DIRECTION('',(1.,0.,0.));
#6228=DIRECTION('',(1.,0.,0.));
#6229=DIRECTION('',(0.,1.,0.));
#6230=DIRECTION('',(-1.,0.,0.));
#6231=DIRECTION('',(0.,-1.,0.));
#6232=DIRECTION('',(0.,-1.,0.));
#6233=DIRECTION('',(0.,0.,-1.));
#6234=DIRECTION('',(-1.,0.,0.));
#6235=DIRECTION('',(0.,-1.,0.));
#6236=DIRECTION('',(0.,-1.,0.));
#6237=DIRECTION('',(1.,0.,0.));
#6238=DIRECTION('',(0.,-1.,0.));
#6239=DIRECTION('',(-1.,0.,0.));
#6240=DIRECTION('',(-1.,0.,0.));
#6241=DIRECTION('',(-1.,0.,0.));
#6242=DIRECTION('',(-1.,0.,0.));
#6243=DIRECTION('',(-1.,0.,0.));
#6244=DIRECTION('',(0.,1.,0.));
#6245=DIRECTION('',(0.,0.,1.));
#6246=DIRECTION('',(0.,0.,-1.));
#6247=DIRECTION('',(0.,0.,1.));
#6248=DIRECTION('',(1.,0.,0.));
#6249=DIRECTION('',(0.,0.,-1.));
#6250=DIRECTION('',(-1.,0.,0.));
#6251=DIRECTION('',(0.,0.,1.));
#6252=DIRECTION('',(1.,0.,0.));
#6253=DIRECTION('',(0.,0.,-1.));
#6254=DIRECTION('',(0.,0.,-1.));
#6255=DIRECTION('',(0.,-1.,0.));
#6256=DIRECTION('',(0.,0.,-1.));
#6257=DIRECTION('',(-1.,0.,0.));
#6258=DIRECTION('',(-1.,0.,0.));
#6259=DIRECTION('',(0.,0.,-1.));
#6260=DIRECTION('',(1.,0.,0.));
#6261=DIRECTION('',(1.,0.,0.));
#6262=DIRECTION('',(1.,0.,0.));
#6263=DIRECTION('',(1.,0.,0.));
#6264=DIRECTION('',(1.,0.,0.));
#6265=DIRECTION('',(-1.,0.,0.));
#6266=DIRECTION('',(-1.,0.,0.));
#6267=DIRECTION('',(-1.,0.,0.));
#6268=DIRECTION('',(0.,0.,-1.));
#6269=DIRECTION('',(-1.,0.,0.));
#6270=DIRECTION('',(0.,0.,1.));
#6271=DIRECTION('',(1.,0.,0.));
#6272=DIRECTION('',(0.,0.,-1.));
#6273=DIRECTION('',(-1.,0.,0.));
#6274=DIRECTION('',(0.,-1.,0.));
#6275=DIRECTION('',(0.,0.,1.));
#6276=DIRECTION('',(1.,0.,0.));
#6277=DIRECTION('',(0.,-1.,0.));
#6278=DIRECTION('',(-1.,0.,0.));
#6279=DIRECTION('',(0.,0.,1.));
#6280=DIRECTION('',(0.,0.,-1.));
#6281=DIRECTION('',(-1.,0.,0.));
#6282=DIRECTION('',(0.,0.,1.));
#6283=DIRECTION('',(1.,0.,0.));
#6284=DIRECTION('',(0.,0.,-1.));
#6285=DIRECTION('',(-1.,0.,0.));
#6286=DIRECTION('',(0.,0.,1.));
#6287=DIRECTION('',(1.,0.,0.));
#6288=DIRECTION('',(0.,0.,1.));
#6289=DIRECTION('',(1.,0.,0.));
#6290=DIRECTION('',(0.,0.,-1.));
#6291=DIRECTION('',(-1.,0.,0.));
#6292=DIRECTION('',(0.999847695156391,0.0174524064372835,0.));
#6293=DIRECTION('',(-0.0174524064372835,0.999847695156391,0.));
#6294=DIRECTION('',(0.,0.,1.));
#6295=DIRECTION('',(0.0174497491606827,-0.999695459881887,0.0174497491606827));
#6296=DIRECTION('',(0.0174524064372835,-0.999847695156391,3.97311012585886E-17));
#6297=DIRECTION('',(0.,1.,0.));
#6298=DIRECTION('',(1.,0.,0.));
#6299=DIRECTION('',(0.,1.,0.));
#6300=DIRECTION('',(1.,0.,0.));
#6301=DIRECTION('',(0.,-0.999847695156391,-0.0174524064372835));
#6302=DIRECTION('',(0.,0.0174524064372835,-0.999847695156391));
#6303=DIRECTION('',(0.,0.999847695156391,0.0174524064372835));
#6304=DIRECTION('',(1.,0.,0.));
#6305=DIRECTION('',(0.,-0.999847695156391,-0.0174524064372835));
#6306=DIRECTION('',(0.,1.,0.));
#6307=DIRECTION('',(1.,0.,0.));
#6308=DIRECTION('',(0.,1.,0.));
#6309=DIRECTION('',(1.,0.,0.));
#6310=DIRECTION('',(-0.0174524064372835,-0.999847695156391,0.));
#6311=DIRECTION('',(-0.999847695156391,0.0174524064372835,0.));
#6312=DIRECTION('',(0.0174524064372835,0.999847695156391,0.));
#6313=DIRECTION('',(0.,0.,-1.));
#6314=DIRECTION('',(-0.0174497491606827,-0.999695459881887,0.0174497491606827));
#6315=DIRECTION('',(0.,0.0174524064372835,0.999847695156391));
#6316=DIRECTION('',(0.,0.999847695156391,-0.0174524064372835));
#6317=DIRECTION('',(-1.,0.,0.));
#6318=DIRECTION('',(0.,1.,0.));
#6319=DIRECTION('',(0.,0.,1.));
#6320=DIRECTION('',(0.999847695156391,0.0174524064372835,0.));
#6321=DIRECTION('',(-0.0174524064372835,0.999847695156391,0.));
#6322=DIRECTION('',(0.,0.,1.));
#6323=DIRECTION('',(0.0174497491606827,-0.999695459881887,0.0174497491606827));
#6324=DIRECTION('',(0.0174524064372835,-0.999847695156391,3.97311012585886E-17));
#6325=DIRECTION('',(0.,1.,0.));
#6326=DIRECTION('',(1.,0.,0.));
#6327=DIRECTION('',(0.,1.,0.));
#6328=DIRECTION('',(1.,0.,0.));
#6329=DIRECTION('',(0.,-0.999847695156391,-0.0174524064372835));
#6330=DIRECTION('',(0.,0.0174524064372835,-0.999847695156391));
#6331=DIRECTION('',(0.,0.999847695156391,0.0174524064372835));
#6332=DIRECTION('',(1.,0.,0.));
#6333=DIRECTION('',(0.,-0.999847695156391,-0.0174524064372835));
#6334=DIRECTION('',(0.,1.,0.));
#6335=DIRECTION('',(1.,0.,0.));
#6336=DIRECTION('',(0.,1.,0.));
#6337=DIRECTION('',(1.,0.,0.));
#6338=DIRECTION('',(-0.0174524064372835,-0.999847695156391,0.));
#6339=DIRECTION('',(-0.999847695156391,0.0174524064372835,0.));
#6340=DIRECTION('',(0.0174524064372835,0.999847695156391,0.));
#6341=DIRECTION('',(0.,0.,-1.));
#6342=DIRECTION('',(-0.0174497491606827,-0.999695459881887,0.0174497491606827));
#6343=DIRECTION('',(0.,0.0174524064372835,0.999847695156391));
#6344=DIRECTION('',(0.,0.999847695156391,-0.0174524064372835));
#6345=DIRECTION('',(-1.,0.,0.));
#6346=DIRECTION('',(0.,1.,0.));
#6347=DIRECTION('',(0.,0.,1.));
#6348=DIRECTION('',(0.999847695156391,0.0174524064372835,0.));
#6349=DIRECTION('',(-0.0174524064372835,0.999847695156391,0.));
#6350=DIRECTION('',(0.,0.,1.));
#6351=DIRECTION('',(0.0174497491606827,-0.999695459881887,0.0174497491606827));
#6352=DIRECTION('',(0.0174524064372835,-0.999847695156391,3.97311012585886E-17));
#6353=DIRECTION('',(0.,1.,0.));
#6354=DIRECTION('',(1.,0.,0.));
#6355=DIRECTION('',(0.,1.,0.));
#6356=DIRECTION('',(1.,0.,0.));
#6357=DIRECTION('',(0.,-0.999847695156391,-0.0174524064372835));
#6358=DIRECTION('',(0.,0.0174524064372835,-0.999847695156391));
#6359=DIRECTION('',(0.,0.999847695156391,0.0174524064372835));
#6360=DIRECTION('',(1.,0.,0.));
#6361=DIRECTION('',(0.,-0.999847695156391,-0.0174524064372835));
#6362=DIRECTION('',(0.,1.,0.));
#6363=DIRECTION('',(1.,0.,0.));
#6364=DIRECTION('',(0.,1.,0.));
#6365=DIRECTION('',(1.,0.,0.));
#6366=DIRECTION('',(-0.0174524064372835,-0.999847695156391,0.));
#6367=DIRECTION('',(-0.999847695156391,0.0174524064372835,0.));
#6368=DIRECTION('',(0.0174524064372835,0.999847695156391,0.));
#6369=DIRECTION('',(0.,0.,-1.));
#6370=DIRECTION('',(-0.0174497491606827,-0.999695459881887,0.0174497491606827));
#6371=DIRECTION('',(0.,0.0174524064372835,0.999847695156391));
#6372=DIRECTION('',(0.,0.999847695156391,-0.0174524064372835));
#6373=DIRECTION('',(-1.,0.,0.));
#6374=DIRECTION('',(0.,1.,0.));
#6375=DIRECTION('',(0.,0.,1.));
#6376=DIRECTION('',(0.999847695156391,0.0174524064372835,0.));
#6377=DIRECTION('',(-0.0174524064372835,0.999847695156391,0.));
#6378=DIRECTION('',(0.,0.,1.));
#6379=DIRECTION('',(0.0174497491606827,-0.999695459881887,0.0174497491606827));
#6380=DIRECTION('',(0.0174524064372835,-0.999847695156391,3.97311012585886E-17));
#6381=DIRECTION('',(0.,1.,0.));
#6382=DIRECTION('',(1.,0.,0.));
#6383=DIRECTION('',(0.,1.,0.));
#6384=DIRECTION('',(1.,0.,0.));
#6385=DIRECTION('',(0.,-0.999847695156391,-0.0174524064372835));
#6386=DIRECTION('',(0.,0.0174524064372835,-0.999847695156391));
#6387=DIRECTION('',(0.,0.999847695156391,0.0174524064372835));
#6388=DIRECTION('',(1.,0.,0.));
#6389=DIRECTION('',(0.,-0.999847695156391,-0.0174524064372835));
#6390=DIRECTION('',(0.,1.,0.));
#6391=DIRECTION('',(1.,0.,0.));
#6392=DIRECTION('',(0.,1.,0.));
#6393=DIRECTION('',(1.,0.,0.));
#6394=DIRECTION('',(-0.0174524064372835,-0.999847695156391,0.));
#6395=DIRECTION('',(-0.999847695156391,0.0174524064372835,0.));
#6396=DIRECTION('',(0.0174524064372835,0.999847695156391,0.));
#6397=DIRECTION('',(0.,0.,-1.));
#6398=DIRECTION('',(-0.0174497491606827,-0.999695459881887,0.0174497491606827));
#6399=DIRECTION('',(0.,0.0174524064372835,0.999847695156391));
#6400=DIRECTION('',(0.,0.999847695156391,-0.0174524064372835));
#6401=DIRECTION('',(-1.,0.,0.));
#6402=DIRECTION('',(0.,1.,0.));
#6403=DIRECTION('',(0.,0.,1.));
#6404=DIRECTION('',(0.999847695156391,0.0174524064372835,0.));
#6405=DIRECTION('',(-0.0174524064372835,0.999847695156391,0.));
#6406=DIRECTION('',(0.,0.,1.));
#6407=DIRECTION('',(0.0174497491606827,-0.999695459881887,0.0174497491606827));
#6408=DIRECTION('',(0.0174524064372835,-0.999847695156391,3.97311012585886E-17));
#6409=DIRECTION('',(0.,1.,0.));
#6410=DIRECTION('',(1.,0.,0.));
#6411=DIRECTION('',(0.,1.,0.));
#6412=DIRECTION('',(1.,0.,0.));
#6413=DIRECTION('',(0.,-0.999847695156391,-0.0174524064372835));
#6414=DIRECTION('',(0.,0.0174524064372835,-0.999847695156391));
#6415=DIRECTION('',(0.,0.999847695156391,0.0174524064372835));
#6416=DIRECTION('',(1.,0.,0.));
#6417=DIRECTION('',(0.,-0.999847695156391,-0.0174524064372835));
#6418=DIRECTION('',(0.,1.,0.));
#6419=DIRECTION('',(1.,0.,0.));
#6420=DIRECTION('',(0.,1.,0.));
#6421=DIRECTION('',(1.,0.,0.));
#6422=DIRECTION('',(-0.0174524064372835,-0.999847695156391,0.));
#6423=DIRECTION('',(-0.999847695156391,0.0174524064372835,0.));
#6424=DIRECTION('',(0.0174524064372835,0.999847695156391,0.));
#6425=DIRECTION('',(0.,0.,-1.));
#6426=DIRECTION('',(-0.0174497491606827,-0.999695459881887,0.0174497491606827));
#6427=DIRECTION('',(0.,0.0174524064372835,0.999847695156391));
#6428=DIRECTION('',(0.,0.999847695156391,-0.0174524064372835));
#6429=DIRECTION('',(-1.,0.,0.));
#6430=DIRECTION('',(0.,1.,0.));
#6431=DIRECTION('',(0.,0.,1.));
#6432=DIRECTION('',(0.999847695156391,0.0174524064372835,0.));
#6433=DIRECTION('',(-0.0174524064372835,0.999847695156391,0.));
#6434=DIRECTION('',(0.,0.,1.));
#6435=DIRECTION('',(0.0174497491606827,-0.999695459881887,0.0174497491606827));
#6436=DIRECTION('',(0.0174497491606827,-0.999695459881887,-0.0174497491606827));
#6437=DIRECTION('',(0.,0.0174524064372835,-0.999847695156391));
#6438=DIRECTION('',(0.,0.999847695156391,0.0174524064372835));
#6439=DIRECTION('',(1.,0.,0.));
#6440=DIRECTION('',(-0.0174497491606827,-0.999695459881887,-0.0174497491606827));
#6441=DIRECTION('',(-0.999847695156391,0.0174524064372835,0.));
#6442=DIRECTION('',(0.0174524064372835,0.999847695156391,0.));
#6443=DIRECTION('',(0.,0.,-1.));
#6444=DIRECTION('',(-0.0174497491606827,-0.999695459881887,0.0174497491606827));
#6445=DIRECTION('',(0.,0.0174524064372835,0.999847695156391));
#6446=DIRECTION('',(0.,0.999847695156391,-0.0174524064372835));
#6447=DIRECTION('',(-1.,0.,0.));
#6448=DIRECTION('',(0.,1.,0.));
#6449=DIRECTION('',(0.,0.,1.));
#6450=DIRECTION('',(0.999847695156391,0.0174524064372835,0.));
#6451=DIRECTION('',(-0.0174524064372835,0.999847695156391,0.));
#6452=DIRECTION('',(0.,0.,1.));
#6453=DIRECTION('',(0.0174497491606827,-0.999695459881887,0.0174497491606827));
#6454=DIRECTION('',(0.0174497491606827,-0.999695459881887,-0.0174497491606827));
#6455=DIRECTION('',(0.,0.0174524064372835,-0.999847695156391));
#6456=DIRECTION('',(0.,0.999847695156391,0.0174524064372835));
#6457=DIRECTION('',(1.,0.,0.));
#6458=DIRECTION('',(-0.0174497491606827,-0.999695459881887,-0.0174497491606827));
#6459=DIRECTION('',(-0.999847695156391,0.0174524064372835,0.));
#6460=DIRECTION('',(0.0174524064372835,0.999847695156391,0.));
#6461=DIRECTION('',(0.,0.,-1.));
#6462=DIRECTION('',(-0.0174497491606827,-0.999695459881887,0.0174497491606827));
#6463=DIRECTION('',(0.,0.0174524064372835,0.999847695156391));
#6464=DIRECTION('',(0.,0.999847695156391,-0.0174524064372835));
#6465=DIRECTION('',(-1.,0.,0.));
#6466=DIRECTION('',(0.,1.,0.));
#6467=DIRECTION('',(0.,0.,1.));
#6468=DIRECTION('',(0.999847695156391,0.0174524064372835,0.));
#6469=DIRECTION('',(-0.0174524064372835,0.999847695156391,0.));
#6470=DIRECTION('',(0.,0.,1.));
#6471=DIRECTION('',(0.0174497491606827,-0.999695459881887,0.0174497491606827));
#6472=DIRECTION('',(0.0174497491606827,-0.999695459881887,-0.0174497491606827));
#6473=DIRECTION('',(0.,0.0174524064372835,-0.999847695156391));
#6474=DIRECTION('',(0.,0.999847695156391,0.0174524064372835));
#6475=DIRECTION('',(1.,0.,0.));
#6476=DIRECTION('',(-0.0174497491606827,-0.999695459881887,-0.0174497491606827));
#6477=DIRECTION('',(-0.999847695156391,0.0174524064372835,0.));
#6478=DIRECTION('',(0.0174524064372835,0.999847695156391,0.));
#6479=DIRECTION('',(0.,0.,-1.));
#6480=DIRECTION('',(-0.0174497491606827,-0.999695459881887,0.0174497491606827));
#6481=DIRECTION('',(0.,0.0174524064372835,0.999847695156391));
#6482=DIRECTION('',(0.,0.999847695156391,-0.0174524064372835));
#6483=DIRECTION('',(-1.,0.,0.));
#6484=DIRECTION('',(0.,1.,0.));
#6485=DIRECTION('',(0.,0.,1.));
#6486=DIRECTION('',(0.999847695156391,0.0174524064372835,0.));
#6487=DIRECTION('',(-0.0174524064372835,0.999847695156391,0.));
#6488=DIRECTION('',(0.,0.,1.));
#6489=DIRECTION('',(0.0174497491606827,-0.999695459881887,0.0174497491606827));
#6490=DIRECTION('',(0.0174497491606827,-0.999695459881887,-0.0174497491606827));
#6491=DIRECTION('',(0.,0.0174524064372835,-0.999847695156391));
#6492=DIRECTION('',(0.,0.999847695156391,0.0174524064372835));
#6493=DIRECTION('',(1.,0.,0.));
#6494=DIRECTION('',(-0.0174497491606827,-0.999695459881887,-0.0174497491606827));
#6495=DIRECTION('',(-0.999847695156391,0.0174524064372835,0.));
#6496=DIRECTION('',(0.0174524064372835,0.999847695156391,0.));
#6497=DIRECTION('',(0.,0.,-1.));
#6498=DIRECTION('',(-0.0174497491606827,-0.999695459881887,0.0174497491606827));
#6499=DIRECTION('',(0.,0.0174524064372835,0.999847695156391));
#6500=DIRECTION('',(0.,0.999847695156391,-0.0174524064372835));
#6501=DIRECTION('',(-1.,0.,0.));
#6502=DIRECTION('',(0.,1.,0.));
#6503=DIRECTION('',(0.,0.,1.));
#6504=DIRECTION('',(0.999847695156391,0.0174524064372835,0.));
#6505=DIRECTION('',(-0.0174524064372835,0.999847695156391,0.));
#6506=DIRECTION('',(0.,0.,1.));
#6507=DIRECTION('',(0.0174497491606827,-0.999695459881887,0.0174497491606827));
#6508=DIRECTION('',(0.0174497491606827,-0.999695459881887,-0.0174497491606827));
#6509=DIRECTION('',(0.,0.0174524064372835,-0.999847695156391));
#6510=DIRECTION('',(0.,0.999847695156391,0.0174524064372835));
#6511=DIRECTION('',(1.,0.,0.));
#6512=DIRECTION('',(-0.0174497491606827,-0.999695459881887,-0.0174497491606827));
#6513=DIRECTION('',(-0.999847695156391,0.0174524064372835,0.));
#6514=DIRECTION('',(0.0174524064372835,0.999847695156391,0.));
#6515=DIRECTION('',(0.,0.,-1.));
#6516=DIRECTION('',(-0.0174497491606827,-0.999695459881887,0.0174497491606827));
#6517=DIRECTION('',(0.,0.0174524064372835,0.999847695156391));
#6518=DIRECTION('',(0.,0.999847695156391,-0.0174524064372835));
#6519=DIRECTION('',(-1.,0.,0.));
#6520=DIRECTION('',(0.,1.,0.));
#6521=DIRECTION('',(0.,0.,1.));
#6522=DIRECTION('',(0.,0.,1.));
#6523=DIRECTION('',(1.,0.,0.));
#6524=DIRECTION('',(0.,0.,1.));
#6525=DIRECTION('',(1.,0.,0.));
#6526=DIRECTION('',(-1.,0.,0.));
#6527=DIRECTION('',(0.,1.,0.));
#6528=DIRECTION('',(-1.,0.,0.));
#6529=DIRECTION('',(0.,-1.,0.));
#6530=DIRECTION('',(1.,2.27653999472022E-16,0.));
#6531=DIRECTION('',(0.,1.,0.));
#6532=DIRECTION('',(-1.,0.,0.));
#6533=DIRECTION('',(0.,-1.,0.));
#6534=DIRECTION('',(1.,2.27653999472022E-16,0.));
#6535=DIRECTION('',(0.,1.,0.));
#6536=DIRECTION('',(-1.,0.,0.));
#6537=DIRECTION('',(1.42283749670014E-17,-1.,0.));
#6538=DIRECTION('',(1.,2.27653999472022E-16,0.));
#6539=DIRECTION('',(0.,1.,0.));
#6540=DIRECTION('',(-1.,0.,0.));
#6541=DIRECTION('',(0.,-1.,0.));
#6542=DIRECTION('',(1.,2.27653999472022E-16,0.));
#6543=DIRECTION('',(0.,1.,0.));
#6544=DIRECTION('',(-1.,0.,0.));
#6545=DIRECTION('',(0.,1.,0.));
#6546=DIRECTION('',(0.,0.,-1.));
#6547=DIRECTION('',(-1.,0.,0.));
#6548=DIRECTION('',(1.,0.,0.));
#6549=DIRECTION('',(0.,-1.,0.));
#6550=DIRECTION('',(-1.,0.,0.));
#6551=DIRECTION('',(0.,-1.,0.));
#6552=DIRECTION('',(-1.,-2.27653999472022E-16,0.));
#6553=DIRECTION('',(0.,1.,0.));
#6554=DIRECTION('',(-1.,0.,0.));
#6555=DIRECTION('',(0.,-1.,0.));
#6556=DIRECTION('',(-1.,-2.27653999472022E-16,0.));
#6557=DIRECTION('',(-1.42283749670014E-17,1.,0.));
#6558=DIRECTION('',(-1.,0.,0.));
#6559=DIRECTION('',(0.,-1.,0.));
#6560=DIRECTION('',(-1.,-2.27653999472022E-16,0.));
#6561=DIRECTION('',(0.,1.,0.));
#6562=DIRECTION('',(-1.,0.,0.));
#6563=DIRECTION('',(0.,-1.,0.));
#6564=DIRECTION('',(-1.,-2.27653999472022E-16,0.));
#6565=DIRECTION('',(0.,1.,0.));
#6566=DIRECTION('',(-1.,0.,0.));
#6567=DIRECTION('',(0.,-1.,0.));
#6568=DIRECTION('',(1.,0.,0.));
#6569=DIRECTION('',(0.,0.,-1.));
#6570=DIRECTION('',(0.,1.53666449643615E-17,1.));
#6571=DIRECTION('',(1.,0.,0.));
#6572=DIRECTION('',(0.,0.,-1.));
#6573=DIRECTION('',(0.,3.28347114623109E-16,1.));
#6574=DIRECTION('',(0.,-1.,0.));
#6575=DIRECTION('',(0.,0.,-1.));
#6576=DIRECTION('',(1.,0.,0.));
#6577=DIRECTION('',(0.,0.,-1.));
#6578=DIRECTION('',(0.,1.,0.));
#6579=DIRECTION('',(0.,0.,-1.));
#6580=DIRECTION('',(0.,-1.,0.));
#6581=DIRECTION('',(1.,0.,0.));
#6582=DIRECTION('',(0.,0.,-1.));
#6583=DIRECTION('',(0.,0.,-1.));
#6584=DIRECTION('',(0.,1.,0.));
#6585=DIRECTION('',(0.,2.62677691698487E-16,1.));
#6586=DIRECTION('',(1.,0.,0.));
#6587=DIRECTION('',(0.,0.,-1.));
#6588=DIRECTION('',(1.,0.,0.));
#6589=DIRECTION('',(0.,0.,-1.));
#6590=DIRECTION('',(0.,1.53666449643615E-17,1.));
#6591=DIRECTION('',(1.,0.,0.));
#6592=DIRECTION('',(0.,0.,-1.));
#6593=DIRECTION('',(0.,2.62677691698487E-16,1.));
#6594=DIRECTION('',(0.,1.,0.));
#6595=DIRECTION('',(0.,0.,-1.));
#6596=DIRECTION('',(1.,0.,0.));
#6597=DIRECTION('',(0.,0.,-1.));
#6598=DIRECTION('',(0.,-1.,0.));
#6599=DIRECTION('',(0.,0.,-1.));
#6600=DIRECTION('',(0.,1.,0.));
#6601=DIRECTION('',(1.,0.,0.));
#6602=DIRECTION('',(0.,0.,-1.));
#6603=DIRECTION('',(0.,0.,-1.));
#6604=DIRECTION('',(0.,-1.,0.));
#6605=DIRECTION('',(0.,3.28347114623109E-16,1.));
#6606=DIRECTION('',(1.,0.,0.));
#6607=DIRECTION('',(0.,0.,-1.));
#6608=DIRECTION('',(0.,0.,-1.));
#6609=DIRECTION('',(-1.,0.,0.));
#6610=DIRECTION('',(0.,-1.,0.));
#6611=DIRECTION('',(-1.,0.,0.));
#6612=DIRECTION('',(-1.,0.,0.));
#6613=DIRECTION('',(0.,0.,-1.));
#6614=DIRECTION('',(-1.,0.,0.));
#6615=DIRECTION('',(0.,1.,0.));
#6616=DIRECTION('',(-1.,0.,0.));
#6617=DIRECTION('',(-1.,0.,0.));
#6618=DIRECTION('',(0.,0.,-1.));
#6619=DIRECTION('',(-1.,0.,0.));
#6620=DIRECTION('',(0.,-1.,0.));
#6621=DIRECTION('',(-1.,0.,0.));
#6622=DIRECTION('',(0.,1.,0.));
#6623=DIRECTION('',(-1.,0.,0.));
#6624=DIRECTION('',(0.,0.,-1.));
#6625=DIRECTION('',(-1.,0.,0.));
#6626=DIRECTION('',(0.,-1.,0.));
#6627=DIRECTION('',(-1.,0.,0.));
#6628=DIRECTION('',(-1.42283749670014E-17,1.,0.));
#6629=DIRECTION('',(-1.,0.,0.));
#6630=DIRECTION('',(0.,0.,-1.));
#6631=DIRECTION('',(-1.,0.,0.));
#6632=DIRECTION('',(0.,-1.,0.));
#6633=DIRECTION('',(-1.,0.,0.));
#6634=DIRECTION('',(0.,1.,0.));
#6635=DIRECTION('',(-1.,0.,0.));
#6636=DIRECTION('',(0.,1.,0.));
#6637=DIRECTION('',(0.,0.,1.));
#6638=DIRECTION('',(0.,0.,-1.));
#6639=DIRECTION('',(-1.,0.,0.));
#6640=DIRECTION('',(0.,1.,0.));
#6641=DIRECTION('',(0.,0.,1.));
#6642=DIRECTION('',(0.,0.,1.));
#6643=DIRECTION('',(-1.,0.,0.));
#6644=DIRECTION('',(0.,1.,0.));
#6645=DIRECTION('',(0.,0.,1.));
#6646=DIRECTION('',(0.,0.,-1.));
#6647=DIRECTION('',(0.,0.,1.));
#6648=DIRECTION('',(-1.,0.,0.));
#6649=DIRECTION('',(0.,1.,0.));
#6650=DIRECTION('',(0.,0.,1.));
#6651=DIRECTION('',(0.,0.,-1.));
#6652=DIRECTION('',(0.,0.,1.));
#6653=DIRECTION('',(-1.,0.,0.));
#6654=DIRECTION('',(0.,1.,0.));
#6655=DIRECTION('',(0.,0.,1.));
#6656=DIRECTION('',(0.,0.,-1.));
#6657=DIRECTION('',(0.,0.,1.));
#6658=DIRECTION('',(-1.,0.,0.));
#6659=DIRECTION('',(-1.,0.,0.));
#6660=DIRECTION('',(0.,0.,1.));
#6661=DIRECTION('',(1.,0.,0.));
#6662=DIRECTION('',(0.,0.,-1.));
#6663=DIRECTION('',(-1.,0.,0.));
#6664=DIRECTION('',(-1.,0.,0.));
#6665=DIRECTION('',(0.,0.,1.));
#6666=DIRECTION('',(-1.,0.,0.));
#6667=DIRECTION('',(0.,0.,1.));
#6668=DIRECTION('',(-1.,0.,0.));
#6669=DIRECTION('',(-1.,0.,0.));
#6670=DIRECTION('',(0.,0.,1.));
#6671=DIRECTION('',(1.,0.,0.));
#6672=DIRECTION('',(0.,0.,-1.));
#6673=DIRECTION('',(-1.,0.,0.));
#6674=DIRECTION('',(0.,0.,1.));
#6675=DIRECTION('',(-1.,0.,0.));
#6676=DIRECTION('',(-1.,0.,0.));
#6677=DIRECTION('',(0.,0.,1.));
#6678=DIRECTION('',(1.,0.,0.));
#6679=DIRECTION('',(0.,0.,-1.));
#6680=DIRECTION('',(-1.,-1.42283749670014E-17,0.));
#6681=DIRECTION('',(1.42283749670014E-17,-1.,0.));
#6682=DIRECTION('',(-1.,0.,0.));
#6683=DIRECTION('',(-1.,0.,0.));
#6684=DIRECTION('',(0.,0.,1.));
#6685=DIRECTION('',(1.,0.,0.));
#6686=DIRECTION('',(0.,0.,-1.));
#6687=DIRECTION('',(-1.,0.,0.));
#6688=DIRECTION('',(0.,0.,1.));
#6689=DIRECTION('',(-1.,0.,0.));
#6690=DIRECTION('',(0.,0.,1.));
#6691=DIRECTION('',(1.,0.,0.));
#6692=DIRECTION('',(0.,1.,0.));
#6693=DIRECTION('',(-1.,0.,0.));
#6694=DIRECTION('',(0.,0.,1.));
#6695=DIRECTION('',(1.,0.,0.));
#6696=DIRECTION('',(0.,-1.,0.));
#6697=DIRECTION('',(-1.,0.,0.));
#6698=DIRECTION('',(0.,0.,1.));
#6699=DIRECTION('',(1.,0.,0.));
#6700=DIRECTION('',(0.,1.,0.));
#6701=DIRECTION('',(0.,-1.,0.));
#6702=DIRECTION('',(-1.,0.,0.));
#6703=DIRECTION('',(0.,0.,1.));
#6704=DIRECTION('',(1.,0.,0.));
#6705=DIRECTION('',(0.,1.,0.));
#6706=DIRECTION('',(1.42283749670014E-17,-1.,0.));
#6707=DIRECTION('',(-1.,0.,0.));
#6708=DIRECTION('',(0.,0.,1.));
#6709=DIRECTION('',(1.,0.,0.));
#6710=DIRECTION('',(0.,1.,0.));
#6711=DIRECTION('',(0.,-1.,0.));
#6712=DIRECTION('',(-1.,0.,0.));
#6713=DIRECTION('',(0.,0.,-1.));
#6714=DIRECTION('',(-1.,0.,0.));
#6715=DIRECTION('',(0.,-1.,0.));
#6716=DIRECTION('',(-1.,0.,0.));
#6717=DIRECTION('',(-1.,0.,0.));
#6718=DIRECTION('',(0.,0.,-1.));
#6719=DIRECTION('',(-1.,0.,0.));
#6720=DIRECTION('',(0.,1.,0.));
#6721=DIRECTION('',(-1.,0.,0.));
#6722=DIRECTION('',(-1.,0.,0.));
#6723=DIRECTION('',(0.,0.,-1.));
#6724=DIRECTION('',(-1.,0.,0.));
#6725=DIRECTION('',(0.,-1.,0.));
#6726=DIRECTION('',(-1.,0.,0.));
#6727=DIRECTION('',(0.,1.,0.));
#6728=DIRECTION('',(-1.,0.,0.));
#6729=DIRECTION('',(0.,0.,-1.));
#6730=DIRECTION('',(-1.,0.,0.));
#6731=DIRECTION('',(0.,-1.,0.));
#6732=DIRECTION('',(-1.,0.,0.));
#6733=DIRECTION('',(-1.42283749670014E-17,1.,0.));
#6734=DIRECTION('',(-1.,0.,0.));
#6735=DIRECTION('',(0.,0.,-1.));
#6736=DIRECTION('',(-1.,0.,0.));
#6737=DIRECTION('',(0.,-1.,0.));
#6738=DIRECTION('',(-1.,0.,0.));
#6739=DIRECTION('',(0.,1.,0.));
#6740=DIRECTION('',(-1.,0.,0.));
#6741=DIRECTION('',(-1.,0.,0.));
#6742=DIRECTION('',(0.,0.,1.));
#6743=DIRECTION('',(1.,0.,0.));
#6744=DIRECTION('',(0.,0.,-1.));
#6745=DIRECTION('',(-1.,0.,0.));
#6746=DIRECTION('',(-1.,0.,0.));
#6747=DIRECTION('',(0.,0.,1.));
#6748=DIRECTION('',(-1.,0.,0.));
#6749=DIRECTION('',(0.,0.,1.));
#6750=DIRECTION('',(-1.,0.,0.));
#6751=DIRECTION('',(-1.,0.,0.));
#6752=DIRECTION('',(0.,0.,1.));
#6753=DIRECTION('',(1.,0.,0.));
#6754=DIRECTION('',(0.,0.,-1.));
#6755=DIRECTION('',(-1.,0.,0.));
#6756=DIRECTION('',(0.,0.,1.));
#6757=DIRECTION('',(-1.,0.,0.));
#6758=DIRECTION('',(-1.,0.,0.));
#6759=DIRECTION('',(0.,0.,1.));
#6760=DIRECTION('',(1.,0.,0.));
#6761=DIRECTION('',(0.,0.,-1.));
#6762=DIRECTION('',(-1.,-1.42283749670014E-17,0.));
#6763=DIRECTION('',(1.42283749670014E-17,-1.,0.));
#6764=DIRECTION('',(-1.,0.,0.));
#6765=DIRECTION('',(-1.,0.,0.));
#6766=DIRECTION('',(0.,0.,1.));
#6767=DIRECTION('',(1.,0.,0.));
#6768=DIRECTION('',(0.,0.,-1.));
#6769=DIRECTION('',(-1.,0.,0.));
#6770=DIRECTION('',(0.,0.,1.));
#6771=DIRECTION('',(-1.,0.,0.));
#6772=DIRECTION('',(0.,1.,0.));
#6773=DIRECTION('',(0.,0.,1.));
#6774=DIRECTION('',(0.,0.,-1.));
#6775=DIRECTION('',(-1.,0.,0.));
#6776=DIRECTION('',(0.,1.,0.));
#6777=DIRECTION('',(0.,0.,1.));
#6778=DIRECTION('',(0.,0.,1.));
#6779=DIRECTION('',(-1.,0.,0.));
#6780=DIRECTION('',(0.,1.,0.));
#6781=DIRECTION('',(0.,0.,1.));
#6782=DIRECTION('',(0.,0.,-1.));
#6783=DIRECTION('',(0.,0.,1.));
#6784=DIRECTION('',(-1.,0.,0.));
#6785=DIRECTION('',(0.,1.,0.));
#6786=DIRECTION('',(0.,0.,1.));
#6787=DIRECTION('',(0.,0.,-1.));
#6788=DIRECTION('',(0.,0.,1.));
#6789=DIRECTION('',(-1.,0.,0.));
#6790=DIRECTION('',(0.,1.,0.));
#6791=DIRECTION('',(0.,0.,1.));
#6792=DIRECTION('',(0.,0.,-1.));
#6793=DIRECTION('',(0.,0.,1.));
#6794=DIRECTION('',(-1.,0.,0.));
#6795=DIRECTION('',(0.,0.,1.));
#6796=DIRECTION('',(1.,0.,0.));
#6797=DIRECTION('',(0.,1.,0.));
#6798=DIRECTION('',(-1.,0.,0.));
#6799=DIRECTION('',(0.,0.,1.));
#6800=DIRECTION('',(1.,0.,0.));
#6801=DIRECTION('',(0.,-1.,0.));
#6802=DIRECTION('',(-1.,0.,0.));
#6803=DIRECTION('',(0.,0.,1.));
#6804=DIRECTION('',(1.,0.,0.));
#6805=DIRECTION('',(0.,1.,0.));
#6806=DIRECTION('',(0.,-1.,0.));
#6807=DIRECTION('',(-1.,0.,0.));
#6808=DIRECTION('',(0.,0.,1.));
#6809=DIRECTION('',(1.,0.,0.));
#6810=DIRECTION('',(0.,1.,0.));
#6811=DIRECTION('',(1.42283749670014E-17,-1.,0.));
#6812=DIRECTION('',(-1.,0.,0.));
#6813=DIRECTION('',(0.,0.,1.));
#6814=DIRECTION('',(1.,0.,0.));
#6815=DIRECTION('',(0.,1.,0.));
#6816=DIRECTION('',(0.,-1.,0.));
#6817=DIRECTION('',(-1.,0.,0.));
#6818=DIRECTION('',(0.,-1.,2.62677691698487E-16));
#6819=DIRECTION('',(0.,-2.62677691698487E-16,-1.));
#6820=DIRECTION('',(0.,2.62677691698487E-16,1.));
#6821=DIRECTION('',(-1.,0.,0.));
#6822=DIRECTION('',(0.,-1.,2.62677691698487E-16));
#6823=DIRECTION('',(0.,-2.62677691698487E-16,-1.));
#6824=DIRECTION('',(0.,-2.62677691698487E-16,-1.));
#6825=DIRECTION('',(-1.,0.,0.));
#6826=DIRECTION('',(0.,-1.,2.62677691698487E-16));
#6827=DIRECTION('',(0.,-2.62677691698487E-16,-1.));
#6828=DIRECTION('',(0.,2.62677691698487E-16,1.));
#6829=DIRECTION('',(0.,-2.62677691698487E-16,-1.));
#6830=DIRECTION('',(-1.,0.,0.));
#6831=DIRECTION('',(0.,-1.,2.62677691698487E-16));
#6832=DIRECTION('',(0.,-2.62677691698487E-16,-1.));
#6833=DIRECTION('',(0.,2.62677691698487E-16,1.));
#6834=DIRECTION('',(3.73747669295245E-33,-2.62677691698487E-16,-1.));
#6835=DIRECTION('',(-1.,0.,0.));
#6836=DIRECTION('',(0.,-1.,2.62677691698487E-16));
#6837=DIRECTION('',(0.,-2.62677691698487E-16,-1.));
#6838=DIRECTION('',(0.,2.62677691698487E-16,1.));
#6839=DIRECTION('',(0.,-2.62677691698487E-16,-1.));
#6840=DIRECTION('',(-1.,0.,0.));
#6841=DIRECTION('',(-1.,0.,0.));
#6842=DIRECTION('',(0.,0.,1.));
#6843=DIRECTION('',(1.,0.,0.));
#6844=DIRECTION('',(0.,0.,-1.));
#6845=DIRECTION('',(-1.,0.,0.));
#6846=DIRECTION('',(0.,0.,1.));
#6847=DIRECTION('',(-1.,0.,0.));
#6848=DIRECTION('',(0.,0.,1.));
#6849=DIRECTION('',(-1.,0.,0.));
#6850=DIRECTION('',(0.,0.,1.));
#6851=DIRECTION('',(1.,0.,0.));
#6852=DIRECTION('',(0.,0.,-1.));
#6853=DIRECTION('',(-1.,0.,0.));
#6854=DIRECTION('',(0.,0.,1.));
#6855=DIRECTION('',(-1.,0.,0.));
#6856=DIRECTION('',(0.,0.,1.));
#6857=DIRECTION('',(1.,0.,0.));
#6858=DIRECTION('',(0.,0.,-1.));
#6859=DIRECTION('',(-1.,-1.42283749670014E-17,0.));
#6860=DIRECTION('',(1.42283749670014E-17,-1.,0.));
#6861=DIRECTION('',(-1.,0.,0.));
#6862=DIRECTION('',(0.,0.,1.));
#6863=DIRECTION('',(1.,0.,0.));
#6864=DIRECTION('',(0.,0.,-1.));
#6865=DIRECTION('',(-1.,0.,0.));
#6866=DIRECTION('',(0.,0.,1.));
#6867=DIRECTION('',(-1.,0.,0.));
#6868=DIRECTION('',(0.,0.,1.));
#6869=DIRECTION('',(-1.,0.,0.));
#6870=DIRECTION('',(1.,0.,0.));
#6871=DIRECTION('',(0.,0.,-1.));
#6872=DIRECTION('',(-1.,0.,0.));
#6873=DIRECTION('',(0.,0.,1.));
#6874=DIRECTION('',(-1.,0.,0.));
#6875=DIRECTION('',(0.,0.,1.));
#6876=DIRECTION('',(-1.,0.,0.));
#6877=DIRECTION('',(-1.,0.,0.));
#6878=DIRECTION('',(0.,0.,1.));
#6879=DIRECTION('',(-1.,0.,0.));
#6880=DIRECTION('',(1.,0.,0.));
#6881=DIRECTION('',(0.,0.,-1.));
#6882=DIRECTION('',(-1.,0.,0.));
#6883=DIRECTION('',(0.,0.,1.));
#6884=DIRECTION('',(-1.,0.,0.));
#6885=DIRECTION('',(0.,0.,1.));
#6886=DIRECTION('',(-1.,0.,0.));
#6887=DIRECTION('',(1.,0.,0.));
#6888=DIRECTION('',(0.,0.,-1.));
#6889=DIRECTION('',(-1.,-1.42283749670014E-17,0.));
#6890=DIRECTION('',(1.42283749670014E-17,-1.,0.));
#6891=DIRECTION('',(-1.,0.,0.));
#6892=DIRECTION('',(0.,0.,1.));
#6893=DIRECTION('',(-1.,0.,0.));
#6894=DIRECTION('',(1.,0.,0.));
#6895=DIRECTION('',(0.,0.,-1.));
#6896=DIRECTION('',(-1.,0.,0.));
#6897=DIRECTION('',(0.,0.,1.));
#6898=DIRECTION('',(0.,-1.,3.28347114623109E-16));
#6899=DIRECTION('',(0.,-3.28347114623109E-16,-1.));
#6900=DIRECTION('',(0.,3.28347114623109E-16,1.));
#6901=DIRECTION('',(0.,-1.,3.28347114623109E-16));
#6902=DIRECTION('',(0.,-3.28347114623109E-16,-1.));
#6903=DIRECTION('',(0.,-3.28347114623109E-16,-1.));
#6904=DIRECTION('',(0.,-1.,3.28347114623109E-16));
#6905=DIRECTION('',(0.,-3.28347114623109E-16,-1.));
#6906=DIRECTION('',(0.,3.28347114623109E-16,1.));
#6907=DIRECTION('',(0.,-3.28347114623109E-16,-1.));
#6908=DIRECTION('',(0.,-1.,3.28347114623109E-16));
#6909=DIRECTION('',(0.,-3.28347114623109E-16,-1.));
#6910=DIRECTION('',(0.,3.28347114623109E-16,1.));
#6911=DIRECTION('',(4.67184586619057E-33,-3.28347114623109E-16,-1.));
#6912=DIRECTION('',(0.,-1.,3.28347114623109E-16));
#6913=DIRECTION('',(0.,-3.28347114623109E-16,-1.));
#6914=DIRECTION('',(0.,3.28347114623109E-16,1.));
#6915=DIRECTION('',(0.,-3.28347114623109E-16,-1.));
#6916=DIRECTION('',(0.,1.,0.));
#6917=DIRECTION('',(0.,0.,1.));
#6918=DIRECTION('',(0.,0.,-1.));
#6919=DIRECTION('',(0.,0.,-1.));
#6920=DIRECTION('',(0.,0.,-1.));
#6921=DIRECTION('',(0.,0.,-1.));
#6922=DIRECTION('',(0.,0.,-1.));
#6923=DIRECTION('',(0.,0.,-1.));
#6924=DIRECTION('',(0.,0.,-1.));
#6925=DIRECTION('',(0.,0.,-1.));
#6926=DIRECTION('',(0.,0.,-1.));
#6927=DIRECTION('',(0.,0.,-1.));
#6928=DIRECTION('',(0.,0.,-1.));
#6929=DIRECTION('',(0.,0.,-1.));
#6930=DIRECTION('',(0.,0.,-1.));
#6931=DIRECTION('',(0.,0.,-1.));
#6932=DIRECTION('',(0.,0.,-1.));
#6933=DIRECTION('',(0.,0.,-1.));
#6934=DIRECTION('',(1.,0.,0.));
#6935=DIRECTION('',(0.,0.,-1.));
#6936=DIRECTION('',(-1.,0.,0.));
#6937=DIRECTION('',(0.,0.,1.));
#6938=DIRECTION('',(1.,0.,0.));
#6939=DIRECTION('',(0.,0.,-1.));
#6940=DIRECTION('',(-1.,-1.42283749670014E-17,0.));
#6941=DIRECTION('',(1.42283749670014E-17,-1.,0.));
#6942=DIRECTION('',(1.,0.,0.));
#6943=DIRECTION('',(0.,0.,-1.));
#6944=DIRECTION('',(-1.,0.,0.));
#6945=DIRECTION('',(0.,0.,1.));
#6946=DIRECTION('',(1.,0.,0.));
#6947=DIRECTION('',(0.,0.,-1.));
#6948=DIRECTION('',(-1.,0.,0.));
#6949=DIRECTION('',(0.,0.,1.));
#6950=DIRECTION('',(-1.,0.,0.));
#6951=DIRECTION('',(0.,0.,1.));
#6952=DIRECTION('',(1.,0.,0.));
#6953=DIRECTION('',(0.,0.,-1.));
#6954=DIRECTION('',(-1.,-1.42283749670014E-17,0.));
#6955=DIRECTION('',(1.42283749670014E-17,-1.,0.));
#6956=DIRECTION('',(1.,0.,0.));
#6957=DIRECTION('',(0.,0.,-1.));
#6958=DIRECTION('',(-1.,0.,0.));
#6959=DIRECTION('',(0.,0.,1.));
#6960=DIRECTION('',(1.,0.,0.));
#6961=DIRECTION('',(0.,0.,-1.));
#6962=DIRECTION('',(-1.,0.,0.));
#6963=DIRECTION('',(0.,0.,1.));
#6964=DIRECTION('',(1.,0.,0.));
#6965=DIRECTION('',(0.,0.,-1.));
#6966=DIRECTION('',(0.,1.,-1.53666449643615E-17));
#6967=DIRECTION('',(0.,1.53666449643615E-17,1.));
#6968=DIRECTION('',(0.,0.,1.));
#6969=DIRECTION('',(1.,0.,0.));
#6970=DIRECTION('',(0.,0.,1.));
#6971=DIRECTION('',(1.,0.,0.));
#6972=DIRECTION('',(1.,0.,0.));
#6973=DIRECTION('',(0.,1.,0.));
#6974=DIRECTION('',(-1.,0.,0.));
#6975=DIRECTION('',(0.,1.,0.));
#6976=DIRECTION('',(-1.,-2.27653999472022E-16,0.));
#6977=DIRECTION('',(0.,-1.,0.));
#6978=DIRECTION('',(-1.,0.,0.));
#6979=DIRECTION('',(0.,1.,0.));
#6980=DIRECTION('',(-1.,-2.27653999472022E-16,0.));
#6981=DIRECTION('',(0.,-1.,0.));
#6982=DIRECTION('',(-1.,0.,0.));
#6983=DIRECTION('',(0.,1.,0.));
#6984=DIRECTION('',(-1.,-2.27653999472022E-16,0.));
#6985=DIRECTION('',(0.,-1.,0.));
#6986=DIRECTION('',(-1.,0.,0.));
#6987=DIRECTION('',(0.,1.,0.));
#6988=DIRECTION('',(-1.,-2.27653999472022E-16,0.));
#6989=DIRECTION('',(0.,-1.,0.));
#6990=DIRECTION('',(-1.,0.,0.));
#6991=DIRECTION('',(0.,1.,0.));
#6992=DIRECTION('',(0.,0.,-1.));
#6993=DIRECTION('',(-1.,0.,0.));
#6994=DIRECTION('',(-1.,0.,0.));
#6995=DIRECTION('',(0.,-1.,0.));
#6996=DIRECTION('',(-1.,0.,0.));
#6997=DIRECTION('',(0.,1.,0.));
#6998=DIRECTION('',(1.,2.27653999472022E-16,0.));
#6999=DIRECTION('',(0.,-1.,0.));
#7000=DIRECTION('',(-1.,0.,0.));
#7001=DIRECTION('',(0.,1.,0.));
#7002=DIRECTION('',(1.,2.27653999472022E-16,0.));
#7003=DIRECTION('',(0.,-1.,0.));
#7004=DIRECTION('',(-1.,0.,0.));
#7005=DIRECTION('',(0.,1.,0.));
#7006=DIRECTION('',(1.,2.27653999472022E-16,0.));
#7007=DIRECTION('',(0.,-1.,0.));
#7008=DIRECTION('',(-1.,0.,0.));
#7009=DIRECTION('',(0.,1.,0.));
#7010=DIRECTION('',(1.,2.27653999472022E-16,0.));
#7011=DIRECTION('',(0.,-1.,0.));
#7012=DIRECTION('',(-1.,0.,0.));
#7013=DIRECTION('',(0.,-1.,0.));
#7014=DIRECTION('',(1.,0.,0.));
#7015=DIRECTION('',(0.,0.,-1.));
#7016=DIRECTION('',(0.,1.53666449643615E-17,-1.));
#7017=DIRECTION('',(0.,0.,1.));
#7018=DIRECTION('',(0.,-1.,2.28262700005369E-17));
#7019=DIRECTION('',(0.,2.27653999472022E-16,1.));
#7020=DIRECTION('',(0.,1.,1.14131350002685E-16));
#7021=DIRECTION('',(0.,0.,1.));
#7022=DIRECTION('',(1.,0.,0.));
#7023=DIRECTION('',(0.,0.,-1.));
#7024=DIRECTION('',(0.,1.53666449643615E-17,-1.));
#7025=DIRECTION('',(0.,0.,1.));
#7026=DIRECTION('',(0.,1.,1.14131350002685E-16));
#7027=DIRECTION('',(0.,2.27653999472022E-16,1.));
#7028=DIRECTION('',(0.,-1.,2.28262700005369E-17));
#7029=DIRECTION('',(0.,0.,1.));
#7030=DIRECTION('',(0.,-1.,0.));
#7031=DIRECTION('',(0.,0.,-1.));
#7032=DIRECTION('',(0.,0.,1.));
#7033=DIRECTION('',(-1.,0.,0.));
#7034=DIRECTION('',(0.,-1.,0.));
#7035=DIRECTION('',(0.,0.,-1.));
#7036=DIRECTION('',(0.,0.,-1.));
#7037=DIRECTION('',(-1.,0.,0.));
#7038=DIRECTION('',(0.,0.,1.));
#7039=DIRECTION('',(0.,-1.,0.));
#7040=DIRECTION('',(0.,0.,-1.));
#7041=DIRECTION('',(0.,0.,-1.));
#7042=DIRECTION('',(-1.,0.,0.));
#7043=DIRECTION('',(0.,0.,1.));
#7044=DIRECTION('',(0.,-1.,0.));
#7045=DIRECTION('',(0.,0.,-1.));
#7046=DIRECTION('',(0.,0.,-1.));
#7047=DIRECTION('',(-1.,0.,0.));
#7048=DIRECTION('',(0.,0.,1.));
#7049=DIRECTION('',(0.,-1.,0.));
#7050=DIRECTION('',(0.,0.,-1.));
#7051=DIRECTION('',(0.,0.,-1.));
#7052=DIRECTION('',(-1.,0.,0.));
#7053=DIRECTION('',(0.,-2.28262700005369E-17,-1.));
#7054=DIRECTION('',(0.,1.,-2.28262700005369E-17));
#7055=DIRECTION('',(0.,-1.,2.28262700005369E-17));
#7056=DIRECTION('',(-1.,0.,0.));
#7057=DIRECTION('',(0.,-2.28262700005369E-17,-1.));
#7058=DIRECTION('',(0.,1.,-2.28262700005369E-17));
#7059=DIRECTION('',(0.,1.,-2.28262700005369E-17));
#7060=DIRECTION('',(-1.,0.,0.));
#7061=DIRECTION('',(0.,-1.,2.28262700005369E-17));
#7062=DIRECTION('',(0.,-2.28262700005369E-17,-1.));
#7063=DIRECTION('',(0.,1.,-2.28262700005369E-17));
#7064=DIRECTION('',(0.,1.,-2.28262700005369E-17));
#7065=DIRECTION('',(-1.,0.,0.));
#7066=DIRECTION('',(0.,-1.,2.28262700005369E-17));
#7067=DIRECTION('',(0.,-2.28262700005369E-17,-1.));
#7068=DIRECTION('',(0.,1.,-2.28262700005369E-17));
#7069=DIRECTION('',(0.,1.,-2.28262700005369E-17));
#7070=DIRECTION('',(-1.,0.,0.));
#7071=DIRECTION('',(0.,-1.,2.28262700005369E-17));
#7072=DIRECTION('',(0.,-2.28262700005369E-17,-1.));
#7073=DIRECTION('',(0.,1.,-2.28262700005369E-17));
#7074=DIRECTION('',(0.,1.,-2.28262700005369E-17));
#7075=DIRECTION('',(-1.,0.,0.));
#7076=DIRECTION('',(0.,-1.14131350002685E-16,1.));
#7077=DIRECTION('',(0.,-1.,-1.14131350002685E-16));
#7078=DIRECTION('',(0.,1.,1.14131350002685E-16));
#7079=DIRECTION('',(-1.,0.,0.));
#7080=DIRECTION('',(-1.,0.,0.));
#7081=DIRECTION('',(0.,-1.14131350002685E-16,1.));
#7082=DIRECTION('',(0.,-1.,-1.14131350002685E-16));
#7083=DIRECTION('',(0.,-1.,-1.14131350002685E-16));
#7084=DIRECTION('',(-1.,0.,0.));
#7085=DIRECTION('',(0.,1.,1.14131350002685E-16));
#7086=DIRECTION('',(-1.,0.,0.));
#7087=DIRECTION('',(0.,-1.14131350002685E-16,1.));
#7088=DIRECTION('',(0.,-1.,-1.14131350002685E-16));
#7089=DIRECTION('',(0.,-1.,-1.14131350002685E-16));
#7090=DIRECTION('',(-1.,0.,0.));
#7091=DIRECTION('',(0.,1.,1.14131350002685E-16));
#7092=DIRECTION('',(-1.,0.,0.));
#7093=DIRECTION('',(0.,-1.14131350002685E-16,1.));
#7094=DIRECTION('',(0.,-1.,-1.14131350002685E-16));
#7095=DIRECTION('',(0.,-1.,-1.14131350002685E-16));
#7096=DIRECTION('',(-1.,0.,0.));
#7097=DIRECTION('',(0.,1.,1.14131350002685E-16));
#7098=DIRECTION('',(-1.,0.,0.));
#7099=DIRECTION('',(0.,-1.14131350002685E-16,1.));
#7100=DIRECTION('',(0.,-1.,-1.14131350002685E-16));
#7101=DIRECTION('',(0.,-1.,-1.14131350002685E-16));
#7102=DIRECTION('',(-1.,0.,0.));
#7103=DIRECTION('',(-1.,0.,0.));
#7104=DIRECTION('',(0.,-1.,0.));
#7105=DIRECTION('',(0.,0.,-1.));
#7106=DIRECTION('',(0.,0.,1.));
#7107=DIRECTION('',(0.,-1.,0.));
#7108=DIRECTION('',(0.,0.,-1.));
#7109=DIRECTION('',(0.,0.,-1.));
#7110=DIRECTION('',(0.,0.,1.));
#7111=DIRECTION('',(0.,-1.,0.));
#7112=DIRECTION('',(0.,0.,-1.));
#7113=DIRECTION('',(0.,0.,-1.));
#7114=DIRECTION('',(0.,0.,1.));
#7115=DIRECTION('',(0.,-1.,0.));
#7116=DIRECTION('',(0.,0.,-1.));
#7117=DIRECTION('',(0.,0.,-1.));
#7118=DIRECTION('',(0.,0.,1.));
#7119=DIRECTION('',(0.,-1.,0.));
#7120=DIRECTION('',(0.,0.,-1.));
#7121=DIRECTION('',(0.,0.,-1.));
#7122=DIRECTION('',(0.,-1.,2.27653999472022E-16));
#7123=DIRECTION('',(0.,-2.27653999472022E-16,-1.));
#7124=DIRECTION('',(0.,0.,-1.));
#7125=DIRECTION('',(0.,0.,-1.));
#7126=DIRECTION('',(0.,0.,-1.));
#7127=DIRECTION('',(0.,0.,-1.));
#7128=DIRECTION('',(0.,0.,-1.));
#7129=DIRECTION('',(0.,0.,-1.));
#7130=DIRECTION('',(0.,0.,-1.));
#7131=DIRECTION('',(0.,0.,-1.));
#7132=DIRECTION('',(0.,0.,-1.));
#7133=DIRECTION('',(0.,0.,-1.));
#7134=DIRECTION('',(0.,0.,-1.));
#7135=DIRECTION('',(0.,0.,-1.));
#7136=DIRECTION('',(0.,0.,-1.));
#7137=DIRECTION('',(0.,0.,-1.));
#7138=DIRECTION('',(0.,0.,-1.));
#7139=DIRECTION('',(0.,0.,-1.));
#7140=DIRECTION('',(-1.,0.,0.));
#7141=DIRECTION('',(0.,0.,1.));
#7142=DIRECTION('',(1.,0.,0.));
#7143=DIRECTION('',(0.,0.,-1.));
#7144=DIRECTION('',(-1.,0.,0.));
#7145=DIRECTION('',(0.,0.,1.));
#7146=DIRECTION('',(1.,0.,0.));
#7147=DIRECTION('',(0.,0.,-1.));
#7148=DIRECTION('',(-1.,0.,0.));
#7149=DIRECTION('',(0.,0.,1.));
#7150=DIRECTION('',(1.,0.,0.));
#7151=DIRECTION('',(0.,0.,-1.));
#7152=DIRECTION('',(-1.,0.,0.));
#7153=DIRECTION('',(0.,0.,1.));
#7154=DIRECTION('',(1.,0.,0.));
#7155=DIRECTION('',(0.,0.,-1.));
#7156=DIRECTION('',(-1.,0.,0.));
#7157=DIRECTION('',(0.,0.,1.));
#7158=DIRECTION('',(1.,0.,0.));
#7159=DIRECTION('',(0.,0.,-1.));
#7160=DIRECTION('',(-1.,0.,0.));
#7161=DIRECTION('',(0.,0.,1.));
#7162=DIRECTION('',(1.,0.,0.));
#7163=DIRECTION('',(0.,0.,-1.));
#7164=DIRECTION('',(-1.,0.,0.));
#7165=DIRECTION('',(0.,0.,1.));
#7166=DIRECTION('',(1.,0.,0.));
#7167=DIRECTION('',(0.,0.,-1.));
#7168=DIRECTION('',(1.,0.,0.));
#7169=DIRECTION('',(0.,0.,-1.));
#7170=DIRECTION('',(-1.,0.,0.));
#7171=DIRECTION('',(0.,0.,1.));
#7172=DIRECTION('',(0.,-1.,-1.53666449643615E-17));
#7173=DIRECTION('',(0.,1.53666449643615E-17,-1.));
#7174=DIRECTION('',(0.,0.,1.));
#7175=DIRECTION('',(1.,0.,0.));
#7176=CARTESIAN_POINT('',(0.,0.,0.));
#7177=CARTESIAN_POINT('',(0.,0.25,0.));
#7178=CARTESIAN_POINT('',(-0.0423,0.25,-0.0154944649361263));
#7179=CARTESIAN_POINT('',(-0.0450055350638737,0.25,-0.0154944649361263));
#7180=CARTESIAN_POINT('',(0.0450055350638737,0.25,-0.0154944649361263));
#7181=CARTESIAN_POINT('',(-0.0450055350638737,0.25,-0.0818));
#7182=CARTESIAN_POINT('',(-0.0450055350638737,0.25,-0.0845055350638737));
#7183=CARTESIAN_POINT('',(0.0423,0.25,-0.0845055350638737));
#7184=CARTESIAN_POINT('',(0.0450055350638737,0.25,-0.0845055350638737));
#7185=CARTESIAN_POINT('',(0.0450055350638737,0.25,-0.0182));
#7186=CARTESIAN_POINT('',(0.1577,0.25,-0.0154944649361263));
#7187=CARTESIAN_POINT('',(0.154994464936126,0.25,-0.0154944649361263));
#7188=CARTESIAN_POINT('',(0.245005535063874,0.25,-0.0154944649361263));
#7189=CARTESIAN_POINT('',(0.154994464936126,0.25,-0.0818));
#7190=CARTESIAN_POINT('',(0.154994464936126,0.25,-0.0845055350638737));
#7191=CARTESIAN_POINT('',(0.2423,0.25,-0.0845055350638737));
#7192=CARTESIAN_POINT('',(0.245005535063874,0.25,-0.0845055350638737));
#7193=CARTESIAN_POINT('',(0.245005535063874,0.25,-0.0182));
#7194=CARTESIAN_POINT('',(-0.1273,0.25,0.0668000000000001));
#7195=CARTESIAN_POINT('',(-0.145005535063874,0.25,0.0668));
#7196=CARTESIAN_POINT('',(-0.1273,0.25,0.0845055350638737));
#7197=CARTESIAN_POINT('',(-0.145005535063874,0.25,0.0182));
#7198=CARTESIAN_POINT('',(-0.145005535063874,0.25,0.0154944649361263));
#7199=CARTESIAN_POINT('',(-0.0577,0.25,0.0154944649361263));
#7200=CARTESIAN_POINT('',(-0.0549944649361263,0.25,0.0154944649361263));
#7201=CARTESIAN_POINT('',(-0.0549944649361263,0.25,0.0668));
#7202=CARTESIAN_POINT('',(-0.0549944649361263,0.25,0.0668));
#7203=CARTESIAN_POINT('',(-0.0727,0.25,0.0668));
#7204=CARTESIAN_POINT('',(-0.0727,0.25,0.0845055350638737));
#7205=CARTESIAN_POINT('',(-0.1273,0.25,0.0845055350638737));
#7206=CARTESIAN_POINT('',(0.0727,0.25,0.0668000000000001));
#7207=CARTESIAN_POINT('',(0.0549944649361263,0.25,0.0668));
#7208=CARTESIAN_POINT('',(0.0727,0.25,0.0845055350638737));
#7209=CARTESIAN_POINT('',(0.0549944649361263,0.25,0.0182));
#7210=CARTESIAN_POINT('',(0.0549944649361263,0.25,0.0154944649361263));
#7211=CARTESIAN_POINT('',(0.1423,0.25,0.0154944649361263));
#7212=CARTESIAN_POINT('',(0.145005535063874,0.25,0.0154944649361263));
#7213=CARTESIAN_POINT('',(0.145005535063874,0.25,0.0668));
#7214=CARTESIAN_POINT('',(0.145005535063874,0.25,0.0668));
#7215=CARTESIAN_POINT('',(0.1273,0.25,0.0668));
#7216=CARTESIAN_POINT('',(0.1273,0.25,0.0845055350638737));
#7217=CARTESIAN_POINT('',(0.0727,0.25,0.0845055350638737));
#7218=CARTESIAN_POINT('',(-0.2273,0.25,0.0668000000000001));
#7219=CARTESIAN_POINT('',(-0.245005535063874,0.25,0.0668));
#7220=CARTESIAN_POINT('',(-0.2273,0.25,0.0845055350638737));
#7221=CARTESIAN_POINT('',(-0.245005535063874,0.25,0.0182));
#7222=CARTESIAN_POINT('',(-0.245005535063874,0.25,0.0154944649361263));
#7223=CARTESIAN_POINT('',(-0.1577,0.25,0.0154944649361263));
#7224=CARTESIAN_POINT('',(-0.154994464936126,0.25,0.0154944649361263));
#7225=CARTESIAN_POINT('',(-0.154994464936126,0.25,0.0668));
#7226=CARTESIAN_POINT('',(-0.154994464936126,0.25,0.0668));
#7227=CARTESIAN_POINT('',(-0.1727,0.25,0.0668));
#7228=CARTESIAN_POINT('',(-0.1727,0.25,0.0845055350638737));
#7229=CARTESIAN_POINT('',(-0.2273,0.25,0.0845055350638737));
#7230=CARTESIAN_POINT('',(0.26,0.25,-0.1));
#7231=CARTESIAN_POINT('',(0.26,0.25,-0.1));
#7232=CARTESIAN_POINT('',(-0.26,0.25,-0.1));
#7233=CARTESIAN_POINT('',(-0.26,0.25,-0.1));
#7234=CARTESIAN_POINT('',(-0.26,0.25,0.1));
#7235=CARTESIAN_POINT('',(-0.26,0.25,0.1));
#7236=CARTESIAN_POINT('',(0.26,0.25,0.1));
#7237=CARTESIAN_POINT('',(0.26,0.25,0.1));
#7238=CARTESIAN_POINT('',(0.1727,0.25,0.0668000000000001));
#7239=CARTESIAN_POINT('',(0.154994464936126,0.25,0.0668));
#7240=CARTESIAN_POINT('',(0.1727,0.25,0.0845055350638737));
#7241=CARTESIAN_POINT('',(0.154994464936126,0.25,0.0182));
#7242=CARTESIAN_POINT('',(0.154994464936126,0.25,0.0154944649361263));
#7243=CARTESIAN_POINT('',(0.2423,0.25,0.0154944649361263));
#7244=CARTESIAN_POINT('',(0.245005535063874,0.25,0.0154944649361263));
#7245=CARTESIAN_POINT('',(0.245005535063874,0.25,0.0668));
#7246=CARTESIAN_POINT('',(0.245005535063874,0.25,0.0668));
#7247=CARTESIAN_POINT('',(0.2273,0.25,0.0668));
#7248=CARTESIAN_POINT('',(0.2273,0.25,0.0845055350638737));
#7249=CARTESIAN_POINT('',(0.1727,0.25,0.0845055350638737));
#7250=CARTESIAN_POINT('',(-0.0273,0.25,0.0668000000000001));
#7251=CARTESIAN_POINT('',(-0.0450055350638737,0.25,0.0668));
#7252=CARTESIAN_POINT('',(-0.0273,0.25,0.0845055350638737));
#7253=CARTESIAN_POINT('',(-0.0450055350638737,0.25,0.0182));
#7254=CARTESIAN_POINT('',(-0.0450055350638737,0.25,0.0154944649361263));
#7255=CARTESIAN_POINT('',(0.0423,0.25,0.0154944649361263));
#7256=CARTESIAN_POINT('',(0.0450055350638737,0.25,0.0154944649361263));
#7257=CARTESIAN_POINT('',(0.0450055350638737,0.25,0.0668));
#7258=CARTESIAN_POINT('',(0.0450055350638737,0.25,0.0668));
#7259=CARTESIAN_POINT('',(0.0273,0.25,0.0668));
#7260=CARTESIAN_POINT('',(0.0273,0.25,0.0845055350638737));
#7261=CARTESIAN_POINT('',(-0.0273,0.25,0.0845055350638737));
#7262=CARTESIAN_POINT('',(-0.2423,0.25,-0.0154944649361263));
#7263=CARTESIAN_POINT('',(-0.245005535063874,0.25,-0.0154944649361263));
#7264=CARTESIAN_POINT('',(-0.154994464936126,0.25,-0.0154944649361263));
#7265=CARTESIAN_POINT('',(-0.245005535063874,0.25,-0.0818));
#7266=CARTESIAN_POINT('',(-0.245005535063874,0.25,-0.0845055350638737));
#7267=CARTESIAN_POINT('',(-0.1577,0.25,-0.0845055350638737));
#7268=CARTESIAN_POINT('',(-0.154994464936126,0.25,-0.0845055350638737));
#7269=CARTESIAN_POINT('',(-0.154994464936126,0.25,-0.0182));
#7270=CARTESIAN_POINT('',(0.0577,0.25,-0.0154944649361263));
#7271=CARTESIAN_POINT('',(0.0549944649361263,0.25,-0.0154944649361263));
#7272=CARTESIAN_POINT('',(0.145005535063874,0.25,-0.0154944649361263));
#7273=CARTESIAN_POINT('',(0.0549944649361263,0.25,-0.0818));
#7274=CARTESIAN_POINT('',(0.0549944649361263,0.25,-0.0845055350638737));
#7275=CARTESIAN_POINT('',(0.1423,0.25,-0.0845055350638737));
#7276=CARTESIAN_POINT('',(0.145005535063874,0.25,-0.0845055350638737));
#7277=CARTESIAN_POINT('',(0.145005535063874,0.25,-0.0182));
#7278=CARTESIAN_POINT('',(-0.1423,0.25,-0.0154944649361263));
#7279=CARTESIAN_POINT('',(-0.145005535063874,0.25,-0.0154944649361263));
#7280=CARTESIAN_POINT('',(-0.0549944649361263,0.25,-0.0154944649361263));
#7281=CARTESIAN_POINT('',(-0.145005535063874,0.25,-0.0818));
#7282=CARTESIAN_POINT('',(-0.145005535063874,0.25,-0.0845055350638737));
#7283=CARTESIAN_POINT('',(-0.0577,0.25,-0.0845055350638737));
#7284=CARTESIAN_POINT('',(-0.0549944649361263,0.25,-0.0845055350638737));
#7285=CARTESIAN_POINT('',(-0.0549944649361263,0.25,-0.0182));
#7286=CARTESIAN_POINT('',(0.2125,0.25,-0.0625));
#7287=CARTESIAN_POINT('',(0.2125,0.25,-0.0625));
#7288=CARTESIAN_POINT('',(0.2125,0.095,-0.0625));
#7289=CARTESIAN_POINT('',(0.2125,0.02,-0.0625));
#7290=CARTESIAN_POINT('',(0.2125,0.095,-0.0625));
#7291=CARTESIAN_POINT('',(0.1875,0.095,-0.0625));
#7292=CARTESIAN_POINT('',(0.1875,0.25,-0.0625));
#7293=CARTESIAN_POINT('',(0.1875,0.02,-0.0625));
#7294=CARTESIAN_POINT('',(0.2125,0.02,-0.0625));
#7295=CARTESIAN_POINT('',(0.2125,0.25,-0.0375));
#7296=CARTESIAN_POINT('',(0.2125,0.25,-0.0375));
#7297=CARTESIAN_POINT('',(0.2125,0.095,-0.0375));
#7298=CARTESIAN_POINT('',(0.2125,0.02,-0.0375));
#7299=CARTESIAN_POINT('',(0.2125,0.095,-0.0375));
#7300=CARTESIAN_POINT('',(0.2125,0.02,-0.0375));
#7301=CARTESIAN_POINT('',(0.1875,0.25,-0.0375));
#7302=CARTESIAN_POINT('',(0.1875,0.25,-0.0375));
#7303=CARTESIAN_POINT('',(0.1875,0.095,-0.0375));
#7304=CARTESIAN_POINT('',(0.1875,0.02,-0.0375));
#7305=CARTESIAN_POINT('',(0.1875,0.095,-0.0375));
#7306=CARTESIAN_POINT('',(0.1875,0.02,-0.0375));
#7307=CARTESIAN_POINT('',(0.1125,0.25,-0.0625));
#7308=CARTESIAN_POINT('',(0.1125,0.25,-0.0625));
#7309=CARTESIAN_POINT('',(0.1125,0.095,-0.0625));
#7310=CARTESIAN_POINT('',(0.1125,0.02,-0.0625));
#7311=CARTESIAN_POINT('',(0.1125,0.095,-0.0625));
#7312=CARTESIAN_POINT('',(0.0875,0.095,-0.0625));
#7313=CARTESIAN_POINT('',(0.0875,0.25,-0.0625));
#7314=CARTESIAN_POINT('',(0.0875,0.02,-0.0625));
#7315=CARTESIAN_POINT('',(0.1125,0.02,-0.0625));
#7316=CARTESIAN_POINT('',(0.1125,0.25,-0.0375));
#7317=CARTESIAN_POINT('',(0.1125,0.25,-0.0375));
#7318=CARTESIAN_POINT('',(0.1125,0.095,-0.0375));
#7319=CARTESIAN_POINT('',(0.1125,0.02,-0.0375));
#7320=CARTESIAN_POINT('',(0.1125,0.095,-0.0375));
#7321=CARTESIAN_POINT('',(0.1125,0.02,-0.0375));
#7322=CARTESIAN_POINT('',(0.0875,0.25,-0.0375));
#7323=CARTESIAN_POINT('',(0.0875,0.25,-0.0375));
#7324=CARTESIAN_POINT('',(0.0875,0.095,-0.0375));
#7325=CARTESIAN_POINT('',(0.0875,0.02,-0.0375));
#7326=CARTESIAN_POINT('',(0.0875,0.095,-0.0375));
#7327=CARTESIAN_POINT('',(0.0875,0.02,-0.0375));
#7328=CARTESIAN_POINT('',(0.0125,0.25,-0.0625));
#7329=CARTESIAN_POINT('',(0.0125,0.25,-0.0625));
#7330=CARTESIAN_POINT('',(0.0125,0.095,-0.0625));
#7331=CARTESIAN_POINT('',(0.0125,0.02,-0.0625));
#7332=CARTESIAN_POINT('',(0.0125,0.095,-0.0625));
#7333=CARTESIAN_POINT('',(-0.0125,0.095,-0.0625));
#7334=CARTESIAN_POINT('',(-0.0125,0.25,-0.0625));
#7335=CARTESIAN_POINT('',(-0.0125,0.02,-0.0625));
#7336=CARTESIAN_POINT('',(0.0125,0.02,-0.0625));
#7337=CARTESIAN_POINT('',(0.0125,0.25,-0.0375));
#7338=CARTESIAN_POINT('',(0.0125,0.25,-0.0375));
#7339=CARTESIAN_POINT('',(0.0125,0.095,-0.0375));
#7340=CARTESIAN_POINT('',(0.0125,0.02,-0.0375));
#7341=CARTESIAN_POINT('',(0.0125,0.095,-0.0375));
#7342=CARTESIAN_POINT('',(0.0125,0.02,-0.0375));
#7343=CARTESIAN_POINT('',(-0.0125,0.25,-0.0375));
#7344=CARTESIAN_POINT('',(-0.0125,0.25,-0.0375));
#7345=CARTESIAN_POINT('',(-0.0125,0.095,-0.0375));
#7346=CARTESIAN_POINT('',(-0.0125,0.02,-0.0375));
#7347=CARTESIAN_POINT('',(-0.0125,0.095,-0.0375));
#7348=CARTESIAN_POINT('',(-0.0125,0.02,-0.0375));
#7349=CARTESIAN_POINT('',(-0.0875,0.25,-0.0625));
#7350=CARTESIAN_POINT('',(-0.0875,0.25,-0.0625));
#7351=CARTESIAN_POINT('',(-0.0875,0.095,-0.0625));
#7352=CARTESIAN_POINT('',(-0.0875,0.02,-0.0625));
#7353=CARTESIAN_POINT('',(-0.0875,0.095,-0.0625));
#7354=CARTESIAN_POINT('',(-0.1125,0.095,-0.0625));
#7355=CARTESIAN_POINT('',(-0.1125,0.25,-0.0625));
#7356=CARTESIAN_POINT('',(-0.1125,0.02,-0.0625));
#7357=CARTESIAN_POINT('',(-0.0875,0.02,-0.0625));
#7358=CARTESIAN_POINT('',(-0.0875,0.25,-0.0375));
#7359=CARTESIAN_POINT('',(-0.0875,0.25,-0.0375));
#7360=CARTESIAN_POINT('',(-0.0875,0.095,-0.0375));
#7361=CARTESIAN_POINT('',(-0.0875,0.02,-0.0375));
#7362=CARTESIAN_POINT('',(-0.0875,0.095,-0.0375));
#7363=CARTESIAN_POINT('',(-0.0875,0.02,-0.0375));
#7364=CARTESIAN_POINT('',(-0.1125,0.25,-0.0375));
#7365=CARTESIAN_POINT('',(-0.1125,0.25,-0.0375));
#7366=CARTESIAN_POINT('',(-0.1125,0.095,-0.0375));
#7367=CARTESIAN_POINT('',(-0.1125,0.02,-0.0375));
#7368=CARTESIAN_POINT('',(-0.1125,0.095,-0.0375));
#7369=CARTESIAN_POINT('',(-0.1125,0.02,-0.0375));
#7370=CARTESIAN_POINT('',(0.1875,0.25,-0.0625));
#7371=CARTESIAN_POINT('',(0.1875,0.095,-0.0625));
#7372=CARTESIAN_POINT('',(0.1875,0.02,-0.0625));
#7373=CARTESIAN_POINT('',(0.0875,0.25,-0.0625));
#7374=CARTESIAN_POINT('',(0.0875,0.095,-0.0625));
#7375=CARTESIAN_POINT('',(0.0875,0.02,-0.0625));
#7376=CARTESIAN_POINT('',(-0.0125,0.25,-0.0625));
#7377=CARTESIAN_POINT('',(-0.0125,0.095,-0.0625));
#7378=CARTESIAN_POINT('',(-0.0125,0.02,-0.0625));
#7379=CARTESIAN_POINT('',(-0.1125,0.25,-0.0625));
#7380=CARTESIAN_POINT('',(-0.1125,0.095,-0.0625));
#7381=CARTESIAN_POINT('',(-0.1125,0.02,-0.0625));
#7382=CARTESIAN_POINT('',(-0.1875,0.25,-0.0625));
#7383=CARTESIAN_POINT('',(-0.1875,0.25,-0.0625));
#7384=CARTESIAN_POINT('',(-0.1875,0.095,-0.0625));
#7385=CARTESIAN_POINT('',(-0.1875,0.02,-0.0625));
#7386=CARTESIAN_POINT('',(-0.1875,0.095,-0.0625));
#7387=CARTESIAN_POINT('',(-0.2125,0.095,-0.0625));
#7388=CARTESIAN_POINT('',(-0.2125,0.25,-0.0625));
#7389=CARTESIAN_POINT('',(-0.2125,0.02,-0.0625));
#7390=CARTESIAN_POINT('',(-0.1875,0.02,-0.0625));
#7391=CARTESIAN_POINT('',(-0.1875,0.25,-0.0375));
#7392=CARTESIAN_POINT('',(-0.1875,0.25,-0.0375));
#7393=CARTESIAN_POINT('',(-0.1875,0.095,-0.0375));
#7394=CARTESIAN_POINT('',(-0.1875,0.02,-0.0375));
#7395=CARTESIAN_POINT('',(-0.1875,0.095,-0.0375));
#7396=CARTESIAN_POINT('',(-0.1875,0.02,-0.0375));
#7397=CARTESIAN_POINT('',(-0.2125,0.25,-0.0375));
#7398=CARTESIAN_POINT('',(-0.2125,0.25,-0.0375));
#7399=CARTESIAN_POINT('',(-0.2125,0.095,-0.0375));
#7400=CARTESIAN_POINT('',(-0.2125,0.02,-0.0375));
#7401=CARTESIAN_POINT('',(-0.2125,0.095,-0.0375));
#7402=CARTESIAN_POINT('',(-0.2125,0.02,-0.0375));
#7403=CARTESIAN_POINT('',(-0.2125,0.25,-0.0625));
#7404=CARTESIAN_POINT('',(-0.2125,0.095,-0.0625));
#7405=CARTESIAN_POINT('',(-0.2125,0.02,-0.0625));
#7406=CARTESIAN_POINT('',(0.2125,0.25,0.0375));
#7407=CARTESIAN_POINT('',(0.2125,0.25,0.0375));
#7408=CARTESIAN_POINT('',(0.2125,0.095,0.0375));
#7409=CARTESIAN_POINT('',(0.2125,0.02,0.0375));
#7410=CARTESIAN_POINT('',(0.2125,0.095,0.0375));
#7411=CARTESIAN_POINT('',(0.1875,0.095,0.0375));
#7412=CARTESIAN_POINT('',(0.1875,0.25,0.0375));
#7413=CARTESIAN_POINT('',(0.1875,0.02,0.0375));
#7414=CARTESIAN_POINT('',(0.2125,0.02,0.0375));
#7415=CARTESIAN_POINT('',(0.2125,0.25,0.0625));
#7416=CARTESIAN_POINT('',(0.2125,0.25,0.0625));
#7417=CARTESIAN_POINT('',(0.2125,0.095,0.0625));
#7418=CARTESIAN_POINT('',(0.2125,0.02,0.0625));
#7419=CARTESIAN_POINT('',(0.2125,0.095,0.0625));
#7420=CARTESIAN_POINT('',(0.2125,0.02,0.0625));
#7421=CARTESIAN_POINT('',(0.1875,0.25,0.0625));
#7422=CARTESIAN_POINT('',(0.1875,0.25,0.0625));
#7423=CARTESIAN_POINT('',(0.1875,0.095,0.0625));
#7424=CARTESIAN_POINT('',(0.1875,0.02,0.0625));
#7425=CARTESIAN_POINT('',(0.1875,0.095,0.0625));
#7426=CARTESIAN_POINT('',(0.1875,0.02,0.0625));
#7427=CARTESIAN_POINT('',(0.1125,0.25,0.0375));
#7428=CARTESIAN_POINT('',(0.1125,0.25,0.0375));
#7429=CARTESIAN_POINT('',(0.1125,0.095,0.0375));
#7430=CARTESIAN_POINT('',(0.1125,0.02,0.0375));
#7431=CARTESIAN_POINT('',(0.1125,0.095,0.0375));
#7432=CARTESIAN_POINT('',(0.0875,0.095,0.0375));
#7433=CARTESIAN_POINT('',(0.0875,0.25,0.0375));
#7434=CARTESIAN_POINT('',(0.0875,0.02,0.0375));
#7435=CARTESIAN_POINT('',(0.1125,0.02,0.0375));
#7436=CARTESIAN_POINT('',(0.1125,0.25,0.0625));
#7437=CARTESIAN_POINT('',(0.1125,0.25,0.0625));
#7438=CARTESIAN_POINT('',(0.1125,0.095,0.0625));
#7439=CARTESIAN_POINT('',(0.1125,0.02,0.0625));
#7440=CARTESIAN_POINT('',(0.1125,0.095,0.0625));
#7441=CARTESIAN_POINT('',(0.1125,0.02,0.0625));
#7442=CARTESIAN_POINT('',(0.0875,0.25,0.0625));
#7443=CARTESIAN_POINT('',(0.0875,0.25,0.0625));
#7444=CARTESIAN_POINT('',(0.0875,0.095,0.0625));
#7445=CARTESIAN_POINT('',(0.0875,0.02,0.0625));
#7446=CARTESIAN_POINT('',(0.0875,0.095,0.0625));
#7447=CARTESIAN_POINT('',(0.0875,0.02,0.0625));
#7448=CARTESIAN_POINT('',(0.0125,0.25,0.0375));
#7449=CARTESIAN_POINT('',(0.0125,0.25,0.0375));
#7450=CARTESIAN_POINT('',(0.0125,0.095,0.0375));
#7451=CARTESIAN_POINT('',(0.0125,0.02,0.0375));
#7452=CARTESIAN_POINT('',(0.0125,0.095,0.0375));
#7453=CARTESIAN_POINT('',(-0.0125,0.095,0.0375));
#7454=CARTESIAN_POINT('',(-0.0125,0.25,0.0375));
#7455=CARTESIAN_POINT('',(-0.0125,0.02,0.0375));
#7456=CARTESIAN_POINT('',(0.0125,0.02,0.0375));
#7457=CARTESIAN_POINT('',(0.0125,0.25,0.0625));
#7458=CARTESIAN_POINT('',(0.0125,0.25,0.0625));
#7459=CARTESIAN_POINT('',(0.0125,0.095,0.0625));
#7460=CARTESIAN_POINT('',(0.0125,0.02,0.0625));
#7461=CARTESIAN_POINT('',(0.0125,0.095,0.0625));
#7462=CARTESIAN_POINT('',(0.0125,0.02,0.0625));
#7463=CARTESIAN_POINT('',(-0.0125,0.25,0.0625));
#7464=CARTESIAN_POINT('',(-0.0125,0.25,0.0625));
#7465=CARTESIAN_POINT('',(-0.0125,0.095,0.0625));
#7466=CARTESIAN_POINT('',(-0.0125,0.02,0.0625));
#7467=CARTESIAN_POINT('',(-0.0125,0.095,0.0625));
#7468=CARTESIAN_POINT('',(-0.0125,0.02,0.0625));
#7469=CARTESIAN_POINT('',(-0.0875,0.25,0.0375));
#7470=CARTESIAN_POINT('',(-0.0875,0.25,0.0375));
#7471=CARTESIAN_POINT('',(-0.0875,0.095,0.0375));
#7472=CARTESIAN_POINT('',(-0.0875,0.02,0.0375));
#7473=CARTESIAN_POINT('',(-0.0875,0.095,0.0375));
#7474=CARTESIAN_POINT('',(-0.1125,0.095,0.0375));
#7475=CARTESIAN_POINT('',(-0.1125,0.25,0.0375));
#7476=CARTESIAN_POINT('',(-0.1125,0.02,0.0375));
#7477=CARTESIAN_POINT('',(-0.0875,0.02,0.0375));
#7478=CARTESIAN_POINT('',(-0.0875,0.25,0.0625));
#7479=CARTESIAN_POINT('',(-0.0875,0.25,0.0625));
#7480=CARTESIAN_POINT('',(-0.0875,0.095,0.0625));
#7481=CARTESIAN_POINT('',(-0.0875,0.02,0.0625));
#7482=CARTESIAN_POINT('',(-0.0875,0.095,0.0625));
#7483=CARTESIAN_POINT('',(-0.0875,0.02,0.0625));
#7484=CARTESIAN_POINT('',(-0.1125,0.25,0.0625));
#7485=CARTESIAN_POINT('',(-0.1125,0.25,0.0625));
#7486=CARTESIAN_POINT('',(-0.1125,0.095,0.0625));
#7487=CARTESIAN_POINT('',(-0.1125,0.02,0.0625));
#7488=CARTESIAN_POINT('',(-0.1125,0.095,0.0625));
#7489=CARTESIAN_POINT('',(-0.1125,0.02,0.0625));
#7490=CARTESIAN_POINT('',(0.1875,0.25,0.0375));
#7491=CARTESIAN_POINT('',(0.1875,0.095,0.0375));
#7492=CARTESIAN_POINT('',(0.1875,0.02,0.0375));
#7493=CARTESIAN_POINT('',(0.0875,0.25,0.0375));
#7494=CARTESIAN_POINT('',(0.0875,0.095,0.0375));
#7495=CARTESIAN_POINT('',(0.0875,0.02,0.0375));
#7496=CARTESIAN_POINT('',(-0.0125,0.25,0.0375));
#7497=CARTESIAN_POINT('',(-0.0125,0.095,0.0375));
#7498=CARTESIAN_POINT('',(-0.0125,0.02,0.0375));
#7499=CARTESIAN_POINT('',(-0.1125,0.25,0.0375));
#7500=CARTESIAN_POINT('',(-0.1125,0.095,0.0375));
#7501=CARTESIAN_POINT('',(-0.1125,0.02,0.0375));
#7502=CARTESIAN_POINT('',(-0.1875,0.25,0.0375));
#7503=CARTESIAN_POINT('',(-0.1875,0.25,0.0375));
#7504=CARTESIAN_POINT('',(-0.1875,0.095,0.0375));
#7505=CARTESIAN_POINT('',(-0.1875,0.02,0.0375));
#7506=CARTESIAN_POINT('',(-0.1875,0.095,0.0375));
#7507=CARTESIAN_POINT('',(-0.2125,0.095,0.0375));
#7508=CARTESIAN_POINT('',(-0.2125,0.25,0.0375));
#7509=CARTESIAN_POINT('',(-0.2125,0.02,0.0375));
#7510=CARTESIAN_POINT('',(-0.1875,0.02,0.0375));
#7511=CARTESIAN_POINT('',(-0.1875,0.25,0.0625));
#7512=CARTESIAN_POINT('',(-0.1875,0.25,0.0625));
#7513=CARTESIAN_POINT('',(-0.1875,0.095,0.0625));
#7514=CARTESIAN_POINT('',(-0.1875,0.02,0.0625));
#7515=CARTESIAN_POINT('',(-0.1875,0.095,0.0625));
#7516=CARTESIAN_POINT('',(-0.1875,0.02,0.0625));
#7517=CARTESIAN_POINT('',(-0.2125,0.25,0.0625));
#7518=CARTESIAN_POINT('',(-0.2125,0.25,0.0625));
#7519=CARTESIAN_POINT('',(-0.2125,0.095,0.0625));
#7520=CARTESIAN_POINT('',(-0.2125,0.02,0.0625));
#7521=CARTESIAN_POINT('',(-0.2125,0.095,0.0625));
#7522=CARTESIAN_POINT('',(-0.2125,0.02,0.0625));
#7523=CARTESIAN_POINT('',(-0.2125,0.25,0.0375));
#7524=CARTESIAN_POINT('',(-0.2125,0.095,0.0375));
#7525=CARTESIAN_POINT('',(-0.2125,0.02,0.0375));
#7526=CARTESIAN_POINT('',(0.,0.,0.));
#7527=CARTESIAN_POINT('',(0.,0.,-0.035));
#7528=CARTESIAN_POINT('',(0.2375,0.,-0.035));
#7529=CARTESIAN_POINT('',(0.249,0.,-0.035));
#7530=CARTESIAN_POINT('',(0.2375,0.,0.));
#7531=CARTESIAN_POINT('',(0.2375,0.,-0.1));
#7532=CARTESIAN_POINT('',(0.26,0.,-0.1));
#7533=CARTESIAN_POINT('',(0.26,0.,-0.1));
#7534=CARTESIAN_POINT('',(0.26,0.,0.1));
#7535=CARTESIAN_POINT('',(0.26,0.,0.1));
#7536=CARTESIAN_POINT('',(-0.26,0.,0.1));
#7537=CARTESIAN_POINT('',(0.2375,0.,0.1));
#7538=CARTESIAN_POINT('',(0.2375,0.,0.));
#7539=CARTESIAN_POINT('',(0.2375,0.,0.035));
#7540=CARTESIAN_POINT('',(0.,0.,0.035));
#7541=CARTESIAN_POINT('',(0.249,0.,0.035));
#7542=CARTESIAN_POINT('',(0.249,0.,0.));
#7543=CARTESIAN_POINT('',(0.,0.,0.));
#7544=CARTESIAN_POINT('',(0.,0.,-0.035));
#7545=CARTESIAN_POINT('',(0.1375,0.,-0.035));
#7546=CARTESIAN_POINT('',(0.1625,0.,-0.035));
#7547=CARTESIAN_POINT('',(0.1375,0.,0.));
#7548=CARTESIAN_POINT('',(0.1375,0.,-0.1));
#7549=CARTESIAN_POINT('',(0.26,0.,-0.1));
#7550=CARTESIAN_POINT('',(0.1625,0.,-0.1));
#7551=CARTESIAN_POINT('',(0.1625,0.,0.));
#7552=CARTESIAN_POINT('',(0.,0.,0.));
#7553=CARTESIAN_POINT('',(0.,0.,0.035));
#7554=CARTESIAN_POINT('',(0.1625,0.,0.035));
#7555=CARTESIAN_POINT('',(0.1375,0.,0.035));
#7556=CARTESIAN_POINT('',(0.1625,0.,0.));
#7557=CARTESIAN_POINT('',(0.1625,0.,0.1));
#7558=CARTESIAN_POINT('',(-0.26,0.,0.1));
#7559=CARTESIAN_POINT('',(0.1375,0.,0.1));
#7560=CARTESIAN_POINT('',(0.1375,0.,0.));
#7561=CARTESIAN_POINT('',(0.,0.,0.));
#7562=CARTESIAN_POINT('',(0.,0.,-0.035));
#7563=CARTESIAN_POINT('',(0.0374999999999999,0.,-0.035));
#7564=CARTESIAN_POINT('',(0.0625,0.,-0.035));
#7565=CARTESIAN_POINT('',(0.0375,0.,0.));
#7566=CARTESIAN_POINT('',(0.0375,0.,-0.1));
#7567=CARTESIAN_POINT('',(0.26,0.,-0.1));
#7568=CARTESIAN_POINT('',(0.0625,0.,-0.1));
#7569=CARTESIAN_POINT('',(0.0625,0.,0.));
#7570=CARTESIAN_POINT('',(0.,0.,0.));
#7571=CARTESIAN_POINT('',(0.,0.,0.035));
#7572=CARTESIAN_POINT('',(0.0625,0.,0.035));
#7573=CARTESIAN_POINT('',(0.0374999999999999,0.,0.035));
#7574=CARTESIAN_POINT('',(0.0625,0.,0.));
#7575=CARTESIAN_POINT('',(0.0624999999999998,0.,0.1));
#7576=CARTESIAN_POINT('',(-0.26,0.,0.1));
#7577=CARTESIAN_POINT('',(0.0375,0.,0.1));
#7578=CARTESIAN_POINT('',(0.0375,0.,0.));
#7579=CARTESIAN_POINT('',(0.,0.,0.));
#7580=CARTESIAN_POINT('',(0.,0.,-0.035));
#7581=CARTESIAN_POINT('',(-0.0625000000000001,0.,-0.035));
#7582=CARTESIAN_POINT('',(-0.0375,0.,-0.035));
#7583=CARTESIAN_POINT('',(-0.0625,0.,0.));
#7584=CARTESIAN_POINT('',(-0.0625,0.,-0.1));
#7585=CARTESIAN_POINT('',(0.26,0.,-0.1));
#7586=CARTESIAN_POINT('',(-0.0375,0.,-0.1));
#7587=CARTESIAN_POINT('',(-0.0375,0.,0.));
#7588=CARTESIAN_POINT('',(0.,0.,0.));
#7589=CARTESIAN_POINT('',(0.,0.,0.035));
#7590=CARTESIAN_POINT('',(-0.0375,0.,0.035));
#7591=CARTESIAN_POINT('',(-0.0625000000000001,0.,0.035));
#7592=CARTESIAN_POINT('',(-0.0375,0.,0.));
#7593=CARTESIAN_POINT('',(-0.0375000000000001,0.,0.1));
#7594=CARTESIAN_POINT('',(-0.26,0.,0.1));
#7595=CARTESIAN_POINT('',(-0.0625,0.,0.1));
#7596=CARTESIAN_POINT('',(-0.0625,0.,0.));
#7597=CARTESIAN_POINT('',(0.,0.,0.));
#7598=CARTESIAN_POINT('',(0.,0.,-0.035));
#7599=CARTESIAN_POINT('',(-0.1625,0.,-0.035));
#7600=CARTESIAN_POINT('',(-0.1375,0.,-0.035));
#7601=CARTESIAN_POINT('',(-0.1625,0.,0.));
#7602=CARTESIAN_POINT('',(-0.1625,0.,-0.1));
#7603=CARTESIAN_POINT('',(0.26,0.,-0.1));
#7604=CARTESIAN_POINT('',(-0.1375,0.,-0.1));
#7605=CARTESIAN_POINT('',(-0.1375,0.,0.));
#7606=CARTESIAN_POINT('',(0.,0.,0.));
#7607=CARTESIAN_POINT('',(0.,0.,0.035));
#7608=CARTESIAN_POINT('',(-0.1375,0.,0.035));
#7609=CARTESIAN_POINT('',(-0.1625,0.,0.035));
#7610=CARTESIAN_POINT('',(-0.1375,0.,0.));
#7611=CARTESIAN_POINT('',(-0.1375,0.,0.1));
#7612=CARTESIAN_POINT('',(-0.26,0.,0.1));
#7613=CARTESIAN_POINT('',(-0.1625,0.,0.1));
#7614=CARTESIAN_POINT('',(-0.1625,0.,0.));
#7615=CARTESIAN_POINT('',(-0.1625,0.,0.25));
#7616=CARTESIAN_POINT('',(-0.1625,0.,-0.035));
#7617=CARTESIAN_POINT('',(-0.1625,0.02,-0.035));
#7618=CARTESIAN_POINT('',(-0.1625,0.02,0.25));
#7619=CARTESIAN_POINT('',(-0.1625,0.02,-0.1));
#7620=CARTESIAN_POINT('',(-0.1625,0.25,-0.1));
#7621=CARTESIAN_POINT('',(-0.1625,0.,0.25));
#7622=CARTESIAN_POINT('',(-0.1625,0.02,0.25));
#7623=CARTESIAN_POINT('',(-0.1625,0.02,0.1));
#7624=CARTESIAN_POINT('',(-0.1625,0.02,0.035));
#7625=CARTESIAN_POINT('',(-0.1625,0.,0.035));
#7626=CARTESIAN_POINT('',(-0.1625,0.25,0.1));
#7627=CARTESIAN_POINT('',(-0.0625,0.,0.25));
#7628=CARTESIAN_POINT('',(-0.0625,0.,-0.035));
#7629=CARTESIAN_POINT('',(-0.0625000000000001,0.02,-0.035));
#7630=CARTESIAN_POINT('',(-0.0625,0.02,0.25));
#7631=CARTESIAN_POINT('',(-0.0625,0.02,-0.1));
#7632=CARTESIAN_POINT('',(-0.0625000000000001,0.25,-0.1));
#7633=CARTESIAN_POINT('',(-0.0625,0.,0.25));
#7634=CARTESIAN_POINT('',(-0.0625,0.02,0.25));
#7635=CARTESIAN_POINT('',(-0.0625,0.02,0.1));
#7636=CARTESIAN_POINT('',(-0.0625,0.02,0.035));
#7637=CARTESIAN_POINT('',(-0.0625,0.,0.035));
#7638=CARTESIAN_POINT('',(-0.0625,0.25,0.1));
#7639=CARTESIAN_POINT('',(-0.1375,0.02,0.25));
#7640=CARTESIAN_POINT('',(-0.1375,0.02,0.25));
#7641=CARTESIAN_POINT('',(-0.1375,0.02,-0.035));
#7642=CARTESIAN_POINT('',(-0.1375,0.02,-0.1));
#7643=CARTESIAN_POINT('',(-0.1375,0.02,-0.035));
#7644=CARTESIAN_POINT('',(-0.1375,0.25,-0.1));
#7645=CARTESIAN_POINT('',(-0.1375,0.02,0.25));
#7646=CARTESIAN_POINT('',(-0.1375,0.02,0.035));
#7647=CARTESIAN_POINT('',(-0.1375,0.02,0.035));
#7648=CARTESIAN_POINT('',(-0.1375,0.02,0.25));
#7649=CARTESIAN_POINT('',(-0.1375,0.02,0.1));
#7650=CARTESIAN_POINT('',(-0.1375,0.25,0.1));
#7651=CARTESIAN_POINT('',(0.0375,0.,0.25));
#7652=CARTESIAN_POINT('',(0.0375,0.,-0.035));
#7653=CARTESIAN_POINT('',(0.0375,0.02,-0.035));
#7654=CARTESIAN_POINT('',(0.0375,0.02,0.25));
#7655=CARTESIAN_POINT('',(0.0375,0.02,-0.1));
#7656=CARTESIAN_POINT('',(0.0375,0.25,-0.1));
#7657=CARTESIAN_POINT('',(0.0375,0.,0.25));
#7658=CARTESIAN_POINT('',(0.0375,0.02,0.25));
#7659=CARTESIAN_POINT('',(0.0375,0.02,0.1));
#7660=CARTESIAN_POINT('',(0.0375,0.02,0.035));
#7661=CARTESIAN_POINT('',(0.0375,0.,0.035));
#7662=CARTESIAN_POINT('',(0.0375,0.25,0.1));
#7663=CARTESIAN_POINT('',(-0.0375,0.02,0.25));
#7664=CARTESIAN_POINT('',(-0.0375,0.02,0.25));
#7665=CARTESIAN_POINT('',(-0.0375,0.02,-0.035));
#7666=CARTESIAN_POINT('',(-0.0375,0.02,-0.1));
#7667=CARTESIAN_POINT('',(-0.0375,0.02,-0.035));
#7668=CARTESIAN_POINT('',(-0.0375,0.25,-0.1));
#7669=CARTESIAN_POINT('',(-0.0375,0.02,0.25));
#7670=CARTESIAN_POINT('',(-0.0375,0.02,0.035));
#7671=CARTESIAN_POINT('',(-0.0375,0.02,0.035));
#7672=CARTESIAN_POINT('',(-0.0375,0.02,0.25));
#7673=CARTESIAN_POINT('',(-0.0375,0.02,0.1));
#7674=CARTESIAN_POINT('',(-0.0375,0.25,0.1));
#7675=CARTESIAN_POINT('',(0.1375,0.,0.25));
#7676=CARTESIAN_POINT('',(0.1375,0.,-0.035));
#7677=CARTESIAN_POINT('',(0.1375,0.02,-0.035));
#7678=CARTESIAN_POINT('',(0.1375,0.02,0.25));
#7679=CARTESIAN_POINT('',(0.1375,0.02,-0.1));
#7680=CARTESIAN_POINT('',(0.1375,0.25,-0.1));
#7681=CARTESIAN_POINT('',(0.1375,0.,0.25));
#7682=CARTESIAN_POINT('',(0.1375,0.02,0.25));
#7683=CARTESIAN_POINT('',(0.1375,0.02,0.1));
#7684=CARTESIAN_POINT('',(0.1375,0.02,0.035));
#7685=CARTESIAN_POINT('',(0.1375,0.,0.035));
#7686=CARTESIAN_POINT('',(0.1375,0.25,0.1));
#7687=CARTESIAN_POINT('',(0.0625,0.02,0.25));
#7688=CARTESIAN_POINT('',(0.0625,0.02,0.25));
#7689=CARTESIAN_POINT('',(0.0625,0.02,-0.035));
#7690=CARTESIAN_POINT('',(0.0625,0.02,-0.1));
#7691=CARTESIAN_POINT('',(0.0625,0.02,-0.035));
#7692=CARTESIAN_POINT('',(0.0625,0.25,-0.1));
#7693=CARTESIAN_POINT('',(0.0625,0.02,0.25));
#7694=CARTESIAN_POINT('',(0.0625,0.02,0.035));
#7695=CARTESIAN_POINT('',(0.0625,0.02,0.035));
#7696=CARTESIAN_POINT('',(0.0625,0.02,0.25));
#7697=CARTESIAN_POINT('',(0.0625,0.02,0.1));
#7698=CARTESIAN_POINT('',(0.0625,0.25,0.1));
#7699=CARTESIAN_POINT('',(0.2375,0.,0.25));
#7700=CARTESIAN_POINT('',(0.2375,0.,-0.035));
#7701=CARTESIAN_POINT('',(0.2375,0.02,-0.035));
#7702=CARTESIAN_POINT('',(0.2375,0.02,0.25));
#7703=CARTESIAN_POINT('',(0.2375,0.02,-0.1));
#7704=CARTESIAN_POINT('',(0.2375,0.25,-0.1));
#7705=CARTESIAN_POINT('',(0.2375,0.,0.25));
#7706=CARTESIAN_POINT('',(0.2375,0.02,0.25));
#7707=CARTESIAN_POINT('',(0.2375,0.02,0.1));
#7708=CARTESIAN_POINT('',(0.2375,0.02,0.035));
#7709=CARTESIAN_POINT('',(0.2375,0.,0.035));
#7710=CARTESIAN_POINT('',(0.2375,0.25,0.1));
#7711=CARTESIAN_POINT('',(0.1625,0.02,0.25));
#7712=CARTESIAN_POINT('',(0.1625,0.02,0.25));
#7713=CARTESIAN_POINT('',(0.1625,0.02,-0.035));
#7714=CARTESIAN_POINT('',(0.1625,0.02,-0.1));
#7715=CARTESIAN_POINT('',(0.1625,0.02,-0.035));
#7716=CARTESIAN_POINT('',(0.1625,0.25,-0.1));
#7717=CARTESIAN_POINT('',(0.1625,0.02,0.25));
#7718=CARTESIAN_POINT('',(0.1625,0.02,0.035));
#7719=CARTESIAN_POINT('',(0.1625,0.02,0.035));
#7720=CARTESIAN_POINT('',(0.1625,0.02,0.25));
#7721=CARTESIAN_POINT('',(0.1625,0.02,0.1));
#7722=CARTESIAN_POINT('',(0.1625,0.25,0.1));
#7723=CARTESIAN_POINT('',(0.26,0.25,-0.1));
#7724=CARTESIAN_POINT('',(0.26,0.02,-0.1));
#7725=CARTESIAN_POINT('',(0.26,0.02,-0.1));
#7726=CARTESIAN_POINT('',(0.26,0.02,-0.1));
#7727=CARTESIAN_POINT('',(0.26,0.02,-0.1));
#7728=CARTESIAN_POINT('',(0.26,0.02,-0.1));
#7729=CARTESIAN_POINT('',(-0.2375,0.02,-0.1));
#7730=CARTESIAN_POINT('',(-0.2375,0.25,-0.1));
#7731=CARTESIAN_POINT('',(-0.2375,0.,-0.1));
#7732=CARTESIAN_POINT('',(0.26,0.,-0.1));
#7733=CARTESIAN_POINT('',(-0.26,0.,-0.1));
#7734=CARTESIAN_POINT('',(-0.26,0.25,-0.1));
#7735=CARTESIAN_POINT('',(0.26,0.25,-0.1));
#7736=CARTESIAN_POINT('',(-0.26,0.25,0.1));
#7737=CARTESIAN_POINT('',(0.26,0.25,0.1));
#7738=CARTESIAN_POINT('',(-0.26,0.25,0.1));
#7739=CARTESIAN_POINT('',(-0.26,0.,0.1));
#7740=CARTESIAN_POINT('',(-0.26,0.,0.1));
#7741=CARTESIAN_POINT('',(-0.2375,0.,0.1));
#7742=CARTESIAN_POINT('',(-0.2375,0.25,0.1));
#7743=CARTESIAN_POINT('',(-0.2375,0.02,0.1));
#7744=CARTESIAN_POINT('',(-0.26,0.02,0.1));
#7745=CARTESIAN_POINT('',(-0.26,0.02,0.1));
#7746=CARTESIAN_POINT('',(-0.26,0.02,0.1));
#7747=CARTESIAN_POINT('',(-0.26,0.02,0.1));
#7748=CARTESIAN_POINT('',(-0.26,0.02,0.1));
#7749=CARTESIAN_POINT('',(0.,0.,0.));
#7750=CARTESIAN_POINT('',(-0.2375,0.,0.));
#7751=CARTESIAN_POINT('',(-0.26,0.,-0.1));
#7752=CARTESIAN_POINT('',(-0.26,0.25,-0.1));
#7753=CARTESIAN_POINT('',(0.26,0.25,0.1));
#7754=CARTESIAN_POINT('',(-0.2375,0.02,0.25));
#7755=CARTESIAN_POINT('',(-0.2375,0.02,0.25));
#7756=CARTESIAN_POINT('',(0.2375,0.02,0.25));
#7757=CARTESIAN_POINT('',(0.249,0.02,-0.035));
#7758=CARTESIAN_POINT('',(0.249,0.02,-0.035));
#7759=CARTESIAN_POINT('',(0.249,0.02,-0.035));
#7760=CARTESIAN_POINT('',(0.249,0.02,0.035));
#7761=CARTESIAN_POINT('',(0.249,0.02,0.035));
#7762=CARTESIAN_POINT('',(-0.2375,0.02,0.035));
#7763=CARTESIAN_POINT('',(-0.2375,0.02,0.035));
#7764=CARTESIAN_POINT('',(-0.2375,0.02,0.035));
#7765=CARTESIAN_POINT('',(-0.2375,0.02,0.035));
#7766=CARTESIAN_POINT('',(-0.2375,0.02,0.035));
#7767=CARTESIAN_POINT('',(0.249,0.02,-0.035));
#7768=CARTESIAN_POINT('',(0.249,0.02,-0.035));
#7769=CARTESIAN_POINT('',(0.249,0.02,-0.035));
#7770=CARTESIAN_POINT('',(-0.2375,0.02,0.035));
#7771=CARTESIAN_POINT('',(0.249,0.02,-0.035));
#7772=CARTESIAN_POINT('',(-0.2375,0.02,0.035));
#7773=CARTESIAN_POINT('',(0.249,0.02,0.035));
#7774=CARTESIAN_POINT('',(0.249,0.02,-0.035));
#7775=CARTESIAN_POINT('',(0.249,0.02,-0.035));
#7776=CARTESIAN_POINT('',(0.249,0.02,0.035));
#7777=CARTESIAN_POINT('',(-0.2375,0.02,0.035));
#7778=CARTESIAN_POINT('',(0.249,0.02,-0.035));
#7779=CARTESIAN_POINT('',(-0.2375,0.02,0.035));
#7780=CARTESIAN_POINT('',(0.249,0.02,-0.035));
#7781=CARTESIAN_POINT('',(0.249,0.02,-0.035));
#7782=CARTESIAN_POINT('',(-0.2375,0.02,0.035));
#7783=CARTESIAN_POINT('',(-0.2423,0.095,0.0182));
#7784=CARTESIAN_POINT('',(-0.2423,0.095,0.0182));
#7785=CARTESIAN_POINT('',(-0.2423,0.095,0.0182));
#7786=CARTESIAN_POINT('',(-0.2423,0.095,0.0668));
#7787=CARTESIAN_POINT('',(-0.2423,0.095,0.0182));
#7788=CARTESIAN_POINT('',(-0.2423,0.095,0.0668));
#7789=CARTESIAN_POINT('',(-0.2273,0.095,0.0668000000000001));
#7790=CARTESIAN_POINT('',(-0.2273,0.095,0.0668000000000001));
#7791=CARTESIAN_POINT('',(-0.2273,0.095,0.0818));
#7792=CARTESIAN_POINT('',(-0.2273,0.095,0.0818));
#7793=CARTESIAN_POINT('',(-0.2273,0.095,0.0818));
#7794=CARTESIAN_POINT('',(-0.2273,0.095,0.0818));
#7795=CARTESIAN_POINT('',(-0.1727,0.095,0.0818));
#7796=CARTESIAN_POINT('',(-0.1727,0.095,0.0818));
#7797=CARTESIAN_POINT('',(-0.1727,0.095,0.0668));
#7798=CARTESIAN_POINT('',(-0.1727,0.095,0.0668));
#7799=CARTESIAN_POINT('',(-0.1577,0.095,0.0668));
#7800=CARTESIAN_POINT('',(-0.1577,0.095,0.0668));
#7801=CARTESIAN_POINT('',(-0.1577,0.095,0.0668));
#7802=CARTESIAN_POINT('',(-0.1577,0.095,0.0668));
#7803=CARTESIAN_POINT('',(-0.1577,0.095,0.0182));
#7804=CARTESIAN_POINT('',(-0.1577,0.095,0.0182));
#7805=CARTESIAN_POINT('',(-0.1577,0.095,0.0182));
#7806=CARTESIAN_POINT('',(-0.1577,0.095,0.0182));
#7807=CARTESIAN_POINT('',(-0.2273,0.095,0.0668000000000001));
#7808=CARTESIAN_POINT('',(-0.1423,0.095,0.0182));
#7809=CARTESIAN_POINT('',(-0.1423,0.095,0.0182));
#7810=CARTESIAN_POINT('',(-0.1423,0.095,0.0182));
#7811=CARTESIAN_POINT('',(-0.1423,0.095,0.0668));
#7812=CARTESIAN_POINT('',(-0.1423,0.095,0.0182));
#7813=CARTESIAN_POINT('',(-0.1423,0.095,0.0668));
#7814=CARTESIAN_POINT('',(-0.1273,0.095,0.0668000000000001));
#7815=CARTESIAN_POINT('',(-0.1273,0.095,0.0668000000000001));
#7816=CARTESIAN_POINT('',(-0.1273,0.095,0.0818));
#7817=CARTESIAN_POINT('',(-0.1273,0.095,0.0818));
#7818=CARTESIAN_POINT('',(-0.1273,0.095,0.0818));
#7819=CARTESIAN_POINT('',(-0.1273,0.095,0.0818));
#7820=CARTESIAN_POINT('',(-0.0727,0.095,0.0818));
#7821=CARTESIAN_POINT('',(-0.0727,0.095,0.0818));
#7822=CARTESIAN_POINT('',(-0.0727,0.095,0.0668));
#7823=CARTESIAN_POINT('',(-0.0727,0.095,0.0668));
#7824=CARTESIAN_POINT('',(-0.0577,0.095,0.0668));
#7825=CARTESIAN_POINT('',(-0.0577,0.095,0.0668));
#7826=CARTESIAN_POINT('',(-0.0577,0.095,0.0668));
#7827=CARTESIAN_POINT('',(-0.0577,0.095,0.0668));
#7828=CARTESIAN_POINT('',(-0.0577,0.095,0.0182));
#7829=CARTESIAN_POINT('',(-0.0577,0.095,0.0182));
#7830=CARTESIAN_POINT('',(-0.0577,0.095,0.0182));
#7831=CARTESIAN_POINT('',(-0.0577,0.095,0.0182));
#7832=CARTESIAN_POINT('',(-0.1273,0.095,0.0668000000000001));
#7833=CARTESIAN_POINT('',(-0.0423,0.095,0.0182));
#7834=CARTESIAN_POINT('',(-0.0423,0.095,0.0182));
#7835=CARTESIAN_POINT('',(-0.0423,0.095,0.0182));
#7836=CARTESIAN_POINT('',(-0.0423,0.095,0.0668));
#7837=CARTESIAN_POINT('',(-0.0423,0.095,0.0182));
#7838=CARTESIAN_POINT('',(-0.0423,0.095,0.0668));
#7839=CARTESIAN_POINT('',(-0.0273,0.095,0.0668000000000001));
#7840=CARTESIAN_POINT('',(-0.0273,0.095,0.0668000000000001));
#7841=CARTESIAN_POINT('',(-0.0273,0.095,0.0818));
#7842=CARTESIAN_POINT('',(-0.0273,0.095,0.0818));
#7843=CARTESIAN_POINT('',(-0.0273,0.095,0.0818));
#7844=CARTESIAN_POINT('',(-0.0273,0.095,0.0818));
#7845=CARTESIAN_POINT('',(0.0273,0.095,0.0818));
#7846=CARTESIAN_POINT('',(0.0273,0.095,0.0818));
#7847=CARTESIAN_POINT('',(0.0273,0.095,0.0668));
#7848=CARTESIAN_POINT('',(0.0273,0.095,0.0668));
#7849=CARTESIAN_POINT('',(0.0423,0.095,0.0668));
#7850=CARTESIAN_POINT('',(0.0423,0.095,0.0668));
#7851=CARTESIAN_POINT('',(0.0423,0.095,0.0668));
#7852=CARTESIAN_POINT('',(0.0423,0.095,0.0668));
#7853=CARTESIAN_POINT('',(0.0423,0.095,0.0182));
#7854=CARTESIAN_POINT('',(0.0423,0.095,0.0182));
#7855=CARTESIAN_POINT('',(0.0423,0.095,0.0182));
#7856=CARTESIAN_POINT('',(0.0423,0.095,0.0182));
#7857=CARTESIAN_POINT('',(-0.0273,0.095,0.0668000000000001));
#7858=CARTESIAN_POINT('',(0.0577,0.095,0.0182));
#7859=CARTESIAN_POINT('',(0.0577,0.095,0.0182));
#7860=CARTESIAN_POINT('',(0.0577,0.095,0.0182));
#7861=CARTESIAN_POINT('',(0.0577,0.095,0.0668));
#7862=CARTESIAN_POINT('',(0.0577,0.095,0.0182));
#7863=CARTESIAN_POINT('',(0.0577,0.095,0.0668));
#7864=CARTESIAN_POINT('',(0.0727,0.095,0.0668000000000001));
#7865=CARTESIAN_POINT('',(0.0727,0.095,0.0668000000000001));
#7866=CARTESIAN_POINT('',(0.0727,0.095,0.0818));
#7867=CARTESIAN_POINT('',(0.0727,0.095,0.0818));
#7868=CARTESIAN_POINT('',(0.0727,0.095,0.0818));
#7869=CARTESIAN_POINT('',(0.0727,0.095,0.0818));
#7870=CARTESIAN_POINT('',(0.1273,0.095,0.0818));
#7871=CARTESIAN_POINT('',(0.1273,0.095,0.0818));
#7872=CARTESIAN_POINT('',(0.1273,0.095,0.0668));
#7873=CARTESIAN_POINT('',(0.1273,0.095,0.0668));
#7874=CARTESIAN_POINT('',(0.1423,0.095,0.0668));
#7875=CARTESIAN_POINT('',(0.1423,0.095,0.0668));
#7876=CARTESIAN_POINT('',(0.1423,0.095,0.0668));
#7877=CARTESIAN_POINT('',(0.1423,0.095,0.0668));
#7878=CARTESIAN_POINT('',(0.1423,0.095,0.0182));
#7879=CARTESIAN_POINT('',(0.1423,0.095,0.0182));
#7880=CARTESIAN_POINT('',(0.1423,0.095,0.0182));
#7881=CARTESIAN_POINT('',(0.1423,0.095,0.0182));
#7882=CARTESIAN_POINT('',(0.0727,0.095,0.0668000000000001));
#7883=CARTESIAN_POINT('',(0.1577,0.095,0.0182));
#7884=CARTESIAN_POINT('',(0.1577,0.095,0.0182));
#7885=CARTESIAN_POINT('',(0.1577,0.095,0.0182));
#7886=CARTESIAN_POINT('',(0.1577,0.095,0.0668));
#7887=CARTESIAN_POINT('',(0.1577,0.095,0.0182));
#7888=CARTESIAN_POINT('',(0.1577,0.095,0.0668));
#7889=CARTESIAN_POINT('',(0.1727,0.095,0.0668000000000001));
#7890=CARTESIAN_POINT('',(0.1727,0.095,0.0668000000000001));
#7891=CARTESIAN_POINT('',(0.1727,0.095,0.0818));
#7892=CARTESIAN_POINT('',(0.1727,0.095,0.0818));
#7893=CARTESIAN_POINT('',(0.1727,0.095,0.0818));
#7894=CARTESIAN_POINT('',(0.1727,0.095,0.0818));
#7895=CARTESIAN_POINT('',(0.2273,0.095,0.0818));
#7896=CARTESIAN_POINT('',(0.2273,0.095,0.0818));
#7897=CARTESIAN_POINT('',(0.2273,0.095,0.0668));
#7898=CARTESIAN_POINT('',(0.2273,0.095,0.0668));
#7899=CARTESIAN_POINT('',(0.2423,0.095,0.0668));
#7900=CARTESIAN_POINT('',(0.2423,0.095,0.0668));
#7901=CARTESIAN_POINT('',(0.2423,0.095,0.0668));
#7902=CARTESIAN_POINT('',(0.2423,0.095,0.0668));
#7903=CARTESIAN_POINT('',(0.2423,0.095,0.0182));
#7904=CARTESIAN_POINT('',(0.2423,0.095,0.0182));
#7905=CARTESIAN_POINT('',(0.2423,0.095,0.0182));
#7906=CARTESIAN_POINT('',(0.2423,0.095,0.0182));
#7907=CARTESIAN_POINT('',(0.1727,0.095,0.0668000000000001));
#7908=CARTESIAN_POINT('',(-0.2423,0.095,-0.0818));
#7909=CARTESIAN_POINT('',(-0.2423,0.095,-0.0818));
#7910=CARTESIAN_POINT('',(-0.2423,0.095,-0.0818));
#7911=CARTESIAN_POINT('',(-0.2423,0.095,-0.0182));
#7912=CARTESIAN_POINT('',(-0.2423,0.095,-0.0818));
#7913=CARTESIAN_POINT('',(-0.2423,0.095,-0.0182));
#7914=CARTESIAN_POINT('',(-0.2423,0.095,-0.0182));
#7915=CARTESIAN_POINT('',(-0.2423,0.095,-0.0182));
#7916=CARTESIAN_POINT('',(-0.1577,0.095,-0.0182));
#7917=CARTESIAN_POINT('',(-0.1577,0.095,-0.0182));
#7918=CARTESIAN_POINT('',(-0.1577,0.095,-0.0182));
#7919=CARTESIAN_POINT('',(-0.1577,0.095,-0.0182));
#7920=CARTESIAN_POINT('',(-0.1577,0.095,-0.0818));
#7921=CARTESIAN_POINT('',(-0.1577,0.095,-0.0818));
#7922=CARTESIAN_POINT('',(-0.1577,0.095,-0.0818));
#7923=CARTESIAN_POINT('',(-0.1577,0.095,-0.0818));
#7924=CARTESIAN_POINT('',(0.,0.095,0.));
#7925=CARTESIAN_POINT('',(-0.1423,0.095,-0.0818));
#7926=CARTESIAN_POINT('',(-0.1423,0.095,-0.0818));
#7927=CARTESIAN_POINT('',(-0.1423,0.095,-0.0818));
#7928=CARTESIAN_POINT('',(-0.1423,0.095,-0.0182));
#7929=CARTESIAN_POINT('',(-0.1423,0.095,-0.0818));
#7930=CARTESIAN_POINT('',(-0.1423,0.095,-0.0182));
#7931=CARTESIAN_POINT('',(-0.1423,0.095,-0.0182));
#7932=CARTESIAN_POINT('',(-0.1423,0.095,-0.0182));
#7933=CARTESIAN_POINT('',(-0.0577,0.095,-0.0182));
#7934=CARTESIAN_POINT('',(-0.0577,0.095,-0.0182));
#7935=CARTESIAN_POINT('',(-0.0577,0.095,-0.0182));
#7936=CARTESIAN_POINT('',(-0.0577,0.095,-0.0182));
#7937=CARTESIAN_POINT('',(-0.0577,0.095,-0.0818));
#7938=CARTESIAN_POINT('',(-0.0577,0.095,-0.0818));
#7939=CARTESIAN_POINT('',(-0.0577,0.095,-0.0818));
#7940=CARTESIAN_POINT('',(-0.0577,0.095,-0.0818));
#7941=CARTESIAN_POINT('',(0.1,0.095,0.));
#7942=CARTESIAN_POINT('',(-0.0423,0.095,-0.0818));
#7943=CARTESIAN_POINT('',(-0.0423,0.095,-0.0818));
#7944=CARTESIAN_POINT('',(-0.0423,0.095,-0.0818));
#7945=CARTESIAN_POINT('',(-0.0423,0.095,-0.0182));
#7946=CARTESIAN_POINT('',(-0.0423,0.095,-0.0818));
#7947=CARTESIAN_POINT('',(-0.0423,0.095,-0.0182));
#7948=CARTESIAN_POINT('',(-0.0423,0.095,-0.0182));
#7949=CARTESIAN_POINT('',(-0.0423,0.095,-0.0182));
#7950=CARTESIAN_POINT('',(0.0423,0.095,-0.0182));
#7951=CARTESIAN_POINT('',(0.0423,0.095,-0.0182));
#7952=CARTESIAN_POINT('',(0.0423,0.095,-0.0182));
#7953=CARTESIAN_POINT('',(0.0423,0.095,-0.0182));
#7954=CARTESIAN_POINT('',(0.0423,0.095,-0.0818));
#7955=CARTESIAN_POINT('',(0.0423,0.095,-0.0818));
#7956=CARTESIAN_POINT('',(0.0423,0.095,-0.0818));
#7957=CARTESIAN_POINT('',(0.0423,0.095,-0.0818));
#7958=CARTESIAN_POINT('',(0.2,0.095,0.));
#7959=CARTESIAN_POINT('',(0.0577,0.095,-0.0818));
#7960=CARTESIAN_POINT('',(0.0577,0.095,-0.0818));
#7961=CARTESIAN_POINT('',(0.0577,0.095,-0.0818));
#7962=CARTESIAN_POINT('',(0.0577,0.095,-0.0182));
#7963=CARTESIAN_POINT('',(0.0577,0.095,-0.0818));
#7964=CARTESIAN_POINT('',(0.0577,0.095,-0.0182));
#7965=CARTESIAN_POINT('',(0.0577,0.095,-0.0182));
#7966=CARTESIAN_POINT('',(0.0577,0.095,-0.0182));
#7967=CARTESIAN_POINT('',(0.1423,0.095,-0.0182));
#7968=CARTESIAN_POINT('',(0.1423,0.095,-0.0182));
#7969=CARTESIAN_POINT('',(0.1423,0.095,-0.0182));
#7970=CARTESIAN_POINT('',(0.1423,0.095,-0.0182));
#7971=CARTESIAN_POINT('',(0.1423,0.095,-0.0818));
#7972=CARTESIAN_POINT('',(0.1423,0.095,-0.0818));
#7973=CARTESIAN_POINT('',(0.1423,0.095,-0.0818));
#7974=CARTESIAN_POINT('',(0.1423,0.095,-0.0818));
#7975=CARTESIAN_POINT('',(0.3,0.095,0.));
#7976=CARTESIAN_POINT('',(0.1577,0.095,-0.0818));
#7977=CARTESIAN_POINT('',(0.1577,0.095,-0.0818));
#7978=CARTESIAN_POINT('',(0.1577,0.095,-0.0818));
#7979=CARTESIAN_POINT('',(0.1577,0.095,-0.0182));
#7980=CARTESIAN_POINT('',(0.1577,0.095,-0.0818));
#7981=CARTESIAN_POINT('',(0.1577,0.095,-0.0182));
#7982=CARTESIAN_POINT('',(0.1577,0.095,-0.0182));
#7983=CARTESIAN_POINT('',(0.1577,0.095,-0.0182));
#7984=CARTESIAN_POINT('',(0.2423,0.095,-0.0182));
#7985=CARTESIAN_POINT('',(0.2423,0.095,-0.0182));
#7986=CARTESIAN_POINT('',(0.2423,0.095,-0.0182));
#7987=CARTESIAN_POINT('',(0.2423,0.095,-0.0182));
#7988=CARTESIAN_POINT('',(0.2423,0.095,-0.0818));
#7989=CARTESIAN_POINT('',(0.2423,0.095,-0.0818));
#7990=CARTESIAN_POINT('',(0.2423,0.095,-0.0818));
#7991=CARTESIAN_POINT('',(0.2423,0.095,-0.0818));
#7992=CARTESIAN_POINT('',(0.4,0.095,0.));
#7993=CARTESIAN_POINT('',(0.,0.,0.));
#7994=CARTESIAN_POINT('',(0.2125,0.0449999999999999,-0.0625));
#7995=CARTESIAN_POINT('',(0.2125,0.102,-0.0625));
#7996=CARTESIAN_POINT('',(0.2125,0.102,-0.0625));
#7997=CARTESIAN_POINT('',(-0.2125,0.102,-0.0625));
#7998=CARTESIAN_POINT('',(0.2125,0.0449999999999999,-0.0625));
#7999=CARTESIAN_POINT('',(0.2125,0.0449999999999999,-0.0625));
#8000=CARTESIAN_POINT('',(0.2125,0.0449999999999999,-0.0625));
#8001=CARTESIAN_POINT('',(0.1875,0.0449999999999998,-0.0625));
#8002=CARTESIAN_POINT('',(0.1875,0.0449999999999999,-0.0625));
#8003=CARTESIAN_POINT('',(0.1875,0.1,-0.0625));
#8004=CARTESIAN_POINT('',(0.2125,0.1,-0.0625));
#8005=CARTESIAN_POINT('',(0.1125,0.1,-0.0625));
#8006=CARTESIAN_POINT('',(0.1125,0.0449999999999999,-0.0625));
#8007=CARTESIAN_POINT('',(0.1125,0.0449999999999999,-0.0625));
#8008=CARTESIAN_POINT('',(0.2125,0.0449999999999999,-0.0625));
#8009=CARTESIAN_POINT('',(0.0875,0.0449999999999998,-0.0625));
#8010=CARTESIAN_POINT('',(0.0875,0.0449999999999999,-0.0625));
#8011=CARTESIAN_POINT('',(0.0875,0.1,-0.0625));
#8012=CARTESIAN_POINT('',(0.2125,0.1,-0.0625));
#8013=CARTESIAN_POINT('',(0.0125,0.1,-0.0625));
#8014=CARTESIAN_POINT('',(0.0125,0.0449999999999999,-0.0625));
#8015=CARTESIAN_POINT('',(0.0125,0.0449999999999999,-0.0625));
#8016=CARTESIAN_POINT('',(0.2125,0.0449999999999999,-0.0625));
#8017=CARTESIAN_POINT('',(-0.0125,0.0449999999999999,-0.0625));
#8018=CARTESIAN_POINT('',(-0.0125,0.0449999999999999,-0.0625));
#8019=CARTESIAN_POINT('',(-0.0125,0.1,-0.0625));
#8020=CARTESIAN_POINT('',(0.2125,0.1,-0.0625));
#8021=CARTESIAN_POINT('',(-0.0875,0.1,-0.0625));
#8022=CARTESIAN_POINT('',(-0.0875,0.0449999999999999,-0.0625));
#8023=CARTESIAN_POINT('',(-0.0875,0.0449999999999999,-0.0625));
#8024=CARTESIAN_POINT('',(0.2125,0.0449999999999999,-0.0625));
#8025=CARTESIAN_POINT('',(-0.1125,0.0449999999999999,-0.0625));
#8026=CARTESIAN_POINT('',(-0.1125,0.0449999999999999,-0.0625));
#8027=CARTESIAN_POINT('',(-0.1125,0.1,-0.0625));
#8028=CARTESIAN_POINT('',(0.2125,0.1,-0.0625));
#8029=CARTESIAN_POINT('',(-0.1875,0.1,-0.0625));
#8030=CARTESIAN_POINT('',(-0.1875,0.0449999999999999,-0.0625));
#8031=CARTESIAN_POINT('',(-0.1875,0.0449999999999999,-0.0625));
#8032=CARTESIAN_POINT('',(0.2125,0.0449999999999999,-0.0625));
#8033=CARTESIAN_POINT('',(-0.2125,0.0449999999999999,-0.0625));
#8034=CARTESIAN_POINT('',(-0.2125,0.0449999999999999,-0.0625));
#8035=CARTESIAN_POINT('',(0.2125,0.292,0.0625));
#8036=CARTESIAN_POINT('',(0.2125,0.102,0.0625));
#8037=CARTESIAN_POINT('',(-0.2125,0.102,0.0625));
#8038=CARTESIAN_POINT('',(0.2125,0.102,0.0625));
#8039=CARTESIAN_POINT('',(-0.2125,0.292,0.0625));
#8040=CARTESIAN_POINT('',(-0.2125,0.045,0.0625));
#8041=CARTESIAN_POINT('',(0.2125,0.045,0.0625));
#8042=CARTESIAN_POINT('',(-0.1875,0.045,0.0625));
#8043=CARTESIAN_POINT('',(-0.1875,0.292,0.0625));
#8044=CARTESIAN_POINT('',(-0.1875,0.1,0.0625));
#8045=CARTESIAN_POINT('',(0.2125,0.1,0.0625));
#8046=CARTESIAN_POINT('',(-0.1125,0.1,0.0625));
#8047=CARTESIAN_POINT('',(-0.1125,0.292,0.0625));
#8048=CARTESIAN_POINT('',(-0.1125,0.045,0.0625));
#8049=CARTESIAN_POINT('',(0.2125,0.045,0.0625));
#8050=CARTESIAN_POINT('',(-0.0875,0.045,0.0625));
#8051=CARTESIAN_POINT('',(-0.0875,0.292,0.0625));
#8052=CARTESIAN_POINT('',(-0.0875,0.1,0.0625));
#8053=CARTESIAN_POINT('',(0.2125,0.1,0.0625));
#8054=CARTESIAN_POINT('',(-0.0125,0.1,0.0625));
#8055=CARTESIAN_POINT('',(-0.0125,0.292,0.0625));
#8056=CARTESIAN_POINT('',(-0.0125,0.045,0.0625));
#8057=CARTESIAN_POINT('',(0.2125,0.045,0.0625));
#8058=CARTESIAN_POINT('',(0.0125,0.045,0.0625));
#8059=CARTESIAN_POINT('',(0.0125,0.292,0.0625));
#8060=CARTESIAN_POINT('',(0.0125,0.1,0.0625));
#8061=CARTESIAN_POINT('',(0.2125,0.1,0.0625));
#8062=CARTESIAN_POINT('',(0.0875,0.1,0.0625));
#8063=CARTESIAN_POINT('',(0.0875,0.292,0.0625));
#8064=CARTESIAN_POINT('',(0.0875,0.045,0.0625));
#8065=CARTESIAN_POINT('',(0.2125,0.045,0.0625));
#8066=CARTESIAN_POINT('',(0.1125,0.045,0.0625));
#8067=CARTESIAN_POINT('',(0.1125,0.292,0.0625));
#8068=CARTESIAN_POINT('',(0.1125,0.1,0.0625));
#8069=CARTESIAN_POINT('',(0.2125,0.1,0.0625));
#8070=CARTESIAN_POINT('',(0.1875,0.1,0.0625));
#8071=CARTESIAN_POINT('',(0.1875,0.292,0.0625));
#8072=CARTESIAN_POINT('',(0.1875,0.045,0.0625));
#8073=CARTESIAN_POINT('',(0.2125,0.045,0.0625));
#8074=CARTESIAN_POINT('',(0.2125,0.045,0.0625));
#8075=CARTESIAN_POINT('',(0.2125,0.292,0.0625));
#8076=CARTESIAN_POINT('',(0.2125,0.045,0.0825));
#8077=CARTESIAN_POINT('',(0.2125,0.102,0.0825));
#8078=CARTESIAN_POINT('',(0.2125,0.045,0.0825));
#8079=CARTESIAN_POINT('',(0.2125,0.025,0.0825));
#8080=CARTESIAN_POINT('',(0.2125,0.025,0.0825));
#8081=CARTESIAN_POINT('',(0.2125,0.025,0.1475));
#8082=CARTESIAN_POINT('',(0.2125,0.025,0.1475));
#8083=CARTESIAN_POINT('',(0.2125,0.,0.1475));
#8084=CARTESIAN_POINT('',(0.2125,0.,0.1475));
#8085=CARTESIAN_POINT('',(0.2125,0.,0.0825));
#8086=CARTESIAN_POINT('',(0.2125,0.045,0.0825));
#8087=CARTESIAN_POINT('',(0.2125,0.045,0.0375));
#8088=CARTESIAN_POINT('',(0.2125,0.045,0.0375));
#8089=CARTESIAN_POINT('',(0.2125,0.1,0.0375));
#8090=CARTESIAN_POINT('',(0.2125,0.1,0.0375));
#8091=CARTESIAN_POINT('',(0.2125,0.1,-0.0375));
#8092=CARTESIAN_POINT('',(0.2125,0.1,-0.0375));
#8093=CARTESIAN_POINT('',(0.2125,0.0449999999999999,-0.0375));
#8094=CARTESIAN_POINT('',(0.2125,0.045,-0.0825));
#8095=CARTESIAN_POINT('',(0.2125,-8.53702498020082E-18,-0.0825));
#8096=CARTESIAN_POINT('',(0.2125,0.,-0.0825));
#8097=CARTESIAN_POINT('',(0.2125,0.,-0.1475));
#8098=CARTESIAN_POINT('',(0.2125,0.,-0.1475));
#8099=CARTESIAN_POINT('',(0.2125,0.0249999999999998,-0.1475));
#8100=CARTESIAN_POINT('',(0.2125,0.0249999999999998,-0.1475));
#8101=CARTESIAN_POINT('',(0.2125,0.0249999999999998,-0.0825));
#8102=CARTESIAN_POINT('',(0.2125,0.0449999999999998,-0.0825));
#8103=CARTESIAN_POINT('',(-0.2125,0.045,0.0825));
#8104=CARTESIAN_POINT('',(-0.2125,0.102,0.0825));
#8105=CARTESIAN_POINT('',(-0.2125,0.0449999999999998,-0.0825));
#8106=CARTESIAN_POINT('',(-0.2125,0.0249999999999998,-0.0825));
#8107=CARTESIAN_POINT('',(-0.2125,0.0249999999999998,-0.1475));
#8108=CARTESIAN_POINT('',(-0.2125,0.0249999999999998,-0.1475));
#8109=CARTESIAN_POINT('',(-0.2125,0.,-0.1475));
#8110=CARTESIAN_POINT('',(-0.2125,0.,-0.1475));
#8111=CARTESIAN_POINT('',(-0.2125,0.,-0.0825));
#8112=CARTESIAN_POINT('',(-0.2125,-8.53702498020082E-18,-0.0825));
#8113=CARTESIAN_POINT('',(-0.2125,0.045,-0.0825));
#8114=CARTESIAN_POINT('',(-0.2125,0.0449999999999999,-0.0375));
#8115=CARTESIAN_POINT('',(-0.2125,0.1,-0.0375));
#8116=CARTESIAN_POINT('',(-0.2125,0.1,-0.0375));
#8117=CARTESIAN_POINT('',(-0.2125,0.1,0.0375));
#8118=CARTESIAN_POINT('',(-0.2125,0.1,0.0375));
#8119=CARTESIAN_POINT('',(-0.2125,0.045,0.0375));
#8120=CARTESIAN_POINT('',(-0.2125,0.045,0.0375));
#8121=CARTESIAN_POINT('',(-0.2125,0.045,0.0825));
#8122=CARTESIAN_POINT('',(-0.2125,0.,0.0825));
#8123=CARTESIAN_POINT('',(-0.2125,0.,0.1475));
#8124=CARTESIAN_POINT('',(-0.2125,0.,0.1475));
#8125=CARTESIAN_POINT('',(-0.2125,0.025,0.1475));
#8126=CARTESIAN_POINT('',(-0.2125,0.025,0.1475));
#8127=CARTESIAN_POINT('',(-0.2125,0.025,0.0825));
#8128=CARTESIAN_POINT('',(-0.2125,0.025,0.0825));
#8129=CARTESIAN_POINT('',(-0.2125,0.045,0.0825));
#8130=CARTESIAN_POINT('',(0.2125,0.025,0.1475));
#8131=CARTESIAN_POINT('',(-0.1875,0.025,0.1475));
#8132=CARTESIAN_POINT('',(-0.1875,0.025,0.1475));
#8133=CARTESIAN_POINT('',(-0.1875,0.,0.1475));
#8134=CARTESIAN_POINT('',(0.2125,0.025,0.1475));
#8135=CARTESIAN_POINT('',(0.2125,0.,0.1475));
#8136=CARTESIAN_POINT('',(0.2125,0.025,0.1475));
#8137=CARTESIAN_POINT('',(0.1875,0.025,0.1475));
#8138=CARTESIAN_POINT('',(0.1875,0.,0.1475));
#8139=CARTESIAN_POINT('',(0.1875,0.025,0.1475));
#8140=CARTESIAN_POINT('',(0.2125,0.,0.1475));
#8141=CARTESIAN_POINT('',(0.2125,0.025,0.1475));
#8142=CARTESIAN_POINT('',(0.2125,0.025,0.1475));
#8143=CARTESIAN_POINT('',(0.1125,0.025,0.1475));
#8144=CARTESIAN_POINT('',(0.1125,0.025,0.1475));
#8145=CARTESIAN_POINT('',(0.1125,0.,0.1475));
#8146=CARTESIAN_POINT('',(0.2125,0.025,0.1475));
#8147=CARTESIAN_POINT('',(0.0875,0.025,0.1475));
#8148=CARTESIAN_POINT('',(0.0875,0.025,0.1475));
#8149=CARTESIAN_POINT('',(0.0875,0.,0.1475));
#8150=CARTESIAN_POINT('',(0.2125,0.,0.1475));
#8151=CARTESIAN_POINT('',(0.2125,0.025,0.1475));
#8152=CARTESIAN_POINT('',(0.0125,0.025,0.1475));
#8153=CARTESIAN_POINT('',(0.0125,0.025,0.1475));
#8154=CARTESIAN_POINT('',(0.0125,0.,0.1475));
#8155=CARTESIAN_POINT('',(0.2125,0.025,0.1475));
#8156=CARTESIAN_POINT('',(-0.0125,0.025,0.1475));
#8157=CARTESIAN_POINT('',(-0.0125,0.025,0.1475));
#8158=CARTESIAN_POINT('',(-0.0125,0.,0.1475));
#8159=CARTESIAN_POINT('',(0.2125,0.,0.1475));
#8160=CARTESIAN_POINT('',(0.2125,0.025,0.1475));
#8161=CARTESIAN_POINT('',(-0.0875,0.025,0.1475));
#8162=CARTESIAN_POINT('',(-0.0875,0.025,0.1475));
#8163=CARTESIAN_POINT('',(-0.0875,0.,0.1475));
#8164=CARTESIAN_POINT('',(0.2125,0.025,0.1475));
#8165=CARTESIAN_POINT('',(-0.1125,0.025,0.1475));
#8166=CARTESIAN_POINT('',(-0.1125,0.025,0.1475));
#8167=CARTESIAN_POINT('',(-0.1125,0.,0.1475));
#8168=CARTESIAN_POINT('',(0.2125,0.,0.1475));
#8169=CARTESIAN_POINT('',(0.2125,0.,0.1475));
#8170=CARTESIAN_POINT('',(-0.1875,0.,0.1475));
#8171=CARTESIAN_POINT('',(-0.1875,0.,0.0825));
#8172=CARTESIAN_POINT('',(0.2125,0.,0.0825));
#8173=CARTESIAN_POINT('',(0.2125,0.,0.1475));
#8174=CARTESIAN_POINT('',(0.1875,0.,0.1475));
#8175=CARTESIAN_POINT('',(0.1875,0.,0.0825));
#8176=CARTESIAN_POINT('',(0.2125,0.,0.0825));
#8177=CARTESIAN_POINT('',(0.2125,0.,0.1475));
#8178=CARTESIAN_POINT('',(0.1125,0.,0.1475));
#8179=CARTESIAN_POINT('',(0.1125,0.,0.0825));
#8180=CARTESIAN_POINT('',(0.0875,0.,0.1475));
#8181=CARTESIAN_POINT('',(0.0875,0.,0.0825));
#8182=CARTESIAN_POINT('',(0.2125,0.,0.0825));
#8183=CARTESIAN_POINT('',(0.2125,0.,0.1475));
#8184=CARTESIAN_POINT('',(0.0125,0.,0.1475));
#8185=CARTESIAN_POINT('',(0.0125,0.,0.0825));
#8186=CARTESIAN_POINT('',(-0.0125,0.,0.1475));
#8187=CARTESIAN_POINT('',(-0.0125,0.,0.0825));
#8188=CARTESIAN_POINT('',(0.2125,0.,0.0825));
#8189=CARTESIAN_POINT('',(0.2125,0.,0.1475));
#8190=CARTESIAN_POINT('',(-0.0875,0.,0.1475));
#8191=CARTESIAN_POINT('',(-0.0875,0.,0.0825));
#8192=CARTESIAN_POINT('',(-0.1125,0.,0.1475));
#8193=CARTESIAN_POINT('',(-0.1125,0.,0.0825));
#8194=CARTESIAN_POINT('',(0.2125,0.,0.0825));
#8195=CARTESIAN_POINT('',(0.2125,0.045,0.0825));
#8196=CARTESIAN_POINT('',(-0.1875,0.045,0.0825));
#8197=CARTESIAN_POINT('',(-0.1875,0.045,0.0375));
#8198=CARTESIAN_POINT('',(0.2125,0.045,0.0375));
#8199=CARTESIAN_POINT('',(0.2125,0.045,0.0825));
#8200=CARTESIAN_POINT('',(0.1875,0.045,0.0825));
#8201=CARTESIAN_POINT('',(0.1875,0.045,0.0375));
#8202=CARTESIAN_POINT('',(0.2125,0.045,0.0375));
#8203=CARTESIAN_POINT('',(0.2125,0.045,0.0825));
#8204=CARTESIAN_POINT('',(0.1125,0.045,0.0825));
#8205=CARTESIAN_POINT('',(0.1125,0.045,0.0375));
#8206=CARTESIAN_POINT('',(0.0875,0.045,0.0825));
#8207=CARTESIAN_POINT('',(0.0875,0.045,0.0375));
#8208=CARTESIAN_POINT('',(0.2125,0.045,0.0375));
#8209=CARTESIAN_POINT('',(0.2125,0.045,0.0825));
#8210=CARTESIAN_POINT('',(0.0125,0.045,0.0825));
#8211=CARTESIAN_POINT('',(0.0125,0.045,0.0375));
#8212=CARTESIAN_POINT('',(-0.0125,0.045,0.0825));
#8213=CARTESIAN_POINT('',(-0.0125,0.045,0.0375));
#8214=CARTESIAN_POINT('',(0.2125,0.045,0.0375));
#8215=CARTESIAN_POINT('',(0.2125,0.045,0.0825));
#8216=CARTESIAN_POINT('',(-0.0875,0.045,0.0825));
#8217=CARTESIAN_POINT('',(-0.0875,0.045,0.0375));
#8218=CARTESIAN_POINT('',(-0.1125,0.045,0.0825));
#8219=CARTESIAN_POINT('',(-0.1125,0.045,0.0375));
#8220=CARTESIAN_POINT('',(0.2125,0.045,0.0375));
#8221=CARTESIAN_POINT('',(0.2125,0.045,0.0375));
#8222=CARTESIAN_POINT('',(-0.1875,0.045,0.0375));
#8223=CARTESIAN_POINT('',(-0.1875,0.1,0.0375));
#8224=CARTESIAN_POINT('',(0.2125,0.1,0.0375));
#8225=CARTESIAN_POINT('',(0.2125,0.045,0.0375));
#8226=CARTESIAN_POINT('',(0.1875,0.045,0.0375));
#8227=CARTESIAN_POINT('',(0.1875,0.1,0.0375));
#8228=CARTESIAN_POINT('',(0.2125,0.1,0.0375));
#8229=CARTESIAN_POINT('',(0.2125,0.045,0.0375));
#8230=CARTESIAN_POINT('',(0.1125,0.045,0.0375));
#8231=CARTESIAN_POINT('',(0.1125,0.1,0.0375));
#8232=CARTESIAN_POINT('',(0.0875,0.045,0.0375));
#8233=CARTESIAN_POINT('',(0.0875,0.1,0.0375));
#8234=CARTESIAN_POINT('',(0.2125,0.1,0.0375));
#8235=CARTESIAN_POINT('',(0.2125,0.045,0.0375));
#8236=CARTESIAN_POINT('',(0.0125,0.045,0.0375));
#8237=CARTESIAN_POINT('',(0.0125,0.1,0.0375));
#8238=CARTESIAN_POINT('',(-0.0125,0.045,0.0375));
#8239=CARTESIAN_POINT('',(-0.0125,0.1,0.0375));
#8240=CARTESIAN_POINT('',(0.2125,0.1,0.0375));
#8241=CARTESIAN_POINT('',(0.2125,0.045,0.0375));
#8242=CARTESIAN_POINT('',(-0.0875,0.045,0.0375));
#8243=CARTESIAN_POINT('',(-0.0875,0.1,0.0375));
#8244=CARTESIAN_POINT('',(-0.1125,0.045,0.0375));
#8245=CARTESIAN_POINT('',(-0.1125,0.1,0.0375));
#8246=CARTESIAN_POINT('',(0.2125,0.1,0.0375));
#8247=CARTESIAN_POINT('',(0.2125,0.1,-0.0375));
#8248=CARTESIAN_POINT('',(-0.1875,0.1,-0.0375));
#8249=CARTESIAN_POINT('',(-0.1875,0.1,-0.0375));
#8250=CARTESIAN_POINT('',(-0.1875,0.0449999999999999,-0.0375));
#8251=CARTESIAN_POINT('',(0.2125,0.1,-0.0375));
#8252=CARTESIAN_POINT('',(0.2125,0.0449999999999999,-0.0375));
#8253=CARTESIAN_POINT('',(0.2125,0.1,-0.0375));
#8254=CARTESIAN_POINT('',(0.1875,0.1,-0.0375));
#8255=CARTESIAN_POINT('',(0.1875,0.045,-0.0375));
#8256=CARTESIAN_POINT('',(0.1875,0.1,-0.0375));
#8257=CARTESIAN_POINT('',(0.2125,0.0449999999999999,-0.0375));
#8258=CARTESIAN_POINT('',(0.2125,0.1,-0.0375));
#8259=CARTESIAN_POINT('',(0.2125,0.1,-0.0375));
#8260=CARTESIAN_POINT('',(0.1125,0.1,-0.0375));
#8261=CARTESIAN_POINT('',(0.1125,0.1,-0.0375));
#8262=CARTESIAN_POINT('',(0.1125,0.0449999999999999,-0.0375));
#8263=CARTESIAN_POINT('',(0.2125,0.1,-0.0375));
#8264=CARTESIAN_POINT('',(0.0875,0.1,-0.0375));
#8265=CARTESIAN_POINT('',(0.0875,0.1,-0.0375));
#8266=CARTESIAN_POINT('',(0.0875,0.045,-0.0375));
#8267=CARTESIAN_POINT('',(0.2125,0.0449999999999999,-0.0375));
#8268=CARTESIAN_POINT('',(0.2125,0.1,-0.0375));
#8269=CARTESIAN_POINT('',(0.0125,0.1,-0.0375));
#8270=CARTESIAN_POINT('',(0.0125,0.1,-0.0375));
#8271=CARTESIAN_POINT('',(0.0125,0.0449999999999999,-0.0375));
#8272=CARTESIAN_POINT('',(0.2125,0.1,-0.0375));
#8273=CARTESIAN_POINT('',(-0.0125,0.1,-0.0375));
#8274=CARTESIAN_POINT('',(-0.0125,0.1,-0.0375));
#8275=CARTESIAN_POINT('',(-0.0125,0.0449999999999999,-0.0375));
#8276=CARTESIAN_POINT('',(0.2125,0.0449999999999999,-0.0375));
#8277=CARTESIAN_POINT('',(0.2125,0.1,-0.0375));
#8278=CARTESIAN_POINT('',(-0.0875,0.1,-0.0375));
#8279=CARTESIAN_POINT('',(-0.0875,0.1,-0.0375));
#8280=CARTESIAN_POINT('',(-0.0875,0.0449999999999999,-0.0375));
#8281=CARTESIAN_POINT('',(0.2125,0.1,-0.0375));
#8282=CARTESIAN_POINT('',(-0.1125,0.1,-0.0375));
#8283=CARTESIAN_POINT('',(-0.1125,0.1,-0.0375));
#8284=CARTESIAN_POINT('',(-0.1125,0.045,-0.0375));
#8285=CARTESIAN_POINT('',(0.2125,0.0449999999999999,-0.0375));
#8286=CARTESIAN_POINT('',(0.2125,0.045,-0.0825));
#8287=CARTESIAN_POINT('',(-0.1875,0.045,-0.0825));
#8288=CARTESIAN_POINT('',(-0.1875,0.,-0.0825));
#8289=CARTESIAN_POINT('',(0.2125,-8.53702498020082E-18,-0.0825));
#8290=CARTESIAN_POINT('',(0.2125,0.045,-0.0825));
#8291=CARTESIAN_POINT('',(0.1875,0.045,-0.0825));
#8292=CARTESIAN_POINT('',(0.1875,0.,-0.0825));
#8293=CARTESIAN_POINT('',(0.2125,-8.53702498020082E-18,-0.0825));
#8294=CARTESIAN_POINT('',(0.2125,0.045,-0.0825));
#8295=CARTESIAN_POINT('',(0.1125,0.045,-0.0825));
#8296=CARTESIAN_POINT('',(0.1125,0.,-0.0825));
#8297=CARTESIAN_POINT('',(0.0875,0.045,-0.0825));
#8298=CARTESIAN_POINT('',(0.0875,0.,-0.0825));
#8299=CARTESIAN_POINT('',(0.2125,-8.53702498020082E-18,-0.0825));
#8300=CARTESIAN_POINT('',(0.2125,0.045,-0.0825));
#8301=CARTESIAN_POINT('',(0.0125,0.045,-0.0825));
#8302=CARTESIAN_POINT('',(0.0125,0.,-0.0825));
#8303=CARTESIAN_POINT('',(-0.0125,0.045,-0.0825));
#8304=CARTESIAN_POINT('',(-0.0125,0.,-0.0825));
#8305=CARTESIAN_POINT('',(0.2125,-8.53702498020082E-18,-0.0825));
#8306=CARTESIAN_POINT('',(0.2125,0.045,-0.0825));
#8307=CARTESIAN_POINT('',(-0.0875,0.045,-0.0825));
#8308=CARTESIAN_POINT('',(-0.0875,0.,-0.0825));
#8309=CARTESIAN_POINT('',(-0.1125,0.045,-0.0825));
#8310=CARTESIAN_POINT('',(-0.1125,0.,-0.0825));
#8311=CARTESIAN_POINT('',(0.2125,-8.53702498020082E-18,-0.0825));
#8312=CARTESIAN_POINT('',(0.2125,0.,-0.0825));
#8313=CARTESIAN_POINT('',(-0.1875,0.,-0.0825));
#8314=CARTESIAN_POINT('',(-0.1875,0.,-0.1475));
#8315=CARTESIAN_POINT('',(0.2125,0.,-0.1475));
#8316=CARTESIAN_POINT('',(0.2125,0.,-0.0825));
#8317=CARTESIAN_POINT('',(0.1875,0.,-0.0825));
#8318=CARTESIAN_POINT('',(0.1875,0.,-0.1475));
#8319=CARTESIAN_POINT('',(0.2125,0.,-0.1475));
#8320=CARTESIAN_POINT('',(0.2125,0.,-0.0825));
#8321=CARTESIAN_POINT('',(0.1125,0.,-0.0825));
#8322=CARTESIAN_POINT('',(0.1125,0.,-0.1475));
#8323=CARTESIAN_POINT('',(0.0875,0.,-0.0825));
#8324=CARTESIAN_POINT('',(0.0875,0.,-0.1475));
#8325=CARTESIAN_POINT('',(0.2125,0.,-0.1475));
#8326=CARTESIAN_POINT('',(0.2125,0.,-0.0825));
#8327=CARTESIAN_POINT('',(0.0125,0.,-0.0825));
#8328=CARTESIAN_POINT('',(0.0125,0.,-0.1475));
#8329=CARTESIAN_POINT('',(-0.0125,0.,-0.0825));
#8330=CARTESIAN_POINT('',(-0.0125,-4.73900084740954E-34,-0.1475));
#8331=CARTESIAN_POINT('',(0.2125,0.,-0.1475));
#8332=CARTESIAN_POINT('',(0.2125,0.,-0.0825));
#8333=CARTESIAN_POINT('',(-0.0875,0.,-0.0825));
#8334=CARTESIAN_POINT('',(-0.0875,0.,-0.1475));
#8335=CARTESIAN_POINT('',(-0.1125,0.,-0.0825));
#8336=CARTESIAN_POINT('',(-0.1125,0.,-0.1475));
#8337=CARTESIAN_POINT('',(0.2125,0.,-0.1475));
#8338=CARTESIAN_POINT('',(0.2125,0.,-0.1475));
#8339=CARTESIAN_POINT('',(-0.1875,0.,-0.1475));
#8340=CARTESIAN_POINT('',(-0.1875,0.0249999999999998,-0.1475));
#8341=CARTESIAN_POINT('',(0.2125,0.0249999999999998,-0.1475));
#8342=CARTESIAN_POINT('',(0.2125,0.,-0.1475));
#8343=CARTESIAN_POINT('',(0.1875,0.,-0.1475));
#8344=CARTESIAN_POINT('',(0.1875,0.0249999999999998,-0.1475));
#8345=CARTESIAN_POINT('',(0.2125,0.0249999999999998,-0.1475));
#8346=CARTESIAN_POINT('',(0.2125,0.,-0.1475));
#8347=CARTESIAN_POINT('',(0.1125,0.,-0.1475));
#8348=CARTESIAN_POINT('',(0.1125,0.0249999999999998,-0.1475));
#8349=CARTESIAN_POINT('',(0.0875,0.,-0.1475));
#8350=CARTESIAN_POINT('',(0.0875,0.0249999999999998,-0.1475));
#8351=CARTESIAN_POINT('',(0.2125,0.0249999999999998,-0.1475));
#8352=CARTESIAN_POINT('',(0.2125,0.,-0.1475));
#8353=CARTESIAN_POINT('',(0.0125,0.,-0.1475));
#8354=CARTESIAN_POINT('',(0.0125,0.0249999999999998,-0.1475));
#8355=CARTESIAN_POINT('',(-0.0125,-3.20138436757531E-18,-0.1475));
#8356=CARTESIAN_POINT('',(-0.0125,0.0249999999999998,-0.1475));
#8357=CARTESIAN_POINT('',(0.2125,0.0249999999999998,-0.1475));
#8358=CARTESIAN_POINT('',(0.2125,0.,-0.1475));
#8359=CARTESIAN_POINT('',(-0.0875,0.,-0.1475));
#8360=CARTESIAN_POINT('',(-0.0875,0.0249999999999998,-0.1475));
#8361=CARTESIAN_POINT('',(-0.1125,0.,-0.1475));
#8362=CARTESIAN_POINT('',(-0.1125,0.0249999999999998,-0.1475));
#8363=CARTESIAN_POINT('',(0.2125,0.0249999999999998,-0.1475));
#8364=CARTESIAN_POINT('',(0.2125,0.0249999999999998,-0.1475));
#8365=CARTESIAN_POINT('',(-0.1875,0.0249999999999998,-0.1475));
#8366=CARTESIAN_POINT('',(-0.1875,0.0249999999999998,-0.0825));
#8367=CARTESIAN_POINT('',(0.2125,0.0249999999999998,-0.0825));
#8368=CARTESIAN_POINT('',(0.2125,0.0249999999999998,-0.1475));
#8369=CARTESIAN_POINT('',(0.1875,0.0249999999999998,-0.1475));
#8370=CARTESIAN_POINT('',(0.1875,0.0249999999999998,-0.0825));
#8371=CARTESIAN_POINT('',(0.2125,0.0249999999999998,-0.0825));
#8372=CARTESIAN_POINT('',(0.2125,0.0249999999999998,-0.1475));
#8373=CARTESIAN_POINT('',(0.1125,0.0249999999999998,-0.1475));
#8374=CARTESIAN_POINT('',(0.1125,0.0249999999999998,-0.0825));
#8375=CARTESIAN_POINT('',(0.0875,0.0249999999999998,-0.1475));
#8376=CARTESIAN_POINT('',(0.0875,0.0249999999999998,-0.0825));
#8377=CARTESIAN_POINT('',(0.2125,0.0249999999999998,-0.0825));
#8378=CARTESIAN_POINT('',(0.2125,0.0249999999999998,-0.1475));
#8379=CARTESIAN_POINT('',(0.0125,0.0249999999999998,-0.1475));
#8380=CARTESIAN_POINT('',(0.0125,0.0249999999999998,-0.0825));
#8381=CARTESIAN_POINT('',(-0.0125,0.0249999999999998,-0.1475));
#8382=CARTESIAN_POINT('',(-0.0125,0.0249999999999998,-0.0825));
#8383=CARTESIAN_POINT('',(0.2125,0.0249999999999998,-0.0825));
#8384=CARTESIAN_POINT('',(0.2125,0.0249999999999998,-0.1475));
#8385=CARTESIAN_POINT('',(-0.0875,0.0249999999999998,-0.1475));
#8386=CARTESIAN_POINT('',(-0.0875,0.0249999999999998,-0.0825));
#8387=CARTESIAN_POINT('',(-0.1125,0.0249999999999998,-0.1475));
#8388=CARTESIAN_POINT('',(-0.1125,0.0249999999999998,-0.0825));
#8389=CARTESIAN_POINT('',(0.2125,0.0249999999999998,-0.0825));
#8390=CARTESIAN_POINT('',(0.2125,0.0449999999999998,-0.0825));
#8391=CARTESIAN_POINT('',(-0.1875,0.0449999999999998,-0.0825));
#8392=CARTESIAN_POINT('',(0.2125,0.0449999999999998,-0.0825));
#8393=CARTESIAN_POINT('',(0.1875,0.0449999999999998,-0.0825));
#8394=CARTESIAN_POINT('',(0.2125,0.0449999999999998,-0.0825));
#8395=CARTESIAN_POINT('',(0.1125,0.0449999999999998,-0.0825));
#8396=CARTESIAN_POINT('',(0.0875,0.0449999999999998,-0.0825));
#8397=CARTESIAN_POINT('',(0.2125,0.0449999999999998,-0.0825));
#8398=CARTESIAN_POINT('',(0.0125,0.0449999999999998,-0.0825));
#8399=CARTESIAN_POINT('',(-0.0125,0.0449999999999998,-0.0825));
#8400=CARTESIAN_POINT('',(0.2125,0.0449999999999998,-0.0825));
#8401=CARTESIAN_POINT('',(-0.0875,0.0449999999999998,-0.0825));
#8402=CARTESIAN_POINT('',(-0.1125,0.0449999999999998,-0.0825));
#8403=CARTESIAN_POINT('',(0.2125,0.045,0.0825));
#8404=CARTESIAN_POINT('',(0.2125,0.025,0.0825));
#8405=CARTESIAN_POINT('',(-0.1875,0.025,0.0825));
#8406=CARTESIAN_POINT('',(-0.1875,0.045,0.0825));
#8407=CARTESIAN_POINT('',(0.2125,0.045,0.0825));
#8408=CARTESIAN_POINT('',(0.1875,0.045,0.0825));
#8409=CARTESIAN_POINT('',(0.1875,0.025,0.0825));
#8410=CARTESIAN_POINT('',(0.2125,0.025,0.0825));
#8411=CARTESIAN_POINT('',(0.2125,0.045,0.0825));
#8412=CARTESIAN_POINT('',(0.2125,0.025,0.0825));
#8413=CARTESIAN_POINT('',(0.1125,0.025,0.0825));
#8414=CARTESIAN_POINT('',(0.0875,0.025,0.0825));
#8415=CARTESIAN_POINT('',(0.1125,0.045,0.0825));
#8416=CARTESIAN_POINT('',(0.0875,0.045,0.0825));
#8417=CARTESIAN_POINT('',(0.2125,0.045,0.0825));
#8418=CARTESIAN_POINT('',(0.2125,0.025,0.0825));
#8419=CARTESIAN_POINT('',(0.0125,0.025,0.0825));
#8420=CARTESIAN_POINT('',(-0.0125,0.025,0.0825));
#8421=CARTESIAN_POINT('',(0.0125,0.045,0.0825));
#8422=CARTESIAN_POINT('',(-0.0125,0.045,0.0825));
#8423=CARTESIAN_POINT('',(0.2125,0.045,0.0825));
#8424=CARTESIAN_POINT('',(0.2125,0.025,0.0825));
#8425=CARTESIAN_POINT('',(-0.0875,0.025,0.0825));
#8426=CARTESIAN_POINT('',(-0.1125,0.025,0.0825));
#8427=CARTESIAN_POINT('',(-0.0875,0.045,0.0825));
#8428=CARTESIAN_POINT('',(-0.1125,0.045,0.0825));
#8429=CARTESIAN_POINT('',(0.2125,0.025,0.0825));
#8430=CARTESIAN_POINT('',(-0.1875,0.025,0.0825));
#8431=CARTESIAN_POINT('',(0.2125,0.025,0.0825));
#8432=CARTESIAN_POINT('',(0.1875,0.025,0.0825));
#8433=CARTESIAN_POINT('',(0.2125,0.025,0.0825));
#8434=CARTESIAN_POINT('',(0.1125,0.025,0.0825));
#8435=CARTESIAN_POINT('',(0.0875,0.025,0.0825));
#8436=CARTESIAN_POINT('',(0.2125,0.025,0.0825));
#8437=CARTESIAN_POINT('',(0.0125,0.025,0.0825));
#8438=CARTESIAN_POINT('',(-0.0125,0.025,0.0825));
#8439=CARTESIAN_POINT('',(0.2125,0.025,0.0825));
#8440=CARTESIAN_POINT('',(-0.0875,0.025,0.0825));
#8441=CARTESIAN_POINT('',(-0.1125,0.025,0.0825));
#8442=CARTESIAN_POINT('',(0.2125,0.1,0.0375));
#8443=CARTESIAN_POINT('',(-0.1125,0.1,0.2));
#8444=CARTESIAN_POINT('',(-0.1875,0.1,0.2));
#8445=CARTESIAN_POINT('',(-0.1875,0.1,0.2));
#8446=CARTESIAN_POINT('',(-0.1125,0.1,0.2));
#8447=CARTESIAN_POINT('',(-0.0875,0.1,0.2));
#8448=CARTESIAN_POINT('',(-0.0125,0.1,0.2));
#8449=CARTESIAN_POINT('',(0.0125,0.1,0.2));
#8450=CARTESIAN_POINT('',(0.0875,0.1,0.2));
#8451=CARTESIAN_POINT('',(0.1125,0.1,0.2));
#8452=CARTESIAN_POINT('',(0.1875,0.1,0.2));
#8453=CARTESIAN_POINT('',(0.1875,0.1,0.2));
#8454=CARTESIAN_POINT('',(0.1125,0.1,0.2));
#8455=CARTESIAN_POINT('',(0.0875,0.1,0.2));
#8456=CARTESIAN_POINT('',(0.0125,0.1,0.2));
#8457=CARTESIAN_POINT('',(-0.0125,0.1,0.2));
#8458=CARTESIAN_POINT('',(-0.0875,0.1,0.2));
#8459=CARTESIAN_POINT('',(-0.1875,0.1,0.2));
#8460=CARTESIAN_POINT('',(-0.1125,-0.2,0.2));
#8461=CARTESIAN_POINT('',(-0.0875,0.1,0.2));
#8462=CARTESIAN_POINT('',(-0.0125,-0.2,0.2));
#8463=CARTESIAN_POINT('',(0.0125,0.1,0.2));
#8464=CARTESIAN_POINT('',(0.0875,-0.2,0.2));
#8465=CARTESIAN_POINT('',(0.1125,0.1,0.2));
#8466=CARTESIAN_POINT('',(0.1875,-0.2,0.2));
#8467=CARTESIAN_POINT('',(-0.1125,-0.2,0.2));
#8468=CARTESIAN_POINT('',(-0.1875,0.1,0.2));
#8469=CARTESIAN_POINT('',(-0.0125,-0.2,0.2));
#8470=CARTESIAN_POINT('',(-0.0875,0.1,0.2));
#8471=CARTESIAN_POINT('',(0.0875,-0.2,0.2));
#8472=CARTESIAN_POINT('',(0.0125,0.1,0.2));
#8473=CARTESIAN_POINT('',(0.1875,-0.2,0.2));
#8474=CARTESIAN_POINT('',(0.1125,0.1,0.2));
#8475=CARTESIAN_POINT('',(0.85,0.102,10.));
#8476=CARTESIAN_POINT('',(0.,-0.05,0.));
#8477=CARTESIAN_POINT('',(0.2125,0.0449999999999999,-0.0625));
#8478=CARTESIAN_POINT('',(0.2125,0.102,-0.0625));
#8479=CARTESIAN_POINT('',(-0.2125,0.102,-0.0625));
#8480=CARTESIAN_POINT('',(0.2125,0.102,-0.0625));
#8481=CARTESIAN_POINT('',(-0.2125,0.0449999999999999,-0.0625));
#8482=CARTESIAN_POINT('',(-0.2125,0.292,-0.0625));
#8483=CARTESIAN_POINT('',(0.2125,0.292,-0.0625));
#8484=CARTESIAN_POINT('',(-0.1875,0.292,-0.0625));
#8485=CARTESIAN_POINT('',(-0.1875,0.0449999999999999,-0.0625));
#8486=CARTESIAN_POINT('',(-0.1875,0.105,-0.0625));
#8487=CARTESIAN_POINT('',(0.2125,0.105,-0.0625));
#8488=CARTESIAN_POINT('',(-0.1125,0.105,-0.0625));
#8489=CARTESIAN_POINT('',(-0.1125,0.0449999999999999,-0.0625));
#8490=CARTESIAN_POINT('',(-0.1125,0.292,-0.0625));
#8491=CARTESIAN_POINT('',(0.2125,0.292,-0.0625));
#8492=CARTESIAN_POINT('',(-0.0875,0.292,-0.0625));
#8493=CARTESIAN_POINT('',(-0.0875,0.0449999999999999,-0.0625));
#8494=CARTESIAN_POINT('',(-0.0875,0.105,-0.0625));
#8495=CARTESIAN_POINT('',(0.2125,0.105,-0.0625));
#8496=CARTESIAN_POINT('',(-0.0125,0.105,-0.0625));
#8497=CARTESIAN_POINT('',(-0.0125,0.0449999999999999,-0.0625));
#8498=CARTESIAN_POINT('',(-0.0125,0.292,-0.0625));
#8499=CARTESIAN_POINT('',(0.2125,0.292,-0.0625));
#8500=CARTESIAN_POINT('',(0.0125,0.292,-0.0625));
#8501=CARTESIAN_POINT('',(0.0125,0.0449999999999999,-0.0625));
#8502=CARTESIAN_POINT('',(0.0125,0.105,-0.0625));
#8503=CARTESIAN_POINT('',(0.2125,0.105,-0.0625));
#8504=CARTESIAN_POINT('',(0.0875,0.105,-0.0625));
#8505=CARTESIAN_POINT('',(0.0875,0.0449999999999999,-0.0625));
#8506=CARTESIAN_POINT('',(0.0875,0.292,-0.0625));
#8507=CARTESIAN_POINT('',(0.2125,0.292,-0.0625));
#8508=CARTESIAN_POINT('',(0.1125,0.292,-0.0625));
#8509=CARTESIAN_POINT('',(0.1125,0.0449999999999999,-0.0625));
#8510=CARTESIAN_POINT('',(0.1125,0.105,-0.0625));
#8511=CARTESIAN_POINT('',(0.2125,0.105,-0.0625));
#8512=CARTESIAN_POINT('',(0.1875,0.105,-0.0625));
#8513=CARTESIAN_POINT('',(0.1875,0.0449999999999999,-0.0625));
#8514=CARTESIAN_POINT('',(0.1875,0.292,-0.0625));
#8515=CARTESIAN_POINT('',(0.2125,0.292,-0.0625));
#8516=CARTESIAN_POINT('',(0.2125,0.292,-0.0625));
#8517=CARTESIAN_POINT('',(0.2125,0.0449999999999999,-0.0625));
#8518=CARTESIAN_POINT('',(0.2125,0.292,0.0625));
#8519=CARTESIAN_POINT('',(0.2125,0.102,0.0625));
#8520=CARTESIAN_POINT('',(0.2125,0.102,0.0625));
#8521=CARTESIAN_POINT('',(-0.2125,0.102,0.0625));
#8522=CARTESIAN_POINT('',(0.2125,0.292,0.0625));
#8523=CARTESIAN_POINT('',(0.2125,0.292,0.0625));
#8524=CARTESIAN_POINT('',(0.2125,0.292,0.0625));
#8525=CARTESIAN_POINT('',(0.1875,0.292,0.0625));
#8526=CARTESIAN_POINT('',(0.1875,0.292,0.0625));
#8527=CARTESIAN_POINT('',(0.1875,0.105,0.0625));
#8528=CARTESIAN_POINT('',(0.2125,0.105,0.0625));
#8529=CARTESIAN_POINT('',(0.1125,0.105,0.0625));
#8530=CARTESIAN_POINT('',(0.1125,0.292,0.0625));
#8531=CARTESIAN_POINT('',(0.1125,0.292,0.0625));
#8532=CARTESIAN_POINT('',(0.2125,0.292,0.0625));
#8533=CARTESIAN_POINT('',(0.0875,0.292,0.0625));
#8534=CARTESIAN_POINT('',(0.0875,0.292,0.0625));
#8535=CARTESIAN_POINT('',(0.0875,0.105,0.0625));
#8536=CARTESIAN_POINT('',(0.2125,0.105,0.0625));
#8537=CARTESIAN_POINT('',(0.0125,0.105,0.0625));
#8538=CARTESIAN_POINT('',(0.0125,0.292,0.0625));
#8539=CARTESIAN_POINT('',(0.0125,0.292,0.0625));
#8540=CARTESIAN_POINT('',(0.2125,0.292,0.0625));
#8541=CARTESIAN_POINT('',(-0.0125,0.292,0.0625));
#8542=CARTESIAN_POINT('',(-0.0125,0.292,0.0625));
#8543=CARTESIAN_POINT('',(-0.0125,0.105,0.0625));
#8544=CARTESIAN_POINT('',(0.2125,0.105,0.0625));
#8545=CARTESIAN_POINT('',(-0.0875,0.105,0.0625));
#8546=CARTESIAN_POINT('',(-0.0875,0.292,0.0625));
#8547=CARTESIAN_POINT('',(-0.0875,0.292,0.0625));
#8548=CARTESIAN_POINT('',(0.2125,0.292,0.0625));
#8549=CARTESIAN_POINT('',(-0.1125,0.292,0.0625));
#8550=CARTESIAN_POINT('',(-0.1125,0.292,0.0625));
#8551=CARTESIAN_POINT('',(-0.1125,0.105,0.0625));
#8552=CARTESIAN_POINT('',(0.2125,0.105,0.0625));
#8553=CARTESIAN_POINT('',(-0.1875,0.105,0.0625));
#8554=CARTESIAN_POINT('',(-0.1875,0.292,0.0625));
#8555=CARTESIAN_POINT('',(-0.1875,0.292,0.0625));
#8556=CARTESIAN_POINT('',(0.2125,0.292,0.0625));
#8557=CARTESIAN_POINT('',(-0.2125,0.292,0.0625));
#8558=CARTESIAN_POINT('',(-0.2125,0.292,0.0625));
#8559=CARTESIAN_POINT('',(0.2125,0.045,0.0825));
#8560=CARTESIAN_POINT('',(0.2125,0.102,0.0825));
#8561=CARTESIAN_POINT('',(0.2125,0.292,-0.0625));
#8562=CARTESIAN_POINT('',(0.2125,0.292,-0.0375));
#8563=CARTESIAN_POINT('',(0.2125,0.292,-0.0375));
#8564=CARTESIAN_POINT('',(0.2125,0.105,-0.0375));
#8565=CARTESIAN_POINT('',(0.2125,0.105,-0.0375));
#8566=CARTESIAN_POINT('',(0.2125,0.105,0.0375));
#8567=CARTESIAN_POINT('',(0.2125,0.105,0.0375));
#8568=CARTESIAN_POINT('',(0.2125,0.292,0.0375));
#8569=CARTESIAN_POINT('',(0.2125,0.292,0.0375));
#8570=CARTESIAN_POINT('',(-0.2125,0.045,0.0825));
#8571=CARTESIAN_POINT('',(-0.2125,0.102,0.0825));
#8572=CARTESIAN_POINT('',(-0.2125,0.292,0.0375));
#8573=CARTESIAN_POINT('',(-0.2125,0.292,0.0375));
#8574=CARTESIAN_POINT('',(-0.2125,0.105,0.0375));
#8575=CARTESIAN_POINT('',(-0.2125,0.105,0.0375));
#8576=CARTESIAN_POINT('',(-0.2125,0.105,-0.0375));
#8577=CARTESIAN_POINT('',(-0.2125,0.105,-0.0375));
#8578=CARTESIAN_POINT('',(-0.2125,0.292,-0.0375));
#8579=CARTESIAN_POINT('',(-0.2125,0.292,-0.0375));
#8580=CARTESIAN_POINT('',(-0.2125,0.292,-0.0625));
#8581=CARTESIAN_POINT('',(0.2125,0.292,-0.0625));
#8582=CARTESIAN_POINT('',(-0.1875,0.292,-0.0625));
#8583=CARTESIAN_POINT('',(-0.1875,0.292,-0.0375));
#8584=CARTESIAN_POINT('',(0.2125,0.292,-0.0375));
#8585=CARTESIAN_POINT('',(0.2125,0.292,-0.0625));
#8586=CARTESIAN_POINT('',(-0.1125,0.292,-0.0625));
#8587=CARTESIAN_POINT('',(-0.1125,0.292,-0.0375));
#8588=CARTESIAN_POINT('',(0.2125,0.292,-0.0375));
#8589=CARTESIAN_POINT('',(-0.0875,0.292,-0.0375));
#8590=CARTESIAN_POINT('',(-0.0875,0.292,-0.0625));
#8591=CARTESIAN_POINT('',(0.2125,0.292,-0.0625));
#8592=CARTESIAN_POINT('',(-0.0125,0.292,-0.0625));
#8593=CARTESIAN_POINT('',(-0.0125,0.292,-0.0375));
#8594=CARTESIAN_POINT('',(0.2125,0.292,-0.0375));
#8595=CARTESIAN_POINT('',(0.0125,0.292,-0.0375));
#8596=CARTESIAN_POINT('',(0.0125,0.292,-0.0625));
#8597=CARTESIAN_POINT('',(0.2125,0.292,-0.0625));
#8598=CARTESIAN_POINT('',(0.0875,0.292,-0.0625));
#8599=CARTESIAN_POINT('',(0.0875,0.292,-0.0375));
#8600=CARTESIAN_POINT('',(0.2125,0.292,-0.0375));
#8601=CARTESIAN_POINT('',(0.1125,0.292,-0.0375));
#8602=CARTESIAN_POINT('',(0.1125,0.292,-0.0625));
#8603=CARTESIAN_POINT('',(0.2125,0.292,-0.0625));
#8604=CARTESIAN_POINT('',(0.1875,0.292,-0.0625));
#8605=CARTESIAN_POINT('',(0.1875,0.292,-0.0375));
#8606=CARTESIAN_POINT('',(0.2125,0.292,-0.0375));
#8607=CARTESIAN_POINT('',(0.2125,0.292,-0.0375));
#8608=CARTESIAN_POINT('',(-0.1875,0.292,-0.0375));
#8609=CARTESIAN_POINT('',(-0.1875,0.105,-0.0375));
#8610=CARTESIAN_POINT('',(0.2125,0.105,-0.0375));
#8611=CARTESIAN_POINT('',(0.2125,0.292,-0.0375));
#8612=CARTESIAN_POINT('',(-0.1125,0.292,-0.0375));
#8613=CARTESIAN_POINT('',(-0.1125,0.105,-0.0375));
#8614=CARTESIAN_POINT('',(0.2125,0.105,-0.0375));
#8615=CARTESIAN_POINT('',(-0.0875,0.105,-0.0375));
#8616=CARTESIAN_POINT('',(-0.0875,0.292,-0.0375));
#8617=CARTESIAN_POINT('',(0.2125,0.292,-0.0375));
#8618=CARTESIAN_POINT('',(-0.0125,0.292,-0.0375));
#8619=CARTESIAN_POINT('',(-0.0125,0.105,-0.0375));
#8620=CARTESIAN_POINT('',(0.2125,0.105,-0.0375));
#8621=CARTESIAN_POINT('',(0.0125,0.105,-0.0375));
#8622=CARTESIAN_POINT('',(0.0125,0.292,-0.0375));
#8623=CARTESIAN_POINT('',(0.2125,0.292,-0.0375));
#8624=CARTESIAN_POINT('',(0.0875,0.292,-0.0375));
#8625=CARTESIAN_POINT('',(0.0875,0.105,-0.0375));
#8626=CARTESIAN_POINT('',(0.2125,0.105,-0.0375));
#8627=CARTESIAN_POINT('',(0.1125,0.105,-0.0375));
#8628=CARTESIAN_POINT('',(0.1125,0.292,-0.0375));
#8629=CARTESIAN_POINT('',(0.2125,0.292,-0.0375));
#8630=CARTESIAN_POINT('',(0.1875,0.292,-0.0375));
#8631=CARTESIAN_POINT('',(0.1875,0.105,-0.0375));
#8632=CARTESIAN_POINT('',(0.2125,0.105,-0.0375));
#8633=CARTESIAN_POINT('',(0.2125,0.105,0.0375));
#8634=CARTESIAN_POINT('',(-0.1875,0.105,0.0375));
#8635=CARTESIAN_POINT('',(-0.1875,0.105,0.0375));
#8636=CARTESIAN_POINT('',(-0.1875,0.292,0.0375));
#8637=CARTESIAN_POINT('',(0.2125,0.105,0.0375));
#8638=CARTESIAN_POINT('',(0.2125,0.292,0.0375));
#8639=CARTESIAN_POINT('',(0.2125,0.105,0.0375));
#8640=CARTESIAN_POINT('',(-0.1125,0.105,0.0375));
#8641=CARTESIAN_POINT('',(-0.1125,0.292,0.0375));
#8642=CARTESIAN_POINT('',(-0.1125,0.105,0.0375));
#8643=CARTESIAN_POINT('',(0.2125,0.292,0.0375));
#8644=CARTESIAN_POINT('',(-0.0875,0.292,0.0375));
#8645=CARTESIAN_POINT('',(-0.0875,0.105,0.0375));
#8646=CARTESIAN_POINT('',(-0.0875,0.105,0.0375));
#8647=CARTESIAN_POINT('',(0.2125,0.105,0.0375));
#8648=CARTESIAN_POINT('',(0.2125,0.105,0.0375));
#8649=CARTESIAN_POINT('',(-0.0125,0.105,0.0375));
#8650=CARTESIAN_POINT('',(-0.0125,0.292,0.0375));
#8651=CARTESIAN_POINT('',(-0.0125,0.105,0.0375));
#8652=CARTESIAN_POINT('',(0.2125,0.292,0.0375));
#8653=CARTESIAN_POINT('',(0.0125,0.292,0.0375));
#8654=CARTESIAN_POINT('',(0.0125,0.105,0.0375));
#8655=CARTESIAN_POINT('',(0.0125,0.105,0.0375));
#8656=CARTESIAN_POINT('',(0.2125,0.105,0.0375));
#8657=CARTESIAN_POINT('',(0.2125,0.105,0.0375));
#8658=CARTESIAN_POINT('',(0.0875,0.105,0.0375));
#8659=CARTESIAN_POINT('',(0.0875,0.292,0.0375));
#8660=CARTESIAN_POINT('',(0.0875,0.105,0.0375));
#8661=CARTESIAN_POINT('',(0.2125,0.292,0.0375));
#8662=CARTESIAN_POINT('',(0.1125,0.292,0.0375));
#8663=CARTESIAN_POINT('',(0.1125,0.105,0.0375));
#8664=CARTESIAN_POINT('',(0.1125,0.105,0.0375));
#8665=CARTESIAN_POINT('',(0.2125,0.105,0.0375));
#8666=CARTESIAN_POINT('',(0.2125,0.105,0.0375));
#8667=CARTESIAN_POINT('',(0.1875,0.105,0.0375));
#8668=CARTESIAN_POINT('',(0.1875,0.292,0.0375));
#8669=CARTESIAN_POINT('',(0.1875,0.105,0.0375));
#8670=CARTESIAN_POINT('',(0.2125,0.292,0.0375));
#8671=CARTESIAN_POINT('',(0.2125,0.105,0.0375));
#8672=CARTESIAN_POINT('',(0.2125,0.292,0.0375));
#8673=CARTESIAN_POINT('',(-0.1875,0.292,0.0375));
#8674=CARTESIAN_POINT('',(0.2125,0.292,0.0375));
#8675=CARTESIAN_POINT('',(-0.1125,0.292,0.0375));
#8676=CARTESIAN_POINT('',(-0.0875,0.292,0.0375));
#8677=CARTESIAN_POINT('',(0.2125,0.292,0.0375));
#8678=CARTESIAN_POINT('',(-0.0125,0.292,0.0375));
#8679=CARTESIAN_POINT('',(0.0125,0.292,0.0375));
#8680=CARTESIAN_POINT('',(0.2125,0.292,0.0375));
#8681=CARTESIAN_POINT('',(0.0875,0.292,0.0375));
#8682=CARTESIAN_POINT('',(0.1125,0.292,0.0375));
#8683=CARTESIAN_POINT('',(0.2125,0.292,0.0375));
#8684=CARTESIAN_POINT('',(0.1875,0.292,0.0375));
#8685=CARTESIAN_POINT('',(0.2125,0.105,-0.0375));
#8686=CARTESIAN_POINT('',(0.1875,0.105,0.2));
#8687=CARTESIAN_POINT('',(0.1125,0.105,0.2));
#8688=CARTESIAN_POINT('',(0.0875,0.105,0.2));
#8689=CARTESIAN_POINT('',(0.0125,0.105,0.2));
#8690=CARTESIAN_POINT('',(-0.0125,0.105,0.2));
#8691=CARTESIAN_POINT('',(-0.0875,0.105,0.2));
#8692=CARTESIAN_POINT('',(-0.1125,0.105,0.2));
#8693=CARTESIAN_POINT('',(-0.1875,0.105,0.2));
#8694=CARTESIAN_POINT('',(-0.1875,0.105,0.2));
#8695=CARTESIAN_POINT('',(-0.1125,0.105,0.2));
#8696=CARTESIAN_POINT('',(-0.0875,0.105,0.2));
#8697=CARTESIAN_POINT('',(-0.0125,0.105,0.2));
#8698=CARTESIAN_POINT('',(0.0125,0.105,0.2));
#8699=CARTESIAN_POINT('',(0.0875,0.105,0.2));
#8700=CARTESIAN_POINT('',(0.1125,0.105,0.2));
#8701=CARTESIAN_POINT('',(0.1875,0.105,0.2));
#8702=CARTESIAN_POINT('',(0.1875,0.105,0.2));
#8703=CARTESIAN_POINT('',(0.1125,0.64,0.2));
#8704=CARTESIAN_POINT('',(0.0875,0.105,0.2));
#8705=CARTESIAN_POINT('',(0.0125,0.64,0.2));
#8706=CARTESIAN_POINT('',(-0.0125,0.105,0.2));
#8707=CARTESIAN_POINT('',(-0.0875,0.64,0.2));
#8708=CARTESIAN_POINT('',(-0.1125,0.105,0.2));
#8709=CARTESIAN_POINT('',(-0.1875,1.105,0.2));
#8710=CARTESIAN_POINT('',(0.1875,0.105,0.2));
#8711=CARTESIAN_POINT('',(0.1125,0.64,0.2));
#8712=CARTESIAN_POINT('',(0.0875,0.105,0.2));
#8713=CARTESIAN_POINT('',(0.0125,0.64,0.2));
#8714=CARTESIAN_POINT('',(-0.0125,0.105,0.2));
#8715=CARTESIAN_POINT('',(-0.0875,0.64,0.2));
#8716=CARTESIAN_POINT('',(-0.1875,1.105,0.2));
#8717=CARTESIAN_POINT('',(-0.1125,0.105,0.2));
#8718=CARTESIAN_POINT('',(0.85,0.102,-10.));
#8719=CARTESIAN_POINT('',(0.,-0.05,-1.2491397351303E-17));
#8720=MECHANICAL_DESIGN_GEOMETRIC_PRESENTATION_REPRESENTATION('',(#5438,
#5439,#5440),#8721);
#8721=(
GEOMETRIC_REPRESENTATION_CONTEXT(3)
GLOBAL_UNCERTAINTY_ASSIGNED_CONTEXT((#8725))
GLOBAL_UNIT_ASSIGNED_CONTEXT((#8731,#8730,#8729))
REPRESENTATION_CONTEXT('IPT1-105-01-L-D-VS','TOP_LEVEL_ASSEMBLY_PART')
);
#8722=(
GEOMETRIC_REPRESENTATION_CONTEXT(3)
GLOBAL_UNCERTAINTY_ASSIGNED_CONTEXT((#8726))
GLOBAL_UNIT_ASSIGNED_CONTEXT((#8731,#8730,#8729))
REPRESENTATION_CONTEXT('IPT1-105-01-L-D-VS_terminal','COMPONENT_PART')
);
#8723=(
GEOMETRIC_REPRESENTATION_CONTEXT(3)
GLOBAL_UNCERTAINTY_ASSIGNED_CONTEXT((#8727))
GLOBAL_UNIT_ASSIGNED_CONTEXT((#8731,#8730,#8729))
REPRESENTATION_CONTEXT('IPT1-105-01-LD-VS_pin','COMPONENT_PART')
);
#8724=(
GEOMETRIC_REPRESENTATION_CONTEXT(3)
GLOBAL_UNCERTAINTY_ASSIGNED_CONTEXT((#8728))
GLOBAL_UNIT_ASSIGNED_CONTEXT((#8731,#8730,#8729))
REPRESENTATION_CONTEXT('IPT1-105-01-LD-VS2PIN','COMPONENT_PART')
);
#8725=UNCERTAINTY_MEASURE_WITH_UNIT(LENGTH_MEASURE(3.93700787401575E-7),
#8731,'DISTANCE_ACCURACY_VALUE','Maximum Tolerance applied to model');
#8726=UNCERTAINTY_MEASURE_WITH_UNIT(LENGTH_MEASURE(3.93700787401575E-7),
#8731,'DISTANCE_ACCURACY_VALUE','Maximum Tolerance applied to model');
#8727=UNCERTAINTY_MEASURE_WITH_UNIT(LENGTH_MEASURE(3.93700787401575E-7),
#8731,'DISTANCE_ACCURACY_VALUE','Maximum Tolerance applied to model');
#8728=UNCERTAINTY_MEASURE_WITH_UNIT(LENGTH_MEASURE(3.93700787401575E-7),
#8731,'DISTANCE_ACCURACY_VALUE','Maximum Tolerance applied to model');
#8729=(
NAMED_UNIT(*)
SI_UNIT($,.STERADIAN.)
SOLID_ANGLE_UNIT()
);
#8730=(
NAMED_UNIT(*)
PLANE_ANGLE_UNIT()
SI_UNIT($,.RADIAN.)
);
#8731=(
CONVERSION_BASED_UNIT('INCH',#8733)
LENGTH_UNIT()
NAMED_UNIT(#8732)
);
#8732=DIMENSIONAL_EXPONENTS(1.,0.,0.,0.,0.,0.,0.);
#8733=LENGTH_MEASURE_WITH_UNIT(LENGTH_MEASURE(25.4),#8734);
#8734=(
LENGTH_UNIT()
NAMED_UNIT(*)
SI_UNIT(.MILLI.,.METRE.)
);
#8735=PRODUCT_DEFINITION_SHAPE('','',#8742);
#8736=PRODUCT_DEFINITION_SHAPE('','',#8743);
#8737=PRODUCT_DEFINITION_SHAPE(' ','NAUO PRDDFN',#42);
#8738=PRODUCT_DEFINITION_SHAPE('','',#8744);
#8739=PRODUCT_DEFINITION_SHAPE(' ','NAUO PRDDFN',#43);
#8740=PRODUCT_DEFINITION_SHAPE('','',#8745);
#8741=PRODUCT_DEFINITION_SHAPE(' ','NAUO PRDDFN',#44);
#8742=PRODUCT_DEFINITION('','',#8750,#8746);
#8743=PRODUCT_DEFINITION('','',#8751,#8747);
#8744=PRODUCT_DEFINITION('','',#8752,#8748);
#8745=PRODUCT_DEFINITION('','',#8753,#8749);
#8746=PRODUCT_DEFINITION_CONTEXT('',#8771,'design');
#8747=PRODUCT_DEFINITION_CONTEXT('',#8771,'design');
#8748=PRODUCT_DEFINITION_CONTEXT('',#8771,'design');
#8749=PRODUCT_DEFINITION_CONTEXT('',#8771,'design');
#8750=PRODUCT_DEFINITION_FORMATION_WITH_SPECIFIED_SOURCE('','',#8758,
 .NOT_KNOWN.);
#8751=PRODUCT_DEFINITION_FORMATION_WITH_SPECIFIED_SOURCE('','',#8759,
 .NOT_KNOWN.);
#8752=PRODUCT_DEFINITION_FORMATION_WITH_SPECIFIED_SOURCE('','',#8760,
 .NOT_KNOWN.);
#8753=PRODUCT_DEFINITION_FORMATION_WITH_SPECIFIED_SOURCE('','',#8761,
 .NOT_KNOWN.);
#8754=PRODUCT_RELATED_PRODUCT_CATEGORY('','',(#8758));
#8755=PRODUCT_RELATED_PRODUCT_CATEGORY('','',(#8759));
#8756=PRODUCT_RELATED_PRODUCT_CATEGORY('','',(#8760));
#8757=PRODUCT_RELATED_PRODUCT_CATEGORY('','',(#8761));
#8758=PRODUCT('IPT1-105-01-L-D-VS','IPT1-105-01-L-D-VS',
'IPT1-105-01-L-D-VS',(#8766));
#8759=PRODUCT('IPT1-105-01-L-D-VS_terminal',
'IPT1-105-01-L-D-VS_terminal','IPT1-105-01-L-D-VS_terminal',(#8767));
#8760=PRODUCT('IPT1-105-01-LD-VS_pin','IPT1-105-01-LD-VS_pin',
'IPT1-105-01-LD-VS_pin',(#8768));
#8761=PRODUCT('IPT1-105-01-LD-VS2PIN','IPT1-105-01-LD-VS2PIN',
'IPT1-105-01-LD-VS2PIN',(#8769));
#8762=PRODUCT_CATEGORY('','');
#8763=PRODUCT_CATEGORY('','');
#8764=PRODUCT_CATEGORY('','');
#8765=PRODUCT_CATEGORY('','');
#8766=PRODUCT_CONTEXT('',#8771,'mechanical');
#8767=PRODUCT_CONTEXT('',#8771,'mechanical');
#8768=PRODUCT_CONTEXT('',#8771,'mechanical');
#8769=PRODUCT_CONTEXT('',#8771,'mechanical');
#8770=APPLICATION_PROTOCOL_DEFINITION('international standard',
'automotive_design',2010,#8771);
#8771=APPLICATION_CONTEXT(
'core data for automotive mechanical design processes');
ENDSEC;
END-ISO-10303-21;
